10 21 1,42,798,9086,69237,373527,1471939,4308996,9436917,15444352,18715452,16479393,10208037,4212999,1051749,130144,4410
10 22 1,44,880,10604,86042,497772,2121042,6782996,16443174,30330080,42527386,45123982,35987688,21424832,9489326,3143580,791670,153604,22374,2200,110
10 23 1,46,966,12282,105731,653016,2991794,10370907,27503883,56073218,87858942,105281902,95553776,64692491,31950197,11143362,2613559,379799,28842,667
10 24 1,48,1056,14128,128616,844752,4141968,15477696,44618388,99841208,173679516,234299256,243656286,193539576,116037228,51827400,17048484,4107648,725104,92448,7848,336
10 25 1,50,1150,16150,155025,1079055,5638875,22601500,70390800,171554850,328006780,491290025,573535100,517293825,355924400,183685275,69599800,18869425,3550625,446000,35000,1400
10 26 1,52,1248,18356,185302,1362660,7562100,32376760,108434651,286408876,598921154,991923842,1297568831,1333131282,1066539383,656699732,306530887,106400762,26788320,4723914,551239,38012,1144
10 27 1,54,1350,20754,219807,1702944,10002978,45567954,163336203,464806950,1055139372,1913541327,2768698341,3183843159,2892165237,2059043544,1138882356,485670870,159193167,40324986,7989138,1239048,144531,11340,450
10 28 1,56,1456,23352,258916,2108008,13067656,63121444,241181962,735964320,1803486804,3557232168,5644701104,7183681316,7289809706,5847188480,3661832489,1760525760,634865532,166152560,30038085,3457592,216076,4732
10 29 1,58,1566,26158,303021,2586684,16877623,86179938,349774046,1139957201,3002391286,6412185041,11116672979,15632471228,17790121369,16330661888,12047833573,7120692161,3366872653,1275790243,389719806,96883258,19778145,3317658,448572,46313,3248,116
10 30 1,60,1680,29170,352020,3136542,21396905,114372300,486278460,1660195580,4575820233,10202294190,18385508650,26684483160,30997809180,28558604714,20613653400,11473843350,4827393450,1497279210,331724916,50349300,4915800,273360,6240
10 31 1,62,1798,32426,407867,3804072,27305265,154541510,701050957,2577413749,7736579418,19046748037,38549043709,64174380827,87794124523,98498561605,90370291266,67593426627,41105481742,20296932715,8146518210,2669606695,719812436,161156073,30132961,4682457,589775,56823,3720,124
10 32 1,64,1920,35904,469472,4564416,34256576,203396832,971465328,3775406464,12030999648,31590348736,68522812832,122856194816,181846497648,221540874368,221073753514,179456600928,117402654672,61141912224,24936817408,7790812928,1807564320,297392672,32189012,1991904,49904
10 33 1,66,2046,39622,537801,5441700,42623658,264936474,1329161064,5445973720,18371891142,51301066086,118945999403,229288863540,367359570930,488338518008,536983012533,486426918582,361198482656,218718689046,107525392821,42833271998,13866625680,3683175144,813883048,150936654,23282886,2889678,271260,17160,550
10 34 1,68,2176,43588,613326,6448916,52628260,341791800,1797209791,7744200366,27577774170,81625455800,201520410940,415725733538,716775447897,1031647508554,1236405606129,1229203401822,1008594375725,678694427642,371667339713,164137136322,57837369842,16058643666,3460018823,567230398,68812974,5905664,327420,9044
10 35 1,70,2310,47810,696535,7599984,64517250,437015885,2403606135,10867638775,40748025675,127468460980,333989450585,734602371195,1357281023425,2105299444514,2736380074435,2971252954250,2684104269630,2006781058205,1234258276097,620374376090,253189992580,83476565760,22186434970,4764355169,831183920,117965820,13387535,1151395,66780,1960
10 36 1,72,2448,52296,787932,8909784,78564408,554130432,3182029650,15064917416,59334778044,195653857032,542453041242,1267817165460,2500782694596,4162699306368,5839929897498,6889045687416,6810404079654,5618017373580,3847421125368,2175037674792,1009177181028,382373987688,117961964826,29650776120,6103882260,1036036524,144817938,16282224,1387764,79776,2322
10 37 1,74,2590,57054,888037,10394188,95072314,697177754,4172732757,20646294261,85235699091,295550468389,864692196764,2140843406089,4492335680894,7992176768721,12045494022685,15351855625633,16498677421978,14894877053123,11242060423226,7052975004294,3653335563481,1550436252352,534450546616,148201101438,32697664790,5664655822,757131999,76008952,5472522,257816,6216
10 38 1,76,2736,62092,997386,12070092,114374300,870776536,5423532463,27995971952,120907520661,439878687606,1354694004531,3543117802764,7884785015456,14940805377972,24099654376176,33049778776492,38454655059198,37855637291188,31421962744891,21909157003994,12785260509815,6226263323198,2527736160510,857415723498,244628842389,59340192950,12375490001,2229710572,344442203,44613596,4661612,368904,19684,532
10 39 1,78,2886,67418,1116531,13955448,136836466,1080181323,6990903699,37586137433,169499967429,645695637561,2088376919876,5754759146649,13539990245223,27227890168908,46793745960936,68656295176638,85823286825978,91125084236862,81844519443258,61853078732770,39073365098898,20465243572683,8799737148098,3069253977660,855901474122,187530407883,31610166042,3994439553,365977326,23154456,924846,18304
10 40 1,80,3040,73040,1246050,16069976,162881580,1331785840,8947444875,50059966520,235574602936,939369704200,3191590835170,9276386188200,23129071737680,49557242732592,91328140628645,144774695747400,197292853479160,230849061033320,231508238585938,198536814712680,145214131878500,90333899457600,47665424334040,21289573640720,8042754955180,2573466277320,700445852700,163341506240,32910039052,5763058120,876460180,114543720,12578100,1117280,75380,3440,80
10 41 1,82,3198,78966,1386497,18431796,192882122,1630992177,11351980206,65917176041,322528558241,1339710284231,4750220194535,14434229754701,37688995945673,84696872419813,163916345945856,273125052091990,391377598568927,481356910328312,506684058263361,454741653338115,346312216544023,222470044821339,119684539545219,53453440442374,19611959120555,5836885363404,1387730292874,258643065327,36887638623,3893698496,288754636,13664480,328410,1312
10 42 1,84,3360,85204,1538502,21064260,227380692,1986679224,14313476877,86200658712,438352103091,1896636881706,7022002042265,22338902878950,61243150252542,144965803638726,296558812942833,524408103307788,801127803480578,1056040970155710,1198997953561338,1169768917661054,977987610493005,698597777186862,425128154211481,219878029833504,96542437837335,36022228412702,11469253539423,3140159682072,746861350830,155767532256,28601258994,4600205330,638297604,74441724,7012236,500640,24108,588
10 43 1,86,3526,91762,1702671,23989184,266874082,2406882258,17930198824,111854745665,590363221879,2656711946981,10253367838894,34085558190454,97906287477221,243498333150863,524988614508917,981639344241816,1591356831139327,2234433045799864,2712935431892388,2841819909435837,2560817861011780,1978124424990103,1304413174907418,730769317041849,345925724349901,137518232291770,45595599133435,12510876393486,2815441754778,514075142367,75141652814,8637178015,761003379,49250566,2139680,47988
10 44 1,88,3696,98648,1879636,27230280,311924712,2901072064,22322696198,144085257624,788290769332,3684426554256,14800288486566,51326587132876,154176679863668,402063117895384,911566535680262,1797995134860936,3085188407040564,4602327587720676,5961090215501630,6691617141776644,6494872550704182,5435223535717800,3909135021679140,2408104873205020,1266315159555820,566817116500448,215610518171818,69736289129056,19249859472976,4568029245560,940528965750,169170687060,26546395304,3586683980,406722118,37203980,2576376,120208,2838
10 45 1,90,3870,105870,2070045,30812508,363141210,3479800410,27629461665,184322975405,1044078383691,5061845289375,21133192937850,76334497198290,239374879054560,653297533811268,1554258159245700,3226241165894145,5844171142627970,9234736431311340,12716672832827010,15237133180138575,15853284857303910,14285997158376555,11116438511974035,7443852033157650,4273521749427105,2095282370268945,874012430665575,309137598752985,92487171169353,23381329337055,4998827305890,905951209245,139480876125,18202678191,1986936015,175561965,11790450,534420,12258
10 46 1,92,4048,113436,2274562,34762108,421180876,4154790104,34009009869,234257703144,1372305889764,6892699008018,29868995833020,112207582847938,366742046384121,1045633372131902,2605320756635539,5679024745107868,10834351230239596,18087413837238428,26404735292693742,33665023382659762,37420626290628028,36183888987165512,30355356905574958,22026293449492030,13777189583962517,7401616252308164,3402951491366967,1334322909302654,444945644425162,125951097410598,30253944942765,6174176351242,1072896824023,158934957788,19990406852,2102721870,178861639,11558512,504252,11132
10 47 1,94,4230,121354,2493867,39106632,486752210,4939029874,41642129438,295876231496,1790673236179,9307234777702,41810321215761,163130681636310,554884153476973,1650027408072635,4297894004754691,9818421048534498,19684336689935979,34635056431205214,53458823524728642,72311540918305592,85595924972247380,88498771947390651,79738304958357350,62445381327903562,42382682565941584,24856860604419593,12562253551534507,5458901388117021,2037675881119831,654025088515152,181180660169225,43611150948477,9198534094061,1712034388448,281531642227,40597198460,5047155818,526719600,44339095,2825311,121260,2632
10 48 1,96,4416,129632,2728656,43874976,560617504,5846874240,50734319928,371504632432,2320556464560,12467971283136,57993670602912,234707194661184,829682639947584,2569233845455520,6984236392492788,16690664139355296,35092614596450920,64930768080973920,105696001578842364,151254435359299616,190048282738269912,209311323219719280,201635306720548190,169459385964064944,123874098284355096,78490350332121680,42943657080557196,20201654710906176,8133681881636088,2789203849467360,810499220649828,198534710058176,40780290537216,6987384700128,993254669280,116361115200,11114711808,846848944,49029048,1932048,38688
10 49 1,98,4606,138278,2979641,49097412,643595498,6894148506,61518423568,463855246792,2987644077684,16576497449631,79748251742026,334379198712552,1226804807994262,3950487452993613,11190332473965505,27927721545187212,61468433198970056,119367110144355269,204509620394600955,308976735520987387,411270879848245606,481684933038782676,495594947020343198,447086286983261884,352888982569114250,243169014340614278,145974450531993230,76201225975928515,34552346586495850,13609249008221314,4664132101987435,1396238343765944,367329959267922,85588882491812,17797050399359,3318926468760,555037854742,82707629641,10841514306,1226032822,116348050,8898155,514402,19992,392
10 50 1,100,4800,147300,3247550,54805610,736563250,8098224500,74256571225,576062305000,3822431678935,21878889977450,108744017956575,471778752340800,1793851101795900,5996582489270550,17664497279449100,45929561296556000,105518158516029700,214297837818685000,384728798064344100,610266108369333000,854458474811862025,1054512341192426400,1144952138968938550,1091160085294445502,910228385468098625,662482829811766050,419154052977154600,229604553648259050,108409013686851975,43909704698517500,15180626011553000,4456490573787650,1104895372247475,230011643367200,39932881736925,5730066509350,670522857350,62626258950,4504975100,234679600,7873000,127200
10 51 1,102,4998,156706,3533127,61032720,840463170,9478308690,89247686487,711821553326,4862198919006,28687868074395,147193474978591,660250675996404,2600007729289560,9017817551421966,27616613461885758,74812976499884427,179501071357986804,381737864085256185,719773416953115099,1203094499903904713,1781758457993308266,2335922024852898735,2707697579764984475,2770883687522106390,2498904226061380563,1982226551505886123,1380238466768357874,841988387522711622,449245886190382828,209416930004342436,85276499675974425,30373323041300881,9492099346984722,2616390884241960,640529046442908,140329432100976,27681603421935,4928778806700,789982647585,113034551811,14239581327,1548260907,141307740,10396095,578238,21624,408
10 52 1,104,5200,166504,3837132,67813304,956297368,11055218304,106821859066,875289476308,6149639655380,37368100387904,197724011736368,915937094387440,3730556039189564,13404175865859584,42598179090300899,119969124555483996,299828157049573880,665545546604698448,1312698625939487098,2300542542183540304,3580942857035748646,4946819087792515648,6057829523838983891,6566232168872962508,6288060933695325738,5308366456512759744,3940415009280179131,2564522216799433540,1458671607234218520,722535988560257040,310486791884250683,115268262422275092,36806905503776538,10060609793315484,2341663353476928,461390655662456,76422026966662,10546793674208,1198132442871,110042903880,7937204912,426832796,15389244,281112
10 53 1,106,5406,176702,4160341,75183468,1085139066,12851853082,127352763437,1071317223242,7736221034595,48374457917664,263732761035474,1260511071568479,5304610629826906,19723336746433894,64967361540758767,189970932801988537,493859383120369368,1142553965727909024,2353680491603981677,4317964531778687192,7052946880939366374,10251019446884400672,13245472382241675767,15196131304766675642,15455977621342273820,13911510936862392064,11058226485212437324,7746054758831154117,4770760282442925324,2578004902698068200,1220123934335264514,505241040132940127,183081991737211594,58169868282171257,16273987586869528,4035213049791982,893781096182111,178088594404581,32028309445087,5186689434718,749932478995,95465858913,10491231280,968425010,72138883,4068545,154548,2968
10 54 1,108,5616,187308,4503546,83180844,1228131324,14893155288,151256968785,1305445029528,9682219067508,62253848618298,349417995911550,1721538424039248,7478309038121640,28743324476494662,98022163459792221,297232650079931970,802687520477107038,1932666168275011296,4151655389526158358,7959050603871004818,13615647333410172483,20776084960714521192,28255708148043992805,34213539138173369424,36833304260936800017,35197447448410572098,29796778659159651303,22298116393048840632,14715286161916624902,8542022407065764406,4350027447114750252,1938240600312496032,753702761355514236,255192602669770158,75089680100637435,19174834812253554,4245947075706480,815065806417066,135631379512476,19551482796636,2434013330418,259462219086,23241317283,1687965732,93277872,3481920,65754
10 55 1,110,5830,198330,4867555,91844632,1386490930,17206282610,178998851130,1584002456960,12058284042508,79664680513225,459977029886110,2334155245881635,10456836168134400,41506185305151226,146389555959219760,459792987207864035,1288263260405100265,3223779226278019090,7210872786074605868,14422733495130238685,25796726681072667105,41249026782242917440,58929439047323990915,75149655085941969489,85443604025133948165,86487534044931829315,77804066570045339370,62084182648956802675,43849418731763779629,27350893012531813285,15031839117974831075,7263454457686655360,3080078784855409975,1144799956515135998,372849950803971135,106529295999719670,26778060202402960,5949145263002370,1174661967681136,207131343394635,32668271115700,4589372642250,567842625295,60716198323,5456338690,395706960,21720380,802560,14982
10 56 1,112,6048,209776,5253192,101215632,1561511504,19820752576,211094885708,1914199980112,14946935134096,101396269578128,601812210354320,3142889772035664,14508044492088516,59415003197001312,216504588754693106,703603740837082512,2042929217160393184,5306562281349741104,12342331807028213564,25717577964827257032,48015948680617091552,80314934142613164960,120299070045444120096,161234087657724215456,193167017378708575804,206599237010052393808,196958296961952845298,167071051452067394240,125850767972801805696,84007858109250057584,49583954287015845865,25821409261349163840,11840686026937835872,4773627086185008984,1690499536905821964,525963529195331024,144000750767527752,34805344164200064,7461525596257061,1426152696927784,243992934265888,37380899519432,5102435939244,613289173560,63687561588,5557877640,391377448,20856528,748048,13552
10 57 1,114,6270,221654,5661297,111336276,1754566666,22768593114,248118222219,2304228890934,18444230578770,128391081150927,782773291824412,4203865926620577,19979410157620407,84345553068975807,317244948839091063,1065663412704077091,3202937499391795121,8625606386268134076,20834114454222372897,45162214766607425191,87884683746030341610,153523476959947109280,240667191312820372606,338355893437136876280,426248045540857929306,480604077060134218246,484335115719903867771,435545200168954723548,348859400464011058533,248379161515342856124,156847115735953287807,87646892371167507426,43239375569311365177,18789342043651722156,7176501355192842507,2404911745198692849,706146078180397407,181552118965509617,40874370459008529,8064908559363018,1396377559073167,212366122211613,28345794961365,3304035021843,332207705121,28147664931,1932146271,100665363,3534456,62700
10 58 1,116,6496,233972,6092726,122250660,1967113268,26084499384,290703555051,2763370070944,22661629338934,161770135999764,1012441455018159,5587455171441054,27319013530005138,118788519003227964,460764081611030622,1598263671536458912,4967384171405889069,13853596679953493274,34707511313182878212,78167011606349026670,158318477613501838445,288392189747322134364,472378617195799597669,695416767776621060926,919453845690586248970,1090737569791015750388,1159557410163839563291,1103139099761089067242,937644309500996395748,710812796105378342568,479712612074513428729,287681494248084625994,153036228787332634649,72111257968257931388,30071108292145186545,11097393938763291000,3628661269714391255,1054265579567194218,273415189039525742,63678621065581200,13405919127023444,2564721347239336,446897708012051,70782205657454,10123760338668,1293531778900,145451813910,14106725026,1147803267,75254420,3729284,124236,2088
10 59 1,118,6726,246738,6548351,134004576,2200694690,29805997010,339552300896,3302112208801,27728061434935,202861947835926,1302460961961312,7381454507184681,37101371312371636,166029600748590906,663577683498699923,2374699193447365750,7624492554482557083,21997742929458265878,57097435888431629863,133437424999318284266,280912481621632620147,532814063238814711509,910432694627982671698,1400965365360322016208,1940182353964795675334,2416092023792527556692,2702434307088692745465,2711314181026055863957,2436125710106545988864,1956725288035905635689,1402145351084902045026,894388342339072680415,506629005237091382098,254204838498911580870,112684430794544246108,44011836293664575115,15106098784911877419,4544729780280027938,1195639352454156075,274448807658993524,54846471101252348,9519717370181969,1430634483347111,185279118833298,20525004648480,1921765421815,149167253388,9295862056,439716793,14139232,233168
10 60 1,120,6960,259960,7029060,146645544,2456944210,33973612860,395438146500,3932281641740,33792261026430,253236016233720,1666933846398765,9694979753881860,50060055478768500,230384256557037344,948027577455235980,3497233675686609240,11589652814252992000,34559899291453400280,92848690829099441097,224944043350232167460,491729581824761624790,970206590085107872860,1727848399230177754970,2776900803981465442356,4025660318168045312580,5260773171858673754780,6191876696401885529160,6556882333159830480060,6239395375593541714818,5327966643030587869200,4076703556724551123740,2790692755838242316060,1706469563976792091110,930767904113812737696,452290301338542053390,195653758429378825920,75336839026687347570,25843227821007953980,7914604019043315252,2171826473338881300,536711509576432520,120173729883926580,24526299078582240,4582895364862064,785230143962100,123105033663360,17557515224720,2257410860100,258453349980,25931556800,2232508020,160235400,9196220,395160,11280,160
10 61 1,122,7198,273646,7535757,160222844,2737588378,38631046362,459212628985,4667173417125,41025131509683,314736950837436,2122824379510405,12662481321973621,67121581286849944,317443492866256636,1343827369331696039,5105585654175224509,17446319252558580337,53710352080548062972,149169363794431786765,374102029344233966180,847763252828914441843,1736575163179521354274,3215815787036741217060,5382721046774102496635,8140590172536280328111,11116881473231558281810,13696687087235682662545,15208664941069540490150,15200381468387214661638,13654008571921938709145,11004620449818867668403,7942962925773613960508,5123751827193751581643,2947322284390712351980,1508269571563126550862,684978833322522596638,275380687608490651836,97758979203566959143,30568317164029384169,8398972922584567870,2022885240780569764,425978206433180545,78186302928935760,12455624843304737,1711434966621603,200873702126348,19843374271831,1612726505779,104068349964,5027738828,163043240,2731824,3904
10 62 1,124,7440,287804,8069362,174787548,3044450604,43825362904,531811813397,5521717319368,49622913902402,389532773787876,2690563613450857,16450079503956170,89461822889139718,434505651487859178,1890928382341832571,7393543100589962080,26030623103474224353,82668116493773994604,237145018989906574366,615128142673050078562,1443818456574654902811,3067982406796498368822,5902983124785959482675,10283674176246483932596,16216734756669470879637,23136770464826436865714,29844367835751050276269,34773890148060730304620,36560017812565205282069,34640123497461786458458,29536969004473100991642,22631245570219248572764,15556712291888506881921,9578578923357721813928,5274752789983021589192,2594532263067126181064,1138894965481947689149,446031348912920433874,155954785505363346452,48777387893034812154,13693217297861184433,3467299629590054060,796661871456829066,167102000137202232,32147090649144915,5682817025906302,921479865815273,136321849802404,18240849151839,2181859569622,229756011099,20873121748,1591233937,97761228,4540012,141732,2232
10 63 1,126,7686,302442,8630811,190392552,3379454610,49607173746,614262328470,6512624388536,59809929678324,480156128081847,3394559958667353,21260884728998691,118553323891031064,590939508137392701,2641946027011232256,10623179803958190504,38504814503880418666,126036956025937267101,373105169054443487088,999993899050226681745,2428550227614482081019,5347018450649635187589,10676079342899178823146,19331469978068268261675,31738840753797051811209,47229990617179097556220,63662568102864271587807,77668270737222578995764,85677762272624294144064,85359336904479055621140,76702870181982929060736,62072634352806483865179,45165327703704065381958,29495966214065320513899,17257139362655647440258,9028103487158952122598,4215176338097721942666,1753145799574315575492,648401018252677189983,212916040540771792455,61990334067383631018,15984737363697834312,3647155400843899455,735709193132600218,131079404691859743,20596497305864823,2846944893904335,344635036702740,36256838279256,3271834839168,247794033123,15190335153,708551298,22377852,358866
10 64 1,128,7936,317568,9221056,207092608,3744628096,56030838272,707688526752,7658569789312,71842172234624,589560734665088,4263929260082816,27342919111132096,156238495084110112,798766937471631360,3666191703930805360,15149285363399833088,56487642063180802944,190421190002767788864,581207458184067959072,1608091034184682980480,4036767715173852782336,9199475724041881756544,19039381587867046835296,35789574281558379269440,61098834422134761452800,94700218150140857740672,133196862538106661637360,169888230037159797497088,196327798734064962104512,205351550626879205141952,194173846949488445624106,165758512436675916886720,127560217909102841081760,88354856034720640142080,54994815325720845100752,30711194971748978905856,15364208561273018557728,6877346798575302233856,2752125899121754819072,984399956386001642304,314954416546659082176,90308747977716620736,23283339634351313952,5422270394575190656,1146705051767591712,221321235737518144,39108769496359956,6327194751301312,933596179878240,124668549050496,14895390781552,1568231685312,142570474688,10885277504,670338752,31229312,978816,15488
10 65 1,130,8190,333190,9841065,224944356,4142106410,63154667290,813319731575,8980379670990,86011021152186,721180625656400,5333273598798665,34997726244325655,204810835179795390,1073324201468882922,5054361559216255195,21448524636947959980,82214334330574856800,285203677829321867850,896803900667967647706,2559231448306761377890,6634355035002016862215,15633513211403523371390,33501838560694398708970,65301285346787481274452,115773785615537858802505,186655612542346977313115,273550631121632719747750,364203366648176232125260,440176574685169979236333,482481389843241686498575,479103488383926654267305,430460094736956936228720,349455910041412606132220,255952281322697764081537,168867459141119697257260,100194790654833983214340,53376457340984400169300,25490881440728018880500,10898009146173374911920,4166342084118300177585,1423334667840283056040,434457318968595590330,118555727445813316230,28961418948615776272,6346712810798865895,1250950820745378220,222342776346447380,35699868256995735,5177351763226773,675963935263240,78854928984390,8113760387460,722227138555,54079481222,3269450145,149581835,4603560,71500
10 66 1,132,8448,349316,10491822,244006356,4574136292,71041134648,932497935567,10501233810320,102647355643404,878997163908744,6643581992074148,44590554986189520,267113246929126026,1434081737664466110,6924494021350050354,30157445034811178040,118750716975803616330,423616103499335385804,1371206399649108023562,4032608732437256636060,10785866665575178866000,26256002276521339610640,58199775796550262541227,117503593772177834711160,216095505382147968525564,361949014568270136652502,551972399924505230254518,766018517746316650328304,966768183529710049337542,1108675648605372508573902,1154132447120987352800727,1089385699022021069339800,931171363223729806013616,719771550423997156915500,502377191556276137850474,316125612120927564530058,179059860289859610120840,91153852169056408862240,41645529635879521108911,17054906718270072915054,6255127774071472935782,2053802734336431700842,603847354998911573586,159145134097256920668,37668836189297624388,8028941793245842524,1545911774362800966,269672178135491208,42693662849248290,6130056649282126,794823258119022,92244943813836,9448537716684,837047346168,62342865816,3746717392,170337156,5208456,80366
10 67 1,134,8710,365954,11174327,264339120,5043079682,79757096274,1066685915100,12246883249812,122126059069144,1067613925551018,8243257953828537,56562231071441589,346655239942438005,1905644348725634013,9429415153823280498,42121174495313378514,170274743916196782371,624184513902387424759,2078304959483675523890,6293904452361273791769,17354106637416242071789,43601353457400581119616,99874596537786699417315,208648128185519985948054,397591396665046788458472,691031610597009070812750,1095200792764849017563958,1582142318123859121623055,2082102725489730134616171,2494268596012507810589928,2717580362257604168678213,2690116489157928006768664,2416591679338324451068050,1967533366915373542656788,1449870178513760151999737,965600247825860440517023,580350112481254434584958,314330728148033413598055,153221635551543489726339,67146679051211561672603,26436385226402638150139,9349808552813688007763,2972467296355092445784,850875540172243069671,219916374214590966972,51518428548979494349,10988887230006048415,2143752014730121616,383775949394680240,63118231343384960,9519341438663509,1309848729701708,163071245566922,18156273264869,1780264832166,150623470433,10693512287,611746783,26447044,768356,11256
10 68 1,136,8976,383112,11889596,286005144,5551417592,89374016768,1217475775394,14245883748968,144870943733336,1292340200307940,10189288950883488,71442956829168068,447752185935135936,2518966865816024764,12766003420465193227,58455516407984745688,242444680433384174258,912670093380452703060,3123698946855467371518,9733761787096175201992,27645690244973729154260,71627124076283568225196,169394036896196117976828,365816566487926456071188,721540578216130314345918,1299859387940471551436236,2138450251601015485314953,3211621836080183273476724,4401055115245801804802046,5499371742814647918845940,6261011581798760599736289,6488430524801435161828120,6114028688110725580663410,5232161398391549675766156,4060907680279972236728233,2854512277536792206110064,1814475095349148468387498,1041359696502999577319172,538758172060983431007073,250873598333512391408644,104989196780195198481962,39435507421993238002664,13280140219979338047498,4006213717604762084924,1082115922775204007394,261680063564994339372,56664805550849341995,10991948233799826128,1910747183910387522,297613459971612344,41489052310869390,5161493092345128,569733920313548,55242652910896,4629664078904,326973003836,18707033988,812807196,23815912,352376
10 69 1,138,9246,400798,12638661,309068940,6101754042,99968203674,1386597941253,16529845895034,171360126763587,1559283920945616,12548574235765238,89868307762889532,575690242417973562,3312826226821612086,17186669773463164377,80625749217451436796,342878031967620843023,1324659301694959306449,4657212419243269007712,14921996203378043480106,43622125951848683696469,116454518332786529685252,284096965612856886018051,633632295052334036447412,1292359576801113885512169,2410683678185264195753201,4112144277828640402162209,6412936226965236191090313,9139599986262401491401855,11896943982017370163725009,14134353458265831263692338,15313855189472709512727421,15116191814919327105981723,13579426556613711032875371,11088973275540184364524922,8221089619334424468039123,5526294820935351092364393,3363906989849042610869870,1851927870540693913436121,921087604430883296610357,413532960603927578659082,167516266464457234144572,61233839764658483099334,20215913107482248805483,6038868957133783440060,1636976311393461386466,404279497417851049030,91399668465340896081,19009798653490071873,3652639666566603017,649998528254655372,107129730370171431,16309371963395946,2281472311398249,291046472392044,33529319351788,3445390380411,310866456654,24125790867,1565772081,81579390,3198840,83904,1104
10 70 1,140,9520,419020,13422570,333597068,6696820060,111621049550,1575930607475,19133702681030,202131887004936,1875454824642980,15399427674859060,112597702316886640,736920737371473655,4335593793150482478,23013485772512316305,110545823604277457270,481768707246311337615,1908983139428449272020,6889832396349867118721,22682874206224976373260,68200803612146602192530,187453535257533264655250,471327582878305077338505,1084673761285292829592228,2285391499961322238722285,4409271539379920903955930,7789383995465637944409125,12597484612445253104157070,18644700663735977634530916,25240537102556867331315600,31234209185973146584725025,35302599715913414983901740,36410197033067956068829950,34230895253419660352505272,29300628772798753406740970,22805181691406295069281540,16116765642126048388075405,10326726313730916568546270,5989813274467658473384841,3140081106387832302106460,1485451864755013632035510,633142299806396878736980,242799534783043567689780,83664842525930176726544,25877095905432253565720,7177677398821693581790,1784182949189337750200,397185185521529245400,79118035125491550447,14082578181072907590,2234438629974170550,314779700030049730,39130554715757260,4253550880735338,399114984495045,31741948193200,2084514853645,108700863600,4225695600,108962560,1398320
10 71 1,142,9798,437786,14242387,359658168,7339477746,124419282034,1787509672754,22095995937264,237791054936995,2248879260611886,18833285283929241,140535846770841580,939291023335177362,5647390404176291740,30655790780685747935,150705204537351419483,672697634241384666759,2732335843025412382153,10117268956059195727691,34203079057537880580489,105700743630210609424852,298904935714465375240456,774042412578983222477735,1836618102740127164387943,3994471361373060284498518,7964777852416190987867225,14560546796610424779865250,24401646547593726737103365,37478399859818945963482004,52733254833049998539919026,67934714716508287104351067,80077071530058434510992121,86295099662056274514002432,84943135584434961965111405,76294377110281742673830532,62459489225097247434650051,46551756395789704353692007,31548469194585064729689591,19417685699392155556591373,10841478694776852156110593,5485294773757975267522540,2512899600023859208267048,1041850369298975817132856,390927237317382731551614,132844263258206668284834,40946027443140013502380,11476317854436929101042,2935395337838708861321,688233982648726687345,148636714030557157556,29703291471586317808,5510518074365217407,950197942587393024,152095137896694210,22515133142247176,3064235435872712,380396959602838,42650187782212,4265862759751,374689555422,28311960852,1789248351,90790398,3467640,88608,1136
10 72 1,144,10080,457104,15099192,387322992,8032724400,138455221824,2023539147828,25459181114416,279015918149232,2688726206394792,22956609067379376,174757026680562024,1192310193167388576,7322607459303954456,40631132283998853762,204322280872088987424,933630111907732273632,3885057970564499990640,14749988502048612322356,51171891632183511985392,162432357814230803763120,472242098606175218759256,1258525434606149649094314,3076316988604887452989104,6900140900184377553372132,14205401960819623371241304,26844675399194393697918372,46563480811915792407565560,74118275028695409528984336,108229752484926159657173544,144910453684821276132759618,177794383032406964599695960,199747187220857545443649104,205312014174427517876391576,192883966075401620345974950,165446067854366310629426904,129414628872933113358037476,92199339261434968092632640,59746228114615301489504616,35166643504718470837176744,18774945308323140460702968,9079196461183654091623152,3971469936798868788903132,1569434979126733507775880,559672694345870142512688,179931634070049181238688,52110919608756854826834,13587434025215738667624,3187994738712880885776,672721296548421553896,127566978981423210540,21707942049053992440,3307041551966619556,449299067079458520,54122556837813354,5731737310766880,527243801346144,41407937274096,2708085305628,142014266496,5614237800,149109312,1999890
10 73 1,146,10366,476982,15994081,416664436,8779696714,153827049050,2286402095523,29269953785190,326565769267362,3205447962342040,27893060525091254,216533493750203091,1507467249836211213,9453003212897835114,53591670712082221793,275543169101727750879,1288245404249172551429,5489075242752096483481,21355710847967559165892,75985855561156484371980,247586813852110236540125,739546642005027751932936,2026840538356844491908454,5100067648632690433814012,11788040516305898293736937,25035129984811541453694503,48861267155843534261661946,87636508062767291373026131,144426744979482963648180859,218640107298527949198733486,303915044847511440703092447,387686390647728540857662724,453553259789466792099170855,486249123244814180463493565,477296851267640105646515023,428539298153591305056150502,351560460637437410559140479,263220868892281959266372704,179652563203478769551130265,111638162581522013177879628,63087188500123279546947412,32384455674900947182959342,15086374240659092774574482,6373593919540830284044345,2441195274541232080133510,847899069973290498765078,267317822297611425597298,76640443705015867715580,20038632532715206532006,4796228376972343042215,1055538231698052371821,214549481276907738296,40424401277057376611,7074037413926540969,1149296079469761640,172850253329171319,23937304896457028,3029680479224512,347094593742644,35559227555812,3207616634700,249633275138,16300672678,857626557,34095380,910748,12264
10 74 1,148,10656,497428,16928166,447757572,9583675028,170639077816,2578672077299,33579596466176,381289046987036,3810934271514872,33785919477378220,267367571874066112,1898596995173382840,12151325024159442034,70355622090283465483,369682838168011829914,1767580451995575898765,7707909736097505833720,30714119208014055038043,112017998290908768339860,374432506409690455067767,1148362609988634298209340,3234405338092542976473674,8371912866078102267808214,19924915613766274359778569,43617817860818050418321792,87844238541223319219769090,162767170716526543618045560,277450864324869884716191975,434985364530388439737612210,627018610705642184241788551,830611343094987361782153242,1010578014805071387851608227,1128469688466222516007185796,1155591686559412704194071734,1084215060818538585225501638,931073989399136358950499623,731030673441905538243855986,524160450363416976462667348,342801170218041458934322118,204234801741046581687871312,110710221653687016069977960,54537489698830593919232791,24387610130607824185905102,9889849280008246875358334,3634339214742153114608042,1209658338292590477075838,364610766472321712420516,99543295626345618061336,24629483243266855695764,5527638467142325103938,1126486319956741552038,208672487218211414528,35161763944640177388,5389548726195289845,750608025956503192,94711000689245148,10769748423962936,1094198403983060,98048803574956,7603996872778,496599093144,26220046078,1048854096,28237068,383468
10 75 1,150,10950,518450,17902575,480679680,10448087650,189002039250,2903125147800,38444348231500,444132165354240,4518682526730450,40800805908674250,329028491391210375,2382308270751964350,15555637102727588010,91945630666104335625,493525886250562666725,2412126963487036383450,10759752598461273060525,43890032409459250172460,163986905152064230314025,561997628196404148839025,1768647056201049104283375,5116063095758445309269700,13612599889248305257330296,33335116539149202479058825,75160970488496365562584725,156069986932582573674405075,298488360036701662571051550,525776696476134207031629460,852843730125339387619188225,1273519959691673720376145125,1749975648032943270528402725,2211667201295838411499048725,2569167368249522670996376485,2741113988991463973896442900,2683845712589045239957286175,2409223194781633407377873100,1980809088137216263845508350,1489980748141617098464364685,1024222423143457136598596700,642648468617858284261653350,367628050764541735394658825,191517562457370250908349650,90766239817410050068123995,39100251190839047839277925,15300619723614987567187800,5437572604451406966503875,1755376066642933027366650,515194108115129502610311,137683628356119619165675,33581880131320120324875,7497721196311819125750,1537515627597396293375,290538288007772901135,50719981594471076850,8188299798227611625,1221144149553755400,167616746682929700,21042241363229570,2394053349169650,243887652229575,21900090322100,1698064441950,110539328325,5800739925,230110725,6135600,82500
10 76 1,152,11248,540056,18918452,515510280,11376515240,209033373120,3262752405846,43925797703768,516149057206088,5343984889302872,49128724974969540,403594345499905364,2978480896217051904,19834439701476261676,119635066168812131799,655696924630512425824,3274468903388092921768,14934267884173046394664,62329604655677001049969,238453374906731716983108,837389545370001436261834,2702592732766250619029672,8023888961453824212982323,21932059040596948038573716,55223868154884132223507432,128150258757879955360269740,274147405618918337518082016,540736821424394379857099264,983403651808599422895857760,1648819970078239368504702340,2548054087297180009806978512,3628152260020675650803388476,4757757020272711335151453084,5742621006258578966922613864,6375514125577434068117453454,6505496331677411959686041536,6095769315650696192880740592,5240169231408895986263289152,4128424346776570399021553379,2977644588371447736985771388,1963903172670005693962411478,1183117581744771324922398004,650287641096218800300189475,325752735901337251649639600,148580318195558604962238078,61658342207620907569770200,23268302414689258813779746,7984100499592484217078524,2491889647926220229852290,708068406275342905673684,183460893989730675083457,43439425836139843901304,9424641581582846724962,1879100938126704590244,345231298610807984517,58557206135591947608,9175053072145437972,1326278723436199384,176249438884002459,21402869005428752,2354324510748496,231830372616212,20119254083996,1507374593176,94785736012,4802477544,183834880,4727048,61256
10 77 1,154,11550,562254,19976957,552331164,12372695258,230857528154,3660773120081,50091300589330,598511480143654,6304133777714556,58989469258791071,493499811817824196,3710841368180716968,25192713045823609055,155003762472013522144,867115571664176065231,4422590577790488633530,20614126268007094449858,87986367015523322466505,344486216451323343075316,1238978527096482499202176,4098445328213883026936710,12481733470152493872469221,35025601367987189511777456,90621337833700536121990731,216281469265669428181745030,476318408348242434757067054,968164973793556702452627415,1816364145410672666069966012,3145077464955169915379854261,5025231631995261766162068062,7407109690932100378186391049,10067766375650189666887026523,12612078766697002533364150210,14552665004600359623684446595,15455794394988542767948149913,15096749468180898756685818910,13549764741369622938971223425,11163879500794801440115199051,8434960974181162533593215966,5837966681547706488567873341,3697099860527591205849520205,2139866838137597416615397854,1130708762835928542660263254,544865611698051320367680297,239211767059338365389318914,95604290338810115302418517,34762846789431837440541793,11496367069111292942739242,3458022406702530101620647,946462687743049073120832,235915025689572947925592,53619337868067226486770,11129239828189418684028,2112993545331880205632,367494033845358134561,58600730720186280472,8566013036226919273,1145785266494198253,139685474014070908,15416278630239102,1524519373123714,133127801191308,10059499122134,639341863699,32795556024,1272335372,33177144,436150
10 78 1,156,11856,585052,21079266,591226428,13440526476,254606271192,4100648446557,57014422890152,692520133026852,7418647205438976,70635413620909462,601590320888290278,4607628229837020531,31879033766129521842,200004917322719490033,1141553456044339298454,5944009800952172082861,28302481472528222514594,123485582250841441291947,494550105816825582664036,1820742725749540272623619,6169816685447045006851098,19263368083287228551626742,55462284804804952845766632,147354597351351470017700889,361456736643839493809608924,818914109930277118090794903,1714008545318001045433033272,3314571131229977148438790232,5922095221984118405174679018,9774629882390385808013584782,14900359012546008109144152740,20970676939562810264359250904,27236437724331226222185873792,32626453796737913272574171498,36023784676401433626463125858,36634280601497372595217584558,34285246390794099567913396320,29502407701069298099109292014,23319485133130117081622730960,16914144069435551274579130784,11245911173474112216778670532,6846893233928830112197908780,3813282105053193527062303112,1940858649236959270450818147,902023632543445947836660580,382559676655171692922152388,148011359538933254812908486,52244399911096825739455434,16834393867274172047546168,4958088055730258092868754,1337384651447762986893942,331296462766205479257819,75624977301311156037150,15966879964156314063000,3129235082152104094338,570887075919091618635,97095625975480412358,15390550452008611282,2268424802739918810,309580793714016396,38883215559374030,4459162065110766,462319635060972,42801191247568,3483171592836,244106070312,14324571924,675796836,24033828,572832,6864
10 79 1,158,12166,608458,22226571,632282504,14584073554,280419005298,4586095755790,64775410958888,799616633212228,8709515540960503,84355740867327185,731183421455326462,5702359322749370998,40193932249735336284,257045150102682459740,1496313827596410649165,7950922707971884051844,38657884469075241122814,172337579553124909029668,705683607032419449520965,2658165219756791353668590,9222516984316962303192953,29503707538564494289057599,87105702940266431292740755,237502951192574372579864337,598391922822915217203361869,1393721079963708821621391143,3001649721800292151024557462,5978656380089516329387910906,11013360249956839615239839813,18761701658198959766118017490,29551294190790841755914999125,43023186702108411687504697613,57873009027722020871896247623,71891882725431227668847070736,82424367212803976501294811922,87157634263428748786612320682,84936362276519023053937737715,76216537825608893131015866281,62917066022154360266718729627,47733011246410277014173727026,33246321487625720109913148235,21235768296082076677879450596,12425301359355680708749997551,6652348647334320043876553974,3255355592042005270144307932,1454553429658533237179087724,592876287480737284216538896,220271324137932804896967488,74549789812903651766138730,22975129476984441559058799,6446464201582436637902659,1646874290022228331288033,383147539953990831842908,81198306171652046382551,15676561012115778305642,2756524932007924926928,441046171104344787553,64093970625091896065,8434002196880477880,1000335918095500232,106252362685062585,10016638274892321,827807632451867,58943751367607,3526704491237,170695063632,6280559487,156436116,1980688
10 80 1,160,12480,632480,23420080,675588192,15807571680,308443096960,5121103587090,73461689599920,921396407143288,10201471365095200,100481139622314540,886138168802202080,7034714620751729840,50499683376630622016,329080043559968621995,1953058242699824590800,10586586354901988253800,52538485998255973941920,239213560719952479212232,1001055446521461787752960,3856200469466476464960760,13691648951846431567809520,44856280243751180507380930,135724621065985099805378576,379564464570699549085561960,981659275247075368775253520,2348979866232788855711859200,5202097316183883676119900640,10664527230123594672535596432,20239553039523209551463442720,35558225239491257911530580165,57822438088519811154075624320,87008716962790186463199426760,121112608717857054029033873392,155878188573788156783128713480,185404633996720568077448947680,203670173762855143351409878600,206491864891196094957869301440,193068527200310053411448376354,166336697257045666232599537280,131929763648254599052643944680,96242408480586729406941365520,64511698084054903701901666100,39695073583238572161487184432,22400135210469475340829410720,11582429277884740151380267040,5483460605781606516050530040,2375569222834007242788537120,941471110952134127213520400,341350672651712631579912480,113288449120270420477762220,34455399650625174123749040,9620856898903487550347880,2472727732407460062226992,586903554104806428950460,129127245467624472599920,26436466954920035445360,5053572188651114798400,904102118467367467996,151495365132056049600,23751915906619313080,3474505418101423440,472129845654307460,59246687910838704,6816554358183480,712802807683520,67029347136500,5594329465440,407559249520,25359419040,1308288980,53613280,1631520,32640,320
10 81 1,162,12798,657126,24661017,721234692,17115431274,338834212506,5709947248143,83168389443582,1059622548551946,11922284172680847,119389018083215040,1070933418717151950,8651549464732544508,63231741566829697032,419727753462901026033,2538807890728013627121,14033197628747769203397,71057674971415104619707,330299779320651607202295,1412004537173841895218429,5559940019310459305719113,20192360315133845619755487,67713538214379286219645422,209867085039388805661977262,601631115897775739711225382,1596261162894785793382580844,3921703478078209438775448726,8924733888768787730248490391,18817622307775221232929053940,36764786523757965735887533440,66557686216044071401356878937,111639678188706005934333642354,173462089707142745463324600210,249588963783791354307470674302,332436980918534757939157022379,409680529368317638056672968844,466857353293154886442139215623,491632136223117430522283821341,478071643318266383188985098215,428932673796439421928432550314,354768756379501773996299530962,270241223404719468454606756773,189397939714492592913878835720,122001937308271432305119416734,72154985248389303774282259692,39139291902184861157283085515,19451566344577815348761038320,8848319936264164174535146845,3680757459919571165573326056,1399072874670314209548456669,485615464595190916180335837,153848401426813051684490103,44475620485275149430523326,11730919820462165864948481,2823060819422133532406340,619835132860348944180780,124137456078319810423704,22662696064251921873264,3766161821741847470160,568348127646566663349,77593328445322019835,9531655327718005203,1045647906475362480,101407631500152963,8576124078296241,620790579843192,37465164440325,1813250374452,66127366602,1620962280,20264706,10368
10 82 1,164,13120,682404,25950622,769315636,18512242756,371756663864,6357205078359,93998904894704,1216240703484460,13903081880825064,141509284135257926,1290756076679127938,10608056332560174229,78912085760409396486,533404035105724878812,3287156338418044620048,18521623587477591091257,95654191126070234419938,453753273205682150424389,1980722278002399085656978,7968953565334356322550813,29589686382035443203830434,101517410924617870396888865,322123686919927037590481792,946097772947881042819127011,2573738414121702492170643202,6488304609674941111430330401,15163652101842205071175089158,32862223996716569030824812155,66050478797693445990540556530,123128691783457480550003484884,212872956615703890907635182268,341263974444849792367597681662,507176017037091441435512477680,698514094591465128419952292547,891151353780754132096911724548,1052597769510784493292315161208,1150397042095216693936914809726,1162555646156561641847302936007,1085514816813680196827834079302,935752560067381450810422785699,744067874694763877226761097732,545248097679892596554950614681,367872379837544327076956840102,228301837411016264975190036581,130204749536609726574037593818,68181895632424701687867910747,32756645964862398466921570116,14429471028257260415512480770,5825802615889303426856243366,2155704502554609198189778999,731323067485183528665471768,227670527976537231013913352,65140204957354104315593194,17167529384923981487637748,4179774478617725935133038,943389858178583142943507,198121970952770774382170,38849349852312342354399,7131825243576389791984,1227324817631732183582,197927694404271715128,29848221183812126886,4193236622903015316,545891156428301898,65416568657922826,7157304599631050,707893346056758,62515849174576,4853159532208,324465500864,18165354220,817678252,27747324,631072,7216
10 83 1,166,13446,708322,27290151,819927120,20002781378,407383763794,7067775394196,106065483916804,1393395038841256,16178701002689786,167330739245736606,1551600281860088620,12969091992081051270,98164720458857143287,675481787490409165406,4239727781646618303409,24343313356130948720607,128179549675649734192602,620280938852870818435737,2763727343839162528554131,11356239345472931386850997,43092738989307627670713553,151186963380265367508942297,490904950634539890121441929,1476435462544719524782467979,4115871827329289984359023165,10640846114513123343244716905,25523408436537556626335984158,56817071353973682824837799654,117402531239027716061580814016,225200411382157780856071862639,401000342085470463100331782679,662754766182231322891662296369,1016487034985415369445479623579,1446308968584033213164362518191,1908369095351761508903268160903,2334002326840423117448952442603,2644468986922342102972629591554,2773966760028121834717411474280,2692063501649912686834155564928,2415220906595864799292898759533,2001499165646032541731737420120,1530724781266607513834711503389,1079391882705416766065537711027,701108613188288396352741162733,419076171018835811193288511611,230293591000983091613348526375,116237060813794334395120493560,53839315605948131703435719371,22866776689507145888825636486,8899696505904134915720472320,3172463072447404220227833724,1035479847835304231322328603,309441657900792668092494884,84678463794747553860661595,21226264690532829717724210,4876235009801595267640045,1027106402437287078342693,198432200868690903922590,35162092853396514947949,5711708750981903580667,849413902011365861135,115383703953810942742,14266770169562831808,1597694213969928993,160932709162824812,14443203925219292,1139974899423018,77703438345695,4456090372396,206727148239,7281338759,173178836,2086288
10 84 1,168,13776,734888,28680876,873167736,21592012120,445898190720,7846894135626,119489851045320,1593445359993144,18788067732230664,197408145824652364,1860378808198268652,15810692926957857504,121733679288163184200,852479630166671320737,5447932071637575734508,31864903671396285733432,171007312808234820888096,843877779580894845615003,3836386945545079651211068,16093406076051237827165370,62382614512984313130216144,223712303155016203170515173,742967345343365710311309804,2287049726508042687569333382,6530038488543513158473134576,17303712550916574164053067142,42573632642023862447242856304,97288920362009734588800594066,206539323433192629397026644352,407388620710895052060613277265,746601373851532502551667933220,1271183301360096792198479414424,2010449995593813663604427788152,2952787399634314964784972513506,4026022911226155449716803102336,5093793733836211839662455175094,5977357847168502606998738225492,6501730493003942381813601095598,6551163197896769541453335915580,6110355779727708242894840538494,5271516106376822347344519713640,4203050268888197161241254873761,3094379910469328209638498724100,2101692501312068589206829601782,1315683586994162186289364098888,758444754572606253659794743701,402258869490327616519095433140,196131208645984294831597613136,87851384023134612273547961100,36131734492611681138434382723,13641148038357958496316644832,4727807224916252007402341946,1504942057860286082832874296,440405756127016365648489159,118666747402601243725383980,29503664406341048308193676,6786659316317035415128008,1448741692981045489125414,287889915674053177115484,53400267404159183161584,9262834749983217099380,1503339462440122175190,228037952590874150424,32237358295340401294,4227901161058034208,511185890501378064,56525808596917156,5659932554126004,506877111074040,39968395662720,2718656252760,155115989364,7128284520,247406880,5766264,67704
10 85 1,170,14110,762110,30124085,929138604,23285094650,487492363290,8700153232605,134403864984490,1818985440657870,21774612092137540,232370025129014275,2225047909429063785,19221801008958076895,150503865625529342919,1072283908407744955035,6975066952680501704345,41546028236208503757105,227168791732230118214240,1142761141057540529928352,5298750237271829780039925,22683816918060683966419045,89784231847972860348207845,328969490340160050070326195,1116955466608539527035726300,3517417996862557574525115025,10281098583037505573022990265,27908953310613043259558007295,70395198076597813278911956965,165042033652366947707964703127,359755513164785636191084164385,729199571470833926072874622155,1374465143732270372299045048085,2409080520325772406052510636255,3925927365836069465909220802627,5947197284909462633774527982310,8372041157382588800494964054025,10947988022379905894955486435950,13292991213207474394849389554020,14978413778533974968586962733616,15653162530659705572205545344925,15161455726901880334516327842620,13600805102174150153547476770180,11290969741203599726016752160570,8667179279589205375810363464945,6146452694765715423146422216960,4023284254915963959256075926730,2428574548843338129039116365030,1350662265497373929680414962230,691501111129658363263074574719,325646075138575480578347643735,140963967603617700259624076785,56059307143605174926062351965,20474801852577364886468402520,6867337818255751211448682939,2115672974741539604364108055,599019936331543054076292490,156012955263031470288536995,37423495557799691054598805,8280244259143699155921609,1692644062213627953126195,320182718411320714150290,56118064764590105757540,9120237363190194961590,1374292346354569062168,191786339091336851310,24724128727403038865,2931983846194163715,317861388322722085,31231564974994884,2749012069324995,213437997970825,14318468733305,806692237265,36631356135,1256657510,28948960,335920
10 86 1,172,14448,789996,31621082,987943404,25087388348,532368824792,9633519710945,150950212218456,2072862633466548,25186717532423472,272927250489085040,2654747031291883918,23306225448199921790,185525134739811249282,1344409546699111330812,8898830909033696462402,53960984361653165490075,300521161148002726147212,1540549875537363847186093,7283053679207475333395944,31806083171921391429933581,128496457307069083007350684,480834926083808686227748988,1668351413952602796438759036,5372286394641226990948896034,16067235230876146899882452086,44658680767390953617091120649,115417654107262748790295072644,277465705967327845982879798987,620639745904998054872889480856,1291937783820662021929019836873,2502950366602788075612609244450,4513034564731289147430456648884,7572686682962055039393363494552,11822757276327420011316727683883,17169684012192339590998843512478,23186426058481011495863530466486,29104065506756433451113054788444,33939897360032643801038478718860,36750454833596999379198065752790,36926631046098658091205257861351,34406763959907364364129559600972,29706586122657923407526173845478,23747730546489001870730284451958,17562621166203257415764445025059,12005444575928263629702501101610,7578882066034635226078219195704,4414550194237923320841104108734,2370546026168837259407672651925,1172570606816401282801599102168,533879141350290762168374092055,223614112711902936441196268316,86123500116846121933050249268,30494551399863571469401082204,9927392290037501782158217957,2972626546964475763940027652,819373360789325682581148558,208150030928274224422558842,48809635571808711939309924,10584793534098812224465302,2127107139258289206411967,396900817022683820098842,68875204839823810604552,11125917730904578110810,1672840623773504638609,233766319760138747750,30266979704999866825,3612881199958888648,394787266714691580,39119536404976464,3472317042235336,271742992904450,18364239620344,1041738274758,47616888586,1644297640,38136356,445652
10 87 1,174,14790,818554,33173187,1049688408,27004457394,580740637554,10653355557162,169283138094688,2358198831734700,29078208469205358,319882504269047352,3159954914443156107,28184869289094742650,228040063300890104622,1680305820364393837518,11314318798824491182662,69825013738388811059179,395955038624652045868632,2067747209299240299329091,9963338773508416018554957,44370888442642602673543383,182898806971335995113171407,698701310285107941365855831,2476351137121098580664173734,8150345571144470229248396814,24930067275829224562197056837,70914921774046159605536618349,187693283958754397953547042505,462421218415147228669547158798,1060815052892824109774713807659,2266450169141641534815469333458,4510326075962674239468442779659,8360584171489761562729778066847,14434659447038824925466201547437,23208985352192888982618177081035,34744764072198527761144015859736,48414642483335317298654700715392,62770641677819339033590743542738,75689585736393370079051358230541,84838460724651182378053855184601,88343660147697280521599851957333,85409451018198208015982545801407,76609299740704455723642746009688,63705479960023094962650702708548,49073542241798193133015955641896,34989194977436182650589472079285,23071055058660727120259539249000,14056471958106539527638990084015,7906700109945512330776743003729,4102764350125981941773052833501,1962476308343258549750578532883,864793649166030419891407691856,350917750484041007200859979772,131094216968320437184054563540,45089142704224899037017701307,14283993603319953227786256964,4171358035330986231891265074,1124394421528906949018574330,280248727003802519786462013,64730540169454969906447368,13890037321667530484651415,2776196528602315485482356,518058693026677836136917,90421868651335506483132,14774897739045417970431,2259480915244737912672,322854409047316781376,42969207437463602523,5301901983666476910,602705818299104076,62618488368663378,5886841953773799,494569484810259,36548632292105,2327298429681,124153110663,5327305046,172401636,3741000,40832
10 88 1,176,15136,847792,34781736,1114482512,29042075920,632831787456,11766438362140,189569216878096,2678412855923024,33508878395471440,374140671948421752,3752663746981405168,33998251705938541296,279515906997936093584,2093713972716604759422,14337584018567616723312,90026090430899059424680,519649996768403824271168,2763599154128918190597556,13567730468576849994174856,61594924811700155075448432,258958385793164247550718160,1009529891103479928284350358,3653367925231609003330297320,12284714848329182336200036100,38413548297547520105941444600,111775030096409852865045960772,302821786366875417616611169632,764194091767291208478426776728,1796972067798432811897832405360,3938258541833468246492820011334,8045557581441873120096385512296,15322248218297562801836657148992,27201445530130229638964083276360,45010946803382755192013921571964,69409774161134014987165926332248,99720940241833653121903701534940,133435277324118164347944562520136,166225744435582474646588327117606,192692380220057642822972963676040,207747815756771082768148724278068,208187285086620867703142786906312,193790560821330721641933471643606,167441586165155311963367725061520,134189083657746558425106847616848,99666099056161815005335773650120,68547847907752905046549061878692,43620174084619172127296451852368,25660020732483310710673191467764,13942381057515598626132006788976,6991597279980477368315386308748,3233334356931199875687154312832,1378078165717630597931431629304,541020630373637856549130122416,195572113159446457166362072674,65083811407422771897216120288,19940109410543737700061959160,5625860803719178408009102336,1462436000447498359677930096,350507961324753407158150552,77520460812880158740825136,15834628450810962863082056,2989494207882866872825582,521900495162790240603480,84251492698639626954140,12568540930063512769672,1730066638801004256544,219184947579956274048,25460244844195013292,2696728977417237752,258480544341239110,22187047201834064,1681305429043460,110282232577880,6089685843120,271723650792,9180128496,208576544,2387990
10 89 1,178,15486,877718,36448081,1182437268,31206233226,688877598682,12979982763707,211988162313622,3037244341230834,38545061339720488,436720251835722766,4446573167407033731,40909360537353325207,341681306582068971043,2601084552567309408070,18109863950348317230692,115663265234576940186345,679388127192887941993343,3678415833592031798956327,18394055205711715315138738,85096711598383950797537335,364767486161305927346935377,1450615677759344638671936838,5358099970214330985912286240,18399783288591993413022847582,58791909833286240766662011844,174915575797956683703305080210,484837958106598558449801884715,1252636294724164040347802675043,3017670124634853992468183882985,6780362999734086128667611239447,14211658828269201959672347450147,27789818977867194528027525598758,50696528084980293500616812826905,86276035681475047178367216742194,136948192252143716546322142043110,202711903719479253763092224402092,279724662437618824581631798621911,359710135718993512619096767160070,430881701737449989068373491878095,480543036552898749959852450268010,498694364823978376841116815957906,481281188868870843281081401226288,431655293934808649158152748810896,359534151507463655101797731604711,277895823832107950334508900790870,199169747723222490089340387471677,132256454646655586717261093117742,81304362454539277363816242181049,46235206014492176631046638891609,24303581076729100934607824682433,11800883447247491943988388255578,5290082951852945302696317843757,2188469531013960319759555582564,835351135424756879688031811038,294232882627445199819352372630,95676111756764252163425394298,28746641500332367838629774217,7991600506301180562933383130,2059490043370588869189401129,493170118964410881642973149,110039723642264128306324923,22946112604098719687799889,4484599970320050037267933,823451129339650543556737,142275304785520193554894,23140829854439448892780,3539926431165657225594,508158273155940137707,68212087377491882416,8521826696645205432,985064915287547380,104612269651740613,10120389033348818,882764295091383,68552620307284,4664238052481,272288861401,13255128136,516331364,15080160,293344,2848
10 90 1,180,15840,908340,38173590,1253666916,33503139060,749125158840,14301662708475,236733680275030,3438779205799746,44260249598171280,508765864327969890,5257306070539929720,49106872953033841890,416568368218668749052,3222063405656715098295,22802580208579020767730,148092795511398724621625,884937711191921811188550,4876461613242476229581271,24829636133822961711892170,117020288853229234404829995,511250776160867918488822680,2073296054186329946951809530,7813408292380757267370527634,27390581424805358267331917850,89394719902390452660760996970,271822077931734237532418043930,770514315715968376670421139080,2037103298757241215481296630390,5025168042027538274589360187530,11569658744201939393241208118400,24866285308800016104704900735760,49896770699711674082681565830325,93480367516468270897599660846492,163506917244886809409285037063770,266973543551655751765424702882400,406849518869880644998843528604340,578521501541436510294280010922270,767330478980746573635944583603678,948967236704831887934851492066680,1093772054237855546381795813487195,1174312736620588358644686648332760,1173738349825010265893200703480790,1091477542285283341498321744078592,943664632782832276959575793040695,757990025605444124128798019673180,565221676524368473257671322792075,390963953964614616634261262216760,250646263356763638790828811223102,148810229822303450175167095557630,81751353054854633408648898166635,41524322411289136397051353902120,19486384803945114286175034049665,8442840210675056591317423209828,3375403362722174196541994430705,1244657642868424689703177261560,423190536770749118111630557785,132658212464865087724728119610,38341842243220785456774839925,10220031300618145189479641940,2513177089766271485481032505,570364289309702268867741000,119500371664193941695950580,23115200827134733847544816,4126462096911995917260945,679181933136692963304180,102886470033917174376255,14306033562433094567010,1818922871472748124661,210392130394319425830,21992928192600203055,2059973762649815430,170988013391763555,12396603931825140,769872280333410,39859280798040,1653097323690,51525226080,1073452590,11214900
10 91 1,182,16198,939666,39959647,1328288416,35939228962,813833754578,15739634553552,264014365118140,3887476782132944,50735760823075874,591561950375596109,6202648332914379997,58808785942977502627,506560817338690957115,3980056457915377978866,28623242300165252858482,188983501853980900351649,1148521377935739269660744,6439542603883538835389977,33376301060667535418855966,160194334728533276575701570,713092079488680525015199727,2947904717743965635672812705,11330671813176118231274527809,40533117195180224293741241067,135068251001941415442125655632,419572197888151976288470929443,1215739346405058458886982530451,3287589542421861232714772951246,8300364447989934540649279876935,19572089573518789670148759273482,43111883658808207581989043448692,88723616962590879996235754319165,170604979322709595638314038890308,306512953746390734327895165052616,514485405271687811727990334126016,806670131088830703738185718090879,1181189055177519201753695371553728,1614791419082860630832810110871532,2060308692820952607454994355147729,2452366983422695436763455987995915,2721878082420066928003784388735849,2815465232913911509859043658911642,2712534005623601968204494482387913,2432583481942199797351749061962054,2029237726999433569029586040949174,1573474577825187818917615394031480,1133247606661055992251177199938576,757525369949830057044138165178592,469617503752330273679722919110211,269798572374786105328272403341498,143539933893367874706175849980918,70674240929416197837798642968815,32185913810205461803650921775826,13552199019789158285281453008397,5274729408420231824389537155307,1897818080544336883370626577025,631436321680206525170808710863,194424419380803809101131160388,55467751395703760424657768058,14687116319400594268531129161,3617375848140343091677667702,830916637116603391433493960,178525030575974796646768157,35983728248752963266595007,6822376169765990414495642,1219133056943884681119612,205530548645645445708122,32681322276955687349859,4893760676769160530243,688155912475073351673,90515682620393381351,11081499105395744662,1255204704712748335,130613689340442126,12380701295025479,1058132751547144,80517496432464,5368521690441,307155730063,14656251064,559683124,16027648,305760,2912
10 92 1,184,16560,971704,41807652,1406421480,38521169672,883275317824,17302561028990,294054641397432,4388198697488424,58061457708548408,686547754664960660,7302814742224868776,70266502235842543560,614449001339483361256,4902884689495084952473,35822401363038278849040,240383019006449691982856,1485385632164403528860640,8471444740657180104617464,44681856091097486501148708,218335983960844375864271178,989943180825750807197516316,4170354115601073702385073900,16342770360247826097560016988,59636745142089019488646478694,202825502211470297378849878568,643400265652573746063795101649,1904886064895533968934977793436,5266452324981563961633310231478,13602462391498006204939827856868,32833361665796857635557062303115,74083520895676264806838341306052,156282445522206292086774242212220,308262449324635831962169286454976,568538141039813844703626391171832,980397916170700334769953879882632,1580497786907015958550348288472992,2381495919682564596045314262535020,3353186000649719718629919479019026,4410393555962118022361689116415004,5416796530483167554845151872675578,6209565803201200366995371890602528,6640748704688872312798802225691432,6621711082825009607523117147593196,6152606754840969322941051613739220,5323558745668656851404728281599664,4286463075472202204546675725749386,3209482925647479911664075265040112,2232969232202757650664726165271494,1442470334057954383925741945245768,864508862222406509463469994390965,480325522280526666368066404940208,247218816482269455508933325074164,117788390522604351307193386838848,51918657322242715546130346937219,21159709137578573648167660097776,7970365022723660352398385610134,2774012717295207232546816516484,891971049688802660484555562926,264990545220206097824393212680,72751843350744055701842867370,18464852280565269891822829260,4334313808175637980342422133,941326351685865735373589280,189195282168033495051548450,35188545005659921166400812,6053114392103357529281619,961909777369010077246148,140935629642355286309180,18984257321803447757604,2341791223542087698256,263173810800774952432,26766294563114100506,2442772802032099200,197858678655862495,14020211730058368,852479505291828,43294224953640,1764988198912,54202159168,1115493376,11546552
10 93 1,186,16926,1004462,43719021,1488188604,41255864602,957734882778,18999636082089,327095752646978,4946239592367606,66336523690096908,795333695665921127,8580743611612529217,83769421959477914460,743492610629588868468,6023542301140296593526,44701824224529232847037,304796911820139814112856,1914492080051160160898922,11103410496106062906042648,59579593670583037338603893,296311201417765229593761474,1367996117555254203764262051,5870857193877101186364594934,23448626945476632017403209928,87254001721055555783708202813,302759579880897080271895271032,980376247753461227503603782240,2964541356768447756559071128064,8375933905043169165129962881638,22121679312245988720648412975113,54634882441590824428369672520766,126214488166499023775692989003511,272784848535854838645350900665245,551637560516448178038912513242316,1043826676361879551141141839604930,1848125342775049748287056429886797,3061404120906839338622888907052149,4743786742512240401041571495587877,6874580704879059284223971402332509,9314473418267452218121978128406851,11795326081352164499302337354577430,13954831946549590232853178164247278,15417064141029666417284873340879789,15897088571850492436282113990970321,15290692554813249088713360947782815,13710874137414275690212946828578035,11453766456366751311050351240261634,8907954399983996886184242522728943,6445300463413337594471551000521900,4335355941058550176745040860942526,2708948271273443100690556332669627,1571276606586725561144989300810419,845423214279290070790037274478978,421678342098819371495145327101028,194861177880112728947072077079571,83388963799284656149454439581416,33037203834435652588243047502509,12116400322167121964525121820206,4114342953560491655062368762555,1294219342356034192698520025556,377474954360500759709193971199,102216720135391816618631658703,25744619952251345650205209617,6044262412946369778903457788,1326162041533329042629603312,272655973999349059948340454,52664400523915590311004513,9577034235752775184892889,1641913754359697589988935,265469350199602725250524,40442153686640584536793,5792560082951940792675,777408387535801366128,97317362280075156168,11298499780451670948,1208226298458650055,118026199215885647,10426949121331083,822834214455969,57100529026812,3413757348366,170966344191,6886639398,209200524,4260888,43648
10 94 1,188,17296,1037948,45695186,1573715100,44150459372,1037511053784,20840610624933,363396798967944,5567359769473348,75670298240915424,919719230960745944,10062422743452239686,99650094740928383030,897492074886088565242,7381072559467681826708,55624079876393179811482,385282908899711227507552,2459353898375729235670482,14500875011158516652917469,79137702556503933645935376,400466026190727818774297408,1882018797591288224215741926,8225424130346041412221529315,33473014960406899614747937892,126967735630378624662050003658,449318046475664042656736833470,1484642023657395333718802261315,4583451174234177555558959198606,13228665909463368500034255945165,35710756585620828210073183295308,90200479289207362629626145155681,213243280962327275529666923110284,471947099762668718417010516339886,977966799122803048214703511260162,1897567779713533781824213129566279,3447561492121977043241074799368534,5864597138922963517837564004226884,9339368370256367724582266291651818,13920808925421225798307495848625884,19416333406089845583967291422250312,25333102442760966804350495866879172,30907645068948605725693470897997896,35246340478043643144988605237912252,37551228207406233007652772621931412,37356487723373845619540155182788635,34680807558369250482241654384876358,30027869498602945373978934888592064,24231835442755052117709017147964636,18212723961471424003808734156131796,12740305769365205946266619772056168,8288652156665412917924924159273562,5011503357440649722154831508539592,2813956319466113158038547284622499,1466319615941585416242212498739276,708629121535641574561003475401327,317421280101426686989052144931674,131725388695511713089365771931279,50624842794949323817497939115192,18014841661582704536012163253289,5935550990043886100475844648604,1811071288743869206756769071718,511949700709598587273024961292,134152751582134375464280485555,32613093894455486598791244824,7361974063946867100228056693,1544569305400299578167911188,301435011524413947456766023,54754557450889704924855696,9259786473668504251388108,1457609836180210568117374,213396606366232961326451,29011925822178802207740,3654085731569339384556,424934820528463612914,45413810536463393398,4432610163329376582,391846352222145928,31026739864355596,2168055725828659,131028810714278,6659219674953,273152206572,8473776452,176614532,1853680
10 95 1,190,17670,1072170,47737595,1663129128,47212347410,1122916484210,22835819206790,403235825207960,6257819869040276,86183175535879830,1061712333579598220,11777249628831050435,118289992391228572835,1080869703174802442778,9021577760483113167300,69023759959474423477990,485562896502574604157575,3149045646627917572898285,18871729812103828670480566,104720889209382466041850180,539046718011831930926664870,2577982084949358747280682445,11470965714410338776426065255,47546574379391540825732297786,183782523723575988047681221780,663073845566718793123426512345,2234833234862292712463404300055,7041370085186758358241245849085,20751797972894821856722354423525,57234282429801546543676676096600,147786507701880315554819507905815,357380259698694909141427831707120,809558066879389925424847257291395,1718140378657996469183079633784700,3416667160189807752017976320891220,6366347393077557853433552765846315,11114837452565263218565279933058860,18180039598246915841727636491497775,27854317680309353919757324268002647,39966618926341052508802805397555430,53689038775250992180852460783331650,67500826917924693044997971895764070,79395578066863228675314823659184210,87327959723340455935208132497555826,89776908491551372392337410349831115,86217340491903718505356447129893730,77301652152822668914776132379851190,64665953425374182266598562161803005,50439322008641959809300284973743844,36658230398291619540581827311604975,24807114663934001285245605506915770,15619730991868716361841799079428695,9144401029742009414146220312690635,4974186549858988910104960721305105,2512418453696106708211803741041620,1177635001641487882444815014483770,511993112208819043849397950215055,206391960944889909055573735145835,77127383072901327440373174124370,26718566719873238950964660652420,8582558784124127856820220523980,2557741978405086810654906471140,707802058527529894840472398950,182099972023348636611489808324,43623762069407182297813254015,9748690155526259493793560850,2036351988307680898726266565,398407273066686234233058065,73143307250724002473428726,12618719228421720032818865,2047274281167690715040760,312313200976558109416745,44742358957060346726345,6004734799794559030167,752112806348340663780,87470523271437531280,9383730891385804770,921024082636521160,81878052247277080,6510765923623950,455822308418690,27523159236750,1393575248300,56808552485,1748187530,36106080,375440
10 96 1,192,18048,1107136,49847712,1756561728,50449175616,1214278366464,24996207633264,446910961560384,7024417669925184,98007570439293504,1223550702268535648,13758428987641505568,140125967722476846624,1298761748111068854144,10999381714525399136280,85420584800824784651808,610155715588895057920784,4019419257013033574026656,24476432235912762295560720,138066993131045742569343648,722730880439403639597351360,3516437819688590929134129600,15925055972914818917878775136,67212404205397527945023034048,264655759731718806881765298816,973173902432541658311344399008,3344541783464283994924306208544,10750546333769042336625505867296,32339819118753354008659833291744,91092222789764535462966419187744,240351153084494184612086604444276,594265285068530111209797764436928,1377201388103916415564313629511232,2992117815990441440951338978788000,6095009619622518683544843249844232,11641404769808743310435439504274560,20847991027215574084133424400249632,35003879571074628376667889023455136,55093498610977903279540322847193404,81270021578012773853516859963312000,112329881339513681848359243484745088,145432128082183155935989837394598720,176306268224774301821960326425210552,200049508712621978438986773130061888,212357845951049276099399941204924944,210784551613383322459580394207240288,195527816525671911753142992750067774,169402558441605314505828930927049920,136993507688169890658507513174617328,103338615491329614255911322776410560,72662788471226509356728466734768472,47593353785389824206960276524277664,29017641982682663583142454004709680,16457382701844369739392515672752608,8676714564677830014689308415869068,4249905977460781780839881214623424,1932846559511024864748188753565216,815863194361859842894684305607584,319524670121048245988555972005432,116090457992694000724183789964640,39130978824428086886386143522528,12240765123564357686632602519968,3555571142202756292262427951780,959837631168055069217418960864,241086315684625257398753383200,56421280852660125082114347648,12322509810851444220501524448,2515743129993294570728594624,480886354413955489021220160,86183933414842466406814464,14495728842529575403869056,2289044828510185170645600,339249078432556830301344,47130114645345692496000,6123713477908785960384,741625336499074035840,83321156039163694928,8630379580023506112,817650879693351864,70152450916236096,5382921804119568,363560407542720,21168341491008,1032914192832,40548008640,1200615360,23838336,238080
10 97 1,194,18430,1142854,52027017,1854146852,53868850090,1311938933274,27333361554343,494741618455086,7874527119470682,111288955968611184,1407724836385590233,16043410994352667325,165657471076216965855,1557122700821271879575,13378365420961185024849,105434681642582671190019,764534281467300865881472,5114564762795381997250294,31640340033973532202893954,181381968752550471407752120,965296758233079141753474128,4776847572073570321862829828,22011695746278102607476363507,94567491568000779169486932055,379215162245294270996862982701,1420709109975500502779331408938,4976991781027323274223256234078,16315060898713316661397786020107,50077573931969710220121343162360,143999807249129719141169333277478,388094244089007777089829429613368,980676222907129750875887896392817,2324073070351439389200208463245158,5166542995130819377363273161479401,10775475210856914983384671324512989,21085788389370604703784825676684918,38713581739229618309054638766425304,66685784611617282992701396518776390,107758135384315588411673791075974336,163319971077546187482473161970630517,232114523174231352060750260005827679,309255256852599032426647441077014550,386134783276856994519168678981096730,451649192310871901774030658844110392,494670957298639886137511592718851389,507080319929335511472673909931053848,486245524689848850021308498186651846,435921964661266690223006043152535012,365153929609900887676989874085736644,285616459883184112062346159454299398,208470743601481040179957363833595952,141895318565092023512391754490736487,90002438622148263504966918578096031,53162635127072355141033362630455892,29223614139832165305509589337375828,14940297384546363658556884638489727,7099487921499776934210773871663133,3134104601812564459724816387672245,1284805995581883706516432993462676,488959622560833986355181514112708,172727348490021438331230738825475,56639969034724577244737589005591,17245279658659004104255459246106,4877662351819317140685504582702,1282492483942458045901104315132,313760223149923380941032032135,71501009757147318707936891329,15195384953117697220594021241,3015164879566870593196354500,559207644304513830525345372,97017406231226898569409024,15751391990275855312803473,2392884997796159459620017,339857925720946452928463,45052111714827917090886,5559037239065989397122,635977980161729375450,67095621847908667042,6480880867118270578,567793915791002842,44575499244799316,3086778484410393,184658158616293,9274961109593,375377585843,11473758005,235414732,2431984
10 98 1,196,18816,1179332,54277006,1956021396,57479541924,1416255970360,29859536043743,547069737656400,8816139698853452,126186976588665160,1617003114223898436,18674373787978711026,195454602587819035524,1862843260499631850188,16233499086251266888726,129804360748426162586732,955311083331665780374438,6488560883854961209443712,40768721978382270600559482,237457303667205164641834162,1284464057889815960829626983,6463111172749318026138343760,30294777950974853344689031952,132449630451022196888379360004,540724064015105250269028428942,2063331465219179126610231654936,7365526085113158231622712590196,24615264256039700240532155193482,77063911369680937406114873995973,226142420776369709305752778657532,622297138910947148499959945206811,1606434105245078164437428654707148,3891422158826200501448624444858148,8847760746578598623460659443332860,18884573540231641874375112895436750,37841672650468676094601266646932616,71192774883218866548252137747855125,125745008935683150868616504646266972,208495284367240079668924004724259047,324480983043213351443243763254000970,473895892946634610027225621828739575,649333010950896681859573512775638910,834470038335634618105210805166278300,1005446798296831546897315339306407814,1135371878312924658198472600861187744,1201029306097778482864621268504758426,1189576599590222928556358844288551626,1102614858940645549189895065026520238,955874883545200197667196816905803578,774574025799674829700678728404326468,586322288840521209437876275938055944,414323272310589256928046343612643312,273139243468009648172801405804111348,167873517810948291877395053466987350,96127962868719090352200279296316548,51252434812714661624027526579818878,25428710740922767672112825979342281,11734308688895039557281537959825096,5034251681245127302945472008514386,2007402956724342984298157400171640,743888519046435492834190546901868,256211002755489226958793487875780,82046038007158923806768839979779,24443812173492161484708390917200,6781973735365204783770009269252,1754662787815798501206824674556,424035335962875676666965320710,95901723225425408615177521360,20342036932718668836521665848,4055565177211142714628035128,761509096542228641195389885,134889798117705616802565952,22564005134136603732927262,3565296591789844990272362,531770414724458435479576,74743388608252166905550,9873373303027492452285,1221178316624883483118,140747238168297564272,15028166637849716890,1476111222706482754,132254807066576936,10699119096447348,771739568103546,48852853095501,2658348050568,120884418648,4409679932,120965712,2217936,20384
10 99 1,198,19206,1216578,56599191,2062325232,61289693058,1527603340626,32587686192204,604261101528436,9857908234415736,142876641900640842,1854459022067469510,21698754134252254092,230167085154848223030,2223883571949631029900,19652596389338326790508,159406758890559468115344,1190456733221693614629216,8207568163676688253510536,52364978954692483696775235,309814773055326245310781122,1702947080010888655483253400,8710604580126172793921110314,41521403862086980409269437867,184683523465587444940433848320,767374743044984689183317623028,2981552127797957710794945461380,10842069394375606371893296196259,36927320798149632915827153907384,117878846675354752672122086944350,352875996309176062790382658767204,991092611546476624654550008517304,2612669806774890948196831827902364,6466540813782947062216671000255732,15030880655523959101466111445415062,32817065014455607596878811228739913,67308155335635245915738037268775184,129691343828685796617546660049288560,234761255787080736276430260614336940,399195651084670406545199424860581305,637583139422077861387301228931128742,956321368591587031894198707941391732,1346755221444458230242800239010110608,1780209391646387184013321157505356280,2208054210279247907848281180578462714,2568873399620701869047389051802479032,2802130597923295902735013177713375474,2864483168762635736075910617858355855,2742825198261068762017198701652554438,2458720103684856031201949353260352854,2062192718272270872724125750368756712,1617318217184752285789800506279057730,1185314850468826132358607094611571212,811263264289371471266221573367033828,518194586572033553663889705769798146,308702083015932164924733902730904488,171403269539273226262871243763136818,88646038319580463785232159290749592,42678166951153254760533181716745356,19117437167413450757982732779747709,7964108379380006306768099629076760,3084457225711007912744335858561566,1110347915215818229037212846849832,371488785197099444197959346136217,115524922541254387368590805265404,33400897460624875531766470883178,8981950502290948118488300711248,2247746909517544546616473882089,523789877585909956735553883252,113728742522260904863621283850,23020601602214029695983597430,4345467251934223104609333634,764942398031323955600262864,125517074883954442156021752,19179426824953834306198980,2724801083019995601800376,359090740366834615300980,43762753563594751806780,4912470982178313191550,505332149382003496212,47328557817225784836,4002624460956592548,302404621527362376,20123990290357272,1157196783795030,55975342956786,2188901923692,64929209022,1299448656,13165174
10 100 1,200,19600,1254600,58995100,2173201240,65308022200,1646371520000,35531498737650,666706702473000,11009193269354530,161549605507260300,2123500690204070750,25169830394120023200,270534250544145899200,2649423487497847936860,23738319935614911811825,195281768779987247540800,1479556929161468327102400,10352326079214170468138500,67052707841958984634691695,402884415483153023764470100,2249769921912124797481784350,11695110782880779633355592300,56677758328111615331557698475,256403609832372606098167674288,1084014399120807207802804185100,4287295767368005967362327224000,15876493212812753647000867792300,55091632695967002185103847189400,179254363133056543259878163355350,547216682757691986037728334410800,1568083626237198041970770571023800,4219675781930285313181141438329700,10666837584612220777016522487048600,25336976163568096011080322025757160,56561746650657403073300417541300300,118685675265030165389410125206390300,234106333019562392227172005940756100,434083975989723389995763718244383700,756592258413896538029982297685337760,1239469083375159202305961576230494100,1908228506645583612908456877362724100,2760316984124676865561384054844278400,3750705400545070593384678403315544125,4785893888440419493723040442374396580,5732708561638430135361723743392323500,6443688608408157114494085133694807900,6793596838607265437406530829336230550,6715071552208670518527814129844477400,6219649089198185888953697870869431958,5395220895801596046464077057355587100,4380575988944401823465531365349151625,3327141976652870837514748433657223000,2362439692958660076328212101952799650,1567204264767479549830559884542713020,970714199915848863487574947464027600,561032365420073736850969425743380600,302381957328954125681333825819631550,151898876014121017729229526201157800,71083922584198897328011821692586035,30976561300807384791526683326154100,12566654982719094516817109074006800,4745464910550087290740439360376700,1668183863415928249388631116091200,546075663025629753830911109707200,166558254695237786766792192742250,47378859259002830866701901357000,12585223043166237818911482109375,3126820806725516611534436002600,728051937196925300904531852480,159221883744551482647055588100,32782680713603971085327134925,6369186106954146318313979700,1170022691060844103578752250,203525609421867718507198652,33548785560476954624684350,5239536057277518012912000,774404381856884904134150,108088804990770850318600,14204102831643787837860,1750577232551053035100,201393202191929073600,21508164343516671400,2118600588849175600,191022042872298880,15623727373008500,1146594994191000,74490907120000,4211583996800,202644081100,8048977000,252564800,5843200,88000,640
10 101 1,202,19998,1293406,61466277,2288795340,69543530810,1772968145050,38705424755381,734824174590938,12280112114108318,182415534060491732,2427902901464260555,29147362256145413428,317396139091941126480,3150031786991327445874,28610470188482704365639,238659727804798528952450,1834113984507180231688962,13021125566880895096188940,85602354423314164697538481,522222779910244106294470020,2961904270459784211824730008,15644117750501016340142675906,77060943013242690334844400385,354476003106598036515282346808,1524439490848184201769647546604,6135470581334977289342416073900,23130811835628044220030614345511,81748975876729152598905460221268,271032601185864114176645891726154,843465782251318010161926694433444,2465140585291505152641767078834886,6769100198417926408279390741912858,17469857391790214401239061653512030,42387754029377286301006796215048440,96711593446395810910222424885181540,207525118696869934078265326171653492,418848952345472788296933474472945434,795159569021431463030187124991500006,1419882838289881086821089852233237787,2384624700162417566330524527534986644,3766190351169984434750185062141844526,5592715724963692263180803809974427540,7806993969348566750266860136369505591,10241590184961259403052207183900663956,12622207828331399961924955439633157650,14609331695987255961160753607061018588,15873645466036971340362628542352426347,16183813250370320139518515724721260196,15475074753351461032479192931121620630,13870965569393734388032723978583524074,11648308613451520129979357292749264287,9159021126276716828838619401974118494,6739113030561048748236129239606205776,4637176689509328391653421348987240886,2982132395554852600916596621434212592,1791211830286196515484269571960863452,1004250189824836798624229422237793338,525229717345403562292324033927021830,256107389041572024699989999328037388,116368730201379183258148345393252252,49249143114877008526348871801651270,19406872960194696521136393201738206,7118710069706165332046966660788924,2430446539467634640462334493824112,772363181213198729770721222983036,228498343217263492395820118841438,62951460475379730834215937478230,16157482455118286885446043695776,3865433556660957548840239132754,862356842460197238826649618504,179474339101276844514367275950,34850738557536997624559227386,6313006080154510222537335444,1066094999874559810983545962,167635041643688881655031107,24497796015448572670855418,3318464718477499635355250,415219184024702815917446,47775098287304019553982,5026397940157507178794,480139421473369359678,41272482554878670782,3156489309983781414,211639441106614176,12198270538262178,588131544547884,22792688576930,666317893870,13082318304,130098504,25856
10 102 1,204,20400,1333004,64014282,2409256524,74005509148,1907818572504,42124713431721,809059289663800,13681590697837524,205703571730864656,2771841747647319936,33698292012409086078,371705822071448098260,3737856482739528435812,34408593864175777550601,290993400809546804480568,2267899969943067958187098,16333339963324425742093890,108963334962514668723214554,674779878667194006625610274,3886303309109210803834530711,20851068393167267215165777866,104371030354815394358415853261,488048076077587335455763573888,2134434415833118050763996515006,8739555950250594529848788833398,33533487098041524323887578012804,120670113003363192948489438851052,407528189758216455154987403195748,1292461753948126179865590750186156,3851304958182948821313806531445024,10787524451696811204186656256551696,28413226930159379800899900473959125,70393903435941417769431631886950092,164084445618735819557351082796151572,359908911231154261521098387372418144,742950044220045028226975452793284563,1443419764014131673682858369535444588,2639320127393263738298456125236114891,4541876161922855037382100567085711780,7354912953299808233276382689063898375,11206050607484841049073168869893232278,16061029093792091692707233357348886324,21648742557462832129021164287130264280,27434920871409793545696392145287315355,32676894190387629832865960199002286204,36566208246098158757064756720040210161,38427294562192078196972441163876388602,37907269454833621901883651499045374654,35084446401413334567750384636257248458,30450094694165086984044949478808620403,24768771331302320876103467873551198326,18871716559312030573284442277563862009,13460174343156786484042566180579674280,8981698120139696542803455618865060240,5603631649820630483916363742164553976,3266798231400080086539868688956606242,1778541537523035547659421262731205658,903770459824826494285988020896050120,428442662164733119861118216364483798,189404536458729919980600435269729058,78058531776297744937741415975561550,29985569876196752754978929135153097,10736720929707817371019499868090738,3584237451526214973497026424084279,1116082220065420827938769435514110,324418133728453769106407999257290,88124863885299514941369840113598,22402526693203297136343579362874,5339031407126493006610849611432,1195298323937392783205966092490,251940346749548928592663825482,50107043358277650563716638162,9422769940376927507107311826,1678281231708495759747040365,283410300563195285690116434,45387870990405148572428130,6888824088142776350032476,989285864993210043037281,134076879366468681024872,17090059041652669269585,2040008791356814324716,226882529566643516001,23369185671526582794,2213580171304338249,191213078774077136,14911392425571150,1036764162521142,63262196860203,3318466319040,145480540824,5116766964,135349104,2393328,21216
10 103 1,206,20806,1373402,66640691,2534736888,78703542386,2051366450802,45805446944802,889887519599312,15225418347542012,231663905578111166,3159932119432274784,38897512497996492923,434543065022387508899,4426838545255972773371,41294951822561069641952,353994859636948018491421,2797369517480831067643453,20433610476856017746822160,138302659405443293149387567,869224893401490210175023385,5082420599041808958627052062,27693280079123803693276183197,140828646984296556822063437953,669261788072776056622083536368,2975780673718569810785527698641,12392516258493712787321571852068,48380849248565590555653782974294,177213674809627806005024182024964,609455125278289642541583432867222,1969146988251452719605270452830934,5980544324652169420901341454427071,17081636301060870234030995437070526,45899968127429505312974031903542794,116071969777431615798354458679367801,276301921974849015494774747922037954,619248070430148704898343750895694798,1306852699479295983631752411035599572,2597181954788858073836867878215409529,4860723631392128865661576492901713921,8566605018475564807612432397844458811,14216426450270193960453957074505388986,22212095398860863238852482653264111092,32668488386409509640337638702406355892,45218083074724133257056149450030114045,58887452810843759871708634860287453766,72131699349405452619974744038490872770,83074850754106244265675766480719403730,89925508727037977166689944726542130292,91449124717399132044664194883481230037,87328762681650772725920409763436792473,78270743729581900684594951639225578377,65807615998765636532830372721101866706,51873556765527127493437953278973946710,38314060357333636815434899426521258598,26500535948719693517439368448799634884,17154316421717083340920499774485920446,10386086545585968313279544452425473110,5878026803325354652579227045187935400,3107868618748092890725612852585636300,1534301159942909342897321763620713346,706907897676730241761348001449876830,303834043095976755759093785482244527,121782998383599509265251340654478936,45510913924029769030670355959396361,15855509427321250660726339252708365,5149910180021816026626467382108574,1559765232557777272602091895373893,440666976172767766229212389579417,116189043498451404143666403057495,28607588436516861246127865176609,6581733438349722563441429076493,1415845479281566207710710482366,284927670054113078263951241540,53657846213427952218788478696,9456163448962982395908259061,1558870849345334585708674487,240183172334825200966668588,34538395767723761336289819,4626155221527890688193393,575628447518692638404670,66311833853695481477635,7042243657053350677310,685779768499681753892,60828475003768365339,4873034166996304733,348764283159279200,21983393417153090,1197046880509949,54809787761795,2027861815679,56881070200,1075849420,10295056
10 104 1,208,21216,1414608,69347096,2665391664,83647516784,2204074303808,49764576476420,977815667531248,16924305625600048,260569437551912112,3597268226100890120,44828707175655406968,507129460257774783416,5232951613681116606112,49457890965914450103682,429677938520743394395264,3442141479555292971197572,25496797499186128735667216,175051269620597218906247996,1116342609829382806291721976,6625321451839437924525673192,36654415350997711965020993176,189324712892474277245955380280,914176541203565111441888700600,4131528156395746791514900417872,17494757332166862368535961157904,69474987225879326061333613686956,258959585197697560214173054185032,906640190418335234113196185504952,2983419144983206020195184288204880,9232305193751213071333418114421539,26879973407005035024882207651057232,73662216898680853716663411519640324,190065228314438144664781008909350848,461869276100457262146717489406352256,1057265280469064677227130451059994160,2280142793632354809758170705948611928,4633336301579899188750397653816069776,8871492209891202915832981598117706586,16005369300123560859368718338556028232,27206614814636152926508553519492452664,43568833833577696494449989159941320136,65720776068775072028859570761436221870,93361521526658080215723856996067614968,124872230417040415831903698622914313016,157207179387541638685386887014462121480,186228230316179704650179896215617199851,207503889137282466630412956024520744440,217389768327415858389852334146173478156,214039083650432474098283872316520081768,197962357153143304380963863286277074578,171905100193734385943903916421892526240,140081467553614085820410669715694500656,107057585324171352043806298596071193832,76692028084600695889396761135832766635,51466547901877324033198799164989923824,32335985485741216140612278034009616100,19009903093569282954437927903577515968,10451056838028916703267209061708075608,5370244789233681538673850803146610376,2577917961778681608460202514886551728,1155584913305428390038966185382769640,483557403538814934333577119777623523,188848563305020475457700669008158648,68828458712031562508495953494910396,23413009265467057146075622886190112,7435639308077877308552789072851362,2205933979590075280609324083306536,611837391131930838968310371021036,158827585524575446583011643439288,38641901144466341817921786042368,8825434251263880401735091600976,1895571483776420457151622721568,383607961351375650875657532224,73277514843313713565261649462,13233778695462920473045810032,2262262247633039932475361816,366274676644497911511419120,56157811927149292761821199,8145421662596758207024760,1115514976640638286369696,143826857983935232655952,17391408487572111464680,1962747064875976519816,205536297047783008372,19832171248283304976,1748551560005780764,139452300575669536,9935958190399176,622590885683520,33610772836368,1520003008784,55287024208,1516507408,27888224,257920
10 105 1,210,21630,1456630,72135105,2801379252,88847625930,2366424126810,54019959379155,1073383569811910,18791945360846658,292717569108759480,4089467352600083965,51585268228701461205,590845167347896173375,6174470500746876006336,59115669543989993716740,520407028679499326392440,4225559912993070451353120,31733826229254968291355540,220959512413531818003101892,1429514790036049438769731475,8609516187208907273515962645,48352580421150053499924016530,253610549049153793979024176305,1243959184237346329294749747687,5712901334200753596609787720695,24591354623154844520219801715355,99310454941509023219529872894325,376581485277968467306543374016845,1341826016458442223259719295338309,4495614577992659084749703424682350,14170446277200958539687604725604605,42042814112500303319384299146620515,117461220652581110389071589584128370,309131228187482151926059843737292986,766584840375126664427340207411062600,1791610410641187567393926566450777860,3946980272837640723898206043428585795,8197332169119779696544131573300044230,16050613645134620067205297304614257627,29629590931164444394781930750940848475,51565210529492213318362243115583480910,84595414907971410691699743409324024965,130809022484750573600755823191986340380,190612845173870659493245307727192729017,261694328328793181010308616578299974525,338415418715138543700166689423105065100,412086260098415741500670185751056245595,472345558937112805230633528229891546230,509448783894535307246968825191283343397,516808897104038139952460676370649137460,492893763148049663183198205714554467410,441735291774937646558533088411334466860,371822385684891503180920952291724501960,293793430948442267294038398344711505348,217791692857904318746325338328697087495,151386175516571469469029140688814690955,98611154448410501316800183929561507590,60160259287413185168627382147314043630,34354995831802937264167249995615042647,18353889144148826871959908038942594510,9168543732946781684565637452359855550,4280594856056726757016669815829990205,1867093463363278201240512532636184310,760590220390688407958619478429147704,289314407256892577366643570767405365,102752631784301995675414744464544260,34076476188157216853348183142953580,10555158901424441508590369456266605,3055007589559276525619378848554864,826735656648189452417228832234945,209349784630223739698112790150795,49652003920107655824594957951915,11040972014353138842140579022705,2304321781989020319516123893249,451833031951242913555302062295,83306735646640787346900315885,14451462328014674482333388855,2359344698800725338641750980,362459349891529829502034800,52365606019345418726875095,7106234783473190953006440,904159116261185322712335,107580717079096337286890,11928400393670419300950,1226819047592442549315,116341754351657792965,10095663923178746745,793907660499335235,55883645428732275,3465675126819885,185444941588515,8321451242755,300530131650,8187792060,149573760,1374240
10 106 1,212,22048,1499476,75006342,2942861252,94314377044,2538917994936,58590397523203,1177165871183552,20843077012738396,328432104696895928,4642717073189906764,59271298929314105834,687247411734322290970,7272271569412474761944,70520790643783061394293,628953069503723041603538,5175346302422680930109506,39398574780047729254421174,278163407320342357806025921,1825303330043672621596356430,11153670915788674424160836458,63575365527274456368130286974,338538529476884384450187045016,1686413661148493355855731191146,7868316789945125798456726645599,34421448465746670323684704862518,141326096204085602173271205522978,545043367327416193173175896835496,1975977896996344169208387875555790,6738497683380815981004741153581752,21628457163574815301808436056821023,65371339600535098155779403971676588,186138100131716087340352223978551151,499489765679989608340796935698501044,1263546296075235818919277229640761256,3013927149217877358211414091902815040,6780011447986286732887022042748052950,14385987709762938871061242440463949292,28793434877169503409147226465243475209,54362961711881068820954992669919832390,96818653901262514694200603191008215430,162641581432730773525662334897599471334,257674580104555916795225973867230539586,384955849959592194789947175414675591188,542204598978938752605940189497730715450,719820403855637507480118852535054510714,900476275119031772319759166518620140297,1061131812680236166591241470894579489884,1177500230132739084755258548716931985378,1229921853092125275505956864364667637614,1208744461857303603904981555450078222572,1117207500568655706404189192520331303394,970654939327507198200810481769880023380,792329184082610416905034976976752062756,607329929068681282643044707672948741954,436900838007619848487329452426312958812,294805809579135819550989374877037178309,186482397833837229747936825576761517588,110520663328468739751940766477492222446,61335794581903293576003447886126528180,31858218286629802968844867006565862870,15479439414215511026650587456532265482,7032808937268845244536677929534908996,2986677186852507589576789422406711138,1185280610521730754069062618730329615,439507621409623986029990429657110246,152273532829714706529376953041182420,49302294771387181992177681251861232,14922673965458126876259641415238055,4224755240314655583135233801633908,1119590380531798186017575457016162,277991831698477953464160572450360,64745126932437731605910152127616,14162042271868813788731272746186,2913102201470701268415651460759,564224362162367322905556174238,103017841447017039529443406219,17747163384979534961380524654,2886249574941934697059968747,443148117234999284372293484,64199859896260884212456964,8764734885262130516531754,1125262579670250827188127,135445258222018987205820,15222864918632122582167,1589153702433480469032,153073996910508975408,13494196111379395402,1077734074181391824,77007414814046498,4844969421437595,262884288998394,11958549576587,437822438372,12095453724,224156716,2090320
10 107 1,214,22470,1543154,77962447,3090002496,100058597346,2722078684114,63495676847624,1289773875463724,23093554512676000,368065280635943794,5263826153160075034,68002706976077722727,798090903754589505139,8550168347177978543734,83964904527442490196881,758557697864066050864091,6324356557680530521038988,48795975311582429010691427,349263645658693119422023043,2324155127988517940641660999,14406382519702250638834013298,83323426020425578992889661740,450365842191095847697728642265,2277941171036804108575609146814,10795118519623341259750443718540,47983549882699395618525148027722,200243408250082874253088274731120,785234234849782312782708504092601,2895656873906553668990264952529586,10048345866313280715447968206207881,32832081941408467864142322859878983,101060647683872385472361280053674885,293182424910678482084232228410999461,801916845523067298092186336433496635,2068675305466386944323561709776841423,5034277699036410419558476461946360401,11559782218960230523330596573195274287,25049109873973811800314074458391250361,51227759441748010148832045457808395023,98879838114355399347858962016815219556,180134875942766933558537993170991022860,309709159645196335366287689307084526491,502499694747280287715180727729597572123,769278822610661078629739286694588592930,1111016811851136234726028268982312642770,1513392183444863796637914679500858122850,1943857619688497890035025896019665539070,2353591821529404441097971985804705794723,2685389409595176113147709539801020520604,2886245251433475336651244273392689765440,2921022095211558022647981065529314037599,2782429480802643063418010630512898408537,2493449069331626266634860535370297414789,2101123492532351480434461138497258306481,1664006475152378935046645513520804018494,1237884369457819135098006387008249706996,864549553539685182841718892207286820199,566557561724419085992514123977768620416,348178403003649388058504571284259072790,200551618128798578524151489397724240447,108215205484850161472828777506235407607,54673052469603629158459640985473523459,25851571039724066375915012090188666659,11435707962268717718234148554608996213,4731214540145378407632629839677889693,1830347770738581202580419092787889104,662096898464058267026160469892142775,223965357601146533543630747477101945,70865616405607072244384267889722737,20984518234882110460340689735229551,5819429170341639824123934561618160,1512819128772669905998674818408792,369079225773530428575241183871491,84617277790793033460162166315644,18257567366933473221757855623552,3713054979925374372258002500910,712793525319677929739400424216,129332601536126838383012620272,22202782879620633446675375842,3608509068457192463747576678,555276340934315943911706160,80858000638998327645526950,11128476947666323903960734,1444699148946713842743061,176406161525913956790058,20184533956414688429958,2153989627886608113130,213145122907453840261,19421136145286332131,1615762435222460576,121489929207458696,8152506513490316,480540710461791,24370520085399,1033821715330,35216604836,903144200,15500448,133536
10 108 1,216,22896,1587672,81005076,3242971080,106091440488,2916450304704,68756608140966,1411857474128664,25560417731177736,411999926201455896,5960279382876728676,77908395945356448948,925350353319309703956,10035286056517579763940,99784346924923369944093,913006632508871679100368,7711458138633747844576392,60291524181015419580128880,437419576001787980003886960,2951252184280807989700565112,18553241270157047536650872814,108864545290085695932084441708,597136835482143389511322728366,3066044437661525407816109863416,14754800702883641558069585411280,66621582639696048645540147371972,282519497818214576190869567078412,1126192294542705907212489047660064,4223220436577595435220144017072486,14908695251350194729786454759791468,49574924435347512776452415544478677,155360191158860457742590523062356712,459061209803190120063940860554444562,1279451097214328126214574697571612588,3364658862858895025134624161396935898,8351011985795855543127308010257477052,19566365658309929876072283148516273872,43283608436358869063830919140887111564,90412035710541230716040349191469386826,178338337575983963335039743023741905860,332188637945648987869751184099424461018,584295841801300447712653724952971711460,970412190517082232939457209482395813107,1521613194163190836133057229405874501980,2252206636712164008545004048863767867920,3146170535327233088686003929559044981156,4146901214141406828369097910406352458609,5156008366738533857540144280018973545156,6045293419067736804299238901053260146728,6681672682083846875793965730477918428016,6959094254726536779433069566303292778253,6827187566536229521946832095681779859064,6306109554574072844027194815747268501770,5481618854053082917813502204369746339740,4481983578201184083197127479840595037287,3445268936224606663436398456312942515816,2488499159030754506816883397202673228600,1688023079204664691717829377881966292392,1074752392538865117504398712470439436170,641935112747022699863017584298241723976,359496557257814615376825117203444497866,188667329978131380092401837242005231088,92744686091204045816279345808948918072,42685887872692099316494964191715926812,18387492991647585811074027321244394508,7411027016400121324632448955965338756,2794275877616801538730395236980252200,985514041775111394746378151498772224,325150169951043787290823870350925554,100373844067971434878975094372751324,29001855521102653616584385938503327,7847241749247047298859088662226616,1989614629243670921509178748845970,473042541618699234048646662150756,105548692293226248947419707146016,22118997032288784650678606782848,4356527110004247461630457242670,806880473164969638222230057664,140571413259521500414076265648,23035119185862192310882162392,3549023312717177968537391400,513663019859381753003794308,69743861440154982957050046,8866453189764643588200528,1052637516935595593005122,116309840187614157372384,11908694049873262536555,1123557408078206978160,96986647846531396188,7590115862526243060,532221344966328768,32928228428950044,1761057064176696,79145349349968,2868581090214,78574459320,1445063112,13374936
10 109 1,218,23326,1633038,84135901,3401938396,112424393050,3122598947930,74395069076481,1544107155228530,28261967724315334,460651764017384604,6740296601757903919,89131562476833892977,1071245269321791114284,11758479077391779918500,118366387432238325502810,1096713498284288344375506,9382544699218031562857242,74322425986410140862230924,546460797733609575088406512,3737534646137139045018090355,23825447959611290587175543922,141800530640168550526687782483,789162964873941362287986611123,4112517716714307660236980969146,20092692012583481363515933745841,92137862561178265185554456593682,396951246819757623023876789023532,1608119618080633231894109718261161,6130877231725544885382846660778617,22011634562396403832874127367931773,74468758051565845762961739096576744,237531867053208204966714268784874567,714658891981420650813576896393739962,2028987895178491240204790955659825286,5437654195116598535712514761193696161,13759974271111153086415487612502254040,32884863235589570451757114766373581666,74237363999146001741641170941918957519,158325585930998111724231479278129569350,319017780632441775763216037084465603701,607333266294464945121148771087146844445,1092399634044665973170749757019857505219,1856323211157583357542802492546826273098,2979891552794048888765591105768739050916,4518162881712777103383319226549473236018,6469349624234964569057736657371109592034,8745868179734735159493326934789911778942,11160381226424528701516743037510595788297,13438897548061697985881630801345441772652,15265691961256937142093599250933272877279,16352453375299390663590978766615897947836,16511804373694365580578140817588902487144,15709777315409925866036316403603341601325,14077194249250436199095142185426343701587,11874862841672623690551452140655781742638,9425271875667221181354922437927560693275,7035427772222047665676827072436360104364,4936183018648646650973795650609198138089,3253610981176968577751841626698727658479,2013644825484727390414689368101734734118,1169541503799038995536812951429268273267,637153956967623470726619854728397094001,325433785005228287444249400707210231998,155769791265271308963483403482138396916,69846662185524583531670924131160041245,29330836896791966365308230906708092018,11532909778071518224259680802200827574,4245839903159277794375427293600061826,1463659689327260099346964363650647466,472594395718833525738696566672444967,142994461811705058157722388656395035,40573466954296425749097410865941108,10806216513098411742979835772768322,2704816319180692387011595005513090,637175929129238323295868201245625,141497089117153193080693944337379,29673339556340352520717077880464,5886988781343898107200638308014,1106785300240271387697175628140,197473033747483374202736807694,33472388087306510907555098315,5392975311522886351131546006,825809788634082617527388014,120081061373421488627052872,16554498841206559425087434,2158635331050737137924718,265409551350523692400150,30652351839333675098346,3310069372760795815238,332438644245507083924,30858533840255456037,2628157740405530924,203599009485174536,14197557887719275,879805430215571,47670415320053,2211087119152,85297442932,2625183904,60368560,920832,6976
10 110 1,220,23760,1679260,87356610,3567079164,119069281100,3341113345240,80434047527405,1687256095118440,31217845917642340,514471857161570230,7612896183689416730,101831107315406702640,1238267247625029342270,13754795722113146003974,140156269860348676125400,1314815436161497894783060,11391707924045922320806970,91410629123027215729305820,681019405160367007014134932,4720929384915920249123745750,30510303649097386054224659245,184149783415881729609753984570,1039623646871683167819996374860,5497498646389264422048806391342,27263330628560180991636595384545,126940957809149477420872933165590,555478323117289380135115292392130,2286452824808430861829899791194210,8859974251246949950415686479158872,32343320104359268781612097607807880,111298703417293935881721748836561200,361233219198306376242196315997917410,1106332343988144317938841924803255165,3198628245596023909473369957494090406,8733240140128362268448402112132283295,22524163475151296520218888208450715000,54889339435804266052238190598813527690,126408215440088582311225901924892244070,275150922231644121168104400833960481124,566128319643366499829364327792518612080,1101100969811400610385780547293041675695,2024458516026196464340974180385705672800,3518380847714533072917578280234966113775,5779550064350011576874932011373554025980,8972432092453413121703973445375670432610,13162012906308779235541839151636291640590,18240854421234010249936927057607522164735,23876888147136355781777764937639718105670,29512335126318343212354548749719982015441,34434319382152392282812429445623136962530,37913684135739587549651494713302359402685,39378375465144725174900250797110135412040,38566007365167640478428555644136630153945,35600179387907761311899696492987208914772,30960261339227296032111412781986042070710,25354566625919257907565670528276745392670,19543054169612042420512702452296528167035,14170718687729878073519402003530466403080,9661133325874640892848250826931177156263,6189735291284742881994999660149424872120,3724734600849085765781220364927985147535,2104132970128109756315285138581832909380,1115292843421982107992736601994938453865,554419523873459015385206462164012598232,258366401455190179295350900616879046860,112828708337717547320932286198163747040,46159169395281440181493952556440211515,17687124229157320449366874826169224950,6346983686057831004938300522989595226,2132987406146357353503691596307197310,671388328886582855567874783433714165,197985395603312414449856367616057580,54717789621840200015907912049865420,14179698255737786638660446541905940,3447354007237363055814031586842680,786740152735490914055470800514430,168627936699989976999976651968580,33958843458614891783927568649250,6426624061261240348475706112920,1142807676616430228892793710240,190860165857802755357550197845,29909528313492611864402757710,4391772570177167420197237780,603047106391574406346977324,77237163754318422600818600,9197189638916911578651870,1014129636411874894325425,103039253703099131707410,9588778888303517593779,811241455220726600290,61823132332990606930,4194659803610602370,249600384206781740,12767557456433340,546112428132260,18760074143800,485392827920,8410531580,73209070
10 111 1,222,24198,1726346,90668907,3738571464,126038276818,3572605540722,86897686188030,1842082335539976,34449117390762468,573949210700991462,8587963269900939700,116183168860730239923,1429209967213392640146,16063995095762741972278,165665134775881064126964,1573282001048910998588928,13802588781595681036047046,112178047534841546898936126,846686407125002289429656112,5947822358448395181789129329,38963950426909052152927400733,238448969594322347318596906257,1365316517290408025393866046214,7324600360761426581259838273122,36863076784910528965161983293506,174238576472236195565779463071893,774246812070551055977368097602665,3237339556430204675406016043340081,12747361240548376751572854910505118,47302788344603484256379482291835961,165524990064032480347508140392838404,546505064766133905904497218452069861,1703302483022118747401571846958210077,5013503292657131745915882094203283050,13941236791399560631038869290999186670,36635779814605887899719563049192336485,91004709791498216417944505195805063534,213729485282626335878027553784819204984,474650295186530351686962976505090794050,996869034315670342228740218937726943641,1980087107240624053457917345872370136213,3719806760515331150039937306701931063621,6609008539756491222933991087742190739347,11104641624986622555909516011839511548449,17643330200476090376474571762810551900904,26503508101713904836523098873508063513047,37635348884361246603850338194150607545233,50508649615277374650500252948066124517353,64047936104722458402156409189327256451252,76717034206169997757942984086120396606163,86773944658125912990739865737432764380808,92650499248243155993378238533178149156594,93347816472794570183557291300657377835960,88712219103325919826765821080366885781991,79487566914019587442190545084526539888239,67120441749923193636441602810267514065351,53388123228450775809868585720262940886239,39981193237996754090969124985619689073355,28175367816864891965965483658699938625036,18675165956628299743920783809892552163611,11636389243228244850187591611974737169346,6812581351105063426119169713903032156559,3745696777780736094704936812330439989617,1933216678992018271179920561952938841048,936208271011540299025223845044809095060,425255189368304330476639963425299100666,181127778431531298211852642710960154341,72325691805837964096808062524399454993,27073015772934363688530024359049442386,9500423021977383440758029340157993631,3126150960270429328257268931302159738,964983785554826436415871356548172638,279608143295322171218267733124526760,76116429844727154873367579909546374,19489082195058185518912776820088742,4699793586245022303609558593536047,1069114707856443856801614483392843,229817621904148886922389271560469,46767893011511956763238992044995,9026046585339596549230825190305,1654778575976182781008804867479,288563935793487753577782397086,47903203309097631597998809179,7571880577918421568288045609,1139073615484551966199613133,162883745734032174181974814,22096758251812114515465519,2836240502212091156301435,343296361518170127301215,39027835836828682699050,4148016408226074398280,409954292134191548876,37442044556308583916,3137309244211059036,239104745269046262,16403590446194682,1000109154692265,53318837977035,2433630689688,92397165900,2799144720,63373008,951936,7104
10 112 1,224,24640,1774304,94074512,3916596768,133343905184,3817711576704,93811328526552,2009411048639008,37978358430704160,639613535694897568,9676323050443822192,132382788433238977872,1647202130869382955728,18731121238767471126096,195478923627665555603516,1879039021434679918773344,16689933265508560385185760,137364305232316124598816992,1050196399213410417576233248,7474819575495902199956469920,49626812381176202509859473056,307877913124085877056789857440,1787591854735709030230002698848,9727394041526635720032145273264,49671903764235607009600915305920,238288400091359698006142068520416,1075013305815890581283397172698468,4564979721208109527957345973365168,18261291045229611307941137570184320,68866357602839002062528964645374336,244988721531230282214922292258702850,822614491858922036541543069902450720,2608409623042823733103907939380110880,7814015508159803542582521296388170960,22123580143606171243892623767169068544,59218603857720583541825277332948420976,149898812376966091199123720892510465504,358896362566068223312375056231404607680,812911563243606097110849449690344784396,1742101228416138109003419446751126192320,3532584244256586993668420491059772119416,6778216367604112761940556172197146083552,12306624315546457969991415005226508282688,21141834599735477517086719705408251440176,34362874575952341761029248331998022110560,52835526277511044665457043834392768578448,76839264676781076104865816828452645062880,105676038285846356058437989247656438212352,137406305622842569513637367330788201731232,168872846177493924713177808317471223272976,196113830604056141202299721652119717343116,215134769038404768496897496056275831792352,222850085633736706695351451982362568323408,217895575023457920145207070347315157384944,201020118990725109357811731008158660819522,174903172206786351365760179230817468302192,143458059867505839141398741304864620471376,110870300670890541347236565847892437934864,80696708863485966815592715490940210039728,55287810167215907489787480057115170301216,35638233520606276331397099618521166643056,21602137691643851223032289270294356543760,12307084186509426139727959645303238782777,6586927702234146870875372460035208105888,3310419062406720955931499379399290386144,1561619094857857396911667093295696266848,691195986253367131158257014647259459664,286966631490501906919007264290658399968,111730150488269093203758699718847537720,40790937927549741099165650784086726064,13963792919522555702020367604219269260,4482626375809402508227990455058800768,1349731159051462695194806937561327920,381325321540820421863179867094417136,101128078633569163791277271609332136,25188607776934356664334580230782864,5895732927012843277391803340559168,1297505971239500539834936141607168,268606843927832220245371280020229,52322289958874141661962844951936,9590402269012049794394922602024,1653656236164431672786641947072,268052658301172411360752606384,40801424327337669448448571632,5822500630545418946527060072,777296121210921027741977504,96808220781947840278637916,11209981993026080312861904,1201854569479959699444392,118699345206470768598400,10732696313210138835540,881742459696602493696,65202801282209997448,4288855275536915104,247143355207895048,12226954894082768,505076984113856,16727596181632,416447745056,6927406528,57735776
10 113 1,226,25086,1823142,97575161,4101339972,140999050730,4077092192666,101201566095935,2190116892557406,41829748527388074,712038184035256320,10889819411167146017,150645717052632824941,1895743604596404641567,21807140204214920648456,230268373823532364025411,2240109284557614497784095,20141380871952852212024874,167847387451085574279254640,1299645197034119393352757198,9370849083610809350745487737,63042269086565106345812959287,396412662239447967571589920132,2333513482006521444199233275733,12877575378327083563497609457858,66706797171515624276288670695693,324723272134887312575312191869413,1486992371988077689576969665588137,6411432233743343416554480075740840,26050124224397367236214091260700705,99814218867763454121249433904384162,360900458670511856060034026236871820,1232103448764301399447215279615797222,3973690618886589665748066109508885562,12112189141576405744714121618783822376,34906111765924938774473101916199457714,95142505620225505635306989227679513744,245336923233690921647567906322017551674,598639712905007840658559719453765253117,1382485750097382076403716292630106969445,3022085336624680156172038089710367200299,6253786833248713780695946609046875355416,12251543537813510824929255557360173434505,22722358472538795732108739449951873464700,39894895916942207008355920415602028881825,66305961952845384753831374773877398078757,104306922971359901641753587793109845757174,155287844382455492479570525165539136199338,218750435241030289672025176830931388201614,291511849687681776389750979376479200280808,367412354126097220210470630449926275131087,437846790525847016717257500764154132333398,493206439186882687773823472523381736718334,524962065350541389681453700368717407168556,527790987645736134600041956326737214219158,501027556425760588099776180012001069791763,448897186646898421794909445036998369157391,379426890888481165912645958658052973595130,302417614370083716042042399239482055897321,227184406633546906734201702193555775332036,160779903073623353415857985829104401150771,107140308471049425939551243109726354897861,67193496773354904703317819485679370160617,39640801743419825423432091095433134172153,21988316188013401494725732787121694843153,11462506508312155311164159033257153844282,5613377941232690190890896896589367056396,2581464797816386210713971769008846017157,1114483221203818528321077997936776369252,451596102072646962096842289966799506797,171729326745877157239787587754610464138,61285604653652226868870220590074390859,20528534843106304982444839036888192223,6456277341216042477942796581048566293,1907449790179666777153371807930763653,529764511017774007420795656767422433,138445230306319719224146471478496653,34083107841005699492858016644554292,7915058434093884310359920799050399,1736528361182764452950936143126540,360518071343034603091463899570808,70941892033624469183734595968868,13252057592999341535965459895698,2353142763819778153511603568476,397578550248297947292871012177,63947080707177614335340264556,9790255856058729175195764845,1425604657214770468719268405,197140938768521195417905612,25831423882052423876933332,3197568373872214370742853,372553223391968690187193,40676133266877183263794,4140282074040010729905,390519063620249858766,33893054640991905232,2684114297988603985,192012911296835547,12254560231330596,686857179378183,33120066896029,1335831165394,43264958620,1054963480,17215776,141024
10 114 1,228,25536,1872868,101172606,4292989428,149016964356,4351433537592,109096287229287,2385126460288432,46029166989697644,791843262835403688,12241399279495906452,171210374142844199778,2178745029012416115858,25349646213025029526488,270800224969651318163043,2665772119525061034244914,24259517597854324386860888,204667635627329022841159674,1604745859173982250072107644,11719665182188962454030855450,79879191073700085464847457155,509012659608553691842817772360,3037297520979339247154263145446,16995225382564665802303660743558,89289795053350927648513312369029,440971513454421816724788892082894,2049279591129050278653278814823959,8969670304340191789080935832806682,37008163109983897242226691182899303,144041525307926744175518525847467664,529219227830446786249272961376878689,1836528852056741631185846689333929186,6022834416385368837737070152809977231,18674295721646877735084199178378585196,54764725639155084572178383056972055979,151956720767804033597171879280842993706,399049938863710271156164727900472445446,992035617802913128036107852301407725418,2335090409270885353348515434922816221739,5204998888755635950211076404017765107804,10988119465704193264497796019382679157501,21970458762255728718003133004858114375328,41608086764079807325872183072980362991394,74633239932327007635108367029983485582314,126788418598231046726017254430637194920162,203976751711263621229571479747207551757794,310728656413530340501868297892940633859556,448138614737202987678245314616258987009250,611772936102799373269576225499521656646812,790346138366498930055535944997362681093286,966011504968739945683749128622349552486404,1116762067840041871388435111754466582794948,1220717544037684104446645495508441527872494,1261236413835645009336636314310650415952398,1231242644813106673523214878532304772188743,1135232603280762162823727118595172693999818,988185286215751279926717488444027341451364,811733683949713044365145701906821722363720,628944115262727822405070659137641999857319,459440530256044476470149077754528961603340,316268801251238145240486263066185704140868,205060486954011914289592752258468762544118,125168565619615456254832803015060829232655,71893333415508639758177318767223942983548,38838396431360543086481883085796508185516,19725297615359833532103619969831017776790,9414591407439807062182265290306628058729,4221260598679271636721423299697747935336,1777541618284484862637441782569011161834,702816278522693955827655010156183121988,260888912244092459052493725881213957595,90919019560904611128360952109146328466,29749827806835721962955527300570529491,9142097181955714449796714137806759514,2639352197599391213038483995665551017,716230737171901524414668786058175566,182799762842336216333014163652528861,43910204665354789228455705999211002,9934408711492048906840269935432451,2118465120774488170285052170650710,426077541423315437668244548790868,80866648770647470910229347996352,14487743061571357572929140894169,2450222055971882857025402049078,391085082206257896919921657107,58875405988942742436782251444,8351482937851297605101945271,1114682365676298206567839368,139730212269012042946608611,16411637709235620201142800,1800714525056716858642197,183890905441734448008974,17397754204993116005013,1516129464029911968906,120818984955048684365,8723486173405067046,563993195118109821,32152231022299800,1583459470064958,65492174954412,2183265116764,54971156364,928689600,7890016
10 115 1,230,25990,1923490,104868615,4491736976,157411270210,4641447895890,117524727146500,2595420824538340,50604294365990216,879698937429578650,13745203019395607790,194339969227708193375,2500571196149763407795,29423643557561628770302,317949768280994919622400,3166744180389409200683525,29164229181282879772441115,249055583405635033471923105,1977129349605196203426620576,14622826201389827605844965765,100959080396480514668273811890,651849109216615750888296500605,3942091260449263087693026994160,22361669714338485792035053591566,119134445565307109847817905475160,596798600832491015150302418450230,2814019544562602313327815755400045,12500903513452368677994580053625690,52364324657756625297875009353338324,206983885407859304540397456953978570,772568477737579707633647573637144375,2724566585690647464681449177799133775,9083408802539480768379118617062513200,28641434816253361075016772834794879107,85450169848700501779726724213542348210,241299814638073187197564077581952035290,645145786125690255307053101685244896460,1633521984710513296769120051554703988795,3917845978613185313532798982297690315378,8902142777367359110539351196880293160400,19165384818056691978705535897173739365810,39097541869261447237092588953473179700070,75579888569894541071270623493527583696560,138448203172130058970414786213529618733398,240312331832849845620990064294425372201550,395221253997439663058981656638184046742740,615790221937184909043494425905116866827175,908848825760527744770438236397754916009385,1270400696083193748803564132985495366915322,1681473349433867420609154128446260290750920,2106861381510020724223397125039140155630095,2498400806682985713447986434022348925915985,2803104549961360461226543208354560562864280,2974584229495712496859562195621497160436602,2984490811461814811908191734383604777458560,2830137554078760695884194301784484773518385,2535504424312829338303862894437577131937330,2145150384661993609253836155782857073939810,1713154671307671940509064912697611834079021,1290871505030268353178884680343312032205570,917305571609632239519436510614613988180515,614445445645399941488588215892510920901470,387778418817136366700874239128958610087860,230467362035678746128255363039712607495151,128931843369089715653992946247930418579510,67864742460347090161601110597751612144665,33595648125732688270402159169731737661135,15635674248715904839107888727915399449060,6839261694907841434737324012083475019257,2810968313858128682113794504043469906510,1085400379891179637021209786783236761250,393722473196875387874302581511294108700,134180442264424190201780190500153870085,42971533942311686490694368493220911792,12936804941250423427859625323906702240,3663218585740945072815720518106394120,976335302538199905755662239440540065,245143568650587845175382909422842125,58047073500332155883237100332160909,12977382903581376481043576005428695,2742750345874498979922308989118435,548699040042990165532040138795765,104031798467779493115961180753090,18713653784937449106480937063519,3196601412138857156468298805810,518788160008085556860734170180,80004168806970430647089041935,11718734052606903584027480365,1628764917233201756342358697,214446547075500985419539765,26682095888697465469723270,3127378882067030846510600,343922281137496025540695,35312718271787098974052,3365388508159290702210,295609976688664896380,23731726748066374810,1723649313175833170,111851387312324230,6383292240597050,313836224451690,12924119264125,428000762170,10686877780,178862720,1505120
10 116 1,232,26448,1975016,108664972,4697777976,166195972632,4947874427008,126517519499162,2822038181389960,55584718858318584,976328932408373704,15416661243681054188,220324798365239055436,2866088506574286559468,34102411490907061390192,372714883984502371455323,3755383983395427806911912,34995394679223703285767432,302464198391052074041438140,2430697023526397856798935258,18203228863047822169979977176,127288691913420287023968264868,832583004941298466219736481828,5102167414106200108355763481675,29335554253993216957761547499648,158455372892980260068072485564750,805003248749770863081974919826948,3850535100474403536286738260293078,17357486165050197617316263795950308,73801160579992107619737085992899144,296197185531008043649840672764227036,1122887642578929283870000523995564322,4023405448233644288046348120498015804,13632907157474988491689935703451756160,43704688649326202899394423915061825600,132615597273221768747135968909702890301,381018785834901273880968158251040202676,1036857352647192560537511605055942984126,2673171293104777140850301387701879705792,6530761292009156029209138332588661109892,15121849473659707655179550195480740102848,33189944612528899088498291573100224970262,69056960924079810049836185365227857313112,136216449594316984582825116337089058282589,254728948228477893964285550312351794160452,451589029568218861030871877972887251642600,758925536816202373687103486603608817989000,1208941137149922786046131912804605171235169,1825182966428990568256190578272978727244832,2611162650082228676966963699367819023721690,3539199513965038545558624700691082277868852,4543848244101956306129101200082235664691346,5524352701560427728447933074733829410015492,6358526175852671362135369331218166387951636,6926529229530373421344024441476990448547492,7138618474321785166376076591807914567494031,6958188618569998912338282335584193864117624,6412033071453405278285301907917524817827498,5583897478936939613900609567796475193747296,4593433170970448364320984760230864516218772,3567833182000946677155473978203219175782268,2615422567903033647469339718482929192344244,1808623656436695313171803413726300142595900,1179288879162020659671546190557118893120857,724694075491789275161079777444236369543644,419519007598965951848745405873518550434394,228674278872067694996805297973968964268964,117319008054493001468599557128799423893193,56628666801486111109510964714877886388488,25708262117812849720221573536269966698464,10973746276784465386799812694526959994120,4403444799601362394156621104459320491353,1660865123625747106102250020879415050392,588810016630419581118061827561895343440,196228848318934754520664587005276078948,61489968995551998007820664651105044155,18124668246879920641518639831496293796,5028017515313630951654266537456704642,1313668278529497742737200562770010344,323517128318863909096004120314623602,75169246671869811975204867958996560,16495104801063711246621243058172368,3422100234807231782868224276190064,671874539793048865323438956604920,124948834260907536006805133341680,22026328235226850727117019425888,3682422818837517918016728443932,583975970696123333639602132167,87833907619098524456166296344,12522630775792405697003720022,1690651779503162593440770844,215807893149336363173748568,25989713348018135495017408,2944568309574173702409208,312713639874904197124004,30988360789201641415518,2849304449881589215044,241429432250346918714,18695044524410814956,1309520697983744587,81932682614216632,4506325113360556,213387446671656,8456750797456,269260030328,6457299384,103685440,836128
10 117 1,234,26910,2027454,112563477,4911311340,175385463162,5271479918874,136106749381005,3066076595617802,61002047925171054,1082514240488238948,17272598430314819475,249484727786957095113,3280716844548829231455,39468459947367049122108,436231725444151598539071,4445923029435090475336818,41915965334031833167583161,366606170170029068345356329,2982033182478593784260613348,22609295672249395065660066090,160099165237364419767024440727,1060702904253464222334049200384,6585624600525158964666802270476,38372892151071749576996714945103,210106763663546375443890233427366,1082309398558039948596684121657634,5250693593583758013687010614745395,24013116917674305993658502566931664,103614069350817705368480681627979852,422144874622426383316563103704758886,1625087731548818883715921979585741466,5914701893625674975888726886427391589,20364260322887483550998549290623109665,66358400144188317554510951254898890482,204739208399192155552980802387545176684,598337934599307906695311988124817964943,1656809707176503334010568842785433464129,4348087949386273162469530009591935367011,10817392395350849592635362100641152844152,25516748122998693156420331538242640713986,57077934077554128580969365462671360028024,121086463768462068878902609894701675044691,243632306378355828058366252242492380946723,464940562613664167773975109635548429560649,841548260447496789888490675863435586565775,1444642174044533184138154006701112091600658,2351836965049274124609138332747086609936320,3630542643993546513002898183988806981012387,5313628367950331168503211080604876655002733,7372088446218983116626530938761601714193685,9693507194222187269484932567791302354404934,12077052595422572791259813954045607167343897,14253346342945588903376181415026844764196251,15930261265023977982098424812171461193826519,16855514299814275030948636622330379428414478,16878199692140935573631115439398027865845945,15988837574496571576456835844770728917010518,14323409223673171549610024365498044770822544,12129363735019541149524048198270607953717363,9705265868072091608495209782878059529318826,7334388025105654636040709025145485132846131,5232528482944463878469643616033810812492748,3522504904527153855386227634146630556831124,2236576574092037626149772887945525394374705,1338780278696544300701259451315472528911335,755150774627449188408181217863544216761500,401208378445224331184563631462835882167904,200697979336067797326920647232561403514767,94491671285023358375419229421011604901194,41858494646641303068677654494433625266307,17442230361153560903225362647096458913293,6835500800191241758752868731958192570248,2519121710938430490511352136655029720345,873060224989235958996455997268861910598,284585020506585545101650535003774842780,87269904288843576135971072645386192644,25186707503963890602886723121733240525,6844794995597983465056122617923559419,1752724365379859754923333943155166765,423213220967342194701167666221701693,96440418804345952148102572261080192,20758263763329553552879243580252388,4224030743483304355183551645529074,813221090437486064744847602488401,148224554143222067342838111256749,25589555367067951916704522238673,4185322479789015779993745304299,648453423162522247800993172944,95129834699717690861690613561,13202842772925354978910512963,1731205887409097228086112844,214061820545994168551328525,24896542172124638862101853,2714697403600921292444202,276359122665552105821382,26129135342489908156155,2279572902551725668693,182039341877309375719,13174189675451722476,853293405257670780,48682095216905943,2395957014888957,98875398662370,3283817620005,82274385024,1382223492,11679408
10 118 1,236,27376,2080812,116565946,5132539564,184994527612,5613059555288,146326007831409,3328696850558488,66890025273183476,1199097049397255408,19331343748564020112,282171877963510578542,3750486233180449169502,45614584592402594706136,509792223819614394023102,5254726646287471110475728,50115479064864248717114087,443496970165884606421069226,3650887149705729822465567803,28019927216258100952960406140,200892876745404460070566087552,1347934435677933583997562897702,8477703420941135717419964158906,50052003642717137306570966343472,277756958545733648244307230605443,1450506117531306218929613229719260,7135859998485925804204818219270242,33102526324092397825783311013017154,144923566910474159077778155097807840,599263181653656697502014065697186604,2342072328652829497659108195687384889,8656832935802453806268711779377918544,30278652604275048084482715461206794376,100264802677255172503281551089032658724,314474425528596497344956803166608419397,934574238914480026870266193518487275220,2632561128009540573664747869389572687874,7030769606491260376391145431362388264404,17806997390534819609728940074737973167327,42778616549103463493782084708963602634368,97493968090815283878410926460980397441424,210810983389076479235833870664208651127356,432519941594728403538334947162214234101419,842041387150460748933932767430434838750390,1555524036834060122867380553809406450967405,2726607854189825196614350603176255630122832,4534647463442069825334879621927153858520018,7154799330799286505267367114740387095062792,10708508867302088630605529968424767478821378,15200903688033551329098730653376924007470646,20461477945771045366885263334373302252599170,26111843363537067907897838410797350464719396,31583812973720243359094673726739876828311744,36199271863612152126204049789224890326849424,39301917677751421579453361902565669637786499,40407853348994120949832056158051285720731206,39328295545954448737139498767503464146789663,36221904865282405517320903426541125884369298,31556939064880680086888125420533378993194340,25995520195520247791818526604275119423414956,20239415167169398427533236368768083754720863,14886869947145400532799272762983619200557380,10340011216179954949508163962904656890485608,6778832258422740529483594262083767255186736,4192849199474127484497641520117789906763993,2445631884706394941868798078957811546979566,1344662749723266785488205055066250112144728,696624393206161203528764470139505110218296,339925296130094394567880587542602894422044,156179173428702230902209089421327077234202,67545644648850513027620609709606096648536,27492652741696122660351555623885153400722,10530016090203616225026442251119919456691,3795136562365146995837619930554953829154,1287232590401745618068393622296868712711,410982029264032221571912529332244249570,123565152276049473926212122114060713764,35004111768854371150219749986845058284,9349932945581582968500650794261584813,2356969970725095904005674104936230834,561323722282750245556346086102444982,126444908513146494677714189224337088,26975707156272391149939373928501538,5457572671735264262004969973322136,1048432285116842705998147272373925,191472948655132395600136612289572,33275781368166301164072185162763,5506906123635061716451110936124,868141317742922634630845069486,130354947448402849567548981410,18631486082228166928037172138,2531825614961503551170455084,326518670743448230898059219,39867412841077754308807730,4594394951215294283188638,497861767404672315999582,50503054741739998433792,4770593343714034335074,417063068998499337379,33501930567608522896,2451660161163166292,161770950116839336,9503756177505540,489227620713780,21612289068508,796406598516,23495238656,520101520,7676608,56640
10 119 1,238,27846,2135098,120674211,5361668760,195038353202,5973437697394,157210447859738,3611125405495104,73284653444030028,1326984897354654734,21612849520864342664,318773522110348647531,4282098657178139715875,52645030399841578616827,594863603413607751512548,6200588017752028129761700,59814066885732817704470515,535504504176103286228623499,4460735682704418079454427341,34650348942295107371013854633,251499429335841159565421379428,1708735767579521287644640325737,10884849577505932389774487613294,65104470083469279052222039190210,366108009669122374357547953733596,1937900401644492073163160234602342,9665880655415396840692914402258924,45473474223759470479082303716130478,201957381709056277177886980182439847,847397428599215569516674151847248803,3361608867822146898592159651989923579,12615813670338475237752284615706770044,44816485165326813070256897489885236425,150776693499230330062365154822243237488,480616717006443355275386466001854348857,1452120319665938792732150510925992053331,4160007949190975457003540518109279421013,11303201649594832613462344882274603082222,29136190142156967989630010556352530867689,71265200039125042916081384493390707084396,165427362702325382658127818618477391042604,364482627229289095484115494687580059959023,762296881758751153300866995053121278625428,1513462580462127174746806723300363096790330,2852506657249004097820165985671704470834043,5103658058771723966418727409788577887586655,8667914641999236072322501045704136982854191,13973018104037676903583138521900291911686352,21377616437226091433895711084807081561512936,31035562913700635545558460576628059039968912,42748052579227709455804594441532567139174658,55852430122314700722482966696886960347525757,69204997947351918628787370872633141714132092,81300164819091243501626898797108258642190027,90527727775631957918538665375774278843593362,95515718891671441222428650041542618876078260,95461352426062181404953390536248144503502918,90341341967243320504108072156161254789171950,80926238588799794766175288970606322606662879,68590727836074987852109047647290354301336961,54984055901870697824418768251814243821235328,41669600402325921341268940763947370793520598,29841743135797022896041389097223620766904336,20186416064996413818480026343193978360295028,12892319046373701242735851311889944590897165,7770469319883377322736636638834201339265222,4417932259869448385305519498016857018701280,2368450815491526320570273618002276875220175,1196771850268022113187266331058141881190422,569773785456888285056159000117422850203255,255504673452640518153122095817695125432489,107891036690918486107358230096433041949946,42891945791575925798209428311448148999379,16051585476858475908594351541164306596447,5654565131603563126187432997874489587346,1875213402753013344201514040973134903796,585532020023892210064987926713286106743,172197080214040501950365304208259025545,47714442646358913552432483396439461464,12463459512305695368801378491871132169,3070721064653115718637109192023011570,714038921798142071139065014599564146,156801230600507077013478635462402532,32536149612703346145628201472877997,6382140109410442768021647846985953,1183776199730178918940438284815249,207632798021068463072136796570882,34430537824738981884407040497003,5394754421564644387531652161209,797963825639842972738861189510,111279192289563713502921446235,14605548759613825346332580672,1800321929631496089103559946,207846974254596393778122985,22401397812055283653866983,2245001644023020164430568,208194190539750726565164,17760895646431834773324,1383696202330311258186,97553915645330367524,6152656572531471191,341977884889640314,16420853584984863,662636442122228,21583192381569,532171369961,8831891544,74007052
10 120 1,240,28320,2190320,124890120,5598908688,205532535760,6353468679360,168796842018540,3914657463569360,80224322208561936,1467155068128222480,24138817766999943330,359715213978916144800,4882995468082692108540,60676773703779935884688,693110115558762192763380,7305059230739646164436000,71267014153223884144585020,645406285070280866904151200,5439438086193914389742073726,42759002251403056044405727240,314142439033336891165593684840,2160895892448468672424774559760,13939681685043207468917290316805,84453464380009233625914094080432,481171106533954541316671285994780,2581163914661848373724517508405840,13050658045819314571571076959309460,62254672125698835319476768578210520,280424154831203626977812110647149608,1193732210148433820705770818598884120,4805698527012344285608707808557300300,18308091187685908805143607998098272200,66041428712291987844384212075528099520,225683497984750122834797237574166636416,730955978079000403340121563136170372920,2244737028879662964371447110618522288920,6538458461829003733132129614077825421960,18069788120564076284130417733531191846720,47392664684602745091378661346585806487193,117989561686714726642655562232952573537520,278886035149863090700104417393391150799060,625921821181200904688924844230384633157360,1334033628758796209764908191942727708386430,2700190821230436813300624069442911155854368,5190578181851835483210107025009154534968540,9476079631089229739847503698941296595876600,16429235850010387303684502582988680938259810,27049054090253193598643339644586584272444600,42285351085487993417430534796245681223708116,62758869157077365273696993041115080004003160,88417694570666390829156701265293256128935380,118222880056150831512956383271863410749036880,149992525996018906245856653355572988679596780,180525832449890194116548238475019252133857856,206060852488068087447311221718465555498606520,223003670592129834636719118838248651151348400,228745522481015059390293977421726358140547140,222316238481904349027291608000557138582444240,204650373020785839149156488522415772740528626,178366392839773444089114252478622762825774760,147130079074458120139973306998827943986182880,114815404222583066844479963853751490961660360,84727837864676749294782256660824674556571620,59100693709964360671420603532092326572221896,38950289413735893263357065112427906879605660,24243295805193686430675967319532518748422040,14244565695488639473553602709189020436497350,7897733857798315408598605662522408467876400,4130280094681403989768342925416135034075328,2036671852182877819523778107747620766239440,946641166528015272675463142596937805603670,414622937087648674457519946098181642244560,171093774435994814767278429575704999455840,66507764703862804766546407003788728005640,24353089749157815415410981993974740667850,8400691727582015374973067940415924327760,2730535411366544774616075738863881929580,836582665088057551842764594664995341440,241726854516012346547040443511470545284,65917002700769712740683080755862843480,16978717601816699315789234215634728980,4135241081941022065884432946158067080,953471682808725580594393752377681160,208403405102611889582404572604967688,43242236727740097144955979817958500,8529912604412708525187005564625680,1601832851494007640493831945916760,286724621609535381947939733825240,48968690022866596947403203002824,7984633139899554548972585531640,1243247455454308117219506568980,184791781983094807403063062360,26196199643108509290905312400,3536511669926955381355750728,453719234658939357416109880,55172069502691473260964120,6338317160064372362259180,685351631692350170119560,69446438635462436320188,6561764898364045761000,574834001522797636680,46381258074795177600,3420247018815173580,228396715788719456,13658497845654600,721471746789600,33079639554740,1286790301200,41164726320,1035288320,19072320,226560,1280
