# r s k E_even E_odd   (E_inf = odd e<=E_odd and even 2<=e<=E_even; E_odd=-1 means none)
4 2 3 0 -1
4 2 4 0 -1
4 2 5 0 -1
4 2 6 0 -1
4 2 7 0 -1
4 2 8 0 -1
4 2 9 0 -1
4 2 10 0 -1
4 2 11 0 -1
4 2 12 0 -1
4 2 13 2 1
4 2 14 2 1
4 2 15 2 1
4 2 16 2 1
4 2 17 2 1
4 2 18 2 1
4 2 19 2 1
4 2 20 2 1
4 2 21 2 1
4 2 22 2 1
4 2 23 2 1
4 2 24 4 1
4 2 25 4 3
4 2 26 4 3
4 2 27 4 3
4 2 28 4 3
4 2 29 4 3
4 2 30 4 3
4 2 31 4 3
4 2 32 4 3
4 2 33 4 3
4 2 34 4 3
4 2 35 6 5
4 2 36 6 5
4 2 37 6 5
4 2 38 6 5
4 2 39 6 5
4 2 40 6 5
4 2 41 6 5
4 2 42 6 5
4 2 43 6 5
4 2 44 6 5
4 2 45 8 7
4 2 46 8 7
4 2 47 8 7
4 2 48 8 7
4 2 49 8 7
4 2 50 8 7
4 2 51 8 7
4 2 52 8 7
4 2 53 8 7
4 2 54 8 7
4 2 55 10 9
4 2 56 10 9
4 2 57 10 9
4 2 58 10 9
4 2 59 10 9
4 2 60 10 9
5 2 3 0 -1
5 2 4 0 -1
5 2 5 0 -1
5 2 6 0 -1
5 2 7 0 -1
5 2 8 0 -1
5 2 9 0 -1
5 2 10 0 -1
5 2 11 0 -1
5 2 12 0 -1
5 2 13 0 -1
5 2 14 0 -1
5 2 15 0 -1
5 2 16 0 -1
5 2 17 0 -1
5 2 18 0 -1
5 2 19 0 -1
5 2 20 2 1
5 2 21 2 1
5 2 22 2 1
5 2 23 2 1
5 2 24 2 1
5 2 25 2 1
5 2 26 2 1
5 2 27 2 1
5 2 28 2 1
5 2 29 2 1
5 2 30 2 1
5 2 31 2 1
5 2 32 2 1
5 2 33 2 1
5 2 34 2 1
5 2 35 2 1
5 2 36 4 3
5 2 37 4 3
5 2 38 4 3
5 2 39 4 3
5 2 40 4 3
5 2 41 4 3
5 2 42 4 3
5 2 43 4 3
5 2 44 4 3
5 2 45 4 3
5 2 46 4 3
5 2 47 4 3
5 2 48 4 3
5 2 49 4 3
5 2 50 4 3
5 2 51 4 3
5 2 52 6 5
5 2 53 6 5
5 2 54 6 5
5 2 55 6 5
5 2 56 6 5
5 2 57 6 5
5 2 58 6 5
5 2 59 6 5
5 2 60 6 5
5 3 3 0 -1
5 3 4 0 -1
5 3 5 0 -1
5 3 6 0 -1
5 3 7 0 -1
5 3 8 2 1
5 3 9 2 1
5 3 10 2 1
5 3 11 2 1
5 3 12 2 1
5 3 13 2 1
5 3 14 4 3
5 3 15 4 3
5 3 16 4 3
5 3 17 4 3
5 3 18 4 3
5 3 19 4 3
5 3 20 6 5
5 3 21 6 5
5 3 22 6 5
5 3 23 6 5
5 3 24 6 5
5 3 25 6 5
5 3 26 6 5
5 3 27 8 7
5 3 28 8 7
5 3 29 8 7
5 3 30 8 7
5 3 31 8 7
5 3 32 8 7
5 3 33 10 9
5 3 34 10 9
5 3 35 10 9
5 3 36 10 9
5 3 37 10 9
5 3 38 10 9
5 3 39 12 11
5 3 40 12 11
5 3 41 12 11
5 3 42 12 11
5 3 43 12 11
5 3 44 12 11
5 3 45 14 13
5 3 46 14 13
5 3 47 14 13
5 3 48 14 13
5 3 49 14 13
5 3 50 14 13
5 3 51 16 15
5 3 52 16 15
5 3 53 16 15
5 3 54 16 15
5 3 55 16 15
5 3 56 16 15
5 3 57 18 17
5 3 58 18 17
5 3 59 18 17
5 3 60 18 17
6 2 3 0 -1
6 2 4 0 -1
6 2 5 0 -1
6 2 6 0 -1
6 2 7 0 -1
6 2 8 0 -1
6 2 9 0 -1
6 2 10 0 -1
6 2 11 0 -1
6 2 12 0 -1
6 2 13 0 -1
6 2 14 0 -1
6 2 15 0 -1
6 2 16 0 -1
6 2 17 0 -1
6 2 18 0 -1
6 2 19 0 -1
6 2 20 0 -1
6 2 21 0 -1
6 2 22 0 -1
6 2 23 0 -1
6 2 24 0 -1
6 2 25 0 -1
6 2 26 0 -1
6 2 27 0 -1
6 2 28 2 -1
6 2 29 2 1
6 2 30 2 1
6 2 31 2 1
6 2 32 2 1
6 2 33 2 1
6 2 34 2 1
6 2 35 2 1
6 2 36 2 1
6 2 37 2 1
6 2 38 2 1
6 2 39 2 1
6 2 40 2 1
6 2 41 2 1
6 2 42 2 1
6 2 43 2 1
6 2 44 2 1
6 2 45 2 1
6 2 46 2 1
6 2 47 2 1
6 2 48 2 1
6 2 49 4 3
6 2 50 4 3
6 2 51 4 3
6 2 52 4 3
6 2 53 4 3
6 2 54 4 3
6 2 55 4 3
6 2 56 4 3
6 2 57 4 3
6 2 58 4 3
6 2 59 4 3
6 2 60 4 3
6 3 3 0 -1
6 3 4 0 -1
6 3 5 0 -1
6 3 6 0 -1
6 3 7 0 -1
6 3 8 0 -1
6 3 9 0 -1
6 3 10 0 -1
6 3 11 0 -1
6 3 12 2 1
6 3 13 2 1
6 3 14 2 1
6 3 15 2 1
6 3 16 2 1
6 3 17 2 1
6 3 18 2 1
6 3 19 2 1
6 3 20 2 1
6 3 21 4 3
6 3 22 4 3
6 3 23 4 3
6 3 24 4 3
6 3 25 4 3
6 3 26 4 3
6 3 27 4 3
6 3 28 4 3
6 3 29 6 3
6 3 30 6 5
6 3 31 6 5
6 3 32 6 5
6 3 33 6 5
6 3 34 6 5
6 3 35 6 5
6 3 36 6 5
6 3 37 6 5
6 3 38 8 7
6 3 39 8 7
6 3 40 8 7
6 3 41 8 7
6 3 42 8 7
6 3 43 8 7
6 3 44 8 7
6 3 45 8 7
6 3 46 8 7
6 3 47 10 9
6 3 48 10 9
6 3 49 10 9
6 3 50 10 9
6 3 51 10 9
6 3 52 10 9
6 3 53 10 9
6 3 54 10 9
6 3 55 12 9
6 3 56 12 11
6 3 57 12 11
6 3 58 12 11
6 3 59 12 11
6 3 60 12 11
6 4 3 0 -1
6 4 4 0 -1
6 4 5 0 -1
6 4 6 2 1
6 4 7 2 1
6 4 8 2 1
6 4 9 2 1
6 4 10 2 1
6 4 11 4 3
6 4 12 4 3
6 4 13 4 3
6 4 14 4 3
6 4 15 4 3
6 4 16 6 5
6 4 17 6 5
6 4 18 6 5
6 4 19 6 5
6 4 20 6 5
6 4 21 8 7
6 4 22 8 7
6 4 23 8 7
6 4 24 8 7
6 4 25 10 9
6 4 26 10 9
6 4 27 10 9
6 4 28 10 9
6 4 29 10 9
6 4 30 12 11
6 4 31 12 11
6 4 32 12 11
6 4 33 12 11
6 4 34 12 11
6 4 35 14 13
6 4 36 14 13
6 4 37 14 13
6 4 38 14 13
6 4 39 16 15
6 4 40 16 15
6 4 41 16 15
6 4 42 16 15
6 4 43 16 15
6 4 44 18 17
6 4 45 18 17
6 4 46 18 17
6 4 47 18 17
6 4 48 18 17
6 4 49 20 19
6 4 50 20 19
6 4 51 20 19
6 4 52 20 19
6 4 53 22 21
6 4 54 22 21
6 4 55 22 21
6 4 56 22 21
6 4 57 22 21
6 4 58 24 23
6 4 59 24 23
6 4 60 24 23
7 2 3 0 -1
7 2 4 0 -1
7 2 5 0 -1
7 2 6 0 -1
7 2 7 0 -1
7 2 8 0 -1
7 2 9 0 -1
7 2 10 0 -1
7 2 11 0 -1
7 2 12 0 -1
7 2 13 0 -1
7 2 14 0 -1
7 2 15 0 -1
7 2 16 0 -1
7 2 17 0 -1
7 2 18 0 -1
7 2 19 0 -1
7 2 20 0 -1
7 2 21 0 -1
7 2 22 0 -1
7 2 23 0 -1
7 2 24 0 -1
7 2 25 0 -1
7 2 26 0 -1
7 2 27 0 -1
7 2 28 0 -1
7 2 29 0 -1
7 2 30 0 -1
7 2 31 0 -1
7 2 32 0 -1
7 2 33 0 -1
7 2 34 0 -1
7 2 35 0 -1
7 2 36 2 1
7 2 37 2 1
7 2 38 2 1
7 2 39 2 1
7 2 40 2 1
7 2 41 2 1
7 2 42 2 1
7 2 43 2 1
7 2 44 2 1
7 2 45 2 1
7 2 46 2 1
7 2 47 2 1
7 2 48 2 1
7 2 49 2 1
7 2 50 2 1
7 2 51 2 1
7 2 52 2 1
7 2 53 2 1
7 2 54 2 1
7 2 55 2 1
7 2 56 2 1
7 2 57 2 1
7 2 58 2 1
7 2 59 2 1
7 2 60 2 1
7 3 3 0 -1
7 3 4 0 -1
7 3 5 0 -1
7 3 6 0 -1
7 3 7 0 -1
7 3 8 0 -1
7 3 9 0 -1
7 3 10 0 -1
7 3 11 0 -1
7 3 12 0 -1
7 3 13 0 -1
7 3 14 0 -1
7 3 15 0 -1
7 3 16 2 1
7 3 17 2 1
7 3 18 2 1
7 3 19 2 1
7 3 20 2 1
7 3 21 2 1
7 3 22 2 1
7 3 23 2 1
7 3 24 2 1
7 3 25 2 1
7 3 26 2 1
7 3 27 2 1
7 3 28 4 3
7 3 29 4 3
7 3 30 4 3
7 3 31 4 3
7 3 32 4 3
7 3 33 4 3
7 3 34 4 3
7 3 35 4 3
7 3 36 4 3
7 3 37 4 3
7 3 38 4 3
7 3 39 6 5
7 3 40 6 5
7 3 41 6 5
7 3 42 6 5
7 3 43 6 5
7 3 44 6 5
7 3 45 6 5
7 3 46 6 5
7 3 47 6 5
7 3 48 6 5
7 3 49 6 5
7 3 50 8 7
7 3 51 8 7
7 3 52 8 7
7 3 53 8 7
7 3 54 8 7
7 3 55 8 7
7 3 56 8 7
7 3 57 8 7
7 3 58 8 7
7 3 59 8 7
7 3 60 8 7
7 4 3 0 -1
7 4 4 0 -1
7 4 5 0 -1
7 4 6 0 -1
7 4 7 0 -1
7 4 8 0 -1
7 4 9 2 1
7 4 10 2 1
7 4 11 2 1
7 4 12 2 1
7 4 13 2 1
7 4 14 2 1
7 4 15 4 1
7 4 16 4 3
7 4 17 4 3
7 4 18 4 3
7 4 19 4 3
7 4 20 4 3
7 4 21 4 3
7 4 22 6 5
7 4 23 6 5
7 4 24 6 5
7 4 25 6 5
7 4 26 6 5
7 4 27 6 5
7 4 28 8 7
7 4 29 8 7
7 4 30 8 7
7 4 31 8 7
7 4 32 8 7
7 4 33 8 7
7 4 34 10 9
7 4 35 10 9
7 4 36 10 9
7 4 37 10 9
7 4 38 10 9
7 4 39 10 9
7 4 40 10 9
7 4 41 12 11
7 4 42 12 11
7 4 43 12 11
7 4 44 12 11
7 4 45 12 11
7 4 46 12 11
7 4 47 14 13
7 4 48 14 13
7 4 49 14 13
7 4 50 14 13
7 4 51 14 13
7 4 52 14 13
7 4 53 16 15
7 4 54 16 15
7 4 55 16 15
7 4 56 16 15
7 4 57 16 15
7 4 58 16 15
7 4 59 18 15
7 4 60 18 17
7 5 3 0 -1
7 5 4 0 -1
7 5 5 0 -1
7 5 6 2 1
7 5 7 2 1
7 5 8 2 1
7 5 9 2 1
7 5 10 4 3
7 5 11 4 3
7 5 12 4 3
7 5 13 4 3
7 5 14 6 5
7 5 15 6 5
7 5 16 6 5
7 5 17 6 5
7 5 18 8 7
7 5 19 8 7
7 5 20 8 7
7 5 21 8 7
7 5 22 10 9
7 5 23 10 9
7 5 24 10 9
7 5 25 10 9
7 5 26 12 11
7 5 27 12 11
7 5 28 12 11
7 5 29 14 13
7 5 30 14 13
7 5 31 14 13
7 5 32 14 13
7 5 33 16 15
7 5 34 16 15
7 5 35 16 15
7 5 36 16 15
7 5 37 18 17
7 5 38 18 17
7 5 39 18 17
7 5 40 18 17
7 5 41 20 19
7 5 42 20 19
7 5 43 20 19
7 5 44 20 19
7 5 45 22 21
7 5 46 22 21
7 5 47 22 21
7 5 48 22 21
7 5 49 24 23
7 5 50 24 23
7 5 51 24 23
7 5 52 24 23
7 5 53 26 25
7 5 54 26 25
7 5 55 26 25
7 5 56 26 25
7 5 57 28 27
7 5 58 28 27
7 5 59 28 27
7 5 60 28 27
8 2 3 0 -1
8 2 4 0 -1
8 2 5 0 -1
8 2 6 0 -1
8 2 7 0 -1
8 2 8 0 -1
8 2 9 0 -1
8 2 10 0 -1
8 2 11 0 -1
8 2 12 0 -1
8 2 13 0 -1
8 2 14 0 -1
8 2 15 0 -1
8 2 16 0 -1
8 2 17 0 -1
8 2 18 0 -1
8 2 19 0 -1
8 2 20 0 -1
8 2 21 0 -1
8 2 22 0 -1
8 2 23 0 -1
8 2 24 0 -1
8 2 25 0 -1
8 2 26 0 -1
8 2 27 0 -1
8 2 28 0 -1
8 2 29 0 -1
8 2 30 0 -1
8 2 31 0 -1
8 2 32 0 -1
8 2 33 0 -1
8 2 34 0 -1
8 2 35 0 -1
8 2 36 0 -1
8 2 37 0 -1
8 2 38 0 -1
8 2 39 0 -1
8 2 40 0 -1
8 2 41 0 -1
8 2 42 0 -1
8 2 43 2 1
8 2 44 2 1
8 2 45 2 1
8 2 46 2 1
8 2 47 2 1
8 2 48 2 1
8 2 49 2 1
8 2 50 2 1
8 2 51 2 1
8 2 52 2 1
8 2 53 2 1
8 2 54 2 1
8 2 55 2 1
8 2 56 2 1
8 2 57 2 1
8 2 58 2 1
8 2 59 2 1
8 2 60 2 1
8 3 3 0 -1
8 3 4 0 -1
8 3 5 0 -1
8 3 6 0 -1
8 3 7 0 -1
8 3 8 0 -1
8 3 9 0 -1
8 3 10 0 -1
8 3 11 0 -1
8 3 12 0 -1
8 3 13 0 -1
8 3 14 0 -1
8 3 15 0 -1
8 3 16 0 -1
8 3 17 0 -1
8 3 18 0 -1
8 3 19 0 -1
8 3 20 2 -1
8 3 21 2 1
8 3 22 2 1
8 3 23 2 1
8 3 24 2 1
8 3 25 2 1
8 3 26 2 1
8 3 27 2 1
8 3 28 2 1
8 3 29 2 1
8 3 30 2 1
8 3 31 2 1
8 3 32 2 1
8 3 33 2 1
8 3 34 2 1
8 3 35 4 3
8 3 36 4 3
8 3 37 4 3
8 3 38 4 3
8 3 39 4 3
8 3 40 4 3
8 3 41 4 3
8 3 42 4 3
8 3 43 4 3
8 3 44 4 3
8 3 45 4 3
8 3 46 4 3
8 3 47 4 3
8 3 48 4 3
8 3 49 6 3
8 3 50 6 5
8 3 51 6 5
8 3 52 6 5
8 3 53 6 5
8 3 54 6 5
8 3 55 6 5
8 3 56 6 5
8 3 57 6 5
8 3 58 6 5
8 3 59 6 5
8 3 60 6 5
8 4 3 0 -1
8 4 4 0 -1
8 4 5 0 -1
8 4 6 0 -1
8 4 7 0 -1
8 4 8 0 -1
8 4 9 0 -1
8 4 10 0 -1
8 4 11 0 -1
8 4 12 2 1
8 4 13 2 1
8 4 14 2 1
8 4 15 2 1
8 4 16 2 1
8 4 17 2 1
8 4 18 2 1
8 4 19 2 1
8 4 20 4 3
8 4 21 4 3
8 4 22 4 3
8 4 23 4 3
8 4 24 4 3
8 4 25 4 3
8 4 26 4 3
8 4 27 4 3
8 4 28 6 5
8 4 29 6 5
8 4 30 6 5
8 4 31 6 5
8 4 32 6 5
8 4 33 6 5
8 4 34 6 5
8 4 35 6 5
8 4 36 8 7
8 4 37 8 7
8 4 38 8 7
8 4 39 8 7
8 4 40 8 7
8 4 41 8 7
8 4 42 8 7
8 4 43 8 7
8 4 44 10 7
8 4 45 10 9
8 4 46 10 9
8 4 47 10 9
8 4 48 10 9
8 4 49 10 9
8 4 50 10 9
8 4 51 10 9
8 4 52 12 9
8 4 53 12 11
8 4 54 12 11
8 4 55 12 11
8 4 56 12 11
8 4 57 12 11
8 4 58 12 11
8 4 59 12 11
8 4 60 14 11
8 5 3 0 -1
8 5 4 0 -1
8 5 5 0 -1
8 5 6 0 -1
8 5 7 2 1
8 5 8 2 1
8 5 9 2 1
8 5 10 2 1
8 5 11 2 1
8 5 12 4 1
8 5 13 4 3
8 5 14 4 3
8 5 15 4 3
8 5 16 4 3
8 5 17 4 3
8 5 18 6 5
8 5 19 6 5
8 5 20 6 5
8 5 21 6 5
8 5 22 6 5
8 5 23 8 7
8 5 24 8 7
8 5 25 8 7
8 5 26 8 7
8 5 27 8 7
8 5 28 10 9
8 5 29 10 9
8 5 30 10 9
8 5 31 10 9
8 5 32 10 9
8 5 33 12 11
8 5 34 12 11
8 5 35 12 11
8 5 36 12 11
8 5 37 12 11
8 5 38 14 11
8 5 39 14 13
8 5 40 14 13
8 5 41 14 13
8 5 42 14 13
8 5 43 14 13
8 5 44 16 15
8 5 45 16 15
8 5 46 16 15
8 5 47 16 15
8 5 48 16 15
8 5 49 18 17
8 5 50 18 17
8 5 51 18 17
8 5 52 18 17
8 5 53 18 17
8 5 54 20 19
8 5 55 20 19
8 5 56 20 19
8 5 57 20 19
8 5 58 20 19
8 5 59 22 21
8 5 60 22 21
8 6 3 0 -1
8 6 4 2 1
8 6 5 2 1
8 6 6 2 1
8 6 7 2 1
8 6 8 4 3
8 6 9 4 3
8 6 10 4 3
8 6 11 4 3
8 6 12 6 5
8 6 13 6 5
8 6 14 6 5
8 6 15 6 5
8 6 16 8 7
8 6 17 8 7
8 6 18 8 7
8 6 19 10 9
8 6 20 10 9
8 6 21 10 9
8 6 22 10 9
8 6 23 12 11
8 6 24 12 11
8 6 25 12 11
8 6 26 12 11
8 6 27 14 13
8 6 28 14 13
8 6 29 14 13
8 6 30 16 15
8 6 31 16 15
8 6 32 16 15
8 6 33 16 15
8 6 34 18 17
8 6 35 18 17
8 6 36 18 17
8 6 37 20 19
8 6 38 20 19
8 6 39 20 19
8 6 40 20 19
8 6 41 22 21
8 6 42 22 21
8 6 43 22 21
8 6 44 24 23
8 6 45 24 23
8 6 46 24 23
8 6 47 24 23
8 6 48 26 25
8 6 49 26 25
8 6 50 26 25
8 6 51 28 27
8 6 52 28 27
8 6 53 28 27
8 6 54 28 27
8 6 55 30 29
8 6 56 30 29
8 6 57 30 29
8 6 58 30 29
8 6 59 32 31
8 6 60 32 31
9 2 3 0 -1
9 2 4 0 -1
9 2 5 0 -1
9 2 6 0 -1
9 2 7 0 -1
9 2 8 0 -1
9 2 9 0 -1
9 2 10 0 -1
9 2 11 0 -1
9 2 12 0 -1
9 2 13 0 -1
9 2 14 0 -1
9 2 15 0 -1
9 2 16 0 -1
9 2 17 0 -1
9 2 18 0 -1
9 2 19 0 -1
9 2 20 0 -1
9 2 21 0 -1
9 2 22 0 -1
9 2 23 0 -1
9 2 24 0 -1
9 2 25 0 -1
9 2 26 0 -1
9 2 27 0 -1
9 2 28 0 -1
9 2 29 0 -1
9 2 30 0 -1
9 2 31 0 -1
9 2 32 0 -1
9 2 33 0 -1
9 2 34 0 -1
9 2 35 0 -1
9 2 36 0 -1
9 2 37 0 -1
9 2 38 0 -1
9 2 39 0 -1
9 2 40 0 -1
9 2 41 0 -1
9 2 42 0 -1
9 2 43 0 -1
9 2 44 0 -1
9 2 45 0 -1
9 2 46 0 -1
9 2 47 0 -1
9 2 48 0 -1
9 2 49 0 -1
9 2 50 2 1
9 2 51 2 1
9 2 52 2 1
9 2 53 2 1
9 2 54 2 1
9 2 55 2 1
9 2 56 2 1
9 2 57 2 1
9 2 58 2 1
9 2 59 2 1
9 2 60 2 1
9 3 3 0 -1
9 3 4 0 -1
9 3 5 0 -1
9 3 6 0 -1
9 3 7 0 -1
9 3 8 0 -1
9 3 9 0 -1
9 3 10 0 -1
9 3 11 0 -1
9 3 12 0 -1
9 3 13 0 -1
9 3 14 0 -1
9 3 15 0 -1
9 3 16 0 -1
9 3 17 0 -1
9 3 18 0 -1
9 3 19 0 -1
9 3 20 0 -1
9 3 21 0 -1
9 3 22 0 -1
9 3 23 0 -1
9 3 24 2 1
9 3 25 2 1
9 3 26 2 1
9 3 27 2 1
9 3 28 2 1
9 3 29 2 1
9 3 30 2 1
9 3 31 2 1
9 3 32 2 1
9 3 33 2 1
9 3 34 2 1
9 3 35 2 1
9 3 36 2 1
9 3 37 2 1
9 3 38 2 1
9 3 39 2 1
9 3 40 2 1
9 3 41 2 1
9 3 42 4 3
9 3 43 4 3
9 3 44 4 3
9 3 45 4 3
9 3 46 4 3
9 3 47 4 3
9 3 48 4 3
9 3 49 4 3
9 3 50 4 3
9 3 51 4 3
9 3 52 4 3
9 3 53 4 3
9 3 54 4 3
9 3 55 4 3
9 3 56 4 3
9 3 57 4 3
9 3 58 4 3
9 3 59 6 3
9 3 60 6 5
9 4 3 0 -1
9 4 4 0 -1
9 4 5 0 -1
9 4 6 0 -1
9 4 7 0 -1
9 4 8 0 -1
9 4 9 0 -1
9 4 10 0 -1
9 4 11 0 -1
9 4 12 0 -1
9 4 13 0 -1
9 4 14 2 -1
9 4 15 2 1
9 4 16 2 1
9 4 17 2 1
9 4 18 2 1
9 4 19 2 1
9 4 20 2 1
9 4 21 2 1
9 4 22 2 1
9 4 23 2 1
9 4 24 2 1
9 4 25 4 3
9 4 26 4 3
9 4 27 4 3
9 4 28 4 3
9 4 29 4 3
9 4 30 4 3
9 4 31 4 3
9 4 32 4 3
9 4 33 4 3
9 4 34 4 3
9 4 35 6 5
9 4 36 6 5
9 4 37 6 5
9 4 38 6 5
9 4 39 6 5
9 4 40 6 5
9 4 41 6 5
9 4 42 6 5
9 4 43 6 5
9 4 44 6 5
9 4 45 8 7
9 4 46 8 7
9 4 47 8 7
9 4 48 8 7
9 4 49 8 7
9 4 50 8 7
9 4 51 8 7
9 4 52 8 7
9 4 53 8 7
9 4 54 8 7
9 4 55 10 9
9 4 56 10 9
9 4 57 10 9
9 4 58 10 9
9 4 59 10 9
9 4 60 10 9
9 5 3 0 -1
9 5 4 0 -1
9 5 5 0 -1
9 5 6 0 -1
9 5 7 0 -1
9 5 8 0 -1
9 5 9 2 1
9 5 10 2 1
9 5 11 2 1
9 5 12 2 1
9 5 13 2 1
9 5 14 2 1
9 5 15 2 1
9 5 16 4 3
9 5 17 4 3
9 5 18 4 3
9 5 19 4 3
9 5 20 4 3
9 5 21 4 3
9 5 22 6 3
9 5 23 6 5
9 5 24 6 5
9 5 25 6 5
9 5 26 6 5
9 5 27 6 5
9 5 28 6 5
9 5 29 8 7
9 5 30 8 7
9 5 31 8 7
9 5 32 8 7
9 5 33 8 7
9 5 34 8 7
9 5 35 10 7
9 5 36 10 9
9 5 37 10 9
9 5 38 10 9
9 5 39 10 9
9 5 40 10 9
9 5 41 10 9
9 5 42 12 11
9 5 43 12 11
9 5 44 12 11
9 5 45 12 11
9 5 46 12 11
9 5 47 12 11
9 5 48 14 13
9 5 49 14 13
9 5 50 14 13
9 5 51 14 13
9 5 52 14 13
9 5 53 14 13
9 5 54 14 13
9 5 55 16 15
9 5 56 16 15
9 5 57 16 15
9 5 58 16 15
9 5 59 16 15
9 5 60 16 15
9 6 3 0 -1
9 6 4 0 -1
9 6 5 0 -1
9 6 6 2 1
9 6 7 2 1
9 6 8 2 1
9 6 9 2 1
9 6 10 2 1
9 6 11 4 3
9 6 12 4 3
9 6 13 4 3
9 6 14 4 3
9 6 15 6 3
9 6 16 6 5
9 6 17 6 5
9 6 18 6 5
9 6 19 6 5
9 6 20 8 7
9 6 21 8 7
9 6 22 8 7
9 6 23 8 7
9 6 24 10 9
9 6 25 10 9
9 6 26 10 9
9 6 27 10 9
9 6 28 10 9
9 6 29 12 11
9 6 30 12 11
9 6 31 12 11
9 6 32 12 11
9 6 33 14 11
9 6 34 14 13
9 6 35 14 13
9 6 36 14 13
9 6 37 14 13
9 6 38 16 15
9 6 39 16 15
9 6 40 16 15
9 6 41 16 15
9 6 42 18 17
9 6 43 18 17
9 6 44 18 17
9 6 45 18 17
9 6 46 18 17
9 6 47 20 19
9 6 48 20 19
9 6 49 20 19
9 6 50 20 19
9 6 51 22 21
9 6 52 22 21
9 6 53 22 21
9 6 54 22 21
9 6 55 22 21
9 6 56 24 23
9 6 57 24 23
9 6 58 24 23
9 6 59 24 23
9 6 60 26 25
9 7 3 0 -1
9 7 4 2 1
9 7 5 2 1
9 7 6 2 1
9 7 7 2 1
9 7 8 4 3
9 7 9 4 3
9 7 10 4 3
9 7 11 6 5
9 7 12 6 5
9 7 13 6 5
9 7 14 6 5
9 7 15 8 7
9 7 16 8 7
9 7 17 8 7
9 7 18 10 9
9 7 19 10 9
9 7 20 10 9
9 7 21 12 11
9 7 22 12 11
9 7 23 12 11
9 7 24 14 13
9 7 25 14 13
9 7 26 14 13
9 7 27 14 13
9 7 28 16 15
9 7 29 16 15
9 7 30 16 15
9 7 31 18 17
9 7 32 18 17
9 7 33 18 17
9 7 34 20 19
9 7 35 20 19
9 7 36 20 19
9 7 37 20 19
9 7 38 22 21
9 7 39 22 21
9 7 40 22 21
9 7 41 24 23
9 7 42 24 23
9 7 43 24 23
9 7 44 26 25
9 7 45 26 25
9 7 46 26 25
9 7 47 26 25
9 7 48 28 27
9 7 49 28 27
9 7 50 28 27
9 7 51 30 29
9 7 52 30 29
9 7 53 30 29
9 7 54 32 31
9 7 55 32 31
9 7 56 32 31
9 7 57 34 33
9 7 58 34 33
9 7 59 34 33
9 7 60 34 33
10 2 3 0 -1
10 2 4 0 -1
10 2 5 0 -1
10 2 6 0 -1
10 2 7 0 -1
10 2 8 0 -1
10 2 9 0 -1
10 2 10 0 -1
10 2 11 0 -1
10 2 12 0 -1
10 2 13 0 -1
10 2 14 0 -1
10 2 15 0 -1
10 2 16 0 -1
10 2 17 0 -1
10 2 18 0 -1
10 2 19 0 -1
10 2 20 0 -1
10 2 21 0 -1
10 2 22 0 -1
10 2 23 0 -1
10 2 24 0 -1
10 2 25 0 -1
10 2 26 0 -1
10 2 27 0 -1
10 2 28 0 -1
10 2 29 0 -1
10 2 30 0 -1
10 2 31 0 -1
10 2 32 0 -1
10 2 33 0 -1
10 2 34 0 -1
10 2 35 0 -1
10 2 36 0 -1
10 2 37 0 -1
10 2 38 0 -1
10 2 39 0 -1
10 2 40 0 -1
10 2 41 0 -1
10 2 42 0 -1
10 2 43 0 -1
10 2 44 0 -1
10 2 45 0 -1
10 2 46 0 -1
10 2 47 0 -1
10 2 48 0 -1
10 2 49 0 -1
10 2 50 0 -1
10 2 51 0 -1
10 2 52 0 -1
10 2 53 0 -1
10 2 54 0 -1
10 2 55 0 -1
10 2 56 0 -1
10 2 57 2 1
10 2 58 2 1
10 2 59 2 1
10 2 60 2 1
10 3 3 0 -1
10 3 4 0 -1
10 3 5 0 -1
10 3 6 0 -1
10 3 7 0 -1
10 3 8 0 -1
10 3 9 0 -1
10 3 10 0 -1
10 3 11 0 -1
10 3 12 0 -1
10 3 13 0 -1
10 3 14 0 -1
10 3 15 0 -1
10 3 16 0 -1
10 3 17 0 -1
10 3 18 0 -1
10 3 19 0 -1
10 3 20 0 -1
10 3 21 0 -1
10 3 22 0 -1
10 3 23 0 -1
10 3 24 0 -1
10 3 25 0 -1
10 3 26 0 -1
10 3 27 0 -1
10 3 28 2 -1
10 3 29 2 1
10 3 30 2 1
10 3 31 2 1
10 3 32 2 1
10 3 33 2 1
10 3 34 2 1
10 3 35 2 1
10 3 36 2 1
10 3 37 2 1
10 3 38 2 1
10 3 39 2 1
10 3 40 2 1
10 3 41 2 1
10 3 42 2 1
10 3 43 2 1
10 3 44 2 1
10 3 45 2 1
10 3 46 2 1
10 3 47 2 1
10 3 48 2 1
10 3 49 4 1
10 3 50 4 3
10 3 51 4 3
10 3 52 4 3
10 3 53 4 3
10 3 54 4 3
10 3 55 4 3
10 3 56 4 3
10 3 57 4 3
10 3 58 4 3
10 3 59 4 3
10 3 60 4 3
10 4 3 0 -1
10 4 4 0 -1
10 4 5 0 -1
10 4 6 0 -1
10 4 7 0 -1
10 4 8 0 -1
10 4 9 0 -1
10 4 10 0 -1
10 4 11 0 -1
10 4 12 0 -1
10 4 13 0 -1
10 4 14 0 -1
10 4 15 0 -1
10 4 16 0 -1
10 4 17 2 -1
10 4 18 2 1
10 4 19 2 1
10 4 20 2 1
10 4 21 2 1
10 4 22 2 1
10 4 23 2 1
10 4 24 2 1
10 4 25 2 1
10 4 26 2 1
10 4 27 2 1
10 4 28 2 1
10 4 29 2 1
10 4 30 4 3
10 4 31 4 3
10 4 32 4 3
10 4 33 4 3
10 4 34 4 3
10 4 35 4 3
10 4 36 4 3
10 4 37 4 3
10 4 38 4 3
10 4 39 4 3
10 4 40 4 3
10 4 41 4 3
10 4 42 6 5
10 4 43 6 5
10 4 44 6 5
10 4 45 6 5
10 4 46 6 5
10 4 47 6 5
10 4 48 6 5
10 4 49 6 5
10 4 50 6 5
10 4 51 6 5
10 4 52 6 5
10 4 53 6 5
10 4 54 8 5
10 4 55 8 7
10 4 56 8 7
10 4 57 8 7
10 4 58 8 7
10 4 59 8 7
10 4 60 8 7
10 5 3 0 -1
10 5 4 0 -1
10 5 5 0 -1
10 5 6 0 -1
10 5 7 0 -1
10 5 8 0 -1
10 5 9 0 -1
10 5 10 0 -1
10 5 11 2 -1
10 5 12 2 1
10 5 13 2 1
10 5 14 2 1
10 5 15 2 1
10 5 16 2 1
10 5 17 2 1
10 5 18 2 1
10 5 19 4 1
10 5 20 4 3
10 5 21 4 3
10 5 22 4 3
10 5 23 4 3
10 5 24 4 3
10 5 25 4 3
10 5 26 4 3
10 5 27 6 3
10 5 28 6 5
10 5 29 6 5
10 5 30 6 5
10 5 31 6 5
10 5 32 6 5
10 5 33 6 5
10 5 34 6 5
10 5 35 8 5
10 5 36 8 7
10 5 37 8 7
10 5 38 8 7
10 5 39 8 7
10 5 40 8 7
10 5 41 8 7
10 5 42 8 7
10 5 43 10 7
10 5 44 10 9
10 5 45 10 9
10 5 46 10 9
10 5 47 10 9
10 5 48 10 9
10 5 49 10 9
10 5 50 10 9
10 5 51 12 9
10 5 52 12 11
10 5 53 12 11
10 5 54 12 11
10 5 55 12 11
10 5 56 12 11
10 5 57 12 11
10 5 58 12 11
10 5 59 14 13
10 5 60 14 13
10 6 3 0 -1
10 6 4 0 -1
10 6 5 0 -1
10 6 6 0 -1
10 6 7 0 -1
10 6 8 2 1
10 6 9 2 1
10 6 10 2 1
10 6 11 2 1
10 6 12 2 1
10 6 13 4 1
10 6 14 4 3
10 6 15 4 3
10 6 16 4 3
10 6 17 4 3
10 6 18 4 3
10 6 19 6 5
10 6 20 6 5
10 6 21 6 5
10 6 22 6 5
10 6 23 6 5
10 6 24 6 5
10 6 25 8 7
10 6 26 8 7
10 6 27 8 7
10 6 28 8 7
10 6 29 8 7
10 6 30 10 9
10 6 31 10 9
10 6 32 10 9
10 6 33 10 9
10 6 34 10 9
10 6 35 10 9
10 6 36 12 11
10 6 37 12 11
10 6 38 12 11
10 6 39 12 11
10 6 40 12 11
10 6 41 14 13
10 6 42 14 13
10 6 43 14 13
10 6 44 14 13
10 6 45 14 13
10 6 46 14 13
10 6 47 16 15
10 6 48 16 15
10 6 49 16 15
10 6 50 16 15
10 6 51 16 15
10 6 52 18 17
10 6 53 18 17
10 6 54 18 17
10 6 55 18 17
10 6 56 18 17
10 6 57 18 17
10 6 58 20 19
10 6 59 20 19
10 6 60 20 19
10 7 3 0 -1
10 7 4 0 -1
10 7 5 0 -1
10 7 6 2 1
10 7 7 2 1
10 7 8 2 1
10 7 9 2 1
10 7 10 4 3
10 7 11 4 3
10 7 12 4 3
10 7 13 4 3
10 7 14 6 5
10 7 15 6 5
10 7 16 6 5
10 7 17 6 5
10 7 18 8 7
10 7 19 8 7
10 7 20 8 7
10 7 21 8 7
10 7 22 10 9
10 7 23 10 9
10 7 24 10 9
10 7 25 10 9
10 7 26 12 11
10 7 27 12 11
10 7 28 12 11
10 7 29 12 11
10 7 30 14 13
10 7 31 14 13
10 7 32 14 13
10 7 33 14 13
10 7 34 16 15
10 7 35 16 15
10 7 36 16 15
10 7 37 16 15
10 7 38 18 17
10 7 39 18 17
10 7 40 18 17
10 7 41 18 17
10 7 42 20 19
10 7 43 20 19
10 7 44 20 19
10 7 45 20 19
10 7 46 22 21
10 7 47 22 21
10 7 48 22 21
10 7 49 22 21
10 7 50 24 23
10 7 51 24 23
10 7 52 24 23
10 7 53 24 23
10 7 54 26 25
10 7 55 26 25
10 7 56 26 25
10 7 57 26 25
10 7 58 28 27
10 7 59 28 27
10 7 60 28 27
10 8 3 0 -1
10 8 4 2 1
10 8 5 2 1
10 8 6 2 1
10 8 7 2 1
10 8 8 4 3
10 8 9 4 3
10 8 10 6 5
10 8 11 6 5
10 8 12 6 5
10 8 13 6 5
10 8 14 8 7
10 8 15 8 7
10 8 16 8 7
10 8 17 10 9
10 8 18 10 9
10 8 19 10 9
10 8 20 12 11
10 8 21 12 11
10 8 22 12 11
10 8 23 14 13
10 8 24 14 13
10 8 25 14 13
10 8 26 16 15
10 8 27 16 15
10 8 28 16 15
10 8 29 18 17
10 8 30 18 17
10 8 31 18 17
10 8 32 20 19
10 8 33 20 19
10 8 34 20 19
10 8 35 22 19
10 8 36 22 21
10 8 37 22 21
10 8 38 22 21
10 8 39 24 23
10 8 40 24 23
10 8 41 24 23
10 8 42 26 25
10 8 43 26 25
10 8 44 26 25
10 8 45 28 27
10 8 46 28 27
10 8 47 28 27
10 8 48 30 29
10 8 49 30 29
10 8 50 30 29
10 8 51 32 31
10 8 52 32 31
10 8 53 32 31
10 8 54 34 33
10 8 55 34 33
10 8 56 34 33
10 8 57 36 35
10 8 58 36 35
10 8 59 36 35
10 8 60 38 37
11 2 3 0 -1
11 2 4 0 -1
11 2 5 0 -1
11 2 6 0 -1
11 2 7 0 -1
11 2 8 0 -1
11 2 9 0 -1
11 2 10 0 -1
11 2 11 0 -1
11 2 12 0 -1
11 2 13 0 -1
11 2 14 0 -1
11 2 15 0 -1
11 2 16 0 -1
11 2 17 0 -1
11 2 18 0 -1
11 2 19 0 -1
11 2 20 0 -1
11 2 21 0 -1
11 2 22 0 -1
11 2 23 0 -1
11 2 24 0 -1
11 2 25 0 -1
11 2 26 0 -1
11 2 27 0 -1
11 2 28 0 -1
11 2 29 0 -1
11 2 30 0 -1
11 2 31 0 -1
11 2 32 0 -1
11 2 33 0 -1
11 2 34 0 -1
11 2 35 0 -1
11 2 36 0 -1
11 2 37 0 -1
11 2 38 0 -1
11 2 39 0 -1
11 2 40 0 -1
11 2 41 0 -1
11 2 42 0 -1
11 2 43 0 -1
11 2 44 0 -1
11 2 45 0 -1
11 2 46 0 -1
11 2 47 0 -1
11 2 48 0 -1
11 2 49 0 -1
11 2 50 0 -1
11 2 51 0 -1
11 2 52 0 -1
11 2 53 0 -1
11 2 54 0 -1
11 2 55 0 -1
11 2 56 0 -1
11 2 57 0 -1
11 2 58 0 -1
11 2 59 0 -1
11 2 60 0 -1
11 3 3 0 -1
11 3 4 0 -1
11 3 5 0 -1
11 3 6 0 -1
11 3 7 0 -1
11 3 8 0 -1
11 3 9 0 -1
11 3 10 0 -1
11 3 11 0 -1
11 3 12 0 -1
11 3 13 0 -1
11 3 14 0 -1
11 3 15 0 -1
11 3 16 0 -1
11 3 17 0 -1
11 3 18 0 -1
11 3 19 0 -1
11 3 20 0 -1
11 3 21 0 -1
11 3 22 0 -1
11 3 23 0 -1
11 3 24 0 -1
11 3 25 0 -1
11 3 26 0 -1
11 3 27 0 -1
11 3 28 0 -1
11 3 29 0 -1
11 3 30 0 -1
11 3 31 0 -1
11 3 32 0 -1
11 3 33 2 1
11 3 34 2 1
11 3 35 2 1
11 3 36 2 1
11 3 37 2 1
11 3 38 2 1
11 3 39 2 1
11 3 40 2 1
11 3 41 2 1
11 3 42 2 1
11 3 43 2 1
11 3 44 2 1
11 3 45 2 1
11 3 46 2 1
11 3 47 2 1
11 3 48 2 1
11 3 49 2 1
11 3 50 2 1
11 3 51 2 1
11 3 52 2 1
11 3 53 2 1
11 3 54 2 1
11 3 55 2 1
11 3 56 2 1
11 3 57 4 3
11 3 58 4 3
11 3 59 4 3
11 3 60 4 3
11 4 3 0 -1
11 4 4 0 -1
11 4 5 0 -1
11 4 6 0 -1
11 4 7 0 -1
11 4 8 0 -1
11 4 9 0 -1
11 4 10 0 -1
11 4 11 0 -1
11 4 12 0 -1
11 4 13 0 -1
11 4 14 0 -1
11 4 15 0 -1
11 4 16 0 -1
11 4 17 0 -1
11 4 18 0 -1
11 4 19 0 -1
11 4 20 2 -1
11 4 21 2 1
11 4 22 2 1
11 4 23 2 1
11 4 24 2 1
11 4 25 2 1
11 4 26 2 1
11 4 27 2 1
11 4 28 2 1
11 4 29 2 1
11 4 30 2 1
11 4 31 2 1
11 4 32 2 1
11 4 33 2 1
11 4 34 2 1
11 4 35 4 3
11 4 36 4 3
11 4 37 4 3
11 4 38 4 3
11 4 39 4 3
11 4 40 4 3
11 4 41 4 3
11 4 42 4 3
11 4 43 4 3
11 4 44 4 3
11 4 45 4 3
11 4 46 4 3
11 4 47 4 3
11 4 48 4 3
11 4 49 6 3
11 4 50 6 5
11 4 51 6 5
11 4 52 6 5
11 4 53 6 5
11 4 54 6 5
11 4 55 6 5
11 4 56 6 5
11 4 57 6 5
11 4 58 6 5
11 4 59 6 5
11 4 60 6 5
11 5 3 0 -1
11 5 4 0 -1
11 5 5 0 -1
11 5 6 0 -1
11 5 7 0 -1
11 5 8 0 -1
11 5 9 0 -1
11 5 10 0 -1
11 5 11 0 -1
11 5 12 0 -1
11 5 13 2 -1
11 5 14 2 1
11 5 15 2 1
11 5 16 2 1
11 5 17 2 1
11 5 18 2 1
11 5 19 2 1
11 5 20 2 1
11 5 21 2 1
11 5 22 2 1
11 5 23 4 3
11 5 24 4 3
11 5 25 4 3
11 5 26 4 3
11 5 27 4 3
11 5 28 4 3
11 5 29 4 3
11 5 30 4 3
11 5 31 4 3
11 5 32 4 3
11 5 33 6 5
11 5 34 6 5
11 5 35 6 5
11 5 36 6 5
11 5 37 6 5
11 5 38 6 5
11 5 39 6 5
11 5 40 6 5
11 5 41 6 5
11 5 42 8 7
11 5 43 8 7
11 5 44 8 7
11 5 45 8 7
11 5 46 8 7
11 5 47 8 7
11 5 48 8 7
11 5 49 8 7
11 5 50 8 7
11 5 51 8 7
11 5 52 10 9
11 5 53 10 9
11 5 54 10 9
11 5 55 10 9
11 5 56 10 9
11 5 57 10 9
11 5 58 10 9
11 5 59 10 9
11 5 60 10 9
11 6 3 0 -1
11 6 4 0 -1
11 6 5 0 -1
11 6 6 0 -1
11 6 7 0 -1
11 6 8 0 -1
11 6 9 2 -1
11 6 10 2 1
11 6 11 2 1
11 6 12 2 1
11 6 13 2 1
11 6 14 2 1
11 6 15 2 1
11 6 16 4 3
11 6 17 4 3
11 6 18 4 3
11 6 19 4 3
11 6 20 4 3
11 6 21 4 3
11 6 22 4 3
11 6 23 6 5
11 6 24 6 5
11 6 25 6 5
11 6 26 6 5
11 6 27 6 5
11 6 28 6 5
11 6 29 6 5
11 6 30 8 7
11 6 31 8 7
11 6 32 8 7
11 6 33 8 7
11 6 34 8 7
11 6 35 8 7
11 6 36 10 9
11 6 37 10 9
11 6 38 10 9
11 6 39 10 9
11 6 40 10 9
11 6 41 10 9
11 6 42 10 9
11 6 43 12 11
11 6 44 12 11
11 6 45 12 11
11 6 46 12 11
11 6 47 12 11
11 6 48 12 11
11 6 49 14 11
11 6 50 14 13
11 6 51 14 13
11 6 52 14 13
11 6 53 14 13
11 6 54 14 13
11 6 55 14 13
11 6 56 16 15
11 6 57 16 15
11 6 58 16 15
11 6 59 16 15
11 6 60 16 15
11 7 3 0 -1
11 7 4 0 -1
11 7 5 0 -1
11 7 6 0 -1
11 7 7 2 1
11 7 8 2 1
11 7 9 2 1
11 7 10 2 1
11 7 11 2 1
11 7 12 4 3
11 7 13 4 3
11 7 14 4 3
11 7 15 4 3
11 7 16 4 3
11 7 17 6 5
11 7 18 6 5
11 7 19 6 5
11 7 20 6 5
11 7 21 6 5
11 7 22 8 7
11 7 23 8 7
11 7 24 8 7
11 7 25 8 7
11 7 26 8 7
11 7 27 10 9
11 7 28 10 9
11 7 29 10 9
11 7 30 10 9
11 7 31 12 9
11 7 32 12 11
11 7 33 12 11
11 7 34 12 11
11 7 35 12 11
11 7 36 14 13
11 7 37 14 13
11 7 38 14 13
11 7 39 14 13
11 7 40 14 13
11 7 41 16 15
11 7 42 16 15
11 7 43 16 15
11 7 44 16 15
11 7 45 16 15
11 7 46 18 17
11 7 47 18 17
11 7 48 18 17
11 7 49 18 17
11 7 50 18 17
11 7 51 20 19
11 7 52 20 19
11 7 53 20 19
11 7 54 20 19
11 7 55 20 19
11 7 56 22 21
11 7 57 22 21
11 7 58 22 21
11 7 59 22 21
11 7 60 22 21
11 8 3 0 -1
11 8 4 0 -1
11 8 5 2 1
11 8 6 2 1
11 8 7 2 1
11 8 8 2 1
11 8 9 4 3
11 8 10 4 3
11 8 11 4 3
11 8 12 4 3
11 8 13 6 5
11 8 14 6 5
11 8 15 6 5
11 8 16 6 5
11 8 17 8 7
11 8 18 8 7
11 8 19 8 7
11 8 20 10 9
11 8 21 10 9
11 8 22 10 9
11 8 23 10 9
11 8 24 12 11
11 8 25 12 11
11 8 26 12 11
11 8 27 12 11
11 8 28 14 13
11 8 29 14 13
11 8 30 14 13
11 8 31 16 13
11 8 32 16 15
11 8 33 16 15
11 8 34 16 15
11 8 35 18 17
11 8 36 18 17
11 8 37 18 17
11 8 38 18 17
11 8 39 20 19
11 8 40 20 19
11 8 41 20 19
11 8 42 20 19
11 8 43 22 21
11 8 44 22 21
11 8 45 22 21
11 8 46 24 23
11 8 47 24 23
11 8 48 24 23
11 8 49 24 23
11 8 50 26 25
11 8 51 26 25
11 8 52 26 25
11 8 53 26 25
11 8 54 28 27
11 8 55 28 27
11 8 56 28 27
11 8 57 30 27
11 8 58 30 29
11 8 59 30 29
11 8 60 30 29
11 9 3 0 -1
11 9 4 2 1
11 9 5 2 1
11 9 6 2 1
11 9 7 4 3
11 9 8 4 3
11 9 9 4 3
11 9 10 6 5
11 9 11 6 5
11 9 12 6 5
11 9 13 8 7
11 9 14 8 7
11 9 15 8 7
11 9 16 10 9
11 9 17 10 9
11 9 18 10 9
11 9 19 12 11
11 9 20 12 11
11 9 21 12 11
11 9 22 14 13
11 9 23 14 13
11 9 24 14 13
11 9 25 16 15
11 9 26 16 15
11 9 27 16 15
11 9 28 18 17
11 9 29 18 17
11 9 30 18 17
11 9 31 20 19
11 9 32 20 19
11 9 33 20 19
11 9 34 22 21
11 9 35 22 21
11 9 36 22 21
11 9 37 24 23
11 9 38 24 23
11 9 39 24 23
11 9 40 26 25
11 9 41 26 25
11 9 42 26 25
11 9 43 28 27
11 9 44 28 27
11 9 45 28 27
11 9 46 30 29
11 9 47 30 29
11 9 48 30 29
11 9 49 32 31
11 9 50 32 31
11 9 51 32 31
11 9 52 34 33
11 9 53 34 33
11 9 54 34 33
11 9 55 36 35
11 9 56 36 35
11 9 57 36 35
11 9 58 38 37
11 9 59 38 37
11 9 60 40 39
12 2 3 0 -1
12 2 4 0 -1
12 2 5 0 -1
12 2 6 0 -1
12 2 7 0 -1
12 2 8 0 -1
12 2 9 0 -1
12 2 10 0 -1
12 2 11 0 -1
12 2 12 0 -1
12 2 13 0 -1
12 2 14 0 -1
12 2 15 0 -1
12 2 16 0 -1
12 2 17 0 -1
12 2 18 0 -1
12 2 19 0 -1
12 2 20 0 -1
12 2 21 0 -1
12 2 22 0 -1
12 2 23 0 -1
12 2 24 0 -1
12 2 25 0 -1
12 2 26 0 -1
12 2 27 0 -1
12 2 28 0 -1
12 2 29 0 -1
12 2 30 0 -1
12 2 31 0 -1
12 2 32 0 -1
12 2 33 0 -1
12 2 34 0 -1
12 2 35 0 -1
12 2 36 0 -1
12 2 37 0 -1
12 2 38 0 -1
12 2 39 0 -1
12 2 40 0 -1
12 2 41 0 -1
12 2 42 0 -1
12 2 43 0 -1
12 2 44 0 -1
12 2 45 0 -1
12 2 46 0 -1
12 2 47 0 -1
12 2 48 0 -1
12 2 49 0 -1
12 2 50 0 -1
12 2 51 0 -1
12 2 52 0 -1
12 2 53 0 -1
12 2 54 0 -1
12 2 55 0 -1
12 2 56 0 -1
12 2 57 0 -1
12 2 58 0 -1
12 2 59 0 -1
12 2 60 0 -1
12 3 3 0 -1
12 3 4 0 -1
12 3 5 0 -1
12 3 6 0 -1
12 3 7 0 -1
12 3 8 0 -1
12 3 9 0 -1
12 3 10 0 -1
12 3 11 0 -1
12 3 12 0 -1
12 3 13 0 -1
12 3 14 0 -1
12 3 15 0 -1
12 3 16 0 -1
12 3 17 0 -1
12 3 18 0 -1
12 3 19 0 -1
12 3 20 0 -1
12 3 21 0 -1
12 3 22 0 -1
12 3 23 0 -1
12 3 24 0 -1
12 3 25 0 -1
12 3 26 0 -1
12 3 27 0 -1
12 3 28 0 -1
12 3 29 0 -1
12 3 30 0 -1
12 3 31 0 -1
12 3 32 0 -1
12 3 33 0 -1
12 3 34 0 -1
12 3 35 0 -1
12 3 36 2 -1
12 3 37 2 1
12 3 38 2 1
12 3 39 2 1
12 3 40 2 1
12 3 41 2 1
12 3 42 2 1
12 3 43 2 1
12 3 44 2 1
12 3 45 2 1
12 3 46 2 1
12 3 47 2 1
12 3 48 2 1
12 3 49 2 1
12 3 50 2 1
12 3 51 2 1
12 3 52 2 1
12 3 53 2 1
12 3 54 2 1
12 3 55 2 1
12 3 56 2 1
12 3 57 2 1
12 3 58 2 1
12 3 59 2 1
12 3 60 2 1
12 4 3 0 -1
12 4 4 0 -1
12 4 5 0 -1
12 4 6 0 -1
12 4 7 0 -1
12 4 8 0 -1
12 4 9 0 -1
12 4 10 0 -1
12 4 11 0 -1
12 4 12 0 -1
12 4 13 0 -1
12 4 14 0 -1
12 4 15 0 -1
12 4 16 0 -1
12 4 17 0 -1
12 4 18 0 -1
12 4 19 0 -1
12 4 20 0 -1
12 4 21 0 -1
12 4 22 0 -1
12 4 23 2 -1
12 4 24 2 1
12 4 25 2 1
12 4 26 2 1
12 4 27 2 1
12 4 28 2 1
12 4 29 2 1
12 4 30 2 1
12 4 31 2 1
12 4 32 2 1
12 4 33 2 1
12 4 34 2 1
12 4 35 2 1
12 4 36 2 1
12 4 37 2 1
12 4 38 2 1
12 4 39 2 1
12 4 40 4 3
12 4 41 4 3
12 4 42 4 3
12 4 43 4 3
12 4 44 4 3
12 4 45 4 3
12 4 46 4 3
12 4 47 4 3
12 4 48 4 3
12 4 49 4 3
12 4 50 4 3
12 4 51 4 3
12 4 52 4 3
12 4 53 4 3
12 4 54 4 3
12 4 55 4 3
12 4 56 6 3
12 4 57 6 5
12 4 58 6 5
12 4 59 6 5
12 4 60 6 5
12 5 3 0 -1
12 5 4 0 -1
12 5 5 0 -1
12 5 6 0 -1
12 5 7 0 -1
12 5 8 0 -1
12 5 9 0 -1
12 5 10 0 -1
12 5 11 0 -1
12 5 12 0 -1
12 5 13 0 -1
12 5 14 0 -1
12 5 15 0 -1
12 5 16 2 1
12 5 17 2 1
12 5 18 2 1
12 5 19 2 1
12 5 20 2 1
12 5 21 2 1
12 5 22 2 1
12 5 23 2 1
12 5 24 2 1
12 5 25 2 1
12 5 26 2 1
12 5 27 4 3
12 5 28 4 3
12 5 29 4 3
12 5 30 4 3
12 5 31 4 3
12 5 32 4 3
12 5 33 4 3
12 5 34 4 3
12 5 35 4 3
12 5 36 4 3
12 5 37 4 3
12 5 38 6 3
12 5 39 6 5
12 5 40 6 5
12 5 41 6 5
12 5 42 6 5
12 5 43 6 5
12 5 44 6 5
12 5 45 6 5
12 5 46 6 5
12 5 47 6 5
12 5 48 6 5
12 5 49 8 5
12 5 50 8 7
12 5 51 8 7
12 5 52 8 7
12 5 53 8 7
12 5 54 8 7
12 5 55 8 7
12 5 56 8 7
12 5 57 8 7
12 5 58 8 7
12 5 59 8 7
12 5 60 10 7
12 6 3 0 -1
12 6 4 0 -1
12 6 5 0 -1
12 6 6 0 -1
12 6 7 0 -1
12 6 8 0 -1
12 6 9 0 -1
12 6 10 0 -1
12 6 11 2 -1
12 6 12 2 1
12 6 13 2 1
12 6 14 2 1
12 6 15 2 1
12 6 16 2 1
12 6 17 2 1
12 6 18 2 1
12 6 19 4 3
12 6 20 4 3
12 6 21 4 3
12 6 22 4 3
12 6 23 4 3
12 6 24 4 3
12 6 25 4 3
12 6 26 4 3
12 6 27 6 5
12 6 28 6 5
12 6 29 6 5
12 6 30 6 5
12 6 31 6 5
12 6 32 6 5
12 6 33 6 5
12 6 34 6 5
12 6 35 8 7
12 6 36 8 7
12 6 37 8 7
12 6 38 8 7
12 6 39 8 7
12 6 40 8 7
12 6 41 8 7
12 6 42 8 7
12 6 43 10 9
12 6 44 10 9
12 6 45 10 9
12 6 46 10 9
12 6 47 10 9
12 6 48 10 9
12 6 49 10 9
12 6 50 10 9
12 6 51 12 11
12 6 52 12 11
12 6 53 12 11
12 6 54 12 11
12 6 55 12 11
12 6 56 12 11
12 6 57 12 11
12 6 58 14 11
12 6 59 14 13
12 6 60 14 13
12 7 3 0 -1
12 7 4 0 -1
12 7 5 0 -1
12 7 6 0 -1
12 7 7 0 -1
12 7 8 2 -1
12 7 9 2 1
12 7 10 2 1
12 7 11 2 1
12 7 12 2 1
12 7 13 2 1
12 7 14 4 3
12 7 15 4 3
12 7 16 4 3
12 7 17 4 3
12 7 18 4 3
12 7 19 4 3
12 7 20 6 5
12 7 21 6 5
12 7 22 6 5
12 7 23 6 5
12 7 24 6 5
12 7 25 6 5
12 7 26 8 7
12 7 27 8 7
12 7 28 8 7
12 7 29 8 7
12 7 30 8 7
12 7 31 8 7
12 7 32 10 9
12 7 33 10 9
12 7 34 10 9
12 7 35 10 9
12 7 36 10 9
12 7 37 12 9
12 7 38 12 11
12 7 39 12 11
12 7 40 12 11
12 7 41 12 11
12 7 42 12 11
12 7 43 14 13
12 7 44 14 13
12 7 45 14 13
12 7 46 14 13
12 7 47 14 13
12 7 48 14 13
12 7 49 16 15
12 7 50 16 15
12 7 51 16 15
12 7 52 16 15
12 7 53 16 15
12 7 54 16 15
12 7 55 18 17
12 7 56 18 17
12 7 57 18 17
12 7 58 18 17
12 7 59 18 17
12 7 60 20 17
12 8 3 0 -1
12 8 4 0 -1
12 8 5 0 -1
12 8 6 2 1
12 8 7 2 1
12 8 8 2 1
12 8 9 2 1
12 8 10 2 1
12 8 11 4 3
12 8 12 4 3
12 8 13 4 3
12 8 14 4 3
12 8 15 6 5
12 8 16 6 5
12 8 17 6 5
12 8 18 6 5
12 8 19 6 5
12 8 20 8 7
12 8 21 8 7
12 8 22 8 7
12 8 23 8 7
12 8 24 10 9
12 8 25 10 9
12 8 26 10 9
12 8 27 10 9
12 8 28 10 9
12 8 29 12 11
12 8 30 12 11
12 8 31 12 11
12 8 32 12 11
12 8 33 14 13
12 8 34 14 13
12 8 35 14 13
12 8 36 14 13
12 8 37 16 15
12 8 38 16 15
12 8 39 16 15
12 8 40 16 15
12 8 41 16 15
12 8 42 18 17
12 8 43 18 17
12 8 44 18 17
12 8 45 18 17
12 8 46 20 19
12 8 47 20 19
12 8 48 20 19
12 8 49 20 19
12 8 50 20 19
12 8 51 22 21
12 8 52 22 21
12 8 53 22 21
12 8 54 22 21
12 8 55 24 23
12 8 56 24 23
12 8 57 24 23
12 8 58 24 23
12 8 59 26 23
12 8 60 26 25
12 9 3 0 -1
12 9 4 2 1
12 9 5 2 1
12 9 6 2 1
12 9 7 2 1
12 9 8 4 3
12 9 9 4 3
12 9 10 4 3
12 9 11 4 3
12 9 12 6 5
12 9 13 6 5
12 9 14 6 5
12 9 15 6 5
12 9 16 8 7
12 9 17 8 7
12 9 18 8 7
12 9 19 10 9
12 9 20 10 9
12 9 21 10 9
12 9 22 10 9
12 9 23 12 11
12 9 24 12 11
12 9 25 12 11
12 9 26 14 13
12 9 27 14 13
12 9 28 14 13
12 9 29 14 13
12 9 30 16 15
12 9 31 16 15
12 9 32 16 15
12 9 33 18 17
12 9 34 18 17
12 9 35 18 17
12 9 36 20 17
12 9 37 20 19
12 9 38 20 19
12 9 39 20 19
12 9 40 22 21
12 9 41 22 21
12 9 42 22 21
12 9 43 24 21
12 9 44 24 23
12 9 45 24 23
12 9 46 24 23
12 9 47 26 25
12 9 48 26 25
12 9 49 26 25
12 9 50 28 25
12 9 51 28 27
12 9 52 28 27
12 9 53 28 27
12 9 54 30 29
12 9 55 30 29
12 9 56 30 29
12 9 57 32 29
12 9 58 32 31
12 9 59 32 31
12 9 60 32 31
12 10 3 0 -1
12 10 4 2 1
12 10 5 2 1
12 10 6 4 3
12 10 7 4 3
12 10 8 4 3
12 10 9 4 3
12 10 10 6 5
12 10 11 6 5
12 10 12 8 7
12 10 13 8 7
12 10 14 8 7
12 10 15 8 7
12 10 16 10 9
12 10 17 10 9
12 10 18 12 11
12 10 19 12 11
12 10 20 12 11
12 10 21 14 13
12 10 22 14 13
12 10 23 14 13
12 10 24 16 15
12 10 25 16 15
12 10 26 16 15
12 10 27 18 17
12 10 28 18 17
12 10 29 18 17
12 10 30 20 19
12 10 31 20 19
12 10 32 20 19
12 10 33 22 21
12 10 34 22 21
12 10 35 22 21
12 10 36 24 23
12 10 37 24 23
12 10 38 26 25
12 10 39 26 25
12 10 40 26 25
12 10 41 28 27
12 10 42 28 27
12 10 43 28 27
12 10 44 30 29
12 10 45 30 29
12 10 46 30 29
12 10 47 32 31
12 10 48 32 31
12 10 49 32 31
12 10 50 34 33
12 10 51 34 33
12 10 52 34 33
12 10 53 36 35
12 10 54 36 35
12 10 55 38 37
12 10 56 38 37
12 10 57 38 37
12 10 58 40 39
12 10 59 40 39
12 10 60 40 39
13 2 3 0 -1
13 2 4 0 -1
13 2 5 0 -1
13 2 6 0 -1
13 2 7 0 -1
13 2 8 0 -1
13 2 9 0 -1
13 2 10 0 -1
13 2 11 0 -1
13 2 12 0 -1
13 2 13 0 -1
13 2 14 0 -1
13 2 15 0 -1
13 2 16 0 -1
13 2 17 0 -1
13 2 18 0 -1
13 2 19 0 -1
13 2 20 0 -1
13 2 21 0 -1
13 2 22 0 -1
13 2 23 0 -1
13 2 24 0 -1
13 2 25 0 -1
13 2 26 0 -1
13 2 27 0 -1
13 2 28 0 -1
13 2 29 0 -1
13 2 30 0 -1
13 2 31 0 -1
13 2 32 0 -1
13 2 33 0 -1
13 2 34 0 -1
13 2 35 0 -1
13 2 36 0 -1
13 2 37 0 -1
13 2 38 0 -1
13 2 39 0 -1
13 2 40 0 -1
13 2 41 0 -1
13 2 42 0 -1
13 2 43 0 -1
13 2 44 0 -1
13 2 45 0 -1
13 2 46 0 -1
13 2 47 0 -1
13 2 48 0 -1
13 2 49 0 -1
13 2 50 0 -1
13 2 51 0 -1
13 2 52 0 -1
13 2 53 0 -1
13 2 54 0 -1
13 2 55 0 -1
13 2 56 0 -1
13 2 57 0 -1
13 2 58 0 -1
13 2 59 0 -1
13 2 60 0 -1
13 3 3 0 -1
13 3 4 0 -1
13 3 5 0 -1
13 3 6 0 -1
13 3 7 0 -1
13 3 8 0 -1
13 3 9 0 -1
13 3 10 0 -1
13 3 11 0 -1
13 3 12 0 -1
13 3 13 0 -1
13 3 14 0 -1
13 3 15 0 -1
13 3 16 0 -1
13 3 17 0 -1
13 3 18 0 -1
13 3 19 0 -1
13 3 20 0 -1
13 3 21 0 -1
13 3 22 0 -1
13 3 23 0 -1
13 3 24 0 -1
13 3 25 0 -1
13 3 26 0 -1
13 3 27 0 -1
13 3 28 0 -1
13 3 29 0 -1
13 3 30 0 -1
13 3 31 0 -1
13 3 32 0 -1
13 3 33 0 -1
13 3 34 0 -1
13 3 35 0 -1
13 3 36 0 -1
13 3 37 0 -1
13 3 38 0 -1
13 3 39 0 -1
13 3 40 0 -1
13 3 41 2 1
13 3 42 2 1
13 3 43 2 1
13 3 44 2 1
13 3 45 2 1
13 3 46 2 1
13 3 47 2 1
13 3 48 2 1
13 3 49 2 1
13 3 50 2 1
13 3 51 2 1
13 3 52 2 1
13 3 53 2 1
13 3 54 2 1
13 3 55 2 1
13 3 56 2 1
13 3 57 2 1
13 3 58 2 1
13 3 59 2 1
13 3 60 2 1
13 4 3 0 -1
13 4 4 0 -1
13 4 5 0 -1
13 4 6 0 -1
13 4 7 0 -1
13 4 8 0 -1
13 4 9 0 -1
13 4 10 0 -1
13 4 11 0 -1
13 4 12 0 -1
13 4 13 0 -1
13 4 14 0 -1
13 4 15 0 -1
13 4 16 0 -1
13 4 17 0 -1
13 4 18 0 -1
13 4 19 0 -1
13 4 20 0 -1
13 4 21 0 -1
13 4 22 0 -1
13 4 23 0 -1
13 4 24 0 -1
13 4 25 0 -1
13 4 26 2 -1
13 4 27 2 1
13 4 28 2 1
13 4 29 2 1
13 4 30 2 1
13 4 31 2 1
13 4 32 2 1
13 4 33 2 1
13 4 34 2 1
13 4 35 2 1
13 4 36 2 1
13 4 37 2 1
13 4 38 2 1
13 4 39 2 1
13 4 40 2 1
13 4 41 2 1
13 4 42 2 1
13 4 43 2 1
13 4 44 2 1
13 4 45 4 1
13 4 46 4 3
13 4 47 4 3
13 4 48 4 3
13 4 49 4 3
13 4 50 4 3
13 4 51 4 3
13 4 52 4 3
13 4 53 4 3
13 4 54 4 3
13 4 55 4 3
13 4 56 4 3
13 4 57 4 3
13 4 58 4 3
13 4 59 4 3
13 4 60 4 3
13 5 3 0 -1
13 5 4 0 -1
13 5 5 0 -1
13 5 6 0 -1
13 5 7 0 -1
13 5 8 0 -1
13 5 9 0 -1
13 5 10 0 -1
13 5 11 0 -1
13 5 12 0 -1
13 5 13 0 -1
13 5 14 0 -1
13 5 15 0 -1
13 5 16 0 -1
13 5 17 0 -1
13 5 18 2 1
13 5 19 2 1
13 5 20 2 1
13 5 21 2 1
13 5 22 2 1
13 5 23 2 1
13 5 24 2 1
13 5 25 2 1
13 5 26 2 1
13 5 27 2 1
13 5 28 2 1
13 5 29 2 1
13 5 30 2 1
13 5 31 4 3
13 5 32 4 3
13 5 33 4 3
13 5 34 4 3
13 5 35 4 3
13 5 36 4 3
13 5 37 4 3
13 5 38 4 3
13 5 39 4 3
13 5 40 4 3
13 5 41 4 3
13 5 42 4 3
13 5 43 4 3
13 5 44 6 5
13 5 45 6 5
13 5 46 6 5
13 5 47 6 5
13 5 48 6 5
13 5 49 6 5
13 5 50 6 5
13 5 51 6 5
13 5 52 6 5
13 5 53 6 5
13 5 54 6 5
13 5 55 6 5
13 5 56 8 5
13 5 57 8 7
13 5 58 8 7
13 5 59 8 7
13 5 60 8 7
13 6 3 0 -1
13 6 4 0 -1
13 6 5 0 -1
13 6 6 0 -1
13 6 7 0 -1
13 6 8 0 -1
13 6 9 0 -1
13 6 10 0 -1
13 6 11 0 -1
13 6 12 0 -1
13 6 13 2 1
13 6 14 2 1
13 6 15 2 1
13 6 16 2 1
13 6 17 2 1
13 6 18 2 1
13 6 19 2 1
13 6 20 2 1
13 6 21 2 1
13 6 22 4 1
13 6 23 4 3
13 6 24 4 3
13 6 25 4 3
13 6 26 4 3
13 6 27 4 3
13 6 28 4 3
13 6 29 4 3
13 6 30 4 3
13 6 31 6 3
13 6 32 6 5
13 6 33 6 5
13 6 34 6 5
13 6 35 6 5
13 6 36 6 5
13 6 37 6 5
13 6 38 6 5
13 6 39 6 5
13 6 40 8 5
13 6 41 8 7
13 6 42 8 7
13 6 43 8 7
13 6 44 8 7
13 6 45 8 7
13 6 46 8 7
13 6 47 8 7
13 6 48 8 7
13 6 49 8 7
13 6 50 10 9
13 6 51 10 9
13 6 52 10 9
13 6 53 10 9
13 6 54 10 9
13 6 55 10 9
13 6 56 10 9
13 6 57 10 9
13 6 58 10 9
13 6 59 12 11
13 6 60 12 11
13 7 3 0 -1
13 7 4 0 -1
13 7 5 0 -1
13 7 6 0 -1
13 7 7 0 -1
13 7 8 0 -1
13 7 9 0 -1
13 7 10 2 1
13 7 11 2 1
13 7 12 2 1
13 7 13 2 1
13 7 14 2 1
13 7 15 2 1
13 7 16 4 1
13 7 17 4 3
13 7 18 4 3
13 7 19 4 3
13 7 20 4 3
13 7 21 4 3
13 7 22 4 3
13 7 23 6 3
13 7 24 6 5
13 7 25 6 5
13 7 26 6 5
13 7 27 6 5
13 7 28 6 5
13 7 29 6 5
13 7 30 8 7
13 7 31 8 7
13 7 32 8 7
13 7 33 8 7
13 7 34 8 7
13 7 35 8 7
13 7 36 8 7
13 7 37 10 9
13 7 38 10 9
13 7 39 10 9
13 7 40 10 9
13 7 41 10 9
13 7 42 10 9
13 7 43 10 9
13 7 44 12 11
13 7 45 12 11
13 7 46 12 11
13 7 47 12 11
13 7 48 12 11
13 7 49 12 11
13 7 50 14 11
13 7 51 14 13
13 7 52 14 13
13 7 53 14 13
13 7 54 14 13
13 7 55 14 13
13 7 56 14 13
13 7 57 16 15
13 7 58 16 15
13 7 59 16 15
13 7 60 16 15
13 8 3 0 -1
13 8 4 0 -1
13 8 5 0 -1
13 8 6 0 -1
13 8 7 2 -1
13 8 8 2 1
13 8 9 2 1
13 8 10 2 1
13 8 11 2 1
13 8 12 2 1
13 8 13 4 3
13 8 14 4 3
13 8 15 4 3
13 8 16 4 3
13 8 17 4 3
13 8 18 6 5
13 8 19 6 5
13 8 20 6 5
13 8 21 6 5
13 8 22 6 5
13 8 23 8 7
13 8 24 8 7
13 8 25 8 7
13 8 26 8 7
13 8 27 8 7
13 8 28 10 9
13 8 29 10 9
13 8 30 10 9
13 8 31 10 9
13 8 32 10 9
13 8 33 12 9
13 8 34 12 11
13 8 35 12 11
13 8 36 12 11
13 8 37 12 11
13 8 38 12 11
13 8 39 14 13
13 8 40 14 13
13 8 41 14 13
13 8 42 14 13
13 8 43 14 13
13 8 44 16 15
13 8 45 16 15
13 8 46 16 15
13 8 47 16 15
13 8 48 16 15
13 8 49 18 17
13 8 50 18 17
13 8 51 18 17
13 8 52 18 17
13 8 53 18 17
13 8 54 20 19
13 8 55 20 19
13 8 56 20 19
13 8 57 20 19
13 8 58 20 19
13 8 59 22 21
13 8 60 22 21
13 9 3 0 -1
13 9 4 0 -1
13 9 5 0 -1
13 9 6 2 1
13 9 7 2 1
13 9 8 2 1
13 9 9 2 1
13 9 10 4 3
13 9 11 4 3
13 9 12 4 3
13 9 13 4 3
13 9 14 6 5
13 9 15 6 5
13 9 16 6 5
13 9 17 6 5
13 9 18 8 7
13 9 19 8 7
13 9 20 8 7
13 9 21 8 7
13 9 22 10 9
13 9 23 10 9
13 9 24 10 9
13 9 25 10 9
13 9 26 12 9
13 9 27 12 11
13 9 28 12 11
13 9 29 12 11
13 9 30 14 11
13 9 31 14 13
13 9 32 14 13
13 9 33 14 13
13 9 34 14 13
13 9 35 16 15
13 9 36 16 15
13 9 37 16 15
13 9 38 16 15
13 9 39 18 17
13 9 40 18 17
13 9 41 18 17
13 9 42 18 17
13 9 43 20 19
13 9 44 20 19
13 9 45 20 19
13 9 46 20 19
13 9 47 22 21
13 9 48 22 21
13 9 49 22 21
13 9 50 22 21
13 9 51 24 23
13 9 52 24 23
13 9 53 24 23
13 9 54 24 23
13 9 55 26 25
13 9 56 26 25
13 9 57 26 25
13 9 58 26 25
13 9 59 28 27
13 9 60 28 27
13 10 3 0 -1
13 10 4 2 1
13 10 5 2 1
13 10 6 2 1
13 10 7 2 1
13 10 8 4 3
13 10 9 4 3
13 10 10 4 3
13 10 11 6 3
13 10 12 6 5
13 10 13 6 5
13 10 14 6 5
13 10 15 8 7
13 10 16 8 7
13 10 17 8 7
13 10 18 10 9
13 10 19 10 9
13 10 20 10 9
13 10 21 12 9
13 10 22 12 11
13 10 23 12 11
13 10 24 12 11
13 10 25 14 13
13 10 26 14 13
13 10 27 14 13
13 10 28 16 15
13 10 29 16 15
13 10 30 16 15
13 10 31 18 17
13 10 32 18 17
13 10 33 18 17
13 10 34 18 17
13 10 35 20 19
13 10 36 20 19
13 10 37 20 19
13 10 38 22 21
13 10 39 22 21
13 10 40 22 21
13 10 41 24 23
13 10 42 24 23
13 10 43 24 23
13 10 44 24 23
13 10 45 26 25
13 10 46 26 25
13 10 47 26 25
13 10 48 28 27
13 10 49 28 27
13 10 50 28 27
13 10 51 30 29
13 10 52 30 29
13 10 53 30 29
13 10 54 30 29
13 10 55 32 31
13 10 56 32 31
13 10 57 32 31
13 10 58 34 33
13 10 59 34 33
13 10 60 34 33
13 11 3 0 -1
13 11 4 2 1
13 11 5 2 1
13 11 6 4 3
13 11 7 4 3
13 11 8 4 3
13 11 9 4 3
13 11 10 6 5
13 11 11 6 5
13 11 12 8 7
13 11 13 8 7
13 11 14 8 7
13 11 15 10 9
13 11 16 10 9
13 11 17 10 9
13 11 18 12 11
13 11 19 12 11
13 11 20 12 11
13 11 21 14 13
13 11 22 14 13
13 11 23 16 15
13 11 24 16 15
13 11 25 16 15
13 11 26 18 17
13 11 27 18 17
13 11 28 18 17
13 11 29 20 19
13 11 30 20 19
13 11 31 20 19
13 11 32 22 21
13 11 33 22 21
13 11 34 24 23
13 11 35 24 23
13 11 36 24 23
13 11 37 26 25
13 11 38 26 25
13 11 39 26 25
13 11 40 28 27
13 11 41 28 27
13 11 42 28 27
13 11 43 30 29
13 11 44 30 29
13 11 45 32 31
13 11 46 32 31
13 11 47 32 31
13 11 48 34 33
13 11 49 34 33
13 11 50 34 33
13 11 51 36 35
13 11 52 36 35
13 11 53 36 35
13 11 54 38 37
13 11 55 38 37
13 11 56 40 39
13 11 57 40 39
13 11 58 40 39
13 11 59 42 41
13 11 60 42 41
14 2 3 0 -1
14 2 4 0 -1
14 2 5 0 -1
14 2 6 0 -1
14 2 7 0 -1
14 2 8 0 -1
14 2 9 0 -1
14 2 10 0 -1
14 2 11 0 -1
14 2 12 0 -1
14 2 13 0 -1
14 2 14 0 -1
14 2 15 0 -1
14 2 16 0 -1
14 2 17 0 -1
14 2 18 0 -1
14 2 19 0 -1
14 2 20 0 -1
14 2 21 0 -1
14 2 22 0 -1
14 2 23 0 -1
14 2 24 0 -1
14 2 25 0 -1
14 2 26 0 -1
14 2 27 0 -1
14 2 28 0 -1
14 2 29 0 -1
14 2 30 0 -1
14 2 31 0 -1
14 2 32 0 -1
14 2 33 0 -1
14 2 34 0 -1
14 2 35 0 -1
14 2 36 0 -1
14 2 37 0 -1
14 2 38 0 -1
14 2 39 0 -1
14 2 40 0 -1
14 2 41 0 -1
14 2 42 0 -1
14 2 43 0 -1
14 2 44 0 -1
14 2 45 0 -1
14 2 46 0 -1
14 2 47 0 -1
14 2 48 0 -1
14 2 49 0 -1
14 2 50 0 -1
14 2 51 0 -1
14 2 52 0 -1
14 2 53 0 -1
14 2 54 0 -1
14 2 55 0 -1
14 2 56 0 -1
14 2 57 0 -1
14 2 58 0 -1
14 2 59 0 -1
14 2 60 0 -1
14 3 3 0 -1
14 3 4 0 -1
14 3 5 0 -1
14 3 6 0 -1
14 3 7 0 -1
14 3 8 0 -1
14 3 9 0 -1
14 3 10 0 -1
14 3 11 0 -1
14 3 12 0 -1
14 3 13 0 -1
14 3 14 0 -1
14 3 15 0 -1
14 3 16 0 -1
14 3 17 0 -1
14 3 18 0 -1
14 3 19 0 -1
14 3 20 0 -1
14 3 21 0 -1
14 3 22 0 -1
14 3 23 0 -1
14 3 24 0 -1
14 3 25 0 -1
14 3 26 0 -1
14 3 27 0 -1
14 3 28 0 -1
14 3 29 0 -1
14 3 30 0 -1
14 3 31 0 -1
14 3 32 0 -1
14 3 33 0 -1
14 3 34 0 -1
14 3 35 0 -1
14 3 36 0 -1
14 3 37 0 -1
14 3 38 0 -1
14 3 39 0 -1
14 3 40 0 -1
14 3 41 0 -1
14 3 42 0 -1
14 3 43 0 -1
14 3 44 0 -1
14 3 45 2 -1
14 3 46 2 1
14 3 47 2 1
14 3 48 2 1
14 3 49 2 1
14 3 50 2 1
14 3 51 2 1
14 3 52 2 1
14 3 53 2 1
14 3 54 2 1
14 3 55 2 1
14 3 56 2 1
14 3 57 2 1
14 3 58 2 1
14 3 59 2 1
14 3 60 2 1
14 4 3 0 -1
14 4 4 0 -1
14 4 5 0 -1
14 4 6 0 -1
14 4 7 0 -1
14 4 8 0 -1
14 4 9 0 -1
14 4 10 0 -1
14 4 11 0 -1
14 4 12 0 -1
14 4 13 0 -1
14 4 14 0 -1
14 4 15 0 -1
14 4 16 0 -1
14 4 17 0 -1
14 4 18 0 -1
14 4 19 0 -1
14 4 20 0 -1
14 4 21 0 -1
14 4 22 0 -1
14 4 23 0 -1
14 4 24 0 -1
14 4 25 0 -1
14 4 26 0 -1
14 4 27 0 -1
14 4 28 0 -1
14 4 29 2 -1
14 4 30 2 1
14 4 31 2 1
14 4 32 2 1
14 4 33 2 1
14 4 34 2 1
14 4 35 2 1
14 4 36 2 1
14 4 37 2 1
14 4 38 2 1
14 4 39 2 1
14 4 40 2 1
14 4 41 2 1
14 4 42 2 1
14 4 43 2 1
14 4 44 2 1
14 4 45 2 1
14 4 46 2 1
14 4 47 2 1
14 4 48 2 1
14 4 49 2 1
14 4 50 4 1
14 4 51 4 3
14 4 52 4 3
14 4 53 4 3
14 4 54 4 3
14 4 55 4 3
14 4 56 4 3
14 4 57 4 3
14 4 58 4 3
14 4 59 4 3
14 4 60 4 3
14 5 3 0 -1
14 5 4 0 -1
14 5 5 0 -1
14 5 6 0 -1
14 5 7 0 -1
14 5 8 0 -1
14 5 9 0 -1
14 5 10 0 -1
14 5 11 0 -1
14 5 12 0 -1
14 5 13 0 -1
14 5 14 0 -1
14 5 15 0 -1
14 5 16 0 -1
14 5 17 0 -1
14 5 18 0 -1
14 5 19 0 -1
14 5 20 2 -1
14 5 21 2 1
14 5 22 2 1
14 5 23 2 1
14 5 24 2 1
14 5 25 2 1
14 5 26 2 1
14 5 27 2 1
14 5 28 2 1
14 5 29 2 1
14 5 30 2 1
14 5 31 2 1
14 5 32 2 1
14 5 33 2 1
14 5 34 2 1
14 5 35 4 1
14 5 36 4 3
14 5 37 4 3
14 5 38 4 3
14 5 39 4 3
14 5 40 4 3
14 5 41 4 3
14 5 42 4 3
14 5 43 4 3
14 5 44 4 3
14 5 45 4 3
14 5 46 4 3
14 5 47 4 3
14 5 48 4 3
14 5 49 6 3
14 5 50 6 5
14 5 51 6 5
14 5 52 6 5
14 5 53 6 5
14 5 54 6 5
14 5 55 6 5
14 5 56 6 5
14 5 57 6 5
14 5 58 6 5
14 5 59 6 5
14 5 60 6 5
14 6 3 0 -1
14 6 4 0 -1
14 6 5 0 -1
14 6 6 0 -1
14 6 7 0 -1
14 6 8 0 -1
14 6 9 0 -1
14 6 10 0 -1
14 6 11 0 -1
14 6 12 0 -1
14 6 13 0 -1
14 6 14 0 -1
14 6 15 2 1
14 6 16 2 1
14 6 17 2 1
14 6 18 2 1
14 6 19 2 1
14 6 20 2 1
14 6 21 2 1
14 6 22 2 1
14 6 23 2 1
14 6 24 2 1
14 6 25 4 1
14 6 26 4 3
14 6 27 4 3
14 6 28 4 3
14 6 29 4 3
14 6 30 4 3
14 6 31 4 3
14 6 32 4 3
14 6 33 4 3
14 6 34 4 3
14 6 35 4 3
14 6 36 6 5
14 6 37 6 5
14 6 38 6 5
14 6 39 6 5
14 6 40 6 5
14 6 41 6 5
14 6 42 6 5
14 6 43 6 5
14 6 44 6 5
14 6 45 6 5
14 6 46 8 5
14 6 47 8 7
14 6 48 8 7
14 6 49 8 7
14 6 50 8 7
14 6 51 8 7
14 6 52 8 7
14 6 53 8 7
14 6 54 8 7
14 6 55 8 7
14 6 56 8 7
14 6 57 10 9
14 6 58 10 9
14 6 59 10 9
14 6 60 10 9
14 7 3 0 -1
14 7 4 0 -1
14 7 5 0 -1
14 7 6 0 -1
14 7 7 0 -1
14 7 8 0 -1
14 7 9 0 -1
14 7 10 0 -1
14 7 11 2 -1
14 7 12 2 1
14 7 13 2 1
14 7 14 2 1
14 7 15 2 1
14 7 16 2 1
14 7 17 2 1
14 7 18 2 1
14 7 19 4 3
14 7 20 4 3
14 7 21 4 3
14 7 22 4 3
14 7 23 4 3
14 7 24 4 3
14 7 25 4 3
14 7 26 4 3
14 7 27 6 5
14 7 28 6 5
14 7 29 6 5
14 7 30 6 5
14 7 31 6 5
14 7 32 6 5
14 7 33 6 5
14 7 34 6 5
14 7 35 8 7
14 7 36 8 7
14 7 37 8 7
14 7 38 8 7
14 7 39 8 7
14 7 40 8 7
14 7 41 8 7
14 7 42 10 7
14 7 43 10 9
14 7 44 10 9
14 7 45 10 9
14 7 46 10 9
14 7 47 10 9
14 7 48 10 9
14 7 49 10 9
14 7 50 12 9
14 7 51 12 11
14 7 52 12 11
14 7 53 12 11
14 7 54 12 11
14 7 55 12 11
14 7 56 12 11
14 7 57 12 11
14 7 58 14 13
14 7 59 14 13
14 7 60 14 13
14 8 3 0 -1
14 8 4 0 -1
14 8 5 0 -1
14 8 6 0 -1
14 8 7 0 -1
14 8 8 0 -1
14 8 9 2 1
14 8 10 2 1
14 8 11 2 1
14 8 12 2 1
14 8 13 2 1
14 8 14 2 1
14 8 15 4 3
14 8 16 4 3
14 8 17 4 3
14 8 18 4 3
14 8 19 4 3
14 8 20 4 3
14 8 21 6 5
14 8 22 6 5
14 8 23 6 5
14 8 24 6 5
14 8 25 6 5
14 8 26 6 5
14 8 27 8 7
14 8 28 8 7
14 8 29 8 7
14 8 30 8 7
14 8 31 8 7
14 8 32 8 7
14 8 33 10 9
14 8 34 10 9
14 8 35 10 9
14 8 36 10 9
14 8 37 10 9
14 8 38 10 9
14 8 39 12 11
14 8 40 12 11
14 8 41 12 11
14 8 42 12 11
14 8 43 12 11
14 8 44 12 11
14 8 45 14 13
14 8 46 14 13
14 8 47 14 13
14 8 48 14 13
14 8 49 14 13
14 8 50 14 13
14 8 51 16 15
14 8 52 16 15
14 8 53 16 15
14 8 54 16 15
14 8 55 16 15
14 8 56 16 15
14 8 57 18 17
14 8 58 18 17
14 8 59 18 17
14 8 60 18 17
14 9 3 0 -1
14 9 4 0 -1
14 9 5 0 -1
14 9 6 0 -1
14 9 7 2 1
14 9 8 2 1
14 9 9 2 1
14 9 10 2 1
14 9 11 2 1
14 9 12 4 3
14 9 13 4 3
14 9 14 4 3
14 9 15 4 3
14 9 16 6 3
14 9 17 6 5
14 9 18 6 5
14 9 19 6 5
14 9 20 6 5
14 9 21 8 7
14 9 22 8 7
14 9 23 8 7
14 9 24 8 7
14 9 25 8 7
14 9 26 10 9
14 9 27 10 9
14 9 28 10 9
14 9 29 10 9
14 9 30 10 9
14 9 31 12 11
14 9 32 12 11
14 9 33 12 11
14 9 34 12 11
14 9 35 14 11
14 9 36 14 13
14 9 37 14 13
14 9 38 14 13
14 9 39 14 13
14 9 40 16 15
14 9 41 16 15
14 9 42 16 15
14 9 43 16 15
14 9 44 16 15
14 9 45 18 17
14 9 46 18 17
14 9 47 18 17
14 9 48 18 17
14 9 49 20 17
14 9 50 20 19
14 9 51 20 19
14 9 52 20 19
14 9 53 20 19
14 9 54 22 21
14 9 55 22 21
14 9 56 22 21
14 9 57 22 21
14 9 58 22 21
14 9 59 24 23
14 9 60 24 23
14 10 3 0 -1
14 10 4 0 -1
14 10 5 2 -1
14 10 6 2 1
14 10 7 2 1
14 10 8 2 1
14 10 9 4 3
14 10 10 4 3
14 10 11 4 3
14 10 12 4 3
14 10 13 6 5
14 10 14 6 5
14 10 15 6 5
14 10 16 6 5
14 10 17 8 7
14 10 18 8 7
14 10 19 8 7
14 10 20 8 7
14 10 21 10 9
14 10 22 10 9
14 10 23 10 9
14 10 24 10 9
14 10 25 12 11
14 10 26 12 11
14 10 27 12 11
14 10 28 12 11
14 10 29 14 13
14 10 30 14 13
14 10 31 14 13
14 10 32 16 13
14 10 33 16 15
14 10 34 16 15
14 10 35 16 15
14 10 36 18 17
14 10 37 18 17
14 10 38 18 17
14 10 39 18 17
14 10 40 20 19
14 10 41 20 19
14 10 42 20 19
14 10 43 20 19
14 10 44 22 21
14 10 45 22 21
14 10 46 22 21
14 10 47 22 21
14 10 48 24 23
14 10 49 24 23
14 10 50 24 23
14 10 51 24 23
14 10 52 26 25
14 10 53 26 25
14 10 54 26 25
14 10 55 28 27
14 10 56 28 27
14 10 57 28 27
14 10 58 28 27
14 10 59 30 29
14 10 60 30 29
14 11 3 0 -1
14 11 4 2 1
14 11 5 2 1
14 11 6 2 1
14 11 7 2 1
14 11 8 4 3
14 11 9 4 3
14 11 10 4 3
14 11 11 6 5
14 11 12 6 5
14 11 13 6 5
14 11 14 8 7
14 11 15 8 7
14 11 16 8 7
14 11 17 10 9
14 11 18 10 9
14 11 19 10 9
14 11 20 12 9
14 11 21 12 11
14 11 22 12 11
14 11 23 12 11
14 11 24 14 13
14 11 25 14 13
14 11 26 14 13
14 11 27 16 15
14 11 28 16 15
14 11 29 16 15
14 11 30 18 17
14 11 31 18 17
14 11 32 18 17
14 11 33 20 19
14 11 34 20 19
14 11 35 20 19
14 11 36 22 21
14 11 37 22 21
14 11 38 22 21
14 11 39 22 21
14 11 40 24 23
14 11 41 24 23
14 11 42 24 23
14 11 43 26 25
14 11 44 26 25
14 11 45 26 25
14 11 46 28 27
14 11 47 28 27
14 11 48 28 27
14 11 49 30 29
14 11 50 30 29
14 11 51 30 29
14 11 52 32 31
14 11 53 32 31
14 11 54 32 31
14 11 55 34 33
14 11 56 34 33
14 11 57 34 33
14 11 58 34 33
14 11 59 36 35
14 11 60 36 35
14 12 3 0 -1
14 12 4 2 1
14 12 5 2 1
14 12 6 4 3
14 12 7 4 3
14 12 8 4 3
14 12 9 4 3
14 12 10 6 5
14 12 11 6 5
14 12 12 8 7
14 12 13 8 7
14 12 14 10 9
14 12 15 10 9
14 12 16 10 9
14 12 17 10 9
14 12 18 12 11
14 12 19 12 11
14 12 20 14 13
14 12 21 14 13
14 12 22 14 13
14 12 23 16 15
14 12 24 16 15
14 12 25 16 15
14 12 26 18 17
14 12 27 18 17
14 12 28 20 19
14 12 29 20 19
14 12 30 20 19
14 12 31 22 21
14 12 32 22 21
14 12 33 22 21
14 12 34 24 23
14 12 35 24 23
14 12 36 26 25
14 12 37 26 25
14 12 38 26 25
14 12 39 28 27
14 12 40 28 27
14 12 41 28 27
14 12 42 30 29
14 12 43 30 29
14 12 44 32 31
14 12 45 32 31
14 12 46 32 31
14 12 47 34 33
14 12 48 34 33
14 12 49 34 33
14 12 50 36 35
14 12 51 36 35
14 12 52 38 37
14 12 53 38 37
14 12 54 38 37
14 12 55 40 39
14 12 56 40 39
14 12 57 40 39
14 12 58 42 41
14 12 59 42 41
14 12 60 44 43
15 2 3 0 -1
15 2 4 0 -1
15 2 5 0 -1
15 2 6 0 -1
15 2 7 0 -1
15 2 8 0 -1
15 2 9 0 -1
15 2 10 0 -1
15 2 11 0 -1
15 2 12 0 -1
15 2 13 0 -1
15 2 14 0 -1
15 2 15 0 -1
15 2 16 0 -1
15 2 17 0 -1
15 2 18 0 -1
15 2 19 0 -1
15 2 20 0 -1
15 2 21 0 -1
15 2 22 0 -1
15 2 23 0 -1
15 2 24 0 -1
15 2 25 0 -1
15 2 26 0 -1
15 2 27 0 -1
15 2 28 0 -1
15 2 29 0 -1
15 2 30 0 -1
15 2 31 0 -1
15 2 32 0 -1
15 2 33 0 -1
15 2 34 0 -1
15 2 35 0 -1
15 2 36 0 -1
15 2 37 0 -1
15 2 38 0 -1
15 2 39 0 -1
15 2 40 0 -1
15 2 41 0 -1
15 2 42 0 -1
15 2 43 0 -1
15 2 44 0 -1
15 2 45 0 -1
15 2 46 0 -1
15 2 47 0 -1
15 2 48 0 -1
15 2 49 0 -1
15 2 50 0 -1
15 2 51 0 -1
15 2 52 0 -1
15 2 53 0 -1
15 2 54 0 -1
15 2 55 0 -1
15 2 56 0 -1
15 2 57 0 -1
15 2 58 0 -1
15 2 59 0 -1
15 2 60 0 -1
15 3 3 0 -1
15 3 4 0 -1
15 3 5 0 -1
15 3 6 0 -1
15 3 7 0 -1
15 3 8 0 -1
15 3 9 0 -1
15 3 10 0 -1
15 3 11 0 -1
15 3 12 0 -1
15 3 13 0 -1
15 3 14 0 -1
15 3 15 0 -1
15 3 16 0 -1
15 3 17 0 -1
15 3 18 0 -1
15 3 19 0 -1
15 3 20 0 -1
15 3 21 0 -1
15 3 22 0 -1
15 3 23 0 -1
15 3 24 0 -1
15 3 25 0 -1
15 3 26 0 -1
15 3 27 0 -1
15 3 28 0 -1
15 3 29 0 -1
15 3 30 0 -1
15 3 31 0 -1
15 3 32 0 -1
15 3 33 0 -1
15 3 34 0 -1
15 3 35 0 -1
15 3 36 0 -1
15 3 37 0 -1
15 3 38 0 -1
15 3 39 0 -1
15 3 40 0 -1
15 3 41 0 -1
15 3 42 0 -1
15 3 43 0 -1
15 3 44 0 -1
15 3 45 0 -1
15 3 46 0 -1
15 3 47 0 -1
15 3 48 0 -1
15 3 49 2 -1
15 3 50 2 1
15 3 51 2 1
15 3 52 2 1
15 3 53 2 1
15 3 54 2 1
15 3 55 2 1
15 3 56 2 1
15 3 57 2 1
15 3 58 2 1
15 3 59 2 1
15 3 60 2 1
15 4 3 0 -1
15 4 4 0 -1
15 4 5 0 -1
15 4 6 0 -1
15 4 7 0 -1
15 4 8 0 -1
15 4 9 0 -1
15 4 10 0 -1
15 4 11 0 -1
15 4 12 0 -1
15 4 13 0 -1
15 4 14 0 -1
15 4 15 0 -1
15 4 16 0 -1
15 4 17 0 -1
15 4 18 0 -1
15 4 19 0 -1
15 4 20 0 -1
15 4 21 0 -1
15 4 22 0 -1
15 4 23 0 -1
15 4 24 0 -1
15 4 25 0 -1
15 4 26 0 -1
15 4 27 0 -1
15 4 28 0 -1
15 4 29 0 -1
15 4 30 0 -1
15 4 31 0 -1
15 4 32 2 -1
15 4 33 2 1
15 4 34 2 1
15 4 35 2 1
15 4 36 2 1
15 4 37 2 1
15 4 38 2 1
15 4 39 2 1
15 4 40 2 1
15 4 41 2 1
15 4 42 2 1
15 4 43 2 1
15 4 44 2 1
15 4 45 2 1
15 4 46 2 1
15 4 47 2 1
15 4 48 2 1
15 4 49 2 1
15 4 50 2 1
15 4 51 2 1
15 4 52 2 1
15 4 53 2 1
15 4 54 2 1
15 4 55 2 1
15 4 56 4 3
15 4 57 4 3
15 4 58 4 3
15 4 59 4 3
15 4 60 4 3
15 5 3 0 -1
15 5 4 0 -1
15 5 5 0 -1
15 5 6 0 -1
15 5 7 0 -1
15 5 8 0 -1
15 5 9 0 -1
15 5 10 0 -1
15 5 11 0 -1
15 5 12 0 -1
15 5 13 0 -1
15 5 14 0 -1
15 5 15 0 -1
15 5 16 0 -1
15 5 17 0 -1
15 5 18 0 -1
15 5 19 0 -1
15 5 20 0 -1
15 5 21 0 -1
15 5 22 0 -1
15 5 23 2 1
15 5 24 2 1
15 5 25 2 1
15 5 26 2 1
15 5 27 2 1
15 5 28 2 1
15 5 29 2 1
15 5 30 2 1
15 5 31 2 1
15 5 32 2 1
15 5 33 2 1
15 5 34 2 1
15 5 35 2 1
15 5 36 2 1
15 5 37 2 1
15 5 38 2 1
15 5 39 4 3
15 5 40 4 3
15 5 41 4 3
15 5 42 4 3
15 5 43 4 3
15 5 44 4 3
15 5 45 4 3
15 5 46 4 3
15 5 47 4 3
15 5 48 4 3
15 5 49 4 3
15 5 50 4 3
15 5 51 4 3
15 5 52 4 3
15 5 53 4 3
15 5 54 4 3
15 5 55 6 3
15 5 56 6 5
15 5 57 6 5
15 5 58 6 5
15 5 59 6 5
15 5 60 6 5
15 6 3 0 -1
15 6 4 0 -1
15 6 5 0 -1
15 6 6 0 -1
15 6 7 0 -1
15 6 8 0 -1
15 6 9 0 -1
15 6 10 0 -1
15 6 11 0 -1
15 6 12 0 -1
15 6 13 0 -1
15 6 14 0 -1
15 6 15 0 -1
15 6 16 0 -1
15 6 17 2 1
15 6 18 2 1
15 6 19 2 1
15 6 20 2 1
15 6 21 2 1
15 6 22 2 1
15 6 23 2 1
15 6 24 2 1
15 6 25 2 1
15 6 26 2 1
15 6 27 2 1
15 6 28 2 1
15 6 29 4 3
15 6 30 4 3
15 6 31 4 3
15 6 32 4 3
15 6 33 4 3
15 6 34 4 3
15 6 35 4 3
15 6 36 4 3
15 6 37 4 3
15 6 38 4 3
15 6 39 4 3
15 6 40 6 3
15 6 41 6 5
15 6 42 6 5
15 6 43 6 5
15 6 44 6 5
15 6 45 6 5
15 6 46 6 5
15 6 47 6 5
15 6 48 6 5
15 6 49 6 5
15 6 50 6 5
15 6 51 6 5
15 6 52 8 5
15 6 53 8 7
15 6 54 8 7
15 6 55 8 7
15 6 56 8 7
15 6 57 8 7
15 6 58 8 7
15 6 59 8 7
15 6 60 8 7
15 7 3 0 -1
15 7 4 0 -1
15 7 5 0 -1
15 7 6 0 -1
15 7 7 0 -1
15 7 8 0 -1
15 7 9 0 -1
15 7 10 0 -1
15 7 11 0 -1
15 7 12 0 -1
15 7 13 2 1
15 7 14 2 1
15 7 15 2 1
15 7 16 2 1
15 7 17 2 1
15 7 18 2 1
15 7 19 2 1
15 7 20 2 1
15 7 21 2 1
15 7 22 4 3
15 7 23 4 3
15 7 24 4 3
15 7 25 4 3
15 7 26 4 3
15 7 27 4 3
15 7 28 4 3
15 7 29 4 3
15 7 30 4 3
15 7 31 6 5
15 7 32 6 5
15 7 33 6 5
15 7 34 6 5
15 7 35 6 5
15 7 36 6 5
15 7 37 6 5
15 7 38 6 5
15 7 39 8 5
15 7 40 8 7
15 7 41 8 7
15 7 42 8 7
15 7 43 8 7
15 7 44 8 7
15 7 45 8 7
15 7 46 8 7
15 7 47 8 7
15 7 48 10 7
15 7 49 10 9
15 7 50 10 9
15 7 51 10 9
15 7 52 10 9
15 7 53 10 9
15 7 54 10 9
15 7 55 10 9
15 7 56 10 9
15 7 57 12 11
15 7 58 12 11
15 7 59 12 11
15 7 60 12 11
15 8 3 0 -1
15 8 4 0 -1
15 8 5 0 -1
15 8 6 0 -1
15 8 7 0 -1
15 8 8 0 -1
15 8 9 0 -1
15 8 10 2 1
15 8 11 2 1
15 8 12 2 1
15 8 13 2 1
15 8 14 2 1
15 8 15 2 1
15 8 16 2 1
15 8 17 4 3
15 8 18 4 3
15 8 19 4 3
15 8 20 4 3
15 8 21 4 3
15 8 22 4 3
15 8 23 4 3
15 8 24 6 5
15 8 25 6 5
15 8 26 6 5
15 8 27 6 5
15 8 28 6 5
15 8 29 6 5
15 8 30 6 5
15 8 31 8 7
15 8 32 8 7
15 8 33 8 7
15 8 34 8 7
15 8 35 8 7
15 8 36 8 7
15 8 37 10 7
15 8 38 10 9
15 8 39 10 9
15 8 40 10 9
15 8 41 10 9
15 8 42 10 9
15 8 43 10 9
15 8 44 12 11
15 8 45 12 11
15 8 46 12 11
15 8 47 12 11
15 8 48 12 11
15 8 49 12 11
15 8 50 12 11
15 8 51 14 13
15 8 52 14 13
15 8 53 14 13
15 8 54 14 13
15 8 55 14 13
15 8 56 14 13
15 8 57 14 13
15 8 58 16 15
15 8 59 16 15
15 8 60 16 15
15 9 3 0 -1
15 9 4 0 -1
15 9 5 0 -1
15 9 6 0 -1
15 9 7 0 -1
15 9 8 2 1
15 9 9 2 1
15 9 10 2 1
15 9 11 2 1
15 9 12 2 1
15 9 13 4 1
15 9 14 4 3
15 9 15 4 3
15 9 16 4 3
15 9 17 4 3
15 9 18 4 3
15 9 19 6 5
15 9 20 6 5
15 9 21 6 5
15 9 22 6 5
15 9 23 6 5
15 9 24 8 7
15 9 25 8 7
15 9 26 8 7
15 9 27 8 7
15 9 28 8 7
15 9 29 8 7
15 9 30 10 9
15 9 31 10 9
15 9 32 10 9
15 9 33 10 9
15 9 34 10 9
15 9 35 12 11
15 9 36 12 11
15 9 37 12 11
15 9 38 12 11
15 9 39 12 11
15 9 40 14 11
15 9 41 14 13
15 9 42 14 13
15 9 43 14 13
15 9 44 14 13
15 9 45 14 13
15 9 46 16 15
15 9 47 16 15
15 9 48 16 15
15 9 49 16 15
15 9 50 16 15
15 9 51 18 17
15 9 52 18 17
15 9 53 18 17
15 9 54 18 17
15 9 55 18 17
15 9 56 18 17
15 9 57 20 19
15 9 58 20 19
15 9 59 20 19
15 9 60 20 19
15 10 3 0 -1
15 10 4 0 -1
15 10 5 0 -1
15 10 6 2 1
15 10 7 2 1
15 10 8 2 1
15 10 9 2 1
15 10 10 2 1
15 10 11 4 3
15 10 12 4 3
15 10 13 4 3
15 10 14 4 3
15 10 15 6 5
15 10 16 6 5
15 10 17 6 5
15 10 18 6 5
15 10 19 6 5
15 10 20 8 7
15 10 21 8 7
15 10 22 8 7
15 10 23 8 7
15 10 24 10 9
15 10 25 10 9
15 10 26 10 9
15 10 27 10 9
15 10 28 12 9
15 10 29 12 11
15 10 30 12 11
15 10 31 12 11
15 10 32 12 11
15 10 33 14 13
15 10 34 14 13
15 10 35 14 13
15 10 36 14 13
15 10 37 16 15
15 10 38 16 15
15 10 39 16 15
15 10 40 16 15
15 10 41 16 15
15 10 42 18 17
15 10 43 18 17
15 10 44 18 17
15 10 45 18 17
15 10 46 20 19
15 10 47 20 19
15 10 48 20 19
15 10 49 20 19
15 10 50 22 21
15 10 51 22 21
15 10 52 22 21
15 10 53 22 21
15 10 54 22 21
15 10 55 24 23
15 10 56 24 23
15 10 57 24 23
15 10 58 24 23
15 10 59 26 25
15 10 60 26 25
15 11 3 0 -1
15 11 4 0 -1
15 11 5 2 1
15 11 6 2 1
15 11 7 2 1
15 11 8 2 1
15 11 9 4 3
15 11 10 4 3
15 11 11 4 3
15 11 12 4 3
15 11 13 6 5
15 11 14 6 5
15 11 15 6 5
15 11 16 8 7
15 11 17 8 7
15 11 18 8 7
15 11 19 8 7
15 11 20 10 9
15 11 21 10 9
15 11 22 10 9
15 11 23 12 9
15 11 24 12 11
15 11 25 12 11
15 11 26 12 11
15 11 27 14 13
15 11 28 14 13
15 11 29 14 13
15 11 30 14 13
15 11 31 16 15
15 11 32 16 15
15 11 33 16 15
15 11 34 18 17
15 11 35 18 17
15 11 36 18 17
15 11 37 18 17
15 11 38 20 19
15 11 39 20 19
15 11 40 20 19
15 11 41 20 19
15 11 42 22 21
15 11 43 22 21
15 11 44 22 21
15 11 45 24 23
15 11 46 24 23
15 11 47 24 23
15 11 48 24 23
15 11 49 26 25
15 11 50 26 25
15 11 51 26 25
15 11 52 28 25
15 11 53 28 27
15 11 54 28 27
15 11 55 28 27
15 11 56 30 29
15 11 57 30 29
15 11 58 30 29
15 11 59 30 29
15 11 60 32 31
15 12 3 0 -1
15 12 4 2 1
15 12 5 2 1
15 12 6 2 1
15 12 7 2 1
15 12 8 4 3
15 12 9 4 3
15 12 10 6 5
15 12 11 6 5
15 12 12 6 5
15 12 13 6 5
15 12 14 8 7
15 12 15 8 7
15 12 16 8 7
15 12 17 10 9
15 12 18 10 9
15 12 19 10 9
15 12 20 12 11
15 12 21 12 11
15 12 22 12 11
15 12 23 14 13
15 12 24 14 13
15 12 25 14 13
15 12 26 16 15
15 12 27 16 15
15 12 28 16 15
15 12 29 18 17
15 12 30 18 17
15 12 31 18 17
15 12 32 20 19
15 12 33 20 19
15 12 34 20 19
15 12 35 22 21
15 12 36 22 21
15 12 37 22 21
15 12 38 24 23
15 12 39 24 23
15 12 40 24 23
15 12 41 26 25
15 12 42 26 25
15 12 43 26 25
15 12 44 28 27
15 12 45 28 27
15 12 46 28 27
15 12 47 30 29
15 12 48 30 29
15 12 49 30 29
15 12 50 32 31
15 12 51 32 31
15 12 52 32 31
15 12 53 34 31
15 12 54 34 33
15 12 55 34 33
15 12 56 34 33
15 12 57 36 35
15 12 58 36 35
15 12 59 36 35
15 12 60 38 37
15 13 3 0 -1
15 13 4 2 1
15 13 5 2 1
15 13 6 4 3
15 13 7 4 3
15 13 8 4 3
15 13 9 6 5
15 13 10 6 5
15 13 11 6 5
15 13 12 8 7
15 13 13 8 7
15 13 14 10 9
15 13 15 10 9
15 13 16 10 9
15 13 17 12 11
15 13 18 12 11
15 13 19 12 11
15 13 20 14 13
15 13 21 14 13
15 13 22 16 15
15 13 23 16 15
15 13 24 16 15
15 13 25 18 17
15 13 26 18 17
15 13 27 18 17
15 13 28 20 19
15 13 29 20 19
15 13 30 22 21
15 13 31 22 21
15 13 32 22 21
15 13 33 24 23
15 13 34 24 23
15 13 35 24 23
15 13 36 26 25
15 13 37 26 25
15 13 38 28 27
15 13 39 28 27
15 13 40 28 27
15 13 41 30 29
15 13 42 30 29
15 13 43 32 31
15 13 44 32 31
15 13 45 32 31
15 13 46 34 33
15 13 47 34 33
15 13 48 34 33
15 13 49 36 35
15 13 50 36 35
15 13 51 38 37
15 13 52 38 37
15 13 53 38 37
15 13 54 40 39
15 13 55 40 39
15 13 56 42 41
15 13 57 42 41
15 13 58 42 41
15 13 59 44 43
15 13 60 44 43
16 2 3 0 -1
16 2 4 0 -1
16 2 5 0 -1
16 2 6 0 -1
16 2 7 0 -1
16 2 8 0 -1
16 2 9 0 -1
16 2 10 0 -1
16 2 11 0 -1
16 2 12 0 -1
16 2 13 0 -1
16 2 14 0 -1
16 2 15 0 -1
16 2 16 0 -1
16 2 17 0 -1
16 2 18 0 -1
16 2 19 0 -1
16 2 20 0 -1
16 2 21 0 -1
16 2 22 0 -1
16 2 23 0 -1
16 2 24 0 -1
16 2 25 0 -1
16 2 26 0 -1
16 2 27 0 -1
16 2 28 0 -1
16 2 29 0 -1
16 2 30 0 -1
16 2 31 0 -1
16 2 32 0 -1
16 2 33 0 -1
16 2 34 0 -1
16 2 35 0 -1
16 2 36 0 -1
16 2 37 0 -1
16 2 38 0 -1
16 2 39 0 -1
16 2 40 0 -1
16 2 41 0 -1
16 2 42 0 -1
16 2 43 0 -1
16 2 44 0 -1
16 2 45 0 -1
16 2 46 0 -1
16 2 47 0 -1
16 2 48 0 -1
16 2 49 0 -1
16 2 50 0 -1
16 2 51 0 -1
16 2 52 0 -1
16 2 53 0 -1
16 2 54 0 -1
16 2 55 0 -1
16 2 56 0 -1
16 2 57 0 -1
16 2 58 0 -1
16 2 59 0 -1
16 2 60 0 -1
16 3 3 0 -1
16 3 4 0 -1
16 3 5 0 -1
16 3 6 0 -1
16 3 7 0 -1
16 3 8 0 -1
16 3 9 0 -1
16 3 10 0 -1
16 3 11 0 -1
16 3 12 0 -1
16 3 13 0 -1
16 3 14 0 -1
16 3 15 0 -1
16 3 16 0 -1
16 3 17 0 -1
16 3 18 0 -1
16 3 19 0 -1
16 3 20 0 -1
16 3 21 0 -1
16 3 22 0 -1
16 3 23 0 -1
16 3 24 0 -1
16 3 25 0 -1
16 3 26 0 -1
16 3 27 0 -1
16 3 28 0 -1
16 3 29 0 -1
16 3 30 0 -1
16 3 31 0 -1
16 3 32 0 -1
16 3 33 0 -1
16 3 34 0 -1
16 3 35 0 -1
16 3 36 0 -1
16 3 37 0 -1
16 3 38 0 -1
16 3 39 0 -1
16 3 40 0 -1
16 3 41 0 -1
16 3 42 0 -1
16 3 43 0 -1
16 3 44 0 -1
16 3 45 0 -1
16 3 46 0 -1
16 3 47 0 -1
16 3 48 0 -1
16 3 49 0 -1
16 3 50 0 -1
16 3 51 0 -1
16 3 52 0 -1
16 3 53 2 -1
16 3 54 2 1
16 3 55 2 1
16 3 56 2 1
16 3 57 2 1
16 3 58 2 1
16 3 59 2 1
16 3 60 2 1
16 4 3 0 -1
16 4 4 0 -1
16 4 5 0 -1
16 4 6 0 -1
16 4 7 0 -1
16 4 8 0 -1
16 4 9 0 -1
16 4 10 0 -1
16 4 11 0 -1
16 4 12 0 -1
16 4 13 0 -1
16 4 14 0 -1
16 4 15 0 -1
16 4 16 0 -1
16 4 17 0 -1
16 4 18 0 -1
16 4 19 0 -1
16 4 20 0 -1
16 4 21 0 -1
16 4 22 0 -1
16 4 23 0 -1
16 4 24 0 -1
16 4 25 0 -1
16 4 26 0 -1
16 4 27 0 -1
16 4 28 0 -1
16 4 29 0 -1
16 4 30 0 -1
16 4 31 0 -1
16 4 32 0 -1
16 4 33 0 -1
16 4 34 0 -1
16 4 35 2 -1
16 4 36 2 1
16 4 37 2 1
16 4 38 2 1
16 4 39 2 1
16 4 40 2 1
16 4 41 2 1
16 4 42 2 1
16 4 43 2 1
16 4 44 2 1
16 4 45 2 1
16 4 46 2 1
16 4 47 2 1
16 4 48 2 1
16 4 49 2 1
16 4 50 2 1
16 4 51 2 1
16 4 52 2 1
16 4 53 2 1
16 4 54 2 1
16 4 55 2 1
16 4 56 2 1
16 4 57 2 1
16 4 58 2 1
16 4 59 2 1
16 4 60 2 1
16 5 3 0 -1
16 5 4 0 -1
16 5 5 0 -1
16 5 6 0 -1
16 5 7 0 -1
16 5 8 0 -1
16 5 9 0 -1
16 5 10 0 -1
16 5 11 0 -1
16 5 12 0 -1
16 5 13 0 -1
16 5 14 0 -1
16 5 15 0 -1
16 5 16 0 -1
16 5 17 0 -1
16 5 18 0 -1
16 5 19 0 -1
16 5 20 0 -1
16 5 21 0 -1
16 5 22 0 -1
16 5 23 0 -1
16 5 24 0 -1
16 5 25 2 -1
16 5 26 2 1
16 5 27 2 1
16 5 28 2 1
16 5 29 2 1
16 5 30 2 1
16 5 31 2 1
16 5 32 2 1
16 5 33 2 1
16 5 34 2 1
16 5 35 2 1
16 5 36 2 1
16 5 37 2 1
16 5 38 2 1
16 5 39 2 1
16 5 40 2 1
16 5 41 2 1
16 5 42 2 1
16 5 43 4 1
16 5 44 4 3
16 5 45 4 3
16 5 46 4 3
16 5 47 4 3
16 5 48 4 3
16 5 49 4 3
16 5 50 4 3
16 5 51 4 3
16 5 52 4 3
16 5 53 4 3
16 5 54 4 3
16 5 55 4 3
16 5 56 4 3
16 5 57 4 3
16 5 58 4 3
16 5 59 4 3
16 5 60 4 3
16 6 3 0 -1
16 6 4 0 -1
16 6 5 0 -1
16 6 6 0 -1
16 6 7 0 -1
16 6 8 0 -1
16 6 9 0 -1
16 6 10 0 -1
16 6 11 0 -1
16 6 12 0 -1
16 6 13 0 -1
16 6 14 0 -1
16 6 15 0 -1
16 6 16 0 -1
16 6 17 0 -1
16 6 18 0 -1
16 6 19 2 1
16 6 20 2 1
16 6 21 2 1
16 6 22 2 1
16 6 23 2 1
16 6 24 2 1
16 6 25 2 1
16 6 26 2 1
16 6 27 2 1
16 6 28 2 1
16 6 29 2 1
16 6 30 2 1
16 6 31 2 1
16 6 32 4 3
16 6 33 4 3
16 6 34 4 3
16 6 35 4 3
16 6 36 4 3
16 6 37 4 3
16 6 38 4 3
16 6 39 4 3
16 6 40 4 3
16 6 41 4 3
16 6 42 4 3
16 6 43 4 3
16 6 44 4 3
16 6 45 6 3
16 6 46 6 5
16 6 47 6 5
16 6 48 6 5
16 6 49 6 5
16 6 50 6 5
16 6 51 6 5
16 6 52 6 5
16 6 53 6 5
16 6 54 6 5
16 6 55 6 5
16 6 56 6 5
16 6 57 6 5
16 6 58 8 5
16 6 59 8 7
16 6 60 8 7
16 7 3 0 -1
16 7 4 0 -1
16 7 5 0 -1
16 7 6 0 -1
16 7 7 0 -1
16 7 8 0 -1
16 7 9 0 -1
16 7 10 0 -1
16 7 11 0 -1
16 7 12 0 -1
16 7 13 0 -1
16 7 14 2 -1
16 7 15 2 1
16 7 16 2 1
16 7 17 2 1
16 7 18 2 1
16 7 19 2 1
16 7 20 2 1
16 7 21 2 1
16 7 22 2 1
16 7 23 2 1
16 7 24 4 1
16 7 25 4 3
16 7 26 4 3
16 7 27 4 3
16 7 28 4 3
16 7 29 4 3
16 7 30 4 3
16 7 31 4 3
16 7 32 4 3
16 7 33 4 3
16 7 34 6 3
16 7 35 6 5
16 7 36 6 5
16 7 37 6 5
16 7 38 6 5
16 7 39 6 5
16 7 40 6 5
16 7 41 6 5
16 7 42 6 5
16 7 43 6 5
16 7 44 8 5
16 7 45 8 7
16 7 46 8 7
16 7 47 8 7
16 7 48 8 7
16 7 49 8 7
16 7 50 8 7
16 7 51 8 7
16 7 52 8 7
16 7 53 8 7
16 7 54 10 7
16 7 55 10 9
16 7 56 10 9
16 7 57 10 9
16 7 58 10 9
16 7 59 10 9
16 7 60 10 9
16 8 3 0 -1
16 8 4 0 -1
16 8 5 0 -1
16 8 6 0 -1
16 8 7 0 -1
16 8 8 0 -1
16 8 9 0 -1
16 8 10 0 -1
16 8 11 2 1
16 8 12 2 1
16 8 13 2 1
16 8 14 2 1
16 8 15 2 1
16 8 16 2 1
16 8 17 2 1
16 8 18 2 1
16 8 19 4 3
16 8 20 4 3
16 8 21 4 3
16 8 22 4 3
16 8 23 4 3
16 8 24 4 3
16 8 25 4 3
16 8 26 4 3
16 8 27 6 5
16 8 28 6 5
16 8 29 6 5
16 8 30 6 5
16 8 31 6 5
16 8 32 6 5
16 8 33 6 5
16 8 34 6 5
16 8 35 8 7
16 8 36 8 7
16 8 37 8 7
16 8 38 8 7
16 8 39 8 7
16 8 40 8 7
16 8 41 8 7
16 8 42 10 7
16 8 43 10 9
16 8 44 10 9
16 8 45 10 9
16 8 46 10 9
16 8 47 10 9
16 8 48 10 9
16 8 49 10 9
16 8 50 12 11
16 8 51 12 11
16 8 52 12 11
16 8 53 12 11
16 8 54 12 11
16 8 55 12 11
16 8 56 12 11
16 8 57 12 11
16 8 58 14 13
16 8 59 14 13
16 8 60 14 13
16 9 3 0 -1
16 9 4 0 -1
16 9 5 0 -1
16 9 6 0 -1
16 9 7 0 -1
16 9 8 0 -1
16 9 9 2 1
16 9 10 2 1
16 9 11 2 1
16 9 12 2 1
16 9 13 2 1
16 9 14 2 1
16 9 15 4 3
16 9 16 4 3
16 9 17 4 3
16 9 18 4 3
16 9 19 4 3
16 9 20 4 3
16 9 21 6 3
16 9 22 6 5
16 9 23 6 5
16 9 24 6 5
16 9 25 6 5
16 9 26 6 5
16 9 27 8 5
16 9 28 8 7
16 9 29 8 7
16 9 30 8 7
16 9 31 8 7
16 9 32 8 7
16 9 33 8 7
16 9 34 10 9
16 9 35 10 9
16 9 36 10 9
16 9 37 10 9
16 9 38 10 9
16 9 39 10 9
16 9 40 12 11
16 9 41 12 11
16 9 42 12 11
16 9 43 12 11
16 9 44 12 11
16 9 45 12 11
16 9 46 14 13
16 9 47 14 13
16 9 48 14 13
16 9 49 14 13
16 9 50 14 13
16 9 51 14 13
16 9 52 16 15
16 9 53 16 15
16 9 54 16 15
16 9 55 16 15
16 9 56 16 15
16 9 57 16 15
16 9 58 18 17
16 9 59 18 17
16 9 60 18 17
16 10 3 0 -1
16 10 4 0 -1
16 10 5 0 -1
16 10 6 0 -1
16 10 7 2 1
16 10 8 2 1
16 10 9 2 1
16 10 10 2 1
16 10 11 2 1
16 10 12 4 3
16 10 13 4 3
16 10 14 4 3
16 10 15 4 3
16 10 16 4 3
16 10 17 6 5
16 10 18 6 5
16 10 19 6 5
16 10 20 6 5
16 10 21 6 5
16 10 22 8 7
16 10 23 8 7
16 10 24 8 7
16 10 25 8 7
16 10 26 8 7
16 10 27 10 9
16 10 28 10 9
16 10 29 10 9
16 10 30 10 9
16 10 31 10 9
16 10 32 12 11
16 10 33 12 11
16 10 34 12 11
16 10 35 12 11
16 10 36 12 11
16 10 37 14 13
16 10 38 14 13
16 10 39 14 13
16 10 40 14 13
16 10 41 14 13
16 10 42 16 15
16 10 43 16 15
16 10 44 16 15
16 10 45 16 15
16 10 46 16 15
16 10 47 18 17
16 10 48 18 17
16 10 49 18 17
16 10 50 18 17
16 10 51 18 17
16 10 52 20 19
16 10 53 20 19
16 10 54 20 19
16 10 55 20 19
16 10 56 20 19
16 10 57 22 21
16 10 58 22 21
16 10 59 22 21
16 10 60 22 21
16 11 3 0 -1
16 11 4 0 -1
16 11 5 0 -1
16 11 6 2 1
16 11 7 2 1
16 11 8 2 1
16 11 9 2 1
16 11 10 4 3
16 11 11 4 3
16 11 12 4 3
16 11 13 4 3
16 11 14 6 5
16 11 15 6 5
16 11 16 6 5
16 11 17 6 5
16 11 18 8 5
16 11 19 8 7
16 11 20 8 7
16 11 21 8 7
16 11 22 8 7
16 11 23 10 9
16 11 24 10 9
16 11 25 10 9
16 11 26 10 9
16 11 27 12 11
16 11 28 12 11
16 11 29 12 11
16 11 30 12 11
16 11 31 14 13
16 11 32 14 13
16 11 33 14 13
16 11 34 14 13
16 11 35 16 15
16 11 36 16 15
16 11 37 16 15
16 11 38 16 15
16 11 39 18 17
16 11 40 18 17
16 11 41 18 17
16 11 42 18 17
16 11 43 20 19
16 11 44 20 19
16 11 45 20 19
16 11 46 20 19
16 11 47 22 21
16 11 48 22 21
16 11 49 22 21
16 11 50 22 21
16 11 51 24 21
16 11 52 24 23
16 11 53 24 23
16 11 54 24 23
16 11 55 26 23
16 11 56 26 25
16 11 57 26 25
16 11 58 26 25
16 11 59 26 25
16 11 60 28 27
16 12 3 0 -1
16 12 4 2 1
16 12 5 2 1
16 12 6 2 1
16 12 7 2 1
16 12 8 4 3
16 12 9 4 3
16 12 10 4 3
16 12 11 4 3
16 12 12 6 5
16 12 13 6 5
16 12 14 6 5
16 12 15 8 5
16 12 16 8 7
16 12 17 8 7
16 12 18 8 7
16 12 19 10 9
16 12 20 10 9
16 12 21 10 9
16 12 22 12 9
16 12 23 12 11
16 12 24 12 11
16 12 25 12 11
16 12 26 14 13
16 12 27 14 13
16 12 28 14 13
16 12 29 16 15
16 12 30 16 15
16 12 31 16 15
16 12 32 16 15
16 12 33 18 17
16 12 34 18 17
16 12 35 18 17
16 12 36 20 19
16 12 37 20 19
16 12 38 20 19
16 12 39 20 19
16 12 40 22 21
16 12 41 22 21
16 12 42 22 21
16 12 43 24 23
16 12 44 24 23
16 12 45 24 23
16 12 46 24 23
16 12 47 26 25
16 12 48 26 25
16 12 49 26 25
16 12 50 28 27
16 12 51 28 27
16 12 52 28 27
16 12 53 28 27
16 12 54 30 29
16 12 55 30 29
16 12 56 30 29
16 12 57 32 31
16 12 58 32 31
16 12 59 32 31
16 12 60 32 31
16 13 3 0 -1
16 13 4 2 1
16 13 5 2 1
16 13 6 2 1
16 13 7 4 1
16 13 8 4 3
16 13 9 4 3
16 13 10 6 5
16 13 11 6 5
16 13 12 6 5
16 13 13 8 7
16 13 14 8 7
16 13 15 8 7
16 13 16 10 9
16 13 17 10 9
16 13 18 10 9
16 13 19 12 11
16 13 20 12 11
16 13 21 12 11
16 13 22 14 13
16 13 23 14 13
16 13 24 14 13
16 13 25 16 15
16 13 26 16 15
16 13 27 16 15
16 13 28 18 17
16 13 29 18 17
16 13 30 18 17
16 13 31 20 19
16 13 32 20 19
16 13 33 20 19
16 13 34 22 21
16 13 35 22 21
16 13 36 22 21
16 13 37 24 23
16 13 38 24 23
16 13 39 24 23
16 13 40 26 25
16 13 41 26 25
16 13 42 26 25
16 13 43 28 27
16 13 44 28 27
16 13 45 28 27
16 13 46 30 29
16 13 47 30 29
16 13 48 30 29
16 13 49 32 31
16 13 50 32 31
16 13 51 32 31
16 13 52 34 33
16 13 53 34 33
16 13 54 34 33
16 13 55 36 35
16 13 56 36 35
16 13 57 36 35
16 13 58 38 37
16 13 59 38 37
16 13 60 38 37
16 14 3 0 -1
16 14 4 2 1
16 14 5 2 1
16 14 6 4 3
16 14 7 4 3
16 14 8 6 5
16 14 9 6 5
16 14 10 6 5
16 14 11 6 5
16 14 12 8 7
16 14 13 8 7
16 14 14 10 9
16 14 15 10 9
16 14 16 12 11
16 14 17 12 11
16 14 18 12 11
16 14 19 14 13
16 14 20 14 13
16 14 21 14 13
16 14 22 16 15
16 14 23 16 15
16 14 24 18 17
16 14 25 18 17
16 14 26 18 17
16 14 27 20 19
16 14 28 20 19
16 14 29 20 19
16 14 30 22 21
16 14 31 22 21
16 14 32 24 23
16 14 33 24 23
16 14 34 24 23
16 14 35 26 25
16 14 36 26 25
16 14 37 28 27
16 14 38 28 27
16 14 39 28 27
16 14 40 30 29
16 14 41 30 29
16 14 42 30 29
16 14 43 32 31
16 14 44 32 31
16 14 45 34 33
16 14 46 34 33
16 14 47 34 33
16 14 48 36 35
16 14 49 36 35
16 14 50 38 37
16 14 51 38 37
16 14 52 38 37
16 14 53 40 39
16 14 54 40 39
16 14 55 42 41
16 14 56 42 41
16 14 57 42 41
16 14 58 44 43
16 14 59 44 43
16 14 60 44 43
17 2 3 0 -1
17 2 4 0 -1
17 2 5 0 -1
17 2 6 0 -1
17 2 7 0 -1
17 2 8 0 -1
17 2 9 0 -1
17 2 10 0 -1
17 2 11 0 -1
17 2 12 0 -1
17 2 13 0 -1
17 2 14 0 -1
17 2 15 0 -1
17 2 16 0 -1
17 2 17 0 -1
17 2 18 0 -1
17 2 19 0 -1
17 2 20 0 -1
17 2 21 0 -1
17 2 22 0 -1
17 2 23 0 -1
17 2 24 0 -1
17 2 25 0 -1
17 2 26 0 -1
17 2 27 0 -1
17 2 28 0 -1
17 2 29 0 -1
17 2 30 0 -1
17 2 31 0 -1
17 2 32 0 -1
17 2 33 0 -1
17 2 34 0 -1
17 2 35 0 -1
17 2 36 0 -1
17 2 37 0 -1
17 2 38 0 -1
17 2 39 0 -1
17 2 40 0 -1
17 2 41 0 -1
17 2 42 0 -1
17 2 43 0 -1
17 2 44 0 -1
17 2 45 0 -1
17 2 46 0 -1
17 2 47 0 -1
17 2 48 0 -1
17 2 49 0 -1
17 2 50 0 -1
17 2 51 0 -1
17 2 52 0 -1
17 2 53 0 -1
17 2 54 0 -1
17 2 55 0 -1
17 2 56 0 -1
17 2 57 0 -1
17 2 58 0 -1
17 2 59 0 -1
17 2 60 0 -1
17 3 3 0 -1
17 3 4 0 -1
17 3 5 0 -1
17 3 6 0 -1
17 3 7 0 -1
17 3 8 0 -1
17 3 9 0 -1
17 3 10 0 -1
17 3 11 0 -1
17 3 12 0 -1
17 3 13 0 -1
17 3 14 0 -1
17 3 15 0 -1
17 3 16 0 -1
17 3 17 0 -1
17 3 18 0 -1
17 3 19 0 -1
17 3 20 0 -1
17 3 21 0 -1
17 3 22 0 -1
17 3 23 0 -1
17 3 24 0 -1
17 3 25 0 -1
17 3 26 0 -1
17 3 27 0 -1
17 3 28 0 -1
17 3 29 0 -1
17 3 30 0 -1
17 3 31 0 -1
17 3 32 0 -1
17 3 33 0 -1
17 3 34 0 -1
17 3 35 0 -1
17 3 36 0 -1
17 3 37 0 -1
17 3 38 0 -1
17 3 39 0 -1
17 3 40 0 -1
17 3 41 0 -1
17 3 42 0 -1
17 3 43 0 -1
17 3 44 0 -1
17 3 45 0 -1
17 3 46 0 -1
17 3 47 0 -1
17 3 48 0 -1
17 3 49 0 -1
17 3 50 0 -1
17 3 51 0 -1
17 3 52 0 -1
17 3 53 0 -1
17 3 54 0 -1
17 3 55 0 -1
17 3 56 0 -1
17 3 57 0 -1
17 3 58 2 1
17 3 59 2 1
17 3 60 2 1
17 4 3 0 -1
17 4 4 0 -1
17 4 5 0 -1
17 4 6 0 -1
17 4 7 0 -1
17 4 8 0 -1
17 4 9 0 -1
17 4 10 0 -1
17 4 11 0 -1
17 4 12 0 -1
17 4 13 0 -1
17 4 14 0 -1
17 4 15 0 -1
17 4 16 0 -1
17 4 17 0 -1
17 4 18 0 -1
17 4 19 0 -1
17 4 20 0 -1
17 4 21 0 -1
17 4 22 0 -1
17 4 23 0 -1
17 4 24 0 -1
17 4 25 0 -1
17 4 26 0 -1
17 4 27 0 -1
17 4 28 0 -1
17 4 29 0 -1
17 4 30 0 -1
17 4 31 0 -1
17 4 32 0 -1
17 4 33 0 -1
17 4 34 0 -1
17 4 35 0 -1
17 4 36 0 -1
17 4 37 0 -1
17 4 38 2 -1
17 4 39 2 1
17 4 40 2 1
17 4 41 2 1
17 4 42 2 1
17 4 43 2 1
17 4 44 2 1
17 4 45 2 1
17 4 46 2 1
17 4 47 2 1
17 4 48 2 1
17 4 49 2 1
17 4 50 2 1
17 4 51 2 1
17 4 52 2 1
17 4 53 2 1
17 4 54 2 1
17 4 55 2 1
17 4 56 2 1
17 4 57 2 1
17 4 58 2 1
17 4 59 2 1
17 4 60 2 1
17 5 3 0 -1
17 5 4 0 -1
17 5 5 0 -1
17 5 6 0 -1
17 5 7 0 -1
17 5 8 0 -1
17 5 9 0 -1
17 5 10 0 -1
17 5 11 0 -1
17 5 12 0 -1
17 5 13 0 -1
17 5 14 0 -1
17 5 15 0 -1
17 5 16 0 -1
17 5 17 0 -1
17 5 18 0 -1
17 5 19 0 -1
17 5 20 0 -1
17 5 21 0 -1
17 5 22 0 -1
17 5 23 0 -1
17 5 24 0 -1
17 5 25 0 -1
17 5 26 0 -1
17 5 27 2 -1
17 5 28 2 1
17 5 29 2 1
17 5 30 2 1
17 5 31 2 1
17 5 32 2 1
17 5 33 2 1
17 5 34 2 1
17 5 35 2 1
17 5 36 2 1
17 5 37 2 1
17 5 38 2 1
17 5 39 2 1
17 5 40 2 1
17 5 41 2 1
17 5 42 2 1
17 5 43 2 1
17 5 44 2 1
17 5 45 2 1
17 5 46 2 1
17 5 47 4 1
17 5 48 4 3
17 5 49 4 3
17 5 50 4 3
17 5 51 4 3
17 5 52 4 3
17 5 53 4 3
17 5 54 4 3
17 5 55 4 3
17 5 56 4 3
17 5 57 4 3
17 5 58 4 3
17 5 59 4 3
17 5 60 4 3
17 6 3 0 -1
17 6 4 0 -1
17 6 5 0 -1
17 6 6 0 -1
17 6 7 0 -1
17 6 8 0 -1
17 6 9 0 -1
17 6 10 0 -1
17 6 11 0 -1
17 6 12 0 -1
17 6 13 0 -1
17 6 14 0 -1
17 6 15 0 -1
17 6 16 0 -1
17 6 17 0 -1
17 6 18 0 -1
17 6 19 0 -1
17 6 20 2 -1
17 6 21 2 1
17 6 22 2 1
17 6 23 2 1
17 6 24 2 1
17 6 25 2 1
17 6 26 2 1
17 6 27 2 1
17 6 28 2 1
17 6 29 2 1
17 6 30 2 1
17 6 31 2 1
17 6 32 2 1
17 6 33 2 1
17 6 34 2 1
17 6 35 4 1
17 6 36 4 3
17 6 37 4 3
17 6 38 4 3
17 6 39 4 3
17 6 40 4 3
17 6 41 4 3
17 6 42 4 3
17 6 43 4 3
17 6 44 4 3
17 6 45 4 3
17 6 46 4 3
17 6 47 4 3
17 6 48 4 3
17 6 49 4 3
17 6 50 6 5
17 6 51 6 5
17 6 52 6 5
17 6 53 6 5
17 6 54 6 5
17 6 55 6 5
17 6 56 6 5
17 6 57 6 5
17 6 58 6 5
17 6 59 6 5
17 6 60 6 5
17 7 3 0 -1
17 7 4 0 -1
17 7 5 0 -1
17 7 6 0 -1
17 7 7 0 -1
17 7 8 0 -1
17 7 9 0 -1
17 7 10 0 -1
17 7 11 0 -1
17 7 12 0 -1
17 7 13 0 -1
17 7 14 0 -1
17 7 15 0 -1
17 7 16 2 1
17 7 17 2 1
17 7 18 2 1
17 7 19 2 1
17 7 20 2 1
17 7 21 2 1
17 7 22 2 1
17 7 23 2 1
17 7 24 2 1
17 7 25 2 1
17 7 26 2 1
17 7 27 4 3
17 7 28 4 3
17 7 29 4 3
17 7 30 4 3
17 7 31 4 3
17 7 32 4 3
17 7 33 4 3
17 7 34 4 3
17 7 35 4 3
17 7 36 4 3
17 7 37 4 3
17 7 38 6 3
17 7 39 6 5
17 7 40 6 5
17 7 41 6 5
17 7 42 6 5
17 7 43 6 5
17 7 44 6 5
17 7 45 6 5
17 7 46 6 5
17 7 47 6 5
17 7 48 6 5
17 7 49 8 5
17 7 50 8 7
17 7 51 8 7
17 7 52 8 7
17 7 53 8 7
17 7 54 8 7
17 7 55 8 7
17 7 56 8 7
17 7 57 8 7
17 7 58 8 7
17 7 59 8 7
17 7 60 10 7
17 8 3 0 -1
17 8 4 0 -1
17 8 5 0 -1
17 8 6 0 -1
17 8 7 0 -1
17 8 8 0 -1
17 8 9 0 -1
17 8 10 0 -1
17 8 11 0 -1
17 8 12 2 -1
17 8 13 2 1
17 8 14 2 1
17 8 15 2 1
17 8 16 2 1
17 8 17 2 1
17 8 18 2 1
17 8 19 2 1
17 8 20 2 1
17 8 21 4 1
17 8 22 4 3
17 8 23 4 3
17 8 24 4 3
17 8 25 4 3
17 8 26 4 3
17 8 27 4 3
17 8 28 4 3
17 8 29 4 3
17 8 30 6 5
17 8 31 6 5
17 8 32 6 5
17 8 33 6 5
17 8 34 6 5
17 8 35 6 5
17 8 36 6 5
17 8 37 6 5
17 8 38 6 5
17 8 39 8 7
17 8 40 8 7
17 8 41 8 7
17 8 42 8 7
17 8 43 8 7
17 8 44 8 7
17 8 45 8 7
17 8 46 8 7
17 8 47 10 7
17 8 48 10 9
17 8 49 10 9
17 8 50 10 9
17 8 51 10 9
17 8 52 10 9
17 8 53 10 9
17 8 54 10 9
17 8 55 10 9
17 8 56 12 11
17 8 57 12 11
17 8 58 12 11
17 8 59 12 11
17 8 60 12 11
17 9 3 0 -1
17 9 4 0 -1
17 9 5 0 -1
17 9 6 0 -1
17 9 7 0 -1
17 9 8 0 -1
17 9 9 0 -1
17 9 10 2 1
17 9 11 2 1
17 9 12 2 1
17 9 13 2 1
17 9 14 2 1
17 9 15 2 1
17 9 16 2 1
17 9 17 4 3
17 9 18 4 3
17 9 19 4 3
17 9 20 4 3
17 9 21 4 3
17 9 22 4 3
17 9 23 4 3
17 9 24 6 5
17 9 25 6 5
17 9 26 6 5
17 9 27 6 5
17 9 28 6 5
17 9 29 6 5
17 9 30 6 5
17 9 31 8 7
17 9 32 8 7
17 9 33 8 7
17 9 34 8 7
17 9 35 8 7
17 9 36 8 7
17 9 37 8 7
17 9 38 10 9
17 9 39 10 9
17 9 40 10 9
17 9 41 10 9
17 9 42 10 9
17 9 43 10 9
17 9 44 10 9
17 9 45 12 11
17 9 46 12 11
17 9 47 12 11
17 9 48 12 11
17 9 49 12 11
17 9 50 12 11
17 9 51 12 11
17 9 52 14 13
17 9 53 14 13
17 9 54 14 13
17 9 55 14 13
17 9 56 14 13
17 9 57 14 13
17 9 58 16 13
17 9 59 16 15
17 9 60 16 15
17 10 3 0 -1
17 10 4 0 -1
17 10 5 0 -1
17 10 6 0 -1
17 10 7 0 -1
17 10 8 2 1
17 10 9 2 1
17 10 10 2 1
17 10 11 2 1
17 10 12 2 1
17 10 13 2 1
17 10 14 4 3
17 10 15 4 3
17 10 16 4 3
17 10 17 4 3
17 10 18 4 3
17 10 19 6 3
17 10 20 6 5
17 10 21 6 5
17 10 22 6 5
17 10 23 6 5
17 10 24 6 5
17 10 25 8 7
17 10 26 8 7
17 10 27 8 7
17 10 28 8 7
17 10 29 8 7
17 10 30 8 7
17 10 31 10 9
17 10 32 10 9
17 10 33 10 9
17 10 34 10 9
17 10 35 10 9
17 10 36 12 9
17 10 37 12 11
17 10 38 12 11
17 10 39 12 11
17 10 40 12 11
17 10 41 12 11
17 10 42 14 13
17 10 43 14 13
17 10 44 14 13
17 10 45 14 13
17 10 46 14 13
17 10 47 14 13
17 10 48 16 15
17 10 49 16 15
17 10 50 16 15
17 10 51 16 15
17 10 52 16 15
17 10 53 18 17
17 10 54 18 17
17 10 55 18 17
17 10 56 18 17
17 10 57 18 17
17 10 58 18 17
17 10 59 20 19
17 10 60 20 19
17 11 3 0 -1
17 11 4 0 -1
17 11 5 0 -1
17 11 6 0 -1
17 11 7 2 1
17 11 8 2 1
17 11 9 2 1
17 11 10 2 1
17 11 11 4 1
17 11 12 4 3
17 11 13 4 3
17 11 14 4 3
17 11 15 4 3
17 11 16 6 5
17 11 17 6 5
17 11 18 6 5
17 11 19 6 5
17 11 20 6 5
17 11 21 8 7
17 11 22 8 7
17 11 23 8 7
17 11 24 8 7
17 11 25 10 7
17 11 26 10 9
17 11 27 10 9
17 11 28 10 9
17 11 29 10 9
17 11 30 12 11
17 11 31 12 11
17 11 32 12 11
17 11 33 12 11
17 11 34 12 11
17 11 35 14 13
17 11 36 14 13
17 11 37 14 13
17 11 38 14 13
17 11 39 16 13
17 11 40 16 15
17 11 41 16 15
17 11 42 16 15
17 11 43 16 15
17 11 44 18 17
17 11 45 18 17
17 11 46 18 17
17 11 47 18 17
17 11 48 18 17
17 11 49 20 19
17 11 50 20 19
17 11 51 20 19
17 11 52 20 19
17 11 53 22 21
17 11 54 22 21
17 11 55 22 21
17 11 56 22 21
17 11 57 22 21
17 11 58 24 23
17 11 59 24 23
17 11 60 24 23
17 12 3 0 -1
17 12 4 0 -1
17 12 5 0 -1
17 12 6 2 1
17 12 7 2 1
17 12 8 2 1
17 12 9 2 1
17 12 10 4 3
17 12 11 4 3
17 12 12 4 3
17 12 13 4 3
17 12 14 6 5
17 12 15 6 5
17 12 16 6 5
17 12 17 8 5
17 12 18 8 7
17 12 19 8 7
17 12 20 8 7
17 12 21 10 9
17 12 22 10 9
17 12 23 10 9
17 12 24 10 9
17 12 25 12 11
17 12 26 12 11
17 12 27 12 11
17 12 28 12 11
17 12 29 14 13
17 12 30 14 13
17 12 31 14 13
17 12 32 14 13
17 12 33 16 15
17 12 34 16 15
17 12 35 16 15
17 12 36 16 15
17 12 37 18 17
17 12 38 18 17
17 12 39 18 17
17 12 40 18 17
17 12 41 20 19
17 12 42 20 19
17 12 43 20 19
17 12 44 20 19
17 12 45 22 21
17 12 46 22 21
17 12 47 22 21
17 12 48 22 21
17 12 49 24 23
17 12 50 24 23
17 12 51 24 23
17 12 52 24 23
17 12 53 26 25
17 12 54 26 25
17 12 55 26 25
17 12 56 28 25
17 12 57 28 27
17 12 58 28 27
17 12 59 28 27
17 12 60 30 29
17 13 3 0 -1
17 13 4 2 1
17 13 5 2 1
17 13 6 2 1
17 13 7 2 1
17 13 8 4 3
17 13 9 4 3
17 13 10 4 3
17 13 11 4 3
17 13 12 6 5
17 13 13 6 5
17 13 14 6 5
17 13 15 8 7
17 13 16 8 7
17 13 17 8 7
17 13 18 10 9
17 13 19 10 9
17 13 20 10 9
17 13 21 10 9
17 13 22 12 11
17 13 23 12 11
17 13 24 12 11
17 13 25 14 13
17 13 26 14 13
17 13 27 14 13
17 13 28 16 15
17 13 29 16 15
17 13 30 16 15
17 13 31 16 15
17 13 32 18 17
17 13 33 18 17
17 13 34 18 17
17 13 35 20 19
17 13 36 20 19
17 13 37 20 19
17 13 38 22 21
17 13 39 22 21
17 13 40 22 21
17 13 41 22 21
17 13 42 24 23
17 13 43 24 23
17 13 44 24 23
17 13 45 26 25
17 13 46 26 25
17 13 47 26 25
17 13 48 28 27
17 13 49 28 27
17 13 50 28 27
17 13 51 28 27
17 13 52 30 29
17 13 53 30 29
17 13 54 30 29
17 13 55 32 31
17 13 56 32 31
17 13 57 32 31
17 13 58 34 33
17 13 59 34 33
17 13 60 34 33
17 14 3 0 -1
17 14 4 2 1
17 14 5 2 1
17 14 6 2 1
17 14 7 4 3
17 14 8 4 3
17 14 9 4 3
17 14 10 6 5
17 14 11 6 5
17 14 12 6 5
17 14 13 8 7
17 14 14 8 7
17 14 15 8 7
17 14 16 10 9
17 14 17 10 9
17 14 18 10 9
17 14 19 12 11
17 14 20 12 11
17 14 21 12 11
17 14 22 14 13
17 14 23 14 13
17 14 24 16 13
17 14 25 16 15
17 14 26 16 15
17 14 27 18 17
17 14 28 18 17
17 14 29 18 17
17 14 30 20 19
17 14 31 20 19
17 14 32 20 19
17 14 33 22 21
17 14 34 22 21
17 14 35 22 21
17 14 36 24 23
17 14 37 24 23
17 14 38 24 23
17 14 39 26 25
17 14 40 26 25
17 14 41 26 25
17 14 42 28 27
17 14 43 28 27
17 14 44 28 27
17 14 45 30 29
17 14 46 30 29
17 14 47 30 29
17 14 48 32 31
17 14 49 32 31
17 14 50 34 33
17 14 51 34 33
17 14 52 34 33
17 14 53 36 35
17 14 54 36 35
17 14 55 36 35
17 14 56 38 37
17 14 57 38 37
17 14 58 38 37
17 14 59 40 39
17 14 60 40 39
17 15 3 0 -1
17 15 4 2 1
17 15 5 2 1
17 15 6 4 3
17 15 7 4 3
17 15 8 6 5
17 15 9 6 5
17 15 10 6 5
17 15 11 6 5
17 15 12 8 7
17 15 13 8 7
17 15 14 10 9
17 15 15 10 9
17 15 16 12 11
17 15 17 12 11
17 15 18 12 11
17 15 19 14 13
17 15 20 14 13
17 15 21 14 13
17 15 22 16 15
17 15 23 16 15
17 15 24 18 17
17 15 25 18 17
17 15 26 18 17
17 15 27 20 19
17 15 28 20 19
17 15 29 22 21
17 15 30 22 21
17 15 31 22 21
17 15 32 24 23
17 15 33 24 23
17 15 34 26 25
17 15 35 26 25
17 15 36 26 25
17 15 37 28 27
17 15 38 28 27
17 15 39 30 29
17 15 40 30 29
17 15 41 30 29
17 15 42 32 31
17 15 43 32 31
17 15 44 34 33
17 15 45 34 33
17 15 46 34 33
17 15 47 36 35
17 15 48 36 35
17 15 49 38 37
17 15 50 38 37
17 15 51 38 37
17 15 52 40 39
17 15 53 40 39
17 15 54 40 39
17 15 55 42 41
17 15 56 42 41
17 15 57 44 43
17 15 58 44 43
17 15 59 44 43
17 15 60 46 45
18 2 3 0 -1
18 2 4 0 -1
18 2 5 0 -1
18 2 6 0 -1
18 2 7 0 -1
18 2 8 0 -1
18 2 9 0 -1
18 2 10 0 -1
18 2 11 0 -1
18 2 12 0 -1
18 2 13 0 -1
18 2 14 0 -1
18 2 15 0 -1
18 2 16 0 -1
18 2 17 0 -1
18 2 18 0 -1
18 2 19 0 -1
18 2 20 0 -1
18 2 21 0 -1
18 2 22 0 -1
18 2 23 0 -1
18 2 24 0 -1
18 2 25 0 -1
18 2 26 0 -1
18 2 27 0 -1
18 2 28 0 -1
18 2 29 0 -1
18 2 30 0 -1
18 2 31 0 -1
18 2 32 0 -1
18 2 33 0 -1
18 2 34 0 -1
18 2 35 0 -1
18 2 36 0 -1
18 2 37 0 -1
18 2 38 0 -1
18 2 39 0 -1
18 2 40 0 -1
18 2 41 0 -1
18 2 42 0 -1
18 2 43 0 -1
18 2 44 0 -1
18 2 45 0 -1
18 2 46 0 -1
18 2 47 0 -1
18 2 48 0 -1
18 2 49 0 -1
18 2 50 0 -1
18 2 51 0 -1
18 2 52 0 -1
18 2 53 0 -1
18 2 54 0 -1
18 2 55 0 -1
18 2 56 0 -1
18 2 57 0 -1
18 2 58 0 -1
18 2 59 0 -1
18 2 60 0 -1
18 3 3 0 -1
18 3 4 0 -1
18 3 5 0 -1
18 3 6 0 -1
18 3 7 0 -1
18 3 8 0 -1
18 3 9 0 -1
18 3 10 0 -1
18 3 11 0 -1
18 3 12 0 -1
18 3 13 0 -1
18 3 14 0 -1
18 3 15 0 -1
18 3 16 0 -1
18 3 17 0 -1
18 3 18 0 -1
18 3 19 0 -1
18 3 20 0 -1
18 3 21 0 -1
18 3 22 0 -1
18 3 23 0 -1
18 3 24 0 -1
18 3 25 0 -1
18 3 26 0 -1
18 3 27 0 -1
18 3 28 0 -1
18 3 29 0 -1
18 3 30 0 -1
18 3 31 0 -1
18 3 32 0 -1
18 3 33 0 -1
18 3 34 0 -1
18 3 35 0 -1
18 3 36 0 -1
18 3 37 0 -1
18 3 38 0 -1
18 3 39 0 -1
18 3 40 0 -1
18 3 41 0 -1
18 3 42 0 -1
18 3 43 0 -1
18 3 44 0 -1
18 3 45 0 -1
18 3 46 0 -1
18 3 47 0 -1
18 3 48 0 -1
18 3 49 0 -1
18 3 50 0 -1
18 3 51 0 -1
18 3 52 0 -1
18 3 53 0 -1
18 3 54 0 -1
18 3 55 0 -1
18 3 56 0 -1
18 3 57 0 -1
18 3 58 0 -1
18 3 59 0 -1
18 3 60 0 -1
18 4 3 0 -1
18 4 4 0 -1
18 4 5 0 -1
18 4 6 0 -1
18 4 7 0 -1
18 4 8 0 -1
18 4 9 0 -1
18 4 10 0 -1
18 4 11 0 -1
18 4 12 0 -1
18 4 13 0 -1
18 4 14 0 -1
18 4 15 0 -1
18 4 16 0 -1
18 4 17 0 -1
18 4 18 0 -1
18 4 19 0 -1
18 4 20 0 -1
18 4 21 0 -1
18 4 22 0 -1
18 4 23 0 -1
18 4 24 0 -1
18 4 25 0 -1
18 4 26 0 -1
18 4 27 0 -1
18 4 28 0 -1
18 4 29 0 -1
18 4 30 0 -1
18 4 31 0 -1
18 4 32 0 -1
18 4 33 0 -1
18 4 34 0 -1
18 4 35 0 -1
18 4 36 0 -1
18 4 37 0 -1
18 4 38 0 -1
18 4 39 0 -1
18 4 40 0 -1
18 4 41 2 -1
18 4 42 2 1
18 4 43 2 1
18 4 44 2 1
18 4 45 2 1
18 4 46 2 1
18 4 47 2 1
18 4 48 2 1
18 4 49 2 1
18 4 50 2 1
18 4 51 2 1
18 4 52 2 1
18 4 53 2 1
18 4 54 2 1
18 4 55 2 1
18 4 56 2 1
18 4 57 2 1
18 4 58 2 1
18 4 59 2 1
18 4 60 2 1
18 5 3 0 -1
18 5 4 0 -1
18 5 5 0 -1
18 5 6 0 -1
18 5 7 0 -1
18 5 8 0 -1
18 5 9 0 -1
18 5 10 0 -1
18 5 11 0 -1
18 5 12 0 -1
18 5 13 0 -1
18 5 14 0 -1
18 5 15 0 -1
18 5 16 0 -1
18 5 17 0 -1
18 5 18 0 -1
18 5 19 0 -1
18 5 20 0 -1
18 5 21 0 -1
18 5 22 0 -1
18 5 23 0 -1
18 5 24 0 -1
18 5 25 0 -1
18 5 26 0 -1
18 5 27 0 -1
18 5 28 0 -1
18 5 29 0 -1
18 5 30 2 1
18 5 31 2 1
18 5 32 2 1
18 5 33 2 1
18 5 34 2 1
18 5 35 2 1
18 5 36 2 1
18 5 37 2 1
18 5 38 2 1
18 5 39 2 1
18 5 40 2 1
18 5 41 2 1
18 5 42 2 1
18 5 43 2 1
18 5 44 2 1
18 5 45 2 1
18 5 46 2 1
18 5 47 2 1
18 5 48 2 1
18 5 49 2 1
18 5 50 2 1
18 5 51 4 1
18 5 52 4 3
18 5 53 4 3
18 5 54 4 3
18 5 55 4 3
18 5 56 4 3
18 5 57 4 3
18 5 58 4 3
18 5 59 4 3
18 5 60 4 3
18 6 3 0 -1
18 6 4 0 -1
18 6 5 0 -1
18 6 6 0 -1
18 6 7 0 -1
18 6 8 0 -1
18 6 9 0 -1
18 6 10 0 -1
18 6 11 0 -1
18 6 12 0 -1
18 6 13 0 -1
18 6 14 0 -1
18 6 15 0 -1
18 6 16 0 -1
18 6 17 0 -1
18 6 18 0 -1
18 6 19 0 -1
18 6 20 0 -1
18 6 21 0 -1
18 6 22 2 -1
18 6 23 2 1
18 6 24 2 1
18 6 25 2 1
18 6 26 2 1
18 6 27 2 1
18 6 28 2 1
18 6 29 2 1
18 6 30 2 1
18 6 31 2 1
18 6 32 2 1
18 6 33 2 1
18 6 34 2 1
18 6 35 2 1
18 6 36 2 1
18 6 37 2 1
18 6 38 2 1
18 6 39 4 3
18 6 40 4 3
18 6 41 4 3
18 6 42 4 3
18 6 43 4 3
18 6 44 4 3
18 6 45 4 3
18 6 46 4 3
18 6 47 4 3
18 6 48 4 3
18 6 49 4 3
18 6 50 4 3
18 6 51 4 3
18 6 52 4 3
18 6 53 4 3
18 6 54 4 3
18 6 55 6 5
18 6 56 6 5
18 6 57 6 5
18 6 58 6 5
18 6 59 6 5
18 6 60 6 5
18 7 3 0 -1
18 7 4 0 -1
18 7 5 0 -1
18 7 6 0 -1
18 7 7 0 -1
18 7 8 0 -1
18 7 9 0 -1
18 7 10 0 -1
18 7 11 0 -1
18 7 12 0 -1
18 7 13 0 -1
18 7 14 0 -1
18 7 15 0 -1
18 7 16 0 -1
18 7 17 2 -1
18 7 18 2 1
18 7 19 2 1
18 7 20 2 1
18 7 21 2 1
18 7 22 2 1
18 7 23 2 1
18 7 24 2 1
18 7 25 2 1
18 7 26 2 1
18 7 27 2 1
18 7 28 2 1
18 7 29 2 1
18 7 30 4 3
18 7 31 4 3
18 7 32 4 3
18 7 33 4 3
18 7 34 4 3
18 7 35 4 3
18 7 36 4 3
18 7 37 4 3
18 7 38 4 3
18 7 39 4 3
18 7 40 4 3
18 7 41 4 3
18 7 42 6 3
18 7 43 6 5
18 7 44 6 5
18 7 45 6 5
18 7 46 6 5
18 7 47 6 5
18 7 48 6 5
18 7 49 6 5
18 7 50 6 5
18 7 51 6 5
18 7 52 6 5
18 7 53 6 5
18 7 54 8 5
18 7 55 8 7
18 7 56 8 7
18 7 57 8 7
18 7 58 8 7
18 7 59 8 7
18 7 60 8 7
18 8 3 0 -1
18 8 4 0 -1
18 8 5 0 -1
18 8 6 0 -1
18 8 7 0 -1
18 8 8 0 -1
18 8 9 0 -1
18 8 10 0 -1
18 8 11 0 -1
18 8 12 0 -1
18 8 13 0 -1
18 8 14 2 1
18 8 15 2 1
18 8 16 2 1
18 8 17 2 1
18 8 18 2 1
18 8 19 2 1
18 8 20 2 1
18 8 21 2 1
18 8 22 2 1
18 8 23 2 1
18 8 24 4 3
18 8 25 4 3
18 8 26 4 3
18 8 27 4 3
18 8 28 4 3
18 8 29 4 3
18 8 30 4 3
18 8 31 4 3
18 8 32 4 3
18 8 33 6 3
18 8 34 6 5
18 8 35 6 5
18 8 36 6 5
18 8 37 6 5
18 8 38 6 5
18 8 39 6 5
18 8 40 6 5
18 8 41 6 5
18 8 42 6 5
18 8 43 8 7
18 8 44 8 7
18 8 45 8 7
18 8 46 8 7
18 8 47 8 7
18 8 48 8 7
18 8 49 8 7
18 8 50 8 7
18 8 51 8 7
18 8 52 10 7
18 8 53 10 9
18 8 54 10 9
18 8 55 10 9
18 8 56 10 9
18 8 57 10 9
18 8 58 10 9
18 8 59 10 9
18 8 60 10 9
18 9 3 0 -1
18 9 4 0 -1
18 9 5 0 -1
18 9 6 0 -1
18 9 7 0 -1
18 9 8 0 -1
18 9 9 0 -1
18 9 10 0 -1
18 9 11 2 1
18 9 12 2 1
18 9 13 2 1
18 9 14 2 1
18 9 15 2 1
18 9 16 2 1
18 9 17 2 1
18 9 18 2 1
18 9 19 4 3
18 9 20 4 3
18 9 21 4 3
18 9 22 4 3
18 9 23 4 3
18 9 24 4 3
18 9 25 4 3
18 9 26 4 3
18 9 27 6 5
18 9 28 6 5
18 9 29 6 5
18 9 30 6 5
18 9 31 6 5
18 9 32 6 5
18 9 33 6 5
18 9 34 8 5
18 9 35 8 7
18 9 36 8 7
18 9 37 8 7
18 9 38 8 7
18 9 39 8 7
18 9 40 8 7
18 9 41 8 7
18 9 42 10 9
18 9 43 10 9
18 9 44 10 9
18 9 45 10 9
18 9 46 10 9
18 9 47 10 9
18 9 48 10 9
18 9 49 10 9
18 9 50 12 11
18 9 51 12 11
18 9 52 12 11
18 9 53 12 11
18 9 54 12 11
18 9 55 12 11
18 9 56 12 11
18 9 57 14 11
18 9 58 14 13
18 9 59 14 13
18 9 60 14 13
18 10 3 0 -1
18 10 4 0 -1
18 10 5 0 -1
18 10 6 0 -1
18 10 7 0 -1
18 10 8 0 -1
18 10 9 2 1
18 10 10 2 1
18 10 11 2 1
18 10 12 2 1
18 10 13 2 1
18 10 14 2 1
18 10 15 4 1
18 10 16 4 3
18 10 17 4 3
18 10 18 4 3
18 10 19 4 3
18 10 20 4 3
18 10 21 4 3
18 10 22 6 5
18 10 23 6 5
18 10 24 6 5
18 10 25 6 5
18 10 26 6 5
18 10 27 6 5
18 10 28 8 7
18 10 29 8 7
18 10 30 8 7
18 10 31 8 7
18 10 32 8 7
18 10 33 8 7
18 10 34 10 7
18 10 35 10 9
18 10 36 10 9
18 10 37 10 9
18 10 38 10 9
18 10 39 10 9
18 10 40 10 9
18 10 41 12 11
18 10 42 12 11
18 10 43 12 11
18 10 44 12 11
18 10 45 12 11
18 10 46 12 11
18 10 47 14 13
18 10 48 14 13
18 10 49 14 13
18 10 50 14 13
18 10 51 14 13
18 10 52 14 13
18 10 53 16 15
18 10 54 16 15
18 10 55 16 15
18 10 56 16 15
18 10 57 16 15
18 10 58 16 15
18 10 59 18 15
18 10 60 18 17
18 11 3 0 -1
18 11 4 0 -1
18 11 5 0 -1
18 11 6 0 -1
18 11 7 2 -1
18 11 8 2 1
18 11 9 2 1
18 11 10 2 1
18 11 11 2 1
18 11 12 2 1
18 11 13 4 3
18 11 14 4 3
18 11 15 4 3
18 11 16 4 3
18 11 17 4 3
18 11 18 6 5
18 11 19 6 5
18 11 20 6 5
18 11 21 6 5
18 11 22 6 5
18 11 23 8 7
18 11 24 8 7
18 11 25 8 7
18 11 26 8 7
18 11 27 8 7
18 11 28 10 7
18 11 29 10 9
18 11 30 10 9
18 11 31 10 9
18 11 32 10 9
18 11 33 10 9
18 11 34 12 11
18 11 35 12 11
18 11 36 12 11
18 11 37 12 11
18 11 38 12 11
18 11 39 14 13
18 11 40 14 13
18 11 41 14 13
18 11 42 14 13
18 11 43 14 13
18 11 44 16 15
18 11 45 16 15
18 11 46 16 15
18 11 47 16 15
18 11 48 16 15
18 11 49 18 17
18 11 50 18 17
18 11 51 18 17
18 11 52 18 17
18 11 53 18 17
18 11 54 20 17
18 11 55 20 19
18 11 56 20 19
18 11 57 20 19
18 11 58 20 19
18 11 59 20 19
18 11 60 22 21
18 12 3 0 -1
18 12 4 0 -1
18 12 5 0 -1
18 12 6 2 1
18 12 7 2 1
18 12 8 2 1
18 12 9 2 1
18 12 10 2 1
18 12 11 4 3
18 12 12 4 3
18 12 13 4 3
18 12 14 4 3
18 12 15 6 5
18 12 16 6 5
18 12 17 6 5
18 12 18 6 5
18 12 19 6 5
18 12 20 8 7
18 12 21 8 7
18 12 22 8 7
18 12 23 8 7
18 12 24 10 9
18 12 25 10 9
18 12 26 10 9
18 12 27 10 9
18 12 28 12 11
18 12 29 12 11
18 12 30 12 11
18 12 31 12 11
18 12 32 12 11
18 12 33 14 13
18 12 34 14 13
18 12 35 14 13
18 12 36 14 13
18 12 37 16 15
18 12 38 16 15
18 12 39 16 15
18 12 40 16 15
18 12 41 18 15
18 12 42 18 17
18 12 43 18 17
18 12 44 18 17
18 12 45 18 17
18 12 46 20 19
18 12 47 20 19
18 12 48 20 19
18 12 49 20 19
18 12 50 22 21
18 12 51 22 21
18 12 52 22 21
18 12 53 22 21
18 12 54 22 21
18 12 55 24 23
18 12 56 24 23
18 12 57 24 23
18 12 58 24 23
18 12 59 26 25
18 12 60 26 25
18 13 3 0 -1
18 13 4 0 -1
18 13 5 2 -1
18 13 6 2 1
18 13 7 2 1
18 13 8 2 1
18 13 9 4 3
18 13 10 4 3
18 13 11 4 3
18 13 12 4 3
18 13 13 6 5
18 13 14 6 5
18 13 15 6 5
18 13 16 6 5
18 13 17 8 7
18 13 18 8 7
18 13 19 8 7
18 13 20 10 7
18 13 21 10 9
18 13 22 10 9
18 13 23 10 9
18 13 24 12 11
18 13 25 12 11
18 13 26 12 11
18 13 27 12 11
18 13 28 14 13
18 13 29 14 13
18 13 30 14 13
18 13 31 14 13
18 13 32 16 15
18 13 33 16 15
18 13 34 16 15
18 13 35 18 17
18 13 36 18 17
18 13 37 18 17
18 13 38 18 17
18 13 39 20 19
18 13 40 20 19
18 13 41 20 19
18 13 42 20 19
18 13 43 22 21
18 13 44 22 21
18 13 45 22 21
18 13 46 22 21
18 13 47 24 23
18 13 48 24 23
18 13 49 24 23
18 13 50 26 25
18 13 51 26 25
18 13 52 26 25
18 13 53 26 25
18 13 54 28 27
18 13 55 28 27
18 13 56 28 27
18 13 57 28 27
18 13 58 30 29
18 13 59 30 29
18 13 60 30 29
18 14 3 0 -1
18 14 4 2 1
18 14 5 2 1
18 14 6 2 1
18 14 7 2 1
18 14 8 4 3
18 14 9 4 3
18 14 10 4 3
18 14 11 6 5
18 14 12 6 5
18 14 13 6 5
18 14 14 8 7
18 14 15 8 7
18 14 16 8 7
18 14 17 8 7
18 14 18 10 9
18 14 19 10 9
18 14 20 10 9
18 14 21 12 11
18 14 22 12 11
18 14 23 12 11
18 14 24 14 13
18 14 25 14 13
18 14 26 14 13
18 14 27 16 15
18 14 28 16 15
18 14 29 16 15
18 14 30 16 15
18 14 31 18 17
18 14 32 18 17
18 14 33 18 17
18 14 34 20 19
18 14 35 20 19
18 14 36 20 19
18 14 37 22 21
18 14 38 22 21
18 14 39 22 21
18 14 40 24 23
18 14 41 24 23
18 14 42 24 23
18 14 43 26 25
18 14 44 26 25
18 14 45 26 25
18 14 46 26 25
18 14 47 28 27
18 14 48 28 27
18 14 49 28 27
18 14 50 30 29
18 14 51 30 29
18 14 52 30 29
18 14 53 32 31
18 14 54 32 31
18 14 55 32 31
18 14 56 34 33
18 14 57 34 33
18 14 58 34 33
18 14 59 34 33
18 14 60 36 35
18 15 3 0 -1
18 15 4 2 1
18 15 5 2 1
18 15 6 4 3
18 15 7 4 3
18 15 8 4 3
18 15 9 4 3
18 15 10 6 5
18 15 11 6 5
18 15 12 8 7
18 15 13 8 7
18 15 14 8 7
18 15 15 8 7
18 15 16 10 9
18 15 17 10 9
18 15 18 12 11
18 15 19 12 11
18 15 20 12 11
18 15 21 14 13
18 15 22 14 13
18 15 23 14 13
18 15 24 16 15
18 15 25 16 15
18 15 26 16 15
18 15 27 18 17
18 15 28 18 17
18 15 29 18 17
18 15 30 20 19
18 15 31 20 19
18 15 32 22 21
18 15 33 22 21
18 15 34 22 21
18 15 35 24 23
18 15 36 24 23
18 15 37 24 23
18 15 38 26 25
18 15 39 26 25
18 15 40 26 25
18 15 41 28 27
18 15 42 28 27
18 15 43 28 27
18 15 44 30 29
18 15 45 30 29
18 15 46 32 29
18 15 47 32 31
18 15 48 32 31
18 15 49 34 33
18 15 50 34 33
18 15 51 34 33
18 15 52 36 35
18 15 53 36 35
18 15 54 36 35
18 15 55 38 37
18 15 56 38 37
18 15 57 38 37
18 15 58 40 39
18 15 59 40 39
18 15 60 40 39
18 16 3 0 -1
18 16 4 2 1
18 16 5 2 1
18 16 6 4 3
18 16 7 4 3
18 16 8 6 5
18 16 9 6 5
18 16 10 6 5
18 16 11 8 7
18 16 12 8 7
18 16 13 8 7
18 16 14 10 9
18 16 15 10 9
18 16 16 12 11
18 16 17 12 11
18 16 18 14 13
18 16 19 14 13
18 16 20 14 13
18 16 21 16 15
18 16 22 16 15
18 16 23 16 15
18 16 24 18 17
18 16 25 18 17
18 16 26 20 19
18 16 27 20 19
18 16 28 20 19
18 16 29 22 21
18 16 30 22 21
18 16 31 24 23
18 16 32 24 23
18 16 33 24 23
18 16 34 26 25
18 16 35 26 25
18 16 36 28 27
18 16 37 28 27
18 16 38 28 27
18 16 39 30 29
18 16 40 30 29
18 16 41 32 31
18 16 42 32 31
18 16 43 32 31
18 16 44 34 33
18 16 45 34 33
18 16 46 36 35
18 16 47 36 35
18 16 48 36 35
18 16 49 38 37
18 16 50 38 37
18 16 51 40 39
18 16 52 40 39
18 16 53 40 39
18 16 54 42 41
18 16 55 42 41
18 16 56 44 43
18 16 57 44 43
18 16 58 44 43
18 16 59 46 45
18 16 60 46 45
19 2 3 0 -1
19 2 4 0 -1
19 2 5 0 -1
19 2 6 0 -1
19 2 7 0 -1
19 2 8 0 -1
19 2 9 0 -1
19 2 10 0 -1
19 2 11 0 -1
19 2 12 0 -1
19 2 13 0 -1
19 2 14 0 -1
19 2 15 0 -1
19 2 16 0 -1
19 2 17 0 -1
19 2 18 0 -1
19 2 19 0 -1
19 2 20 0 -1
19 2 21 0 -1
19 2 22 0 -1
19 2 23 0 -1
19 2 24 0 -1
19 2 25 0 -1
19 2 26 0 -1
19 2 27 0 -1
19 2 28 0 -1
19 2 29 0 -1
19 2 30 0 -1
19 2 31 0 -1
19 2 32 0 -1
19 2 33 0 -1
19 2 34 0 -1
19 2 35 0 -1
19 2 36 0 -1
19 2 37 0 -1
19 2 38 0 -1
19 2 39 0 -1
19 2 40 0 -1
19 2 41 0 -1
19 2 42 0 -1
19 2 43 0 -1
19 2 44 0 -1
19 2 45 0 -1
19 2 46 0 -1
19 2 47 0 -1
19 2 48 0 -1
19 2 49 0 -1
19 2 50 0 -1
19 2 51 0 -1
19 2 52 0 -1
19 2 53 0 -1
19 2 54 0 -1
19 2 55 0 -1
19 2 56 0 -1
19 2 57 0 -1
19 2 58 0 -1
19 2 59 0 -1
19 2 60 0 -1
19 3 3 0 -1
19 3 4 0 -1
19 3 5 0 -1
19 3 6 0 -1
19 3 7 0 -1
19 3 8 0 -1
19 3 9 0 -1
19 3 10 0 -1
19 3 11 0 -1
19 3 12 0 -1
19 3 13 0 -1
19 3 14 0 -1
19 3 15 0 -1
19 3 16 0 -1
19 3 17 0 -1
19 3 18 0 -1
19 3 19 0 -1
19 3 20 0 -1
19 3 21 0 -1
19 3 22 0 -1
19 3 23 0 -1
19 3 24 0 -1
19 3 25 0 -1
19 3 26 0 -1
19 3 27 0 -1
19 3 28 0 -1
19 3 29 0 -1
19 3 30 0 -1
19 3 31 0 -1
19 3 32 0 -1
19 3 33 0 -1
19 3 34 0 -1
19 3 35 0 -1
19 3 36 0 -1
19 3 37 0 -1
19 3 38 0 -1
19 3 39 0 -1
19 3 40 0 -1
19 3 41 0 -1
19 3 42 0 -1
19 3 43 0 -1
19 3 44 0 -1
19 3 45 0 -1
19 3 46 0 -1
19 3 47 0 -1
19 3 48 0 -1
19 3 49 0 -1
19 3 50 0 -1
19 3 51 0 -1
19 3 52 0 -1
19 3 53 0 -1
19 3 54 0 -1
19 3 55 0 -1
19 3 56 0 -1
19 3 57 0 -1
19 3 58 0 -1
19 3 59 0 -1
19 3 60 0 -1
19 4 3 0 -1
19 4 4 0 -1
19 4 5 0 -1
19 4 6 0 -1
19 4 7 0 -1
19 4 8 0 -1
19 4 9 0 -1
19 4 10 0 -1
19 4 11 0 -1
19 4 12 0 -1
19 4 13 0 -1
19 4 14 0 -1
19 4 15 0 -1
19 4 16 0 -1
19 4 17 0 -1
19 4 18 0 -1
19 4 19 0 -1
19 4 20 0 -1
19 4 21 0 -1
19 4 22 0 -1
19 4 23 0 -1
19 4 24 0 -1
19 4 25 0 -1
19 4 26 0 -1
19 4 27 0 -1
19 4 28 0 -1
19 4 29 0 -1
19 4 30 0 -1
19 4 31 0 -1
19 4 32 0 -1
19 4 33 0 -1
19 4 34 0 -1
19 4 35 0 -1
19 4 36 0 -1
19 4 37 0 -1
19 4 38 0 -1
19 4 39 0 -1
19 4 40 0 -1
19 4 41 0 -1
19 4 42 0 -1
19 4 43 0 -1
19 4 44 2 -1
19 4 45 2 1
19 4 46 2 1
19 4 47 2 1
19 4 48 2 1
19 4 49 2 1
19 4 50 2 1
19 4 51 2 1
19 4 52 2 1
19 4 53 2 1
19 4 54 2 1
19 4 55 2 1
19 4 56 2 1
19 4 57 2 1
19 4 58 2 1
19 4 59 2 1
19 4 60 2 1
19 5 3 0 -1
19 5 4 0 -1
19 5 5 0 -1
19 5 6 0 -1
19 5 7 0 -1
19 5 8 0 -1
19 5 9 0 -1
19 5 10 0 -1
19 5 11 0 -1
19 5 12 0 -1
19 5 13 0 -1
19 5 14 0 -1
19 5 15 0 -1
19 5 16 0 -1
19 5 17 0 -1
19 5 18 0 -1
19 5 19 0 -1
19 5 20 0 -1
19 5 21 0 -1
19 5 22 0 -1
19 5 23 0 -1
19 5 24 0 -1
19 5 25 0 -1
19 5 26 0 -1
19 5 27 0 -1
19 5 28 0 -1
19 5 29 0 -1
19 5 30 0 -1
19 5 31 0 -1
19 5 32 2 -1
19 5 33 2 1
19 5 34 2 1
19 5 35 2 1
19 5 36 2 1
19 5 37 2 1
19 5 38 2 1
19 5 39 2 1
19 5 40 2 1
19 5 41 2 1
19 5 42 2 1
19 5 43 2 1
19 5 44 2 1
19 5 45 2 1
19 5 46 2 1
19 5 47 2 1
19 5 48 2 1
19 5 49 2 1
19 5 50 2 1
19 5 51 2 1
19 5 52 2 1
19 5 53 2 1
19 5 54 2 1
19 5 55 4 1
19 5 56 4 3
19 5 57 4 3
19 5 58 4 3
19 5 59 4 3
19 5 60 4 3
19 6 3 0 -1
19 6 4 0 -1
19 6 5 0 -1
19 6 6 0 -1
19 6 7 0 -1
19 6 8 0 -1
19 6 9 0 -1
19 6 10 0 -1
19 6 11 0 -1
19 6 12 0 -1
19 6 13 0 -1
19 6 14 0 -1
19 6 15 0 -1
19 6 16 0 -1
19 6 17 0 -1
19 6 18 0 -1
19 6 19 0 -1
19 6 20 0 -1
19 6 21 0 -1
19 6 22 0 -1
19 6 23 0 -1
19 6 24 2 -1
19 6 25 2 1
19 6 26 2 1
19 6 27 2 1
19 6 28 2 1
19 6 29 2 1
19 6 30 2 1
19 6 31 2 1
19 6 32 2 1
19 6 33 2 1
19 6 34 2 1
19 6 35 2 1
19 6 36 2 1
19 6 37 2 1
19 6 38 2 1
19 6 39 2 1
19 6 40 2 1
19 6 41 2 1
19 6 42 4 3
19 6 43 4 3
19 6 44 4 3
19 6 45 4 3
19 6 46 4 3
19 6 47 4 3
19 6 48 4 3
19 6 49 4 3
19 6 50 4 3
19 6 51 4 3
19 6 52 4 3
19 6 53 4 3
19 6 54 4 3
19 6 55 4 3
19 6 56 4 3
19 6 57 4 3
19 6 58 4 3
19 6 59 6 3
19 6 60 6 5
19 7 3 0 -1
19 7 4 0 -1
19 7 5 0 -1
19 7 6 0 -1
19 7 7 0 -1
19 7 8 0 -1
19 7 9 0 -1
19 7 10 0 -1
19 7 11 0 -1
19 7 12 0 -1
19 7 13 0 -1
19 7 14 0 -1
19 7 15 0 -1
19 7 16 0 -1
19 7 17 0 -1
19 7 18 0 -1
19 7 19 2 1
19 7 20 2 1
19 7 21 2 1
19 7 22 2 1
19 7 23 2 1
19 7 24 2 1
19 7 25 2 1
19 7 26 2 1
19 7 27 2 1
19 7 28 2 1
19 7 29 2 1
19 7 30 2 1
19 7 31 2 1
19 7 32 2 1
19 7 33 4 3
19 7 34 4 3
19 7 35 4 3
19 7 36 4 3
19 7 37 4 3
19 7 38 4 3
19 7 39 4 3
19 7 40 4 3
19 7 41 4 3
19 7 42 4 3
19 7 43 4 3
19 7 44 4 3
19 7 45 4 3
19 7 46 6 3
19 7 47 6 5
19 7 48 6 5
19 7 49 6 5
19 7 50 6 5
19 7 51 6 5
19 7 52 6 5
19 7 53 6 5
19 7 54 6 5
19 7 55 6 5
19 7 56 6 5
19 7 57 6 5
19 7 58 6 5
19 7 59 6 5
19 7 60 8 7
19 8 3 0 -1
19 8 4 0 -1
19 8 5 0 -1
19 8 6 0 -1
19 8 7 0 -1
19 8 8 0 -1
19 8 9 0 -1
19 8 10 0 -1
19 8 11 0 -1
19 8 12 0 -1
19 8 13 0 -1
19 8 14 0 -1
19 8 15 2 -1
19 8 16 2 1
19 8 17 2 1
19 8 18 2 1
19 8 19 2 1
19 8 20 2 1
19 8 21 2 1
19 8 22 2 1
19 8 23 2 1
19 8 24 2 1
19 8 25 2 1
19 8 26 4 3
19 8 27 4 3
19 8 28 4 3
19 8 29 4 3
19 8 30 4 3
19 8 31 4 3
19 8 32 4 3
19 8 33 4 3
19 8 34 4 3
19 8 35 4 3
19 8 36 4 3
19 8 37 6 5
19 8 38 6 5
19 8 39 6 5
19 8 40 6 5
19 8 41 6 5
19 8 42 6 5
19 8 43 6 5
19 8 44 6 5
19 8 45 6 5
19 8 46 6 5
19 8 47 8 5
19 8 48 8 7
19 8 49 8 7
19 8 50 8 7
19 8 51 8 7
19 8 52 8 7
19 8 53 8 7
19 8 54 8 7
19 8 55 8 7
19 8 56 8 7
19 8 57 8 7
19 8 58 10 9
19 8 59 10 9
19 8 60 10 9
19 9 3 0 -1
19 9 4 0 -1
19 9 5 0 -1
19 9 6 0 -1
19 9 7 0 -1
19 9 8 0 -1
19 9 9 0 -1
19 9 10 0 -1
19 9 11 0 -1
19 9 12 2 -1
19 9 13 2 1
19 9 14 2 1
19 9 15 2 1
19 9 16 2 1
19 9 17 2 1
19 9 18 2 1
19 9 19 2 1
19 9 20 2 1
19 9 21 4 3
19 9 22 4 3
19 9 23 4 3
19 9 24 4 3
19 9 25 4 3
19 9 26 4 3
19 9 27 4 3
19 9 28 4 3
19 9 29 4 3
19 9 30 6 5
19 9 31 6 5
19 9 32 6 5
19 9 33 6 5
19 9 34 6 5
19 9 35 6 5
19 9 36 6 5
19 9 37 6 5
19 9 38 8 7
19 9 39 8 7
19 9 40 8 7
19 9 41 8 7
19 9 42 8 7
19 9 43 8 7
19 9 44 8 7
19 9 45 8 7
19 9 46 8 7
19 9 47 10 9
19 9 48 10 9
19 9 49 10 9
19 9 50 10 9
19 9 51 10 9
19 9 52 10 9
19 9 53 10 9
19 9 54 10 9
19 9 55 12 11
19 9 56 12 11
19 9 57 12 11
19 9 58 12 11
19 9 59 12 11
19 9 60 12 11
19 10 3 0 -1
19 10 4 0 -1
19 10 5 0 -1
19 10 6 0 -1
19 10 7 0 -1
19 10 8 0 -1
19 10 9 0 -1
19 10 10 2 1
19 10 11 2 1
19 10 12 2 1
19 10 13 2 1
19 10 14 2 1
19 10 15 2 1
19 10 16 2 1
19 10 17 4 3
19 10 18 4 3
19 10 19 4 3
19 10 20 4 3
19 10 21 4 3
19 10 22 4 3
19 10 23 4 3
19 10 24 6 5
19 10 25 6 5
19 10 26 6 5
19 10 27 6 5
19 10 28 6 5
19 10 29 6 5
19 10 30 6 5
19 10 31 8 7
19 10 32 8 7
19 10 33 8 7
19 10 34 8 7
19 10 35 8 7
19 10 36 8 7
19 10 37 8 7
19 10 38 10 9
19 10 39 10 9
19 10 40 10 9
19 10 41 10 9
19 10 42 10 9
19 10 43 10 9
19 10 44 10 9
19 10 45 12 11
19 10 46 12 11
19 10 47 12 11
19 10 48 12 11
19 10 49 12 11
19 10 50 12 11
19 10 51 12 11
19 10 52 14 13
19 10 53 14 13
19 10 54 14 13
19 10 55 14 13
19 10 56 14 13
19 10 57 14 13
19 10 58 14 13
19 10 59 16 15
19 10 60 16 15
19 11 3 0 -1
19 11 4 0 -1
19 11 5 0 -1
19 11 6 0 -1
19 11 7 0 -1
19 11 8 2 -1
19 11 9 2 1
19 11 10 2 1
19 11 11 2 1
19 11 12 2 1
19 11 13 2 1
19 11 14 4 3
19 11 15 4 3
19 11 16 4 3
19 11 17 4 3
19 11 18 4 3
19 11 19 4 3
19 11 20 6 5
19 11 21 6 5
19 11 22 6 5
19 11 23 6 5
19 11 24 6 5
19 11 25 6 5
19 11 26 8 7
19 11 27 8 7
19 11 28 8 7
19 11 29 8 7
19 11 30 8 7
19 11 31 8 7
19 11 32 10 9
19 11 33 10 9
19 11 34 10 9
19 11 35 10 9
19 11 36 10 9
19 11 37 12 9
19 11 38 12 11
19 11 39 12 11
19 11 40 12 11
19 11 41 12 11
19 11 42 12 11
19 11 43 14 13
19 11 44 14 13
19 11 45 14 13
19 11 46 14 13
19 11 47 14 13
19 11 48 14 13
19 11 49 16 15
19 11 50 16 15
19 11 51 16 15
19 11 52 16 15
19 11 53 16 15
19 11 54 16 15
19 11 55 18 17
19 11 56 18 17
19 11 57 18 17
19 11 58 18 17
19 11 59 18 17
19 11 60 18 17
19 12 3 0 -1
19 12 4 0 -1
19 12 5 0 -1
19 12 6 0 -1
19 12 7 2 1
19 12 8 2 1
19 12 9 2 1
19 12 10 2 1
19 12 11 2 1
19 12 12 4 3
19 12 13 4 3
19 12 14 4 3
19 12 15 4 3
19 12 16 4 3
19 12 17 6 5
19 12 18 6 5
19 12 19 6 5
19 12 20 6 5
19 12 21 6 5
19 12 22 8 7
19 12 23 8 7
19 12 24 8 7
19 12 25 8 7
19 12 26 8 7
19 12 27 10 9
19 12 28 10 9
19 12 29 10 9
19 12 30 10 9
19 12 31 10 9
19 12 32 12 11
19 12 33 12 11
19 12 34 12 11
19 12 35 12 11
19 12 36 14 11
19 12 37 14 13
19 12 38 14 13
19 12 39 14 13
19 12 40 14 13
19 12 41 16 15
19 12 42 16 15
19 12 43 16 15
19 12 44 16 15
19 12 45 16 15
19 12 46 18 17
19 12 47 18 17
19 12 48 18 17
19 12 49 18 17
19 12 50 18 17
19 12 51 20 19
19 12 52 20 19
19 12 53 20 19
19 12 54 20 19
19 12 55 20 19
19 12 56 22 21
19 12 57 22 21
19 12 58 22 21
19 12 59 22 21
19 12 60 22 21
19 13 3 0 -1
19 13 4 0 -1
19 13 5 0 -1
19 13 6 2 1
19 13 7 2 1
19 13 8 2 1
19 13 9 2 1
19 13 10 4 3
19 13 11 4 3
19 13 12 4 3
19 13 13 4 3
19 13 14 6 5
19 13 15 6 5
19 13 16 6 5
19 13 17 6 5
19 13 18 6 5
19 13 19 8 7
19 13 20 8 7
19 13 21 8 7
19 13 22 8 7
19 13 23 10 9
19 13 24 10 9
19 13 25 10 9
19 13 26 10 9
19 13 27 12 11
19 13 28 12 11
19 13 29 12 11
19 13 30 12 11
19 13 31 14 13
19 13 32 14 13
19 13 33 14 13
19 13 34 14 13
19 13 35 16 15
19 13 36 16 15
19 13 37 16 15
19 13 38 16 15
19 13 39 18 17
19 13 40 18 17
19 13 41 18 17
19 13 42 18 17
19 13 43 20 17
19 13 44 20 19
19 13 45 20 19
19 13 46 20 19
19 13 47 20 19
19 13 48 22 21
19 13 49 22 21
19 13 50 22 21
19 13 51 22 21
19 13 52 24 23
19 13 53 24 23
19 13 54 24 23
19 13 55 24 23
19 13 56 26 25
19 13 57 26 25
19 13 58 26 25
19 13 59 26 25
19 13 60 28 27
19 14 3 0 -1
19 14 4 0 -1
19 14 5 2 1
19 14 6 2 1
19 14 7 2 1
19 14 8 2 1
19 14 9 4 3
19 14 10 4 3
19 14 11 4 3
19 14 12 6 5
19 14 13 6 5
19 14 14 6 5
19 14 15 6 5
19 14 16 8 7
19 14 17 8 7
19 14 18 8 7
19 14 19 8 7
19 14 20 10 9
19 14 21 10 9
19 14 22 10 9
19 14 23 12 11
19 14 24 12 11
19 14 25 12 11
19 14 26 12 11
19 14 27 14 13
19 14 28 14 13
19 14 29 14 13
19 14 30 16 15
19 14 31 16 15
19 14 32 16 15
19 14 33 16 15
19 14 34 18 17
19 14 35 18 17
19 14 36 18 17
19 14 37 18 17
19 14 38 20 19
19 14 39 20 19
19 14 40 20 19
19 14 41 22 21
19 14 42 22 21
19 14 43 22 21
19 14 44 22 21
19 14 45 24 23
19 14 46 24 23
19 14 47 24 23
19 14 48 26 25
19 14 49 26 25
19 14 50 26 25
19 14 51 26 25
19 14 52 28 27
19 14 53 28 27
19 14 54 28 27
19 14 55 30 27
19 14 56 30 29
19 14 57 30 29
19 14 58 30 29
19 14 59 32 31
19 14 60 32 31
19 15 3 0 -1
19 15 4 2 1
19 15 5 2 1
19 15 6 2 1
19 15 7 2 1
19 15 8 4 3
19 15 9 4 3
19 15 10 4 3
19 15 11 6 5
19 15 12 6 5
19 15 13 6 5
19 15 14 8 7
19 15 15 8 7
19 15 16 8 7
19 15 17 10 9
19 15 18 10 9
19 15 19 10 9
19 15 20 12 11
19 15 21 12 11
19 15 22 12 11
19 15 23 14 13
19 15 24 14 13
19 15 25 14 13
19 15 26 14 13
19 15 27 16 15
19 15 28 16 15
19 15 29 16 15
19 15 30 18 17
19 15 31 18 17
19 15 32 18 17
19 15 33 20 19
19 15 34 20 19
19 15 35 20 19
19 15 36 22 21
19 15 37 22 21
19 15 38 22 21
19 15 39 24 23
19 15 40 24 23
19 15 41 24 23
19 15 42 26 25
19 15 43 26 25
19 15 44 26 25
19 15 45 28 27
19 15 46 28 27
19 15 47 28 27
19 15 48 30 29
19 15 49 30 29
19 15 50 30 29
19 15 51 30 29
19 15 52 32 31
19 15 53 32 31
19 15 54 32 31
19 15 55 34 33
19 15 56 34 33
19 15 57 34 33
19 15 58 36 35
19 15 59 36 35
19 15 60 36 35
19 16 3 0 -1
19 16 4 2 1
19 16 5 2 1
19 16 6 4 3
19 16 7 4 3
19 16 8 4 3
19 16 9 4 3
19 16 10 6 5
19 16 11 6 5
19 16 12 8 7
19 16 13 8 7
19 16 14 8 7
19 16 15 10 9
19 16 16 10 9
19 16 17 10 9
19 16 18 12 11
19 16 19 12 11
19 16 20 12 11
19 16 21 14 13
19 16 22 14 13
19 16 23 16 13
19 16 24 16 15
19 16 25 16 15
19 16 26 18 17
19 16 27 18 17
19 16 28 18 17
19 16 29 20 19
19 16 30 20 19
19 16 31 20 19
19 16 32 22 21
19 16 33 22 21
19 16 34 22 21
19 16 35 24 23
19 16 36 24 23
19 16 37 26 25
19 16 38 26 25
19 16 39 26 25
19 16 40 28 27
19 16 41 28 27
19 16 42 28 27
19 16 43 30 29
19 16 44 30 29
19 16 45 30 29
19 16 46 32 31
19 16 47 32 31
19 16 48 34 33
19 16 49 34 33
19 16 50 34 33
19 16 51 36 35
19 16 52 36 35
19 16 53 36 35
19 16 54 38 37
19 16 55 38 37
19 16 56 38 37
19 16 57 40 39
19 16 58 40 39
19 16 59 42 41
19 16 60 42 41
19 17 3 0 -1
19 17 4 2 1
19 17 5 2 1
19 17 6 4 3
19 17 7 4 3
19 17 8 6 5
19 17 9 6 5
19 17 10 6 5
19 17 11 8 7
19 17 12 8 7
19 17 13 8 7
19 17 14 10 9
19 17 15 10 9
19 17 16 12 11
19 17 17 12 11
19 17 18 14 13
19 17 19 14 13
19 17 20 14 13
19 17 21 16 15
19 17 22 16 15
19 17 23 16 15
19 17 24 18 17
19 17 25 18 17
19 17 26 20 19
19 17 27 20 19
19 17 28 22 21
19 17 29 22 21
19 17 30 22 21
19 17 31 24 23
19 17 32 24 23
19 17 33 26 25
19 17 34 26 25
19 17 35 26 25
19 17 36 28 27
19 17 37 28 27
19 17 38 30 29
19 17 39 30 29
19 17 40 30 29
19 17 41 32 31
19 17 42 32 31
19 17 43 34 33
19 17 44 34 33
19 17 45 34 33
19 17 46 36 35
19 17 47 36 35
19 17 48 38 37
19 17 49 38 37
19 17 50 38 37
19 17 51 40 39
19 17 52 40 39
19 17 53 42 41
19 17 54 42 41
19 17 55 42 41
19 17 56 44 43
19 17 57 44 43
19 17 58 46 45
19 17 59 46 45
19 17 60 48 47
20 2 3 0 -1
20 2 4 0 -1
20 2 5 0 -1
20 2 6 0 -1
20 2 7 0 -1
20 2 8 0 -1
20 2 9 0 -1
20 2 10 0 -1
20 2 11 0 -1
20 2 12 0 -1
20 2 13 0 -1
20 2 14 0 -1
20 2 15 0 -1
20 2 16 0 -1
20 2 17 0 -1
20 2 18 0 -1
20 2 19 0 -1
20 2 20 0 -1
20 2 21 0 -1
20 2 22 0 -1
20 2 23 0 -1
20 2 24 0 -1
20 2 25 0 -1
20 2 26 0 -1
20 2 27 0 -1
20 2 28 0 -1
20 2 29 0 -1
20 2 30 0 -1
20 2 31 0 -1
20 2 32 0 -1
20 2 33 0 -1
20 2 34 0 -1
20 2 35 0 -1
20 2 36 0 -1
20 2 37 0 -1
20 2 38 0 -1
20 2 39 0 -1
20 2 40 0 -1
20 2 41 0 -1
20 2 42 0 -1
20 2 43 0 -1
20 2 44 0 -1
20 2 45 0 -1
20 2 46 0 -1
20 2 47 0 -1
20 2 48 0 -1
20 2 49 0 -1
20 2 50 0 -1
20 2 51 0 -1
20 2 52 0 -1
20 2 53 0 -1
20 2 54 0 -1
20 2 55 0 -1
20 2 56 0 -1
20 2 57 0 -1
20 2 58 0 -1
20 2 59 0 -1
20 2 60 0 -1
20 3 3 0 -1
20 3 4 0 -1
20 3 5 0 -1
20 3 6 0 -1
20 3 7 0 -1
20 3 8 0 -1
20 3 9 0 -1
20 3 10 0 -1
20 3 11 0 -1
20 3 12 0 -1
20 3 13 0 -1
20 3 14 0 -1
20 3 15 0 -1
20 3 16 0 -1
20 3 17 0 -1
20 3 18 0 -1
20 3 19 0 -1
20 3 20 0 -1
20 3 21 0 -1
20 3 22 0 -1
20 3 23 0 -1
20 3 24 0 -1
20 3 25 0 -1
20 3 26 0 -1
20 3 27 0 -1
20 3 28 0 -1
20 3 29 0 -1
20 3 30 0 -1
20 3 31 0 -1
20 3 32 0 -1
20 3 33 0 -1
20 3 34 0 -1
20 3 35 0 -1
20 3 36 0 -1
20 3 37 0 -1
20 3 38 0 -1
20 3 39 0 -1
20 3 40 0 -1
20 3 41 0 -1
20 3 42 0 -1
20 3 43 0 -1
20 3 44 0 -1
20 3 45 0 -1
20 3 46 0 -1
20 3 47 0 -1
20 3 48 0 -1
20 3 49 0 -1
20 3 50 0 -1
20 3 51 0 -1
20 3 52 0 -1
20 3 53 0 -1
20 3 54 0 -1
20 3 55 0 -1
20 3 56 0 -1
20 3 57 0 -1
20 3 58 0 -1
20 3 59 0 -1
20 3 60 0 -1
20 4 3 0 -1
20 4 4 0 -1
20 4 5 0 -1
20 4 6 0 -1
20 4 7 0 -1
20 4 8 0 -1
20 4 9 0 -1
20 4 10 0 -1
20 4 11 0 -1
20 4 12 0 -1
20 4 13 0 -1
20 4 14 0 -1
20 4 15 0 -1
20 4 16 0 -1
20 4 17 0 -1
20 4 18 0 -1
20 4 19 0 -1
20 4 20 0 -1
20 4 21 0 -1
20 4 22 0 -1
20 4 23 0 -1
20 4 24 0 -1
20 4 25 0 -1
20 4 26 0 -1
20 4 27 0 -1
20 4 28 0 -1
20 4 29 0 -1
20 4 30 0 -1
20 4 31 0 -1
20 4 32 0 -1
20 4 33 0 -1
20 4 34 0 -1
20 4 35 0 -1
20 4 36 0 -1
20 4 37 0 -1
20 4 38 0 -1
20 4 39 0 -1
20 4 40 0 -1
20 4 41 0 -1
20 4 42 0 -1
20 4 43 0 -1
20 4 44 0 -1
20 4 45 0 -1
20 4 46 0 -1
20 4 47 2 -1
20 4 48 2 1
20 4 49 2 1
20 4 50 2 1
20 4 51 2 1
20 4 52 2 1
20 4 53 2 1
20 4 54 2 1
20 4 55 2 1
20 4 56 2 1
20 4 57 2 1
20 4 58 2 1
20 4 59 2 1
20 4 60 2 1
20 5 3 0 -1
20 5 4 0 -1
20 5 5 0 -1
20 5 6 0 -1
20 5 7 0 -1
20 5 8 0 -1
20 5 9 0 -1
20 5 10 0 -1
20 5 11 0 -1
20 5 12 0 -1
20 5 13 0 -1
20 5 14 0 -1
20 5 15 0 -1
20 5 16 0 -1
20 5 17 0 -1
20 5 18 0 -1
20 5 19 0 -1
20 5 20 0 -1
20 5 21 0 -1
20 5 22 0 -1
20 5 23 0 -1
20 5 24 0 -1
20 5 25 0 -1
20 5 26 0 -1
20 5 27 0 -1
20 5 28 0 -1
20 5 29 0 -1
20 5 30 0 -1
20 5 31 0 -1
20 5 32 0 -1
20 5 33 0 -1
20 5 34 2 -1
20 5 35 2 1
20 5 36 2 1
20 5 37 2 1
20 5 38 2 1
20 5 39 2 1
20 5 40 2 1
20 5 41 2 1
20 5 42 2 1
20 5 43 2 1
20 5 44 2 1
20 5 45 2 1
20 5 46 2 1
20 5 47 2 1
20 5 48 2 1
20 5 49 2 1
20 5 50 2 1
20 5 51 2 1
20 5 52 2 1
20 5 53 2 1
20 5 54 2 1
20 5 55 2 1
20 5 56 2 1
20 5 57 2 1
20 5 58 2 1
20 5 59 2 1
20 5 60 4 3
20 6 3 0 -1
20 6 4 0 -1
20 6 5 0 -1
20 6 6 0 -1
20 6 7 0 -1
20 6 8 0 -1
20 6 9 0 -1
20 6 10 0 -1
20 6 11 0 -1
20 6 12 0 -1
20 6 13 0 -1
20 6 14 0 -1
20 6 15 0 -1
20 6 16 0 -1
20 6 17 0 -1
20 6 18 0 -1
20 6 19 0 -1
20 6 20 0 -1
20 6 21 0 -1
20 6 22 0 -1
20 6 23 0 -1
20 6 24 0 -1
20 6 25 0 -1
20 6 26 2 -1
20 6 27 2 1
20 6 28 2 1
20 6 29 2 1
20 6 30 2 1
20 6 31 2 1
20 6 32 2 1
20 6 33 2 1
20 6 34 2 1
20 6 35 2 1
20 6 36 2 1
20 6 37 2 1
20 6 38 2 1
20 6 39 2 1
20 6 40 2 1
20 6 41 2 1
20 6 42 2 1
20 6 43 2 1
20 6 44 2 1
20 6 45 4 1
20 6 46 4 3
20 6 47 4 3
20 6 48 4 3
20 6 49 4 3
20 6 50 4 3
20 6 51 4 3
20 6 52 4 3
20 6 53 4 3
20 6 54 4 3
20 6 55 4 3
20 6 56 4 3
20 6 57 4 3
20 6 58 4 3
20 6 59 4 3
20 6 60 4 3
20 7 3 0 -1
20 7 4 0 -1
20 7 5 0 -1
20 7 6 0 -1
20 7 7 0 -1
20 7 8 0 -1
20 7 9 0 -1
20 7 10 0 -1
20 7 11 0 -1
20 7 12 0 -1
20 7 13 0 -1
20 7 14 0 -1
20 7 15 0 -1
20 7 16 0 -1
20 7 17 0 -1
20 7 18 0 -1
20 7 19 0 -1
20 7 20 0 -1
20 7 21 2 1
20 7 22 2 1
20 7 23 2 1
20 7 24 2 1
20 7 25 2 1
20 7 26 2 1
20 7 27 2 1
20 7 28 2 1
20 7 29 2 1
20 7 30 2 1
20 7 31 2 1
20 7 32 2 1
20 7 33 2 1
20 7 34 2 1
20 7 35 4 1
20 7 36 4 3
20 7 37 4 3
20 7 38 4 3
20 7 39 4 3
20 7 40 4 3
20 7 41 4 3
20 7 42 4 3
20 7 43 4 3
20 7 44 4 3
20 7 45 4 3
20 7 46 4 3
20 7 47 4 3
20 7 48 4 3
20 7 49 4 3
20 7 50 6 3
20 7 51 6 5
20 7 52 6 5
20 7 53 6 5
20 7 54 6 5
20 7 55 6 5
20 7 56 6 5
20 7 57 6 5
20 7 58 6 5
20 7 59 6 5
20 7 60 6 5
20 8 3 0 -1
20 8 4 0 -1
20 8 5 0 -1
20 8 6 0 -1
20 8 7 0 -1
20 8 8 0 -1
20 8 9 0 -1
20 8 10 0 -1
20 8 11 0 -1
20 8 12 0 -1
20 8 13 0 -1
20 8 14 0 -1
20 8 15 0 -1
20 8 16 2 -1
20 8 17 2 1
20 8 18 2 1
20 8 19 2 1
20 8 20 2 1
20 8 21 2 1
20 8 22 2 1
20 8 23 2 1
20 8 24 2 1
20 8 25 2 1
20 8 26 2 1
20 8 27 2 1
20 8 28 4 1
20 8 29 4 3
20 8 30 4 3
20 8 31 4 3
20 8 32 4 3
20 8 33 4 3
20 8 34 4 3
20 8 35 4 3
20 8 36 4 3
20 8 37 4 3
20 8 38 4 3
20 8 39 4 3
20 8 40 6 5
20 8 41 6 5
20 8 42 6 5
20 8 43 6 5
20 8 44 6 5
20 8 45 6 5
20 8 46 6 5
20 8 47 6 5
20 8 48 6 5
20 8 49 6 5
20 8 50 6 5
20 8 51 6 5
20 8 52 8 7
20 8 53 8 7
20 8 54 8 7
20 8 55 8 7
20 8 56 8 7
20 8 57 8 7
20 8 58 8 7
20 8 59 8 7
20 8 60 8 7
20 9 3 0 -1
20 9 4 0 -1
20 9 5 0 -1
20 9 6 0 -1
20 9 7 0 -1
20 9 8 0 -1
20 9 9 0 -1
20 9 10 0 -1
20 9 11 0 -1
20 9 12 0 -1
20 9 13 2 -1
20 9 14 2 1
20 9 15 2 1
20 9 16 2 1
20 9 17 2 1
20 9 18 2 1
20 9 19 2 1
20 9 20 2 1
20 9 21 2 1
20 9 22 2 1
20 9 23 4 3
20 9 24 4 3
20 9 25 4 3
20 9 26 4 3
20 9 27 4 3
20 9 28 4 3
20 9 29 4 3
20 9 30 4 3
20 9 31 4 3
20 9 32 6 3
20 9 33 6 5
20 9 34 6 5
20 9 35 6 5
20 9 36 6 5
20 9 37 6 5
20 9 38 6 5
20 9 39 6 5
20 9 40 6 5
20 9 41 6 5
20 9 42 8 7
20 9 43 8 7
20 9 44 8 7
20 9 45 8 7
20 9 46 8 7
20 9 47 8 7
20 9 48 8 7
20 9 49 8 7
20 9 50 8 7
20 9 51 10 7
20 9 52 10 9
20 9 53 10 9
20 9 54 10 9
20 9 55 10 9
20 9 56 10 9
20 9 57 10 9
20 9 58 10 9
20 9 59 10 9
20 9 60 12 9
20 10 3 0 -1
20 10 4 0 -1
20 10 5 0 -1
20 10 6 0 -1
20 10 7 0 -1
20 10 8 0 -1
20 10 9 0 -1
20 10 10 0 -1
20 10 11 2 1
20 10 12 2 1
20 10 13 2 1
20 10 14 2 1
20 10 15 2 1
20 10 16 2 1
20 10 17 2 1
20 10 18 2 1
20 10 19 4 3
20 10 20 4 3
20 10 21 4 3
20 10 22 4 3
20 10 23 4 3
20 10 24 4 3
20 10 25 4 3
20 10 26 4 3
20 10 27 6 5
20 10 28 6 5
20 10 29 6 5
20 10 30 6 5
20 10 31 6 5
20 10 32 6 5
20 10 33 6 5
20 10 34 8 5
20 10 35 8 7
20 10 36 8 7
20 10 37 8 7
20 10 38 8 7
20 10 39 8 7
20 10 40 8 7
20 10 41 8 7
20 10 42 10 9
20 10 43 10 9
20 10 44 10 9
20 10 45 10 9
20 10 46 10 9
20 10 47 10 9
20 10 48 10 9
20 10 49 10 9
20 10 50 12 11
20 10 51 12 11
20 10 52 12 11
20 10 53 12 11
20 10 54 12 11
20 10 55 12 11
20 10 56 12 11
20 10 57 14 11
20 10 58 14 13
20 10 59 14 13
20 10 60 14 13
20 11 3 0 -1
20 11 4 0 -1
20 11 5 0 -1
20 11 6 0 -1
20 11 7 0 -1
20 11 8 0 -1
20 11 9 2 -1
20 11 10 2 1
20 11 11 2 1
20 11 12 2 1
20 11 13 2 1
20 11 14 2 1
20 11 15 2 1
20 11 16 4 3
20 11 17 4 3
20 11 18 4 3
20 11 19 4 3
20 11 20 4 3
20 11 21 4 3
20 11 22 6 5
20 11 23 6 5
20 11 24 6 5
20 11 25 6 5
20 11 26 6 5
20 11 27 6 5
20 11 28 6 5
20 11 29 8 7
20 11 30 8 7
20 11 31 8 7
20 11 32 8 7
20 11 33 8 7
20 11 34 8 7
20 11 35 10 9
20 11 36 10 9
20 11 37 10 9
20 11 38 10 9
20 11 39 10 9
20 11 40 10 9
20 11 41 12 9
20 11 42 12 11
20 11 43 12 11
20 11 44 12 11
20 11 45 12 11
20 11 46 12 11
20 11 47 12 11
20 11 48 14 13
20 11 49 14 13
20 11 50 14 13
20 11 51 14 13
20 11 52 14 13
20 11 53 14 13
20 11 54 16 15
20 11 55 16 15
20 11 56 16 15
20 11 57 16 15
20 11 58 16 15
20 11 59 16 15
20 11 60 18 15
20 12 3 0 -1
20 12 4 0 -1
20 12 5 0 -1
20 12 6 0 -1
20 12 7 0 -1
20 12 8 2 1
20 12 9 2 1
20 12 10 2 1
20 12 11 2 1
20 12 12 2 1
20 12 13 4 3
20 12 14 4 3
20 12 15 4 3
20 12 16 4 3
20 12 17 4 3
20 12 18 4 3
20 12 19 6 5
20 12 20 6 5
20 12 21 6 5
20 12 22 6 5
20 12 23 6 5
20 12 24 8 7
20 12 25 8 7
20 12 26 8 7
20 12 27 8 7
20 12 28 8 7
20 12 29 10 7
20 12 30 10 9
20 12 31 10 9
20 12 32 10 9
20 12 33 10 9
20 12 34 10 9
20 12 35 12 11
20 12 36 12 11
20 12 37 12 11
20 12 38 12 11
20 12 39 12 11
20 12 40 14 13
20 12 41 14 13
20 12 42 14 13
20 12 43 14 13
20 12 44 14 13
20 12 45 14 13
20 12 46 16 15
20 12 47 16 15
20 12 48 16 15
20 12 49 16 15
20 12 50 16 15
20 12 51 18 17
20 12 52 18 17
20 12 53 18 17
20 12 54 18 17
20 12 55 18 17
20 12 56 20 17
20 12 57 20 19
20 12 58 20 19
20 12 59 20 19
20 12 60 20 19
20 13 3 0 -1
20 13 4 0 -1
20 13 5 0 -1
20 13 6 0 -1
20 13 7 2 1
20 13 8 2 1
20 13 9 2 1
20 13 10 2 1
20 13 11 4 3
20 13 12 4 3
20 13 13 4 3
20 13 14 4 3
20 13 15 4 3
20 13 16 6 5
20 13 17 6 5
20 13 18 6 5
20 13 19 6 5
20 13 20 6 5
20 13 21 8 7
20 13 22 8 7
20 13 23 8 7
20 13 24 8 7
20 13 25 10 9
20 13 26 10 9
20 13 27 10 9
20 13 28 10 9
20 13 29 10 9
20 13 30 12 11
20 13 31 12 11
20 13 32 12 11
20 13 33 12 11
20 13 34 14 11
20 13 35 14 13
20 13 36 14 13
20 13 37 14 13
20 13 38 14 13
20 13 39 16 15
20 13 40 16 15
20 13 41 16 15
20 13 42 16 15
20 13 43 18 15
20 13 44 18 17
20 13 45 18 17
20 13 46 18 17
20 13 47 18 17
20 13 48 20 19
20 13 49 20 19
20 13 50 20 19
20 13 51 20 19
20 13 52 20 19
20 13 53 22 21
20 13 54 22 21
20 13 55 22 21
20 13 56 22 21
20 13 57 24 23
20 13 58 24 23
20 13 59 24 23
20 13 60 24 23
20 14 3 0 -1
20 14 4 0 -1
20 14 5 0 -1
20 14 6 2 1
20 14 7 2 1
20 14 8 2 1
20 14 9 2 1
20 14 10 4 3
20 14 11 4 3
20 14 12 4 3
20 14 13 4 3
20 14 14 6 5
20 14 15 6 5
20 14 16 6 5
20 14 17 6 5
20 14 18 8 7
20 14 19 8 7
20 14 20 8 7
20 14 21 8 7
20 14 22 10 9
20 14 23 10 9
20 14 24 10 9
20 14 25 10 9
20 14 26 12 11
20 14 27 12 11
20 14 28 12 11
20 14 29 12 11
20 14 30 14 13
20 14 31 14 13
20 14 32 14 13
20 14 33 14 13
20 14 34 16 15
20 14 35 16 15
20 14 36 16 15
20 14 37 16 15
20 14 38 18 17
20 14 39 18 17
20 14 40 18 17
20 14 41 18 17
20 14 42 20 19
20 14 43 20 19
20 14 44 20 19
20 14 45 22 19
20 14 46 22 21
20 14 47 22 21
20 14 48 22 21
20 14 49 24 21
20 14 50 24 23
20 14 51 24 23
20 14 52 24 23
20 14 53 26 25
20 14 54 26 25
20 14 55 26 25
20 14 56 26 25
20 14 57 28 27
20 14 58 28 27
20 14 59 28 27
20 14 60 28 27
20 15 3 0 -1
20 15 4 2 1
20 15 5 2 1
20 15 6 2 1
20 15 7 2 1
20 15 8 4 3
20 15 9 4 3
20 15 10 4 3
20 15 11 4 3
20 15 12 6 5
20 15 13 6 5
20 15 14 6 5
20 15 15 8 5
20 15 16 8 7
20 15 17 8 7
20 15 18 8 7
20 15 19 10 9
20 15 20 10 9
20 15 21 10 9
20 15 22 12 11
20 15 23 12 11
20 15 24 12 11
20 15 25 12 11
20 15 26 14 13
20 15 27 14 13
20 15 28 14 13
20 15 29 16 15
20 15 30 16 15
20 15 31 16 15
20 15 32 16 15
20 15 33 18 17
20 15 34 18 17
20 15 35 18 17
20 15 36 20 19
20 15 37 20 19
20 15 38 20 19
20 15 39 20 19
20 15 40 22 21
20 15 41 22 21
20 15 42 22 21
20 15 43 24 23
20 15 44 24 23
20 15 45 24 23
20 15 46 24 23
20 15 47 26 25
20 15 48 26 25
20 15 49 26 25
20 15 50 28 27
20 15 51 28 27
20 15 52 28 27
20 15 53 30 27
20 15 54 30 29
20 15 55 30 29
20 15 56 30 29
20 15 57 32 31
20 15 58 32 31
20 15 59 32 31
20 15 60 34 33
20 16 3 0 -1
20 16 4 2 1
20 16 5 2 1
20 16 6 2 1
20 16 7 2 1
20 16 8 4 3
20 16 9 4 3
20 16 10 6 5
20 16 11 6 5
20 16 12 6 5
20 16 13 6 5
20 16 14 8 7
20 16 15 8 7
20 16 16 8 7
20 16 17 10 9
20 16 18 10 9
20 16 19 10 9
20 16 20 12 11
20 16 21 12 11
20 16 22 12 11
20 16 23 14 13
20 16 24 14 13
20 16 25 14 13
20 16 26 16 15
20 16 27 16 15
20 16 28 16 15
20 16 29 18 17
20 16 30 18 17
20 16 31 18 17
20 16 32 20 19
20 16 33 20 19
20 16 34 20 19
20 16 35 22 21
20 16 36 22 21
20 16 37 22 21
20 16 38 24 23
20 16 39 24 23
20 16 40 24 23
20 16 41 26 25
20 16 42 26 25
20 16 43 26 25
20 16 44 28 27
20 16 45 28 27
20 16 46 28 27
20 16 47 30 29
20 16 48 30 29
20 16 49 30 29
20 16 50 32 31
20 16 51 32 31
20 16 52 32 31
20 16 53 34 33
20 16 54 34 33
20 16 55 34 33
20 16 56 36 35
20 16 57 36 35
20 16 58 36 35
20 16 59 38 37
20 16 60 38 37
20 17 3 0 -1
20 17 4 2 1
20 17 5 2 1
20 17 6 4 3
20 17 7 4 3
20 17 8 4 3
20 17 9 4 3
20 17 10 6 5
20 17 11 6 5
20 17 12 8 7
20 17 13 8 7
20 17 14 8 7
20 17 15 10 9
20 17 16 10 9
20 17 17 10 9
20 17 18 12 11
20 17 19 12 11
20 17 20 14 13
20 17 21 14 13
20 17 22 14 13
20 17 23 16 15
20 17 24 16 15
20 17 25 16 15
20 17 26 18 17
20 17 27 18 17
20 17 28 20 19
20 17 29 20 19
20 17 30 20 19
20 17 31 22 21
20 17 32 22 21
20 17 33 22 21
20 17 34 24 23
20 17 35 24 23
20 17 36 24 23
20 17 37 26 25
20 17 38 26 25
20 17 39 28 27
20 17 40 28 27
20 17 41 28 27
20 17 42 30 29
20 17 43 30 29
20 17 44 30 29
20 17 45 32 31
20 17 46 32 31
20 17 47 34 33
20 17 48 34 33
20 17 49 34 33
20 17 50 36 35
20 17 51 36 35
20 17 52 36 35
20 17 53 38 37
20 17 54 38 37
20 17 55 38 37
20 17 56 40 39
20 17 57 40 39
20 17 58 42 41
20 17 59 42 41
20 17 60 42 41
20 18 3 0 -1
20 18 4 2 1
20 18 5 2 1
20 18 6 4 3
20 18 7 4 3
20 18 8 6 5
20 18 9 6 5
20 18 10 8 7
20 18 11 8 7
20 18 12 8 7
20 18 13 8 7
20 18 14 10 9
20 18 15 10 9
20 18 16 12 11
20 18 17 12 11
20 18 18 14 13
20 18 19 14 13
20 18 20 16 15
20 18 21 16 15
20 18 22 16 15
20 18 23 18 17
20 18 24 18 17
20 18 25 18 17
20 18 26 20 19
20 18 27 20 19
20 18 28 22 21
20 18 29 22 21
20 18 30 24 23
20 18 31 24 23
20 18 32 24 23
20 18 33 26 25
20 18 34 26 25
20 18 35 26 25
20 18 36 28 27
20 18 37 28 27
20 18 38 30 29
20 18 39 30 29
20 18 40 32 31
20 18 41 32 31
20 18 42 32 31
20 18 43 34 33
20 18 44 34 33
20 18 45 36 35
20 18 46 36 35
20 18 47 36 35
20 18 48 38 37
20 18 49 38 37
20 18 50 40 39
20 18 51 40 39
20 18 52 42 41
20 18 53 42 41
20 18 54 42 41
20 18 55 44 43
20 18 56 44 43
20 18 57 46 45
20 18 58 46 45
20 18 59 46 45
20 18 60 48 47
21 2 3 0 -1
21 2 4 0 -1
21 2 5 0 -1
21 2 6 0 -1
21 2 7 0 -1
21 2 8 0 -1
21 2 9 0 -1
21 2 10 0 -1
21 2 11 0 -1
21 2 12 0 -1
21 2 13 0 -1
21 2 14 0 -1
21 2 15 0 -1
21 2 16 0 -1
21 2 17 0 -1
21 2 18 0 -1
21 2 19 0 -1
21 2 20 0 -1
21 2 21 0 -1
21 2 22 0 -1
21 2 23 0 -1
21 2 24 0 -1
21 2 25 0 -1
21 2 26 0 -1
21 2 27 0 -1
21 2 28 0 -1
21 2 29 0 -1
21 2 30 0 -1
21 2 31 0 -1
21 2 32 0 -1
21 2 33 0 -1
21 2 34 0 -1
21 2 35 0 -1
21 2 36 0 -1
21 2 37 0 -1
21 2 38 0 -1
21 2 39 0 -1
21 2 40 0 -1
21 2 41 0 -1
21 2 42 0 -1
21 2 43 0 -1
21 2 44 0 -1
21 2 45 0 -1
21 2 46 0 -1
21 2 47 0 -1
21 2 48 0 -1
21 2 49 0 -1
21 2 50 0 -1
21 2 51 0 -1
21 2 52 0 -1
21 2 53 0 -1
21 2 54 0 -1
21 2 55 0 -1
21 2 56 0 -1
21 2 57 0 -1
21 2 58 0 -1
21 2 59 0 -1
21 2 60 0 -1
21 3 3 0 -1
21 3 4 0 -1
21 3 5 0 -1
21 3 6 0 -1
21 3 7 0 -1
21 3 8 0 -1
21 3 9 0 -1
21 3 10 0 -1
21 3 11 0 -1
21 3 12 0 -1
21 3 13 0 -1
21 3 14 0 -1
21 3 15 0 -1
21 3 16 0 -1
21 3 17 0 -1
21 3 18 0 -1
21 3 19 0 -1
21 3 20 0 -1
21 3 21 0 -1
21 3 22 0 -1
21 3 23 0 -1
21 3 24 0 -1
21 3 25 0 -1
21 3 26 0 -1
21 3 27 0 -1
21 3 28 0 -1
21 3 29 0 -1
21 3 30 0 -1
21 3 31 0 -1
21 3 32 0 -1
21 3 33 0 -1
21 3 34 0 -1
21 3 35 0 -1
21 3 36 0 -1
21 3 37 0 -1
21 3 38 0 -1
21 3 39 0 -1
21 3 40 0 -1
21 3 41 0 -1
21 3 42 0 -1
21 3 43 0 -1
21 3 44 0 -1
21 3 45 0 -1
21 3 46 0 -1
21 3 47 0 -1
21 3 48 0 -1
21 3 49 0 -1
21 3 50 0 -1
21 3 51 0 -1
21 3 52 0 -1
21 3 53 0 -1
21 3 54 0 -1
21 3 55 0 -1
21 3 56 0 -1
21 3 57 0 -1
21 3 58 0 -1
21 3 59 0 -1
21 3 60 0 -1
21 4 3 0 -1
21 4 4 0 -1
21 4 5 0 -1
21 4 6 0 -1
21 4 7 0 -1
21 4 8 0 -1
21 4 9 0 -1
21 4 10 0 -1
21 4 11 0 -1
21 4 12 0 -1
21 4 13 0 -1
21 4 14 0 -1
21 4 15 0 -1
21 4 16 0 -1
21 4 17 0 -1
21 4 18 0 -1
21 4 19 0 -1
21 4 20 0 -1
21 4 21 0 -1
21 4 22 0 -1
21 4 23 0 -1
21 4 24 0 -1
21 4 25 0 -1
21 4 26 0 -1
21 4 27 0 -1
21 4 28 0 -1
21 4 29 0 -1
21 4 30 0 -1
21 4 31 0 -1
21 4 32 0 -1
21 4 33 0 -1
21 4 34 0 -1
21 4 35 0 -1
21 4 36 0 -1
21 4 37 0 -1
21 4 38 0 -1
21 4 39 0 -1
21 4 40 0 -1
21 4 41 0 -1
21 4 42 0 -1
21 4 43 0 -1
21 4 44 0 -1
21 4 45 0 -1
21 4 46 0 -1
21 4 47 0 -1
21 4 48 0 -1
21 4 49 0 -1
21 4 50 2 -1
21 4 51 2 1
21 4 52 2 1
21 4 53 2 1
21 4 54 2 1
21 4 55 2 1
21 4 56 2 1
21 4 57 2 1
21 4 58 2 1
21 4 59 2 1
21 4 60 2 1
21 5 3 0 -1
21 5 4 0 -1
21 5 5 0 -1
21 5 6 0 -1
21 5 7 0 -1
21 5 8 0 -1
21 5 9 0 -1
21 5 10 0 -1
21 5 11 0 -1
21 5 12 0 -1
21 5 13 0 -1
21 5 14 0 -1
21 5 15 0 -1
21 5 16 0 -1
21 5 17 0 -1
21 5 18 0 -1
21 5 19 0 -1
21 5 20 0 -1
21 5 21 0 -1
21 5 22 0 -1
21 5 23 0 -1
21 5 24 0 -1
21 5 25 0 -1
21 5 26 0 -1
21 5 27 0 -1
21 5 28 0 -1
21 5 29 0 -1
21 5 30 0 -1
21 5 31 0 -1
21 5 32 0 -1
21 5 33 0 -1
21 5 34 0 -1
21 5 35 0 -1
21 5 36 0 -1
21 5 37 2 1
21 5 38 2 1
21 5 39 2 1
21 5 40 2 1
21 5 41 2 1
21 5 42 2 1
21 5 43 2 1
21 5 44 2 1
21 5 45 2 1
21 5 46 2 1
21 5 47 2 1
21 5 48 2 1
21 5 49 2 1
21 5 50 2 1
21 5 51 2 1
21 5 52 2 1
21 5 53 2 1
21 5 54 2 1
21 5 55 2 1
21 5 56 2 1
21 5 57 2 1
21 5 58 2 1
21 5 59 2 1
21 5 60 2 1
21 6 3 0 -1
21 6 4 0 -1
21 6 5 0 -1
21 6 6 0 -1
21 6 7 0 -1
21 6 8 0 -1
21 6 9 0 -1
21 6 10 0 -1
21 6 11 0 -1
21 6 12 0 -1
21 6 13 0 -1
21 6 14 0 -1
21 6 15 0 -1
21 6 16 0 -1
21 6 17 0 -1
21 6 18 0 -1
21 6 19 0 -1
21 6 20 0 -1
21 6 21 0 -1
21 6 22 0 -1
21 6 23 0 -1
21 6 24 0 -1
21 6 25 0 -1
21 6 26 0 -1
21 6 27 0 -1
21 6 28 2 -1
21 6 29 2 1
21 6 30 2 1
21 6 31 2 1
21 6 32 2 1
21 6 33 2 1
21 6 34 2 1
21 6 35 2 1
21 6 36 2 1
21 6 37 2 1
21 6 38 2 1
21 6 39 2 1
21 6 40 2 1
21 6 41 2 1
21 6 42 2 1
21 6 43 2 1
21 6 44 2 1
21 6 45 2 1
21 6 46 2 1
21 6 47 2 1
21 6 48 2 1
21 6 49 4 3
21 6 50 4 3
21 6 51 4 3
21 6 52 4 3
21 6 53 4 3
21 6 54 4 3
21 6 55 4 3
21 6 56 4 3
21 6 57 4 3
21 6 58 4 3
21 6 59 4 3
21 6 60 4 3
21 7 3 0 -1
21 7 4 0 -1
21 7 5 0 -1
21 7 6 0 -1
21 7 7 0 -1
21 7 8 0 -1
21 7 9 0 -1
21 7 10 0 -1
21 7 11 0 -1
21 7 12 0 -1
21 7 13 0 -1
21 7 14 0 -1
21 7 15 0 -1
21 7 16 0 -1
21 7 17 0 -1
21 7 18 0 -1
21 7 19 0 -1
21 7 20 0 -1
21 7 21 0 -1
21 7 22 2 -1
21 7 23 2 1
21 7 24 2 1
21 7 25 2 1
21 7 26 2 1
21 7 27 2 1
21 7 28 2 1
21 7 29 2 1
21 7 30 2 1
21 7 31 2 1
21 7 32 2 1
21 7 33 2 1
21 7 34 2 1
21 7 35 2 1
21 7 36 2 1
21 7 37 2 1
21 7 38 4 1
21 7 39 4 3
21 7 40 4 3
21 7 41 4 3
21 7 42 4 3
21 7 43 4 3
21 7 44 4 3
21 7 45 4 3
21 7 46 4 3
21 7 47 4 3
21 7 48 4 3
21 7 49 4 3
21 7 50 4 3
21 7 51 4 3
21 7 52 4 3
21 7 53 4 3
21 7 54 6 3
21 7 55 6 5
21 7 56 6 5
21 7 57 6 5
21 7 58 6 5
21 7 59 6 5
21 7 60 6 5
21 8 3 0 -1
21 8 4 0 -1
21 8 5 0 -1
21 8 6 0 -1
21 8 7 0 -1
21 8 8 0 -1
21 8 9 0 -1
21 8 10 0 -1
21 8 11 0 -1
21 8 12 0 -1
21 8 13 0 -1
21 8 14 0 -1
21 8 15 0 -1
21 8 16 0 -1
21 8 17 0 -1
21 8 18 2 1
21 8 19 2 1
21 8 20 2 1
21 8 21 2 1
21 8 22 2 1
21 8 23 2 1
21 8 24 2 1
21 8 25 2 1
21 8 26 2 1
21 8 27 2 1
21 8 28 2 1
21 8 29 2 1
21 8 30 2 1
21 8 31 4 3
21 8 32 4 3
21 8 33 4 3
21 8 34 4 3
21 8 35 4 3
21 8 36 4 3
21 8 37 4 3
21 8 38 4 3
21 8 39 4 3
21 8 40 4 3
21 8 41 4 3
21 8 42 4 3
21 8 43 6 3
21 8 44 6 5
21 8 45 6 5
21 8 46 6 5
21 8 47 6 5
21 8 48 6 5
21 8 49 6 5
21 8 50 6 5
21 8 51 6 5
21 8 52 6 5
21 8 53 6 5
21 8 54 6 5
21 8 55 6 5
21 8 56 8 5
21 8 57 8 7
21 8 58 8 7
21 8 59 8 7
21 8 60 8 7
21 9 3 0 -1
21 9 4 0 -1
21 9 5 0 -1
21 9 6 0 -1
21 9 7 0 -1
21 9 8 0 -1
21 9 9 0 -1
21 9 10 0 -1
21 9 11 0 -1
21 9 12 0 -1
21 9 13 0 -1
21 9 14 0 -1
21 9 15 2 1
21 9 16 2 1
21 9 17 2 1
21 9 18 2 1
21 9 19 2 1
21 9 20 2 1
21 9 21 2 1
21 9 22 2 1
21 9 23 2 1
21 9 24 2 1
21 9 25 4 3
21 9 26 4 3
21 9 27 4 3
21 9 28 4 3
21 9 29 4 3
21 9 30 4 3
21 9 31 4 3
21 9 32 4 3
21 9 33 4 3
21 9 34 4 3
21 9 35 6 3
21 9 36 6 5
21 9 37 6 5
21 9 38 6 5
21 9 39 6 5
21 9 40 6 5
21 9 41 6 5
21 9 42 6 5
21 9 43 6 5
21 9 44 6 5
21 9 45 6 5
21 9 46 8 7
21 9 47 8 7
21 9 48 8 7
21 9 49 8 7
21 9 50 8 7
21 9 51 8 7
21 9 52 8 7
21 9 53 8 7
21 9 54 8 7
21 9 55 8 7
21 9 56 10 9
21 9 57 10 9
21 9 58 10 9
21 9 59 10 9
21 9 60 10 9
21 10 3 0 -1
21 10 4 0 -1
21 10 5 0 -1
21 10 6 0 -1
21 10 7 0 -1
21 10 8 0 -1
21 10 9 0 -1
21 10 10 0 -1
21 10 11 0 -1
21 10 12 2 -1
21 10 13 2 1
21 10 14 2 1
21 10 15 2 1
21 10 16 2 1
21 10 17 2 1
21 10 18 2 1
21 10 19 2 1
21 10 20 2 1
21 10 21 4 3
21 10 22 4 3
21 10 23 4 3
21 10 24 4 3
21 10 25 4 3
21 10 26 4 3
21 10 27 4 3
21 10 28 4 3
21 10 29 6 3
21 10 30 6 5
21 10 31 6 5
21 10 32 6 5
21 10 33 6 5
21 10 34 6 5
21 10 35 6 5
21 10 36 6 5
21 10 37 6 5
21 10 38 8 7
21 10 39 8 7
21 10 40 8 7
21 10 41 8 7
21 10 42 8 7
21 10 43 8 7
21 10 44 8 7
21 10 45 8 7
21 10 46 10 9
21 10 47 10 9
21 10 48 10 9
21 10 49 10 9
21 10 50 10 9
21 10 51 10 9
21 10 52 10 9
21 10 53 10 9
21 10 54 12 9
21 10 55 12 11
21 10 56 12 11
21 10 57 12 11
21 10 58 12 11
21 10 59 12 11
21 10 60 12 11
21 11 3 0 -1
21 11 4 0 -1
21 11 5 0 -1
21 11 6 0 -1
21 11 7 0 -1
21 11 8 0 -1
21 11 9 0 -1
21 11 10 2 1
21 11 11 2 1
21 11 12 2 1
21 11 13 2 1
21 11 14 2 1
21 11 15 2 1
21 11 16 2 1
21 11 17 4 1
21 11 18 4 3
21 11 19 4 3
21 11 20 4 3
21 11 21 4 3
21 11 22 4 3
21 11 23 4 3
21 11 24 6 3
21 11 25 6 5
21 11 26 6 5
21 11 27 6 5
21 11 28 6 5
21 11 29 6 5
21 11 30 6 5
21 11 31 8 5
21 11 32 8 7
21 11 33 8 7
21 11 34 8 7
21 11 35 8 7
21 11 36 8 7
21 11 37 8 7
21 11 38 10 7
21 11 39 10 9
21 11 40 10 9
21 11 41 10 9
21 11 42 10 9
21 11 43 10 9
21 11 44 10 9
21 11 45 12 9
21 11 46 12 11
21 11 47 12 11
21 11 48 12 11
21 11 49 12 11
21 11 50 12 11
21 11 51 12 11
21 11 52 14 11
21 11 53 14 13
21 11 54 14 13
21 11 55 14 13
21 11 56 14 13
21 11 57 14 13
21 11 58 14 13
21 11 59 16 13
21 11 60 16 15
21 12 3 0 -1
21 12 4 0 -1
21 12 5 0 -1
21 12 6 0 -1
21 12 7 0 -1
21 12 8 2 -1
21 12 9 2 1
21 12 10 2 1
21 12 11 2 1
21 12 12 2 1
21 12 13 2 1
21 12 14 2 1
21 12 15 4 3
21 12 16 4 3
21 12 17 4 3
21 12 18 4 3
21 12 19 4 3
21 12 20 4 3
21 12 21 6 5
21 12 22 6 5
21 12 23 6 5
21 12 24 6 5
21 12 25 6 5
21 12 26 8 5
21 12 27 8 7
21 12 28 8 7
21 12 29 8 7
21 12 30 8 7
21 12 31 8 7
21 12 32 10 7
21 12 33 10 9
21 12 34 10 9
21 12 35 10 9
21 12 36 10 9
21 12 37 10 9
21 12 38 12 9
21 12 39 12 11
21 12 40 12 11
21 12 41 12 11
21 12 42 12 11
21 12 43 12 11
21 12 44 14 11
21 12 45 14 13
21 12 46 14 13
21 12 47 14 13
21 12 48 14 13
21 12 49 14 13
21 12 50 16 15
21 12 51 16 15
21 12 52 16 15
21 12 53 16 15
21 12 54 16 15
21 12 55 16 15
21 12 56 18 17
21 12 57 18 17
21 12 58 18 17
21 12 59 18 17
21 12 60 18 17
21 13 3 0 -1
21 13 4 0 -1
21 13 5 0 -1
21 13 6 0 -1
21 13 7 2 1
21 13 8 2 1
21 13 9 2 1
21 13 10 2 1
21 13 11 2 1
21 13 12 4 1
21 13 13 4 3
21 13 14 4 3
21 13 15 4 3
21 13 16 4 3
21 13 17 4 3
21 13 18 6 5
21 13 19 6 5
21 13 20 6 5
21 13 21 6 5
21 13 22 6 5
21 13 23 8 7
21 13 24 8 7
21 13 25 8 7
21 13 26 8 7
21 13 27 8 7
21 13 28 10 9
21 13 29 10 9
21 13 30 10 9
21 13 31 10 9
21 13 32 10 9
21 13 33 12 11
21 13 34 12 11
21 13 35 12 11
21 13 36 12 11
21 13 37 12 11
21 13 38 14 13
21 13 39 14 13
21 13 40 14 13
21 13 41 14 13
21 13 42 14 13
21 13 43 16 15
21 13 44 16 15
21 13 45 16 15
21 13 46 16 15
21 13 47 16 15
21 13 48 18 17
21 13 49 18 17
21 13 50 18 17
21 13 51 18 17
21 13 52 18 17
21 13 53 20 19
21 13 54 20 19
21 13 55 20 19
21 13 56 20 19
21 13 57 20 19
21 13 58 22 21
21 13 59 22 21
21 13 60 22 21
21 14 3 0 -1
21 14 4 0 -1
21 14 5 0 -1
21 14 6 2 1
21 14 7 2 1
21 14 8 2 1
21 14 9 2 1
21 14 10 2 1
21 14 11 4 3
21 14 12 4 3
21 14 13 4 3
21 14 14 4 3
21 14 15 6 5
21 14 16 6 5
21 14 17 6 5
21 14 18 6 5
21 14 19 8 5
21 14 20 8 7
21 14 21 8 7
21 14 22 8 7
21 14 23 8 7
21 14 24 10 9
21 14 25 10 9
21 14 26 10 9
21 14 27 10 9
21 14 28 12 11
21 14 29 12 11
21 14 30 12 11
21 14 31 12 11
21 14 32 12 11
21 14 33 14 13
21 14 34 14 13
21 14 35 14 13
21 14 36 14 13
21 14 37 16 15
21 14 38 16 15
21 14 39 16 15
21 14 40 16 15
21 14 41 18 15
21 14 42 18 17
21 14 43 18 17
21 14 44 18 17
21 14 45 18 17
21 14 46 20 19
21 14 47 20 19
21 14 48 20 19
21 14 49 20 19
21 14 50 22 21
21 14 51 22 21
21 14 52 22 21
21 14 53 22 21
21 14 54 24 21
21 14 55 24 23
21 14 56 24 23
21 14 57 24 23
21 14 58 24 23
21 14 59 26 25
21 14 60 26 25
21 15 3 0 -1
21 15 4 0 -1
21 15 5 2 -1
21 15 6 2 1
21 15 7 2 1
21 15 8 2 1
21 15 9 4 3
21 15 10 4 3
21 15 11 4 3
21 15 12 4 3
21 15 13 6 5
21 15 14 6 5
21 15 15 6 5
21 15 16 6 5
21 15 17 8 7
21 15 18 8 7
21 15 19 8 7
21 15 20 8 7
21 15 21 10 9
21 15 22 10 9
21 15 23 10 9
21 15 24 10 9
21 15 25 12 11
21 15 26 12 11
21 15 27 12 11
21 15 28 14 11
21 15 29 14 13
21 15 30 14 13
21 15 31 14 13
21 15 32 16 15
21 15 33 16 15
21 15 34 16 15
21 15 35 16 15
21 15 36 18 17
21 15 37 18 17
21 15 38 18 17
21 15 39 18 17
21 15 40 20 19
21 15 41 20 19
21 15 42 20 19
21 15 43 20 19
21 15 44 22 21
21 15 45 22 21
21 15 46 22 21
21 15 47 24 21
21 15 48 24 23
21 15 49 24 23
21 15 50 24 23
21 15 51 26 25
21 15 52 26 25
21 15 53 26 25
21 15 54 26 25
21 15 55 28 27
21 15 56 28 27
21 15 57 28 27
21 15 58 28 27
21 15 59 30 29
21 15 60 30 29
21 16 3 0 -1
21 16 4 2 1
21 16 5 2 1
21 16 6 2 1
21 16 7 2 1
21 16 8 4 3
21 16 9 4 3
21 16 10 4 3
21 16 11 4 3
21 16 12 6 5
21 16 13 6 5
21 16 14 6 5
21 16 15 8 7
21 16 16 8 7
21 16 17 8 7
21 16 18 10 9
21 16 19 10 9
21 16 20 10 9
21 16 21 10 9
21 16 22 12 11
21 16 23 12 11
21 16 24 12 11
21 16 25 14 13
21 16 26 14 13
21 16 27 14 13
21 16 28 16 15
21 16 29 16 15
21 16 30 16 15
21 16 31 16 15
21 16 32 18 17
21 16 33 18 17
21 16 34 18 17
21 16 35 20 19
21 16 36 20 19
21 16 37 20 19
21 16 38 22 19
21 16 39 22 21
21 16 40 22 21
21 16 41 22 21
21 16 42 24 23
21 16 43 24 23
21 16 44 24 23
21 16 45 26 25
21 16 46 26 25
21 16 47 26 25
21 16 48 28 25
21 16 49 28 27
21 16 50 28 27
21 16 51 28 27
21 16 52 30 29
21 16 53 30 29
21 16 54 30 29
21 16 55 32 31
21 16 56 32 31
21 16 57 32 31
21 16 58 34 31
21 16 59 34 33
21 16 60 34 33
21 17 3 0 -1
21 17 4 2 1
21 17 5 2 1
21 17 6 2 1
21 17 7 4 1
21 17 8 4 3
21 17 9 4 3
21 17 10 6 5
21 17 11 6 5
21 17 12 6 5
21 17 13 8 7
21 17 14 8 7
21 17 15 8 7
21 17 16 10 9
21 17 17 10 9
21 17 18 10 9
21 17 19 12 11
21 17 20 12 11
21 17 21 12 11
21 17 22 14 13
21 17 23 14 13
21 17 24 14 13
21 17 25 16 15
21 17 26 16 15
21 17 27 16 15
21 17 28 18 17
21 17 29 18 17
21 17 30 18 17
21 17 31 20 19
21 17 32 20 19
21 17 33 20 19
21 17 34 22 21
21 17 35 22 21
21 17 36 22 21
21 17 37 24 23
21 17 38 24 23
21 17 39 24 23
21 17 40 26 25
21 17 41 26 25
21 17 42 26 25
21 17 43 28 27
21 17 44 28 27
21 17 45 28 27
21 17 46 30 29
21 17 47 30 29
21 17 48 30 29
21 17 49 32 31
21 17 50 32 31
21 17 51 32 31
21 17 52 34 33
21 17 53 34 33
21 17 54 34 33
21 17 55 36 35
21 17 56 36 35
21 17 57 36 35
21 17 58 38 37
21 17 59 38 37
21 17 60 38 37
21 18 3 0 -1
21 18 4 2 1
21 18 5 2 1
21 18 6 4 3
21 18 7 4 3
21 18 8 4 3
21 18 9 6 3
21 18 10 6 5
21 18 11 6 5
21 18 12 8 7
21 18 13 8 7
21 18 14 10 9
21 18 15 10 9
21 18 16 10 9
21 18 17 12 11
21 18 18 12 11
21 18 19 12 11
21 18 20 14 13
21 18 21 14 13
21 18 22 14 13
21 18 23 16 15
21 18 24 16 15
21 18 25 18 17
21 18 26 18 17
21 18 27 18 17
21 18 28 20 19
21 18 29 20 19
21 18 30 20 19
21 18 31 22 21
21 18 32 22 21
21 18 33 24 23
21 18 34 24 23
21 18 35 24 23
21 18 36 26 25
21 18 37 26 25
21 18 38 26 25
21 18 39 28 27
21 18 40 28 27
21 18 41 30 29
21 18 42 30 29
21 18 43 30 29
21 18 44 32 31
21 18 45 32 31
21 18 46 32 31
21 18 47 34 33
21 18 48 34 33
21 18 49 36 35
21 18 50 36 35
21 18 51 36 35
21 18 52 38 37
21 18 53 38 37
21 18 54 38 37
21 18 55 40 39
21 18 56 40 39
21 18 57 42 41
21 18 58 42 41
21 18 59 42 41
21 18 60 44 43
21 19 3 0 -1
21 19 4 2 1
21 19 5 2 1
21 19 6 4 3
21 19 7 4 3
21 19 8 6 5
21 19 9 6 5
21 19 10 8 7
21 19 11 8 7
21 19 12 8 7
21 19 13 8 7
21 19 14 10 9
21 19 15 10 9
21 19 16 12 11
21 19 17 12 11
21 19 18 14 13
21 19 19 14 13
21 19 20 16 15
21 19 21 16 15
21 19 22 16 15
21 19 23 18 17
21 19 24 18 17
21 19 25 18 17
21 19 26 20 19
21 19 27 20 19
21 19 28 22 21
21 19 29 22 21
21 19 30 24 23
21 19 31 24 23
21 19 32 24 23
21 19 33 26 25
21 19 34 26 25
21 19 35 28 27
21 19 36 28 27
21 19 37 28 27
21 19 38 30 29
21 19 39 30 29
21 19 40 32 31
21 19 41 32 31
21 19 42 34 33
21 19 43 34 33
21 19 44 34 33
21 19 45 36 35
21 19 46 36 35
21 19 47 38 37
21 19 48 38 37
21 19 49 38 37
21 19 50 40 39
21 19 51 40 39
21 19 52 42 41
21 19 53 42 41
21 19 54 44 43
21 19 55 44 43
21 19 56 44 43
21 19 57 46 45
21 19 58 46 45
21 19 59 48 47
21 19 60 48 47
22 2 3 0 -1
22 2 4 0 -1
22 2 5 0 -1
22 2 6 0 -1
22 2 7 0 -1
22 2 8 0 -1
22 2 9 0 -1
22 2 10 0 -1
22 2 11 0 -1
22 2 12 0 -1
22 2 13 0 -1
22 2 14 0 -1
22 2 15 0 -1
22 2 16 0 -1
22 2 17 0 -1
22 2 18 0 -1
22 2 19 0 -1
22 2 20 0 -1
22 2 21 0 -1
22 2 22 0 -1
22 2 23 0 -1
22 2 24 0 -1
22 2 25 0 -1
22 2 26 0 -1
22 2 27 0 -1
22 2 28 0 -1
22 2 29 0 -1
22 2 30 0 -1
22 2 31 0 -1
22 2 32 0 -1
22 2 33 0 -1
22 2 34 0 -1
22 2 35 0 -1
22 2 36 0 -1
22 2 37 0 -1
22 2 38 0 -1
22 2 39 0 -1
22 2 40 0 -1
22 2 41 0 -1
22 2 42 0 -1
22 2 43 0 -1
22 2 44 0 -1
22 2 45 0 -1
22 2 46 0 -1
22 2 47 0 -1
22 2 48 0 -1
22 2 49 0 -1
22 2 50 0 -1
22 2 51 0 -1
22 2 52 0 -1
22 2 53 0 -1
22 2 54 0 -1
22 2 55 0 -1
22 2 56 0 -1
22 2 57 0 -1
22 2 58 0 -1
22 2 59 0 -1
22 2 60 0 -1
22 3 3 0 -1
22 3 4 0 -1
22 3 5 0 -1
22 3 6 0 -1
22 3 7 0 -1
22 3 8 0 -1
22 3 9 0 -1
22 3 10 0 -1
22 3 11 0 -1
22 3 12 0 -1
22 3 13 0 -1
22 3 14 0 -1
22 3 15 0 -1
22 3 16 0 -1
22 3 17 0 -1
22 3 18 0 -1
22 3 19 0 -1
22 3 20 0 -1
22 3 21 0 -1
22 3 22 0 -1
22 3 23 0 -1
22 3 24 0 -1
22 3 25 0 -1
22 3 26 0 -1
22 3 27 0 -1
22 3 28 0 -1
22 3 29 0 -1
22 3 30 0 -1
22 3 31 0 -1
22 3 32 0 -1
22 3 33 0 -1
22 3 34 0 -1
22 3 35 0 -1
22 3 36 0 -1
22 3 37 0 -1
22 3 38 0 -1
22 3 39 0 -1
22 3 40 0 -1
22 3 41 0 -1
22 3 42 0 -1
22 3 43 0 -1
22 3 44 0 -1
22 3 45 0 -1
22 3 46 0 -1
22 3 47 0 -1
22 3 48 0 -1
22 3 49 0 -1
22 3 50 0 -1
22 3 51 0 -1
22 3 52 0 -1
22 3 53 0 -1
22 3 54 0 -1
22 3 55 0 -1
22 3 56 0 -1
22 3 57 0 -1
22 3 58 0 -1
22 3 59 0 -1
22 3 60 0 -1
22 4 3 0 -1
22 4 4 0 -1
22 4 5 0 -1
22 4 6 0 -1
22 4 7 0 -1
22 4 8 0 -1
22 4 9 0 -1
22 4 10 0 -1
22 4 11 0 -1
22 4 12 0 -1
22 4 13 0 -1
22 4 14 0 -1
22 4 15 0 -1
22 4 16 0 -1
22 4 17 0 -1
22 4 18 0 -1
22 4 19 0 -1
22 4 20 0 -1
22 4 21 0 -1
22 4 22 0 -1
22 4 23 0 -1
22 4 24 0 -1
22 4 25 0 -1
22 4 26 0 -1
22 4 27 0 -1
22 4 28 0 -1
22 4 29 0 -1
22 4 30 0 -1
22 4 31 0 -1
22 4 32 0 -1
22 4 33 0 -1
22 4 34 0 -1
22 4 35 0 -1
22 4 36 0 -1
22 4 37 0 -1
22 4 38 0 -1
22 4 39 0 -1
22 4 40 0 -1
22 4 41 0 -1
22 4 42 0 -1
22 4 43 0 -1
22 4 44 0 -1
22 4 45 0 -1
22 4 46 0 -1
22 4 47 0 -1
22 4 48 0 -1
22 4 49 0 -1
22 4 50 0 -1
22 4 51 0 -1
22 4 52 0 -1
22 4 53 2 -1
22 4 54 2 1
22 4 55 2 1
22 4 56 2 1
22 4 57 2 1
22 4 58 2 1
22 4 59 2 1
22 4 60 2 1
22 5 3 0 -1
22 5 4 0 -1
22 5 5 0 -1
22 5 6 0 -1
22 5 7 0 -1
22 5 8 0 -1
22 5 9 0 -1
22 5 10 0 -1
22 5 11 0 -1
22 5 12 0 -1
22 5 13 0 -1
22 5 14 0 -1
22 5 15 0 -1
22 5 16 0 -1
22 5 17 0 -1
22 5 18 0 -1
22 5 19 0 -1
22 5 20 0 -1
22 5 21 0 -1
22 5 22 0 -1
22 5 23 0 -1
22 5 24 0 -1
22 5 25 0 -1
22 5 26 0 -1
22 5 27 0 -1
22 5 28 0 -1
22 5 29 0 -1
22 5 30 0 -1
22 5 31 0 -1
22 5 32 0 -1
22 5 33 0 -1
22 5 34 0 -1
22 5 35 0 -1
22 5 36 0 -1
22 5 37 0 -1
22 5 38 0 -1
22 5 39 2 -1
22 5 40 2 1
22 5 41 2 1
22 5 42 2 1
22 5 43 2 1
22 5 44 2 1
22 5 45 2 1
22 5 46 2 1
22 5 47 2 1
22 5 48 2 1
22 5 49 2 1
22 5 50 2 1
22 5 51 2 1
22 5 52 2 1
22 5 53 2 1
22 5 54 2 1
22 5 55 2 1
22 5 56 2 1
22 5 57 2 1
22 5 58 2 1
22 5 59 2 1
22 5 60 2 1
22 6 3 0 -1
22 6 4 0 -1
22 6 5 0 -1
22 6 6 0 -1
22 6 7 0 -1
22 6 8 0 -1
22 6 9 0 -1
22 6 10 0 -1
22 6 11 0 -1
22 6 12 0 -1
22 6 13 0 -1
22 6 14 0 -1
22 6 15 0 -1
22 6 16 0 -1
22 6 17 0 -1
22 6 18 0 -1
22 6 19 0 -1
22 6 20 0 -1
22 6 21 0 -1
22 6 22 0 -1
22 6 23 0 -1
22 6 24 0 -1
22 6 25 0 -1
22 6 26 0 -1
22 6 27 0 -1
22 6 28 0 -1
22 6 29 0 -1
22 6 30 2 -1
22 6 31 2 1
22 6 32 2 1
22 6 33 2 1
22 6 34 2 1
22 6 35 2 1
22 6 36 2 1
22 6 37 2 1
22 6 38 2 1
22 6 39 2 1
22 6 40 2 1
22 6 41 2 1
22 6 42 2 1
22 6 43 2 1
22 6 44 2 1
22 6 45 2 1
22 6 46 2 1
22 6 47 2 1
22 6 48 2 1
22 6 49 2 1
22 6 50 2 1
22 6 51 2 1
22 6 52 4 1
22 6 53 4 3
22 6 54 4 3
22 6 55 4 3
22 6 56 4 3
22 6 57 4 3
22 6 58 4 3
22 6 59 4 3
22 6 60 4 3
22 7 3 0 -1
22 7 4 0 -1
22 7 5 0 -1
22 7 6 0 -1
22 7 7 0 -1
22 7 8 0 -1
22 7 9 0 -1
22 7 10 0 -1
22 7 11 0 -1
22 7 12 0 -1
22 7 13 0 -1
22 7 14 0 -1
22 7 15 0 -1
22 7 16 0 -1
22 7 17 0 -1
22 7 18 0 -1
22 7 19 0 -1
22 7 20 0 -1
22 7 21 0 -1
22 7 22 0 -1
22 7 23 0 -1
22 7 24 2 -1
22 7 25 2 1
22 7 26 2 1
22 7 27 2 1
22 7 28 2 1
22 7 29 2 1
22 7 30 2 1
22 7 31 2 1
22 7 32 2 1
22 7 33 2 1
22 7 34 2 1
22 7 35 2 1
22 7 36 2 1
22 7 37 2 1
22 7 38 2 1
22 7 39 2 1
22 7 40 2 1
22 7 41 4 1
22 7 42 4 3
22 7 43 4 3
22 7 44 4 3
22 7 45 4 3
22 7 46 4 3
22 7 47 4 3
22 7 48 4 3
22 7 49 4 3
22 7 50 4 3
22 7 51 4 3
22 7 52 4 3
22 7 53 4 3
22 7 54 4 3
22 7 55 4 3
22 7 56 4 3
22 7 57 4 3
22 7 58 6 3
22 7 59 6 5
22 7 60 6 5
22 8 3 0 -1
22 8 4 0 -1
22 8 5 0 -1
22 8 6 0 -1
22 8 7 0 -1
22 8 8 0 -1
22 8 9 0 -1
22 8 10 0 -1
22 8 11 0 -1
22 8 12 0 -1
22 8 13 0 -1
22 8 14 0 -1
22 8 15 0 -1
22 8 16 0 -1
22 8 17 0 -1
22 8 18 0 -1
22 8 19 2 -1
22 8 20 2 1
22 8 21 2 1
22 8 22 2 1
22 8 23 2 1
22 8 24 2 1
22 8 25 2 1
22 8 26 2 1
22 8 27 2 1
22 8 28 2 1
22 8 29 2 1
22 8 30 2 1
22 8 31 2 1
22 8 32 2 1
22 8 33 4 1
22 8 34 4 3
22 8 35 4 3
22 8 36 4 3
22 8 37 4 3
22 8 38 4 3
22 8 39 4 3
22 8 40 4 3
22 8 41 4 3
22 8 42 4 3
22 8 43 4 3
22 8 44 4 3
22 8 45 4 3
22 8 46 4 3
22 8 47 6 5
22 8 48 6 5
22 8 49 6 5
22 8 50 6 5
22 8 51 6 5
22 8 52 6 5
22 8 53 6 5
22 8 54 6 5
22 8 55 6 5
22 8 56 6 5
22 8 57 6 5
22 8 58 6 5
22 8 59 6 5
22 8 60 6 5
22 9 3 0 -1
22 9 4 0 -1
22 9 5 0 -1
22 9 6 0 -1
22 9 7 0 -1
22 9 8 0 -1
22 9 9 0 -1
22 9 10 0 -1
22 9 11 0 -1
22 9 12 0 -1
22 9 13 0 -1
22 9 14 0 -1
22 9 15 0 -1
22 9 16 2 1
22 9 17 2 1
22 9 18 2 1
22 9 19 2 1
22 9 20 2 1
22 9 21 2 1
22 9 22 2 1
22 9 23 2 1
22 9 24 2 1
22 9 25 2 1
22 9 26 2 1
22 9 27 4 1
22 9 28 4 3
22 9 29 4 3
22 9 30 4 3
22 9 31 4 3
22 9 32 4 3
22 9 33 4 3
22 9 34 4 3
22 9 35 4 3
22 9 36 4 3
22 9 37 4 3
22 9 38 6 3
22 9 39 6 5
22 9 40 6 5
22 9 41 6 5
22 9 42 6 5
22 9 43 6 5
22 9 44 6 5
22 9 45 6 5
22 9 46 6 5
22 9 47 6 5
22 9 48 6 5
22 9 49 8 5
22 9 50 8 7
22 9 51 8 7
22 9 52 8 7
22 9 53 8 7
22 9 54 8 7
22 9 55 8 7
22 9 56 8 7
22 9 57 8 7
22 9 58 8 7
22 9 59 8 7
22 9 60 8 7
22 10 3 0 -1
22 10 4 0 -1
22 10 5 0 -1
22 10 6 0 -1
22 10 7 0 -1
22 10 8 0 -1
22 10 9 0 -1
22 10 10 0 -1
22 10 11 0 -1
22 10 12 0 -1
22 10 13 2 -1
22 10 14 2 1
22 10 15 2 1
22 10 16 2 1
22 10 17 2 1
22 10 18 2 1
22 10 19 2 1
22 10 20 2 1
22 10 21 2 1
22 10 22 4 1
22 10 23 4 3
22 10 24 4 3
22 10 25 4 3
22 10 26 4 3
22 10 27 4 3
22 10 28 4 3
22 10 29 4 3
22 10 30 4 3
22 10 31 4 3
22 10 32 6 5
22 10 33 6 5
22 10 34 6 5
22 10 35 6 5
22 10 36 6 5
22 10 37 6 5
22 10 38 6 5
22 10 39 6 5
22 10 40 6 5
22 10 41 8 7
22 10 42 8 7
22 10 43 8 7
22 10 44 8 7
22 10 45 8 7
22 10 46 8 7
22 10 47 8 7
22 10 48 8 7
22 10 49 8 7
22 10 50 10 7
22 10 51 10 9
22 10 52 10 9
22 10 53 10 9
22 10 54 10 9
22 10 55 10 9
22 10 56 10 9
22 10 57 10 9
22 10 58 10 9
22 10 59 12 9
22 10 60 12 11
22 11 3 0 -1
22 11 4 0 -1
22 11 5 0 -1
22 11 6 0 -1
22 11 7 0 -1
22 11 8 0 -1
22 11 9 0 -1
22 11 10 0 -1
22 11 11 2 1
22 11 12 2 1
22 11 13 2 1
22 11 14 2 1
22 11 15 2 1
22 11 16 2 1
22 11 17 2 1
22 11 18 2 1
22 11 19 4 3
22 11 20 4 3
22 11 21 4 3
22 11 22 4 3
22 11 23 4 3
22 11 24 4 3
22 11 25 4 3
22 11 26 4 3
22 11 27 6 5
22 11 28 6 5
22 11 29 6 5
22 11 30 6 5
22 11 31 6 5
22 11 32 6 5
22 11 33 6 5
22 11 34 8 5
22 11 35 8 7
22 11 36 8 7
22 11 37 8 7
22 11 38 8 7
22 11 39 8 7
22 11 40 8 7
22 11 41 8 7
22 11 42 10 9
22 11 43 10 9
22 11 44 10 9
22 11 45 10 9
22 11 46 10 9
22 11 47 10 9
22 11 48 10 9
22 11 49 10 9
22 11 50 12 11
22 11 51 12 11
22 11 52 12 11
22 11 53 12 11
22 11 54 12 11
22 11 55 12 11
22 11 56 12 11
22 11 57 14 11
22 11 58 14 13
22 11 59 14 13
22 11 60 14 13
22 12 3 0 -1
22 12 4 0 -1
22 12 5 0 -1
22 12 6 0 -1
22 12 7 0 -1
22 12 8 0 -1
22 12 9 2 -1
22 12 10 2 1
22 12 11 2 1
22 12 12 2 1
22 12 13 2 1
22 12 14 2 1
22 12 15 2 1
22 12 16 4 3
22 12 17 4 3
22 12 18 4 3
22 12 19 4 3
22 12 20 4 3
22 12 21 4 3
22 12 22 6 3
22 12 23 6 5
22 12 24 6 5
22 12 25 6 5
22 12 26 6 5
22 12 27 6 5
22 12 28 6 5
22 12 29 8 7
22 12 30 8 7
22 12 31 8 7
22 12 32 8 7
22 12 33 8 7
22 12 34 8 7
22 12 35 10 7
22 12 36 10 9
22 12 37 10 9
22 12 38 10 9
22 12 39 10 9
22 12 40 10 9
22 12 41 10 9
22 12 42 12 11
22 12 43 12 11
22 12 44 12 11
22 12 45 12 11
22 12 46 12 11
22 12 47 12 11
22 12 48 14 11
22 12 49 14 13
22 12 50 14 13
22 12 51 14 13
22 12 52 14 13
22 12 53 14 13
22 12 54 14 13
22 12 55 16 15
22 12 56 16 15
22 12 57 16 15
22 12 58 16 15
22 12 59 16 15
22 12 60 16 15
22 13 3 0 -1
22 13 4 0 -1
22 13 5 0 -1
22 13 6 0 -1
22 13 7 0 -1
22 13 8 2 1
22 13 9 2 1
22 13 10 2 1
22 13 11 2 1
22 13 12 2 1
22 13 13 2 1
22 13 14 4 3
22 13 15 4 3
22 13 16 4 3
22 13 17 4 3
22 13 18 4 3
22 13 19 6 5
22 13 20 6 5
22 13 21 6 5
22 13 22 6 5
22 13 23 6 5
22 13 24 6 5
22 13 25 8 7
22 13 26 8 7
22 13 27 8 7
22 13 28 8 7
22 13 29 8 7
22 13 30 10 7
22 13 31 10 9
22 13 32 10 9
22 13 33 10 9
22 13 34 10 9
22 13 35 10 9
22 13 36 12 11
22 13 37 12 11
22 13 38 12 11
22 13 39 12 11
22 13 40 12 11
22 13 41 14 11
22 13 42 14 13
22 13 43 14 13
22 13 44 14 13
22 13 45 14 13
22 13 46 14 13
22 13 47 16 15
22 13 48 16 15
22 13 49 16 15
22 13 50 16 15
22 13 51 16 15
22 13 52 18 15
22 13 53 18 17
22 13 54 18 17
22 13 55 18 17
22 13 56 18 17
22 13 57 18 17
22 13 58 20 19
22 13 59 20 19
22 13 60 20 19
22 14 3 0 -1
22 14 4 0 -1
22 14 5 0 -1
22 14 6 0 -1
22 14 7 2 1
22 14 8 2 1
22 14 9 2 1
22 14 10 2 1
22 14 11 2 1
22 14 12 4 3
22 14 13 4 3
22 14 14 4 3
22 14 15 4 3
22 14 16 4 3
22 14 17 6 5
22 14 18 6 5
22 14 19 6 5
22 14 20 6 5
22 14 21 8 5
22 14 22 8 7
22 14 23 8 7
22 14 24 8 7
22 14 25 8 7
22 14 26 10 9
22 14 27 10 9
22 14 28 10 9
22 14 29 10 9
22 14 30 10 9
22 14 31 12 11
22 14 32 12 11
22 14 33 12 11
22 14 34 12 11
22 14 35 12 11
22 14 36 14 13
22 14 37 14 13
22 14 38 14 13
22 14 39 14 13
22 14 40 14 13
22 14 41 16 15
22 14 42 16 15
22 14 43 16 15
22 14 44 16 15
22 14 45 18 15
22 14 46 18 17
22 14 47 18 17
22 14 48 18 17
22 14 49 18 17
22 14 50 20 19
22 14 51 20 19
22 14 52 20 19
22 14 53 20 19
22 14 54 20 19
22 14 55 22 21
22 14 56 22 21
22 14 57 22 21
22 14 58 22 21
22 14 59 22 21
22 14 60 24 23
22 15 3 0 -1
22 15 4 0 -1
22 15 5 0 -1
22 15 6 2 1
22 15 7 2 1
22 15 8 2 1
22 15 9 2 1
22 15 10 4 3
22 15 11 4 3
22 15 12 4 3
22 15 13 4 3
22 15 14 6 3
22 15 15 6 5
22 15 16 6 5
22 15 17 6 5
22 15 18 6 5
22 15 19 8 7
22 15 20 8 7
22 15 21 8 7
22 15 22 8 7
22 15 23 10 9
22 15 24 10 9
22 15 25 10 9
22 15 26 10 9
22 15 27 12 11
22 15 28 12 11
22 15 29 12 11
22 15 30 12 11
22 15 31 14 13
22 15 32 14 13
22 15 33 14 13
22 15 34 14 13
22 15 35 16 13
22 15 36 16 15
22 15 37 16 15
22 15 38 16 15
22 15 39 16 15
22 15 40 18 17
22 15 41 18 17
22 15 42 18 17
22 15 43 18 17
22 15 44 20 19
22 15 45 20 19
22 15 46 20 19
22 15 47 20 19
22 15 48 22 21
22 15 49 22 21
22 15 50 22 21
22 15 51 22 21
22 15 52 24 23
22 15 53 24 23
22 15 54 24 23
22 15 55 24 23
22 15 56 26 25
22 15 57 26 25
22 15 58 26 25
22 15 59 26 25
22 15 60 28 27
22 16 3 0 -1
22 16 4 0 -1
22 16 5 2 1
22 16 6 2 1
22 16 7 2 1
22 16 8 2 1
22 16 9 4 3
22 16 10 4 3
22 16 11 4 3
22 16 12 4 3
22 16 13 6 5
22 16 14 6 5
22 16 15 6 5
22 16 16 8 7
22 16 17 8 7
22 16 18 8 7
22 16 19 8 7
22 16 20 10 9
22 16 21 10 9
22 16 22 10 9
22 16 23 10 9
22 16 24 12 11
22 16 25 12 11
22 16 26 12 11
22 16 27 14 11
22 16 28 14 13
22 16 29 14 13
22 16 30 14 13
22 16 31 16 15
22 16 32 16 15
22 16 33 16 15
22 16 34 16 15
22 16 35 18 17
22 16 36 18 17
22 16 37 18 17
22 16 38 20 17
22 16 39 20 19
22 16 40 20 19
22 16 41 20 19
22 16 42 22 21
22 16 43 22 21
22 16 44 22 21
22 16 45 22 21
22 16 46 24 23
22 16 47 24 23
22 16 48 24 23
22 16 49 26 23
22 16 50 26 25
22 16 51 26 25
22 16 52 26 25
22 16 53 28 27
22 16 54 28 27
22 16 55 28 27
22 16 56 28 27
22 16 57 30 29
22 16 58 30 29
22 16 59 30 29
22 16 60 32 29
22 17 3 0 -1
22 17 4 2 1
22 17 5 2 1
22 17 6 2 1
22 17 7 2 1
22 17 8 4 3
22 17 9 4 3
22 17 10 4 3
22 17 11 6 5
22 17 12 6 5
22 17 13 6 5
22 17 14 6 5
22 17 15 8 7
22 17 16 8 7
22 17 17 8 7
22 17 18 10 9
22 17 19 10 9
22 17 20 10 9
22 17 21 12 11
22 17 22 12 11
22 17 23 12 11
22 17 24 14 13
22 17 25 14 13
22 17 26 14 13
22 17 27 14 13
22 17 28 16 15
22 17 29 16 15
22 17 30 16 15
22 17 31 18 17
22 17 32 18 17
22 17 33 18 17
22 17 34 20 19
22 17 35 20 19
22 17 36 20 19
22 17 37 22 21
22 17 38 22 21
22 17 39 22 21
22 17 40 22 21
22 17 41 24 23
22 17 42 24 23
22 17 43 24 23
22 17 44 26 25
22 17 45 26 25
22 17 46 26 25
22 17 47 28 27
22 17 48 28 27
22 17 49 28 27
22 17 50 30 29
22 17 51 30 29
22 17 52 30 29
22 17 53 30 29
22 17 54 32 31
22 17 55 32 31
22 17 56 32 31
22 17 57 34 33
22 17 58 34 33
22 17 59 34 33
22 17 60 36 35
22 18 3 0 -1
22 18 4 2 1
22 18 5 2 1
22 18 6 2 1
22 18 7 4 3
22 18 8 4 3
22 18 9 4 3
22 18 10 6 5
22 18 11 6 5
22 18 12 6 5
22 18 13 8 7
22 18 14 8 7
22 18 15 8 7
22 18 16 10 9
22 18 17 10 9
22 18 18 10 9
22 18 19 12 11
22 18 20 12 11
22 18 21 12 11
22 18 22 14 13
22 18 23 14 13
22 18 24 14 13
22 18 25 16 15
22 18 26 16 15
22 18 27 16 15
22 18 28 18 17
22 18 29 18 17
22 18 30 18 17
22 18 31 20 19
22 18 32 20 19
22 18 33 22 19
22 18 34 22 21
22 18 35 22 21
22 18 36 24 23
22 18 37 24 23
22 18 38 24 23
22 18 39 26 25
22 18 40 26 25
22 18 41 26 25
22 18 42 28 27
22 18 43 28 27
22 18 44 28 27
22 18 45 30 29
22 18 46 30 29
22 18 47 30 29
22 18 48 32 31
22 18 49 32 31
22 18 50 32 31
22 18 51 34 33
22 18 52 34 33
22 18 53 34 33
22 18 54 36 35
22 18 55 36 35
22 18 56 36 35
22 18 57 38 37
22 18 58 38 37
22 18 59 38 37
22 18 60 40 39
22 19 3 0 -1
22 19 4 2 1
22 19 5 2 1
22 19 6 4 3
22 19 7 4 3
22 19 8 4 3
22 19 9 6 5
22 19 10 6 5
22 19 11 6 5
22 19 12 8 7
22 19 13 8 7
22 19 14 10 9
22 19 15 10 9
22 19 16 10 9
22 19 17 12 11
22 19 18 12 11
22 19 19 12 11
22 19 20 14 13
22 19 21 14 13
22 19 22 16 15
22 19 23 16 15
22 19 24 16 15
22 19 25 18 17
22 19 26 18 17
22 19 27 18 17
22 19 28 20 19
22 19 29 20 19
22 19 30 22 21
22 19 31 22 21
22 19 32 22 21
22 19 33 24 23
22 19 34 24 23
22 19 35 24 23
22 19 36 26 25
22 19 37 26 25
22 19 38 28 27
22 19 39 28 27
22 19 40 28 27
22 19 41 30 29
22 19 42 30 29
22 19 43 32 31
22 19 44 32 31
22 19 45 32 31
22 19 46 34 33
22 19 47 34 33
22 19 48 34 33
22 19 49 36 35
22 19 50 36 35
22 19 51 38 37
22 19 52 38 37
22 19 53 38 37
22 19 54 40 39
22 19 55 40 39
22 19 56 40 39
22 19 57 42 41
22 19 58 42 41
22 19 59 44 43
22 19 60 44 43
22 20 3 0 -1
22 20 4 2 1
22 20 5 2 1
22 20 6 4 3
22 20 7 4 3
22 20 8 6 5
22 20 9 6 5
22 20 10 8 7
22 20 11 8 7
22 20 12 8 7
22 20 13 10 9
22 20 14 10 9
22 20 15 10 9
22 20 16 12 11
22 20 17 12 11
22 20 18 14 13
22 20 19 14 13
22 20 20 16 15
22 20 21 16 15
22 20 22 18 17
22 20 23 18 17
22 20 24 18 17
22 20 25 20 19
22 20 26 20 19
22 20 27 20 19
22 20 28 22 21
22 20 29 22 21
22 20 30 24 23
22 20 31 24 23
22 20 32 26 25
22 20 33 26 25
22 20 34 26 25
22 20 35 28 27
22 20 36 28 27
22 20 37 30 29
22 20 38 30 29
22 20 39 30 29
22 20 40 32 31
22 20 41 32 31
22 20 42 34 33
22 20 43 34 33
22 20 44 36 35
22 20 45 36 35
22 20 46 36 35
22 20 47 38 37
22 20 48 38 37
22 20 49 40 39
22 20 50 40 39
22 20 51 40 39
22 20 52 42 41
22 20 53 42 41
22 20 54 44 43
22 20 55 44 43
22 20 56 46 45
22 20 57 46 45
22 20 58 46 45
22 20 59 48 47
22 20 60 48 47
23 2 3 0 -1
23 2 4 0 -1
23 2 5 0 -1
23 2 6 0 -1
23 2 7 0 -1
23 2 8 0 -1
23 2 9 0 -1
23 2 10 0 -1
23 2 11 0 -1
23 2 12 0 -1
23 2 13 0 -1
23 2 14 0 -1
23 2 15 0 -1
23 2 16 0 -1
23 2 17 0 -1
23 2 18 0 -1
23 2 19 0 -1
23 2 20 0 -1
23 2 21 0 -1
23 2 22 0 -1
23 2 23 0 -1
23 2 24 0 -1
23 2 25 0 -1
23 2 26 0 -1
23 2 27 0 -1
23 2 28 0 -1
23 2 29 0 -1
23 2 30 0 -1
23 2 31 0 -1
23 2 32 0 -1
23 2 33 0 -1
23 2 34 0 -1
23 2 35 0 -1
23 2 36 0 -1
23 2 37 0 -1
23 2 38 0 -1
23 2 39 0 -1
23 2 40 0 -1
23 2 41 0 -1
23 2 42 0 -1
23 2 43 0 -1
23 2 44 0 -1
23 2 45 0 -1
23 2 46 0 -1
23 2 47 0 -1
23 2 48 0 -1
23 2 49 0 -1
23 2 50 0 -1
23 2 51 0 -1
23 2 52 0 -1
23 2 53 0 -1
23 2 54 0 -1
23 2 55 0 -1
23 2 56 0 -1
23 2 57 0 -1
23 2 58 0 -1
23 2 59 0 -1
23 2 60 0 -1
23 3 3 0 -1
23 3 4 0 -1
23 3 5 0 -1
23 3 6 0 -1
23 3 7 0 -1
23 3 8 0 -1
23 3 9 0 -1
23 3 10 0 -1
23 3 11 0 -1
23 3 12 0 -1
23 3 13 0 -1
23 3 14 0 -1
23 3 15 0 -1
23 3 16 0 -1
23 3 17 0 -1
23 3 18 0 -1
23 3 19 0 -1
23 3 20 0 -1
23 3 21 0 -1
23 3 22 0 -1
23 3 23 0 -1
23 3 24 0 -1
23 3 25 0 -1
23 3 26 0 -1
23 3 27 0 -1
23 3 28 0 -1
23 3 29 0 -1
23 3 30 0 -1
23 3 31 0 -1
23 3 32 0 -1
23 3 33 0 -1
23 3 34 0 -1
23 3 35 0 -1
23 3 36 0 -1
23 3 37 0 -1
23 3 38 0 -1
23 3 39 0 -1
23 3 40 0 -1
23 3 41 0 -1
23 3 42 0 -1
23 3 43 0 -1
23 3 44 0 -1
23 3 45 0 -1
23 3 46 0 -1
23 3 47 0 -1
23 3 48 0 -1
23 3 49 0 -1
23 3 50 0 -1
23 3 51 0 -1
23 3 52 0 -1
23 3 53 0 -1
23 3 54 0 -1
23 3 55 0 -1
23 3 56 0 -1
23 3 57 0 -1
23 3 58 0 -1
23 3 59 0 -1
23 3 60 0 -1
23 4 3 0 -1
23 4 4 0 -1
23 4 5 0 -1
23 4 6 0 -1
23 4 7 0 -1
23 4 8 0 -1
23 4 9 0 -1
23 4 10 0 -1
23 4 11 0 -1
23 4 12 0 -1
23 4 13 0 -1
23 4 14 0 -1
23 4 15 0 -1
23 4 16 0 -1
23 4 17 0 -1
23 4 18 0 -1
23 4 19 0 -1
23 4 20 0 -1
23 4 21 0 -1
23 4 22 0 -1
23 4 23 0 -1
23 4 24 0 -1
23 4 25 0 -1
23 4 26 0 -1
23 4 27 0 -1
23 4 28 0 -1
23 4 29 0 -1
23 4 30 0 -1
23 4 31 0 -1
23 4 32 0 -1
23 4 33 0 -1
23 4 34 0 -1
23 4 35 0 -1
23 4 36 0 -1
23 4 37 0 -1
23 4 38 0 -1
23 4 39 0 -1
23 4 40 0 -1
23 4 41 0 -1
23 4 42 0 -1
23 4 43 0 -1
23 4 44 0 -1
23 4 45 0 -1
23 4 46 0 -1
23 4 47 0 -1
23 4 48 0 -1
23 4 49 0 -1
23 4 50 0 -1
23 4 51 0 -1
23 4 52 0 -1
23 4 53 0 -1
23 4 54 0 -1
23 4 55 0 -1
23 4 56 2 -1
23 4 57 2 1
23 4 58 2 1
23 4 59 2 1
23 4 60 2 1
23 5 3 0 -1
23 5 4 0 -1
23 5 5 0 -1
23 5 6 0 -1
23 5 7 0 -1
23 5 8 0 -1
23 5 9 0 -1
23 5 10 0 -1
23 5 11 0 -1
23 5 12 0 -1
23 5 13 0 -1
23 5 14 0 -1
23 5 15 0 -1
23 5 16 0 -1
23 5 17 0 -1
23 5 18 0 -1
23 5 19 0 -1
23 5 20 0 -1
23 5 21 0 -1
23 5 22 0 -1
23 5 23 0 -1
23 5 24 0 -1
23 5 25 0 -1
23 5 26 0 -1
23 5 27 0 -1
23 5 28 0 -1
23 5 29 0 -1
23 5 30 0 -1
23 5 31 0 -1
23 5 32 0 -1
23 5 33 0 -1
23 5 34 0 -1
23 5 35 0 -1
23 5 36 0 -1
23 5 37 0 -1
23 5 38 0 -1
23 5 39 0 -1
23 5 40 0 -1
23 5 41 2 -1
23 5 42 2 1
23 5 43 2 1
23 5 44 2 1
23 5 45 2 1
23 5 46 2 1
23 5 47 2 1
23 5 48 2 1
23 5 49 2 1
23 5 50 2 1
23 5 51 2 1
23 5 52 2 1
23 5 53 2 1
23 5 54 2 1
23 5 55 2 1
23 5 56 2 1
23 5 57 2 1
23 5 58 2 1
23 5 59 2 1
23 5 60 2 1
23 6 3 0 -1
23 6 4 0 -1
23 6 5 0 -1
23 6 6 0 -1
23 6 7 0 -1
23 6 8 0 -1
23 6 9 0 -1
23 6 10 0 -1
23 6 11 0 -1
23 6 12 0 -1
23 6 13 0 -1
23 6 14 0 -1
23 6 15 0 -1
23 6 16 0 -1
23 6 17 0 -1
23 6 18 0 -1
23 6 19 0 -1
23 6 20 0 -1
23 6 21 0 -1
23 6 22 0 -1
23 6 23 0 -1
23 6 24 0 -1
23 6 25 0 -1
23 6 26 0 -1
23 6 27 0 -1
23 6 28 0 -1
23 6 29 0 -1
23 6 30 0 -1
23 6 31 0 -1
23 6 32 2 -1
23 6 33 2 1
23 6 34 2 1
23 6 35 2 1
23 6 36 2 1
23 6 37 2 1
23 6 38 2 1
23 6 39 2 1
23 6 40 2 1
23 6 41 2 1
23 6 42 2 1
23 6 43 2 1
23 6 44 2 1
23 6 45 2 1
23 6 46 2 1
23 6 47 2 1
23 6 48 2 1
23 6 49 2 1
23 6 50 2 1
23 6 51 2 1
23 6 52 2 1
23 6 53 2 1
23 6 54 2 1
23 6 55 4 1
23 6 56 4 3
23 6 57 4 3
23 6 58 4 3
23 6 59 4 3
23 6 60 4 3
23 7 3 0 -1
23 7 4 0 -1
23 7 5 0 -1
23 7 6 0 -1
23 7 7 0 -1
23 7 8 0 -1
23 7 9 0 -1
23 7 10 0 -1
23 7 11 0 -1
23 7 12 0 -1
23 7 13 0 -1
23 7 14 0 -1
23 7 15 0 -1
23 7 16 0 -1
23 7 17 0 -1
23 7 18 0 -1
23 7 19 0 -1
23 7 20 0 -1
23 7 21 0 -1
23 7 22 0 -1
23 7 23 0 -1
23 7 24 0 -1
23 7 25 0 -1
23 7 26 2 1
23 7 27 2 1
23 7 28 2 1
23 7 29 2 1
23 7 30 2 1
23 7 31 2 1
23 7 32 2 1
23 7 33 2 1
23 7 34 2 1
23 7 35 2 1
23 7 36 2 1
23 7 37 2 1
23 7 38 2 1
23 7 39 2 1
23 7 40 2 1
23 7 41 2 1
23 7 42 2 1
23 7 43 2 1
23 7 44 4 1
23 7 45 4 3
23 7 46 4 3
23 7 47 4 3
23 7 48 4 3
23 7 49 4 3
23 7 50 4 3
23 7 51 4 3
23 7 52 4 3
23 7 53 4 3
23 7 54 4 3
23 7 55 4 3
23 7 56 4 3
23 7 57 4 3
23 7 58 4 3
23 7 59 4 3
23 7 60 4 3
23 8 3 0 -1
23 8 4 0 -1
23 8 5 0 -1
23 8 6 0 -1
23 8 7 0 -1
23 8 8 0 -1
23 8 9 0 -1
23 8 10 0 -1
23 8 11 0 -1
23 8 12 0 -1
23 8 13 0 -1
23 8 14 0 -1
23 8 15 0 -1
23 8 16 0 -1
23 8 17 0 -1
23 8 18 0 -1
23 8 19 0 -1
23 8 20 0 -1
23 8 21 2 1
23 8 22 2 1
23 8 23 2 1
23 8 24 2 1
23 8 25 2 1
23 8 26 2 1
23 8 27 2 1
23 8 28 2 1
23 8 29 2 1
23 8 30 2 1
23 8 31 2 1
23 8 32 2 1
23 8 33 2 1
23 8 34 2 1
23 8 35 2 1
23 8 36 4 3
23 8 37 4 3
23 8 38 4 3
23 8 39 4 3
23 8 40 4 3
23 8 41 4 3
23 8 42 4 3
23 8 43 4 3
23 8 44 4 3
23 8 45 4 3
23 8 46 4 3
23 8 47 4 3
23 8 48 4 3
23 8 49 4 3
23 8 50 6 3
23 8 51 6 5
23 8 52 6 5
23 8 53 6 5
23 8 54 6 5
23 8 55 6 5
23 8 56 6 5
23 8 57 6 5
23 8 58 6 5
23 8 59 6 5
23 8 60 6 5
23 9 3 0 -1
23 9 4 0 -1
23 9 5 0 -1
23 9 6 0 -1
23 9 7 0 -1
23 9 8 0 -1
23 9 9 0 -1
23 9 10 0 -1
23 9 11 0 -1
23 9 12 0 -1
23 9 13 0 -1
23 9 14 0 -1
23 9 15 0 -1
23 9 16 0 -1
23 9 17 2 -1
23 9 18 2 1
23 9 19 2 1
23 9 20 2 1
23 9 21 2 1
23 9 22 2 1
23 9 23 2 1
23 9 24 2 1
23 9 25 2 1
23 9 26 2 1
23 9 27 2 1
23 9 28 2 1
23 9 29 4 1
23 9 30 4 3
23 9 31 4 3
23 9 32 4 3
23 9 33 4 3
23 9 34 4 3
23 9 35 4 3
23 9 36 4 3
23 9 37 4 3
23 9 38 4 3
23 9 39 4 3
23 9 40 4 3
23 9 41 6 3
23 9 42 6 5
23 9 43 6 5
23 9 44 6 5
23 9 45 6 5
23 9 46 6 5
23 9 47 6 5
23 9 48 6 5
23 9 49 6 5
23 9 50 6 5
23 9 51 6 5
23 9 52 6 5
23 9 53 8 5
23 9 54 8 7
23 9 55 8 7
23 9 56 8 7
23 9 57 8 7
23 9 58 8 7
23 9 59 8 7
23 9 60 8 7
23 10 3 0 -1
23 10 4 0 -1
23 10 5 0 -1
23 10 6 0 -1
23 10 7 0 -1
23 10 8 0 -1
23 10 9 0 -1
23 10 10 0 -1
23 10 11 0 -1
23 10 12 0 -1
23 10 13 0 -1
23 10 14 2 -1
23 10 15 2 1
23 10 16 2 1
23 10 17 2 1
23 10 18 2 1
23 10 19 2 1
23 10 20 2 1
23 10 21 2 1
23 10 22 2 1
23 10 23 2 1
23 10 24 4 1
23 10 25 4 3
23 10 26 4 3
23 10 27 4 3
23 10 28 4 3
23 10 29 4 3
23 10 30 4 3
23 10 31 4 3
23 10 32 4 3
23 10 33 4 3
23 10 34 6 3
23 10 35 6 5
23 10 36 6 5
23 10 37 6 5
23 10 38 6 5
23 10 39 6 5
23 10 40 6 5
23 10 41 6 5
23 10 42 6 5
23 10 43 6 5
23 10 44 8 5
23 10 45 8 7
23 10 46 8 7
23 10 47 8 7
23 10 48 8 7
23 10 49 8 7
23 10 50 8 7
23 10 51 8 7
23 10 52 8 7
23 10 53 8 7
23 10 54 10 7
23 10 55 10 9
23 10 56 10 9
23 10 57 10 9
23 10 58 10 9
23 10 59 10 9
23 10 60 10 9
23 11 3 0 -1
23 11 4 0 -1
23 11 5 0 -1
23 11 6 0 -1
23 11 7 0 -1
23 11 8 0 -1
23 11 9 0 -1
23 11 10 0 -1
23 11 11 0 -1
23 11 12 2 1
23 11 13 2 1
23 11 14 2 1
23 11 15 2 1
23 11 16 2 1
23 11 17 2 1
23 11 18 2 1
23 11 19 2 1
23 11 20 4 1
23 11 21 4 3
23 11 22 4 3
23 11 23 4 3
23 11 24 4 3
23 11 25 4 3
23 11 26 4 3
23 11 27 4 3
23 11 28 4 3
23 11 29 6 5
23 11 30 6 5
23 11 31 6 5
23 11 32 6 5
23 11 33 6 5
23 11 34 6 5
23 11 35 6 5
23 11 36 6 5
23 11 37 8 5
23 11 38 8 7
23 11 39 8 7
23 11 40 8 7
23 11 41 8 7
23 11 42 8 7
23 11 43 8 7
23 11 44 8 7
23 11 45 8 7
23 11 46 10 9
23 11 47 10 9
23 11 48 10 9
23 11 49 10 9
23 11 50 10 9
23 11 51 10 9
23 11 52 10 9
23 11 53 10 9
23 11 54 12 11
23 11 55 12 11
23 11 56 12 11
23 11 57 12 11
23 11 58 12 11
23 11 59 12 11
23 11 60 12 11
23 12 3 0 -1
23 12 4 0 -1
23 12 5 0 -1
23 12 6 0 -1
23 12 7 0 -1
23 12 8 0 -1
23 12 9 0 -1
23 12 10 2 -1
23 12 11 2 1
23 12 12 2 1
23 12 13 2 1
23 12 14 2 1
23 12 15 2 1
23 12 16 2 1
23 12 17 4 1
23 12 18 4 3
23 12 19 4 3
23 12 20 4 3
23 12 21 4 3
23 12 22 4 3
23 12 23 4 3
23 12 24 6 3
23 12 25 6 5
23 12 26 6 5
23 12 27 6 5
23 12 28 6 5
23 12 29 6 5
23 12 30 6 5
23 12 31 6 5
23 12 32 8 7
23 12 33 8 7
23 12 34 8 7
23 12 35 8 7
23 12 36 8 7
23 12 37 8 7
23 12 38 8 7
23 12 39 10 9
23 12 40 10 9
23 12 41 10 9
23 12 42 10 9
23 12 43 10 9
23 12 44 10 9
23 12 45 10 9
23 12 46 12 11
23 12 47 12 11
23 12 48 12 11
23 12 49 12 11
23 12 50 12 11
23 12 51 12 11
23 12 52 12 11
23 12 53 14 13
23 12 54 14 13
23 12 55 14 13
23 12 56 14 13
23 12 57 14 13
23 12 58 14 13
23 12 59 14 13
23 12 60 16 15
23 13 3 0 -1
23 13 4 0 -1
23 13 5 0 -1
23 13 6 0 -1
23 13 7 0 -1
23 13 8 0 -1
23 13 9 2 1
23 13 10 2 1
23 13 11 2 1
23 13 12 2 1
23 13 13 2 1
23 13 14 2 1
23 13 15 4 3
23 13 16 4 3
23 13 17 4 3
23 13 18 4 3
23 13 19 4 3
23 13 20 4 3
23 13 21 6 5
23 13 22 6 5
23 13 23 6 5
23 13 24 6 5
23 13 25 6 5
23 13 26 6 5
23 13 27 8 7
23 13 28 8 7
23 13 29 8 7
23 13 30 8 7
23 13 31 8 7
23 13 32 8 7
23 13 33 10 9
23 13 34 10 9
23 13 35 10 9
23 13 36 10 9
23 13 37 10 9
23 13 38 10 9
23 13 39 12 11
23 13 40 12 11
23 13 41 12 11
23 13 42 12 11
23 13 43 12 11
23 13 44 12 11
23 13 45 14 13
23 13 46 14 13
23 13 47 14 13
23 13 48 14 13
23 13 49 14 13
23 13 50 14 13
23 13 51 16 15
23 13 52 16 15
23 13 53 16 15
23 13 54 16 15
23 13 55 16 15
23 13 56 16 15
23 13 57 18 15
23 13 58 18 17
23 13 59 18 17
23 13 60 18 17
23 14 3 0 -1
23 14 4 0 -1
23 14 5 0 -1
23 14 6 0 -1
23 14 7 2 -1
23 14 8 2 1
23 14 9 2 1
23 14 10 2 1
23 14 11 2 1
23 14 12 2 1
23 14 13 4 3
23 14 14 4 3
23 14 15 4 3
23 14 16 4 3
23 14 17 4 3
23 14 18 6 5
23 14 19 6 5
23 14 20 6 5
23 14 21 6 5
23 14 22 6 5
23 14 23 8 5
23 14 24 8 7
23 14 25 8 7
23 14 26 8 7
23 14 27 8 7
23 14 28 8 7
23 14 29 10 9
23 14 30 10 9
23 14 31 10 9
23 14 32 10 9
23 14 33 10 9
23 14 34 12 11
23 14 35 12 11
23 14 36 12 11
23 14 37 12 11
23 14 38 12 11
23 14 39 14 13
23 14 40 14 13
23 14 41 14 13
23 14 42 14 13
23 14 43 14 13
23 14 44 16 15
23 14 45 16 15
23 14 46 16 15
23 14 47 16 15
23 14 48 16 15
23 14 49 18 15
23 14 50 18 17
23 14 51 18 17
23 14 52 18 17
23 14 53 18 17
23 14 54 18 17
23 14 55 20 19
23 14 56 20 19
23 14 57 20 19
23 14 58 20 19
23 14 59 20 19
23 14 60 22 21
23 15 3 0 -1
23 15 4 0 -1
23 15 5 0 -1
23 15 6 2 -1
23 15 7 2 1
23 15 8 2 1
23 15 9 2 1
23 15 10 2 1
23 15 11 4 3
23 15 12 4 3
23 15 13 4 3
23 15 14 4 3
23 15 15 4 3
23 15 16 6 5
23 15 17 6 5
23 15 18 6 5
23 15 19 6 5
23 15 20 8 5
23 15 21 8 7
23 15 22 8 7
23 15 23 8 7
23 15 24 8 7
23 15 25 10 9
23 15 26 10 9
23 15 27 10 9
23 15 28 10 9
23 15 29 12 9
23 15 30 12 11
23 15 31 12 11
23 15 32 12 11
23 15 33 12 11
23 15 34 14 13
23 15 35 14 13
23 15 36 14 13
23 15 37 14 13
23 15 38 14 13
23 15 39 16 15
23 15 40 16 15
23 15 41 16 15
23 15 42 16 15
23 15 43 18 17
23 15 44 18 17
23 15 45 18 17
23 15 46 18 17
23 15 47 18 17
23 15 48 20 19
23 15 49 20 19
23 15 50 20 19
23 15 51 20 19
23 15 52 22 21
23 15 53 22 21
23 15 54 22 21
23 15 55 22 21
23 15 56 22 21
23 15 57 24 23
23 15 58 24 23
23 15 59 24 23
23 15 60 24 23
23 16 3 0 -1
23 16 4 0 -1
23 16 5 0 -1
23 16 6 2 1
23 16 7 2 1
23 16 8 2 1
23 16 9 2 1
23 16 10 4 3
23 16 11 4 3
23 16 12 4 3
23 16 13 4 3
23 16 14 6 5
23 16 15 6 5
23 16 16 6 5
23 16 17 6 5
23 16 18 8 7
23 16 19 8 7
23 16 20 8 7
23 16 21 8 7
23 16 22 10 9
23 16 23 10 9
23 16 24 10 9
23 16 25 10 9
23 16 26 12 11
23 16 27 12 11
23 16 28 12 11
23 16 29 12 11
23 16 30 14 13
23 16 31 14 13
23 16 32 14 13
23 16 33 14 13
23 16 34 16 15
23 16 35 16 15
23 16 36 16 15
23 16 37 16 15
23 16 38 18 17
23 16 39 18 17
23 16 40 18 17
23 16 41 18 17
23 16 42 20 19
23 16 43 20 19
23 16 44 20 19
23 16 45 20 19
23 16 46 22 21
23 16 47 22 21
23 16 48 22 21
23 16 49 22 21
23 16 50 24 23
23 16 51 24 23
23 16 52 24 23
23 16 53 24 23
23 16 54 26 25
23 16 55 26 25
23 16 56 26 25
23 16 57 26 25
23 16 58 28 27
23 16 59 28 27
23 16 60 28 27
23 17 3 0 -1
23 17 4 0 -1
23 17 5 2 1
23 17 6 2 1
23 17 7 2 1
23 17 8 2 1
23 17 9 4 3
23 17 10 4 3
23 17 11 4 3
23 17 12 6 5
23 17 13 6 5
23 17 14 6 5
23 17 15 6 5
23 17 16 8 7
23 17 17 8 7
23 17 18 8 7
23 17 19 10 7
23 17 20 10 9
23 17 21 10 9
23 17 22 10 9
23 17 23 12 11
23 17 24 12 11
23 17 25 12 11
23 17 26 12 11
23 17 27 14 13
23 17 28 14 13
23 17 29 14 13
23 17 30 16 15
23 17 31 16 15
23 17 32 16 15
23 17 33 16 15
23 17 34 18 17
23 17 35 18 17
23 17 36 18 17
23 17 37 20 19
23 17 38 20 19
23 17 39 20 19
23 17 40 20 19
23 17 41 22 21
23 17 42 22 21
23 17 43 22 21
23 17 44 24 23
23 17 45 24 23
23 17 46 24 23
23 17 47 24 23
23 17 48 26 25
23 17 49 26 25
23 17 50 26 25
23 17 51 28 25
23 17 52 28 27
23 17 53 28 27
23 17 54 28 27
23 17 55 30 29
23 17 56 30 29
23 17 57 30 29
23 17 58 30 29
23 17 59 32 31
23 17 60 32 31
23 18 3 0 -1
23 18 4 2 1
23 18 5 2 1
23 18 6 2 1
23 18 7 2 1
23 18 8 4 3
23 18 9 4 3
23 18 10 4 3
23 18 11 6 5
23 18 12 6 5
23 18 13 6 5
23 18 14 8 7
23 18 15 8 7
23 18 16 8 7
23 18 17 10 9
23 18 18 10 9
23 18 19 10 9
23 18 20 10 9
23 18 21 12 11
23 18 22 12 11
23 18 23 12 11
23 18 24 14 13
23 18 25 14 13
23 18 26 14 13
23 18 27 16 15
23 18 28 16 15
23 18 29 16 15
23 18 30 18 17
23 18 31 18 17
23 18 32 18 17
23 18 33 20 19
23 18 34 20 19
23 18 35 20 19
23 18 36 22 19
23 18 37 22 21
23 18 38 22 21
23 18 39 22 21
23 18 40 24 23
23 18 41 24 23
23 18 42 24 23
23 18 43 26 25
23 18 44 26 25
23 18 45 26 25
23 18 46 28 27
23 18 47 28 27
23 18 48 28 27
23 18 49 30 29
23 18 50 30 29
23 18 51 30 29
23 18 52 32 31
23 18 53 32 31
23 18 54 32 31
23 18 55 34 31
23 18 56 34 33
23 18 57 34 33
23 18 58 34 33
23 18 59 36 35
23 18 60 36 35
23 19 3 0 -1
23 19 4 2 1
23 19 5 2 1
23 19 6 2 1
23 19 7 4 3
23 19 8 4 3
23 19 9 4 3
23 19 10 6 5
23 19 11 6 5
23 19 12 6 5
23 19 13 8 7
23 19 14 8 7
23 19 15 8 7
23 19 16 10 9
23 19 17 10 9
23 19 18 12 9
23 19 19 12 11
23 19 20 12 11
23 19 21 14 13
23 19 22 14 13
23 19 23 14 13
23 19 24 16 15
23 19 25 16 15
23 19 26 16 15
23 19 27 18 17
23 19 28 18 17
23 19 29 18 17
23 19 30 20 19
23 19 31 20 19
23 19 32 20 19
23 19 33 22 21
23 19 34 22 21
23 19 35 22 21
23 19 36 24 23
23 19 37 24 23
23 19 38 24 23
23 19 39 26 25
23 19 40 26 25
23 19 41 28 27
23 19 42 28 27
23 19 43 28 27
23 19 44 30 29
23 19 45 30 29
23 19 46 30 29
23 19 47 32 31
23 19 48 32 31
23 19 49 32 31
23 19 50 34 33
23 19 51 34 33
23 19 52 34 33
23 19 53 36 35
23 19 54 36 35
23 19 55 36 35
23 19 56 38 37
23 19 57 38 37
23 19 58 38 37
23 19 59 40 39
23 19 60 40 39
23 20 3 0 -1
23 20 4 2 1
23 20 5 2 1
23 20 6 4 3
23 20 7 4 3
23 20 8 4 3
23 20 9 6 5
23 20 10 6 5
23 20 11 6 5
23 20 12 8 7
23 20 13 8 7
23 20 14 10 9
23 20 15 10 9
23 20 16 10 9
23 20 17 12 11
23 20 18 12 11
23 20 19 12 11
23 20 20 14 13
23 20 21 14 13
23 20 22 16 15
23 20 23 16 15
23 20 24 16 15
23 20 25 18 17
23 20 26 18 17
23 20 27 20 19
23 20 28 20 19
23 20 29 20 19
23 20 30 22 21
23 20 31 22 21
23 20 32 24 23
23 20 33 24 23
23 20 34 24 23
23 20 35 26 25
23 20 36 26 25
23 20 37 26 25
23 20 38 28 27
23 20 39 28 27
23 20 40 30 29
23 20 41 30 29
23 20 42 30 29
23 20 43 32 31
23 20 44 32 31
23 20 45 34 33
23 20 46 34 33
23 20 47 34 33
23 20 48 36 35
23 20 49 36 35
23 20 50 36 35
23 20 51 38 37
23 20 52 38 37
23 20 53 40 39
23 20 54 40 39
23 20 55 40 39
23 20 56 42 41
23 20 57 42 41
23 20 58 44 43
23 20 59 44 43
23 20 60 44 43
23 21 3 0 -1
23 21 4 2 1
23 21 5 2 1
23 21 6 4 3
23 21 7 4 3
23 21 8 6 5
23 21 9 6 5
23 21 10 8 7
23 21 11 8 7
23 21 12 8 7
23 21 13 10 9
23 21 14 10 9
23 21 15 10 9
23 21 16 12 11
23 21 17 12 11
23 21 18 14 13
23 21 19 14 13
23 21 20 16 15
23 21 21 16 15
23 21 22 18 17
23 21 23 18 17
23 21 24 18 17
23 21 25 20 19
23 21 26 20 19
23 21 27 22 21
23 21 28 22 21
23 21 29 22 21
23 21 30 24 23
23 21 31 24 23
23 21 32 26 25
23 21 33 26 25
23 21 34 28 27
23 21 35 28 27
23 21 36 28 27
23 21 37 30 29
23 21 38 30 29
23 21 39 32 31
23 21 40 32 31
23 21 41 32 31
23 21 42 34 33
23 21 43 34 33
23 21 44 36 35
23 21 45 36 35
23 21 46 38 37
23 21 47 38 37
23 21 48 38 37
23 21 49 40 39
23 21 50 40 39
23 21 51 42 41
23 21 52 42 41
23 21 53 42 41
23 21 54 44 43
23 21 55 44 43
23 21 56 46 45
23 21 57 46 45
23 21 58 48 47
23 21 59 48 47
23 21 60 48 47
24 2 3 0 -1
24 2 4 0 -1
24 2 5 0 -1
24 2 6 0 -1
24 2 7 0 -1
24 2 8 0 -1
24 2 9 0 -1
24 2 10 0 -1
24 2 11 0 -1
24 2 12 0 -1
24 2 13 0 -1
24 2 14 0 -1
24 2 15 0 -1
24 2 16 0 -1
24 2 17 0 -1
24 2 18 0 -1
24 2 19 0 -1
24 2 20 0 -1
24 2 21 0 -1
24 2 22 0 -1
24 2 23 0 -1
24 2 24 0 -1
24 2 25 0 -1
24 2 26 0 -1
24 2 27 0 -1
24 2 28 0 -1
24 2 29 0 -1
24 2 30 0 -1
24 2 31 0 -1
24 2 32 0 -1
24 2 33 0 -1
24 2 34 0 -1
24 2 35 0 -1
24 2 36 0 -1
24 2 37 0 -1
24 2 38 0 -1
24 2 39 0 -1
24 2 40 0 -1
24 2 41 0 -1
24 2 42 0 -1
24 2 43 0 -1
24 2 44 0 -1
24 2 45 0 -1
24 2 46 0 -1
24 2 47 0 -1
24 2 48 0 -1
24 2 49 0 -1
24 2 50 0 -1
24 2 51 0 -1
24 2 52 0 -1
24 2 53 0 -1
24 2 54 0 -1
24 2 55 0 -1
24 2 56 0 -1
24 2 57 0 -1
24 2 58 0 -1
24 2 59 0 -1
24 2 60 0 -1
24 3 3 0 -1
24 3 4 0 -1
24 3 5 0 -1
24 3 6 0 -1
24 3 7 0 -1
24 3 8 0 -1
24 3 9 0 -1
24 3 10 0 -1
24 3 11 0 -1
24 3 12 0 -1
24 3 13 0 -1
24 3 14 0 -1
24 3 15 0 -1
24 3 16 0 -1
24 3 17 0 -1
24 3 18 0 -1
24 3 19 0 -1
24 3 20 0 -1
24 3 21 0 -1
24 3 22 0 -1
24 3 23 0 -1
24 3 24 0 -1
24 3 25 0 -1
24 3 26 0 -1
24 3 27 0 -1
24 3 28 0 -1
24 3 29 0 -1
24 3 30 0 -1
24 3 31 0 -1
24 3 32 0 -1
24 3 33 0 -1
24 3 34 0 -1
24 3 35 0 -1
24 3 36 0 -1
24 3 37 0 -1
24 3 38 0 -1
24 3 39 0 -1
24 3 40 0 -1
24 3 41 0 -1
24 3 42 0 -1
24 3 43 0 -1
24 3 44 0 -1
24 3 45 0 -1
24 3 46 0 -1
24 3 47 0 -1
24 3 48 0 -1
24 3 49 0 -1
24 3 50 0 -1
24 3 51 0 -1
24 3 52 0 -1
24 3 53 0 -1
24 3 54 0 -1
24 3 55 0 -1
24 3 56 0 -1
24 3 57 0 -1
24 3 58 0 -1
24 3 59 0 -1
24 3 60 0 -1
24 4 3 0 -1
24 4 4 0 -1
24 4 5 0 -1
24 4 6 0 -1
24 4 7 0 -1
24 4 8 0 -1
24 4 9 0 -1
24 4 10 0 -1
24 4 11 0 -1
24 4 12 0 -1
24 4 13 0 -1
24 4 14 0 -1
24 4 15 0 -1
24 4 16 0 -1
24 4 17 0 -1
24 4 18 0 -1
24 4 19 0 -1
24 4 20 0 -1
24 4 21 0 -1
24 4 22 0 -1
24 4 23 0 -1
24 4 24 0 -1
24 4 25 0 -1
24 4 26 0 -1
24 4 27 0 -1
24 4 28 0 -1
24 4 29 0 -1
24 4 30 0 -1
24 4 31 0 -1
24 4 32 0 -1
24 4 33 0 -1
24 4 34 0 -1
24 4 35 0 -1
24 4 36 0 -1
24 4 37 0 -1
24 4 38 0 -1
24 4 39 0 -1
24 4 40 0 -1
24 4 41 0 -1
24 4 42 0 -1
24 4 43 0 -1
24 4 44 0 -1
24 4 45 0 -1
24 4 46 0 -1
24 4 47 0 -1
24 4 48 0 -1
24 4 49 0 -1
24 4 50 0 -1
24 4 51 0 -1
24 4 52 0 -1
24 4 53 0 -1
24 4 54 0 -1
24 4 55 0 -1
24 4 56 0 -1
24 4 57 0 -1
24 4 58 0 -1
24 4 59 2 -1
24 4 60 2 1
24 5 3 0 -1
24 5 4 0 -1
24 5 5 0 -1
24 5 6 0 -1
24 5 7 0 -1
24 5 8 0 -1
24 5 9 0 -1
24 5 10 0 -1
24 5 11 0 -1
24 5 12 0 -1
24 5 13 0 -1
24 5 14 0 -1
24 5 15 0 -1
24 5 16 0 -1
24 5 17 0 -1
24 5 18 0 -1
24 5 19 0 -1
24 5 20 0 -1
24 5 21 0 -1
24 5 22 0 -1
24 5 23 0 -1
24 5 24 0 -1
24 5 25 0 -1
24 5 26 0 -1
24 5 27 0 -1
24 5 28 0 -1
24 5 29 0 -1
24 5 30 0 -1
24 5 31 0 -1
24 5 32 0 -1
24 5 33 0 -1
24 5 34 0 -1
24 5 35 0 -1
24 5 36 0 -1
24 5 37 0 -1
24 5 38 0 -1
24 5 39 0 -1
24 5 40 0 -1
24 5 41 0 -1
24 5 42 0 -1
24 5 43 0 -1
24 5 44 2 1
24 5 45 2 1
24 5 46 2 1
24 5 47 2 1
24 5 48 2 1
24 5 49 2 1
24 5 50 2 1
24 5 51 2 1
24 5 52 2 1
24 5 53 2 1
24 5 54 2 1
24 5 55 2 1
24 5 56 2 1
24 5 57 2 1
24 5 58 2 1
24 5 59 2 1
24 5 60 2 1
24 6 3 0 -1
24 6 4 0 -1
24 6 5 0 -1
24 6 6 0 -1
24 6 7 0 -1
24 6 8 0 -1
24 6 9 0 -1
24 6 10 0 -1
24 6 11 0 -1
24 6 12 0 -1
24 6 13 0 -1
24 6 14 0 -1
24 6 15 0 -1
24 6 16 0 -1
24 6 17 0 -1
24 6 18 0 -1
24 6 19 0 -1
24 6 20 0 -1
24 6 21 0 -1
24 6 22 0 -1
24 6 23 0 -1
24 6 24 0 -1
24 6 25 0 -1
24 6 26 0 -1
24 6 27 0 -1
24 6 28 0 -1
24 6 29 0 -1
24 6 30 0 -1
24 6 31 0 -1
24 6 32 0 -1
24 6 33 0 -1
24 6 34 2 -1
24 6 35 2 1
24 6 36 2 1
24 6 37 2 1
24 6 38 2 1
24 6 39 2 1
24 6 40 2 1
24 6 41 2 1
24 6 42 2 1
24 6 43 2 1
24 6 44 2 1
24 6 45 2 1
24 6 46 2 1
24 6 47 2 1
24 6 48 2 1
24 6 49 2 1
24 6 50 2 1
24 6 51 2 1
24 6 52 2 1
24 6 53 2 1
24 6 54 2 1
24 6 55 2 1
24 6 56 2 1
24 6 57 2 1
24 6 58 2 1
24 6 59 4 1
24 6 60 4 3
24 7 3 0 -1
24 7 4 0 -1
24 7 5 0 -1
24 7 6 0 -1
24 7 7 0 -1
24 7 8 0 -1
24 7 9 0 -1
24 7 10 0 -1
24 7 11 0 -1
24 7 12 0 -1
24 7 13 0 -1
24 7 14 0 -1
24 7 15 0 -1
24 7 16 0 -1
24 7 17 0 -1
24 7 18 0 -1
24 7 19 0 -1
24 7 20 0 -1
24 7 21 0 -1
24 7 22 0 -1
24 7 23 0 -1
24 7 24 0 -1
24 7 25 0 -1
24 7 26 0 -1
24 7 27 2 -1
24 7 28 2 1
24 7 29 2 1
24 7 30 2 1
24 7 31 2 1
24 7 32 2 1
24 7 33 2 1
24 7 34 2 1
24 7 35 2 1
24 7 36 2 1
24 7 37 2 1
24 7 38 2 1
24 7 39 2 1
24 7 40 2 1
24 7 41 2 1
24 7 42 2 1
24 7 43 2 1
24 7 44 2 1
24 7 45 2 1
24 7 46 2 1
24 7 47 4 1
24 7 48 4 3
24 7 49 4 3
24 7 50 4 3
24 7 51 4 3
24 7 52 4 3
24 7 53 4 3
24 7 54 4 3
24 7 55 4 3
24 7 56 4 3
24 7 57 4 3
24 7 58 4 3
24 7 59 4 3
24 7 60 4 3
24 8 3 0 -1
24 8 4 0 -1
24 8 5 0 -1
24 8 6 0 -1
24 8 7 0 -1
24 8 8 0 -1
24 8 9 0 -1
24 8 10 0 -1
24 8 11 0 -1
24 8 12 0 -1
24 8 13 0 -1
24 8 14 0 -1
24 8 15 0 -1
24 8 16 0 -1
24 8 17 0 -1
24 8 18 0 -1
24 8 19 0 -1
24 8 20 0 -1
24 8 21 0 -1
24 8 22 2 -1
24 8 23 2 1
24 8 24 2 1
24 8 25 2 1
24 8 26 2 1
24 8 27 2 1
24 8 28 2 1
24 8 29 2 1
24 8 30 2 1
24 8 31 2 1
24 8 32 2 1
24 8 33 2 1
24 8 34 2 1
24 8 35 2 1
24 8 36 2 1
24 8 37 2 1
24 8 38 4 1
24 8 39 4 3
24 8 40 4 3
24 8 41 4 3
24 8 42 4 3
24 8 43 4 3
24 8 44 4 3
24 8 45 4 3
24 8 46 4 3
24 8 47 4 3
24 8 48 4 3
24 8 49 4 3
24 8 50 4 3
24 8 51 4 3
24 8 52 4 3
24 8 53 4 3
24 8 54 6 3
24 8 55 6 5
24 8 56 6 5
24 8 57 6 5
24 8 58 6 5
24 8 59 6 5
24 8 60 6 5
24 9 3 0 -1
24 9 4 0 -1
24 9 5 0 -1
24 9 6 0 -1
24 9 7 0 -1
24 9 8 0 -1
24 9 9 0 -1
24 9 10 0 -1
24 9 11 0 -1
24 9 12 0 -1
24 9 13 0 -1
24 9 14 0 -1
24 9 15 0 -1
24 9 16 0 -1
24 9 17 0 -1
24 9 18 2 -1
24 9 19 2 1
24 9 20 2 1
24 9 21 2 1
24 9 22 2 1
24 9 23 2 1
24 9 24 2 1
24 9 25 2 1
24 9 26 2 1
24 9 27 2 1
24 9 28 2 1
24 9 29 2 1
24 9 30 2 1
24 9 31 4 1
24 9 32 4 3
24 9 33 4 3
24 9 34 4 3
24 9 35 4 3
24 9 36 4 3
24 9 37 4 3
24 9 38 4 3
24 9 39 4 3
24 9 40 4 3
24 9 41 4 3
24 9 42 4 3
24 9 43 4 3
24 9 44 6 3
24 9 45 6 5
24 9 46 6 5
24 9 47 6 5
24 9 48 6 5
24 9 49 6 5
24 9 50 6 5
24 9 51 6 5
24 9 52 6 5
24 9 53 6 5
24 9 54 6 5
24 9 55 6 5
24 9 56 6 5
24 9 57 8 5
24 9 58 8 7
24 9 59 8 7
24 9 60 8 7
24 10 3 0 -1
24 10 4 0 -1
24 10 5 0 -1
24 10 6 0 -1
24 10 7 0 -1
24 10 8 0 -1
24 10 9 0 -1
24 10 10 0 -1
24 10 11 0 -1
24 10 12 0 -1
24 10 13 0 -1
24 10 14 0 -1
24 10 15 2 -1
24 10 16 2 1
24 10 17 2 1
24 10 18 2 1
24 10 19 2 1
24 10 20 2 1
24 10 21 2 1
24 10 22 2 1
24 10 23 2 1
24 10 24 2 1
24 10 25 2 1
24 10 26 4 1
24 10 27 4 3
24 10 28 4 3
24 10 29 4 3
24 10 30 4 3
24 10 31 4 3
24 10 32 4 3
24 10 33 4 3
24 10 34 4 3
24 10 35 4 3
24 10 36 4 3
24 10 37 6 5
24 10 38 6 5
24 10 39 6 5
24 10 40 6 5
24 10 41 6 5
24 10 42 6 5
24 10 43 6 5
24 10 44 6 5
24 10 45 6 5
24 10 46 6 5
24 10 47 6 5
24 10 48 8 7
24 10 49 8 7
24 10 50 8 7
24 10 51 8 7
24 10 52 8 7
24 10 53 8 7
24 10 54 8 7
24 10 55 8 7
24 10 56 8 7
24 10 57 8 7
24 10 58 8 7
24 10 59 10 9
24 10 60 10 9
24 11 3 0 -1
24 11 4 0 -1
24 11 5 0 -1
24 11 6 0 -1
24 11 7 0 -1
24 11 8 0 -1
24 11 9 0 -1
24 11 10 0 -1
24 11 11 0 -1
24 11 12 0 -1
24 11 13 2 1
24 11 14 2 1
24 11 15 2 1
24 11 16 2 1
24 11 17 2 1
24 11 18 2 1
24 11 19 2 1
24 11 20 2 1
24 11 21 2 1
24 11 22 4 1
24 11 23 4 3
24 11 24 4 3
24 11 25 4 3
24 11 26 4 3
24 11 27 4 3
24 11 28 4 3
24 11 29 4 3
24 11 30 4 3
24 11 31 6 3
24 11 32 6 5
24 11 33 6 5
24 11 34 6 5
24 11 35 6 5
24 11 36 6 5
24 11 37 6 5
24 11 38 6 5
24 11 39 6 5
24 11 40 8 5
24 11 41 8 7
24 11 42 8 7
24 11 43 8 7
24 11 44 8 7
24 11 45 8 7
24 11 46 8 7
24 11 47 8 7
24 11 48 8 7
24 11 49 10 7
24 11 50 10 9
24 11 51 10 9
24 11 52 10 9
24 11 53 10 9
24 11 54 10 9
24 11 55 10 9
24 11 56 10 9
24 11 57 10 9
24 11 58 12 9
24 11 59 12 11
24 11 60 12 11
24 12 3 0 -1
24 12 4 0 -1
24 12 5 0 -1
24 12 6 0 -1
24 12 7 0 -1
24 12 8 0 -1
24 12 9 0 -1
24 12 10 0 -1
24 12 11 2 1
24 12 12 2 1
24 12 13 2 1
24 12 14 2 1
24 12 15 2 1
24 12 16 2 1
24 12 17 2 1
24 12 18 2 1
24 12 19 4 3
24 12 20 4 3
24 12 21 4 3
24 12 22 4 3
24 12 23 4 3
24 12 24 4 3
24 12 25 4 3
24 12 26 4 3
24 12 27 6 5
24 12 28 6 5
24 12 29 6 5
24 12 30 6 5
24 12 31 6 5
24 12 32 6 5
24 12 33 6 5
24 12 34 8 5
24 12 35 8 7
24 12 36 8 7
24 12 37 8 7
24 12 38 8 7
24 12 39 8 7
24 12 40 8 7
24 12 41 8 7
24 12 42 10 9
24 12 43 10 9
24 12 44 10 9
24 12 45 10 9
24 12 46 10 9
24 12 47 10 9
24 12 48 10 9
24 12 49 10 9
24 12 50 12 11
24 12 51 12 11
24 12 52 12 11
24 12 53 12 11
24 12 54 12 11
24 12 55 12 11
24 12 56 12 11
24 12 57 14 11
24 12 58 14 13
24 12 59 14 13
24 12 60 14 13
24 13 3 0 -1
24 13 4 0 -1
24 13 5 0 -1
24 13 6 0 -1
24 13 7 0 -1
24 13 8 0 -1
24 13 9 2 -1
24 13 10 2 1
24 13 11 2 1
24 13 12 2 1
24 13 13 2 1
24 13 14 2 1
24 13 15 2 1
24 13 16 4 3
24 13 17 4 3
24 13 18 4 3
24 13 19 4 3
24 13 20 4 3
24 13 21 4 3
24 13 22 4 3
24 13 23 6 5
24 13 24 6 5
24 13 25 6 5
24 13 26 6 5
24 13 27 6 5
24 13 28 6 5
24 13 29 8 5
24 13 30 8 7
24 13 31 8 7
24 13 32 8 7
24 13 33 8 7
24 13 34 8 7
24 13 35 8 7
24 13 36 10 9
24 13 37 10 9
24 13 38 10 9
24 13 39 10 9
24 13 40 10 9
24 13 41 10 9
24 13 42 10 9
24 13 43 12 11
24 13 44 12 11
24 13 45 12 11
24 13 46 12 11
24 13 47 12 11
24 13 48 12 11
24 13 49 14 13
24 13 50 14 13
24 13 51 14 13
24 13 52 14 13
24 13 53 14 13
24 13 54 14 13
24 13 55 14 13
24 13 56 16 15
24 13 57 16 15
24 13 58 16 15
24 13 59 16 15
24 13 60 16 15
24 14 3 0 -1
24 14 4 0 -1
24 14 5 0 -1
24 14 6 0 -1
24 14 7 0 -1
24 14 8 2 1
24 14 9 2 1
24 14 10 2 1
24 14 11 2 1
24 14 12 2 1
24 14 13 2 1
24 14 14 4 3
24 14 15 4 3
24 14 16 4 3
24 14 17 4 3
24 14 18 4 3
24 14 19 4 3
24 14 20 6 5
24 14 21 6 5
24 14 22 6 5
24 14 23 6 5
24 14 24 6 5
24 14 25 8 5
24 14 26 8 7
24 14 27 8 7
24 14 28 8 7
24 14 29 8 7
24 14 30 8 7
24 14 31 10 9
24 14 32 10 9
24 14 33 10 9
24 14 34 10 9
24 14 35 10 9
24 14 36 10 9
24 14 37 12 11
24 14 38 12 11
24 14 39 12 11
24 14 40 12 11
24 14 41 12 11
24 14 42 14 11
24 14 43 14 13
24 14 44 14 13
24 14 45 14 13
24 14 46 14 13
24 14 47 14 13
24 14 48 16 15
24 14 49 16 15
24 14 50 16 15
24 14 51 16 15
24 14 52 16 15
24 14 53 16 15
24 14 54 18 17
24 14 55 18 17
24 14 56 18 17
24 14 57 18 17
24 14 58 18 17
24 14 59 20 17
24 14 60 20 19
24 15 3 0 -1
24 15 4 0 -1
24 15 5 0 -1
24 15 6 0 -1
24 15 7 2 1
24 15 8 2 1
24 15 9 2 1
24 15 10 2 1
24 15 11 2 1
24 15 12 4 3
24 15 13 4 3
24 15 14 4 3
24 15 15 4 3
24 15 16 4 3
24 15 17 6 5
24 15 18 6 5
24 15 19 6 5
24 15 20 6 5
24 15 21 6 5
24 15 22 8 7
24 15 23 8 7
24 15 24 8 7
24 15 25 8 7
24 15 26 8 7
24 15 27 10 9
24 15 28 10 9
24 15 29 10 9
24 15 30 10 9
24 15 31 10 9
24 15 32 12 11
24 15 33 12 11
24 15 34 12 11
24 15 35 12 11
24 15 36 12 11
24 15 37 14 13
24 15 38 14 13
24 15 39 14 13
24 15 40 14 13
24 15 41 14 13
24 15 42 16 15
24 15 43 16 15
24 15 44 16 15
24 15 45 16 15
24 15 46 16 15
24 15 47 18 17
24 15 48 18 17
24 15 49 18 17
24 15 50 18 17
24 15 51 18 17
24 15 52 20 19
24 15 53 20 19
24 15 54 20 19
24 15 55 20 19
24 15 56 20 19
24 15 57 22 21
24 15 58 22 21
24 15 59 22 21
24 15 60 22 21
24 16 3 0 -1
24 16 4 0 -1
24 16 5 0 -1
24 16 6 2 1
24 16 7 2 1
24 16 8 2 1
24 16 9 2 1
24 16 10 2 1
24 16 11 4 3
24 16 12 4 3
24 16 13 4 3
24 16 14 4 3
24 16 15 6 5
24 16 16 6 5
24 16 17 6 5
24 16 18 6 5
24 16 19 8 5
24 16 20 8 7
24 16 21 8 7
24 16 22 8 7
24 16 23 8 7
24 16 24 10 9
24 16 25 10 9
24 16 26 10 9
24 16 27 10 9
24 16 28 12 11
24 16 29 12 11
24 16 30 12 11
24 16 31 12 11
24 16 32 12 11
24 16 33 14 13
24 16 34 14 13
24 16 35 14 13
24 16 36 14 13
24 16 37 16 15
24 16 38 16 15
24 16 39 16 15
24 16 40 16 15
24 16 41 18 17
24 16 42 18 17
24 16 43 18 17
24 16 44 18 17
24 16 45 18 17
24 16 46 20 19
24 16 47 20 19
24 16 48 20 19
24 16 49 20 19
24 16 50 22 21
24 16 51 22 21
24 16 52 22 21
24 16 53 22 21
24 16 54 24 21
24 16 55 24 23
24 16 56 24 23
24 16 57 24 23
24 16 58 24 23
24 16 59 26 25
24 16 60 26 25
24 17 3 0 -1
24 17 4 0 -1
24 17 5 0 -1
24 17 6 2 1
24 17 7 2 1
24 17 8 2 1
24 17 9 4 1
24 17 10 4 3
24 17 11 4 3
24 17 12 4 3
24 17 13 6 5
24 17 14 6 5
24 17 15 6 5
24 17 16 6 5
24 17 17 8 7
24 17 18 8 7
24 17 19 8 7
24 17 20 8 7
24 17 21 10 9
24 17 22 10 9
24 17 23 10 9
24 17 24 10 9
24 17 25 12 11
24 17 26 12 11
24 17 27 12 11
24 17 28 12 11
24 17 29 14 13
24 17 30 14 13
24 17 31 14 13
24 17 32 14 13
24 17 33 16 15
24 17 34 16 15
24 17 35 16 15
24 17 36 16 15
24 17 37 18 17
24 17 38 18 17
24 17 39 18 17
24 17 40 20 17
24 17 41 20 19
24 17 42 20 19
24 17 43 20 19
24 17 44 22 21
24 17 45 22 21
24 17 46 22 21
24 17 47 22 21
24 17 48 24 23
24 17 49 24 23
24 17 50 24 23
24 17 51 24 23
24 17 52 26 25
24 17 53 26 25
24 17 54 26 25
24 17 55 26 25
24 17 56 28 27
24 17 57 28 27
24 17 58 28 27
24 17 59 28 27
24 17 60 30 29
24 18 3 0 -1
24 18 4 2 1
24 18 5 2 1
24 18 6 2 1
24 18 7 2 1
24 18 8 4 3
24 18 9 4 3
24 18 10 4 3
24 18 11 4 3
24 18 12 6 5
24 18 13 6 5
24 18 14 6 5
24 18 15 8 5
24 18 16 8 7
24 18 17 8 7
24 18 18 8 7
24 18 19 10 9
24 18 20 10 9
24 18 21 10 9
24 18 22 12 11
24 18 23 12 11
24 18 24 12 11
24 18 25 12 11
24 18 26 14 13
24 18 27 14 13
24 18 28 14 13
24 18 29 16 15
24 18 30 16 15
24 18 31 16 15
24 18 32 16 15
24 18 33 18 17
24 18 34 18 17
24 18 35 18 17
24 18 36 20 19
24 18 37 20 19
24 18 38 20 19
24 18 39 20 19
24 18 40 22 21
24 18 41 22 21
24 18 42 22 21
24 18 43 24 23
24 18 44 24 23
24 18 45 24 23
24 18 46 26 23
24 18 47 26 25
24 18 48 26 25
24 18 49 26 25
24 18 50 28 27
24 18 51 28 27
24 18 52 28 27
24 18 53 30 29
24 18 54 30 29
24 18 55 30 29
24 18 56 30 29
24 18 57 32 31
24 18 58 32 31
24 18 59 32 31
24 18 60 34 33
24 19 3 0 -1
24 19 4 2 1
24 19 5 2 1
24 19 6 2 1
24 19 7 2 1
24 19 8 4 3
24 19 9 4 3
24 19 10 4 3
24 19 11 6 5
24 19 12 6 5
24 19 13 6 5
24 19 14 8 7
24 19 15 8 7
24 19 16 8 7
24 19 17 10 9
24 19 18 10 9
24 19 19 10 9
24 19 20 12 11
24 19 21 12 11
24 19 22 12 11
24 19 23 14 13
24 19 24 14 13
24 19 25 14 13
24 19 26 16 15
24 19 27 16 15
24 19 28 16 15
24 19 29 18 15
24 19 30 18 17
24 19 31 18 17
24 19 32 18 17
24 19 33 20 19
24 19 34 20 19
24 19 35 20 19
24 19 36 22 21
24 19 37 22 21
24 19 38 22 21
24 19 39 24 23
24 19 40 24 23
24 19 41 24 23
24 19 42 26 25
24 19 43 26 25
24 19 44 26 25
24 19 45 28 27
24 19 46 28 27
24 19 47 28 27
24 19 48 30 29
24 19 49 30 29
24 19 50 30 29
24 19 51 32 31
24 19 52 32 31
24 19 53 32 31
24 19 54 34 33
24 19 55 34 33
24 19 56 34 33
24 19 57 36 35
24 19 58 36 35
24 19 59 36 35
24 19 60 38 35
24 20 3 0 -1
24 20 4 2 1
24 20 5 2 1
24 20 6 4 3
24 20 7 4 3
24 20 8 4 3
24 20 9 4 3
24 20 10 6 5
24 20 11 6 5
24 20 12 8 7
24 20 13 8 7
24 20 14 8 7
24 20 15 10 7
24 20 16 10 9
24 20 17 10 9
24 20 18 12 11
24 20 19 12 11
24 20 20 12 11
24 20 21 14 13
24 20 22 14 13
24 20 23 14 13
24 20 24 16 15
24 20 25 16 15
24 20 26 16 15
24 20 27 18 17
24 20 28 18 17
24 20 29 18 17
24 20 30 20 19
24 20 31 20 19
24 20 32 22 21
24 20 33 22 21
24 20 34 22 21
24 20 35 24 23
24 20 36 24 23
24 20 37 24 23
24 20 38 26 25
24 20 39 26 25
24 20 40 26 25
24 20 41 28 27
24 20 42 28 27
24 20 43 28 27
24 20 44 30 29
24 20 45 30 29
24 20 46 32 31
24 20 47 32 31
24 20 48 32 31
24 20 49 34 33
24 20 50 34 33
24 20 51 34 33
24 20 52 36 35
24 20 53 36 35
24 20 54 36 35
24 20 55 38 37
24 20 56 38 37
24 20 57 38 37
24 20 58 40 39
24 20 59 40 39
24 20 60 42 41
24 21 3 0 -1
24 21 4 2 1
24 21 5 2 1
24 21 6 4 3
24 21 7 4 3
24 21 8 6 5
24 21 9 6 5
24 21 10 6 5
24 21 11 6 5
24 21 12 8 7
24 21 13 8 7
24 21 14 10 9
24 21 15 10 9
24 21 16 12 11
24 21 17 12 11
24 21 18 12 11
24 21 19 14 13
24 21 20 14 13
24 21 21 14 13
24 21 22 16 15
24 21 23 16 15
24 21 24 18 17
24 21 25 18 17
24 21 26 18 17
24 21 27 20 19
24 21 28 20 19
24 21 29 20 19
24 21 30 22 21
24 21 31 22 21
24 21 32 24 23
24 21 33 24 23
24 21 34 24 23
24 21 35 26 25
24 21 36 26 25
24 21 37 28 27
24 21 38 28 27
24 21 39 28 27
24 21 40 30 29
24 21 41 30 29
24 21 42 32 31
24 21 43 32 31
24 21 44 32 31
24 21 45 34 33
24 21 46 34 33
24 21 47 36 35
24 21 48 36 35
24 21 49 36 35
24 21 50 38 37
24 21 51 38 37
24 21 52 38 37
24 21 53 40 39
24 21 54 40 39
24 21 55 42 41
24 21 56 42 41
24 21 57 42 41
24 21 58 44 43
24 21 59 44 43
24 21 60 46 45
24 22 3 0 -1
24 22 4 2 1
24 22 5 2 1
24 22 6 4 3
24 22 7 4 3
24 22 8 6 5
24 22 9 6 5
24 22 10 8 7
24 22 11 8 7
24 22 12 10 9
24 22 13 10 9
24 22 14 10 9
24 22 15 10 9
24 22 16 12 11
24 22 17 12 11
24 22 18 14 13
24 22 19 14 13
24 22 20 16 15
24 22 21 16 15
24 22 22 18 17
24 22 23 18 17
24 22 24 20 19
24 22 25 20 19
24 22 26 20 19
24 22 27 22 21
24 22 28 22 21
24 22 29 22 21
24 22 30 24 23
24 22 31 24 23
24 22 32 26 25
24 22 33 26 25
24 22 34 28 27
24 22 35 28 27
24 22 36 30 29
24 22 37 30 29
24 22 38 30 29
24 22 39 32 31
24 22 40 32 31
24 22 41 34 33
24 22 42 34 33
24 22 43 34 33
24 22 44 36 35
24 22 45 36 35
24 22 46 38 37
24 22 47 38 37
24 22 48 40 39
24 22 49 40 39
24 22 50 40 39
24 22 51 42 41
24 22 52 42 41
24 22 53 44 43
24 22 54 44 43
24 22 55 46 45
24 22 56 46 45
24 22 57 46 45
24 22 58 48 47
24 22 59 48 47
24 22 60 50 49
25 2 3 0 -1
25 2 4 0 -1
25 2 5 0 -1
25 2 6 0 -1
25 2 7 0 -1
25 2 8 0 -1
25 2 9 0 -1
25 2 10 0 -1
25 2 11 0 -1
25 2 12 0 -1
25 2 13 0 -1
25 2 14 0 -1
25 2 15 0 -1
25 2 16 0 -1
25 2 17 0 -1
25 2 18 0 -1
25 2 19 0 -1
25 2 20 0 -1
25 2 21 0 -1
25 2 22 0 -1
25 2 23 0 -1
25 2 24 0 -1
25 2 25 0 -1
25 2 26 0 -1
25 2 27 0 -1
25 2 28 0 -1
25 2 29 0 -1
25 2 30 0 -1
25 2 31 0 -1
25 2 32 0 -1
25 2 33 0 -1
25 2 34 0 -1
25 2 35 0 -1
25 2 36 0 -1
25 2 37 0 -1
25 2 38 0 -1
25 2 39 0 -1
25 2 40 0 -1
25 2 41 0 -1
25 2 42 0 -1
25 2 43 0 -1
25 2 44 0 -1
25 2 45 0 -1
25 2 46 0 -1
25 2 47 0 -1
25 2 48 0 -1
25 2 49 0 -1
25 2 50 0 -1
25 2 51 0 -1
25 2 52 0 -1
25 2 53 0 -1
25 2 54 0 -1
25 2 55 0 -1
25 2 56 0 -1
25 2 57 0 -1
25 2 58 0 -1
25 2 59 0 -1
25 2 60 0 -1
25 3 3 0 -1
25 3 4 0 -1
25 3 5 0 -1
25 3 6 0 -1
25 3 7 0 -1
25 3 8 0 -1
25 3 9 0 -1
25 3 10 0 -1
25 3 11 0 -1
25 3 12 0 -1
25 3 13 0 -1
25 3 14 0 -1
25 3 15 0 -1
25 3 16 0 -1
25 3 17 0 -1
25 3 18 0 -1
25 3 19 0 -1
25 3 20 0 -1
25 3 21 0 -1
25 3 22 0 -1
25 3 23 0 -1
25 3 24 0 -1
25 3 25 0 -1
25 3 26 0 -1
25 3 27 0 -1
25 3 28 0 -1
25 3 29 0 -1
25 3 30 0 -1
25 3 31 0 -1
25 3 32 0 -1
25 3 33 0 -1
25 3 34 0 -1
25 3 35 0 -1
25 3 36 0 -1
25 3 37 0 -1
25 3 38 0 -1
25 3 39 0 -1
25 3 40 0 -1
25 3 41 0 -1
25 3 42 0 -1
25 3 43 0 -1
25 3 44 0 -1
25 3 45 0 -1
25 3 46 0 -1
25 3 47 0 -1
25 3 48 0 -1
25 3 49 0 -1
25 3 50 0 -1
25 3 51 0 -1
25 3 52 0 -1
25 3 53 0 -1
25 3 54 0 -1
25 3 55 0 -1
25 3 56 0 -1
25 3 57 0 -1
25 3 58 0 -1
25 3 59 0 -1
25 3 60 0 -1
25 4 3 0 -1
25 4 4 0 -1
25 4 5 0 -1
25 4 6 0 -1
25 4 7 0 -1
25 4 8 0 -1
25 4 9 0 -1
25 4 10 0 -1
25 4 11 0 -1
25 4 12 0 -1
25 4 13 0 -1
25 4 14 0 -1
25 4 15 0 -1
25 4 16 0 -1
25 4 17 0 -1
25 4 18 0 -1
25 4 19 0 -1
25 4 20 0 -1
25 4 21 0 -1
25 4 22 0 -1
25 4 23 0 -1
25 4 24 0 -1
25 4 25 0 -1
25 4 26 0 -1
25 4 27 0 -1
25 4 28 0 -1
25 4 29 0 -1
25 4 30 0 -1
25 4 31 0 -1
25 4 32 0 -1
25 4 33 0 -1
25 4 34 0 -1
25 4 35 0 -1
25 4 36 0 -1
25 4 37 0 -1
25 4 38 0 -1
25 4 39 0 -1
25 4 40 0 -1
25 4 41 0 -1
25 4 42 0 -1
25 4 43 0 -1
25 4 44 0 -1
25 4 45 0 -1
25 4 46 0 -1
25 4 47 0 -1
25 4 48 0 -1
25 4 49 0 -1
25 4 50 0 -1
25 4 51 0 -1
25 4 52 0 -1
25 4 53 0 -1
25 4 54 0 -1
25 4 55 0 -1
25 4 56 0 -1
25 4 57 0 -1
25 4 58 0 -1
25 4 59 0 -1
25 4 60 0 -1
25 5 3 0 -1
25 5 4 0 -1
25 5 5 0 -1
25 5 6 0 -1
25 5 7 0 -1
25 5 8 0 -1
25 5 9 0 -1
25 5 10 0 -1
25 5 11 0 -1
25 5 12 0 -1
25 5 13 0 -1
25 5 14 0 -1
25 5 15 0 -1
25 5 16 0 -1
25 5 17 0 -1
25 5 18 0 -1
25 5 19 0 -1
25 5 20 0 -1
25 5 21 0 -1
25 5 22 0 -1
25 5 23 0 -1
25 5 24 0 -1
25 5 25 0 -1
25 5 26 0 -1
25 5 27 0 -1
25 5 28 0 -1
25 5 29 0 -1
25 5 30 0 -1
25 5 31 0 -1
25 5 32 0 -1
25 5 33 0 -1
25 5 34 0 -1
25 5 35 0 -1
25 5 36 0 -1
25 5 37 0 -1
25 5 38 0 -1
25 5 39 0 -1
25 5 40 0 -1
25 5 41 0 -1
25 5 42 0 -1
25 5 43 0 -1
25 5 44 0 -1
25 5 45 0 -1
25 5 46 2 -1
25 5 47 2 1
25 5 48 2 1
25 5 49 2 1
25 5 50 2 1
25 5 51 2 1
25 5 52 2 1
25 5 53 2 1
25 5 54 2 1
25 5 55 2 1
25 5 56 2 1
25 5 57 2 1
25 5 58 2 1
25 5 59 2 1
25 5 60 2 1
25 6 3 0 -1
25 6 4 0 -1
25 6 5 0 -1
25 6 6 0 -1
25 6 7 0 -1
25 6 8 0 -1
25 6 9 0 -1
25 6 10 0 -1
25 6 11 0 -1
25 6 12 0 -1
25 6 13 0 -1
25 6 14 0 -1
25 6 15 0 -1
25 6 16 0 -1
25 6 17 0 -1
25 6 18 0 -1
25 6 19 0 -1
25 6 20 0 -1
25 6 21 0 -1
25 6 22 0 -1
25 6 23 0 -1
25 6 24 0 -1
25 6 25 0 -1
25 6 26 0 -1
25 6 27 0 -1
25 6 28 0 -1
25 6 29 0 -1
25 6 30 0 -1
25 6 31 0 -1
25 6 32 0 -1
25 6 33 0 -1
25 6 34 0 -1
25 6 35 0 -1
25 6 36 2 -1
25 6 37 2 1
25 6 38 2 1
25 6 39 2 1
25 6 40 2 1
25 6 41 2 1
25 6 42 2 1
25 6 43 2 1
25 6 44 2 1
25 6 45 2 1
25 6 46 2 1
25 6 47 2 1
25 6 48 2 1
25 6 49 2 1
25 6 50 2 1
25 6 51 2 1
25 6 52 2 1
25 6 53 2 1
25 6 54 2 1
25 6 55 2 1
25 6 56 2 1
25 6 57 2 1
25 6 58 2 1
25 6 59 2 1
25 6 60 2 1
25 7 3 0 -1
25 7 4 0 -1
25 7 5 0 -1
25 7 6 0 -1
25 7 7 0 -1
25 7 8 0 -1
25 7 9 0 -1
25 7 10 0 -1
25 7 11 0 -1
25 7 12 0 -1
25 7 13 0 -1
25 7 14 0 -1
25 7 15 0 -1
25 7 16 0 -1
25 7 17 0 -1
25 7 18 0 -1
25 7 19 0 -1
25 7 20 0 -1
25 7 21 0 -1
25 7 22 0 -1
25 7 23 0 -1
25 7 24 0 -1
25 7 25 0 -1
25 7 26 0 -1
25 7 27 0 -1
25 7 28 0 -1
25 7 29 2 1
25 7 30 2 1
25 7 31 2 1
25 7 32 2 1
25 7 33 2 1
25 7 34 2 1
25 7 35 2 1
25 7 36 2 1
25 7 37 2 1
25 7 38 2 1
25 7 39 2 1
25 7 40 2 1
25 7 41 2 1
25 7 42 2 1
25 7 43 2 1
25 7 44 2 1
25 7 45 2 1
25 7 46 2 1
25 7 47 2 1
25 7 48 2 1
25 7 49 2 1
25 7 50 4 3
25 7 51 4 3
25 7 52 4 3
25 7 53 4 3
25 7 54 4 3
25 7 55 4 3
25 7 56 4 3
25 7 57 4 3
25 7 58 4 3
25 7 59 4 3
25 7 60 4 3
25 8 3 0 -1
25 8 4 0 -1
25 8 5 0 -1
25 8 6 0 -1
25 8 7 0 -1
25 8 8 0 -1
25 8 9 0 -1
25 8 10 0 -1
25 8 11 0 -1
25 8 12 0 -1
25 8 13 0 -1
25 8 14 0 -1
25 8 15 0 -1
25 8 16 0 -1
25 8 17 0 -1
25 8 18 0 -1
25 8 19 0 -1
25 8 20 0 -1
25 8 21 0 -1
25 8 22 0 -1
25 8 23 0 -1
25 8 24 2 1
25 8 25 2 1
25 8 26 2 1
25 8 27 2 1
25 8 28 2 1
25 8 29 2 1
25 8 30 2 1
25 8 31 2 1
25 8 32 2 1
25 8 33 2 1
25 8 34 2 1
25 8 35 2 1
25 8 36 2 1
25 8 37 2 1
25 8 38 2 1
25 8 39 2 1
25 8 40 2 1
25 8 41 4 3
25 8 42 4 3
25 8 43 4 3
25 8 44 4 3
25 8 45 4 3
25 8 46 4 3
25 8 47 4 3
25 8 48 4 3
25 8 49 4 3
25 8 50 4 3
25 8 51 4 3
25 8 52 4 3
25 8 53 4 3
25 8 54 4 3
25 8 55 4 3
25 8 56 4 3
25 8 57 4 3
25 8 58 6 5
25 8 59 6 5
25 8 60 6 5
25 9 3 0 -1
25 9 4 0 -1
25 9 5 0 -1
25 9 6 0 -1
25 9 7 0 -1
25 9 8 0 -1
25 9 9 0 -1
25 9 10 0 -1
25 9 11 0 -1
25 9 12 0 -1
25 9 13 0 -1
25 9 14 0 -1
25 9 15 0 -1
25 9 16 0 -1
25 9 17 0 -1
25 9 18 0 -1
25 9 19 0 -1
25 9 20 2 1
25 9 21 2 1
25 9 22 2 1
25 9 23 2 1
25 9 24 2 1
25 9 25 2 1
25 9 26 2 1
25 9 27 2 1
25 9 28 2 1
25 9 29 2 1
25 9 30 2 1
25 9 31 2 1
25 9 32 2 1
25 9 33 2 1
25 9 34 4 3
25 9 35 4 3
25 9 36 4 3
25 9 37 4 3
25 9 38 4 3
25 9 39 4 3
25 9 40 4 3
25 9 41 4 3
25 9 42 4 3
25 9 43 4 3
25 9 44 4 3
25 9 45 4 3
25 9 46 4 3
25 9 47 4 3
25 9 48 6 5
25 9 49 6 5
25 9 50 6 5
25 9 51 6 5
25 9 52 6 5
25 9 53 6 5
25 9 54 6 5
25 9 55 6 5
25 9 56 6 5
25 9 57 6 5
25 9 58 6 5
25 9 59 6 5
25 9 60 6 5
25 10 3 0 -1
25 10 4 0 -1
25 10 5 0 -1
25 10 6 0 -1
25 10 7 0 -1
25 10 8 0 -1
25 10 9 0 -1
25 10 10 0 -1
25 10 11 0 -1
25 10 12 0 -1
25 10 13 0 -1
25 10 14 0 -1
25 10 15 0 -1
25 10 16 2 -1
25 10 17 2 1
25 10 18 2 1
25 10 19 2 1
25 10 20 2 1
25 10 21 2 1
25 10 22 2 1
25 10 23 2 1
25 10 24 2 1
25 10 25 2 1
25 10 26 2 1
25 10 27 2 1
25 10 28 4 1
25 10 29 4 3
25 10 30 4 3
25 10 31 4 3
25 10 32 4 3
25 10 33 4 3
25 10 34 4 3
25 10 35 4 3
25 10 36 4 3
25 10 37 4 3
25 10 38 4 3
25 10 39 4 3
25 10 40 6 5
25 10 41 6 5
25 10 42 6 5
25 10 43 6 5
25 10 44 6 5
25 10 45 6 5
25 10 46 6 5
25 10 47 6 5
25 10 48 6 5
25 10 49 6 5
25 10 50 6 5
25 10 51 8 5
25 10 52 8 7
25 10 53 8 7
25 10 54 8 7
25 10 55 8 7
25 10 56 8 7
25 10 57 8 7
25 10 58 8 7
25 10 59 8 7
25 10 60 8 7
25 11 3 0 -1
25 11 4 0 -1
25 11 5 0 -1
25 11 6 0 -1
25 11 7 0 -1
25 11 8 0 -1
25 11 9 0 -1
25 11 10 0 -1
25 11 11 0 -1
25 11 12 0 -1
25 11 13 0 -1
25 11 14 2 1
25 11 15 2 1
25 11 16 2 1
25 11 17 2 1
25 11 18 2 1
25 11 19 2 1
25 11 20 2 1
25 11 21 2 1
25 11 22 2 1
25 11 23 2 1
25 11 24 4 3
25 11 25 4 3
25 11 26 4 3
25 11 27 4 3
25 11 28 4 3
25 11 29 4 3
25 11 30 4 3
25 11 31 4 3
25 11 32 4 3
25 11 33 4 3
25 11 34 6 5
25 11 35 6 5
25 11 36 6 5
25 11 37 6 5
25 11 38 6 5
25 11 39 6 5
25 11 40 6 5
25 11 41 6 5
25 11 42 6 5
25 11 43 8 5
25 11 44 8 7
25 11 45 8 7
25 11 46 8 7
25 11 47 8 7
25 11 48 8 7
25 11 49 8 7
25 11 50 8 7
25 11 51 8 7
25 11 52 8 7
25 11 53 10 9
25 11 54 10 9
25 11 55 10 9
25 11 56 10 9
25 11 57 10 9
25 11 58 10 9
25 11 59 10 9
25 11 60 10 9
25 12 3 0 -1
25 12 4 0 -1
25 12 5 0 -1
25 12 6 0 -1
25 12 7 0 -1
25 12 8 0 -1
25 12 9 0 -1
25 12 10 0 -1
25 12 11 0 -1
25 12 12 2 1
25 12 13 2 1
25 12 14 2 1
25 12 15 2 1
25 12 16 2 1
25 12 17 2 1
25 12 18 2 1
25 12 19 2 1
25 12 20 4 1
25 12 21 4 3
25 12 22 4 3
25 12 23 4 3
25 12 24 4 3
25 12 25 4 3
25 12 26 4 3
25 12 27 4 3
25 12 28 4 3
25 12 29 6 5
25 12 30 6 5
25 12 31 6 5
25 12 32 6 5
25 12 33 6 5
25 12 34 6 5
25 12 35 6 5
25 12 36 6 5
25 12 37 8 7
25 12 38 8 7
25 12 39 8 7
25 12 40 8 7
25 12 41 8 7
25 12 42 8 7
25 12 43 8 7
25 12 44 8 7
25 12 45 10 7
25 12 46 10 9
25 12 47 10 9
25 12 48 10 9
25 12 49 10 9
25 12 50 10 9
25 12 51 10 9
25 12 52 10 9
25 12 53 12 9
25 12 54 12 11
25 12 55 12 11
25 12 56 12 11
25 12 57 12 11
25 12 58 12 11
25 12 59 12 11
25 12 60 12 11
25 13 3 0 -1
25 13 4 0 -1
25 13 5 0 -1
25 13 6 0 -1
25 13 7 0 -1
25 13 8 0 -1
25 13 9 0 -1
25 13 10 2 -1
25 13 11 2 1
25 13 12 2 1
25 13 13 2 1
25 13 14 2 1
25 13 15 2 1
25 13 16 2 1
25 13 17 4 1
25 13 18 4 3
25 13 19 4 3
25 13 20 4 3
25 13 21 4 3
25 13 22 4 3
25 13 23 4 3
25 13 24 4 3
25 13 25 6 5
25 13 26 6 5
25 13 27 6 5
25 13 28 6 5
25 13 29 6 5
25 13 30 6 5
25 13 31 6 5
25 13 32 8 7
25 13 33 8 7
25 13 34 8 7
25 13 35 8 7
25 13 36 8 7
25 13 37 8 7
25 13 38 8 7
25 13 39 10 9
25 13 40 10 9
25 13 41 10 9
25 13 42 10 9
25 13 43 10 9
25 13 44 10 9
25 13 45 10 9
25 13 46 12 11
25 13 47 12 11
25 13 48 12 11
25 13 49 12 11
25 13 50 12 11
25 13 51 12 11
25 13 52 12 11
25 13 53 14 13
25 13 54 14 13
25 13 55 14 13
25 13 56 14 13
25 13 57 14 13
25 13 58 14 13
25 13 59 14 13
25 13 60 16 15
25 14 3 0 -1
25 14 4 0 -1
25 14 5 0 -1
25 14 6 0 -1
25 14 7 0 -1
25 14 8 0 -1
25 14 9 2 1
25 14 10 2 1
25 14 11 2 1
25 14 12 2 1
25 14 13 2 1
25 14 14 2 1
25 14 15 4 3
25 14 16 4 3
25 14 17 4 3
25 14 18 4 3
25 14 19 4 3
25 14 20 4 3
25 14 21 6 3
25 14 22 6 5
25 14 23 6 5
25 14 24 6 5
25 14 25 6 5
25 14 26 6 5
25 14 27 6 5
25 14 28 8 7
25 14 29 8 7
25 14 30 8 7
25 14 31 8 7
25 14 32 8 7
25 14 33 8 7
25 14 34 10 9
25 14 35 10 9
25 14 36 10 9
25 14 37 10 9
25 14 38 10 9
25 14 39 10 9
25 14 40 12 11
25 14 41 12 11
25 14 42 12 11
25 14 43 12 11
25 14 44 12 11
25 14 45 12 11
25 14 46 14 13
25 14 47 14 13
25 14 48 14 13
25 14 49 14 13
25 14 50 14 13
25 14 51 14 13
25 14 52 16 15
25 14 53 16 15
25 14 54 16 15
25 14 55 16 15
25 14 56 16 15
25 14 57 16 15
25 14 58 18 15
25 14 59 18 17
25 14 60 18 17
25 15 3 0 -1
25 15 4 0 -1
25 15 5 0 -1
25 15 6 0 -1
25 15 7 0 -1
25 15 8 2 1
25 15 9 2 1
25 15 10 2 1
25 15 11 2 1
25 15 12 2 1
25 15 13 4 3
25 15 14 4 3
25 15 15 4 3
25 15 16 4 3
25 15 17 4 3
25 15 18 4 3
25 15 19 6 5
25 15 20 6 5
25 15 21 6 5
25 15 22 6 5
25 15 23 6 5
25 15 24 8 7
25 15 25 8 7
25 15 26 8 7
25 15 27 8 7
25 15 28 8 7
25 15 29 10 7
25 15 30 10 9
25 15 31 10 9
25 15 32 10 9
25 15 33 10 9
25 15 34 10 9
25 15 35 12 11
25 15 36 12 11
25 15 37 12 11
25 15 38 12 11
25 15 39 12 11
25 15 40 14 13
25 15 41 14 13
25 15 42 14 13
25 15 43 14 13
25 15 44 14 13
25 15 45 14 13
25 15 46 16 15
25 15 47 16 15
25 15 48 16 15
25 15 49 16 15
25 15 50 16 15
25 15 51 18 17
25 15 52 18 17
25 15 53 18 17
25 15 54 18 17
25 15 55 18 17
25 15 56 20 19
25 15 57 20 19
25 15 58 20 19
25 15 59 20 19
25 15 60 20 19
25 16 3 0 -1
25 16 4 0 -1
25 16 5 0 -1
25 16 6 0 -1
25 16 7 2 1
25 16 8 2 1
25 16 9 2 1
25 16 10 2 1
25 16 11 2 1
25 16 12 4 3
25 16 13 4 3
25 16 14 4 3
25 16 15 4 3
25 16 16 6 3
25 16 17 6 5
25 16 18 6 5
25 16 19 6 5
25 16 20 6 5
25 16 21 8 7
25 16 22 8 7
25 16 23 8 7
25 16 24 8 7
25 16 25 8 7
25 16 26 10 9
25 16 27 10 9
25 16 28 10 9
25 16 29 10 9
25 16 30 10 9
25 16 31 12 11
25 16 32 12 11
25 16 33 12 11
25 16 34 12 11
25 16 35 14 11
25 16 36 14 13
25 16 37 14 13
25 16 38 14 13
25 16 39 14 13
25 16 40 16 15
25 16 41 16 15
25 16 42 16 15
25 16 43 16 15
25 16 44 16 15
25 16 45 18 17
25 16 46 18 17
25 16 47 18 17
25 16 48 18 17
25 16 49 20 17
25 16 50 20 19
25 16 51 20 19
25 16 52 20 19
25 16 53 20 19
25 16 54 22 21
25 16 55 22 21
25 16 56 22 21
25 16 57 22 21
25 16 58 22 21
25 16 59 24 23
25 16 60 24 23
25 17 3 0 -1
25 17 4 0 -1
25 17 5 0 -1
25 17 6 2 1
25 17 7 2 1
25 17 8 2 1
25 17 9 2 1
25 17 10 4 3
25 17 11 4 3
25 17 12 4 3
25 17 13 4 3
25 17 14 6 3
25 17 15 6 5
25 17 16 6 5
25 17 17 6 5
25 17 18 6 5
25 17 19 8 7
25 17 20 8 7
25 17 21 8 7
25 17 22 8 7
25 17 23 10 9
25 17 24 10 9
25 17 25 10 9
25 17 26 10 9
25 17 27 12 11
25 17 28 12 11
25 17 29 12 11
25 17 30 12 11
25 17 31 14 13
25 17 32 14 13
25 17 33 14 13
25 17 34 14 13
25 17 35 14 13
25 17 36 16 15
25 17 37 16 15
25 17 38 16 15
25 17 39 16 15
25 17 40 18 17
25 17 41 18 17
25 17 42 18 17
25 17 43 18 17
25 17 44 20 19
25 17 45 20 19
25 17 46 20 19
25 17 47 20 19
25 17 48 22 21
25 17 49 22 21
25 17 50 22 21
25 17 51 22 21
25 17 52 24 23
25 17 53 24 23
25 17 54 24 23
25 17 55 24 23
25 17 56 26 23
25 17 57 26 25
25 17 58 26 25
25 17 59 26 25
25 17 60 26 25
25 18 3 0 -1
25 18 4 0 -1
25 18 5 2 -1
25 18 6 2 1
25 18 7 2 1
25 18 8 2 1
25 18 9 4 3
25 18 10 4 3
25 18 11 4 3
25 18 12 4 3
25 18 13 6 5
25 18 14 6 5
25 18 15 6 5
25 18 16 6 5
25 18 17 8 7
25 18 18 8 7
25 18 19 8 7
25 18 20 10 7
25 18 21 10 9
25 18 22 10 9
25 18 23 10 9
25 18 24 12 11
25 18 25 12 11
25 18 26 12 11
25 18 27 12 11
25 18 28 14 13
25 18 29 14 13
25 18 30 14 13
25 18 31 14 13
25 18 32 16 15
25 18 33 16 15
25 18 34 16 15
25 18 35 18 15
25 18 36 18 17
25 18 37 18 17
25 18 38 18 17
25 18 39 20 19
25 18 40 20 19
25 18 41 20 19
25 18 42 20 19
25 18 43 22 21
25 18 44 22 21
25 18 45 22 21
25 18 46 22 21
25 18 47 24 23
25 18 48 24 23
25 18 49 24 23
25 18 50 26 25
25 18 51 26 25
25 18 52 26 25
25 18 53 26 25
25 18 54 28 27
25 18 55 28 27
25 18 56 28 27
25 18 57 28 27
25 18 58 30 29
25 18 59 30 29
25 18 60 30 29
25 19 3 0 -1
25 19 4 2 1
25 19 5 2 1
25 19 6 2 1
25 19 7 2 1
25 19 8 4 3
25 19 9 4 3
25 19 10 4 3
25 19 11 4 3
25 19 12 6 5
25 19 13 6 5
25 19 14 6 5
25 19 15 8 7
25 19 16 8 7
25 19 17 8 7
25 19 18 10 9
25 19 19 10 9
25 19 20 10 9
25 19 21 10 9
25 19 22 12 11
25 19 23 12 11
25 19 24 12 11
25 19 25 14 13
25 19 26 14 13
25 19 27 14 13
25 19 28 16 13
25 19 29 16 15
25 19 30 16 15
25 19 31 16 15
25 19 32 18 17
25 19 33 18 17
25 19 34 18 17
25 19 35 20 19
25 19 36 20 19
25 19 37 20 19
25 19 38 20 19
25 19 39 22 21
25 19 40 22 21
25 19 41 22 21
25 19 42 24 23
25 19 43 24 23
25 19 44 24 23
25 19 45 26 25
25 19 46 26 25
25 19 47 26 25
25 19 48 26 25
25 19 49 28 27
25 19 50 28 27
25 19 51 28 27
25 19 52 30 29
25 19 53 30 29
25 19 54 30 29
25 19 55 32 31
25 19 56 32 31
25 19 57 32 31
25 19 58 32 31
25 19 59 34 33
25 19 60 34 33
25 20 3 0 -1
25 20 4 2 1
25 20 5 2 1
25 20 6 2 1
25 20 7 2 1
25 20 8 4 3
25 20 9 4 3
25 20 10 6 5
25 20 11 6 5
25 20 12 6 5
25 20 13 6 5
25 20 14 8 7
25 20 15 8 7
25 20 16 8 7
25 20 17 10 9
25 20 18 10 9
25 20 19 10 9
25 20 20 12 11
25 20 21 12 11
25 20 22 12 11
25 20 23 14 13
25 20 24 14 13
25 20 25 14 13
25 20 26 16 15
25 20 27 16 15
25 20 28 16 15
25 20 29 18 17
25 20 30 18 17
25 20 31 18 17
25 20 32 20 19
25 20 33 20 19
25 20 34 20 19
25 20 35 22 21
25 20 36 22 21
25 20 37 22 21
25 20 38 24 23
25 20 39 24 23
25 20 40 24 23
25 20 41 26 25
25 20 42 26 25
25 20 43 26 25
25 20 44 28 27
25 20 45 28 27
25 20 46 28 27
25 20 47 30 29
25 20 48 30 29
25 20 49 30 29
25 20 50 32 31
25 20 51 32 31
25 20 52 32 31
25 20 53 34 33
25 20 54 34 33
25 20 55 34 33
25 20 56 36 35
25 20 57 36 35
25 20 58 36 35
25 20 59 38 37
25 20 60 38 37
25 21 3 0 -1
25 21 4 2 1
25 21 5 2 1
25 21 6 4 3
25 21 7 4 3
25 21 8 4 3
25 21 9 4 3
25 21 10 6 5
25 21 11 6 5
25 21 12 8 7
25 21 13 8 7
25 21 14 8 7
25 21 15 10 9
25 21 16 10 9
25 21 17 10 9
25 21 18 12 11
25 21 19 12 11
25 21 20 12 11
25 21 21 14 13
25 21 22 14 13
25 21 23 14 13
25 21 24 16 15
25 21 25 16 15
25 21 26 18 17
25 21 27 18 17
25 21 28 18 17
25 21 29 20 19
25 21 30 20 19
25 21 31 20 19
25 21 32 22 21
25 21 33 22 21
25 21 34 22 21
25 21 35 24 23
25 21 36 24 23
25 21 37 26 25
25 21 38 26 25
25 21 39 26 25
25 21 40 28 27
25 21 41 28 27
25 21 42 28 27
25 21 43 30 29
25 21 44 30 29
25 21 45 30 29
25 21 46 32 31
25 21 47 32 31
25 21 48 34 33
25 21 49 34 33
25 21 50 34 33
25 21 51 36 35
25 21 52 36 35
25 21 53 36 35
25 21 54 38 37
25 21 55 38 37
25 21 56 38 37
25 21 57 40 39
25 21 58 40 39
25 21 59 42 39
25 21 60 42 41
25 22 3 0 -1
25 22 4 2 1
25 22 5 2 1
25 22 6 4 3
25 22 7 4 3
25 22 8 6 5
25 22 9 6 5
25 22 10 6 5
25 22 11 6 5
25 22 12 8 7
25 22 13 8 7
25 22 14 10 9
25 22 15 10 9
25 22 16 12 11
25 22 17 12 11
25 22 18 12 11
25 22 19 14 13
25 22 20 14 13
25 22 21 14 13
25 22 22 16 15
25 22 23 16 15
25 22 24 18 17
25 22 25 18 17
25 22 26 18 17
25 22 27 20 19
25 22 28 20 19
25 22 29 22 21
25 22 30 22 21
25 22 31 22 21
25 22 32 24 23
25 22 33 24 23
25 22 34 26 25
25 22 35 26 25
25 22 36 26 25
25 22 37 28 27
25 22 38 28 27
25 22 39 30 29
25 22 40 30 29
25 22 41 30 29
25 22 42 32 31
25 22 43 32 31
25 22 44 34 33
25 22 45 34 33
25 22 46 34 33
25 22 47 36 35
25 22 48 36 35
25 22 49 38 35
25 22 50 38 37
25 22 51 38 37
25 22 52 40 39
25 22 53 40 39
25 22 54 40 39
25 22 55 42 41
25 22 56 42 41
25 22 57 44 43
25 22 58 44 43
25 22 59 44 43
25 22 60 46 45
25 23 3 0 -1
25 23 4 2 1
25 23 5 2 1
25 23 6 4 3
25 23 7 4 3
25 23 8 6 5
25 23 9 6 5
25 23 10 8 7
25 23 11 8 7
25 23 12 10 9
25 23 13 10 9
25 23 14 10 9
25 23 15 12 11
25 23 16 12 11
25 23 17 12 11
25 23 18 14 13
25 23 19 14 13
25 23 20 16 15
25 23 21 16 15
25 23 22 18 17
25 23 23 18 17
25 23 24 20 19
25 23 25 20 19
25 23 26 20 19
25 23 27 22 21
25 23 28 22 21
25 23 29 24 23
25 23 30 24 23
25 23 31 24 23
25 23 32 26 25
25 23 33 26 25
25 23 34 28 27
25 23 35 28 27
25 23 36 30 29
25 23 37 30 29
25 23 38 30 29
25 23 39 32 31
25 23 40 32 31
25 23 41 34 33
25 23 42 34 33
25 23 43 36 35
25 23 44 36 35
25 23 45 36 35
25 23 46 38 37
25 23 47 38 37
25 23 48 40 39
25 23 49 40 39
25 23 50 42 41
25 23 51 42 41
25 23 52 42 41
25 23 53 44 43
25 23 54 44 43
25 23 55 46 45
25 23 56 46 45
25 23 57 48 47
25 23 58 48 47
25 23 59 48 47
25 23 60 50 49
26 2 3 0 -1
26 2 4 0 -1
26 2 5 0 -1
26 2 6 0 -1
26 2 7 0 -1
26 2 8 0 -1
26 2 9 0 -1
26 2 10 0 -1
26 2 11 0 -1
26 2 12 0 -1
26 2 13 0 -1
26 2 14 0 -1
26 2 15 0 -1
26 2 16 0 -1
26 2 17 0 -1
26 2 18 0 -1
26 2 19 0 -1
26 2 20 0 -1
26 2 21 0 -1
26 2 22 0 -1
26 2 23 0 -1
26 2 24 0 -1
26 2 25 0 -1
26 2 26 0 -1
26 2 27 0 -1
26 2 28 0 -1
26 2 29 0 -1
26 2 30 0 -1
26 2 31 0 -1
26 2 32 0 -1
26 2 33 0 -1
26 2 34 0 -1
26 2 35 0 -1
26 2 36 0 -1
26 2 37 0 -1
26 2 38 0 -1
26 2 39 0 -1
26 2 40 0 -1
26 2 41 0 -1
26 2 42 0 -1
26 2 43 0 -1
26 2 44 0 -1
26 2 45 0 -1
26 2 46 0 -1
26 2 47 0 -1
26 2 48 0 -1
26 2 49 0 -1
26 2 50 0 -1
26 2 51 0 -1
26 2 52 0 -1
26 2 53 0 -1
26 2 54 0 -1
26 2 55 0 -1
26 2 56 0 -1
26 2 57 0 -1
26 2 58 0 -1
26 2 59 0 -1
26 2 60 0 -1
26 3 3 0 -1
26 3 4 0 -1
26 3 5 0 -1
26 3 6 0 -1
26 3 7 0 -1
26 3 8 0 -1
26 3 9 0 -1
26 3 10 0 -1
26 3 11 0 -1
26 3 12 0 -1
26 3 13 0 -1
26 3 14 0 -1
26 3 15 0 -1
26 3 16 0 -1
26 3 17 0 -1
26 3 18 0 -1
26 3 19 0 -1
26 3 20 0 -1
26 3 21 0 -1
26 3 22 0 -1
26 3 23 0 -1
26 3 24 0 -1
26 3 25 0 -1
26 3 26 0 -1
26 3 27 0 -1
26 3 28 0 -1
26 3 29 0 -1
26 3 30 0 -1
26 3 31 0 -1
26 3 32 0 -1
26 3 33 0 -1
26 3 34 0 -1
26 3 35 0 -1
26 3 36 0 -1
26 3 37 0 -1
26 3 38 0 -1
26 3 39 0 -1
26 3 40 0 -1
26 3 41 0 -1
26 3 42 0 -1
26 3 43 0 -1
26 3 44 0 -1
26 3 45 0 -1
26 3 46 0 -1
26 3 47 0 -1
26 3 48 0 -1
26 3 49 0 -1
26 3 50 0 -1
26 3 51 0 -1
26 3 52 0 -1
26 3 53 0 -1
26 3 54 0 -1
26 3 55 0 -1
26 3 56 0 -1
26 3 57 0 -1
26 3 58 0 -1
26 3 59 0 -1
26 3 60 0 -1
26 4 3 0 -1
26 4 4 0 -1
26 4 5 0 -1
26 4 6 0 -1
26 4 7 0 -1
26 4 8 0 -1
26 4 9 0 -1
26 4 10 0 -1
26 4 11 0 -1
26 4 12 0 -1
26 4 13 0 -1
26 4 14 0 -1
26 4 15 0 -1
26 4 16 0 -1
26 4 17 0 -1
26 4 18 0 -1
26 4 19 0 -1
26 4 20 0 -1
26 4 21 0 -1
26 4 22 0 -1
26 4 23 0 -1
26 4 24 0 -1
26 4 25 0 -1
26 4 26 0 -1
26 4 27 0 -1
26 4 28 0 -1
26 4 29 0 -1
26 4 30 0 -1
26 4 31 0 -1
26 4 32 0 -1
26 4 33 0 -1
26 4 34 0 -1
26 4 35 0 -1
26 4 36 0 -1
26 4 37 0 -1
26 4 38 0 -1
26 4 39 0 -1
26 4 40 0 -1
26 4 41 0 -1
26 4 42 0 -1
26 4 43 0 -1
26 4 44 0 -1
26 4 45 0 -1
26 4 46 0 -1
26 4 47 0 -1
26 4 48 0 -1
26 4 49 0 -1
26 4 50 0 -1
26 4 51 0 -1
26 4 52 0 -1
26 4 53 0 -1
26 4 54 0 -1
26 4 55 0 -1
26 4 56 0 -1
26 4 57 0 -1
26 4 58 0 -1
26 4 59 0 -1
26 4 60 0 -1
26 5 3 0 -1
26 5 4 0 -1
26 5 5 0 -1
26 5 6 0 -1
26 5 7 0 -1
26 5 8 0 -1
26 5 9 0 -1
26 5 10 0 -1
26 5 11 0 -1
26 5 12 0 -1
26 5 13 0 -1
26 5 14 0 -1
26 5 15 0 -1
26 5 16 0 -1
26 5 17 0 -1
26 5 18 0 -1
26 5 19 0 -1
26 5 20 0 -1
26 5 21 0 -1
26 5 22 0 -1
26 5 23 0 -1
26 5 24 0 -1
26 5 25 0 -1
26 5 26 0 -1
26 5 27 0 -1
26 5 28 0 -1
26 5 29 0 -1
26 5 30 0 -1
26 5 31 0 -1
26 5 32 0 -1
26 5 33 0 -1
26 5 34 0 -1
26 5 35 0 -1
26 5 36 0 -1
26 5 37 0 -1
26 5 38 0 -1
26 5 39 0 -1
26 5 40 0 -1
26 5 41 0 -1
26 5 42 0 -1
26 5 43 0 -1
26 5 44 0 -1
26 5 45 0 -1
26 5 46 0 -1
26 5 47 0 -1
26 5 48 2 -1
26 5 49 2 1
26 5 50 2 1
26 5 51 2 1
26 5 52 2 1
26 5 53 2 1
26 5 54 2 1
26 5 55 2 1
26 5 56 2 1
26 5 57 2 1
26 5 58 2 1
26 5 59 2 1
26 5 60 2 1
26 6 3 0 -1
26 6 4 0 -1
26 6 5 0 -1
26 6 6 0 -1
26 6 7 0 -1
26 6 8 0 -1
26 6 9 0 -1
26 6 10 0 -1
26 6 11 0 -1
26 6 12 0 -1
26 6 13 0 -1
26 6 14 0 -1
26 6 15 0 -1
26 6 16 0 -1
26 6 17 0 -1
26 6 18 0 -1
26 6 19 0 -1
26 6 20 0 -1
26 6 21 0 -1
26 6 22 0 -1
26 6 23 0 -1
26 6 24 0 -1
26 6 25 0 -1
26 6 26 0 -1
26 6 27 0 -1
26 6 28 0 -1
26 6 29 0 -1
26 6 30 0 -1
26 6 31 0 -1
26 6 32 0 -1
26 6 33 0 -1
26 6 34 0 -1
26 6 35 0 -1
26 6 36 0 -1
26 6 37 0 -1
26 6 38 2 -1
26 6 39 2 1
26 6 40 2 1
26 6 41 2 1
26 6 42 2 1
26 6 43 2 1
26 6 44 2 1
26 6 45 2 1
26 6 46 2 1
26 6 47 2 1
26 6 48 2 1
26 6 49 2 1
26 6 50 2 1
26 6 51 2 1
26 6 52 2 1
26 6 53 2 1
26 6 54 2 1
26 6 55 2 1
26 6 56 2 1
26 6 57 2 1
26 6 58 2 1
26 6 59 2 1
26 6 60 2 1
26 7 3 0 -1
26 7 4 0 -1
26 7 5 0 -1
26 7 6 0 -1
26 7 7 0 -1
26 7 8 0 -1
26 7 9 0 -1
26 7 10 0 -1
26 7 11 0 -1
26 7 12 0 -1
26 7 13 0 -1
26 7 14 0 -1
26 7 15 0 -1
26 7 16 0 -1
26 7 17 0 -1
26 7 18 0 -1
26 7 19 0 -1
26 7 20 0 -1
26 7 21 0 -1
26 7 22 0 -1
26 7 23 0 -1
26 7 24 0 -1
26 7 25 0 -1
26 7 26 0 -1
26 7 27 0 -1
26 7 28 0 -1
26 7 29 0 -1
26 7 30 2 -1
26 7 31 2 1
26 7 32 2 1
26 7 33 2 1
26 7 34 2 1
26 7 35 2 1
26 7 36 2 1
26 7 37 2 1
26 7 38 2 1
26 7 39 2 1
26 7 40 2 1
26 7 41 2 1
26 7 42 2 1
26 7 43 2 1
26 7 44 2 1
26 7 45 2 1
26 7 46 2 1
26 7 47 2 1
26 7 48 2 1
26 7 49 2 1
26 7 50 2 1
26 7 51 2 1
26 7 52 2 1
26 7 53 4 3
26 7 54 4 3
26 7 55 4 3
26 7 56 4 3
26 7 57 4 3
26 7 58 4 3
26 7 59 4 3
26 7 60 4 3
26 8 3 0 -1
26 8 4 0 -1
26 8 5 0 -1
26 8 6 0 -1
26 8 7 0 -1
26 8 8 0 -1
26 8 9 0 -1
26 8 10 0 -1
26 8 11 0 -1
26 8 12 0 -1
26 8 13 0 -1
26 8 14 0 -1
26 8 15 0 -1
26 8 16 0 -1
26 8 17 0 -1
26 8 18 0 -1
26 8 19 0 -1
26 8 20 0 -1
26 8 21 0 -1
26 8 22 0 -1
26 8 23 0 -1
26 8 24 0 -1
26 8 25 2 -1
26 8 26 2 1
26 8 27 2 1
26 8 28 2 1
26 8 29 2 1
26 8 30 2 1
26 8 31 2 1
26 8 32 2 1
26 8 33 2 1
26 8 34 2 1
26 8 35 2 1
26 8 36 2 1
26 8 37 2 1
26 8 38 2 1
26 8 39 2 1
26 8 40 2 1
26 8 41 2 1
26 8 42 2 1
26 8 43 4 1
26 8 44 4 3
26 8 45 4 3
26 8 46 4 3
26 8 47 4 3
26 8 48 4 3
26 8 49 4 3
26 8 50 4 3
26 8 51 4 3
26 8 52 4 3
26 8 53 4 3
26 8 54 4 3
26 8 55 4 3
26 8 56 4 3
26 8 57 4 3
26 8 58 4 3
26 8 59 4 3
26 8 60 4 3
26 9 3 0 -1
26 9 4 0 -1
26 9 5 0 -1
26 9 6 0 -1
26 9 7 0 -1
26 9 8 0 -1
26 9 9 0 -1
26 9 10 0 -1
26 9 11 0 -1
26 9 12 0 -1
26 9 13 0 -1
26 9 14 0 -1
26 9 15 0 -1
26 9 16 0 -1
26 9 17 0 -1
26 9 18 0 -1
26 9 19 0 -1
26 9 20 0 -1
26 9 21 2 1
26 9 22 2 1
26 9 23 2 1
26 9 24 2 1
26 9 25 2 1
26 9 26 2 1
26 9 27 2 1
26 9 28 2 1
26 9 29 2 1
26 9 30 2 1
26 9 31 2 1
26 9 32 2 1
26 9 33 2 1
26 9 34 2 1
26 9 35 2 1
26 9 36 4 3
26 9 37 4 3
26 9 38 4 3
26 9 39 4 3
26 9 40 4 3
26 9 41 4 3
26 9 42 4 3
26 9 43 4 3
26 9 44 4 3
26 9 45 4 3
26 9 46 4 3
26 9 47 4 3
26 9 48 4 3
26 9 49 4 3
26 9 50 4 3
26 9 51 6 5
26 9 52 6 5
26 9 53 6 5
26 9 54 6 5
26 9 55 6 5
26 9 56 6 5
26 9 57 6 5
26 9 58 6 5
26 9 59 6 5
26 9 60 6 5
26 10 3 0 -1
26 10 4 0 -1
26 10 5 0 -1
26 10 6 0 -1
26 10 7 0 -1
26 10 8 0 -1
26 10 9 0 -1
26 10 10 0 -1
26 10 11 0 -1
26 10 12 0 -1
26 10 13 0 -1
26 10 14 0 -1
26 10 15 0 -1
26 10 16 0 -1
26 10 17 0 -1
26 10 18 2 1
26 10 19 2 1
26 10 20 2 1
26 10 21 2 1
26 10 22 2 1
26 10 23 2 1
26 10 24 2 1
26 10 25 2 1
26 10 26 2 1
26 10 27 2 1
26 10 28 2 1
26 10 29 2 1
26 10 30 4 1
26 10 31 4 3
26 10 32 4 3
26 10 33 4 3
26 10 34 4 3
26 10 35 4 3
26 10 36 4 3
26 10 37 4 3
26 10 38 4 3
26 10 39 4 3
26 10 40 4 3
26 10 41 4 3
26 10 42 6 3
26 10 43 6 5
26 10 44 6 5
26 10 45 6 5
26 10 46 6 5
26 10 47 6 5
26 10 48 6 5
26 10 49 6 5
26 10 50 6 5
26 10 51 6 5
26 10 52 6 5
26 10 53 6 5
26 10 54 6 5
26 10 55 8 7
26 10 56 8 7
26 10 57 8 7
26 10 58 8 7
26 10 59 8 7
26 10 60 8 7
26 11 3 0 -1
26 11 4 0 -1
26 11 5 0 -1
26 11 6 0 -1
26 11 7 0 -1
26 11 8 0 -1
26 11 9 0 -1
26 11 10 0 -1
26 11 11 0 -1
26 11 12 0 -1
26 11 13 0 -1
26 11 14 0 -1
26 11 15 2 1
26 11 16 2 1
26 11 17 2 1
26 11 18 2 1
26 11 19 2 1
26 11 20 2 1
26 11 21 2 1
26 11 22 2 1
26 11 23 2 1
26 11 24 2 1
26 11 25 4 1
26 11 26 4 3
26 11 27 4 3
26 11 28 4 3
26 11 29 4 3
26 11 30 4 3
26 11 31 4 3
26 11 32 4 3
26 11 33 4 3
26 11 34 4 3
26 11 35 4 3
26 11 36 6 5
26 11 37 6 5
26 11 38 6 5
26 11 39 6 5
26 11 40 6 5
26 11 41 6 5
26 11 42 6 5
26 11 43 6 5
26 11 44 6 5
26 11 45 6 5
26 11 46 8 5
26 11 47 8 7
26 11 48 8 7
26 11 49 8 7
26 11 50 8 7
26 11 51 8 7
26 11 52 8 7
26 11 53 8 7
26 11 54 8 7
26 11 55 8 7
26 11 56 8 7
26 11 57 10 9
26 11 58 10 9
26 11 59 10 9
26 11 60 10 9
26 12 3 0 -1
26 12 4 0 -1
26 12 5 0 -1
26 12 6 0 -1
26 12 7 0 -1
26 12 8 0 -1
26 12 9 0 -1
26 12 10 0 -1
26 12 11 0 -1
26 12 12 0 -1
26 12 13 2 1
26 12 14 2 1
26 12 15 2 1
26 12 16 2 1
26 12 17 2 1
26 12 18 2 1
26 12 19 2 1
26 12 20 2 1
26 12 21 2 1
26 12 22 4 3
26 12 23 4 3
26 12 24 4 3
26 12 25 4 3
26 12 26 4 3
26 12 27 4 3
26 12 28 4 3
26 12 29 4 3
26 12 30 4 3
26 12 31 6 5
26 12 32 6 5
26 12 33 6 5
26 12 34 6 5
26 12 35 6 5
26 12 36 6 5
26 12 37 6 5
26 12 38 6 5
26 12 39 6 5
26 12 40 8 7
26 12 41 8 7
26 12 42 8 7
26 12 43 8 7
26 12 44 8 7
26 12 45 8 7
26 12 46 8 7
26 12 47 8 7
26 12 48 8 7
26 12 49 10 9
26 12 50 10 9
26 12 51 10 9
26 12 52 10 9
26 12 53 10 9
26 12 54 10 9
26 12 55 10 9
26 12 56 10 9
26 12 57 12 9
26 12 58 12 11
26 12 59 12 11
26 12 60 12 11
26 13 3 0 -1
26 13 4 0 -1
26 13 5 0 -1
26 13 6 0 -1
26 13 7 0 -1
26 13 8 0 -1
26 13 9 0 -1
26 13 10 0 -1
26 13 11 2 1
26 13 12 2 1
26 13 13 2 1
26 13 14 2 1
26 13 15 2 1
26 13 16 2 1
26 13 17 2 1
26 13 18 2 1
26 13 19 4 3
26 13 20 4 3
26 13 21 4 3
26 13 22 4 3
26 13 23 4 3
26 13 24 4 3
26 13 25 4 3
26 13 26 4 3
26 13 27 6 5
26 13 28 6 5
26 13 29 6 5
26 13 30 6 5
26 13 31 6 5
26 13 32 6 5
26 13 33 6 5
26 13 34 8 5
26 13 35 8 7
26 13 36 8 7
26 13 37 8 7
26 13 38 8 7
26 13 39 8 7
26 13 40 8 7
26 13 41 8 7
26 13 42 10 9
26 13 43 10 9
26 13 44 10 9
26 13 45 10 9
26 13 46 10 9
26 13 47 10 9
26 13 48 10 9
26 13 49 12 9
26 13 50 12 11
26 13 51 12 11
26 13 52 12 11
26 13 53 12 11
26 13 54 12 11
26 13 55 12 11
26 13 56 12 11
26 13 57 14 13
26 13 58 14 13
26 13 59 14 13
26 13 60 14 13
26 14 3 0 -1
26 14 4 0 -1
26 14 5 0 -1
26 14 6 0 -1
26 14 7 0 -1
26 14 8 0 -1
26 14 9 0 -1
26 14 10 2 1
26 14 11 2 1
26 14 12 2 1
26 14 13 2 1
26 14 14 2 1
26 14 15 2 1
26 14 16 4 1
26 14 17 4 3
26 14 18 4 3
26 14 19 4 3
26 14 20 4 3
26 14 21 4 3
26 14 22 4 3
26 14 23 6 5
26 14 24 6 5
26 14 25 6 5
26 14 26 6 5
26 14 27 6 5
26 14 28 6 5
26 14 29 6 5
26 14 30 8 7
26 14 31 8 7
26 14 32 8 7
26 14 33 8 7
26 14 34 8 7
26 14 35 8 7
26 14 36 10 7
26 14 37 10 9
26 14 38 10 9
26 14 39 10 9
26 14 40 10 9
26 14 41 10 9
26 14 42 10 9
26 14 43 12 11
26 14 44 12 11
26 14 45 12 11
26 14 46 12 11
26 14 47 12 11
26 14 48 12 11
26 14 49 12 11
26 14 50 14 13
26 14 51 14 13
26 14 52 14 13
26 14 53 14 13
26 14 54 14 13
26 14 55 14 13
26 14 56 16 13
26 14 57 16 15
26 14 58 16 15
26 14 59 16 15
26 14 60 16 15
26 15 3 0 -1
26 15 4 0 -1
26 15 5 0 -1
26 15 6 0 -1
26 15 7 0 -1
26 15 8 2 -1
26 15 9 2 1
26 15 10 2 1
26 15 11 2 1
26 15 12 2 1
26 15 13 2 1
26 15 14 4 1
26 15 15 4 3
26 15 16 4 3
26 15 17 4 3
26 15 18 4 3
26 15 19 4 3
26 15 20 6 5
26 15 21 6 5
26 15 22 6 5
26 15 23 6 5
26 15 24 6 5
26 15 25 6 5
26 15 26 8 7
26 15 27 8 7
26 15 28 8 7
26 15 29 8 7
26 15 30 8 7
26 15 31 8 7
26 15 32 10 9
26 15 33 10 9
26 15 34 10 9
26 15 35 10 9
26 15 36 10 9
26 15 37 10 9
26 15 38 12 11
26 15 39 12 11
26 15 40 12 11
26 15 41 12 11
26 15 42 12 11
26 15 43 14 11
26 15 44 14 13
26 15 45 14 13
26 15 46 14 13
26 15 47 14 13
26 15 48 14 13
26 15 49 16 15
26 15 50 16 15
26 15 51 16 15
26 15 52 16 15
26 15 53 16 15
26 15 54 16 15
26 15 55 18 17
26 15 56 18 17
26 15 57 18 17
26 15 58 18 17
26 15 59 18 17
26 15 60 18 17
26 16 3 0 -1
26 16 4 0 -1
26 16 5 0 -1
26 16 6 0 -1
26 16 7 2 -1
26 16 8 2 1
26 16 9 2 1
26 16 10 2 1
26 16 11 2 1
26 16 12 2 1
26 16 13 4 3
26 16 14 4 3
26 16 15 4 3
26 16 16 4 3
26 16 17 4 3
26 16 18 6 5
26 16 19 6 5
26 16 20 6 5
26 16 21 6 5
26 16 22 6 5
26 16 23 8 7
26 16 24 8 7
26 16 25 8 7
26 16 26 8 7
26 16 27 8 7
26 16 28 10 9
26 16 29 10 9
26 16 30 10 9
26 16 31 10 9
26 16 32 10 9
26 16 33 12 11
26 16 34 12 11
26 16 35 12 11
26 16 36 12 11
26 16 37 12 11
26 16 38 14 13
26 16 39 14 13
26 16 40 14 13
26 16 41 14 13
26 16 42 14 13
26 16 43 16 15
26 16 44 16 15
26 16 45 16 15
26 16 46 16 15
26 16 47 16 15
26 16 48 18 15
26 16 49 18 17
26 16 50 18 17
26 16 51 18 17
26 16 52 18 17
26 16 53 20 17
26 16 54 20 19
26 16 55 20 19
26 16 56 20 19
26 16 57 20 19
26 16 58 20 19
26 16 59 22 21
26 16 60 22 21
26 17 3 0 -1
26 17 4 0 -1
26 17 5 0 -1
26 17 6 2 -1
26 17 7 2 1
26 17 8 2 1
26 17 9 2 1
26 17 10 2 1
26 17 11 4 3
26 17 12 4 3
26 17 13 4 3
26 17 14 4 3
26 17 15 4 3
26 17 16 6 5
26 17 17 6 5
26 17 18 6 5
26 17 19 6 5
26 17 20 8 7
26 17 21 8 7
26 17 22 8 7
26 17 23 8 7
26 17 24 8 7
26 17 25 10 9
26 17 26 10 9
26 17 27 10 9
26 17 28 10 9
26 17 29 12 9
26 17 30 12 11
26 17 31 12 11
26 17 32 12 11
26 17 33 12 11
26 17 34 14 13
26 17 35 14 13
26 17 36 14 13
26 17 37 14 13
26 17 38 16 13
26 17 39 16 15
26 17 40 16 15
26 17 41 16 15
26 17 42 16 15
26 17 43 18 17
26 17 44 18 17
26 17 45 18 17
26 17 46 18 17
26 17 47 20 17
26 17 48 20 19
26 17 49 20 19
26 17 50 20 19
26 17 51 20 19
26 17 52 22 21
26 17 53 22 21
26 17 54 22 21
26 17 55 22 21
26 17 56 24 21
26 17 57 24 23
26 17 58 24 23
26 17 59 24 23
26 17 60 24 23
26 18 3 0 -1
26 18 4 0 -1
26 18 5 0 -1
26 18 6 2 1
26 18 7 2 1
26 18 8 2 1
26 18 9 2 1
26 18 10 4 3
26 18 11 4 3
26 18 12 4 3
26 18 13 4 3
26 18 14 6 5
26 18 15 6 5
26 18 16 6 5
26 18 17 6 5
26 18 18 8 7
26 18 19 8 7
26 18 20 8 7
26 18 21 8 7
26 18 22 10 9
26 18 23 10 9
26 18 24 10 9
26 18 25 10 9
26 18 26 12 11
26 18 27 12 11
26 18 28 12 11
26 18 29 12 11
26 18 30 14 13
26 18 31 14 13
26 18 32 14 13
26 18 33 14 13
26 18 34 16 15
26 18 35 16 15
26 18 36 16 15
26 18 37 16 15
26 18 38 18 17
26 18 39 18 17
26 18 40 18 17
26 18 41 18 17
26 18 42 20 19
26 18 43 20 19
26 18 44 20 19
26 18 45 20 19
26 18 46 22 19
26 18 47 22 21
26 18 48 22 21
26 18 49 22 21
26 18 50 24 21
26 18 51 24 23
26 18 52 24 23
26 18 53 24 23
26 18 54 26 23
26 18 55 26 25
26 18 56 26 25
26 18 57 26 25
26 18 58 28 25
26 18 59 28 27
26 18 60 28 27
26 19 3 0 -1
26 19 4 0 -1
26 19 5 2 1
26 19 6 2 1
26 19 7 2 1
26 19 8 2 1
26 19 9 4 3
26 19 10 4 3
26 19 11 4 3
26 19 12 4 3
26 19 13 6 5
26 19 14 6 5
26 19 15 6 5
26 19 16 8 7
26 19 17 8 7
26 19 18 8 7
26 19 19 8 7
26 19 20 10 9
26 19 21 10 9
26 19 22 10 9
26 19 23 12 9
26 19 24 12 11
26 19 25 12 11
26 19 26 12 11
26 19 27 14 13
26 19 28 14 13
26 19 29 14 13
26 19 30 14 13
26 19 31 16 15
26 19 32 16 15
26 19 33 16 15
26 19 34 18 15
26 19 35 18 17
26 19 36 18 17
26 19 37 18 17
26 19 38 20 19
26 19 39 20 19
26 19 40 20 19
26 19 41 20 19
26 19 42 22 21
26 19 43 22 21
26 19 44 22 21
26 19 45 24 23
26 19 46 24 23
26 19 47 24 23
26 19 48 24 23
26 19 49 26 25
26 19 50 26 25
26 19 51 26 25
26 19 52 26 25
26 19 53 28 27
26 19 54 28 27
26 19 55 28 27
26 19 56 30 29
26 19 57 30 29
26 19 58 30 29
26 19 59 30 29
26 19 60 32 31
26 20 3 0 -1
26 20 4 2 1
26 20 5 2 1
26 20 6 2 1
26 20 7 2 1
26 20 8 4 3
26 20 9 4 3
26 20 10 4 3
26 20 11 6 5
26 20 12 6 5
26 20 13 6 5
26 20 14 6 5
26 20 15 8 7
26 20 16 8 7
26 20 17 8 7
26 20 18 10 9
26 20 19 10 9
26 20 20 10 9
26 20 21 12 11
26 20 22 12 11
26 20 23 12 11
26 20 24 12 11
26 20 25 14 13
26 20 26 14 13
26 20 27 14 13
26 20 28 16 15
26 20 29 16 15
26 20 30 16 15
26 20 31 18 17
26 20 32 18 17
26 20 33 18 17
26 20 34 20 19
26 20 35 20 19
26 20 36 20 19
26 20 37 20 19
26 20 38 22 21
26 20 39 22 21
26 20 40 22 21
26 20 41 24 23
26 20 42 24 23
26 20 43 24 23
26 20 44 26 25
26 20 45 26 25
26 20 46 26 25
26 20 47 26 25
26 20 48 28 27
26 20 49 28 27
26 20 50 28 27
26 20 51 30 29
26 20 52 30 29
26 20 53 30 29
26 20 54 32 31
26 20 55 32 31
26 20 56 32 31
26 20 57 34 33
26 20 58 34 33
26 20 59 34 33
26 20 60 34 33
26 21 3 0 -1
26 21 4 2 1
26 21 5 2 1
26 21 6 2 1
26 21 7 4 1
26 21 8 4 3
26 21 9 4 3
26 21 10 6 5
26 21 11 6 5
26 21 12 6 5
26 21 13 8 7
26 21 14 8 7
26 21 15 8 7
26 21 16 10 9
26 21 17 10 9
26 21 18 10 9
26 21 19 12 11
26 21 20 12 11
26 21 21 12 11
26 21 22 14 13
26 21 23 14 13
26 21 24 14 13
26 21 25 16 15
26 21 26 16 15
26 21 27 16 15
26 21 28 18 17
26 21 29 18 17
26 21 30 18 17
26 21 31 20 19
26 21 32 20 19
26 21 33 20 19
26 21 34 22 21
26 21 35 22 21
26 21 36 22 21
26 21 37 24 23
26 21 38 24 23
26 21 39 24 23
26 21 40 26 25
26 21 41 26 25
26 21 42 26 25
26 21 43 28 27
26 21 44 28 27
26 21 45 28 27
26 21 46 30 29
26 21 47 30 29
26 21 48 30 29
26 21 49 32 31
26 21 50 32 31
26 21 51 32 31
26 21 52 34 33
26 21 53 34 33
26 21 54 34 33
26 21 55 36 35
26 21 56 36 35
26 21 57 36 35
26 21 58 38 37
26 21 59 38 37
26 21 60 38 37
26 22 3 0 -1
26 22 4 2 1
26 22 5 2 1
26 22 6 4 3
26 22 7 4 3
26 22 8 4 3
26 22 9 4 3
26 22 10 6 5
26 22 11 6 5
26 22 12 8 7
26 22 13 8 7
26 22 14 8 7
26 22 15 10 9
26 22 16 10 9
26 22 17 10 9
26 22 18 12 11
26 22 19 12 11
26 22 20 14 13
26 22 21 14 13
26 22 22 14 13
26 22 23 16 15
26 22 24 16 15
26 22 25 16 15
26 22 26 18 17
26 22 27 18 17
26 22 28 18 17
26 22 29 20 19
26 22 30 20 19
26 22 31 22 21
26 22 32 22 21
26 22 33 22 21
26 22 34 24 23
26 22 35 24 23
26 22 36 24 23
26 22 37 26 25
26 22 38 26 25
26 22 39 26 25
26 22 40 28 27
26 22 41 28 27
26 22 42 30 29
26 22 43 30 29
26 22 44 30 29
26 22 45 32 31
26 22 46 32 31
26 22 47 32 31
26 22 48 34 33
26 22 49 34 33
26 22 50 36 33
26 22 51 36 35
26 22 52 36 35
26 22 53 38 37
26 22 54 38 37
26 22 55 38 37
26 22 56 40 39
26 22 57 40 39
26 22 58 40 39
26 22 59 42 41
26 22 60 42 41
26 23 3 0 -1
26 23 4 2 1
26 23 5 2 1
26 23 6 4 3
26 23 7 4 3
26 23 8 6 5
26 23 9 6 5
26 23 10 6 5
26 23 11 8 5
26 23 12 8 7
26 23 13 8 7
26 23 14 10 9
26 23 15 10 9
26 23 16 12 11
26 23 17 12 11
26 23 18 12 11
26 23 19 14 13
26 23 20 14 13
26 23 21 16 13
26 23 22 16 15
26 23 23 16 15
26 23 24 18 17
26 23 25 18 17
26 23 26 20 19
26 23 27 20 19
26 23 28 20 19
26 23 29 22 21
26 23 30 22 21
26 23 31 24 21
26 23 32 24 23
26 23 33 24 23
26 23 34 26 25
26 23 35 26 25
26 23 36 28 27
26 23 37 28 27
26 23 38 28 27
26 23 39 30 29
26 23 40 30 29
26 23 41 32 29
26 23 42 32 31
26 23 43 32 31
26 23 44 34 33
26 23 45 34 33
26 23 46 36 35
26 23 47 36 35
26 23 48 36 35
26 23 49 38 37
26 23 50 38 37
26 23 51 38 37
26 23 52 40 39
26 23 53 40 39
26 23 54 42 41
26 23 55 42 41
26 23 56 44 41
26 23 57 44 43
26 23 58 44 43
26 23 59 46 45
26 23 60 46 45
26 24 3 0 -1
26 24 4 2 1
26 24 5 2 1
26 24 6 4 3
26 24 7 4 3
26 24 8 6 5
26 24 9 6 5
26 24 10 8 7
26 24 11 8 7
26 24 12 10 9
26 24 13 10 9
26 24 14 10 9
26 24 15 12 11
26 24 16 12 11
26 24 17 12 11
26 24 18 14 13
26 24 19 14 13
26 24 20 16 15
26 24 21 16 15
26 24 22 18 17
26 24 23 18 17
26 24 24 20 19
26 24 25 20 19
26 24 26 22 21
26 24 27 22 21
26 24 28 22 21
26 24 29 24 23
26 24 30 24 23
26 24 31 24 23
26 24 32 26 25
26 24 33 26 25
26 24 34 28 27
26 24 35 28 27
26 24 36 30 29
26 24 37 30 29
26 24 38 32 31
26 24 39 32 31
26 24 40 32 31
26 24 41 34 33
26 24 42 34 33
26 24 43 36 35
26 24 44 36 35
26 24 45 38 37
26 24 46 38 37
26 24 47 38 37
26 24 48 40 39
26 24 49 40 39
26 24 50 42 41
26 24 51 42 41
26 24 52 44 43
26 24 53 44 43
26 24 54 44 43
26 24 55 46 45
26 24 56 46 45
26 24 57 48 47
26 24 58 48 47
26 24 59 50 49
26 24 60 50 49
27 2 3 0 -1
27 2 4 0 -1
27 2 5 0 -1
27 2 6 0 -1
27 2 7 0 -1
27 2 8 0 -1
27 2 9 0 -1
27 2 10 0 -1
27 2 11 0 -1
27 2 12 0 -1
27 2 13 0 -1
27 2 14 0 -1
27 2 15 0 -1
27 2 16 0 -1
27 2 17 0 -1
27 2 18 0 -1
27 2 19 0 -1
27 2 20 0 -1
27 2 21 0 -1
27 2 22 0 -1
27 2 23 0 -1
27 2 24 0 -1
27 2 25 0 -1
27 2 26 0 -1
27 2 27 0 -1
27 2 28 0 -1
27 2 29 0 -1
27 2 30 0 -1
27 2 31 0 -1
27 2 32 0 -1
27 2 33 0 -1
27 2 34 0 -1
27 2 35 0 -1
27 2 36 0 -1
27 2 37 0 -1
27 2 38 0 -1
27 2 39 0 -1
27 2 40 0 -1
27 2 41 0 -1
27 2 42 0 -1
27 2 43 0 -1
27 2 44 0 -1
27 2 45 0 -1
27 2 46 0 -1
27 2 47 0 -1
27 2 48 0 -1
27 2 49 0 -1
27 2 50 0 -1
27 2 51 0 -1
27 2 52 0 -1
27 2 53 0 -1
27 2 54 0 -1
27 2 55 0 -1
27 2 56 0 -1
27 2 57 0 -1
27 2 58 0 -1
27 2 59 0 -1
27 2 60 0 -1
27 3 3 0 -1
27 3 4 0 -1
27 3 5 0 -1
27 3 6 0 -1
27 3 7 0 -1
27 3 8 0 -1
27 3 9 0 -1
27 3 10 0 -1
27 3 11 0 -1
27 3 12 0 -1
27 3 13 0 -1
27 3 14 0 -1
27 3 15 0 -1
27 3 16 0 -1
27 3 17 0 -1
27 3 18 0 -1
27 3 19 0 -1
27 3 20 0 -1
27 3 21 0 -1
27 3 22 0 -1
27 3 23 0 -1
27 3 24 0 -1
27 3 25 0 -1
27 3 26 0 -1
27 3 27 0 -1
27 3 28 0 -1
27 3 29 0 -1
27 3 30 0 -1
27 3 31 0 -1
27 3 32 0 -1
27 3 33 0 -1
27 3 34 0 -1
27 3 35 0 -1
27 3 36 0 -1
27 3 37 0 -1
27 3 38 0 -1
27 3 39 0 -1
27 3 40 0 -1
27 3 41 0 -1
27 3 42 0 -1
27 3 43 0 -1
27 3 44 0 -1
27 3 45 0 -1
27 3 46 0 -1
27 3 47 0 -1
27 3 48 0 -1
27 3 49 0 -1
27 3 50 0 -1
27 3 51 0 -1
27 3 52 0 -1
27 3 53 0 -1
27 3 54 0 -1
27 3 55 0 -1
27 3 56 0 -1
27 3 57 0 -1
27 3 58 0 -1
27 3 59 0 -1
27 3 60 0 -1
27 4 3 0 -1
27 4 4 0 -1
27 4 5 0 -1
27 4 6 0 -1
27 4 7 0 -1
27 4 8 0 -1
27 4 9 0 -1
27 4 10 0 -1
27 4 11 0 -1
27 4 12 0 -1
27 4 13 0 -1
27 4 14 0 -1
27 4 15 0 -1
27 4 16 0 -1
27 4 17 0 -1
27 4 18 0 -1
27 4 19 0 -1
27 4 20 0 -1
27 4 21 0 -1
27 4 22 0 -1
27 4 23 0 -1
27 4 24 0 -1
27 4 25 0 -1
27 4 26 0 -1
27 4 27 0 -1
27 4 28 0 -1
27 4 29 0 -1
27 4 30 0 -1
27 4 31 0 -1
27 4 32 0 -1
27 4 33 0 -1
27 4 34 0 -1
27 4 35 0 -1
27 4 36 0 -1
27 4 37 0 -1
27 4 38 0 -1
27 4 39 0 -1
27 4 40 0 -1
27 4 41 0 -1
27 4 42 0 -1
27 4 43 0 -1
27 4 44 0 -1
27 4 45 0 -1
27 4 46 0 -1
27 4 47 0 -1
27 4 48 0 -1
27 4 49 0 -1
27 4 50 0 -1
27 4 51 0 -1
27 4 52 0 -1
27 4 53 0 -1
27 4 54 0 -1
27 4 55 0 -1
27 4 56 0 -1
27 4 57 0 -1
27 4 58 0 -1
27 4 59 0 -1
27 4 60 0 -1
27 5 3 0 -1
27 5 4 0 -1
27 5 5 0 -1
27 5 6 0 -1
27 5 7 0 -1
27 5 8 0 -1
27 5 9 0 -1
27 5 10 0 -1
27 5 11 0 -1
27 5 12 0 -1
27 5 13 0 -1
27 5 14 0 -1
27 5 15 0 -1
27 5 16 0 -1
27 5 17 0 -1
27 5 18 0 -1
27 5 19 0 -1
27 5 20 0 -1
27 5 21 0 -1
27 5 22 0 -1
27 5 23 0 -1
27 5 24 0 -1
27 5 25 0 -1
27 5 26 0 -1
27 5 27 0 -1
27 5 28 0 -1
27 5 29 0 -1
27 5 30 0 -1
27 5 31 0 -1
27 5 32 0 -1
27 5 33 0 -1
27 5 34 0 -1
27 5 35 0 -1
27 5 36 0 -1
27 5 37 0 -1
27 5 38 0 -1
27 5 39 0 -1
27 5 40 0 -1
27 5 41 0 -1
27 5 42 0 -1
27 5 43 0 -1
27 5 44 0 -1
27 5 45 0 -1
27 5 46 0 -1
27 5 47 0 -1
27 5 48 0 -1
27 5 49 0 -1
27 5 50 0 -1
27 5 51 2 1
27 5 52 2 1
27 5 53 2 1
27 5 54 2 1
27 5 55 2 1
27 5 56 2 1
27 5 57 2 1
27 5 58 2 1
27 5 59 2 1
27 5 60 2 1
27 6 3 0 -1
27 6 4 0 -1
27 6 5 0 -1
27 6 6 0 -1
27 6 7 0 -1
27 6 8 0 -1
27 6 9 0 -1
27 6 10 0 -1
27 6 11 0 -1
27 6 12 0 -1
27 6 13 0 -1
27 6 14 0 -1
27 6 15 0 -1
27 6 16 0 -1
27 6 17 0 -1
27 6 18 0 -1
27 6 19 0 -1
27 6 20 0 -1
27 6 21 0 -1
27 6 22 0 -1
27 6 23 0 -1
27 6 24 0 -1
27 6 25 0 -1
27 6 26 0 -1
27 6 27 0 -1
27 6 28 0 -1
27 6 29 0 -1
27 6 30 0 -1
27 6 31 0 -1
27 6 32 0 -1
27 6 33 0 -1
27 6 34 0 -1
27 6 35 0 -1
27 6 36 0 -1
27 6 37 0 -1
27 6 38 0 -1
27 6 39 0 -1
27 6 40 2 1
27 6 41 2 1
27 6 42 2 1
27 6 43 2 1
27 6 44 2 1
27 6 45 2 1
27 6 46 2 1
27 6 47 2 1
27 6 48 2 1
27 6 49 2 1
27 6 50 2 1
27 6 51 2 1
27 6 52 2 1
27 6 53 2 1
27 6 54 2 1
27 6 55 2 1
27 6 56 2 1
27 6 57 2 1
27 6 58 2 1
27 6 59 2 1
27 6 60 2 1
27 7 3 0 -1
27 7 4 0 -1
27 7 5 0 -1
27 7 6 0 -1
27 7 7 0 -1
27 7 8 0 -1
27 7 9 0 -1
27 7 10 0 -1
27 7 11 0 -1
27 7 12 0 -1
27 7 13 0 -1
27 7 14 0 -1
27 7 15 0 -1
27 7 16 0 -1
27 7 17 0 -1
27 7 18 0 -1
27 7 19 0 -1
27 7 20 0 -1
27 7 21 0 -1
27 7 22 0 -1
27 7 23 0 -1
27 7 24 0 -1
27 7 25 0 -1
27 7 26 0 -1
27 7 27 0 -1
27 7 28 0 -1
27 7 29 0 -1
27 7 30 0 -1
27 7 31 0 -1
27 7 32 2 -1
27 7 33 2 1
27 7 34 2 1
27 7 35 2 1
27 7 36 2 1
27 7 37 2 1
27 7 38 2 1
27 7 39 2 1
27 7 40 2 1
27 7 41 2 1
27 7 42 2 1
27 7 43 2 1
27 7 44 2 1
27 7 45 2 1
27 7 46 2 1
27 7 47 2 1
27 7 48 2 1
27 7 49 2 1
27 7 50 2 1
27 7 51 2 1
27 7 52 2 1
27 7 53 2 1
27 7 54 2 1
27 7 55 2 1
27 7 56 4 3
27 7 57 4 3
27 7 58 4 3
27 7 59 4 3
27 7 60 4 3
27 8 3 0 -1
27 8 4 0 -1
27 8 5 0 -1
27 8 6 0 -1
27 8 7 0 -1
27 8 8 0 -1
27 8 9 0 -1
27 8 10 0 -1
27 8 11 0 -1
27 8 12 0 -1
27 8 13 0 -1
27 8 14 0 -1
27 8 15 0 -1
27 8 16 0 -1
27 8 17 0 -1
27 8 18 0 -1
27 8 19 0 -1
27 8 20 0 -1
27 8 21 0 -1
27 8 22 0 -1
27 8 23 0 -1
27 8 24 0 -1
27 8 25 0 -1
27 8 26 2 -1
27 8 27 2 1
27 8 28 2 1
27 8 29 2 1
27 8 30 2 1
27 8 31 2 1
27 8 32 2 1
27 8 33 2 1
27 8 34 2 1
27 8 35 2 1
27 8 36 2 1
27 8 37 2 1
27 8 38 2 1
27 8 39 2 1
27 8 40 2 1
27 8 41 2 1
27 8 42 2 1
27 8 43 2 1
27 8 44 2 1
27 8 45 2 1
27 8 46 4 3
27 8 47 4 3
27 8 48 4 3
27 8 49 4 3
27 8 50 4 3
27 8 51 4 3
27 8 52 4 3
27 8 53 4 3
27 8 54 4 3
27 8 55 4 3
27 8 56 4 3
27 8 57 4 3
27 8 58 4 3
27 8 59 4 3
27 8 60 4 3
27 9 3 0 -1
27 9 4 0 -1
27 9 5 0 -1
27 9 6 0 -1
27 9 7 0 -1
27 9 8 0 -1
27 9 9 0 -1
27 9 10 0 -1
27 9 11 0 -1
27 9 12 0 -1
27 9 13 0 -1
27 9 14 0 -1
27 9 15 0 -1
27 9 16 0 -1
27 9 17 0 -1
27 9 18 0 -1
27 9 19 0 -1
27 9 20 0 -1
27 9 21 0 -1
27 9 22 2 -1
27 9 23 2 1
27 9 24 2 1
27 9 25 2 1
27 9 26 2 1
27 9 27 2 1
27 9 28 2 1
27 9 29 2 1
27 9 30 2 1
27 9 31 2 1
27 9 32 2 1
27 9 33 2 1
27 9 34 2 1
27 9 35 2 1
27 9 36 2 1
27 9 37 2 1
27 9 38 4 1
27 9 39 4 3
27 9 40 4 3
27 9 41 4 3
27 9 42 4 3
27 9 43 4 3
27 9 44 4 3
27 9 45 4 3
27 9 46 4 3
27 9 47 4 3
27 9 48 4 3
27 9 49 4 3
27 9 50 4 3
27 9 51 4 3
27 9 52 4 3
27 9 53 4 3
27 9 54 6 5
27 9 55 6 5
27 9 56 6 5
27 9 57 6 5
27 9 58 6 5
27 9 59 6 5
27 9 60 6 5
27 10 3 0 -1
27 10 4 0 -1
27 10 5 0 -1
27 10 6 0 -1
27 10 7 0 -1
27 10 8 0 -1
27 10 9 0 -1
27 10 10 0 -1
27 10 11 0 -1
27 10 12 0 -1
27 10 13 0 -1
27 10 14 0 -1
27 10 15 0 -1
27 10 16 0 -1
27 10 17 0 -1
27 10 18 0 -1
27 10 19 2 1
27 10 20 2 1
27 10 21 2 1
27 10 22 2 1
27 10 23 2 1
27 10 24 2 1
27 10 25 2 1
27 10 26 2 1
27 10 27 2 1
27 10 28 2 1
27 10 29 2 1
27 10 30 2 1
27 10 31 2 1
27 10 32 4 1
27 10 33 4 3
27 10 34 4 3
27 10 35 4 3
27 10 36 4 3
27 10 37 4 3
27 10 38 4 3
27 10 39 4 3
27 10 40 4 3
27 10 41 4 3
27 10 42 4 3
27 10 43 4 3
27 10 44 4 3
27 10 45 6 3
27 10 46 6 5
27 10 47 6 5
27 10 48 6 5
27 10 49 6 5
27 10 50 6 5
27 10 51 6 5
27 10 52 6 5
27 10 53 6 5
27 10 54 6 5
27 10 55 6 5
27 10 56 6 5
27 10 57 6 5
27 10 58 8 5
27 10 59 8 7
27 10 60 8 7
27 11 3 0 -1
27 11 4 0 -1
27 11 5 0 -1
27 11 6 0 -1
27 11 7 0 -1
27 11 8 0 -1
27 11 9 0 -1
27 11 10 0 -1
27 11 11 0 -1
27 11 12 0 -1
27 11 13 0 -1
27 11 14 0 -1
27 11 15 0 -1
27 11 16 2 1
27 11 17 2 1
27 11 18 2 1
27 11 19 2 1
27 11 20 2 1
27 11 21 2 1
27 11 22 2 1
27 11 23 2 1
27 11 24 2 1
27 11 25 2 1
27 11 26 2 1
27 11 27 4 1
27 11 28 4 3
27 11 29 4 3
27 11 30 4 3
27 11 31 4 3
27 11 32 4 3
27 11 33 4 3
27 11 34 4 3
27 11 35 4 3
27 11 36 4 3
27 11 37 4 3
27 11 38 6 3
27 11 39 6 5
27 11 40 6 5
27 11 41 6 5
27 11 42 6 5
27 11 43 6 5
27 11 44 6 5
27 11 45 6 5
27 11 46 6 5
27 11 47 6 5
27 11 48 6 5
27 11 49 6 5
27 11 50 8 7
27 11 51 8 7
27 11 52 8 7
27 11 53 8 7
27 11 54 8 7
27 11 55 8 7
27 11 56 8 7
27 11 57 8 7
27 11 58 8 7
27 11 59 8 7
27 11 60 8 7
27 12 3 0 -1
27 12 4 0 -1
27 12 5 0 -1
27 12 6 0 -1
27 12 7 0 -1
27 12 8 0 -1
27 12 9 0 -1
27 12 10 0 -1
27 12 11 0 -1
27 12 12 0 -1
27 12 13 0 -1
27 12 14 2 1
27 12 15 2 1
27 12 16 2 1
27 12 17 2 1
27 12 18 2 1
27 12 19 2 1
27 12 20 2 1
27 12 21 2 1
27 12 22 2 1
27 12 23 4 1
27 12 24 4 3
27 12 25 4 3
27 12 26 4 3
27 12 27 4 3
27 12 28 4 3
27 12 29 4 3
27 12 30 4 3
27 12 31 4 3
27 12 32 4 3
27 12 33 6 5
27 12 34 6 5
27 12 35 6 5
27 12 36 6 5
27 12 37 6 5
27 12 38 6 5
27 12 39 6 5
27 12 40 6 5
27 12 41 6 5
27 12 42 6 5
27 12 43 8 7
27 12 44 8 7
27 12 45 8 7
27 12 46 8 7
27 12 47 8 7
27 12 48 8 7
27 12 49 8 7
27 12 50 8 7
27 12 51 8 7
27 12 52 10 9
27 12 53 10 9
27 12 54 10 9
27 12 55 10 9
27 12 56 10 9
27 12 57 10 9
27 12 58 10 9
27 12 59 10 9
27 12 60 10 9
27 13 3 0 -1
27 13 4 0 -1
27 13 5 0 -1
27 13 6 0 -1
27 13 7 0 -1
27 13 8 0 -1
27 13 9 0 -1
27 13 10 0 -1
27 13 11 0 -1
27 13 12 2 1
27 13 13 2 1
27 13 14 2 1
27 13 15 2 1
27 13 16 2 1
27 13 17 2 1
27 13 18 2 1
27 13 19 2 1
27 13 20 4 1
27 13 21 4 3
27 13 22 4 3
27 13 23 4 3
27 13 24 4 3
27 13 25 4 3
27 13 26 4 3
27 13 27 4 3
27 13 28 6 3
27 13 29 6 5
27 13 30 6 5
27 13 31 6 5
27 13 32 6 5
27 13 33 6 5
27 13 34 6 5
27 13 35 6 5
27 13 36 6 5
27 13 37 8 7
27 13 38 8 7
27 13 39 8 7
27 13 40 8 7
27 13 41 8 7
27 13 42 8 7
27 13 43 8 7
27 13 44 8 7
27 13 45 10 9
27 13 46 10 9
27 13 47 10 9
27 13 48 10 9
27 13 49 10 9
27 13 50 10 9
27 13 51 10 9
27 13 52 10 9
27 13 53 12 11
27 13 54 12 11
27 13 55 12 11
27 13 56 12 11
27 13 57 12 11
27 13 58 12 11
27 13 59 12 11
27 13 60 12 11
27 14 3 0 -1
27 14 4 0 -1
27 14 5 0 -1
27 14 6 0 -1
27 14 7 0 -1
27 14 8 0 -1
27 14 9 0 -1
27 14 10 2 -1
27 14 11 2 1
27 14 12 2 1
27 14 13 2 1
27 14 14 2 1
27 14 15 2 1
27 14 16 2 1
27 14 17 2 1
27 14 18 4 3
27 14 19 4 3
27 14 20 4 3
27 14 21 4 3
27 14 22 4 3
27 14 23 4 3
27 14 24 4 3
27 14 25 6 5
27 14 26 6 5
27 14 27 6 5
27 14 28 6 5
27 14 29 6 5
27 14 30 6 5
27 14 31 6 5
27 14 32 8 7
27 14 33 8 7
27 14 34 8 7
27 14 35 8 7
27 14 36 8 7
27 14 37 8 7
27 14 38 8 7
27 14 39 10 9
27 14 40 10 9
27 14 41 10 9
27 14 42 10 9
27 14 43 10 9
27 14 44 10 9
27 14 45 10 9
27 14 46 12 11
27 14 47 12 11
27 14 48 12 11
27 14 49 12 11
27 14 50 12 11
27 14 51 12 11
27 14 52 12 11
27 14 53 14 11
27 14 54 14 13
27 14 55 14 13
27 14 56 14 13
27 14 57 14 13
27 14 58 14 13
27 14 59 14 13
27 14 60 16 13
27 15 3 0 -1
27 15 4 0 -1
27 15 5 0 -1
27 15 6 0 -1
27 15 7 0 -1
27 15 8 0 -1
27 15 9 2 1
27 15 10 2 1
27 15 11 2 1
27 15 12 2 1
27 15 13 2 1
27 15 14 2 1
27 15 15 4 1
27 15 16 4 3
27 15 17 4 3
27 15 18 4 3
27 15 19 4 3
27 15 20 4 3
27 15 21 4 3
27 15 22 6 5
27 15 23 6 5
27 15 24 6 5
27 15 25 6 5
27 15 26 6 5
27 15 27 6 5
27 15 28 8 7
27 15 29 8 7
27 15 30 8 7
27 15 31 8 7
27 15 32 8 7
27 15 33 8 7
27 15 34 10 9
27 15 35 10 9
27 15 36 10 9
27 15 37 10 9
27 15 38 10 9
27 15 39 10 9
27 15 40 12 9
27 15 41 12 11
27 15 42 12 11
27 15 43 12 11
27 15 44 12 11
27 15 45 12 11
27 15 46 12 11
27 15 47 14 13
27 15 48 14 13
27 15 49 14 13
27 15 50 14 13
27 15 51 14 13
27 15 52 14 13
27 15 53 16 15
27 15 54 16 15
27 15 55 16 15
27 15 56 16 15
27 15 57 16 15
27 15 58 16 15
27 15 59 18 17
27 15 60 18 17
27 16 3 0 -1
27 16 4 0 -1
27 16 5 0 -1
27 16 6 0 -1
27 16 7 0 -1
27 16 8 2 1
27 16 9 2 1
27 16 10 2 1
27 16 11 2 1
27 16 12 2 1
27 16 13 2 1
27 16 14 4 3
27 16 15 4 3
27 16 16 4 3
27 16 17 4 3
27 16 18 4 3
27 16 19 6 5
27 16 20 6 5
27 16 21 6 5
27 16 22 6 5
27 16 23 6 5
27 16 24 6 5
27 16 25 8 7
27 16 26 8 7
27 16 27 8 7
27 16 28 8 7
27 16 29 8 7
27 16 30 10 9
27 16 31 10 9
27 16 32 10 9
27 16 33 10 9
27 16 34 10 9
27 16 35 10 9
27 16 36 12 11
27 16 37 12 11
27 16 38 12 11
27 16 39 12 11
27 16 40 12 11
27 16 41 14 13
27 16 42 14 13
27 16 43 14 13
27 16 44 14 13
27 16 45 14 13
27 16 46 14 13
27 16 47 16 15
27 16 48 16 15
27 16 49 16 15
27 16 50 16 15
27 16 51 16 15
27 16 52 18 17
27 16 53 18 17
27 16 54 18 17
27 16 55 18 17
27 16 56 18 17
27 16 57 18 17
27 16 58 20 19
27 16 59 20 19
27 16 60 20 19
27 17 3 0 -1
27 17 4 0 -1
27 17 5 0 -1
27 17 6 0 -1
27 17 7 2 1
27 17 8 2 1
27 17 9 2 1
27 17 10 2 1
27 17 11 2 1
27 17 12 4 3
27 17 13 4 3
27 17 14 4 3
27 17 15 4 3
27 17 16 4 3
27 17 17 6 5
27 17 18 6 5
27 17 19 6 5
27 17 20 6 5
27 17 21 6 5
27 17 22 8 7
27 17 23 8 7
27 17 24 8 7
27 17 25 8 7
27 17 26 8 7
27 17 27 10 9
27 17 28 10 9
27 17 29 10 9
27 17 30 10 9
27 17 31 10 9
27 17 32 12 11
27 17 33 12 11
27 17 34 12 11
27 17 35 12 11
27 17 36 14 11
27 17 37 14 13
27 17 38 14 13
27 17 39 14 13
27 17 40 14 13
27 17 41 16 13
27 17 42 16 15
27 17 43 16 15
27 17 44 16 15
27 17 45 16 15
27 17 46 18 17
27 17 47 18 17
27 17 48 18 17
27 17 49 18 17
27 17 50 18 17
27 17 51 20 19
27 17 52 20 19
27 17 53 20 19
27 17 54 20 19
27 17 55 20 19
27 17 56 22 21
27 17 57 22 21
27 17 58 22 21
27 17 59 22 21
27 17 60 22 21
27 18 3 0 -1
27 18 4 0 -1
27 18 5 0 -1
27 18 6 2 1
27 18 7 2 1
27 18 8 2 1
27 18 9 2 1
27 18 10 2 1
27 18 11 4 3
27 18 12 4 3
27 18 13 4 3
27 18 14 4 3
27 18 15 6 5
27 18 16 6 5
27 18 17 6 5
27 18 18 6 5
27 18 19 8 5
27 18 20 8 7
27 18 21 8 7
27 18 22 8 7
27 18 23 8 7
27 18 24 10 9
27 18 25 10 9
27 18 26 10 9
27 18 27 10 9
27 18 28 12 11
27 18 29 12 11
27 18 30 12 11
27 18 31 12 11
27 18 32 12 11
27 18 33 14 13
27 18 34 14 13
27 18 35 14 13
27 18 36 14 13
27 18 37 16 15
27 18 38 16 15
27 18 39 16 15
27 18 40 16 15
27 18 41 18 17
27 18 42 18 17
27 18 43 18 17
27 18 44 18 17
27 18 45 18 17
27 18 46 20 19
27 18 47 20 19
27 18 48 20 19
27 18 49 20 19
27 18 50 22 21
27 18 51 22 21
27 18 52 22 21
27 18 53 22 21
27 18 54 24 23
27 18 55 24 23
27 18 56 24 23
27 18 57 24 23
27 18 58 24 23
27 18 59 26 25
27 18 60 26 25
27 19 3 0 -1
27 19 4 0 -1
27 19 5 0 -1
27 19 6 2 1
27 19 7 2 1
27 19 8 2 1
27 19 9 2 1
27 19 10 4 3
27 19 11 4 3
27 19 12 4 3
27 19 13 4 3
27 19 14 6 5
27 19 15 6 5
27 19 16 6 5
27 19 17 8 5
27 19 18 8 7
27 19 19 8 7
27 19 20 8 7
27 19 21 10 7
27 19 22 10 9
27 19 23 10 9
27 19 24 10 9
27 19 25 12 11
27 19 26 12 11
27 19 27 12 11
27 19 28 12 11
27 19 29 14 13
27 19 30 14 13
27 19 31 14 13
27 19 32 14 13
27 19 33 16 15
27 19 34 16 15
27 19 35 16 15
27 19 36 16 15
27 19 37 18 17
27 19 38 18 17
27 19 39 18 17
27 19 40 18 17
27 19 41 20 19
27 19 42 20 19
27 19 43 20 19
27 19 44 20 19
27 19 45 22 21
27 19 46 22 21
27 19 47 22 21
27 19 48 22 21
27 19 49 24 23
27 19 50 24 23
27 19 51 24 23
27 19 52 24 23
27 19 53 26 25
27 19 54 26 25
27 19 55 26 25
27 19 56 26 25
27 19 57 28 27
27 19 58 28 27
27 19 59 28 27
27 19 60 30 27
27 20 3 0 -1
27 20 4 0 -1
27 20 5 2 1
27 20 6 2 1
27 20 7 2 1
27 20 8 2 1
27 20 9 4 3
27 20 10 4 3
27 20 11 4 3
27 20 12 6 5
27 20 13 6 5
27 20 14 6 5
27 20 15 6 5
27 20 16 8 7
27 20 17 8 7
27 20 18 8 7
27 20 19 10 9
27 20 20 10 9
27 20 21 10 9
27 20 22 10 9
27 20 23 12 11
27 20 24 12 11
27 20 25 12 11
27 20 26 14 11
27 20 27 14 13
27 20 28 14 13
27 20 29 14 13
27 20 30 16 15
27 20 31 16 15
27 20 32 16 15
27 20 33 18 15
27 20 34 18 17
27 20 35 18 17
27 20 36 18 17
27 20 37 20 19
27 20 38 20 19
27 20 39 20 19
27 20 40 20 19
27 20 41 22 21
27 20 42 22 21
27 20 43 22 21
27 20 44 24 23
27 20 45 24 23
27 20 46 24 23
27 20 47 24 23
27 20 48 26 25
27 20 49 26 25
27 20 50 26 25
27 20 51 28 27
27 20 52 28 27
27 20 53 28 27
27 20 54 28 27
27 20 55 30 29
27 20 56 30 29
27 20 57 30 29
27 20 58 32 31
27 20 59 32 31
27 20 60 32 31
27 21 3 0 -1
27 21 4 2 1
27 21 5 2 1
27 21 6 2 1
27 21 7 2 1
27 21 8 4 3
27 21 9 4 3
27 21 10 4 3
27 21 11 6 5
27 21 12 6 5
27 21 13 6 5
27 21 14 8 7
27 21 15 8 7
27 21 16 8 7
27 21 17 8 7
27 21 18 10 9
27 21 19 10 9
27 21 20 10 9
27 21 21 12 11
27 21 22 12 11
27 21 23 12 11
27 21 24 14 13
27 21 25 14 13
27 21 26 14 13
27 21 27 16 15
27 21 28 16 15
27 21 29 16 15
27 21 30 18 15
27 21 31 18 17
27 21 32 18 17
27 21 33 18 17
27 21 34 20 19
27 21 35 20 19
27 21 36 20 19
27 21 37 22 21
27 21 38 22 21
27 21 39 22 21
27 21 40 24 23
27 21 41 24 23
27 21 42 24 23
27 21 43 26 25
27 21 44 26 25
27 21 45 26 25
27 21 46 28 25
27 21 47 28 27
27 21 48 28 27
27 21 49 28 27
27 21 50 30 29
27 21 51 30 29
27 21 52 30 29
27 21 53 32 31
27 21 54 32 31
27 21 55 32 31
27 21 56 34 33
27 21 57 34 33
27 21 58 34 33
27 21 59 36 35
27 21 60 36 35
27 22 3 0 -1
27 22 4 2 1
27 22 5 2 1
27 22 6 2 1
27 22 7 4 3
27 22 8 4 3
27 22 9 4 3
27 22 10 6 5
27 22 11 6 5
27 22 12 6 5
27 22 13 8 7
27 22 14 8 7
27 22 15 8 7
27 22 16 10 9
27 22 17 10 9
27 22 18 10 9
27 22 19 12 11
27 22 20 12 11
27 22 21 12 11
27 22 22 14 13
27 22 23 14 13
27 22 24 14 13
27 22 25 16 15
27 22 26 16 15
27 22 27 16 15
27 22 28 18 17
27 22 29 18 17
27 22 30 18 17
27 22 31 20 19
27 22 32 20 19
27 22 33 20 19
27 22 34 22 21
27 22 35 22 21
27 22 36 22 21
27 22 37 24 23
27 22 38 24 23
27 22 39 24 23
27 22 40 26 25
27 22 41 26 25
27 22 42 28 25
27 22 43 28 27
27 22 44 28 27
27 22 45 30 29
27 22 46 30 29
27 22 47 30 29
27 22 48 32 31
27 22 49 32 31
27 22 50 32 31
27 22 51 34 33
27 22 52 34 33
27 22 53 34 33
27 22 54 36 35
27 22 55 36 35
27 22 56 36 35
27 22 57 38 37
27 22 58 38 37
27 22 59 38 37
27 22 60 40 39
27 23 3 0 -1
27 23 4 2 1
27 23 5 2 1
27 23 6 4 3
27 23 7 4 3
27 23 8 4 3
27 23 9 4 3
27 23 10 6 5
27 23 11 6 5
27 23 12 8 7
27 23 13 8 7
27 23 14 8 7
27 23 15 10 9
27 23 16 10 9
27 23 17 10 9
27 23 18 12 11
27 23 19 12 11
27 23 20 14 13
27 23 21 14 13
27 23 22 14 13
27 23 23 16 15
27 23 24 16 15
27 23 25 16 15
27 23 26 18 17
27 23 27 18 17
27 23 28 20 19
27 23 29 20 19
27 23 30 20 19
27 23 31 22 21
27 23 32 22 21
27 23 33 22 21
27 23 34 24 23
27 23 35 24 23
27 23 36 26 25
27 23 37 26 25
27 23 38 26 25
27 23 39 28 27
27 23 40 28 27
27 23 41 28 27
27 23 42 30 29
27 23 43 30 29
27 23 44 32 31
27 23 45 32 31
27 23 46 32 31
27 23 47 34 33
27 23 48 34 33
27 23 49 34 33
27 23 50 36 35
27 23 51 36 35
27 23 52 36 35
27 23 53 38 37
27 23 54 38 37
27 23 55 40 39
27 23 56 40 39
27 23 57 40 39
27 23 58 42 41
27 23 59 42 41
27 23 60 42 41
27 24 3 0 -1
27 24 4 2 1
27 24 5 2 1
27 24 6 4 3
27 24 7 4 3
27 24 8 6 5
27 24 9 6 5
27 24 10 6 5
27 24 11 8 7
27 24 12 8 7
27 24 13 8 7
27 24 14 10 9
27 24 15 10 9
27 24 16 12 11
27 24 17 12 11
27 24 18 14 13
27 24 19 14 13
27 24 20 14 13
27 24 21 16 15
27 24 22 16 15
27 24 23 16 15
27 24 24 18 17
27 24 25 18 17
27 24 26 20 19
27 24 27 20 19
27 24 28 20 19
27 24 29 22 21
27 24 30 22 21
27 24 31 24 23
27 24 32 24 23
27 24 33 24 23
27 24 34 26 25
27 24 35 26 25
27 24 36 28 27
27 24 37 28 27
27 24 38 28 27
27 24 39 30 29
27 24 40 30 29
27 24 41 32 31
27 24 42 32 31
27 24 43 32 31
27 24 44 34 33
27 24 45 34 33
27 24 46 36 35
27 24 47 36 35
27 24 48 36 35
27 24 49 38 37
27 24 50 38 37
27 24 51 40 39
27 24 52 40 39
27 24 53 40 39
27 24 54 42 41
27 24 55 42 41
27 24 56 44 43
27 24 57 44 43
27 24 58 46 45
27 24 59 46 45
27 24 60 46 45
27 25 3 0 -1
27 25 4 2 1
27 25 5 2 1
27 25 6 4 3
27 25 7 4 3
27 25 8 6 5
27 25 9 6 5
27 25 10 8 7
27 25 11 8 7
27 25 12 10 9
27 25 13 10 9
27 25 14 10 9
27 25 15 12 11
27 25 16 12 11
27 25 17 12 11
27 25 18 14 13
27 25 19 14 13
27 25 20 16 15
27 25 21 16 15
27 25 22 18 17
27 25 23 18 17
27 25 24 20 19
27 25 25 20 19
27 25 26 22 21
27 25 27 22 21
27 25 28 22 21
27 25 29 24 23
27 25 30 24 23
27 25 31 26 25
27 25 32 26 25
27 25 33 26 25
27 25 34 28 27
27 25 35 28 27
27 25 36 30 29
27 25 37 30 29
27 25 38 32 31
27 25 39 32 31
27 25 40 34 33
27 25 41 34 33
27 25 42 34 33
27 25 43 36 35
27 25 44 36 35
27 25 45 38 37
27 25 46 38 37
27 25 47 38 37
27 25 48 40 39
27 25 49 40 39
27 25 50 42 41
27 25 51 42 41
27 25 52 44 43
27 25 53 44 43
27 25 54 46 45
27 25 55 46 45
27 25 56 46 45
27 25 57 48 47
27 25 58 48 47
27 25 59 50 49
27 25 60 50 49
28 2 3 0 -1
28 2 4 0 -1
28 2 5 0 -1
28 2 6 0 -1
28 2 7 0 -1
28 2 8 0 -1
28 2 9 0 -1
28 2 10 0 -1
28 2 11 0 -1
28 2 12 0 -1
28 2 13 0 -1
28 2 14 0 -1
28 2 15 0 -1
28 2 16 0 -1
28 2 17 0 -1
28 2 18 0 -1
28 2 19 0 -1
28 2 20 0 -1
28 2 21 0 -1
28 2 22 0 -1
28 2 23 0 -1
28 2 24 0 -1
28 2 25 0 -1
28 2 26 0 -1
28 2 27 0 -1
28 2 28 0 -1
28 2 29 0 -1
28 2 30 0 -1
28 2 31 0 -1
28 2 32 0 -1
28 2 33 0 -1
28 2 34 0 -1
28 2 35 0 -1
28 2 36 0 -1
28 2 37 0 -1
28 2 38 0 -1
28 2 39 0 -1
28 2 40 0 -1
28 2 41 0 -1
28 2 42 0 -1
28 2 43 0 -1
28 2 44 0 -1
28 2 45 0 -1
28 2 46 0 -1
28 2 47 0 -1
28 2 48 0 -1
28 2 49 0 -1
28 2 50 0 -1
28 2 51 0 -1
28 2 52 0 -1
28 2 53 0 -1
28 2 54 0 -1
28 2 55 0 -1
28 2 56 0 -1
28 2 57 0 -1
28 2 58 0 -1
28 2 59 0 -1
28 2 60 0 -1
28 3 3 0 -1
28 3 4 0 -1
28 3 5 0 -1
28 3 6 0 -1
28 3 7 0 -1
28 3 8 0 -1
28 3 9 0 -1
28 3 10 0 -1
28 3 11 0 -1
28 3 12 0 -1
28 3 13 0 -1
28 3 14 0 -1
28 3 15 0 -1
28 3 16 0 -1
28 3 17 0 -1
28 3 18 0 -1
28 3 19 0 -1
28 3 20 0 -1
28 3 21 0 -1
28 3 22 0 -1
28 3 23 0 -1
28 3 24 0 -1
28 3 25 0 -1
28 3 26 0 -1
28 3 27 0 -1
28 3 28 0 -1
28 3 29 0 -1
28 3 30 0 -1
28 3 31 0 -1
28 3 32 0 -1
28 3 33 0 -1
28 3 34 0 -1
28 3 35 0 -1
28 3 36 0 -1
28 3 37 0 -1
28 3 38 0 -1
28 3 39 0 -1
28 3 40 0 -1
28 3 41 0 -1
28 3 42 0 -1
28 3 43 0 -1
28 3 44 0 -1
28 3 45 0 -1
28 3 46 0 -1
28 3 47 0 -1
28 3 48 0 -1
28 3 49 0 -1
28 3 50 0 -1
28 3 51 0 -1
28 3 52 0 -1
28 3 53 0 -1
28 3 54 0 -1
28 3 55 0 -1
28 3 56 0 -1
28 3 57 0 -1
28 3 58 0 -1
28 3 59 0 -1
28 3 60 0 -1
28 4 3 0 -1
28 4 4 0 -1
28 4 5 0 -1
28 4 6 0 -1
28 4 7 0 -1
28 4 8 0 -1
28 4 9 0 -1
28 4 10 0 -1
28 4 11 0 -1
28 4 12 0 -1
28 4 13 0 -1
28 4 14 0 -1
28 4 15 0 -1
28 4 16 0 -1
28 4 17 0 -1
28 4 18 0 -1
28 4 19 0 -1
28 4 20 0 -1
28 4 21 0 -1
28 4 22 0 -1
28 4 23 0 -1
28 4 24 0 -1
28 4 25 0 -1
28 4 26 0 -1
28 4 27 0 -1
28 4 28 0 -1
28 4 29 0 -1
28 4 30 0 -1
28 4 31 0 -1
28 4 32 0 -1
28 4 33 0 -1
28 4 34 0 -1
28 4 35 0 -1
28 4 36 0 -1
28 4 37 0 -1
28 4 38 0 -1
28 4 39 0 -1
28 4 40 0 -1
28 4 41 0 -1
28 4 42 0 -1
28 4 43 0 -1
28 4 44 0 -1
28 4 45 0 -1
28 4 46 0 -1
28 4 47 0 -1
28 4 48 0 -1
28 4 49 0 -1
28 4 50 0 -1
28 4 51 0 -1
28 4 52 0 -1
28 4 53 0 -1
28 4 54 0 -1
28 4 55 0 -1
28 4 56 0 -1
28 4 57 0 -1
28 4 58 0 -1
28 4 59 0 -1
28 4 60 0 -1
28 5 3 0 -1
28 5 4 0 -1
28 5 5 0 -1
28 5 6 0 -1
28 5 7 0 -1
28 5 8 0 -1
28 5 9 0 -1
28 5 10 0 -1
28 5 11 0 -1
28 5 12 0 -1
28 5 13 0 -1
28 5 14 0 -1
28 5 15 0 -1
28 5 16 0 -1
28 5 17 0 -1
28 5 18 0 -1
28 5 19 0 -1
28 5 20 0 -1
28 5 21 0 -1
28 5 22 0 -1
28 5 23 0 -1
28 5 24 0 -1
28 5 25 0 -1
28 5 26 0 -1
28 5 27 0 -1
28 5 28 0 -1
28 5 29 0 -1
28 5 30 0 -1
28 5 31 0 -1
28 5 32 0 -1
28 5 33 0 -1
28 5 34 0 -1
28 5 35 0 -1
28 5 36 0 -1
28 5 37 0 -1
28 5 38 0 -1
28 5 39 0 -1
28 5 40 0 -1
28 5 41 0 -1
28 5 42 0 -1
28 5 43 0 -1
28 5 44 0 -1
28 5 45 0 -1
28 5 46 0 -1
28 5 47 0 -1
28 5 48 0 -1
28 5 49 0 -1
28 5 50 0 -1
28 5 51 0 -1
28 5 52 0 -1
28 5 53 2 -1
28 5 54 2 1
28 5 55 2 1
28 5 56 2 1
28 5 57 2 1
28 5 58 2 1
28 5 59 2 1
28 5 60 2 1
28 6 3 0 -1
28 6 4 0 -1
28 6 5 0 -1
28 6 6 0 -1
28 6 7 0 -1
28 6 8 0 -1
28 6 9 0 -1
28 6 10 0 -1
28 6 11 0 -1
28 6 12 0 -1
28 6 13 0 -1
28 6 14 0 -1
28 6 15 0 -1
28 6 16 0 -1
28 6 17 0 -1
28 6 18 0 -1
28 6 19 0 -1
28 6 20 0 -1
28 6 21 0 -1
28 6 22 0 -1
28 6 23 0 -1
28 6 24 0 -1
28 6 25 0 -1
28 6 26 0 -1
28 6 27 0 -1
28 6 28 0 -1
28 6 29 0 -1
28 6 30 0 -1
28 6 31 0 -1
28 6 32 0 -1
28 6 33 0 -1
28 6 34 0 -1
28 6 35 0 -1
28 6 36 0 -1
28 6 37 0 -1
28 6 38 0 -1
28 6 39 0 -1
28 6 40 0 -1
28 6 41 0 -1
28 6 42 2 1
28 6 43 2 1
28 6 44 2 1
28 6 45 2 1
28 6 46 2 1
28 6 47 2 1
28 6 48 2 1
28 6 49 2 1
28 6 50 2 1
28 6 51 2 1
28 6 52 2 1
28 6 53 2 1
28 6 54 2 1
28 6 55 2 1
28 6 56 2 1
28 6 57 2 1
28 6 58 2 1
28 6 59 2 1
28 6 60 2 1
28 7 3 0 -1
28 7 4 0 -1
28 7 5 0 -1
28 7 6 0 -1
28 7 7 0 -1
28 7 8 0 -1
28 7 9 0 -1
28 7 10 0 -1
28 7 11 0 -1
28 7 12 0 -1
28 7 13 0 -1
28 7 14 0 -1
28 7 15 0 -1
28 7 16 0 -1
28 7 17 0 -1
28 7 18 0 -1
28 7 19 0 -1
28 7 20 0 -1
28 7 21 0 -1
28 7 22 0 -1
28 7 23 0 -1
28 7 24 0 -1
28 7 25 0 -1
28 7 26 0 -1
28 7 27 0 -1
28 7 28 0 -1
28 7 29 0 -1
28 7 30 0 -1
28 7 31 0 -1
28 7 32 0 -1
28 7 33 0 -1
28 7 34 2 1
28 7 35 2 1
28 7 36 2 1
28 7 37 2 1
28 7 38 2 1
28 7 39 2 1
28 7 40 2 1
28 7 41 2 1
28 7 42 2 1
28 7 43 2 1
28 7 44 2 1
28 7 45 2 1
28 7 46 2 1
28 7 47 2 1
28 7 48 2 1
28 7 49 2 1
28 7 50 2 1
28 7 51 2 1
28 7 52 2 1
28 7 53 2 1
28 7 54 2 1
28 7 55 2 1
28 7 56 2 1
28 7 57 2 1
28 7 58 4 1
28 7 59 4 3
28 7 60 4 3
28 8 3 0 -1
28 8 4 0 -1
28 8 5 0 -1
28 8 6 0 -1
28 8 7 0 -1
28 8 8 0 -1
28 8 9 0 -1
28 8 10 0 -1
28 8 11 0 -1
28 8 12 0 -1
28 8 13 0 -1
28 8 14 0 -1
28 8 15 0 -1
28 8 16 0 -1
28 8 17 0 -1
28 8 18 0 -1
28 8 19 0 -1
28 8 20 0 -1
28 8 21 0 -1
28 8 22 0 -1
28 8 23 0 -1
28 8 24 0 -1
28 8 25 0 -1
28 8 26 0 -1
28 8 27 0 -1
28 8 28 2 -1
28 8 29 2 1
28 8 30 2 1
28 8 31 2 1
28 8 32 2 1
28 8 33 2 1
28 8 34 2 1
28 8 35 2 1
28 8 36 2 1
28 8 37 2 1
28 8 38 2 1
28 8 39 2 1
28 8 40 2 1
28 8 41 2 1
28 8 42 2 1
28 8 43 2 1
28 8 44 2 1
28 8 45 2 1
28 8 46 2 1
28 8 47 2 1
28 8 48 4 1
28 8 49 4 3
28 8 50 4 3
28 8 51 4 3
28 8 52 4 3
28 8 53 4 3
28 8 54 4 3
28 8 55 4 3
28 8 56 4 3
28 8 57 4 3
28 8 58 4 3
28 8 59 4 3
28 8 60 4 3
28 9 3 0 -1
28 9 4 0 -1
28 9 5 0 -1
28 9 6 0 -1
28 9 7 0 -1
28 9 8 0 -1
28 9 9 0 -1
28 9 10 0 -1
28 9 11 0 -1
28 9 12 0 -1
28 9 13 0 -1
28 9 14 0 -1
28 9 15 0 -1
28 9 16 0 -1
28 9 17 0 -1
28 9 18 0 -1
28 9 19 0 -1
28 9 20 0 -1
28 9 21 0 -1
28 9 22 0 -1
28 9 23 2 -1
28 9 24 2 1
28 9 25 2 1
28 9 26 2 1
28 9 27 2 1
28 9 28 2 1
28 9 29 2 1
28 9 30 2 1
28 9 31 2 1
28 9 32 2 1
28 9 33 2 1
28 9 34 2 1
28 9 35 2 1
28 9 36 2 1
28 9 37 2 1
28 9 38 2 1
28 9 39 2 1
28 9 40 4 1
28 9 41 4 3
28 9 42 4 3
28 9 43 4 3
28 9 44 4 3
28 9 45 4 3
28 9 46 4 3
28 9 47 4 3
28 9 48 4 3
28 9 49 4 3
28 9 50 4 3
28 9 51 4 3
28 9 52 4 3
28 9 53 4 3
28 9 54 4 3
28 9 55 4 3
28 9 56 4 3
28 9 57 6 3
28 9 58 6 5
28 9 59 6 5
28 9 60 6 5
28 10 3 0 -1
28 10 4 0 -1
28 10 5 0 -1
28 10 6 0 -1
28 10 7 0 -1
28 10 8 0 -1
28 10 9 0 -1
28 10 10 0 -1
28 10 11 0 -1
28 10 12 0 -1
28 10 13 0 -1
28 10 14 0 -1
28 10 15 0 -1
28 10 16 0 -1
28 10 17 0 -1
28 10 18 0 -1
28 10 19 0 -1
28 10 20 2 1
28 10 21 2 1
28 10 22 2 1
28 10 23 2 1
28 10 24 2 1
28 10 25 2 1
28 10 26 2 1
28 10 27 2 1
28 10 28 2 1
28 10 29 2 1
28 10 30 2 1
28 10 31 2 1
28 10 32 2 1
28 10 33 2 1
28 10 34 4 1
28 10 35 4 3
28 10 36 4 3
28 10 37 4 3
28 10 38 4 3
28 10 39 4 3
28 10 40 4 3
28 10 41 4 3
28 10 42 4 3
28 10 43 4 3
28 10 44 4 3
28 10 45 4 3
28 10 46 4 3
28 10 47 4 3
28 10 48 6 3
28 10 49 6 5
28 10 50 6 5
28 10 51 6 5
28 10 52 6 5
28 10 53 6 5
28 10 54 6 5
28 10 55 6 5
28 10 56 6 5
28 10 57 6 5
28 10 58 6 5
28 10 59 6 5
28 10 60 6 5
28 11 3 0 -1
28 11 4 0 -1
28 11 5 0 -1
28 11 6 0 -1
28 11 7 0 -1
28 11 8 0 -1
28 11 9 0 -1
28 11 10 0 -1
28 11 11 0 -1
28 11 12 0 -1
28 11 13 0 -1
28 11 14 0 -1
28 11 15 0 -1
28 11 16 0 -1
28 11 17 2 1
28 11 18 2 1
28 11 19 2 1
28 11 20 2 1
28 11 21 2 1
28 11 22 2 1
28 11 23 2 1
28 11 24 2 1
28 11 25 2 1
28 11 26 2 1
28 11 27 2 1
28 11 28 2 1
28 11 29 4 1
28 11 30 4 3
28 11 31 4 3
28 11 32 4 3
28 11 33 4 3
28 11 34 4 3
28 11 35 4 3
28 11 36 4 3
28 11 37 4 3
28 11 38 4 3
28 11 39 4 3
28 11 40 4 3
28 11 41 6 5
28 11 42 6 5
28 11 43 6 5
28 11 44 6 5
28 11 45 6 5
28 11 46 6 5
28 11 47 6 5
28 11 48 6 5
28 11 49 6 5
28 11 50 6 5
28 11 51 6 5
28 11 52 6 5
28 11 53 8 7
28 11 54 8 7
28 11 55 8 7
28 11 56 8 7
28 11 57 8 7
28 11 58 8 7
28 11 59 8 7
28 11 60 8 7
28 12 3 0 -1
28 12 4 0 -1
28 12 5 0 -1
28 12 6 0 -1
28 12 7 0 -1
28 12 8 0 -1
28 12 9 0 -1
28 12 10 0 -1
28 12 11 0 -1
28 12 12 0 -1
28 12 13 0 -1
28 12 14 0 -1
28 12 15 2 1
28 12 16 2 1
28 12 17 2 1
28 12 18 2 1
28 12 19 2 1
28 12 20 2 1
28 12 21 2 1
28 12 22 2 1
28 12 23 2 1
28 12 24 2 1
28 12 25 4 3
28 12 26 4 3
28 12 27 4 3
28 12 28 4 3
28 12 29 4 3
28 12 30 4 3
28 12 31 4 3
28 12 32 4 3
28 12 33 4 3
28 12 34 4 3
28 12 35 6 3
28 12 36 6 5
28 12 37 6 5
28 12 38 6 5
28 12 39 6 5
28 12 40 6 5
28 12 41 6 5
28 12 42 6 5
28 12 43 6 5
28 12 44 6 5
28 12 45 8 5
28 12 46 8 7
28 12 47 8 7
28 12 48 8 7
28 12 49 8 7
28 12 50 8 7
28 12 51 8 7
28 12 52 8 7
28 12 53 8 7
28 12 54 8 7
28 12 55 8 7
28 12 56 10 9
28 12 57 10 9
28 12 58 10 9
28 12 59 10 9
28 12 60 10 9
28 13 3 0 -1
28 13 4 0 -1
28 13 5 0 -1
28 13 6 0 -1
28 13 7 0 -1
28 13 8 0 -1
28 13 9 0 -1
28 13 10 0 -1
28 13 11 0 -1
28 13 12 0 -1
28 13 13 2 1
28 13 14 2 1
28 13 15 2 1
28 13 16 2 1
28 13 17 2 1
28 13 18 2 1
28 13 19 2 1
28 13 20 2 1
28 13 21 2 1
28 13 22 4 3
28 13 23 4 3
28 13 24 4 3
28 13 25 4 3
28 13 26 4 3
28 13 27 4 3
28 13 28 4 3
28 13 29 4 3
28 13 30 6 3
28 13 31 6 5
28 13 32 6 5
28 13 33 6 5
28 13 34 6 5
28 13 35 6 5
28 13 36 6 5
28 13 37 6 5
28 13 38 6 5
28 13 39 8 5
28 13 40 8 7
28 13 41 8 7
28 13 42 8 7
28 13 43 8 7
28 13 44 8 7
28 13 45 8 7
28 13 46 8 7
28 13 47 8 7
28 13 48 10 9
28 13 49 10 9
28 13 50 10 9
28 13 51 10 9
28 13 52 10 9
28 13 53 10 9
28 13 54 10 9
28 13 55 10 9
28 13 56 10 9
28 13 57 12 11
28 13 58 12 11
28 13 59 12 11
28 13 60 12 11
28 14 3 0 -1
28 14 4 0 -1
28 14 5 0 -1
28 14 6 0 -1
28 14 7 0 -1
28 14 8 0 -1
28 14 9 0 -1
28 14 10 0 -1
28 14 11 2 1
28 14 12 2 1
28 14 13 2 1
28 14 14 2 1
28 14 15 2 1
28 14 16 2 1
28 14 17 2 1
28 14 18 2 1
28 14 19 4 3
28 14 20 4 3
28 14 21 4 3
28 14 22 4 3
28 14 23 4 3
28 14 24 4 3
28 14 25 4 3
28 14 26 6 3
28 14 27 6 5
28 14 28 6 5
28 14 29 6 5
28 14 30 6 5
28 14 31 6 5
28 14 32 6 5
28 14 33 6 5
28 14 34 8 5
28 14 35 8 7
28 14 36 8 7
28 14 37 8 7
28 14 38 8 7
28 14 39 8 7
28 14 40 8 7
28 14 41 8 7
28 14 42 10 9
28 14 43 10 9
28 14 44 10 9
28 14 45 10 9
28 14 46 10 9
28 14 47 10 9
28 14 48 10 9
28 14 49 12 9
28 14 50 12 11
28 14 51 12 11
28 14 52 12 11
28 14 53 12 11
28 14 54 12 11
28 14 55 12 11
28 14 56 12 11
28 14 57 14 13
28 14 58 14 13
28 14 59 14 13
28 14 60 14 13
28 15 3 0 -1
28 15 4 0 -1
28 15 5 0 -1
28 15 6 0 -1
28 15 7 0 -1
28 15 8 0 -1
28 15 9 0 -1
28 15 10 2 1
28 15 11 2 1
28 15 12 2 1
28 15 13 2 1
28 15 14 2 1
28 15 15 2 1
28 15 16 4 1
28 15 17 4 3
28 15 18 4 3
28 15 19 4 3
28 15 20 4 3
28 15 21 4 3
28 15 22 4 3
28 15 23 6 3
28 15 24 6 5
28 15 25 6 5
28 15 26 6 5
28 15 27 6 5
28 15 28 6 5
28 15 29 6 5
28 15 30 8 7
28 15 31 8 7
28 15 32 8 7
28 15 33 8 7
28 15 34 8 7
28 15 35 8 7
28 15 36 8 7
28 15 37 10 9
28 15 38 10 9
28 15 39 10 9
28 15 40 10 9
28 15 41 10 9
28 15 42 10 9
28 15 43 12 9
28 15 44 12 11
28 15 45 12 11
28 15 46 12 11
28 15 47 12 11
28 15 48 12 11
28 15 49 12 11
28 15 50 14 13
28 15 51 14 13
28 15 52 14 13
28 15 53 14 13
28 15 54 14 13
28 15 55 14 13
28 15 56 14 13
28 15 57 16 15
28 15 58 16 15
28 15 59 16 15
28 15 60 16 15
28 16 3 0 -1
28 16 4 0 -1
28 16 5 0 -1
28 16 6 0 -1
28 16 7 0 -1
28 16 8 2 -1
28 16 9 2 1
28 16 10 2 1
28 16 11 2 1
28 16 12 2 1
28 16 13 2 1
28 16 14 2 1
28 16 15 4 3
28 16 16 4 3
28 16 17 4 3
28 16 18 4 3
28 16 19 4 3
28 16 20 6 3
28 16 21 6 5
28 16 22 6 5
28 16 23 6 5
28 16 24 6 5
28 16 25 6 5
28 16 26 8 5
28 16 27 8 7
28 16 28 8 7
28 16 29 8 7
28 16 30 8 7
28 16 31 8 7
28 16 32 10 7
28 16 33 10 9
28 16 34 10 9
28 16 35 10 9
28 16 36 10 9
28 16 37 10 9
28 16 38 12 9
28 16 39 12 11
28 16 40 12 11
28 16 41 12 11
28 16 42 12 11
28 16 43 12 11
28 16 44 14 13
28 16 45 14 13
28 16 46 14 13
28 16 47 14 13
28 16 48 14 13
28 16 49 14 13
28 16 50 16 15
28 16 51 16 15
28 16 52 16 15
28 16 53 16 15
28 16 54 16 15
28 16 55 16 15
28 16 56 18 17
28 16 57 18 17
28 16 58 18 17
28 16 59 18 17
28 16 60 18 17
28 17 3 0 -1
28 17 4 0 -1
28 17 5 0 -1
28 17 6 0 -1
28 17 7 0 -1
28 17 8 2 1
28 17 9 2 1
28 17 10 2 1
28 17 11 2 1
28 17 12 2 1
28 17 13 4 3
28 17 14 4 3
28 17 15 4 3
28 17 16 4 3
28 17 17 4 3
28 17 18 6 5
28 17 19 6 5
28 17 20 6 5
28 17 21 6 5
28 17 22 6 5
28 17 23 8 5
28 17 24 8 7
28 17 25 8 7
28 17 26 8 7
28 17 27 8 7
28 17 28 8 7
28 17 29 10 9
28 17 30 10 9
28 17 31 10 9
28 17 32 10 9
28 17 33 10 9
28 17 34 12 11
28 17 35 12 11
28 17 36 12 11
28 17 37 12 11
28 17 38 12 11
28 17 39 14 13
28 17 40 14 13
28 17 41 14 13
28 17 42 14 13
28 17 43 14 13
28 17 44 16 13
28 17 45 16 15
28 17 46 16 15
28 17 47 16 15
28 17 48 16 15
28 17 49 16 15
28 17 50 18 17
28 17 51 18 17
28 17 52 18 17
28 17 53 18 17
28 17 54 18 17
28 17 55 20 19
28 17 56 20 19
28 17 57 20 19
28 17 58 20 19
28 17 59 20 19
28 17 60 22 21
28 18 3 0 -1
28 18 4 0 -1
28 18 5 0 -1
28 18 6 0 -1
28 18 7 2 1
28 18 8 2 1
28 18 9 2 1
28 18 10 2 1
28 18 11 4 1
28 18 12 4 3
28 18 13 4 3
28 18 14 4 3
28 18 15 4 3
28 18 16 6 5
28 18 17 6 5
28 18 18 6 5
28 18 19 6 5
28 18 20 6 5
28 18 21 8 7
28 18 22 8 7
28 18 23 8 7
28 18 24 8 7
28 18 25 8 7
28 18 26 10 9
28 18 27 10 9
28 18 28 10 9
28 18 29 10 9
28 18 30 12 9
28 18 31 12 11
28 18 32 12 11
28 18 33 12 11
28 18 34 12 11
28 18 35 14 13
28 18 36 14 13
28 18 37 14 13
28 18 38 14 13
28 18 39 14 13
28 18 40 16 15
28 18 41 16 15
28 18 42 16 15
28 18 43 16 15
28 18 44 18 15
28 18 45 18 17
28 18 46 18 17
28 18 47 18 17
28 18 48 18 17
28 18 49 20 19
28 18 50 20 19
28 18 51 20 19
28 18 52 20 19
28 18 53 20 19
28 18 54 22 21
28 18 55 22 21
28 18 56 22 21
28 18 57 22 21
28 18 58 24 21
28 18 59 24 23
28 18 60 24 23
28 19 3 0 -1
28 19 4 0 -1
28 19 5 0 -1
28 19 6 2 1
28 19 7 2 1
28 19 8 2 1
28 19 9 2 1
28 19 10 4 3
28 19 11 4 3
28 19 12 4 3
28 19 13 4 3
28 19 14 4 3
28 19 15 6 5
28 19 16 6 5
28 19 17 6 5
28 19 18 6 5
28 19 19 8 7
28 19 20 8 7
28 19 21 8 7
28 19 22 8 7
28 19 23 10 9
28 19 24 10 9
28 19 25 10 9
28 19 26 10 9
28 19 27 12 11
28 19 28 12 11
28 19 29 12 11
28 19 30 12 11
28 19 31 14 11
28 19 32 14 13
28 19 33 14 13
28 19 34 14 13
28 19 35 14 13
28 19 36 16 15
28 19 37 16 15
28 19 38 16 15
28 19 39 16 15
28 19 40 18 17
28 19 41 18 17
28 19 42 18 17
28 19 43 18 17
28 19 44 20 19
28 19 45 20 19
28 19 46 20 19
28 19 47 20 19
28 19 48 22 21
28 19 49 22 21
28 19 50 22 21
28 19 51 22 21
28 19 52 24 21
28 19 53 24 23
28 19 54 24 23
28 19 55 24 23
28 19 56 24 23
28 19 57 26 25
28 19 58 26 25
28 19 59 26 25
28 19 60 26 25
28 20 3 0 -1
28 20 4 0 -1
28 20 5 2 -1
28 20 6 2 1
28 20 7 2 1
28 20 8 2 1
28 20 9 4 3
28 20 10 4 3
28 20 11 4 3
28 20 12 4 3
28 20 13 6 5
28 20 14 6 5
28 20 15 6 5
28 20 16 6 5
28 20 17 8 7
28 20 18 8 7
28 20 19 8 7
28 20 20 8 7
28 20 21 10 9
28 20 22 10 9
28 20 23 10 9
28 20 24 10 9
28 20 25 12 11
28 20 26 12 11
28 20 27 12 11
28 20 28 14 11
28 20 29 14 13
28 20 30 14 13
28 20 31 14 13
28 20 32 16 15
28 20 33 16 15
28 20 34 16 15
28 20 35 16 15
28 20 36 18 17
28 20 37 18 17
28 20 38 18 17
28 20 39 18 17
28 20 40 20 19
28 20 41 20 19
28 20 42 20 19
28 20 43 20 19
28 20 44 22 21
28 20 45 22 21
28 20 46 22 21
28 20 47 24 23
28 20 48 24 23
28 20 49 24 23
28 20 50 24 23
28 20 51 26 25
28 20 52 26 25
28 20 53 26 25
28 20 54 26 25
28 20 55 28 27
28 20 56 28 27
28 20 57 28 27
28 20 58 28 27
28 20 59 30 29
28 20 60 30 29
28 21 3 0 -1
28 21 4 2 1
28 21 5 2 1
28 21 6 2 1
28 21 7 2 1
28 21 8 4 3
28 21 9 4 3
28 21 10 4 3
28 21 11 4 3
28 21 12 6 5
28 21 13 6 5
28 21 14 6 5
28 21 15 8 5
28 21 16 8 7
28 21 17 8 7
28 21 18 8 7
28 21 19 10 9
28 21 20 10 9
28 21 21 10 9
28 21 22 12 11
28 21 23 12 11
28 21 24 12 11
28 21 25 12 11
28 21 26 14 13
28 21 27 14 13
28 21 28 14 13
28 21 29 16 15
28 21 30 16 15
28 21 31 16 15
28 21 32 16 15
28 21 33 18 17
28 21 34 18 17
28 21 35 18 17
28 21 36 20 19
28 21 37 20 19
28 21 38 20 19
28 21 39 20 19
28 21 40 22 21
28 21 41 22 21
28 21 42 22 21
28 21 43 24 23
28 21 44 24 23
28 21 45 24 23
28 21 46 26 23
28 21 47 26 25
28 21 48 26 25
28 21 49 26 25
28 21 50 28 27
28 21 51 28 27
28 21 52 28 27
28 21 53 30 29
28 21 54 30 29
28 21 55 30 29
28 21 56 30 29
28 21 57 32 31
28 21 58 32 31
28 21 59 32 31
28 21 60 34 33
28 22 3 0 -1
28 22 4 2 1
28 22 5 2 1
28 22 6 2 1
28 22 7 2 1
28 22 8 4 3
28 22 9 4 3
28 22 10 4 3
28 22 11 6 5
28 22 12 6 5
28 22 13 6 5
28 22 14 8 7
28 22 15 8 7
28 22 16 8 7
28 22 17 10 9
28 22 18 10 9
28 22 19 10 9
28 22 20 12 11
28 22 21 12 11
28 22 22 12 11
28 22 23 12 11
28 22 24 14 13
28 22 25 14 13
28 22 26 14 13
28 22 27 16 15
28 22 28 16 15
28 22 29 16 15
28 22 30 18 17
28 22 31 18 17
28 22 32 18 17
28 22 33 20 19
28 22 34 20 19
28 22 35 20 19
28 22 36 22 21
28 22 37 22 21
28 22 38 22 21
28 22 39 24 23
28 22 40 24 23
28 22 41 24 23
28 22 42 26 25
28 22 43 26 25
28 22 44 26 25
28 22 45 26 25
28 22 46 28 27
28 22 47 28 27
28 22 48 28 27
28 22 49 30 29
28 22 50 30 29
28 22 51 30 29
28 22 52 32 31
28 22 53 32 31
28 22 54 32 31
28 22 55 34 33
28 22 56 34 33
28 22 57 34 33
28 22 58 36 35
28 22 59 36 35
28 22 60 36 35
28 23 3 0 -1
28 23 4 2 1
28 23 5 2 1
28 23 6 2 1
28 23 7 4 3
28 23 8 4 3
28 23 9 4 3
28 23 10 6 5
28 23 11 6 5
28 23 12 6 5
28 23 13 8 7
28 23 14 8 7
28 23 15 8 7
28 23 16 10 9
28 23 17 10 9
28 23 18 10 9
28 23 19 12 11
28 23 20 12 11
28 23 21 12 11
28 23 22 14 13
28 23 23 14 13
28 23 24 16 13
28 23 25 16 15
28 23 26 16 15
28 23 27 18 17
28 23 28 18 17
28 23 29 18 17
28 23 30 20 19
28 23 31 20 19
28 23 32 20 19
28 23 33 22 21
28 23 34 22 21
28 23 35 22 21
28 23 36 24 23
28 23 37 24 23
28 23 38 24 23
28 23 39 26 25
28 23 40 26 25
28 23 41 26 25
28 23 42 28 27
28 23 43 28 27
28 23 44 28 27
28 23 45 30 29
28 23 46 30 29
28 23 47 30 29
28 23 48 32 31
28 23 49 32 31
28 23 50 34 31
28 23 51 34 33
28 23 52 34 33
28 23 53 36 35
28 23 54 36 35
28 23 55 36 35
28 23 56 38 37
28 23 57 38 37
28 23 58 38 37
28 23 59 40 39
28 23 60 40 39
28 24 3 0 -1
28 24 4 2 1
28 24 5 2 1
28 24 6 4 3
28 24 7 4 3
28 24 8 4 3
28 24 9 6 5
28 24 10 6 5
28 24 11 6 5
28 24 12 8 7
28 24 13 8 7
28 24 14 10 9
28 24 15 10 9
28 24 16 10 9
28 24 17 12 11
28 24 18 12 11
28 24 19 12 11
28 24 20 14 13
28 24 21 14 13
28 24 22 14 13
28 24 23 16 15
28 24 24 16 15
28 24 25 18 17
28 24 26 18 17
28 24 27 18 17
28 24 28 20 19
28 24 29 20 19
28 24 30 20 19
28 24 31 22 21
28 24 32 22 21
28 24 33 24 23
28 24 34 24 23
28 24 35 24 23
28 24 36 26 25
28 24 37 26 25
28 24 38 26 25
28 24 39 28 27
28 24 40 28 27
28 24 41 30 29
28 24 42 30 29
28 24 43 30 29
28 24 44 32 31
28 24 45 32 31
28 24 46 32 31
28 24 47 34 33
28 24 48 34 33
28 24 49 36 35
28 24 50 36 35
28 24 51 36 35
28 24 52 38 37
28 24 53 38 37
28 24 54 38 37
28 24 55 40 39
28 24 56 40 39
28 24 57 42 41
28 24 58 42 41
28 24 59 42 41
28 24 60 44 43
28 25 3 0 -1
28 25 4 2 1
28 25 5 2 1
28 25 6 4 3
28 25 7 4 3
28 25 8 6 5
28 25 9 6 5
28 25 10 6 5
28 25 11 8 7
28 25 12 8 7
28 25 13 8 7
28 25 14 10 9
28 25 15 10 9
28 25 16 12 11
28 25 17 12 11
28 25 18 14 13
28 25 19 14 13
28 25 20 14 13
28 25 21 16 15
28 25 22 16 15
28 25 23 16 15
28 25 24 18 17
28 25 25 18 17
28 25 26 20 19
28 25 27 20 19
28 25 28 22 21
28 25 29 22 21
28 25 30 22 21
28 25 31 24 23
28 25 32 24 23
28 25 33 26 25
28 25 34 26 25
28 25 35 26 25
28 25 36 28 27
28 25 37 28 27
28 25 38 30 29
28 25 39 30 29
28 25 40 30 29
28 25 41 32 31
28 25 42 32 31
28 25 43 34 33
28 25 44 34 33
28 25 45 34 33
28 25 46 36 35
28 25 47 36 35
28 25 48 38 37
28 25 49 38 37
28 25 50 38 37
28 25 51 40 39
28 25 52 40 39
28 25 53 42 41
28 25 54 42 41
28 25 55 42 41
28 25 56 44 43
28 25 57 44 43
28 25 58 46 45
28 25 59 46 45
28 25 60 48 47
28 26 3 0 -1
28 26 4 2 1
28 26 5 2 1
28 26 6 4 3
28 26 7 4 3
28 26 8 6 5
28 26 9 6 5
28 26 10 8 7
28 26 11 8 7
28 26 12 10 9
28 26 13 10 9
28 26 14 12 11
28 26 15 12 11
28 26 16 12 11
28 26 17 12 11
28 26 18 14 13
28 26 19 14 13
28 26 20 16 15
28 26 21 16 15
28 26 22 18 17
28 26 23 18 17
28 26 24 20 19
28 26 25 20 19
28 26 26 22 21
28 26 27 22 21
28 26 28 24 23
28 26 29 24 23
28 26 30 24 23
28 26 31 26 25
28 26 32 26 25
28 26 33 26 25
28 26 34 28 27
28 26 35 28 27
28 26 36 30 29
28 26 37 30 29
28 26 38 32 31
28 26 39 32 31
28 26 40 34 33
28 26 41 34 33
28 26 42 36 35
28 26 43 36 35
28 26 44 36 35
28 26 45 38 37
28 26 46 38 37
28 26 47 40 39
28 26 48 40 39
28 26 49 40 39
28 26 50 42 41
28 26 51 42 41
28 26 52 44 43
28 26 53 44 43
28 26 54 46 45
28 26 55 46 45
28 26 56 48 47
28 26 57 48 47
28 26 58 48 47
28 26 59 50 49
28 26 60 50 49
29 2 3 0 -1
29 2 4 0 -1
29 2 5 0 -1
29 2 6 0 -1
29 2 7 0 -1
29 2 8 0 -1
29 2 9 0 -1
29 2 10 0 -1
29 2 11 0 -1
29 2 12 0 -1
29 2 13 0 -1
29 2 14 0 -1
29 2 15 0 -1
29 2 16 0 -1
29 2 17 0 -1
29 2 18 0 -1
29 2 19 0 -1
29 2 20 0 -1
29 2 21 0 -1
29 2 22 0 -1
29 2 23 0 -1
29 2 24 0 -1
29 2 25 0 -1
29 2 26 0 -1
29 2 27 0 -1
29 2 28 0 -1
29 2 29 0 -1
29 2 30 0 -1
29 2 31 0 -1
29 2 32 0 -1
29 2 33 0 -1
29 2 34 0 -1
29 2 35 0 -1
29 2 36 0 -1
29 2 37 0 -1
29 2 38 0 -1
29 2 39 0 -1
29 2 40 0 -1
29 2 41 0 -1
29 2 42 0 -1
29 2 43 0 -1
29 2 44 0 -1
29 2 45 0 -1
29 2 46 0 -1
29 2 47 0 -1
29 2 48 0 -1
29 2 49 0 -1
29 2 50 0 -1
29 2 51 0 -1
29 2 52 0 -1
29 2 53 0 -1
29 2 54 0 -1
29 2 55 0 -1
29 2 56 0 -1
29 2 57 0 -1
29 2 58 0 -1
29 2 59 0 -1
29 2 60 0 -1
29 3 3 0 -1
29 3 4 0 -1
29 3 5 0 -1
29 3 6 0 -1
29 3 7 0 -1
29 3 8 0 -1
29 3 9 0 -1
29 3 10 0 -1
29 3 11 0 -1
29 3 12 0 -1
29 3 13 0 -1
29 3 14 0 -1
29 3 15 0 -1
29 3 16 0 -1
29 3 17 0 -1
29 3 18 0 -1
29 3 19 0 -1
29 3 20 0 -1
29 3 21 0 -1
29 3 22 0 -1
29 3 23 0 -1
29 3 24 0 -1
29 3 25 0 -1
29 3 26 0 -1
29 3 27 0 -1
29 3 28 0 -1
29 3 29 0 -1
29 3 30 0 -1
29 3 31 0 -1
29 3 32 0 -1
29 3 33 0 -1
29 3 34 0 -1
29 3 35 0 -1
29 3 36 0 -1
29 3 37 0 -1
29 3 38 0 -1
29 3 39 0 -1
29 3 40 0 -1
29 3 41 0 -1
29 3 42 0 -1
29 3 43 0 -1
29 3 44 0 -1
29 3 45 0 -1
29 3 46 0 -1
29 3 47 0 -1
29 3 48 0 -1
29 3 49 0 -1
29 3 50 0 -1
29 3 51 0 -1
29 3 52 0 -1
29 3 53 0 -1
29 3 54 0 -1
29 3 55 0 -1
29 3 56 0 -1
29 3 57 0 -1
29 3 58 0 -1
29 3 59 0 -1
29 3 60 0 -1
29 4 3 0 -1
29 4 4 0 -1
29 4 5 0 -1
29 4 6 0 -1
29 4 7 0 -1
29 4 8 0 -1
29 4 9 0 -1
29 4 10 0 -1
29 4 11 0 -1
29 4 12 0 -1
29 4 13 0 -1
29 4 14 0 -1
29 4 15 0 -1
29 4 16 0 -1
29 4 17 0 -1
29 4 18 0 -1
29 4 19 0 -1
29 4 20 0 -1
29 4 21 0 -1
29 4 22 0 -1
29 4 23 0 -1
29 4 24 0 -1
29 4 25 0 -1
29 4 26 0 -1
29 4 27 0 -1
29 4 28 0 -1
29 4 29 0 -1
29 4 30 0 -1
29 4 31 0 -1
29 4 32 0 -1
29 4 33 0 -1
29 4 34 0 -1
29 4 35 0 -1
29 4 36 0 -1
29 4 37 0 -1
29 4 38 0 -1
29 4 39 0 -1
29 4 40 0 -1
29 4 41 0 -1
29 4 42 0 -1
29 4 43 0 -1
29 4 44 0 -1
29 4 45 0 -1
29 4 46 0 -1
29 4 47 0 -1
29 4 48 0 -1
29 4 49 0 -1
29 4 50 0 -1
29 4 51 0 -1
29 4 52 0 -1
29 4 53 0 -1
29 4 54 0 -1
29 4 55 0 -1
29 4 56 0 -1
29 4 57 0 -1
29 4 58 0 -1
29 4 59 0 -1
29 4 60 0 -1
29 5 3 0 -1
29 5 4 0 -1
29 5 5 0 -1
29 5 6 0 -1
29 5 7 0 -1
29 5 8 0 -1
29 5 9 0 -1
29 5 10 0 -1
29 5 11 0 -1
29 5 12 0 -1
29 5 13 0 -1
29 5 14 0 -1
29 5 15 0 -1
29 5 16 0 -1
29 5 17 0 -1
29 5 18 0 -1
29 5 19 0 -1
29 5 20 0 -1
29 5 21 0 -1
29 5 22 0 -1
29 5 23 0 -1
29 5 24 0 -1
29 5 25 0 -1
29 5 26 0 -1
29 5 27 0 -1
29 5 28 0 -1
29 5 29 0 -1
29 5 30 0 -1
29 5 31 0 -1
29 5 32 0 -1
29 5 33 0 -1
29 5 34 0 -1
29 5 35 0 -1
29 5 36 0 -1
29 5 37 0 -1
29 5 38 0 -1
29 5 39 0 -1
29 5 40 0 -1
29 5 41 0 -1
29 5 42 0 -1
29 5 43 0 -1
29 5 44 0 -1
29 5 45 0 -1
29 5 46 0 -1
29 5 47 0 -1
29 5 48 0 -1
29 5 49 0 -1
29 5 50 0 -1
29 5 51 0 -1
29 5 52 0 -1
29 5 53 0 -1
29 5 54 0 -1
29 5 55 2 -1
29 5 56 2 1
29 5 57 2 1
29 5 58 2 1
29 5 59 2 1
29 5 60 2 1
29 6 3 0 -1
29 6 4 0 -1
29 6 5 0 -1
29 6 6 0 -1
29 6 7 0 -1
29 6 8 0 -1
29 6 9 0 -1
29 6 10 0 -1
29 6 11 0 -1
29 6 12 0 -1
29 6 13 0 -1
29 6 14 0 -1
29 6 15 0 -1
29 6 16 0 -1
29 6 17 0 -1
29 6 18 0 -1
29 6 19 0 -1
29 6 20 0 -1
29 6 21 0 -1
29 6 22 0 -1
29 6 23 0 -1
29 6 24 0 -1
29 6 25 0 -1
29 6 26 0 -1
29 6 27 0 -1
29 6 28 0 -1
29 6 29 0 -1
29 6 30 0 -1
29 6 31 0 -1
29 6 32 0 -1
29 6 33 0 -1
29 6 34 0 -1
29 6 35 0 -1
29 6 36 0 -1
29 6 37 0 -1
29 6 38 0 -1
29 6 39 0 -1
29 6 40 0 -1
29 6 41 0 -1
29 6 42 0 -1
29 6 43 0 -1
29 6 44 2 1
29 6 45 2 1
29 6 46 2 1
29 6 47 2 1
29 6 48 2 1
29 6 49 2 1
29 6 50 2 1
29 6 51 2 1
29 6 52 2 1
29 6 53 2 1
29 6 54 2 1
29 6 55 2 1
29 6 56 2 1
29 6 57 2 1
29 6 58 2 1
29 6 59 2 1
29 6 60 2 1
29 7 3 0 -1
29 7 4 0 -1
29 7 5 0 -1
29 7 6 0 -1
29 7 7 0 -1
29 7 8 0 -1
29 7 9 0 -1
29 7 10 0 -1
29 7 11 0 -1
29 7 12 0 -1
29 7 13 0 -1
29 7 14 0 -1
29 7 15 0 -1
29 7 16 0 -1
29 7 17 0 -1
29 7 18 0 -1
29 7 19 0 -1
29 7 20 0 -1
29 7 21 0 -1
29 7 22 0 -1
29 7 23 0 -1
29 7 24 0 -1
29 7 25 0 -1
29 7 26 0 -1
29 7 27 0 -1
29 7 28 0 -1
29 7 29 0 -1
29 7 30 0 -1
29 7 31 0 -1
29 7 32 0 -1
29 7 33 0 -1
29 7 34 0 -1
29 7 35 2 -1
29 7 36 2 1
29 7 37 2 1
29 7 38 2 1
29 7 39 2 1
29 7 40 2 1
29 7 41 2 1
29 7 42 2 1
29 7 43 2 1
29 7 44 2 1
29 7 45 2 1
29 7 46 2 1
29 7 47 2 1
29 7 48 2 1
29 7 49 2 1
29 7 50 2 1
29 7 51 2 1
29 7 52 2 1
29 7 53 2 1
29 7 54 2 1
29 7 55 2 1
29 7 56 2 1
29 7 57 2 1
29 7 58 2 1
29 7 59 2 1
29 7 60 2 1
29 8 3 0 -1
29 8 4 0 -1
29 8 5 0 -1
29 8 6 0 -1
29 8 7 0 -1
29 8 8 0 -1
29 8 9 0 -1
29 8 10 0 -1
29 8 11 0 -1
29 8 12 0 -1
29 8 13 0 -1
29 8 14 0 -1
29 8 15 0 -1
29 8 16 0 -1
29 8 17 0 -1
29 8 18 0 -1
29 8 19 0 -1
29 8 20 0 -1
29 8 21 0 -1
29 8 22 0 -1
29 8 23 0 -1
29 8 24 0 -1
29 8 25 0 -1
29 8 26 0 -1
29 8 27 0 -1
29 8 28 0 -1
29 8 29 2 -1
29 8 30 2 1
29 8 31 2 1
29 8 32 2 1
29 8 33 2 1
29 8 34 2 1
29 8 35 2 1
29 8 36 2 1
29 8 37 2 1
29 8 38 2 1
29 8 39 2 1
29 8 40 2 1
29 8 41 2 1
29 8 42 2 1
29 8 43 2 1
29 8 44 2 1
29 8 45 2 1
29 8 46 2 1
29 8 47 2 1
29 8 48 2 1
29 8 49 2 1
29 8 50 2 1
29 8 51 4 3
29 8 52 4 3
29 8 53 4 3
29 8 54 4 3
29 8 55 4 3
29 8 56 4 3
29 8 57 4 3
29 8 58 4 3
29 8 59 4 3
29 8 60 4 3
29 9 3 0 -1
29 9 4 0 -1
29 9 5 0 -1
29 9 6 0 -1
29 9 7 0 -1
29 9 8 0 -1
29 9 9 0 -1
29 9 10 0 -1
29 9 11 0 -1
29 9 12 0 -1
29 9 13 0 -1
29 9 14 0 -1
29 9 15 0 -1
29 9 16 0 -1
29 9 17 0 -1
29 9 18 0 -1
29 9 19 0 -1
29 9 20 0 -1
29 9 21 0 -1
29 9 22 0 -1
29 9 23 0 -1
29 9 24 0 -1
29 9 25 2 1
29 9 26 2 1
29 9 27 2 1
29 9 28 2 1
29 9 29 2 1
29 9 30 2 1
29 9 31 2 1
29 9 32 2 1
29 9 33 2 1
29 9 34 2 1
29 9 35 2 1
29 9 36 2 1
29 9 37 2 1
29 9 38 2 1
29 9 39 2 1
29 9 40 2 1
29 9 41 2 1
29 9 42 4 1
29 9 43 4 3
29 9 44 4 3
29 9 45 4 3
29 9 46 4 3
29 9 47 4 3
29 9 48 4 3
29 9 49 4 3
29 9 50 4 3
29 9 51 4 3
29 9 52 4 3
29 9 53 4 3
29 9 54 4 3
29 9 55 4 3
29 9 56 4 3
29 9 57 4 3
29 9 58 4 3
29 9 59 4 3
29 9 60 6 3
29 10 3 0 -1
29 10 4 0 -1
29 10 5 0 -1
29 10 6 0 -1
29 10 7 0 -1
29 10 8 0 -1
29 10 9 0 -1
29 10 10 0 -1
29 10 11 0 -1
29 10 12 0 -1
29 10 13 0 -1
29 10 14 0 -1
29 10 15 0 -1
29 10 16 0 -1
29 10 17 0 -1
29 10 18 0 -1
29 10 19 0 -1
29 10 20 0 -1
29 10 21 2 -1
29 10 22 2 1
29 10 23 2 1
29 10 24 2 1
29 10 25 2 1
29 10 26 2 1
29 10 27 2 1
29 10 28 2 1
29 10 29 2 1
29 10 30 2 1
29 10 31 2 1
29 10 32 2 1
29 10 33 2 1
29 10 34 2 1
29 10 35 2 1
29 10 36 4 1
29 10 37 4 3
29 10 38 4 3
29 10 39 4 3
29 10 40 4 3
29 10 41 4 3
29 10 42 4 3
29 10 43 4 3
29 10 44 4 3
29 10 45 4 3
29 10 46 4 3
29 10 47 4 3
29 10 48 4 3
29 10 49 4 3
29 10 50 4 3
29 10 51 6 5
29 10 52 6 5
29 10 53 6 5
29 10 54 6 5
29 10 55 6 5
29 10 56 6 5
29 10 57 6 5
29 10 58 6 5
29 10 59 6 5
29 10 60 6 5
29 11 3 0 -1
29 11 4 0 -1
29 11 5 0 -1
29 11 6 0 -1
29 11 7 0 -1
29 11 8 0 -1
29 11 9 0 -1
29 11 10 0 -1
29 11 11 0 -1
29 11 12 0 -1
29 11 13 0 -1
29 11 14 0 -1
29 11 15 0 -1
29 11 16 0 -1
29 11 17 0 -1
29 11 18 2 1
29 11 19 2 1
29 11 20 2 1
29 11 21 2 1
29 11 22 2 1
29 11 23 2 1
29 11 24 2 1
29 11 25 2 1
29 11 26 2 1
29 11 27 2 1
29 11 28 2 1
29 11 29 2 1
29 11 30 2 1
29 11 31 4 3
29 11 32 4 3
29 11 33 4 3
29 11 34 4 3
29 11 35 4 3
29 11 36 4 3
29 11 37 4 3
29 11 38 4 3
29 11 39 4 3
29 11 40 4 3
29 11 41 4 3
29 11 42 4 3
29 11 43 6 3
29 11 44 6 5
29 11 45 6 5
29 11 46 6 5
29 11 47 6 5
29 11 48 6 5
29 11 49 6 5
29 11 50 6 5
29 11 51 6 5
29 11 52 6 5
29 11 53 6 5
29 11 54 6 5
29 11 55 6 5
29 11 56 8 5
29 11 57 8 7
29 11 58 8 7
29 11 59 8 7
29 11 60 8 7
29 12 3 0 -1
29 12 4 0 -1
29 12 5 0 -1
29 12 6 0 -1
29 12 7 0 -1
29 12 8 0 -1
29 12 9 0 -1
29 12 10 0 -1
29 12 11 0 -1
29 12 12 0 -1
29 12 13 0 -1
29 12 14 0 -1
29 12 15 2 -1
29 12 16 2 1
29 12 17 2 1
29 12 18 2 1
29 12 19 2 1
29 12 20 2 1
29 12 21 2 1
29 12 22 2 1
29 12 23 2 1
29 12 24 2 1
29 12 25 2 1
29 12 26 4 1
29 12 27 4 3
29 12 28 4 3
29 12 29 4 3
29 12 30 4 3
29 12 31 4 3
29 12 32 4 3
29 12 33 4 3
29 12 34 4 3
29 12 35 4 3
29 12 36 4 3
29 12 37 6 3
29 12 38 6 5
29 12 39 6 5
29 12 40 6 5
29 12 41 6 5
29 12 42 6 5
29 12 43 6 5
29 12 44 6 5
29 12 45 6 5
29 12 46 6 5
29 12 47 6 5
29 12 48 8 5
29 12 49 8 7
29 12 50 8 7
29 12 51 8 7
29 12 52 8 7
29 12 53 8 7
29 12 54 8 7
29 12 55 8 7
29 12 56 8 7
29 12 57 8 7
29 12 58 8 7
29 12 59 10 7
29 12 60 10 9
29 13 3 0 -1
29 13 4 0 -1
29 13 5 0 -1
29 13 6 0 -1
29 13 7 0 -1
29 13 8 0 -1
29 13 9 0 -1
29 13 10 0 -1
29 13 11 0 -1
29 13 12 0 -1
29 13 13 2 -1
29 13 14 2 1
29 13 15 2 1
29 13 16 2 1
29 13 17 2 1
29 13 18 2 1
29 13 19 2 1
29 13 20 2 1
29 13 21 2 1
29 13 22 2 1
29 13 23 4 3
29 13 24 4 3
29 13 25 4 3
29 13 26 4 3
29 13 27 4 3
29 13 28 4 3
29 13 29 4 3
29 13 30 4 3
29 13 31 4 3
29 13 32 6 3
29 13 33 6 5
29 13 34 6 5
29 13 35 6 5
29 13 36 6 5
29 13 37 6 5
29 13 38 6 5
29 13 39 6 5
29 13 40 6 5
29 13 41 6 5
29 13 42 8 7
29 13 43 8 7
29 13 44 8 7
29 13 45 8 7
29 13 46 8 7
29 13 47 8 7
29 13 48 8 7
29 13 49 8 7
29 13 50 8 7
29 13 51 10 7
29 13 52 10 9
29 13 53 10 9
29 13 54 10 9
29 13 55 10 9
29 13 56 10 9
29 13 57 10 9
29 13 58 10 9
29 13 59 10 9
29 13 60 10 9
29 14 3 0 -1
29 14 4 0 -1
29 14 5 0 -1
29 14 6 0 -1
29 14 7 0 -1
29 14 8 0 -1
29 14 9 0 -1
29 14 10 0 -1
29 14 11 0 -1
29 14 12 2 1
29 14 13 2 1
29 14 14 2 1
29 14 15 2 1
29 14 16 2 1
29 14 17 2 1
29 14 18 2 1
29 14 19 2 1
29 14 20 4 3
29 14 21 4 3
29 14 22 4 3
29 14 23 4 3
29 14 24 4 3
29 14 25 4 3
29 14 26 4 3
29 14 27 4 3
29 14 28 6 3
29 14 29 6 5
29 14 30 6 5
29 14 31 6 5
29 14 32 6 5
29 14 33 6 5
29 14 34 6 5
29 14 35 6 5
29 14 36 8 5
29 14 37 8 7
29 14 38 8 7
29 14 39 8 7
29 14 40 8 7
29 14 41 8 7
29 14 42 8 7
29 14 43 8 7
29 14 44 8 7
29 14 45 10 9
29 14 46 10 9
29 14 47 10 9
29 14 48 10 9
29 14 49 10 9
29 14 50 10 9
29 14 51 10 9
29 14 52 10 9
29 14 53 12 11
29 14 54 12 11
29 14 55 12 11
29 14 56 12 11
29 14 57 12 11
29 14 58 12 11
29 14 59 12 11
29 14 60 12 11
29 15 3 0 -1
29 15 4 0 -1
29 15 5 0 -1
29 15 6 0 -1
29 15 7 0 -1
29 15 8 0 -1
29 15 9 0 -1
29 15 10 2 -1
29 15 11 2 1
29 15 12 2 1
29 15 13 2 1
29 15 14 2 1
29 15 15 2 1
29 15 16 2 1
29 15 17 2 1
29 15 18 4 3
29 15 19 4 3
29 15 20 4 3
29 15 21 4 3
29 15 22 4 3
29 15 23 4 3
29 15 24 4 3
29 15 25 6 5
29 15 26 6 5
29 15 27 6 5
29 15 28 6 5
29 15 29 6 5
29 15 30 6 5
29 15 31 6 5
29 15 32 8 7
29 15 33 8 7
29 15 34 8 7
29 15 35 8 7
29 15 36 8 7
29 15 37 8 7
29 15 38 8 7
29 15 39 10 7
29 15 40 10 9
29 15 41 10 9
29 15 42 10 9
29 15 43 10 9
29 15 44 10 9
29 15 45 10 9
29 15 46 12 9
29 15 47 12 11
29 15 48 12 11
29 15 49 12 11
29 15 50 12 11
29 15 51 12 11
29 15 52 12 11
29 15 53 12 11
29 15 54 14 13
29 15 55 14 13
29 15 56 14 13
29 15 57 14 13
29 15 58 14 13
29 15 59 14 13
29 15 60 14 13
29 16 3 0 -1
29 16 4 0 -1
29 16 5 0 -1
29 16 6 0 -1
29 16 7 0 -1
29 16 8 0 -1
29 16 9 2 1
29 16 10 2 1
29 16 11 2 1
29 16 12 2 1
29 16 13 2 1
29 16 14 2 1
29 16 15 2 1
29 16 16 4 3
29 16 17 4 3
29 16 18 4 3
29 16 19 4 3
29 16 20 4 3
29 16 21 4 3
29 16 22 6 5
29 16 23 6 5
29 16 24 6 5
29 16 25 6 5
29 16 26 6 5
29 16 27 6 5
29 16 28 8 5
29 16 29 8 7
29 16 30 8 7
29 16 31 8 7
29 16 32 8 7
29 16 33 8 7
29 16 34 8 7
29 16 35 10 9
29 16 36 10 9
29 16 37 10 9
29 16 38 10 9
29 16 39 10 9
29 16 40 10 9
29 16 41 12 11
29 16 42 12 11
29 16 43 12 11
29 16 44 12 11
29 16 45 12 11
29 16 46 12 11
29 16 47 14 11
29 16 48 14 13
29 16 49 14 13
29 16 50 14 13
29 16 51 14 13
29 16 52 14 13
29 16 53 14 13
29 16 54 16 15
29 16 55 16 15
29 16 56 16 15
29 16 57 16 15
29 16 58 16 15
29 16 59 16 15
29 16 60 18 17
29 17 3 0 -1
29 17 4 0 -1
29 17 5 0 -1
29 17 6 0 -1
29 17 7 0 -1
29 17 8 2 1
29 17 9 2 1
29 17 10 2 1
29 17 11 2 1
29 17 12 2 1
29 17 13 2 1
29 17 14 4 3
29 17 15 4 3
29 17 16 4 3
29 17 17 4 3
29 17 18 4 3
29 17 19 6 3
29 17 20 6 5
29 17 21 6 5
29 17 22 6 5
29 17 23 6 5
29 17 24 6 5
29 17 25 8 7
29 17 26 8 7
29 17 27 8 7
29 17 28 8 7
29 17 29 8 7
29 17 30 8 7
29 17 31 10 9
29 17 32 10 9
29 17 33 10 9
29 17 34 10 9
29 17 35 10 9
29 17 36 12 9
29 17 37 12 11
29 17 38 12 11
29 17 39 12 11
29 17 40 12 11
29 17 41 12 11
29 17 42 14 13
29 17 43 14 13
29 17 44 14 13
29 17 45 14 13
29 17 46 14 13
29 17 47 14 13
29 17 48 16 15
29 17 49 16 15
29 17 50 16 15
29 17 51 16 15
29 17 52 16 15
29 17 53 18 17
29 17 54 18 17
29 17 55 18 17
29 17 56 18 17
29 17 57 18 17
29 17 58 18 17
29 17 59 20 19
29 17 60 20 19
29 18 3 0 -1
29 18 4 0 -1
29 18 5 0 -1
29 18 6 0 -1
29 18 7 2 1
29 18 8 2 1
29 18 9 2 1
29 18 10 2 1
29 18 11 2 1
29 18 12 4 1
29 18 13 4 3
29 18 14 4 3
29 18 15 4 3
29 18 16 4 3
29 18 17 6 3
29 18 18 6 5
29 18 19 6 5
29 18 20 6 5
29 18 21 6 5
29 18 22 8 5
29 18 23 8 7
29 18 24 8 7
29 18 25 8 7
29 18 26 8 7
29 18 27 10 7
29 18 28 10 9
29 18 29 10 9
29 18 30 10 9
29 18 31 10 9
29 18 32 12 9
29 18 33 12 11
29 18 34 12 11
29 18 35 12 11
29 18 36 12 11
29 18 37 12 11
29 18 38 14 13
29 18 39 14 13
29 18 40 14 13
29 18 41 14 13
29 18 42 14 13
29 18 43 16 15
29 18 44 16 15
29 18 45 16 15
29 18 46 16 15
29 18 47 16 15
29 18 48 18 17
29 18 49 18 17
29 18 50 18 17
29 18 51 18 17
29 18 52 18 17
29 18 53 20 19
29 18 54 20 19
29 18 55 20 19
29 18 56 20 19
29 18 57 20 19
29 18 58 22 21
29 18 59 22 21
29 18 60 22 21
29 19 3 0 -1
29 19 4 0 -1
29 19 5 0 -1
29 19 6 2 -1
29 19 7 2 1
29 19 8 2 1
29 19 9 2 1
29 19 10 2 1
29 19 11 4 3
29 19 12 4 3
29 19 13 4 3
29 19 14 4 3
29 19 15 4 3
29 19 16 6 5
29 19 17 6 5
29 19 18 6 5
29 19 19 6 5
29 19 20 8 7
29 19 21 8 7
29 19 22 8 7
29 19 23 8 7
29 19 24 8 7
29 19 25 10 9
29 19 26 10 9
29 19 27 10 9
29 19 28 10 9
29 19 29 12 11
29 19 30 12 11
29 19 31 12 11
29 19 32 12 11
29 19 33 12 11
29 19 34 14 13
29 19 35 14 13
29 19 36 14 13
29 19 37 14 13
29 19 38 16 15
29 19 39 16 15
29 19 40 16 15
29 19 41 16 15
29 19 42 16 15
29 19 43 18 17
29 19 44 18 17
29 19 45 18 17
29 19 46 18 17
29 19 47 20 19
29 19 48 20 19
29 19 49 20 19
29 19 50 20 19
29 19 51 20 19
29 19 52 22 21
29 19 53 22 21
29 19 54 22 21
29 19 55 22 21
29 19 56 24 23
29 19 57 24 23
29 19 58 24 23
29 19 59 24 23
29 19 60 24 23
29 20 3 0 -1
29 20 4 0 -1
29 20 5 0 -1
29 20 6 2 1
29 20 7 2 1
29 20 8 2 1
29 20 9 2 1
29 20 10 4 3
29 20 11 4 3
29 20 12 4 3
29 20 13 4 3
29 20 14 6 5
29 20 15 6 5
29 20 16 6 5
29 20 17 6 5
29 20 18 8 7
29 20 19 8 7
29 20 20 8 7
29 20 21 8 7
29 20 22 10 9
29 20 23 10 9
29 20 24 10 9
29 20 25 10 9
29 20 26 12 11
29 20 27 12 11
29 20 28 12 11
29 20 29 12 11
29 20 30 14 11
29 20 31 14 13
29 20 32 14 13
29 20 33 14 13
29 20 34 16 13
29 20 35 16 15
29 20 36 16 15
29 20 37 16 15
29 20 38 16 15
29 20 39 18 17
29 20 40 18 17
29 20 41 18 17
29 20 42 18 17
29 20 43 20 19
29 20 44 20 19
29 20 45 20 19
29 20 46 20 19
29 20 47 22 21
29 20 48 22 21
29 20 49 22 21
29 20 50 22 21
29 20 51 24 23
29 20 52 24 23
29 20 53 24 23
29 20 54 24 23
29 20 55 26 25
29 20 56 26 25
29 20 57 26 25
29 20 58 26 25
29 20 59 28 27
29 20 60 28 27
29 21 3 0 -1
29 21 4 0 -1
29 21 5 2 1
29 21 6 2 1
29 21 7 2 1
29 21 8 2 1
29 21 9 4 3
29 21 10 4 3
29 21 11 4 3
29 21 12 4 3
29 21 13 6 5
29 21 14 6 5
29 21 15 6 5
29 21 16 8 5
29 21 17 8 7
29 21 18 8 7
29 21 19 8 7
29 21 20 10 9
29 21 21 10 9
29 21 22 10 9
29 21 23 10 9
29 21 24 12 11
29 21 25 12 11
29 21 26 12 11
29 21 27 12 11
29 21 28 14 13
29 21 29 14 13
29 21 30 14 13
29 21 31 16 15
29 21 32 16 15
29 21 33 16 15
29 21 34 16 15
29 21 35 18 17
29 21 36 18 17
29 21 37 18 17
29 21 38 18 17
29 21 39 20 19
29 21 40 20 19
29 21 41 20 19
29 21 42 22 21
29 21 43 22 21
29 21 44 22 21
29 21 45 22 21
29 21 46 24 23
29 21 47 24 23
29 21 48 24 23
29 21 49 24 23
29 21 50 26 25
29 21 51 26 25
29 21 52 26 25
29 21 53 28 25
29 21 54 28 27
29 21 55 28 27
29 21 56 28 27
29 21 57 30 29
29 21 58 30 29
29 21 59 30 29
29 21 60 30 29
29 22 3 0 -1
29 22 4 2 1
29 22 5 2 1
29 22 6 2 1
29 22 7 2 1
29 22 8 4 3
29 22 9 4 3
29 22 10 4 3
29 22 11 4 3
29 22 12 6 5
29 22 13 6 5
29 22 14 6 5
29 22 15 8 7
29 22 16 8 7
29 22 17 8 7
29 22 18 10 7
29 22 19 10 9
29 22 20 10 9
29 22 21 10 9
29 22 22 12 11
29 22 23 12 11
29 22 24 12 11
29 22 25 14 13
29 22 26 14 13
29 22 27 14 13
29 22 28 14 13
29 22 29 16 15
29 22 30 16 15
29 22 31 16 15
29 22 32 18 17
29 22 33 18 17
29 22 34 18 17
29 22 35 20 19
29 22 36 20 19
29 22 37 20 19
29 22 38 20 19
29 22 39 22 21
29 22 40 22 21
29 22 41 22 21
29 22 42 24 23
29 22 43 24 23
29 22 44 24 23
29 22 45 26 23
29 22 46 26 25
29 22 47 26 25
29 22 48 26 25
29 22 49 28 27
29 22 50 28 27
29 22 51 28 27
29 22 52 30 29
29 22 53 30 29
29 22 54 30 29
29 22 55 30 29
29 22 56 32 31
29 22 57 32 31
29 22 58 32 31
29 22 59 34 33
29 22 60 34 33
29 23 3 0 -1
29 23 4 2 1
29 23 5 2 1
29 23 6 2 1
29 23 7 2 1
29 23 8 4 3
29 23 9 4 3
29 23 10 4 3
29 23 11 6 5
29 23 12 6 5
29 23 13 6 5
29 23 14 8 7
29 23 15 8 7
29 23 16 8 7
29 23 17 10 9
29 23 18 10 9
29 23 19 10 9
29 23 20 12 11
29 23 21 12 11
29 23 22 12 11
29 23 23 14 13
29 23 24 14 13
29 23 25 14 13
29 23 26 16 15
29 23 27 16 15
29 23 28 16 15
29 23 29 18 17
29 23 30 18 17
29 23 31 18 17
29 23 32 20 19
29 23 33 20 19
29 23 34 20 19
29 23 35 22 19
29 23 36 22 21
29 23 37 22 21
29 23 38 22 21
29 23 39 24 23
29 23 40 24 23
29 23 41 24 23
29 23 42 26 25
29 23 43 26 25
29 23 44 26 25
29 23 45 28 27
29 23 46 28 27
29 23 47 28 27
29 23 48 30 29
29 23 49 30 29
29 23 50 30 29
29 23 51 32 31
29 23 52 32 31
29 23 53 32 31
29 23 54 34 33
29 23 55 34 33
29 23 56 34 33
29 23 57 36 35
29 23 58 36 35
29 23 59 36 35
29 23 60 38 37
29 24 3 0 -1
29 24 4 2 1
29 24 5 2 1
29 24 6 2 1
29 24 7 4 3
29 24 8 4 3
29 24 9 4 3
29 24 10 6 5
29 24 11 6 5
29 24 12 6 5
29 24 13 8 7
29 24 14 8 7
29 24 15 8 7
29 24 16 10 9
29 24 17 10 9
29 24 18 12 11
29 24 19 12 11
29 24 20 12 11
29 24 21 14 13
29 24 22 14 13
29 24 23 14 13
29 24 24 16 15
29 24 25 16 15
29 24 26 16 15
29 24 27 18 17
29 24 28 18 17
29 24 29 18 17
29 24 30 20 19
29 24 31 20 19
29 24 32 20 19
29 24 33 22 21
29 24 34 22 21
29 24 35 22 21
29 24 36 24 23
29 24 37 24 23
29 24 38 26 25
29 24 39 26 25
29 24 40 26 25
29 24 41 28 27
29 24 42 28 27
29 24 43 28 27
29 24 44 30 29
29 24 45 30 29
29 24 46 30 29
29 24 47 32 31
29 24 48 32 31
29 24 49 32 31
29 24 50 34 33
29 24 51 34 33
29 24 52 34 33
29 24 53 36 35
29 24 54 36 35
29 24 55 38 37
29 24 56 38 37
29 24 57 38 37
29 24 58 40 39
29 24 59 40 39
29 24 60 40 39
29 25 3 0 -1
29 25 4 2 1
29 25 5 2 1
29 25 6 4 3
29 25 7 4 3
29 25 8 4 3
29 25 9 6 5
29 25 10 6 5
29 25 11 6 5
29 25 12 8 7
29 25 13 8 7
29 25 14 10 9
29 25 15 10 9
29 25 16 10 9
29 25 17 12 11
29 25 18 12 11
29 25 19 12 11
29 25 20 14 13
29 25 21 14 13
29 25 22 16 15
29 25 23 16 15
29 25 24 16 15
29 25 25 18 17
29 25 26 18 17
29 25 27 18 17
29 25 28 20 19
29 25 29 20 19
29 25 30 22 21
29 25 31 22 21
29 25 32 22 21
29 25 33 24 23
29 25 34 24 23
29 25 35 24 23
29 25 36 26 25
29 25 37 26 25
29 25 38 28 27
29 25 39 28 27
29 25 40 28 27
29 25 41 30 29
29 25 42 30 29
29 25 43 32 31
29 25 44 32 31
29 25 45 32 31
29 25 46 34 33
29 25 47 34 33
29 25 48 34 33
29 25 49 36 35
29 25 50 36 35
29 25 51 38 37
29 25 52 38 37
29 25 53 38 37
29 25 54 40 39
29 25 55 40 39
29 25 56 40 39
29 25 57 42 41
29 25 58 42 41
29 25 59 44 43
29 25 60 44 43
29 26 3 0 -1
29 26 4 2 1
29 26 5 2 1
29 26 6 4 3
29 26 7 4 3
29 26 8 6 5
29 26 9 6 5
29 26 10 6 5
29 26 11 8 7
29 26 12 8 7
29 26 13 8 7
29 26 14 10 9
29 26 15 10 9
29 26 16 12 11
29 26 17 12 11
29 26 18 14 13
29 26 19 14 13
29 26 20 14 13
29 26 21 16 15
29 26 22 16 15
29 26 23 18 17
29 26 24 18 17
29 26 25 18 17
29 26 26 20 19
29 26 27 20 19
29 26 28 22 21
29 26 29 22 21
29 26 30 22 21
29 26 31 24 23
29 26 32 24 23
29 26 33 26 25
29 26 34 26 25
29 26 35 26 25
29 26 36 28 27
29 26 37 28 27
29 26 38 30 29
29 26 39 30 29
29 26 40 32 31
29 26 41 32 31
29 26 42 32 31
29 26 43 34 33
29 26 44 34 33
29 26 45 36 35
29 26 46 36 35
29 26 47 36 35
29 26 48 38 37
29 26 49 38 37
29 26 50 40 39
29 26 51 40 39
29 26 52 40 39
29 26 53 42 41
29 26 54 42 41
29 26 55 44 43
29 26 56 44 43
29 26 57 44 43
29 26 58 46 45
29 26 59 46 45
29 26 60 48 47
29 27 3 0 -1
29 27 4 2 1
29 27 5 2 1
29 27 6 4 3
29 27 7 4 3
29 27 8 6 5
29 27 9 6 5
29 27 10 8 7
29 27 11 8 7
29 27 12 10 9
29 27 13 10 9
29 27 14 12 11
29 27 15 12 11
29 27 16 12 11
29 27 17 14 13
29 27 18 14 13
29 27 19 14 13
29 27 20 16 15
29 27 21 16 15
29 27 22 18 17
29 27 23 18 17
29 27 24 20 19
29 27 25 20 19
29 27 26 22 21
29 27 27 22 21
29 27 28 24 23
29 27 29 24 23
29 27 30 24 23
29 27 31 26 25
29 27 32 26 25
29 27 33 28 27
29 27 34 28 27
29 27 35 28 27
29 27 36 30 29
29 27 37 30 29
29 27 38 32 31
29 27 39 32 31
29 27 40 34 33
29 27 41 34 33
29 27 42 36 35
29 27 43 36 35
29 27 44 38 37
29 27 45 38 37
29 27 46 38 37
29 27 47 40 39
29 27 48 40 39
29 27 49 42 41
29 27 50 42 41
29 27 51 42 41
29 27 52 44 43
29 27 53 44 43
29 27 54 46 45
29 27 55 46 45
29 27 56 48 47
29 27 57 48 47
29 27 58 50 49
29 27 59 50 49
29 27 60 50 49
30 2 3 0 -1
30 2 4 0 -1
30 2 5 0 -1
30 2 6 0 -1
30 2 7 0 -1
30 2 8 0 -1
30 2 9 0 -1
30 2 10 0 -1
30 2 11 0 -1
30 2 12 0 -1
30 2 13 0 -1
30 2 14 0 -1
30 2 15 0 -1
30 2 16 0 -1
30 2 17 0 -1
30 2 18 0 -1
30 2 19 0 -1
30 2 20 0 -1
30 2 21 0 -1
30 2 22 0 -1
30 2 23 0 -1
30 2 24 0 -1
30 2 25 0 -1
30 2 26 0 -1
30 2 27 0 -1
30 2 28 0 -1
30 2 29 0 -1
30 2 30 0 -1
30 2 31 0 -1
30 2 32 0 -1
30 2 33 0 -1
30 2 34 0 -1
30 2 35 0 -1
30 2 36 0 -1
30 2 37 0 -1
30 2 38 0 -1
30 2 39 0 -1
30 2 40 0 -1
30 2 41 0 -1
30 2 42 0 -1
30 2 43 0 -1
30 2 44 0 -1
30 2 45 0 -1
30 2 46 0 -1
30 2 47 0 -1
30 2 48 0 -1
30 2 49 0 -1
30 2 50 0 -1
30 2 51 0 -1
30 2 52 0 -1
30 2 53 0 -1
30 2 54 0 -1
30 2 55 0 -1
30 2 56 0 -1
30 2 57 0 -1
30 2 58 0 -1
30 2 59 0 -1
30 2 60 0 -1
30 3 3 0 -1
30 3 4 0 -1
30 3 5 0 -1
30 3 6 0 -1
30 3 7 0 -1
30 3 8 0 -1
30 3 9 0 -1
30 3 10 0 -1
30 3 11 0 -1
30 3 12 0 -1
30 3 13 0 -1
30 3 14 0 -1
30 3 15 0 -1
30 3 16 0 -1
30 3 17 0 -1
30 3 18 0 -1
30 3 19 0 -1
30 3 20 0 -1
30 3 21 0 -1
30 3 22 0 -1
30 3 23 0 -1
30 3 24 0 -1
30 3 25 0 -1
30 3 26 0 -1
30 3 27 0 -1
30 3 28 0 -1
30 3 29 0 -1
30 3 30 0 -1
30 3 31 0 -1
30 3 32 0 -1
30 3 33 0 -1
30 3 34 0 -1
30 3 35 0 -1
30 3 36 0 -1
30 3 37 0 -1
30 3 38 0 -1
30 3 39 0 -1
30 3 40 0 -1
30 3 41 0 -1
30 3 42 0 -1
30 3 43 0 -1
30 3 44 0 -1
30 3 45 0 -1
30 3 46 0 -1
30 3 47 0 -1
30 3 48 0 -1
30 3 49 0 -1
30 3 50 0 -1
30 3 51 0 -1
30 3 52 0 -1
30 3 53 0 -1
30 3 54 0 -1
30 3 55 0 -1
30 3 56 0 -1
30 3 57 0 -1
30 3 58 0 -1
30 3 59 0 -1
30 3 60 0 -1
30 4 3 0 -1
30 4 4 0 -1
30 4 5 0 -1
30 4 6 0 -1
30 4 7 0 -1
30 4 8 0 -1
30 4 9 0 -1
30 4 10 0 -1
30 4 11 0 -1
30 4 12 0 -1
30 4 13 0 -1
30 4 14 0 -1
30 4 15 0 -1
30 4 16 0 -1
30 4 17 0 -1
30 4 18 0 -1
30 4 19 0 -1
30 4 20 0 -1
30 4 21 0 -1
30 4 22 0 -1
30 4 23 0 -1
30 4 24 0 -1
30 4 25 0 -1
30 4 26 0 -1
30 4 27 0 -1
30 4 28 0 -1
30 4 29 0 -1
30 4 30 0 -1
30 4 31 0 -1
30 4 32 0 -1
30 4 33 0 -1
30 4 34 0 -1
30 4 35 0 -1
30 4 36 0 -1
30 4 37 0 -1
30 4 38 0 -1
30 4 39 0 -1
30 4 40 0 -1
30 4 41 0 -1
30 4 42 0 -1
30 4 43 0 -1
30 4 44 0 -1
30 4 45 0 -1
30 4 46 0 -1
30 4 47 0 -1
30 4 48 0 -1
30 4 49 0 -1
30 4 50 0 -1
30 4 51 0 -1
30 4 52 0 -1
30 4 53 0 -1
30 4 54 0 -1
30 4 55 0 -1
30 4 56 0 -1
30 4 57 0 -1
30 4 58 0 -1
30 4 59 0 -1
30 4 60 0 -1
30 5 3 0 -1
30 5 4 0 -1
30 5 5 0 -1
30 5 6 0 -1
30 5 7 0 -1
30 5 8 0 -1
30 5 9 0 -1
30 5 10 0 -1
30 5 11 0 -1
30 5 12 0 -1
30 5 13 0 -1
30 5 14 0 -1
30 5 15 0 -1
30 5 16 0 -1
30 5 17 0 -1
30 5 18 0 -1
30 5 19 0 -1
30 5 20 0 -1
30 5 21 0 -1
30 5 22 0 -1
30 5 23 0 -1
30 5 24 0 -1
30 5 25 0 -1
30 5 26 0 -1
30 5 27 0 -1
30 5 28 0 -1
30 5 29 0 -1
30 5 30 0 -1
30 5 31 0 -1
30 5 32 0 -1
30 5 33 0 -1
30 5 34 0 -1
30 5 35 0 -1
30 5 36 0 -1
30 5 37 0 -1
30 5 38 0 -1
30 5 39 0 -1
30 5 40 0 -1
30 5 41 0 -1
30 5 42 0 -1
30 5 43 0 -1
30 5 44 0 -1
30 5 45 0 -1
30 5 46 0 -1
30 5 47 0 -1
30 5 48 0 -1
30 5 49 0 -1
30 5 50 0 -1
30 5 51 0 -1
30 5 52 0 -1
30 5 53 0 -1
30 5 54 0 -1
30 5 55 0 -1
30 5 56 0 -1
30 5 57 0 -1
30 5 58 2 1
30 5 59 2 1
30 5 60 2 1
30 6 3 0 -1
30 6 4 0 -1
30 6 5 0 -1
30 6 6 0 -1
30 6 7 0 -1
30 6 8 0 -1
30 6 9 0 -1
30 6 10 0 -1
30 6 11 0 -1
30 6 12 0 -1
30 6 13 0 -1
30 6 14 0 -1
30 6 15 0 -1
30 6 16 0 -1
30 6 17 0 -1
30 6 18 0 -1
30 6 19 0 -1
30 6 20 0 -1
30 6 21 0 -1
30 6 22 0 -1
30 6 23 0 -1
30 6 24 0 -1
30 6 25 0 -1
30 6 26 0 -1
30 6 27 0 -1
30 6 28 0 -1
30 6 29 0 -1
30 6 30 0 -1
30 6 31 0 -1
30 6 32 0 -1
30 6 33 0 -1
30 6 34 0 -1
30 6 35 0 -1
30 6 36 0 -1
30 6 37 0 -1
30 6 38 0 -1
30 6 39 0 -1
30 6 40 0 -1
30 6 41 0 -1
30 6 42 0 -1
30 6 43 0 -1
30 6 44 0 -1
30 6 45 0 -1
30 6 46 2 1
30 6 47 2 1
30 6 48 2 1
30 6 49 2 1
30 6 50 2 1
30 6 51 2 1
30 6 52 2 1
30 6 53 2 1
30 6 54 2 1
30 6 55 2 1
30 6 56 2 1
30 6 57 2 1
30 6 58 2 1
30 6 59 2 1
30 6 60 2 1
30 7 3 0 -1
30 7 4 0 -1
30 7 5 0 -1
30 7 6 0 -1
30 7 7 0 -1
30 7 8 0 -1
30 7 9 0 -1
30 7 10 0 -1
30 7 11 0 -1
30 7 12 0 -1
30 7 13 0 -1
30 7 14 0 -1
30 7 15 0 -1
30 7 16 0 -1
30 7 17 0 -1
30 7 18 0 -1
30 7 19 0 -1
30 7 20 0 -1
30 7 21 0 -1
30 7 22 0 -1
30 7 23 0 -1
30 7 24 0 -1
30 7 25 0 -1
30 7 26 0 -1
30 7 27 0 -1
30 7 28 0 -1
30 7 29 0 -1
30 7 30 0 -1
30 7 31 0 -1
30 7 32 0 -1
30 7 33 0 -1
30 7 34 0 -1
30 7 35 0 -1
30 7 36 0 -1
30 7 37 2 -1
30 7 38 2 1
30 7 39 2 1
30 7 40 2 1
30 7 41 2 1
30 7 42 2 1
30 7 43 2 1
30 7 44 2 1
30 7 45 2 1
30 7 46 2 1
30 7 47 2 1
30 7 48 2 1
30 7 49 2 1
30 7 50 2 1
30 7 51 2 1
30 7 52 2 1
30 7 53 2 1
30 7 54 2 1
30 7 55 2 1
30 7 56 2 1
30 7 57 2 1
30 7 58 2 1
30 7 59 2 1
30 7 60 2 1
30 8 3 0 -1
30 8 4 0 -1
30 8 5 0 -1
30 8 6 0 -1
30 8 7 0 -1
30 8 8 0 -1
30 8 9 0 -1
30 8 10 0 -1
30 8 11 0 -1
30 8 12 0 -1
30 8 13 0 -1
30 8 14 0 -1
30 8 15 0 -1
30 8 16 0 -1
30 8 17 0 -1
30 8 18 0 -1
30 8 19 0 -1
30 8 20 0 -1
30 8 21 0 -1
30 8 22 0 -1
30 8 23 0 -1
30 8 24 0 -1
30 8 25 0 -1
30 8 26 0 -1
30 8 27 0 -1
30 8 28 0 -1
30 8 29 0 -1
30 8 30 0 -1
30 8 31 2 1
30 8 32 2 1
30 8 33 2 1
30 8 34 2 1
30 8 35 2 1
30 8 36 2 1
30 8 37 2 1
30 8 38 2 1
30 8 39 2 1
30 8 40 2 1
30 8 41 2 1
30 8 42 2 1
30 8 43 2 1
30 8 44 2 1
30 8 45 2 1
30 8 46 2 1
30 8 47 2 1
30 8 48 2 1
30 8 49 2 1
30 8 50 2 1
30 8 51 2 1
30 8 52 2 1
30 8 53 4 1
30 8 54 4 3
30 8 55 4 3
30 8 56 4 3
30 8 57 4 3
30 8 58 4 3
30 8 59 4 3
30 8 60 4 3
30 9 3 0 -1
30 9 4 0 -1
30 9 5 0 -1
30 9 6 0 -1
30 9 7 0 -1
30 9 8 0 -1
30 9 9 0 -1
30 9 10 0 -1
30 9 11 0 -1
30 9 12 0 -1
30 9 13 0 -1
30 9 14 0 -1
30 9 15 0 -1
30 9 16 0 -1
30 9 17 0 -1
30 9 18 0 -1
30 9 19 0 -1
30 9 20 0 -1
30 9 21 0 -1
30 9 22 0 -1
30 9 23 0 -1
30 9 24 0 -1
30 9 25 0 -1
30 9 26 2 -1
30 9 27 2 1
30 9 28 2 1
30 9 29 2 1
30 9 30 2 1
30 9 31 2 1
30 9 32 2 1
30 9 33 2 1
30 9 34 2 1
30 9 35 2 1
30 9 36 2 1
30 9 37 2 1
30 9 38 2 1
30 9 39 2 1
30 9 40 2 1
30 9 41 2 1
30 9 42 2 1
30 9 43 2 1
30 9 44 2 1
30 9 45 4 3
30 9 46 4 3
30 9 47 4 3
30 9 48 4 3
30 9 49 4 3
30 9 50 4 3
30 9 51 4 3
30 9 52 4 3
30 9 53 4 3
30 9 54 4 3
30 9 55 4 3
30 9 56 4 3
30 9 57 4 3
30 9 58 4 3
30 9 59 4 3
30 9 60 4 3
30 10 3 0 -1
30 10 4 0 -1
30 10 5 0 -1
30 10 6 0 -1
30 10 7 0 -1
30 10 8 0 -1
30 10 9 0 -1
30 10 10 0 -1
30 10 11 0 -1
30 10 12 0 -1
30 10 13 0 -1
30 10 14 0 -1
30 10 15 0 -1
30 10 16 0 -1
30 10 17 0 -1
30 10 18 0 -1
30 10 19 0 -1
30 10 20 0 -1
30 10 21 0 -1
30 10 22 2 -1
30 10 23 2 1
30 10 24 2 1
30 10 25 2 1
30 10 26 2 1
30 10 27 2 1
30 10 28 2 1
30 10 29 2 1
30 10 30 2 1
30 10 31 2 1
30 10 32 2 1
30 10 33 2 1
30 10 34 2 1
30 10 35 2 1
30 10 36 2 1
30 10 37 2 1
30 10 38 4 1
30 10 39 4 3
30 10 40 4 3
30 10 41 4 3
30 10 42 4 3
30 10 43 4 3
30 10 44 4 3
30 10 45 4 3
30 10 46 4 3
30 10 47 4 3
30 10 48 4 3
30 10 49 4 3
30 10 50 4 3
30 10 51 4 3
30 10 52 4 3
30 10 53 4 3
30 10 54 6 5
30 10 55 6 5
30 10 56 6 5
30 10 57 6 5
30 10 58 6 5
30 10 59 6 5
30 10 60 6 5
30 11 3 0 -1
30 11 4 0 -1
30 11 5 0 -1
30 11 6 0 -1
30 11 7 0 -1
30 11 8 0 -1
30 11 9 0 -1
30 11 10 0 -1
30 11 11 0 -1
30 11 12 0 -1
30 11 13 0 -1
30 11 14 0 -1
30 11 15 0 -1
30 11 16 0 -1
30 11 17 0 -1
30 11 18 0 -1
30 11 19 2 -1
30 11 20 2 1
30 11 21 2 1
30 11 22 2 1
30 11 23 2 1
30 11 24 2 1
30 11 25 2 1
30 11 26 2 1
30 11 27 2 1
30 11 28 2 1
30 11 29 2 1
30 11 30 2 1
30 11 31 2 1
30 11 32 4 1
30 11 33 4 3
30 11 34 4 3
30 11 35 4 3
30 11 36 4 3
30 11 37 4 3
30 11 38 4 3
30 11 39 4 3
30 11 40 4 3
30 11 41 4 3
30 11 42 4 3
30 11 43 4 3
30 11 44 4 3
30 11 45 4 3
30 11 46 6 5
30 11 47 6 5
30 11 48 6 5
30 11 49 6 5
30 11 50 6 5
30 11 51 6 5
30 11 52 6 5
30 11 53 6 5
30 11 54 6 5
30 11 55 6 5
30 11 56 6 5
30 11 57 6 5
30 11 58 6 5
30 11 59 8 5
30 11 60 8 7
30 12 3 0 -1
30 12 4 0 -1
30 12 5 0 -1
30 12 6 0 -1
30 12 7 0 -1
30 12 8 0 -1
30 12 9 0 -1
30 12 10 0 -1
30 12 11 0 -1
30 12 12 0 -1
30 12 13 0 -1
30 12 14 0 -1
30 12 15 0 -1
30 12 16 2 -1
30 12 17 2 1
30 12 18 2 1
30 12 19 2 1
30 12 20 2 1
30 12 21 2 1
30 12 22 2 1
30 12 23 2 1
30 12 24 2 1
30 12 25 2 1
30 12 26 2 1
30 12 27 2 1
30 12 28 4 1
30 12 29 4 3
30 12 30 4 3
30 12 31 4 3
30 12 32 4 3
30 12 33 4 3
30 12 34 4 3
30 12 35 4 3
30 12 36 4 3
30 12 37 4 3
30 12 38 4 3
30 12 39 4 3
30 12 40 6 5
30 12 41 6 5
30 12 42 6 5
30 12 43 6 5
30 12 44 6 5
30 12 45 6 5
30 12 46 6 5
30 12 47 6 5
30 12 48 6 5
30 12 49 6 5
30 12 50 6 5
30 12 51 8 5
30 12 52 8 7
30 12 53 8 7
30 12 54 8 7
30 12 55 8 7
30 12 56 8 7
30 12 57 8 7
30 12 58 8 7
30 12 59 8 7
30 12 60 8 7
30 13 3 0 -1
30 13 4 0 -1
30 13 5 0 -1
30 13 6 0 -1
30 13 7 0 -1
30 13 8 0 -1
30 13 9 0 -1
30 13 10 0 -1
30 13 11 0 -1
30 13 12 0 -1
30 13 13 0 -1
30 13 14 2 -1
30 13 15 2 1
30 13 16 2 1
30 13 17 2 1
30 13 18 2 1
30 13 19 2 1
30 13 20 2 1
30 13 21 2 1
30 13 22 2 1
30 13 23 2 1
30 13 24 4 1
30 13 25 4 3
30 13 26 4 3
30 13 27 4 3
30 13 28 4 3
30 13 29 4 3
30 13 30 4 3
30 13 31 4 3
30 13 32 4 3
30 13 33 4 3
30 13 34 6 3
30 13 35 6 5
30 13 36 6 5
30 13 37 6 5
30 13 38 6 5
30 13 39 6 5
30 13 40 6 5
30 13 41 6 5
30 13 42 6 5
30 13 43 6 5
30 13 44 8 5
30 13 45 8 7
30 13 46 8 7
30 13 47 8 7
30 13 48 8 7
30 13 49 8 7
30 13 50 8 7
30 13 51 8 7
30 13 52 8 7
30 13 53 8 7
30 13 54 10 7
30 13 55 10 9
30 13 56 10 9
30 13 57 10 9
30 13 58 10 9
30 13 59 10 9
30 13 60 10 9
30 14 3 0 -1
30 14 4 0 -1
30 14 5 0 -1
30 14 6 0 -1
30 14 7 0 -1
30 14 8 0 -1
30 14 9 0 -1
30 14 10 0 -1
30 14 11 0 -1
30 14 12 2 -1
30 14 13 2 1
30 14 14 2 1
30 14 15 2 1
30 14 16 2 1
30 14 17 2 1
30 14 18 2 1
30 14 19 2 1
30 14 20 2 1
30 14 21 4 1
30 14 22 4 3
30 14 23 4 3
30 14 24 4 3
30 14 25 4 3
30 14 26 4 3
30 14 27 4 3
30 14 28 4 3
30 14 29 4 3
30 14 30 6 3
30 14 31 6 5
30 14 32 6 5
30 14 33 6 5
30 14 34 6 5
30 14 35 6 5
30 14 36 6 5
30 14 37 6 5
30 14 38 6 5
30 14 39 8 7
30 14 40 8 7
30 14 41 8 7
30 14 42 8 7
30 14 43 8 7
30 14 44 8 7
30 14 45 8 7
30 14 46 8 7
30 14 47 8 7
30 14 48 10 9
30 14 49 10 9
30 14 50 10 9
30 14 51 10 9
30 14 52 10 9
30 14 53 10 9
30 14 54 10 9
30 14 55 10 9
30 14 56 12 9
30 14 57 12 11
30 14 58 12 11
30 14 59 12 11
30 14 60 12 11
30 15 3 0 -1
30 15 4 0 -1
30 15 5 0 -1
30 15 6 0 -1
30 15 7 0 -1
30 15 8 0 -1
30 15 9 0 -1
30 15 10 0 -1
30 15 11 2 1
30 15 12 2 1
30 15 13 2 1
30 15 14 2 1
30 15 15 2 1
30 15 16 2 1
30 15 17 2 1
30 15 18 2 1
30 15 19 4 3
30 15 20 4 3
30 15 21 4 3
30 15 22 4 3
30 15 23 4 3
30 15 24 4 3
30 15 25 4 3
30 15 26 6 3
30 15 27 6 5
30 15 28 6 5
30 15 29 6 5
30 15 30 6 5
30 15 31 6 5
30 15 32 6 5
30 15 33 6 5
30 15 34 8 5
30 15 35 8 7
30 15 36 8 7
30 15 37 8 7
30 15 38 8 7
30 15 39 8 7
30 15 40 8 7
30 15 41 8 7
30 15 42 10 9
30 15 43 10 9
30 15 44 10 9
30 15 45 10 9
30 15 46 10 9
30 15 47 10 9
30 15 48 10 9
30 15 49 12 9
30 15 50 12 11
30 15 51 12 11
30 15 52 12 11
30 15 53 12 11
30 15 54 12 11
30 15 55 12 11
30 15 56 12 11
30 15 57 14 13
30 15 58 14 13
30 15 59 14 13
30 15 60 14 13
30 16 3 0 -1
30 16 4 0 -1
30 16 5 0 -1
30 16 6 0 -1
30 16 7 0 -1
30 16 8 0 -1
30 16 9 0 -1
30 16 10 2 1
30 16 11 2 1
30 16 12 2 1
30 16 13 2 1
30 16 14 2 1
30 16 15 2 1
30 16 16 2 1
30 16 17 4 3
30 16 18 4 3
30 16 19 4 3
30 16 20 4 3
30 16 21 4 3
30 16 22 4 3
30 16 23 6 3
30 16 24 6 5
30 16 25 6 5
30 16 26 6 5
30 16 27 6 5
30 16 28 6 5
30 16 29 6 5
30 16 30 8 5
30 16 31 8 7
30 16 32 8 7
30 16 33 8 7
30 16 34 8 7
30 16 35 8 7
30 16 36 8 7
30 16 37 10 9
30 16 38 10 9
30 16 39 10 9
30 16 40 10 9
30 16 41 10 9
30 16 42 10 9
30 16 43 10 9
30 16 44 12 11
30 16 45 12 11
30 16 46 12 11
30 16 47 12 11
30 16 48 12 11
30 16 49 12 11
30 16 50 14 11
30 16 51 14 13
30 16 52 14 13
30 16 53 14 13
30 16 54 14 13
30 16 55 14 13
30 16 56 14 13
30 16 57 16 15
30 16 58 16 15
30 16 59 16 15
30 16 60 16 15
30 17 3 0 -1
30 17 4 0 -1
30 17 5 0 -1
30 17 6 0 -1
30 17 7 0 -1
30 17 8 0 -1
30 17 9 2 1
30 17 10 2 1
30 17 11 2 1
30 17 12 2 1
30 17 13 2 1
30 17 14 2 1
30 17 15 4 3
30 17 16 4 3
30 17 17 4 3
30 17 18 4 3
30 17 19 4 3
30 17 20 4 3
30 17 21 6 5
30 17 22 6 5
30 17 23 6 5
30 17 24 6 5
30 17 25 6 5
30 17 26 6 5
30 17 27 8 7
30 17 28 8 7
30 17 29 8 7
30 17 30 8 7
30 17 31 8 7
30 17 32 8 7
30 17 33 10 9
30 17 34 10 9
30 17 35 10 9
30 17 36 10 9
30 17 37 10 9
30 17 38 10 9
30 17 39 12 11
30 17 40 12 11
30 17 41 12 11
30 17 42 12 11
30 17 43 12 11
30 17 44 12 11
30 17 45 14 13
30 17 46 14 13
30 17 47 14 13
30 17 48 14 13
30 17 49 14 13
30 17 50 14 13
30 17 51 16 15
30 17 52 16 15
30 17 53 16 15
30 17 54 16 15
30 17 55 16 15
30 17 56 16 15
30 17 57 18 17
30 17 58 18 17
30 17 59 18 17
30 17 60 18 17
30 18 3 0 -1
30 18 4 0 -1
30 18 5 0 -1
30 18 6 0 -1
30 18 7 0 -1
30 18 8 2 1
30 18 9 2 1
30 18 10 2 1
30 18 11 2 1
30 18 12 2 1
30 18 13 4 3
30 18 14 4 3
30 18 15 4 3
30 18 16 4 3
30 18 17 4 3
30 18 18 4 3
30 18 19 6 5
30 18 20 6 5
30 18 21 6 5
30 18 22 6 5
30 18 23 6 5
30 18 24 8 7
30 18 25 8 7
30 18 26 8 7
30 18 27 8 7
30 18 28 8 7
30 18 29 10 7
30 18 30 10 9
30 18 31 10 9
30 18 32 10 9
30 18 33 10 9
30 18 34 10 9
30 18 35 12 11
30 18 36 12 11
30 18 37 12 11
30 18 38 12 11
30 18 39 12 11
30 18 40 14 13
30 18 41 14 13
30 18 42 14 13
30 18 43 14 13
30 18 44 14 13
30 18 45 16 13
30 18 46 16 15
30 18 47 16 15
30 18 48 16 15
30 18 49 16 15
30 18 50 16 15
30 18 51 18 17
30 18 52 18 17
30 18 53 18 17
30 18 54 18 17
30 18 55 18 17
30 18 56 20 19
30 18 57 20 19
30 18 58 20 19
30 18 59 20 19
30 18 60 20 19
30 19 3 0 -1
30 19 4 0 -1
30 19 5 0 -1
30 19 6 0 -1
30 19 7 2 1
30 19 8 2 1
30 19 9 2 1
30 19 10 2 1
30 19 11 2 1
30 19 12 4 3
30 19 13 4 3
30 19 14 4 3
30 19 15 4 3
30 19 16 4 3
30 19 17 6 5
30 19 18 6 5
30 19 19 6 5
30 19 20 6 5
30 19 21 6 5
30 19 22 8 7
30 19 23 8 7
30 19 24 8 7
30 19 25 8 7
30 19 26 10 7
30 19 27 10 9
30 19 28 10 9
30 19 29 10 9
30 19 30 10 9
30 19 31 12 11
30 19 32 12 11
30 19 33 12 11
30 19 34 12 11
30 19 35 12 11
30 19 36 14 13
30 19 37 14 13
30 19 38 14 13
30 19 39 14 13
30 19 40 14 13
30 19 41 16 15
30 19 42 16 15
30 19 43 16 15
30 19 44 16 15
30 19 45 16 15
30 19 46 18 17
30 19 47 18 17
30 19 48 18 17
30 19 49 18 17
30 19 50 20 17
30 19 51 20 19
30 19 52 20 19
30 19 53 20 19
30 19 54 20 19
30 19 55 22 21
30 19 56 22 21
30 19 57 22 21
30 19 58 22 21
30 19 59 22 21
30 19 60 24 23
30 20 3 0 -1
30 20 4 0 -1
30 20 5 0 -1
30 20 6 2 1
30 20 7 2 1
30 20 8 2 1
30 20 9 2 1
30 20 10 2 1
30 20 11 4 3
30 20 12 4 3
30 20 13 4 3
30 20 14 4 3
30 20 15 6 5
30 20 16 6 5
30 20 17 6 5
30 20 18 6 5
30 20 19 8 5
30 20 20 8 7
30 20 21 8 7
30 20 22 8 7
30 20 23 8 7
30 20 24 10 9
30 20 25 10 9
30 20 26 10 9
30 20 27 10 9
30 20 28 12 11
30 20 29 12 11
30 20 30 12 11
30 20 31 12 11
30 20 32 12 11
30 20 33 14 13
30 20 34 14 13
30 20 35 14 13
30 20 36 14 13
30 20 37 16 15
30 20 38 16 15
30 20 39 16 15
30 20 40 16 15
30 20 41 18 17
30 20 42 18 17
30 20 43 18 17
30 20 44 18 17
30 20 45 18 17
30 20 46 20 19
30 20 47 20 19
30 20 48 20 19
30 20 49 20 19
30 20 50 22 21
30 20 51 22 21
30 20 52 22 21
30 20 53 22 21
30 20 54 24 23
30 20 55 24 23
30 20 56 24 23
30 20 57 24 23
30 20 58 24 23
30 20 59 26 25
30 20 60 26 25
30 21 3 0 -1
30 21 4 0 -1
30 21 5 0 -1
30 21 6 2 1
30 21 7 2 1
30 21 8 2 1
30 21 9 2 1
30 21 10 4 3
30 21 11 4 3
30 21 12 4 3
30 21 13 4 3
30 21 14 6 5
30 21 15 6 5
30 21 16 6 5
30 21 17 6 5
30 21 18 8 7
30 21 19 8 7
30 21 20 8 7
30 21 21 8 7
30 21 22 10 9
30 21 23 10 9
30 21 24 10 9
30 21 25 10 9
30 21 26 12 11
30 21 27 12 11
30 21 28 12 11
30 21 29 12 11
30 21 30 14 13
30 21 31 14 13
30 21 32 14 13
30 21 33 16 13
30 21 34 16 15
30 21 35 16 15
30 21 36 16 15
30 21 37 18 15
30 21 38 18 17
30 21 39 18 17
30 21 40 18 17
30 21 41 20 17
30 21 42 20 19
30 21 43 20 19
30 21 44 20 19
30 21 45 22 21
30 21 46 22 21
30 21 47 22 21
30 21 48 22 21
30 21 49 24 23
30 21 50 24 23
30 21 51 24 23
30 21 52 24 23
30 21 53 26 25
30 21 54 26 25
30 21 55 26 25
30 21 56 26 25
30 21 57 28 27
30 21 58 28 27
30 21 59 28 27
30 21 60 28 27
30 22 3 0 -1
30 22 4 0 -1
30 22 5 2 1
30 22 6 2 1
30 22 7 2 1
30 22 8 2 1
30 22 9 4 3
30 22 10 4 3
30 22 11 4 3
30 22 12 6 3
30 22 13 6 5
30 22 14 6 5
30 22 15 6 5
30 22 16 8 7
30 22 17 8 7
30 22 18 8 7
30 22 19 8 7
30 22 20 10 9
30 22 21 10 9
30 22 22 10 9
30 22 23 12 11
30 22 24 12 11
30 22 25 12 11
30 22 26 12 11
30 22 27 14 13
30 22 28 14 13
30 22 29 14 13
30 22 30 14 13
30 22 31 16 15
30 22 32 16 15
30 22 33 16 15
30 22 34 18 17
30 22 35 18 17
30 22 36 18 17
30 22 37 18 17
30 22 38 20 19
30 22 39 20 19
30 22 40 20 19
30 22 41 22 21
30 22 42 22 21
30 22 43 22 21
30 22 44 22 21
30 22 45 24 23
30 22 46 24 23
30 22 47 24 23
30 22 48 24 23
30 22 49 26 25
30 22 50 26 25
30 22 51 26 25
30 22 52 28 27
30 22 53 28 27
30 22 54 28 27
30 22 55 28 27
30 22 56 30 29
30 22 57 30 29
30 22 58 30 29
30 22 59 32 31
30 22 60 32 31
30 23 3 0 -1
30 23 4 2 1
30 23 5 2 1
30 23 6 2 1
30 23 7 2 1
30 23 8 4 3
30 23 9 4 3
30 23 10 4 3
30 23 11 6 3
30 23 12 6 5
30 23 13 6 5
30 23 14 6 5
30 23 15 8 7
30 23 16 8 7
30 23 17 8 7
30 23 18 10 9
30 23 19 10 9
30 23 20 10 9
30 23 21 12 11
30 23 22 12 11
30 23 23 12 11
30 23 24 12 11
30 23 25 14 13
30 23 26 14 13
30 23 27 14 13
30 23 28 16 15
30 23 29 16 15
30 23 30 16 15
30 23 31 18 17
30 23 32 18 17
30 23 33 18 17
30 23 34 18 17
30 23 35 20 19
30 23 36 20 19
30 23 37 20 19
30 23 38 22 21
30 23 39 22 21
30 23 40 22 21
30 23 41 24 23
30 23 42 24 23
30 23 43 24 23
30 23 44 26 23
30 23 45 26 25
30 23 46 26 25
30 23 47 26 25
30 23 48 28 27
30 23 49 28 27
30 23 50 28 27
30 23 51 30 29
30 23 52 30 29
30 23 53 30 29
30 23 54 32 31
30 23 55 32 31
30 23 56 32 31
30 23 57 32 31
30 23 58 34 33
30 23 59 34 33
30 23 60 34 33
30 24 3 0 -1
30 24 4 2 1
30 24 5 2 1
30 24 6 2 1
30 24 7 2 1
30 24 8 4 3
30 24 9 4 3
30 24 10 6 5
30 24 11 6 5
30 24 12 6 5
30 24 13 6 5
30 24 14 8 7
30 24 15 8 7
30 24 16 8 7
30 24 17 10 9
30 24 18 10 9
30 24 19 10 9
30 24 20 12 11
30 24 21 12 11
30 24 22 12 11
30 24 23 14 13
30 24 24 14 13
30 24 25 14 13
30 24 26 16 15
30 24 27 16 15
30 24 28 16 15
30 24 29 18 17
30 24 30 18 17
30 24 31 18 17
30 24 32 20 19
30 24 33 20 19
30 24 34 20 19
30 24 35 22 21
30 24 36 22 21
30 24 37 22 21
30 24 38 24 23
30 24 39 24 23
30 24 40 24 23
30 24 41 26 25
30 24 42 26 25
30 24 43 26 25
30 24 44 28 27
30 24 45 28 27
30 24 46 28 27
30 24 47 30 29
30 24 48 30 29
30 24 49 30 29
30 24 50 32 31
30 24 51 32 31
30 24 52 32 31
30 24 53 34 33
30 24 54 34 33
30 24 55 34 33
30 24 56 36 35
30 24 57 36 35
30 24 58 36 35
30 24 59 38 37
30 24 60 38 37
30 25 3 0 -1
30 25 4 2 1
30 25 5 2 1
30 25 6 4 3
30 25 7 4 3
30 25 8 4 3
30 25 9 4 3
30 25 10 6 5
30 25 11 6 5
30 25 12 8 7
30 25 13 8 7
30 25 14 8 7
30 25 15 10 7
30 25 16 10 9
30 25 17 10 9
30 25 18 12 11
30 25 19 12 11
30 25 20 12 11
30 25 21 14 13
30 25 22 14 13
30 25 23 14 13
30 25 24 16 15
30 25 25 16 15
30 25 26 16 15
30 25 27 18 17
30 25 28 18 17
30 25 29 20 17
30 25 30 20 19
30 25 31 20 19
30 25 32 22 21
30 25 33 22 21
30 25 34 22 21
30 25 35 24 23
30 25 36 24 23
30 25 37 24 23
30 25 38 26 25
30 25 39 26 25
30 25 40 26 25
30 25 41 28 27
30 25 42 28 27
30 25 43 30 27
30 25 44 30 29
30 25 45 30 29
30 25 46 32 31
30 25 47 32 31
30 25 48 32 31
30 25 49 34 33
30 25 50 34 33
30 25 51 34 33
30 25 52 36 35
30 25 53 36 35
30 25 54 36 35
30 25 55 38 37
30 25 56 38 37
30 25 57 38 37
30 25 58 40 39
30 25 59 40 39
30 25 60 42 41
30 26 3 0 -1
30 26 4 2 1
30 26 5 2 1
30 26 6 4 3
30 26 7 4 3
30 26 8 4 3
30 26 9 6 5
30 26 10 6 5
30 26 11 6 5
30 26 12 8 7
30 26 13 8 7
30 26 14 10 9
30 26 15 10 9
30 26 16 10 9
30 26 17 12 11
30 26 18 12 11
30 26 19 12 11
30 26 20 14 13
30 26 21 14 13
30 26 22 16 15
30 26 23 16 15
30 26 24 16 15
30 26 25 18 17
30 26 26 18 17
30 26 27 20 19
30 26 28 20 19
30 26 29 20 19
30 26 30 22 21
30 26 31 22 21
30 26 32 22 21
30 26 33 24 23
30 26 34 24 23
30 26 35 26 25
30 26 36 26 25
30 26 37 26 25
30 26 38 28 27
30 26 39 28 27
30 26 40 30 29
30 26 41 30 29
30 26 42 30 29
30 26 43 32 31
30 26 44 32 31
30 26 45 32 31
30 26 46 34 33
30 26 47 34 33
30 26 48 36 35
30 26 49 36 35
30 26 50 36 35
30 26 51 38 37
30 26 52 38 37
30 26 53 40 39
30 26 54 40 39
30 26 55 40 39
30 26 56 42 41
30 26 57 42 41
30 26 58 42 41
30 26 59 44 43
30 26 60 44 43
30 27 3 0 -1
30 27 4 2 1
30 27 5 2 1
30 27 6 4 3
30 27 7 4 3
30 27 8 6 5
30 27 9 6 5
30 27 10 8 7
30 27 11 8 7
30 27 12 8 7
30 27 13 8 7
30 27 14 10 9
30 27 15 10 9
30 27 16 12 11
30 27 17 12 11
30 27 18 14 13
30 27 19 14 13
30 27 20 16 15
30 27 21 16 15
30 27 22 16 15
30 27 23 18 17
30 27 24 18 17
30 27 25 18 17
30 27 26 20 19
30 27 27 20 19
30 27 28 22 21
30 27 29 22 21
30 27 30 24 23
30 27 31 24 23
30 27 32 24 23
30 27 33 26 25
30 27 34 26 25
30 27 35 28 27
30 27 36 28 27
30 27 37 28 27
30 27 38 30 29
30 27 39 30 29
30 27 40 32 31
30 27 41 32 31
30 27 42 32 31
30 27 43 34 33
30 27 44 34 33
30 27 45 36 35
30 27 46 36 35
30 27 47 38 35
30 27 48 38 37
30 27 49 38 37
30 27 50 40 39
30 27 51 40 39
30 27 52 42 41
30 27 53 42 41
30 27 54 42 41
30 27 55 44 43
30 27 56 44 43
30 27 57 46 45
30 27 58 46 45
30 27 59 46 45
30 27 60 48 47
30 28 3 0 -1
30 28 4 2 1
30 28 5 2 1
30 28 6 4 3
30 28 7 4 3
30 28 8 6 5
30 28 9 6 5
30 28 10 8 7
30 28 11 8 7
30 28 12 10 9
30 28 13 10 9
30 28 14 12 11
30 28 15 12 11
30 28 16 12 11
30 28 17 14 13
30 28 18 14 13
30 28 19 14 13
30 28 20 16 15
30 28 21 16 15
30 28 22 18 17
30 28 23 18 17
30 28 24 20 19
30 28 25 20 19
30 28 26 22 21
30 28 27 22 21
30 28 28 24 23
30 28 29 24 23
30 28 30 26 25
30 28 31 26 25
30 28 32 26 25
30 28 33 28 27
30 28 34 28 27
30 28 35 28 27
30 28 36 30 29
30 28 37 30 29
30 28 38 32 31
30 28 39 32 31
30 28 40 34 33
30 28 41 34 33
30 28 42 36 35
30 28 43 36 35
30 28 44 38 37
30 28 45 38 37
30 28 46 38 37
30 28 47 40 39
30 28 48 40 39
30 28 49 42 41
30 28 50 42 41
30 28 51 44 43
30 28 52 44 43
30 28 53 44 43
30 28 54 46 45
30 28 55 46 45
30 28 56 48 47
30 28 57 48 47
30 28 58 50 49
30 28 59 50 49
30 28 60 52 51
