3 1 2 1
3 1 4 3
3 1 5 3
3 1 7 7
3 1 8 7
3 1 10 15
3 1 11 15
3 2 2 2 1
3 2 2 4 3
3 2 2 5 3
3 2 2 7 7
3 2 2 8 7
3 2 2 10 15
3 2 2 11 15
3 2 4 4 7
3 2 4 5 7
3 2 4 7 15
3 2 4 8 15
3 2 4 10 31
3 2 4 11 31
3 2 5 5 7
3 2 5 7 15
3 2 5 8 15
3 2 5 10 31
3 2 5 11 31
3 2 7 7 31
3 2 7 8 31
3 2 7 10 63
3 2 7 11 63
3 2 8 8 31
3 2 8 10 63
3 2 8 11 63
3 2 10 10 127
3 2 10 11 127
3 2 11 11 127
3 3 2 2 2 1
3 3 2 2 4 3
3 3 2 2 5 3
3 3 2 2 7 7
3 3 2 2 8 7
3 3 2 2 10 15
3 3 2 2 11 15
3 3 2 4 4 7
3 3 2 4 5 7
3 3 2 4 7 15
3 3 2 4 8 15
3 3 2 4 10 31
3 3 2 4 11 31
3 3 2 5 5 7
3 3 2 5 7 15
3 3 2 5 8 15
3 3 2 5 10 31
3 3 2 5 11 31
3 3 2 7 7 31
3 3 2 7 8 31
3 3 2 7 10 63
3 3 2 7 11 63
3 3 2 8 8 31
3 3 2 8 10 63
3 3 2 8 11 63
3 3 2 10 10 127
3 3 2 10 11 127
3 3 2 11 11 127
3 3 4 4 4 15
3 3 4 4 5 15
3 3 4 4 7 31
3 3 4 4 8 31
3 3 4 4 10 63
3 3 4 4 11 63
3 3 4 5 5 15
3 3 4 5 7 31
3 3 4 5 8 31
3 3 4 5 10 63
3 3 4 5 11 63
3 3 4 7 7 63
3 3 4 7 8 63
3 3 4 7 10 127
3 3 4 7 11 127
3 3 4 8 8 63
3 3 4 8 10 127
3 3 4 8 11 127
3 3 4 10 10 255
3 3 4 10 11 255
3 3 4 11 11 255
3 3 5 5 5 15
3 3 5 5 7 31
3 3 5 5 8 31
3 3 5 5 10 63
3 3 5 5 11 63
3 3 5 7 7 63
3 3 5 7 8 63
3 3 5 7 10 127
3 3 5 7 11 127
3 3 5 8 8 63
3 3 5 8 10 127
3 3 5 8 11 127
3 3 5 10 10 255
3 3 5 10 11 255
3 3 5 11 11 255
3 3 7 7 7 127
3 3 7 7 8 127
3 3 7 7 10 255
3 3 7 7 11 255
3 3 7 8 8 127
3 3 7 8 10 255
3 3 7 8 11 255
3 3 7 10 10 511
3 3 7 10 11 511
3 3 7 11 11 511
3 3 8 8 8 127
3 3 8 8 10 255
3 3 8 8 11 255
3 3 8 10 10 511
3 3 8 10 11 511
3 3 8 11 11 511
3 3 10 10 10 1023
3 3 10 10 11 1023
3 3 10 11 11 1023
3 3 11 11 11 1023
3 4 2 2 2 2 1
3 4 2 2 2 4 3
3 4 2 2 2 5 3
3 4 2 2 2 7 7
3 4 2 2 2 8 7
3 4 2 2 2 10 15
3 4 2 2 2 11 15
3 4 2 2 4 4 7
3 4 2 2 4 5 7
3 4 2 2 4 7 15
3 4 2 2 4 8 15
3 4 2 2 4 10 31
3 4 2 2 4 11 31
3 4 2 2 5 5 7
3 4 2 2 5 7 15
3 4 2 2 5 8 15
3 4 2 2 5 10 31
3 4 2 2 5 11 31
3 4 2 2 7 7 31
3 4 2 2 7 8 31
3 4 2 2 7 10 63
3 4 2 2 7 11 63
3 4 2 2 8 8 31
3 4 2 2 8 10 63
3 4 2 2 8 11 63
3 4 2 2 10 10 127
3 4 2 2 10 11 127
3 4 2 2 11 11 127
3 4 2 4 4 4 15
3 4 2 4 4 5 15
3 4 2 4 4 7 31
3 4 2 4 4 8 31
3 4 2 4 4 10 63
3 4 2 4 4 11 63
3 4 2 4 5 5 15
3 4 2 4 5 7 31
3 4 2 4 5 8 31
3 4 2 4 5 10 63
3 4 2 4 5 11 63
3 4 2 4 7 7 63
3 4 2 4 7 8 63
3 4 2 4 7 10 127
3 4 2 4 7 11 127
3 4 2 4 8 8 63
3 4 2 4 8 10 127
3 4 2 4 8 11 127
3 4 2 4 10 10 255
3 4 2 4 10 11 255
3 4 2 4 11 11 255
3 4 2 5 5 5 15
3 4 2 5 5 7 31
3 4 2 5 5 8 31
3 4 2 5 5 10 63
3 4 2 5 5 11 63
3 4 2 5 7 7 63
3 4 2 5 7 8 63
3 4 2 5 7 10 127
3 4 2 5 7 11 127
3 4 2 5 8 8 63
3 4 2 5 8 10 127
3 4 2 5 8 11 127
3 4 2 5 10 10 255
3 4 2 5 10 11 255
3 4 2 5 11 11 255
3 4 2 7 7 7 127
3 4 2 7 7 8 127
3 4 2 7 7 10 255
3 4 2 7 7 11 255
3 4 2 7 8 8 127
3 4 2 7 8 10 255
3 4 2 7 8 11 255
3 4 2 7 10 10 511
3 4 2 7 10 11 511
3 4 2 7 11 11 511
3 4 2 8 8 8 127
3 4 2 8 8 10 255
3 4 2 8 8 11 255
3 4 2 8 10 10 511
3 4 2 8 10 11 511
3 4 2 8 11 11 511
3 4 2 10 10 10 1023
3 4 2 10 10 11 1023
3 4 2 10 11 11 1023
3 4 2 11 11 11 1023
3 4 4 4 4 4 31
3 4 4 4 4 5 31
3 4 4 4 4 7 63
3 4 4 4 4 8 63
3 4 4 4 4 10 127
3 4 4 4 4 11 127
3 4 4 4 5 5 31
3 4 4 4 5 7 63
3 4 4 4 5 8 63
3 4 4 4 5 10 127
3 4 4 4 5 11 127
3 4 4 4 7 7 127
3 4 4 4 7 8 127
3 4 4 4 7 10 255
3 4 4 4 7 11 255
3 4 4 4 8 8 127
3 4 4 4 8 10 255
3 4 4 4 8 11 255
3 4 4 4 10 10 511
3 4 4 4 10 11 511
3 4 4 4 11 11 511
3 4 4 5 5 5 31
3 4 4 5 5 7 63
3 4 4 5 5 8 63
3 4 4 5 5 10 127
3 4 4 5 5 11 127
3 4 4 5 7 7 127
3 4 4 5 7 8 127
3 4 4 5 7 10 255
3 4 4 5 7 11 255
3 4 4 5 8 8 127
3 4 4 5 8 10 255
3 4 4 5 8 11 255
3 4 4 5 10 10 511
3 4 4 5 10 11 511
3 4 4 5 11 11 511
3 4 4 7 7 7 255
3 4 4 7 7 8 255
3 4 4 7 7 10 511
3 4 4 7 7 11 511
3 4 4 7 8 8 255
3 4 4 7 8 10 511
3 4 4 7 8 11 511
3 4 4 7 10 10 1023
3 4 4 7 10 11 1023
3 4 4 7 11 11 1023
3 4 4 8 8 8 255
3 4 4 8 8 10 511
3 4 4 8 8 11 511
3 4 4 8 10 10 1023
3 4 4 8 10 11 1023
3 4 4 8 11 11 1023
3 4 4 10 10 10 2047
3 4 4 10 10 11 2047
3 4 4 10 11 11 2047
3 4 4 11 11 11 2047
3 4 5 5 5 5 31
3 4 5 5 5 7 63
3 4 5 5 5 8 63
3 4 5 5 5 10 127
3 4 5 5 5 11 127
3 4 5 5 7 7 127
3 4 5 5 7 8 127
3 4 5 5 7 10 255
3 4 5 5 7 11 255
3 4 5 5 8 8 127
3 4 5 5 8 10 255
3 4 5 5 8 11 255
3 4 5 5 10 10 511
3 4 5 5 10 11 511
3 4 5 5 11 11 511
3 4 5 7 7 7 255
3 4 5 7 7 8 255
3 4 5 7 7 10 511
3 4 5 7 7 11 511
3 4 5 7 8 8 255
3 4 5 7 8 10 511
3 4 5 7 8 11 511
3 4 5 7 10 10 1023
3 4 5 7 10 11 1023
3 4 5 7 11 11 1023
3 4 5 8 8 8 255
3 4 5 8 8 10 511
3 4 5 8 8 11 511
3 4 5 8 10 10 1023
3 4 5 8 10 11 1023
3 4 5 8 11 11 1023
3 4 5 10 10 10 2047
3 4 5 10 10 11 2047
3 4 5 10 11 11 2047
3 4 5 11 11 11 2047
3 4 7 7 7 7 511
3 4 7 7 7 8 511
3 4 7 7 7 10 1023
3 4 7 7 7 11 1023
3 4 7 7 8 8 511
3 4 7 7 8 10 1023
3 4 7 7 8 11 1023
3 4 7 7 10 10 2047
3 4 7 7 10 11 2047
3 4 7 7 11 11 2047
3 4 7 8 8 8 511
3 4 7 8 8 10 1023
3 4 7 8 8 11 1023
3 4 7 8 10 10 2047
3 4 7 8 10 11 2047
3 4 7 8 11 11 2047
3 4 7 10 10 10 4095
3 4 7 10 10 11 4095
3 4 7 10 11 11 4095
3 4 7 11 11 11 4095
3 4 8 8 8 8 511
3 4 8 8 8 10 1023
3 4 8 8 8 11 1023
3 4 8 8 10 10 2047
3 4 8 8 10 11 2047
3 4 8 8 11 11 2047
3 4 8 10 10 10 4095
3 4 8 10 10 11 4095
3 4 8 10 11 11 4095
3 4 8 11 11 11 4095
3 4 10 10 10 10 8191
3 4 10 10 10 11 8191
3 4 10 10 11 11 8191
3 4 10 11 11 11 8191
3 4 11 11 11 11 8191
3 5 2 2 2 2 2 1
3 5 2 2 2 2 4 3
3 5 2 2 2 2 5 3
3 5 2 2 2 2 7 7
3 5 2 2 2 2 8 7
3 5 2 2 2 2 10 15
3 5 2 2 2 2 11 15
3 5 2 2 2 4 4 7
3 5 2 2 2 4 5 7
3 5 2 2 2 4 7 15
3 5 2 2 2 4 8 15
3 5 2 2 2 4 10 31
3 5 2 2 2 4 11 31
3 5 2 2 2 5 5 7
3 5 2 2 2 5 7 15
3 5 2 2 2 5 8 15
3 5 2 2 2 5 10 31
3 5 2 2 2 5 11 31
3 5 2 2 2 7 7 31
3 5 2 2 2 7 8 31
3 5 2 2 2 7 10 63
3 5 2 2 2 7 11 63
3 5 2 2 2 8 8 31
3 5 2 2 2 8 10 63
3 5 2 2 2 8 11 63
3 5 2 2 2 10 10 127
3 5 2 2 2 10 11 127
3 5 2 2 2 11 11 127
3 5 2 2 4 4 4 15
3 5 2 2 4 4 5 15
3 5 2 2 4 4 7 31
3 5 2 2 4 4 8 31
3 5 2 2 4 4 10 63
3 5 2 2 4 4 11 63
3 5 2 2 4 5 5 15
3 5 2 2 4 5 7 31
3 5 2 2 4 5 8 31
3 5 2 2 4 5 10 63
3 5 2 2 4 5 11 63
3 5 2 2 4 7 7 63
3 5 2 2 4 7 8 63
3 5 2 2 4 7 10 127
3 5 2 2 4 7 11 127
3 5 2 2 4 8 8 63
3 5 2 2 4 8 10 127
3 5 2 2 4 8 11 127
3 5 2 2 4 10 10 255
3 5 2 2 4 10 11 255
3 5 2 2 4 11 11 255
3 5 2 2 5 5 5 15
3 5 2 2 5 5 7 31
3 5 2 2 5 5 8 31
3 5 2 2 5 5 10 63
3 5 2 2 5 5 11 63
3 5 2 2 5 7 7 63
3 5 2 2 5 7 8 63
3 5 2 2 5 7 10 127
3 5 2 2 5 7 11 127
3 5 2 2 5 8 8 63
3 5 2 2 5 8 10 127
3 5 2 2 5 8 11 127
3 5 2 2 5 10 10 255
3 5 2 2 5 10 11 255
3 5 2 2 5 11 11 255
3 5 2 2 7 7 7 127
3 5 2 2 7 7 8 127
3 5 2 2 7 7 10 255
3 5 2 2 7 7 11 255
3 5 2 2 7 8 8 127
3 5 2 2 7 8 10 255
3 5 2 2 7 8 11 255
3 5 2 2 7 10 10 511
3 5 2 2 7 10 11 511
3 5 2 2 7 11 11 511
3 5 2 2 8 8 8 127
3 5 2 2 8 8 10 255
3 5 2 2 8 8 11 255
3 5 2 2 8 10 10 511
3 5 2 2 8 10 11 511
3 5 2 2 8 11 11 511
3 5 2 2 10 10 10 1023
3 5 2 2 10 10 11 1023
3 5 2 2 10 11 11 1023
3 5 2 2 11 11 11 1023
3 5 2 4 4 4 4 31
3 5 2 4 4 4 5 31
3 5 2 4 4 4 7 63
3 5 2 4 4 4 8 63
3 5 2 4 4 4 10 127
3 5 2 4 4 4 11 127
3 5 2 4 4 5 5 31
3 5 2 4 4 5 7 63
3 5 2 4 4 5 8 63
3 5 2 4 4 5 10 127
3 5 2 4 4 5 11 127
3 5 2 4 4 7 7 127
3 5 2 4 4 7 8 127
3 5 2 4 4 7 10 255
3 5 2 4 4 7 11 255
3 5 2 4 4 8 8 127
3 5 2 4 4 8 10 255
3 5 2 4 4 8 11 255
3 5 2 4 4 10 10 511
3 5 2 4 4 10 11 511
3 5 2 4 4 11 11 511
3 5 2 4 5 5 5 31
3 5 2 4 5 5 7 63
3 5 2 4 5 5 8 63
3 5 2 4 5 5 10 127
3 5 2 4 5 5 11 127
3 5 2 4 5 7 7 127
3 5 2 4 5 7 8 127
3 5 2 4 5 7 10 255
3 5 2 4 5 7 11 255
3 5 2 4 5 8 8 127
3 5 2 4 5 8 10 255
3 5 2 4 5 8 11 255
3 5 2 4 5 10 10 511
3 5 2 4 5 10 11 511
3 5 2 4 5 11 11 511
3 5 2 4 7 7 7 255
3 5 2 4 7 7 8 255
3 5 2 4 7 7 10 511
3 5 2 4 7 7 11 511
3 5 2 4 7 8 8 255
3 5 2 4 7 8 10 511
3 5 2 4 7 8 11 511
3 5 2 4 7 10 10 1023
3 5 2 4 7 10 11 1023
3 5 2 4 7 11 11 1023
3 5 2 4 8 8 8 255
3 5 2 4 8 8 10 511
3 5 2 4 8 8 11 511
3 5 2 4 8 10 10 1023
3 5 2 4 8 10 11 1023
3 5 2 4 8 11 11 1023
3 5 2 4 10 10 10 2047
3 5 2 4 10 10 11 2047
3 5 2 4 10 11 11 2047
3 5 2 4 11 11 11 2047
3 5 2 5 5 5 5 31
3 5 2 5 5 5 7 63
3 5 2 5 5 5 8 63
3 5 2 5 5 5 10 127
3 5 2 5 5 5 11 127
3 5 2 5 5 7 7 127
3 5 2 5 5 7 8 127
3 5 2 5 5 7 10 255
3 5 2 5 5 7 11 255
3 5 2 5 5 8 8 127
3 5 2 5 5 8 10 255
3 5 2 5 5 8 11 255
3 5 2 5 5 10 10 511
3 5 2 5 5 10 11 511
3 5 2 5 5 11 11 511
3 5 2 5 7 7 7 255
3 5 2 5 7 7 8 255
3 5 2 5 7 7 10 511
3 5 2 5 7 7 11 511
3 5 2 5 7 8 8 255
3 5 2 5 7 8 10 511
3 5 2 5 7 8 11 511
3 5 2 5 7 10 10 1023
3 5 2 5 7 10 11 1023
3 5 2 5 7 11 11 1023
3 5 2 5 8 8 8 255
3 5 2 5 8 8 10 511
3 5 2 5 8 8 11 511
3 5 2 5 8 10 10 1023
3 5 2 5 8 10 11 1023
3 5 2 5 8 11 11 1023
3 5 2 5 10 10 10 2047
3 5 2 5 10 10 11 2047
3 5 2 5 10 11 11 2047
3 5 2 5 11 11 11 2047
3 5 2 7 7 7 7 511
3 5 2 7 7 7 8 511
3 5 2 7 7 7 10 1023
3 5 2 7 7 7 11 1023
3 5 2 7 7 8 8 511
3 5 2 7 7 8 10 1023
3 5 2 7 7 8 11 1023
3 5 2 7 7 10 10 2047
3 5 2 7 7 10 11 2047
3 5 2 7 7 11 11 2047
3 5 2 7 8 8 8 511
3 5 2 7 8 8 10 1023
3 5 2 7 8 8 11 1023
3 5 2 7 8 10 10 2047
3 5 2 7 8 10 11 2047
3 5 2 7 8 11 11 2047
3 5 2 7 10 10 10 4095
3 5 2 7 10 10 11 4095
3 5 2 7 10 11 11 4095
3 5 2 7 11 11 11 4095
3 5 2 8 8 8 8 511
3 5 2 8 8 8 10 1023
3 5 2 8 8 8 11 1023
3 5 2 8 8 10 10 2047
3 5 2 8 8 10 11 2047
3 5 2 8 8 11 11 2047
3 5 2 8 10 10 10 4095
3 5 2 8 10 10 11 4095
3 5 2 8 10 11 11 4095
3 5 2 8 11 11 11 4095
3 5 2 10 10 10 10 8191
3 5 2 10 10 10 11 8191
3 5 2 10 10 11 11 8191
3 5 2 10 11 11 11 8191
3 5 2 11 11 11 11 8191
3 5 4 4 4 4 4 63
3 5 4 4 4 4 5 63
3 5 4 4 4 4 7 127
3 5 4 4 4 4 8 127
3 5 4 4 4 4 10 255
3 5 4 4 4 4 11 255
3 5 4 4 4 5 5 63
3 5 4 4 4 5 7 127
3 5 4 4 4 5 8 127
3 5 4 4 4 5 10 255
3 5 4 4 4 5 11 255
3 5 4 4 4 7 7 255
3 5 4 4 4 7 8 255
3 5 4 4 4 7 10 511
3 5 4 4 4 7 11 511
3 5 4 4 4 8 8 255
3 5 4 4 4 8 10 511
3 5 4 4 4 8 11 511
3 5 4 4 4 10 10 1023
3 5 4 4 4 10 11 1023
3 5 4 4 4 11 11 1023
3 5 4 4 5 5 5 63
3 5 4 4 5 5 7 127
3 5 4 4 5 5 8 127
3 5 4 4 5 5 10 255
3 5 4 4 5 5 11 255
3 5 4 4 5 7 7 255
3 5 4 4 5 7 8 255
3 5 4 4 5 7 10 511
3 5 4 4 5 7 11 511
3 5 4 4 5 8 8 255
3 5 4 4 5 8 10 511
3 5 4 4 5 8 11 511
3 5 4 4 5 10 10 1023
3 5 4 4 5 10 11 1023
3 5 4 4 5 11 11 1023
3 5 4 4 7 7 7 511
3 5 4 4 7 7 8 511
3 5 4 4 7 7 10 1023
3 5 4 4 7 7 11 1023
3 5 4 4 7 8 8 511
3 5 4 4 7 8 10 1023
3 5 4 4 7 8 11 1023
3 5 4 4 7 10 10 2047
3 5 4 4 7 10 11 2047
3 5 4 4 7 11 11 2047
3 5 4 4 8 8 8 511
3 5 4 4 8 8 10 1023
3 5 4 4 8 8 11 1023
3 5 4 4 8 10 10 2047
3 5 4 4 8 10 11 2047
3 5 4 4 8 11 11 2047
3 5 4 4 10 10 10 4095
3 5 4 4 10 10 11 4095
3 5 4 4 10 11 11 4095
3 5 4 4 11 11 11 4095
3 5 4 5 5 5 5 63
3 5 4 5 5 5 7 127
3 5 4 5 5 5 8 127
3 5 4 5 5 5 10 255
3 5 4 5 5 5 11 255
3 5 4 5 5 7 7 255
3 5 4 5 5 7 8 255
3 5 4 5 5 7 10 511
3 5 4 5 5 7 11 511
3 5 4 5 5 8 8 255
3 5 4 5 5 8 10 511
3 5 4 5 5 8 11 511
3 5 4 5 5 10 10 1023
3 5 4 5 5 10 11 1023
3 5 4 5 5 11 11 1023
3 5 4 5 7 7 7 511
3 5 4 5 7 7 8 511
3 5 4 5 7 7 10 1023
3 5 4 5 7 7 11 1023
3 5 4 5 7 8 8 511
3 5 4 5 7 8 10 1023
3 5 4 5 7 8 11 1023
3 5 4 5 7 10 10 2047
3 5 4 5 7 10 11 2047
3 5 4 5 7 11 11 2047
3 5 4 5 8 8 8 511
3 5 4 5 8 8 10 1023
3 5 4 5 8 8 11 1023
3 5 4 5 8 10 10 2047
3 5 4 5 8 10 11 2047
3 5 4 5 8 11 11 2047
3 5 4 5 10 10 10 4095
3 5 4 5 10 10 11 4095
3 5 4 5 10 11 11 4095
3 5 4 5 11 11 11 4095
3 5 4 7 7 7 7 1023
3 5 4 7 7 7 8 1023
3 5 4 7 7 7 10 2047
3 5 4 7 7 7 11 2047
3 5 4 7 7 8 8 1023
3 5 4 7 7 8 10 2047
3 5 4 7 7 8 11 2047
3 5 4 7 7 10 10 4095
3 5 4 7 7 10 11 4095
3 5 4 7 7 11 11 4095
3 5 4 7 8 8 8 1023
3 5 4 7 8 8 10 2047
3 5 4 7 8 8 11 2047
3 5 4 7 8 10 10 4095
3 5 4 7 8 10 11 4095
3 5 4 7 8 11 11 4095
3 5 4 7 10 10 10 8191
3 5 4 7 10 10 11 8191
3 5 4 7 10 11 11 8191
3 5 4 7 11 11 11 8191
3 5 4 8 8 8 8 1023
3 5 4 8 8 8 10 2047
3 5 4 8 8 8 11 2047
3 5 4 8 8 10 10 4095
3 5 4 8 8 10 11 4095
3 5 4 8 8 11 11 4095
3 5 4 8 10 10 10 8191
3 5 4 8 10 10 11 8191
3 5 4 8 10 11 11 8191
3 5 4 8 11 11 11 8191
3 5 4 10 10 10 10 16383
3 5 4 10 10 10 11 16383
3 5 4 10 10 11 11 16383
3 5 4 10 11 11 11 16383
3 5 4 11 11 11 11 16383
3 5 5 5 5 5 5 63
3 5 5 5 5 5 7 127
3 5 5 5 5 5 8 127
3 5 5 5 5 5 10 255
3 5 5 5 5 5 11 255
3 5 5 5 5 7 7 255
3 5 5 5 5 7 8 255
3 5 5 5 5 7 10 511
3 5 5 5 5 7 11 511
3 5 5 5 5 8 8 255
3 5 5 5 5 8 10 511
3 5 5 5 5 8 11 511
3 5 5 5 5 10 10 1023
3 5 5 5 5 10 11 1023
3 5 5 5 5 11 11 1023
3 5 5 5 7 7 7 511
3 5 5 5 7 7 8 511
3 5 5 5 7 7 10 1023
3 5 5 5 7 7 11 1023
3 5 5 5 7 8 8 511
3 5 5 5 7 8 10 1023
3 5 5 5 7 8 11 1023
3 5 5 5 7 10 10 2047
3 5 5 5 7 10 11 2047
3 5 5 5 7 11 11 2047
3 5 5 5 8 8 8 511
3 5 5 5 8 8 10 1023
3 5 5 5 8 8 11 1023
3 5 5 5 8 10 10 2047
3 5 5 5 8 10 11 2047
3 5 5 5 8 11 11 2047
3 5 5 5 10 10 10 4095
3 5 5 5 10 10 11 4095
3 5 5 5 10 11 11 4095
3 5 5 5 11 11 11 4095
3 5 5 7 7 7 7 1023
3 5 5 7 7 7 8 1023
3 5 5 7 7 7 10 2047
3 5 5 7 7 7 11 2047
3 5 5 7 7 8 8 1023
3 5 5 7 7 8 10 2047
3 5 5 7 7 8 11 2047
3 5 5 7 7 10 10 4095
3 5 5 7 7 10 11 4095
3 5 5 7 7 11 11 4095
3 5 5 7 8 8 8 1023
3 5 5 7 8 8 10 2047
3 5 5 7 8 8 11 2047
3 5 5 7 8 10 10 4095
3 5 5 7 8 10 11 4095
3 5 5 7 8 11 11 4095
3 5 5 7 10 10 10 8191
3 5 5 7 10 10 11 8191
3 5 5 7 10 11 11 8191
3 5 5 7 11 11 11 8191
3 5 5 8 8 8 8 1023
3 5 5 8 8 8 10 2047
3 5 5 8 8 8 11 2047
3 5 5 8 8 10 10 4095
3 5 5 8 8 10 11 4095
3 5 5 8 8 11 11 4095
3 5 5 8 10 10 10 8191
3 5 5 8 10 10 11 8191
3 5 5 8 10 11 11 8191
3 5 5 8 11 11 11 8191
3 5 5 10 10 10 10 16383
3 5 5 10 10 10 11 16383
3 5 5 10 10 11 11 16383
3 5 5 10 11 11 11 16383
3 5 5 11 11 11 11 16383
3 5 7 7 7 7 7 2047
3 5 7 7 7 7 8 2047
3 5 7 7 7 7 10 4095
3 5 7 7 7 7 11 4095
3 5 7 7 7 8 8 2047
3 5 7 7 7 8 10 4095
3 5 7 7 7 8 11 4095
3 5 7 7 7 10 10 8191
3 5 7 7 7 10 11 8191
3 5 7 7 7 11 11 8191
3 5 7 7 8 8 8 2047
3 5 7 7 8 8 10 4095
3 5 7 7 8 8 11 4095
3 5 7 7 8 10 10 8191
3 5 7 7 8 10 11 8191
3 5 7 7 8 11 11 8191
3 5 7 7 10 10 10 16383
3 5 7 7 10 10 11 16383
3 5 7 7 10 11 11 16383
3 5 7 7 11 11 11 16383
3 5 7 8 8 8 8 2047
3 5 7 8 8 8 10 4095
3 5 7 8 8 8 11 4095
3 5 7 8 8 10 10 8191
3 5 7 8 8 10 11 8191
3 5 7 8 8 11 11 8191
3 5 7 8 10 10 10 16383
3 5 7 8 10 10 11 16383
3 5 7 8 10 11 11 16383
3 5 7 8 11 11 11 16383
3 5 7 10 10 10 10 32767
3 5 7 10 10 10 11 32767
3 5 7 10 10 11 11 32767
3 5 7 10 11 11 11 32767
3 5 7 11 11 11 11 32767
3 5 8 8 8 8 8 2047
3 5 8 8 8 8 10 4095
3 5 8 8 8 8 11 4095
3 5 8 8 8 10 10 8191
3 5 8 8 8 10 11 8191
3 5 8 8 8 11 11 8191
3 5 8 8 10 10 10 16383
3 5 8 8 10 10 11 16383
3 5 8 8 10 11 11 16383
3 5 8 8 11 11 11 16383
3 5 8 10 10 10 10 32767
3 5 8 10 10 10 11 32767
3 5 8 10 10 11 11 32767
3 5 8 10 11 11 11 32767
3 5 8 11 11 11 11 32767
3 5 10 10 10 10 10 65535
3 5 10 10 10 10 11 65535
3 5 10 10 10 11 11 65535
3 5 10 10 11 11 11 65535
3 5 10 11 11 11 11 65535
3 5 11 11 11 11 11 65535
3 6 2 2 2 2 2 2 7
3 6 2 2 2 2 2 4 3
3 6 2 2 2 2 2 5 15
3 6 2 2 2 2 2 7 7
3 6 2 2 2 2 2 8 31
3 6 2 2 2 2 2 10 15
3 6 2 2 2 2 2 11 63
3 6 2 2 2 2 4 4 7
3 6 2 2 2 2 4 5 7
3 6 2 2 2 2 4 7 15
3 6 2 2 2 2 4 8 15
3 6 2 2 2 2 4 10 31
3 6 2 2 2 2 4 11 31
3 6 2 2 2 2 5 5 31
3 6 2 2 2 2 5 7 15
3 6 2 2 2 2 5 8 63
3 6 2 2 2 2 5 10 31
3 6 2 2 2 2 5 11 127
3 6 2 2 2 2 7 7 31
3 6 2 2 2 2 7 8 31
3 6 2 2 2 2 7 10 63
3 6 2 2 2 2 7 11 63
3 6 2 2 2 2 8 8 127
3 6 2 2 2 2 8 10 63
3 6 2 2 2 2 8 11 255
3 6 2 2 2 2 10 10 127
3 6 2 2 2 2 10 11 127
3 6 2 2 2 2 11 11 511
3 6 2 2 2 4 4 4 15
3 6 2 2 2 4 4 5 15
3 6 2 2 2 4 4 7 31
3 6 2 2 2 4 4 8 31
3 6 2 2 2 4 4 10 63
3 6 2 2 2 4 4 11 63
3 6 2 2 2 4 5 5 15
3 6 2 2 2 4 5 7 31
3 6 2 2 2 4 5 8 31
3 6 2 2 2 4 5 10 63
3 6 2 2 2 4 5 11 63
3 6 2 2 2 4 7 7 63
3 6 2 2 2 4 7 8 63
3 6 2 2 2 4 7 10 127
3 6 2 2 2 4 7 11 127
3 6 2 2 2 4 8 8 63
3 6 2 2 2 4 8 10 127
3 6 2 2 2 4 8 11 127
3 6 2 2 2 4 10 10 255
3 6 2 2 2 4 10 11 255
3 6 2 2 2 4 11 11 255
3 6 2 2 2 5 5 5 63
3 6 2 2 2 5 5 7 31
3 6 2 2 2 5 5 8 127
3 6 2 2 2 5 5 10 63
3 6 2 2 2 5 5 11 255
3 6 2 2 2 5 7 7 63
3 6 2 2 2 5 7 8 63
3 6 2 2 2 5 7 10 127
3 6 2 2 2 5 7 11 127
3 6 2 2 2 5 8 8 255
3 6 2 2 2 5 8 10 127
3 6 2 2 2 5 8 11 511
3 6 2 2 2 5 10 10 255
3 6 2 2 2 5 10 11 255
3 6 2 2 2 5 11 11 1023
3 6 2 2 2 7 7 7 127
3 6 2 2 2 7 7 8 127
3 6 2 2 2 7 7 10 255
3 6 2 2 2 7 7 11 255
3 6 2 2 2 7 8 8 127
3 6 2 2 2 7 8 10 255
3 6 2 2 2 7 8 11 255
3 6 2 2 2 7 10 10 511
3 6 2 2 2 7 10 11 511
3 6 2 2 2 7 11 11 511
3 6 2 2 2 8 8 8 511
3 6 2 2 2 8 8 10 255
3 6 2 2 2 8 8 11 1023
3 6 2 2 2 8 10 10 511
3 6 2 2 2 8 10 11 511
3 6 2 2 2 8 11 11 2047
3 6 2 2 2 10 10 10 1023
3 6 2 2 2 10 10 11 1023
3 6 2 2 2 10 11 11 1023
3 6 2 2 2 11 11 11 4095
3 6 2 2 4 4 4 4 31
3 6 2 2 4 4 4 5 31
3 6 2 2 4 4 4 7 63
3 6 2 2 4 4 4 8 63
3 6 2 2 4 4 4 10 127
3 6 2 2 4 4 4 11 127
3 6 2 2 4 4 5 5 31
3 6 2 2 4 4 5 7 63
3 6 2 2 4 4 5 8 63
3 6 2 2 4 4 5 10 127
3 6 2 2 4 4 5 11 127
3 6 2 2 4 4 7 7 127
3 6 2 2 4 4 7 8 127
3 6 2 2 4 4 7 10 255
3 6 2 2 4 4 7 11 255
3 6 2 2 4 4 8 8 127
3 6 2 2 4 4 8 10 255
3 6 2 2 4 4 8 11 255
3 6 2 2 4 4 10 10 511
3 6 2 2 4 4 10 11 511
3 6 2 2 4 4 11 11 511
3 6 2 2 4 5 5 5 31
3 6 2 2 4 5 5 7 63
3 6 2 2 4 5 5 8 63
3 6 2 2 4 5 5 10 127
3 6 2 2 4 5 5 11 127
3 6 2 2 4 5 7 7 127
3 6 2 2 4 5 7 8 127
3 6 2 2 4 5 7 10 255
3 6 2 2 4 5 7 11 255
3 6 2 2 4 5 8 8 127
3 6 2 2 4 5 8 10 255
3 6 2 2 4 5 8 11 255
3 6 2 2 4 5 10 10 511
3 6 2 2 4 5 10 11 511
3 6 2 2 4 5 11 11 511
3 6 2 2 4 7 7 7 255
3 6 2 2 4 7 7 8 255
3 6 2 2 4 7 7 10 511
3 6 2 2 4 7 7 11 511
3 6 2 2 4 7 8 8 255
3 6 2 2 4 7 8 10 511
3 6 2 2 4 7 8 11 511
3 6 2 2 4 7 10 10 1023
3 6 2 2 4 7 10 11 1023
3 6 2 2 4 7 11 11 1023
3 6 2 2 4 8 8 8 255
3 6 2 2 4 8 8 10 511
3 6 2 2 4 8 8 11 511
3 6 2 2 4 8 10 10 1023
3 6 2 2 4 8 10 11 1023
3 6 2 2 4 8 11 11 1023
3 6 2 2 4 10 10 10 2047
3 6 2 2 4 10 10 11 2047
3 6 2 2 4 10 11 11 2047
3 6 2 2 4 11 11 11 2047
3 6 2 2 5 5 5 5 127
3 6 2 2 5 5 5 7 63
3 6 2 2 5 5 5 8 255
3 6 2 2 5 5 5 10 127
3 6 2 2 5 5 5 11 511
3 6 2 2 5 5 7 7 127
3 6 2 2 5 5 7 8 127
3 6 2 2 5 5 7 10 255
3 6 2 2 5 5 7 11 255
3 6 2 2 5 5 8 8 511
3 6 2 2 5 5 8 10 255
3 6 2 2 5 5 8 11 1023
3 6 2 2 5 5 10 10 511
3 6 2 2 5 5 10 11 511
3 6 2 2 5 5 11 11 2047
3 6 2 2 5 7 7 7 255
3 6 2 2 5 7 7 8 255
3 6 2 2 5 7 7 10 511
3 6 2 2 5 7 7 11 511
3 6 2 2 5 7 8 8 255
3 6 2 2 5 7 8 10 511
3 6 2 2 5 7 8 11 511
3 6 2 2 5 7 10 10 1023
3 6 2 2 5 7 10 11 1023
3 6 2 2 5 7 11 11 1023
3 6 2 2 5 8 8 8 1023
3 6 2 2 5 8 8 10 511
3 6 2 2 5 8 8 11 2047
3 6 2 2 5 8 10 10 1023
3 6 2 2 5 8 10 11 1023
3 6 2 2 5 8 11 11 4095
3 6 2 2 5 10 10 10 2047
3 6 2 2 5 10 10 11 2047
3 6 2 2 5 10 11 11 2047
3 6 2 2 5 11 11 11 8191
3 6 2 2 7 7 7 7 511
3 6 2 2 7 7 7 8 511
3 6 2 2 7 7 7 10 1023
3 6 2 2 7 7 7 11 1023
3 6 2 2 7 7 8 8 511
3 6 2 2 7 7 8 10 1023
3 6 2 2 7 7 8 11 1023
3 6 2 2 7 7 10 10 2047
3 6 2 2 7 7 10 11 2047
3 6 2 2 7 7 11 11 2047
3 6 2 2 7 8 8 8 511
3 6 2 2 7 8 8 10 1023
3 6 2 2 7 8 8 11 1023
3 6 2 2 7 8 10 10 2047
3 6 2 2 7 8 10 11 2047
3 6 2 2 7 8 11 11 2047
3 6 2 2 7 10 10 10 4095
3 6 2 2 7 10 10 11 4095
3 6 2 2 7 10 11 11 4095
3 6 2 2 7 11 11 11 4095
3 6 2 2 8 8 8 8 2047
3 6 2 2 8 8 8 10 1023
3 6 2 2 8 8 8 11 4095
3 6 2 2 8 8 10 10 2047
3 6 2 2 8 8 10 11 2047
3 6 2 2 8 8 11 11 8191
3 6 2 2 8 10 10 10 4095
3 6 2 2 8 10 10 11 4095
3 6 2 2 8 10 11 11 4095
3 6 2 2 8 11 11 11 16383
3 6 2 2 10 10 10 10 8191
3 6 2 2 10 10 10 11 8191
3 6 2 2 10 10 11 11 8191
3 6 2 2 10 11 11 11 8191
3 6 2 2 11 11 11 11 32767
3 6 2 4 4 4 4 4 63
3 6 2 4 4 4 4 5 63
3 6 2 4 4 4 4 7 127
3 6 2 4 4 4 4 8 127
3 6 2 4 4 4 4 10 255
3 6 2 4 4 4 4 11 255
3 6 2 4 4 4 5 5 63
3 6 2 4 4 4 5 7 127
3 6 2 4 4 4 5 8 127
3 6 2 4 4 4 5 10 255
3 6 2 4 4 4 5 11 255
3 6 2 4 4 4 7 7 255
3 6 2 4 4 4 7 8 255
3 6 2 4 4 4 7 10 511
3 6 2 4 4 4 7 11 511
3 6 2 4 4 4 8 8 255
3 6 2 4 4 4 8 10 511
3 6 2 4 4 4 8 11 511
3 6 2 4 4 4 10 10 1023
3 6 2 4 4 4 10 11 1023
3 6 2 4 4 4 11 11 1023
3 6 2 4 4 5 5 5 63
3 6 2 4 4 5 5 7 127
3 6 2 4 4 5 5 8 127
3 6 2 4 4 5 5 10 255
3 6 2 4 4 5 5 11 255
3 6 2 4 4 5 7 7 255
3 6 2 4 4 5 7 8 255
3 6 2 4 4 5 7 10 511
3 6 2 4 4 5 7 11 511
3 6 2 4 4 5 8 8 255
3 6 2 4 4 5 8 10 511
3 6 2 4 4 5 8 11 511
3 6 2 4 4 5 10 10 1023
3 6 2 4 4 5 10 11 1023
3 6 2 4 4 5 11 11 1023
3 6 2 4 4 7 7 7 511
3 6 2 4 4 7 7 8 511
3 6 2 4 4 7 7 10 1023
3 6 2 4 4 7 7 11 1023
3 6 2 4 4 7 8 8 511
3 6 2 4 4 7 8 10 1023
3 6 2 4 4 7 8 11 1023
3 6 2 4 4 7 10 10 2047
3 6 2 4 4 7 10 11 2047
3 6 2 4 4 7 11 11 2047
3 6 2 4 4 8 8 8 511
3 6 2 4 4 8 8 10 1023
3 6 2 4 4 8 8 11 1023
3 6 2 4 4 8 10 10 2047
3 6 2 4 4 8 10 11 2047
3 6 2 4 4 8 11 11 2047
3 6 2 4 4 10 10 10 4095
3 6 2 4 4 10 10 11 4095
3 6 2 4 4 10 11 11 4095
3 6 2 4 4 11 11 11 4095
3 6 2 4 5 5 5 5 63
3 6 2 4 5 5 5 7 127
3 6 2 4 5 5 5 8 127
3 6 2 4 5 5 5 10 255
3 6 2 4 5 5 5 11 255
3 6 2 4 5 5 7 7 255
3 6 2 4 5 5 7 8 255
3 6 2 4 5 5 7 10 511
3 6 2 4 5 5 7 11 511
3 6 2 4 5 5 8 8 255
3 6 2 4 5 5 8 10 511
3 6 2 4 5 5 8 11 511
3 6 2 4 5 5 10 10 1023
3 6 2 4 5 5 10 11 1023
3 6 2 4 5 5 11 11 1023
3 6 2 4 5 7 7 7 511
3 6 2 4 5 7 7 8 511
3 6 2 4 5 7 7 10 1023
3 6 2 4 5 7 7 11 1023
3 6 2 4 5 7 8 8 511
3 6 2 4 5 7 8 10 1023
3 6 2 4 5 7 8 11 1023
3 6 2 4 5 7 10 10 2047
3 6 2 4 5 7 10 11 2047
3 6 2 4 5 7 11 11 2047
3 6 2 4 5 8 8 8 511
3 6 2 4 5 8 8 10 1023
3 6 2 4 5 8 8 11 1023
3 6 2 4 5 8 10 10 2047
3 6 2 4 5 8 10 11 2047
3 6 2 4 5 8 11 11 2047
3 6 2 4 5 10 10 10 4095
3 6 2 4 5 10 10 11 4095
3 6 2 4 5 10 11 11 4095
3 6 2 4 5 11 11 11 4095
3 6 2 4 7 7 7 7 1023
3 6 2 4 7 7 7 8 1023
3 6 2 4 7 7 7 10 2047
3 6 2 4 7 7 7 11 2047
3 6 2 4 7 7 8 8 1023
3 6 2 4 7 7 8 10 2047
3 6 2 4 7 7 8 11 2047
3 6 2 4 7 7 10 10 4095
3 6 2 4 7 7 10 11 4095
3 6 2 4 7 7 11 11 4095
3 6 2 4 7 8 8 8 1023
3 6 2 4 7 8 8 10 2047
3 6 2 4 7 8 8 11 2047
3 6 2 4 7 8 10 10 4095
3 6 2 4 7 8 10 11 4095
3 6 2 4 7 8 11 11 4095
3 6 2 4 7 10 10 10 8191
3 6 2 4 7 10 10 11 8191
3 6 2 4 7 10 11 11 8191
3 6 2 4 7 11 11 11 8191
3 6 2 4 8 8 8 8 1023
3 6 2 4 8 8 8 10 2047
3 6 2 4 8 8 8 11 2047
3 6 2 4 8 8 10 10 4095
3 6 2 4 8 8 10 11 4095
3 6 2 4 8 8 11 11 4095
3 6 2 4 8 10 10 10 8191
3 6 2 4 8 10 10 11 8191
3 6 2 4 8 10 11 11 8191
3 6 2 4 8 11 11 11 8191
3 6 2 4 10 10 10 10 16383
3 6 2 4 10 10 10 11 16383
3 6 2 4 10 10 11 11 16383
3 6 2 4 10 11 11 11 16383
3 6 2 4 11 11 11 11 16383
3 6 2 5 5 5 5 5 255
3 6 2 5 5 5 5 7 127
3 6 2 5 5 5 5 8 511
3 6 2 5 5 5 5 10 255
3 6 2 5 5 5 5 11 1023
3 6 2 5 5 5 7 7 255
3 6 2 5 5 5 7 8 255
3 6 2 5 5 5 7 10 511
3 6 2 5 5 5 7 11 511
3 6 2 5 5 5 8 8 1023
3 6 2 5 5 5 8 10 511
3 6 2 5 5 5 8 11 2047
3 6 2 5 5 5 10 10 1023
3 6 2 5 5 5 10 11 1023
3 6 2 5 5 5 11 11 4095
3 6 2 5 5 7 7 7 511
3 6 2 5 5 7 7 8 511
3 6 2 5 5 7 7 10 1023
3 6 2 5 5 7 7 11 1023
3 6 2 5 5 7 8 8 511
3 6 2 5 5 7 8 10 1023
3 6 2 5 5 7 8 11 1023
3 6 2 5 5 7 10 10 2047
3 6 2 5 5 7 10 11 2047
3 6 2 5 5 7 11 11 2047
3 6 2 5 5 8 8 8 2047
3 6 2 5 5 8 8 10 1023
3 6 2 5 5 8 8 11 4095
3 6 2 5 5 8 10 10 2047
3 6 2 5 5 8 10 11 2047
3 6 2 5 5 8 11 11 8191
3 6 2 5 5 10 10 10 4095
3 6 2 5 5 10 10 11 4095
3 6 2 5 5 10 11 11 4095
3 6 2 5 5 11 11 11 16383
3 6 2 5 7 7 7 7 1023
3 6 2 5 7 7 7 8 1023
3 6 2 5 7 7 7 10 2047
3 6 2 5 7 7 7 11 2047
3 6 2 5 7 7 8 8 1023
3 6 2 5 7 7 8 10 2047
3 6 2 5 7 7 8 11 2047
3 6 2 5 7 7 10 10 4095
3 6 2 5 7 7 10 11 4095
3 6 2 5 7 7 11 11 4095
3 6 2 5 7 8 8 8 1023
3 6 2 5 7 8 8 10 2047
3 6 2 5 7 8 8 11 2047
3 6 2 5 7 8 10 10 4095
3 6 2 5 7 8 10 11 4095
3 6 2 5 7 8 11 11 4095
3 6 2 5 7 10 10 10 8191
3 6 2 5 7 10 10 11 8191
3 6 2 5 7 10 11 11 8191
3 6 2 5 7 11 11 11 8191
3 6 2 5 8 8 8 8 4095
3 6 2 5 8 8 8 10 2047
3 6 2 5 8 8 8 11 8191
3 6 2 5 8 8 10 10 4095
3 6 2 5 8 8 10 11 4095
3 6 2 5 8 8 11 11 16383
3 6 2 5 8 10 10 10 8191
3 6 2 5 8 10 10 11 8191
3 6 2 5 8 10 11 11 8191
3 6 2 5 8 11 11 11 32767
3 6 2 5 10 10 10 10 16383
3 6 2 5 10 10 10 11 16383
3 6 2 5 10 10 11 11 16383
3 6 2 5 10 11 11 11 16383
3 6 2 5 11 11 11 11 65535
3 6 2 7 7 7 7 7 2047
3 6 2 7 7 7 7 8 2047
3 6 2 7 7 7 7 10 4095
3 6 2 7 7 7 7 11 4095
3 6 2 7 7 7 8 8 2047
3 6 2 7 7 7 8 10 4095
3 6 2 7 7 7 8 11 4095
3 6 2 7 7 7 10 10 8191
3 6 2 7 7 7 10 11 8191
3 6 2 7 7 7 11 11 8191
3 6 2 7 7 8 8 8 2047
3 6 2 7 7 8 8 10 4095
3 6 2 7 7 8 8 11 4095
3 6 2 7 7 8 10 10 8191
3 6 2 7 7 8 10 11 8191
3 6 2 7 7 8 11 11 8191
3 6 2 7 7 10 10 10 16383
3 6 2 7 7 10 10 11 16383
3 6 2 7 7 10 11 11 16383
3 6 2 7 7 11 11 11 16383
3 6 2 7 8 8 8 8 2047
3 6 2 7 8 8 8 10 4095
3 6 2 7 8 8 8 11 4095
3 6 2 7 8 8 10 10 8191
3 6 2 7 8 8 10 11 8191
3 6 2 7 8 8 11 11 8191
3 6 2 7 8 10 10 10 16383
3 6 2 7 8 10 10 11 16383
3 6 2 7 8 10 11 11 16383
3 6 2 7 8 11 11 11 16383
3 6 2 7 10 10 10 10 32767
3 6 2 7 10 10 10 11 32767
3 6 2 7 10 10 11 11 32767
3 6 2 7 10 11 11 11 32767
3 6 2 7 11 11 11 11 32767
3 6 2 8 8 8 8 8 8191
3 6 2 8 8 8 8 10 4095
3 6 2 8 8 8 8 11 16383
3 6 2 8 8 8 10 10 8191
3 6 2 8 8 8 10 11 8191
3 6 2 8 8 8 11 11 32767
3 6 2 8 8 10 10 10 16383
3 6 2 8 8 10 10 11 16383
3 6 2 8 8 10 11 11 16383
3 6 2 8 8 11 11 11 65535
3 6 2 8 10 10 10 10 32767
3 6 2 8 10 10 10 11 32767
3 6 2 8 10 10 11 11 32767
3 6 2 8 10 11 11 11 32767
3 6 2 8 11 11 11 11 131071
3 6 2 10 10 10 10 10 65535
3 6 2 10 10 10 10 11 65535
3 6 2 10 10 10 11 11 65535
3 6 2 10 10 11 11 11 65535
3 6 2 10 11 11 11 11 65535
3 6 2 11 11 11 11 11 262143
3 6 4 4 4 4 4 4 127
3 6 4 4 4 4 4 5 127
3 6 4 4 4 4 4 7 255
3 6 4 4 4 4 4 8 255
3 6 4 4 4 4 4 10 511
3 6 4 4 4 4 4 11 511
3 6 4 4 4 4 5 5 127
3 6 4 4 4 4 5 7 255
3 6 4 4 4 4 5 8 255
3 6 4 4 4 4 5 10 511
3 6 4 4 4 4 5 11 511
3 6 4 4 4 4 7 7 511
3 6 4 4 4 4 7 8 511
3 6 4 4 4 4 7 10 1023
3 6 4 4 4 4 7 11 1023
3 6 4 4 4 4 8 8 511
3 6 4 4 4 4 8 10 1023
3 6 4 4 4 4 8 11 1023
3 6 4 4 4 4 10 10 2047
3 6 4 4 4 4 10 11 2047
3 6 4 4 4 4 11 11 2047
3 6 4 4 4 5 5 5 127
3 6 4 4 4 5 5 7 255
3 6 4 4 4 5 5 8 255
3 6 4 4 4 5 5 10 511
3 6 4 4 4 5 5 11 511
3 6 4 4 4 5 7 7 511
3 6 4 4 4 5 7 8 511
3 6 4 4 4 5 7 10 1023
3 6 4 4 4 5 7 11 1023
3 6 4 4 4 5 8 8 511
3 6 4 4 4 5 8 10 1023
3 6 4 4 4 5 8 11 1023
3 6 4 4 4 5 10 10 2047
3 6 4 4 4 5 10 11 2047
3 6 4 4 4 5 11 11 2047
3 6 4 4 4 7 7 7 1023
3 6 4 4 4 7 7 8 1023
3 6 4 4 4 7 7 10 2047
3 6 4 4 4 7 7 11 2047
3 6 4 4 4 7 8 8 1023
3 6 4 4 4 7 8 10 2047
3 6 4 4 4 7 8 11 2047
3 6 4 4 4 7 10 10 4095
3 6 4 4 4 7 10 11 4095
3 6 4 4 4 7 11 11 4095
3 6 4 4 4 8 8 8 1023
3 6 4 4 4 8 8 10 2047
3 6 4 4 4 8 8 11 2047
3 6 4 4 4 8 10 10 4095
3 6 4 4 4 8 10 11 4095
3 6 4 4 4 8 11 11 4095
3 6 4 4 4 10 10 10 8191
3 6 4 4 4 10 10 11 8191
3 6 4 4 4 10 11 11 8191
3 6 4 4 4 11 11 11 8191
3 6 4 4 5 5 5 5 127
3 6 4 4 5 5 5 7 255
3 6 4 4 5 5 5 8 255
3 6 4 4 5 5 5 10 511
3 6 4 4 5 5 5 11 511
3 6 4 4 5 5 7 7 511
3 6 4 4 5 5 7 8 511
3 6 4 4 5 5 7 10 1023
3 6 4 4 5 5 7 11 1023
3 6 4 4 5 5 8 8 511
3 6 4 4 5 5 8 10 1023
3 6 4 4 5 5 8 11 1023
3 6 4 4 5 5 10 10 2047
3 6 4 4 5 5 10 11 2047
3 6 4 4 5 5 11 11 2047
3 6 4 4 5 7 7 7 1023
3 6 4 4 5 7 7 8 1023
3 6 4 4 5 7 7 10 2047
3 6 4 4 5 7 7 11 2047
3 6 4 4 5 7 8 8 1023
3 6 4 4 5 7 8 10 2047
3 6 4 4 5 7 8 11 2047
3 6 4 4 5 7 10 10 4095
3 6 4 4 5 7 10 11 4095
3 6 4 4 5 7 11 11 4095
3 6 4 4 5 8 8 8 1023
3 6 4 4 5 8 8 10 2047
3 6 4 4 5 8 8 11 2047
3 6 4 4 5 8 10 10 4095
3 6 4 4 5 8 10 11 4095
3 6 4 4 5 8 11 11 4095
3 6 4 4 5 10 10 10 8191
3 6 4 4 5 10 10 11 8191
3 6 4 4 5 10 11 11 8191
3 6 4 4 5 11 11 11 8191
3 6 4 4 7 7 7 7 2047
3 6 4 4 7 7 7 8 2047
3 6 4 4 7 7 7 10 4095
3 6 4 4 7 7 7 11 4095
3 6 4 4 7 7 8 8 2047
3 6 4 4 7 7 8 10 4095
3 6 4 4 7 7 8 11 4095
3 6 4 4 7 7 10 10 8191
3 6 4 4 7 7 10 11 8191
3 6 4 4 7 7 11 11 8191
3 6 4 4 7 8 8 8 2047
3 6 4 4 7 8 8 10 4095
3 6 4 4 7 8 8 11 4095
3 6 4 4 7 8 10 10 8191
3 6 4 4 7 8 10 11 8191
3 6 4 4 7 8 11 11 8191
3 6 4 4 7 10 10 10 16383
3 6 4 4 7 10 10 11 16383
3 6 4 4 7 10 11 11 16383
3 6 4 4 7 11 11 11 16383
3 6 4 4 8 8 8 8 2047
3 6 4 4 8 8 8 10 4095
3 6 4 4 8 8 8 11 4095
3 6 4 4 8 8 10 10 8191
3 6 4 4 8 8 10 11 8191
3 6 4 4 8 8 11 11 8191
3 6 4 4 8 10 10 10 16383
3 6 4 4 8 10 10 11 16383
3 6 4 4 8 10 11 11 16383
3 6 4 4 8 11 11 11 16383
3 6 4 4 10 10 10 10 32767
3 6 4 4 10 10 10 11 32767
3 6 4 4 10 10 11 11 32767
3 6 4 4 10 11 11 11 32767
3 6 4 4 11 11 11 11 32767
3 6 4 5 5 5 5 5 127
3 6 4 5 5 5 5 7 255
3 6 4 5 5 5 5 8 255
3 6 4 5 5 5 5 10 511
3 6 4 5 5 5 5 11 511
3 6 4 5 5 5 7 7 511
3 6 4 5 5 5 7 8 511
3 6 4 5 5 5 7 10 1023
3 6 4 5 5 5 7 11 1023
3 6 4 5 5 5 8 8 511
3 6 4 5 5 5 8 10 1023
3 6 4 5 5 5 8 11 1023
3 6 4 5 5 5 10 10 2047
3 6 4 5 5 5 10 11 2047
3 6 4 5 5 5 11 11 2047
3 6 4 5 5 7 7 7 1023
3 6 4 5 5 7 7 8 1023
3 6 4 5 5 7 7 10 2047
3 6 4 5 5 7 7 11 2047
3 6 4 5 5 7 8 8 1023
3 6 4 5 5 7 8 10 2047
3 6 4 5 5 7 8 11 2047
3 6 4 5 5 7 10 10 4095
3 6 4 5 5 7 10 11 4095
3 6 4 5 5 7 11 11 4095
3 6 4 5 5 8 8 8 1023
3 6 4 5 5 8 8 10 2047
3 6 4 5 5 8 8 11 2047
3 6 4 5 5 8 10 10 4095
3 6 4 5 5 8 10 11 4095
3 6 4 5 5 8 11 11 4095
3 6 4 5 5 10 10 10 8191
3 6 4 5 5 10 10 11 8191
3 6 4 5 5 10 11 11 8191
3 6 4 5 5 11 11 11 8191
3 6 4 5 7 7 7 7 2047
3 6 4 5 7 7 7 8 2047
3 6 4 5 7 7 7 10 4095
3 6 4 5 7 7 7 11 4095
3 6 4 5 7 7 8 8 2047
3 6 4 5 7 7 8 10 4095
3 6 4 5 7 7 8 11 4095
3 6 4 5 7 7 10 10 8191
3 6 4 5 7 7 10 11 8191
3 6 4 5 7 7 11 11 8191
3 6 4 5 7 8 8 8 2047
3 6 4 5 7 8 8 10 4095
3 6 4 5 7 8 8 11 4095
3 6 4 5 7 8 10 10 8191
3 6 4 5 7 8 10 11 8191
3 6 4 5 7 8 11 11 8191
3 6 4 5 7 10 10 10 16383
3 6 4 5 7 10 10 11 16383
3 6 4 5 7 10 11 11 16383
3 6 4 5 7 11 11 11 16383
3 6 4 5 8 8 8 8 2047
3 6 4 5 8 8 8 10 4095
3 6 4 5 8 8 8 11 4095
3 6 4 5 8 8 10 10 8191
3 6 4 5 8 8 10 11 8191
3 6 4 5 8 8 11 11 8191
3 6 4 5 8 10 10 10 16383
3 6 4 5 8 10 10 11 16383
3 6 4 5 8 10 11 11 16383
3 6 4 5 8 11 11 11 16383
3 6 4 5 10 10 10 10 32767
3 6 4 5 10 10 10 11 32767
3 6 4 5 10 10 11 11 32767
3 6 4 5 10 11 11 11 32767
3 6 4 5 11 11 11 11 32767
3 6 4 7 7 7 7 7 4095
3 6 4 7 7 7 7 8 4095
3 6 4 7 7 7 7 10 8191
3 6 4 7 7 7 7 11 8191
3 6 4 7 7 7 8 8 4095
3 6 4 7 7 7 8 10 8191
3 6 4 7 7 7 8 11 8191
3 6 4 7 7 7 10 10 16383
3 6 4 7 7 7 10 11 16383
3 6 4 7 7 7 11 11 16383
3 6 4 7 7 8 8 8 4095
3 6 4 7 7 8 8 10 8191
3 6 4 7 7 8 8 11 8191
3 6 4 7 7 8 10 10 16383
3 6 4 7 7 8 10 11 16383
3 6 4 7 7 8 11 11 16383
3 6 4 7 7 10 10 10 32767
3 6 4 7 7 10 10 11 32767
3 6 4 7 7 10 11 11 32767
3 6 4 7 7 11 11 11 32767
3 6 4 7 8 8 8 8 4095
3 6 4 7 8 8 8 10 8191
3 6 4 7 8 8 8 11 8191
3 6 4 7 8 8 10 10 16383
3 6 4 7 8 8 10 11 16383
3 6 4 7 8 8 11 11 16383
3 6 4 7 8 10 10 10 32767
3 6 4 7 8 10 10 11 32767
3 6 4 7 8 10 11 11 32767
3 6 4 7 8 11 11 11 32767
3 6 4 7 10 10 10 10 65535
3 6 4 7 10 10 10 11 65535
3 6 4 7 10 10 11 11 65535
3 6 4 7 10 11 11 11 65535
3 6 4 7 11 11 11 11 65535
3 6 4 8 8 8 8 8 4095
3 6 4 8 8 8 8 10 8191
3 6 4 8 8 8 8 11 8191
3 6 4 8 8 8 10 10 16383
3 6 4 8 8 8 10 11 16383
3 6 4 8 8 8 11 11 16383
3 6 4 8 8 10 10 10 32767
3 6 4 8 8 10 10 11 32767
3 6 4 8 8 10 11 11 32767
3 6 4 8 8 11 11 11 32767
3 6 4 8 10 10 10 10 65535
3 6 4 8 10 10 10 11 65535
3 6 4 8 10 10 11 11 65535
3 6 4 8 10 11 11 11 65535
3 6 4 8 11 11 11 11 65535
3 6 4 10 10 10 10 10 131071
3 6 4 10 10 10 10 11 131071
3 6 4 10 10 10 11 11 131071
3 6 4 10 10 11 11 11 131071
3 6 4 10 11 11 11 11 131071
3 6 4 11 11 11 11 11 131071
3 6 5 5 5 5 5 5 511
3 6 5 5 5 5 5 7 255
3 6 5 5 5 5 5 8 1023
3 6 5 5 5 5 5 10 511
3 6 5 5 5 5 5 11 2047
3 6 5 5 5 5 7 7 511
3 6 5 5 5 5 7 8 511
3 6 5 5 5 5 7 10 1023
3 6 5 5 5 5 7 11 1023
3 6 5 5 5 5 8 8 2047
3 6 5 5 5 5 8 10 1023
3 6 5 5 5 5 8 11 4095
3 6 5 5 5 5 10 10 2047
3 6 5 5 5 5 10 11 2047
3 6 5 5 5 5 11 11 8191
3 6 5 5 5 7 7 7 1023
3 6 5 5 5 7 7 8 1023
3 6 5 5 5 7 7 10 2047
3 6 5 5 5 7 7 11 2047
3 6 5 5 5 7 8 8 1023
3 6 5 5 5 7 8 10 2047
3 6 5 5 5 7 8 11 2047
3 6 5 5 5 7 10 10 4095
3 6 5 5 5 7 10 11 4095
3 6 5 5 5 7 11 11 4095
3 6 5 5 5 8 8 8 4095
3 6 5 5 5 8 8 10 2047
3 6 5 5 5 8 8 11 8191
3 6 5 5 5 8 10 10 4095
3 6 5 5 5 8 10 11 4095
3 6 5 5 5 8 11 11 16383
3 6 5 5 5 10 10 10 8191
3 6 5 5 5 10 10 11 8191
3 6 5 5 5 10 11 11 8191
3 6 5 5 5 11 11 11 32767
3 6 5 5 7 7 7 7 2047
3 6 5 5 7 7 7 8 2047
3 6 5 5 7 7 7 10 4095
3 6 5 5 7 7 7 11 4095
3 6 5 5 7 7 8 8 2047
3 6 5 5 7 7 8 10 4095
3 6 5 5 7 7 8 11 4095
3 6 5 5 7 7 10 10 8191
3 6 5 5 7 7 10 11 8191
3 6 5 5 7 7 11 11 8191
3 6 5 5 7 8 8 8 2047
3 6 5 5 7 8 8 10 4095
3 6 5 5 7 8 8 11 4095
3 6 5 5 7 8 10 10 8191
3 6 5 5 7 8 10 11 8191
3 6 5 5 7 8 11 11 8191
3 6 5 5 7 10 10 10 16383
3 6 5 5 7 10 10 11 16383
3 6 5 5 7 10 11 11 16383
3 6 5 5 7 11 11 11 16383
3 6 5 5 8 8 8 8 8191
3 6 5 5 8 8 8 10 4095
3 6 5 5 8 8 8 11 16383
3 6 5 5 8 8 10 10 8191
3 6 5 5 8 8 10 11 8191
3 6 5 5 8 8 11 11 32767
3 6 5 5 8 10 10 10 16383
3 6 5 5 8 10 10 11 16383
3 6 5 5 8 10 11 11 16383
3 6 5 5 8 11 11 11 65535
3 6 5 5 10 10 10 10 32767
3 6 5 5 10 10 10 11 32767
3 6 5 5 10 10 11 11 32767
3 6 5 5 10 11 11 11 32767
3 6 5 5 11 11 11 11 131071
3 6 5 7 7 7 7 7 4095
3 6 5 7 7 7 7 8 4095
3 6 5 7 7 7 7 10 8191
3 6 5 7 7 7 7 11 8191
3 6 5 7 7 7 8 8 4095
3 6 5 7 7 7 8 10 8191
3 6 5 7 7 7 8 11 8191
3 6 5 7 7 7 10 10 16383
3 6 5 7 7 7 10 11 16383
3 6 5 7 7 7 11 11 16383
3 6 5 7 7 8 8 8 4095
3 6 5 7 7 8 8 10 8191
3 6 5 7 7 8 8 11 8191
3 6 5 7 7 8 10 10 16383
3 6 5 7 7 8 10 11 16383
3 6 5 7 7 8 11 11 16383
3 6 5 7 7 10 10 10 32767
3 6 5 7 7 10 10 11 32767
3 6 5 7 7 10 11 11 32767
3 6 5 7 7 11 11 11 32767
3 6 5 7 8 8 8 8 4095
3 6 5 7 8 8 8 10 8191
3 6 5 7 8 8 8 11 8191
3 6 5 7 8 8 10 10 16383
3 6 5 7 8 8 10 11 16383
3 6 5 7 8 8 11 11 16383
3 6 5 7 8 10 10 10 32767
3 6 5 7 8 10 10 11 32767
3 6 5 7 8 10 11 11 32767
3 6 5 7 8 11 11 11 32767
3 6 5 7 10 10 10 10 65535
3 6 5 7 10 10 10 11 65535
3 6 5 7 10 10 11 11 65535
3 6 5 7 10 11 11 11 65535
3 6 5 7 11 11 11 11 65535
3 6 5 8 8 8 8 8 16383
3 6 5 8 8 8 8 10 8191
3 6 5 8 8 8 8 11 32767
3 6 5 8 8 8 10 10 16383
3 6 5 8 8 8 10 11 16383
3 6 5 8 8 8 11 11 65535
3 6 5 8 8 10 10 10 32767
3 6 5 8 8 10 10 11 32767
3 6 5 8 8 10 11 11 32767
3 6 5 8 8 11 11 11 131071
3 6 5 8 10 10 10 10 65535
3 6 5 8 10 10 10 11 65535
3 6 5 8 10 10 11 11 65535
3 6 5 8 10 11 11 11 65535
3 6 5 8 11 11 11 11 262143
3 6 5 10 10 10 10 10 131071
3 6 5 10 10 10 10 11 131071
3 6 5 10 10 10 11 11 131071
3 6 5 10 10 11 11 11 131071
3 6 5 10 11 11 11 11 131071
3 6 5 11 11 11 11 11 524287
3 6 7 7 7 7 7 7 8191
3 6 7 7 7 7 7 8 8191
3 6 7 7 7 7 7 10 16383
3 6 7 7 7 7 7 11 16383
3 6 7 7 7 7 8 8 8191
3 6 7 7 7 7 8 10 16383
3 6 7 7 7 7 8 11 16383
3 6 7 7 7 7 10 10 32767
3 6 7 7 7 7 10 11 32767
3 6 7 7 7 7 11 11 32767
3 6 7 7 7 8 8 8 8191
3 6 7 7 7 8 8 10 16383
3 6 7 7 7 8 8 11 16383
3 6 7 7 7 8 10 10 32767
3 6 7 7 7 8 10 11 32767
3 6 7 7 7 8 11 11 32767
3 6 7 7 7 10 10 10 65535
3 6 7 7 7 10 10 11 65535
3 6 7 7 7 10 11 11 65535
3 6 7 7 7 11 11 11 65535
3 6 7 7 8 8 8 8 8191
3 6 7 7 8 8 8 10 16383
3 6 7 7 8 8 8 11 16383
3 6 7 7 8 8 10 10 32767
3 6 7 7 8 8 10 11 32767
3 6 7 7 8 8 11 11 32767
3 6 7 7 8 10 10 10 65535
3 6 7 7 8 10 10 11 65535
3 6 7 7 8 10 11 11 65535
3 6 7 7 8 11 11 11 65535
3 6 7 7 10 10 10 10 131071
3 6 7 7 10 10 10 11 131071
3 6 7 7 10 10 11 11 131071
3 6 7 7 10 11 11 11 131071
3 6 7 7 11 11 11 11 131071
3 6 7 8 8 8 8 8 8191
3 6 7 8 8 8 8 10 16383
3 6 7 8 8 8 8 11 16383
3 6 7 8 8 8 10 10 32767
3 6 7 8 8 8 10 11 32767
3 6 7 8 8 8 11 11 32767
3 6 7 8 8 10 10 10 65535
3 6 7 8 8 10 10 11 65535
3 6 7 8 8 10 11 11 65535
3 6 7 8 8 11 11 11 65535
3 6 7 8 10 10 10 10 131071
3 6 7 8 10 10 10 11 131071
3 6 7 8 10 10 11 11 131071
3 6 7 8 10 11 11 11 131071
3 6 7 8 11 11 11 11 131071
3 6 7 10 10 10 10 10 262143
3 6 7 10 10 10 10 11 262143
3 6 7 10 10 10 11 11 262143
3 6 7 10 10 11 11 11 262143
3 6 7 10 11 11 11 11 262143
3 6 7 11 11 11 11 11 262143
3 6 8 8 8 8 8 8 32767
3 6 8 8 8 8 8 10 16383
3 6 8 8 8 8 8 11 65535
3 6 8 8 8 8 10 10 32767
3 6 8 8 8 8 10 11 32767
3 6 8 8 8 8 11 11 131071
3 6 8 8 8 10 10 10 65535
3 6 8 8 8 10 10 11 65535
3 6 8 8 8 10 11 11 65535
3 6 8 8 8 11 11 11 262143
3 6 8 8 10 10 10 10 131071
3 6 8 8 10 10 10 11 131071
3 6 8 8 10 10 11 11 131071
3 6 8 8 10 11 11 11 131071
3 6 8 8 11 11 11 11 524287
3 6 8 10 10 10 10 10 262143
3 6 8 10 10 10 10 11 262143
3 6 8 10 10 10 11 11 262143
3 6 8 10 10 11 11 11 262143
3 6 8 10 11 11 11 11 262143
3 6 8 11 11 11 11 11 1048575
3 6 10 10 10 10 10 10 524287
3 6 10 10 10 10 10 11 524287
3 6 10 10 10 10 11 11 524287
3 6 10 10 10 11 11 11 524287
3 6 10 10 11 11 11 11 524287
3 6 10 11 11 11 11 11 524287
3 6 11 11 11 11 11 11 2097151
3 7 2 2 2 2 2 2 2 7
3 7 2 2 2 2 2 2 4 15
3 7 2 2 2 2 2 2 5 15
3 7 2 2 2 2 2 2 7 31
3 7 2 2 2 2 2 2 8 31
3 7 2 2 2 2 2 2 10 63
3 7 2 2 2 2 2 2 11 63
3 7 2 2 2 2 2 4 4 7
3 7 2 2 2 2 2 4 5 31
3 7 2 2 2 2 2 4 7 15
3 7 2 2 2 2 2 4 8 63
3 7 2 2 2 2 2 4 10 31
3 7 2 2 2 2 2 4 11 127
3 7 2 2 2 2 2 5 5 31
3 7 2 2 2 2 2 5 7 63
3 7 2 2 2 2 2 5 8 63
3 7 2 2 2 2 2 5 10 127
3 7 2 2 2 2 2 5 11 127
3 7 2 2 2 2 2 7 7 31
3 7 2 2 2 2 2 7 8 127
3 7 2 2 2 2 2 7 10 63
3 7 2 2 2 2 2 7 11 255
3 7 2 2 2 2 2 8 8 127
3 7 2 2 2 2 2 8 10 255
3 7 2 2 2 2 2 8 11 255
3 7 2 2 2 2 2 10 10 127
3 7 2 2 2 2 2 10 11 511
3 7 2 2 2 2 2 11 11 511
3 7 2 2 2 2 4 4 4 15
3 7 2 2 2 2 4 4 5 15
3 7 2 2 2 2 4 4 7 31
3 7 2 2 2 2 4 4 8 31
3 7 2 2 2 2 4 4 10 63
3 7 2 2 2 2 4 4 11 63
3 7 2 2 2 2 4 5 5 63
3 7 2 2 2 2 4 5 7 31
3 7 2 2 2 2 4 5 8 127
3 7 2 2 2 2 4 5 10 63
3 7 2 2 2 2 4 5 11 255
3 7 2 2 2 2 4 7 7 63
3 7 2 2 2 2 4 7 8 63
3 7 2 2 2 2 4 7 10 127
3 7 2 2 2 2 4 7 11 127
3 7 2 2 2 2 4 8 8 255
3 7 2 2 2 2 4 8 10 127
3 7 2 2 2 2 4 8 11 511
3 7 2 2 2 2 4 10 10 255
3 7 2 2 2 2 4 10 11 255
3 7 2 2 2 2 4 11 11 1023
3 7 2 2 2 2 5 5 5 63
3 7 2 2 2 2 5 5 7 127
3 7 2 2 2 2 5 5 8 127
3 7 2 2 2 2 5 5 10 255
3 7 2 2 2 2 5 5 11 255
3 7 2 2 2 2 5 7 7 63
3 7 2 2 2 2 5 7 8 255
3 7 2 2 2 2 5 7 10 127
3 7 2 2 2 2 5 7 11 511
3 7 2 2 2 2 5 8 8 255
3 7 2 2 2 2 5 8 10 511
3 7 2 2 2 2 5 8 11 511
3 7 2 2 2 2 5 10 10 255
3 7 2 2 2 2 5 10 11 1023
3 7 2 2 2 2 5 11 11 1023
3 7 2 2 2 2 7 7 7 127
3 7 2 2 2 2 7 7 8 127
3 7 2 2 2 2 7 7 10 255
3 7 2 2 2 2 7 7 11 255
3 7 2 2 2 2 7 8 8 511
3 7 2 2 2 2 7 8 10 255
3 7 2 2 2 2 7 8 11 1023
3 7 2 2 2 2 7 10 10 511
3 7 2 2 2 2 7 10 11 511
3 7 2 2 2 2 7 11 11 2047
3 7 2 2 2 2 8 8 8 511
3 7 2 2 2 2 8 8 10 1023
3 7 2 2 2 2 8 8 11 1023
3 7 2 2 2 2 8 10 10 511
3 7 2 2 2 2 8 10 11 2047
3 7 2 2 2 2 8 11 11 2047
3 7 2 2 2 2 10 10 10 1023
3 7 2 2 2 2 10 10 11 1023
3 7 2 2 2 2 10 11 11 4095
3 7 2 2 2 2 11 11 11 4095
3 7 2 2 2 4 4 4 4 31
3 7 2 2 2 4 4 4 5 31
3 7 2 2 2 4 4 4 7 63
3 7 2 2 2 4 4 4 8 63
3 7 2 2 2 4 4 4 10 127
3 7 2 2 2 4 4 4 11 127
3 7 2 2 2 4 4 5 5 31
3 7 2 2 2 4 4 5 7 63
3 7 2 2 2 4 4 5 8 63
3 7 2 2 2 4 4 5 10 127
3 7 2 2 2 4 4 5 11 127
3 7 2 2 2 4 4 7 7 127
3 7 2 2 2 4 4 7 8 127
3 7 2 2 2 4 4 7 10 255
3 7 2 2 2 4 4 7 11 255
3 7 2 2 2 4 4 8 8 127
3 7 2 2 2 4 4 8 10 255
3 7 2 2 2 4 4 8 11 255
3 7 2 2 2 4 4 10 10 511
3 7 2 2 2 4 4 10 11 511
3 7 2 2 2 4 4 11 11 511
3 7 2 2 2 4 5 5 5 127
3 7 2 2 2 4 5 5 7 63
3 7 2 2 2 4 5 5 8 255
3 7 2 2 2 4 5 5 10 127
3 7 2 2 2 4 5 5 11 511
3 7 2 2 2 4 5 7 7 127
3 7 2 2 2 4 5 7 8 127
3 7 2 2 2 4 5 7 10 255
3 7 2 2 2 4 5 7 11 255
3 7 2 2 2 4 5 8 8 511
3 7 2 2 2 4 5 8 10 255
3 7 2 2 2 4 5 8 11 1023
3 7 2 2 2 4 5 10 10 511
3 7 2 2 2 4 5 10 11 511
3 7 2 2 2 4 5 11 11 2047
3 7 2 2 2 4 7 7 7 255
3 7 2 2 2 4 7 7 8 255
3 7 2 2 2 4 7 7 10 511
3 7 2 2 2 4 7 7 11 511
3 7 2 2 2 4 7 8 8 255
3 7 2 2 2 4 7 8 10 511
3 7 2 2 2 4 7 8 11 511
3 7 2 2 2 4 7 10 10 1023
3 7 2 2 2 4 7 10 11 1023
3 7 2 2 2 4 7 11 11 1023
3 7 2 2 2 4 8 8 8 1023
3 7 2 2 2 4 8 8 10 511
3 7 2 2 2 4 8 8 11 2047
3 7 2 2 2 4 8 10 10 1023
3 7 2 2 2 4 8 10 11 1023
3 7 2 2 2 4 8 11 11 4095
3 7 2 2 2 4 10 10 10 2047
3 7 2 2 2 4 10 10 11 2047
3 7 2 2 2 4 10 11 11 2047
3 7 2 2 2 4 11 11 11 8191
3 7 2 2 2 5 5 5 5 127
3 7 2 2 2 5 5 5 7 255
3 7 2 2 2 5 5 5 8 255
3 7 2 2 2 5 5 5 10 511
3 7 2 2 2 5 5 5 11 511
3 7 2 2 2 5 5 7 7 127
3 7 2 2 2 5 5 7 8 511
3 7 2 2 2 5 5 7 10 255
3 7 2 2 2 5 5 7 11 1023
3 7 2 2 2 5 5 8 8 511
3 7 2 2 2 5 5 8 10 1023
3 7 2 2 2 5 5 8 11 1023
3 7 2 2 2 5 5 10 10 511
3 7 2 2 2 5 5 10 11 2047
3 7 2 2 2 5 5 11 11 2047
3 7 2 2 2 5 7 7 7 255
3 7 2 2 2 5 7 7 8 255
3 7 2 2 2 5 7 7 10 511
3 7 2 2 2 5 7 7 11 511
3 7 2 2 2 5 7 8 8 1023
3 7 2 2 2 5 7 8 10 511
3 7 2 2 2 5 7 8 11 2047
3 7 2 2 2 5 7 10 10 1023
3 7 2 2 2 5 7 10 11 1023
3 7 2 2 2 5 7 11 11 4095
3 7 2 2 2 5 8 8 8 1023
3 7 2 2 2 5 8 8 10 2047
3 7 2 2 2 5 8 8 11 2047
3 7 2 2 2 5 8 10 10 1023
3 7 2 2 2 5 8 10 11 4095
3 7 2 2 2 5 8 11 11 4095
3 7 2 2 2 5 10 10 10 2047
3 7 2 2 2 5 10 10 11 2047
3 7 2 2 2 5 10 11 11 8191
3 7 2 2 2 5 11 11 11 8191
3 7 2 2 2 7 7 7 7 511
3 7 2 2 2 7 7 7 8 511
3 7 2 2 2 7 7 7 10 1023
3 7 2 2 2 7 7 7 11 1023
3 7 2 2 2 7 7 8 8 511
3 7 2 2 2 7 7 8 10 1023
3 7 2 2 2 7 7 8 11 1023
3 7 2 2 2 7 7 10 10 2047
3 7 2 2 2 7 7 10 11 2047
3 7 2 2 2 7 7 11 11 2047
3 7 2 2 2 7 8 8 8 2047
3 7 2 2 2 7 8 8 10 1023
3 7 2 2 2 7 8 8 11 4095
3 7 2 2 2 7 8 10 10 2047
3 7 2 2 2 7 8 10 11 2047
3 7 2 2 2 7 8 11 11 8191
3 7 2 2 2 7 10 10 10 4095
3 7 2 2 2 7 10 10 11 4095
3 7 2 2 2 7 10 11 11 4095
3 7 2 2 2 7 11 11 11 16383
3 7 2 2 2 8 8 8 8 2047
3 7 2 2 2 8 8 8 10 4095
3 7 2 2 2 8 8 8 11 4095
3 7 2 2 2 8 8 10 10 2047
3 7 2 2 2 8 8 10 11 8191
3 7 2 2 2 8 8 11 11 8191
3 7 2 2 2 8 10 10 10 4095
3 7 2 2 2 8 10 10 11 4095
3 7 2 2 2 8 10 11 11 16383
3 7 2 2 2 8 11 11 11 16383
3 7 2 2 2 10 10 10 10 8191
3 7 2 2 2 10 10 10 11 8191
3 7 2 2 2 10 10 11 11 8191
3 7 2 2 2 10 11 11 11 32767
3 7 2 2 2 11 11 11 11 32767
3 7 2 2 4 4 4 4 4 63
3 7 2 2 4 4 4 4 5 63
3 7 2 2 4 4 4 4 7 127
3 7 2 2 4 4 4 4 8 127
3 7 2 2 4 4 4 4 10 255
3 7 2 2 4 4 4 4 11 255
3 7 2 2 4 4 4 5 5 63
3 7 2 2 4 4 4 5 7 127
3 7 2 2 4 4 4 5 8 127
3 7 2 2 4 4 4 5 10 255
3 7 2 2 4 4 4 5 11 255
3 7 2 2 4 4 4 7 7 255
3 7 2 2 4 4 4 7 8 255
3 7 2 2 4 4 4 7 10 511
3 7 2 2 4 4 4 7 11 511
3 7 2 2 4 4 4 8 8 255
3 7 2 2 4 4 4 8 10 511
3 7 2 2 4 4 4 8 11 511
3 7 2 2 4 4 4 10 10 1023
3 7 2 2 4 4 4 10 11 1023
3 7 2 2 4 4 4 11 11 1023
3 7 2 2 4 4 5 5 5 63
3 7 2 2 4 4 5 5 7 127
3 7 2 2 4 4 5 5 8 127
3 7 2 2 4 4 5 5 10 255
3 7 2 2 4 4 5 5 11 255
3 7 2 2 4 4 5 7 7 255
3 7 2 2 4 4 5 7 8 255
3 7 2 2 4 4 5 7 10 511
3 7 2 2 4 4 5 7 11 511
3 7 2 2 4 4 5 8 8 255
3 7 2 2 4 4 5 8 10 511
3 7 2 2 4 4 5 8 11 511
3 7 2 2 4 4 5 10 10 1023
3 7 2 2 4 4 5 10 11 1023
3 7 2 2 4 4 5 11 11 1023
3 7 2 2 4 4 7 7 7 511
3 7 2 2 4 4 7 7 8 511
3 7 2 2 4 4 7 7 10 1023
3 7 2 2 4 4 7 7 11 1023
3 7 2 2 4 4 7 8 8 511
3 7 2 2 4 4 7 8 10 1023
3 7 2 2 4 4 7 8 11 1023
3 7 2 2 4 4 7 10 10 2047
3 7 2 2 4 4 7 10 11 2047
3 7 2 2 4 4 7 11 11 2047
3 7 2 2 4 4 8 8 8 511
3 7 2 2 4 4 8 8 10 1023
3 7 2 2 4 4 8 8 11 1023
3 7 2 2 4 4 8 10 10 2047
3 7 2 2 4 4 8 10 11 2047
3 7 2 2 4 4 8 11 11 2047
3 7 2 2 4 4 10 10 10 4095
3 7 2 2 4 4 10 10 11 4095
3 7 2 2 4 4 10 11 11 4095
3 7 2 2 4 4 11 11 11 4095
3 7 2 2 4 5 5 5 5 255
3 7 2 2 4 5 5 5 7 127
3 7 2 2 4 5 5 5 8 511
3 7 2 2 4 5 5 5 10 255
3 7 2 2 4 5 5 5 11 1023
3 7 2 2 4 5 5 7 7 255
3 7 2 2 4 5 5 7 8 255
3 7 2 2 4 5 5 7 10 511
3 7 2 2 4 5 5 7 11 511
3 7 2 2 4 5 5 8 8 1023
3 7 2 2 4 5 5 8 10 511
3 7 2 2 4 5 5 8 11 2047
3 7 2 2 4 5 5 10 10 1023
3 7 2 2 4 5 5 10 11 1023
3 7 2 2 4 5 5 11 11 4095
3 7 2 2 4 5 7 7 7 511
3 7 2 2 4 5 7 7 8 511
3 7 2 2 4 5 7 7 10 1023
3 7 2 2 4 5 7 7 11 1023
3 7 2 2 4 5 7 8 8 511
3 7 2 2 4 5 7 8 10 1023
3 7 2 2 4 5 7 8 11 1023
3 7 2 2 4 5 7 10 10 2047
3 7 2 2 4 5 7 10 11 2047
3 7 2 2 4 5 7 11 11 2047
3 7 2 2 4 5 8 8 8 2047
3 7 2 2 4 5 8 8 10 1023
3 7 2 2 4 5 8 8 11 4095
3 7 2 2 4 5 8 10 10 2047
3 7 2 2 4 5 8 10 11 2047
3 7 2 2 4 5 8 11 11 8191
3 7 2 2 4 5 10 10 10 4095
3 7 2 2 4 5 10 10 11 4095
3 7 2 2 4 5 10 11 11 4095
3 7 2 2 4 5 11 11 11 16383
3 7 2 2 4 7 7 7 7 1023
3 7 2 2 4 7 7 7 8 1023
3 7 2 2 4 7 7 7 10 2047
3 7 2 2 4 7 7 7 11 2047
3 7 2 2 4 7 7 8 8 1023
3 7 2 2 4 7 7 8 10 2047
3 7 2 2 4 7 7 8 11 2047
3 7 2 2 4 7 7 10 10 4095
3 7 2 2 4 7 7 10 11 4095
3 7 2 2 4 7 7 11 11 4095
3 7 2 2 4 7 8 8 8 1023
3 7 2 2 4 7 8 8 10 2047
3 7 2 2 4 7 8 8 11 2047
3 7 2 2 4 7 8 10 10 4095
3 7 2 2 4 7 8 10 11 4095
3 7 2 2 4 7 8 11 11 4095
3 7 2 2 4 7 10 10 10 8191
3 7 2 2 4 7 10 10 11 8191
3 7 2 2 4 7 10 11 11 8191
3 7 2 2 4 7 11 11 11 8191
3 7 2 2 4 8 8 8 8 4095
3 7 2 2 4 8 8 8 10 2047
3 7 2 2 4 8 8 8 11 8191
3 7 2 2 4 8 8 10 10 4095
3 7 2 2 4 8 8 10 11 4095
3 7 2 2 4 8 8 11 11 16383
3 7 2 2 4 8 10 10 10 8191
3 7 2 2 4 8 10 10 11 8191
3 7 2 2 4 8 10 11 11 8191
3 7 2 2 4 8 11 11 11 32767
3 7 2 2 4 10 10 10 10 16383
3 7 2 2 4 10 10 10 11 16383
3 7 2 2 4 10 10 11 11 16383
3 7 2 2 4 10 11 11 11 16383
3 7 2 2 4 11 11 11 11 65535
3 7 2 2 5 5 5 5 5 255
3 7 2 2 5 5 5 5 7 511
3 7 2 2 5 5 5 5 8 511
3 7 2 2 5 5 5 5 10 1023
3 7 2 2 5 5 5 5 11 1023
3 7 2 2 5 5 5 7 7 255
3 7 2 2 5 5 5 7 8 1023
3 7 2 2 5 5 5 7 10 511
3 7 2 2 5 5 5 7 11 2047
3 7 2 2 5 5 5 8 8 1023
3 7 2 2 5 5 5 8 10 2047
3 7 2 2 5 5 5 8 11 2047
3 7 2 2 5 5 5 10 10 1023
3 7 2 2 5 5 5 10 11 4095
3 7 2 2 5 5 5 11 11 4095
3 7 2 2 5 5 7 7 7 511
3 7 2 2 5 5 7 7 8 511
3 7 2 2 5 5 7 7 10 1023
3 7 2 2 5 5 7 7 11 1023
3 7 2 2 5 5 7 8 8 2047
3 7 2 2 5 5 7 8 10 1023
3 7 2 2 5 5 7 8 11 4095
3 7 2 2 5 5 7 10 10 2047
3 7 2 2 5 5 7 10 11 2047
3 7 2 2 5 5 7 11 11 8191
3 7 2 2 5 5 8 8 8 2047
3 7 2 2 5 5 8 8 10 4095
3 7 2 2 5 5 8 8 11 4095
3 7 2 2 5 5 8 10 10 2047
3 7 2 2 5 5 8 10 11 8191
3 7 2 2 5 5 8 11 11 8191
3 7 2 2 5 5 10 10 10 4095
3 7 2 2 5 5 10 10 11 4095
3 7 2 2 5 5 10 11 11 16383
3 7 2 2 5 5 11 11 11 16383
3 7 2 2 5 7 7 7 7 1023
3 7 2 2 5 7 7 7 8 1023
3 7 2 2 5 7 7 7 10 2047
3 7 2 2 5 7 7 7 11 2047
3 7 2 2 5 7 7 8 8 1023
3 7 2 2 5 7 7 8 10 2047
3 7 2 2 5 7 7 8 11 2047
3 7 2 2 5 7 7 10 10 4095
3 7 2 2 5 7 7 10 11 4095
3 7 2 2 5 7 7 11 11 4095
3 7 2 2 5 7 8 8 8 4095
3 7 2 2 5 7 8 8 10 2047
3 7 2 2 5 7 8 8 11 8191
3 7 2 2 5 7 8 10 10 4095
3 7 2 2 5 7 8 10 11 4095
3 7 2 2 5 7 8 11 11 16383
3 7 2 2 5 7 10 10 10 8191
3 7 2 2 5 7 10 10 11 8191
3 7 2 2 5 7 10 11 11 8191
3 7 2 2 5 7 11 11 11 32767
3 7 2 2 5 8 8 8 8 4095
3 7 2 2 5 8 8 8 10 8191
3 7 2 2 5 8 8 8 11 8191
3 7 2 2 5 8 8 10 10 4095
3 7 2 2 5 8 8 10 11 16383
3 7 2 2 5 8 8 11 11 16383
3 7 2 2 5 8 10 10 10 8191
3 7 2 2 5 8 10 10 11 8191
3 7 2 2 5 8 10 11 11 32767
3 7 2 2 5 8 11 11 11 32767
3 7 2 2 5 10 10 10 10 16383
3 7 2 2 5 10 10 10 11 16383
3 7 2 2 5 10 10 11 11 16383
3 7 2 2 5 10 11 11 11 65535
3 7 2 2 5 11 11 11 11 65535
3 7 2 2 7 7 7 7 7 2047
3 7 2 2 7 7 7 7 8 2047
3 7 2 2 7 7 7 7 10 4095
3 7 2 2 7 7 7 7 11 4095
3 7 2 2 7 7 7 8 8 2047
3 7 2 2 7 7 7 8 10 4095
3 7 2 2 7 7 7 8 11 4095
3 7 2 2 7 7 7 10 10 8191
3 7 2 2 7 7 7 10 11 8191
3 7 2 2 7 7 7 11 11 8191
3 7 2 2 7 7 8 8 8 2047
3 7 2 2 7 7 8 8 10 4095
3 7 2 2 7 7 8 8 11 4095
3 7 2 2 7 7 8 10 10 8191
3 7 2 2 7 7 8 10 11 8191
3 7 2 2 7 7 8 11 11 8191
3 7 2 2 7 7 10 10 10 16383
3 7 2 2 7 7 10 10 11 16383
3 7 2 2 7 7 10 11 11 16383
3 7 2 2 7 7 11 11 11 16383
3 7 2 2 7 8 8 8 8 8191
3 7 2 2 7 8 8 8 10 4095
3 7 2 2 7 8 8 8 11 16383
3 7 2 2 7 8 8 10 10 8191
3 7 2 2 7 8 8 10 11 8191
3 7 2 2 7 8 8 11 11 32767
3 7 2 2 7 8 10 10 10 16383
3 7 2 2 7 8 10 10 11 16383
3 7 2 2 7 8 10 11 11 16383
3 7 2 2 7 8 11 11 11 65535
3 7 2 2 7 10 10 10 10 32767
3 7 2 2 7 10 10 10 11 32767
3 7 2 2 7 10 10 11 11 32767
3 7 2 2 7 10 11 11 11 32767
3 7 2 2 7 11 11 11 11 131071
3 7 2 2 8 8 8 8 8 8191
3 7 2 2 8 8 8 8 10 16383
3 7 2 2 8 8 8 8 11 16383
3 7 2 2 8 8 8 10 10 8191
3 7 2 2 8 8 8 10 11 32767
3 7 2 2 8 8 8 11 11 32767
3 7 2 2 8 8 10 10 10 16383
3 7 2 2 8 8 10 10 11 16383
3 7 2 2 8 8 10 11 11 65535
3 7 2 2 8 8 11 11 11 65535
3 7 2 2 8 10 10 10 10 32767
3 7 2 2 8 10 10 10 11 32767
3 7 2 2 8 10 10 11 11 32767
3 7 2 2 8 10 11 11 11 131071
3 7 2 2 8 11 11 11 11 131071
3 7 2 2 10 10 10 10 10 65535
3 7 2 2 10 10 10 10 11 65535
3 7 2 2 10 10 10 11 11 65535
3 7 2 2 10 10 11 11 11 65535
3 7 2 2 10 11 11 11 11 262143
3 7 2 2 11 11 11 11 11 262143
3 7 2 4 4 4 4 4 4 127
3 7 2 4 4 4 4 4 5 127
3 7 2 4 4 4 4 4 7 255
3 7 2 4 4 4 4 4 8 255
3 7 2 4 4 4 4 4 10 511
3 7 2 4 4 4 4 4 11 511
3 7 2 4 4 4 4 5 5 127
3 7 2 4 4 4 4 5 7 255
3 7 2 4 4 4 4 5 8 255
3 7 2 4 4 4 4 5 10 511
3 7 2 4 4 4 4 5 11 511
3 7 2 4 4 4 4 7 7 511
3 7 2 4 4 4 4 7 8 511
3 7 2 4 4 4 4 7 10 1023
3 7 2 4 4 4 4 7 11 1023
3 7 2 4 4 4 4 8 8 511
3 7 2 4 4 4 4 8 10 1023
3 7 2 4 4 4 4 8 11 1023
3 7 2 4 4 4 4 10 10 2047
3 7 2 4 4 4 4 10 11 2047
3 7 2 4 4 4 4 11 11 2047
3 7 2 4 4 4 5 5 5 127
3 7 2 4 4 4 5 5 7 255
3 7 2 4 4 4 5 5 8 255
3 7 2 4 4 4 5 5 10 511
3 7 2 4 4 4 5 5 11 511
3 7 2 4 4 4 5 7 7 511
3 7 2 4 4 4 5 7 8 511
3 7 2 4 4 4 5 7 10 1023
3 7 2 4 4 4 5 7 11 1023
3 7 2 4 4 4 5 8 8 511
3 7 2 4 4 4 5 8 10 1023
3 7 2 4 4 4 5 8 11 1023
3 7 2 4 4 4 5 10 10 2047
3 7 2 4 4 4 5 10 11 2047
3 7 2 4 4 4 5 11 11 2047
3 7 2 4 4 4 7 7 7 1023
3 7 2 4 4 4 7 7 8 1023
3 7 2 4 4 4 7 7 10 2047
3 7 2 4 4 4 7 7 11 2047
3 7 2 4 4 4 7 8 8 1023
3 7 2 4 4 4 7 8 10 2047
3 7 2 4 4 4 7 8 11 2047
3 7 2 4 4 4 7 10 10 4095
3 7 2 4 4 4 7 10 11 4095
3 7 2 4 4 4 7 11 11 4095
3 7 2 4 4 4 8 8 8 1023
3 7 2 4 4 4 8 8 10 2047
3 7 2 4 4 4 8 8 11 2047
3 7 2 4 4 4 8 10 10 4095
3 7 2 4 4 4 8 10 11 4095
3 7 2 4 4 4 8 11 11 4095
3 7 2 4 4 4 10 10 10 8191
3 7 2 4 4 4 10 10 11 8191
3 7 2 4 4 4 10 11 11 8191
3 7 2 4 4 4 11 11 11 8191
3 7 2 4 4 5 5 5 5 127
3 7 2 4 4 5 5 5 7 255
3 7 2 4 4 5 5 5 8 255
3 7 2 4 4 5 5 5 10 511
3 7 2 4 4 5 5 5 11 511
3 7 2 4 4 5 5 7 7 511
3 7 2 4 4 5 5 7 8 511
3 7 2 4 4 5 5 7 10 1023
3 7 2 4 4 5 5 7 11 1023
3 7 2 4 4 5 5 8 8 511
3 7 2 4 4 5 5 8 10 1023
3 7 2 4 4 5 5 8 11 1023
3 7 2 4 4 5 5 10 10 2047
3 7 2 4 4 5 5 10 11 2047
3 7 2 4 4 5 5 11 11 2047
3 7 2 4 4 5 7 7 7 1023
3 7 2 4 4 5 7 7 8 1023
3 7 2 4 4 5 7 7 10 2047
3 7 2 4 4 5 7 7 11 2047
3 7 2 4 4 5 7 8 8 1023
3 7 2 4 4 5 7 8 10 2047
3 7 2 4 4 5 7 8 11 2047
3 7 2 4 4 5 7 10 10 4095
3 7 2 4 4 5 7 10 11 4095
3 7 2 4 4 5 7 11 11 4095
3 7 2 4 4 5 8 8 8 1023
3 7 2 4 4 5 8 8 10 2047
3 7 2 4 4 5 8 8 11 2047
3 7 2 4 4 5 8 10 10 4095
3 7 2 4 4 5 8 10 11 4095
3 7 2 4 4 5 8 11 11 4095
3 7 2 4 4 5 10 10 10 8191
3 7 2 4 4 5 10 10 11 8191
3 7 2 4 4 5 10 11 11 8191
3 7 2 4 4 5 11 11 11 8191
3 7 2 4 4 7 7 7 7 2047
3 7 2 4 4 7 7 7 8 2047
3 7 2 4 4 7 7 7 10 4095
3 7 2 4 4 7 7 7 11 4095
3 7 2 4 4 7 7 8 8 2047
3 7 2 4 4 7 7 8 10 4095
3 7 2 4 4 7 7 8 11 4095
3 7 2 4 4 7 7 10 10 8191
3 7 2 4 4 7 7 10 11 8191
3 7 2 4 4 7 7 11 11 8191
3 7 2 4 4 7 8 8 8 2047
3 7 2 4 4 7 8 8 10 4095
3 7 2 4 4 7 8 8 11 4095
3 7 2 4 4 7 8 10 10 8191
3 7 2 4 4 7 8 10 11 8191
3 7 2 4 4 7 8 11 11 8191
3 7 2 4 4 7 10 10 10 16383
3 7 2 4 4 7 10 10 11 16383
3 7 2 4 4 7 10 11 11 16383
3 7 2 4 4 7 11 11 11 16383
3 7 2 4 4 8 8 8 8 2047
3 7 2 4 4 8 8 8 10 4095
3 7 2 4 4 8 8 8 11 4095
3 7 2 4 4 8 8 10 10 8191
3 7 2 4 4 8 8 10 11 8191
3 7 2 4 4 8 8 11 11 8191
3 7 2 4 4 8 10 10 10 16383
3 7 2 4 4 8 10 10 11 16383
3 7 2 4 4 8 10 11 11 16383
3 7 2 4 4 8 11 11 11 16383
3 7 2 4 4 10 10 10 10 32767
3 7 2 4 4 10 10 10 11 32767
3 7 2 4 4 10 10 11 11 32767
3 7 2 4 4 10 11 11 11 32767
3 7 2 4 4 11 11 11 11 32767
3 7 2 4 5 5 5 5 5 511
3 7 2 4 5 5 5 5 7 255
3 7 2 4 5 5 5 5 8 1023
3 7 2 4 5 5 5 5 10 511
3 7 2 4 5 5 5 5 11 2047
3 7 2 4 5 5 5 7 7 511
3 7 2 4 5 5 5 7 8 511
3 7 2 4 5 5 5 7 10 1023
3 7 2 4 5 5 5 7 11 1023
3 7 2 4 5 5 5 8 8 2047
3 7 2 4 5 5 5 8 10 1023
3 7 2 4 5 5 5 8 11 4095
3 7 2 4 5 5 5 10 10 2047
3 7 2 4 5 5 5 10 11 2047
3 7 2 4 5 5 5 11 11 8191
3 7 2 4 5 5 7 7 7 1023
3 7 2 4 5 5 7 7 8 1023
3 7 2 4 5 5 7 7 10 2047
3 7 2 4 5 5 7 7 11 2047
3 7 2 4 5 5 7 8 8 1023
3 7 2 4 5 5 7 8 10 2047
3 7 2 4 5 5 7 8 11 2047
3 7 2 4 5 5 7 10 10 4095
3 7 2 4 5 5 7 10 11 4095
3 7 2 4 5 5 7 11 11 4095
3 7 2 4 5 5 8 8 8 4095
3 7 2 4 5 5 8 8 10 2047
3 7 2 4 5 5 8 8 11 8191
3 7 2 4 5 5 8 10 10 4095
3 7 2 4 5 5 8 10 11 4095
3 7 2 4 5 5 8 11 11 16383
3 7 2 4 5 5 10 10 10 8191
3 7 2 4 5 5 10 10 11 8191
3 7 2 4 5 5 10 11 11 8191
3 7 2 4 5 5 11 11 11 32767
3 7 2 4 5 7 7 7 7 2047
3 7 2 4 5 7 7 7 8 2047
3 7 2 4 5 7 7 7 10 4095
3 7 2 4 5 7 7 7 11 4095
3 7 2 4 5 7 7 8 8 2047
3 7 2 4 5 7 7 8 10 4095
3 7 2 4 5 7 7 8 11 4095
3 7 2 4 5 7 7 10 10 8191
3 7 2 4 5 7 7 10 11 8191
3 7 2 4 5 7 7 11 11 8191
3 7 2 4 5 7 8 8 8 2047
3 7 2 4 5 7 8 8 10 4095
3 7 2 4 5 7 8 8 11 4095
3 7 2 4 5 7 8 10 10 8191
3 7 2 4 5 7 8 10 11 8191
3 7 2 4 5 7 8 11 11 8191
3 7 2 4 5 7 10 10 10 16383
3 7 2 4 5 7 10 10 11 16383
3 7 2 4 5 7 10 11 11 16383
3 7 2 4 5 7 11 11 11 16383
3 7 2 4 5 8 8 8 8 8191
3 7 2 4 5 8 8 8 10 4095
3 7 2 4 5 8 8 8 11 16383
3 7 2 4 5 8 8 10 10 8191
3 7 2 4 5 8 8 10 11 8191
3 7 2 4 5 8 8 11 11 32767
3 7 2 4 5 8 10 10 10 16383
3 7 2 4 5 8 10 10 11 16383
3 7 2 4 5 8 10 11 11 16383
3 7 2 4 5 8 11 11 11 65535
3 7 2 4 5 10 10 10 10 32767
3 7 2 4 5 10 10 10 11 32767
3 7 2 4 5 10 10 11 11 32767
3 7 2 4 5 10 11 11 11 32767
3 7 2 4 5 11 11 11 11 131071
3 7 2 4 7 7 7 7 7 4095
3 7 2 4 7 7 7 7 8 4095
3 7 2 4 7 7 7 7 10 8191
3 7 2 4 7 7 7 7 11 8191
3 7 2 4 7 7 7 8 8 4095
3 7 2 4 7 7 7 8 10 8191
3 7 2 4 7 7 7 8 11 8191
3 7 2 4 7 7 7 10 10 16383
3 7 2 4 7 7 7 10 11 16383
3 7 2 4 7 7 7 11 11 16383
3 7 2 4 7 7 8 8 8 4095
3 7 2 4 7 7 8 8 10 8191
3 7 2 4 7 7 8 8 11 8191
3 7 2 4 7 7 8 10 10 16383
3 7 2 4 7 7 8 10 11 16383
3 7 2 4 7 7 8 11 11 16383
3 7 2 4 7 7 10 10 10 32767
3 7 2 4 7 7 10 10 11 32767
3 7 2 4 7 7 10 11 11 32767
3 7 2 4 7 7 11 11 11 32767
3 7 2 4 7 8 8 8 8 4095
3 7 2 4 7 8 8 8 10 8191
3 7 2 4 7 8 8 8 11 8191
3 7 2 4 7 8 8 10 10 16383
3 7 2 4 7 8 8 10 11 16383
3 7 2 4 7 8 8 11 11 16383
3 7 2 4 7 8 10 10 10 32767
3 7 2 4 7 8 10 10 11 32767
3 7 2 4 7 8 10 11 11 32767
3 7 2 4 7 8 11 11 11 32767
3 7 2 4 7 10 10 10 10 65535
3 7 2 4 7 10 10 10 11 65535
3 7 2 4 7 10 10 11 11 65535
3 7 2 4 7 10 11 11 11 65535
3 7 2 4 7 11 11 11 11 65535
3 7 2 4 8 8 8 8 8 16383
3 7 2 4 8 8 8 8 10 8191
3 7 2 4 8 8 8 8 11 32767
3 7 2 4 8 8 8 10 10 16383
3 7 2 4 8 8 8 10 11 16383
3 7 2 4 8 8 8 11 11 65535
3 7 2 4 8 8 10 10 10 32767
3 7 2 4 8 8 10 10 11 32767
3 7 2 4 8 8 10 11 11 32767
3 7 2 4 8 8 11 11 11 131071
3 7 2 4 8 10 10 10 10 65535
3 7 2 4 8 10 10 10 11 65535
3 7 2 4 8 10 10 11 11 65535
3 7 2 4 8 10 11 11 11 65535
3 7 2 4 8 11 11 11 11 262143
3 7 2 4 10 10 10 10 10 131071
3 7 2 4 10 10 10 10 11 131071
3 7 2 4 10 10 10 11 11 131071
3 7 2 4 10 10 11 11 11 131071
3 7 2 4 10 11 11 11 11 131071
3 7 2 4 11 11 11 11 11 524287
3 7 2 5 5 5 5 5 5 511
3 7 2 5 5 5 5 5 7 1023
3 7 2 5 5 5 5 5 8 1023
3 7 2 5 5 5 5 5 10 2047
3 7 2 5 5 5 5 5 11 2047
3 7 2 5 5 5 5 7 7 511
3 7 2 5 5 5 5 7 8 2047
3 7 2 5 5 5 5 7 10 1023
3 7 2 5 5 5 5 7 11 4095
3 7 2 5 5 5 5 8 8 2047
3 7 2 5 5 5 5 8 10 4095
3 7 2 5 5 5 5 8 11 4095
3 7 2 5 5 5 5 10 10 2047
3 7 2 5 5 5 5 10 11 8191
3 7 2 5 5 5 5 11 11 8191
3 7 2 5 5 5 7 7 7 1023
3 7 2 5 5 5 7 7 8 1023
3 7 2 5 5 5 7 7 10 2047
3 7 2 5 5 5 7 7 11 2047
3 7 2 5 5 5 7 8 8 4095
3 7 2 5 5 5 7 8 10 2047
3 7 2 5 5 5 7 8 11 8191
3 7 2 5 5 5 7 10 10 4095
3 7 2 5 5 5 7 10 11 4095
3 7 2 5 5 5 7 11 11 16383
3 7 2 5 5 5 8 8 8 4095
3 7 2 5 5 5 8 8 10 8191
3 7 2 5 5 5 8 8 11 8191
3 7 2 5 5 5 8 10 10 4095
3 7 2 5 5 5 8 10 11 16383
3 7 2 5 5 5 8 11 11 16383
3 7 2 5 5 5 10 10 10 8191
3 7 2 5 5 5 10 10 11 8191
3 7 2 5 5 5 10 11 11 32767
3 7 2 5 5 5 11 11 11 32767
3 7 2 5 5 7 7 7 7 2047
3 7 2 5 5 7 7 7 8 2047
3 7 2 5 5 7 7 7 10 4095
3 7 2 5 5 7 7 7 11 4095
3 7 2 5 5 7 7 8 8 2047
3 7 2 5 5 7 7 8 10 4095
3 7 2 5 5 7 7 8 11 4095
3 7 2 5 5 7 7 10 10 8191
3 7 2 5 5 7 7 10 11 8191
3 7 2 5 5 7 7 11 11 8191
3 7 2 5 5 7 8 8 8 8191
3 7 2 5 5 7 8 8 10 4095
3 7 2 5 5 7 8 8 11 16383
3 7 2 5 5 7 8 10 10 8191
3 7 2 5 5 7 8 10 11 8191
3 7 2 5 5 7 8 11 11 32767
3 7 2 5 5 7 10 10 10 16383
3 7 2 5 5 7 10 10 11 16383
3 7 2 5 5 7 10 11 11 16383
3 7 2 5 5 7 11 11 11 65535
3 7 2 5 5 8 8 8 8 8191
3 7 2 5 5 8 8 8 10 16383
3 7 2 5 5 8 8 8 11 16383
3 7 2 5 5 8 8 10 10 8191
3 7 2 5 5 8 8 10 11 32767
3 7 2 5 5 8 8 11 11 32767
3 7 2 5 5 8 10 10 10 16383
3 7 2 5 5 8 10 10 11 16383
3 7 2 5 5 8 10 11 11 65535
3 7 2 5 5 8 11 11 11 65535
3 7 2 5 5 10 10 10 10 32767
3 7 2 5 5 10 10 10 11 32767
3 7 2 5 5 10 10 11 11 32767
3 7 2 5 5 10 11 11 11 131071
3 7 2 5 5 11 11 11 11 131071
3 7 2 5 7 7 7 7 7 4095
3 7 2 5 7 7 7 7 8 4095
3 7 2 5 7 7 7 7 10 8191
3 7 2 5 7 7 7 7 11 8191
3 7 2 5 7 7 7 8 8 4095
3 7 2 5 7 7 7 8 10 8191
3 7 2 5 7 7 7 8 11 8191
3 7 2 5 7 7 7 10 10 16383
3 7 2 5 7 7 7 10 11 16383
3 7 2 5 7 7 7 11 11 16383
3 7 2 5 7 7 8 8 8 4095
3 7 2 5 7 7 8 8 10 8191
3 7 2 5 7 7 8 8 11 8191
3 7 2 5 7 7 8 10 10 16383
3 7 2 5 7 7 8 10 11 16383
3 7 2 5 7 7 8 11 11 16383
3 7 2 5 7 7 10 10 10 32767
3 7 2 5 7 7 10 10 11 32767
3 7 2 5 7 7 10 11 11 32767
3 7 2 5 7 7 11 11 11 32767
3 7 2 5 7 8 8 8 8 16383
3 7 2 5 7 8 8 8 10 8191
3 7 2 5 7 8 8 8 11 32767
3 7 2 5 7 8 8 10 10 16383
3 7 2 5 7 8 8 10 11 16383
3 7 2 5 7 8 8 11 11 65535
3 7 2 5 7 8 10 10 10 32767
3 7 2 5 7 8 10 10 11 32767
3 7 2 5 7 8 10 11 11 32767
3 7 2 5 7 8 11 11 11 131071
3 7 2 5 7 10 10 10 10 65535
3 7 2 5 7 10 10 10 11 65535
3 7 2 5 7 10 10 11 11 65535
3 7 2 5 7 10 11 11 11 65535
3 7 2 5 7 11 11 11 11 262143
3 7 2 5 8 8 8 8 8 16383
3 7 2 5 8 8 8 8 10 32767
3 7 2 5 8 8 8 8 11 32767
3 7 2 5 8 8 8 10 10 16383
3 7 2 5 8 8 8 10 11 65535
3 7 2 5 8 8 8 11 11 65535
3 7 2 5 8 8 10 10 10 32767
3 7 2 5 8 8 10 10 11 32767
3 7 2 5 8 8 10 11 11 131071
3 7 2 5 8 8 11 11 11 131071
3 7 2 5 8 10 10 10 10 65535
3 7 2 5 8 10 10 10 11 65535
3 7 2 5 8 10 10 11 11 65535
3 7 2 5 8 10 11 11 11 262143
3 7 2 5 8 11 11 11 11 262143
3 7 2 5 10 10 10 10 10 131071
3 7 2 5 10 10 10 10 11 131071
3 7 2 5 10 10 10 11 11 131071
3 7 2 5 10 10 11 11 11 131071
3 7 2 5 10 11 11 11 11 524287
3 7 2 5 11 11 11 11 11 524287
3 7 2 7 7 7 7 7 7 8191
3 7 2 7 7 7 7 7 8 8191
3 7 2 7 7 7 7 7 10 16383
3 7 2 7 7 7 7 7 11 16383
3 7 2 7 7 7 7 8 8 8191
3 7 2 7 7 7 7 8 10 16383
3 7 2 7 7 7 7 8 11 16383
3 7 2 7 7 7 7 10 10 32767
3 7 2 7 7 7 7 10 11 32767
3 7 2 7 7 7 7 11 11 32767
3 7 2 7 7 7 8 8 8 8191
3 7 2 7 7 7 8 8 10 16383
3 7 2 7 7 7 8 8 11 16383
3 7 2 7 7 7 8 10 10 32767
3 7 2 7 7 7 8 10 11 32767
3 7 2 7 7 7 8 11 11 32767
3 7 2 7 7 7 10 10 10 65535
3 7 2 7 7 7 10 10 11 65535
3 7 2 7 7 7 10 11 11 65535
3 7 2 7 7 7 11 11 11 65535
3 7 2 7 7 8 8 8 8 8191
3 7 2 7 7 8 8 8 10 16383
3 7 2 7 7 8 8 8 11 16383
3 7 2 7 7 8 8 10 10 32767
3 7 2 7 7 8 8 10 11 32767
3 7 2 7 7 8 8 11 11 32767
3 7 2 7 7 8 10 10 10 65535
3 7 2 7 7 8 10 10 11 65535
3 7 2 7 7 8 10 11 11 65535
3 7 2 7 7 8 11 11 11 65535
3 7 2 7 7 10 10 10 10 131071
3 7 2 7 7 10 10 10 11 131071
3 7 2 7 7 10 10 11 11 131071
3 7 2 7 7 10 11 11 11 131071
3 7 2 7 7 11 11 11 11 131071
3 7 2 7 8 8 8 8 8 32767
3 7 2 7 8 8 8 8 10 16383
3 7 2 7 8 8 8 8 11 65535
3 7 2 7 8 8 8 10 10 32767
3 7 2 7 8 8 8 10 11 32767
3 7 2 7 8 8 8 11 11 131071
3 7 2 7 8 8 10 10 10 65535
3 7 2 7 8 8 10 10 11 65535
3 7 2 7 8 8 10 11 11 65535
3 7 2 7 8 8 11 11 11 262143
3 7 2 7 8 10 10 10 10 131071
3 7 2 7 8 10 10 10 11 131071
3 7 2 7 8 10 10 11 11 131071
3 7 2 7 8 10 11 11 11 131071
3 7 2 7 8 11 11 11 11 524287
3 7 2 7 10 10 10 10 10 262143
3 7 2 7 10 10 10 10 11 262143
3 7 2 7 10 10 10 11 11 262143
3 7 2 7 10 10 11 11 11 262143
3 7 2 7 10 11 11 11 11 262143
3 7 2 7 11 11 11 11 11 1048575
3 7 2 8 8 8 8 8 8 32767
3 7 2 8 8 8 8 8 10 65535
3 7 2 8 8 8 8 8 11 65535
3 7 2 8 8 8 8 10 10 32767
3 7 2 8 8 8 8 10 11 131071
3 7 2 8 8 8 8 11 11 131071
3 7 2 8 8 8 10 10 10 65535
3 7 2 8 8 8 10 10 11 65535
3 7 2 8 8 8 10 11 11 262143
3 7 2 8 8 8 11 11 11 262143
3 7 2 8 8 10 10 10 10 131071
3 7 2 8 8 10 10 10 11 131071
3 7 2 8 8 10 10 11 11 131071
3 7 2 8 8 10 11 11 11 524287
3 7 2 8 8 11 11 11 11 524287
3 7 2 8 10 10 10 10 10 262143
3 7 2 8 10 10 10 10 11 262143
3 7 2 8 10 10 10 11 11 262143
3 7 2 8 10 10 11 11 11 262143
3 7 2 8 10 11 11 11 11 1048575
3 7 2 8 11 11 11 11 11 1048575
3 7 2 10 10 10 10 10 10 524287
3 7 2 10 10 10 10 10 11 524287
3 7 2 10 10 10 10 11 11 524287
3 7 2 10 10 10 11 11 11 524287
3 7 2 10 10 11 11 11 11 524287
3 7 2 10 11 11 11 11 11 2097151
3 7 2 11 11 11 11 11 11 2097151
3 7 4 4 4 4 4 4 4 255
3 7 4 4 4 4 4 4 5 255
3 7 4 4 4 4 4 4 7 511
3 7 4 4 4 4 4 4 8 511
3 7 4 4 4 4 4 4 10 1023
3 7 4 4 4 4 4 4 11 1023
3 7 4 4 4 4 4 5 5 255
3 7 4 4 4 4 4 5 7 511
3 7 4 4 4 4 4 5 8 511
3 7 4 4 4 4 4 5 10 1023
3 7 4 4 4 4 4 5 11 1023
3 7 4 4 4 4 4 7 7 1023
3 7 4 4 4 4 4 7 8 1023
3 7 4 4 4 4 4 7 10 2047
3 7 4 4 4 4 4 7 11 2047
3 7 4 4 4 4 4 8 8 1023
3 7 4 4 4 4 4 8 10 2047
3 7 4 4 4 4 4 8 11 2047
3 7 4 4 4 4 4 10 10 4095
3 7 4 4 4 4 4 10 11 4095
3 7 4 4 4 4 4 11 11 4095
3 7 4 4 4 4 5 5 5 255
3 7 4 4 4 4 5 5 7 511
3 7 4 4 4 4 5 5 8 511
3 7 4 4 4 4 5 5 10 1023
3 7 4 4 4 4 5 5 11 1023
3 7 4 4 4 4 5 7 7 1023
3 7 4 4 4 4 5 7 8 1023
3 7 4 4 4 4 5 7 10 2047
3 7 4 4 4 4 5 7 11 2047
3 7 4 4 4 4 5 8 8 1023
3 7 4 4 4 4 5 8 10 2047
3 7 4 4 4 4 5 8 11 2047
3 7 4 4 4 4 5 10 10 4095
3 7 4 4 4 4 5 10 11 4095
3 7 4 4 4 4 5 11 11 4095
3 7 4 4 4 4 7 7 7 2047
3 7 4 4 4 4 7 7 8 2047
3 7 4 4 4 4 7 7 10 4095
3 7 4 4 4 4 7 7 11 4095
3 7 4 4 4 4 7 8 8 2047
3 7 4 4 4 4 7 8 10 4095
3 7 4 4 4 4 7 8 11 4095
3 7 4 4 4 4 7 10 10 8191
3 7 4 4 4 4 7 10 11 8191
3 7 4 4 4 4 7 11 11 8191
3 7 4 4 4 4 8 8 8 2047
3 7 4 4 4 4 8 8 10 4095
3 7 4 4 4 4 8 8 11 4095
3 7 4 4 4 4 8 10 10 8191
3 7 4 4 4 4 8 10 11 8191
3 7 4 4 4 4 8 11 11 8191
3 7 4 4 4 4 10 10 10 16383
3 7 4 4 4 4 10 10 11 16383
3 7 4 4 4 4 10 11 11 16383
3 7 4 4 4 4 11 11 11 16383
3 7 4 4 4 5 5 5 5 255
3 7 4 4 4 5 5 5 7 511
3 7 4 4 4 5 5 5 8 511
3 7 4 4 4 5 5 5 10 1023
3 7 4 4 4 5 5 5 11 1023
3 7 4 4 4 5 5 7 7 1023
3 7 4 4 4 5 5 7 8 1023
3 7 4 4 4 5 5 7 10 2047
3 7 4 4 4 5 5 7 11 2047
3 7 4 4 4 5 5 8 8 1023
3 7 4 4 4 5 5 8 10 2047
3 7 4 4 4 5 5 8 11 2047
3 7 4 4 4 5 5 10 10 4095
3 7 4 4 4 5 5 10 11 4095
3 7 4 4 4 5 5 11 11 4095
3 7 4 4 4 5 7 7 7 2047
3 7 4 4 4 5 7 7 8 2047
3 7 4 4 4 5 7 7 10 4095
3 7 4 4 4 5 7 7 11 4095
3 7 4 4 4 5 7 8 8 2047
3 7 4 4 4 5 7 8 10 4095
3 7 4 4 4 5 7 8 11 4095
3 7 4 4 4 5 7 10 10 8191
3 7 4 4 4 5 7 10 11 8191
3 7 4 4 4 5 7 11 11 8191
3 7 4 4 4 5 8 8 8 2047
3 7 4 4 4 5 8 8 10 4095
3 7 4 4 4 5 8 8 11 4095
3 7 4 4 4 5 8 10 10 8191
3 7 4 4 4 5 8 10 11 8191
3 7 4 4 4 5 8 11 11 8191
3 7 4 4 4 5 10 10 10 16383
3 7 4 4 4 5 10 10 11 16383
3 7 4 4 4 5 10 11 11 16383
3 7 4 4 4 5 11 11 11 16383
3 7 4 4 4 7 7 7 7 4095
3 7 4 4 4 7 7 7 8 4095
3 7 4 4 4 7 7 7 10 8191
3 7 4 4 4 7 7 7 11 8191
3 7 4 4 4 7 7 8 8 4095
3 7 4 4 4 7 7 8 10 8191
3 7 4 4 4 7 7 8 11 8191
3 7 4 4 4 7 7 10 10 16383
3 7 4 4 4 7 7 10 11 16383
3 7 4 4 4 7 7 11 11 16383
3 7 4 4 4 7 8 8 8 4095
3 7 4 4 4 7 8 8 10 8191
3 7 4 4 4 7 8 8 11 8191
3 7 4 4 4 7 8 10 10 16383
3 7 4 4 4 7 8 10 11 16383
3 7 4 4 4 7 8 11 11 16383
3 7 4 4 4 7 10 10 10 32767
3 7 4 4 4 7 10 10 11 32767
3 7 4 4 4 7 10 11 11 32767
3 7 4 4 4 7 11 11 11 32767
3 7 4 4 4 8 8 8 8 4095
3 7 4 4 4 8 8 8 10 8191
3 7 4 4 4 8 8 8 11 8191
3 7 4 4 4 8 8 10 10 16383
3 7 4 4 4 8 8 10 11 16383
3 7 4 4 4 8 8 11 11 16383
3 7 4 4 4 8 10 10 10 32767
3 7 4 4 4 8 10 10 11 32767
3 7 4 4 4 8 10 11 11 32767
3 7 4 4 4 8 11 11 11 32767
3 7 4 4 4 10 10 10 10 65535
3 7 4 4 4 10 10 10 11 65535
3 7 4 4 4 10 10 11 11 65535
3 7 4 4 4 10 11 11 11 65535
3 7 4 4 4 11 11 11 11 65535
3 7 4 4 5 5 5 5 5 255
3 7 4 4 5 5 5 5 7 511
3 7 4 4 5 5 5 5 8 511
3 7 4 4 5 5 5 5 10 1023
3 7 4 4 5 5 5 5 11 1023
3 7 4 4 5 5 5 7 7 1023
3 7 4 4 5 5 5 7 8 1023
3 7 4 4 5 5 5 7 10 2047
3 7 4 4 5 5 5 7 11 2047
3 7 4 4 5 5 5 8 8 1023
3 7 4 4 5 5 5 8 10 2047
3 7 4 4 5 5 5 8 11 2047
3 7 4 4 5 5 5 10 10 4095
3 7 4 4 5 5 5 10 11 4095
3 7 4 4 5 5 5 11 11 4095
3 7 4 4 5 5 7 7 7 2047
3 7 4 4 5 5 7 7 8 2047
3 7 4 4 5 5 7 7 10 4095
3 7 4 4 5 5 7 7 11 4095
3 7 4 4 5 5 7 8 8 2047
3 7 4 4 5 5 7 8 10 4095
3 7 4 4 5 5 7 8 11 4095
3 7 4 4 5 5 7 10 10 8191
3 7 4 4 5 5 7 10 11 8191
3 7 4 4 5 5 7 11 11 8191
3 7 4 4 5 5 8 8 8 2047
3 7 4 4 5 5 8 8 10 4095
3 7 4 4 5 5 8 8 11 4095
3 7 4 4 5 5 8 10 10 8191
3 7 4 4 5 5 8 10 11 8191
3 7 4 4 5 5 8 11 11 8191
3 7 4 4 5 5 10 10 10 16383
3 7 4 4 5 5 10 10 11 16383
3 7 4 4 5 5 10 11 11 16383
3 7 4 4 5 5 11 11 11 16383
3 7 4 4 5 7 7 7 7 4095
3 7 4 4 5 7 7 7 8 4095
3 7 4 4 5 7 7 7 10 8191
3 7 4 4 5 7 7 7 11 8191
3 7 4 4 5 7 7 8 8 4095
3 7 4 4 5 7 7 8 10 8191
3 7 4 4 5 7 7 8 11 8191
3 7 4 4 5 7 7 10 10 16383
3 7 4 4 5 7 7 10 11 16383
3 7 4 4 5 7 7 11 11 16383
3 7 4 4 5 7 8 8 8 4095
3 7 4 4 5 7 8 8 10 8191
3 7 4 4 5 7 8 8 11 8191
3 7 4 4 5 7 8 10 10 16383
3 7 4 4 5 7 8 10 11 16383
3 7 4 4 5 7 8 11 11 16383
3 7 4 4 5 7 10 10 10 32767
3 7 4 4 5 7 10 10 11 32767
3 7 4 4 5 7 10 11 11 32767
3 7 4 4 5 7 11 11 11 32767
3 7 4 4 5 8 8 8 8 4095
3 7 4 4 5 8 8 8 10 8191
3 7 4 4 5 8 8 8 11 8191
3 7 4 4 5 8 8 10 10 16383
3 7 4 4 5 8 8 10 11 16383
3 7 4 4 5 8 8 11 11 16383
3 7 4 4 5 8 10 10 10 32767
3 7 4 4 5 8 10 10 11 32767
3 7 4 4 5 8 10 11 11 32767
3 7 4 4 5 8 11 11 11 32767
3 7 4 4 5 10 10 10 10 65535
3 7 4 4 5 10 10 10 11 65535
3 7 4 4 5 10 10 11 11 65535
3 7 4 4 5 10 11 11 11 65535
3 7 4 4 5 11 11 11 11 65535
3 7 4 4 7 7 7 7 7 8191
3 7 4 4 7 7 7 7 8 8191
3 7 4 4 7 7 7 7 10 16383
3 7 4 4 7 7 7 7 11 16383
3 7 4 4 7 7 7 8 8 8191
3 7 4 4 7 7 7 8 10 16383
3 7 4 4 7 7 7 8 11 16383
3 7 4 4 7 7 7 10 10 32767
3 7 4 4 7 7 7 10 11 32767
3 7 4 4 7 7 7 11 11 32767
3 7 4 4 7 7 8 8 8 8191
3 7 4 4 7 7 8 8 10 16383
3 7 4 4 7 7 8 8 11 16383
3 7 4 4 7 7 8 10 10 32767
3 7 4 4 7 7 8 10 11 32767
3 7 4 4 7 7 8 11 11 32767
3 7 4 4 7 7 10 10 10 65535
3 7 4 4 7 7 10 10 11 65535
3 7 4 4 7 7 10 11 11 65535
3 7 4 4 7 7 11 11 11 65535
3 7 4 4 7 8 8 8 8 8191
3 7 4 4 7 8 8 8 10 16383
3 7 4 4 7 8 8 8 11 16383
3 7 4 4 7 8 8 10 10 32767
3 7 4 4 7 8 8 10 11 32767
3 7 4 4 7 8 8 11 11 32767
3 7 4 4 7 8 10 10 10 65535
3 7 4 4 7 8 10 10 11 65535
3 7 4 4 7 8 10 11 11 65535
3 7 4 4 7 8 11 11 11 65535
3 7 4 4 7 10 10 10 10 131071
3 7 4 4 7 10 10 10 11 131071
3 7 4 4 7 10 10 11 11 131071
3 7 4 4 7 10 11 11 11 131071
3 7 4 4 7 11 11 11 11 131071
3 7 4 4 8 8 8 8 8 8191
3 7 4 4 8 8 8 8 10 16383
3 7 4 4 8 8 8 8 11 16383
3 7 4 4 8 8 8 10 10 32767
3 7 4 4 8 8 8 10 11 32767
3 7 4 4 8 8 8 11 11 32767
3 7 4 4 8 8 10 10 10 65535
3 7 4 4 8 8 10 10 11 65535
3 7 4 4 8 8 10 11 11 65535
3 7 4 4 8 8 11 11 11 65535
3 7 4 4 8 10 10 10 10 131071
3 7 4 4 8 10 10 10 11 131071
3 7 4 4 8 10 10 11 11 131071
3 7 4 4 8 10 11 11 11 131071
3 7 4 4 8 11 11 11 11 131071
3 7 4 4 10 10 10 10 10 262143
3 7 4 4 10 10 10 10 11 262143
3 7 4 4 10 10 10 11 11 262143
3 7 4 4 10 10 11 11 11 262143
3 7 4 4 10 11 11 11 11 262143
3 7 4 4 11 11 11 11 11 262143
3 7 4 5 5 5 5 5 5 1023
3 7 4 5 5 5 5 5 7 511
3 7 4 5 5 5 5 5 8 2047
3 7 4 5 5 5 5 5 10 1023
3 7 4 5 5 5 5 5 11 4095
3 7 4 5 5 5 5 7 7 1023
3 7 4 5 5 5 5 7 8 1023
3 7 4 5 5 5 5 7 10 2047
3 7 4 5 5 5 5 7 11 2047
3 7 4 5 5 5 5 8 8 4095
3 7 4 5 5 5 5 8 10 2047
3 7 4 5 5 5 5 8 11 8191
3 7 4 5 5 5 5 10 10 4095
3 7 4 5 5 5 5 10 11 4095
3 7 4 5 5 5 5 11 11 16383
3 7 4 5 5 5 7 7 7 2047
3 7 4 5 5 5 7 7 8 2047
3 7 4 5 5 5 7 7 10 4095
3 7 4 5 5 5 7 7 11 4095
3 7 4 5 5 5 7 8 8 2047
3 7 4 5 5 5 7 8 10 4095
3 7 4 5 5 5 7 8 11 4095
3 7 4 5 5 5 7 10 10 8191
3 7 4 5 5 5 7 10 11 8191
3 7 4 5 5 5 7 11 11 8191
3 7 4 5 5 5 8 8 8 8191
3 7 4 5 5 5 8 8 10 4095
3 7 4 5 5 5 8 8 11 16383
3 7 4 5 5 5 8 10 10 8191
3 7 4 5 5 5 8 10 11 8191
3 7 4 5 5 5 8 11 11 32767
3 7 4 5 5 5 10 10 10 16383
3 7 4 5 5 5 10 10 11 16383
3 7 4 5 5 5 10 11 11 16383
3 7 4 5 5 5 11 11 11 65535
3 7 4 5 5 7 7 7 7 4095
3 7 4 5 5 7 7 7 8 4095
3 7 4 5 5 7 7 7 10 8191
3 7 4 5 5 7 7 7 11 8191
3 7 4 5 5 7 7 8 8 4095
3 7 4 5 5 7 7 8 10 8191
3 7 4 5 5 7 7 8 11 8191
3 7 4 5 5 7 7 10 10 16383
3 7 4 5 5 7 7 10 11 16383
3 7 4 5 5 7 7 11 11 16383
3 7 4 5 5 7 8 8 8 4095
3 7 4 5 5 7 8 8 10 8191
3 7 4 5 5 7 8 8 11 8191
3 7 4 5 5 7 8 10 10 16383
3 7 4 5 5 7 8 10 11 16383
3 7 4 5 5 7 8 11 11 16383
3 7 4 5 5 7 10 10 10 32767
3 7 4 5 5 7 10 10 11 32767
3 7 4 5 5 7 10 11 11 32767
3 7 4 5 5 7 11 11 11 32767
3 7 4 5 5 8 8 8 8 16383
3 7 4 5 5 8 8 8 10 8191
3 7 4 5 5 8 8 8 11 32767
3 7 4 5 5 8 8 10 10 16383
3 7 4 5 5 8 8 10 11 16383
3 7 4 5 5 8 8 11 11 65535
3 7 4 5 5 8 10 10 10 32767
3 7 4 5 5 8 10 10 11 32767
3 7 4 5 5 8 10 11 11 32767
3 7 4 5 5 8 11 11 11 131071
3 7 4 5 5 10 10 10 10 65535
3 7 4 5 5 10 10 10 11 65535
3 7 4 5 5 10 10 11 11 65535
3 7 4 5 5 10 11 11 11 65535
3 7 4 5 5 11 11 11 11 262143
3 7 4 5 7 7 7 7 7 8191
3 7 4 5 7 7 7 7 8 8191
3 7 4 5 7 7 7 7 10 16383
3 7 4 5 7 7 7 7 11 16383
3 7 4 5 7 7 7 8 8 8191
3 7 4 5 7 7 7 8 10 16383
3 7 4 5 7 7 7 8 11 16383
3 7 4 5 7 7 7 10 10 32767
3 7 4 5 7 7 7 10 11 32767
3 7 4 5 7 7 7 11 11 32767
3 7 4 5 7 7 8 8 8 8191
3 7 4 5 7 7 8 8 10 16383
3 7 4 5 7 7 8 8 11 16383
3 7 4 5 7 7 8 10 10 32767
3 7 4 5 7 7 8 10 11 32767
3 7 4 5 7 7 8 11 11 32767
3 7 4 5 7 7 10 10 10 65535
3 7 4 5 7 7 10 10 11 65535
3 7 4 5 7 7 10 11 11 65535
3 7 4 5 7 7 11 11 11 65535
3 7 4 5 7 8 8 8 8 8191
3 7 4 5 7 8 8 8 10 16383
3 7 4 5 7 8 8 8 11 16383
3 7 4 5 7 8 8 10 10 32767
3 7 4 5 7 8 8 10 11 32767
3 7 4 5 7 8 8 11 11 32767
3 7 4 5 7 8 10 10 10 65535
3 7 4 5 7 8 10 10 11 65535
3 7 4 5 7 8 10 11 11 65535
3 7 4 5 7 8 11 11 11 65535
3 7 4 5 7 10 10 10 10 131071
3 7 4 5 7 10 10 10 11 131071
3 7 4 5 7 10 10 11 11 131071
3 7 4 5 7 10 11 11 11 131071
3 7 4 5 7 11 11 11 11 131071
3 7 4 5 8 8 8 8 8 32767
3 7 4 5 8 8 8 8 10 16383
3 7 4 5 8 8 8 8 11 65535
3 7 4 5 8 8 8 10 10 32767
3 7 4 5 8 8 8 10 11 32767
3 7 4 5 8 8 8 11 11 131071
3 7 4 5 8 8 10 10 10 65535
3 7 4 5 8 8 10 10 11 65535
3 7 4 5 8 8 10 11 11 65535
3 7 4 5 8 8 11 11 11 262143
3 7 4 5 8 10 10 10 10 131071
3 7 4 5 8 10 10 10 11 131071
3 7 4 5 8 10 10 11 11 131071
3 7 4 5 8 10 11 11 11 131071
3 7 4 5 8 11 11 11 11 524287
3 7 4 5 10 10 10 10 10 262143
3 7 4 5 10 10 10 10 11 262143
3 7 4 5 10 10 10 11 11 262143
3 7 4 5 10 10 11 11 11 262143
3 7 4 5 10 11 11 11 11 262143
3 7 4 5 11 11 11 11 11 1048575
3 7 4 7 7 7 7 7 7 16383
3 7 4 7 7 7 7 7 8 16383
3 7 4 7 7 7 7 7 10 32767
3 7 4 7 7 7 7 7 11 32767
3 7 4 7 7 7 7 8 8 16383
3 7 4 7 7 7 7 8 10 32767
3 7 4 7 7 7 7 8 11 32767
3 7 4 7 7 7 7 10 10 65535
3 7 4 7 7 7 7 10 11 65535
3 7 4 7 7 7 7 11 11 65535
3 7 4 7 7 7 8 8 8 16383
3 7 4 7 7 7 8 8 10 32767
3 7 4 7 7 7 8 8 11 32767
3 7 4 7 7 7 8 10 10 65535
3 7 4 7 7 7 8 10 11 65535
3 7 4 7 7 7 8 11 11 65535
3 7 4 7 7 7 10 10 10 131071
3 7 4 7 7 7 10 10 11 131071
3 7 4 7 7 7 10 11 11 131071
3 7 4 7 7 7 11 11 11 131071
3 7 4 7 7 8 8 8 8 16383
3 7 4 7 7 8 8 8 10 32767
3 7 4 7 7 8 8 8 11 32767
3 7 4 7 7 8 8 10 10 65535
3 7 4 7 7 8 8 10 11 65535
3 7 4 7 7 8 8 11 11 65535
3 7 4 7 7 8 10 10 10 131071
3 7 4 7 7 8 10 10 11 131071
3 7 4 7 7 8 10 11 11 131071
3 7 4 7 7 8 11 11 11 131071
3 7 4 7 7 10 10 10 10 262143
3 7 4 7 7 10 10 10 11 262143
3 7 4 7 7 10 10 11 11 262143
3 7 4 7 7 10 11 11 11 262143
3 7 4 7 7 11 11 11 11 262143
3 7 4 7 8 8 8 8 8 16383
3 7 4 7 8 8 8 8 10 32767
3 7 4 7 8 8 8 8 11 32767
3 7 4 7 8 8 8 10 10 65535
3 7 4 7 8 8 8 10 11 65535
3 7 4 7 8 8 8 11 11 65535
3 7 4 7 8 8 10 10 10 131071
3 7 4 7 8 8 10 10 11 131071
3 7 4 7 8 8 10 11 11 131071
3 7 4 7 8 8 11 11 11 131071
3 7 4 7 8 10 10 10 10 262143
3 7 4 7 8 10 10 10 11 262143
3 7 4 7 8 10 10 11 11 262143
3 7 4 7 8 10 11 11 11 262143
3 7 4 7 8 11 11 11 11 262143
3 7 4 7 10 10 10 10 10 524287
3 7 4 7 10 10 10 10 11 524287
3 7 4 7 10 10 10 11 11 524287
3 7 4 7 10 10 11 11 11 524287
3 7 4 7 10 11 11 11 11 524287
3 7 4 7 11 11 11 11 11 524287
3 7 4 8 8 8 8 8 8 65535
3 7 4 8 8 8 8 8 10 32767
3 7 4 8 8 8 8 8 11 131071
3 7 4 8 8 8 8 10 10 65535
3 7 4 8 8 8 8 10 11 65535
3 7 4 8 8 8 8 11 11 262143
3 7 4 8 8 8 10 10 10 131071
3 7 4 8 8 8 10 10 11 131071
3 7 4 8 8 8 10 11 11 131071
3 7 4 8 8 8 11 11 11 524287
3 7 4 8 8 10 10 10 10 262143
3 7 4 8 8 10 10 10 11 262143
3 7 4 8 8 10 10 11 11 262143
3 7 4 8 8 10 11 11 11 262143
3 7 4 8 8 11 11 11 11 1048575
3 7 4 8 10 10 10 10 10 524287
3 7 4 8 10 10 10 10 11 524287
3 7 4 8 10 10 10 11 11 524287
3 7 4 8 10 10 11 11 11 524287
3 7 4 8 10 11 11 11 11 524287
3 7 4 8 11 11 11 11 11 2097151
3 7 4 10 10 10 10 10 10 1048575
3 7 4 10 10 10 10 10 11 1048575
3 7 4 10 10 10 10 11 11 1048575
3 7 4 10 10 10 11 11 11 1048575
3 7 4 10 10 11 11 11 11 1048575
3 7 4 10 11 11 11 11 11 1048575
3 7 4 11 11 11 11 11 11 4194303
3 7 5 5 5 5 5 5 5 1023
3 7 5 5 5 5 5 5 7 2047
3 7 5 5 5 5 5 5 8 2047
3 7 5 5 5 5 5 5 10 4095
3 7 5 5 5 5 5 5 11 4095
3 7 5 5 5 5 5 7 7 1023
3 7 5 5 5 5 5 7 8 4095
3 7 5 5 5 5 5 7 10 2047
3 7 5 5 5 5 5 7 11 8191
3 7 5 5 5 5 5 8 8 4095
3 7 5 5 5 5 5 8 10 8191
3 7 5 5 5 5 5 8 11 8191
3 7 5 5 5 5 5 10 10 4095
3 7 5 5 5 5 5 10 11 16383
3 7 5 5 5 5 5 11 11 16383
3 7 5 5 5 5 7 7 7 2047
3 7 5 5 5 5 7 7 8 2047
3 7 5 5 5 5 7 7 10 4095
3 7 5 5 5 5 7 7 11 4095
3 7 5 5 5 5 7 8 8 8191
3 7 5 5 5 5 7 8 10 4095
3 7 5 5 5 5 7 8 11 16383
3 7 5 5 5 5 7 10 10 8191
3 7 5 5 5 5 7 10 11 8191
3 7 5 5 5 5 7 11 11 32767
3 7 5 5 5 5 8 8 8 8191
3 7 5 5 5 5 8 8 10 16383
3 7 5 5 5 5 8 8 11 16383
3 7 5 5 5 5 8 10 10 8191
3 7 5 5 5 5 8 10 11 32767
3 7 5 5 5 5 8 11 11 32767
3 7 5 5 5 5 10 10 10 16383
3 7 5 5 5 5 10 10 11 16383
3 7 5 5 5 5 10 11 11 65535
3 7 5 5 5 5 11 11 11 65535
3 7 5 5 5 7 7 7 7 4095
3 7 5 5 5 7 7 7 8 4095
3 7 5 5 5 7 7 7 10 8191
3 7 5 5 5 7 7 7 11 8191
3 7 5 5 5 7 7 8 8 4095
3 7 5 5 5 7 7 8 10 8191
3 7 5 5 5 7 7 8 11 8191
3 7 5 5 5 7 7 10 10 16383
3 7 5 5 5 7 7 10 11 16383
3 7 5 5 5 7 7 11 11 16383
3 7 5 5 5 7 8 8 8 16383
3 7 5 5 5 7 8 8 10 8191
3 7 5 5 5 7 8 8 11 32767
3 7 5 5 5 7 8 10 10 16383
3 7 5 5 5 7 8 10 11 16383
3 7 5 5 5 7 8 11 11 65535
3 7 5 5 5 7 10 10 10 32767
3 7 5 5 5 7 10 10 11 32767
3 7 5 5 5 7 10 11 11 32767
3 7 5 5 5 7 11 11 11 131071
3 7 5 5 5 8 8 8 8 16383
3 7 5 5 5 8 8 8 10 32767
3 7 5 5 5 8 8 8 11 32767
3 7 5 5 5 8 8 10 10 16383
3 7 5 5 5 8 8 10 11 65535
3 7 5 5 5 8 8 11 11 65535
3 7 5 5 5 8 10 10 10 32767
3 7 5 5 5 8 10 10 11 32767
3 7 5 5 5 8 10 11 11 131071
3 7 5 5 5 8 11 11 11 131071
3 7 5 5 5 10 10 10 10 65535
3 7 5 5 5 10 10 10 11 65535
3 7 5 5 5 10 10 11 11 65535
3 7 5 5 5 10 11 11 11 262143
3 7 5 5 5 11 11 11 11 262143
3 7 5 5 7 7 7 7 7 8191
3 7 5 5 7 7 7 7 8 8191
3 7 5 5 7 7 7 7 10 16383
3 7 5 5 7 7 7 7 11 16383
3 7 5 5 7 7 7 8 8 8191
3 7 5 5 7 7 7 8 10 16383
3 7 5 5 7 7 7 8 11 16383
3 7 5 5 7 7 7 10 10 32767
3 7 5 5 7 7 7 10 11 32767
3 7 5 5 7 7 7 11 11 32767
3 7 5 5 7 7 8 8 8 8191
3 7 5 5 7 7 8 8 10 16383
3 7 5 5 7 7 8 8 11 16383
3 7 5 5 7 7 8 10 10 32767
3 7 5 5 7 7 8 10 11 32767
3 7 5 5 7 7 8 11 11 32767
3 7 5 5 7 7 10 10 10 65535
3 7 5 5 7 7 10 10 11 65535
3 7 5 5 7 7 10 11 11 65535
3 7 5 5 7 7 11 11 11 65535
3 7 5 5 7 8 8 8 8 32767
3 7 5 5 7 8 8 8 10 16383
3 7 5 5 7 8 8 8 11 65535
3 7 5 5 7 8 8 10 10 32767
3 7 5 5 7 8 8 10 11 32767
3 7 5 5 7 8 8 11 11 131071
3 7 5 5 7 8 10 10 10 65535
3 7 5 5 7 8 10 10 11 65535
3 7 5 5 7 8 10 11 11 65535
3 7 5 5 7 8 11 11 11 262143
3 7 5 5 7 10 10 10 10 131071
3 7 5 5 7 10 10 10 11 131071
3 7 5 5 7 10 10 11 11 131071
3 7 5 5 7 10 11 11 11 131071
3 7 5 5 7 11 11 11 11 524287
3 7 5 5 8 8 8 8 8 32767
3 7 5 5 8 8 8 8 10 65535
3 7 5 5 8 8 8 8 11 65535
3 7 5 5 8 8 8 10 10 32767
3 7 5 5 8 8 8 10 11 131071
3 7 5 5 8 8 8 11 11 131071
3 7 5 5 8 8 10 10 10 65535
3 7 5 5 8 8 10 10 11 65535
3 7 5 5 8 8 10 11 11 262143
3 7 5 5 8 8 11 11 11 262143
3 7 5 5 8 10 10 10 10 131071
3 7 5 5 8 10 10 10 11 131071
3 7 5 5 8 10 10 11 11 131071
3 7 5 5 8 10 11 11 11 524287
3 7 5 5 8 11 11 11 11 524287
3 7 5 5 10 10 10 10 10 262143
3 7 5 5 10 10 10 10 11 262143
3 7 5 5 10 10 10 11 11 262143
3 7 5 5 10 10 11 11 11 262143
3 7 5 5 10 11 11 11 11 1048575
3 7 5 5 11 11 11 11 11 1048575
3 7 5 7 7 7 7 7 7 16383
3 7 5 7 7 7 7 7 8 16383
3 7 5 7 7 7 7 7 10 32767
3 7 5 7 7 7 7 7 11 32767
3 7 5 7 7 7 7 8 8 16383
3 7 5 7 7 7 7 8 10 32767
3 7 5 7 7 7 7 8 11 32767
3 7 5 7 7 7 7 10 10 65535
3 7 5 7 7 7 7 10 11 65535
3 7 5 7 7 7 7 11 11 65535
3 7 5 7 7 7 8 8 8 16383
3 7 5 7 7 7 8 8 10 32767
3 7 5 7 7 7 8 8 11 32767
3 7 5 7 7 7 8 10 10 65535
3 7 5 7 7 7 8 10 11 65535
3 7 5 7 7 7 8 11 11 65535
3 7 5 7 7 7 10 10 10 131071
3 7 5 7 7 7 10 10 11 131071
3 7 5 7 7 7 10 11 11 131071
3 7 5 7 7 7 11 11 11 131071
3 7 5 7 7 8 8 8 8 16383
3 7 5 7 7 8 8 8 10 32767
3 7 5 7 7 8 8 8 11 32767
3 7 5 7 7 8 8 10 10 65535
3 7 5 7 7 8 8 10 11 65535
3 7 5 7 7 8 8 11 11 65535
3 7 5 7 7 8 10 10 10 131071
3 7 5 7 7 8 10 10 11 131071
3 7 5 7 7 8 10 11 11 131071
3 7 5 7 7 8 11 11 11 131071
3 7 5 7 7 10 10 10 10 262143
3 7 5 7 7 10 10 10 11 262143
3 7 5 7 7 10 10 11 11 262143
3 7 5 7 7 10 11 11 11 262143
3 7 5 7 7 11 11 11 11 262143
3 7 5 7 8 8 8 8 8 65535
3 7 5 7 8 8 8 8 10 32767
3 7 5 7 8 8 8 8 11 131071
3 7 5 7 8 8 8 10 10 65535
3 7 5 7 8 8 8 10 11 65535
3 7 5 7 8 8 8 11 11 262143
3 7 5 7 8 8 10 10 10 131071
3 7 5 7 8 8 10 10 11 131071
3 7 5 7 8 8 10 11 11 131071
3 7 5 7 8 8 11 11 11 524287
3 7 5 7 8 10 10 10 10 262143
3 7 5 7 8 10 10 10 11 262143
3 7 5 7 8 10 10 11 11 262143
3 7 5 7 8 10 11 11 11 262143
3 7 5 7 8 11 11 11 11 1048575
3 7 5 7 10 10 10 10 10 524287
3 7 5 7 10 10 10 10 11 524287
3 7 5 7 10 10 10 11 11 524287
3 7 5 7 10 10 11 11 11 524287
3 7 5 7 10 11 11 11 11 524287
3 7 5 7 11 11 11 11 11 2097151
3 7 5 8 8 8 8 8 8 65535
3 7 5 8 8 8 8 8 10 131071
3 7 5 8 8 8 8 8 11 131071
3 7 5 8 8 8 8 10 10 65535
3 7 5 8 8 8 8 10 11 262143
3 7 5 8 8 8 8 11 11 262143
3 7 5 8 8 8 10 10 10 131071
3 7 5 8 8 8 10 10 11 131071
3 7 5 8 8 8 10 11 11 524287
3 7 5 8 8 8 11 11 11 524287
3 7 5 8 8 10 10 10 10 262143
3 7 5 8 8 10 10 10 11 262143
3 7 5 8 8 10 10 11 11 262143
3 7 5 8 8 10 11 11 11 1048575
3 7 5 8 8 11 11 11 11 1048575
3 7 5 8 10 10 10 10 10 524287
3 7 5 8 10 10 10 10 11 524287
3 7 5 8 10 10 10 11 11 524287
3 7 5 8 10 10 11 11 11 524287
3 7 5 8 10 11 11 11 11 2097151
3 7 5 8 11 11 11 11 11 2097151
3 7 5 10 10 10 10 10 10 1048575
3 7 5 10 10 10 10 10 11 1048575
3 7 5 10 10 10 10 11 11 1048575
3 7 5 10 10 10 11 11 11 1048575
3 7 5 10 10 11 11 11 11 1048575
3 7 5 10 11 11 11 11 11 4194303
3 7 5 11 11 11 11 11 11 4194303
3 7 7 7 7 7 7 7 7 32767
3 7 7 7 7 7 7 7 8 32767
3 7 7 7 7 7 7 7 10 65535
3 7 7 7 7 7 7 7 11 65535
3 7 7 7 7 7 7 8 8 32767
3 7 7 7 7 7 7 8 10 65535
3 7 7 7 7 7 7 8 11 65535
3 7 7 7 7 7 7 10 10 131071
3 7 7 7 7 7 7 10 11 131071
3 7 7 7 7 7 7 11 11 131071
3 7 7 7 7 7 8 8 8 32767
3 7 7 7 7 7 8 8 10 65535
3 7 7 7 7 7 8 8 11 65535
3 7 7 7 7 7 8 10 10 131071
3 7 7 7 7 7 8 10 11 131071
3 7 7 7 7 7 8 11 11 131071
3 7 7 7 7 7 10 10 10 262143
3 7 7 7 7 7 10 10 11 262143
3 7 7 7 7 7 10 11 11 262143
3 7 7 7 7 7 11 11 11 262143
3 7 7 7 7 8 8 8 8 32767
3 7 7 7 7 8 8 8 10 65535
3 7 7 7 7 8 8 8 11 65535
3 7 7 7 7 8 8 10 10 131071
3 7 7 7 7 8 8 10 11 131071
3 7 7 7 7 8 8 11 11 131071
3 7 7 7 7 8 10 10 10 262143
3 7 7 7 7 8 10 10 11 262143
3 7 7 7 7 8 10 11 11 262143
3 7 7 7 7 8 11 11 11 262143
3 7 7 7 7 10 10 10 10 524287
3 7 7 7 7 10 10 10 11 524287
3 7 7 7 7 10 10 11 11 524287
3 7 7 7 7 10 11 11 11 524287
3 7 7 7 7 11 11 11 11 524287
3 7 7 7 8 8 8 8 8 32767
3 7 7 7 8 8 8 8 10 65535
3 7 7 7 8 8 8 8 11 65535
3 7 7 7 8 8 8 10 10 131071
3 7 7 7 8 8 8 10 11 131071
3 7 7 7 8 8 8 11 11 131071
3 7 7 7 8 8 10 10 10 262143
3 7 7 7 8 8 10 10 11 262143
3 7 7 7 8 8 10 11 11 262143
3 7 7 7 8 8 11 11 11 262143
3 7 7 7 8 10 10 10 10 524287
3 7 7 7 8 10 10 10 11 524287
3 7 7 7 8 10 10 11 11 524287
3 7 7 7 8 10 11 11 11 524287
3 7 7 7 8 11 11 11 11 524287
3 7 7 7 10 10 10 10 10 1048575
3 7 7 7 10 10 10 10 11 1048575
3 7 7 7 10 10 10 11 11 1048575
3 7 7 7 10 10 11 11 11 1048575
3 7 7 7 10 11 11 11 11 1048575
3 7 7 7 11 11 11 11 11 1048575
3 7 7 8 8 8 8 8 8 131071
3 7 7 8 8 8 8 8 10 65535
3 7 7 8 8 8 8 8 11 262143
3 7 7 8 8 8 8 10 10 131071
3 7 7 8 8 8 8 10 11 131071
3 7 7 8 8 8 8 11 11 524287
3 7 7 8 8 8 10 10 10 262143
3 7 7 8 8 8 10 10 11 262143
3 7 7 8 8 8 10 11 11 262143
3 7 7 8 8 8 11 11 11 1048575
3 7 7 8 8 10 10 10 10 524287
3 7 7 8 8 10 10 10 11 524287
3 7 7 8 8 10 10 11 11 524287
3 7 7 8 8 10 11 11 11 524287
3 7 7 8 8 11 11 11 11 2097151
3 7 7 8 10 10 10 10 10 1048575
3 7 7 8 10 10 10 10 11 1048575
3 7 7 8 10 10 10 11 11 1048575
3 7 7 8 10 10 11 11 11 1048575
3 7 7 8 10 11 11 11 11 1048575
3 7 7 8 11 11 11 11 11 4194303
3 7 7 10 10 10 10 10 10 2097151
3 7 7 10 10 10 10 10 11 2097151
3 7 7 10 10 10 10 11 11 2097151
3 7 7 10 10 10 11 11 11 2097151
3 7 7 10 10 11 11 11 11 2097151
3 7 7 10 11 11 11 11 11 2097151
3 7 7 11 11 11 11 11 11 8388607
3 7 8 8 8 8 8 8 8 131071
3 7 8 8 8 8 8 8 10 262143
3 7 8 8 8 8 8 8 11 262143
3 7 8 8 8 8 8 10 10 131071
3 7 8 8 8 8 8 10 11 524287
3 7 8 8 8 8 8 11 11 524287
3 7 8 8 8 8 10 10 10 262143
3 7 8 8 8 8 10 10 11 262143
3 7 8 8 8 8 10 11 11 1048575
3 7 8 8 8 8 11 11 11 1048575
3 7 8 8 8 10 10 10 10 524287
3 7 8 8 8 10 10 10 11 524287
3 7 8 8 8 10 10 11 11 524287
3 7 8 8 8 10 11 11 11 2097151
3 7 8 8 8 11 11 11 11 2097151
3 7 8 8 10 10 10 10 10 1048575
3 7 8 8 10 10 10 10 11 1048575
3 7 8 8 10 10 10 11 11 1048575
3 7 8 8 10 10 11 11 11 1048575
3 7 8 8 10 11 11 11 11 4194303
3 7 8 8 11 11 11 11 11 4194303
3 7 8 10 10 10 10 10 10 2097151
3 7 8 10 10 10 10 10 11 2097151
3 7 8 10 10 10 10 11 11 2097151
3 7 8 10 10 10 11 11 11 2097151
3 7 8 10 10 11 11 11 11 2097151
3 7 8 10 11 11 11 11 11 8388607
3 7 8 11 11 11 11 11 11 8388607
3 7 10 10 10 10 10 10 10 4194303
3 7 10 10 10 10 10 10 11 4194303
3 7 10 10 10 10 10 11 11 4194303
3 7 10 10 10 10 11 11 11 4194303
3 7 10 10 10 11 11 11 11 4194303
3 7 10 10 11 11 11 11 11 4194303
3 7 10 11 11 11 11 11 11 16777215
3 7 11 11 11 11 11 11 11 16777215
3 8 2 2 2 2 2 2 2 2 7
3 8 2 2 2 2 2 2 2 4 15
3 8 2 2 2 2 2 2 2 5 15
3 8 2 2 2 2 2 2 2 7 31
3 8 2 2 2 2 2 2 2 8 31
3 8 2 2 2 2 2 2 2 10 63
3 8 2 2 2 2 2 2 2 11 63
3 8 2 2 2 2 2 2 4 4 31
3 8 2 2 2 2 2 2 4 5 31
3 8 2 2 2 2 2 2 4 7 63
3 8 2 2 2 2 2 2 4 8 63
3 8 2 2 2 2 2 2 4 10 127
3 8 2 2 2 2 2 2 4 11 127
3 8 2 2 2 2 2 2 5 5 31
3 8 2 2 2 2 2 2 5 7 63
3 8 2 2 2 2 2 2 5 8 63
3 8 2 2 2 2 2 2 5 10 127
3 8 2 2 2 2 2 2 5 11 127
3 8 2 2 2 2 2 2 7 7 127
3 8 2 2 2 2 2 2 7 8 127
3 8 2 2 2 2 2 2 7 10 255
3 8 2 2 2 2 2 2 7 11 255
3 8 2 2 2 2 2 2 8 8 127
3 8 2 2 2 2 2 2 8 10 255
3 8 2 2 2 2 2 2 8 11 255
3 8 2 2 2 2 2 2 10 10 511
3 8 2 2 2 2 2 2 10 11 511
3 8 2 2 2 2 2 2 11 11 511
3 8 2 2 2 2 2 4 4 4 15
3 8 2 2 2 2 2 4 4 5 63
3 8 2 2 2 2 2 4 4 7 31
3 8 2 2 2 2 2 4 4 8 127
3 8 2 2 2 2 2 4 4 10 63
3 8 2 2 2 2 2 4 4 11 255
3 8 2 2 2 2 2 4 5 5 63
3 8 2 2 2 2 2 4 5 7 127
3 8 2 2 2 2 2 4 5 8 127
3 8 2 2 2 2 2 4 5 10 255
3 8 2 2 2 2 2 4 5 11 255
3 8 2 2 2 2 2 4 7 7 63
3 8 2 2 2 2 2 4 7 8 255
3 8 2 2 2 2 2 4 7 10 127
3 8 2 2 2 2 2 4 7 11 511
3 8 2 2 2 2 2 4 8 8 255
3 8 2 2 2 2 2 4 8 10 511
3 8 2 2 2 2 2 4 8 11 511
3 8 2 2 2 2 2 4 10 10 255
3 8 2 2 2 2 2 4 10 11 1023
3 8 2 2 2 2 2 4 11 11 1023
3 8 2 2 2 2 2 5 5 5 63
3 8 2 2 2 2 2 5 5 7 127
3 8 2 2 2 2 2 5 5 8 127
3 8 2 2 2 2 2 5 5 10 255
3 8 2 2 2 2 2 5 5 11 255
3 8 2 2 2 2 2 5 7 7 255
3 8 2 2 2 2 2 5 7 8 255
3 8 2 2 2 2 2 5 7 10 511
3 8 2 2 2 2 2 5 7 11 511
3 8 2 2 2 2 2 5 8 8 255
3 8 2 2 2 2 2 5 8 10 511
3 8 2 2 2 2 2 5 8 11 511
3 8 2 2 2 2 2 5 10 10 1023
3 8 2 2 2 2 2 5 10 11 1023
3 8 2 2 2 2 2 5 11 11 1023
3 8 2 2 2 2 2 7 7 7 127
3 8 2 2 2 2 2 7 7 8 511
3 8 2 2 2 2 2 7 7 10 255
3 8 2 2 2 2 2 7 7 11 1023
3 8 2 2 2 2 2 7 8 8 511
3 8 2 2 2 2 2 7 8 10 1023
3 8 2 2 2 2 2 7 8 11 1023
3 8 2 2 2 2 2 7 10 10 511
3 8 2 2 2 2 2 7 10 11 2047
3 8 2 2 2 2 2 7 11 11 2047
3 8 2 2 2 2 2 8 8 8 511
3 8 2 2 2 2 2 8 8 10 1023
3 8 2 2 2 2 2 8 8 11 1023
3 8 2 2 2 2 2 8 10 10 2047
3 8 2 2 2 2 2 8 10 11 2047
3 8 2 2 2 2 2 8 11 11 2047
3 8 2 2 2 2 2 10 10 10 1023
3 8 2 2 2 2 2 10 10 11 4095
3 8 2 2 2 2 2 10 11 11 4095
3 8 2 2 2 2 2 11 11 11 4095
3 8 2 2 2 2 4 4 4 4 31
3 8 2 2 2 2 4 4 4 5 31
3 8 2 2 2 2 4 4 4 7 63
3 8 2 2 2 2 4 4 4 8 63
3 8 2 2 2 2 4 4 4 10 127
3 8 2 2 2 2 4 4 4 11 127
3 8 2 2 2 2 4 4 5 5 127
3 8 2 2 2 2 4 4 5 7 63
3 8 2 2 2 2 4 4 5 8 255
3 8 2 2 2 2 4 4 5 10 127
3 8 2 2 2 2 4 4 5 11 511
3 8 2 2 2 2 4 4 7 7 127
3 8 2 2 2 2 4 4 7 8 127
3 8 2 2 2 2 4 4 7 10 255
3 8 2 2 2 2 4 4 7 11 255
3 8 2 2 2 2 4 4 8 8 511
3 8 2 2 2 2 4 4 8 10 255
3 8 2 2 2 2 4 4 8 11 1023
3 8 2 2 2 2 4 4 10 10 511
3 8 2 2 2 2 4 4 10 11 511
3 8 2 2 2 2 4 4 11 11 2047
3 8 2 2 2 2 4 5 5 5 127
3 8 2 2 2 2 4 5 5 7 255
3 8 2 2 2 2 4 5 5 8 255
3 8 2 2 2 2 4 5 5 10 511
3 8 2 2 2 2 4 5 5 11 511
3 8 2 2 2 2 4 5 7 7 127
3 8 2 2 2 2 4 5 7 8 511
3 8 2 2 2 2 4 5 7 10 255
3 8 2 2 2 2 4 5 7 11 1023
3 8 2 2 2 2 4 5 8 8 511
3 8 2 2 2 2 4 5 8 10 1023
3 8 2 2 2 2 4 5 8 11 1023
3 8 2 2 2 2 4 5 10 10 511
3 8 2 2 2 2 4 5 10 11 2047
3 8 2 2 2 2 4 5 11 11 2047
3 8 2 2 2 2 4 7 7 7 255
3 8 2 2 2 2 4 7 7 8 255
3 8 2 2 2 2 4 7 7 10 511
3 8 2 2 2 2 4 7 7 11 511
3 8 2 2 2 2 4 7 8 8 1023
3 8 2 2 2 2 4 7 8 10 511
3 8 2 2 2 2 4 7 8 11 2047
3 8 2 2 2 2 4 7 10 10 1023
3 8 2 2 2 2 4 7 10 11 1023
3 8 2 2 2 2 4 7 11 11 4095
3 8 2 2 2 2 4 8 8 8 1023
3 8 2 2 2 2 4 8 8 10 2047
3 8 2 2 2 2 4 8 8 11 2047
3 8 2 2 2 2 4 8 10 10 1023
3 8 2 2 2 2 4 8 10 11 4095
3 8 2 2 2 2 4 8 11 11 4095
3 8 2 2 2 2 4 10 10 10 2047
3 8 2 2 2 2 4 10 10 11 2047
3 8 2 2 2 2 4 10 11 11 8191
3 8 2 2 2 2 4 11 11 11 8191
3 8 2 2 2 2 5 5 5 5 127
3 8 2 2 2 2 5 5 5 7 255
3 8 2 2 2 2 5 5 5 8 255
3 8 2 2 2 2 5 5 5 10 511
3 8 2 2 2 2 5 5 5 11 511
3 8 2 2 2 2 5 5 7 7 511
3 8 2 2 2 2 5 5 7 8 511
3 8 2 2 2 2 5 5 7 10 1023
3 8 2 2 2 2 5 5 7 11 1023
3 8 2 2 2 2 5 5 8 8 511
3 8 2 2 2 2 5 5 8 10 1023
3 8 2 2 2 2 5 5 8 11 1023
3 8 2 2 2 2 5 5 10 10 2047
3 8 2 2 2 2 5 5 10 11 2047
3 8 2 2 2 2 5 5 11 11 2047
3 8 2 2 2 2 5 7 7 7 255
3 8 2 2 2 2 5 7 7 8 1023
3 8 2 2 2 2 5 7 7 10 511
3 8 2 2 2 2 5 7 7 11 2047
3 8 2 2 2 2 5 7 8 8 1023
3 8 2 2 2 2 5 7 8 10 2047
3 8 2 2 2 2 5 7 8 11 2047
3 8 2 2 2 2 5 7 10 10 1023
3 8 2 2 2 2 5 7 10 11 4095
3 8 2 2 2 2 5 7 11 11 4095
3 8 2 2 2 2 5 8 8 8 1023
3 8 2 2 2 2 5 8 8 10 2047
3 8 2 2 2 2 5 8 8 11 2047
3 8 2 2 2 2 5 8 10 10 4095
3 8 2 2 2 2 5 8 10 11 4095
3 8 2 2 2 2 5 8 11 11 4095
3 8 2 2 2 2 5 10 10 10 2047
3 8 2 2 2 2 5 10 10 11 8191
3 8 2 2 2 2 5 10 11 11 8191
3 8 2 2 2 2 5 11 11 11 8191
3 8 2 2 2 2 7 7 7 7 511
3 8 2 2 2 2 7 7 7 8 511
3 8 2 2 2 2 7 7 7 10 1023
3 8 2 2 2 2 7 7 7 11 1023
3 8 2 2 2 2 7 7 8 8 2047
3 8 2 2 2 2 7 7 8 10 1023
3 8 2 2 2 2 7 7 8 11 4095
3 8 2 2 2 2 7 7 10 10 2047
3 8 2 2 2 2 7 7 10 11 2047
3 8 2 2 2 2 7 7 11 11 8191
3 8 2 2 2 2 7 8 8 8 2047
3 8 2 2 2 2 7 8 8 10 4095
3 8 2 2 2 2 7 8 8 11 4095
3 8 2 2 2 2 7 8 10 10 2047
3 8 2 2 2 2 7 8 10 11 8191
3 8 2 2 2 2 7 8 11 11 8191
3 8 2 2 2 2 7 10 10 10 4095
3 8 2 2 2 2 7 10 10 11 4095
3 8 2 2 2 2 7 10 11 11 16383
3 8 2 2 2 2 7 11 11 11 16383
3 8 2 2 2 2 8 8 8 8 2047
3 8 2 2 2 2 8 8 8 10 4095
3 8 2 2 2 2 8 8 8 11 4095
3 8 2 2 2 2 8 8 10 10 8191
3 8 2 2 2 2 8 8 10 11 8191
3 8 2 2 2 2 8 8 11 11 8191
3 8 2 2 2 2 8 10 10 10 4095
3 8 2 2 2 2 8 10 10 11 16383
3 8 2 2 2 2 8 10 11 11 16383
3 8 2 2 2 2 8 11 11 11 16383
3 8 2 2 2 2 10 10 10 10 8191
3 8 2 2 2 2 10 10 10 11 8191
3 8 2 2 2 2 10 10 11 11 32767
3 8 2 2 2 2 10 11 11 11 32767
3 8 2 2 2 2 11 11 11 11 32767
3 8 2 2 2 4 4 4 4 4 63
3 8 2 2 2 4 4 4 4 5 63
3 8 2 2 2 4 4 4 4 7 127
3 8 2 2 2 4 4 4 4 8 127
3 8 2 2 2 4 4 4 4 10 255
3 8 2 2 2 4 4 4 4 11 255
3 8 2 2 2 4 4 4 5 5 63
3 8 2 2 2 4 4 4 5 7 127
3 8 2 2 2 4 4 4 5 8 127
3 8 2 2 2 4 4 4 5 10 255
3 8 2 2 2 4 4 4 5 11 255
3 8 2 2 2 4 4 4 7 7 255
3 8 2 2 2 4 4 4 7 8 255
3 8 2 2 2 4 4 4 7 10 511
3 8 2 2 2 4 4 4 7 11 511
3 8 2 2 2 4 4 4 8 8 255
3 8 2 2 2 4 4 4 8 10 511
3 8 2 2 2 4 4 4 8 11 511
3 8 2 2 2 4 4 4 10 10 1023
3 8 2 2 2 4 4 4 10 11 1023
3 8 2 2 2 4 4 4 11 11 1023
3 8 2 2 2 4 4 5 5 5 255
3 8 2 2 2 4 4 5 5 7 127
3 8 2 2 2 4 4 5 5 8 511
3 8 2 2 2 4 4 5 5 10 255
3 8 2 2 2 4 4 5 5 11 1023
3 8 2 2 2 4 4 5 7 7 255
3 8 2 2 2 4 4 5 7 8 255
3 8 2 2 2 4 4 5 7 10 511
3 8 2 2 2 4 4 5 7 11 511
3 8 2 2 2 4 4 5 8 8 1023
3 8 2 2 2 4 4 5 8 10 511
3 8 2 2 2 4 4 5 8 11 2047
3 8 2 2 2 4 4 5 10 10 1023
3 8 2 2 2 4 4 5 10 11 1023
3 8 2 2 2 4 4 5 11 11 4095
3 8 2 2 2 4 4 7 7 7 511
3 8 2 2 2 4 4 7 7 8 511
3 8 2 2 2 4 4 7 7 10 1023
3 8 2 2 2 4 4 7 7 11 1023
3 8 2 2 2 4 4 7 8 8 511
3 8 2 2 2 4 4 7 8 10 1023
3 8 2 2 2 4 4 7 8 11 1023
3 8 2 2 2 4 4 7 10 10 2047
3 8 2 2 2 4 4 7 10 11 2047
3 8 2 2 2 4 4 7 11 11 2047
3 8 2 2 2 4 4 8 8 8 2047
3 8 2 2 2 4 4 8 8 10 1023
3 8 2 2 2 4 4 8 8 11 4095
3 8 2 2 2 4 4 8 10 10 2047
3 8 2 2 2 4 4 8 10 11 2047
3 8 2 2 2 4 4 8 11 11 8191
3 8 2 2 2 4 4 10 10 10 4095
3 8 2 2 2 4 4 10 10 11 4095
3 8 2 2 2 4 4 10 11 11 4095
3 8 2 2 2 4 4 11 11 11 16383
3 8 2 2 2 4 5 5 5 5 255
3 8 2 2 2 4 5 5 5 7 511
3 8 2 2 2 4 5 5 5 8 511
3 8 2 2 2 4 5 5 5 10 1023
3 8 2 2 2 4 5 5 5 11 1023
3 8 2 2 2 4 5 5 7 7 255
3 8 2 2 2 4 5 5 7 8 1023
3 8 2 2 2 4 5 5 7 10 511
3 8 2 2 2 4 5 5 7 11 2047
3 8 2 2 2 4 5 5 8 8 1023
3 8 2 2 2 4 5 5 8 10 2047
3 8 2 2 2 4 5 5 8 11 2047
3 8 2 2 2 4 5 5 10 10 1023
3 8 2 2 2 4 5 5 10 11 4095
3 8 2 2 2 4 5 5 11 11 4095
3 8 2 2 2 4 5 7 7 7 511
3 8 2 2 2 4 5 7 7 8 511
3 8 2 2 2 4 5 7 7 10 1023
3 8 2 2 2 4 5 7 7 11 1023
3 8 2 2 2 4 5 7 8 8 2047
3 8 2 2 2 4 5 7 8 10 1023
3 8 2 2 2 4 5 7 8 11 4095
3 8 2 2 2 4 5 7 10 10 2047
3 8 2 2 2 4 5 7 10 11 2047
3 8 2 2 2 4 5 7 11 11 8191
3 8 2 2 2 4 5 8 8 8 2047
3 8 2 2 2 4 5 8 8 10 4095
3 8 2 2 2 4 5 8 8 11 4095
3 8 2 2 2 4 5 8 10 10 2047
3 8 2 2 2 4 5 8 10 11 8191
3 8 2 2 2 4 5 8 11 11 8191
3 8 2 2 2 4 5 10 10 10 4095
3 8 2 2 2 4 5 10 10 11 4095
3 8 2 2 2 4 5 10 11 11 16383
3 8 2 2 2 4 5 11 11 11 16383
3 8 2 2 2 4 7 7 7 7 1023
3 8 2 2 2 4 7 7 7 8 1023
3 8 2 2 2 4 7 7 7 10 2047
3 8 2 2 2 4 7 7 7 11 2047
3 8 2 2 2 4 7 7 8 8 1023
3 8 2 2 2 4 7 7 8 10 2047
3 8 2 2 2 4 7 7 8 11 2047
3 8 2 2 2 4 7 7 10 10 4095
3 8 2 2 2 4 7 7 10 11 4095
3 8 2 2 2 4 7 7 11 11 4095
3 8 2 2 2 4 7 8 8 8 4095
3 8 2 2 2 4 7 8 8 10 2047
3 8 2 2 2 4 7 8 8 11 8191
3 8 2 2 2 4 7 8 10 10 4095
3 8 2 2 2 4 7 8 10 11 4095
3 8 2 2 2 4 7 8 11 11 16383
3 8 2 2 2 4 7 10 10 10 8191
3 8 2 2 2 4 7 10 10 11 8191
3 8 2 2 2 4 7 10 11 11 8191
3 8 2 2 2 4 7 11 11 11 32767
3 8 2 2 2 4 8 8 8 8 4095
3 8 2 2 2 4 8 8 8 10 8191
3 8 2 2 2 4 8 8 8 11 8191
3 8 2 2 2 4 8 8 10 10 4095
3 8 2 2 2 4 8 8 10 11 16383
3 8 2 2 2 4 8 8 11 11 16383
3 8 2 2 2 4 8 10 10 10 8191
3 8 2 2 2 4 8 10 10 11 8191
3 8 2 2 2 4 8 10 11 11 32767
3 8 2 2 2 4 8 11 11 11 32767
3 8 2 2 2 4 10 10 10 10 16383
3 8 2 2 2 4 10 10 10 11 16383
3 8 2 2 2 4 10 10 11 11 16383
3 8 2 2 2 4 10 11 11 11 65535
3 8 2 2 2 4 11 11 11 11 65535
3 8 2 2 2 5 5 5 5 5 255
3 8 2 2 2 5 5 5 5 7 511
3 8 2 2 2 5 5 5 5 8 511
3 8 2 2 2 5 5 5 5 10 1023
3 8 2 2 2 5 5 5 5 11 1023
3 8 2 2 2 5 5 5 7 7 1023
3 8 2 2 2 5 5 5 7 8 1023
3 8 2 2 2 5 5 5 7 10 2047
3 8 2 2 2 5 5 5 7 11 2047
3 8 2 2 2 5 5 5 8 8 1023
3 8 2 2 2 5 5 5 8 10 2047
3 8 2 2 2 5 5 5 8 11 2047
3 8 2 2 2 5 5 5 10 10 4095
3 8 2 2 2 5 5 5 10 11 4095
3 8 2 2 2 5 5 5 11 11 4095
3 8 2 2 2 5 5 7 7 7 511
3 8 2 2 2 5 5 7 7 8 2047
3 8 2 2 2 5 5 7 7 10 1023
3 8 2 2 2 5 5 7 7 11 4095
3 8 2 2 2 5 5 7 8 8 2047
3 8 2 2 2 5 5 7 8 10 4095
3 8 2 2 2 5 5 7 8 11 4095
3 8 2 2 2 5 5 7 10 10 2047
3 8 2 2 2 5 5 7 10 11 8191
3 8 2 2 2 5 5 7 11 11 8191
3 8 2 2 2 5 5 8 8 8 2047
3 8 2 2 2 5 5 8 8 10 4095
3 8 2 2 2 5 5 8 8 11 4095
3 8 2 2 2 5 5 8 10 10 8191
3 8 2 2 2 5 5 8 10 11 8191
3 8 2 2 2 5 5 8 11 11 8191
3 8 2 2 2 5 5 10 10 10 4095
3 8 2 2 2 5 5 10 10 11 16383
3 8 2 2 2 5 5 10 11 11 16383
3 8 2 2 2 5 5 11 11 11 16383
3 8 2 2 2 5 7 7 7 7 1023
3 8 2 2 2 5 7 7 7 8 1023
3 8 2 2 2 5 7 7 7 10 2047
3 8 2 2 2 5 7 7 7 11 2047
3 8 2 2 2 5 7 7 8 8 4095
3 8 2 2 2 5 7 7 8 10 2047
3 8 2 2 2 5 7 7 8 11 8191
3 8 2 2 2 5 7 7 10 10 4095
3 8 2 2 2 5 7 7 10 11 4095
3 8 2 2 2 5 7 7 11 11 16383
3 8 2 2 2 5 7 8 8 8 4095
3 8 2 2 2 5 7 8 8 10 8191
3 8 2 2 2 5 7 8 8 11 8191
3 8 2 2 2 5 7 8 10 10 4095
3 8 2 2 2 5 7 8 10 11 16383
3 8 2 2 2 5 7 8 11 11 16383
3 8 2 2 2 5 7 10 10 10 8191
3 8 2 2 2 5 7 10 10 11 8191
3 8 2 2 2 5 7 10 11 11 32767
3 8 2 2 2 5 7 11 11 11 32767
3 8 2 2 2 5 8 8 8 8 4095
3 8 2 2 2 5 8 8 8 10 8191
3 8 2 2 2 5 8 8 8 11 8191
3 8 2 2 2 5 8 8 10 10 16383
3 8 2 2 2 5 8 8 10 11 16383
3 8 2 2 2 5 8 8 11 11 16383
3 8 2 2 2 5 8 10 10 10 8191
3 8 2 2 2 5 8 10 10 11 32767
3 8 2 2 2 5 8 10 11 11 32767
3 8 2 2 2 5 8 11 11 11 32767
3 8 2 2 2 5 10 10 10 10 16383
3 8 2 2 2 5 10 10 10 11 16383
3 8 2 2 2 5 10 10 11 11 65535
3 8 2 2 2 5 10 11 11 11 65535
3 8 2 2 2 5 11 11 11 11 65535
3 8 2 2 2 7 7 7 7 7 2047
3 8 2 2 2 7 7 7 7 8 2047
3 8 2 2 2 7 7 7 7 10 4095
3 8 2 2 2 7 7 7 7 11 4095
3 8 2 2 2 7 7 7 8 8 2047
3 8 2 2 2 7 7 7 8 10 4095
3 8 2 2 2 7 7 7 8 11 4095
3 8 2 2 2 7 7 7 10 10 8191
3 8 2 2 2 7 7 7 10 11 8191
3 8 2 2 2 7 7 7 11 11 8191
3 8 2 2 2 7 7 8 8 8 8191
3 8 2 2 2 7 7 8 8 10 4095
3 8 2 2 2 7 7 8 8 11 16383
3 8 2 2 2 7 7 8 10 10 8191
3 8 2 2 2 7 7 8 10 11 8191
3 8 2 2 2 7 7 8 11 11 32767
3 8 2 2 2 7 7 10 10 10 16383
3 8 2 2 2 7 7 10 10 11 16383
3 8 2 2 2 7 7 10 11 11 16383
3 8 2 2 2 7 7 11 11 11 65535
3 8 2 2 2 7 8 8 8 8 8191
3 8 2 2 2 7 8 8 8 10 16383
3 8 2 2 2 7 8 8 8 11 16383
3 8 2 2 2 7 8 8 10 10 8191
3 8 2 2 2 7 8 8 10 11 32767
3 8 2 2 2 7 8 8 11 11 32767
3 8 2 2 2 7 8 10 10 10 16383
3 8 2 2 2 7 8 10 10 11 16383
3 8 2 2 2 7 8 10 11 11 65535
3 8 2 2 2 7 8 11 11 11 65535
3 8 2 2 2 7 10 10 10 10 32767
3 8 2 2 2 7 10 10 10 11 32767
3 8 2 2 2 7 10 10 11 11 32767
3 8 2 2 2 7 10 11 11 11 131071
3 8 2 2 2 7 11 11 11 11 131071
3 8 2 2 2 8 8 8 8 8 8191
3 8 2 2 2 8 8 8 8 10 16383
3 8 2 2 2 8 8 8 8 11 16383
3 8 2 2 2 8 8 8 10 10 32767
3 8 2 2 2 8 8 8 10 11 32767
3 8 2 2 2 8 8 8 11 11 32767
3 8 2 2 2 8 8 10 10 10 16383
3 8 2 2 2 8 8 10 10 11 65535
3 8 2 2 2 8 8 10 11 11 65535
3 8 2 2 2 8 8 11 11 11 65535
3 8 2 2 2 8 10 10 10 10 32767
3 8 2 2 2 8 10 10 10 11 32767
3 8 2 2 2 8 10 10 11 11 131071
3 8 2 2 2 8 10 11 11 11 131071
3 8 2 2 2 8 11 11 11 11 131071
3 8 2 2 2 10 10 10 10 10 65535
3 8 2 2 2 10 10 10 10 11 65535
3 8 2 2 2 10 10 10 11 11 65535
3 8 2 2 2 10 10 11 11 11 262143
3 8 2 2 2 10 11 11 11 11 262143
3 8 2 2 2 11 11 11 11 11 262143
3 8 2 2 4 4 4 4 4 4 127
3 8 2 2 4 4 4 4 4 5 127
3 8 2 2 4 4 4 4 4 7 255
3 8 2 2 4 4 4 4 4 8 255
3 8 2 2 4 4 4 4 4 10 511
3 8 2 2 4 4 4 4 4 11 511
3 8 2 2 4 4 4 4 5 5 127
3 8 2 2 4 4 4 4 5 7 255
3 8 2 2 4 4 4 4 5 8 255
3 8 2 2 4 4 4 4 5 10 511
3 8 2 2 4 4 4 4 5 11 511
3 8 2 2 4 4 4 4 7 7 511
3 8 2 2 4 4 4 4 7 8 511
3 8 2 2 4 4 4 4 7 10 1023
3 8 2 2 4 4 4 4 7 11 1023
3 8 2 2 4 4 4 4 8 8 511
3 8 2 2 4 4 4 4 8 10 1023
3 8 2 2 4 4 4 4 8 11 1023
3 8 2 2 4 4 4 4 10 10 2047
3 8 2 2 4 4 4 4 10 11 2047
3 8 2 2 4 4 4 4 11 11 2047
3 8 2 2 4 4 4 5 5 5 127
3 8 2 2 4 4 4 5 5 7 255
3 8 2 2 4 4 4 5 5 8 255
3 8 2 2 4 4 4 5 5 10 511
3 8 2 2 4 4 4 5 5 11 511
3 8 2 2 4 4 4 5 7 7 511
3 8 2 2 4 4 4 5 7 8 511
3 8 2 2 4 4 4 5 7 10 1023
3 8 2 2 4 4 4 5 7 11 1023
3 8 2 2 4 4 4 5 8 8 511
3 8 2 2 4 4 4 5 8 10 1023
3 8 2 2 4 4 4 5 8 11 1023
3 8 2 2 4 4 4 5 10 10 2047
3 8 2 2 4 4 4 5 10 11 2047
3 8 2 2 4 4 4 5 11 11 2047
3 8 2 2 4 4 4 7 7 7 1023
3 8 2 2 4 4 4 7 7 8 1023
3 8 2 2 4 4 4 7 7 10 2047
3 8 2 2 4 4 4 7 7 11 2047
3 8 2 2 4 4 4 7 8 8 1023
3 8 2 2 4 4 4 7 8 10 2047
3 8 2 2 4 4 4 7 8 11 2047
3 8 2 2 4 4 4 7 10 10 4095
3 8 2 2 4 4 4 7 10 11 4095
3 8 2 2 4 4 4 7 11 11 4095
3 8 2 2 4 4 4 8 8 8 1023
3 8 2 2 4 4 4 8 8 10 2047
3 8 2 2 4 4 4 8 8 11 2047
3 8 2 2 4 4 4 8 10 10 4095
3 8 2 2 4 4 4 8 10 11 4095
3 8 2 2 4 4 4 8 11 11 4095
3 8 2 2 4 4 4 10 10 10 8191
3 8 2 2 4 4 4 10 10 11 8191
3 8 2 2 4 4 4 10 11 11 8191
3 8 2 2 4 4 4 11 11 11 8191
3 8 2 2 4 4 5 5 5 5 511
3 8 2 2 4 4 5 5 5 7 255
3 8 2 2 4 4 5 5 5 8 1023
3 8 2 2 4 4 5 5 5 10 511
3 8 2 2 4 4 5 5 5 11 2047
3 8 2 2 4 4 5 5 7 7 511
3 8 2 2 4 4 5 5 7 8 511
3 8 2 2 4 4 5 5 7 10 1023
3 8 2 2 4 4 5 5 7 11 1023
3 8 2 2 4 4 5 5 8 8 2047
3 8 2 2 4 4 5 5 8 10 1023
3 8 2 2 4 4 5 5 8 11 4095
3 8 2 2 4 4 5 5 10 10 2047
3 8 2 2 4 4 5 5 10 11 2047
3 8 2 2 4 4 5 5 11 11 8191
3 8 2 2 4 4 5 7 7 7 1023
3 8 2 2 4 4 5 7 7 8 1023
3 8 2 2 4 4 5 7 7 10 2047
3 8 2 2 4 4 5 7 7 11 2047
3 8 2 2 4 4 5 7 8 8 1023
3 8 2 2 4 4 5 7 8 10 2047
3 8 2 2 4 4 5 7 8 11 2047
3 8 2 2 4 4 5 7 10 10 4095
3 8 2 2 4 4 5 7 10 11 4095
3 8 2 2 4 4 5 7 11 11 4095
3 8 2 2 4 4 5 8 8 8 4095
3 8 2 2 4 4 5 8 8 10 2047
3 8 2 2 4 4 5 8 8 11 8191
3 8 2 2 4 4 5 8 10 10 4095
3 8 2 2 4 4 5 8 10 11 4095
3 8 2 2 4 4 5 8 11 11 16383
3 8 2 2 4 4 5 10 10 10 8191
3 8 2 2 4 4 5 10 10 11 8191
3 8 2 2 4 4 5 10 11 11 8191
3 8 2 2 4 4 5 11 11 11 32767
3 8 2 2 4 4 7 7 7 7 2047
3 8 2 2 4 4 7 7 7 8 2047
3 8 2 2 4 4 7 7 7 10 4095
3 8 2 2 4 4 7 7 7 11 4095
3 8 2 2 4 4 7 7 8 8 2047
3 8 2 2 4 4 7 7 8 10 4095
3 8 2 2 4 4 7 7 8 11 4095
3 8 2 2 4 4 7 7 10 10 8191
3 8 2 2 4 4 7 7 10 11 8191
3 8 2 2 4 4 7 7 11 11 8191
3 8 2 2 4 4 7 8 8 8 2047
3 8 2 2 4 4 7 8 8 10 4095
3 8 2 2 4 4 7 8 8 11 4095
3 8 2 2 4 4 7 8 10 10 8191
3 8 2 2 4 4 7 8 10 11 8191
3 8 2 2 4 4 7 8 11 11 8191
3 8 2 2 4 4 7 10 10 10 16383
3 8 2 2 4 4 7 10 10 11 16383
3 8 2 2 4 4 7 10 11 11 16383
3 8 2 2 4 4 7 11 11 11 16383
3 8 2 2 4 4 8 8 8 8 8191
3 8 2 2 4 4 8 8 8 10 4095
3 8 2 2 4 4 8 8 8 11 16383
3 8 2 2 4 4 8 8 10 10 8191
3 8 2 2 4 4 8 8 10 11 8191
3 8 2 2 4 4 8 8 11 11 32767
3 8 2 2 4 4 8 10 10 10 16383
3 8 2 2 4 4 8 10 10 11 16383
3 8 2 2 4 4 8 10 11 11 16383
3 8 2 2 4 4 8 11 11 11 65535
3 8 2 2 4 4 10 10 10 10 32767
3 8 2 2 4 4 10 10 10 11 32767
3 8 2 2 4 4 10 10 11 11 32767
3 8 2 2 4 4 10 11 11 11 32767
3 8 2 2 4 4 11 11 11 11 131071
3 8 2 2 4 5 5 5 5 5 511
3 8 2 2 4 5 5 5 5 7 1023
3 8 2 2 4 5 5 5 5 8 1023
3 8 2 2 4 5 5 5 5 10 2047
3 8 2 2 4 5 5 5 5 11 2047
3 8 2 2 4 5 5 5 7 7 511
3 8 2 2 4 5 5 5 7 8 2047
3 8 2 2 4 5 5 5 7 10 1023
3 8 2 2 4 5 5 5 7 11 4095
3 8 2 2 4 5 5 5 8 8 2047
3 8 2 2 4 5 5 5 8 10 4095
3 8 2 2 4 5 5 5 8 11 4095
3 8 2 2 4 5 5 5 10 10 2047
3 8 2 2 4 5 5 5 10 11 8191
3 8 2 2 4 5 5 5 11 11 8191
3 8 2 2 4 5 5 7 7 7 1023
3 8 2 2 4 5 5 7 7 8 1023
3 8 2 2 4 5 5 7 7 10 2047
3 8 2 2 4 5 5 7 7 11 2047
3 8 2 2 4 5 5 7 8 8 4095
3 8 2 2 4 5 5 7 8 10 2047
3 8 2 2 4 5 5 7 8 11 8191
3 8 2 2 4 5 5 7 10 10 4095
3 8 2 2 4 5 5 7 10 11 4095
3 8 2 2 4 5 5 7 11 11 16383
3 8 2 2 4 5 5 8 8 8 4095
3 8 2 2 4 5 5 8 8 10 8191
3 8 2 2 4 5 5 8 8 11 8191
3 8 2 2 4 5 5 8 10 10 4095
3 8 2 2 4 5 5 8 10 11 16383
3 8 2 2 4 5 5 8 11 11 16383
3 8 2 2 4 5 5 10 10 10 8191
3 8 2 2 4 5 5 10 10 11 8191
3 8 2 2 4 5 5 10 11 11 32767
3 8 2 2 4 5 5 11 11 11 32767
3 8 2 2 4 5 7 7 7 7 2047
3 8 2 2 4 5 7 7 7 8 2047
3 8 2 2 4 5 7 7 7 10 4095
3 8 2 2 4 5 7 7 7 11 4095
3 8 2 2 4 5 7 7 8 8 2047
3 8 2 2 4 5 7 7 8 10 4095
3 8 2 2 4 5 7 7 8 11 4095
3 8 2 2 4 5 7 7 10 10 8191
3 8 2 2 4 5 7 7 10 11 8191
3 8 2 2 4 5 7 7 11 11 8191
3 8 2 2 4 5 7 8 8 8 8191
3 8 2 2 4 5 7 8 8 10 4095
3 8 2 2 4 5 7 8 8 11 16383
3 8 2 2 4 5 7 8 10 10 8191
3 8 2 2 4 5 7 8 10 11 8191
3 8 2 2 4 5 7 8 11 11 32767
3 8 2 2 4 5 7 10 10 10 16383
3 8 2 2 4 5 7 10 10 11 16383
3 8 2 2 4 5 7 10 11 11 16383
3 8 2 2 4 5 7 11 11 11 65535
3 8 2 2 4 5 8 8 8 8 8191
3 8 2 2 4 5 8 8 8 10 16383
3 8 2 2 4 5 8 8 8 11 16383
3 8 2 2 4 5 8 8 10 10 8191
3 8 2 2 4 5 8 8 10 11 32767
3 8 2 2 4 5 8 8 11 11 32767
3 8 2 2 4 5 8 10 10 10 16383
3 8 2 2 4 5 8 10 10 11 16383
3 8 2 2 4 5 8 10 11 11 65535
3 8 2 2 4 5 8 11 11 11 65535
3 8 2 2 4 5 10 10 10 10 32767
3 8 2 2 4 5 10 10 10 11 32767
3 8 2 2 4 5 10 10 11 11 32767
3 8 2 2 4 5 10 11 11 11 131071
3 8 2 2 4 5 11 11 11 11 131071
3 8 2 2 4 7 7 7 7 7 4095
3 8 2 2 4 7 7 7 7 8 4095
3 8 2 2 4 7 7 7 7 10 8191
3 8 2 2 4 7 7 7 7 11 8191
3 8 2 2 4 7 7 7 8 8 4095
3 8 2 2 4 7 7 7 8 10 8191
3 8 2 2 4 7 7 7 8 11 8191
3 8 2 2 4 7 7 7 10 10 16383
3 8 2 2 4 7 7 7 10 11 16383
3 8 2 2 4 7 7 7 11 11 16383
3 8 2 2 4 7 7 8 8 8 4095
3 8 2 2 4 7 7 8 8 10 8191
3 8 2 2 4 7 7 8 8 11 8191
3 8 2 2 4 7 7 8 10 10 16383
3 8 2 2 4 7 7 8 10 11 16383
3 8 2 2 4 7 7 8 11 11 16383
3 8 2 2 4 7 7 10 10 10 32767
3 8 2 2 4 7 7 10 10 11 32767
3 8 2 2 4 7 7 10 11 11 32767
3 8 2 2 4 7 7 11 11 11 32767
3 8 2 2 4 7 8 8 8 8 16383
3 8 2 2 4 7 8 8 8 10 8191
3 8 2 2 4 7 8 8 8 11 32767
3 8 2 2 4 7 8 8 10 10 16383
3 8 2 2 4 7 8 8 10 11 16383
3 8 2 2 4 7 8 8 11 11 65535
3 8 2 2 4 7 8 10 10 10 32767
3 8 2 2 4 7 8 10 10 11 32767
3 8 2 2 4 7 8 10 11 11 32767
3 8 2 2 4 7 8 11 11 11 131071
3 8 2 2 4 7 10 10 10 10 65535
3 8 2 2 4 7 10 10 10 11 65535
3 8 2 2 4 7 10 10 11 11 65535
3 8 2 2 4 7 10 11 11 11 65535
3 8 2 2 4 7 11 11 11 11 262143
3 8 2 2 4 8 8 8 8 8 16383
3 8 2 2 4 8 8 8 8 10 32767
3 8 2 2 4 8 8 8 8 11 32767
3 8 2 2 4 8 8 8 10 10 16383
3 8 2 2 4 8 8 8 10 11 65535
3 8 2 2 4 8 8 8 11 11 65535
3 8 2 2 4 8 8 10 10 10 32767
3 8 2 2 4 8 8 10 10 11 32767
3 8 2 2 4 8 8 10 11 11 131071
3 8 2 2 4 8 8 11 11 11 131071
3 8 2 2 4 8 10 10 10 10 65535
3 8 2 2 4 8 10 10 10 11 65535
3 8 2 2 4 8 10 10 11 11 65535
3 8 2 2 4 8 10 11 11 11 262143
3 8 2 2 4 8 11 11 11 11 262143
3 8 2 2 4 10 10 10 10 10 131071
3 8 2 2 4 10 10 10 10 11 131071
3 8 2 2 4 10 10 10 11 11 131071
3 8 2 2 4 10 10 11 11 11 131071
3 8 2 2 4 10 11 11 11 11 524287
3 8 2 2 4 11 11 11 11 11 524287
3 8 2 2 5 5 5 5 5 5 511
3 8 2 2 5 5 5 5 5 7 1023
3 8 2 2 5 5 5 5 5 8 1023
3 8 2 2 5 5 5 5 5 10 2047
3 8 2 2 5 5 5 5 5 11 2047
3 8 2 2 5 5 5 5 7 7 2047
3 8 2 2 5 5 5 5 7 8 2047
3 8 2 2 5 5 5 5 7 10 4095
3 8 2 2 5 5 5 5 7 11 4095
3 8 2 2 5 5 5 5 8 8 2047
3 8 2 2 5 5 5 5 8 10 4095
3 8 2 2 5 5 5 5 8 11 4095
3 8 2 2 5 5 5 5 10 10 8191
3 8 2 2 5 5 5 5 10 11 8191
3 8 2 2 5 5 5 5 11 11 8191
3 8 2 2 5 5 5 7 7 7 1023
3 8 2 2 5 5 5 7 7 8 4095
3 8 2 2 5 5 5 7 7 10 2047
3 8 2 2 5 5 5 7 7 11 8191
3 8 2 2 5 5 5 7 8 8 4095
3 8 2 2 5 5 5 7 8 10 8191
3 8 2 2 5 5 5 7 8 11 8191
3 8 2 2 5 5 5 7 10 10 4095
3 8 2 2 5 5 5 7 10 11 16383
3 8 2 2 5 5 5 7 11 11 16383
3 8 2 2 5 5 5 8 8 8 4095
3 8 2 2 5 5 5 8 8 10 8191
3 8 2 2 5 5 5 8 8 11 8191
3 8 2 2 5 5 5 8 10 10 16383
3 8 2 2 5 5 5 8 10 11 16383
3 8 2 2 5 5 5 8 11 11 16383
3 8 2 2 5 5 5 10 10 10 8191
3 8 2 2 5 5 5 10 10 11 32767
3 8 2 2 5 5 5 10 11 11 32767
3 8 2 2 5 5 5 11 11 11 32767
3 8 2 2 5 5 7 7 7 7 2047
3 8 2 2 5 5 7 7 7 8 2047
3 8 2 2 5 5 7 7 7 10 4095
3 8 2 2 5 5 7 7 7 11 4095
3 8 2 2 5 5 7 7 8 8 8191
3 8 2 2 5 5 7 7 8 10 4095
3 8 2 2 5 5 7 7 8 11 16383
3 8 2 2 5 5 7 7 10 10 8191
3 8 2 2 5 5 7 7 10 11 8191
3 8 2 2 5 5 7 7 11 11 32767
3 8 2 2 5 5 7 8 8 8 8191
3 8 2 2 5 5 7 8 8 10 16383
3 8 2 2 5 5 7 8 8 11 16383
3 8 2 2 5 5 7 8 10 10 8191
3 8 2 2 5 5 7 8 10 11 32767
3 8 2 2 5 5 7 8 11 11 32767
3 8 2 2 5 5 7 10 10 10 16383
3 8 2 2 5 5 7 10 10 11 16383
3 8 2 2 5 5 7 10 11 11 65535
3 8 2 2 5 5 7 11 11 11 65535
3 8 2 2 5 5 8 8 8 8 8191
3 8 2 2 5 5 8 8 8 10 16383
3 8 2 2 5 5 8 8 8 11 16383
3 8 2 2 5 5 8 8 10 10 32767
3 8 2 2 5 5 8 8 10 11 32767
3 8 2 2 5 5 8 8 11 11 32767
3 8 2 2 5 5 8 10 10 10 16383
3 8 2 2 5 5 8 10 10 11 65535
3 8 2 2 5 5 8 10 11 11 65535
3 8 2 2 5 5 8 11 11 11 65535
3 8 2 2 5 5 10 10 10 10 32767
3 8 2 2 5 5 10 10 10 11 32767
3 8 2 2 5 5 10 10 11 11 131071
3 8 2 2 5 5 10 11 11 11 131071
3 8 2 2 5 5 11 11 11 11 131071
3 8 2 2 5 7 7 7 7 7 4095
3 8 2 2 5 7 7 7 7 8 4095
3 8 2 2 5 7 7 7 7 10 8191
3 8 2 2 5 7 7 7 7 11 8191
3 8 2 2 5 7 7 7 8 8 4095
3 8 2 2 5 7 7 7 8 10 8191
3 8 2 2 5 7 7 7 8 11 8191
3 8 2 2 5 7 7 7 10 10 16383
3 8 2 2 5 7 7 7 10 11 16383
3 8 2 2 5 7 7 7 11 11 16383
3 8 2 2 5 7 7 8 8 8 16383
3 8 2 2 5 7 7 8 8 10 8191
3 8 2 2 5 7 7 8 8 11 32767
3 8 2 2 5 7 7 8 10 10 16383
3 8 2 2 5 7 7 8 10 11 16383
3 8 2 2 5 7 7 8 11 11 65535
3 8 2 2 5 7 7 10 10 10 32767
3 8 2 2 5 7 7 10 10 11 32767
3 8 2 2 5 7 7 10 11 11 32767
3 8 2 2 5 7 7 11 11 11 131071
3 8 2 2 5 7 8 8 8 8 16383
3 8 2 2 5 7 8 8 8 10 32767
3 8 2 2 5 7 8 8 8 11 32767
3 8 2 2 5 7 8 8 10 10 16383
3 8 2 2 5 7 8 8 10 11 65535
3 8 2 2 5 7 8 8 11 11 65535
3 8 2 2 5 7 8 10 10 10 32767
3 8 2 2 5 7 8 10 10 11 32767
3 8 2 2 5 7 8 10 11 11 131071
3 8 2 2 5 7 8 11 11 11 131071
3 8 2 2 5 7 10 10 10 10 65535
3 8 2 2 5 7 10 10 10 11 65535
3 8 2 2 5 7 10 10 11 11 65535
3 8 2 2 5 7 10 11 11 11 262143
3 8 2 2 5 7 11 11 11 11 262143
3 8 2 2 5 8 8 8 8 8 16383
3 8 2 2 5 8 8 8 8 10 32767
3 8 2 2 5 8 8 8 8 11 32767
3 8 2 2 5 8 8 8 10 10 65535
3 8 2 2 5 8 8 8 10 11 65535
3 8 2 2 5 8 8 8 11 11 65535
3 8 2 2 5 8 8 10 10 10 32767
3 8 2 2 5 8 8 10 10 11 131071
3 8 2 2 5 8 8 10 11 11 131071
3 8 2 2 5 8 8 11 11 11 131071
3 8 2 2 5 8 10 10 10 10 65535
3 8 2 2 5 8 10 10 10 11 65535
3 8 2 2 5 8 10 10 11 11 262143
3 8 2 2 5 8 10 11 11 11 262143
3 8 2 2 5 8 11 11 11 11 262143
3 8 2 2 5 10 10 10 10 10 131071
3 8 2 2 5 10 10 10 10 11 131071
3 8 2 2 5 10 10 10 11 11 131071
3 8 2 2 5 10 10 11 11 11 524287
3 8 2 2 5 10 11 11 11 11 524287
3 8 2 2 5 11 11 11 11 11 524287
3 8 2 2 7 7 7 7 7 7 8191
3 8 2 2 7 7 7 7 7 8 8191
3 8 2 2 7 7 7 7 7 10 16383
3 8 2 2 7 7 7 7 7 11 16383
3 8 2 2 7 7 7 7 8 8 8191
3 8 2 2 7 7 7 7 8 10 16383
3 8 2 2 7 7 7 7 8 11 16383
3 8 2 2 7 7 7 7 10 10 32767
3 8 2 2 7 7 7 7 10 11 32767
3 8 2 2 7 7 7 7 11 11 32767
3 8 2 2 7 7 7 8 8 8 8191
3 8 2 2 7 7 7 8 8 10 16383
3 8 2 2 7 7 7 8 8 11 16383
3 8 2 2 7 7 7 8 10 10 32767
3 8 2 2 7 7 7 8 10 11 32767
3 8 2 2 7 7 7 8 11 11 32767
3 8 2 2 7 7 7 10 10 10 65535
3 8 2 2 7 7 7 10 10 11 65535
3 8 2 2 7 7 7 10 11 11 65535
3 8 2 2 7 7 7 11 11 11 65535
3 8 2 2 7 7 8 8 8 8 32767
3 8 2 2 7 7 8 8 8 10 16383
3 8 2 2 7 7 8 8 8 11 65535
3 8 2 2 7 7 8 8 10 10 32767
3 8 2 2 7 7 8 8 10 11 32767
3 8 2 2 7 7 8 8 11 11 131071
3 8 2 2 7 7 8 10 10 10 65535
3 8 2 2 7 7 8 10 10 11 65535
3 8 2 2 7 7 8 10 11 11 65535
3 8 2 2 7 7 8 11 11 11 262143
3 8 2 2 7 7 10 10 10 10 131071
3 8 2 2 7 7 10 10 10 11 131071
3 8 2 2 7 7 10 10 11 11 131071
3 8 2 2 7 7 10 11 11 11 131071
3 8 2 2 7 7 11 11 11 11 524287
3 8 2 2 7 8 8 8 8 8 32767
3 8 2 2 7 8 8 8 8 10 65535
3 8 2 2 7 8 8 8 8 11 65535
3 8 2 2 7 8 8 8 10 10 32767
3 8 2 2 7 8 8 8 10 11 131071
3 8 2 2 7 8 8 8 11 11 131071
3 8 2 2 7 8 8 10 10 10 65535
3 8 2 2 7 8 8 10 10 11 65535
3 8 2 2 7 8 8 10 11 11 262143
3 8 2 2 7 8 8 11 11 11 262143
3 8 2 2 7 8 10 10 10 10 131071
3 8 2 2 7 8 10 10 10 11 131071
3 8 2 2 7 8 10 10 11 11 131071
3 8 2 2 7 8 10 11 11 11 524287
3 8 2 2 7 8 11 11 11 11 524287
3 8 2 2 7 10 10 10 10 10 262143
3 8 2 2 7 10 10 10 10 11 262143
3 8 2 2 7 10 10 10 11 11 262143
3 8 2 2 7 10 10 11 11 11 262143
3 8 2 2 7 10 11 11 11 11 1048575
3 8 2 2 7 11 11 11 11 11 1048575
3 8 2 2 8 8 8 8 8 8 32767
3 8 2 2 8 8 8 8 8 10 65535
3 8 2 2 8 8 8 8 8 11 65535
3 8 2 2 8 8 8 8 10 10 131071
3 8 2 2 8 8 8 8 10 11 131071
3 8 2 2 8 8 8 8 11 11 131071
3 8 2 2 8 8 8 10 10 10 65535
3 8 2 2 8 8 8 10 10 11 262143
3 8 2 2 8 8 8 10 11 11 262143
3 8 2 2 8 8 8 11 11 11 262143
3 8 2 2 8 8 10 10 10 10 131071
3 8 2 2 8 8 10 10 10 11 131071
3 8 2 2 8 8 10 10 11 11 524287
3 8 2 2 8 8 10 11 11 11 524287
3 8 2 2 8 8 11 11 11 11 524287
3 8 2 2 8 10 10 10 10 10 262143
3 8 2 2 8 10 10 10 10 11 262143
3 8 2 2 8 10 10 10 11 11 262143
3 8 2 2 8 10 10 11 11 11 1048575
3 8 2 2 8 10 11 11 11 11 1048575
3 8 2 2 8 11 11 11 11 11 1048575
3 8 2 2 10 10 10 10 10 10 524287
3 8 2 2 10 10 10 10 10 11 524287
3 8 2 2 10 10 10 10 11 11 524287
3 8 2 2 10 10 10 11 11 11 524287
3 8 2 2 10 10 11 11 11 11 2097151
3 8 2 2 10 11 11 11 11 11 2097151
3 8 2 2 11 11 11 11 11 11 2097151
3 8 2 4 4 4 4 4 4 4 255
3 8 2 4 4 4 4 4 4 5 255
3 8 2 4 4 4 4 4 4 7 511
3 8 2 4 4 4 4 4 4 8 511
3 8 2 4 4 4 4 4 4 10 1023
3 8 2 4 4 4 4 4 4 11 1023
3 8 2 4 4 4 4 4 5 5 255
3 8 2 4 4 4 4 4 5 7 511
3 8 2 4 4 4 4 4 5 8 511
3 8 2 4 4 4 4 4 5 10 1023
3 8 2 4 4 4 4 4 5 11 1023
3 8 2 4 4 4 4 4 7 7 1023
3 8 2 4 4 4 4 4 7 8 1023
3 8 2 4 4 4 4 4 7 10 2047
3 8 2 4 4 4 4 4 7 11 2047
3 8 2 4 4 4 4 4 8 8 1023
3 8 2 4 4 4 4 4 8 10 2047
3 8 2 4 4 4 4 4 8 11 2047
3 8 2 4 4 4 4 4 10 10 4095
3 8 2 4 4 4 4 4 10 11 4095
3 8 2 4 4 4 4 4 11 11 4095
3 8 2 4 4 4 4 5 5 5 255
3 8 2 4 4 4 4 5 5 7 511
3 8 2 4 4 4 4 5 5 8 511
3 8 2 4 4 4 4 5 5 10 1023
3 8 2 4 4 4 4 5 5 11 1023
3 8 2 4 4 4 4 5 7 7 1023
3 8 2 4 4 4 4 5 7 8 1023
3 8 2 4 4 4 4 5 7 10 2047
3 8 2 4 4 4 4 5 7 11 2047
3 8 2 4 4 4 4 5 8 8 1023
3 8 2 4 4 4 4 5 8 10 2047
3 8 2 4 4 4 4 5 8 11 2047
3 8 2 4 4 4 4 5 10 10 4095
3 8 2 4 4 4 4 5 10 11 4095
3 8 2 4 4 4 4 5 11 11 4095
3 8 2 4 4 4 4 7 7 7 2047
3 8 2 4 4 4 4 7 7 8 2047
3 8 2 4 4 4 4 7 7 10 4095
3 8 2 4 4 4 4 7 7 11 4095
3 8 2 4 4 4 4 7 8 8 2047
3 8 2 4 4 4 4 7 8 10 4095
3 8 2 4 4 4 4 7 8 11 4095
3 8 2 4 4 4 4 7 10 10 8191
3 8 2 4 4 4 4 7 10 11 8191
3 8 2 4 4 4 4 7 11 11 8191
3 8 2 4 4 4 4 8 8 8 2047
3 8 2 4 4 4 4 8 8 10 4095
3 8 2 4 4 4 4 8 8 11 4095
3 8 2 4 4 4 4 8 10 10 8191
3 8 2 4 4 4 4 8 10 11 8191
3 8 2 4 4 4 4 8 11 11 8191
3 8 2 4 4 4 4 10 10 10 16383
3 8 2 4 4 4 4 10 10 11 16383
3 8 2 4 4 4 4 10 11 11 16383
3 8 2 4 4 4 4 11 11 11 16383
3 8 2 4 4 4 5 5 5 5 255
3 8 2 4 4 4 5 5 5 7 511
3 8 2 4 4 4 5 5 5 8 511
3 8 2 4 4 4 5 5 5 10 1023
3 8 2 4 4 4 5 5 5 11 1023
3 8 2 4 4 4 5 5 7 7 1023
3 8 2 4 4 4 5 5 7 8 1023
3 8 2 4 4 4 5 5 7 10 2047
3 8 2 4 4 4 5 5 7 11 2047
3 8 2 4 4 4 5 5 8 8 1023
3 8 2 4 4 4 5 5 8 10 2047
3 8 2 4 4 4 5 5 8 11 2047
3 8 2 4 4 4 5 5 10 10 4095
3 8 2 4 4 4 5 5 10 11 4095
3 8 2 4 4 4 5 5 11 11 4095
3 8 2 4 4 4 5 7 7 7 2047
3 8 2 4 4 4 5 7 7 8 2047
3 8 2 4 4 4 5 7 7 10 4095
3 8 2 4 4 4 5 7 7 11 4095
3 8 2 4 4 4 5 7 8 8 2047
3 8 2 4 4 4 5 7 8 10 4095
3 8 2 4 4 4 5 7 8 11 4095
3 8 2 4 4 4 5 7 10 10 8191
3 8 2 4 4 4 5 7 10 11 8191
3 8 2 4 4 4 5 7 11 11 8191
3 8 2 4 4 4 5 8 8 8 2047
3 8 2 4 4 4 5 8 8 10 4095
3 8 2 4 4 4 5 8 8 11 4095
3 8 2 4 4 4 5 8 10 10 8191
3 8 2 4 4 4 5 8 10 11 8191
3 8 2 4 4 4 5 8 11 11 8191
3 8 2 4 4 4 5 10 10 10 16383
3 8 2 4 4 4 5 10 10 11 16383
3 8 2 4 4 4 5 10 11 11 16383
3 8 2 4 4 4 5 11 11 11 16383
3 8 2 4 4 4 7 7 7 7 4095
3 8 2 4 4 4 7 7 7 8 4095
3 8 2 4 4 4 7 7 7 10 8191
3 8 2 4 4 4 7 7 7 11 8191
3 8 2 4 4 4 7 7 8 8 4095
3 8 2 4 4 4 7 7 8 10 8191
3 8 2 4 4 4 7 7 8 11 8191
3 8 2 4 4 4 7 7 10 10 16383
3 8 2 4 4 4 7 7 10 11 16383
3 8 2 4 4 4 7 7 11 11 16383
3 8 2 4 4 4 7 8 8 8 4095
3 8 2 4 4 4 7 8 8 10 8191
3 8 2 4 4 4 7 8 8 11 8191
3 8 2 4 4 4 7 8 10 10 16383
3 8 2 4 4 4 7 8 10 11 16383
3 8 2 4 4 4 7 8 11 11 16383
3 8 2 4 4 4 7 10 10 10 32767
3 8 2 4 4 4 7 10 10 11 32767
3 8 2 4 4 4 7 10 11 11 32767
3 8 2 4 4 4 7 11 11 11 32767
3 8 2 4 4 4 8 8 8 8 4095
3 8 2 4 4 4 8 8 8 10 8191
3 8 2 4 4 4 8 8 8 11 8191
3 8 2 4 4 4 8 8 10 10 16383
3 8 2 4 4 4 8 8 10 11 16383
3 8 2 4 4 4 8 8 11 11 16383
3 8 2 4 4 4 8 10 10 10 32767
3 8 2 4 4 4 8 10 10 11 32767
3 8 2 4 4 4 8 10 11 11 32767
3 8 2 4 4 4 8 11 11 11 32767
3 8 2 4 4 4 10 10 10 10 65535
3 8 2 4 4 4 10 10 10 11 65535
3 8 2 4 4 4 10 10 11 11 65535
3 8 2 4 4 4 10 11 11 11 65535
3 8 2 4 4 4 11 11 11 11 65535
3 8 2 4 4 5 5 5 5 5 1023
3 8 2 4 4 5 5 5 5 7 511
3 8 2 4 4 5 5 5 5 8 2047
3 8 2 4 4 5 5 5 5 10 1023
3 8 2 4 4 5 5 5 5 11 4095
3 8 2 4 4 5 5 5 7 7 1023
3 8 2 4 4 5 5 5 7 8 1023
3 8 2 4 4 5 5 5 7 10 2047
3 8 2 4 4 5 5 5 7 11 2047
3 8 2 4 4 5 5 5 8 8 4095
3 8 2 4 4 5 5 5 8 10 2047
3 8 2 4 4 5 5 5 8 11 8191
3 8 2 4 4 5 5 5 10 10 4095
3 8 2 4 4 5 5 5 10 11 4095
3 8 2 4 4 5 5 5 11 11 16383
3 8 2 4 4 5 5 7 7 7 2047
3 8 2 4 4 5 5 7 7 8 2047
3 8 2 4 4 5 5 7 7 10 4095
3 8 2 4 4 5 5 7 7 11 4095
3 8 2 4 4 5 5 7 8 8 2047
3 8 2 4 4 5 5 7 8 10 4095
3 8 2 4 4 5 5 7 8 11 4095
3 8 2 4 4 5 5 7 10 10 8191
3 8 2 4 4 5 5 7 10 11 8191
3 8 2 4 4 5 5 7 11 11 8191
3 8 2 4 4 5 5 8 8 8 8191
3 8 2 4 4 5 5 8 8 10 4095
3 8 2 4 4 5 5 8 8 11 16383
3 8 2 4 4 5 5 8 10 10 8191
3 8 2 4 4 5 5 8 10 11 8191
3 8 2 4 4 5 5 8 11 11 32767
3 8 2 4 4 5 5 10 10 10 16383
3 8 2 4 4 5 5 10 10 11 16383
3 8 2 4 4 5 5 10 11 11 16383
3 8 2 4 4 5 5 11 11 11 65535
3 8 2 4 4 5 7 7 7 7 4095
3 8 2 4 4 5 7 7 7 8 4095
3 8 2 4 4 5 7 7 7 10 8191
3 8 2 4 4 5 7 7 7 11 8191
3 8 2 4 4 5 7 7 8 8 4095
3 8 2 4 4 5 7 7 8 10 8191
3 8 2 4 4 5 7 7 8 11 8191
3 8 2 4 4 5 7 7 10 10 16383
3 8 2 4 4 5 7 7 10 11 16383
3 8 2 4 4 5 7 7 11 11 16383
3 8 2 4 4 5 7 8 8 8 4095
3 8 2 4 4 5 7 8 8 10 8191
3 8 2 4 4 5 7 8 8 11 8191
3 8 2 4 4 5 7 8 10 10 16383
3 8 2 4 4 5 7 8 10 11 16383
3 8 2 4 4 5 7 8 11 11 16383
3 8 2 4 4 5 7 10 10 10 32767
3 8 2 4 4 5 7 10 10 11 32767
3 8 2 4 4 5 7 10 11 11 32767
3 8 2 4 4 5 7 11 11 11 32767
3 8 2 4 4 5 8 8 8 8 16383
3 8 2 4 4 5 8 8 8 10 8191
3 8 2 4 4 5 8 8 8 11 32767
3 8 2 4 4 5 8 8 10 10 16383
3 8 2 4 4 5 8 8 10 11 16383
3 8 2 4 4 5 8 8 11 11 65535
3 8 2 4 4 5 8 10 10 10 32767
3 8 2 4 4 5 8 10 10 11 32767
3 8 2 4 4 5 8 10 11 11 32767
3 8 2 4 4 5 8 11 11 11 131071
3 8 2 4 4 5 10 10 10 10 65535
3 8 2 4 4 5 10 10 10 11 65535
3 8 2 4 4 5 10 10 11 11 65535
3 8 2 4 4 5 10 11 11 11 65535
3 8 2 4 4 5 11 11 11 11 262143
3 8 2 4 4 7 7 7 7 7 8191
3 8 2 4 4 7 7 7 7 8 8191
3 8 2 4 4 7 7 7 7 10 16383
3 8 2 4 4 7 7 7 7 11 16383
3 8 2 4 4 7 7 7 8 8 8191
3 8 2 4 4 7 7 7 8 10 16383
3 8 2 4 4 7 7 7 8 11 16383
3 8 2 4 4 7 7 7 10 10 32767
3 8 2 4 4 7 7 7 10 11 32767
3 8 2 4 4 7 7 7 11 11 32767
3 8 2 4 4 7 7 8 8 8 8191
3 8 2 4 4 7 7 8 8 10 16383
3 8 2 4 4 7 7 8 8 11 16383
3 8 2 4 4 7 7 8 10 10 32767
3 8 2 4 4 7 7 8 10 11 32767
3 8 2 4 4 7 7 8 11 11 32767
3 8 2 4 4 7 7 10 10 10 65535
3 8 2 4 4 7 7 10 10 11 65535
3 8 2 4 4 7 7 10 11 11 65535
3 8 2 4 4 7 7 11 11 11 65535
3 8 2 4 4 7 8 8 8 8 8191
3 8 2 4 4 7 8 8 8 10 16383
3 8 2 4 4 7 8 8 8 11 16383
3 8 2 4 4 7 8 8 10 10 32767
3 8 2 4 4 7 8 8 10 11 32767
3 8 2 4 4 7 8 8 11 11 32767
3 8 2 4 4 7 8 10 10 10 65535
3 8 2 4 4 7 8 10 10 11 65535
3 8 2 4 4 7 8 10 11 11 65535
3 8 2 4 4 7 8 11 11 11 65535
3 8 2 4 4 7 10 10 10 10 131071
3 8 2 4 4 7 10 10 10 11 131071
3 8 2 4 4 7 10 10 11 11 131071
3 8 2 4 4 7 10 11 11 11 131071
3 8 2 4 4 7 11 11 11 11 131071
3 8 2 4 4 8 8 8 8 8 32767
3 8 2 4 4 8 8 8 8 10 16383
3 8 2 4 4 8 8 8 8 11 65535
3 8 2 4 4 8 8 8 10 10 32767
3 8 2 4 4 8 8 8 10 11 32767
3 8 2 4 4 8 8 8 11 11 131071
3 8 2 4 4 8 8 10 10 10 65535
3 8 2 4 4 8 8 10 10 11 65535
3 8 2 4 4 8 8 10 11 11 65535
3 8 2 4 4 8 8 11 11 11 262143
3 8 2 4 4 8 10 10 10 10 131071
3 8 2 4 4 8 10 10 10 11 131071
3 8 2 4 4 8 10 10 11 11 131071
3 8 2 4 4 8 10 11 11 11 131071
3 8 2 4 4 8 11 11 11 11 524287
3 8 2 4 4 10 10 10 10 10 262143
3 8 2 4 4 10 10 10 10 11 262143
3 8 2 4 4 10 10 10 11 11 262143
3 8 2 4 4 10 10 11 11 11 262143
3 8 2 4 4 10 11 11 11 11 262143
3 8 2 4 4 11 11 11 11 11 1048575
3 8 2 4 5 5 5 5 5 5 1023
3 8 2 4 5 5 5 5 5 7 2047
3 8 2 4 5 5 5 5 5 8 2047
3 8 2 4 5 5 5 5 5 10 4095
3 8 2 4 5 5 5 5 5 11 4095
3 8 2 4 5 5 5 5 7 7 1023
3 8 2 4 5 5 5 5 7 8 4095
3 8 2 4 5 5 5 5 7 10 2047
3 8 2 4 5 5 5 5 7 11 8191
3 8 2 4 5 5 5 5 8 8 4095
3 8 2 4 5 5 5 5 8 10 8191
3 8 2 4 5 5 5 5 8 11 8191
3 8 2 4 5 5 5 5 10 10 4095
3 8 2 4 5 5 5 5 10 11 16383
3 8 2 4 5 5 5 5 11 11 16383
3 8 2 4 5 5 5 7 7 7 2047
3 8 2 4 5 5 5 7 7 8 2047
3 8 2 4 5 5 5 7 7 10 4095
3 8 2 4 5 5 5 7 7 11 4095
3 8 2 4 5 5 5 7 8 8 8191
3 8 2 4 5 5 5 7 8 10 4095
3 8 2 4 5 5 5 7 8 11 16383
3 8 2 4 5 5 5 7 10 10 8191
3 8 2 4 5 5 5 7 10 11 8191
3 8 2 4 5 5 5 7 11 11 32767
3 8 2 4 5 5 5 8 8 8 8191
3 8 2 4 5 5 5 8 8 10 16383
3 8 2 4 5 5 5 8 8 11 16383
3 8 2 4 5 5 5 8 10 10 8191
3 8 2 4 5 5 5 8 10 11 32767
3 8 2 4 5 5 5 8 11 11 32767
3 8 2 4 5 5 5 10 10 10 16383
3 8 2 4 5 5 5 10 10 11 16383
3 8 2 4 5 5 5 10 11 11 65535
3 8 2 4 5 5 5 11 11 11 65535
3 8 2 4 5 5 7 7 7 7 4095
3 8 2 4 5 5 7 7 7 8 4095
3 8 2 4 5 5 7 7 7 10 8191
3 8 2 4 5 5 7 7 7 11 8191
3 8 2 4 5 5 7 7 8 8 4095
3 8 2 4 5 5 7 7 8 10 8191
3 8 2 4 5 5 7 7 8 11 8191
3 8 2 4 5 5 7 7 10 10 16383
3 8 2 4 5 5 7 7 10 11 16383
3 8 2 4 5 5 7 7 11 11 16383
3 8 2 4 5 5 7 8 8 8 16383
3 8 2 4 5 5 7 8 8 10 8191
3 8 2 4 5 5 7 8 8 11 32767
3 8 2 4 5 5 7 8 10 10 16383
3 8 2 4 5 5 7 8 10 11 16383
3 8 2 4 5 5 7 8 11 11 65535
3 8 2 4 5 5 7 10 10 10 32767
3 8 2 4 5 5 7 10 10 11 32767
3 8 2 4 5 5 7 10 11 11 32767
3 8 2 4 5 5 7 11 11 11 131071
3 8 2 4 5 5 8 8 8 8 16383
3 8 2 4 5 5 8 8 8 10 32767
3 8 2 4 5 5 8 8 8 11 32767
3 8 2 4 5 5 8 8 10 10 16383
3 8 2 4 5 5 8 8 10 11 65535
3 8 2 4 5 5 8 8 11 11 65535
3 8 2 4 5 5 8 10 10 10 32767
3 8 2 4 5 5 8 10 10 11 32767
3 8 2 4 5 5 8 10 11 11 131071
3 8 2 4 5 5 8 11 11 11 131071
3 8 2 4 5 5 10 10 10 10 65535
3 8 2 4 5 5 10 10 10 11 65535
3 8 2 4 5 5 10 10 11 11 65535
3 8 2 4 5 5 10 11 11 11 262143
3 8 2 4 5 5 11 11 11 11 262143
3 8 2 4 5 7 7 7 7 7 8191
3 8 2 4 5 7 7 7 7 8 8191
3 8 2 4 5 7 7 7 7 10 16383
3 8 2 4 5 7 7 7 7 11 16383
3 8 2 4 5 7 7 7 8 8 8191
3 8 2 4 5 7 7 7 8 10 16383
3 8 2 4 5 7 7 7 8 11 16383
3 8 2 4 5 7 7 7 10 10 32767
3 8 2 4 5 7 7 7 10 11 32767
3 8 2 4 5 7 7 7 11 11 32767
3 8 2 4 5 7 7 8 8 8 8191
3 8 2 4 5 7 7 8 8 10 16383
3 8 2 4 5 7 7 8 8 11 16383
3 8 2 4 5 7 7 8 10 10 32767
3 8 2 4 5 7 7 8 10 11 32767
3 8 2 4 5 7 7 8 11 11 32767
3 8 2 4 5 7 7 10 10 10 65535
3 8 2 4 5 7 7 10 10 11 65535
3 8 2 4 5 7 7 10 11 11 65535
3 8 2 4 5 7 7 11 11 11 65535
3 8 2 4 5 7 8 8 8 8 32767
3 8 2 4 5 7 8 8 8 10 16383
3 8 2 4 5 7 8 8 8 11 65535
3 8 2 4 5 7 8 8 10 10 32767
3 8 2 4 5 7 8 8 10 11 32767
3 8 2 4 5 7 8 8 11 11 131071
3 8 2 4 5 7 8 10 10 10 65535
3 8 2 4 5 7 8 10 10 11 65535
3 8 2 4 5 7 8 10 11 11 65535
3 8 2 4 5 7 8 11 11 11 262143
3 8 2 4 5 7 10 10 10 10 131071
3 8 2 4 5 7 10 10 10 11 131071
3 8 2 4 5 7 10 10 11 11 131071
3 8 2 4 5 7 10 11 11 11 131071
3 8 2 4 5 7 11 11 11 11 524287
3 8 2 4 5 8 8 8 8 8 32767
3 8 2 4 5 8 8 8 8 10 65535
3 8 2 4 5 8 8 8 8 11 65535
3 8 2 4 5 8 8 8 10 10 32767
3 8 2 4 5 8 8 8 10 11 131071
3 8 2 4 5 8 8 8 11 11 131071
3 8 2 4 5 8 8 10 10 10 65535
3 8 2 4 5 8 8 10 10 11 65535
3 8 2 4 5 8 8 10 11 11 262143
3 8 2 4 5 8 8 11 11 11 262143
3 8 2 4 5 8 10 10 10 10 131071
3 8 2 4 5 8 10 10 10 11 131071
3 8 2 4 5 8 10 10 11 11 131071
3 8 2 4 5 8 10 11 11 11 524287
3 8 2 4 5 8 11 11 11 11 524287
3 8 2 4 5 10 10 10 10 10 262143
3 8 2 4 5 10 10 10 10 11 262143
3 8 2 4 5 10 10 10 11 11 262143
3 8 2 4 5 10 10 11 11 11 262143
3 8 2 4 5 10 11 11 11 11 1048575
3 8 2 4 5 11 11 11 11 11 1048575
3 8 2 4 7 7 7 7 7 7 16383
3 8 2 4 7 7 7 7 7 8 16383
3 8 2 4 7 7 7 7 7 10 32767
3 8 2 4 7 7 7 7 7 11 32767
3 8 2 4 7 7 7 7 8 8 16383
3 8 2 4 7 7 7 7 8 10 32767
3 8 2 4 7 7 7 7 8 11 32767
3 8 2 4 7 7 7 7 10 10 65535
3 8 2 4 7 7 7 7 10 11 65535
3 8 2 4 7 7 7 7 11 11 65535
3 8 2 4 7 7 7 8 8 8 16383
3 8 2 4 7 7 7 8 8 10 32767
3 8 2 4 7 7 7 8 8 11 32767
3 8 2 4 7 7 7 8 10 10 65535
3 8 2 4 7 7 7 8 10 11 65535
3 8 2 4 7 7 7 8 11 11 65535
3 8 2 4 7 7 7 10 10 10 131071
3 8 2 4 7 7 7 10 10 11 131071
3 8 2 4 7 7 7 10 11 11 131071
3 8 2 4 7 7 7 11 11 11 131071
3 8 2 4 7 7 8 8 8 8 16383
3 8 2 4 7 7 8 8 8 10 32767
3 8 2 4 7 7 8 8 8 11 32767
3 8 2 4 7 7 8 8 10 10 65535
3 8 2 4 7 7 8 8 10 11 65535
3 8 2 4 7 7 8 8 11 11 65535
3 8 2 4 7 7 8 10 10 10 131071
3 8 2 4 7 7 8 10 10 11 131071
3 8 2 4 7 7 8 10 11 11 131071
3 8 2 4 7 7 8 11 11 11 131071
3 8 2 4 7 7 10 10 10 10 262143
3 8 2 4 7 7 10 10 10 11 262143
3 8 2 4 7 7 10 10 11 11 262143
3 8 2 4 7 7 10 11 11 11 262143
3 8 2 4 7 7 11 11 11 11 262143
3 8 2 4 7 8 8 8 8 8 65535
3 8 2 4 7 8 8 8 8 10 32767
3 8 2 4 7 8 8 8 8 11 131071
3 8 2 4 7 8 8 8 10 10 65535
3 8 2 4 7 8 8 8 10 11 65535
3 8 2 4 7 8 8 8 11 11 262143
3 8 2 4 7 8 8 10 10 10 131071
3 8 2 4 7 8 8 10 10 11 131071
3 8 2 4 7 8 8 10 11 11 131071
3 8 2 4 7 8 8 11 11 11 524287
3 8 2 4 7 8 10 10 10 10 262143
3 8 2 4 7 8 10 10 10 11 262143
3 8 2 4 7 8 10 10 11 11 262143
3 8 2 4 7 8 10 11 11 11 262143
3 8 2 4 7 8 11 11 11 11 1048575
3 8 2 4 7 10 10 10 10 10 524287
3 8 2 4 7 10 10 10 10 11 524287
3 8 2 4 7 10 10 10 11 11 524287
3 8 2 4 7 10 10 11 11 11 524287
3 8 2 4 7 10 11 11 11 11 524287
3 8 2 4 7 11 11 11 11 11 2097151
3 8 2 4 8 8 8 8 8 8 65535
3 8 2 4 8 8 8 8 8 10 131071
3 8 2 4 8 8 8 8 8 11 131071
3 8 2 4 8 8 8 8 10 10 65535
3 8 2 4 8 8 8 8 10 11 262143
3 8 2 4 8 8 8 8 11 11 262143
3 8 2 4 8 8 8 10 10 10 131071
3 8 2 4 8 8 8 10 10 11 131071
3 8 2 4 8 8 8 10 11 11 524287
3 8 2 4 8 8 8 11 11 11 524287
3 8 2 4 8 8 10 10 10 10 262143
3 8 2 4 8 8 10 10 10 11 262143
3 8 2 4 8 8 10 10 11 11 262143
3 8 2 4 8 8 10 11 11 11 1048575
3 8 2 4 8 8 11 11 11 11 1048575
3 8 2 4 8 10 10 10 10 10 524287
3 8 2 4 8 10 10 10 10 11 524287
3 8 2 4 8 10 10 10 11 11 524287
3 8 2 4 8 10 10 11 11 11 524287
3 8 2 4 8 10 11 11 11 11 2097151
3 8 2 4 8 11 11 11 11 11 2097151
3 8 2 4 10 10 10 10 10 10 1048575
3 8 2 4 10 10 10 10 10 11 1048575
3 8 2 4 10 10 10 10 11 11 1048575
3 8 2 4 10 10 10 11 11 11 1048575
3 8 2 4 10 10 11 11 11 11 1048575
3 8 2 4 10 11 11 11 11 11 4194303
3 8 2 4 11 11 11 11 11 11 4194303
3 8 2 5 5 5 5 5 5 5 1023
3 8 2 5 5 5 5 5 5 7 2047
3 8 2 5 5 5 5 5 5 8 2047
3 8 2 5 5 5 5 5 5 10 4095
3 8 2 5 5 5 5 5 5 11 4095
3 8 2 5 5 5 5 5 7 7 4095
3 8 2 5 5 5 5 5 7 8 4095
3 8 2 5 5 5 5 5 7 10 8191
3 8 2 5 5 5 5 5 7 11 8191
3 8 2 5 5 5 5 5 8 8 4095
3 8 2 5 5 5 5 5 8 10 8191
3 8 2 5 5 5 5 5 8 11 8191
3 8 2 5 5 5 5 5 10 10 16383
3 8 2 5 5 5 5 5 10 11 16383
3 8 2 5 5 5 5 5 11 11 16383
3 8 2 5 5 5 5 7 7 7 2047
3 8 2 5 5 5 5 7 7 8 8191
3 8 2 5 5 5 5 7 7 10 4095
3 8 2 5 5 5 5 7 7 11 16383
3 8 2 5 5 5 5 7 8 8 8191
3 8 2 5 5 5 5 7 8 10 16383
3 8 2 5 5 5 5 7 8 11 16383
3 8 2 5 5 5 5 7 10 10 8191
3 8 2 5 5 5 5 7 10 11 32767
3 8 2 5 5 5 5 7 11 11 32767
3 8 2 5 5 5 5 8 8 8 8191
3 8 2 5 5 5 5 8 8 10 16383
3 8 2 5 5 5 5 8 8 11 16383
3 8 2 5 5 5 5 8 10 10 32767
3 8 2 5 5 5 5 8 10 11 32767
3 8 2 5 5 5 5 8 11 11 32767
3 8 2 5 5 5 5 10 10 10 16383
3 8 2 5 5 5 5 10 10 11 65535
3 8 2 5 5 5 5 10 11 11 65535
3 8 2 5 5 5 5 11 11 11 65535
3 8 2 5 5 5 7 7 7 7 4095
3 8 2 5 5 5 7 7 7 8 4095
3 8 2 5 5 5 7 7 7 10 8191
3 8 2 5 5 5 7 7 7 11 8191
3 8 2 5 5 5 7 7 8 8 16383
3 8 2 5 5 5 7 7 8 10 8191
3 8 2 5 5 5 7 7 8 11 32767
3 8 2 5 5 5 7 7 10 10 16383
3 8 2 5 5 5 7 7 10 11 16383
3 8 2 5 5 5 7 7 11 11 65535
3 8 2 5 5 5 7 8 8 8 16383
3 8 2 5 5 5 7 8 8 10 32767
3 8 2 5 5 5 7 8 8 11 32767
3 8 2 5 5 5 7 8 10 10 16383
3 8 2 5 5 5 7 8 10 11 65535
3 8 2 5 5 5 7 8 11 11 65535
3 8 2 5 5 5 7 10 10 10 32767
3 8 2 5 5 5 7 10 10 11 32767
3 8 2 5 5 5 7 10 11 11 131071
3 8 2 5 5 5 7 11 11 11 131071
3 8 2 5 5 5 8 8 8 8 16383
3 8 2 5 5 5 8 8 8 10 32767
3 8 2 5 5 5 8 8 8 11 32767
3 8 2 5 5 5 8 8 10 10 65535
3 8 2 5 5 5 8 8 10 11 65535
3 8 2 5 5 5 8 8 11 11 65535
3 8 2 5 5 5 8 10 10 10 32767
3 8 2 5 5 5 8 10 10 11 131071
3 8 2 5 5 5 8 10 11 11 131071
3 8 2 5 5 5 8 11 11 11 131071
3 8 2 5 5 5 10 10 10 10 65535
3 8 2 5 5 5 10 10 10 11 65535
3 8 2 5 5 5 10 10 11 11 262143
3 8 2 5 5 5 10 11 11 11 262143
3 8 2 5 5 5 11 11 11 11 262143
3 8 2 5 5 7 7 7 7 7 8191
3 8 2 5 5 7 7 7 7 8 8191
3 8 2 5 5 7 7 7 7 10 16383
3 8 2 5 5 7 7 7 7 11 16383
3 8 2 5 5 7 7 7 8 8 8191
3 8 2 5 5 7 7 7 8 10 16383
3 8 2 5 5 7 7 7 8 11 16383
3 8 2 5 5 7 7 7 10 10 32767
3 8 2 5 5 7 7 7 10 11 32767
3 8 2 5 5 7 7 7 11 11 32767
3 8 2 5 5 7 7 8 8 8 32767
3 8 2 5 5 7 7 8 8 10 16383
3 8 2 5 5 7 7 8 8 11 65535
3 8 2 5 5 7 7 8 10 10 32767
3 8 2 5 5 7 7 8 10 11 32767
3 8 2 5 5 7 7 8 11 11 131071
3 8 2 5 5 7 7 10 10 10 65535
3 8 2 5 5 7 7 10 10 11 65535
3 8 2 5 5 7 7 10 11 11 65535
3 8 2 5 5 7 7 11 11 11 262143
3 8 2 5 5 7 8 8 8 8 32767
3 8 2 5 5 7 8 8 8 10 65535
3 8 2 5 5 7 8 8 8 11 65535
3 8 2 5 5 7 8 8 10 10 32767
3 8 2 5 5 7 8 8 10 11 131071
3 8 2 5 5 7 8 8 11 11 131071
3 8 2 5 5 7 8 10 10 10 65535
3 8 2 5 5 7 8 10 10 11 65535
3 8 2 5 5 7 8 10 11 11 262143
3 8 2 5 5 7 8 11 11 11 262143
3 8 2 5 5 7 10 10 10 10 131071
3 8 2 5 5 7 10 10 10 11 131071
3 8 2 5 5 7 10 10 11 11 131071
3 8 2 5 5 7 10 11 11 11 524287
3 8 2 5 5 7 11 11 11 11 524287
3 8 2 5 5 8 8 8 8 8 32767
3 8 2 5 5 8 8 8 8 10 65535
3 8 2 5 5 8 8 8 8 11 65535
3 8 2 5 5 8 8 8 10 10 131071
3 8 2 5 5 8 8 8 10 11 131071
3 8 2 5 5 8 8 8 11 11 131071
3 8 2 5 5 8 8 10 10 10 65535
3 8 2 5 5 8 8 10 10 11 262143
3 8 2 5 5 8 8 10 11 11 262143
3 8 2 5 5 8 8 11 11 11 262143
3 8 2 5 5 8 10 10 10 10 131071
3 8 2 5 5 8 10 10 10 11 131071
3 8 2 5 5 8 10 10 11 11 524287
3 8 2 5 5 8 10 11 11 11 524287
3 8 2 5 5 8 11 11 11 11 524287
3 8 2 5 5 10 10 10 10 10 262143
3 8 2 5 5 10 10 10 10 11 262143
3 8 2 5 5 10 10 10 11 11 262143
3 8 2 5 5 10 10 11 11 11 1048575
3 8 2 5 5 10 11 11 11 11 1048575
3 8 2 5 5 11 11 11 11 11 1048575
3 8 2 5 7 7 7 7 7 7 16383
3 8 2 5 7 7 7 7 7 8 16383
3 8 2 5 7 7 7 7 7 10 32767
3 8 2 5 7 7 7 7 7 11 32767
3 8 2 5 7 7 7 7 8 8 16383
3 8 2 5 7 7 7 7 8 10 32767
3 8 2 5 7 7 7 7 8 11 32767
3 8 2 5 7 7 7 7 10 10 65535
3 8 2 5 7 7 7 7 10 11 65535
3 8 2 5 7 7 7 7 11 11 65535
3 8 2 5 7 7 7 8 8 8 16383
3 8 2 5 7 7 7 8 8 10 32767
3 8 2 5 7 7 7 8 8 11 32767
3 8 2 5 7 7 7 8 10 10 65535
3 8 2 5 7 7 7 8 10 11 65535
3 8 2 5 7 7 7 8 11 11 65535
3 8 2 5 7 7 7 10 10 10 131071
3 8 2 5 7 7 7 10 10 11 131071
3 8 2 5 7 7 7 10 11 11 131071
3 8 2 5 7 7 7 11 11 11 131071
3 8 2 5 7 7 8 8 8 8 65535
3 8 2 5 7 7 8 8 8 10 32767
3 8 2 5 7 7 8 8 8 11 131071
3 8 2 5 7 7 8 8 10 10 65535
3 8 2 5 7 7 8 8 10 11 65535
3 8 2 5 7 7 8 8 11 11 262143
3 8 2 5 7 7 8 10 10 10 131071
3 8 2 5 7 7 8 10 10 11 131071
3 8 2 5 7 7 8 10 11 11 131071
3 8 2 5 7 7 8 11 11 11 524287
3 8 2 5 7 7 10 10 10 10 262143
3 8 2 5 7 7 10 10 10 11 262143
3 8 2 5 7 7 10 10 11 11 262143
3 8 2 5 7 7 10 11 11 11 262143
3 8 2 5 7 7 11 11 11 11 1048575
3 8 2 5 7 8 8 8 8 8 65535
3 8 2 5 7 8 8 8 8 10 131071
3 8 2 5 7 8 8 8 8 11 131071
3 8 2 5 7 8 8 8 10 10 65535
3 8 2 5 7 8 8 8 10 11 262143
3 8 2 5 7 8 8 8 11 11 262143
3 8 2 5 7 8 8 10 10 10 131071
3 8 2 5 7 8 8 10 10 11 131071
3 8 2 5 7 8 8 10 11 11 524287
3 8 2 5 7 8 8 11 11 11 524287
3 8 2 5 7 8 10 10 10 10 262143
3 8 2 5 7 8 10 10 10 11 262143
3 8 2 5 7 8 10 10 11 11 262143
3 8 2 5 7 8 10 11 11 11 1048575
3 8 2 5 7 8 11 11 11 11 1048575
3 8 2 5 7 10 10 10 10 10 524287
3 8 2 5 7 10 10 10 10 11 524287
3 8 2 5 7 10 10 10 11 11 524287
3 8 2 5 7 10 10 11 11 11 524287
3 8 2 5 7 10 11 11 11 11 2097151
3 8 2 5 7 11 11 11 11 11 2097151
3 8 2 5 8 8 8 8 8 8 65535
3 8 2 5 8 8 8 8 8 10 131071
3 8 2 5 8 8 8 8 8 11 131071
3 8 2 5 8 8 8 8 10 10 262143
3 8 2 5 8 8 8 8 10 11 262143
3 8 2 5 8 8 8 8 11 11 262143
3 8 2 5 8 8 8 10 10 10 131071
3 8 2 5 8 8 8 10 10 11 524287
3 8 2 5 8 8 8 10 11 11 524287
3 8 2 5 8 8 8 11 11 11 524287
3 8 2 5 8 8 10 10 10 10 262143
3 8 2 5 8 8 10 10 10 11 262143
3 8 2 5 8 8 10 10 11 11 1048575
3 8 2 5 8 8 10 11 11 11 1048575
3 8 2 5 8 8 11 11 11 11 1048575
3 8 2 5 8 10 10 10 10 10 524287
3 8 2 5 8 10 10 10 10 11 524287
3 8 2 5 8 10 10 10 11 11 524287
3 8 2 5 8 10 10 11 11 11 2097151
3 8 2 5 8 10 11 11 11 11 2097151
3 8 2 5 8 11 11 11 11 11 2097151
3 8 2 5 10 10 10 10 10 10 1048575
3 8 2 5 10 10 10 10 10 11 1048575
3 8 2 5 10 10 10 10 11 11 1048575
3 8 2 5 10 10 10 11 11 11 1048575
3 8 2 5 10 10 11 11 11 11 4194303
3 8 2 5 10 11 11 11 11 11 4194303
3 8 2 5 11 11 11 11 11 11 4194303
3 8 2 7 7 7 7 7 7 7 32767
3 8 2 7 7 7 7 7 7 8 32767
3 8 2 7 7 7 7 7 7 10 65535
3 8 2 7 7 7 7 7 7 11 65535
3 8 2 7 7 7 7 7 8 8 32767
3 8 2 7 7 7 7 7 8 10 65535
3 8 2 7 7 7 7 7 8 11 65535
3 8 2 7 7 7 7 7 10 10 131071
3 8 2 7 7 7 7 7 10 11 131071
3 8 2 7 7 7 7 7 11 11 131071
3 8 2 7 7 7 7 8 8 8 32767
3 8 2 7 7 7 7 8 8 10 65535
3 8 2 7 7 7 7 8 8 11 65535
3 8 2 7 7 7 7 8 10 10 131071
3 8 2 7 7 7 7 8 10 11 131071
3 8 2 7 7 7 7 8 11 11 131071
3 8 2 7 7 7 7 10 10 10 262143
3 8 2 7 7 7 7 10 10 11 262143
3 8 2 7 7 7 7 10 11 11 262143
3 8 2 7 7 7 7 11 11 11 262143
3 8 2 7 7 7 8 8 8 8 32767
3 8 2 7 7 7 8 8 8 10 65535
3 8 2 7 7 7 8 8 8 11 65535
3 8 2 7 7 7 8 8 10 10 131071
3 8 2 7 7 7 8 8 10 11 131071
3 8 2 7 7 7 8 8 11 11 131071
3 8 2 7 7 7 8 10 10 10 262143
3 8 2 7 7 7 8 10 10 11 262143
3 8 2 7 7 7 8 10 11 11 262143
3 8 2 7 7 7 8 11 11 11 262143
3 8 2 7 7 7 10 10 10 10 524287
3 8 2 7 7 7 10 10 10 11 524287
3 8 2 7 7 7 10 10 11 11 524287
3 8 2 7 7 7 10 11 11 11 524287
3 8 2 7 7 7 11 11 11 11 524287
3 8 2 7 7 8 8 8 8 8 131071
3 8 2 7 7 8 8 8 8 10 65535
3 8 2 7 7 8 8 8 8 11 262143
3 8 2 7 7 8 8 8 10 10 131071
3 8 2 7 7 8 8 8 10 11 131071
3 8 2 7 7 8 8 8 11 11 524287
3 8 2 7 7 8 8 10 10 10 262143
3 8 2 7 7 8 8 10 10 11 262143
3 8 2 7 7 8 8 10 11 11 262143
3 8 2 7 7 8 8 11 11 11 1048575
3 8 2 7 7 8 10 10 10 10 524287
3 8 2 7 7 8 10 10 10 11 524287
3 8 2 7 7 8 10 10 11 11 524287
3 8 2 7 7 8 10 11 11 11 524287
3 8 2 7 7 8 11 11 11 11 2097151
3 8 2 7 7 10 10 10 10 10 1048575
3 8 2 7 7 10 10 10 10 11 1048575
3 8 2 7 7 10 10 10 11 11 1048575
3 8 2 7 7 10 10 11 11 11 1048575
3 8 2 7 7 10 11 11 11 11 1048575
3 8 2 7 7 11 11 11 11 11 4194303
3 8 2 7 8 8 8 8 8 8 131071
3 8 2 7 8 8 8 8 8 10 262143
3 8 2 7 8 8 8 8 8 11 262143
3 8 2 7 8 8 8 8 10 10 131071
3 8 2 7 8 8 8 8 10 11 524287
3 8 2 7 8 8 8 8 11 11 524287
3 8 2 7 8 8 8 10 10 10 262143
3 8 2 7 8 8 8 10 10 11 262143
3 8 2 7 8 8 8 10 11 11 1048575
3 8 2 7 8 8 8 11 11 11 1048575
3 8 2 7 8 8 10 10 10 10 524287
3 8 2 7 8 8 10 10 10 11 524287
3 8 2 7 8 8 10 10 11 11 524287
3 8 2 7 8 8 10 11 11 11 2097151
3 8 2 7 8 8 11 11 11 11 2097151
3 8 2 7 8 10 10 10 10 10 1048575
3 8 2 7 8 10 10 10 10 11 1048575
3 8 2 7 8 10 10 10 11 11 1048575
3 8 2 7 8 10 10 11 11 11 1048575
3 8 2 7 8 10 11 11 11 11 4194303
3 8 2 7 8 11 11 11 11 11 4194303
3 8 2 7 10 10 10 10 10 10 2097151
3 8 2 7 10 10 10 10 10 11 2097151
3 8 2 7 10 10 10 10 11 11 2097151
3 8 2 7 10 10 10 11 11 11 2097151
3 8 2 7 10 10 11 11 11 11 2097151
3 8 2 7 10 11 11 11 11 11 8388607
3 8 2 7 11 11 11 11 11 11 8388607
3 8 2 8 8 8 8 8 8 8 131071
3 8 2 8 8 8 8 8 8 10 262143
3 8 2 8 8 8 8 8 8 11 262143
3 8 2 8 8 8 8 8 10 10 524287
3 8 2 8 8 8 8 8 10 11 524287
3 8 2 8 8 8 8 8 11 11 524287
3 8 2 8 8 8 8 10 10 10 262143
3 8 2 8 8 8 8 10 10 11 1048575
3 8 2 8 8 8 8 10 11 11 1048575
3 8 2 8 8 8 8 11 11 11 1048575
3 8 2 8 8 8 10 10 10 10 524287
3 8 2 8 8 8 10 10 10 11 524287
3 8 2 8 8 8 10 10 11 11 2097151
3 8 2 8 8 8 10 11 11 11 2097151
3 8 2 8 8 8 11 11 11 11 2097151
3 8 2 8 8 10 10 10 10 10 1048575
3 8 2 8 8 10 10 10 10 11 1048575
3 8 2 8 8 10 10 10 11 11 1048575
3 8 2 8 8 10 10 11 11 11 4194303
3 8 2 8 8 10 11 11 11 11 4194303
3 8 2 8 8 11 11 11 11 11 4194303
3 8 2 8 10 10 10 10 10 10 2097151
3 8 2 8 10 10 10 10 10 11 2097151
3 8 2 8 10 10 10 10 11 11 2097151
3 8 2 8 10 10 10 11 11 11 2097151
3 8 2 8 10 10 11 11 11 11 8388607
3 8 2 8 10 11 11 11 11 11 8388607
3 8 2 8 11 11 11 11 11 11 8388607
3 8 2 10 10 10 10 10 10 10 4194303
3 8 2 10 10 10 10 10 10 11 4194303
3 8 2 10 10 10 10 10 11 11 4194303
3 8 2 10 10 10 10 11 11 11 4194303
3 8 2 10 10 10 11 11 11 11 4194303
3 8 2 10 10 11 11 11 11 11 16777215
3 8 2 10 11 11 11 11 11 11 16777215
3 8 2 11 11 11 11 11 11 11 16777215
3 8 4 4 4 4 4 4 4 4 511
3 8 4 4 4 4 4 4 4 5 511
3 8 4 4 4 4 4 4 4 7 1023
3 8 4 4 4 4 4 4 4 8 1023
3 8 4 4 4 4 4 4 4 10 2047
3 8 4 4 4 4 4 4 4 11 2047
3 8 4 4 4 4 4 4 5 5 511
3 8 4 4 4 4 4 4 5 7 1023
3 8 4 4 4 4 4 4 5 8 1023
3 8 4 4 4 4 4 4 5 10 2047
3 8 4 4 4 4 4 4 5 11 2047
3 8 4 4 4 4 4 4 7 7 2047
3 8 4 4 4 4 4 4 7 8 2047
3 8 4 4 4 4 4 4 7 10 4095
3 8 4 4 4 4 4 4 7 11 4095
3 8 4 4 4 4 4 4 8 8 2047
3 8 4 4 4 4 4 4 8 10 4095
3 8 4 4 4 4 4 4 8 11 4095
3 8 4 4 4 4 4 4 10 10 8191
3 8 4 4 4 4 4 4 10 11 8191
3 8 4 4 4 4 4 4 11 11 8191
3 8 4 4 4 4 4 5 5 5 511
3 8 4 4 4 4 4 5 5 7 1023
3 8 4 4 4 4 4 5 5 8 1023
3 8 4 4 4 4 4 5 5 10 2047
3 8 4 4 4 4 4 5 5 11 2047
3 8 4 4 4 4 4 5 7 7 2047
3 8 4 4 4 4 4 5 7 8 2047
3 8 4 4 4 4 4 5 7 10 4095
3 8 4 4 4 4 4 5 7 11 4095
3 8 4 4 4 4 4 5 8 8 2047
3 8 4 4 4 4 4 5 8 10 4095
3 8 4 4 4 4 4 5 8 11 4095
3 8 4 4 4 4 4 5 10 10 8191
3 8 4 4 4 4 4 5 10 11 8191
3 8 4 4 4 4 4 5 11 11 8191
3 8 4 4 4 4 4 7 7 7 4095
3 8 4 4 4 4 4 7 7 8 4095
3 8 4 4 4 4 4 7 7 10 8191
3 8 4 4 4 4 4 7 7 11 8191
3 8 4 4 4 4 4 7 8 8 4095
3 8 4 4 4 4 4 7 8 10 8191
3 8 4 4 4 4 4 7 8 11 8191
3 8 4 4 4 4 4 7 10 10 16383
3 8 4 4 4 4 4 7 10 11 16383
3 8 4 4 4 4 4 7 11 11 16383
3 8 4 4 4 4 4 8 8 8 4095
3 8 4 4 4 4 4 8 8 10 8191
3 8 4 4 4 4 4 8 8 11 8191
3 8 4 4 4 4 4 8 10 10 16383
3 8 4 4 4 4 4 8 10 11 16383
3 8 4 4 4 4 4 8 11 11 16383
3 8 4 4 4 4 4 10 10 10 32767
3 8 4 4 4 4 4 10 10 11 32767
3 8 4 4 4 4 4 10 11 11 32767
3 8 4 4 4 4 4 11 11 11 32767
3 8 4 4 4 4 5 5 5 5 511
3 8 4 4 4 4 5 5 5 7 1023
3 8 4 4 4 4 5 5 5 8 1023
3 8 4 4 4 4 5 5 5 10 2047
3 8 4 4 4 4 5 5 5 11 2047
3 8 4 4 4 4 5 5 7 7 2047
3 8 4 4 4 4 5 5 7 8 2047
3 8 4 4 4 4 5 5 7 10 4095
3 8 4 4 4 4 5 5 7 11 4095
3 8 4 4 4 4 5 5 8 8 2047
3 8 4 4 4 4 5 5 8 10 4095
3 8 4 4 4 4 5 5 8 11 4095
3 8 4 4 4 4 5 5 10 10 8191
3 8 4 4 4 4 5 5 10 11 8191
3 8 4 4 4 4 5 5 11 11 8191
3 8 4 4 4 4 5 7 7 7 4095
3 8 4 4 4 4 5 7 7 8 4095
3 8 4 4 4 4 5 7 7 10 8191
3 8 4 4 4 4 5 7 7 11 8191
3 8 4 4 4 4 5 7 8 8 4095
3 8 4 4 4 4 5 7 8 10 8191
3 8 4 4 4 4 5 7 8 11 8191
3 8 4 4 4 4 5 7 10 10 16383
3 8 4 4 4 4 5 7 10 11 16383
3 8 4 4 4 4 5 7 11 11 16383
3 8 4 4 4 4 5 8 8 8 4095
3 8 4 4 4 4 5 8 8 10 8191
3 8 4 4 4 4 5 8 8 11 8191
3 8 4 4 4 4 5 8 10 10 16383
3 8 4 4 4 4 5 8 10 11 16383
3 8 4 4 4 4 5 8 11 11 16383
3 8 4 4 4 4 5 10 10 10 32767
3 8 4 4 4 4 5 10 10 11 32767
3 8 4 4 4 4 5 10 11 11 32767
3 8 4 4 4 4 5 11 11 11 32767
3 8 4 4 4 4 7 7 7 7 8191
3 8 4 4 4 4 7 7 7 8 8191
3 8 4 4 4 4 7 7 7 10 16383
3 8 4 4 4 4 7 7 7 11 16383
3 8 4 4 4 4 7 7 8 8 8191
3 8 4 4 4 4 7 7 8 10 16383
3 8 4 4 4 4 7 7 8 11 16383
3 8 4 4 4 4 7 7 10 10 32767
3 8 4 4 4 4 7 7 10 11 32767
3 8 4 4 4 4 7 7 11 11 32767
3 8 4 4 4 4 7 8 8 8 8191
3 8 4 4 4 4 7 8 8 10 16383
3 8 4 4 4 4 7 8 8 11 16383
3 8 4 4 4 4 7 8 10 10 32767
3 8 4 4 4 4 7 8 10 11 32767
3 8 4 4 4 4 7 8 11 11 32767
3 8 4 4 4 4 7 10 10 10 65535
3 8 4 4 4 4 7 10 10 11 65535
3 8 4 4 4 4 7 10 11 11 65535
3 8 4 4 4 4 7 11 11 11 65535
3 8 4 4 4 4 8 8 8 8 8191
3 8 4 4 4 4 8 8 8 10 16383
3 8 4 4 4 4 8 8 8 11 16383
3 8 4 4 4 4 8 8 10 10 32767
3 8 4 4 4 4 8 8 10 11 32767
3 8 4 4 4 4 8 8 11 11 32767
3 8 4 4 4 4 8 10 10 10 65535
3 8 4 4 4 4 8 10 10 11 65535
3 8 4 4 4 4 8 10 11 11 65535
3 8 4 4 4 4 8 11 11 11 65535
3 8 4 4 4 4 10 10 10 10 131071
3 8 4 4 4 4 10 10 10 11 131071
3 8 4 4 4 4 10 10 11 11 131071
3 8 4 4 4 4 10 11 11 11 131071
3 8 4 4 4 4 11 11 11 11 131071
3 8 4 4 4 5 5 5 5 5 511
3 8 4 4 4 5 5 5 5 7 1023
3 8 4 4 4 5 5 5 5 8 1023
3 8 4 4 4 5 5 5 5 10 2047
3 8 4 4 4 5 5 5 5 11 2047
3 8 4 4 4 5 5 5 7 7 2047
3 8 4 4 4 5 5 5 7 8 2047
3 8 4 4 4 5 5 5 7 10 4095
3 8 4 4 4 5 5 5 7 11 4095
3 8 4 4 4 5 5 5 8 8 2047
3 8 4 4 4 5 5 5 8 10 4095
3 8 4 4 4 5 5 5 8 11 4095
3 8 4 4 4 5 5 5 10 10 8191
3 8 4 4 4 5 5 5 10 11 8191
3 8 4 4 4 5 5 5 11 11 8191
3 8 4 4 4 5 5 7 7 7 4095
3 8 4 4 4 5 5 7 7 8 4095
3 8 4 4 4 5 5 7 7 10 8191
3 8 4 4 4 5 5 7 7 11 8191
3 8 4 4 4 5 5 7 8 8 4095
3 8 4 4 4 5 5 7 8 10 8191
3 8 4 4 4 5 5 7 8 11 8191
3 8 4 4 4 5 5 7 10 10 16383
3 8 4 4 4 5 5 7 10 11 16383
3 8 4 4 4 5 5 7 11 11 16383
3 8 4 4 4 5 5 8 8 8 4095
3 8 4 4 4 5 5 8 8 10 8191
3 8 4 4 4 5 5 8 8 11 8191
3 8 4 4 4 5 5 8 10 10 16383
3 8 4 4 4 5 5 8 10 11 16383
3 8 4 4 4 5 5 8 11 11 16383
3 8 4 4 4 5 5 10 10 10 32767
3 8 4 4 4 5 5 10 10 11 32767
3 8 4 4 4 5 5 10 11 11 32767
3 8 4 4 4 5 5 11 11 11 32767
3 8 4 4 4 5 7 7 7 7 8191
3 8 4 4 4 5 7 7 7 8 8191
3 8 4 4 4 5 7 7 7 10 16383
3 8 4 4 4 5 7 7 7 11 16383
3 8 4 4 4 5 7 7 8 8 8191
3 8 4 4 4 5 7 7 8 10 16383
3 8 4 4 4 5 7 7 8 11 16383
3 8 4 4 4 5 7 7 10 10 32767
3 8 4 4 4 5 7 7 10 11 32767
3 8 4 4 4 5 7 7 11 11 32767
3 8 4 4 4 5 7 8 8 8 8191
3 8 4 4 4 5 7 8 8 10 16383
3 8 4 4 4 5 7 8 8 11 16383
3 8 4 4 4 5 7 8 10 10 32767
3 8 4 4 4 5 7 8 10 11 32767
3 8 4 4 4 5 7 8 11 11 32767
3 8 4 4 4 5 7 10 10 10 65535
3 8 4 4 4 5 7 10 10 11 65535
3 8 4 4 4 5 7 10 11 11 65535
3 8 4 4 4 5 7 11 11 11 65535
3 8 4 4 4 5 8 8 8 8 8191
3 8 4 4 4 5 8 8 8 10 16383
3 8 4 4 4 5 8 8 8 11 16383
3 8 4 4 4 5 8 8 10 10 32767
3 8 4 4 4 5 8 8 10 11 32767
3 8 4 4 4 5 8 8 11 11 32767
3 8 4 4 4 5 8 10 10 10 65535
3 8 4 4 4 5 8 10 10 11 65535
3 8 4 4 4 5 8 10 11 11 65535
3 8 4 4 4 5 8 11 11 11 65535
3 8 4 4 4 5 10 10 10 10 131071
3 8 4 4 4 5 10 10 10 11 131071
3 8 4 4 4 5 10 10 11 11 131071
3 8 4 4 4 5 10 11 11 11 131071
3 8 4 4 4 5 11 11 11 11 131071
3 8 4 4 4 7 7 7 7 7 16383
3 8 4 4 4 7 7 7 7 8 16383
3 8 4 4 4 7 7 7 7 10 32767
3 8 4 4 4 7 7 7 7 11 32767
3 8 4 4 4 7 7 7 8 8 16383
3 8 4 4 4 7 7 7 8 10 32767
3 8 4 4 4 7 7 7 8 11 32767
3 8 4 4 4 7 7 7 10 10 65535
3 8 4 4 4 7 7 7 10 11 65535
3 8 4 4 4 7 7 7 11 11 65535
3 8 4 4 4 7 7 8 8 8 16383
3 8 4 4 4 7 7 8 8 10 32767
3 8 4 4 4 7 7 8 8 11 32767
3 8 4 4 4 7 7 8 10 10 65535
3 8 4 4 4 7 7 8 10 11 65535
3 8 4 4 4 7 7 8 11 11 65535
3 8 4 4 4 7 7 10 10 10 131071
3 8 4 4 4 7 7 10 10 11 131071
3 8 4 4 4 7 7 10 11 11 131071
3 8 4 4 4 7 7 11 11 11 131071
3 8 4 4 4 7 8 8 8 8 16383
3 8 4 4 4 7 8 8 8 10 32767
3 8 4 4 4 7 8 8 8 11 32767
3 8 4 4 4 7 8 8 10 10 65535
3 8 4 4 4 7 8 8 10 11 65535
3 8 4 4 4 7 8 8 11 11 65535
3 8 4 4 4 7 8 10 10 10 131071
3 8 4 4 4 7 8 10 10 11 131071
3 8 4 4 4 7 8 10 11 11 131071
3 8 4 4 4 7 8 11 11 11 131071
3 8 4 4 4 7 10 10 10 10 262143
3 8 4 4 4 7 10 10 10 11 262143
3 8 4 4 4 7 10 10 11 11 262143
3 8 4 4 4 7 10 11 11 11 262143
3 8 4 4 4 7 11 11 11 11 262143
3 8 4 4 4 8 8 8 8 8 16383
3 8 4 4 4 8 8 8 8 10 32767
3 8 4 4 4 8 8 8 8 11 32767
3 8 4 4 4 8 8 8 10 10 65535
3 8 4 4 4 8 8 8 10 11 65535
3 8 4 4 4 8 8 8 11 11 65535
3 8 4 4 4 8 8 10 10 10 131071
3 8 4 4 4 8 8 10 10 11 131071
3 8 4 4 4 8 8 10 11 11 131071
3 8 4 4 4 8 8 11 11 11 131071
3 8 4 4 4 8 10 10 10 10 262143
3 8 4 4 4 8 10 10 10 11 262143
3 8 4 4 4 8 10 10 11 11 262143
3 8 4 4 4 8 10 11 11 11 262143
3 8 4 4 4 8 11 11 11 11 262143
3 8 4 4 4 10 10 10 10 10 524287
3 8 4 4 4 10 10 10 10 11 524287
3 8 4 4 4 10 10 10 11 11 524287
3 8 4 4 4 10 10 11 11 11 524287
3 8 4 4 4 10 11 11 11 11 524287
3 8 4 4 4 11 11 11 11 11 524287
3 8 4 4 5 5 5 5 5 5 2047
3 8 4 4 5 5 5 5 5 7 1023
3 8 4 4 5 5 5 5 5 8 4095
3 8 4 4 5 5 5 5 5 10 2047
3 8 4 4 5 5 5 5 5 11 8191
3 8 4 4 5 5 5 5 7 7 2047
3 8 4 4 5 5 5 5 7 8 2047
3 8 4 4 5 5 5 5 7 10 4095
3 8 4 4 5 5 5 5 7 11 4095
3 8 4 4 5 5 5 5 8 8 8191
3 8 4 4 5 5 5 5 8 10 4095
3 8 4 4 5 5 5 5 8 11 16383
3 8 4 4 5 5 5 5 10 10 8191
3 8 4 4 5 5 5 5 10 11 8191
3 8 4 4 5 5 5 5 11 11 32767
3 8 4 4 5 5 5 7 7 7 4095
3 8 4 4 5 5 5 7 7 8 4095
3 8 4 4 5 5 5 7 7 10 8191
3 8 4 4 5 5 5 7 7 11 8191
3 8 4 4 5 5 5 7 8 8 4095
3 8 4 4 5 5 5 7 8 10 8191
3 8 4 4 5 5 5 7 8 11 8191
3 8 4 4 5 5 5 7 10 10 16383
3 8 4 4 5 5 5 7 10 11 16383
3 8 4 4 5 5 5 7 11 11 16383
3 8 4 4 5 5 5 8 8 8 16383
3 8 4 4 5 5 5 8 8 10 8191
3 8 4 4 5 5 5 8 8 11 32767
3 8 4 4 5 5 5 8 10 10 16383
3 8 4 4 5 5 5 8 10 11 16383
3 8 4 4 5 5 5 8 11 11 65535
3 8 4 4 5 5 5 10 10 10 32767
3 8 4 4 5 5 5 10 10 11 32767
3 8 4 4 5 5 5 10 11 11 32767
3 8 4 4 5 5 5 11 11 11 131071
3 8 4 4 5 5 7 7 7 7 8191
3 8 4 4 5 5 7 7 7 8 8191
3 8 4 4 5 5 7 7 7 10 16383
3 8 4 4 5 5 7 7 7 11 16383
3 8 4 4 5 5 7 7 8 8 8191
3 8 4 4 5 5 7 7 8 10 16383
3 8 4 4 5 5 7 7 8 11 16383
3 8 4 4 5 5 7 7 10 10 32767
3 8 4 4 5 5 7 7 10 11 32767
3 8 4 4 5 5 7 7 11 11 32767
3 8 4 4 5 5 7 8 8 8 8191
3 8 4 4 5 5 7 8 8 10 16383
3 8 4 4 5 5 7 8 8 11 16383
3 8 4 4 5 5 7 8 10 10 32767
3 8 4 4 5 5 7 8 10 11 32767
3 8 4 4 5 5 7 8 11 11 32767
3 8 4 4 5 5 7 10 10 10 65535
3 8 4 4 5 5 7 10 10 11 65535
3 8 4 4 5 5 7 10 11 11 65535
3 8 4 4 5 5 7 11 11 11 65535
3 8 4 4 5 5 8 8 8 8 32767
3 8 4 4 5 5 8 8 8 10 16383
3 8 4 4 5 5 8 8 8 11 65535
3 8 4 4 5 5 8 8 10 10 32767
3 8 4 4 5 5 8 8 10 11 32767
3 8 4 4 5 5 8 8 11 11 131071
3 8 4 4 5 5 8 10 10 10 65535
3 8 4 4 5 5 8 10 10 11 65535
3 8 4 4 5 5 8 10 11 11 65535
3 8 4 4 5 5 8 11 11 11 262143
3 8 4 4 5 5 10 10 10 10 131071
3 8 4 4 5 5 10 10 10 11 131071
3 8 4 4 5 5 10 10 11 11 131071
3 8 4 4 5 5 10 11 11 11 131071
3 8 4 4 5 5 11 11 11 11 524287
3 8 4 4 5 7 7 7 7 7 16383
3 8 4 4 5 7 7 7 7 8 16383
3 8 4 4 5 7 7 7 7 10 32767
3 8 4 4 5 7 7 7 7 11 32767
3 8 4 4 5 7 7 7 8 8 16383
3 8 4 4 5 7 7 7 8 10 32767
3 8 4 4 5 7 7 7 8 11 32767
3 8 4 4 5 7 7 7 10 10 65535
3 8 4 4 5 7 7 7 10 11 65535
3 8 4 4 5 7 7 7 11 11 65535
3 8 4 4 5 7 7 8 8 8 16383
3 8 4 4 5 7 7 8 8 10 32767
3 8 4 4 5 7 7 8 8 11 32767
3 8 4 4 5 7 7 8 10 10 65535
3 8 4 4 5 7 7 8 10 11 65535
3 8 4 4 5 7 7 8 11 11 65535
3 8 4 4 5 7 7 10 10 10 131071
3 8 4 4 5 7 7 10 10 11 131071
3 8 4 4 5 7 7 10 11 11 131071
3 8 4 4 5 7 7 11 11 11 131071
3 8 4 4 5 7 8 8 8 8 16383
3 8 4 4 5 7 8 8 8 10 32767
3 8 4 4 5 7 8 8 8 11 32767
3 8 4 4 5 7 8 8 10 10 65535
3 8 4 4 5 7 8 8 10 11 65535
3 8 4 4 5 7 8 8 11 11 65535
3 8 4 4 5 7 8 10 10 10 131071
3 8 4 4 5 7 8 10 10 11 131071
3 8 4 4 5 7 8 10 11 11 131071
3 8 4 4 5 7 8 11 11 11 131071
3 8 4 4 5 7 10 10 10 10 262143
3 8 4 4 5 7 10 10 10 11 262143
3 8 4 4 5 7 10 10 11 11 262143
3 8 4 4 5 7 10 11 11 11 262143
3 8 4 4 5 7 11 11 11 11 262143
3 8 4 4 5 8 8 8 8 8 65535
3 8 4 4 5 8 8 8 8 10 32767
3 8 4 4 5 8 8 8 8 11 131071
3 8 4 4 5 8 8 8 10 10 65535
3 8 4 4 5 8 8 8 10 11 65535
3 8 4 4 5 8 8 8 11 11 262143
3 8 4 4 5 8 8 10 10 10 131071
3 8 4 4 5 8 8 10 10 11 131071
3 8 4 4 5 8 8 10 11 11 131071
3 8 4 4 5 8 8 11 11 11 524287
3 8 4 4 5 8 10 10 10 10 262143
3 8 4 4 5 8 10 10 10 11 262143
3 8 4 4 5 8 10 10 11 11 262143
3 8 4 4 5 8 10 11 11 11 262143
3 8 4 4 5 8 11 11 11 11 1048575
3 8 4 4 5 10 10 10 10 10 524287
3 8 4 4 5 10 10 10 10 11 524287
3 8 4 4 5 10 10 10 11 11 524287
3 8 4 4 5 10 10 11 11 11 524287
3 8 4 4 5 10 11 11 11 11 524287
3 8 4 4 5 11 11 11 11 11 2097151
3 8 4 4 7 7 7 7 7 7 32767
3 8 4 4 7 7 7 7 7 8 32767
3 8 4 4 7 7 7 7 7 10 65535
3 8 4 4 7 7 7 7 7 11 65535
3 8 4 4 7 7 7 7 8 8 32767
3 8 4 4 7 7 7 7 8 10 65535
3 8 4 4 7 7 7 7 8 11 65535
3 8 4 4 7 7 7 7 10 10 131071
3 8 4 4 7 7 7 7 10 11 131071
3 8 4 4 7 7 7 7 11 11 131071
3 8 4 4 7 7 7 8 8 8 32767
3 8 4 4 7 7 7 8 8 10 65535
3 8 4 4 7 7 7 8 8 11 65535
3 8 4 4 7 7 7 8 10 10 131071
3 8 4 4 7 7 7 8 10 11 131071
3 8 4 4 7 7 7 8 11 11 131071
3 8 4 4 7 7 7 10 10 10 262143
3 8 4 4 7 7 7 10 10 11 262143
3 8 4 4 7 7 7 10 11 11 262143
3 8 4 4 7 7 7 11 11 11 262143
3 8 4 4 7 7 8 8 8 8 32767
3 8 4 4 7 7 8 8 8 10 65535
3 8 4 4 7 7 8 8 8 11 65535
3 8 4 4 7 7 8 8 10 10 131071
3 8 4 4 7 7 8 8 10 11 131071
3 8 4 4 7 7 8 8 11 11 131071
3 8 4 4 7 7 8 10 10 10 262143
3 8 4 4 7 7 8 10 10 11 262143
3 8 4 4 7 7 8 10 11 11 262143
3 8 4 4 7 7 8 11 11 11 262143
3 8 4 4 7 7 10 10 10 10 524287
3 8 4 4 7 7 10 10 10 11 524287
3 8 4 4 7 7 10 10 11 11 524287
3 8 4 4 7 7 10 11 11 11 524287
3 8 4 4 7 7 11 11 11 11 524287
3 8 4 4 7 8 8 8 8 8 32767
3 8 4 4 7 8 8 8 8 10 65535
3 8 4 4 7 8 8 8 8 11 65535
3 8 4 4 7 8 8 8 10 10 131071
3 8 4 4 7 8 8 8 10 11 131071
3 8 4 4 7 8 8 8 11 11 131071
3 8 4 4 7 8 8 10 10 10 262143
3 8 4 4 7 8 8 10 10 11 262143
3 8 4 4 7 8 8 10 11 11 262143
3 8 4 4 7 8 8 11 11 11 262143
3 8 4 4 7 8 10 10 10 10 524287
3 8 4 4 7 8 10 10 10 11 524287
3 8 4 4 7 8 10 10 11 11 524287
3 8 4 4 7 8 10 11 11 11 524287
3 8 4 4 7 8 11 11 11 11 524287
3 8 4 4 7 10 10 10 10 10 1048575
3 8 4 4 7 10 10 10 10 11 1048575
3 8 4 4 7 10 10 10 11 11 1048575
3 8 4 4 7 10 10 11 11 11 1048575
3 8 4 4 7 10 11 11 11 11 1048575
3 8 4 4 7 11 11 11 11 11 1048575
3 8 4 4 8 8 8 8 8 8 131071
3 8 4 4 8 8 8 8 8 10 65535
3 8 4 4 8 8 8 8 8 11 262143
3 8 4 4 8 8 8 8 10 10 131071
3 8 4 4 8 8 8 8 10 11 131071
3 8 4 4 8 8 8 8 11 11 524287
3 8 4 4 8 8 8 10 10 10 262143
3 8 4 4 8 8 8 10 10 11 262143
3 8 4 4 8 8 8 10 11 11 262143
3 8 4 4 8 8 8 11 11 11 1048575
3 8 4 4 8 8 10 10 10 10 524287
3 8 4 4 8 8 10 10 10 11 524287
3 8 4 4 8 8 10 10 11 11 524287
3 8 4 4 8 8 10 11 11 11 524287
3 8 4 4 8 8 11 11 11 11 2097151
3 8 4 4 8 10 10 10 10 10 1048575
3 8 4 4 8 10 10 10 10 11 1048575
3 8 4 4 8 10 10 10 11 11 1048575
3 8 4 4 8 10 10 11 11 11 1048575
3 8 4 4 8 10 11 11 11 11 1048575
3 8 4 4 8 11 11 11 11 11 4194303
3 8 4 4 10 10 10 10 10 10 2097151
3 8 4 4 10 10 10 10 10 11 2097151
3 8 4 4 10 10 10 10 11 11 2097151
3 8 4 4 10 10 10 11 11 11 2097151
3 8 4 4 10 10 11 11 11 11 2097151
3 8 4 4 10 11 11 11 11 11 2097151
3 8 4 4 11 11 11 11 11 11 8388607
3 8 4 5 5 5 5 5 5 5 2047
3 8 4 5 5 5 5 5 5 7 4095
3 8 4 5 5 5 5 5 5 8 4095
3 8 4 5 5 5 5 5 5 10 8191
3 8 4 5 5 5 5 5 5 11 8191
3 8 4 5 5 5 5 5 7 7 2047
3 8 4 5 5 5 5 5 7 8 8191
3 8 4 5 5 5 5 5 7 10 4095
3 8 4 5 5 5 5 5 7 11 16383
3 8 4 5 5 5 5 5 8 8 8191
3 8 4 5 5 5 5 5 8 10 16383
3 8 4 5 5 5 5 5 8 11 16383
3 8 4 5 5 5 5 5 10 10 8191
3 8 4 5 5 5 5 5 10 11 32767
3 8 4 5 5 5 5 5 11 11 32767
3 8 4 5 5 5 5 7 7 7 4095
3 8 4 5 5 5 5 7 7 8 4095
3 8 4 5 5 5 5 7 7 10 8191
3 8 4 5 5 5 5 7 7 11 8191
3 8 4 5 5 5 5 7 8 8 16383
3 8 4 5 5 5 5 7 8 10 8191
3 8 4 5 5 5 5 7 8 11 32767
3 8 4 5 5 5 5 7 10 10 16383
3 8 4 5 5 5 5 7 10 11 16383
3 8 4 5 5 5 5 7 11 11 65535
3 8 4 5 5 5 5 8 8 8 16383
3 8 4 5 5 5 5 8 8 10 32767
3 8 4 5 5 5 5 8 8 11 32767
3 8 4 5 5 5 5 8 10 10 16383
3 8 4 5 5 5 5 8 10 11 65535
3 8 4 5 5 5 5 8 11 11 65535
3 8 4 5 5 5 5 10 10 10 32767
3 8 4 5 5 5 5 10 10 11 32767
3 8 4 5 5 5 5 10 11 11 131071
3 8 4 5 5 5 5 11 11 11 131071
3 8 4 5 5 5 7 7 7 7 8191
3 8 4 5 5 5 7 7 7 8 8191
3 8 4 5 5 5 7 7 7 10 16383
3 8 4 5 5 5 7 7 7 11 16383
3 8 4 5 5 5 7 7 8 8 8191
3 8 4 5 5 5 7 7 8 10 16383
3 8 4 5 5 5 7 7 8 11 16383
3 8 4 5 5 5 7 7 10 10 32767
3 8 4 5 5 5 7 7 10 11 32767
3 8 4 5 5 5 7 7 11 11 32767
3 8 4 5 5 5 7 8 8 8 32767
3 8 4 5 5 5 7 8 8 10 16383
3 8 4 5 5 5 7 8 8 11 65535
3 8 4 5 5 5 7 8 10 10 32767
3 8 4 5 5 5 7 8 10 11 32767
3 8 4 5 5 5 7 8 11 11 131071
3 8 4 5 5 5 7 10 10 10 65535
3 8 4 5 5 5 7 10 10 11 65535
3 8 4 5 5 5 7 10 11 11 65535
3 8 4 5 5 5 7 11 11 11 262143
3 8 4 5 5 5 8 8 8 8 32767
3 8 4 5 5 5 8 8 8 10 65535
3 8 4 5 5 5 8 8 8 11 65535
3 8 4 5 5 5 8 8 10 10 32767
3 8 4 5 5 5 8 8 10 11 131071
3 8 4 5 5 5 8 8 11 11 131071
3 8 4 5 5 5 8 10 10 10 65535
3 8 4 5 5 5 8 10 10 11 65535
3 8 4 5 5 5 8 10 11 11 262143
3 8 4 5 5 5 8 11 11 11 262143
3 8 4 5 5 5 10 10 10 10 131071
3 8 4 5 5 5 10 10 10 11 131071
3 8 4 5 5 5 10 10 11 11 131071
3 8 4 5 5 5 10 11 11 11 524287
3 8 4 5 5 5 11 11 11 11 524287
3 8 4 5 5 7 7 7 7 7 16383
3 8 4 5 5 7 7 7 7 8 16383
3 8 4 5 5 7 7 7 7 10 32767
3 8 4 5 5 7 7 7 7 11 32767
3 8 4 5 5 7 7 7 8 8 16383
3 8 4 5 5 7 7 7 8 10 32767
3 8 4 5 5 7 7 7 8 11 32767
3 8 4 5 5 7 7 7 10 10 65535
3 8 4 5 5 7 7 7 10 11 65535
3 8 4 5 5 7 7 7 11 11 65535
3 8 4 5 5 7 7 8 8 8 16383
3 8 4 5 5 7 7 8 8 10 32767
3 8 4 5 5 7 7 8 8 11 32767
3 8 4 5 5 7 7 8 10 10 65535
3 8 4 5 5 7 7 8 10 11 65535
3 8 4 5 5 7 7 8 11 11 65535
3 8 4 5 5 7 7 10 10 10 131071
3 8 4 5 5 7 7 10 10 11 131071
3 8 4 5 5 7 7 10 11 11 131071
3 8 4 5 5 7 7 11 11 11 131071
3 8 4 5 5 7 8 8 8 8 65535
3 8 4 5 5 7 8 8 8 10 32767
3 8 4 5 5 7 8 8 8 11 131071
3 8 4 5 5 7 8 8 10 10 65535
3 8 4 5 5 7 8 8 10 11 65535
3 8 4 5 5 7 8 8 11 11 262143
3 8 4 5 5 7 8 10 10 10 131071
3 8 4 5 5 7 8 10 10 11 131071
3 8 4 5 5 7 8 10 11 11 131071
3 8 4 5 5 7 8 11 11 11 524287
3 8 4 5 5 7 10 10 10 10 262143
3 8 4 5 5 7 10 10 10 11 262143
3 8 4 5 5 7 10 10 11 11 262143
3 8 4 5 5 7 10 11 11 11 262143
3 8 4 5 5 7 11 11 11 11 1048575
3 8 4 5 5 8 8 8 8 8 65535
3 8 4 5 5 8 8 8 8 10 131071
3 8 4 5 5 8 8 8 8 11 131071
3 8 4 5 5 8 8 8 10 10 65535
3 8 4 5 5 8 8 8 10 11 262143
3 8 4 5 5 8 8 8 11 11 262143
3 8 4 5 5 8 8 10 10 10 131071
3 8 4 5 5 8 8 10 10 11 131071
3 8 4 5 5 8 8 10 11 11 524287
3 8 4 5 5 8 8 11 11 11 524287
3 8 4 5 5 8 10 10 10 10 262143
3 8 4 5 5 8 10 10 10 11 262143
3 8 4 5 5 8 10 10 11 11 262143
3 8 4 5 5 8 10 11 11 11 1048575
3 8 4 5 5 8 11 11 11 11 1048575
3 8 4 5 5 10 10 10 10 10 524287
3 8 4 5 5 10 10 10 10 11 524287
3 8 4 5 5 10 10 10 11 11 524287
3 8 4 5 5 10 10 11 11 11 524287
3 8 4 5 5 10 11 11 11 11 2097151
3 8 4 5 5 11 11 11 11 11 2097151
3 8 4 5 7 7 7 7 7 7 32767
3 8 4 5 7 7 7 7 7 8 32767
3 8 4 5 7 7 7 7 7 10 65535
3 8 4 5 7 7 7 7 7 11 65535
3 8 4 5 7 7 7 7 8 8 32767
3 8 4 5 7 7 7 7 8 10 65535
3 8 4 5 7 7 7 7 8 11 65535
3 8 4 5 7 7 7 7 10 10 131071
3 8 4 5 7 7 7 7 10 11 131071
3 8 4 5 7 7 7 7 11 11 131071
3 8 4 5 7 7 7 8 8 8 32767
3 8 4 5 7 7 7 8 8 10 65535
3 8 4 5 7 7 7 8 8 11 65535
3 8 4 5 7 7 7 8 10 10 131071
3 8 4 5 7 7 7 8 10 11 131071
3 8 4 5 7 7 7 8 11 11 131071
3 8 4 5 7 7 7 10 10 10 262143
3 8 4 5 7 7 7 10 10 11 262143
3 8 4 5 7 7 7 10 11 11 262143
3 8 4 5 7 7 7 11 11 11 262143
3 8 4 5 7 7 8 8 8 8 32767
3 8 4 5 7 7 8 8 8 10 65535
3 8 4 5 7 7 8 8 8 11 65535
3 8 4 5 7 7 8 8 10 10 131071
3 8 4 5 7 7 8 8 10 11 131071
3 8 4 5 7 7 8 8 11 11 131071
3 8 4 5 7 7 8 10 10 10 262143
3 8 4 5 7 7 8 10 10 11 262143
3 8 4 5 7 7 8 10 11 11 262143
3 8 4 5 7 7 8 11 11 11 262143
3 8 4 5 7 7 10 10 10 10 524287
3 8 4 5 7 7 10 10 10 11 524287
3 8 4 5 7 7 10 10 11 11 524287
3 8 4 5 7 7 10 11 11 11 524287
3 8 4 5 7 7 11 11 11 11 524287
3 8 4 5 7 8 8 8 8 8 131071
3 8 4 5 7 8 8 8 8 10 65535
3 8 4 5 7 8 8 8 8 11 262143
3 8 4 5 7 8 8 8 10 10 131071
3 8 4 5 7 8 8 8 10 11 131071
3 8 4 5 7 8 8 8 11 11 524287
3 8 4 5 7 8 8 10 10 10 262143
3 8 4 5 7 8 8 10 10 11 262143
3 8 4 5 7 8 8 10 11 11 262143
3 8 4 5 7 8 8 11 11 11 1048575
3 8 4 5 7 8 10 10 10 10 524287
3 8 4 5 7 8 10 10 10 11 524287
3 8 4 5 7 8 10 10 11 11 524287
3 8 4 5 7 8 10 11 11 11 524287
3 8 4 5 7 8 11 11 11 11 2097151
3 8 4 5 7 10 10 10 10 10 1048575
3 8 4 5 7 10 10 10 10 11 1048575
3 8 4 5 7 10 10 10 11 11 1048575
3 8 4 5 7 10 10 11 11 11 1048575
3 8 4 5 7 10 11 11 11 11 1048575
3 8 4 5 7 11 11 11 11 11 4194303
3 8 4 5 8 8 8 8 8 8 131071
3 8 4 5 8 8 8 8 8 10 262143
3 8 4 5 8 8 8 8 8 11 262143
3 8 4 5 8 8 8 8 10 10 131071
3 8 4 5 8 8 8 8 10 11 524287
3 8 4 5 8 8 8 8 11 11 524287
3 8 4 5 8 8 8 10 10 10 262143
3 8 4 5 8 8 8 10 10 11 262143
3 8 4 5 8 8 8 10 11 11 1048575
3 8 4 5 8 8 8 11 11 11 1048575
3 8 4 5 8 8 10 10 10 10 524287
3 8 4 5 8 8 10 10 10 11 524287
3 8 4 5 8 8 10 10 11 11 524287
3 8 4 5 8 8 10 11 11 11 2097151
3 8 4 5 8 8 11 11 11 11 2097151
3 8 4 5 8 10 10 10 10 10 1048575
3 8 4 5 8 10 10 10 10 11 1048575
3 8 4 5 8 10 10 10 11 11 1048575
3 8 4 5 8 10 10 11 11 11 1048575
3 8 4 5 8 10 11 11 11 11 4194303
3 8 4 5 8 11 11 11 11 11 4194303
3 8 4 5 10 10 10 10 10 10 2097151
3 8 4 5 10 10 10 10 10 11 2097151
3 8 4 5 10 10 10 10 11 11 2097151
3 8 4 5 10 10 10 11 11 11 2097151
3 8 4 5 10 10 11 11 11 11 2097151
3 8 4 5 10 11 11 11 11 11 8388607
3 8 4 5 11 11 11 11 11 11 8388607
3 8 4 7 7 7 7 7 7 7 65535
3 8 4 7 7 7 7 7 7 8 65535
3 8 4 7 7 7 7 7 7 10 131071
3 8 4 7 7 7 7 7 7 11 131071
3 8 4 7 7 7 7 7 8 8 65535
3 8 4 7 7 7 7 7 8 10 131071
3 8 4 7 7 7 7 7 8 11 131071
3 8 4 7 7 7 7 7 10 10 262143
3 8 4 7 7 7 7 7 10 11 262143
3 8 4 7 7 7 7 7 11 11 262143
3 8 4 7 7 7 7 8 8 8 65535
3 8 4 7 7 7 7 8 8 10 131071
3 8 4 7 7 7 7 8 8 11 131071
3 8 4 7 7 7 7 8 10 10 262143
3 8 4 7 7 7 7 8 10 11 262143
3 8 4 7 7 7 7 8 11 11 262143
3 8 4 7 7 7 7 10 10 10 524287
3 8 4 7 7 7 7 10 10 11 524287
3 8 4 7 7 7 7 10 11 11 524287
3 8 4 7 7 7 7 11 11 11 524287
3 8 4 7 7 7 8 8 8 8 65535
3 8 4 7 7 7 8 8 8 10 131071
3 8 4 7 7 7 8 8 8 11 131071
3 8 4 7 7 7 8 8 10 10 262143
3 8 4 7 7 7 8 8 10 11 262143
3 8 4 7 7 7 8 8 11 11 262143
3 8 4 7 7 7 8 10 10 10 524287
3 8 4 7 7 7 8 10 10 11 524287
3 8 4 7 7 7 8 10 11 11 524287
3 8 4 7 7 7 8 11 11 11 524287
3 8 4 7 7 7 10 10 10 10 1048575
3 8 4 7 7 7 10 10 10 11 1048575
3 8 4 7 7 7 10 10 11 11 1048575
3 8 4 7 7 7 10 11 11 11 1048575
3 8 4 7 7 7 11 11 11 11 1048575
3 8 4 7 7 8 8 8 8 8 65535
3 8 4 7 7 8 8 8 8 10 131071
3 8 4 7 7 8 8 8 8 11 131071
3 8 4 7 7 8 8 8 10 10 262143
3 8 4 7 7 8 8 8 10 11 262143
3 8 4 7 7 8 8 8 11 11 262143
3 8 4 7 7 8 8 10 10 10 524287
3 8 4 7 7 8 8 10 10 11 524287
3 8 4 7 7 8 8 10 11 11 524287
3 8 4 7 7 8 8 11 11 11 524287
3 8 4 7 7 8 10 10 10 10 1048575
3 8 4 7 7 8 10 10 10 11 1048575
3 8 4 7 7 8 10 10 11 11 1048575
3 8 4 7 7 8 10 11 11 11 1048575
3 8 4 7 7 8 11 11 11 11 1048575
3 8 4 7 7 10 10 10 10 10 2097151
3 8 4 7 7 10 10 10 10 11 2097151
3 8 4 7 7 10 10 10 11 11 2097151
3 8 4 7 7 10 10 11 11 11 2097151
3 8 4 7 7 10 11 11 11 11 2097151
3 8 4 7 7 11 11 11 11 11 2097151
3 8 4 7 8 8 8 8 8 8 262143
3 8 4 7 8 8 8 8 8 10 131071
3 8 4 7 8 8 8 8 8 11 524287
3 8 4 7 8 8 8 8 10 10 262143
3 8 4 7 8 8 8 8 10 11 262143
3 8 4 7 8 8 8 8 11 11 1048575
3 8 4 7 8 8 8 10 10 10 524287
3 8 4 7 8 8 8 10 10 11 524287
3 8 4 7 8 8 8 10 11 11 524287
3 8 4 7 8 8 8 11 11 11 2097151
3 8 4 7 8 8 10 10 10 10 1048575
3 8 4 7 8 8 10 10 10 11 1048575
3 8 4 7 8 8 10 10 11 11 1048575
3 8 4 7 8 8 10 11 11 11 1048575
3 8 4 7 8 8 11 11 11 11 4194303
3 8 4 7 8 10 10 10 10 10 2097151
3 8 4 7 8 10 10 10 10 11 2097151
3 8 4 7 8 10 10 10 11 11 2097151
3 8 4 7 8 10 10 11 11 11 2097151
3 8 4 7 8 10 11 11 11 11 2097151
3 8 4 7 8 11 11 11 11 11 8388607
3 8 4 7 10 10 10 10 10 10 4194303
3 8 4 7 10 10 10 10 10 11 4194303
3 8 4 7 10 10 10 10 11 11 4194303
3 8 4 7 10 10 10 11 11 11 4194303
3 8 4 7 10 10 11 11 11 11 4194303
3 8 4 7 10 11 11 11 11 11 4194303
3 8 4 7 11 11 11 11 11 11 16777215
3 8 4 8 8 8 8 8 8 8 262143
3 8 4 8 8 8 8 8 8 10 524287
3 8 4 8 8 8 8 8 8 11 524287
3 8 4 8 8 8 8 8 10 10 262143
3 8 4 8 8 8 8 8 10 11 1048575
3 8 4 8 8 8 8 8 11 11 1048575
3 8 4 8 8 8 8 10 10 10 524287
3 8 4 8 8 8 8 10 10 11 524287
3 8 4 8 8 8 8 10 11 11 2097151
3 8 4 8 8 8 8 11 11 11 2097151
3 8 4 8 8 8 10 10 10 10 1048575
3 8 4 8 8 8 10 10 10 11 1048575
3 8 4 8 8 8 10 10 11 11 1048575
3 8 4 8 8 8 10 11 11 11 4194303
3 8 4 8 8 8 11 11 11 11 4194303
3 8 4 8 8 10 10 10 10 10 2097151
3 8 4 8 8 10 10 10 10 11 2097151
3 8 4 8 8 10 10 10 11 11 2097151
3 8 4 8 8 10 10 11 11 11 2097151
3 8 4 8 8 10 11 11 11 11 8388607
3 8 4 8 8 11 11 11 11 11 8388607
3 8 4 8 10 10 10 10 10 10 4194303
3 8 4 8 10 10 10 10 10 11 4194303
3 8 4 8 10 10 10 10 11 11 4194303
3 8 4 8 10 10 10 11 11 11 4194303
3 8 4 8 10 10 11 11 11 11 4194303
3 8 4 8 10 11 11 11 11 11 16777215
3 8 4 8 11 11 11 11 11 11 16777215
3 8 4 10 10 10 10 10 10 10 8388607
3 8 4 10 10 10 10 10 10 11 8388607
3 8 4 10 10 10 10 10 11 11 8388607
3 8 4 10 10 10 10 11 11 11 8388607
3 8 4 10 10 10 11 11 11 11 8388607
3 8 4 10 10 11 11 11 11 11 8388607
3 8 4 10 11 11 11 11 11 11 33554431
3 8 4 11 11 11 11 11 11 11 33554431
3 8 5 5 5 5 5 5 5 5 2047
3 8 5 5 5 5 5 5 5 7 4095
3 8 5 5 5 5 5 5 5 8 4095
3 8 5 5 5 5 5 5 5 10 8191
3 8 5 5 5 5 5 5 5 11 8191
3 8 5 5 5 5 5 5 7 7 8191
3 8 5 5 5 5 5 5 7 8 8191
3 8 5 5 5 5 5 5 7 10 16383
3 8 5 5 5 5 5 5 7 11 16383
3 8 5 5 5 5 5 5 8 8 8191
3 8 5 5 5 5 5 5 8 10 16383
3 8 5 5 5 5 5 5 8 11 16383
3 8 5 5 5 5 5 5 10 10 32767
3 8 5 5 5 5 5 5 10 11 32767
3 8 5 5 5 5 5 5 11 11 32767
3 8 5 5 5 5 5 7 7 7 4095
3 8 5 5 5 5 5 7 7 8 16383
3 8 5 5 5 5 5 7 7 10 8191
3 8 5 5 5 5 5 7 7 11 32767
3 8 5 5 5 5 5 7 8 8 16383
3 8 5 5 5 5 5 7 8 10 32767
3 8 5 5 5 5 5 7 8 11 32767
3 8 5 5 5 5 5 7 10 10 16383
3 8 5 5 5 5 5 7 10 11 65535
3 8 5 5 5 5 5 7 11 11 65535
3 8 5 5 5 5 5 8 8 8 16383
3 8 5 5 5 5 5 8 8 10 32767
3 8 5 5 5 5 5 8 8 11 32767
3 8 5 5 5 5 5 8 10 10 65535
3 8 5 5 5 5 5 8 10 11 65535
3 8 5 5 5 5 5 8 11 11 65535
3 8 5 5 5 5 5 10 10 10 32767
3 8 5 5 5 5 5 10 10 11 131071
3 8 5 5 5 5 5 10 11 11 131071
3 8 5 5 5 5 5 11 11 11 131071
3 8 5 5 5 5 7 7 7 7 8191
3 8 5 5 5 5 7 7 7 8 8191
3 8 5 5 5 5 7 7 7 10 16383
3 8 5 5 5 5 7 7 7 11 16383
3 8 5 5 5 5 7 7 8 8 32767
3 8 5 5 5 5 7 7 8 10 16383
3 8 5 5 5 5 7 7 8 11 65535
3 8 5 5 5 5 7 7 10 10 32767
3 8 5 5 5 5 7 7 10 11 32767
3 8 5 5 5 5 7 7 11 11 131071
3 8 5 5 5 5 7 8 8 8 32767
3 8 5 5 5 5 7 8 8 10 65535
3 8 5 5 5 5 7 8 8 11 65535
3 8 5 5 5 5 7 8 10 10 32767
3 8 5 5 5 5 7 8 10 11 131071
3 8 5 5 5 5 7 8 11 11 131071
3 8 5 5 5 5 7 10 10 10 65535
3 8 5 5 5 5 7 10 10 11 65535
3 8 5 5 5 5 7 10 11 11 262143
3 8 5 5 5 5 7 11 11 11 262143
3 8 5 5 5 5 8 8 8 8 32767
3 8 5 5 5 5 8 8 8 10 65535
3 8 5 5 5 5 8 8 8 11 65535
3 8 5 5 5 5 8 8 10 10 131071
3 8 5 5 5 5 8 8 10 11 131071
3 8 5 5 5 5 8 8 11 11 131071
3 8 5 5 5 5 8 10 10 10 65535
3 8 5 5 5 5 8 10 10 11 262143
3 8 5 5 5 5 8 10 11 11 262143
3 8 5 5 5 5 8 11 11 11 262143
3 8 5 5 5 5 10 10 10 10 131071
3 8 5 5 5 5 10 10 10 11 131071
3 8 5 5 5 5 10 10 11 11 524287
3 8 5 5 5 5 10 11 11 11 524287
3 8 5 5 5 5 11 11 11 11 524287
3 8 5 5 5 7 7 7 7 7 16383
3 8 5 5 5 7 7 7 7 8 16383
3 8 5 5 5 7 7 7 7 10 32767
3 8 5 5 5 7 7 7 7 11 32767
3 8 5 5 5 7 7 7 8 8 16383
3 8 5 5 5 7 7 7 8 10 32767
3 8 5 5 5 7 7 7 8 11 32767
3 8 5 5 5 7 7 7 10 10 65535
3 8 5 5 5 7 7 7 10 11 65535
3 8 5 5 5 7 7 7 11 11 65535
3 8 5 5 5 7 7 8 8 8 65535
3 8 5 5 5 7 7 8 8 10 32767
3 8 5 5 5 7 7 8 8 11 131071
3 8 5 5 5 7 7 8 10 10 65535
3 8 5 5 5 7 7 8 10 11 65535
3 8 5 5 5 7 7 8 11 11 262143
3 8 5 5 5 7 7 10 10 10 131071
3 8 5 5 5 7 7 10 10 11 131071
3 8 5 5 5 7 7 10 11 11 131071
3 8 5 5 5 7 7 11 11 11 524287
3 8 5 5 5 7 8 8 8 8 65535
3 8 5 5 5 7 8 8 8 10 131071
3 8 5 5 5 7 8 8 8 11 131071
3 8 5 5 5 7 8 8 10 10 65535
3 8 5 5 5 7 8 8 10 11 262143
3 8 5 5 5 7 8 8 11 11 262143
3 8 5 5 5 7 8 10 10 10 131071
3 8 5 5 5 7 8 10 10 11 131071
3 8 5 5 5 7 8 10 11 11 524287
3 8 5 5 5 7 8 11 11 11 524287
3 8 5 5 5 7 10 10 10 10 262143
3 8 5 5 5 7 10 10 10 11 262143
3 8 5 5 5 7 10 10 11 11 262143
3 8 5 5 5 7 10 11 11 11 1048575
3 8 5 5 5 7 11 11 11 11 1048575
3 8 5 5 5 8 8 8 8 8 65535
3 8 5 5 5 8 8 8 8 10 131071
3 8 5 5 5 8 8 8 8 11 131071
3 8 5 5 5 8 8 8 10 10 262143
3 8 5 5 5 8 8 8 10 11 262143
3 8 5 5 5 8 8 8 11 11 262143
3 8 5 5 5 8 8 10 10 10 131071
3 8 5 5 5 8 8 10 10 11 524287
3 8 5 5 5 8 8 10 11 11 524287
3 8 5 5 5 8 8 11 11 11 524287
3 8 5 5 5 8 10 10 10 10 262143
3 8 5 5 5 8 10 10 10 11 262143
3 8 5 5 5 8 10 10 11 11 1048575
3 8 5 5 5 8 10 11 11 11 1048575
3 8 5 5 5 8 11 11 11 11 1048575
3 8 5 5 5 10 10 10 10 10 524287
3 8 5 5 5 10 10 10 10 11 524287
3 8 5 5 5 10 10 10 11 11 524287
3 8 5 5 5 10 10 11 11 11 2097151
3 8 5 5 5 10 11 11 11 11 2097151
3 8 5 5 5 11 11 11 11 11 2097151
3 8 5 5 7 7 7 7 7 7 32767
3 8 5 5 7 7 7 7 7 8 32767
3 8 5 5 7 7 7 7 7 10 65535
3 8 5 5 7 7 7 7 7 11 65535
3 8 5 5 7 7 7 7 8 8 32767
3 8 5 5 7 7 7 7 8 10 65535
3 8 5 5 7 7 7 7 8 11 65535
3 8 5 5 7 7 7 7 10 10 131071
3 8 5 5 7 7 7 7 10 11 131071
3 8 5 5 7 7 7 7 11 11 131071
3 8 5 5 7 7 7 8 8 8 32767
3 8 5 5 7 7 7 8 8 10 65535
3 8 5 5 7 7 7 8 8 11 65535
3 8 5 5 7 7 7 8 10 10 131071
3 8 5 5 7 7 7 8 10 11 131071
3 8 5 5 7 7 7 8 11 11 131071
3 8 5 5 7 7 7 10 10 10 262143
3 8 5 5 7 7 7 10 10 11 262143
3 8 5 5 7 7 7 10 11 11 262143
3 8 5 5 7 7 7 11 11 11 262143
3 8 5 5 7 7 8 8 8 8 131071
3 8 5 5 7 7 8 8 8 10 65535
3 8 5 5 7 7 8 8 8 11 262143
3 8 5 5 7 7 8 8 10 10 131071
3 8 5 5 7 7 8 8 10 11 131071
3 8 5 5 7 7 8 8 11 11 524287
3 8 5 5 7 7 8 10 10 10 262143
3 8 5 5 7 7 8 10 10 11 262143
3 8 5 5 7 7 8 10 11 11 262143
3 8 5 5 7 7 8 11 11 11 1048575
3 8 5 5 7 7 10 10 10 10 524287
3 8 5 5 7 7 10 10 10 11 524287
3 8 5 5 7 7 10 10 11 11 524287
3 8 5 5 7 7 10 11 11 11 524287
3 8 5 5 7 7 11 11 11 11 2097151
3 8 5 5 7 8 8 8 8 8 131071
3 8 5 5 7 8 8 8 8 10 262143
3 8 5 5 7 8 8 8 8 11 262143
3 8 5 5 7 8 8 8 10 10 131071
3 8 5 5 7 8 8 8 10 11 524287
3 8 5 5 7 8 8 8 11 11 524287
3 8 5 5 7 8 8 10 10 10 262143
3 8 5 5 7 8 8 10 10 11 262143
3 8 5 5 7 8 8 10 11 11 1048575
3 8 5 5 7 8 8 11 11 11 1048575
3 8 5 5 7 8 10 10 10 10 524287
3 8 5 5 7 8 10 10 10 11 524287
3 8 5 5 7 8 10 10 11 11 524287
3 8 5 5 7 8 10 11 11 11 2097151
3 8 5 5 7 8 11 11 11 11 2097151
3 8 5 5 7 10 10 10 10 10 1048575
3 8 5 5 7 10 10 10 10 11 1048575
3 8 5 5 7 10 10 10 11 11 1048575
3 8 5 5 7 10 10 11 11 11 1048575
3 8 5 5 7 10 11 11 11 11 4194303
3 8 5 5 7 11 11 11 11 11 4194303
3 8 5 5 8 8 8 8 8 8 131071
3 8 5 5 8 8 8 8 8 10 262143
3 8 5 5 8 8 8 8 8 11 262143
3 8 5 5 8 8 8 8 10 10 524287
3 8 5 5 8 8 8 8 10 11 524287
3 8 5 5 8 8 8 8 11 11 524287
3 8 5 5 8 8 8 10 10 10 262143
3 8 5 5 8 8 8 10 10 11 1048575
3 8 5 5 8 8 8 10 11 11 1048575
3 8 5 5 8 8 8 11 11 11 1048575
3 8 5 5 8 8 10 10 10 10 524287
3 8 5 5 8 8 10 10 10 11 524287
3 8 5 5 8 8 10 10 11 11 2097151
3 8 5 5 8 8 10 11 11 11 2097151
3 8 5 5 8 8 11 11 11 11 2097151
3 8 5 5 8 10 10 10 10 10 1048575
3 8 5 5 8 10 10 10 10 11 1048575
3 8 5 5 8 10 10 10 11 11 1048575
3 8 5 5 8 10 10 11 11 11 4194303
3 8 5 5 8 10 11 11 11 11 4194303
3 8 5 5 8 11 11 11 11 11 4194303
3 8 5 5 10 10 10 10 10 10 2097151
3 8 5 5 10 10 10 10 10 11 2097151
3 8 5 5 10 10 10 10 11 11 2097151
3 8 5 5 10 10 10 11 11 11 2097151
3 8 5 5 10 10 11 11 11 11 8388607
3 8 5 5 10 11 11 11 11 11 8388607
3 8 5 5 11 11 11 11 11 11 8388607
3 8 5 7 7 7 7 7 7 7 65535
3 8 5 7 7 7 7 7 7 8 65535
3 8 5 7 7 7 7 7 7 10 131071
3 8 5 7 7 7 7 7 7 11 131071
3 8 5 7 7 7 7 7 8 8 65535
3 8 5 7 7 7 7 7 8 10 131071
3 8 5 7 7 7 7 7 8 11 131071
3 8 5 7 7 7 7 7 10 10 262143
3 8 5 7 7 7 7 7 10 11 262143
3 8 5 7 7 7 7 7 11 11 262143
3 8 5 7 7 7 7 8 8 8 65535
3 8 5 7 7 7 7 8 8 10 131071
3 8 5 7 7 7 7 8 8 11 131071
3 8 5 7 7 7 7 8 10 10 262143
3 8 5 7 7 7 7 8 10 11 262143
3 8 5 7 7 7 7 8 11 11 262143
3 8 5 7 7 7 7 10 10 10 524287
3 8 5 7 7 7 7 10 10 11 524287
3 8 5 7 7 7 7 10 11 11 524287
3 8 5 7 7 7 7 11 11 11 524287
3 8 5 7 7 7 8 8 8 8 65535
3 8 5 7 7 7 8 8 8 10 131071
3 8 5 7 7 7 8 8 8 11 131071
3 8 5 7 7 7 8 8 10 10 262143
3 8 5 7 7 7 8 8 10 11 262143
3 8 5 7 7 7 8 8 11 11 262143
3 8 5 7 7 7 8 10 10 10 524287
3 8 5 7 7 7 8 10 10 11 524287
3 8 5 7 7 7 8 10 11 11 524287
3 8 5 7 7 7 8 11 11 11 524287
3 8 5 7 7 7 10 10 10 10 1048575
3 8 5 7 7 7 10 10 10 11 1048575
3 8 5 7 7 7 10 10 11 11 1048575
3 8 5 7 7 7 10 11 11 11 1048575
3 8 5 7 7 7 11 11 11 11 1048575
3 8 5 7 7 8 8 8 8 8 262143
3 8 5 7 7 8 8 8 8 10 131071
3 8 5 7 7 8 8 8 8 11 524287
3 8 5 7 7 8 8 8 10 10 262143
3 8 5 7 7 8 8 8 10 11 262143
3 8 5 7 7 8 8 8 11 11 1048575
3 8 5 7 7 8 8 10 10 10 524287
3 8 5 7 7 8 8 10 10 11 524287
3 8 5 7 7 8 8 10 11 11 524287
3 8 5 7 7 8 8 11 11 11 2097151
3 8 5 7 7 8 10 10 10 10 1048575
3 8 5 7 7 8 10 10 10 11 1048575
3 8 5 7 7 8 10 10 11 11 1048575
3 8 5 7 7 8 10 11 11 11 1048575
3 8 5 7 7 8 11 11 11 11 4194303
3 8 5 7 7 10 10 10 10 10 2097151
3 8 5 7 7 10 10 10 10 11 2097151
3 8 5 7 7 10 10 10 11 11 2097151
3 8 5 7 7 10 10 11 11 11 2097151
3 8 5 7 7 10 11 11 11 11 2097151
3 8 5 7 7 11 11 11 11 11 8388607
3 8 5 7 8 8 8 8 8 8 262143
3 8 5 7 8 8 8 8 8 10 524287
3 8 5 7 8 8 8 8 8 11 524287
3 8 5 7 8 8 8 8 10 10 262143
3 8 5 7 8 8 8 8 10 11 1048575
3 8 5 7 8 8 8 8 11 11 1048575
3 8 5 7 8 8 8 10 10 10 524287
3 8 5 7 8 8 8 10 10 11 524287
3 8 5 7 8 8 8 10 11 11 2097151
3 8 5 7 8 8 8 11 11 11 2097151
3 8 5 7 8 8 10 10 10 10 1048575
3 8 5 7 8 8 10 10 10 11 1048575
3 8 5 7 8 8 10 10 11 11 1048575
3 8 5 7 8 8 10 11 11 11 4194303
3 8 5 7 8 8 11 11 11 11 4194303
3 8 5 7 8 10 10 10 10 10 2097151
3 8 5 7 8 10 10 10 10 11 2097151
3 8 5 7 8 10 10 10 11 11 2097151
3 8 5 7 8 10 10 11 11 11 2097151
3 8 5 7 8 10 11 11 11 11 8388607
3 8 5 7 8 11 11 11 11 11 8388607
3 8 5 7 10 10 10 10 10 10 4194303
3 8 5 7 10 10 10 10 10 11 4194303
3 8 5 7 10 10 10 10 11 11 4194303
3 8 5 7 10 10 10 11 11 11 4194303
3 8 5 7 10 10 11 11 11 11 4194303
3 8 5 7 10 11 11 11 11 11 16777215
3 8 5 7 11 11 11 11 11 11 16777215
3 8 5 8 8 8 8 8 8 8 262143
3 8 5 8 8 8 8 8 8 10 524287
3 8 5 8 8 8 8 8 8 11 524287
3 8 5 8 8 8 8 8 10 10 1048575
3 8 5 8 8 8 8 8 10 11 1048575
3 8 5 8 8 8 8 8 11 11 1048575
3 8 5 8 8 8 8 10 10 10 524287
3 8 5 8 8 8 8 10 10 11 2097151
3 8 5 8 8 8 8 10 11 11 2097151
3 8 5 8 8 8 8 11 11 11 2097151
3 8 5 8 8 8 10 10 10 10 1048575
3 8 5 8 8 8 10 10 10 11 1048575
3 8 5 8 8 8 10 10 11 11 4194303
3 8 5 8 8 8 10 11 11 11 4194303
3 8 5 8 8 8 11 11 11 11 4194303
3 8 5 8 8 10 10 10 10 10 2097151
3 8 5 8 8 10 10 10 10 11 2097151
3 8 5 8 8 10 10 10 11 11 2097151
3 8 5 8 8 10 10 11 11 11 8388607
3 8 5 8 8 10 11 11 11 11 8388607
3 8 5 8 8 11 11 11 11 11 8388607
3 8 5 8 10 10 10 10 10 10 4194303
3 8 5 8 10 10 10 10 10 11 4194303
3 8 5 8 10 10 10 10 11 11 4194303
3 8 5 8 10 10 10 11 11 11 4194303
3 8 5 8 10 10 11 11 11 11 16777215
3 8 5 8 10 11 11 11 11 11 16777215
3 8 5 8 11 11 11 11 11 11 16777215
3 8 5 10 10 10 10 10 10 10 8388607
3 8 5 10 10 10 10 10 10 11 8388607
3 8 5 10 10 10 10 10 11 11 8388607
3 8 5 10 10 10 10 11 11 11 8388607
3 8 5 10 10 10 11 11 11 11 8388607
3 8 5 10 10 11 11 11 11 11 33554431
3 8 5 10 11 11 11 11 11 11 33554431
3 8 5 11 11 11 11 11 11 11 33554431
3 8 7 7 7 7 7 7 7 7 131071
3 8 7 7 7 7 7 7 7 8 131071
3 8 7 7 7 7 7 7 7 10 262143
3 8 7 7 7 7 7 7 7 11 262143
3 8 7 7 7 7 7 7 8 8 131071
3 8 7 7 7 7 7 7 8 10 262143
3 8 7 7 7 7 7 7 8 11 262143
3 8 7 7 7 7 7 7 10 10 524287
3 8 7 7 7 7 7 7 10 11 524287
3 8 7 7 7 7 7 7 11 11 524287
3 8 7 7 7 7 7 8 8 8 131071
3 8 7 7 7 7 7 8 8 10 262143
3 8 7 7 7 7 7 8 8 11 262143
3 8 7 7 7 7 7 8 10 10 524287
3 8 7 7 7 7 7 8 10 11 524287
3 8 7 7 7 7 7 8 11 11 524287
3 8 7 7 7 7 7 10 10 10 1048575
3 8 7 7 7 7 7 10 10 11 1048575
3 8 7 7 7 7 7 10 11 11 1048575
3 8 7 7 7 7 7 11 11 11 1048575
3 8 7 7 7 7 8 8 8 8 131071
3 8 7 7 7 7 8 8 8 10 262143
3 8 7 7 7 7 8 8 8 11 262143
3 8 7 7 7 7 8 8 10 10 524287
3 8 7 7 7 7 8 8 10 11 524287
3 8 7 7 7 7 8 8 11 11 524287
3 8 7 7 7 7 8 10 10 10 1048575
3 8 7 7 7 7 8 10 10 11 1048575
3 8 7 7 7 7 8 10 11 11 1048575
3 8 7 7 7 7 8 11 11 11 1048575
3 8 7 7 7 7 10 10 10 10 2097151
3 8 7 7 7 7 10 10 10 11 2097151
3 8 7 7 7 7 10 10 11 11 2097151
3 8 7 7 7 7 10 11 11 11 2097151
3 8 7 7 7 7 11 11 11 11 2097151
3 8 7 7 7 8 8 8 8 8 131071
3 8 7 7 7 8 8 8 8 10 262143
3 8 7 7 7 8 8 8 8 11 262143
3 8 7 7 7 8 8 8 10 10 524287
3 8 7 7 7 8 8 8 10 11 524287
3 8 7 7 7 8 8 8 11 11 524287
3 8 7 7 7 8 8 10 10 10 1048575
3 8 7 7 7 8 8 10 10 11 1048575
3 8 7 7 7 8 8 10 11 11 1048575
3 8 7 7 7 8 8 11 11 11 1048575
3 8 7 7 7 8 10 10 10 10 2097151
3 8 7 7 7 8 10 10 10 11 2097151
3 8 7 7 7 8 10 10 11 11 2097151
3 8 7 7 7 8 10 11 11 11 2097151
3 8 7 7 7 8 11 11 11 11 2097151
3 8 7 7 7 10 10 10 10 10 4194303
3 8 7 7 7 10 10 10 10 11 4194303
3 8 7 7 7 10 10 10 11 11 4194303
3 8 7 7 7 10 10 11 11 11 4194303
3 8 7 7 7 10 11 11 11 11 4194303
3 8 7 7 7 11 11 11 11 11 4194303
3 8 7 7 8 8 8 8 8 8 524287
3 8 7 7 8 8 8 8 8 10 262143
3 8 7 7 8 8 8 8 8 11 1048575
3 8 7 7 8 8 8 8 10 10 524287
3 8 7 7 8 8 8 8 10 11 524287
3 8 7 7 8 8 8 8 11 11 2097151
3 8 7 7 8 8 8 10 10 10 1048575
3 8 7 7 8 8 8 10 10 11 1048575
3 8 7 7 8 8 8 10 11 11 1048575
3 8 7 7 8 8 8 11 11 11 4194303
3 8 7 7 8 8 10 10 10 10 2097151
3 8 7 7 8 8 10 10 10 11 2097151
3 8 7 7 8 8 10 10 11 11 2097151
3 8 7 7 8 8 10 11 11 11 2097151
3 8 7 7 8 8 11 11 11 11 8388607
3 8 7 7 8 10 10 10 10 10 4194303
3 8 7 7 8 10 10 10 10 11 4194303
3 8 7 7 8 10 10 10 11 11 4194303
3 8 7 7 8 10 10 11 11 11 4194303
3 8 7 7 8 10 11 11 11 11 4194303
3 8 7 7 8 11 11 11 11 11 16777215
3 8 7 7 10 10 10 10 10 10 8388607
3 8 7 7 10 10 10 10 10 11 8388607
3 8 7 7 10 10 10 10 11 11 8388607
3 8 7 7 10 10 10 11 11 11 8388607
3 8 7 7 10 10 11 11 11 11 8388607
3 8 7 7 10 11 11 11 11 11 8388607
3 8 7 7 11 11 11 11 11 11 33554431
3 8 7 8 8 8 8 8 8 8 524287
3 8 7 8 8 8 8 8 8 10 1048575
3 8 7 8 8 8 8 8 8 11 1048575
3 8 7 8 8 8 8 8 10 10 524287
3 8 7 8 8 8 8 8 10 11 2097151
3 8 7 8 8 8 8 8 11 11 2097151
3 8 7 8 8 8 8 10 10 10 1048575
3 8 7 8 8 8 8 10 10 11 1048575
3 8 7 8 8 8 8 10 11 11 4194303
3 8 7 8 8 8 8 11 11 11 4194303
3 8 7 8 8 8 10 10 10 10 2097151
3 8 7 8 8 8 10 10 10 11 2097151
3 8 7 8 8 8 10 10 11 11 2097151
3 8 7 8 8 8 10 11 11 11 8388607
3 8 7 8 8 8 11 11 11 11 8388607
3 8 7 8 8 10 10 10 10 10 4194303
3 8 7 8 8 10 10 10 10 11 4194303
3 8 7 8 8 10 10 10 11 11 4194303
3 8 7 8 8 10 10 11 11 11 4194303
3 8 7 8 8 10 11 11 11 11 16777215
3 8 7 8 8 11 11 11 11 11 16777215
3 8 7 8 10 10 10 10 10 10 8388607
3 8 7 8 10 10 10 10 10 11 8388607
3 8 7 8 10 10 10 10 11 11 8388607
3 8 7 8 10 10 10 11 11 11 8388607
3 8 7 8 10 10 11 11 11 11 8388607
3 8 7 8 10 11 11 11 11 11 33554431
3 8 7 8 11 11 11 11 11 11 33554431
3 8 7 10 10 10 10 10 10 10 16777215
3 8 7 10 10 10 10 10 10 11 16777215
3 8 7 10 10 10 10 10 11 11 16777215
3 8 7 10 10 10 10 11 11 11 16777215
3 8 7 10 10 10 11 11 11 11 16777215
3 8 7 10 10 11 11 11 11 11 16777215
3 8 7 10 11 11 11 11 11 11 67108863
3 8 7 11 11 11 11 11 11 11 67108863
3 8 8 8 8 8 8 8 8 8 524287
3 8 8 8 8 8 8 8 8 10 1048575
3 8 8 8 8 8 8 8 8 11 1048575
3 8 8 8 8 8 8 8 10 10 2097151
3 8 8 8 8 8 8 8 10 11 2097151
3 8 8 8 8 8 8 8 11 11 2097151
3 8 8 8 8 8 8 10 10 10 1048575
3 8 8 8 8 8 8 10 10 11 4194303
3 8 8 8 8 8 8 10 11 11 4194303
3 8 8 8 8 8 8 11 11 11 4194303
3 8 8 8 8 8 10 10 10 10 2097151
3 8 8 8 8 8 10 10 10 11 2097151
3 8 8 8 8 8 10 10 11 11 8388607
3 8 8 8 8 8 10 11 11 11 8388607
3 8 8 8 8 8 11 11 11 11 8388607
3 8 8 8 8 10 10 10 10 10 4194303
3 8 8 8 8 10 10 10 10 11 4194303
3 8 8 8 8 10 10 10 11 11 4194303
3 8 8 8 8 10 10 11 11 11 16777215
3 8 8 8 8 10 11 11 11 11 16777215
3 8 8 8 8 11 11 11 11 11 16777215
3 8 8 8 10 10 10 10 10 10 8388607
3 8 8 8 10 10 10 10 10 11 8388607
3 8 8 8 10 10 10 10 11 11 8388607
3 8 8 8 10 10 10 11 11 11 8388607
3 8 8 8 10 10 11 11 11 11 33554431
3 8 8 8 10 11 11 11 11 11 33554431
3 8 8 8 11 11 11 11 11 11 33554431
3 8 8 10 10 10 10 10 10 10 16777215
3 8 8 10 10 10 10 10 10 11 16777215
3 8 8 10 10 10 10 10 11 11 16777215
3 8 8 10 10 10 10 11 11 11 16777215
3 8 8 10 10 10 11 11 11 11 16777215
3 8 8 10 10 11 11 11 11 11 67108863
3 8 8 10 11 11 11 11 11 11 67108863
3 8 8 11 11 11 11 11 11 11 67108863
3 8 10 10 10 10 10 10 10 10 33554431
3 8 10 10 10 10 10 10 10 11 33554431
3 8 10 10 10 10 10 10 11 11 33554431
3 8 10 10 10 10 10 11 11 11 33554431
3 8 10 10 10 10 11 11 11 11 33554431
3 8 10 10 10 11 11 11 11 11 33554431
3 8 10 10 11 11 11 11 11 11 134217727
3 8 10 11 11 11 11 11 11 11 134217727
3 8 11 11 11 11 11 11 11 11 134217727
