4 1 2 1
4 1 3 1
4 1 5 3
4 1 6 3
4 1 7 3
4 1 9 7
4 1 10 7
4 1 11 7
4 2 2 2 1
4 2 2 3 1
4 2 2 5 3
4 2 2 6 3
4 2 2 7 3
4 2 2 9 7
4 2 2 10 7
4 2 2 11 7
4 2 3 3 1
4 2 3 5 3
4 2 3 6 3
4 2 3 7 3
4 2 3 9 7
4 2 3 10 7
4 2 3 11 7
4 2 5 5 7
4 2 5 6 7
4 2 5 7 7
4 2 5 9 15
4 2 5 10 15
4 2 5 11 15
4 2 6 6 7
4 2 6 7 7
4 2 6 9 15
4 2 6 10 15
4 2 6 11 15
4 2 7 7 7
4 2 7 9 15
4 2 7 10 15
4 2 7 11 15
4 2 9 9 31
4 2 9 10 31
4 2 9 11 31
4 2 10 10 31
4 2 10 11 31
4 2 11 11 31
4 3 2 2 2 1
4 3 2 2 3 1
4 3 2 2 5 3
4 3 2 2 6 3
4 3 2 2 7 3
4 3 2 2 9 7
4 3 2 2 10 7
4 3 2 2 11 7
4 3 2 3 3 1
4 3 2 3 5 3
4 3 2 3 6 3
4 3 2 3 7 3
4 3 2 3 9 7
4 3 2 3 10 7
4 3 2 3 11 7
4 3 2 5 5 7
4 3 2 5 6 7
4 3 2 5 7 7
4 3 2 5 9 15
4 3 2 5 10 15
4 3 2 5 11 15
4 3 2 6 6 7
4 3 2 6 7 7
4 3 2 6 9 15
4 3 2 6 10 15
4 3 2 6 11 15
4 3 2 7 7 7
4 3 2 7 9 15
4 3 2 7 10 15
4 3 2 7 11 15
4 3 2 9 9 31
4 3 2 9 10 31
4 3 2 9 11 31
4 3 2 10 10 31
4 3 2 10 11 31
4 3 2 11 11 31
4 3 3 3 3 1
4 3 3 3 5 3
4 3 3 3 6 3
4 3 3 3 7 3
4 3 3 3 9 7
4 3 3 3 10 7
4 3 3 3 11 7
4 3 3 5 5 7
4 3 3 5 6 7
4 3 3 5 7 7
4 3 3 5 9 15
4 3 3 5 10 15
4 3 3 5 11 15
4 3 3 6 6 7
4 3 3 6 7 7
4 3 3 6 9 15
4 3 3 6 10 15
4 3 3 6 11 15
4 3 3 7 7 7
4 3 3 7 9 15
4 3 3 7 10 15
4 3 3 7 11 15
4 3 3 9 9 31
4 3 3 9 10 31
4 3 3 9 11 31
4 3 3 10 10 31
4 3 3 10 11 31
4 3 3 11 11 31
4 3 5 5 5 15
4 3 5 5 6 15
4 3 5 5 7 15
4 3 5 5 9 31
4 3 5 5 10 31
4 3 5 5 11 31
4 3 5 6 6 15
4 3 5 6 7 15
4 3 5 6 9 31
4 3 5 6 10 31
4 3 5 6 11 31
4 3 5 7 7 15
4 3 5 7 9 31
4 3 5 7 10 31
4 3 5 7 11 31
4 3 5 9 9 63
4 3 5 9 10 63
4 3 5 9 11 63
4 3 5 10 10 63
4 3 5 10 11 63
4 3 5 11 11 63
4 3 6 6 6 15
4 3 6 6 7 15
4 3 6 6 9 31
4 3 6 6 10 31
4 3 6 6 11 31
4 3 6 7 7 15
4 3 6 7 9 31
4 3 6 7 10 31
4 3 6 7 11 31
4 3 6 9 9 63
4 3 6 9 10 63
4 3 6 9 11 63
4 3 6 10 10 63
4 3 6 10 11 63
4 3 6 11 11 63
4 3 7 7 7 15
4 3 7 7 9 31
4 3 7 7 10 31
4 3 7 7 11 31
4 3 7 9 9 63
4 3 7 9 10 63
4 3 7 9 11 63
4 3 7 10 10 63
4 3 7 10 11 63
4 3 7 11 11 63
4 3 9 9 9 127
4 3 9 9 10 127
4 3 9 9 11 127
4 3 9 10 10 127
4 3 9 10 11 127
4 3 9 11 11 127
4 3 10 10 10 127
4 3 10 10 11 127
4 3 10 11 11 127
4 3 11 11 11 127
4 4 2 2 2 2 1
4 4 2 2 2 3 1
4 4 2 2 2 5 3
4 4 2 2 2 6 3
4 4 2 2 2 7 3
4 4 2 2 2 9 7
4 4 2 2 2 10 7
4 4 2 2 2 11 7
4 4 2 2 3 3 1
4 4 2 2 3 5 3
4 4 2 2 3 6 3
4 4 2 2 3 7 3
4 4 2 2 3 9 7
4 4 2 2 3 10 7
4 4 2 2 3 11 7
4 4 2 2 5 5 7
4 4 2 2 5 6 7
4 4 2 2 5 7 7
4 4 2 2 5 9 15
4 4 2 2 5 10 15
4 4 2 2 5 11 15
4 4 2 2 6 6 7
4 4 2 2 6 7 7
4 4 2 2 6 9 15
4 4 2 2 6 10 15
4 4 2 2 6 11 15
4 4 2 2 7 7 7
4 4 2 2 7 9 15
4 4 2 2 7 10 15
4 4 2 2 7 11 15
4 4 2 2 9 9 31
4 4 2 2 9 10 31
4 4 2 2 9 11 31
4 4 2 2 10 10 31
4 4 2 2 10 11 31
4 4 2 2 11 11 31
4 4 2 3 3 3 1
4 4 2 3 3 5 3
4 4 2 3 3 6 3
4 4 2 3 3 7 3
4 4 2 3 3 9 7
4 4 2 3 3 10 7
4 4 2 3 3 11 7
4 4 2 3 5 5 7
4 4 2 3 5 6 7
4 4 2 3 5 7 7
4 4 2 3 5 9 15
4 4 2 3 5 10 15
4 4 2 3 5 11 15
4 4 2 3 6 6 7
4 4 2 3 6 7 7
4 4 2 3 6 9 15
4 4 2 3 6 10 15
4 4 2 3 6 11 15
4 4 2 3 7 7 7
4 4 2 3 7 9 15
4 4 2 3 7 10 15
4 4 2 3 7 11 15
4 4 2 3 9 9 31
4 4 2 3 9 10 31
4 4 2 3 9 11 31
4 4 2 3 10 10 31
4 4 2 3 10 11 31
4 4 2 3 11 11 31
4 4 2 5 5 5 15
4 4 2 5 5 6 15
4 4 2 5 5 7 15
4 4 2 5 5 9 31
4 4 2 5 5 10 31
4 4 2 5 5 11 31
4 4 2 5 6 6 15
4 4 2 5 6 7 15
4 4 2 5 6 9 31
4 4 2 5 6 10 31
4 4 2 5 6 11 31
4 4 2 5 7 7 15
4 4 2 5 7 9 31
4 4 2 5 7 10 31
4 4 2 5 7 11 31
4 4 2 5 9 9 63
4 4 2 5 9 10 63
4 4 2 5 9 11 63
4 4 2 5 10 10 63
4 4 2 5 10 11 63
4 4 2 5 11 11 63
4 4 2 6 6 6 15
4 4 2 6 6 7 15
4 4 2 6 6 9 31
4 4 2 6 6 10 31
4 4 2 6 6 11 31
4 4 2 6 7 7 15
4 4 2 6 7 9 31
4 4 2 6 7 10 31
4 4 2 6 7 11 31
4 4 2 6 9 9 63
4 4 2 6 9 10 63
4 4 2 6 9 11 63
4 4 2 6 10 10 63
4 4 2 6 10 11 63
4 4 2 6 11 11 63
4 4 2 7 7 7 15
4 4 2 7 7 9 31
4 4 2 7 7 10 31
4 4 2 7 7 11 31
4 4 2 7 9 9 63
4 4 2 7 9 10 63
4 4 2 7 9 11 63
4 4 2 7 10 10 63
4 4 2 7 10 11 63
4 4 2 7 11 11 63
4 4 2 9 9 9 127
4 4 2 9 9 10 127
4 4 2 9 9 11 127
4 4 2 9 10 10 127
4 4 2 9 10 11 127
4 4 2 9 11 11 127
4 4 2 10 10 10 127
4 4 2 10 10 11 127
4 4 2 10 11 11 127
4 4 2 11 11 11 127
4 4 3 3 3 3 7
4 4 3 3 3 5 3
4 4 3 3 3 6 3
4 4 3 3 3 7 15
4 4 3 3 3 9 7
4 4 3 3 3 10 7
4 4 3 3 3 11 31
4 4 3 3 5 5 7
4 4 3 3 5 6 7
4 4 3 3 5 7 7
4 4 3 3 5 9 15
4 4 3 3 5 10 15
4 4 3 3 5 11 15
4 4 3 3 6 6 7
4 4 3 3 6 7 7
4 4 3 3 6 9 15
4 4 3 3 6 10 15
4 4 3 3 6 11 15
4 4 3 3 7 7 31
4 4 3 3 7 9 15
4 4 3 3 7 10 15
4 4 3 3 7 11 63
4 4 3 3 9 9 31
4 4 3 3 9 10 31
4 4 3 3 9 11 31
4 4 3 3 10 10 31
4 4 3 3 10 11 31
4 4 3 3 11 11 127
4 4 3 5 5 5 15
4 4 3 5 5 6 15
4 4 3 5 5 7 15
4 4 3 5 5 9 31
4 4 3 5 5 10 31
4 4 3 5 5 11 31
4 4 3 5 6 6 15
4 4 3 5 6 7 15
4 4 3 5 6 9 31
4 4 3 5 6 10 31
4 4 3 5 6 11 31
4 4 3 5 7 7 15
4 4 3 5 7 9 31
4 4 3 5 7 10 31
4 4 3 5 7 11 31
4 4 3 5 9 9 63
4 4 3 5 9 10 63
4 4 3 5 9 11 63
4 4 3 5 10 10 63
4 4 3 5 10 11 63
4 4 3 5 11 11 63
4 4 3 6 6 6 15
4 4 3 6 6 7 15
4 4 3 6 6 9 31
4 4 3 6 6 10 31
4 4 3 6 6 11 31
4 4 3 6 7 7 15
4 4 3 6 7 9 31
4 4 3 6 7 10 31
4 4 3 6 7 11 31
4 4 3 6 9 9 63
4 4 3 6 9 10 63
4 4 3 6 9 11 63
4 4 3 6 10 10 63
4 4 3 6 10 11 63
4 4 3 6 11 11 63
4 4 3 7 7 7 63
4 4 3 7 7 9 31
4 4 3 7 7 10 31
4 4 3 7 7 11 127
4 4 3 7 9 9 63
4 4 3 7 9 10 63
4 4 3 7 9 11 63
4 4 3 7 10 10 63
4 4 3 7 10 11 63
4 4 3 7 11 11 255
4 4 3 9 9 9 127
4 4 3 9 9 10 127
4 4 3 9 9 11 127
4 4 3 9 10 10 127
4 4 3 9 10 11 127
4 4 3 9 11 11 127
4 4 3 10 10 10 127
4 4 3 10 10 11 127
4 4 3 10 11 11 127
4 4 3 11 11 11 511
4 4 5 5 5 5 31
4 4 5 5 5 6 31
4 4 5 5 5 7 31
4 4 5 5 5 9 63
4 4 5 5 5 10 63
4 4 5 5 5 11 63
4 4 5 5 6 6 31
4 4 5 5 6 7 31
4 4 5 5 6 9 63
4 4 5 5 6 10 63
4 4 5 5 6 11 63
4 4 5 5 7 7 31
4 4 5 5 7 9 63
4 4 5 5 7 10 63
4 4 5 5 7 11 63
4 4 5 5 9 9 127
4 4 5 5 9 10 127
4 4 5 5 9 11 127
4 4 5 5 10 10 127
4 4 5 5 10 11 127
4 4 5 5 11 11 127
4 4 5 6 6 6 31
4 4 5 6 6 7 31
4 4 5 6 6 9 63
4 4 5 6 6 10 63
4 4 5 6 6 11 63
4 4 5 6 7 7 31
4 4 5 6 7 9 63
4 4 5 6 7 10 63
4 4 5 6 7 11 63
4 4 5 6 9 9 127
4 4 5 6 9 10 127
4 4 5 6 9 11 127
4 4 5 6 10 10 127
4 4 5 6 10 11 127
4 4 5 6 11 11 127
4 4 5 7 7 7 31
4 4 5 7 7 9 63
4 4 5 7 7 10 63
4 4 5 7 7 11 63
4 4 5 7 9 9 127
4 4 5 7 9 10 127
4 4 5 7 9 11 127
4 4 5 7 10 10 127
4 4 5 7 10 11 127
4 4 5 7 11 11 127
4 4 5 9 9 9 255
4 4 5 9 9 10 255
4 4 5 9 9 11 255
4 4 5 9 10 10 255
4 4 5 9 10 11 255
4 4 5 9 11 11 255
4 4 5 10 10 10 255
4 4 5 10 10 11 255
4 4 5 10 11 11 255
4 4 5 11 11 11 255
4 4 6 6 6 6 31
4 4 6 6 6 7 31
4 4 6 6 6 9 63
4 4 6 6 6 10 63
4 4 6 6 6 11 63
4 4 6 6 7 7 31
4 4 6 6 7 9 63
4 4 6 6 7 10 63
4 4 6 6 7 11 63
4 4 6 6 9 9 127
4 4 6 6 9 10 127
4 4 6 6 9 11 127
4 4 6 6 10 10 127
4 4 6 6 10 11 127
4 4 6 6 11 11 127
4 4 6 7 7 7 31
4 4 6 7 7 9 63
4 4 6 7 7 10 63
4 4 6 7 7 11 63
4 4 6 7 9 9 127
4 4 6 7 9 10 127
4 4 6 7 9 11 127
4 4 6 7 10 10 127
4 4 6 7 10 11 127
4 4 6 7 11 11 127
4 4 6 9 9 9 255
4 4 6 9 9 10 255
4 4 6 9 9 11 255
4 4 6 9 10 10 255
4 4 6 9 10 11 255
4 4 6 9 11 11 255
4 4 6 10 10 10 255
4 4 6 10 10 11 255
4 4 6 10 11 11 255
4 4 6 11 11 11 255
4 4 7 7 7 7 127
4 4 7 7 7 9 63
4 4 7 7 7 10 63
4 4 7 7 7 11 255
4 4 7 7 9 9 127
4 4 7 7 9 10 127
4 4 7 7 9 11 127
4 4 7 7 10 10 127
4 4 7 7 10 11 127
4 4 7 7 11 11 511
4 4 7 9 9 9 255
4 4 7 9 9 10 255
4 4 7 9 9 11 255
4 4 7 9 10 10 255
4 4 7 9 10 11 255
4 4 7 9 11 11 255
4 4 7 10 10 10 255
4 4 7 10 10 11 255
4 4 7 10 11 11 255
4 4 7 11 11 11 1023
4 4 9 9 9 9 511
4 4 9 9 9 10 511
4 4 9 9 9 11 511
4 4 9 9 10 10 511
4 4 9 9 10 11 511
4 4 9 9 11 11 511
4 4 9 10 10 10 511
4 4 9 10 10 11 511
4 4 9 10 11 11 511
4 4 9 11 11 11 511
4 4 10 10 10 10 511
4 4 10 10 10 11 511
4 4 10 10 11 11 511
4 4 10 11 11 11 511
4 4 11 11 11 11 2047
4 5 2 2 2 2 2 1
4 5 2 2 2 2 3 1
4 5 2 2 2 2 5 3
4 5 2 2 2 2 6 3
4 5 2 2 2 2 7 3
4 5 2 2 2 2 9 7
4 5 2 2 2 2 10 7
4 5 2 2 2 2 11 7
4 5 2 2 2 3 3 1
4 5 2 2 2 3 5 3
4 5 2 2 2 3 6 3
4 5 2 2 2 3 7 3
4 5 2 2 2 3 9 7
4 5 2 2 2 3 10 7
4 5 2 2 2 3 11 7
4 5 2 2 2 5 5 7
4 5 2 2 2 5 6 7
4 5 2 2 2 5 7 7
4 5 2 2 2 5 9 15
4 5 2 2 2 5 10 15
4 5 2 2 2 5 11 15
4 5 2 2 2 6 6 7
4 5 2 2 2 6 7 7
4 5 2 2 2 6 9 15
4 5 2 2 2 6 10 15
4 5 2 2 2 6 11 15
4 5 2 2 2 7 7 7
4 5 2 2 2 7 9 15
4 5 2 2 2 7 10 15
4 5 2 2 2 7 11 15
4 5 2 2 2 9 9 31
4 5 2 2 2 9 10 31
4 5 2 2 2 9 11 31
4 5 2 2 2 10 10 31
4 5 2 2 2 10 11 31
4 5 2 2 2 11 11 31
4 5 2 2 3 3 3 1
4 5 2 2 3 3 5 3
4 5 2 2 3 3 6 3
4 5 2 2 3 3 7 3
4 5 2 2 3 3 9 7
4 5 2 2 3 3 10 7
4 5 2 2 3 3 11 7
4 5 2 2 3 5 5 7
4 5 2 2 3 5 6 7
4 5 2 2 3 5 7 7
4 5 2 2 3 5 9 15
4 5 2 2 3 5 10 15
4 5 2 2 3 5 11 15
4 5 2 2 3 6 6 7
4 5 2 2 3 6 7 7
4 5 2 2 3 6 9 15
4 5 2 2 3 6 10 15
4 5 2 2 3 6 11 15
4 5 2 2 3 7 7 7
4 5 2 2 3 7 9 15
4 5 2 2 3 7 10 15
4 5 2 2 3 7 11 15
4 5 2 2 3 9 9 31
4 5 2 2 3 9 10 31
4 5 2 2 3 9 11 31
4 5 2 2 3 10 10 31
4 5 2 2 3 10 11 31
4 5 2 2 3 11 11 31
4 5 2 2 5 5 5 15
4 5 2 2 5 5 6 15
4 5 2 2 5 5 7 15
4 5 2 2 5 5 9 31
4 5 2 2 5 5 10 31
4 5 2 2 5 5 11 31
4 5 2 2 5 6 6 15
4 5 2 2 5 6 7 15
4 5 2 2 5 6 9 31
4 5 2 2 5 6 10 31
4 5 2 2 5 6 11 31
4 5 2 2 5 7 7 15
4 5 2 2 5 7 9 31
4 5 2 2 5 7 10 31
4 5 2 2 5 7 11 31
4 5 2 2 5 9 9 63
4 5 2 2 5 9 10 63
4 5 2 2 5 9 11 63
4 5 2 2 5 10 10 63
4 5 2 2 5 10 11 63
4 5 2 2 5 11 11 63
4 5 2 2 6 6 6 15
4 5 2 2 6 6 7 15
4 5 2 2 6 6 9 31
4 5 2 2 6 6 10 31
4 5 2 2 6 6 11 31
4 5 2 2 6 7 7 15
4 5 2 2 6 7 9 31
4 5 2 2 6 7 10 31
4 5 2 2 6 7 11 31
4 5 2 2 6 9 9 63
4 5 2 2 6 9 10 63
4 5 2 2 6 9 11 63
4 5 2 2 6 10 10 63
4 5 2 2 6 10 11 63
4 5 2 2 6 11 11 63
4 5 2 2 7 7 7 15
4 5 2 2 7 7 9 31
4 5 2 2 7 7 10 31
4 5 2 2 7 7 11 31
4 5 2 2 7 9 9 63
4 5 2 2 7 9 10 63
4 5 2 2 7 9 11 63
4 5 2 2 7 10 10 63
4 5 2 2 7 10 11 63
4 5 2 2 7 11 11 63
4 5 2 2 9 9 9 127
4 5 2 2 9 9 10 127
4 5 2 2 9 9 11 127
4 5 2 2 9 10 10 127
4 5 2 2 9 10 11 127
4 5 2 2 9 11 11 127
4 5 2 2 10 10 10 127
4 5 2 2 10 10 11 127
4 5 2 2 10 11 11 127
4 5 2 2 11 11 11 127
4 5 2 3 3 3 3 7
4 5 2 3 3 3 5 3
4 5 2 3 3 3 6 3
4 5 2 3 3 3 7 15
4 5 2 3 3 3 9 7
4 5 2 3 3 3 10 7
4 5 2 3 3 3 11 31
4 5 2 3 3 5 5 7
4 5 2 3 3 5 6 7
4 5 2 3 3 5 7 7
4 5 2 3 3 5 9 15
4 5 2 3 3 5 10 15
4 5 2 3 3 5 11 15
4 5 2 3 3 6 6 7
4 5 2 3 3 6 7 7
4 5 2 3 3 6 9 15
4 5 2 3 3 6 10 15
4 5 2 3 3 6 11 15
4 5 2 3 3 7 7 31
4 5 2 3 3 7 9 15
4 5 2 3 3 7 10 15
4 5 2 3 3 7 11 63
4 5 2 3 3 9 9 31
4 5 2 3 3 9 10 31
4 5 2 3 3 9 11 31
4 5 2 3 3 10 10 31
4 5 2 3 3 10 11 31
4 5 2 3 3 11 11 127
4 5 2 3 5 5 5 15
4 5 2 3 5 5 6 15
4 5 2 3 5 5 7 15
4 5 2 3 5 5 9 31
4 5 2 3 5 5 10 31
4 5 2 3 5 5 11 31
4 5 2 3 5 6 6 15
4 5 2 3 5 6 7 15
4 5 2 3 5 6 9 31
4 5 2 3 5 6 10 31
4 5 2 3 5 6 11 31
4 5 2 3 5 7 7 15
4 5 2 3 5 7 9 31
4 5 2 3 5 7 10 31
4 5 2 3 5 7 11 31
4 5 2 3 5 9 9 63
4 5 2 3 5 9 10 63
4 5 2 3 5 9 11 63
4 5 2 3 5 10 10 63
4 5 2 3 5 10 11 63
4 5 2 3 5 11 11 63
4 5 2 3 6 6 6 15
4 5 2 3 6 6 7 15
4 5 2 3 6 6 9 31
4 5 2 3 6 6 10 31
4 5 2 3 6 6 11 31
4 5 2 3 6 7 7 15
4 5 2 3 6 7 9 31
4 5 2 3 6 7 10 31
4 5 2 3 6 7 11 31
4 5 2 3 6 9 9 63
4 5 2 3 6 9 10 63
4 5 2 3 6 9 11 63
4 5 2 3 6 10 10 63
4 5 2 3 6 10 11 63
4 5 2 3 6 11 11 63
4 5 2 3 7 7 7 63
4 5 2 3 7 7 9 31
4 5 2 3 7 7 10 31
4 5 2 3 7 7 11 127
4 5 2 3 7 9 9 63
4 5 2 3 7 9 10 63
4 5 2 3 7 9 11 63
4 5 2 3 7 10 10 63
4 5 2 3 7 10 11 63
4 5 2 3 7 11 11 255
4 5 2 3 9 9 9 127
4 5 2 3 9 9 10 127
4 5 2 3 9 9 11 127
4 5 2 3 9 10 10 127
4 5 2 3 9 10 11 127
4 5 2 3 9 11 11 127
4 5 2 3 10 10 10 127
4 5 2 3 10 10 11 127
4 5 2 3 10 11 11 127
4 5 2 3 11 11 11 511
4 5 2 5 5 5 5 31
4 5 2 5 5 5 6 31
4 5 2 5 5 5 7 31
4 5 2 5 5 5 9 63
4 5 2 5 5 5 10 63
4 5 2 5 5 5 11 63
4 5 2 5 5 6 6 31
4 5 2 5 5 6 7 31
4 5 2 5 5 6 9 63
4 5 2 5 5 6 10 63
4 5 2 5 5 6 11 63
4 5 2 5 5 7 7 31
4 5 2 5 5 7 9 63
4 5 2 5 5 7 10 63
4 5 2 5 5 7 11 63
4 5 2 5 5 9 9 127
4 5 2 5 5 9 10 127
4 5 2 5 5 9 11 127
4 5 2 5 5 10 10 127
4 5 2 5 5 10 11 127
4 5 2 5 5 11 11 127
4 5 2 5 6 6 6 31
4 5 2 5 6 6 7 31
4 5 2 5 6 6 9 63
4 5 2 5 6 6 10 63
4 5 2 5 6 6 11 63
4 5 2 5 6 7 7 31
4 5 2 5 6 7 9 63
4 5 2 5 6 7 10 63
4 5 2 5 6 7 11 63
4 5 2 5 6 9 9 127
4 5 2 5 6 9 10 127
4 5 2 5 6 9 11 127
4 5 2 5 6 10 10 127
4 5 2 5 6 10 11 127
4 5 2 5 6 11 11 127
4 5 2 5 7 7 7 31
4 5 2 5 7 7 9 63
4 5 2 5 7 7 10 63
4 5 2 5 7 7 11 63
4 5 2 5 7 9 9 127
4 5 2 5 7 9 10 127
4 5 2 5 7 9 11 127
4 5 2 5 7 10 10 127
4 5 2 5 7 10 11 127
4 5 2 5 7 11 11 127
4 5 2 5 9 9 9 255
4 5 2 5 9 9 10 255
4 5 2 5 9 9 11 255
4 5 2 5 9 10 10 255
4 5 2 5 9 10 11 255
4 5 2 5 9 11 11 255
4 5 2 5 10 10 10 255
4 5 2 5 10 10 11 255
4 5 2 5 10 11 11 255
4 5 2 5 11 11 11 255
4 5 2 6 6 6 6 31
4 5 2 6 6 6 7 31
4 5 2 6 6 6 9 63
4 5 2 6 6 6 10 63
4 5 2 6 6 6 11 63
4 5 2 6 6 7 7 31
4 5 2 6 6 7 9 63
4 5 2 6 6 7 10 63
4 5 2 6 6 7 11 63
4 5 2 6 6 9 9 127
4 5 2 6 6 9 10 127
4 5 2 6 6 9 11 127
4 5 2 6 6 10 10 127
4 5 2 6 6 10 11 127
4 5 2 6 6 11 11 127
4 5 2 6 7 7 7 31
4 5 2 6 7 7 9 63
4 5 2 6 7 7 10 63
4 5 2 6 7 7 11 63
4 5 2 6 7 9 9 127
4 5 2 6 7 9 10 127
4 5 2 6 7 9 11 127
4 5 2 6 7 10 10 127
4 5 2 6 7 10 11 127
4 5 2 6 7 11 11 127
4 5 2 6 9 9 9 255
4 5 2 6 9 9 10 255
4 5 2 6 9 9 11 255
4 5 2 6 9 10 10 255
4 5 2 6 9 10 11 255
4 5 2 6 9 11 11 255
4 5 2 6 10 10 10 255
4 5 2 6 10 10 11 255
4 5 2 6 10 11 11 255
4 5 2 6 11 11 11 255
4 5 2 7 7 7 7 127
4 5 2 7 7 7 9 63
4 5 2 7 7 7 10 63
4 5 2 7 7 7 11 255
4 5 2 7 7 9 9 127
4 5 2 7 7 9 10 127
4 5 2 7 7 9 11 127
4 5 2 7 7 10 10 127
4 5 2 7 7 10 11 127
4 5 2 7 7 11 11 511
4 5 2 7 9 9 9 255
4 5 2 7 9 9 10 255
4 5 2 7 9 9 11 255
4 5 2 7 9 10 10 255
4 5 2 7 9 10 11 255
4 5 2 7 9 11 11 255
4 5 2 7 10 10 10 255
4 5 2 7 10 10 11 255
4 5 2 7 10 11 11 255
4 5 2 7 11 11 11 1023
4 5 2 9 9 9 9 511
4 5 2 9 9 9 10 511
4 5 2 9 9 9 11 511
4 5 2 9 9 10 10 511
4 5 2 9 9 10 11 511
4 5 2 9 9 11 11 511
4 5 2 9 10 10 10 511
4 5 2 9 10 10 11 511
4 5 2 9 10 11 11 511
4 5 2 9 11 11 11 511
4 5 2 10 10 10 10 511
4 5 2 10 10 10 11 511
4 5 2 10 10 11 11 511
4 5 2 10 11 11 11 511
4 5 2 11 11 11 11 2047
4 5 3 3 3 3 3 7
4 5 3 3 3 3 5 15
4 5 3 3 3 3 6 15
4 5 3 3 3 3 7 15
4 5 3 3 3 3 9 31
4 5 3 3 3 3 10 31
4 5 3 3 3 3 11 31
4 5 3 3 3 5 5 7
4 5 3 3 3 5 6 7
4 5 3 3 3 5 7 31
4 5 3 3 3 5 9 15
4 5 3 3 3 5 10 15
4 5 3 3 3 5 11 63
4 5 3 3 3 6 6 7
4 5 3 3 3 6 7 31
4 5 3 3 3 6 9 15
4 5 3 3 3 6 10 15
4 5 3 3 3 6 11 63
4 5 3 3 3 7 7 31
4 5 3 3 3 7 9 63
4 5 3 3 3 7 10 63
4 5 3 3 3 7 11 63
4 5 3 3 3 9 9 31
4 5 3 3 3 9 10 31
4 5 3 3 3 9 11 127
4 5 3 3 3 10 10 31
4 5 3 3 3 10 11 127
4 5 3 3 3 11 11 127
4 5 3 3 5 5 5 15
4 5 3 3 5 5 6 15
4 5 3 3 5 5 7 15
4 5 3 3 5 5 9 31
4 5 3 3 5 5 10 31
4 5 3 3 5 5 11 31
4 5 3 3 5 6 6 15
4 5 3 3 5 6 7 15
4 5 3 3 5 6 9 31
4 5 3 3 5 6 10 31
4 5 3 3 5 6 11 31
4 5 3 3 5 7 7 63
4 5 3 3 5 7 9 31
4 5 3 3 5 7 10 31
4 5 3 3 5 7 11 127
4 5 3 3 5 9 9 63
4 5 3 3 5 9 10 63
4 5 3 3 5 9 11 63
4 5 3 3 5 10 10 63
4 5 3 3 5 10 11 63
4 5 3 3 5 11 11 255
4 5 3 3 6 6 6 15
4 5 3 3 6 6 7 15
4 5 3 3 6 6 9 31
4 5 3 3 6 6 10 31
4 5 3 3 6 6 11 31
4 5 3 3 6 7 7 63
4 5 3 3 6 7 9 31
4 5 3 3 6 7 10 31
4 5 3 3 6 7 11 127
4 5 3 3 6 9 9 63
4 5 3 3 6 9 10 63
4 5 3 3 6 9 11 63
4 5 3 3 6 10 10 63
4 5 3 3 6 10 11 63
4 5 3 3 6 11 11 255
4 5 3 3 7 7 7 63
4 5 3 3 7 7 9 127
4 5 3 3 7 7 10 127
4 5 3 3 7 7 11 127
4 5 3 3 7 9 9 63
4 5 3 3 7 9 10 63
4 5 3 3 7 9 11 255
4 5 3 3 7 10 10 63
4 5 3 3 7 10 11 255
4 5 3 3 7 11 11 255
4 5 3 3 9 9 9 127
4 5 3 3 9 9 10 127
4 5 3 3 9 9 11 127
4 5 3 3 9 10 10 127
4 5 3 3 9 10 11 127
4 5 3 3 9 11 11 511
4 5 3 3 10 10 10 127
4 5 3 3 10 10 11 127
4 5 3 3 10 11 11 511
4 5 3 3 11 11 11 511
4 5 3 5 5 5 5 31
4 5 3 5 5 5 6 31
4 5 3 5 5 5 7 31
4 5 3 5 5 5 9 63
4 5 3 5 5 5 10 63
4 5 3 5 5 5 11 63
4 5 3 5 5 6 6 31
4 5 3 5 5 6 7 31
4 5 3 5 5 6 9 63
4 5 3 5 5 6 10 63
4 5 3 5 5 6 11 63
4 5 3 5 5 7 7 31
4 5 3 5 5 7 9 63
4 5 3 5 5 7 10 63
4 5 3 5 5 7 11 63
4 5 3 5 5 9 9 127
4 5 3 5 5 9 10 127
4 5 3 5 5 9 11 127
4 5 3 5 5 10 10 127
4 5 3 5 5 10 11 127
4 5 3 5 5 11 11 127
4 5 3 5 6 6 6 31
4 5 3 5 6 6 7 31
4 5 3 5 6 6 9 63
4 5 3 5 6 6 10 63
4 5 3 5 6 6 11 63
4 5 3 5 6 7 7 31
4 5 3 5 6 7 9 63
4 5 3 5 6 7 10 63
4 5 3 5 6 7 11 63
4 5 3 5 6 9 9 127
4 5 3 5 6 9 10 127
4 5 3 5 6 9 11 127
4 5 3 5 6 10 10 127
4 5 3 5 6 10 11 127
4 5 3 5 6 11 11 127
4 5 3 5 7 7 7 127
4 5 3 5 7 7 9 63
4 5 3 5 7 7 10 63
4 5 3 5 7 7 11 255
4 5 3 5 7 9 9 127
4 5 3 5 7 9 10 127
4 5 3 5 7 9 11 127
4 5 3 5 7 10 10 127
4 5 3 5 7 10 11 127
4 5 3 5 7 11 11 511
4 5 3 5 9 9 9 255
4 5 3 5 9 9 10 255
4 5 3 5 9 9 11 255
4 5 3 5 9 10 10 255
4 5 3 5 9 10 11 255
4 5 3 5 9 11 11 255
4 5 3 5 10 10 10 255
4 5 3 5 10 10 11 255
4 5 3 5 10 11 11 255
4 5 3 5 11 11 11 1023
4 5 3 6 6 6 6 31
4 5 3 6 6 6 7 31
4 5 3 6 6 6 9 63
4 5 3 6 6 6 10 63
4 5 3 6 6 6 11 63
4 5 3 6 6 7 7 31
4 5 3 6 6 7 9 63
4 5 3 6 6 7 10 63
4 5 3 6 6 7 11 63
4 5 3 6 6 9 9 127
4 5 3 6 6 9 10 127
4 5 3 6 6 9 11 127
4 5 3 6 6 10 10 127
4 5 3 6 6 10 11 127
4 5 3 6 6 11 11 127
4 5 3 6 7 7 7 127
4 5 3 6 7 7 9 63
4 5 3 6 7 7 10 63
4 5 3 6 7 7 11 255
4 5 3 6 7 9 9 127
4 5 3 6 7 9 10 127
4 5 3 6 7 9 11 127
4 5 3 6 7 10 10 127
4 5 3 6 7 10 11 127
4 5 3 6 7 11 11 511
4 5 3 6 9 9 9 255
4 5 3 6 9 9 10 255
4 5 3 6 9 9 11 255
4 5 3 6 9 10 10 255
4 5 3 6 9 10 11 255
4 5 3 6 9 11 11 255
4 5 3 6 10 10 10 255
4 5 3 6 10 10 11 255
4 5 3 6 10 11 11 255
4 5 3 6 11 11 11 1023
4 5 3 7 7 7 7 127
4 5 3 7 7 7 9 255
4 5 3 7 7 7 10 255
4 5 3 7 7 7 11 255
4 5 3 7 7 9 9 127
4 5 3 7 7 9 10 127
4 5 3 7 7 9 11 511
4 5 3 7 7 10 10 127
4 5 3 7 7 10 11 511
4 5 3 7 7 11 11 511
4 5 3 7 9 9 9 255
4 5 3 7 9 9 10 255
4 5 3 7 9 9 11 255
4 5 3 7 9 10 10 255
4 5 3 7 9 10 11 255
4 5 3 7 9 11 11 1023
4 5 3 7 10 10 10 255
4 5 3 7 10 10 11 255
4 5 3 7 10 11 11 1023
4 5 3 7 11 11 11 1023
4 5 3 9 9 9 9 511
4 5 3 9 9 9 10 511
4 5 3 9 9 9 11 511
4 5 3 9 9 10 10 511
4 5 3 9 9 10 11 511
4 5 3 9 9 11 11 511
4 5 3 9 10 10 10 511
4 5 3 9 10 10 11 511
4 5 3 9 10 11 11 511
4 5 3 9 11 11 11 2047
4 5 3 10 10 10 10 511
4 5 3 10 10 10 11 511
4 5 3 10 10 11 11 511
4 5 3 10 11 11 11 2047
4 5 3 11 11 11 11 2047
4 5 5 5 5 5 5 63
4 5 5 5 5 5 6 63
4 5 5 5 5 5 7 63
4 5 5 5 5 5 9 127
4 5 5 5 5 5 10 127
4 5 5 5 5 5 11 127
4 5 5 5 5 6 6 63
4 5 5 5 5 6 7 63
4 5 5 5 5 6 9 127
4 5 5 5 5 6 10 127
4 5 5 5 5 6 11 127
4 5 5 5 5 7 7 63
4 5 5 5 5 7 9 127
4 5 5 5 5 7 10 127
4 5 5 5 5 7 11 127
4 5 5 5 5 9 9 255
4 5 5 5 5 9 10 255
4 5 5 5 5 9 11 255
4 5 5 5 5 10 10 255
4 5 5 5 5 10 11 255
4 5 5 5 5 11 11 255
4 5 5 5 6 6 6 63
4 5 5 5 6 6 7 63
4 5 5 5 6 6 9 127
4 5 5 5 6 6 10 127
4 5 5 5 6 6 11 127
4 5 5 5 6 7 7 63
4 5 5 5 6 7 9 127
4 5 5 5 6 7 10 127
4 5 5 5 6 7 11 127
4 5 5 5 6 9 9 255
4 5 5 5 6 9 10 255
4 5 5 5 6 9 11 255
4 5 5 5 6 10 10 255
4 5 5 5 6 10 11 255
4 5 5 5 6 11 11 255
4 5 5 5 7 7 7 63
4 5 5 5 7 7 9 127
4 5 5 5 7 7 10 127
4 5 5 5 7 7 11 127
4 5 5 5 7 9 9 255
4 5 5 5 7 9 10 255
4 5 5 5 7 9 11 255
4 5 5 5 7 10 10 255
4 5 5 5 7 10 11 255
4 5 5 5 7 11 11 255
4 5 5 5 9 9 9 511
4 5 5 5 9 9 10 511
4 5 5 5 9 9 11 511
4 5 5 5 9 10 10 511
4 5 5 5 9 10 11 511
4 5 5 5 9 11 11 511
4 5 5 5 10 10 10 511
4 5 5 5 10 10 11 511
4 5 5 5 10 11 11 511
4 5 5 5 11 11 11 511
4 5 5 6 6 6 6 63
4 5 5 6 6 6 7 63
4 5 5 6 6 6 9 127
4 5 5 6 6 6 10 127
4 5 5 6 6 6 11 127
4 5 5 6 6 7 7 63
4 5 5 6 6 7 9 127
4 5 5 6 6 7 10 127
4 5 5 6 6 7 11 127
4 5 5 6 6 9 9 255
4 5 5 6 6 9 10 255
4 5 5 6 6 9 11 255
4 5 5 6 6 10 10 255
4 5 5 6 6 10 11 255
4 5 5 6 6 11 11 255
4 5 5 6 7 7 7 63
4 5 5 6 7 7 9 127
4 5 5 6 7 7 10 127
4 5 5 6 7 7 11 127
4 5 5 6 7 9 9 255
4 5 5 6 7 9 10 255
4 5 5 6 7 9 11 255
4 5 5 6 7 10 10 255
4 5 5 6 7 10 11 255
4 5 5 6 7 11 11 255
4 5 5 6 9 9 9 511
4 5 5 6 9 9 10 511
4 5 5 6 9 9 11 511
4 5 5 6 9 10 10 511
4 5 5 6 9 10 11 511
4 5 5 6 9 11 11 511
4 5 5 6 10 10 10 511
4 5 5 6 10 10 11 511
4 5 5 6 10 11 11 511
4 5 5 6 11 11 11 511
4 5 5 7 7 7 7 255
4 5 5 7 7 7 9 127
4 5 5 7 7 7 10 127
4 5 5 7 7 7 11 511
4 5 5 7 7 9 9 255
4 5 5 7 7 9 10 255
4 5 5 7 7 9 11 255
4 5 5 7 7 10 10 255
4 5 5 7 7 10 11 255
4 5 5 7 7 11 11 1023
4 5 5 7 9 9 9 511
4 5 5 7 9 9 10 511
4 5 5 7 9 9 11 511
4 5 5 7 9 10 10 511
4 5 5 7 9 10 11 511
4 5 5 7 9 11 11 511
4 5 5 7 10 10 10 511
4 5 5 7 10 10 11 511
4 5 5 7 10 11 11 511
4 5 5 7 11 11 11 2047
4 5 5 9 9 9 9 1023
4 5 5 9 9 9 10 1023
4 5 5 9 9 9 11 1023
4 5 5 9 9 10 10 1023
4 5 5 9 9 10 11 1023
4 5 5 9 9 11 11 1023
4 5 5 9 10 10 10 1023
4 5 5 9 10 10 11 1023
4 5 5 9 10 11 11 1023
4 5 5 9 11 11 11 1023
4 5 5 10 10 10 10 1023
4 5 5 10 10 10 11 1023
4 5 5 10 10 11 11 1023
4 5 5 10 11 11 11 1023
4 5 5 11 11 11 11 4095
4 5 6 6 6 6 6 63
4 5 6 6 6 6 7 63
4 5 6 6 6 6 9 127
4 5 6 6 6 6 10 127
4 5 6 6 6 6 11 127
4 5 6 6 6 7 7 63
4 5 6 6 6 7 9 127
4 5 6 6 6 7 10 127
4 5 6 6 6 7 11 127
4 5 6 6 6 9 9 255
4 5 6 6 6 9 10 255
4 5 6 6 6 9 11 255
4 5 6 6 6 10 10 255
4 5 6 6 6 10 11 255
4 5 6 6 6 11 11 255
4 5 6 6 7 7 7 63
4 5 6 6 7 7 9 127
4 5 6 6 7 7 10 127
4 5 6 6 7 7 11 127
4 5 6 6 7 9 9 255
4 5 6 6 7 9 10 255
4 5 6 6 7 9 11 255
4 5 6 6 7 10 10 255
4 5 6 6 7 10 11 255
4 5 6 6 7 11 11 255
4 5 6 6 9 9 9 511
4 5 6 6 9 9 10 511
4 5 6 6 9 9 11 511
4 5 6 6 9 10 10 511
4 5 6 6 9 10 11 511
4 5 6 6 9 11 11 511
4 5 6 6 10 10 10 511
4 5 6 6 10 10 11 511
4 5 6 6 10 11 11 511
4 5 6 6 11 11 11 511
4 5 6 7 7 7 7 255
4 5 6 7 7 7 9 127
4 5 6 7 7 7 10 127
4 5 6 7 7 7 11 511
4 5 6 7 7 9 9 255
4 5 6 7 7 9 10 255
4 5 6 7 7 9 11 255
4 5 6 7 7 10 10 255
4 5 6 7 7 10 11 255
4 5 6 7 7 11 11 1023
4 5 6 7 9 9 9 511
4 5 6 7 9 9 10 511
4 5 6 7 9 9 11 511
4 5 6 7 9 10 10 511
4 5 6 7 9 10 11 511
4 5 6 7 9 11 11 511
4 5 6 7 10 10 10 511
4 5 6 7 10 10 11 511
4 5 6 7 10 11 11 511
4 5 6 7 11 11 11 2047
4 5 6 9 9 9 9 1023
4 5 6 9 9 9 10 1023
4 5 6 9 9 9 11 1023
4 5 6 9 9 10 10 1023
4 5 6 9 9 10 11 1023
4 5 6 9 9 11 11 1023
4 5 6 9 10 10 10 1023
4 5 6 9 10 10 11 1023
4 5 6 9 10 11 11 1023
4 5 6 9 11 11 11 1023
4 5 6 10 10 10 10 1023
4 5 6 10 10 10 11 1023
4 5 6 10 10 11 11 1023
4 5 6 10 11 11 11 1023
4 5 6 11 11 11 11 4095
4 5 7 7 7 7 7 255
4 5 7 7 7 7 9 511
4 5 7 7 7 7 10 511
4 5 7 7 7 7 11 511
4 5 7 7 7 9 9 255
4 5 7 7 7 9 10 255
4 5 7 7 7 9 11 1023
4 5 7 7 7 10 10 255
4 5 7 7 7 10 11 1023
4 5 7 7 7 11 11 1023
4 5 7 7 9 9 9 511
4 5 7 7 9 9 10 511
4 5 7 7 9 9 11 511
4 5 7 7 9 10 10 511
4 5 7 7 9 10 11 511
4 5 7 7 9 11 11 2047
4 5 7 7 10 10 10 511
4 5 7 7 10 10 11 511
4 5 7 7 10 11 11 2047
4 5 7 7 11 11 11 2047
4 5 7 9 9 9 9 1023
4 5 7 9 9 9 10 1023
4 5 7 9 9 9 11 1023
4 5 7 9 9 10 10 1023
4 5 7 9 9 10 11 1023
4 5 7 9 9 11 11 1023
4 5 7 9 10 10 10 1023
4 5 7 9 10 10 11 1023
4 5 7 9 10 11 11 1023
4 5 7 9 11 11 11 4095
4 5 7 10 10 10 10 1023
4 5 7 10 10 10 11 1023
4 5 7 10 10 11 11 1023
4 5 7 10 11 11 11 4095
4 5 7 11 11 11 11 4095
4 5 9 9 9 9 9 2047
4 5 9 9 9 9 10 2047
4 5 9 9 9 9 11 2047
4 5 9 9 9 10 10 2047
4 5 9 9 9 10 11 2047
4 5 9 9 9 11 11 2047
4 5 9 9 10 10 10 2047
4 5 9 9 10 10 11 2047
4 5 9 9 10 11 11 2047
4 5 9 9 11 11 11 2047
4 5 9 10 10 10 10 2047
4 5 9 10 10 10 11 2047
4 5 9 10 10 11 11 2047
4 5 9 10 11 11 11 2047
4 5 9 11 11 11 11 8191
4 5 10 10 10 10 10 2047
4 5 10 10 10 10 11 2047
4 5 10 10 10 11 11 2047
4 5 10 10 11 11 11 2047
4 5 10 11 11 11 11 8191
4 5 11 11 11 11 11 8191
4 6 2 2 2 2 2 2 1
4 6 2 2 2 2 2 3 1
4 6 2 2 2 2 2 5 3
4 6 2 2 2 2 2 6 3
4 6 2 2 2 2 2 7 3
4 6 2 2 2 2 2 9 7
4 6 2 2 2 2 2 10 7
4 6 2 2 2 2 2 11 7
4 6 2 2 2 2 3 3 1
4 6 2 2 2 2 3 5 3
4 6 2 2 2 2 3 6 3
4 6 2 2 2 2 3 7 3
4 6 2 2 2 2 3 9 7
4 6 2 2 2 2 3 10 7
4 6 2 2 2 2 3 11 7
4 6 2 2 2 2 5 5 7
4 6 2 2 2 2 5 6 7
4 6 2 2 2 2 5 7 7
4 6 2 2 2 2 5 9 15
4 6 2 2 2 2 5 10 15
4 6 2 2 2 2 5 11 15
4 6 2 2 2 2 6 6 7
4 6 2 2 2 2 6 7 7
4 6 2 2 2 2 6 9 15
4 6 2 2 2 2 6 10 15
4 6 2 2 2 2 6 11 15
4 6 2 2 2 2 7 7 7
4 6 2 2 2 2 7 9 15
4 6 2 2 2 2 7 10 15
4 6 2 2 2 2 7 11 15
4 6 2 2 2 2 9 9 31
4 6 2 2 2 2 9 10 31
4 6 2 2 2 2 9 11 31
4 6 2 2 2 2 10 10 31
4 6 2 2 2 2 10 11 31
4 6 2 2 2 2 11 11 31
4 6 2 2 2 3 3 3 1
4 6 2 2 2 3 3 5 3
4 6 2 2 2 3 3 6 3
4 6 2 2 2 3 3 7 3
4 6 2 2 2 3 3 9 7
4 6 2 2 2 3 3 10 7
4 6 2 2 2 3 3 11 7
4 6 2 2 2 3 5 5 7
4 6 2 2 2 3 5 6 7
4 6 2 2 2 3 5 7 7
4 6 2 2 2 3 5 9 15
4 6 2 2 2 3 5 10 15
4 6 2 2 2 3 5 11 15
4 6 2 2 2 3 6 6 7
4 6 2 2 2 3 6 7 7
4 6 2 2 2 3 6 9 15
4 6 2 2 2 3 6 10 15
4 6 2 2 2 3 6 11 15
4 6 2 2 2 3 7 7 7
4 6 2 2 2 3 7 9 15
4 6 2 2 2 3 7 10 15
4 6 2 2 2 3 7 11 15
4 6 2 2 2 3 9 9 31
4 6 2 2 2 3 9 10 31
4 6 2 2 2 3 9 11 31
4 6 2 2 2 3 10 10 31
4 6 2 2 2 3 10 11 31
4 6 2 2 2 3 11 11 31
4 6 2 2 2 5 5 5 15
4 6 2 2 2 5 5 6 15
4 6 2 2 2 5 5 7 15
4 6 2 2 2 5 5 9 31
4 6 2 2 2 5 5 10 31
4 6 2 2 2 5 5 11 31
4 6 2 2 2 5 6 6 15
4 6 2 2 2 5 6 7 15
4 6 2 2 2 5 6 9 31
4 6 2 2 2 5 6 10 31
4 6 2 2 2 5 6 11 31
4 6 2 2 2 5 7 7 15
4 6 2 2 2 5 7 9 31
4 6 2 2 2 5 7 10 31
4 6 2 2 2 5 7 11 31
4 6 2 2 2 5 9 9 63
4 6 2 2 2 5 9 10 63
4 6 2 2 2 5 9 11 63
4 6 2 2 2 5 10 10 63
4 6 2 2 2 5 10 11 63
4 6 2 2 2 5 11 11 63
4 6 2 2 2 6 6 6 15
4 6 2 2 2 6 6 7 15
4 6 2 2 2 6 6 9 31
4 6 2 2 2 6 6 10 31
4 6 2 2 2 6 6 11 31
4 6 2 2 2 6 7 7 15
4 6 2 2 2 6 7 9 31
4 6 2 2 2 6 7 10 31
4 6 2 2 2 6 7 11 31
4 6 2 2 2 6 9 9 63
4 6 2 2 2 6 9 10 63
4 6 2 2 2 6 9 11 63
4 6 2 2 2 6 10 10 63
4 6 2 2 2 6 10 11 63
4 6 2 2 2 6 11 11 63
4 6 2 2 2 7 7 7 15
4 6 2 2 2 7 7 9 31
4 6 2 2 2 7 7 10 31
4 6 2 2 2 7 7 11 31
4 6 2 2 2 7 9 9 63
4 6 2 2 2 7 9 10 63
4 6 2 2 2 7 9 11 63
4 6 2 2 2 7 10 10 63
4 6 2 2 2 7 10 11 63
4 6 2 2 2 7 11 11 63
4 6 2 2 2 9 9 9 127
4 6 2 2 2 9 9 10 127
4 6 2 2 2 9 9 11 127
4 6 2 2 2 9 10 10 127
4 6 2 2 2 9 10 11 127
4 6 2 2 2 9 11 11 127
4 6 2 2 2 10 10 10 127
4 6 2 2 2 10 10 11 127
4 6 2 2 2 10 11 11 127
4 6 2 2 2 11 11 11 127
4 6 2 2 3 3 3 3 7
4 6 2 2 3 3 3 5 3
4 6 2 2 3 3 3 6 3
4 6 2 2 3 3 3 7 15
4 6 2 2 3 3 3 9 7
4 6 2 2 3 3 3 10 7
4 6 2 2 3 3 3 11 31
4 6 2 2 3 3 5 5 7
4 6 2 2 3 3 5 6 7
4 6 2 2 3 3 5 7 7
4 6 2 2 3 3 5 9 15
4 6 2 2 3 3 5 10 15
4 6 2 2 3 3 5 11 15
4 6 2 2 3 3 6 6 7
4 6 2 2 3 3 6 7 7
4 6 2 2 3 3 6 9 15
4 6 2 2 3 3 6 10 15
4 6 2 2 3 3 6 11 15
4 6 2 2 3 3 7 7 31
4 6 2 2 3 3 7 9 15
4 6 2 2 3 3 7 10 15
4 6 2 2 3 3 7 11 63
4 6 2 2 3 3 9 9 31
4 6 2 2 3 3 9 10 31
4 6 2 2 3 3 9 11 31
4 6 2 2 3 3 10 10 31
4 6 2 2 3 3 10 11 31
4 6 2 2 3 3 11 11 127
4 6 2 2 3 5 5 5 15
4 6 2 2 3 5 5 6 15
4 6 2 2 3 5 5 7 15
4 6 2 2 3 5 5 9 31
4 6 2 2 3 5 5 10 31
4 6 2 2 3 5 5 11 31
4 6 2 2 3 5 6 6 15
4 6 2 2 3 5 6 7 15
4 6 2 2 3 5 6 9 31
4 6 2 2 3 5 6 10 31
4 6 2 2 3 5 6 11 31
4 6 2 2 3 5 7 7 15
4 6 2 2 3 5 7 9 31
4 6 2 2 3 5 7 10 31
4 6 2 2 3 5 7 11 31
4 6 2 2 3 5 9 9 63
4 6 2 2 3 5 9 10 63
4 6 2 2 3 5 9 11 63
4 6 2 2 3 5 10 10 63
4 6 2 2 3 5 10 11 63
4 6 2 2 3 5 11 11 63
4 6 2 2 3 6 6 6 15
4 6 2 2 3 6 6 7 15
4 6 2 2 3 6 6 9 31
4 6 2 2 3 6 6 10 31
4 6 2 2 3 6 6 11 31
4 6 2 2 3 6 7 7 15
4 6 2 2 3 6 7 9 31
4 6 2 2 3 6 7 10 31
4 6 2 2 3 6 7 11 31
4 6 2 2 3 6 9 9 63
4 6 2 2 3 6 9 10 63
4 6 2 2 3 6 9 11 63
4 6 2 2 3 6 10 10 63
4 6 2 2 3 6 10 11 63
4 6 2 2 3 6 11 11 63
4 6 2 2 3 7 7 7 63
4 6 2 2 3 7 7 9 31
4 6 2 2 3 7 7 10 31
4 6 2 2 3 7 7 11 127
4 6 2 2 3 7 9 9 63
4 6 2 2 3 7 9 10 63
4 6 2 2 3 7 9 11 63
4 6 2 2 3 7 10 10 63
4 6 2 2 3 7 10 11 63
4 6 2 2 3 7 11 11 255
4 6 2 2 3 9 9 9 127
4 6 2 2 3 9 9 10 127
4 6 2 2 3 9 9 11 127
4 6 2 2 3 9 10 10 127
4 6 2 2 3 9 10 11 127
4 6 2 2 3 9 11 11 127
4 6 2 2 3 10 10 10 127
4 6 2 2 3 10 10 11 127
4 6 2 2 3 10 11 11 127
4 6 2 2 3 11 11 11 511
4 6 2 2 5 5 5 5 31
4 6 2 2 5 5 5 6 31
4 6 2 2 5 5 5 7 31
4 6 2 2 5 5 5 9 63
4 6 2 2 5 5 5 10 63
4 6 2 2 5 5 5 11 63
4 6 2 2 5 5 6 6 31
4 6 2 2 5 5 6 7 31
4 6 2 2 5 5 6 9 63
4 6 2 2 5 5 6 10 63
4 6 2 2 5 5 6 11 63
4 6 2 2 5 5 7 7 31
4 6 2 2 5 5 7 9 63
4 6 2 2 5 5 7 10 63
4 6 2 2 5 5 7 11 63
4 6 2 2 5 5 9 9 127
4 6 2 2 5 5 9 10 127
4 6 2 2 5 5 9 11 127
4 6 2 2 5 5 10 10 127
4 6 2 2 5 5 10 11 127
4 6 2 2 5 5 11 11 127
4 6 2 2 5 6 6 6 31
4 6 2 2 5 6 6 7 31
4 6 2 2 5 6 6 9 63
4 6 2 2 5 6 6 10 63
4 6 2 2 5 6 6 11 63
4 6 2 2 5 6 7 7 31
4 6 2 2 5 6 7 9 63
4 6 2 2 5 6 7 10 63
4 6 2 2 5 6 7 11 63
4 6 2 2 5 6 9 9 127
4 6 2 2 5 6 9 10 127
4 6 2 2 5 6 9 11 127
4 6 2 2 5 6 10 10 127
4 6 2 2 5 6 10 11 127
4 6 2 2 5 6 11 11 127
4 6 2 2 5 7 7 7 31
4 6 2 2 5 7 7 9 63
4 6 2 2 5 7 7 10 63
4 6 2 2 5 7 7 11 63
4 6 2 2 5 7 9 9 127
4 6 2 2 5 7 9 10 127
4 6 2 2 5 7 9 11 127
4 6 2 2 5 7 10 10 127
4 6 2 2 5 7 10 11 127
4 6 2 2 5 7 11 11 127
4 6 2 2 5 9 9 9 255
4 6 2 2 5 9 9 10 255
4 6 2 2 5 9 9 11 255
4 6 2 2 5 9 10 10 255
4 6 2 2 5 9 10 11 255
4 6 2 2 5 9 11 11 255
4 6 2 2 5 10 10 10 255
4 6 2 2 5 10 10 11 255
4 6 2 2 5 10 11 11 255
4 6 2 2 5 11 11 11 255
4 6 2 2 6 6 6 6 31
4 6 2 2 6 6 6 7 31
4 6 2 2 6 6 6 9 63
4 6 2 2 6 6 6 10 63
4 6 2 2 6 6 6 11 63
4 6 2 2 6 6 7 7 31
4 6 2 2 6 6 7 9 63
4 6 2 2 6 6 7 10 63
4 6 2 2 6 6 7 11 63
4 6 2 2 6 6 9 9 127
4 6 2 2 6 6 9 10 127
4 6 2 2 6 6 9 11 127
4 6 2 2 6 6 10 10 127
4 6 2 2 6 6 10 11 127
4 6 2 2 6 6 11 11 127
4 6 2 2 6 7 7 7 31
4 6 2 2 6 7 7 9 63
4 6 2 2 6 7 7 10 63
4 6 2 2 6 7 7 11 63
4 6 2 2 6 7 9 9 127
4 6 2 2 6 7 9 10 127
4 6 2 2 6 7 9 11 127
4 6 2 2 6 7 10 10 127
4 6 2 2 6 7 10 11 127
4 6 2 2 6 7 11 11 127
4 6 2 2 6 9 9 9 255
4 6 2 2 6 9 9 10 255
4 6 2 2 6 9 9 11 255
4 6 2 2 6 9 10 10 255
4 6 2 2 6 9 10 11 255
4 6 2 2 6 9 11 11 255
4 6 2 2 6 10 10 10 255
4 6 2 2 6 10 10 11 255
4 6 2 2 6 10 11 11 255
4 6 2 2 6 11 11 11 255
4 6 2 2 7 7 7 7 127
4 6 2 2 7 7 7 9 63
4 6 2 2 7 7 7 10 63
4 6 2 2 7 7 7 11 255
4 6 2 2 7 7 9 9 127
4 6 2 2 7 7 9 10 127
4 6 2 2 7 7 9 11 127
4 6 2 2 7 7 10 10 127
4 6 2 2 7 7 10 11 127
4 6 2 2 7 7 11 11 511
4 6 2 2 7 9 9 9 255
4 6 2 2 7 9 9 10 255
4 6 2 2 7 9 9 11 255
4 6 2 2 7 9 10 10 255
4 6 2 2 7 9 10 11 255
4 6 2 2 7 9 11 11 255
4 6 2 2 7 10 10 10 255
4 6 2 2 7 10 10 11 255
4 6 2 2 7 10 11 11 255
4 6 2 2 7 11 11 11 1023
4 6 2 2 9 9 9 9 511
4 6 2 2 9 9 9 10 511
4 6 2 2 9 9 9 11 511
4 6 2 2 9 9 10 10 511
4 6 2 2 9 9 10 11 511
4 6 2 2 9 9 11 11 511
4 6 2 2 9 10 10 10 511
4 6 2 2 9 10 10 11 511
4 6 2 2 9 10 11 11 511
4 6 2 2 9 11 11 11 511
4 6 2 2 10 10 10 10 511
4 6 2 2 10 10 10 11 511
4 6 2 2 10 10 11 11 511
4 6 2 2 10 11 11 11 511
4 6 2 2 11 11 11 11 2047
4 6 2 3 3 3 3 3 7
4 6 2 3 3 3 3 5 15
4 6 2 3 3 3 3 6 15
4 6 2 3 3 3 3 7 15
4 6 2 3 3 3 3 9 31
4 6 2 3 3 3 3 10 31
4 6 2 3 3 3 3 11 31
4 6 2 3 3 3 5 5 7
4 6 2 3 3 3 5 6 7
4 6 2 3 3 3 5 7 31
4 6 2 3 3 3 5 9 15
4 6 2 3 3 3 5 10 15
4 6 2 3 3 3 5 11 63
4 6 2 3 3 3 6 6 7
4 6 2 3 3 3 6 7 31
4 6 2 3 3 3 6 9 15
4 6 2 3 3 3 6 10 15
4 6 2 3 3 3 6 11 63
4 6 2 3 3 3 7 7 31
4 6 2 3 3 3 7 9 63
4 6 2 3 3 3 7 10 63
4 6 2 3 3 3 7 11 63
4 6 2 3 3 3 9 9 31
4 6 2 3 3 3 9 10 31
4 6 2 3 3 3 9 11 127
4 6 2 3 3 3 10 10 31
4 6 2 3 3 3 10 11 127
4 6 2 3 3 3 11 11 127
4 6 2 3 3 5 5 5 15
4 6 2 3 3 5 5 6 15
4 6 2 3 3 5 5 7 15
4 6 2 3 3 5 5 9 31
4 6 2 3 3 5 5 10 31
4 6 2 3 3 5 5 11 31
4 6 2 3 3 5 6 6 15
4 6 2 3 3 5 6 7 15
4 6 2 3 3 5 6 9 31
4 6 2 3 3 5 6 10 31
4 6 2 3 3 5 6 11 31
4 6 2 3 3 5 7 7 63
4 6 2 3 3 5 7 9 31
4 6 2 3 3 5 7 10 31
4 6 2 3 3 5 7 11 127
4 6 2 3 3 5 9 9 63
4 6 2 3 3 5 9 10 63
4 6 2 3 3 5 9 11 63
4 6 2 3 3 5 10 10 63
4 6 2 3 3 5 10 11 63
4 6 2 3 3 5 11 11 255
4 6 2 3 3 6 6 6 15
4 6 2 3 3 6 6 7 15
4 6 2 3 3 6 6 9 31
4 6 2 3 3 6 6 10 31
4 6 2 3 3 6 6 11 31
4 6 2 3 3 6 7 7 63
4 6 2 3 3 6 7 9 31
4 6 2 3 3 6 7 10 31
4 6 2 3 3 6 7 11 127
4 6 2 3 3 6 9 9 63
4 6 2 3 3 6 9 10 63
4 6 2 3 3 6 9 11 63
4 6 2 3 3 6 10 10 63
4 6 2 3 3 6 10 11 63
4 6 2 3 3 6 11 11 255
4 6 2 3 3 7 7 7 63
4 6 2 3 3 7 7 9 127
4 6 2 3 3 7 7 10 127
4 6 2 3 3 7 7 11 127
4 6 2 3 3 7 9 9 63
4 6 2 3 3 7 9 10 63
4 6 2 3 3 7 9 11 255
4 6 2 3 3 7 10 10 63
4 6 2 3 3 7 10 11 255
4 6 2 3 3 7 11 11 255
4 6 2 3 3 9 9 9 127
4 6 2 3 3 9 9 10 127
4 6 2 3 3 9 9 11 127
4 6 2 3 3 9 10 10 127
4 6 2 3 3 9 10 11 127
4 6 2 3 3 9 11 11 511
4 6 2 3 3 10 10 10 127
4 6 2 3 3 10 10 11 127
4 6 2 3 3 10 11 11 511
4 6 2 3 3 11 11 11 511
4 6 2 3 5 5 5 5 31
4 6 2 3 5 5 5 6 31
4 6 2 3 5 5 5 7 31
4 6 2 3 5 5 5 9 63
4 6 2 3 5 5 5 10 63
4 6 2 3 5 5 5 11 63
4 6 2 3 5 5 6 6 31
4 6 2 3 5 5 6 7 31
4 6 2 3 5 5 6 9 63
4 6 2 3 5 5 6 10 63
4 6 2 3 5 5 6 11 63
4 6 2 3 5 5 7 7 31
4 6 2 3 5 5 7 9 63
4 6 2 3 5 5 7 10 63
4 6 2 3 5 5 7 11 63
4 6 2 3 5 5 9 9 127
4 6 2 3 5 5 9 10 127
4 6 2 3 5 5 9 11 127
4 6 2 3 5 5 10 10 127
4 6 2 3 5 5 10 11 127
4 6 2 3 5 5 11 11 127
4 6 2 3 5 6 6 6 31
4 6 2 3 5 6 6 7 31
4 6 2 3 5 6 6 9 63
4 6 2 3 5 6 6 10 63
4 6 2 3 5 6 6 11 63
4 6 2 3 5 6 7 7 31
4 6 2 3 5 6 7 9 63
4 6 2 3 5 6 7 10 63
4 6 2 3 5 6 7 11 63
4 6 2 3 5 6 9 9 127
4 6 2 3 5 6 9 10 127
4 6 2 3 5 6 9 11 127
4 6 2 3 5 6 10 10 127
4 6 2 3 5 6 10 11 127
4 6 2 3 5 6 11 11 127
4 6 2 3 5 7 7 7 127
4 6 2 3 5 7 7 9 63
4 6 2 3 5 7 7 10 63
4 6 2 3 5 7 7 11 255
4 6 2 3 5 7 9 9 127
4 6 2 3 5 7 9 10 127
4 6 2 3 5 7 9 11 127
4 6 2 3 5 7 10 10 127
4 6 2 3 5 7 10 11 127
4 6 2 3 5 7 11 11 511
4 6 2 3 5 9 9 9 255
4 6 2 3 5 9 9 10 255
4 6 2 3 5 9 9 11 255
4 6 2 3 5 9 10 10 255
4 6 2 3 5 9 10 11 255
4 6 2 3 5 9 11 11 255
4 6 2 3 5 10 10 10 255
4 6 2 3 5 10 10 11 255
4 6 2 3 5 10 11 11 255
4 6 2 3 5 11 11 11 1023
4 6 2 3 6 6 6 6 31
4 6 2 3 6 6 6 7 31
4 6 2 3 6 6 6 9 63
4 6 2 3 6 6 6 10 63
4 6 2 3 6 6 6 11 63
4 6 2 3 6 6 7 7 31
4 6 2 3 6 6 7 9 63
4 6 2 3 6 6 7 10 63
4 6 2 3 6 6 7 11 63
4 6 2 3 6 6 9 9 127
4 6 2 3 6 6 9 10 127
4 6 2 3 6 6 9 11 127
4 6 2 3 6 6 10 10 127
4 6 2 3 6 6 10 11 127
4 6 2 3 6 6 11 11 127
4 6 2 3 6 7 7 7 127
4 6 2 3 6 7 7 9 63
4 6 2 3 6 7 7 10 63
4 6 2 3 6 7 7 11 255
4 6 2 3 6 7 9 9 127
4 6 2 3 6 7 9 10 127
4 6 2 3 6 7 9 11 127
4 6 2 3 6 7 10 10 127
4 6 2 3 6 7 10 11 127
4 6 2 3 6 7 11 11 511
4 6 2 3 6 9 9 9 255
4 6 2 3 6 9 9 10 255
4 6 2 3 6 9 9 11 255
4 6 2 3 6 9 10 10 255
4 6 2 3 6 9 10 11 255
4 6 2 3 6 9 11 11 255
4 6 2 3 6 10 10 10 255
4 6 2 3 6 10 10 11 255
4 6 2 3 6 10 11 11 255
4 6 2 3 6 11 11 11 1023
4 6 2 3 7 7 7 7 127
4 6 2 3 7 7 7 9 255
4 6 2 3 7 7 7 10 255
4 6 2 3 7 7 7 11 255
4 6 2 3 7 7 9 9 127
4 6 2 3 7 7 9 10 127
4 6 2 3 7 7 9 11 511
4 6 2 3 7 7 10 10 127
4 6 2 3 7 7 10 11 511
4 6 2 3 7 7 11 11 511
4 6 2 3 7 9 9 9 255
4 6 2 3 7 9 9 10 255
4 6 2 3 7 9 9 11 255
4 6 2 3 7 9 10 10 255
4 6 2 3 7 9 10 11 255
4 6 2 3 7 9 11 11 1023
4 6 2 3 7 10 10 10 255
4 6 2 3 7 10 10 11 255
4 6 2 3 7 10 11 11 1023
4 6 2 3 7 11 11 11 1023
4 6 2 3 9 9 9 9 511
4 6 2 3 9 9 9 10 511
4 6 2 3 9 9 9 11 511
4 6 2 3 9 9 10 10 511
4 6 2 3 9 9 10 11 511
4 6 2 3 9 9 11 11 511
4 6 2 3 9 10 10 10 511
4 6 2 3 9 10 10 11 511
4 6 2 3 9 10 11 11 511
4 6 2 3 9 11 11 11 2047
4 6 2 3 10 10 10 10 511
4 6 2 3 10 10 10 11 511
4 6 2 3 10 10 11 11 511
4 6 2 3 10 11 11 11 2047
4 6 2 3 11 11 11 11 2047
4 6 2 5 5 5 5 5 63
4 6 2 5 5 5 5 6 63
4 6 2 5 5 5 5 7 63
4 6 2 5 5 5 5 9 127
4 6 2 5 5 5 5 10 127
4 6 2 5 5 5 5 11 127
4 6 2 5 5 5 6 6 63
4 6 2 5 5 5 6 7 63
4 6 2 5 5 5 6 9 127
4 6 2 5 5 5 6 10 127
4 6 2 5 5 5 6 11 127
4 6 2 5 5 5 7 7 63
4 6 2 5 5 5 7 9 127
4 6 2 5 5 5 7 10 127
4 6 2 5 5 5 7 11 127
4 6 2 5 5 5 9 9 255
4 6 2 5 5 5 9 10 255
4 6 2 5 5 5 9 11 255
4 6 2 5 5 5 10 10 255
4 6 2 5 5 5 10 11 255
4 6 2 5 5 5 11 11 255
4 6 2 5 5 6 6 6 63
4 6 2 5 5 6 6 7 63
4 6 2 5 5 6 6 9 127
4 6 2 5 5 6 6 10 127
4 6 2 5 5 6 6 11 127
4 6 2 5 5 6 7 7 63
4 6 2 5 5 6 7 9 127
4 6 2 5 5 6 7 10 127
4 6 2 5 5 6 7 11 127
4 6 2 5 5 6 9 9 255
4 6 2 5 5 6 9 10 255
4 6 2 5 5 6 9 11 255
4 6 2 5 5 6 10 10 255
4 6 2 5 5 6 10 11 255
4 6 2 5 5 6 11 11 255
4 6 2 5 5 7 7 7 63
4 6 2 5 5 7 7 9 127
4 6 2 5 5 7 7 10 127
4 6 2 5 5 7 7 11 127
4 6 2 5 5 7 9 9 255
4 6 2 5 5 7 9 10 255
4 6 2 5 5 7 9 11 255
4 6 2 5 5 7 10 10 255
4 6 2 5 5 7 10 11 255
4 6 2 5 5 7 11 11 255
4 6 2 5 5 9 9 9 511
4 6 2 5 5 9 9 10 511
4 6 2 5 5 9 9 11 511
4 6 2 5 5 9 10 10 511
4 6 2 5 5 9 10 11 511
4 6 2 5 5 9 11 11 511
4 6 2 5 5 10 10 10 511
4 6 2 5 5 10 10 11 511
4 6 2 5 5 10 11 11 511
4 6 2 5 5 11 11 11 511
4 6 2 5 6 6 6 6 63
4 6 2 5 6 6 6 7 63
4 6 2 5 6 6 6 9 127
4 6 2 5 6 6 6 10 127
4 6 2 5 6 6 6 11 127
4 6 2 5 6 6 7 7 63
4 6 2 5 6 6 7 9 127
4 6 2 5 6 6 7 10 127
4 6 2 5 6 6 7 11 127
4 6 2 5 6 6 9 9 255
4 6 2 5 6 6 9 10 255
4 6 2 5 6 6 9 11 255
4 6 2 5 6 6 10 10 255
4 6 2 5 6 6 10 11 255
4 6 2 5 6 6 11 11 255
4 6 2 5 6 7 7 7 63
4 6 2 5 6 7 7 9 127
4 6 2 5 6 7 7 10 127
4 6 2 5 6 7 7 11 127
4 6 2 5 6 7 9 9 255
4 6 2 5 6 7 9 10 255
4 6 2 5 6 7 9 11 255
4 6 2 5 6 7 10 10 255
4 6 2 5 6 7 10 11 255
4 6 2 5 6 7 11 11 255
4 6 2 5 6 9 9 9 511
4 6 2 5 6 9 9 10 511
4 6 2 5 6 9 9 11 511
4 6 2 5 6 9 10 10 511
4 6 2 5 6 9 10 11 511
4 6 2 5 6 9 11 11 511
4 6 2 5 6 10 10 10 511
4 6 2 5 6 10 10 11 511
4 6 2 5 6 10 11 11 511
4 6 2 5 6 11 11 11 511
4 6 2 5 7 7 7 7 255
4 6 2 5 7 7 7 9 127
4 6 2 5 7 7 7 10 127
4 6 2 5 7 7 7 11 511
4 6 2 5 7 7 9 9 255
4 6 2 5 7 7 9 10 255
4 6 2 5 7 7 9 11 255
4 6 2 5 7 7 10 10 255
4 6 2 5 7 7 10 11 255
4 6 2 5 7 7 11 11 1023
4 6 2 5 7 9 9 9 511
4 6 2 5 7 9 9 10 511
4 6 2 5 7 9 9 11 511
4 6 2 5 7 9 10 10 511
4 6 2 5 7 9 10 11 511
4 6 2 5 7 9 11 11 511
4 6 2 5 7 10 10 10 511
4 6 2 5 7 10 10 11 511
4 6 2 5 7 10 11 11 511
4 6 2 5 7 11 11 11 2047
4 6 2 5 9 9 9 9 1023
4 6 2 5 9 9 9 10 1023
4 6 2 5 9 9 9 11 1023
4 6 2 5 9 9 10 10 1023
4 6 2 5 9 9 10 11 1023
4 6 2 5 9 9 11 11 1023
4 6 2 5 9 10 10 10 1023
4 6 2 5 9 10 10 11 1023
4 6 2 5 9 10 11 11 1023
4 6 2 5 9 11 11 11 1023
4 6 2 5 10 10 10 10 1023
4 6 2 5 10 10 10 11 1023
4 6 2 5 10 10 11 11 1023
4 6 2 5 10 11 11 11 1023
4 6 2 5 11 11 11 11 4095
4 6 2 6 6 6 6 6 63
4 6 2 6 6 6 6 7 63
4 6 2 6 6 6 6 9 127
4 6 2 6 6 6 6 10 127
4 6 2 6 6 6 6 11 127
4 6 2 6 6 6 7 7 63
4 6 2 6 6 6 7 9 127
4 6 2 6 6 6 7 10 127
4 6 2 6 6 6 7 11 127
4 6 2 6 6 6 9 9 255
4 6 2 6 6 6 9 10 255
4 6 2 6 6 6 9 11 255
4 6 2 6 6 6 10 10 255
4 6 2 6 6 6 10 11 255
4 6 2 6 6 6 11 11 255
4 6 2 6 6 7 7 7 63
4 6 2 6 6 7 7 9 127
4 6 2 6 6 7 7 10 127
4 6 2 6 6 7 7 11 127
4 6 2 6 6 7 9 9 255
4 6 2 6 6 7 9 10 255
4 6 2 6 6 7 9 11 255
4 6 2 6 6 7 10 10 255
4 6 2 6 6 7 10 11 255
4 6 2 6 6 7 11 11 255
4 6 2 6 6 9 9 9 511
4 6 2 6 6 9 9 10 511
4 6 2 6 6 9 9 11 511
4 6 2 6 6 9 10 10 511
4 6 2 6 6 9 10 11 511
4 6 2 6 6 9 11 11 511
4 6 2 6 6 10 10 10 511
4 6 2 6 6 10 10 11 511
4 6 2 6 6 10 11 11 511
4 6 2 6 6 11 11 11 511
4 6 2 6 7 7 7 7 255
4 6 2 6 7 7 7 9 127
4 6 2 6 7 7 7 10 127
4 6 2 6 7 7 7 11 511
4 6 2 6 7 7 9 9 255
4 6 2 6 7 7 9 10 255
4 6 2 6 7 7 9 11 255
4 6 2 6 7 7 10 10 255
4 6 2 6 7 7 10 11 255
4 6 2 6 7 7 11 11 1023
4 6 2 6 7 9 9 9 511
4 6 2 6 7 9 9 10 511
4 6 2 6 7 9 9 11 511
4 6 2 6 7 9 10 10 511
4 6 2 6 7 9 10 11 511
4 6 2 6 7 9 11 11 511
4 6 2 6 7 10 10 10 511
4 6 2 6 7 10 10 11 511
4 6 2 6 7 10 11 11 511
4 6 2 6 7 11 11 11 2047
4 6 2 6 9 9 9 9 1023
4 6 2 6 9 9 9 10 1023
4 6 2 6 9 9 9 11 1023
4 6 2 6 9 9 10 10 1023
4 6 2 6 9 9 10 11 1023
4 6 2 6 9 9 11 11 1023
4 6 2 6 9 10 10 10 1023
4 6 2 6 9 10 10 11 1023
4 6 2 6 9 10 11 11 1023
4 6 2 6 9 11 11 11 1023
4 6 2 6 10 10 10 10 1023
4 6 2 6 10 10 10 11 1023
4 6 2 6 10 10 11 11 1023
4 6 2 6 10 11 11 11 1023
4 6 2 6 11 11 11 11 4095
4 6 2 7 7 7 7 7 255
4 6 2 7 7 7 7 9 511
4 6 2 7 7 7 7 10 511
4 6 2 7 7 7 7 11 511
4 6 2 7 7 7 9 9 255
4 6 2 7 7 7 9 10 255
4 6 2 7 7 7 9 11 1023
4 6 2 7 7 7 10 10 255
4 6 2 7 7 7 10 11 1023
4 6 2 7 7 7 11 11 1023
4 6 2 7 7 9 9 9 511
4 6 2 7 7 9 9 10 511
4 6 2 7 7 9 9 11 511
4 6 2 7 7 9 10 10 511
4 6 2 7 7 9 10 11 511
4 6 2 7 7 9 11 11 2047
4 6 2 7 7 10 10 10 511
4 6 2 7 7 10 10 11 511
4 6 2 7 7 10 11 11 2047
4 6 2 7 7 11 11 11 2047
4 6 2 7 9 9 9 9 1023
4 6 2 7 9 9 9 10 1023
4 6 2 7 9 9 9 11 1023
4 6 2 7 9 9 10 10 1023
4 6 2 7 9 9 10 11 1023
4 6 2 7 9 9 11 11 1023
4 6 2 7 9 10 10 10 1023
4 6 2 7 9 10 10 11 1023
4 6 2 7 9 10 11 11 1023
4 6 2 7 9 11 11 11 4095
4 6 2 7 10 10 10 10 1023
4 6 2 7 10 10 10 11 1023
4 6 2 7 10 10 11 11 1023
4 6 2 7 10 11 11 11 4095
4 6 2 7 11 11 11 11 4095
4 6 2 9 9 9 9 9 2047
4 6 2 9 9 9 9 10 2047
4 6 2 9 9 9 9 11 2047
4 6 2 9 9 9 10 10 2047
4 6 2 9 9 9 10 11 2047
4 6 2 9 9 9 11 11 2047
4 6 2 9 9 10 10 10 2047
4 6 2 9 9 10 10 11 2047
4 6 2 9 9 10 11 11 2047
4 6 2 9 9 11 11 11 2047
4 6 2 9 10 10 10 10 2047
4 6 2 9 10 10 10 11 2047
4 6 2 9 10 10 11 11 2047
4 6 2 9 10 11 11 11 2047
4 6 2 9 11 11 11 11 8191
4 6 2 10 10 10 10 10 2047
4 6 2 10 10 10 10 11 2047
4 6 2 10 10 10 11 11 2047
4 6 2 10 10 11 11 11 2047
4 6 2 10 11 11 11 11 8191
4 6 2 11 11 11 11 11 8191
4 6 3 3 3 3 3 3 7
4 6 3 3 3 3 3 5 15
4 6 3 3 3 3 3 6 15
4 6 3 3 3 3 3 7 15
4 6 3 3 3 3 3 9 31
4 6 3 3 3 3 3 10 31
4 6 3 3 3 3 3 11 31
4 6 3 3 3 3 5 5 31
4 6 3 3 3 3 5 6 31
4 6 3 3 3 3 5 7 31
4 6 3 3 3 3 5 9 63
4 6 3 3 3 3 5 10 63
4 6 3 3 3 3 5 11 63
4 6 3 3 3 3 6 6 31
4 6 3 3 3 3 6 7 31
4 6 3 3 3 3 6 9 63
4 6 3 3 3 3 6 10 63
4 6 3 3 3 3 6 11 63
4 6 3 3 3 3 7 7 31
4 6 3 3 3 3 7 9 63
4 6 3 3 3 3 7 10 63
4 6 3 3 3 3 7 11 63
4 6 3 3 3 3 9 9 127
4 6 3 3 3 3 9 10 127
4 6 3 3 3 3 9 11 127
4 6 3 3 3 3 10 10 127
4 6 3 3 3 3 10 11 127
4 6 3 3 3 3 11 11 127
4 6 3 3 3 5 5 5 15
4 6 3 3 3 5 5 6 15
4 6 3 3 3 5 5 7 63
4 6 3 3 3 5 5 9 31
4 6 3 3 3 5 5 10 31
4 6 3 3 3 5 5 11 127
4 6 3 3 3 5 6 6 15
4 6 3 3 3 5 6 7 63
4 6 3 3 3 5 6 9 31
4 6 3 3 3 5 6 10 31
4 6 3 3 3 5 6 11 127
4 6 3 3 3 5 7 7 63
4 6 3 3 3 5 7 9 127
4 6 3 3 3 5 7 10 127
4 6 3 3 3 5 7 11 127
4 6 3 3 3 5 9 9 63
4 6 3 3 3 5 9 10 63
4 6 3 3 3 5 9 11 255
4 6 3 3 3 5 10 10 63
4 6 3 3 3 5 10 11 255
4 6 3 3 3 5 11 11 255
4 6 3 3 3 6 6 6 15
4 6 3 3 3 6 6 7 63
4 6 3 3 3 6 6 9 31
4 6 3 3 3 6 6 10 31
4 6 3 3 3 6 6 11 127
4 6 3 3 3 6 7 7 63
4 6 3 3 3 6 7 9 127
4 6 3 3 3 6 7 10 127
4 6 3 3 3 6 7 11 127
4 6 3 3 3 6 9 9 63
4 6 3 3 3 6 9 10 63
4 6 3 3 3 6 9 11 255
4 6 3 3 3 6 10 10 63
4 6 3 3 3 6 10 11 255
4 6 3 3 3 6 11 11 255
4 6 3 3 3 7 7 7 63
4 6 3 3 3 7 7 9 127
4 6 3 3 3 7 7 10 127
4 6 3 3 3 7 7 11 127
4 6 3 3 3 7 9 9 255
4 6 3 3 3 7 9 10 255
4 6 3 3 3 7 9 11 255
4 6 3 3 3 7 10 10 255
4 6 3 3 3 7 10 11 255
4 6 3 3 3 7 11 11 255
4 6 3 3 3 9 9 9 127
4 6 3 3 3 9 9 10 127
4 6 3 3 3 9 9 11 511
4 6 3 3 3 9 10 10 127
4 6 3 3 3 9 10 11 511
4 6 3 3 3 9 11 11 511
4 6 3 3 3 10 10 10 127
4 6 3 3 3 10 10 11 511
4 6 3 3 3 10 11 11 511
4 6 3 3 3 11 11 11 511
4 6 3 3 5 5 5 5 31
4 6 3 3 5 5 5 6 31
4 6 3 3 5 5 5 7 31
4 6 3 3 5 5 5 9 63
4 6 3 3 5 5 5 10 63
4 6 3 3 5 5 5 11 63
4 6 3 3 5 5 6 6 31
4 6 3 3 5 5 6 7 31
4 6 3 3 5 5 6 9 63
4 6 3 3 5 5 6 10 63
4 6 3 3 5 5 6 11 63
4 6 3 3 5 5 7 7 127
4 6 3 3 5 5 7 9 63
4 6 3 3 5 5 7 10 63
4 6 3 3 5 5 7 11 255
4 6 3 3 5 5 9 9 127
4 6 3 3 5 5 9 10 127
4 6 3 3 5 5 9 11 127
4 6 3 3 5 5 10 10 127
4 6 3 3 5 5 10 11 127
4 6 3 3 5 5 11 11 511
4 6 3 3 5 6 6 6 31
4 6 3 3 5 6 6 7 31
4 6 3 3 5 6 6 9 63
4 6 3 3 5 6 6 10 63
4 6 3 3 5 6 6 11 63
4 6 3 3 5 6 7 7 127
4 6 3 3 5 6 7 9 63
4 6 3 3 5 6 7 10 63
4 6 3 3 5 6 7 11 255
4 6 3 3 5 6 9 9 127
4 6 3 3 5 6 9 10 127
4 6 3 3 5 6 9 11 127
4 6 3 3 5 6 10 10 127
4 6 3 3 5 6 10 11 127
4 6 3 3 5 6 11 11 511
4 6 3 3 5 7 7 7 127
4 6 3 3 5 7 7 9 255
4 6 3 3 5 7 7 10 255
4 6 3 3 5 7 7 11 255
4 6 3 3 5 7 9 9 127
4 6 3 3 5 7 9 10 127
4 6 3 3 5 7 9 11 511
4 6 3 3 5 7 10 10 127
4 6 3 3 5 7 10 11 511
4 6 3 3 5 7 11 11 511
4 6 3 3 5 9 9 9 255
4 6 3 3 5 9 9 10 255
4 6 3 3 5 9 9 11 255
4 6 3 3 5 9 10 10 255
4 6 3 3 5 9 10 11 255
4 6 3 3 5 9 11 11 1023
4 6 3 3 5 10 10 10 255
4 6 3 3 5 10 10 11 255
4 6 3 3 5 10 11 11 1023
4 6 3 3 5 11 11 11 1023
4 6 3 3 6 6 6 6 31
4 6 3 3 6 6 6 7 31
4 6 3 3 6 6 6 9 63
4 6 3 3 6 6 6 10 63
4 6 3 3 6 6 6 11 63
4 6 3 3 6 6 7 7 127
4 6 3 3 6 6 7 9 63
4 6 3 3 6 6 7 10 63
4 6 3 3 6 6 7 11 255
4 6 3 3 6 6 9 9 127
4 6 3 3 6 6 9 10 127
4 6 3 3 6 6 9 11 127
4 6 3 3 6 6 10 10 127
4 6 3 3 6 6 10 11 127
4 6 3 3 6 6 11 11 511
4 6 3 3 6 7 7 7 127
4 6 3 3 6 7 7 9 255
4 6 3 3 6 7 7 10 255
4 6 3 3 6 7 7 11 255
4 6 3 3 6 7 9 9 127
4 6 3 3 6 7 9 10 127
4 6 3 3 6 7 9 11 511
4 6 3 3 6 7 10 10 127
4 6 3 3 6 7 10 11 511
4 6 3 3 6 7 11 11 511
4 6 3 3 6 9 9 9 255
4 6 3 3 6 9 9 10 255
4 6 3 3 6 9 9 11 255
4 6 3 3 6 9 10 10 255
4 6 3 3 6 9 10 11 255
4 6 3 3 6 9 11 11 1023
4 6 3 3 6 10 10 10 255
4 6 3 3 6 10 10 11 255
4 6 3 3 6 10 11 11 1023
4 6 3 3 6 11 11 11 1023
4 6 3 3 7 7 7 7 127
4 6 3 3 7 7 7 9 255
4 6 3 3 7 7 7 10 255
4 6 3 3 7 7 7 11 255
4 6 3 3 7 7 9 9 511
4 6 3 3 7 7 9 10 511
4 6 3 3 7 7 9 11 511
4 6 3 3 7 7 10 10 511
4 6 3 3 7 7 10 11 511
4 6 3 3 7 7 11 11 511
4 6 3 3 7 9 9 9 255
4 6 3 3 7 9 9 10 255
4 6 3 3 7 9 9 11 1023
4 6 3 3 7 9 10 10 255
4 6 3 3 7 9 10 11 1023
4 6 3 3 7 9 11 11 1023
4 6 3 3 7 10 10 10 255
4 6 3 3 7 10 10 11 1023
4 6 3 3 7 10 11 11 1023
4 6 3 3 7 11 11 11 1023
4 6 3 3 9 9 9 9 511
4 6 3 3 9 9 9 10 511
4 6 3 3 9 9 9 11 511
4 6 3 3 9 9 10 10 511
4 6 3 3 9 9 10 11 511
4 6 3 3 9 9 11 11 2047
4 6 3 3 9 10 10 10 511
4 6 3 3 9 10 10 11 511
4 6 3 3 9 10 11 11 2047
4 6 3 3 9 11 11 11 2047
4 6 3 3 10 10 10 10 511
4 6 3 3 10 10 10 11 511
4 6 3 3 10 10 11 11 2047
4 6 3 3 10 11 11 11 2047
4 6 3 3 11 11 11 11 2047
4 6 3 5 5 5 5 5 63
4 6 3 5 5 5 5 6 63
4 6 3 5 5 5 5 7 63
4 6 3 5 5 5 5 9 127
4 6 3 5 5 5 5 10 127
4 6 3 5 5 5 5 11 127
4 6 3 5 5 5 6 6 63
4 6 3 5 5 5 6 7 63
4 6 3 5 5 5 6 9 127
4 6 3 5 5 5 6 10 127
4 6 3 5 5 5 6 11 127
4 6 3 5 5 5 7 7 63
4 6 3 5 5 5 7 9 127
4 6 3 5 5 5 7 10 127
4 6 3 5 5 5 7 11 127
4 6 3 5 5 5 9 9 255
4 6 3 5 5 5 9 10 255
4 6 3 5 5 5 9 11 255
4 6 3 5 5 5 10 10 255
4 6 3 5 5 5 10 11 255
4 6 3 5 5 5 11 11 255
4 6 3 5 5 6 6 6 63
4 6 3 5 5 6 6 7 63
4 6 3 5 5 6 6 9 127
4 6 3 5 5 6 6 10 127
4 6 3 5 5 6 6 11 127
4 6 3 5 5 6 7 7 63
4 6 3 5 5 6 7 9 127
4 6 3 5 5 6 7 10 127
4 6 3 5 5 6 7 11 127
4 6 3 5 5 6 9 9 255
4 6 3 5 5 6 9 10 255
4 6 3 5 5 6 9 11 255
4 6 3 5 5 6 10 10 255
4 6 3 5 5 6 10 11 255
4 6 3 5 5 6 11 11 255
4 6 3 5 5 7 7 7 255
4 6 3 5 5 7 7 9 127
4 6 3 5 5 7 7 10 127
4 6 3 5 5 7 7 11 511
4 6 3 5 5 7 9 9 255
4 6 3 5 5 7 9 10 255
4 6 3 5 5 7 9 11 255
4 6 3 5 5 7 10 10 255
4 6 3 5 5 7 10 11 255
4 6 3 5 5 7 11 11 1023
4 6 3 5 5 9 9 9 511
4 6 3 5 5 9 9 10 511
4 6 3 5 5 9 9 11 511
4 6 3 5 5 9 10 10 511
4 6 3 5 5 9 10 11 511
4 6 3 5 5 9 11 11 511
4 6 3 5 5 10 10 10 511
4 6 3 5 5 10 10 11 511
4 6 3 5 5 10 11 11 511
4 6 3 5 5 11 11 11 2047
4 6 3 5 6 6 6 6 63
4 6 3 5 6 6 6 7 63
4 6 3 5 6 6 6 9 127
4 6 3 5 6 6 6 10 127
4 6 3 5 6 6 6 11 127
4 6 3 5 6 6 7 7 63
4 6 3 5 6 6 7 9 127
4 6 3 5 6 6 7 10 127
4 6 3 5 6 6 7 11 127
4 6 3 5 6 6 9 9 255
4 6 3 5 6 6 9 10 255
4 6 3 5 6 6 9 11 255
4 6 3 5 6 6 10 10 255
4 6 3 5 6 6 10 11 255
4 6 3 5 6 6 11 11 255
4 6 3 5 6 7 7 7 255
4 6 3 5 6 7 7 9 127
4 6 3 5 6 7 7 10 127
4 6 3 5 6 7 7 11 511
4 6 3 5 6 7 9 9 255
4 6 3 5 6 7 9 10 255
4 6 3 5 6 7 9 11 255
4 6 3 5 6 7 10 10 255
4 6 3 5 6 7 10 11 255
4 6 3 5 6 7 11 11 1023
4 6 3 5 6 9 9 9 511
4 6 3 5 6 9 9 10 511
4 6 3 5 6 9 9 11 511
4 6 3 5 6 9 10 10 511
4 6 3 5 6 9 10 11 511
4 6 3 5 6 9 11 11 511
4 6 3 5 6 10 10 10 511
4 6 3 5 6 10 10 11 511
4 6 3 5 6 10 11 11 511
4 6 3 5 6 11 11 11 2047
4 6 3 5 7 7 7 7 255
4 6 3 5 7 7 7 9 511
4 6 3 5 7 7 7 10 511
4 6 3 5 7 7 7 11 511
4 6 3 5 7 7 9 9 255
4 6 3 5 7 7 9 10 255
4 6 3 5 7 7 9 11 1023
4 6 3 5 7 7 10 10 255
4 6 3 5 7 7 10 11 1023
4 6 3 5 7 7 11 11 1023
4 6 3 5 7 9 9 9 511
4 6 3 5 7 9 9 10 511
4 6 3 5 7 9 9 11 511
4 6 3 5 7 9 10 10 511
4 6 3 5 7 9 10 11 511
4 6 3 5 7 9 11 11 2047
4 6 3 5 7 10 10 10 511
4 6 3 5 7 10 10 11 511
4 6 3 5 7 10 11 11 2047
4 6 3 5 7 11 11 11 2047
4 6 3 5 9 9 9 9 1023
4 6 3 5 9 9 9 10 1023
4 6 3 5 9 9 9 11 1023
4 6 3 5 9 9 10 10 1023
4 6 3 5 9 9 10 11 1023
4 6 3 5 9 9 11 11 1023
4 6 3 5 9 10 10 10 1023
4 6 3 5 9 10 10 11 1023
4 6 3 5 9 10 11 11 1023
4 6 3 5 9 11 11 11 4095
4 6 3 5 10 10 10 10 1023
4 6 3 5 10 10 10 11 1023
4 6 3 5 10 10 11 11 1023
4 6 3 5 10 11 11 11 4095
4 6 3 5 11 11 11 11 4095
4 6 3 6 6 6 6 6 63
4 6 3 6 6 6 6 7 63
4 6 3 6 6 6 6 9 127
4 6 3 6 6 6 6 10 127
4 6 3 6 6 6 6 11 127
4 6 3 6 6 6 7 7 63
4 6 3 6 6 6 7 9 127
4 6 3 6 6 6 7 10 127
4 6 3 6 6 6 7 11 127
4 6 3 6 6 6 9 9 255
4 6 3 6 6 6 9 10 255
4 6 3 6 6 6 9 11 255
4 6 3 6 6 6 10 10 255
4 6 3 6 6 6 10 11 255
4 6 3 6 6 6 11 11 255
4 6 3 6 6 7 7 7 255
4 6 3 6 6 7 7 9 127
4 6 3 6 6 7 7 10 127
4 6 3 6 6 7 7 11 511
4 6 3 6 6 7 9 9 255
4 6 3 6 6 7 9 10 255
4 6 3 6 6 7 9 11 255
4 6 3 6 6 7 10 10 255
4 6 3 6 6 7 10 11 255
4 6 3 6 6 7 11 11 1023
4 6 3 6 6 9 9 9 511
4 6 3 6 6 9 9 10 511
4 6 3 6 6 9 9 11 511
4 6 3 6 6 9 10 10 511
4 6 3 6 6 9 10 11 511
4 6 3 6 6 9 11 11 511
4 6 3 6 6 10 10 10 511
4 6 3 6 6 10 10 11 511
4 6 3 6 6 10 11 11 511
4 6 3 6 6 11 11 11 2047
4 6 3 6 7 7 7 7 255
4 6 3 6 7 7 7 9 511
4 6 3 6 7 7 7 10 511
4 6 3 6 7 7 7 11 511
4 6 3 6 7 7 9 9 255
4 6 3 6 7 7 9 10 255
4 6 3 6 7 7 9 11 1023
4 6 3 6 7 7 10 10 255
4 6 3 6 7 7 10 11 1023
4 6 3 6 7 7 11 11 1023
4 6 3 6 7 9 9 9 511
4 6 3 6 7 9 9 10 511
4 6 3 6 7 9 9 11 511
4 6 3 6 7 9 10 10 511
4 6 3 6 7 9 10 11 511
4 6 3 6 7 9 11 11 2047
4 6 3 6 7 10 10 10 511
4 6 3 6 7 10 10 11 511
4 6 3 6 7 10 11 11 2047
4 6 3 6 7 11 11 11 2047
4 6 3 6 9 9 9 9 1023
4 6 3 6 9 9 9 10 1023
4 6 3 6 9 9 9 11 1023
4 6 3 6 9 9 10 10 1023
4 6 3 6 9 9 10 11 1023
4 6 3 6 9 9 11 11 1023
4 6 3 6 9 10 10 10 1023
4 6 3 6 9 10 10 11 1023
4 6 3 6 9 10 11 11 1023
4 6 3 6 9 11 11 11 4095
4 6 3 6 10 10 10 10 1023
4 6 3 6 10 10 10 11 1023
4 6 3 6 10 10 11 11 1023
4 6 3 6 10 11 11 11 4095
4 6 3 6 11 11 11 11 4095
4 6 3 7 7 7 7 7 255
4 6 3 7 7 7 7 9 511
4 6 3 7 7 7 7 10 511
4 6 3 7 7 7 7 11 511
4 6 3 7 7 7 9 9 1023
4 6 3 7 7 7 9 10 1023
4 6 3 7 7 7 9 11 1023
4 6 3 7 7 7 10 10 1023
4 6 3 7 7 7 10 11 1023
4 6 3 7 7 7 11 11 1023
4 6 3 7 7 9 9 9 511
4 6 3 7 7 9 9 10 511
4 6 3 7 7 9 9 11 2047
4 6 3 7 7 9 10 10 511
4 6 3 7 7 9 10 11 2047
4 6 3 7 7 9 11 11 2047
4 6 3 7 7 10 10 10 511
4 6 3 7 7 10 10 11 2047
4 6 3 7 7 10 11 11 2047
4 6 3 7 7 11 11 11 2047
4 6 3 7 9 9 9 9 1023
4 6 3 7 9 9 9 10 1023
4 6 3 7 9 9 9 11 1023
4 6 3 7 9 9 10 10 1023
4 6 3 7 9 9 10 11 1023
4 6 3 7 9 9 11 11 4095
4 6 3 7 9 10 10 10 1023
4 6 3 7 9 10 10 11 1023
4 6 3 7 9 10 11 11 4095
4 6 3 7 9 11 11 11 4095
4 6 3 7 10 10 10 10 1023
4 6 3 7 10 10 10 11 1023
4 6 3 7 10 10 11 11 4095
4 6 3 7 10 11 11 11 4095
4 6 3 7 11 11 11 11 4095
4 6 3 9 9 9 9 9 2047
4 6 3 9 9 9 9 10 2047
4 6 3 9 9 9 9 11 2047
4 6 3 9 9 9 10 10 2047
4 6 3 9 9 9 10 11 2047
4 6 3 9 9 9 11 11 2047
4 6 3 9 9 10 10 10 2047
4 6 3 9 9 10 10 11 2047
4 6 3 9 9 10 11 11 2047
4 6 3 9 9 11 11 11 8191
4 6 3 9 10 10 10 10 2047
4 6 3 9 10 10 10 11 2047
4 6 3 9 10 10 11 11 2047
4 6 3 9 10 11 11 11 8191
4 6 3 9 11 11 11 11 8191
4 6 3 10 10 10 10 10 2047
4 6 3 10 10 10 10 11 2047
4 6 3 10 10 10 11 11 2047
4 6 3 10 10 11 11 11 8191
4 6 3 10 11 11 11 11 8191
4 6 3 11 11 11 11 11 8191
4 6 5 5 5 5 5 5 127
4 6 5 5 5 5 5 6 127
4 6 5 5 5 5 5 7 127
4 6 5 5 5 5 5 9 255
4 6 5 5 5 5 5 10 255
4 6 5 5 5 5 5 11 255
4 6 5 5 5 5 6 6 127
4 6 5 5 5 5 6 7 127
4 6 5 5 5 5 6 9 255
4 6 5 5 5 5 6 10 255
4 6 5 5 5 5 6 11 255
4 6 5 5 5 5 7 7 127
4 6 5 5 5 5 7 9 255
4 6 5 5 5 5 7 10 255
4 6 5 5 5 5 7 11 255
4 6 5 5 5 5 9 9 511
4 6 5 5 5 5 9 10 511
4 6 5 5 5 5 9 11 511
4 6 5 5 5 5 10 10 511
4 6 5 5 5 5 10 11 511
4 6 5 5 5 5 11 11 511
4 6 5 5 5 6 6 6 127
4 6 5 5 5 6 6 7 127
4 6 5 5 5 6 6 9 255
4 6 5 5 5 6 6 10 255
4 6 5 5 5 6 6 11 255
4 6 5 5 5 6 7 7 127
4 6 5 5 5 6 7 9 255
4 6 5 5 5 6 7 10 255
4 6 5 5 5 6 7 11 255
4 6 5 5 5 6 9 9 511
4 6 5 5 5 6 9 10 511
4 6 5 5 5 6 9 11 511
4 6 5 5 5 6 10 10 511
4 6 5 5 5 6 10 11 511
4 6 5 5 5 6 11 11 511
4 6 5 5 5 7 7 7 127
4 6 5 5 5 7 7 9 255
4 6 5 5 5 7 7 10 255
4 6 5 5 5 7 7 11 255
4 6 5 5 5 7 9 9 511
4 6 5 5 5 7 9 10 511
4 6 5 5 5 7 9 11 511
4 6 5 5 5 7 10 10 511
4 6 5 5 5 7 10 11 511
4 6 5 5 5 7 11 11 511
4 6 5 5 5 9 9 9 1023
4 6 5 5 5 9 9 10 1023
4 6 5 5 5 9 9 11 1023
4 6 5 5 5 9 10 10 1023
4 6 5 5 5 9 10 11 1023
4 6 5 5 5 9 11 11 1023
4 6 5 5 5 10 10 10 1023
4 6 5 5 5 10 10 11 1023
4 6 5 5 5 10 11 11 1023
4 6 5 5 5 11 11 11 1023
4 6 5 5 6 6 6 6 127
4 6 5 5 6 6 6 7 127
4 6 5 5 6 6 6 9 255
4 6 5 5 6 6 6 10 255
4 6 5 5 6 6 6 11 255
4 6 5 5 6 6 7 7 127
4 6 5 5 6 6 7 9 255
4 6 5 5 6 6 7 10 255
4 6 5 5 6 6 7 11 255
4 6 5 5 6 6 9 9 511
4 6 5 5 6 6 9 10 511
4 6 5 5 6 6 9 11 511
4 6 5 5 6 6 10 10 511
4 6 5 5 6 6 10 11 511
4 6 5 5 6 6 11 11 511
4 6 5 5 6 7 7 7 127
4 6 5 5 6 7 7 9 255
4 6 5 5 6 7 7 10 255
4 6 5 5 6 7 7 11 255
4 6 5 5 6 7 9 9 511
4 6 5 5 6 7 9 10 511
4 6 5 5 6 7 9 11 511
4 6 5 5 6 7 10 10 511
4 6 5 5 6 7 10 11 511
4 6 5 5 6 7 11 11 511
4 6 5 5 6 9 9 9 1023
4 6 5 5 6 9 9 10 1023
4 6 5 5 6 9 9 11 1023
4 6 5 5 6 9 10 10 1023
4 6 5 5 6 9 10 11 1023
4 6 5 5 6 9 11 11 1023
4 6 5 5 6 10 10 10 1023
4 6 5 5 6 10 10 11 1023
4 6 5 5 6 10 11 11 1023
4 6 5 5 6 11 11 11 1023
4 6 5 5 7 7 7 7 511
4 6 5 5 7 7 7 9 255
4 6 5 5 7 7 7 10 255
4 6 5 5 7 7 7 11 1023
4 6 5 5 7 7 9 9 511
4 6 5 5 7 7 9 10 511
4 6 5 5 7 7 9 11 511
4 6 5 5 7 7 10 10 511
4 6 5 5 7 7 10 11 511
4 6 5 5 7 7 11 11 2047
4 6 5 5 7 9 9 9 1023
4 6 5 5 7 9 9 10 1023
4 6 5 5 7 9 9 11 1023
4 6 5 5 7 9 10 10 1023
4 6 5 5 7 9 10 11 1023
4 6 5 5 7 9 11 11 1023
4 6 5 5 7 10 10 10 1023
4 6 5 5 7 10 10 11 1023
4 6 5 5 7 10 11 11 1023
4 6 5 5 7 11 11 11 4095
4 6 5 5 9 9 9 9 2047
4 6 5 5 9 9 9 10 2047
4 6 5 5 9 9 9 11 2047
4 6 5 5 9 9 10 10 2047
4 6 5 5 9 9 10 11 2047
4 6 5 5 9 9 11 11 2047
4 6 5 5 9 10 10 10 2047
4 6 5 5 9 10 10 11 2047
4 6 5 5 9 10 11 11 2047
4 6 5 5 9 11 11 11 2047
4 6 5 5 10 10 10 10 2047
4 6 5 5 10 10 10 11 2047
4 6 5 5 10 10 11 11 2047
4 6 5 5 10 11 11 11 2047
4 6 5 5 11 11 11 11 8191
4 6 5 6 6 6 6 6 127
4 6 5 6 6 6 6 7 127
4 6 5 6 6 6 6 9 255
4 6 5 6 6 6 6 10 255
4 6 5 6 6 6 6 11 255
4 6 5 6 6 6 7 7 127
4 6 5 6 6 6 7 9 255
4 6 5 6 6 6 7 10 255
4 6 5 6 6 6 7 11 255
4 6 5 6 6 6 9 9 511
4 6 5 6 6 6 9 10 511
4 6 5 6 6 6 9 11 511
4 6 5 6 6 6 10 10 511
4 6 5 6 6 6 10 11 511
4 6 5 6 6 6 11 11 511
4 6 5 6 6 7 7 7 127
4 6 5 6 6 7 7 9 255
4 6 5 6 6 7 7 10 255
4 6 5 6 6 7 7 11 255
4 6 5 6 6 7 9 9 511
4 6 5 6 6 7 9 10 511
4 6 5 6 6 7 9 11 511
4 6 5 6 6 7 10 10 511
4 6 5 6 6 7 10 11 511
4 6 5 6 6 7 11 11 511
4 6 5 6 6 9 9 9 1023
4 6 5 6 6 9 9 10 1023
4 6 5 6 6 9 9 11 1023
4 6 5 6 6 9 10 10 1023
4 6 5 6 6 9 10 11 1023
4 6 5 6 6 9 11 11 1023
4 6 5 6 6 10 10 10 1023
4 6 5 6 6 10 10 11 1023
4 6 5 6 6 10 11 11 1023
4 6 5 6 6 11 11 11 1023
4 6 5 6 7 7 7 7 511
4 6 5 6 7 7 7 9 255
4 6 5 6 7 7 7 10 255
4 6 5 6 7 7 7 11 1023
4 6 5 6 7 7 9 9 511
4 6 5 6 7 7 9 10 511
4 6 5 6 7 7 9 11 511
4 6 5 6 7 7 10 10 511
4 6 5 6 7 7 10 11 511
4 6 5 6 7 7 11 11 2047
4 6 5 6 7 9 9 9 1023
4 6 5 6 7 9 9 10 1023
4 6 5 6 7 9 9 11 1023
4 6 5 6 7 9 10 10 1023
4 6 5 6 7 9 10 11 1023
4 6 5 6 7 9 11 11 1023
4 6 5 6 7 10 10 10 1023
4 6 5 6 7 10 10 11 1023
4 6 5 6 7 10 11 11 1023
4 6 5 6 7 11 11 11 4095
4 6 5 6 9 9 9 9 2047
4 6 5 6 9 9 9 10 2047
4 6 5 6 9 9 9 11 2047
4 6 5 6 9 9 10 10 2047
4 6 5 6 9 9 10 11 2047
4 6 5 6 9 9 11 11 2047
4 6 5 6 9 10 10 10 2047
4 6 5 6 9 10 10 11 2047
4 6 5 6 9 10 11 11 2047
4 6 5 6 9 11 11 11 2047
4 6 5 6 10 10 10 10 2047
4 6 5 6 10 10 10 11 2047
4 6 5 6 10 10 11 11 2047
4 6 5 6 10 11 11 11 2047
4 6 5 6 11 11 11 11 8191
4 6 5 7 7 7 7 7 511
4 6 5 7 7 7 7 9 1023
4 6 5 7 7 7 7 10 1023
4 6 5 7 7 7 7 11 1023
4 6 5 7 7 7 9 9 511
4 6 5 7 7 7 9 10 511
4 6 5 7 7 7 9 11 2047
4 6 5 7 7 7 10 10 511
4 6 5 7 7 7 10 11 2047
4 6 5 7 7 7 11 11 2047
4 6 5 7 7 9 9 9 1023
4 6 5 7 7 9 9 10 1023
4 6 5 7 7 9 9 11 1023
4 6 5 7 7 9 10 10 1023
4 6 5 7 7 9 10 11 1023
4 6 5 7 7 9 11 11 4095
4 6 5 7 7 10 10 10 1023
4 6 5 7 7 10 10 11 1023
4 6 5 7 7 10 11 11 4095
4 6 5 7 7 11 11 11 4095
4 6 5 7 9 9 9 9 2047
4 6 5 7 9 9 9 10 2047
4 6 5 7 9 9 9 11 2047
4 6 5 7 9 9 10 10 2047
4 6 5 7 9 9 10 11 2047
4 6 5 7 9 9 11 11 2047
4 6 5 7 9 10 10 10 2047
4 6 5 7 9 10 10 11 2047
4 6 5 7 9 10 11 11 2047
4 6 5 7 9 11 11 11 8191
4 6 5 7 10 10 10 10 2047
4 6 5 7 10 10 10 11 2047
4 6 5 7 10 10 11 11 2047
4 6 5 7 10 11 11 11 8191
4 6 5 7 11 11 11 11 8191
4 6 5 9 9 9 9 9 4095
4 6 5 9 9 9 9 10 4095
4 6 5 9 9 9 9 11 4095
4 6 5 9 9 9 10 10 4095
4 6 5 9 9 9 10 11 4095
4 6 5 9 9 9 11 11 4095
4 6 5 9 9 10 10 10 4095
4 6 5 9 9 10 10 11 4095
4 6 5 9 9 10 11 11 4095
4 6 5 9 9 11 11 11 4095
4 6 5 9 10 10 10 10 4095
4 6 5 9 10 10 10 11 4095
4 6 5 9 10 10 11 11 4095
4 6 5 9 10 11 11 11 4095
4 6 5 9 11 11 11 11 16383
4 6 5 10 10 10 10 10 4095
4 6 5 10 10 10 10 11 4095
4 6 5 10 10 10 11 11 4095
4 6 5 10 10 11 11 11 4095
4 6 5 10 11 11 11 11 16383
4 6 5 11 11 11 11 11 16383
4 6 6 6 6 6 6 6 127
4 6 6 6 6 6 6 7 127
4 6 6 6 6 6 6 9 255
4 6 6 6 6 6 6 10 255
4 6 6 6 6 6 6 11 255
4 6 6 6 6 6 7 7 127
4 6 6 6 6 6 7 9 255
4 6 6 6 6 6 7 10 255
4 6 6 6 6 6 7 11 255
4 6 6 6 6 6 9 9 511
4 6 6 6 6 6 9 10 511
4 6 6 6 6 6 9 11 511
4 6 6 6 6 6 10 10 511
4 6 6 6 6 6 10 11 511
4 6 6 6 6 6 11 11 511
4 6 6 6 6 7 7 7 127
4 6 6 6 6 7 7 9 255
4 6 6 6 6 7 7 10 255
4 6 6 6 6 7 7 11 255
4 6 6 6 6 7 9 9 511
4 6 6 6 6 7 9 10 511
4 6 6 6 6 7 9 11 511
4 6 6 6 6 7 10 10 511
4 6 6 6 6 7 10 11 511
4 6 6 6 6 7 11 11 511
4 6 6 6 6 9 9 9 1023
4 6 6 6 6 9 9 10 1023
4 6 6 6 6 9 9 11 1023
4 6 6 6 6 9 10 10 1023
4 6 6 6 6 9 10 11 1023
4 6 6 6 6 9 11 11 1023
4 6 6 6 6 10 10 10 1023
4 6 6 6 6 10 10 11 1023
4 6 6 6 6 10 11 11 1023
4 6 6 6 6 11 11 11 1023
4 6 6 6 7 7 7 7 511
4 6 6 6 7 7 7 9 255
4 6 6 6 7 7 7 10 255
4 6 6 6 7 7 7 11 1023
4 6 6 6 7 7 9 9 511
4 6 6 6 7 7 9 10 511
4 6 6 6 7 7 9 11 511
4 6 6 6 7 7 10 10 511
4 6 6 6 7 7 10 11 511
4 6 6 6 7 7 11 11 2047
4 6 6 6 7 9 9 9 1023
4 6 6 6 7 9 9 10 1023
4 6 6 6 7 9 9 11 1023
4 6 6 6 7 9 10 10 1023
4 6 6 6 7 9 10 11 1023
4 6 6 6 7 9 11 11 1023
4 6 6 6 7 10 10 10 1023
4 6 6 6 7 10 10 11 1023
4 6 6 6 7 10 11 11 1023
4 6 6 6 7 11 11 11 4095
4 6 6 6 9 9 9 9 2047
4 6 6 6 9 9 9 10 2047
4 6 6 6 9 9 9 11 2047
4 6 6 6 9 9 10 10 2047
4 6 6 6 9 9 10 11 2047
4 6 6 6 9 9 11 11 2047
4 6 6 6 9 10 10 10 2047
4 6 6 6 9 10 10 11 2047
4 6 6 6 9 10 11 11 2047
4 6 6 6 9 11 11 11 2047
4 6 6 6 10 10 10 10 2047
4 6 6 6 10 10 10 11 2047
4 6 6 6 10 10 11 11 2047
4 6 6 6 10 11 11 11 2047
4 6 6 6 11 11 11 11 8191
4 6 6 7 7 7 7 7 511
4 6 6 7 7 7 7 9 1023
4 6 6 7 7 7 7 10 1023
4 6 6 7 7 7 7 11 1023
4 6 6 7 7 7 9 9 511
4 6 6 7 7 7 9 10 511
4 6 6 7 7 7 9 11 2047
4 6 6 7 7 7 10 10 511
4 6 6 7 7 7 10 11 2047
4 6 6 7 7 7 11 11 2047
4 6 6 7 7 9 9 9 1023
4 6 6 7 7 9 9 10 1023
4 6 6 7 7 9 9 11 1023
4 6 6 7 7 9 10 10 1023
4 6 6 7 7 9 10 11 1023
4 6 6 7 7 9 11 11 4095
4 6 6 7 7 10 10 10 1023
4 6 6 7 7 10 10 11 1023
4 6 6 7 7 10 11 11 4095
4 6 6 7 7 11 11 11 4095
4 6 6 7 9 9 9 9 2047
4 6 6 7 9 9 9 10 2047
4 6 6 7 9 9 9 11 2047
4 6 6 7 9 9 10 10 2047
4 6 6 7 9 9 10 11 2047
4 6 6 7 9 9 11 11 2047
4 6 6 7 9 10 10 10 2047
4 6 6 7 9 10 10 11 2047
4 6 6 7 9 10 11 11 2047
4 6 6 7 9 11 11 11 8191
4 6 6 7 10 10 10 10 2047
4 6 6 7 10 10 10 11 2047
4 6 6 7 10 10 11 11 2047
4 6 6 7 10 11 11 11 8191
4 6 6 7 11 11 11 11 8191
4 6 6 9 9 9 9 9 4095
4 6 6 9 9 9 9 10 4095
4 6 6 9 9 9 9 11 4095
4 6 6 9 9 9 10 10 4095
4 6 6 9 9 9 10 11 4095
4 6 6 9 9 9 11 11 4095
4 6 6 9 9 10 10 10 4095
4 6 6 9 9 10 10 11 4095
4 6 6 9 9 10 11 11 4095
4 6 6 9 9 11 11 11 4095
4 6 6 9 10 10 10 10 4095
4 6 6 9 10 10 10 11 4095
4 6 6 9 10 10 11 11 4095
4 6 6 9 10 11 11 11 4095
4 6 6 9 11 11 11 11 16383
4 6 6 10 10 10 10 10 4095
4 6 6 10 10 10 10 11 4095
4 6 6 10 10 10 11 11 4095
4 6 6 10 10 11 11 11 4095
4 6 6 10 11 11 11 11 16383
4 6 6 11 11 11 11 11 16383
4 6 7 7 7 7 7 7 511
4 6 7 7 7 7 7 9 1023
4 6 7 7 7 7 7 10 1023
4 6 7 7 7 7 7 11 1023
4 6 7 7 7 7 9 9 2047
4 6 7 7 7 7 9 10 2047
4 6 7 7 7 7 9 11 2047
4 6 7 7 7 7 10 10 2047
4 6 7 7 7 7 10 11 2047
4 6 7 7 7 7 11 11 2047
4 6 7 7 7 9 9 9 1023
4 6 7 7 7 9 9 10 1023
4 6 7 7 7 9 9 11 4095
4 6 7 7 7 9 10 10 1023
4 6 7 7 7 9 10 11 4095
4 6 7 7 7 9 11 11 4095
4 6 7 7 7 10 10 10 1023
4 6 7 7 7 10 10 11 4095
4 6 7 7 7 10 11 11 4095
4 6 7 7 7 11 11 11 4095
4 6 7 7 9 9 9 9 2047
4 6 7 7 9 9 9 10 2047
4 6 7 7 9 9 9 11 2047
4 6 7 7 9 9 10 10 2047
4 6 7 7 9 9 10 11 2047
4 6 7 7 9 9 11 11 8191
4 6 7 7 9 10 10 10 2047
4 6 7 7 9 10 10 11 2047
4 6 7 7 9 10 11 11 8191
4 6 7 7 9 11 11 11 8191
4 6 7 7 10 10 10 10 2047
4 6 7 7 10 10 10 11 2047
4 6 7 7 10 10 11 11 8191
4 6 7 7 10 11 11 11 8191
4 6 7 7 11 11 11 11 8191
4 6 7 9 9 9 9 9 4095
4 6 7 9 9 9 9 10 4095
4 6 7 9 9 9 9 11 4095
4 6 7 9 9 9 10 10 4095
4 6 7 9 9 9 10 11 4095
4 6 7 9 9 9 11 11 4095
4 6 7 9 9 10 10 10 4095
4 6 7 9 9 10 10 11 4095
4 6 7 9 9 10 11 11 4095
4 6 7 9 9 11 11 11 16383
4 6 7 9 10 10 10 10 4095
4 6 7 9 10 10 10 11 4095
4 6 7 9 10 10 11 11 4095
4 6 7 9 10 11 11 11 16383
4 6 7 9 11 11 11 11 16383
4 6 7 10 10 10 10 10 4095
4 6 7 10 10 10 10 11 4095
4 6 7 10 10 10 11 11 4095
4 6 7 10 10 11 11 11 16383
4 6 7 10 11 11 11 11 16383
4 6 7 11 11 11 11 11 16383
4 6 9 9 9 9 9 9 8191
4 6 9 9 9 9 9 10 8191
4 6 9 9 9 9 9 11 8191
4 6 9 9 9 9 10 10 8191
4 6 9 9 9 9 10 11 8191
4 6 9 9 9 9 11 11 8191
4 6 9 9 9 10 10 10 8191
4 6 9 9 9 10 10 11 8191
4 6 9 9 9 10 11 11 8191
4 6 9 9 9 11 11 11 8191
4 6 9 9 10 10 10 10 8191
4 6 9 9 10 10 10 11 8191
4 6 9 9 10 10 11 11 8191
4 6 9 9 10 11 11 11 8191
4 6 9 9 11 11 11 11 32767
4 6 9 10 10 10 10 10 8191
4 6 9 10 10 10 10 11 8191
4 6 9 10 10 10 11 11 8191
4 6 9 10 10 11 11 11 8191
4 6 9 10 11 11 11 11 32767
4 6 9 11 11 11 11 11 32767
4 6 10 10 10 10 10 10 8191
4 6 10 10 10 10 10 11 8191
4 6 10 10 10 10 11 11 8191
4 6 10 10 10 11 11 11 8191
4 6 10 10 11 11 11 11 32767
4 6 10 11 11 11 11 11 32767
4 6 11 11 11 11 11 11 32767
4 7 2 2 2 2 2 2 2 1
4 7 2 2 2 2 2 2 3 1
4 7 2 2 2 2 2 2 5 3
4 7 2 2 2 2 2 2 6 3
4 7 2 2 2 2 2 2 7 3
4 7 2 2 2 2 2 2 9 7
4 7 2 2 2 2 2 2 10 7
4 7 2 2 2 2 2 2 11 7
4 7 2 2 2 2 2 3 3 1
4 7 2 2 2 2 2 3 5 3
4 7 2 2 2 2 2 3 6 3
4 7 2 2 2 2 2 3 7 3
4 7 2 2 2 2 2 3 9 7
4 7 2 2 2 2 2 3 10 7
4 7 2 2 2 2 2 3 11 7
4 7 2 2 2 2 2 5 5 7
4 7 2 2 2 2 2 5 6 7
4 7 2 2 2 2 2 5 7 7
4 7 2 2 2 2 2 5 9 15
4 7 2 2 2 2 2 5 10 15
4 7 2 2 2 2 2 5 11 15
4 7 2 2 2 2 2 6 6 7
4 7 2 2 2 2 2 6 7 7
4 7 2 2 2 2 2 6 9 15
4 7 2 2 2 2 2 6 10 15
4 7 2 2 2 2 2 6 11 15
4 7 2 2 2 2 2 7 7 7
4 7 2 2 2 2 2 7 9 15
4 7 2 2 2 2 2 7 10 15
4 7 2 2 2 2 2 7 11 15
4 7 2 2 2 2 2 9 9 31
4 7 2 2 2 2 2 9 10 31
4 7 2 2 2 2 2 9 11 31
4 7 2 2 2 2 2 10 10 31
4 7 2 2 2 2 2 10 11 31
4 7 2 2 2 2 2 11 11 31
4 7 2 2 2 2 3 3 3 1
4 7 2 2 2 2 3 3 5 3
4 7 2 2 2 2 3 3 6 3
4 7 2 2 2 2 3 3 7 3
4 7 2 2 2 2 3 3 9 7
4 7 2 2 2 2 3 3 10 7
4 7 2 2 2 2 3 3 11 7
4 7 2 2 2 2 3 5 5 7
4 7 2 2 2 2 3 5 6 7
4 7 2 2 2 2 3 5 7 7
4 7 2 2 2 2 3 5 9 15
4 7 2 2 2 2 3 5 10 15
4 7 2 2 2 2 3 5 11 15
4 7 2 2 2 2 3 6 6 7
4 7 2 2 2 2 3 6 7 7
4 7 2 2 2 2 3 6 9 15
4 7 2 2 2 2 3 6 10 15
4 7 2 2 2 2 3 6 11 15
4 7 2 2 2 2 3 7 7 7
4 7 2 2 2 2 3 7 9 15
4 7 2 2 2 2 3 7 10 15
4 7 2 2 2 2 3 7 11 15
4 7 2 2 2 2 3 9 9 31
4 7 2 2 2 2 3 9 10 31
4 7 2 2 2 2 3 9 11 31
4 7 2 2 2 2 3 10 10 31
4 7 2 2 2 2 3 10 11 31
4 7 2 2 2 2 3 11 11 31
4 7 2 2 2 2 5 5 5 15
4 7 2 2 2 2 5 5 6 15
4 7 2 2 2 2 5 5 7 15
4 7 2 2 2 2 5 5 9 31
4 7 2 2 2 2 5 5 10 31
4 7 2 2 2 2 5 5 11 31
4 7 2 2 2 2 5 6 6 15
4 7 2 2 2 2 5 6 7 15
4 7 2 2 2 2 5 6 9 31
4 7 2 2 2 2 5 6 10 31
4 7 2 2 2 2 5 6 11 31
4 7 2 2 2 2 5 7 7 15
4 7 2 2 2 2 5 7 9 31
4 7 2 2 2 2 5 7 10 31
4 7 2 2 2 2 5 7 11 31
4 7 2 2 2 2 5 9 9 63
4 7 2 2 2 2 5 9 10 63
4 7 2 2 2 2 5 9 11 63
4 7 2 2 2 2 5 10 10 63
4 7 2 2 2 2 5 10 11 63
4 7 2 2 2 2 5 11 11 63
4 7 2 2 2 2 6 6 6 15
4 7 2 2 2 2 6 6 7 15
4 7 2 2 2 2 6 6 9 31
4 7 2 2 2 2 6 6 10 31
4 7 2 2 2 2 6 6 11 31
4 7 2 2 2 2 6 7 7 15
4 7 2 2 2 2 6 7 9 31
4 7 2 2 2 2 6 7 10 31
4 7 2 2 2 2 6 7 11 31
4 7 2 2 2 2 6 9 9 63
4 7 2 2 2 2 6 9 10 63
4 7 2 2 2 2 6 9 11 63
4 7 2 2 2 2 6 10 10 63
4 7 2 2 2 2 6 10 11 63
4 7 2 2 2 2 6 11 11 63
4 7 2 2 2 2 7 7 7 15
4 7 2 2 2 2 7 7 9 31
4 7 2 2 2 2 7 7 10 31
4 7 2 2 2 2 7 7 11 31
4 7 2 2 2 2 7 9 9 63
4 7 2 2 2 2 7 9 10 63
4 7 2 2 2 2 7 9 11 63
4 7 2 2 2 2 7 10 10 63
4 7 2 2 2 2 7 10 11 63
4 7 2 2 2 2 7 11 11 63
4 7 2 2 2 2 9 9 9 127
4 7 2 2 2 2 9 9 10 127
4 7 2 2 2 2 9 9 11 127
4 7 2 2 2 2 9 10 10 127
4 7 2 2 2 2 9 10 11 127
4 7 2 2 2 2 9 11 11 127
4 7 2 2 2 2 10 10 10 127
4 7 2 2 2 2 10 10 11 127
4 7 2 2 2 2 10 11 11 127
4 7 2 2 2 2 11 11 11 127
4 7 2 2 2 3 3 3 3 7
4 7 2 2 2 3 3 3 5 3
4 7 2 2 2 3 3 3 6 3
4 7 2 2 2 3 3 3 7 15
4 7 2 2 2 3 3 3 9 7
4 7 2 2 2 3 3 3 10 7
4 7 2 2 2 3 3 3 11 31
4 7 2 2 2 3 3 5 5 7
4 7 2 2 2 3 3 5 6 7
4 7 2 2 2 3 3 5 7 7
4 7 2 2 2 3 3 5 9 15
4 7 2 2 2 3 3 5 10 15
4 7 2 2 2 3 3 5 11 15
4 7 2 2 2 3 3 6 6 7
4 7 2 2 2 3 3 6 7 7
4 7 2 2 2 3 3 6 9 15
4 7 2 2 2 3 3 6 10 15
4 7 2 2 2 3 3 6 11 15
4 7 2 2 2 3 3 7 7 31
4 7 2 2 2 3 3 7 9 15
4 7 2 2 2 3 3 7 10 15
4 7 2 2 2 3 3 7 11 63
4 7 2 2 2 3 3 9 9 31
4 7 2 2 2 3 3 9 10 31
4 7 2 2 2 3 3 9 11 31
4 7 2 2 2 3 3 10 10 31
4 7 2 2 2 3 3 10 11 31
4 7 2 2 2 3 3 11 11 127
4 7 2 2 2 3 5 5 5 15
4 7 2 2 2 3 5 5 6 15
4 7 2 2 2 3 5 5 7 15
4 7 2 2 2 3 5 5 9 31
4 7 2 2 2 3 5 5 10 31
4 7 2 2 2 3 5 5 11 31
4 7 2 2 2 3 5 6 6 15
4 7 2 2 2 3 5 6 7 15
4 7 2 2 2 3 5 6 9 31
4 7 2 2 2 3 5 6 10 31
4 7 2 2 2 3 5 6 11 31
4 7 2 2 2 3 5 7 7 15
4 7 2 2 2 3 5 7 9 31
4 7 2 2 2 3 5 7 10 31
4 7 2 2 2 3 5 7 11 31
4 7 2 2 2 3 5 9 9 63
4 7 2 2 2 3 5 9 10 63
4 7 2 2 2 3 5 9 11 63
4 7 2 2 2 3 5 10 10 63
4 7 2 2 2 3 5 10 11 63
4 7 2 2 2 3 5 11 11 63
4 7 2 2 2 3 6 6 6 15
4 7 2 2 2 3 6 6 7 15
4 7 2 2 2 3 6 6 9 31
4 7 2 2 2 3 6 6 10 31
4 7 2 2 2 3 6 6 11 31
4 7 2 2 2 3 6 7 7 15
4 7 2 2 2 3 6 7 9 31
4 7 2 2 2 3 6 7 10 31
4 7 2 2 2 3 6 7 11 31
4 7 2 2 2 3 6 9 9 63
4 7 2 2 2 3 6 9 10 63
4 7 2 2 2 3 6 9 11 63
4 7 2 2 2 3 6 10 10 63
4 7 2 2 2 3 6 10 11 63
4 7 2 2 2 3 6 11 11 63
4 7 2 2 2 3 7 7 7 63
4 7 2 2 2 3 7 7 9 31
4 7 2 2 2 3 7 7 10 31
4 7 2 2 2 3 7 7 11 127
4 7 2 2 2 3 7 9 9 63
4 7 2 2 2 3 7 9 10 63
4 7 2 2 2 3 7 9 11 63
4 7 2 2 2 3 7 10 10 63
4 7 2 2 2 3 7 10 11 63
4 7 2 2 2 3 7 11 11 255
4 7 2 2 2 3 9 9 9 127
4 7 2 2 2 3 9 9 10 127
4 7 2 2 2 3 9 9 11 127
4 7 2 2 2 3 9 10 10 127
4 7 2 2 2 3 9 10 11 127
4 7 2 2 2 3 9 11 11 127
4 7 2 2 2 3 10 10 10 127
4 7 2 2 2 3 10 10 11 127
4 7 2 2 2 3 10 11 11 127
4 7 2 2 2 3 11 11 11 511
4 7 2 2 2 5 5 5 5 31
4 7 2 2 2 5 5 5 6 31
4 7 2 2 2 5 5 5 7 31
4 7 2 2 2 5 5 5 9 63
4 7 2 2 2 5 5 5 10 63
4 7 2 2 2 5 5 5 11 63
4 7 2 2 2 5 5 6 6 31
4 7 2 2 2 5 5 6 7 31
4 7 2 2 2 5 5 6 9 63
4 7 2 2 2 5 5 6 10 63
4 7 2 2 2 5 5 6 11 63
4 7 2 2 2 5 5 7 7 31
4 7 2 2 2 5 5 7 9 63
4 7 2 2 2 5 5 7 10 63
4 7 2 2 2 5 5 7 11 63
4 7 2 2 2 5 5 9 9 127
4 7 2 2 2 5 5 9 10 127
4 7 2 2 2 5 5 9 11 127
4 7 2 2 2 5 5 10 10 127
4 7 2 2 2 5 5 10 11 127
4 7 2 2 2 5 5 11 11 127
4 7 2 2 2 5 6 6 6 31
4 7 2 2 2 5 6 6 7 31
4 7 2 2 2 5 6 6 9 63
4 7 2 2 2 5 6 6 10 63
4 7 2 2 2 5 6 6 11 63
4 7 2 2 2 5 6 7 7 31
4 7 2 2 2 5 6 7 9 63
4 7 2 2 2 5 6 7 10 63
4 7 2 2 2 5 6 7 11 63
4 7 2 2 2 5 6 9 9 127
4 7 2 2 2 5 6 9 10 127
4 7 2 2 2 5 6 9 11 127
4 7 2 2 2 5 6 10 10 127
4 7 2 2 2 5 6 10 11 127
4 7 2 2 2 5 6 11 11 127
4 7 2 2 2 5 7 7 7 31
4 7 2 2 2 5 7 7 9 63
4 7 2 2 2 5 7 7 10 63
4 7 2 2 2 5 7 7 11 63
4 7 2 2 2 5 7 9 9 127
4 7 2 2 2 5 7 9 10 127
4 7 2 2 2 5 7 9 11 127
4 7 2 2 2 5 7 10 10 127
4 7 2 2 2 5 7 10 11 127
4 7 2 2 2 5 7 11 11 127
4 7 2 2 2 5 9 9 9 255
4 7 2 2 2 5 9 9 10 255
4 7 2 2 2 5 9 9 11 255
4 7 2 2 2 5 9 10 10 255
4 7 2 2 2 5 9 10 11 255
4 7 2 2 2 5 9 11 11 255
4 7 2 2 2 5 10 10 10 255
4 7 2 2 2 5 10 10 11 255
4 7 2 2 2 5 10 11 11 255
4 7 2 2 2 5 11 11 11 255
4 7 2 2 2 6 6 6 6 31
4 7 2 2 2 6 6 6 7 31
4 7 2 2 2 6 6 6 9 63
4 7 2 2 2 6 6 6 10 63
4 7 2 2 2 6 6 6 11 63
4 7 2 2 2 6 6 7 7 31
4 7 2 2 2 6 6 7 9 63
4 7 2 2 2 6 6 7 10 63
4 7 2 2 2 6 6 7 11 63
4 7 2 2 2 6 6 9 9 127
4 7 2 2 2 6 6 9 10 127
4 7 2 2 2 6 6 9 11 127
4 7 2 2 2 6 6 10 10 127
4 7 2 2 2 6 6 10 11 127
4 7 2 2 2 6 6 11 11 127
4 7 2 2 2 6 7 7 7 31
4 7 2 2 2 6 7 7 9 63
4 7 2 2 2 6 7 7 10 63
4 7 2 2 2 6 7 7 11 63
4 7 2 2 2 6 7 9 9 127
4 7 2 2 2 6 7 9 10 127
4 7 2 2 2 6 7 9 11 127
4 7 2 2 2 6 7 10 10 127
4 7 2 2 2 6 7 10 11 127
4 7 2 2 2 6 7 11 11 127
4 7 2 2 2 6 9 9 9 255
4 7 2 2 2 6 9 9 10 255
4 7 2 2 2 6 9 9 11 255
4 7 2 2 2 6 9 10 10 255
4 7 2 2 2 6 9 10 11 255
4 7 2 2 2 6 9 11 11 255
4 7 2 2 2 6 10 10 10 255
4 7 2 2 2 6 10 10 11 255
4 7 2 2 2 6 10 11 11 255
4 7 2 2 2 6 11 11 11 255
4 7 2 2 2 7 7 7 7 127
4 7 2 2 2 7 7 7 9 63
4 7 2 2 2 7 7 7 10 63
4 7 2 2 2 7 7 7 11 255
4 7 2 2 2 7 7 9 9 127
4 7 2 2 2 7 7 9 10 127
4 7 2 2 2 7 7 9 11 127
4 7 2 2 2 7 7 10 10 127
4 7 2 2 2 7 7 10 11 127
4 7 2 2 2 7 7 11 11 511
4 7 2 2 2 7 9 9 9 255
4 7 2 2 2 7 9 9 10 255
4 7 2 2 2 7 9 9 11 255
4 7 2 2 2 7 9 10 10 255
4 7 2 2 2 7 9 10 11 255
4 7 2 2 2 7 9 11 11 255
4 7 2 2 2 7 10 10 10 255
4 7 2 2 2 7 10 10 11 255
4 7 2 2 2 7 10 11 11 255
4 7 2 2 2 7 11 11 11 1023
4 7 2 2 2 9 9 9 9 511
4 7 2 2 2 9 9 9 10 511
4 7 2 2 2 9 9 9 11 511
4 7 2 2 2 9 9 10 10 511
4 7 2 2 2 9 9 10 11 511
4 7 2 2 2 9 9 11 11 511
4 7 2 2 2 9 10 10 10 511
4 7 2 2 2 9 10 10 11 511
4 7 2 2 2 9 10 11 11 511
4 7 2 2 2 9 11 11 11 511
4 7 2 2 2 10 10 10 10 511
4 7 2 2 2 10 10 10 11 511
4 7 2 2 2 10 10 11 11 511
4 7 2 2 2 10 11 11 11 511
4 7 2 2 2 11 11 11 11 2047
4 7 2 2 3 3 3 3 3 7
4 7 2 2 3 3 3 3 5 15
4 7 2 2 3 3 3 3 6 15
4 7 2 2 3 3 3 3 7 15
4 7 2 2 3 3 3 3 9 31
4 7 2 2 3 3 3 3 10 31
4 7 2 2 3 3 3 3 11 31
4 7 2 2 3 3 3 5 5 7
4 7 2 2 3 3 3 5 6 7
4 7 2 2 3 3 3 5 7 31
4 7 2 2 3 3 3 5 9 15
4 7 2 2 3 3 3 5 10 15
4 7 2 2 3 3 3 5 11 63
4 7 2 2 3 3 3 6 6 7
4 7 2 2 3 3 3 6 7 31
4 7 2 2 3 3 3 6 9 15
4 7 2 2 3 3 3 6 10 15
4 7 2 2 3 3 3 6 11 63
4 7 2 2 3 3 3 7 7 31
4 7 2 2 3 3 3 7 9 63
4 7 2 2 3 3 3 7 10 63
4 7 2 2 3 3 3 7 11 63
4 7 2 2 3 3 3 9 9 31
4 7 2 2 3 3 3 9 10 31
4 7 2 2 3 3 3 9 11 127
4 7 2 2 3 3 3 10 10 31
4 7 2 2 3 3 3 10 11 127
4 7 2 2 3 3 3 11 11 127
4 7 2 2 3 3 5 5 5 15
4 7 2 2 3 3 5 5 6 15
4 7 2 2 3 3 5 5 7 15
4 7 2 2 3 3 5 5 9 31
4 7 2 2 3 3 5 5 10 31
4 7 2 2 3 3 5 5 11 31
4 7 2 2 3 3 5 6 6 15
4 7 2 2 3 3 5 6 7 15
4 7 2 2 3 3 5 6 9 31
4 7 2 2 3 3 5 6 10 31
4 7 2 2 3 3 5 6 11 31
4 7 2 2 3 3 5 7 7 63
4 7 2 2 3 3 5 7 9 31
4 7 2 2 3 3 5 7 10 31
4 7 2 2 3 3 5 7 11 127
4 7 2 2 3 3 5 9 9 63
4 7 2 2 3 3 5 9 10 63
4 7 2 2 3 3 5 9 11 63
4 7 2 2 3 3 5 10 10 63
4 7 2 2 3 3 5 10 11 63
4 7 2 2 3 3 5 11 11 255
4 7 2 2 3 3 6 6 6 15
4 7 2 2 3 3 6 6 7 15
4 7 2 2 3 3 6 6 9 31
4 7 2 2 3 3 6 6 10 31
4 7 2 2 3 3 6 6 11 31
4 7 2 2 3 3 6 7 7 63
4 7 2 2 3 3 6 7 9 31
4 7 2 2 3 3 6 7 10 31
4 7 2 2 3 3 6 7 11 127
4 7 2 2 3 3 6 9 9 63
4 7 2 2 3 3 6 9 10 63
4 7 2 2 3 3 6 9 11 63
4 7 2 2 3 3 6 10 10 63
4 7 2 2 3 3 6 10 11 63
4 7 2 2 3 3 6 11 11 255
4 7 2 2 3 3 7 7 7 63
4 7 2 2 3 3 7 7 9 127
4 7 2 2 3 3 7 7 10 127
4 7 2 2 3 3 7 7 11 127
4 7 2 2 3 3 7 9 9 63
4 7 2 2 3 3 7 9 10 63
4 7 2 2 3 3 7 9 11 255
4 7 2 2 3 3 7 10 10 63
4 7 2 2 3 3 7 10 11 255
4 7 2 2 3 3 7 11 11 255
4 7 2 2 3 3 9 9 9 127
4 7 2 2 3 3 9 9 10 127
4 7 2 2 3 3 9 9 11 127
4 7 2 2 3 3 9 10 10 127
4 7 2 2 3 3 9 10 11 127
4 7 2 2 3 3 9 11 11 511
4 7 2 2 3 3 10 10 10 127
4 7 2 2 3 3 10 10 11 127
4 7 2 2 3 3 10 11 11 511
4 7 2 2 3 3 11 11 11 511
4 7 2 2 3 5 5 5 5 31
4 7 2 2 3 5 5 5 6 31
4 7 2 2 3 5 5 5 7 31
4 7 2 2 3 5 5 5 9 63
4 7 2 2 3 5 5 5 10 63
4 7 2 2 3 5 5 5 11 63
4 7 2 2 3 5 5 6 6 31
4 7 2 2 3 5 5 6 7 31
4 7 2 2 3 5 5 6 9 63
4 7 2 2 3 5 5 6 10 63
4 7 2 2 3 5 5 6 11 63
4 7 2 2 3 5 5 7 7 31
4 7 2 2 3 5 5 7 9 63
4 7 2 2 3 5 5 7 10 63
4 7 2 2 3 5 5 7 11 63
4 7 2 2 3 5 5 9 9 127
4 7 2 2 3 5 5 9 10 127
4 7 2 2 3 5 5 9 11 127
4 7 2 2 3 5 5 10 10 127
4 7 2 2 3 5 5 10 11 127
4 7 2 2 3 5 5 11 11 127
4 7 2 2 3 5 6 6 6 31
4 7 2 2 3 5 6 6 7 31
4 7 2 2 3 5 6 6 9 63
4 7 2 2 3 5 6 6 10 63
4 7 2 2 3 5 6 6 11 63
4 7 2 2 3 5 6 7 7 31
4 7 2 2 3 5 6 7 9 63
4 7 2 2 3 5 6 7 10 63
4 7 2 2 3 5 6 7 11 63
4 7 2 2 3 5 6 9 9 127
4 7 2 2 3 5 6 9 10 127
4 7 2 2 3 5 6 9 11 127
4 7 2 2 3 5 6 10 10 127
4 7 2 2 3 5 6 10 11 127
4 7 2 2 3 5 6 11 11 127
4 7 2 2 3 5 7 7 7 127
4 7 2 2 3 5 7 7 9 63
4 7 2 2 3 5 7 7 10 63
4 7 2 2 3 5 7 7 11 255
4 7 2 2 3 5 7 9 9 127
4 7 2 2 3 5 7 9 10 127
4 7 2 2 3 5 7 9 11 127
4 7 2 2 3 5 7 10 10 127
4 7 2 2 3 5 7 10 11 127
4 7 2 2 3 5 7 11 11 511
4 7 2 2 3 5 9 9 9 255
4 7 2 2 3 5 9 9 10 255
4 7 2 2 3 5 9 9 11 255
4 7 2 2 3 5 9 10 10 255
4 7 2 2 3 5 9 10 11 255
4 7 2 2 3 5 9 11 11 255
4 7 2 2 3 5 10 10 10 255
4 7 2 2 3 5 10 10 11 255
4 7 2 2 3 5 10 11 11 255
4 7 2 2 3 5 11 11 11 1023
4 7 2 2 3 6 6 6 6 31
4 7 2 2 3 6 6 6 7 31
4 7 2 2 3 6 6 6 9 63
4 7 2 2 3 6 6 6 10 63
4 7 2 2 3 6 6 6 11 63
4 7 2 2 3 6 6 7 7 31
4 7 2 2 3 6 6 7 9 63
4 7 2 2 3 6 6 7 10 63
4 7 2 2 3 6 6 7 11 63
4 7 2 2 3 6 6 9 9 127
4 7 2 2 3 6 6 9 10 127
4 7 2 2 3 6 6 9 11 127
4 7 2 2 3 6 6 10 10 127
4 7 2 2 3 6 6 10 11 127
4 7 2 2 3 6 6 11 11 127
4 7 2 2 3 6 7 7 7 127
4 7 2 2 3 6 7 7 9 63
4 7 2 2 3 6 7 7 10 63
4 7 2 2 3 6 7 7 11 255
4 7 2 2 3 6 7 9 9 127
4 7 2 2 3 6 7 9 10 127
4 7 2 2 3 6 7 9 11 127
4 7 2 2 3 6 7 10 10 127
4 7 2 2 3 6 7 10 11 127
4 7 2 2 3 6 7 11 11 511
4 7 2 2 3 6 9 9 9 255
4 7 2 2 3 6 9 9 10 255
4 7 2 2 3 6 9 9 11 255
4 7 2 2 3 6 9 10 10 255
4 7 2 2 3 6 9 10 11 255
4 7 2 2 3 6 9 11 11 255
4 7 2 2 3 6 10 10 10 255
4 7 2 2 3 6 10 10 11 255
4 7 2 2 3 6 10 11 11 255
4 7 2 2 3 6 11 11 11 1023
4 7 2 2 3 7 7 7 7 127
4 7 2 2 3 7 7 7 9 255
4 7 2 2 3 7 7 7 10 255
4 7 2 2 3 7 7 7 11 255
4 7 2 2 3 7 7 9 9 127
4 7 2 2 3 7 7 9 10 127
4 7 2 2 3 7 7 9 11 511
4 7 2 2 3 7 7 10 10 127
4 7 2 2 3 7 7 10 11 511
4 7 2 2 3 7 7 11 11 511
4 7 2 2 3 7 9 9 9 255
4 7 2 2 3 7 9 9 10 255
4 7 2 2 3 7 9 9 11 255
4 7 2 2 3 7 9 10 10 255
4 7 2 2 3 7 9 10 11 255
4 7 2 2 3 7 9 11 11 1023
4 7 2 2 3 7 10 10 10 255
4 7 2 2 3 7 10 10 11 255
4 7 2 2 3 7 10 11 11 1023
4 7 2 2 3 7 11 11 11 1023
4 7 2 2 3 9 9 9 9 511
4 7 2 2 3 9 9 9 10 511
4 7 2 2 3 9 9 9 11 511
4 7 2 2 3 9 9 10 10 511
4 7 2 2 3 9 9 10 11 511
4 7 2 2 3 9 9 11 11 511
4 7 2 2 3 9 10 10 10 511
4 7 2 2 3 9 10 10 11 511
4 7 2 2 3 9 10 11 11 511
4 7 2 2 3 9 11 11 11 2047
4 7 2 2 3 10 10 10 10 511
4 7 2 2 3 10 10 10 11 511
4 7 2 2 3 10 10 11 11 511
4 7 2 2 3 10 11 11 11 2047
4 7 2 2 3 11 11 11 11 2047
4 7 2 2 5 5 5 5 5 63
4 7 2 2 5 5 5 5 6 63
4 7 2 2 5 5 5 5 7 63
4 7 2 2 5 5 5 5 9 127
4 7 2 2 5 5 5 5 10 127
4 7 2 2 5 5 5 5 11 127
4 7 2 2 5 5 5 6 6 63
4 7 2 2 5 5 5 6 7 63
4 7 2 2 5 5 5 6 9 127
4 7 2 2 5 5 5 6 10 127
4 7 2 2 5 5 5 6 11 127
4 7 2 2 5 5 5 7 7 63
4 7 2 2 5 5 5 7 9 127
4 7 2 2 5 5 5 7 10 127
4 7 2 2 5 5 5 7 11 127
4 7 2 2 5 5 5 9 9 255
4 7 2 2 5 5 5 9 10 255
4 7 2 2 5 5 5 9 11 255
4 7 2 2 5 5 5 10 10 255
4 7 2 2 5 5 5 10 11 255
4 7 2 2 5 5 5 11 11 255
4 7 2 2 5 5 6 6 6 63
4 7 2 2 5 5 6 6 7 63
4 7 2 2 5 5 6 6 9 127
4 7 2 2 5 5 6 6 10 127
4 7 2 2 5 5 6 6 11 127
4 7 2 2 5 5 6 7 7 63
4 7 2 2 5 5 6 7 9 127
4 7 2 2 5 5 6 7 10 127
4 7 2 2 5 5 6 7 11 127
4 7 2 2 5 5 6 9 9 255
4 7 2 2 5 5 6 9 10 255
4 7 2 2 5 5 6 9 11 255
4 7 2 2 5 5 6 10 10 255
4 7 2 2 5 5 6 10 11 255
4 7 2 2 5 5 6 11 11 255
4 7 2 2 5 5 7 7 7 63
4 7 2 2 5 5 7 7 9 127
4 7 2 2 5 5 7 7 10 127
4 7 2 2 5 5 7 7 11 127
4 7 2 2 5 5 7 9 9 255
4 7 2 2 5 5 7 9 10 255
4 7 2 2 5 5 7 9 11 255
4 7 2 2 5 5 7 10 10 255
4 7 2 2 5 5 7 10 11 255
4 7 2 2 5 5 7 11 11 255
4 7 2 2 5 5 9 9 9 511
4 7 2 2 5 5 9 9 10 511
4 7 2 2 5 5 9 9 11 511
4 7 2 2 5 5 9 10 10 511
4 7 2 2 5 5 9 10 11 511
4 7 2 2 5 5 9 11 11 511
4 7 2 2 5 5 10 10 10 511
4 7 2 2 5 5 10 10 11 511
4 7 2 2 5 5 10 11 11 511
4 7 2 2 5 5 11 11 11 511
4 7 2 2 5 6 6 6 6 63
4 7 2 2 5 6 6 6 7 63
4 7 2 2 5 6 6 6 9 127
4 7 2 2 5 6 6 6 10 127
4 7 2 2 5 6 6 6 11 127
4 7 2 2 5 6 6 7 7 63
4 7 2 2 5 6 6 7 9 127
4 7 2 2 5 6 6 7 10 127
4 7 2 2 5 6 6 7 11 127
4 7 2 2 5 6 6 9 9 255
4 7 2 2 5 6 6 9 10 255
4 7 2 2 5 6 6 9 11 255
4 7 2 2 5 6 6 10 10 255
4 7 2 2 5 6 6 10 11 255
4 7 2 2 5 6 6 11 11 255
4 7 2 2 5 6 7 7 7 63
4 7 2 2 5 6 7 7 9 127
4 7 2 2 5 6 7 7 10 127
4 7 2 2 5 6 7 7 11 127
4 7 2 2 5 6 7 9 9 255
4 7 2 2 5 6 7 9 10 255
4 7 2 2 5 6 7 9 11 255
4 7 2 2 5 6 7 10 10 255
4 7 2 2 5 6 7 10 11 255
4 7 2 2 5 6 7 11 11 255
4 7 2 2 5 6 9 9 9 511
4 7 2 2 5 6 9 9 10 511
4 7 2 2 5 6 9 9 11 511
4 7 2 2 5 6 9 10 10 511
4 7 2 2 5 6 9 10 11 511
4 7 2 2 5 6 9 11 11 511
4 7 2 2 5 6 10 10 10 511
4 7 2 2 5 6 10 10 11 511
4 7 2 2 5 6 10 11 11 511
4 7 2 2 5 6 11 11 11 511
4 7 2 2 5 7 7 7 7 255
4 7 2 2 5 7 7 7 9 127
4 7 2 2 5 7 7 7 10 127
4 7 2 2 5 7 7 7 11 511
4 7 2 2 5 7 7 9 9 255
4 7 2 2 5 7 7 9 10 255
4 7 2 2 5 7 7 9 11 255
4 7 2 2 5 7 7 10 10 255
4 7 2 2 5 7 7 10 11 255
4 7 2 2 5 7 7 11 11 1023
4 7 2 2 5 7 9 9 9 511
4 7 2 2 5 7 9 9 10 511
4 7 2 2 5 7 9 9 11 511
4 7 2 2 5 7 9 10 10 511
4 7 2 2 5 7 9 10 11 511
4 7 2 2 5 7 9 11 11 511
4 7 2 2 5 7 10 10 10 511
4 7 2 2 5 7 10 10 11 511
4 7 2 2 5 7 10 11 11 511
4 7 2 2 5 7 11 11 11 2047
4 7 2 2 5 9 9 9 9 1023
4 7 2 2 5 9 9 9 10 1023
4 7 2 2 5 9 9 9 11 1023
4 7 2 2 5 9 9 10 10 1023
4 7 2 2 5 9 9 10 11 1023
4 7 2 2 5 9 9 11 11 1023
4 7 2 2 5 9 10 10 10 1023
4 7 2 2 5 9 10 10 11 1023
4 7 2 2 5 9 10 11 11 1023
4 7 2 2 5 9 11 11 11 1023
4 7 2 2 5 10 10 10 10 1023
4 7 2 2 5 10 10 10 11 1023
4 7 2 2 5 10 10 11 11 1023
4 7 2 2 5 10 11 11 11 1023
4 7 2 2 5 11 11 11 11 4095
4 7 2 2 6 6 6 6 6 63
4 7 2 2 6 6 6 6 7 63
4 7 2 2 6 6 6 6 9 127
4 7 2 2 6 6 6 6 10 127
4 7 2 2 6 6 6 6 11 127
4 7 2 2 6 6 6 7 7 63
4 7 2 2 6 6 6 7 9 127
4 7 2 2 6 6 6 7 10 127
4 7 2 2 6 6 6 7 11 127
4 7 2 2 6 6 6 9 9 255
4 7 2 2 6 6 6 9 10 255
4 7 2 2 6 6 6 9 11 255
4 7 2 2 6 6 6 10 10 255
4 7 2 2 6 6 6 10 11 255
4 7 2 2 6 6 6 11 11 255
4 7 2 2 6 6 7 7 7 63
4 7 2 2 6 6 7 7 9 127
4 7 2 2 6 6 7 7 10 127
4 7 2 2 6 6 7 7 11 127
4 7 2 2 6 6 7 9 9 255
4 7 2 2 6 6 7 9 10 255
4 7 2 2 6 6 7 9 11 255
4 7 2 2 6 6 7 10 10 255
4 7 2 2 6 6 7 10 11 255
4 7 2 2 6 6 7 11 11 255
4 7 2 2 6 6 9 9 9 511
4 7 2 2 6 6 9 9 10 511
4 7 2 2 6 6 9 9 11 511
4 7 2 2 6 6 9 10 10 511
4 7 2 2 6 6 9 10 11 511
4 7 2 2 6 6 9 11 11 511
4 7 2 2 6 6 10 10 10 511
4 7 2 2 6 6 10 10 11 511
4 7 2 2 6 6 10 11 11 511
4 7 2 2 6 6 11 11 11 511
4 7 2 2 6 7 7 7 7 255
4 7 2 2 6 7 7 7 9 127
4 7 2 2 6 7 7 7 10 127
4 7 2 2 6 7 7 7 11 511
4 7 2 2 6 7 7 9 9 255
4 7 2 2 6 7 7 9 10 255
4 7 2 2 6 7 7 9 11 255
4 7 2 2 6 7 7 10 10 255
4 7 2 2 6 7 7 10 11 255
4 7 2 2 6 7 7 11 11 1023
4 7 2 2 6 7 9 9 9 511
4 7 2 2 6 7 9 9 10 511
4 7 2 2 6 7 9 9 11 511
4 7 2 2 6 7 9 10 10 511
4 7 2 2 6 7 9 10 11 511
4 7 2 2 6 7 9 11 11 511
4 7 2 2 6 7 10 10 10 511
4 7 2 2 6 7 10 10 11 511
4 7 2 2 6 7 10 11 11 511
4 7 2 2 6 7 11 11 11 2047
4 7 2 2 6 9 9 9 9 1023
4 7 2 2 6 9 9 9 10 1023
4 7 2 2 6 9 9 9 11 1023
4 7 2 2 6 9 9 10 10 1023
4 7 2 2 6 9 9 10 11 1023
4 7 2 2 6 9 9 11 11 1023
4 7 2 2 6 9 10 10 10 1023
4 7 2 2 6 9 10 10 11 1023
4 7 2 2 6 9 10 11 11 1023
4 7 2 2 6 9 11 11 11 1023
4 7 2 2 6 10 10 10 10 1023
4 7 2 2 6 10 10 10 11 1023
4 7 2 2 6 10 10 11 11 1023
4 7 2 2 6 10 11 11 11 1023
4 7 2 2 6 11 11 11 11 4095
4 7 2 2 7 7 7 7 7 255
4 7 2 2 7 7 7 7 9 511
4 7 2 2 7 7 7 7 10 511
4 7 2 2 7 7 7 7 11 511
4 7 2 2 7 7 7 9 9 255
4 7 2 2 7 7 7 9 10 255
4 7 2 2 7 7 7 9 11 1023
4 7 2 2 7 7 7 10 10 255
4 7 2 2 7 7 7 10 11 1023
4 7 2 2 7 7 7 11 11 1023
4 7 2 2 7 7 9 9 9 511
4 7 2 2 7 7 9 9 10 511
4 7 2 2 7 7 9 9 11 511
4 7 2 2 7 7 9 10 10 511
4 7 2 2 7 7 9 10 11 511
4 7 2 2 7 7 9 11 11 2047
4 7 2 2 7 7 10 10 10 511
4 7 2 2 7 7 10 10 11 511
4 7 2 2 7 7 10 11 11 2047
4 7 2 2 7 7 11 11 11 2047
4 7 2 2 7 9 9 9 9 1023
4 7 2 2 7 9 9 9 10 1023
4 7 2 2 7 9 9 9 11 1023
4 7 2 2 7 9 9 10 10 1023
4 7 2 2 7 9 9 10 11 1023
4 7 2 2 7 9 9 11 11 1023
4 7 2 2 7 9 10 10 10 1023
4 7 2 2 7 9 10 10 11 1023
4 7 2 2 7 9 10 11 11 1023
4 7 2 2 7 9 11 11 11 4095
4 7 2 2 7 10 10 10 10 1023
4 7 2 2 7 10 10 10 11 1023
4 7 2 2 7 10 10 11 11 1023
4 7 2 2 7 10 11 11 11 4095
4 7 2 2 7 11 11 11 11 4095
4 7 2 2 9 9 9 9 9 2047
4 7 2 2 9 9 9 9 10 2047
4 7 2 2 9 9 9 9 11 2047
4 7 2 2 9 9 9 10 10 2047
4 7 2 2 9 9 9 10 11 2047
4 7 2 2 9 9 9 11 11 2047
4 7 2 2 9 9 10 10 10 2047
4 7 2 2 9 9 10 10 11 2047
4 7 2 2 9 9 10 11 11 2047
4 7 2 2 9 9 11 11 11 2047
4 7 2 2 9 10 10 10 10 2047
4 7 2 2 9 10 10 10 11 2047
4 7 2 2 9 10 10 11 11 2047
4 7 2 2 9 10 11 11 11 2047
4 7 2 2 9 11 11 11 11 8191
4 7 2 2 10 10 10 10 10 2047
4 7 2 2 10 10 10 10 11 2047
4 7 2 2 10 10 10 11 11 2047
4 7 2 2 10 10 11 11 11 2047
4 7 2 2 10 11 11 11 11 8191
4 7 2 2 11 11 11 11 11 8191
4 7 2 3 3 3 3 3 3 7
4 7 2 3 3 3 3 3 5 15
4 7 2 3 3 3 3 3 6 15
4 7 2 3 3 3 3 3 7 15
4 7 2 3 3 3 3 3 9 31
4 7 2 3 3 3 3 3 10 31
4 7 2 3 3 3 3 3 11 31
4 7 2 3 3 3 3 5 5 31
4 7 2 3 3 3 3 5 6 31
4 7 2 3 3 3 3 5 7 31
4 7 2 3 3 3 3 5 9 63
4 7 2 3 3 3 3 5 10 63
4 7 2 3 3 3 3 5 11 63
4 7 2 3 3 3 3 6 6 31
4 7 2 3 3 3 3 6 7 31
4 7 2 3 3 3 3 6 9 63
4 7 2 3 3 3 3 6 10 63
4 7 2 3 3 3 3 6 11 63
4 7 2 3 3 3 3 7 7 31
4 7 2 3 3 3 3 7 9 63
4 7 2 3 3 3 3 7 10 63
4 7 2 3 3 3 3 7 11 63
4 7 2 3 3 3 3 9 9 127
4 7 2 3 3 3 3 9 10 127
4 7 2 3 3 3 3 9 11 127
4 7 2 3 3 3 3 10 10 127
4 7 2 3 3 3 3 10 11 127
4 7 2 3 3 3 3 11 11 127
4 7 2 3 3 3 5 5 5 15
4 7 2 3 3 3 5 5 6 15
4 7 2 3 3 3 5 5 7 63
4 7 2 3 3 3 5 5 9 31
4 7 2 3 3 3 5 5 10 31
4 7 2 3 3 3 5 5 11 127
4 7 2 3 3 3 5 6 6 15
4 7 2 3 3 3 5 6 7 63
4 7 2 3 3 3 5 6 9 31
4 7 2 3 3 3 5 6 10 31
4 7 2 3 3 3 5 6 11 127
4 7 2 3 3 3 5 7 7 63
4 7 2 3 3 3 5 7 9 127
4 7 2 3 3 3 5 7 10 127
4 7 2 3 3 3 5 7 11 127
4 7 2 3 3 3 5 9 9 63
4 7 2 3 3 3 5 9 10 63
4 7 2 3 3 3 5 9 11 255
4 7 2 3 3 3 5 10 10 63
4 7 2 3 3 3 5 10 11 255
4 7 2 3 3 3 5 11 11 255
4 7 2 3 3 3 6 6 6 15
4 7 2 3 3 3 6 6 7 63
4 7 2 3 3 3 6 6 9 31
4 7 2 3 3 3 6 6 10 31
4 7 2 3 3 3 6 6 11 127
4 7 2 3 3 3 6 7 7 63
4 7 2 3 3 3 6 7 9 127
4 7 2 3 3 3 6 7 10 127
4 7 2 3 3 3 6 7 11 127
4 7 2 3 3 3 6 9 9 63
4 7 2 3 3 3 6 9 10 63
4 7 2 3 3 3 6 9 11 255
4 7 2 3 3 3 6 10 10 63
4 7 2 3 3 3 6 10 11 255
4 7 2 3 3 3 6 11 11 255
4 7 2 3 3 3 7 7 7 63
4 7 2 3 3 3 7 7 9 127
4 7 2 3 3 3 7 7 10 127
4 7 2 3 3 3 7 7 11 127
4 7 2 3 3 3 7 9 9 255
4 7 2 3 3 3 7 9 10 255
4 7 2 3 3 3 7 9 11 255
4 7 2 3 3 3 7 10 10 255
4 7 2 3 3 3 7 10 11 255
4 7 2 3 3 3 7 11 11 255
4 7 2 3 3 3 9 9 9 127
4 7 2 3 3 3 9 9 10 127
4 7 2 3 3 3 9 9 11 511
4 7 2 3 3 3 9 10 10 127
4 7 2 3 3 3 9 10 11 511
4 7 2 3 3 3 9 11 11 511
4 7 2 3 3 3 10 10 10 127
4 7 2 3 3 3 10 10 11 511
4 7 2 3 3 3 10 11 11 511
4 7 2 3 3 3 11 11 11 511
4 7 2 3 3 5 5 5 5 31
4 7 2 3 3 5 5 5 6 31
4 7 2 3 3 5 5 5 7 31
4 7 2 3 3 5 5 5 9 63
4 7 2 3 3 5 5 5 10 63
4 7 2 3 3 5 5 5 11 63
4 7 2 3 3 5 5 6 6 31
4 7 2 3 3 5 5 6 7 31
4 7 2 3 3 5 5 6 9 63
4 7 2 3 3 5 5 6 10 63
4 7 2 3 3 5 5 6 11 63
4 7 2 3 3 5 5 7 7 127
4 7 2 3 3 5 5 7 9 63
4 7 2 3 3 5 5 7 10 63
4 7 2 3 3 5 5 7 11 255
4 7 2 3 3 5 5 9 9 127
4 7 2 3 3 5 5 9 10 127
4 7 2 3 3 5 5 9 11 127
4 7 2 3 3 5 5 10 10 127
4 7 2 3 3 5 5 10 11 127
4 7 2 3 3 5 5 11 11 511
4 7 2 3 3 5 6 6 6 31
4 7 2 3 3 5 6 6 7 31
4 7 2 3 3 5 6 6 9 63
4 7 2 3 3 5 6 6 10 63
4 7 2 3 3 5 6 6 11 63
4 7 2 3 3 5 6 7 7 127
4 7 2 3 3 5 6 7 9 63
4 7 2 3 3 5 6 7 10 63
4 7 2 3 3 5 6 7 11 255
4 7 2 3 3 5 6 9 9 127
4 7 2 3 3 5 6 9 10 127
4 7 2 3 3 5 6 9 11 127
4 7 2 3 3 5 6 10 10 127
4 7 2 3 3 5 6 10 11 127
4 7 2 3 3 5 6 11 11 511
4 7 2 3 3 5 7 7 7 127
4 7 2 3 3 5 7 7 9 255
4 7 2 3 3 5 7 7 10 255
4 7 2 3 3 5 7 7 11 255
4 7 2 3 3 5 7 9 9 127
4 7 2 3 3 5 7 9 10 127
4 7 2 3 3 5 7 9 11 511
4 7 2 3 3 5 7 10 10 127
4 7 2 3 3 5 7 10 11 511
4 7 2 3 3 5 7 11 11 511
4 7 2 3 3 5 9 9 9 255
4 7 2 3 3 5 9 9 10 255
4 7 2 3 3 5 9 9 11 255
4 7 2 3 3 5 9 10 10 255
4 7 2 3 3 5 9 10 11 255
4 7 2 3 3 5 9 11 11 1023
4 7 2 3 3 5 10 10 10 255
4 7 2 3 3 5 10 10 11 255
4 7 2 3 3 5 10 11 11 1023
4 7 2 3 3 5 11 11 11 1023
4 7 2 3 3 6 6 6 6 31
4 7 2 3 3 6 6 6 7 31
4 7 2 3 3 6 6 6 9 63
4 7 2 3 3 6 6 6 10 63
4 7 2 3 3 6 6 6 11 63
4 7 2 3 3 6 6 7 7 127
4 7 2 3 3 6 6 7 9 63
4 7 2 3 3 6 6 7 10 63
4 7 2 3 3 6 6 7 11 255
4 7 2 3 3 6 6 9 9 127
4 7 2 3 3 6 6 9 10 127
4 7 2 3 3 6 6 9 11 127
4 7 2 3 3 6 6 10 10 127
4 7 2 3 3 6 6 10 11 127
4 7 2 3 3 6 6 11 11 511
4 7 2 3 3 6 7 7 7 127
4 7 2 3 3 6 7 7 9 255
4 7 2 3 3 6 7 7 10 255
4 7 2 3 3 6 7 7 11 255
4 7 2 3 3 6 7 9 9 127
4 7 2 3 3 6 7 9 10 127
4 7 2 3 3 6 7 9 11 511
4 7 2 3 3 6 7 10 10 127
4 7 2 3 3 6 7 10 11 511
4 7 2 3 3 6 7 11 11 511
4 7 2 3 3 6 9 9 9 255
4 7 2 3 3 6 9 9 10 255
4 7 2 3 3 6 9 9 11 255
4 7 2 3 3 6 9 10 10 255
4 7 2 3 3 6 9 10 11 255
4 7 2 3 3 6 9 11 11 1023
4 7 2 3 3 6 10 10 10 255
4 7 2 3 3 6 10 10 11 255
4 7 2 3 3 6 10 11 11 1023
4 7 2 3 3 6 11 11 11 1023
4 7 2 3 3 7 7 7 7 127
4 7 2 3 3 7 7 7 9 255
4 7 2 3 3 7 7 7 10 255
4 7 2 3 3 7 7 7 11 255
4 7 2 3 3 7 7 9 9 511
4 7 2 3 3 7 7 9 10 511
4 7 2 3 3 7 7 9 11 511
4 7 2 3 3 7 7 10 10 511
4 7 2 3 3 7 7 10 11 511
4 7 2 3 3 7 7 11 11 511
4 7 2 3 3 7 9 9 9 255
4 7 2 3 3 7 9 9 10 255
4 7 2 3 3 7 9 9 11 1023
4 7 2 3 3 7 9 10 10 255
4 7 2 3 3 7 9 10 11 1023
4 7 2 3 3 7 9 11 11 1023
4 7 2 3 3 7 10 10 10 255
4 7 2 3 3 7 10 10 11 1023
4 7 2 3 3 7 10 11 11 1023
4 7 2 3 3 7 11 11 11 1023
4 7 2 3 3 9 9 9 9 511
4 7 2 3 3 9 9 9 10 511
4 7 2 3 3 9 9 9 11 511
4 7 2 3 3 9 9 10 10 511
4 7 2 3 3 9 9 10 11 511
4 7 2 3 3 9 9 11 11 2047
4 7 2 3 3 9 10 10 10 511
4 7 2 3 3 9 10 10 11 511
4 7 2 3 3 9 10 11 11 2047
4 7 2 3 3 9 11 11 11 2047
4 7 2 3 3 10 10 10 10 511
4 7 2 3 3 10 10 10 11 511
4 7 2 3 3 10 10 11 11 2047
4 7 2 3 3 10 11 11 11 2047
4 7 2 3 3 11 11 11 11 2047
4 7 2 3 5 5 5 5 5 63
4 7 2 3 5 5 5 5 6 63
4 7 2 3 5 5 5 5 7 63
4 7 2 3 5 5 5 5 9 127
4 7 2 3 5 5 5 5 10 127
4 7 2 3 5 5 5 5 11 127
4 7 2 3 5 5 5 6 6 63
4 7 2 3 5 5 5 6 7 63
4 7 2 3 5 5 5 6 9 127
4 7 2 3 5 5 5 6 10 127
4 7 2 3 5 5 5 6 11 127
4 7 2 3 5 5 5 7 7 63
4 7 2 3 5 5 5 7 9 127
4 7 2 3 5 5 5 7 10 127
4 7 2 3 5 5 5 7 11 127
4 7 2 3 5 5 5 9 9 255
4 7 2 3 5 5 5 9 10 255
4 7 2 3 5 5 5 9 11 255
4 7 2 3 5 5 5 10 10 255
4 7 2 3 5 5 5 10 11 255
4 7 2 3 5 5 5 11 11 255
4 7 2 3 5 5 6 6 6 63
4 7 2 3 5 5 6 6 7 63
4 7 2 3 5 5 6 6 9 127
4 7 2 3 5 5 6 6 10 127
4 7 2 3 5 5 6 6 11 127
4 7 2 3 5 5 6 7 7 63
4 7 2 3 5 5 6 7 9 127
4 7 2 3 5 5 6 7 10 127
4 7 2 3 5 5 6 7 11 127
4 7 2 3 5 5 6 9 9 255
4 7 2 3 5 5 6 9 10 255
4 7 2 3 5 5 6 9 11 255
4 7 2 3 5 5 6 10 10 255
4 7 2 3 5 5 6 10 11 255
4 7 2 3 5 5 6 11 11 255
4 7 2 3 5 5 7 7 7 255
4 7 2 3 5 5 7 7 9 127
4 7 2 3 5 5 7 7 10 127
4 7 2 3 5 5 7 7 11 511
4 7 2 3 5 5 7 9 9 255
4 7 2 3 5 5 7 9 10 255
4 7 2 3 5 5 7 9 11 255
4 7 2 3 5 5 7 10 10 255
4 7 2 3 5 5 7 10 11 255
4 7 2 3 5 5 7 11 11 1023
4 7 2 3 5 5 9 9 9 511
4 7 2 3 5 5 9 9 10 511
4 7 2 3 5 5 9 9 11 511
4 7 2 3 5 5 9 10 10 511
4 7 2 3 5 5 9 10 11 511
4 7 2 3 5 5 9 11 11 511
4 7 2 3 5 5 10 10 10 511
4 7 2 3 5 5 10 10 11 511
4 7 2 3 5 5 10 11 11 511
4 7 2 3 5 5 11 11 11 2047
4 7 2 3 5 6 6 6 6 63
4 7 2 3 5 6 6 6 7 63
4 7 2 3 5 6 6 6 9 127
4 7 2 3 5 6 6 6 10 127
4 7 2 3 5 6 6 6 11 127
4 7 2 3 5 6 6 7 7 63
4 7 2 3 5 6 6 7 9 127
4 7 2 3 5 6 6 7 10 127
4 7 2 3 5 6 6 7 11 127
4 7 2 3 5 6 6 9 9 255
4 7 2 3 5 6 6 9 10 255
4 7 2 3 5 6 6 9 11 255
4 7 2 3 5 6 6 10 10 255
4 7 2 3 5 6 6 10 11 255
4 7 2 3 5 6 6 11 11 255
4 7 2 3 5 6 7 7 7 255
4 7 2 3 5 6 7 7 9 127
4 7 2 3 5 6 7 7 10 127
4 7 2 3 5 6 7 7 11 511
4 7 2 3 5 6 7 9 9 255
4 7 2 3 5 6 7 9 10 255
4 7 2 3 5 6 7 9 11 255
4 7 2 3 5 6 7 10 10 255
4 7 2 3 5 6 7 10 11 255
4 7 2 3 5 6 7 11 11 1023
4 7 2 3 5 6 9 9 9 511
4 7 2 3 5 6 9 9 10 511
4 7 2 3 5 6 9 9 11 511
4 7 2 3 5 6 9 10 10 511
4 7 2 3 5 6 9 10 11 511
4 7 2 3 5 6 9 11 11 511
4 7 2 3 5 6 10 10 10 511
4 7 2 3 5 6 10 10 11 511
4 7 2 3 5 6 10 11 11 511
4 7 2 3 5 6 11 11 11 2047
4 7 2 3 5 7 7 7 7 255
4 7 2 3 5 7 7 7 9 511
4 7 2 3 5 7 7 7 10 511
4 7 2 3 5 7 7 7 11 511
4 7 2 3 5 7 7 9 9 255
4 7 2 3 5 7 7 9 10 255
4 7 2 3 5 7 7 9 11 1023
4 7 2 3 5 7 7 10 10 255
4 7 2 3 5 7 7 10 11 1023
4 7 2 3 5 7 7 11 11 1023
4 7 2 3 5 7 9 9 9 511
4 7 2 3 5 7 9 9 10 511
4 7 2 3 5 7 9 9 11 511
4 7 2 3 5 7 9 10 10 511
4 7 2 3 5 7 9 10 11 511
4 7 2 3 5 7 9 11 11 2047
4 7 2 3 5 7 10 10 10 511
4 7 2 3 5 7 10 10 11 511
4 7 2 3 5 7 10 11 11 2047
4 7 2 3 5 7 11 11 11 2047
4 7 2 3 5 9 9 9 9 1023
4 7 2 3 5 9 9 9 10 1023
4 7 2 3 5 9 9 9 11 1023
4 7 2 3 5 9 9 10 10 1023
4 7 2 3 5 9 9 10 11 1023
4 7 2 3 5 9 9 11 11 1023
4 7 2 3 5 9 10 10 10 1023
4 7 2 3 5 9 10 10 11 1023
4 7 2 3 5 9 10 11 11 1023
4 7 2 3 5 9 11 11 11 4095
4 7 2 3 5 10 10 10 10 1023
4 7 2 3 5 10 10 10 11 1023
4 7 2 3 5 10 10 11 11 1023
4 7 2 3 5 10 11 11 11 4095
4 7 2 3 5 11 11 11 11 4095
4 7 2 3 6 6 6 6 6 63
4 7 2 3 6 6 6 6 7 63
4 7 2 3 6 6 6 6 9 127
4 7 2 3 6 6 6 6 10 127
4 7 2 3 6 6 6 6 11 127
4 7 2 3 6 6 6 7 7 63
4 7 2 3 6 6 6 7 9 127
4 7 2 3 6 6 6 7 10 127
4 7 2 3 6 6 6 7 11 127
4 7 2 3 6 6 6 9 9 255
4 7 2 3 6 6 6 9 10 255
4 7 2 3 6 6 6 9 11 255
4 7 2 3 6 6 6 10 10 255
4 7 2 3 6 6 6 10 11 255
4 7 2 3 6 6 6 11 11 255
4 7 2 3 6 6 7 7 7 255
4 7 2 3 6 6 7 7 9 127
4 7 2 3 6 6 7 7 10 127
4 7 2 3 6 6 7 7 11 511
4 7 2 3 6 6 7 9 9 255
4 7 2 3 6 6 7 9 10 255
4 7 2 3 6 6 7 9 11 255
4 7 2 3 6 6 7 10 10 255
4 7 2 3 6 6 7 10 11 255
4 7 2 3 6 6 7 11 11 1023
4 7 2 3 6 6 9 9 9 511
4 7 2 3 6 6 9 9 10 511
4 7 2 3 6 6 9 9 11 511
4 7 2 3 6 6 9 10 10 511
4 7 2 3 6 6 9 10 11 511
4 7 2 3 6 6 9 11 11 511
4 7 2 3 6 6 10 10 10 511
4 7 2 3 6 6 10 10 11 511
4 7 2 3 6 6 10 11 11 511
4 7 2 3 6 6 11 11 11 2047
4 7 2 3 6 7 7 7 7 255
4 7 2 3 6 7 7 7 9 511
4 7 2 3 6 7 7 7 10 511
4 7 2 3 6 7 7 7 11 511
4 7 2 3 6 7 7 9 9 255
4 7 2 3 6 7 7 9 10 255
4 7 2 3 6 7 7 9 11 1023
4 7 2 3 6 7 7 10 10 255
4 7 2 3 6 7 7 10 11 1023
4 7 2 3 6 7 7 11 11 1023
4 7 2 3 6 7 9 9 9 511
4 7 2 3 6 7 9 9 10 511
4 7 2 3 6 7 9 9 11 511
4 7 2 3 6 7 9 10 10 511
4 7 2 3 6 7 9 10 11 511
4 7 2 3 6 7 9 11 11 2047
4 7 2 3 6 7 10 10 10 511
4 7 2 3 6 7 10 10 11 511
4 7 2 3 6 7 10 11 11 2047
4 7 2 3 6 7 11 11 11 2047
4 7 2 3 6 9 9 9 9 1023
4 7 2 3 6 9 9 9 10 1023
4 7 2 3 6 9 9 9 11 1023
4 7 2 3 6 9 9 10 10 1023
4 7 2 3 6 9 9 10 11 1023
4 7 2 3 6 9 9 11 11 1023
4 7 2 3 6 9 10 10 10 1023
4 7 2 3 6 9 10 10 11 1023
4 7 2 3 6 9 10 11 11 1023
4 7 2 3 6 9 11 11 11 4095
4 7 2 3 6 10 10 10 10 1023
4 7 2 3 6 10 10 10 11 1023
4 7 2 3 6 10 10 11 11 1023
4 7 2 3 6 10 11 11 11 4095
4 7 2 3 6 11 11 11 11 4095
4 7 2 3 7 7 7 7 7 255
4 7 2 3 7 7 7 7 9 511
4 7 2 3 7 7 7 7 10 511
4 7 2 3 7 7 7 7 11 511
4 7 2 3 7 7 7 9 9 1023
4 7 2 3 7 7 7 9 10 1023
4 7 2 3 7 7 7 9 11 1023
4 7 2 3 7 7 7 10 10 1023
4 7 2 3 7 7 7 10 11 1023
4 7 2 3 7 7 7 11 11 1023
4 7 2 3 7 7 9 9 9 511
4 7 2 3 7 7 9 9 10 511
4 7 2 3 7 7 9 9 11 2047
4 7 2 3 7 7 9 10 10 511
4 7 2 3 7 7 9 10 11 2047
4 7 2 3 7 7 9 11 11 2047
4 7 2 3 7 7 10 10 10 511
4 7 2 3 7 7 10 10 11 2047
4 7 2 3 7 7 10 11 11 2047
4 7 2 3 7 7 11 11 11 2047
4 7 2 3 7 9 9 9 9 1023
4 7 2 3 7 9 9 9 10 1023
4 7 2 3 7 9 9 9 11 1023
4 7 2 3 7 9 9 10 10 1023
4 7 2 3 7 9 9 10 11 1023
4 7 2 3 7 9 9 11 11 4095
4 7 2 3 7 9 10 10 10 1023
4 7 2 3 7 9 10 10 11 1023
4 7 2 3 7 9 10 11 11 4095
4 7 2 3 7 9 11 11 11 4095
4 7 2 3 7 10 10 10 10 1023
4 7 2 3 7 10 10 10 11 1023
4 7 2 3 7 10 10 11 11 4095
4 7 2 3 7 10 11 11 11 4095
4 7 2 3 7 11 11 11 11 4095
4 7 2 3 9 9 9 9 9 2047
4 7 2 3 9 9 9 9 10 2047
4 7 2 3 9 9 9 9 11 2047
4 7 2 3 9 9 9 10 10 2047
4 7 2 3 9 9 9 10 11 2047
4 7 2 3 9 9 9 11 11 2047
4 7 2 3 9 9 10 10 10 2047
4 7 2 3 9 9 10 10 11 2047
4 7 2 3 9 9 10 11 11 2047
4 7 2 3 9 9 11 11 11 8191
4 7 2 3 9 10 10 10 10 2047
4 7 2 3 9 10 10 10 11 2047
4 7 2 3 9 10 10 11 11 2047
4 7 2 3 9 10 11 11 11 8191
4 7 2 3 9 11 11 11 11 8191
4 7 2 3 10 10 10 10 10 2047
4 7 2 3 10 10 10 10 11 2047
4 7 2 3 10 10 10 11 11 2047
4 7 2 3 10 10 11 11 11 8191
4 7 2 3 10 11 11 11 11 8191
4 7 2 3 11 11 11 11 11 8191
4 7 2 5 5 5 5 5 5 127
4 7 2 5 5 5 5 5 6 127
4 7 2 5 5 5 5 5 7 127
4 7 2 5 5 5 5 5 9 255
4 7 2 5 5 5 5 5 10 255
4 7 2 5 5 5 5 5 11 255
4 7 2 5 5 5 5 6 6 127
4 7 2 5 5 5 5 6 7 127
4 7 2 5 5 5 5 6 9 255
4 7 2 5 5 5 5 6 10 255
4 7 2 5 5 5 5 6 11 255
4 7 2 5 5 5 5 7 7 127
4 7 2 5 5 5 5 7 9 255
4 7 2 5 5 5 5 7 10 255
4 7 2 5 5 5 5 7 11 255
4 7 2 5 5 5 5 9 9 511
4 7 2 5 5 5 5 9 10 511
4 7 2 5 5 5 5 9 11 511
4 7 2 5 5 5 5 10 10 511
4 7 2 5 5 5 5 10 11 511
4 7 2 5 5 5 5 11 11 511
4 7 2 5 5 5 6 6 6 127
4 7 2 5 5 5 6 6 7 127
4 7 2 5 5 5 6 6 9 255
4 7 2 5 5 5 6 6 10 255
4 7 2 5 5 5 6 6 11 255
4 7 2 5 5 5 6 7 7 127
4 7 2 5 5 5 6 7 9 255
4 7 2 5 5 5 6 7 10 255
4 7 2 5 5 5 6 7 11 255
4 7 2 5 5 5 6 9 9 511
4 7 2 5 5 5 6 9 10 511
4 7 2 5 5 5 6 9 11 511
4 7 2 5 5 5 6 10 10 511
4 7 2 5 5 5 6 10 11 511
4 7 2 5 5 5 6 11 11 511
4 7 2 5 5 5 7 7 7 127
4 7 2 5 5 5 7 7 9 255
4 7 2 5 5 5 7 7 10 255
4 7 2 5 5 5 7 7 11 255
4 7 2 5 5 5 7 9 9 511
4 7 2 5 5 5 7 9 10 511
4 7 2 5 5 5 7 9 11 511
4 7 2 5 5 5 7 10 10 511
4 7 2 5 5 5 7 10 11 511
4 7 2 5 5 5 7 11 11 511
4 7 2 5 5 5 9 9 9 1023
4 7 2 5 5 5 9 9 10 1023
4 7 2 5 5 5 9 9 11 1023
4 7 2 5 5 5 9 10 10 1023
4 7 2 5 5 5 9 10 11 1023
4 7 2 5 5 5 9 11 11 1023
4 7 2 5 5 5 10 10 10 1023
4 7 2 5 5 5 10 10 11 1023
4 7 2 5 5 5 10 11 11 1023
4 7 2 5 5 5 11 11 11 1023
4 7 2 5 5 6 6 6 6 127
4 7 2 5 5 6 6 6 7 127
4 7 2 5 5 6 6 6 9 255
4 7 2 5 5 6 6 6 10 255
4 7 2 5 5 6 6 6 11 255
4 7 2 5 5 6 6 7 7 127
4 7 2 5 5 6 6 7 9 255
4 7 2 5 5 6 6 7 10 255
4 7 2 5 5 6 6 7 11 255
4 7 2 5 5 6 6 9 9 511
4 7 2 5 5 6 6 9 10 511
4 7 2 5 5 6 6 9 11 511
4 7 2 5 5 6 6 10 10 511
4 7 2 5 5 6 6 10 11 511
4 7 2 5 5 6 6 11 11 511
4 7 2 5 5 6 7 7 7 127
4 7 2 5 5 6 7 7 9 255
4 7 2 5 5 6 7 7 10 255
4 7 2 5 5 6 7 7 11 255
4 7 2 5 5 6 7 9 9 511
4 7 2 5 5 6 7 9 10 511
4 7 2 5 5 6 7 9 11 511
4 7 2 5 5 6 7 10 10 511
4 7 2 5 5 6 7 10 11 511
4 7 2 5 5 6 7 11 11 511
4 7 2 5 5 6 9 9 9 1023
4 7 2 5 5 6 9 9 10 1023
4 7 2 5 5 6 9 9 11 1023
4 7 2 5 5 6 9 10 10 1023
4 7 2 5 5 6 9 10 11 1023
4 7 2 5 5 6 9 11 11 1023
4 7 2 5 5 6 10 10 10 1023
4 7 2 5 5 6 10 10 11 1023
4 7 2 5 5 6 10 11 11 1023
4 7 2 5 5 6 11 11 11 1023
4 7 2 5 5 7 7 7 7 511
4 7 2 5 5 7 7 7 9 255
4 7 2 5 5 7 7 7 10 255
4 7 2 5 5 7 7 7 11 1023
4 7 2 5 5 7 7 9 9 511
4 7 2 5 5 7 7 9 10 511
4 7 2 5 5 7 7 9 11 511
4 7 2 5 5 7 7 10 10 511
4 7 2 5 5 7 7 10 11 511
4 7 2 5 5 7 7 11 11 2047
4 7 2 5 5 7 9 9 9 1023
4 7 2 5 5 7 9 9 10 1023
4 7 2 5 5 7 9 9 11 1023
4 7 2 5 5 7 9 10 10 1023
4 7 2 5 5 7 9 10 11 1023
4 7 2 5 5 7 9 11 11 1023
4 7 2 5 5 7 10 10 10 1023
4 7 2 5 5 7 10 10 11 1023
4 7 2 5 5 7 10 11 11 1023
4 7 2 5 5 7 11 11 11 4095
4 7 2 5 5 9 9 9 9 2047
4 7 2 5 5 9 9 9 10 2047
4 7 2 5 5 9 9 9 11 2047
4 7 2 5 5 9 9 10 10 2047
4 7 2 5 5 9 9 10 11 2047
4 7 2 5 5 9 9 11 11 2047
4 7 2 5 5 9 10 10 10 2047
4 7 2 5 5 9 10 10 11 2047
4 7 2 5 5 9 10 11 11 2047
4 7 2 5 5 9 11 11 11 2047
4 7 2 5 5 10 10 10 10 2047
4 7 2 5 5 10 10 10 11 2047
4 7 2 5 5 10 10 11 11 2047
4 7 2 5 5 10 11 11 11 2047
4 7 2 5 5 11 11 11 11 8191
4 7 2 5 6 6 6 6 6 127
4 7 2 5 6 6 6 6 7 127
4 7 2 5 6 6 6 6 9 255
4 7 2 5 6 6 6 6 10 255
4 7 2 5 6 6 6 6 11 255
4 7 2 5 6 6 6 7 7 127
4 7 2 5 6 6 6 7 9 255
4 7 2 5 6 6 6 7 10 255
4 7 2 5 6 6 6 7 11 255
4 7 2 5 6 6 6 9 9 511
4 7 2 5 6 6 6 9 10 511
4 7 2 5 6 6 6 9 11 511
4 7 2 5 6 6 6 10 10 511
4 7 2 5 6 6 6 10 11 511
4 7 2 5 6 6 6 11 11 511
4 7 2 5 6 6 7 7 7 127
4 7 2 5 6 6 7 7 9 255
4 7 2 5 6 6 7 7 10 255
4 7 2 5 6 6 7 7 11 255
4 7 2 5 6 6 7 9 9 511
4 7 2 5 6 6 7 9 10 511
4 7 2 5 6 6 7 9 11 511
4 7 2 5 6 6 7 10 10 511
4 7 2 5 6 6 7 10 11 511
4 7 2 5 6 6 7 11 11 511
4 7 2 5 6 6 9 9 9 1023
4 7 2 5 6 6 9 9 10 1023
4 7 2 5 6 6 9 9 11 1023
4 7 2 5 6 6 9 10 10 1023
4 7 2 5 6 6 9 10 11 1023
4 7 2 5 6 6 9 11 11 1023
4 7 2 5 6 6 10 10 10 1023
4 7 2 5 6 6 10 10 11 1023
4 7 2 5 6 6 10 11 11 1023
4 7 2 5 6 6 11 11 11 1023
4 7 2 5 6 7 7 7 7 511
4 7 2 5 6 7 7 7 9 255
4 7 2 5 6 7 7 7 10 255
4 7 2 5 6 7 7 7 11 1023
4 7 2 5 6 7 7 9 9 511
4 7 2 5 6 7 7 9 10 511
4 7 2 5 6 7 7 9 11 511
4 7 2 5 6 7 7 10 10 511
4 7 2 5 6 7 7 10 11 511
4 7 2 5 6 7 7 11 11 2047
4 7 2 5 6 7 9 9 9 1023
4 7 2 5 6 7 9 9 10 1023
4 7 2 5 6 7 9 9 11 1023
4 7 2 5 6 7 9 10 10 1023
4 7 2 5 6 7 9 10 11 1023
4 7 2 5 6 7 9 11 11 1023
4 7 2 5 6 7 10 10 10 1023
4 7 2 5 6 7 10 10 11 1023
4 7 2 5 6 7 10 11 11 1023
4 7 2 5 6 7 11 11 11 4095
4 7 2 5 6 9 9 9 9 2047
4 7 2 5 6 9 9 9 10 2047
4 7 2 5 6 9 9 9 11 2047
4 7 2 5 6 9 9 10 10 2047
4 7 2 5 6 9 9 10 11 2047
4 7 2 5 6 9 9 11 11 2047
4 7 2 5 6 9 10 10 10 2047
4 7 2 5 6 9 10 10 11 2047
4 7 2 5 6 9 10 11 11 2047
4 7 2 5 6 9 11 11 11 2047
4 7 2 5 6 10 10 10 10 2047
4 7 2 5 6 10 10 10 11 2047
4 7 2 5 6 10 10 11 11 2047
4 7 2 5 6 10 11 11 11 2047
4 7 2 5 6 11 11 11 11 8191
4 7 2 5 7 7 7 7 7 511
4 7 2 5 7 7 7 7 9 1023
4 7 2 5 7 7 7 7 10 1023
4 7 2 5 7 7 7 7 11 1023
4 7 2 5 7 7 7 9 9 511
4 7 2 5 7 7 7 9 10 511
4 7 2 5 7 7 7 9 11 2047
4 7 2 5 7 7 7 10 10 511
4 7 2 5 7 7 7 10 11 2047
4 7 2 5 7 7 7 11 11 2047
4 7 2 5 7 7 9 9 9 1023
4 7 2 5 7 7 9 9 10 1023
4 7 2 5 7 7 9 9 11 1023
4 7 2 5 7 7 9 10 10 1023
4 7 2 5 7 7 9 10 11 1023
4 7 2 5 7 7 9 11 11 4095
4 7 2 5 7 7 10 10 10 1023
4 7 2 5 7 7 10 10 11 1023
4 7 2 5 7 7 10 11 11 4095
4 7 2 5 7 7 11 11 11 4095
4 7 2 5 7 9 9 9 9 2047
4 7 2 5 7 9 9 9 10 2047
4 7 2 5 7 9 9 9 11 2047
4 7 2 5 7 9 9 10 10 2047
4 7 2 5 7 9 9 10 11 2047
4 7 2 5 7 9 9 11 11 2047
4 7 2 5 7 9 10 10 10 2047
4 7 2 5 7 9 10 10 11 2047
4 7 2 5 7 9 10 11 11 2047
4 7 2 5 7 9 11 11 11 8191
4 7 2 5 7 10 10 10 10 2047
4 7 2 5 7 10 10 10 11 2047
4 7 2 5 7 10 10 11 11 2047
4 7 2 5 7 10 11 11 11 8191
4 7 2 5 7 11 11 11 11 8191
4 7 2 5 9 9 9 9 9 4095
4 7 2 5 9 9 9 9 10 4095
4 7 2 5 9 9 9 9 11 4095
4 7 2 5 9 9 9 10 10 4095
4 7 2 5 9 9 9 10 11 4095
4 7 2 5 9 9 9 11 11 4095
4 7 2 5 9 9 10 10 10 4095
4 7 2 5 9 9 10 10 11 4095
4 7 2 5 9 9 10 11 11 4095
4 7 2 5 9 9 11 11 11 4095
4 7 2 5 9 10 10 10 10 4095
4 7 2 5 9 10 10 10 11 4095
4 7 2 5 9 10 10 11 11 4095
4 7 2 5 9 10 11 11 11 4095
4 7 2 5 9 11 11 11 11 16383
4 7 2 5 10 10 10 10 10 4095
4 7 2 5 10 10 10 10 11 4095
4 7 2 5 10 10 10 11 11 4095
4 7 2 5 10 10 11 11 11 4095
4 7 2 5 10 11 11 11 11 16383
4 7 2 5 11 11 11 11 11 16383
4 7 2 6 6 6 6 6 6 127
4 7 2 6 6 6 6 6 7 127
4 7 2 6 6 6 6 6 9 255
4 7 2 6 6 6 6 6 10 255
4 7 2 6 6 6 6 6 11 255
4 7 2 6 6 6 6 7 7 127
4 7 2 6 6 6 6 7 9 255
4 7 2 6 6 6 6 7 10 255
4 7 2 6 6 6 6 7 11 255
4 7 2 6 6 6 6 9 9 511
4 7 2 6 6 6 6 9 10 511
4 7 2 6 6 6 6 9 11 511
4 7 2 6 6 6 6 10 10 511
4 7 2 6 6 6 6 10 11 511
4 7 2 6 6 6 6 11 11 511
4 7 2 6 6 6 7 7 7 127
4 7 2 6 6 6 7 7 9 255
4 7 2 6 6 6 7 7 10 255
4 7 2 6 6 6 7 7 11 255
4 7 2 6 6 6 7 9 9 511
4 7 2 6 6 6 7 9 10 511
4 7 2 6 6 6 7 9 11 511
4 7 2 6 6 6 7 10 10 511
4 7 2 6 6 6 7 10 11 511
4 7 2 6 6 6 7 11 11 511
4 7 2 6 6 6 9 9 9 1023
4 7 2 6 6 6 9 9 10 1023
4 7 2 6 6 6 9 9 11 1023
4 7 2 6 6 6 9 10 10 1023
4 7 2 6 6 6 9 10 11 1023
4 7 2 6 6 6 9 11 11 1023
4 7 2 6 6 6 10 10 10 1023
4 7 2 6 6 6 10 10 11 1023
4 7 2 6 6 6 10 11 11 1023
4 7 2 6 6 6 11 11 11 1023
4 7 2 6 6 7 7 7 7 511
4 7 2 6 6 7 7 7 9 255
4 7 2 6 6 7 7 7 10 255
4 7 2 6 6 7 7 7 11 1023
4 7 2 6 6 7 7 9 9 511
4 7 2 6 6 7 7 9 10 511
4 7 2 6 6 7 7 9 11 511
4 7 2 6 6 7 7 10 10 511
4 7 2 6 6 7 7 10 11 511
4 7 2 6 6 7 7 11 11 2047
4 7 2 6 6 7 9 9 9 1023
4 7 2 6 6 7 9 9 10 1023
4 7 2 6 6 7 9 9 11 1023
4 7 2 6 6 7 9 10 10 1023
4 7 2 6 6 7 9 10 11 1023
4 7 2 6 6 7 9 11 11 1023
4 7 2 6 6 7 10 10 10 1023
4 7 2 6 6 7 10 10 11 1023
4 7 2 6 6 7 10 11 11 1023
4 7 2 6 6 7 11 11 11 4095
4 7 2 6 6 9 9 9 9 2047
4 7 2 6 6 9 9 9 10 2047
4 7 2 6 6 9 9 9 11 2047
4 7 2 6 6 9 9 10 10 2047
4 7 2 6 6 9 9 10 11 2047
4 7 2 6 6 9 9 11 11 2047
4 7 2 6 6 9 10 10 10 2047
4 7 2 6 6 9 10 10 11 2047
4 7 2 6 6 9 10 11 11 2047
4 7 2 6 6 9 11 11 11 2047
4 7 2 6 6 10 10 10 10 2047
4 7 2 6 6 10 10 10 11 2047
4 7 2 6 6 10 10 11 11 2047
4 7 2 6 6 10 11 11 11 2047
4 7 2 6 6 11 11 11 11 8191
4 7 2 6 7 7 7 7 7 511
4 7 2 6 7 7 7 7 9 1023
4 7 2 6 7 7 7 7 10 1023
4 7 2 6 7 7 7 7 11 1023
4 7 2 6 7 7 7 9 9 511
4 7 2 6 7 7 7 9 10 511
4 7 2 6 7 7 7 9 11 2047
4 7 2 6 7 7 7 10 10 511
4 7 2 6 7 7 7 10 11 2047
4 7 2 6 7 7 7 11 11 2047
4 7 2 6 7 7 9 9 9 1023
4 7 2 6 7 7 9 9 10 1023
4 7 2 6 7 7 9 9 11 1023
4 7 2 6 7 7 9 10 10 1023
4 7 2 6 7 7 9 10 11 1023
4 7 2 6 7 7 9 11 11 4095
4 7 2 6 7 7 10 10 10 1023
4 7 2 6 7 7 10 10 11 1023
4 7 2 6 7 7 10 11 11 4095
4 7 2 6 7 7 11 11 11 4095
4 7 2 6 7 9 9 9 9 2047
4 7 2 6 7 9 9 9 10 2047
4 7 2 6 7 9 9 9 11 2047
4 7 2 6 7 9 9 10 10 2047
4 7 2 6 7 9 9 10 11 2047
4 7 2 6 7 9 9 11 11 2047
4 7 2 6 7 9 10 10 10 2047
4 7 2 6 7 9 10 10 11 2047
4 7 2 6 7 9 10 11 11 2047
4 7 2 6 7 9 11 11 11 8191
4 7 2 6 7 10 10 10 10 2047
4 7 2 6 7 10 10 10 11 2047
4 7 2 6 7 10 10 11 11 2047
4 7 2 6 7 10 11 11 11 8191
4 7 2 6 7 11 11 11 11 8191
4 7 2 6 9 9 9 9 9 4095
4 7 2 6 9 9 9 9 10 4095
4 7 2 6 9 9 9 9 11 4095
4 7 2 6 9 9 9 10 10 4095
4 7 2 6 9 9 9 10 11 4095
4 7 2 6 9 9 9 11 11 4095
4 7 2 6 9 9 10 10 10 4095
4 7 2 6 9 9 10 10 11 4095
4 7 2 6 9 9 10 11 11 4095
4 7 2 6 9 9 11 11 11 4095
4 7 2 6 9 10 10 10 10 4095
4 7 2 6 9 10 10 10 11 4095
4 7 2 6 9 10 10 11 11 4095
4 7 2 6 9 10 11 11 11 4095
4 7 2 6 9 11 11 11 11 16383
4 7 2 6 10 10 10 10 10 4095
4 7 2 6 10 10 10 10 11 4095
4 7 2 6 10 10 10 11 11 4095
4 7 2 6 10 10 11 11 11 4095
4 7 2 6 10 11 11 11 11 16383
4 7 2 6 11 11 11 11 11 16383
4 7 2 7 7 7 7 7 7 511
4 7 2 7 7 7 7 7 9 1023
4 7 2 7 7 7 7 7 10 1023
4 7 2 7 7 7 7 7 11 1023
4 7 2 7 7 7 7 9 9 2047
4 7 2 7 7 7 7 9 10 2047
4 7 2 7 7 7 7 9 11 2047
4 7 2 7 7 7 7 10 10 2047
4 7 2 7 7 7 7 10 11 2047
4 7 2 7 7 7 7 11 11 2047
4 7 2 7 7 7 9 9 9 1023
4 7 2 7 7 7 9 9 10 1023
4 7 2 7 7 7 9 9 11 4095
4 7 2 7 7 7 9 10 10 1023
4 7 2 7 7 7 9 10 11 4095
4 7 2 7 7 7 9 11 11 4095
4 7 2 7 7 7 10 10 10 1023
4 7 2 7 7 7 10 10 11 4095
4 7 2 7 7 7 10 11 11 4095
4 7 2 7 7 7 11 11 11 4095
4 7 2 7 7 9 9 9 9 2047
4 7 2 7 7 9 9 9 10 2047
4 7 2 7 7 9 9 9 11 2047
4 7 2 7 7 9 9 10 10 2047
4 7 2 7 7 9 9 10 11 2047
4 7 2 7 7 9 9 11 11 8191
4 7 2 7 7 9 10 10 10 2047
4 7 2 7 7 9 10 10 11 2047
4 7 2 7 7 9 10 11 11 8191
4 7 2 7 7 9 11 11 11 8191
4 7 2 7 7 10 10 10 10 2047
4 7 2 7 7 10 10 10 11 2047
4 7 2 7 7 10 10 11 11 8191
4 7 2 7 7 10 11 11 11 8191
4 7 2 7 7 11 11 11 11 8191
4 7 2 7 9 9 9 9 9 4095
4 7 2 7 9 9 9 9 10 4095
4 7 2 7 9 9 9 9 11 4095
4 7 2 7 9 9 9 10 10 4095
4 7 2 7 9 9 9 10 11 4095
4 7 2 7 9 9 9 11 11 4095
4 7 2 7 9 9 10 10 10 4095
4 7 2 7 9 9 10 10 11 4095
4 7 2 7 9 9 10 11 11 4095
4 7 2 7 9 9 11 11 11 16383
4 7 2 7 9 10 10 10 10 4095
4 7 2 7 9 10 10 10 11 4095
4 7 2 7 9 10 10 11 11 4095
4 7 2 7 9 10 11 11 11 16383
4 7 2 7 9 11 11 11 11 16383
4 7 2 7 10 10 10 10 10 4095
4 7 2 7 10 10 10 10 11 4095
4 7 2 7 10 10 10 11 11 4095
4 7 2 7 10 10 11 11 11 16383
4 7 2 7 10 11 11 11 11 16383
4 7 2 7 11 11 11 11 11 16383
4 7 2 9 9 9 9 9 9 8191
4 7 2 9 9 9 9 9 10 8191
4 7 2 9 9 9 9 9 11 8191
4 7 2 9 9 9 9 10 10 8191
4 7 2 9 9 9 9 10 11 8191
4 7 2 9 9 9 9 11 11 8191
4 7 2 9 9 9 10 10 10 8191
4 7 2 9 9 9 10 10 11 8191
4 7 2 9 9 9 10 11 11 8191
4 7 2 9 9 9 11 11 11 8191
4 7 2 9 9 10 10 10 10 8191
4 7 2 9 9 10 10 10 11 8191
4 7 2 9 9 10 10 11 11 8191
4 7 2 9 9 10 11 11 11 8191
4 7 2 9 9 11 11 11 11 32767
4 7 2 9 10 10 10 10 10 8191
4 7 2 9 10 10 10 10 11 8191
4 7 2 9 10 10 10 11 11 8191
4 7 2 9 10 10 11 11 11 8191
4 7 2 9 10 11 11 11 11 32767
4 7 2 9 11 11 11 11 11 32767
4 7 2 10 10 10 10 10 10 8191
4 7 2 10 10 10 10 10 11 8191
4 7 2 10 10 10 10 11 11 8191
4 7 2 10 10 10 11 11 11 8191
4 7 2 10 10 11 11 11 11 32767
4 7 2 10 11 11 11 11 11 32767
4 7 2 11 11 11 11 11 11 32767
4 7 3 3 3 3 3 3 3 7
4 7 3 3 3 3 3 3 5 15
4 7 3 3 3 3 3 3 6 15
4 7 3 3 3 3 3 3 7 15
4 7 3 3 3 3 3 3 9 31
4 7 3 3 3 3 3 3 10 31
4 7 3 3 3 3 3 3 11 31
4 7 3 3 3 3 3 5 5 31
4 7 3 3 3 3 3 5 6 31
4 7 3 3 3 3 3 5 7 31
4 7 3 3 3 3 3 5 9 63
4 7 3 3 3 3 3 5 10 63
4 7 3 3 3 3 3 5 11 63
4 7 3 3 3 3 3 6 6 31
4 7 3 3 3 3 3 6 7 31
4 7 3 3 3 3 3 6 9 63
4 7 3 3 3 3 3 6 10 63
4 7 3 3 3 3 3 6 11 63
4 7 3 3 3 3 3 7 7 31
4 7 3 3 3 3 3 7 9 63
4 7 3 3 3 3 3 7 10 63
4 7 3 3 3 3 3 7 11 63
4 7 3 3 3 3 3 9 9 127
4 7 3 3 3 3 3 9 10 127
4 7 3 3 3 3 3 9 11 127
4 7 3 3 3 3 3 10 10 127
4 7 3 3 3 3 3 10 11 127
4 7 3 3 3 3 3 11 11 127
4 7 3 3 3 3 5 5 5 63
4 7 3 3 3 3 5 5 6 63
4 7 3 3 3 3 5 5 7 63
4 7 3 3 3 3 5 5 9 127
4 7 3 3 3 3 5 5 10 127
4 7 3 3 3 3 5 5 11 127
4 7 3 3 3 3 5 6 6 63
4 7 3 3 3 3 5 6 7 63
4 7 3 3 3 3 5 6 9 127
4 7 3 3 3 3 5 6 10 127
4 7 3 3 3 3 5 6 11 127
4 7 3 3 3 3 5 7 7 63
4 7 3 3 3 3 5 7 9 127
4 7 3 3 3 3 5 7 10 127
4 7 3 3 3 3 5 7 11 127
4 7 3 3 3 3 5 9 9 255
4 7 3 3 3 3 5 9 10 255
4 7 3 3 3 3 5 9 11 255
4 7 3 3 3 3 5 10 10 255
4 7 3 3 3 3 5 10 11 255
4 7 3 3 3 3 5 11 11 255
4 7 3 3 3 3 6 6 6 63
4 7 3 3 3 3 6 6 7 63
4 7 3 3 3 3 6 6 9 127
4 7 3 3 3 3 6 6 10 127
4 7 3 3 3 3 6 6 11 127
4 7 3 3 3 3 6 7 7 63
4 7 3 3 3 3 6 7 9 127
4 7 3 3 3 3 6 7 10 127
4 7 3 3 3 3 6 7 11 127
4 7 3 3 3 3 6 9 9 255
4 7 3 3 3 3 6 9 10 255
4 7 3 3 3 3 6 9 11 255
4 7 3 3 3 3 6 10 10 255
4 7 3 3 3 3 6 10 11 255
4 7 3 3 3 3 6 11 11 255
4 7 3 3 3 3 7 7 7 63
4 7 3 3 3 3 7 7 9 127
4 7 3 3 3 3 7 7 10 127
4 7 3 3 3 3 7 7 11 127
4 7 3 3 3 3 7 9 9 255
4 7 3 3 3 3 7 9 10 255
4 7 3 3 3 3 7 9 11 255
4 7 3 3 3 3 7 10 10 255
4 7 3 3 3 3 7 10 11 255
4 7 3 3 3 3 7 11 11 255
4 7 3 3 3 3 9 9 9 511
4 7 3 3 3 3 9 9 10 511
4 7 3 3 3 3 9 9 11 511
4 7 3 3 3 3 9 10 10 511
4 7 3 3 3 3 9 10 11 511
4 7 3 3 3 3 9 11 11 511
4 7 3 3 3 3 10 10 10 511
4 7 3 3 3 3 10 10 11 511
4 7 3 3 3 3 10 11 11 511
4 7 3 3 3 3 11 11 11 511
4 7 3 3 3 5 5 5 5 31
4 7 3 3 3 5 5 5 6 31
4 7 3 3 3 5 5 5 7 127
4 7 3 3 3 5 5 5 9 63
4 7 3 3 3 5 5 5 10 63
4 7 3 3 3 5 5 5 11 255
4 7 3 3 3 5 5 6 6 31
4 7 3 3 3 5 5 6 7 127
4 7 3 3 3 5 5 6 9 63
4 7 3 3 3 5 5 6 10 63
4 7 3 3 3 5 5 6 11 255
4 7 3 3 3 5 5 7 7 127
4 7 3 3 3 5 5 7 9 255
4 7 3 3 3 5 5 7 10 255
4 7 3 3 3 5 5 7 11 255
4 7 3 3 3 5 5 9 9 127
4 7 3 3 3 5 5 9 10 127
4 7 3 3 3 5 5 9 11 511
4 7 3 3 3 5 5 10 10 127
4 7 3 3 3 5 5 10 11 511
4 7 3 3 3 5 5 11 11 511
4 7 3 3 3 5 6 6 6 31
4 7 3 3 3 5 6 6 7 127
4 7 3 3 3 5 6 6 9 63
4 7 3 3 3 5 6 6 10 63
4 7 3 3 3 5 6 6 11 255
4 7 3 3 3 5 6 7 7 127
4 7 3 3 3 5 6 7 9 255
4 7 3 3 3 5 6 7 10 255
4 7 3 3 3 5 6 7 11 255
4 7 3 3 3 5 6 9 9 127
4 7 3 3 3 5 6 9 10 127
4 7 3 3 3 5 6 9 11 511
4 7 3 3 3 5 6 10 10 127
4 7 3 3 3 5 6 10 11 511
4 7 3 3 3 5 6 11 11 511
4 7 3 3 3 5 7 7 7 127
4 7 3 3 3 5 7 7 9 255
4 7 3 3 3 5 7 7 10 255
4 7 3 3 3 5 7 7 11 255
4 7 3 3 3 5 7 9 9 511
4 7 3 3 3 5 7 9 10 511
4 7 3 3 3 5 7 9 11 511
4 7 3 3 3 5 7 10 10 511
4 7 3 3 3 5 7 10 11 511
4 7 3 3 3 5 7 11 11 511
4 7 3 3 3 5 9 9 9 255
4 7 3 3 3 5 9 9 10 255
4 7 3 3 3 5 9 9 11 1023
4 7 3 3 3 5 9 10 10 255
4 7 3 3 3 5 9 10 11 1023
4 7 3 3 3 5 9 11 11 1023
4 7 3 3 3 5 10 10 10 255
4 7 3 3 3 5 10 10 11 1023
4 7 3 3 3 5 10 11 11 1023
4 7 3 3 3 5 11 11 11 1023
4 7 3 3 3 6 6 6 6 31
4 7 3 3 3 6 6 6 7 127
4 7 3 3 3 6 6 6 9 63
4 7 3 3 3 6 6 6 10 63
4 7 3 3 3 6 6 6 11 255
4 7 3 3 3 6 6 7 7 127
4 7 3 3 3 6 6 7 9 255
4 7 3 3 3 6 6 7 10 255
4 7 3 3 3 6 6 7 11 255
4 7 3 3 3 6 6 9 9 127
4 7 3 3 3 6 6 9 10 127
4 7 3 3 3 6 6 9 11 511
4 7 3 3 3 6 6 10 10 127
4 7 3 3 3 6 6 10 11 511
4 7 3 3 3 6 6 11 11 511
4 7 3 3 3 6 7 7 7 127
4 7 3 3 3 6 7 7 9 255
4 7 3 3 3 6 7 7 10 255
4 7 3 3 3 6 7 7 11 255
4 7 3 3 3 6 7 9 9 511
4 7 3 3 3 6 7 9 10 511
4 7 3 3 3 6 7 9 11 511
4 7 3 3 3 6 7 10 10 511
4 7 3 3 3 6 7 10 11 511
4 7 3 3 3 6 7 11 11 511
4 7 3 3 3 6 9 9 9 255
4 7 3 3 3 6 9 9 10 255
4 7 3 3 3 6 9 9 11 1023
4 7 3 3 3 6 9 10 10 255
4 7 3 3 3 6 9 10 11 1023
4 7 3 3 3 6 9 11 11 1023
4 7 3 3 3 6 10 10 10 255
4 7 3 3 3 6 10 10 11 1023
4 7 3 3 3 6 10 11 11 1023
4 7 3 3 3 6 11 11 11 1023
4 7 3 3 3 7 7 7 7 127
4 7 3 3 3 7 7 7 9 255
4 7 3 3 3 7 7 7 10 255
4 7 3 3 3 7 7 7 11 255
4 7 3 3 3 7 7 9 9 511
4 7 3 3 3 7 7 9 10 511
4 7 3 3 3 7 7 9 11 511
4 7 3 3 3 7 7 10 10 511
4 7 3 3 3 7 7 10 11 511
4 7 3 3 3 7 7 11 11 511
4 7 3 3 3 7 9 9 9 1023
4 7 3 3 3 7 9 9 10 1023
4 7 3 3 3 7 9 9 11 1023
4 7 3 3 3 7 9 10 10 1023
4 7 3 3 3 7 9 10 11 1023
4 7 3 3 3 7 9 11 11 1023
4 7 3 3 3 7 10 10 10 1023
4 7 3 3 3 7 10 10 11 1023
4 7 3 3 3 7 10 11 11 1023
4 7 3 3 3 7 11 11 11 1023
4 7 3 3 3 9 9 9 9 511
4 7 3 3 3 9 9 9 10 511
4 7 3 3 3 9 9 9 11 2047
4 7 3 3 3 9 9 10 10 511
4 7 3 3 3 9 9 10 11 2047
4 7 3 3 3 9 9 11 11 2047
4 7 3 3 3 9 10 10 10 511
4 7 3 3 3 9 10 10 11 2047
4 7 3 3 3 9 10 11 11 2047
4 7 3 3 3 9 11 11 11 2047
4 7 3 3 3 10 10 10 10 511
4 7 3 3 3 10 10 10 11 2047
4 7 3 3 3 10 10 11 11 2047
4 7 3 3 3 10 11 11 11 2047
4 7 3 3 3 11 11 11 11 2047
4 7 3 3 5 5 5 5 5 63
4 7 3 3 5 5 5 5 6 63
4 7 3 3 5 5 5 5 7 63
4 7 3 3 5 5 5 5 9 127
4 7 3 3 5 5 5 5 10 127
4 7 3 3 5 5 5 5 11 127
4 7 3 3 5 5 5 6 6 63
4 7 3 3 5 5 5 6 7 63
4 7 3 3 5 5 5 6 9 127
4 7 3 3 5 5 5 6 10 127
4 7 3 3 5 5 5 6 11 127
4 7 3 3 5 5 5 7 7 255
4 7 3 3 5 5 5 7 9 127
4 7 3 3 5 5 5 7 10 127
4 7 3 3 5 5 5 7 11 511
4 7 3 3 5 5 5 9 9 255
4 7 3 3 5 5 5 9 10 255
4 7 3 3 5 5 5 9 11 255
4 7 3 3 5 5 5 10 10 255
4 7 3 3 5 5 5 10 11 255
4 7 3 3 5 5 5 11 11 1023
4 7 3 3 5 5 6 6 6 63
4 7 3 3 5 5 6 6 7 63
4 7 3 3 5 5 6 6 9 127
4 7 3 3 5 5 6 6 10 127
4 7 3 3 5 5 6 6 11 127
4 7 3 3 5 5 6 7 7 255
4 7 3 3 5 5 6 7 9 127
4 7 3 3 5 5 6 7 10 127
4 7 3 3 5 5 6 7 11 511
4 7 3 3 5 5 6 9 9 255
4 7 3 3 5 5 6 9 10 255
4 7 3 3 5 5 6 9 11 255
4 7 3 3 5 5 6 10 10 255
4 7 3 3 5 5 6 10 11 255
4 7 3 3 5 5 6 11 11 1023
4 7 3 3 5 5 7 7 7 255
4 7 3 3 5 5 7 7 9 511
4 7 3 3 5 5 7 7 10 511
4 7 3 3 5 5 7 7 11 511
4 7 3 3 5 5 7 9 9 255
4 7 3 3 5 5 7 9 10 255
4 7 3 3 5 5 7 9 11 1023
4 7 3 3 5 5 7 10 10 255
4 7 3 3 5 5 7 10 11 1023
4 7 3 3 5 5 7 11 11 1023
4 7 3 3 5 5 9 9 9 511
4 7 3 3 5 5 9 9 10 511
4 7 3 3 5 5 9 9 11 511
4 7 3 3 5 5 9 10 10 511
4 7 3 3 5 5 9 10 11 511
4 7 3 3 5 5 9 11 11 2047
4 7 3 3 5 5 10 10 10 511
4 7 3 3 5 5 10 10 11 511
4 7 3 3 5 5 10 11 11 2047
4 7 3 3 5 5 11 11 11 2047
4 7 3 3 5 6 6 6 6 63
4 7 3 3 5 6 6 6 7 63
4 7 3 3 5 6 6 6 9 127
4 7 3 3 5 6 6 6 10 127
4 7 3 3 5 6 6 6 11 127
4 7 3 3 5 6 6 7 7 255
4 7 3 3 5 6 6 7 9 127
4 7 3 3 5 6 6 7 10 127
4 7 3 3 5 6 6 7 11 511
4 7 3 3 5 6 6 9 9 255
4 7 3 3 5 6 6 9 10 255
4 7 3 3 5 6 6 9 11 255
4 7 3 3 5 6 6 10 10 255
4 7 3 3 5 6 6 10 11 255
4 7 3 3 5 6 6 11 11 1023
4 7 3 3 5 6 7 7 7 255
4 7 3 3 5 6 7 7 9 511
4 7 3 3 5 6 7 7 10 511
4 7 3 3 5 6 7 7 11 511
4 7 3 3 5 6 7 9 9 255
4 7 3 3 5 6 7 9 10 255
4 7 3 3 5 6 7 9 11 1023
4 7 3 3 5 6 7 10 10 255
4 7 3 3 5 6 7 10 11 1023
4 7 3 3 5 6 7 11 11 1023
4 7 3 3 5 6 9 9 9 511
4 7 3 3 5 6 9 9 10 511
4 7 3 3 5 6 9 9 11 511
4 7 3 3 5 6 9 10 10 511
4 7 3 3 5 6 9 10 11 511
4 7 3 3 5 6 9 11 11 2047
4 7 3 3 5 6 10 10 10 511
4 7 3 3 5 6 10 10 11 511
4 7 3 3 5 6 10 11 11 2047
4 7 3 3 5 6 11 11 11 2047
4 7 3 3 5 7 7 7 7 255
4 7 3 3 5 7 7 7 9 511
4 7 3 3 5 7 7 7 10 511
4 7 3 3 5 7 7 7 11 511
4 7 3 3 5 7 7 9 9 1023
4 7 3 3 5 7 7 9 10 1023
4 7 3 3 5 7 7 9 11 1023
4 7 3 3 5 7 7 10 10 1023
4 7 3 3 5 7 7 10 11 1023
4 7 3 3 5 7 7 11 11 1023
4 7 3 3 5 7 9 9 9 511
4 7 3 3 5 7 9 9 10 511
4 7 3 3 5 7 9 9 11 2047
4 7 3 3 5 7 9 10 10 511
4 7 3 3 5 7 9 10 11 2047
4 7 3 3 5 7 9 11 11 2047
4 7 3 3 5 7 10 10 10 511
4 7 3 3 5 7 10 10 11 2047
4 7 3 3 5 7 10 11 11 2047
4 7 3 3 5 7 11 11 11 2047
4 7 3 3 5 9 9 9 9 1023
4 7 3 3 5 9 9 9 10 1023
4 7 3 3 5 9 9 9 11 1023
4 7 3 3 5 9 9 10 10 1023
4 7 3 3 5 9 9 10 11 1023
4 7 3 3 5 9 9 11 11 4095
4 7 3 3 5 9 10 10 10 1023
4 7 3 3 5 9 10 10 11 1023
4 7 3 3 5 9 10 11 11 4095
4 7 3 3 5 9 11 11 11 4095
4 7 3 3 5 10 10 10 10 1023
4 7 3 3 5 10 10 10 11 1023
4 7 3 3 5 10 10 11 11 4095
4 7 3 3 5 10 11 11 11 4095
4 7 3 3 5 11 11 11 11 4095
4 7 3 3 6 6 6 6 6 63
4 7 3 3 6 6 6 6 7 63
4 7 3 3 6 6 6 6 9 127
4 7 3 3 6 6 6 6 10 127
4 7 3 3 6 6 6 6 11 127
4 7 3 3 6 6 6 7 7 255
4 7 3 3 6 6 6 7 9 127
4 7 3 3 6 6 6 7 10 127
4 7 3 3 6 6 6 7 11 511
4 7 3 3 6 6 6 9 9 255
4 7 3 3 6 6 6 9 10 255
4 7 3 3 6 6 6 9 11 255
4 7 3 3 6 6 6 10 10 255
4 7 3 3 6 6 6 10 11 255
4 7 3 3 6 6 6 11 11 1023
4 7 3 3 6 6 7 7 7 255
4 7 3 3 6 6 7 7 9 511
4 7 3 3 6 6 7 7 10 511
4 7 3 3 6 6 7 7 11 511
4 7 3 3 6 6 7 9 9 255
4 7 3 3 6 6 7 9 10 255
4 7 3 3 6 6 7 9 11 1023
4 7 3 3 6 6 7 10 10 255
4 7 3 3 6 6 7 10 11 1023
4 7 3 3 6 6 7 11 11 1023
4 7 3 3 6 6 9 9 9 511
4 7 3 3 6 6 9 9 10 511
4 7 3 3 6 6 9 9 11 511
4 7 3 3 6 6 9 10 10 511
4 7 3 3 6 6 9 10 11 511
4 7 3 3 6 6 9 11 11 2047
4 7 3 3 6 6 10 10 10 511
4 7 3 3 6 6 10 10 11 511
4 7 3 3 6 6 10 11 11 2047
4 7 3 3 6 6 11 11 11 2047
4 7 3 3 6 7 7 7 7 255
4 7 3 3 6 7 7 7 9 511
4 7 3 3 6 7 7 7 10 511
4 7 3 3 6 7 7 7 11 511
4 7 3 3 6 7 7 9 9 1023
4 7 3 3 6 7 7 9 10 1023
4 7 3 3 6 7 7 9 11 1023
4 7 3 3 6 7 7 10 10 1023
4 7 3 3 6 7 7 10 11 1023
4 7 3 3 6 7 7 11 11 1023
4 7 3 3 6 7 9 9 9 511
4 7 3 3 6 7 9 9 10 511
4 7 3 3 6 7 9 9 11 2047
4 7 3 3 6 7 9 10 10 511
4 7 3 3 6 7 9 10 11 2047
4 7 3 3 6 7 9 11 11 2047
4 7 3 3 6 7 10 10 10 511
4 7 3 3 6 7 10 10 11 2047
4 7 3 3 6 7 10 11 11 2047
4 7 3 3 6 7 11 11 11 2047
4 7 3 3 6 9 9 9 9 1023
4 7 3 3 6 9 9 9 10 1023
4 7 3 3 6 9 9 9 11 1023
4 7 3 3 6 9 9 10 10 1023
4 7 3 3 6 9 9 10 11 1023
4 7 3 3 6 9 9 11 11 4095
4 7 3 3 6 9 10 10 10 1023
4 7 3 3 6 9 10 10 11 1023
4 7 3 3 6 9 10 11 11 4095
4 7 3 3 6 9 11 11 11 4095
4 7 3 3 6 10 10 10 10 1023
4 7 3 3 6 10 10 10 11 1023
4 7 3 3 6 10 10 11 11 4095
4 7 3 3 6 10 11 11 11 4095
4 7 3 3 6 11 11 11 11 4095
4 7 3 3 7 7 7 7 7 255
4 7 3 3 7 7 7 7 9 511
4 7 3 3 7 7 7 7 10 511
4 7 3 3 7 7 7 7 11 511
4 7 3 3 7 7 7 9 9 1023
4 7 3 3 7 7 7 9 10 1023
4 7 3 3 7 7 7 9 11 1023
4 7 3 3 7 7 7 10 10 1023
4 7 3 3 7 7 7 10 11 1023
4 7 3 3 7 7 7 11 11 1023
4 7 3 3 7 7 9 9 9 2047
4 7 3 3 7 7 9 9 10 2047
4 7 3 3 7 7 9 9 11 2047
4 7 3 3 7 7 9 10 10 2047
4 7 3 3 7 7 9 10 11 2047
4 7 3 3 7 7 9 11 11 2047
4 7 3 3 7 7 10 10 10 2047
4 7 3 3 7 7 10 10 11 2047
4 7 3 3 7 7 10 11 11 2047
4 7 3 3 7 7 11 11 11 2047
4 7 3 3 7 9 9 9 9 1023
4 7 3 3 7 9 9 9 10 1023
4 7 3 3 7 9 9 9 11 4095
4 7 3 3 7 9 9 10 10 1023
4 7 3 3 7 9 9 10 11 4095
4 7 3 3 7 9 9 11 11 4095
4 7 3 3 7 9 10 10 10 1023
4 7 3 3 7 9 10 10 11 4095
4 7 3 3 7 9 10 11 11 4095
4 7 3 3 7 9 11 11 11 4095
4 7 3 3 7 10 10 10 10 1023
4 7 3 3 7 10 10 10 11 4095
4 7 3 3 7 10 10 11 11 4095
4 7 3 3 7 10 11 11 11 4095
4 7 3 3 7 11 11 11 11 4095
4 7 3 3 9 9 9 9 9 2047
4 7 3 3 9 9 9 9 10 2047
4 7 3 3 9 9 9 9 11 2047
4 7 3 3 9 9 9 10 10 2047
4 7 3 3 9 9 9 10 11 2047
4 7 3 3 9 9 9 11 11 8191
4 7 3 3 9 9 10 10 10 2047
4 7 3 3 9 9 10 10 11 2047
4 7 3 3 9 9 10 11 11 8191
4 7 3 3 9 9 11 11 11 8191
4 7 3 3 9 10 10 10 10 2047
4 7 3 3 9 10 10 10 11 2047
4 7 3 3 9 10 10 11 11 8191
4 7 3 3 9 10 11 11 11 8191
4 7 3 3 9 11 11 11 11 8191
4 7 3 3 10 10 10 10 10 2047
4 7 3 3 10 10 10 10 11 2047
4 7 3 3 10 10 10 11 11 8191
4 7 3 3 10 10 11 11 11 8191
4 7 3 3 10 11 11 11 11 8191
4 7 3 3 11 11 11 11 11 8191
4 7 3 5 5 5 5 5 5 127
4 7 3 5 5 5 5 5 6 127
4 7 3 5 5 5 5 5 7 127
4 7 3 5 5 5 5 5 9 255
4 7 3 5 5 5 5 5 10 255
4 7 3 5 5 5 5 5 11 255
4 7 3 5 5 5 5 6 6 127
4 7 3 5 5 5 5 6 7 127
4 7 3 5 5 5 5 6 9 255
4 7 3 5 5 5 5 6 10 255
4 7 3 5 5 5 5 6 11 255
4 7 3 5 5 5 5 7 7 127
4 7 3 5 5 5 5 7 9 255
4 7 3 5 5 5 5 7 10 255
4 7 3 5 5 5 5 7 11 255
4 7 3 5 5 5 5 9 9 511
4 7 3 5 5 5 5 9 10 511
4 7 3 5 5 5 5 9 11 511
4 7 3 5 5 5 5 10 10 511
4 7 3 5 5 5 5 10 11 511
4 7 3 5 5 5 5 11 11 511
4 7 3 5 5 5 6 6 6 127
4 7 3 5 5 5 6 6 7 127
4 7 3 5 5 5 6 6 9 255
4 7 3 5 5 5 6 6 10 255
4 7 3 5 5 5 6 6 11 255
4 7 3 5 5 5 6 7 7 127
4 7 3 5 5 5 6 7 9 255
4 7 3 5 5 5 6 7 10 255
4 7 3 5 5 5 6 7 11 255
4 7 3 5 5 5 6 9 9 511
4 7 3 5 5 5 6 9 10 511
4 7 3 5 5 5 6 9 11 511
4 7 3 5 5 5 6 10 10 511
4 7 3 5 5 5 6 10 11 511
4 7 3 5 5 5 6 11 11 511
4 7 3 5 5 5 7 7 7 511
4 7 3 5 5 5 7 7 9 255
4 7 3 5 5 5 7 7 10 255
4 7 3 5 5 5 7 7 11 1023
4 7 3 5 5 5 7 9 9 511
4 7 3 5 5 5 7 9 10 511
4 7 3 5 5 5 7 9 11 511
4 7 3 5 5 5 7 10 10 511
4 7 3 5 5 5 7 10 11 511
4 7 3 5 5 5 7 11 11 2047
4 7 3 5 5 5 9 9 9 1023
4 7 3 5 5 5 9 9 10 1023
4 7 3 5 5 5 9 9 11 1023
4 7 3 5 5 5 9 10 10 1023
4 7 3 5 5 5 9 10 11 1023
4 7 3 5 5 5 9 11 11 1023
4 7 3 5 5 5 10 10 10 1023
4 7 3 5 5 5 10 10 11 1023
4 7 3 5 5 5 10 11 11 1023
4 7 3 5 5 5 11 11 11 4095
4 7 3 5 5 6 6 6 6 127
4 7 3 5 5 6 6 6 7 127
4 7 3 5 5 6 6 6 9 255
4 7 3 5 5 6 6 6 10 255
4 7 3 5 5 6 6 6 11 255
4 7 3 5 5 6 6 7 7 127
4 7 3 5 5 6 6 7 9 255
4 7 3 5 5 6 6 7 10 255
4 7 3 5 5 6 6 7 11 255
4 7 3 5 5 6 6 9 9 511
4 7 3 5 5 6 6 9 10 511
4 7 3 5 5 6 6 9 11 511
4 7 3 5 5 6 6 10 10 511
4 7 3 5 5 6 6 10 11 511
4 7 3 5 5 6 6 11 11 511
4 7 3 5 5 6 7 7 7 511
4 7 3 5 5 6 7 7 9 255
4 7 3 5 5 6 7 7 10 255
4 7 3 5 5 6 7 7 11 1023
4 7 3 5 5 6 7 9 9 511
4 7 3 5 5 6 7 9 10 511
4 7 3 5 5 6 7 9 11 511
4 7 3 5 5 6 7 10 10 511
4 7 3 5 5 6 7 10 11 511
4 7 3 5 5 6 7 11 11 2047
4 7 3 5 5 6 9 9 9 1023
4 7 3 5 5 6 9 9 10 1023
4 7 3 5 5 6 9 9 11 1023
4 7 3 5 5 6 9 10 10 1023
4 7 3 5 5 6 9 10 11 1023
4 7 3 5 5 6 9 11 11 1023
4 7 3 5 5 6 10 10 10 1023
4 7 3 5 5 6 10 10 11 1023
4 7 3 5 5 6 10 11 11 1023
4 7 3 5 5 6 11 11 11 4095
4 7 3 5 5 7 7 7 7 511
4 7 3 5 5 7 7 7 9 1023
4 7 3 5 5 7 7 7 10 1023
4 7 3 5 5 7 7 7 11 1023
4 7 3 5 5 7 7 9 9 511
4 7 3 5 5 7 7 9 10 511
4 7 3 5 5 7 7 9 11 2047
4 7 3 5 5 7 7 10 10 511
4 7 3 5 5 7 7 10 11 2047
4 7 3 5 5 7 7 11 11 2047
4 7 3 5 5 7 9 9 9 1023
4 7 3 5 5 7 9 9 10 1023
4 7 3 5 5 7 9 9 11 1023
4 7 3 5 5 7 9 10 10 1023
4 7 3 5 5 7 9 10 11 1023
4 7 3 5 5 7 9 11 11 4095
4 7 3 5 5 7 10 10 10 1023
4 7 3 5 5 7 10 10 11 1023
4 7 3 5 5 7 10 11 11 4095
4 7 3 5 5 7 11 11 11 4095
4 7 3 5 5 9 9 9 9 2047
4 7 3 5 5 9 9 9 10 2047
4 7 3 5 5 9 9 9 11 2047
4 7 3 5 5 9 9 10 10 2047
4 7 3 5 5 9 9 10 11 2047
4 7 3 5 5 9 9 11 11 2047
4 7 3 5 5 9 10 10 10 2047
4 7 3 5 5 9 10 10 11 2047
4 7 3 5 5 9 10 11 11 2047
4 7 3 5 5 9 11 11 11 8191
4 7 3 5 5 10 10 10 10 2047
4 7 3 5 5 10 10 10 11 2047
4 7 3 5 5 10 10 11 11 2047
4 7 3 5 5 10 11 11 11 8191
4 7 3 5 5 11 11 11 11 8191
4 7 3 5 6 6 6 6 6 127
4 7 3 5 6 6 6 6 7 127
4 7 3 5 6 6 6 6 9 255
4 7 3 5 6 6 6 6 10 255
4 7 3 5 6 6 6 6 11 255
4 7 3 5 6 6 6 7 7 127
4 7 3 5 6 6 6 7 9 255
4 7 3 5 6 6 6 7 10 255
4 7 3 5 6 6 6 7 11 255
4 7 3 5 6 6 6 9 9 511
4 7 3 5 6 6 6 9 10 511
4 7 3 5 6 6 6 9 11 511
4 7 3 5 6 6 6 10 10 511
4 7 3 5 6 6 6 10 11 511
4 7 3 5 6 6 6 11 11 511
4 7 3 5 6 6 7 7 7 511
4 7 3 5 6 6 7 7 9 255
4 7 3 5 6 6 7 7 10 255
4 7 3 5 6 6 7 7 11 1023
4 7 3 5 6 6 7 9 9 511
4 7 3 5 6 6 7 9 10 511
4 7 3 5 6 6 7 9 11 511
4 7 3 5 6 6 7 10 10 511
4 7 3 5 6 6 7 10 11 511
4 7 3 5 6 6 7 11 11 2047
4 7 3 5 6 6 9 9 9 1023
4 7 3 5 6 6 9 9 10 1023
4 7 3 5 6 6 9 9 11 1023
4 7 3 5 6 6 9 10 10 1023
4 7 3 5 6 6 9 10 11 1023
4 7 3 5 6 6 9 11 11 1023
4 7 3 5 6 6 10 10 10 1023
4 7 3 5 6 6 10 10 11 1023
4 7 3 5 6 6 10 11 11 1023
4 7 3 5 6 6 11 11 11 4095
4 7 3 5 6 7 7 7 7 511
4 7 3 5 6 7 7 7 9 1023
4 7 3 5 6 7 7 7 10 1023
4 7 3 5 6 7 7 7 11 1023
4 7 3 5 6 7 7 9 9 511
4 7 3 5 6 7 7 9 10 511
4 7 3 5 6 7 7 9 11 2047
4 7 3 5 6 7 7 10 10 511
4 7 3 5 6 7 7 10 11 2047
4 7 3 5 6 7 7 11 11 2047
4 7 3 5 6 7 9 9 9 1023
4 7 3 5 6 7 9 9 10 1023
4 7 3 5 6 7 9 9 11 1023
4 7 3 5 6 7 9 10 10 1023
4 7 3 5 6 7 9 10 11 1023
4 7 3 5 6 7 9 11 11 4095
4 7 3 5 6 7 10 10 10 1023
4 7 3 5 6 7 10 10 11 1023
4 7 3 5 6 7 10 11 11 4095
4 7 3 5 6 7 11 11 11 4095
4 7 3 5 6 9 9 9 9 2047
4 7 3 5 6 9 9 9 10 2047
4 7 3 5 6 9 9 9 11 2047
4 7 3 5 6 9 9 10 10 2047
4 7 3 5 6 9 9 10 11 2047
4 7 3 5 6 9 9 11 11 2047
4 7 3 5 6 9 10 10 10 2047
4 7 3 5 6 9 10 10 11 2047
4 7 3 5 6 9 10 11 11 2047
4 7 3 5 6 9 11 11 11 8191
4 7 3 5 6 10 10 10 10 2047
4 7 3 5 6 10 10 10 11 2047
4 7 3 5 6 10 10 11 11 2047
4 7 3 5 6 10 11 11 11 8191
4 7 3 5 6 11 11 11 11 8191
4 7 3 5 7 7 7 7 7 511
4 7 3 5 7 7 7 7 9 1023
4 7 3 5 7 7 7 7 10 1023
4 7 3 5 7 7 7 7 11 1023
4 7 3 5 7 7 7 9 9 2047
4 7 3 5 7 7 7 9 10 2047
4 7 3 5 7 7 7 9 11 2047
4 7 3 5 7 7 7 10 10 2047
4 7 3 5 7 7 7 10 11 2047
4 7 3 5 7 7 7 11 11 2047
4 7 3 5 7 7 9 9 9 1023
4 7 3 5 7 7 9 9 10 1023
4 7 3 5 7 7 9 9 11 4095
4 7 3 5 7 7 9 10 10 1023
4 7 3 5 7 7 9 10 11 4095
4 7 3 5 7 7 9 11 11 4095
4 7 3 5 7 7 10 10 10 1023
4 7 3 5 7 7 10 10 11 4095
4 7 3 5 7 7 10 11 11 4095
4 7 3 5 7 7 11 11 11 4095
4 7 3 5 7 9 9 9 9 2047
4 7 3 5 7 9 9 9 10 2047
4 7 3 5 7 9 9 9 11 2047
4 7 3 5 7 9 9 10 10 2047
4 7 3 5 7 9 9 10 11 2047
4 7 3 5 7 9 9 11 11 8191
4 7 3 5 7 9 10 10 10 2047
4 7 3 5 7 9 10 10 11 2047
4 7 3 5 7 9 10 11 11 8191
4 7 3 5 7 9 11 11 11 8191
4 7 3 5 7 10 10 10 10 2047
4 7 3 5 7 10 10 10 11 2047
4 7 3 5 7 10 10 11 11 8191
4 7 3 5 7 10 11 11 11 8191
4 7 3 5 7 11 11 11 11 8191
4 7 3 5 9 9 9 9 9 4095
4 7 3 5 9 9 9 9 10 4095
4 7 3 5 9 9 9 9 11 4095
4 7 3 5 9 9 9 10 10 4095
4 7 3 5 9 9 9 10 11 4095
4 7 3 5 9 9 9 11 11 4095
4 7 3 5 9 9 10 10 10 4095
4 7 3 5 9 9 10 10 11 4095
4 7 3 5 9 9 10 11 11 4095
4 7 3 5 9 9 11 11 11 16383
4 7 3 5 9 10 10 10 10 4095
4 7 3 5 9 10 10 10 11 4095
4 7 3 5 9 10 10 11 11 4095
4 7 3 5 9 10 11 11 11 16383
4 7 3 5 9 11 11 11 11 16383
4 7 3 5 10 10 10 10 10 4095
4 7 3 5 10 10 10 10 11 4095
4 7 3 5 10 10 10 11 11 4095
4 7 3 5 10 10 11 11 11 16383
4 7 3 5 10 11 11 11 11 16383
4 7 3 5 11 11 11 11 11 16383
4 7 3 6 6 6 6 6 6 127
4 7 3 6 6 6 6 6 7 127
4 7 3 6 6 6 6 6 9 255
4 7 3 6 6 6 6 6 10 255
4 7 3 6 6 6 6 6 11 255
4 7 3 6 6 6 6 7 7 127
4 7 3 6 6 6 6 7 9 255
4 7 3 6 6 6 6 7 10 255
4 7 3 6 6 6 6 7 11 255
4 7 3 6 6 6 6 9 9 511
4 7 3 6 6 6 6 9 10 511
4 7 3 6 6 6 6 9 11 511
4 7 3 6 6 6 6 10 10 511
4 7 3 6 6 6 6 10 11 511
4 7 3 6 6 6 6 11 11 511
4 7 3 6 6 6 7 7 7 511
4 7 3 6 6 6 7 7 9 255
4 7 3 6 6 6 7 7 10 255
4 7 3 6 6 6 7 7 11 1023
4 7 3 6 6 6 7 9 9 511
4 7 3 6 6 6 7 9 10 511
4 7 3 6 6 6 7 9 11 511
4 7 3 6 6 6 7 10 10 511
4 7 3 6 6 6 7 10 11 511
4 7 3 6 6 6 7 11 11 2047
4 7 3 6 6 6 9 9 9 1023
4 7 3 6 6 6 9 9 10 1023
4 7 3 6 6 6 9 9 11 1023
4 7 3 6 6 6 9 10 10 1023
4 7 3 6 6 6 9 10 11 1023
4 7 3 6 6 6 9 11 11 1023
4 7 3 6 6 6 10 10 10 1023
4 7 3 6 6 6 10 10 11 1023
4 7 3 6 6 6 10 11 11 1023
4 7 3 6 6 6 11 11 11 4095
4 7 3 6 6 7 7 7 7 511
4 7 3 6 6 7 7 7 9 1023
4 7 3 6 6 7 7 7 10 1023
4 7 3 6 6 7 7 7 11 1023
4 7 3 6 6 7 7 9 9 511
4 7 3 6 6 7 7 9 10 511
4 7 3 6 6 7 7 9 11 2047
4 7 3 6 6 7 7 10 10 511
4 7 3 6 6 7 7 10 11 2047
4 7 3 6 6 7 7 11 11 2047
4 7 3 6 6 7 9 9 9 1023
4 7 3 6 6 7 9 9 10 1023
4 7 3 6 6 7 9 9 11 1023
4 7 3 6 6 7 9 10 10 1023
4 7 3 6 6 7 9 10 11 1023
4 7 3 6 6 7 9 11 11 4095
4 7 3 6 6 7 10 10 10 1023
4 7 3 6 6 7 10 10 11 1023
4 7 3 6 6 7 10 11 11 4095
4 7 3 6 6 7 11 11 11 4095
4 7 3 6 6 9 9 9 9 2047
4 7 3 6 6 9 9 9 10 2047
4 7 3 6 6 9 9 9 11 2047
4 7 3 6 6 9 9 10 10 2047
4 7 3 6 6 9 9 10 11 2047
4 7 3 6 6 9 9 11 11 2047
4 7 3 6 6 9 10 10 10 2047
4 7 3 6 6 9 10 10 11 2047
4 7 3 6 6 9 10 11 11 2047
4 7 3 6 6 9 11 11 11 8191
4 7 3 6 6 10 10 10 10 2047
4 7 3 6 6 10 10 10 11 2047
4 7 3 6 6 10 10 11 11 2047
4 7 3 6 6 10 11 11 11 8191
4 7 3 6 6 11 11 11 11 8191
4 7 3 6 7 7 7 7 7 511
4 7 3 6 7 7 7 7 9 1023
4 7 3 6 7 7 7 7 10 1023
4 7 3 6 7 7 7 7 11 1023
4 7 3 6 7 7 7 9 9 2047
4 7 3 6 7 7 7 9 10 2047
4 7 3 6 7 7 7 9 11 2047
4 7 3 6 7 7 7 10 10 2047
4 7 3 6 7 7 7 10 11 2047
4 7 3 6 7 7 7 11 11 2047
4 7 3 6 7 7 9 9 9 1023
4 7 3 6 7 7 9 9 10 1023
4 7 3 6 7 7 9 9 11 4095
4 7 3 6 7 7 9 10 10 1023
4 7 3 6 7 7 9 10 11 4095
4 7 3 6 7 7 9 11 11 4095
4 7 3 6 7 7 10 10 10 1023
4 7 3 6 7 7 10 10 11 4095
4 7 3 6 7 7 10 11 11 4095
4 7 3 6 7 7 11 11 11 4095
4 7 3 6 7 9 9 9 9 2047
4 7 3 6 7 9 9 9 10 2047
4 7 3 6 7 9 9 9 11 2047
4 7 3 6 7 9 9 10 10 2047
4 7 3 6 7 9 9 10 11 2047
4 7 3 6 7 9 9 11 11 8191
4 7 3 6 7 9 10 10 10 2047
4 7 3 6 7 9 10 10 11 2047
4 7 3 6 7 9 10 11 11 8191
4 7 3 6 7 9 11 11 11 8191
4 7 3 6 7 10 10 10 10 2047
4 7 3 6 7 10 10 10 11 2047
4 7 3 6 7 10 10 11 11 8191
4 7 3 6 7 10 11 11 11 8191
4 7 3 6 7 11 11 11 11 8191
4 7 3 6 9 9 9 9 9 4095
4 7 3 6 9 9 9 9 10 4095
4 7 3 6 9 9 9 9 11 4095
4 7 3 6 9 9 9 10 10 4095
4 7 3 6 9 9 9 10 11 4095
4 7 3 6 9 9 9 11 11 4095
4 7 3 6 9 9 10 10 10 4095
4 7 3 6 9 9 10 10 11 4095
4 7 3 6 9 9 10 11 11 4095
4 7 3 6 9 9 11 11 11 16383
4 7 3 6 9 10 10 10 10 4095
4 7 3 6 9 10 10 10 11 4095
4 7 3 6 9 10 10 11 11 4095
4 7 3 6 9 10 11 11 11 16383
4 7 3 6 9 11 11 11 11 16383
4 7 3 6 10 10 10 10 10 4095
4 7 3 6 10 10 10 10 11 4095
4 7 3 6 10 10 10 11 11 4095
4 7 3 6 10 10 11 11 11 16383
4 7 3 6 10 11 11 11 11 16383
4 7 3 6 11 11 11 11 11 16383
4 7 3 7 7 7 7 7 7 511
4 7 3 7 7 7 7 7 9 1023
4 7 3 7 7 7 7 7 10 1023
4 7 3 7 7 7 7 7 11 1023
4 7 3 7 7 7 7 9 9 2047
4 7 3 7 7 7 7 9 10 2047
4 7 3 7 7 7 7 9 11 2047
4 7 3 7 7 7 7 10 10 2047
4 7 3 7 7 7 7 10 11 2047
4 7 3 7 7 7 7 11 11 2047
4 7 3 7 7 7 9 9 9 4095
4 7 3 7 7 7 9 9 10 4095
4 7 3 7 7 7 9 9 11 4095
4 7 3 7 7 7 9 10 10 4095
4 7 3 7 7 7 9 10 11 4095
4 7 3 7 7 7 9 11 11 4095
4 7 3 7 7 7 10 10 10 4095
4 7 3 7 7 7 10 10 11 4095
4 7 3 7 7 7 10 11 11 4095
4 7 3 7 7 7 11 11 11 4095
4 7 3 7 7 9 9 9 9 2047
4 7 3 7 7 9 9 9 10 2047
4 7 3 7 7 9 9 9 11 8191
4 7 3 7 7 9 9 10 10 2047
4 7 3 7 7 9 9 10 11 8191
4 7 3 7 7 9 9 11 11 8191
4 7 3 7 7 9 10 10 10 2047
4 7 3 7 7 9 10 10 11 8191
4 7 3 7 7 9 10 11 11 8191
4 7 3 7 7 9 11 11 11 8191
4 7 3 7 7 10 10 10 10 2047
4 7 3 7 7 10 10 10 11 8191
4 7 3 7 7 10 10 11 11 8191
4 7 3 7 7 10 11 11 11 8191
4 7 3 7 7 11 11 11 11 8191
4 7 3 7 9 9 9 9 9 4095
4 7 3 7 9 9 9 9 10 4095
4 7 3 7 9 9 9 9 11 4095
4 7 3 7 9 9 9 10 10 4095
4 7 3 7 9 9 9 10 11 4095
4 7 3 7 9 9 9 11 11 16383
4 7 3 7 9 9 10 10 10 4095
4 7 3 7 9 9 10 10 11 4095
4 7 3 7 9 9 10 11 11 16383
4 7 3 7 9 9 11 11 11 16383
4 7 3 7 9 10 10 10 10 4095
4 7 3 7 9 10 10 10 11 4095
4 7 3 7 9 10 10 11 11 16383
4 7 3 7 9 10 11 11 11 16383
4 7 3 7 9 11 11 11 11 16383
4 7 3 7 10 10 10 10 10 4095
4 7 3 7 10 10 10 10 11 4095
4 7 3 7 10 10 10 11 11 16383
4 7 3 7 10 10 11 11 11 16383
4 7 3 7 10 11 11 11 11 16383
4 7 3 7 11 11 11 11 11 16383
4 7 3 9 9 9 9 9 9 8191
4 7 3 9 9 9 9 9 10 8191
4 7 3 9 9 9 9 9 11 8191
4 7 3 9 9 9 9 10 10 8191
4 7 3 9 9 9 9 10 11 8191
4 7 3 9 9 9 9 11 11 8191
4 7 3 9 9 9 10 10 10 8191
4 7 3 9 9 9 10 10 11 8191
4 7 3 9 9 9 10 11 11 8191
4 7 3 9 9 9 11 11 11 32767
4 7 3 9 9 10 10 10 10 8191
4 7 3 9 9 10 10 10 11 8191
4 7 3 9 9 10 10 11 11 8191
4 7 3 9 9 10 11 11 11 32767
4 7 3 9 9 11 11 11 11 32767
4 7 3 9 10 10 10 10 10 8191
4 7 3 9 10 10 10 10 11 8191
4 7 3 9 10 10 10 11 11 8191
4 7 3 9 10 10 11 11 11 32767
4 7 3 9 10 11 11 11 11 32767
4 7 3 9 11 11 11 11 11 32767
4 7 3 10 10 10 10 10 10 8191
4 7 3 10 10 10 10 10 11 8191
4 7 3 10 10 10 10 11 11 8191
4 7 3 10 10 10 11 11 11 32767
4 7 3 10 10 11 11 11 11 32767
4 7 3 10 11 11 11 11 11 32767
4 7 3 11 11 11 11 11 11 32767
4 7 5 5 5 5 5 5 5 255
4 7 5 5 5 5 5 5 6 255
4 7 5 5 5 5 5 5 7 255
4 7 5 5 5 5 5 5 9 511
4 7 5 5 5 5 5 5 10 511
4 7 5 5 5 5 5 5 11 511
4 7 5 5 5 5 5 6 6 255
4 7 5 5 5 5 5 6 7 255
4 7 5 5 5 5 5 6 9 511
4 7 5 5 5 5 5 6 10 511
4 7 5 5 5 5 5 6 11 511
4 7 5 5 5 5 5 7 7 255
4 7 5 5 5 5 5 7 9 511
4 7 5 5 5 5 5 7 10 511
4 7 5 5 5 5 5 7 11 511
4 7 5 5 5 5 5 9 9 1023
4 7 5 5 5 5 5 9 10 1023
4 7 5 5 5 5 5 9 11 1023
4 7 5 5 5 5 5 10 10 1023
4 7 5 5 5 5 5 10 11 1023
4 7 5 5 5 5 5 11 11 1023
4 7 5 5 5 5 6 6 6 255
4 7 5 5 5 5 6 6 7 255
4 7 5 5 5 5 6 6 9 511
4 7 5 5 5 5 6 6 10 511
4 7 5 5 5 5 6 6 11 511
4 7 5 5 5 5 6 7 7 255
4 7 5 5 5 5 6 7 9 511
4 7 5 5 5 5 6 7 10 511
4 7 5 5 5 5 6 7 11 511
4 7 5 5 5 5 6 9 9 1023
4 7 5 5 5 5 6 9 10 1023
4 7 5 5 5 5 6 9 11 1023
4 7 5 5 5 5 6 10 10 1023
4 7 5 5 5 5 6 10 11 1023
4 7 5 5 5 5 6 11 11 1023
4 7 5 5 5 5 7 7 7 255
4 7 5 5 5 5 7 7 9 511
4 7 5 5 5 5 7 7 10 511
4 7 5 5 5 5 7 7 11 511
4 7 5 5 5 5 7 9 9 1023
4 7 5 5 5 5 7 9 10 1023
4 7 5 5 5 5 7 9 11 1023
4 7 5 5 5 5 7 10 10 1023
4 7 5 5 5 5 7 10 11 1023
4 7 5 5 5 5 7 11 11 1023
4 7 5 5 5 5 9 9 9 2047
4 7 5 5 5 5 9 9 10 2047
4 7 5 5 5 5 9 9 11 2047
4 7 5 5 5 5 9 10 10 2047
4 7 5 5 5 5 9 10 11 2047
4 7 5 5 5 5 9 11 11 2047
4 7 5 5 5 5 10 10 10 2047
4 7 5 5 5 5 10 10 11 2047
4 7 5 5 5 5 10 11 11 2047
4 7 5 5 5 5 11 11 11 2047
4 7 5 5 5 6 6 6 6 255
4 7 5 5 5 6 6 6 7 255
4 7 5 5 5 6 6 6 9 511
4 7 5 5 5 6 6 6 10 511
4 7 5 5 5 6 6 6 11 511
4 7 5 5 5 6 6 7 7 255
4 7 5 5 5 6 6 7 9 511
4 7 5 5 5 6 6 7 10 511
4 7 5 5 5 6 6 7 11 511
4 7 5 5 5 6 6 9 9 1023
4 7 5 5 5 6 6 9 10 1023
4 7 5 5 5 6 6 9 11 1023
4 7 5 5 5 6 6 10 10 1023
4 7 5 5 5 6 6 10 11 1023
4 7 5 5 5 6 6 11 11 1023
4 7 5 5 5 6 7 7 7 255
4 7 5 5 5 6 7 7 9 511
4 7 5 5 5 6 7 7 10 511
4 7 5 5 5 6 7 7 11 511
4 7 5 5 5 6 7 9 9 1023
4 7 5 5 5 6 7 9 10 1023
4 7 5 5 5 6 7 9 11 1023
4 7 5 5 5 6 7 10 10 1023
4 7 5 5 5 6 7 10 11 1023
4 7 5 5 5 6 7 11 11 1023
4 7 5 5 5 6 9 9 9 2047
4 7 5 5 5 6 9 9 10 2047
4 7 5 5 5 6 9 9 11 2047
4 7 5 5 5 6 9 10 10 2047
4 7 5 5 5 6 9 10 11 2047
4 7 5 5 5 6 9 11 11 2047
4 7 5 5 5 6 10 10 10 2047
4 7 5 5 5 6 10 10 11 2047
4 7 5 5 5 6 10 11 11 2047
4 7 5 5 5 6 11 11 11 2047
4 7 5 5 5 7 7 7 7 1023
4 7 5 5 5 7 7 7 9 511
4 7 5 5 5 7 7 7 10 511
4 7 5 5 5 7 7 7 11 2047
4 7 5 5 5 7 7 9 9 1023
4 7 5 5 5 7 7 9 10 1023
4 7 5 5 5 7 7 9 11 1023
4 7 5 5 5 7 7 10 10 1023
4 7 5 5 5 7 7 10 11 1023
4 7 5 5 5 7 7 11 11 4095
4 7 5 5 5 7 9 9 9 2047
4 7 5 5 5 7 9 9 10 2047
4 7 5 5 5 7 9 9 11 2047
4 7 5 5 5 7 9 10 10 2047
4 7 5 5 5 7 9 10 11 2047
4 7 5 5 5 7 9 11 11 2047
4 7 5 5 5 7 10 10 10 2047
4 7 5 5 5 7 10 10 11 2047
4 7 5 5 5 7 10 11 11 2047
4 7 5 5 5 7 11 11 11 8191
4 7 5 5 5 9 9 9 9 4095
4 7 5 5 5 9 9 9 10 4095
4 7 5 5 5 9 9 9 11 4095
4 7 5 5 5 9 9 10 10 4095
4 7 5 5 5 9 9 10 11 4095
4 7 5 5 5 9 9 11 11 4095
4 7 5 5 5 9 10 10 10 4095
4 7 5 5 5 9 10 10 11 4095
4 7 5 5 5 9 10 11 11 4095
4 7 5 5 5 9 11 11 11 4095
4 7 5 5 5 10 10 10 10 4095
4 7 5 5 5 10 10 10 11 4095
4 7 5 5 5 10 10 11 11 4095
4 7 5 5 5 10 11 11 11 4095
4 7 5 5 5 11 11 11 11 16383
4 7 5 5 6 6 6 6 6 255
4 7 5 5 6 6 6 6 7 255
4 7 5 5 6 6 6 6 9 511
4 7 5 5 6 6 6 6 10 511
4 7 5 5 6 6 6 6 11 511
4 7 5 5 6 6 6 7 7 255
4 7 5 5 6 6 6 7 9 511
4 7 5 5 6 6 6 7 10 511
4 7 5 5 6 6 6 7 11 511
4 7 5 5 6 6 6 9 9 1023
4 7 5 5 6 6 6 9 10 1023
4 7 5 5 6 6 6 9 11 1023
4 7 5 5 6 6 6 10 10 1023
4 7 5 5 6 6 6 10 11 1023
4 7 5 5 6 6 6 11 11 1023
4 7 5 5 6 6 7 7 7 255
4 7 5 5 6 6 7 7 9 511
4 7 5 5 6 6 7 7 10 511
4 7 5 5 6 6 7 7 11 511
4 7 5 5 6 6 7 9 9 1023
4 7 5 5 6 6 7 9 10 1023
4 7 5 5 6 6 7 9 11 1023
4 7 5 5 6 6 7 10 10 1023
4 7 5 5 6 6 7 10 11 1023
4 7 5 5 6 6 7 11 11 1023
4 7 5 5 6 6 9 9 9 2047
4 7 5 5 6 6 9 9 10 2047
4 7 5 5 6 6 9 9 11 2047
4 7 5 5 6 6 9 10 10 2047
4 7 5 5 6 6 9 10 11 2047
4 7 5 5 6 6 9 11 11 2047
4 7 5 5 6 6 10 10 10 2047
4 7 5 5 6 6 10 10 11 2047
4 7 5 5 6 6 10 11 11 2047
4 7 5 5 6 6 11 11 11 2047
4 7 5 5 6 7 7 7 7 1023
4 7 5 5 6 7 7 7 9 511
4 7 5 5 6 7 7 7 10 511
4 7 5 5 6 7 7 7 11 2047
4 7 5 5 6 7 7 9 9 1023
4 7 5 5 6 7 7 9 10 1023
4 7 5 5 6 7 7 9 11 1023
4 7 5 5 6 7 7 10 10 1023
4 7 5 5 6 7 7 10 11 1023
4 7 5 5 6 7 7 11 11 4095
4 7 5 5 6 7 9 9 9 2047
4 7 5 5 6 7 9 9 10 2047
4 7 5 5 6 7 9 9 11 2047
4 7 5 5 6 7 9 10 10 2047
4 7 5 5 6 7 9 10 11 2047
4 7 5 5 6 7 9 11 11 2047
4 7 5 5 6 7 10 10 10 2047
4 7 5 5 6 7 10 10 11 2047
4 7 5 5 6 7 10 11 11 2047
4 7 5 5 6 7 11 11 11 8191
4 7 5 5 6 9 9 9 9 4095
4 7 5 5 6 9 9 9 10 4095
4 7 5 5 6 9 9 9 11 4095
4 7 5 5 6 9 9 10 10 4095
4 7 5 5 6 9 9 10 11 4095
4 7 5 5 6 9 9 11 11 4095
4 7 5 5 6 9 10 10 10 4095
4 7 5 5 6 9 10 10 11 4095
4 7 5 5 6 9 10 11 11 4095
4 7 5 5 6 9 11 11 11 4095
4 7 5 5 6 10 10 10 10 4095
4 7 5 5 6 10 10 10 11 4095
4 7 5 5 6 10 10 11 11 4095
4 7 5 5 6 10 11 11 11 4095
4 7 5 5 6 11 11 11 11 16383
4 7 5 5 7 7 7 7 7 1023
4 7 5 5 7 7 7 7 9 2047
4 7 5 5 7 7 7 7 10 2047
4 7 5 5 7 7 7 7 11 2047
4 7 5 5 7 7 7 9 9 1023
4 7 5 5 7 7 7 9 10 1023
4 7 5 5 7 7 7 9 11 4095
4 7 5 5 7 7 7 10 10 1023
4 7 5 5 7 7 7 10 11 4095
4 7 5 5 7 7 7 11 11 4095
4 7 5 5 7 7 9 9 9 2047
4 7 5 5 7 7 9 9 10 2047
4 7 5 5 7 7 9 9 11 2047
4 7 5 5 7 7 9 10 10 2047
4 7 5 5 7 7 9 10 11 2047
4 7 5 5 7 7 9 11 11 8191
4 7 5 5 7 7 10 10 10 2047
4 7 5 5 7 7 10 10 11 2047
4 7 5 5 7 7 10 11 11 8191
4 7 5 5 7 7 11 11 11 8191
4 7 5 5 7 9 9 9 9 4095
4 7 5 5 7 9 9 9 10 4095
4 7 5 5 7 9 9 9 11 4095
4 7 5 5 7 9 9 10 10 4095
4 7 5 5 7 9 9 10 11 4095
4 7 5 5 7 9 9 11 11 4095
4 7 5 5 7 9 10 10 10 4095
4 7 5 5 7 9 10 10 11 4095
4 7 5 5 7 9 10 11 11 4095
4 7 5 5 7 9 11 11 11 16383
4 7 5 5 7 10 10 10 10 4095
4 7 5 5 7 10 10 10 11 4095
4 7 5 5 7 10 10 11 11 4095
4 7 5 5 7 10 11 11 11 16383
4 7 5 5 7 11 11 11 11 16383
4 7 5 5 9 9 9 9 9 8191
4 7 5 5 9 9 9 9 10 8191
4 7 5 5 9 9 9 9 11 8191
4 7 5 5 9 9 9 10 10 8191
4 7 5 5 9 9 9 10 11 8191
4 7 5 5 9 9 9 11 11 8191
4 7 5 5 9 9 10 10 10 8191
4 7 5 5 9 9 10 10 11 8191
4 7 5 5 9 9 10 11 11 8191
4 7 5 5 9 9 11 11 11 8191
4 7 5 5 9 10 10 10 10 8191
4 7 5 5 9 10 10 10 11 8191
4 7 5 5 9 10 10 11 11 8191
4 7 5 5 9 10 11 11 11 8191
4 7 5 5 9 11 11 11 11 32767
4 7 5 5 10 10 10 10 10 8191
4 7 5 5 10 10 10 10 11 8191
4 7 5 5 10 10 10 11 11 8191
4 7 5 5 10 10 11 11 11 8191
4 7 5 5 10 11 11 11 11 32767
4 7 5 5 11 11 11 11 11 32767
4 7 5 6 6 6 6 6 6 255
4 7 5 6 6 6 6 6 7 255
4 7 5 6 6 6 6 6 9 511
4 7 5 6 6 6 6 6 10 511
4 7 5 6 6 6 6 6 11 511
4 7 5 6 6 6 6 7 7 255
4 7 5 6 6 6 6 7 9 511
4 7 5 6 6 6 6 7 10 511
4 7 5 6 6 6 6 7 11 511
4 7 5 6 6 6 6 9 9 1023
4 7 5 6 6 6 6 9 10 1023
4 7 5 6 6 6 6 9 11 1023
4 7 5 6 6 6 6 10 10 1023
4 7 5 6 6 6 6 10 11 1023
4 7 5 6 6 6 6 11 11 1023
4 7 5 6 6 6 7 7 7 255
4 7 5 6 6 6 7 7 9 511
4 7 5 6 6 6 7 7 10 511
4 7 5 6 6 6 7 7 11 511
4 7 5 6 6 6 7 9 9 1023
4 7 5 6 6 6 7 9 10 1023
4 7 5 6 6 6 7 9 11 1023
4 7 5 6 6 6 7 10 10 1023
4 7 5 6 6 6 7 10 11 1023
4 7 5 6 6 6 7 11 11 1023
4 7 5 6 6 6 9 9 9 2047
4 7 5 6 6 6 9 9 10 2047
4 7 5 6 6 6 9 9 11 2047
4 7 5 6 6 6 9 10 10 2047
4 7 5 6 6 6 9 10 11 2047
4 7 5 6 6 6 9 11 11 2047
4 7 5 6 6 6 10 10 10 2047
4 7 5 6 6 6 10 10 11 2047
4 7 5 6 6 6 10 11 11 2047
4 7 5 6 6 6 11 11 11 2047
4 7 5 6 6 7 7 7 7 1023
4 7 5 6 6 7 7 7 9 511
4 7 5 6 6 7 7 7 10 511
4 7 5 6 6 7 7 7 11 2047
4 7 5 6 6 7 7 9 9 1023
4 7 5 6 6 7 7 9 10 1023
4 7 5 6 6 7 7 9 11 1023
4 7 5 6 6 7 7 10 10 1023
4 7 5 6 6 7 7 10 11 1023
4 7 5 6 6 7 7 11 11 4095
4 7 5 6 6 7 9 9 9 2047
4 7 5 6 6 7 9 9 10 2047
4 7 5 6 6 7 9 9 11 2047
4 7 5 6 6 7 9 10 10 2047
4 7 5 6 6 7 9 10 11 2047
4 7 5 6 6 7 9 11 11 2047
4 7 5 6 6 7 10 10 10 2047
4 7 5 6 6 7 10 10 11 2047
4 7 5 6 6 7 10 11 11 2047
4 7 5 6 6 7 11 11 11 8191
4 7 5 6 6 9 9 9 9 4095
4 7 5 6 6 9 9 9 10 4095
4 7 5 6 6 9 9 9 11 4095
4 7 5 6 6 9 9 10 10 4095
4 7 5 6 6 9 9 10 11 4095
4 7 5 6 6 9 9 11 11 4095
4 7 5 6 6 9 10 10 10 4095
4 7 5 6 6 9 10 10 11 4095
4 7 5 6 6 9 10 11 11 4095
4 7 5 6 6 9 11 11 11 4095
4 7 5 6 6 10 10 10 10 4095
4 7 5 6 6 10 10 10 11 4095
4 7 5 6 6 10 10 11 11 4095
4 7 5 6 6 10 11 11 11 4095
4 7 5 6 6 11 11 11 11 16383
4 7 5 6 7 7 7 7 7 1023
4 7 5 6 7 7 7 7 9 2047
4 7 5 6 7 7 7 7 10 2047
4 7 5 6 7 7 7 7 11 2047
4 7 5 6 7 7 7 9 9 1023
4 7 5 6 7 7 7 9 10 1023
4 7 5 6 7 7 7 9 11 4095
4 7 5 6 7 7 7 10 10 1023
4 7 5 6 7 7 7 10 11 4095
4 7 5 6 7 7 7 11 11 4095
4 7 5 6 7 7 9 9 9 2047
4 7 5 6 7 7 9 9 10 2047
4 7 5 6 7 7 9 9 11 2047
4 7 5 6 7 7 9 10 10 2047
4 7 5 6 7 7 9 10 11 2047
4 7 5 6 7 7 9 11 11 8191
4 7 5 6 7 7 10 10 10 2047
4 7 5 6 7 7 10 10 11 2047
4 7 5 6 7 7 10 11 11 8191
4 7 5 6 7 7 11 11 11 8191
4 7 5 6 7 9 9 9 9 4095
4 7 5 6 7 9 9 9 10 4095
4 7 5 6 7 9 9 9 11 4095
4 7 5 6 7 9 9 10 10 4095
4 7 5 6 7 9 9 10 11 4095
4 7 5 6 7 9 9 11 11 4095
4 7 5 6 7 9 10 10 10 4095
4 7 5 6 7 9 10 10 11 4095
4 7 5 6 7 9 10 11 11 4095
4 7 5 6 7 9 11 11 11 16383
4 7 5 6 7 10 10 10 10 4095
4 7 5 6 7 10 10 10 11 4095
4 7 5 6 7 10 10 11 11 4095
4 7 5 6 7 10 11 11 11 16383
4 7 5 6 7 11 11 11 11 16383
4 7 5 6 9 9 9 9 9 8191
4 7 5 6 9 9 9 9 10 8191
4 7 5 6 9 9 9 9 11 8191
4 7 5 6 9 9 9 10 10 8191
4 7 5 6 9 9 9 10 11 8191
4 7 5 6 9 9 9 11 11 8191
4 7 5 6 9 9 10 10 10 8191
4 7 5 6 9 9 10 10 11 8191
4 7 5 6 9 9 10 11 11 8191
4 7 5 6 9 9 11 11 11 8191
4 7 5 6 9 10 10 10 10 8191
4 7 5 6 9 10 10 10 11 8191
4 7 5 6 9 10 10 11 11 8191
4 7 5 6 9 10 11 11 11 8191
4 7 5 6 9 11 11 11 11 32767
4 7 5 6 10 10 10 10 10 8191
4 7 5 6 10 10 10 10 11 8191
4 7 5 6 10 10 10 11 11 8191
4 7 5 6 10 10 11 11 11 8191
4 7 5 6 10 11 11 11 11 32767
4 7 5 6 11 11 11 11 11 32767
4 7 5 7 7 7 7 7 7 1023
4 7 5 7 7 7 7 7 9 2047
4 7 5 7 7 7 7 7 10 2047
4 7 5 7 7 7 7 7 11 2047
4 7 5 7 7 7 7 9 9 4095
4 7 5 7 7 7 7 9 10 4095
4 7 5 7 7 7 7 9 11 4095
4 7 5 7 7 7 7 10 10 4095
4 7 5 7 7 7 7 10 11 4095
4 7 5 7 7 7 7 11 11 4095
4 7 5 7 7 7 9 9 9 2047
4 7 5 7 7 7 9 9 10 2047
4 7 5 7 7 7 9 9 11 8191
4 7 5 7 7 7 9 10 10 2047
4 7 5 7 7 7 9 10 11 8191
4 7 5 7 7 7 9 11 11 8191
4 7 5 7 7 7 10 10 10 2047
4 7 5 7 7 7 10 10 11 8191
4 7 5 7 7 7 10 11 11 8191
4 7 5 7 7 7 11 11 11 8191
4 7 5 7 7 9 9 9 9 4095
4 7 5 7 7 9 9 9 10 4095
4 7 5 7 7 9 9 9 11 4095
4 7 5 7 7 9 9 10 10 4095
4 7 5 7 7 9 9 10 11 4095
4 7 5 7 7 9 9 11 11 16383
4 7 5 7 7 9 10 10 10 4095
4 7 5 7 7 9 10 10 11 4095
4 7 5 7 7 9 10 11 11 16383
4 7 5 7 7 9 11 11 11 16383
4 7 5 7 7 10 10 10 10 4095
4 7 5 7 7 10 10 10 11 4095
4 7 5 7 7 10 10 11 11 16383
4 7 5 7 7 10 11 11 11 16383
4 7 5 7 7 11 11 11 11 16383
4 7 5 7 9 9 9 9 9 8191
4 7 5 7 9 9 9 9 10 8191
4 7 5 7 9 9 9 9 11 8191
4 7 5 7 9 9 9 10 10 8191
4 7 5 7 9 9 9 10 11 8191
4 7 5 7 9 9 9 11 11 8191
4 7 5 7 9 9 10 10 10 8191
4 7 5 7 9 9 10 10 11 8191
4 7 5 7 9 9 10 11 11 8191
4 7 5 7 9 9 11 11 11 32767
4 7 5 7 9 10 10 10 10 8191
4 7 5 7 9 10 10 10 11 8191
4 7 5 7 9 10 10 11 11 8191
4 7 5 7 9 10 11 11 11 32767
4 7 5 7 9 11 11 11 11 32767
4 7 5 7 10 10 10 10 10 8191
4 7 5 7 10 10 10 10 11 8191
4 7 5 7 10 10 10 11 11 8191
4 7 5 7 10 10 11 11 11 32767
4 7 5 7 10 11 11 11 11 32767
4 7 5 7 11 11 11 11 11 32767
4 7 5 9 9 9 9 9 9 16383
4 7 5 9 9 9 9 9 10 16383
4 7 5 9 9 9 9 9 11 16383
4 7 5 9 9 9 9 10 10 16383
4 7 5 9 9 9 9 10 11 16383
4 7 5 9 9 9 9 11 11 16383
4 7 5 9 9 9 10 10 10 16383
4 7 5 9 9 9 10 10 11 16383
4 7 5 9 9 9 10 11 11 16383
4 7 5 9 9 9 11 11 11 16383
4 7 5 9 9 10 10 10 10 16383
4 7 5 9 9 10 10 10 11 16383
4 7 5 9 9 10 10 11 11 16383
4 7 5 9 9 10 11 11 11 16383
4 7 5 9 9 11 11 11 11 65535
4 7 5 9 10 10 10 10 10 16383
4 7 5 9 10 10 10 10 11 16383
4 7 5 9 10 10 10 11 11 16383
4 7 5 9 10 10 11 11 11 16383
4 7 5 9 10 11 11 11 11 65535
4 7 5 9 11 11 11 11 11 65535
4 7 5 10 10 10 10 10 10 16383
4 7 5 10 10 10 10 10 11 16383
4 7 5 10 10 10 10 11 11 16383
4 7 5 10 10 10 11 11 11 16383
4 7 5 10 10 11 11 11 11 65535
4 7 5 10 11 11 11 11 11 65535
4 7 5 11 11 11 11 11 11 65535
4 7 6 6 6 6 6 6 6 255
4 7 6 6 6 6 6 6 7 255
4 7 6 6 6 6 6 6 9 511
4 7 6 6 6 6 6 6 10 511
4 7 6 6 6 6 6 6 11 511
4 7 6 6 6 6 6 7 7 255
4 7 6 6 6 6 6 7 9 511
4 7 6 6 6 6 6 7 10 511
4 7 6 6 6 6 6 7 11 511
4 7 6 6 6 6 6 9 9 1023
4 7 6 6 6 6 6 9 10 1023
4 7 6 6 6 6 6 9 11 1023
4 7 6 6 6 6 6 10 10 1023
4 7 6 6 6 6 6 10 11 1023
4 7 6 6 6 6 6 11 11 1023
4 7 6 6 6 6 7 7 7 255
4 7 6 6 6 6 7 7 9 511
4 7 6 6 6 6 7 7 10 511
4 7 6 6 6 6 7 7 11 511
4 7 6 6 6 6 7 9 9 1023
4 7 6 6 6 6 7 9 10 1023
4 7 6 6 6 6 7 9 11 1023
4 7 6 6 6 6 7 10 10 1023
4 7 6 6 6 6 7 10 11 1023
4 7 6 6 6 6 7 11 11 1023
4 7 6 6 6 6 9 9 9 2047
4 7 6 6 6 6 9 9 10 2047
4 7 6 6 6 6 9 9 11 2047
4 7 6 6 6 6 9 10 10 2047
4 7 6 6 6 6 9 10 11 2047
4 7 6 6 6 6 9 11 11 2047
4 7 6 6 6 6 10 10 10 2047
4 7 6 6 6 6 10 10 11 2047
4 7 6 6 6 6 10 11 11 2047
4 7 6 6 6 6 11 11 11 2047
4 7 6 6 6 7 7 7 7 1023
4 7 6 6 6 7 7 7 9 511
4 7 6 6 6 7 7 7 10 511
4 7 6 6 6 7 7 7 11 2047
4 7 6 6 6 7 7 9 9 1023
4 7 6 6 6 7 7 9 10 1023
4 7 6 6 6 7 7 9 11 1023
4 7 6 6 6 7 7 10 10 1023
4 7 6 6 6 7 7 10 11 1023
4 7 6 6 6 7 7 11 11 4095
4 7 6 6 6 7 9 9 9 2047
4 7 6 6 6 7 9 9 10 2047
4 7 6 6 6 7 9 9 11 2047
4 7 6 6 6 7 9 10 10 2047
4 7 6 6 6 7 9 10 11 2047
4 7 6 6 6 7 9 11 11 2047
4 7 6 6 6 7 10 10 10 2047
4 7 6 6 6 7 10 10 11 2047
4 7 6 6 6 7 10 11 11 2047
4 7 6 6 6 7 11 11 11 8191
4 7 6 6 6 9 9 9 9 4095
4 7 6 6 6 9 9 9 10 4095
4 7 6 6 6 9 9 9 11 4095
4 7 6 6 6 9 9 10 10 4095
4 7 6 6 6 9 9 10 11 4095
4 7 6 6 6 9 9 11 11 4095
4 7 6 6 6 9 10 10 10 4095
4 7 6 6 6 9 10 10 11 4095
4 7 6 6 6 9 10 11 11 4095
4 7 6 6 6 9 11 11 11 4095
4 7 6 6 6 10 10 10 10 4095
4 7 6 6 6 10 10 10 11 4095
4 7 6 6 6 10 10 11 11 4095
4 7 6 6 6 10 11 11 11 4095
4 7 6 6 6 11 11 11 11 16383
4 7 6 6 7 7 7 7 7 1023
4 7 6 6 7 7 7 7 9 2047
4 7 6 6 7 7 7 7 10 2047
4 7 6 6 7 7 7 7 11 2047
4 7 6 6 7 7 7 9 9 1023
4 7 6 6 7 7 7 9 10 1023
4 7 6 6 7 7 7 9 11 4095
4 7 6 6 7 7 7 10 10 1023
4 7 6 6 7 7 7 10 11 4095
4 7 6 6 7 7 7 11 11 4095
4 7 6 6 7 7 9 9 9 2047
4 7 6 6 7 7 9 9 10 2047
4 7 6 6 7 7 9 9 11 2047
4 7 6 6 7 7 9 10 10 2047
4 7 6 6 7 7 9 10 11 2047
4 7 6 6 7 7 9 11 11 8191
4 7 6 6 7 7 10 10 10 2047
4 7 6 6 7 7 10 10 11 2047
4 7 6 6 7 7 10 11 11 8191
4 7 6 6 7 7 11 11 11 8191
4 7 6 6 7 9 9 9 9 4095
4 7 6 6 7 9 9 9 10 4095
4 7 6 6 7 9 9 9 11 4095
4 7 6 6 7 9 9 10 10 4095
4 7 6 6 7 9 9 10 11 4095
4 7 6 6 7 9 9 11 11 4095
4 7 6 6 7 9 10 10 10 4095
4 7 6 6 7 9 10 10 11 4095
4 7 6 6 7 9 10 11 11 4095
4 7 6 6 7 9 11 11 11 16383
4 7 6 6 7 10 10 10 10 4095
4 7 6 6 7 10 10 10 11 4095
4 7 6 6 7 10 10 11 11 4095
4 7 6 6 7 10 11 11 11 16383
4 7 6 6 7 11 11 11 11 16383
4 7 6 6 9 9 9 9 9 8191
4 7 6 6 9 9 9 9 10 8191
4 7 6 6 9 9 9 9 11 8191
4 7 6 6 9 9 9 10 10 8191
4 7 6 6 9 9 9 10 11 8191
4 7 6 6 9 9 9 11 11 8191
4 7 6 6 9 9 10 10 10 8191
4 7 6 6 9 9 10 10 11 8191
4 7 6 6 9 9 10 11 11 8191
4 7 6 6 9 9 11 11 11 8191
4 7 6 6 9 10 10 10 10 8191
4 7 6 6 9 10 10 10 11 8191
4 7 6 6 9 10 10 11 11 8191
4 7 6 6 9 10 11 11 11 8191
4 7 6 6 9 11 11 11 11 32767
4 7 6 6 10 10 10 10 10 8191
4 7 6 6 10 10 10 10 11 8191
4 7 6 6 10 10 10 11 11 8191
4 7 6 6 10 10 11 11 11 8191
4 7 6 6 10 11 11 11 11 32767
4 7 6 6 11 11 11 11 11 32767
4 7 6 7 7 7 7 7 7 1023
4 7 6 7 7 7 7 7 9 2047
4 7 6 7 7 7 7 7 10 2047
4 7 6 7 7 7 7 7 11 2047
4 7 6 7 7 7 7 9 9 4095
4 7 6 7 7 7 7 9 10 4095
4 7 6 7 7 7 7 9 11 4095
4 7 6 7 7 7 7 10 10 4095
4 7 6 7 7 7 7 10 11 4095
4 7 6 7 7 7 7 11 11 4095
4 7 6 7 7 7 9 9 9 2047
4 7 6 7 7 7 9 9 10 2047
4 7 6 7 7 7 9 9 11 8191
4 7 6 7 7 7 9 10 10 2047
4 7 6 7 7 7 9 10 11 8191
4 7 6 7 7 7 9 11 11 8191
4 7 6 7 7 7 10 10 10 2047
4 7 6 7 7 7 10 10 11 8191
4 7 6 7 7 7 10 11 11 8191
4 7 6 7 7 7 11 11 11 8191
4 7 6 7 7 9 9 9 9 4095
4 7 6 7 7 9 9 9 10 4095
4 7 6 7 7 9 9 9 11 4095
4 7 6 7 7 9 9 10 10 4095
4 7 6 7 7 9 9 10 11 4095
4 7 6 7 7 9 9 11 11 16383
4 7 6 7 7 9 10 10 10 4095
4 7 6 7 7 9 10 10 11 4095
4 7 6 7 7 9 10 11 11 16383
4 7 6 7 7 9 11 11 11 16383
4 7 6 7 7 10 10 10 10 4095
4 7 6 7 7 10 10 10 11 4095
4 7 6 7 7 10 10 11 11 16383
4 7 6 7 7 10 11 11 11 16383
4 7 6 7 7 11 11 11 11 16383
4 7 6 7 9 9 9 9 9 8191
4 7 6 7 9 9 9 9 10 8191
4 7 6 7 9 9 9 9 11 8191
4 7 6 7 9 9 9 10 10 8191
4 7 6 7 9 9 9 10 11 8191
4 7 6 7 9 9 9 11 11 8191
4 7 6 7 9 9 10 10 10 8191
4 7 6 7 9 9 10 10 11 8191
4 7 6 7 9 9 10 11 11 8191
4 7 6 7 9 9 11 11 11 32767
4 7 6 7 9 10 10 10 10 8191
4 7 6 7 9 10 10 10 11 8191
4 7 6 7 9 10 10 11 11 8191
4 7 6 7 9 10 11 11 11 32767
4 7 6 7 9 11 11 11 11 32767
4 7 6 7 10 10 10 10 10 8191
4 7 6 7 10 10 10 10 11 8191
4 7 6 7 10 10 10 11 11 8191
4 7 6 7 10 10 11 11 11 32767
4 7 6 7 10 11 11 11 11 32767
4 7 6 7 11 11 11 11 11 32767
4 7 6 9 9 9 9 9 9 16383
4 7 6 9 9 9 9 9 10 16383
4 7 6 9 9 9 9 9 11 16383
4 7 6 9 9 9 9 10 10 16383
4 7 6 9 9 9 9 10 11 16383
4 7 6 9 9 9 9 11 11 16383
4 7 6 9 9 9 10 10 10 16383
4 7 6 9 9 9 10 10 11 16383
4 7 6 9 9 9 10 11 11 16383
4 7 6 9 9 9 11 11 11 16383
4 7 6 9 9 10 10 10 10 16383
4 7 6 9 9 10 10 10 11 16383
4 7 6 9 9 10 10 11 11 16383
4 7 6 9 9 10 11 11 11 16383
4 7 6 9 9 11 11 11 11 65535
4 7 6 9 10 10 10 10 10 16383
4 7 6 9 10 10 10 10 11 16383
4 7 6 9 10 10 10 11 11 16383
4 7 6 9 10 10 11 11 11 16383
4 7 6 9 10 11 11 11 11 65535
4 7 6 9 11 11 11 11 11 65535
4 7 6 10 10 10 10 10 10 16383
4 7 6 10 10 10 10 10 11 16383
4 7 6 10 10 10 10 11 11 16383
4 7 6 10 10 10 11 11 11 16383
4 7 6 10 10 11 11 11 11 65535
4 7 6 10 11 11 11 11 11 65535
4 7 6 11 11 11 11 11 11 65535
4 7 7 7 7 7 7 7 7 1023
4 7 7 7 7 7 7 7 9 2047
4 7 7 7 7 7 7 7 10 2047
4 7 7 7 7 7 7 7 11 2047
4 7 7 7 7 7 7 9 9 4095
4 7 7 7 7 7 7 9 10 4095
4 7 7 7 7 7 7 9 11 4095
4 7 7 7 7 7 7 10 10 4095
4 7 7 7 7 7 7 10 11 4095
4 7 7 7 7 7 7 11 11 4095
4 7 7 7 7 7 9 9 9 8191
4 7 7 7 7 7 9 9 10 8191
4 7 7 7 7 7 9 9 11 8191
4 7 7 7 7 7 9 10 10 8191
4 7 7 7 7 7 9 10 11 8191
4 7 7 7 7 7 9 11 11 8191
4 7 7 7 7 7 10 10 10 8191
4 7 7 7 7 7 10 10 11 8191
4 7 7 7 7 7 10 11 11 8191
4 7 7 7 7 7 11 11 11 8191
4 7 7 7 7 9 9 9 9 4095
4 7 7 7 7 9 9 9 10 4095
4 7 7 7 7 9 9 9 11 16383
4 7 7 7 7 9 9 10 10 4095
4 7 7 7 7 9 9 10 11 16383
4 7 7 7 7 9 9 11 11 16383
4 7 7 7 7 9 10 10 10 4095
4 7 7 7 7 9 10 10 11 16383
4 7 7 7 7 9 10 11 11 16383
4 7 7 7 7 9 11 11 11 16383
4 7 7 7 7 10 10 10 10 4095
4 7 7 7 7 10 10 10 11 16383
4 7 7 7 7 10 10 11 11 16383
4 7 7 7 7 10 11 11 11 16383
4 7 7 7 7 11 11 11 11 16383
4 7 7 7 9 9 9 9 9 8191
4 7 7 7 9 9 9 9 10 8191
4 7 7 7 9 9 9 9 11 8191
4 7 7 7 9 9 9 10 10 8191
4 7 7 7 9 9 9 10 11 8191
4 7 7 7 9 9 9 11 11 32767
4 7 7 7 9 9 10 10 10 8191
4 7 7 7 9 9 10 10 11 8191
4 7 7 7 9 9 10 11 11 32767
4 7 7 7 9 9 11 11 11 32767
4 7 7 7 9 10 10 10 10 8191
4 7 7 7 9 10 10 10 11 8191
4 7 7 7 9 10 10 11 11 32767
4 7 7 7 9 10 11 11 11 32767
4 7 7 7 9 11 11 11 11 32767
4 7 7 7 10 10 10 10 10 8191
4 7 7 7 10 10 10 10 11 8191
4 7 7 7 10 10 10 11 11 32767
4 7 7 7 10 10 11 11 11 32767
4 7 7 7 10 11 11 11 11 32767
4 7 7 7 11 11 11 11 11 32767
4 7 7 9 9 9 9 9 9 16383
4 7 7 9 9 9 9 9 10 16383
4 7 7 9 9 9 9 9 11 16383
4 7 7 9 9 9 9 10 10 16383
4 7 7 9 9 9 9 10 11 16383
4 7 7 9 9 9 9 11 11 16383
4 7 7 9 9 9 10 10 10 16383
4 7 7 9 9 9 10 10 11 16383
4 7 7 9 9 9 10 11 11 16383
4 7 7 9 9 9 11 11 11 65535
4 7 7 9 9 10 10 10 10 16383
4 7 7 9 9 10 10 10 11 16383
4 7 7 9 9 10 10 11 11 16383
4 7 7 9 9 10 11 11 11 65535
4 7 7 9 9 11 11 11 11 65535
4 7 7 9 10 10 10 10 10 16383
4 7 7 9 10 10 10 10 11 16383
4 7 7 9 10 10 10 11 11 16383
4 7 7 9 10 10 11 11 11 65535
4 7 7 9 10 11 11 11 11 65535
4 7 7 9 11 11 11 11 11 65535
4 7 7 10 10 10 10 10 10 16383
4 7 7 10 10 10 10 10 11 16383
4 7 7 10 10 10 10 11 11 16383
4 7 7 10 10 10 11 11 11 65535
4 7 7 10 10 11 11 11 11 65535
4 7 7 10 11 11 11 11 11 65535
4 7 7 11 11 11 11 11 11 65535
4 7 9 9 9 9 9 9 9 32767
4 7 9 9 9 9 9 9 10 32767
4 7 9 9 9 9 9 9 11 32767
4 7 9 9 9 9 9 10 10 32767
4 7 9 9 9 9 9 10 11 32767
4 7 9 9 9 9 9 11 11 32767
4 7 9 9 9 9 10 10 10 32767
4 7 9 9 9 9 10 10 11 32767
4 7 9 9 9 9 10 11 11 32767
4 7 9 9 9 9 11 11 11 32767
4 7 9 9 9 10 10 10 10 32767
4 7 9 9 9 10 10 10 11 32767
4 7 9 9 9 10 10 11 11 32767
4 7 9 9 9 10 11 11 11 32767
4 7 9 9 9 11 11 11 11 131071
4 7 9 9 10 10 10 10 10 32767
4 7 9 9 10 10 10 10 11 32767
4 7 9 9 10 10 10 11 11 32767
4 7 9 9 10 10 11 11 11 32767
4 7 9 9 10 11 11 11 11 131071
4 7 9 9 11 11 11 11 11 131071
4 7 9 10 10 10 10 10 10 32767
4 7 9 10 10 10 10 10 11 32767
4 7 9 10 10 10 10 11 11 32767
4 7 9 10 10 10 11 11 11 32767
4 7 9 10 10 11 11 11 11 131071
4 7 9 10 11 11 11 11 11 131071
4 7 9 11 11 11 11 11 11 131071
4 7 10 10 10 10 10 10 10 32767
4 7 10 10 10 10 10 10 11 32767
4 7 10 10 10 10 10 11 11 32767
4 7 10 10 10 10 11 11 11 32767
4 7 10 10 10 11 11 11 11 131071
4 7 10 10 11 11 11 11 11 131071
4 7 10 11 11 11 11 11 11 131071
4 7 11 11 11 11 11 11 11 131071
4 8 2 2 2 2 2 2 2 2 1
4 8 2 2 2 2 2 2 2 3 1
4 8 2 2 2 2 2 2 2 5 3
4 8 2 2 2 2 2 2 2 6 3
4 8 2 2 2 2 2 2 2 7 3
4 8 2 2 2 2 2 2 2 9 7
4 8 2 2 2 2 2 2 2 10 7
4 8 2 2 2 2 2 2 2 11 7
4 8 2 2 2 2 2 2 3 3 1
4 8 2 2 2 2 2 2 3 5 3
4 8 2 2 2 2 2 2 3 6 3
4 8 2 2 2 2 2 2 3 7 3
4 8 2 2 2 2 2 2 3 9 7
4 8 2 2 2 2 2 2 3 10 7
4 8 2 2 2 2 2 2 3 11 7
4 8 2 2 2 2 2 2 5 5 7
4 8 2 2 2 2 2 2 5 6 7
4 8 2 2 2 2 2 2 5 7 7
4 8 2 2 2 2 2 2 5 9 15
4 8 2 2 2 2 2 2 5 10 15
4 8 2 2 2 2 2 2 5 11 15
4 8 2 2 2 2 2 2 6 6 7
4 8 2 2 2 2 2 2 6 7 7
4 8 2 2 2 2 2 2 6 9 15
4 8 2 2 2 2 2 2 6 10 15
4 8 2 2 2 2 2 2 6 11 15
4 8 2 2 2 2 2 2 7 7 7
4 8 2 2 2 2 2 2 7 9 15
4 8 2 2 2 2 2 2 7 10 15
4 8 2 2 2 2 2 2 7 11 15
4 8 2 2 2 2 2 2 9 9 31
4 8 2 2 2 2 2 2 9 10 31
4 8 2 2 2 2 2 2 9 11 31
4 8 2 2 2 2 2 2 10 10 31
4 8 2 2 2 2 2 2 10 11 31
4 8 2 2 2 2 2 2 11 11 31
4 8 2 2 2 2 2 3 3 3 7
4 8 2 2 2 2 2 3 3 5 3
4 8 2 2 2 2 2 3 3 6 3
4 8 2 2 2 2 2 3 3 7 15
4 8 2 2 2 2 2 3 3 9 7
4 8 2 2 2 2 2 3 3 10 7
4 8 2 2 2 2 2 3 3 11 31
4 8 2 2 2 2 2 3 5 5 7
4 8 2 2 2 2 2 3 5 6 7
4 8 2 2 2 2 2 3 5 7 7
4 8 2 2 2 2 2 3 5 9 15
4 8 2 2 2 2 2 3 5 10 15
4 8 2 2 2 2 2 3 5 11 15
4 8 2 2 2 2 2 3 6 6 7
4 8 2 2 2 2 2 3 6 7 7
4 8 2 2 2 2 2 3 6 9 15
4 8 2 2 2 2 2 3 6 10 15
4 8 2 2 2 2 2 3 6 11 15
4 8 2 2 2 2 2 3 7 7 31
4 8 2 2 2 2 2 3 7 9 15
4 8 2 2 2 2 2 3 7 10 15
4 8 2 2 2 2 2 3 7 11 63
4 8 2 2 2 2 2 3 9 9 31
4 8 2 2 2 2 2 3 9 10 31
4 8 2 2 2 2 2 3 9 11 31
4 8 2 2 2 2 2 3 10 10 31
4 8 2 2 2 2 2 3 10 11 31
4 8 2 2 2 2 2 3 11 11 127
4 8 2 2 2 2 2 5 5 5 15
4 8 2 2 2 2 2 5 5 6 15
4 8 2 2 2 2 2 5 5 7 15
4 8 2 2 2 2 2 5 5 9 31
4 8 2 2 2 2 2 5 5 10 31
4 8 2 2 2 2 2 5 5 11 31
4 8 2 2 2 2 2 5 6 6 15
4 8 2 2 2 2 2 5 6 7 15
4 8 2 2 2 2 2 5 6 9 31
4 8 2 2 2 2 2 5 6 10 31
4 8 2 2 2 2 2 5 6 11 31
4 8 2 2 2 2 2 5 7 7 15
4 8 2 2 2 2 2 5 7 9 31
4 8 2 2 2 2 2 5 7 10 31
4 8 2 2 2 2 2 5 7 11 31
4 8 2 2 2 2 2 5 9 9 63
4 8 2 2 2 2 2 5 9 10 63
4 8 2 2 2 2 2 5 9 11 63
4 8 2 2 2 2 2 5 10 10 63
4 8 2 2 2 2 2 5 10 11 63
4 8 2 2 2 2 2 5 11 11 63
4 8 2 2 2 2 2 6 6 6 15
4 8 2 2 2 2 2 6 6 7 15
4 8 2 2 2 2 2 6 6 9 31
4 8 2 2 2 2 2 6 6 10 31
4 8 2 2 2 2 2 6 6 11 31
4 8 2 2 2 2 2 6 7 7 15
4 8 2 2 2 2 2 6 7 9 31
4 8 2 2 2 2 2 6 7 10 31
4 8 2 2 2 2 2 6 7 11 31
4 8 2 2 2 2 2 6 9 9 63
4 8 2 2 2 2 2 6 9 10 63
4 8 2 2 2 2 2 6 9 11 63
4 8 2 2 2 2 2 6 10 10 63
4 8 2 2 2 2 2 6 10 11 63
4 8 2 2 2 2 2 6 11 11 63
4 8 2 2 2 2 2 7 7 7 63
4 8 2 2 2 2 2 7 7 9 31
4 8 2 2 2 2 2 7 7 10 31
4 8 2 2 2 2 2 7 7 11 127
4 8 2 2 2 2 2 7 9 9 63
4 8 2 2 2 2 2 7 9 10 63
4 8 2 2 2 2 2 7 9 11 63
4 8 2 2 2 2 2 7 10 10 63
4 8 2 2 2 2 2 7 10 11 63
4 8 2 2 2 2 2 7 11 11 255
4 8 2 2 2 2 2 9 9 9 127
4 8 2 2 2 2 2 9 9 10 127
4 8 2 2 2 2 2 9 9 11 127
4 8 2 2 2 2 2 9 10 10 127
4 8 2 2 2 2 2 9 10 11 127
4 8 2 2 2 2 2 9 11 11 127
4 8 2 2 2 2 2 10 10 10 127
4 8 2 2 2 2 2 10 10 11 127
4 8 2 2 2 2 2 10 11 11 127
4 8 2 2 2 2 2 11 11 11 511
4 8 2 2 2 2 3 3 3 3 7
4 8 2 2 2 2 3 3 3 5 3
4 8 2 2 2 2 3 3 3 6 15
4 8 2 2 2 2 3 3 3 7 15
4 8 2 2 2 2 3 3 3 9 7
4 8 2 2 2 2 3 3 3 10 31
4 8 2 2 2 2 3 3 3 11 31
4 8 2 2 2 2 3 3 5 5 7
4 8 2 2 2 2 3 3 5 6 7
4 8 2 2 2 2 3 3 5 7 7
4 8 2 2 2 2 3 3 5 9 15
4 8 2 2 2 2 3 3 5 10 15
4 8 2 2 2 2 3 3 5 11 15
4 8 2 2 2 2 3 3 6 6 7
4 8 2 2 2 2 3 3 6 7 31
4 8 2 2 2 2 3 3 6 9 15
4 8 2 2 2 2 3 3 6 10 15
4 8 2 2 2 2 3 3 6 11 63
4 8 2 2 2 2 3 3 7 7 31
4 8 2 2 2 2 3 3 7 9 15
4 8 2 2 2 2 3 3 7 10 63
4 8 2 2 2 2 3 3 7 11 63
4 8 2 2 2 2 3 3 9 9 31
4 8 2 2 2 2 3 3 9 10 31
4 8 2 2 2 2 3 3 9 11 31
4 8 2 2 2 2 3 3 10 10 31
4 8 2 2 2 2 3 3 10 11 127
4 8 2 2 2 2 3 3 11 11 127
4 8 2 2 2 2 3 5 5 5 15
4 8 2 2 2 2 3 5 5 6 15
4 8 2 2 2 2 3 5 5 7 15
4 8 2 2 2 2 3 5 5 9 31
4 8 2 2 2 2 3 5 5 10 31
4 8 2 2 2 2 3 5 5 11 31
4 8 2 2 2 2 3 5 6 6 15
4 8 2 2 2 2 3 5 6 7 15
4 8 2 2 2 2 3 5 6 9 31
4 8 2 2 2 2 3 5 6 10 31
4 8 2 2 2 2 3 5 6 11 31
4 8 2 2 2 2 3 5 7 7 15
4 8 2 2 2 2 3 5 7 9 31
4 8 2 2 2 2 3 5 7 10 31
4 8 2 2 2 2 3 5 7 11 31
4 8 2 2 2 2 3 5 9 9 63
4 8 2 2 2 2 3 5 9 10 63
4 8 2 2 2 2 3 5 9 11 63
4 8 2 2 2 2 3 5 10 10 63
4 8 2 2 2 2 3 5 10 11 63
4 8 2 2 2 2 3 5 11 11 63
4 8 2 2 2 2 3 6 6 6 15
4 8 2 2 2 2 3 6 6 7 15
4 8 2 2 2 2 3 6 6 9 31
4 8 2 2 2 2 3 6 6 10 31
4 8 2 2 2 2 3 6 6 11 31
4 8 2 2 2 2 3 6 7 7 63
4 8 2 2 2 2 3 6 7 9 31
4 8 2 2 2 2 3 6 7 10 31
4 8 2 2 2 2 3 6 7 11 127
4 8 2 2 2 2 3 6 9 9 63
4 8 2 2 2 2 3 6 9 10 63
4 8 2 2 2 2 3 6 9 11 63
4 8 2 2 2 2 3 6 10 10 63
4 8 2 2 2 2 3 6 10 11 63
4 8 2 2 2 2 3 6 11 11 255
4 8 2 2 2 2 3 7 7 7 63
4 8 2 2 2 2 3 7 7 9 31
4 8 2 2 2 2 3 7 7 10 127
4 8 2 2 2 2 3 7 7 11 127
4 8 2 2 2 2 3 7 9 9 63
4 8 2 2 2 2 3 7 9 10 63
4 8 2 2 2 2 3 7 9 11 63
4 8 2 2 2 2 3 7 10 10 63
4 8 2 2 2 2 3 7 10 11 255
4 8 2 2 2 2 3 7 11 11 255
4 8 2 2 2 2 3 9 9 9 127
4 8 2 2 2 2 3 9 9 10 127
4 8 2 2 2 2 3 9 9 11 127
4 8 2 2 2 2 3 9 10 10 127
4 8 2 2 2 2 3 9 10 11 127
4 8 2 2 2 2 3 9 11 11 127
4 8 2 2 2 2 3 10 10 10 127
4 8 2 2 2 2 3 10 10 11 127
4 8 2 2 2 2 3 10 11 11 511
4 8 2 2 2 2 3 11 11 11 511
4 8 2 2 2 2 5 5 5 5 31
4 8 2 2 2 2 5 5 5 6 31
4 8 2 2 2 2 5 5 5 7 31
4 8 2 2 2 2 5 5 5 9 63
4 8 2 2 2 2 5 5 5 10 63
4 8 2 2 2 2 5 5 5 11 63
4 8 2 2 2 2 5 5 6 6 31
4 8 2 2 2 2 5 5 6 7 31
4 8 2 2 2 2 5 5 6 9 63
4 8 2 2 2 2 5 5 6 10 63
4 8 2 2 2 2 5 5 6 11 63
4 8 2 2 2 2 5 5 7 7 31
4 8 2 2 2 2 5 5 7 9 63
4 8 2 2 2 2 5 5 7 10 63
4 8 2 2 2 2 5 5 7 11 63
4 8 2 2 2 2 5 5 9 9 127
4 8 2 2 2 2 5 5 9 10 127
4 8 2 2 2 2 5 5 9 11 127
4 8 2 2 2 2 5 5 10 10 127
4 8 2 2 2 2 5 5 10 11 127
4 8 2 2 2 2 5 5 11 11 127
4 8 2 2 2 2 5 6 6 6 31
4 8 2 2 2 2 5 6 6 7 31
4 8 2 2 2 2 5 6 6 9 63
4 8 2 2 2 2 5 6 6 10 63
4 8 2 2 2 2 5 6 6 11 63
4 8 2 2 2 2 5 6 7 7 31
4 8 2 2 2 2 5 6 7 9 63
4 8 2 2 2 2 5 6 7 10 63
4 8 2 2 2 2 5 6 7 11 63
4 8 2 2 2 2 5 6 9 9 127
4 8 2 2 2 2 5 6 9 10 127
4 8 2 2 2 2 5 6 9 11 127
4 8 2 2 2 2 5 6 10 10 127
4 8 2 2 2 2 5 6 10 11 127
4 8 2 2 2 2 5 6 11 11 127
4 8 2 2 2 2 5 7 7 7 31
4 8 2 2 2 2 5 7 7 9 63
4 8 2 2 2 2 5 7 7 10 63
4 8 2 2 2 2 5 7 7 11 63
4 8 2 2 2 2 5 7 9 9 127
4 8 2 2 2 2 5 7 9 10 127
4 8 2 2 2 2 5 7 9 11 127
4 8 2 2 2 2 5 7 10 10 127
4 8 2 2 2 2 5 7 10 11 127
4 8 2 2 2 2 5 7 11 11 127
4 8 2 2 2 2 5 9 9 9 255
4 8 2 2 2 2 5 9 9 10 255
4 8 2 2 2 2 5 9 9 11 255
4 8 2 2 2 2 5 9 10 10 255
4 8 2 2 2 2 5 9 10 11 255
4 8 2 2 2 2 5 9 11 11 255
4 8 2 2 2 2 5 10 10 10 255
4 8 2 2 2 2 5 10 10 11 255
4 8 2 2 2 2 5 10 11 11 255
4 8 2 2 2 2 5 11 11 11 255
4 8 2 2 2 2 6 6 6 6 31
4 8 2 2 2 2 6 6 6 7 31
4 8 2 2 2 2 6 6 6 9 63
4 8 2 2 2 2 6 6 6 10 63
4 8 2 2 2 2 6 6 6 11 63
4 8 2 2 2 2 6 6 7 7 31
4 8 2 2 2 2 6 6 7 9 63
4 8 2 2 2 2 6 6 7 10 63
4 8 2 2 2 2 6 6 7 11 63
4 8 2 2 2 2 6 6 9 9 127
4 8 2 2 2 2 6 6 9 10 127
4 8 2 2 2 2 6 6 9 11 127
4 8 2 2 2 2 6 6 10 10 127
4 8 2 2 2 2 6 6 10 11 127
4 8 2 2 2 2 6 6 11 11 127
4 8 2 2 2 2 6 7 7 7 127
4 8 2 2 2 2 6 7 7 9 63
4 8 2 2 2 2 6 7 7 10 63
4 8 2 2 2 2 6 7 7 11 255
4 8 2 2 2 2 6 7 9 9 127
4 8 2 2 2 2 6 7 9 10 127
4 8 2 2 2 2 6 7 9 11 127
4 8 2 2 2 2 6 7 10 10 127
4 8 2 2 2 2 6 7 10 11 127
4 8 2 2 2 2 6 7 11 11 511
4 8 2 2 2 2 6 9 9 9 255
4 8 2 2 2 2 6 9 9 10 255
4 8 2 2 2 2 6 9 9 11 255
4 8 2 2 2 2 6 9 10 10 255
4 8 2 2 2 2 6 9 10 11 255
4 8 2 2 2 2 6 9 11 11 255
4 8 2 2 2 2 6 10 10 10 255
4 8 2 2 2 2 6 10 10 11 255
4 8 2 2 2 2 6 10 11 11 255
4 8 2 2 2 2 6 11 11 11 1023
4 8 2 2 2 2 7 7 7 7 127
4 8 2 2 2 2 7 7 7 9 63
4 8 2 2 2 2 7 7 7 10 255
4 8 2 2 2 2 7 7 7 11 255
4 8 2 2 2 2 7 7 9 9 127
4 8 2 2 2 2 7 7 9 10 127
4 8 2 2 2 2 7 7 9 11 127
4 8 2 2 2 2 7 7 10 10 127
4 8 2 2 2 2 7 7 10 11 511
4 8 2 2 2 2 7 7 11 11 511
4 8 2 2 2 2 7 9 9 9 255
4 8 2 2 2 2 7 9 9 10 255
4 8 2 2 2 2 7 9 9 11 255
4 8 2 2 2 2 7 9 10 10 255
4 8 2 2 2 2 7 9 10 11 255
4 8 2 2 2 2 7 9 11 11 255
4 8 2 2 2 2 7 10 10 10 255
4 8 2 2 2 2 7 10 10 11 255
4 8 2 2 2 2 7 10 11 11 1023
4 8 2 2 2 2 7 11 11 11 1023
4 8 2 2 2 2 9 9 9 9 511
4 8 2 2 2 2 9 9 9 10 511
4 8 2 2 2 2 9 9 9 11 511
4 8 2 2 2 2 9 9 10 10 511
4 8 2 2 2 2 9 9 10 11 511
4 8 2 2 2 2 9 9 11 11 511
4 8 2 2 2 2 9 10 10 10 511
4 8 2 2 2 2 9 10 10 11 511
4 8 2 2 2 2 9 10 11 11 511
4 8 2 2 2 2 9 11 11 11 511
4 8 2 2 2 2 10 10 10 10 511
4 8 2 2 2 2 10 10 10 11 511
4 8 2 2 2 2 10 10 11 11 511
4 8 2 2 2 2 10 11 11 11 2047
4 8 2 2 2 2 11 11 11 11 2047
4 8 2 2 2 3 3 3 3 3 7
4 8 2 2 2 3 3 3 3 5 15
4 8 2 2 2 3 3 3 3 6 15
4 8 2 2 2 3 3 3 3 7 15
4 8 2 2 2 3 3 3 3 9 31
4 8 2 2 2 3 3 3 3 10 31
4 8 2 2 2 3 3 3 3 11 31
4 8 2 2 2 3 3 3 5 5 7
4 8 2 2 2 3 3 3 5 6 7
4 8 2 2 2 3 3 3 5 7 31
4 8 2 2 2 3 3 3 5 9 15
4 8 2 2 2 3 3 3 5 10 15
4 8 2 2 2 3 3 3 5 11 63
4 8 2 2 2 3 3 3 6 6 31
4 8 2 2 2 3 3 3 6 7 31
4 8 2 2 2 3 3 3 6 9 15
4 8 2 2 2 3 3 3 6 10 63
4 8 2 2 2 3 3 3 6 11 63
4 8 2 2 2 3 3 3 7 7 31
4 8 2 2 2 3 3 3 7 9 63
4 8 2 2 2 3 3 3 7 10 63
4 8 2 2 2 3 3 3 7 11 63
4 8 2 2 2 3 3 3 9 9 31
4 8 2 2 2 3 3 3 9 10 31
4 8 2 2 2 3 3 3 9 11 127
4 8 2 2 2 3 3 3 10 10 127
4 8 2 2 2 3 3 3 10 11 127
4 8 2 2 2 3 3 3 11 11 127
4 8 2 2 2 3 3 5 5 5 15
4 8 2 2 2 3 3 5 5 6 15
4 8 2 2 2 3 3 5 5 7 15
4 8 2 2 2 3 3 5 5 9 31
4 8 2 2 2 3 3 5 5 10 31
4 8 2 2 2 3 3 5 5 11 31
4 8 2 2 2 3 3 5 6 6 15
4 8 2 2 2 3 3 5 6 7 15
4 8 2 2 2 3 3 5 6 9 31
4 8 2 2 2 3 3 5 6 10 31
4 8 2 2 2 3 3 5 6 11 31
4 8 2 2 2 3 3 5 7 7 63
4 8 2 2 2 3 3 5 7 9 31
4 8 2 2 2 3 3 5 7 10 31
4 8 2 2 2 3 3 5 7 11 127
4 8 2 2 2 3 3 5 9 9 63
4 8 2 2 2 3 3 5 9 10 63
4 8 2 2 2 3 3 5 9 11 63
4 8 2 2 2 3 3 5 10 10 63
4 8 2 2 2 3 3 5 10 11 63
4 8 2 2 2 3 3 5 11 11 255
4 8 2 2 2 3 3 6 6 6 15
4 8 2 2 2 3 3 6 6 7 63
4 8 2 2 2 3 3 6 6 9 31
4 8 2 2 2 3 3 6 6 10 31
4 8 2 2 2 3 3 6 6 11 127
4 8 2 2 2 3 3 6 7 7 63
4 8 2 2 2 3 3 6 7 9 31
4 8 2 2 2 3 3 6 7 10 127
4 8 2 2 2 3 3 6 7 11 127
4 8 2 2 2 3 3 6 9 9 63
4 8 2 2 2 3 3 6 9 10 63
4 8 2 2 2 3 3 6 9 11 63
4 8 2 2 2 3 3 6 10 10 63
4 8 2 2 2 3 3 6 10 11 255
4 8 2 2 2 3 3 6 11 11 255
4 8 2 2 2 3 3 7 7 7 63
4 8 2 2 2 3 3 7 7 9 127
4 8 2 2 2 3 3 7 7 10 127
4 8 2 2 2 3 3 7 7 11 127
4 8 2 2 2 3 3 7 9 9 63
4 8 2 2 2 3 3 7 9 10 63
4 8 2 2 2 3 3 7 9 11 255
4 8 2 2 2 3 3 7 10 10 255
4 8 2 2 2 3 3 7 10 11 255
4 8 2 2 2 3 3 7 11 11 255
4 8 2 2 2 3 3 9 9 9 127
4 8 2 2 2 3 3 9 9 10 127
4 8 2 2 2 3 3 9 9 11 127
4 8 2 2 2 3 3 9 10 10 127
4 8 2 2 2 3 3 9 10 11 127
4 8 2 2 2 3 3 9 11 11 511
4 8 2 2 2 3 3 10 10 10 127
4 8 2 2 2 3 3 10 10 11 511
4 8 2 2 2 3 3 10 11 11 511
4 8 2 2 2 3 3 11 11 11 511
4 8 2 2 2 3 5 5 5 5 31
4 8 2 2 2 3 5 5 5 6 31
4 8 2 2 2 3 5 5 5 7 31
4 8 2 2 2 3 5 5 5 9 63
4 8 2 2 2 3 5 5 5 10 63
4 8 2 2 2 3 5 5 5 11 63
4 8 2 2 2 3 5 5 6 6 31
4 8 2 2 2 3 5 5 6 7 31
4 8 2 2 2 3 5 5 6 9 63
4 8 2 2 2 3 5 5 6 10 63
4 8 2 2 2 3 5 5 6 11 63
4 8 2 2 2 3 5 5 7 7 31
4 8 2 2 2 3 5 5 7 9 63
4 8 2 2 2 3 5 5 7 10 63
4 8 2 2 2 3 5 5 7 11 63
4 8 2 2 2 3 5 5 9 9 127
4 8 2 2 2 3 5 5 9 10 127
4 8 2 2 2 3 5 5 9 11 127
4 8 2 2 2 3 5 5 10 10 127
4 8 2 2 2 3 5 5 10 11 127
4 8 2 2 2 3 5 5 11 11 127
4 8 2 2 2 3 5 6 6 6 31
4 8 2 2 2 3 5 6 6 7 31
4 8 2 2 2 3 5 6 6 9 63
4 8 2 2 2 3 5 6 6 10 63
4 8 2 2 2 3 5 6 6 11 63
4 8 2 2 2 3 5 6 7 7 31
4 8 2 2 2 3 5 6 7 9 63
4 8 2 2 2 3 5 6 7 10 63
4 8 2 2 2 3 5 6 7 11 63
4 8 2 2 2 3 5 6 9 9 127
4 8 2 2 2 3 5 6 9 10 127
4 8 2 2 2 3 5 6 9 11 127
4 8 2 2 2 3 5 6 10 10 127
4 8 2 2 2 3 5 6 10 11 127
4 8 2 2 2 3 5 6 11 11 127
4 8 2 2 2 3 5 7 7 7 127
4 8 2 2 2 3 5 7 7 9 63
4 8 2 2 2 3 5 7 7 10 63
4 8 2 2 2 3 5 7 7 11 255
4 8 2 2 2 3 5 7 9 9 127
4 8 2 2 2 3 5 7 9 10 127
4 8 2 2 2 3 5 7 9 11 127
4 8 2 2 2 3 5 7 10 10 127
4 8 2 2 2 3 5 7 10 11 127
4 8 2 2 2 3 5 7 11 11 511
4 8 2 2 2 3 5 9 9 9 255
4 8 2 2 2 3 5 9 9 10 255
4 8 2 2 2 3 5 9 9 11 255
4 8 2 2 2 3 5 9 10 10 255
4 8 2 2 2 3 5 9 10 11 255
4 8 2 2 2 3 5 9 11 11 255
4 8 2 2 2 3 5 10 10 10 255
4 8 2 2 2 3 5 10 10 11 255
4 8 2 2 2 3 5 10 11 11 255
4 8 2 2 2 3 5 11 11 11 1023
4 8 2 2 2 3 6 6 6 6 31
4 8 2 2 2 3 6 6 6 7 31
4 8 2 2 2 3 6 6 6 9 63
4 8 2 2 2 3 6 6 6 10 63
4 8 2 2 2 3 6 6 6 11 63
4 8 2 2 2 3 6 6 7 7 127
4 8 2 2 2 3 6 6 7 9 63
4 8 2 2 2 3 6 6 7 10 63
4 8 2 2 2 3 6 6 7 11 255
4 8 2 2 2 3 6 6 9 9 127
4 8 2 2 2 3 6 6 9 10 127
4 8 2 2 2 3 6 6 9 11 127
4 8 2 2 2 3 6 6 10 10 127
4 8 2 2 2 3 6 6 10 11 127
4 8 2 2 2 3 6 6 11 11 511
4 8 2 2 2 3 6 7 7 7 127
4 8 2 2 2 3 6 7 7 9 63
4 8 2 2 2 3 6 7 7 10 255
4 8 2 2 2 3 6 7 7 11 255
4 8 2 2 2 3 6 7 9 9 127
4 8 2 2 2 3 6 7 9 10 127
4 8 2 2 2 3 6 7 9 11 127
4 8 2 2 2 3 6 7 10 10 127
4 8 2 2 2 3 6 7 10 11 511
4 8 2 2 2 3 6 7 11 11 511
4 8 2 2 2 3 6 9 9 9 255
4 8 2 2 2 3 6 9 9 10 255
4 8 2 2 2 3 6 9 9 11 255
4 8 2 2 2 3 6 9 10 10 255
4 8 2 2 2 3 6 9 10 11 255
4 8 2 2 2 3 6 9 11 11 255
4 8 2 2 2 3 6 10 10 10 255
4 8 2 2 2 3 6 10 10 11 255
4 8 2 2 2 3 6 10 11 11 1023
4 8 2 2 2 3 6 11 11 11 1023
4 8 2 2 2 3 7 7 7 7 127
4 8 2 2 2 3 7 7 7 9 255
4 8 2 2 2 3 7 7 7 10 255
4 8 2 2 2 3 7 7 7 11 255
4 8 2 2 2 3 7 7 9 9 127
4 8 2 2 2 3 7 7 9 10 127
4 8 2 2 2 3 7 7 9 11 511
4 8 2 2 2 3 7 7 10 10 511
4 8 2 2 2 3 7 7 10 11 511
4 8 2 2 2 3 7 7 11 11 511
4 8 2 2 2 3 7 9 9 9 255
4 8 2 2 2 3 7 9 9 10 255
4 8 2 2 2 3 7 9 9 11 255
4 8 2 2 2 3 7 9 10 10 255
4 8 2 2 2 3 7 9 10 11 255
4 8 2 2 2 3 7 9 11 11 1023
4 8 2 2 2 3 7 10 10 10 255
4 8 2 2 2 3 7 10 10 11 1023
4 8 2 2 2 3 7 10 11 11 1023
4 8 2 2 2 3 7 11 11 11 1023
4 8 2 2 2 3 9 9 9 9 511
4 8 2 2 2 3 9 9 9 10 511
4 8 2 2 2 3 9 9 9 11 511
4 8 2 2 2 3 9 9 10 10 511
4 8 2 2 2 3 9 9 10 11 511
4 8 2 2 2 3 9 9 11 11 511
4 8 2 2 2 3 9 10 10 10 511
4 8 2 2 2 3 9 10 10 11 511
4 8 2 2 2 3 9 10 11 11 511
4 8 2 2 2 3 9 11 11 11 2047
4 8 2 2 2 3 10 10 10 10 511
4 8 2 2 2 3 10 10 10 11 511
4 8 2 2 2 3 10 10 11 11 2047
4 8 2 2 2 3 10 11 11 11 2047
4 8 2 2 2 3 11 11 11 11 2047
4 8 2 2 2 5 5 5 5 5 63
4 8 2 2 2 5 5 5 5 6 63
4 8 2 2 2 5 5 5 5 7 63
4 8 2 2 2 5 5 5 5 9 127
4 8 2 2 2 5 5 5 5 10 127
4 8 2 2 2 5 5 5 5 11 127
4 8 2 2 2 5 5 5 6 6 63
4 8 2 2 2 5 5 5 6 7 63
4 8 2 2 2 5 5 5 6 9 127
4 8 2 2 2 5 5 5 6 10 127
4 8 2 2 2 5 5 5 6 11 127
4 8 2 2 2 5 5 5 7 7 63
4 8 2 2 2 5 5 5 7 9 127
4 8 2 2 2 5 5 5 7 10 127
4 8 2 2 2 5 5 5 7 11 127
4 8 2 2 2 5 5 5 9 9 255
4 8 2 2 2 5 5 5 9 10 255
4 8 2 2 2 5 5 5 9 11 255
4 8 2 2 2 5 5 5 10 10 255
4 8 2 2 2 5 5 5 10 11 255
4 8 2 2 2 5 5 5 11 11 255
4 8 2 2 2 5 5 6 6 6 63
4 8 2 2 2 5 5 6 6 7 63
4 8 2 2 2 5 5 6 6 9 127
4 8 2 2 2 5 5 6 6 10 127
4 8 2 2 2 5 5 6 6 11 127
4 8 2 2 2 5 5 6 7 7 63
4 8 2 2 2 5 5 6 7 9 127
4 8 2 2 2 5 5 6 7 10 127
4 8 2 2 2 5 5 6 7 11 127
4 8 2 2 2 5 5 6 9 9 255
4 8 2 2 2 5 5 6 9 10 255
4 8 2 2 2 5 5 6 9 11 255
4 8 2 2 2 5 5 6 10 10 255
4 8 2 2 2 5 5 6 10 11 255
4 8 2 2 2 5 5 6 11 11 255
4 8 2 2 2 5 5 7 7 7 63
4 8 2 2 2 5 5 7 7 9 127
4 8 2 2 2 5 5 7 7 10 127
4 8 2 2 2 5 5 7 7 11 127
4 8 2 2 2 5 5 7 9 9 255
4 8 2 2 2 5 5 7 9 10 255
4 8 2 2 2 5 5 7 9 11 255
4 8 2 2 2 5 5 7 10 10 255
4 8 2 2 2 5 5 7 10 11 255
4 8 2 2 2 5 5 7 11 11 255
4 8 2 2 2 5 5 9 9 9 511
4 8 2 2 2 5 5 9 9 10 511
4 8 2 2 2 5 5 9 9 11 511
4 8 2 2 2 5 5 9 10 10 511
4 8 2 2 2 5 5 9 10 11 511
4 8 2 2 2 5 5 9 11 11 511
4 8 2 2 2 5 5 10 10 10 511
4 8 2 2 2 5 5 10 10 11 511
4 8 2 2 2 5 5 10 11 11 511
4 8 2 2 2 5 5 11 11 11 511
4 8 2 2 2 5 6 6 6 6 63
4 8 2 2 2 5 6 6 6 7 63
4 8 2 2 2 5 6 6 6 9 127
4 8 2 2 2 5 6 6 6 10 127
4 8 2 2 2 5 6 6 6 11 127
4 8 2 2 2 5 6 6 7 7 63
4 8 2 2 2 5 6 6 7 9 127
4 8 2 2 2 5 6 6 7 10 127
4 8 2 2 2 5 6 6 7 11 127
4 8 2 2 2 5 6 6 9 9 255
4 8 2 2 2 5 6 6 9 10 255
4 8 2 2 2 5 6 6 9 11 255
4 8 2 2 2 5 6 6 10 10 255
4 8 2 2 2 5 6 6 10 11 255
4 8 2 2 2 5 6 6 11 11 255
4 8 2 2 2 5 6 7 7 7 63
4 8 2 2 2 5 6 7 7 9 127
4 8 2 2 2 5 6 7 7 10 127
4 8 2 2 2 5 6 7 7 11 127
4 8 2 2 2 5 6 7 9 9 255
4 8 2 2 2 5 6 7 9 10 255
4 8 2 2 2 5 6 7 9 11 255
4 8 2 2 2 5 6 7 10 10 255
4 8 2 2 2 5 6 7 10 11 255
4 8 2 2 2 5 6 7 11 11 255
4 8 2 2 2 5 6 9 9 9 511
4 8 2 2 2 5 6 9 9 10 511
4 8 2 2 2 5 6 9 9 11 511
4 8 2 2 2 5 6 9 10 10 511
4 8 2 2 2 5 6 9 10 11 511
4 8 2 2 2 5 6 9 11 11 511
4 8 2 2 2 5 6 10 10 10 511
4 8 2 2 2 5 6 10 10 11 511
4 8 2 2 2 5 6 10 11 11 511
4 8 2 2 2 5 6 11 11 11 511
4 8 2 2 2 5 7 7 7 7 255
4 8 2 2 2 5 7 7 7 9 127
4 8 2 2 2 5 7 7 7 10 127
4 8 2 2 2 5 7 7 7 11 511
4 8 2 2 2 5 7 7 9 9 255
4 8 2 2 2 5 7 7 9 10 255
4 8 2 2 2 5 7 7 9 11 255
4 8 2 2 2 5 7 7 10 10 255
4 8 2 2 2 5 7 7 10 11 255
4 8 2 2 2 5 7 7 11 11 1023
4 8 2 2 2 5 7 9 9 9 511
4 8 2 2 2 5 7 9 9 10 511
4 8 2 2 2 5 7 9 9 11 511
4 8 2 2 2 5 7 9 10 10 511
4 8 2 2 2 5 7 9 10 11 511
4 8 2 2 2 5 7 9 11 11 511
4 8 2 2 2 5 7 10 10 10 511
4 8 2 2 2 5 7 10 10 11 511
4 8 2 2 2 5 7 10 11 11 511
4 8 2 2 2 5 7 11 11 11 2047
4 8 2 2 2 5 9 9 9 9 1023
4 8 2 2 2 5 9 9 9 10 1023
4 8 2 2 2 5 9 9 9 11 1023
4 8 2 2 2 5 9 9 10 10 1023
4 8 2 2 2 5 9 9 10 11 1023
4 8 2 2 2 5 9 9 11 11 1023
4 8 2 2 2 5 9 10 10 10 1023
4 8 2 2 2 5 9 10 10 11 1023
4 8 2 2 2 5 9 10 11 11 1023
4 8 2 2 2 5 9 11 11 11 1023
4 8 2 2 2 5 10 10 10 10 1023
4 8 2 2 2 5 10 10 10 11 1023
4 8 2 2 2 5 10 10 11 11 1023
4 8 2 2 2 5 10 11 11 11 1023
4 8 2 2 2 5 11 11 11 11 4095
4 8 2 2 2 6 6 6 6 6 63
4 8 2 2 2 6 6 6 6 7 63
4 8 2 2 2 6 6 6 6 9 127
4 8 2 2 2 6 6 6 6 10 127
4 8 2 2 2 6 6 6 6 11 127
4 8 2 2 2 6 6 6 7 7 63
4 8 2 2 2 6 6 6 7 9 127
4 8 2 2 2 6 6 6 7 10 127
4 8 2 2 2 6 6 6 7 11 127
4 8 2 2 2 6 6 6 9 9 255
4 8 2 2 2 6 6 6 9 10 255
4 8 2 2 2 6 6 6 9 11 255
4 8 2 2 2 6 6 6 10 10 255
4 8 2 2 2 6 6 6 10 11 255
4 8 2 2 2 6 6 6 11 11 255
4 8 2 2 2 6 6 7 7 7 255
4 8 2 2 2 6 6 7 7 9 127
4 8 2 2 2 6 6 7 7 10 127
4 8 2 2 2 6 6 7 7 11 511
4 8 2 2 2 6 6 7 9 9 255
4 8 2 2 2 6 6 7 9 10 255
4 8 2 2 2 6 6 7 9 11 255
4 8 2 2 2 6 6 7 10 10 255
4 8 2 2 2 6 6 7 10 11 255
4 8 2 2 2 6 6 7 11 11 1023
4 8 2 2 2 6 6 9 9 9 511
4 8 2 2 2 6 6 9 9 10 511
4 8 2 2 2 6 6 9 9 11 511
4 8 2 2 2 6 6 9 10 10 511
4 8 2 2 2 6 6 9 10 11 511
4 8 2 2 2 6 6 9 11 11 511
4 8 2 2 2 6 6 10 10 10 511
4 8 2 2 2 6 6 10 10 11 511
4 8 2 2 2 6 6 10 11 11 511
4 8 2 2 2 6 6 11 11 11 2047
4 8 2 2 2 6 7 7 7 7 255
4 8 2 2 2 6 7 7 7 9 127
4 8 2 2 2 6 7 7 7 10 511
4 8 2 2 2 6 7 7 7 11 511
4 8 2 2 2 6 7 7 9 9 255
4 8 2 2 2 6 7 7 9 10 255
4 8 2 2 2 6 7 7 9 11 255
4 8 2 2 2 6 7 7 10 10 255
4 8 2 2 2 6 7 7 10 11 1023
4 8 2 2 2 6 7 7 11 11 1023
4 8 2 2 2 6 7 9 9 9 511
4 8 2 2 2 6 7 9 9 10 511
4 8 2 2 2 6 7 9 9 11 511
4 8 2 2 2 6 7 9 10 10 511
4 8 2 2 2 6 7 9 10 11 511
4 8 2 2 2 6 7 9 11 11 511
4 8 2 2 2 6 7 10 10 10 511
4 8 2 2 2 6 7 10 10 11 511
4 8 2 2 2 6 7 10 11 11 2047
4 8 2 2 2 6 7 11 11 11 2047
4 8 2 2 2 6 9 9 9 9 1023
4 8 2 2 2 6 9 9 9 10 1023
4 8 2 2 2 6 9 9 9 11 1023
4 8 2 2 2 6 9 9 10 10 1023
4 8 2 2 2 6 9 9 10 11 1023
4 8 2 2 2 6 9 9 11 11 1023
4 8 2 2 2 6 9 10 10 10 1023
4 8 2 2 2 6 9 10 10 11 1023
4 8 2 2 2 6 9 10 11 11 1023
4 8 2 2 2 6 9 11 11 11 1023
4 8 2 2 2 6 10 10 10 10 1023
4 8 2 2 2 6 10 10 10 11 1023
4 8 2 2 2 6 10 10 11 11 1023
4 8 2 2 2 6 10 11 11 11 4095
4 8 2 2 2 6 11 11 11 11 4095
4 8 2 2 2 7 7 7 7 7 255
4 8 2 2 2 7 7 7 7 9 511
4 8 2 2 2 7 7 7 7 10 511
4 8 2 2 2 7 7 7 7 11 511
4 8 2 2 2 7 7 7 9 9 255
4 8 2 2 2 7 7 7 9 10 255
4 8 2 2 2 7 7 7 9 11 1023
4 8 2 2 2 7 7 7 10 10 1023
4 8 2 2 2 7 7 7 10 11 1023
4 8 2 2 2 7 7 7 11 11 1023
4 8 2 2 2 7 7 9 9 9 511
4 8 2 2 2 7 7 9 9 10 511
4 8 2 2 2 7 7 9 9 11 511
4 8 2 2 2 7 7 9 10 10 511
4 8 2 2 2 7 7 9 10 11 511
4 8 2 2 2 7 7 9 11 11 2047
4 8 2 2 2 7 7 10 10 10 511
4 8 2 2 2 7 7 10 10 11 2047
4 8 2 2 2 7 7 10 11 11 2047
4 8 2 2 2 7 7 11 11 11 2047
4 8 2 2 2 7 9 9 9 9 1023
4 8 2 2 2 7 9 9 9 10 1023
4 8 2 2 2 7 9 9 9 11 1023
4 8 2 2 2 7 9 9 10 10 1023
4 8 2 2 2 7 9 9 10 11 1023
4 8 2 2 2 7 9 9 11 11 1023
4 8 2 2 2 7 9 10 10 10 1023
4 8 2 2 2 7 9 10 10 11 1023
4 8 2 2 2 7 9 10 11 11 1023
4 8 2 2 2 7 9 11 11 11 4095
4 8 2 2 2 7 10 10 10 10 1023
4 8 2 2 2 7 10 10 10 11 1023
4 8 2 2 2 7 10 10 11 11 4095
4 8 2 2 2 7 10 11 11 11 4095
4 8 2 2 2 7 11 11 11 11 4095
4 8 2 2 2 9 9 9 9 9 2047
4 8 2 2 2 9 9 9 9 10 2047
4 8 2 2 2 9 9 9 9 11 2047
4 8 2 2 2 9 9 9 10 10 2047
4 8 2 2 2 9 9 9 10 11 2047
4 8 2 2 2 9 9 9 11 11 2047
4 8 2 2 2 9 9 10 10 10 2047
4 8 2 2 2 9 9 10 10 11 2047
4 8 2 2 2 9 9 10 11 11 2047
4 8 2 2 2 9 9 11 11 11 2047
4 8 2 2 2 9 10 10 10 10 2047
4 8 2 2 2 9 10 10 10 11 2047
4 8 2 2 2 9 10 10 11 11 2047
4 8 2 2 2 9 10 11 11 11 2047
4 8 2 2 2 9 11 11 11 11 8191
4 8 2 2 2 10 10 10 10 10 2047
4 8 2 2 2 10 10 10 10 11 2047
4 8 2 2 2 10 10 10 11 11 2047
4 8 2 2 2 10 10 11 11 11 8191
4 8 2 2 2 10 11 11 11 11 8191
4 8 2 2 2 11 11 11 11 11 8191
4 8 2 2 3 3 3 3 3 3 7
4 8 2 2 3 3 3 3 3 5 15
4 8 2 2 3 3 3 3 3 6 15
4 8 2 2 3 3 3 3 3 7 15
4 8 2 2 3 3 3 3 3 9 31
4 8 2 2 3 3 3 3 3 10 31
4 8 2 2 3 3 3 3 3 11 31
4 8 2 2 3 3 3 3 5 5 31
4 8 2 2 3 3 3 3 5 6 31
4 8 2 2 3 3 3 3 5 7 31
4 8 2 2 3 3 3 3 5 9 63
4 8 2 2 3 3 3 3 5 10 63
4 8 2 2 3 3 3 3 5 11 63
4 8 2 2 3 3 3 3 6 6 31
4 8 2 2 3 3 3 3 6 7 31
4 8 2 2 3 3 3 3 6 9 63
4 8 2 2 3 3 3 3 6 10 63
4 8 2 2 3 3 3 3 6 11 63
4 8 2 2 3 3 3 3 7 7 31
4 8 2 2 3 3 3 3 7 9 63
4 8 2 2 3 3 3 3 7 10 63
4 8 2 2 3 3 3 3 7 11 63
4 8 2 2 3 3 3 3 9 9 127
4 8 2 2 3 3 3 3 9 10 127
4 8 2 2 3 3 3 3 9 11 127
4 8 2 2 3 3 3 3 10 10 127
4 8 2 2 3 3 3 3 10 11 127
4 8 2 2 3 3 3 3 11 11 127
4 8 2 2 3 3 3 5 5 5 15
4 8 2 2 3 3 3 5 5 6 15
4 8 2 2 3 3 3 5 5 7 63
4 8 2 2 3 3 3 5 5 9 31
4 8 2 2 3 3 3 5 5 10 31
4 8 2 2 3 3 3 5 5 11 127
4 8 2 2 3 3 3 5 6 6 15
4 8 2 2 3 3 3 5 6 7 63
4 8 2 2 3 3 3 5 6 9 31
4 8 2 2 3 3 3 5 6 10 31
4 8 2 2 3 3 3 5 6 11 127
4 8 2 2 3 3 3 5 7 7 63
4 8 2 2 3 3 3 5 7 9 127
4 8 2 2 3 3 3 5 7 10 127
4 8 2 2 3 3 3 5 7 11 127
4 8 2 2 3 3 3 5 9 9 63
4 8 2 2 3 3 3 5 9 10 63
4 8 2 2 3 3 3 5 9 11 255
4 8 2 2 3 3 3 5 10 10 63
4 8 2 2 3 3 3 5 10 11 255
4 8 2 2 3 3 3 5 11 11 255
4 8 2 2 3 3 3 6 6 6 63
4 8 2 2 3 3 3 6 6 7 63
4 8 2 2 3 3 3 6 6 9 31
4 8 2 2 3 3 3 6 6 10 127
4 8 2 2 3 3 3 6 6 11 127
4 8 2 2 3 3 3 6 7 7 63
4 8 2 2 3 3 3 6 7 9 127
4 8 2 2 3 3 3 6 7 10 127
4 8 2 2 3 3 3 6 7 11 127
4 8 2 2 3 3 3 6 9 9 63
4 8 2 2 3 3 3 6 9 10 63
4 8 2 2 3 3 3 6 9 11 255
4 8 2 2 3 3 3 6 10 10 255
4 8 2 2 3 3 3 6 10 11 255
4 8 2 2 3 3 3 6 11 11 255
4 8 2 2 3 3 3 7 7 7 63
4 8 2 2 3 3 3 7 7 9 127
4 8 2 2 3 3 3 7 7 10 127
4 8 2 2 3 3 3 7 7 11 127
4 8 2 2 3 3 3 7 9 9 255
4 8 2 2 3 3 3 7 9 10 255
4 8 2 2 3 3 3 7 9 11 255
4 8 2 2 3 3 3 7 10 10 255
4 8 2 2 3 3 3 7 10 11 255
4 8 2 2 3 3 3 7 11 11 255
4 8 2 2 3 3 3 9 9 9 127
4 8 2 2 3 3 3 9 9 10 127
4 8 2 2 3 3 3 9 9 11 511
4 8 2 2 3 3 3 9 10 10 127
4 8 2 2 3 3 3 9 10 11 511
4 8 2 2 3 3 3 9 11 11 511
4 8 2 2 3 3 3 10 10 10 511
4 8 2 2 3 3 3 10 10 11 511
4 8 2 2 3 3 3 10 11 11 511
4 8 2 2 3 3 3 11 11 11 511
4 8 2 2 3 3 5 5 5 5 31
4 8 2 2 3 3 5 5 5 6 31
4 8 2 2 3 3 5 5 5 7 31
4 8 2 2 3 3 5 5 5 9 63
4 8 2 2 3 3 5 5 5 10 63
4 8 2 2 3 3 5 5 5 11 63
4 8 2 2 3 3 5 5 6 6 31
4 8 2 2 3 3 5 5 6 7 31
4 8 2 2 3 3 5 5 6 9 63
4 8 2 2 3 3 5 5 6 10 63
4 8 2 2 3 3 5 5 6 11 63
4 8 2 2 3 3 5 5 7 7 127
4 8 2 2 3 3 5 5 7 9 63
4 8 2 2 3 3 5 5 7 10 63
4 8 2 2 3 3 5 5 7 11 255
4 8 2 2 3 3 5 5 9 9 127
4 8 2 2 3 3 5 5 9 10 127
4 8 2 2 3 3 5 5 9 11 127
4 8 2 2 3 3 5 5 10 10 127
4 8 2 2 3 3 5 5 10 11 127
4 8 2 2 3 3 5 5 11 11 511
4 8 2 2 3 3 5 6 6 6 31
4 8 2 2 3 3 5 6 6 7 31
4 8 2 2 3 3 5 6 6 9 63
4 8 2 2 3 3 5 6 6 10 63
4 8 2 2 3 3 5 6 6 11 63
4 8 2 2 3 3 5 6 7 7 127
4 8 2 2 3 3 5 6 7 9 63
4 8 2 2 3 3 5 6 7 10 63
4 8 2 2 3 3 5 6 7 11 255
4 8 2 2 3 3 5 6 9 9 127
4 8 2 2 3 3 5 6 9 10 127
4 8 2 2 3 3 5 6 9 11 127
4 8 2 2 3 3 5 6 10 10 127
4 8 2 2 3 3 5 6 10 11 127
4 8 2 2 3 3 5 6 11 11 511
4 8 2 2 3 3 5 7 7 7 127
4 8 2 2 3 3 5 7 7 9 255
4 8 2 2 3 3 5 7 7 10 255
4 8 2 2 3 3 5 7 7 11 255
4 8 2 2 3 3 5 7 9 9 127
4 8 2 2 3 3 5 7 9 10 127
4 8 2 2 3 3 5 7 9 11 511
4 8 2 2 3 3 5 7 10 10 127
4 8 2 2 3 3 5 7 10 11 511
4 8 2 2 3 3 5 7 11 11 511
4 8 2 2 3 3 5 9 9 9 255
4 8 2 2 3 3 5 9 9 10 255
4 8 2 2 3 3 5 9 9 11 255
4 8 2 2 3 3 5 9 10 10 255
4 8 2 2 3 3 5 9 10 11 255
4 8 2 2 3 3 5 9 11 11 1023
4 8 2 2 3 3 5 10 10 10 255
4 8 2 2 3 3 5 10 10 11 255
4 8 2 2 3 3 5 10 11 11 1023
4 8 2 2 3 3 5 11 11 11 1023
4 8 2 2 3 3 6 6 6 6 31
4 8 2 2 3 3 6 6 6 7 127
4 8 2 2 3 3 6 6 6 9 63
4 8 2 2 3 3 6 6 6 10 63
4 8 2 2 3 3 6 6 6 11 255
4 8 2 2 3 3 6 6 7 7 127
4 8 2 2 3 3 6 6 7 9 63
4 8 2 2 3 3 6 6 7 10 255
4 8 2 2 3 3 6 6 7 11 255
4 8 2 2 3 3 6 6 9 9 127
4 8 2 2 3 3 6 6 9 10 127
4 8 2 2 3 3 6 6 9 11 127
4 8 2 2 3 3 6 6 10 10 127
4 8 2 2 3 3 6 6 10 11 511
4 8 2 2 3 3 6 6 11 11 511
4 8 2 2 3 3 6 7 7 7 127
4 8 2 2 3 3 6 7 7 9 255
4 8 2 2 3 3 6 7 7 10 255
4 8 2 2 3 3 6 7 7 11 255
4 8 2 2 3 3 6 7 9 9 127
4 8 2 2 3 3 6 7 9 10 127
4 8 2 2 3 3 6 7 9 11 511
4 8 2 2 3 3 6 7 10 10 511
4 8 2 2 3 3 6 7 10 11 511
4 8 2 2 3 3 6 7 11 11 511
4 8 2 2 3 3 6 9 9 9 255
4 8 2 2 3 3 6 9 9 10 255
4 8 2 2 3 3 6 9 9 11 255
4 8 2 2 3 3 6 9 10 10 255
4 8 2 2 3 3 6 9 10 11 255
4 8 2 2 3 3 6 9 11 11 1023
4 8 2 2 3 3 6 10 10 10 255
4 8 2 2 3 3 6 10 10 11 1023
4 8 2 2 3 3 6 10 11 11 1023
4 8 2 2 3 3 6 11 11 11 1023
4 8 2 2 3 3 7 7 7 7 127
4 8 2 2 3 3 7 7 7 9 255
4 8 2 2 3 3 7 7 7 10 255
4 8 2 2 3 3 7 7 7 11 255
4 8 2 2 3 3 7 7 9 9 511
4 8 2 2 3 3 7 7 9 10 511
4 8 2 2 3 3 7 7 9 11 511
4 8 2 2 3 3 7 7 10 10 511
4 8 2 2 3 3 7 7 10 11 511
4 8 2 2 3 3 7 7 11 11 511
4 8 2 2 3 3 7 9 9 9 255
4 8 2 2 3 3 7 9 9 10 255
4 8 2 2 3 3 7 9 9 11 1023
4 8 2 2 3 3 7 9 10 10 255
4 8 2 2 3 3 7 9 10 11 1023
4 8 2 2 3 3 7 9 11 11 1023
4 8 2 2 3 3 7 10 10 10 1023
4 8 2 2 3 3 7 10 10 11 1023
4 8 2 2 3 3 7 10 11 11 1023
4 8 2 2 3 3 7 11 11 11 1023
4 8 2 2 3 3 9 9 9 9 511
4 8 2 2 3 3 9 9 9 10 511
4 8 2 2 3 3 9 9 9 11 511
4 8 2 2 3 3 9 9 10 10 511
4 8 2 2 3 3 9 9 10 11 511
4 8 2 2 3 3 9 9 11 11 2047
4 8 2 2 3 3 9 10 10 10 511
4 8 2 2 3 3 9 10 10 11 511
4 8 2 2 3 3 9 10 11 11 2047
4 8 2 2 3 3 9 11 11 11 2047
4 8 2 2 3 3 10 10 10 10 511
4 8 2 2 3 3 10 10 10 11 2047
4 8 2 2 3 3 10 10 11 11 2047
4 8 2 2 3 3 10 11 11 11 2047
4 8 2 2 3 3 11 11 11 11 2047
4 8 2 2 3 5 5 5 5 5 63
4 8 2 2 3 5 5 5 5 6 63
4 8 2 2 3 5 5 5 5 7 63
4 8 2 2 3 5 5 5 5 9 127
4 8 2 2 3 5 5 5 5 10 127
4 8 2 2 3 5 5 5 5 11 127
4 8 2 2 3 5 5 5 6 6 63
4 8 2 2 3 5 5 5 6 7 63
4 8 2 2 3 5 5 5 6 9 127
4 8 2 2 3 5 5 5 6 10 127
4 8 2 2 3 5 5 5 6 11 127
4 8 2 2 3 5 5 5 7 7 63
4 8 2 2 3 5 5 5 7 9 127
4 8 2 2 3 5 5 5 7 10 127
4 8 2 2 3 5 5 5 7 11 127
4 8 2 2 3 5 5 5 9 9 255
4 8 2 2 3 5 5 5 9 10 255
4 8 2 2 3 5 5 5 9 11 255
4 8 2 2 3 5 5 5 10 10 255
4 8 2 2 3 5 5 5 10 11 255
4 8 2 2 3 5 5 5 11 11 255
4 8 2 2 3 5 5 6 6 6 63
4 8 2 2 3 5 5 6 6 7 63
4 8 2 2 3 5 5 6 6 9 127
4 8 2 2 3 5 5 6 6 10 127
4 8 2 2 3 5 5 6 6 11 127
4 8 2 2 3 5 5 6 7 7 63
4 8 2 2 3 5 5 6 7 9 127
4 8 2 2 3 5 5 6 7 10 127
4 8 2 2 3 5 5 6 7 11 127
4 8 2 2 3 5 5 6 9 9 255
4 8 2 2 3 5 5 6 9 10 255
4 8 2 2 3 5 5 6 9 11 255
4 8 2 2 3 5 5 6 10 10 255
4 8 2 2 3 5 5 6 10 11 255
4 8 2 2 3 5 5 6 11 11 255
4 8 2 2 3 5 5 7 7 7 255
4 8 2 2 3 5 5 7 7 9 127
4 8 2 2 3 5 5 7 7 10 127
4 8 2 2 3 5 5 7 7 11 511
4 8 2 2 3 5 5 7 9 9 255
4 8 2 2 3 5 5 7 9 10 255
4 8 2 2 3 5 5 7 9 11 255
4 8 2 2 3 5 5 7 10 10 255
4 8 2 2 3 5 5 7 10 11 255
4 8 2 2 3 5 5 7 11 11 1023
4 8 2 2 3 5 5 9 9 9 511
4 8 2 2 3 5 5 9 9 10 511
4 8 2 2 3 5 5 9 9 11 511
4 8 2 2 3 5 5 9 10 10 511
4 8 2 2 3 5 5 9 10 11 511
4 8 2 2 3 5 5 9 11 11 511
4 8 2 2 3 5 5 10 10 10 511
4 8 2 2 3 5 5 10 10 11 511
4 8 2 2 3 5 5 10 11 11 511
4 8 2 2 3 5 5 11 11 11 2047
4 8 2 2 3 5 6 6 6 6 63
4 8 2 2 3 5 6 6 6 7 63
4 8 2 2 3 5 6 6 6 9 127
4 8 2 2 3 5 6 6 6 10 127
4 8 2 2 3 5 6 6 6 11 127
4 8 2 2 3 5 6 6 7 7 63
4 8 2 2 3 5 6 6 7 9 127
4 8 2 2 3 5 6 6 7 10 127
4 8 2 2 3 5 6 6 7 11 127
4 8 2 2 3 5 6 6 9 9 255
4 8 2 2 3 5 6 6 9 10 255
4 8 2 2 3 5 6 6 9 11 255
4 8 2 2 3 5 6 6 10 10 255
4 8 2 2 3 5 6 6 10 11 255
4 8 2 2 3 5 6 6 11 11 255
4 8 2 2 3 5 6 7 7 7 255
4 8 2 2 3 5 6 7 7 9 127
4 8 2 2 3 5 6 7 7 10 127
4 8 2 2 3 5 6 7 7 11 511
4 8 2 2 3 5 6 7 9 9 255
4 8 2 2 3 5 6 7 9 10 255
4 8 2 2 3 5 6 7 9 11 255
4 8 2 2 3 5 6 7 10 10 255
4 8 2 2 3 5 6 7 10 11 255
4 8 2 2 3 5 6 7 11 11 1023
4 8 2 2 3 5 6 9 9 9 511
4 8 2 2 3 5 6 9 9 10 511
4 8 2 2 3 5 6 9 9 11 511
4 8 2 2 3 5 6 9 10 10 511
4 8 2 2 3 5 6 9 10 11 511
4 8 2 2 3 5 6 9 11 11 511
4 8 2 2 3 5 6 10 10 10 511
4 8 2 2 3 5 6 10 10 11 511
4 8 2 2 3 5 6 10 11 11 511
4 8 2 2 3 5 6 11 11 11 2047
4 8 2 2 3 5 7 7 7 7 255
4 8 2 2 3 5 7 7 7 9 511
4 8 2 2 3 5 7 7 7 10 511
4 8 2 2 3 5 7 7 7 11 511
4 8 2 2 3 5 7 7 9 9 255
4 8 2 2 3 5 7 7 9 10 255
4 8 2 2 3 5 7 7 9 11 1023
4 8 2 2 3 5 7 7 10 10 255
4 8 2 2 3 5 7 7 10 11 1023
4 8 2 2 3 5 7 7 11 11 1023
4 8 2 2 3 5 7 9 9 9 511
4 8 2 2 3 5 7 9 9 10 511
4 8 2 2 3 5 7 9 9 11 511
4 8 2 2 3 5 7 9 10 10 511
4 8 2 2 3 5 7 9 10 11 511
4 8 2 2 3 5 7 9 11 11 2047
4 8 2 2 3 5 7 10 10 10 511
4 8 2 2 3 5 7 10 10 11 511
4 8 2 2 3 5 7 10 11 11 2047
4 8 2 2 3 5 7 11 11 11 2047
4 8 2 2 3 5 9 9 9 9 1023
4 8 2 2 3 5 9 9 9 10 1023
4 8 2 2 3 5 9 9 9 11 1023
4 8 2 2 3 5 9 9 10 10 1023
4 8 2 2 3 5 9 9 10 11 1023
4 8 2 2 3 5 9 9 11 11 1023
4 8 2 2 3 5 9 10 10 10 1023
4 8 2 2 3 5 9 10 10 11 1023
4 8 2 2 3 5 9 10 11 11 1023
4 8 2 2 3 5 9 11 11 11 4095
4 8 2 2 3 5 10 10 10 10 1023
4 8 2 2 3 5 10 10 10 11 1023
4 8 2 2 3 5 10 10 11 11 1023
4 8 2 2 3 5 10 11 11 11 4095
4 8 2 2 3 5 11 11 11 11 4095
4 8 2 2 3 6 6 6 6 6 63
4 8 2 2 3 6 6 6 6 7 63
4 8 2 2 3 6 6 6 6 9 127
4 8 2 2 3 6 6 6 6 10 127
4 8 2 2 3 6 6 6 6 11 127
4 8 2 2 3 6 6 6 7 7 255
4 8 2 2 3 6 6 6 7 9 127
4 8 2 2 3 6 6 6 7 10 127
4 8 2 2 3 6 6 6 7 11 511
4 8 2 2 3 6 6 6 9 9 255
4 8 2 2 3 6 6 6 9 10 255
4 8 2 2 3 6 6 6 9 11 255
4 8 2 2 3 6 6 6 10 10 255
4 8 2 2 3 6 6 6 10 11 255
4 8 2 2 3 6 6 6 11 11 1023
4 8 2 2 3 6 6 7 7 7 255
4 8 2 2 3 6 6 7 7 9 127
4 8 2 2 3 6 6 7 7 10 511
4 8 2 2 3 6 6 7 7 11 511
4 8 2 2 3 6 6 7 9 9 255
4 8 2 2 3 6 6 7 9 10 255
4 8 2 2 3 6 6 7 9 11 255
4 8 2 2 3 6 6 7 10 10 255
4 8 2 2 3 6 6 7 10 11 1023
4 8 2 2 3 6 6 7 11 11 1023
4 8 2 2 3 6 6 9 9 9 511
4 8 2 2 3 6 6 9 9 10 511
4 8 2 2 3 6 6 9 9 11 511
4 8 2 2 3 6 6 9 10 10 511
4 8 2 2 3 6 6 9 10 11 511
4 8 2 2 3 6 6 9 11 11 511
4 8 2 2 3 6 6 10 10 10 511
4 8 2 2 3 6 6 10 10 11 511
4 8 2 2 3 6 6 10 11 11 2047
4 8 2 2 3 6 6 11 11 11 2047
4 8 2 2 3 6 7 7 7 7 255
4 8 2 2 3 6 7 7 7 9 511
4 8 2 2 3 6 7 7 7 10 511
4 8 2 2 3 6 7 7 7 11 511
4 8 2 2 3 6 7 7 9 9 255
4 8 2 2 3 6 7 7 9 10 255
4 8 2 2 3 6 7 7 9 11 1023
4 8 2 2 3 6 7 7 10 10 1023
4 8 2 2 3 6 7 7 10 11 1023
4 8 2 2 3 6 7 7 11 11 1023
4 8 2 2 3 6 7 9 9 9 511
4 8 2 2 3 6 7 9 9 10 511
4 8 2 2 3 6 7 9 9 11 511
4 8 2 2 3 6 7 9 10 10 511
4 8 2 2 3 6 7 9 10 11 511
4 8 2 2 3 6 7 9 11 11 2047
4 8 2 2 3 6 7 10 10 10 511
4 8 2 2 3 6 7 10 10 11 2047
4 8 2 2 3 6 7 10 11 11 2047
4 8 2 2 3 6 7 11 11 11 2047
4 8 2 2 3 6 9 9 9 9 1023
4 8 2 2 3 6 9 9 9 10 1023
4 8 2 2 3 6 9 9 9 11 1023
4 8 2 2 3 6 9 9 10 10 1023
4 8 2 2 3 6 9 9 10 11 1023
4 8 2 2 3 6 9 9 11 11 1023
4 8 2 2 3 6 9 10 10 10 1023
4 8 2 2 3 6 9 10 10 11 1023
4 8 2 2 3 6 9 10 11 11 1023
4 8 2 2 3 6 9 11 11 11 4095
4 8 2 2 3 6 10 10 10 10 1023
4 8 2 2 3 6 10 10 10 11 1023
4 8 2 2 3 6 10 10 11 11 4095
4 8 2 2 3 6 10 11 11 11 4095
4 8 2 2 3 6 11 11 11 11 4095
4 8 2 2 3 7 7 7 7 7 255
4 8 2 2 3 7 7 7 7 9 511
4 8 2 2 3 7 7 7 7 10 511
4 8 2 2 3 7 7 7 7 11 511
4 8 2 2 3 7 7 7 9 9 1023
4 8 2 2 3 7 7 7 9 10 1023
4 8 2 2 3 7 7 7 9 11 1023
4 8 2 2 3 7 7 7 10 10 1023
4 8 2 2 3 7 7 7 10 11 1023
4 8 2 2 3 7 7 7 11 11 1023
4 8 2 2 3 7 7 9 9 9 511
4 8 2 2 3 7 7 9 9 10 511
4 8 2 2 3 7 7 9 9 11 2047
4 8 2 2 3 7 7 9 10 10 511
4 8 2 2 3 7 7 9 10 11 2047
4 8 2 2 3 7 7 9 11 11 2047
4 8 2 2 3 7 7 10 10 10 2047
4 8 2 2 3 7 7 10 10 11 2047
4 8 2 2 3 7 7 10 11 11 2047
4 8 2 2 3 7 7 11 11 11 2047
4 8 2 2 3 7 9 9 9 9 1023
4 8 2 2 3 7 9 9 9 10 1023
4 8 2 2 3 7 9 9 9 11 1023
4 8 2 2 3 7 9 9 10 10 1023
4 8 2 2 3 7 9 9 10 11 1023
4 8 2 2 3 7 9 9 11 11 4095
4 8 2 2 3 7 9 10 10 10 1023
4 8 2 2 3 7 9 10 10 11 1023
4 8 2 2 3 7 9 10 11 11 4095
4 8 2 2 3 7 9 11 11 11 4095
4 8 2 2 3 7 10 10 10 10 1023
4 8 2 2 3 7 10 10 10 11 4095
4 8 2 2 3 7 10 10 11 11 4095
4 8 2 2 3 7 10 11 11 11 4095
4 8 2 2 3 7 11 11 11 11 4095
4 8 2 2 3 9 9 9 9 9 2047
4 8 2 2 3 9 9 9 9 10 2047
4 8 2 2 3 9 9 9 9 11 2047
4 8 2 2 3 9 9 9 10 10 2047
4 8 2 2 3 9 9 9 10 11 2047
4 8 2 2 3 9 9 9 11 11 2047
4 8 2 2 3 9 9 10 10 10 2047
4 8 2 2 3 9 9 10 10 11 2047
4 8 2 2 3 9 9 10 11 11 2047
4 8 2 2 3 9 9 11 11 11 8191
4 8 2 2 3 9 10 10 10 10 2047
4 8 2 2 3 9 10 10 10 11 2047
4 8 2 2 3 9 10 10 11 11 2047
4 8 2 2 3 9 10 11 11 11 8191
4 8 2 2 3 9 11 11 11 11 8191
4 8 2 2 3 10 10 10 10 10 2047
4 8 2 2 3 10 10 10 10 11 2047
4 8 2 2 3 10 10 10 11 11 8191
4 8 2 2 3 10 10 11 11 11 8191
4 8 2 2 3 10 11 11 11 11 8191
4 8 2 2 3 11 11 11 11 11 8191
4 8 2 2 5 5 5 5 5 5 127
4 8 2 2 5 5 5 5 5 6 127
4 8 2 2 5 5 5 5 5 7 127
4 8 2 2 5 5 5 5 5 9 255
4 8 2 2 5 5 5 5 5 10 255
4 8 2 2 5 5 5 5 5 11 255
4 8 2 2 5 5 5 5 6 6 127
4 8 2 2 5 5 5 5 6 7 127
4 8 2 2 5 5 5 5 6 9 255
4 8 2 2 5 5 5 5 6 10 255
4 8 2 2 5 5 5 5 6 11 255
4 8 2 2 5 5 5 5 7 7 127
4 8 2 2 5 5 5 5 7 9 255
4 8 2 2 5 5 5 5 7 10 255
4 8 2 2 5 5 5 5 7 11 255
4 8 2 2 5 5 5 5 9 9 511
4 8 2 2 5 5 5 5 9 10 511
4 8 2 2 5 5 5 5 9 11 511
4 8 2 2 5 5 5 5 10 10 511
4 8 2 2 5 5 5 5 10 11 511
4 8 2 2 5 5 5 5 11 11 511
4 8 2 2 5 5 5 6 6 6 127
4 8 2 2 5 5 5 6 6 7 127
4 8 2 2 5 5 5 6 6 9 255
4 8 2 2 5 5 5 6 6 10 255
4 8 2 2 5 5 5 6 6 11 255
4 8 2 2 5 5 5 6 7 7 127
4 8 2 2 5 5 5 6 7 9 255
4 8 2 2 5 5 5 6 7 10 255
4 8 2 2 5 5 5 6 7 11 255
4 8 2 2 5 5 5 6 9 9 511
4 8 2 2 5 5 5 6 9 10 511
4 8 2 2 5 5 5 6 9 11 511
4 8 2 2 5 5 5 6 10 10 511
4 8 2 2 5 5 5 6 10 11 511
4 8 2 2 5 5 5 6 11 11 511
4 8 2 2 5 5 5 7 7 7 127
4 8 2 2 5 5 5 7 7 9 255
4 8 2 2 5 5 5 7 7 10 255
4 8 2 2 5 5 5 7 7 11 255
4 8 2 2 5 5 5 7 9 9 511
4 8 2 2 5 5 5 7 9 10 511
4 8 2 2 5 5 5 7 9 11 511
4 8 2 2 5 5 5 7 10 10 511
4 8 2 2 5 5 5 7 10 11 511
4 8 2 2 5 5 5 7 11 11 511
4 8 2 2 5 5 5 9 9 9 1023
4 8 2 2 5 5 5 9 9 10 1023
4 8 2 2 5 5 5 9 9 11 1023
4 8 2 2 5 5 5 9 10 10 1023
4 8 2 2 5 5 5 9 10 11 1023
4 8 2 2 5 5 5 9 11 11 1023
4 8 2 2 5 5 5 10 10 10 1023
4 8 2 2 5 5 5 10 10 11 1023
4 8 2 2 5 5 5 10 11 11 1023
4 8 2 2 5 5 5 11 11 11 1023
4 8 2 2 5 5 6 6 6 6 127
4 8 2 2 5 5 6 6 6 7 127
4 8 2 2 5 5 6 6 6 9 255
4 8 2 2 5 5 6 6 6 10 255
4 8 2 2 5 5 6 6 6 11 255
4 8 2 2 5 5 6 6 7 7 127
4 8 2 2 5 5 6 6 7 9 255
4 8 2 2 5 5 6 6 7 10 255
4 8 2 2 5 5 6 6 7 11 255
4 8 2 2 5 5 6 6 9 9 511
4 8 2 2 5 5 6 6 9 10 511
4 8 2 2 5 5 6 6 9 11 511
4 8 2 2 5 5 6 6 10 10 511
4 8 2 2 5 5 6 6 10 11 511
4 8 2 2 5 5 6 6 11 11 511
4 8 2 2 5 5 6 7 7 7 127
4 8 2 2 5 5 6 7 7 9 255
4 8 2 2 5 5 6 7 7 10 255
4 8 2 2 5 5 6 7 7 11 255
4 8 2 2 5 5 6 7 9 9 511
4 8 2 2 5 5 6 7 9 10 511
4 8 2 2 5 5 6 7 9 11 511
4 8 2 2 5 5 6 7 10 10 511
4 8 2 2 5 5 6 7 10 11 511
4 8 2 2 5 5 6 7 11 11 511
4 8 2 2 5 5 6 9 9 9 1023
4 8 2 2 5 5 6 9 9 10 1023
4 8 2 2 5 5 6 9 9 11 1023
4 8 2 2 5 5 6 9 10 10 1023
4 8 2 2 5 5 6 9 10 11 1023
4 8 2 2 5 5 6 9 11 11 1023
4 8 2 2 5 5 6 10 10 10 1023
4 8 2 2 5 5 6 10 10 11 1023
4 8 2 2 5 5 6 10 11 11 1023
4 8 2 2 5 5 6 11 11 11 1023
4 8 2 2 5 5 7 7 7 7 511
4 8 2 2 5 5 7 7 7 9 255
4 8 2 2 5 5 7 7 7 10 255
4 8 2 2 5 5 7 7 7 11 1023
4 8 2 2 5 5 7 7 9 9 511
4 8 2 2 5 5 7 7 9 10 511
4 8 2 2 5 5 7 7 9 11 511
4 8 2 2 5 5 7 7 10 10 511
4 8 2 2 5 5 7 7 10 11 511
4 8 2 2 5 5 7 7 11 11 2047
4 8 2 2 5 5 7 9 9 9 1023
4 8 2 2 5 5 7 9 9 10 1023
4 8 2 2 5 5 7 9 9 11 1023
4 8 2 2 5 5 7 9 10 10 1023
4 8 2 2 5 5 7 9 10 11 1023
4 8 2 2 5 5 7 9 11 11 1023
4 8 2 2 5 5 7 10 10 10 1023
4 8 2 2 5 5 7 10 10 11 1023
4 8 2 2 5 5 7 10 11 11 1023
4 8 2 2 5 5 7 11 11 11 4095
4 8 2 2 5 5 9 9 9 9 2047
4 8 2 2 5 5 9 9 9 10 2047
4 8 2 2 5 5 9 9 9 11 2047
4 8 2 2 5 5 9 9 10 10 2047
4 8 2 2 5 5 9 9 10 11 2047
4 8 2 2 5 5 9 9 11 11 2047
4 8 2 2 5 5 9 10 10 10 2047
4 8 2 2 5 5 9 10 10 11 2047
4 8 2 2 5 5 9 10 11 11 2047
4 8 2 2 5 5 9 11 11 11 2047
4 8 2 2 5 5 10 10 10 10 2047
4 8 2 2 5 5 10 10 10 11 2047
4 8 2 2 5 5 10 10 11 11 2047
4 8 2 2 5 5 10 11 11 11 2047
4 8 2 2 5 5 11 11 11 11 8191
4 8 2 2 5 6 6 6 6 6 127
4 8 2 2 5 6 6 6 6 7 127
4 8 2 2 5 6 6 6 6 9 255
4 8 2 2 5 6 6 6 6 10 255
4 8 2 2 5 6 6 6 6 11 255
4 8 2 2 5 6 6 6 7 7 127
4 8 2 2 5 6 6 6 7 9 255
4 8 2 2 5 6 6 6 7 10 255
4 8 2 2 5 6 6 6 7 11 255
4 8 2 2 5 6 6 6 9 9 511
4 8 2 2 5 6 6 6 9 10 511
4 8 2 2 5 6 6 6 9 11 511
4 8 2 2 5 6 6 6 10 10 511
4 8 2 2 5 6 6 6 10 11 511
4 8 2 2 5 6 6 6 11 11 511
4 8 2 2 5 6 6 7 7 7 127
4 8 2 2 5 6 6 7 7 9 255
4 8 2 2 5 6 6 7 7 10 255
4 8 2 2 5 6 6 7 7 11 255
4 8 2 2 5 6 6 7 9 9 511
4 8 2 2 5 6 6 7 9 10 511
4 8 2 2 5 6 6 7 9 11 511
4 8 2 2 5 6 6 7 10 10 511
4 8 2 2 5 6 6 7 10 11 511
4 8 2 2 5 6 6 7 11 11 511
4 8 2 2 5 6 6 9 9 9 1023
4 8 2 2 5 6 6 9 9 10 1023
4 8 2 2 5 6 6 9 9 11 1023
4 8 2 2 5 6 6 9 10 10 1023
4 8 2 2 5 6 6 9 10 11 1023
4 8 2 2 5 6 6 9 11 11 1023
4 8 2 2 5 6 6 10 10 10 1023
4 8 2 2 5 6 6 10 10 11 1023
4 8 2 2 5 6 6 10 11 11 1023
4 8 2 2 5 6 6 11 11 11 1023
4 8 2 2 5 6 7 7 7 7 511
4 8 2 2 5 6 7 7 7 9 255
4 8 2 2 5 6 7 7 7 10 255
4 8 2 2 5 6 7 7 7 11 1023
4 8 2 2 5 6 7 7 9 9 511
4 8 2 2 5 6 7 7 9 10 511
4 8 2 2 5 6 7 7 9 11 511
4 8 2 2 5 6 7 7 10 10 511
4 8 2 2 5 6 7 7 10 11 511
4 8 2 2 5 6 7 7 11 11 2047
4 8 2 2 5 6 7 9 9 9 1023
4 8 2 2 5 6 7 9 9 10 1023
4 8 2 2 5 6 7 9 9 11 1023
4 8 2 2 5 6 7 9 10 10 1023
4 8 2 2 5 6 7 9 10 11 1023
4 8 2 2 5 6 7 9 11 11 1023
4 8 2 2 5 6 7 10 10 10 1023
4 8 2 2 5 6 7 10 10 11 1023
4 8 2 2 5 6 7 10 11 11 1023
4 8 2 2 5 6 7 11 11 11 4095
4 8 2 2 5 6 9 9 9 9 2047
4 8 2 2 5 6 9 9 9 10 2047
4 8 2 2 5 6 9 9 9 11 2047
4 8 2 2 5 6 9 9 10 10 2047
4 8 2 2 5 6 9 9 10 11 2047
4 8 2 2 5 6 9 9 11 11 2047
4 8 2 2 5 6 9 10 10 10 2047
4 8 2 2 5 6 9 10 10 11 2047
4 8 2 2 5 6 9 10 11 11 2047
4 8 2 2 5 6 9 11 11 11 2047
4 8 2 2 5 6 10 10 10 10 2047
4 8 2 2 5 6 10 10 10 11 2047
4 8 2 2 5 6 10 10 11 11 2047
4 8 2 2 5 6 10 11 11 11 2047
4 8 2 2 5 6 11 11 11 11 8191
4 8 2 2 5 7 7 7 7 7 511
4 8 2 2 5 7 7 7 7 9 1023
4 8 2 2 5 7 7 7 7 10 1023
4 8 2 2 5 7 7 7 7 11 1023
4 8 2 2 5 7 7 7 9 9 511
4 8 2 2 5 7 7 7 9 10 511
4 8 2 2 5 7 7 7 9 11 2047
4 8 2 2 5 7 7 7 10 10 511
4 8 2 2 5 7 7 7 10 11 2047
4 8 2 2 5 7 7 7 11 11 2047
4 8 2 2 5 7 7 9 9 9 1023
4 8 2 2 5 7 7 9 9 10 1023
4 8 2 2 5 7 7 9 9 11 1023
4 8 2 2 5 7 7 9 10 10 1023
4 8 2 2 5 7 7 9 10 11 1023
4 8 2 2 5 7 7 9 11 11 4095
4 8 2 2 5 7 7 10 10 10 1023
4 8 2 2 5 7 7 10 10 11 1023
4 8 2 2 5 7 7 10 11 11 4095
4 8 2 2 5 7 7 11 11 11 4095
4 8 2 2 5 7 9 9 9 9 2047
4 8 2 2 5 7 9 9 9 10 2047
4 8 2 2 5 7 9 9 9 11 2047
4 8 2 2 5 7 9 9 10 10 2047
4 8 2 2 5 7 9 9 10 11 2047
4 8 2 2 5 7 9 9 11 11 2047
4 8 2 2 5 7 9 10 10 10 2047
4 8 2 2 5 7 9 10 10 11 2047
4 8 2 2 5 7 9 10 11 11 2047
4 8 2 2 5 7 9 11 11 11 8191
4 8 2 2 5 7 10 10 10 10 2047
4 8 2 2 5 7 10 10 10 11 2047
4 8 2 2 5 7 10 10 11 11 2047
4 8 2 2 5 7 10 11 11 11 8191
4 8 2 2 5 7 11 11 11 11 8191
4 8 2 2 5 9 9 9 9 9 4095
4 8 2 2 5 9 9 9 9 10 4095
4 8 2 2 5 9 9 9 9 11 4095
4 8 2 2 5 9 9 9 10 10 4095
4 8 2 2 5 9 9 9 10 11 4095
4 8 2 2 5 9 9 9 11 11 4095
4 8 2 2 5 9 9 10 10 10 4095
4 8 2 2 5 9 9 10 10 11 4095
4 8 2 2 5 9 9 10 11 11 4095
4 8 2 2 5 9 9 11 11 11 4095
4 8 2 2 5 9 10 10 10 10 4095
4 8 2 2 5 9 10 10 10 11 4095
4 8 2 2 5 9 10 10 11 11 4095
4 8 2 2 5 9 10 11 11 11 4095
4 8 2 2 5 9 11 11 11 11 16383
4 8 2 2 5 10 10 10 10 10 4095
4 8 2 2 5 10 10 10 10 11 4095
4 8 2 2 5 10 10 10 11 11 4095
4 8 2 2 5 10 10 11 11 11 4095
4 8 2 2 5 10 11 11 11 11 16383
4 8 2 2 5 11 11 11 11 11 16383
4 8 2 2 6 6 6 6 6 6 127
4 8 2 2 6 6 6 6 6 7 127
4 8 2 2 6 6 6 6 6 9 255
4 8 2 2 6 6 6 6 6 10 255
4 8 2 2 6 6 6 6 6 11 255
4 8 2 2 6 6 6 6 7 7 127
4 8 2 2 6 6 6 6 7 9 255
4 8 2 2 6 6 6 6 7 10 255
4 8 2 2 6 6 6 6 7 11 255
4 8 2 2 6 6 6 6 9 9 511
4 8 2 2 6 6 6 6 9 10 511
4 8 2 2 6 6 6 6 9 11 511
4 8 2 2 6 6 6 6 10 10 511
4 8 2 2 6 6 6 6 10 11 511
4 8 2 2 6 6 6 6 11 11 511
4 8 2 2 6 6 6 7 7 7 511
4 8 2 2 6 6 6 7 7 9 255
4 8 2 2 6 6 6 7 7 10 255
4 8 2 2 6 6 6 7 7 11 1023
4 8 2 2 6 6 6 7 9 9 511
4 8 2 2 6 6 6 7 9 10 511
4 8 2 2 6 6 6 7 9 11 511
4 8 2 2 6 6 6 7 10 10 511
4 8 2 2 6 6 6 7 10 11 511
4 8 2 2 6 6 6 7 11 11 2047
4 8 2 2 6 6 6 9 9 9 1023
4 8 2 2 6 6 6 9 9 10 1023
4 8 2 2 6 6 6 9 9 11 1023
4 8 2 2 6 6 6 9 10 10 1023
4 8 2 2 6 6 6 9 10 11 1023
4 8 2 2 6 6 6 9 11 11 1023
4 8 2 2 6 6 6 10 10 10 1023
4 8 2 2 6 6 6 10 10 11 1023
4 8 2 2 6 6 6 10 11 11 1023
4 8 2 2 6 6 6 11 11 11 4095
4 8 2 2 6 6 7 7 7 7 511
4 8 2 2 6 6 7 7 7 9 255
4 8 2 2 6 6 7 7 7 10 1023
4 8 2 2 6 6 7 7 7 11 1023
4 8 2 2 6 6 7 7 9 9 511
4 8 2 2 6 6 7 7 9 10 511
4 8 2 2 6 6 7 7 9 11 511
4 8 2 2 6 6 7 7 10 10 511
4 8 2 2 6 6 7 7 10 11 2047
4 8 2 2 6 6 7 7 11 11 2047
4 8 2 2 6 6 7 9 9 9 1023
4 8 2 2 6 6 7 9 9 10 1023
4 8 2 2 6 6 7 9 9 11 1023
4 8 2 2 6 6 7 9 10 10 1023
4 8 2 2 6 6 7 9 10 11 1023
4 8 2 2 6 6 7 9 11 11 1023
4 8 2 2 6 6 7 10 10 10 1023
4 8 2 2 6 6 7 10 10 11 1023
4 8 2 2 6 6 7 10 11 11 4095
4 8 2 2 6 6 7 11 11 11 4095
4 8 2 2 6 6 9 9 9 9 2047
4 8 2 2 6 6 9 9 9 10 2047
4 8 2 2 6 6 9 9 9 11 2047
4 8 2 2 6 6 9 9 10 10 2047
4 8 2 2 6 6 9 9 10 11 2047
4 8 2 2 6 6 9 9 11 11 2047
4 8 2 2 6 6 9 10 10 10 2047
4 8 2 2 6 6 9 10 10 11 2047
4 8 2 2 6 6 9 10 11 11 2047
4 8 2 2 6 6 9 11 11 11 2047
4 8 2 2 6 6 10 10 10 10 2047
4 8 2 2 6 6 10 10 10 11 2047
4 8 2 2 6 6 10 10 11 11 2047
4 8 2 2 6 6 10 11 11 11 8191
4 8 2 2 6 6 11 11 11 11 8191
4 8 2 2 6 7 7 7 7 7 511
4 8 2 2 6 7 7 7 7 9 1023
4 8 2 2 6 7 7 7 7 10 1023
4 8 2 2 6 7 7 7 7 11 1023
4 8 2 2 6 7 7 7 9 9 511
4 8 2 2 6 7 7 7 9 10 511
4 8 2 2 6 7 7 7 9 11 2047
4 8 2 2 6 7 7 7 10 10 2047
4 8 2 2 6 7 7 7 10 11 2047
4 8 2 2 6 7 7 7 11 11 2047
4 8 2 2 6 7 7 9 9 9 1023
4 8 2 2 6 7 7 9 9 10 1023
4 8 2 2 6 7 7 9 9 11 1023
4 8 2 2 6 7 7 9 10 10 1023
4 8 2 2 6 7 7 9 10 11 1023
4 8 2 2 6 7 7 9 11 11 4095
4 8 2 2 6 7 7 10 10 10 1023
4 8 2 2 6 7 7 10 10 11 4095
4 8 2 2 6 7 7 10 11 11 4095
4 8 2 2 6 7 7 11 11 11 4095
4 8 2 2 6 7 9 9 9 9 2047
4 8 2 2 6 7 9 9 9 10 2047
4 8 2 2 6 7 9 9 9 11 2047
4 8 2 2 6 7 9 9 10 10 2047
4 8 2 2 6 7 9 9 10 11 2047
4 8 2 2 6 7 9 9 11 11 2047
4 8 2 2 6 7 9 10 10 10 2047
4 8 2 2 6 7 9 10 10 11 2047
4 8 2 2 6 7 9 10 11 11 2047
4 8 2 2 6 7 9 11 11 11 8191
4 8 2 2 6 7 10 10 10 10 2047
4 8 2 2 6 7 10 10 10 11 2047
4 8 2 2 6 7 10 10 11 11 8191
4 8 2 2 6 7 10 11 11 11 8191
4 8 2 2 6 7 11 11 11 11 8191
4 8 2 2 6 9 9 9 9 9 4095
4 8 2 2 6 9 9 9 9 10 4095
4 8 2 2 6 9 9 9 9 11 4095
4 8 2 2 6 9 9 9 10 10 4095
4 8 2 2 6 9 9 9 10 11 4095
4 8 2 2 6 9 9 9 11 11 4095
4 8 2 2 6 9 9 10 10 10 4095
4 8 2 2 6 9 9 10 10 11 4095
4 8 2 2 6 9 9 10 11 11 4095
4 8 2 2 6 9 9 11 11 11 4095
4 8 2 2 6 9 10 10 10 10 4095
4 8 2 2 6 9 10 10 10 11 4095
4 8 2 2 6 9 10 10 11 11 4095
4 8 2 2 6 9 10 11 11 11 4095
4 8 2 2 6 9 11 11 11 11 16383
4 8 2 2 6 10 10 10 10 10 4095
4 8 2 2 6 10 10 10 10 11 4095
4 8 2 2 6 10 10 10 11 11 4095
4 8 2 2 6 10 10 11 11 11 16383
4 8 2 2 6 10 11 11 11 11 16383
4 8 2 2 6 11 11 11 11 11 16383
4 8 2 2 7 7 7 7 7 7 511
4 8 2 2 7 7 7 7 7 9 1023
4 8 2 2 7 7 7 7 7 10 1023
4 8 2 2 7 7 7 7 7 11 1023
4 8 2 2 7 7 7 7 9 9 2047
4 8 2 2 7 7 7 7 9 10 2047
4 8 2 2 7 7 7 7 9 11 2047
4 8 2 2 7 7 7 7 10 10 2047
4 8 2 2 7 7 7 7 10 11 2047
4 8 2 2 7 7 7 7 11 11 2047
4 8 2 2 7 7 7 9 9 9 1023
4 8 2 2 7 7 7 9 9 10 1023
4 8 2 2 7 7 7 9 9 11 4095
4 8 2 2 7 7 7 9 10 10 1023
4 8 2 2 7 7 7 9 10 11 4095
4 8 2 2 7 7 7 9 11 11 4095
4 8 2 2 7 7 7 10 10 10 4095
4 8 2 2 7 7 7 10 10 11 4095
4 8 2 2 7 7 7 10 11 11 4095
4 8 2 2 7 7 7 11 11 11 4095
4 8 2 2 7 7 9 9 9 9 2047
4 8 2 2 7 7 9 9 9 10 2047
4 8 2 2 7 7 9 9 9 11 2047
4 8 2 2 7 7 9 9 10 10 2047
4 8 2 2 7 7 9 9 10 11 2047
4 8 2 2 7 7 9 9 11 11 8191
4 8 2 2 7 7 9 10 10 10 2047
4 8 2 2 7 7 9 10 10 11 2047
4 8 2 2 7 7 9 10 11 11 8191
4 8 2 2 7 7 9 11 11 11 8191
4 8 2 2 7 7 10 10 10 10 2047
4 8 2 2 7 7 10 10 10 11 8191
4 8 2 2 7 7 10 10 11 11 8191
4 8 2 2 7 7 10 11 11 11 8191
4 8 2 2 7 7 11 11 11 11 8191
4 8 2 2 7 9 9 9 9 9 4095
4 8 2 2 7 9 9 9 9 10 4095
4 8 2 2 7 9 9 9 9 11 4095
4 8 2 2 7 9 9 9 10 10 4095
4 8 2 2 7 9 9 9 10 11 4095
4 8 2 2 7 9 9 9 11 11 4095
4 8 2 2 7 9 9 10 10 10 4095
4 8 2 2 7 9 9 10 10 11 4095
4 8 2 2 7 9 9 10 11 11 4095
4 8 2 2 7 9 9 11 11 11 16383
4 8 2 2 7 9 10 10 10 10 4095
4 8 2 2 7 9 10 10 10 11 4095
4 8 2 2 7 9 10 10 11 11 4095
4 8 2 2 7 9 10 11 11 11 16383
4 8 2 2 7 9 11 11 11 11 16383
4 8 2 2 7 10 10 10 10 10 4095
4 8 2 2 7 10 10 10 10 11 4095
4 8 2 2 7 10 10 10 11 11 16383
4 8 2 2 7 10 10 11 11 11 16383
4 8 2 2 7 10 11 11 11 11 16383
4 8 2 2 7 11 11 11 11 11 16383
4 8 2 2 9 9 9 9 9 9 8191
4 8 2 2 9 9 9 9 9 10 8191
4 8 2 2 9 9 9 9 9 11 8191
4 8 2 2 9 9 9 9 10 10 8191
4 8 2 2 9 9 9 9 10 11 8191
4 8 2 2 9 9 9 9 11 11 8191
4 8 2 2 9 9 9 10 10 10 8191
4 8 2 2 9 9 9 10 10 11 8191
4 8 2 2 9 9 9 10 11 11 8191
4 8 2 2 9 9 9 11 11 11 8191
4 8 2 2 9 9 10 10 10 10 8191
4 8 2 2 9 9 10 10 10 11 8191
4 8 2 2 9 9 10 10 11 11 8191
4 8 2 2 9 9 10 11 11 11 8191
4 8 2 2 9 9 11 11 11 11 32767
4 8 2 2 9 10 10 10 10 10 8191
4 8 2 2 9 10 10 10 10 11 8191
4 8 2 2 9 10 10 10 11 11 8191
4 8 2 2 9 10 10 11 11 11 8191
4 8 2 2 9 10 11 11 11 11 32767
4 8 2 2 9 11 11 11 11 11 32767
4 8 2 2 10 10 10 10 10 10 8191
4 8 2 2 10 10 10 10 10 11 8191
4 8 2 2 10 10 10 10 11 11 8191
4 8 2 2 10 10 10 11 11 11 32767
4 8 2 2 10 10 11 11 11 11 32767
4 8 2 2 10 11 11 11 11 11 32767
4 8 2 2 11 11 11 11 11 11 32767
4 8 2 3 3 3 3 3 3 3 7
4 8 2 3 3 3 3 3 3 5 15
4 8 2 3 3 3 3 3 3 6 15
4 8 2 3 3 3 3 3 3 7 15
4 8 2 3 3 3 3 3 3 9 31
4 8 2 3 3 3 3 3 3 10 31
4 8 2 3 3 3 3 3 3 11 31
4 8 2 3 3 3 3 3 5 5 31
4 8 2 3 3 3 3 3 5 6 31
4 8 2 3 3 3 3 3 5 7 31
4 8 2 3 3 3 3 3 5 9 63
4 8 2 3 3 3 3 3 5 10 63
4 8 2 3 3 3 3 3 5 11 63
4 8 2 3 3 3 3 3 6 6 31
4 8 2 3 3 3 3 3 6 7 31
4 8 2 3 3 3 3 3 6 9 63
4 8 2 3 3 3 3 3 6 10 63
4 8 2 3 3 3 3 3 6 11 63
4 8 2 3 3 3 3 3 7 7 31
4 8 2 3 3 3 3 3 7 9 63
4 8 2 3 3 3 3 3 7 10 63
4 8 2 3 3 3 3 3 7 11 63
4 8 2 3 3 3 3 3 9 9 127
4 8 2 3 3 3 3 3 9 10 127
4 8 2 3 3 3 3 3 9 11 127
4 8 2 3 3 3 3 3 10 10 127
4 8 2 3 3 3 3 3 10 11 127
4 8 2 3 3 3 3 3 11 11 127
4 8 2 3 3 3 3 5 5 5 63
4 8 2 3 3 3 3 5 5 6 63
4 8 2 3 3 3 3 5 5 7 63
4 8 2 3 3 3 3 5 5 9 127
4 8 2 3 3 3 3 5 5 10 127
4 8 2 3 3 3 3 5 5 11 127
4 8 2 3 3 3 3 5 6 6 63
4 8 2 3 3 3 3 5 6 7 63
4 8 2 3 3 3 3 5 6 9 127
4 8 2 3 3 3 3 5 6 10 127
4 8 2 3 3 3 3 5 6 11 127
4 8 2 3 3 3 3 5 7 7 63
4 8 2 3 3 3 3 5 7 9 127
4 8 2 3 3 3 3 5 7 10 127
4 8 2 3 3 3 3 5 7 11 127
4 8 2 3 3 3 3 5 9 9 255
4 8 2 3 3 3 3 5 9 10 255
4 8 2 3 3 3 3 5 9 11 255
4 8 2 3 3 3 3 5 10 10 255
4 8 2 3 3 3 3 5 10 11 255
4 8 2 3 3 3 3 5 11 11 255
4 8 2 3 3 3 3 6 6 6 63
4 8 2 3 3 3 3 6 6 7 63
4 8 2 3 3 3 3 6 6 9 127
4 8 2 3 3 3 3 6 6 10 127
4 8 2 3 3 3 3 6 6 11 127
4 8 2 3 3 3 3 6 7 7 63
4 8 2 3 3 3 3 6 7 9 127
4 8 2 3 3 3 3 6 7 10 127
4 8 2 3 3 3 3 6 7 11 127
4 8 2 3 3 3 3 6 9 9 255
4 8 2 3 3 3 3 6 9 10 255
4 8 2 3 3 3 3 6 9 11 255
4 8 2 3 3 3 3 6 10 10 255
4 8 2 3 3 3 3 6 10 11 255
4 8 2 3 3 3 3 6 11 11 255
4 8 2 3 3 3 3 7 7 7 63
4 8 2 3 3 3 3 7 7 9 127
4 8 2 3 3 3 3 7 7 10 127
4 8 2 3 3 3 3 7 7 11 127
4 8 2 3 3 3 3 7 9 9 255
4 8 2 3 3 3 3 7 9 10 255
4 8 2 3 3 3 3 7 9 11 255
4 8 2 3 3 3 3 7 10 10 255
4 8 2 3 3 3 3 7 10 11 255
4 8 2 3 3 3 3 7 11 11 255
4 8 2 3 3 3 3 9 9 9 511
4 8 2 3 3 3 3 9 9 10 511
4 8 2 3 3 3 3 9 9 11 511
4 8 2 3 3 3 3 9 10 10 511
4 8 2 3 3 3 3 9 10 11 511
4 8 2 3 3 3 3 9 11 11 511
4 8 2 3 3 3 3 10 10 10 511
4 8 2 3 3 3 3 10 10 11 511
4 8 2 3 3 3 3 10 11 11 511
4 8 2 3 3 3 3 11 11 11 511
4 8 2 3 3 3 5 5 5 5 31
4 8 2 3 3 3 5 5 5 6 31
4 8 2 3 3 3 5 5 5 7 127
4 8 2 3 3 3 5 5 5 9 63
4 8 2 3 3 3 5 5 5 10 63
4 8 2 3 3 3 5 5 5 11 255
4 8 2 3 3 3 5 5 6 6 31
4 8 2 3 3 3 5 5 6 7 127
4 8 2 3 3 3 5 5 6 9 63
4 8 2 3 3 3 5 5 6 10 63
4 8 2 3 3 3 5 5 6 11 255
4 8 2 3 3 3 5 5 7 7 127
4 8 2 3 3 3 5 5 7 9 255
4 8 2 3 3 3 5 5 7 10 255
4 8 2 3 3 3 5 5 7 11 255
4 8 2 3 3 3 5 5 9 9 127
4 8 2 3 3 3 5 5 9 10 127
4 8 2 3 3 3 5 5 9 11 511
4 8 2 3 3 3 5 5 10 10 127
4 8 2 3 3 3 5 5 10 11 511
4 8 2 3 3 3 5 5 11 11 511
4 8 2 3 3 3 5 6 6 6 31
4 8 2 3 3 3 5 6 6 7 127
4 8 2 3 3 3 5 6 6 9 63
4 8 2 3 3 3 5 6 6 10 63
4 8 2 3 3 3 5 6 6 11 255
4 8 2 3 3 3 5 6 7 7 127
4 8 2 3 3 3 5 6 7 9 255
4 8 2 3 3 3 5 6 7 10 255
4 8 2 3 3 3 5 6 7 11 255
4 8 2 3 3 3 5 6 9 9 127
4 8 2 3 3 3 5 6 9 10 127
4 8 2 3 3 3 5 6 9 11 511
4 8 2 3 3 3 5 6 10 10 127
4 8 2 3 3 3 5 6 10 11 511
4 8 2 3 3 3 5 6 11 11 511
4 8 2 3 3 3 5 7 7 7 127
4 8 2 3 3 3 5 7 7 9 255
4 8 2 3 3 3 5 7 7 10 255
4 8 2 3 3 3 5 7 7 11 255
4 8 2 3 3 3 5 7 9 9 511
4 8 2 3 3 3 5 7 9 10 511
4 8 2 3 3 3 5 7 9 11 511
4 8 2 3 3 3 5 7 10 10 511
4 8 2 3 3 3 5 7 10 11 511
4 8 2 3 3 3 5 7 11 11 511
4 8 2 3 3 3 5 9 9 9 255
4 8 2 3 3 3 5 9 9 10 255
4 8 2 3 3 3 5 9 9 11 1023
4 8 2 3 3 3 5 9 10 10 255
4 8 2 3 3 3 5 9 10 11 1023
4 8 2 3 3 3 5 9 11 11 1023
4 8 2 3 3 3 5 10 10 10 255
4 8 2 3 3 3 5 10 10 11 1023
4 8 2 3 3 3 5 10 11 11 1023
4 8 2 3 3 3 5 11 11 11 1023
4 8 2 3 3 3 6 6 6 6 127
4 8 2 3 3 3 6 6 6 7 127
4 8 2 3 3 3 6 6 6 9 63
4 8 2 3 3 3 6 6 6 10 255
4 8 2 3 3 3 6 6 6 11 255
4 8 2 3 3 3 6 6 7 7 127
4 8 2 3 3 3 6 6 7 9 255
4 8 2 3 3 3 6 6 7 10 255
4 8 2 3 3 3 6 6 7 11 255
4 8 2 3 3 3 6 6 9 9 127
4 8 2 3 3 3 6 6 9 10 127
4 8 2 3 3 3 6 6 9 11 511
4 8 2 3 3 3 6 6 10 10 511
4 8 2 3 3 3 6 6 10 11 511
4 8 2 3 3 3 6 6 11 11 511
4 8 2 3 3 3 6 7 7 7 127
4 8 2 3 3 3 6 7 7 9 255
4 8 2 3 3 3 6 7 7 10 255
4 8 2 3 3 3 6 7 7 11 255
4 8 2 3 3 3 6 7 9 9 511
4 8 2 3 3 3 6 7 9 10 511
4 8 2 3 3 3 6 7 9 11 511
4 8 2 3 3 3 6 7 10 10 511
4 8 2 3 3 3 6 7 10 11 511
4 8 2 3 3 3 6 7 11 11 511
4 8 2 3 3 3 6 9 9 9 255
4 8 2 3 3 3 6 9 9 10 255
4 8 2 3 3 3 6 9 9 11 1023
4 8 2 3 3 3 6 9 10 10 255
4 8 2 3 3 3 6 9 10 11 1023
4 8 2 3 3 3 6 9 11 11 1023
4 8 2 3 3 3 6 10 10 10 1023
4 8 2 3 3 3 6 10 10 11 1023
4 8 2 3 3 3 6 10 11 11 1023
4 8 2 3 3 3 6 11 11 11 1023
4 8 2 3 3 3 7 7 7 7 127
4 8 2 3 3 3 7 7 7 9 255
4 8 2 3 3 3 7 7 7 10 255
4 8 2 3 3 3 7 7 7 11 255
4 8 2 3 3 3 7 7 9 9 511
4 8 2 3 3 3 7 7 9 10 511
4 8 2 3 3 3 7 7 9 11 511
4 8 2 3 3 3 7 7 10 10 511
4 8 2 3 3 3 7 7 10 11 511
4 8 2 3 3 3 7 7 11 11 511
4 8 2 3 3 3 7 9 9 9 1023
4 8 2 3 3 3 7 9 9 10 1023
4 8 2 3 3 3 7 9 9 11 1023
4 8 2 3 3 3 7 9 10 10 1023
4 8 2 3 3 3 7 9 10 11 1023
4 8 2 3 3 3 7 9 11 11 1023
4 8 2 3 3 3 7 10 10 10 1023
4 8 2 3 3 3 7 10 10 11 1023
4 8 2 3 3 3 7 10 11 11 1023
4 8 2 3 3 3 7 11 11 11 1023
4 8 2 3 3 3 9 9 9 9 511
4 8 2 3 3 3 9 9 9 10 511
4 8 2 3 3 3 9 9 9 11 2047
4 8 2 3 3 3 9 9 10 10 511
4 8 2 3 3 3 9 9 10 11 2047
4 8 2 3 3 3 9 9 11 11 2047
4 8 2 3 3 3 9 10 10 10 511
4 8 2 3 3 3 9 10 10 11 2047
4 8 2 3 3 3 9 10 11 11 2047
4 8 2 3 3 3 9 11 11 11 2047
4 8 2 3 3 3 10 10 10 10 2047
4 8 2 3 3 3 10 10 10 11 2047
4 8 2 3 3 3 10 10 11 11 2047
4 8 2 3 3 3 10 11 11 11 2047
4 8 2 3 3 3 11 11 11 11 2047
4 8 2 3 3 5 5 5 5 5 63
4 8 2 3 3 5 5 5 5 6 63
4 8 2 3 3 5 5 5 5 7 63
4 8 2 3 3 5 5 5 5 9 127
4 8 2 3 3 5 5 5 5 10 127
4 8 2 3 3 5 5 5 5 11 127
4 8 2 3 3 5 5 5 6 6 63
4 8 2 3 3 5 5 5 6 7 63
4 8 2 3 3 5 5 5 6 9 127
4 8 2 3 3 5 5 5 6 10 127
4 8 2 3 3 5 5 5 6 11 127
4 8 2 3 3 5 5 5 7 7 255
4 8 2 3 3 5 5 5 7 9 127
4 8 2 3 3 5 5 5 7 10 127
4 8 2 3 3 5 5 5 7 11 511
4 8 2 3 3 5 5 5 9 9 255
4 8 2 3 3 5 5 5 9 10 255
4 8 2 3 3 5 5 5 9 11 255
4 8 2 3 3 5 5 5 10 10 255
4 8 2 3 3 5 5 5 10 11 255
4 8 2 3 3 5 5 5 11 11 1023
4 8 2 3 3 5 5 6 6 6 63
4 8 2 3 3 5 5 6 6 7 63
4 8 2 3 3 5 5 6 6 9 127
4 8 2 3 3 5 5 6 6 10 127
4 8 2 3 3 5 5 6 6 11 127
4 8 2 3 3 5 5 6 7 7 255
4 8 2 3 3 5 5 6 7 9 127
4 8 2 3 3 5 5 6 7 10 127
4 8 2 3 3 5 5 6 7 11 511
4 8 2 3 3 5 5 6 9 9 255
4 8 2 3 3 5 5 6 9 10 255
4 8 2 3 3 5 5 6 9 11 255
4 8 2 3 3 5 5 6 10 10 255
4 8 2 3 3 5 5 6 10 11 255
4 8 2 3 3 5 5 6 11 11 1023
4 8 2 3 3 5 5 7 7 7 255
4 8 2 3 3 5 5 7 7 9 511
4 8 2 3 3 5 5 7 7 10 511
4 8 2 3 3 5 5 7 7 11 511
4 8 2 3 3 5 5 7 9 9 255
4 8 2 3 3 5 5 7 9 10 255
4 8 2 3 3 5 5 7 9 11 1023
4 8 2 3 3 5 5 7 10 10 255
4 8 2 3 3 5 5 7 10 11 1023
4 8 2 3 3 5 5 7 11 11 1023
4 8 2 3 3 5 5 9 9 9 511
4 8 2 3 3 5 5 9 9 10 511
4 8 2 3 3 5 5 9 9 11 511
4 8 2 3 3 5 5 9 10 10 511
4 8 2 3 3 5 5 9 10 11 511
4 8 2 3 3 5 5 9 11 11 2047
4 8 2 3 3 5 5 10 10 10 511
4 8 2 3 3 5 5 10 10 11 511
4 8 2 3 3 5 5 10 11 11 2047
4 8 2 3 3 5 5 11 11 11 2047
4 8 2 3 3 5 6 6 6 6 63
4 8 2 3 3 5 6 6 6 7 63
4 8 2 3 3 5 6 6 6 9 127
4 8 2 3 3 5 6 6 6 10 127
4 8 2 3 3 5 6 6 6 11 127
4 8 2 3 3 5 6 6 7 7 255
4 8 2 3 3 5 6 6 7 9 127
4 8 2 3 3 5 6 6 7 10 127
4 8 2 3 3 5 6 6 7 11 511
4 8 2 3 3 5 6 6 9 9 255
4 8 2 3 3 5 6 6 9 10 255
4 8 2 3 3 5 6 6 9 11 255
4 8 2 3 3 5 6 6 10 10 255
4 8 2 3 3 5 6 6 10 11 255
4 8 2 3 3 5 6 6 11 11 1023
4 8 2 3 3 5 6 7 7 7 255
4 8 2 3 3 5 6 7 7 9 511
4 8 2 3 3 5 6 7 7 10 511
4 8 2 3 3 5 6 7 7 11 511
4 8 2 3 3 5 6 7 9 9 255
4 8 2 3 3 5 6 7 9 10 255
4 8 2 3 3 5 6 7 9 11 1023
4 8 2 3 3 5 6 7 10 10 255
4 8 2 3 3 5 6 7 10 11 1023
4 8 2 3 3 5 6 7 11 11 1023
4 8 2 3 3 5 6 9 9 9 511
4 8 2 3 3 5 6 9 9 10 511
4 8 2 3 3 5 6 9 9 11 511
4 8 2 3 3 5 6 9 10 10 511
4 8 2 3 3 5 6 9 10 11 511
4 8 2 3 3 5 6 9 11 11 2047
4 8 2 3 3 5 6 10 10 10 511
4 8 2 3 3 5 6 10 10 11 511
4 8 2 3 3 5 6 10 11 11 2047
4 8 2 3 3 5 6 11 11 11 2047
4 8 2 3 3 5 7 7 7 7 255
4 8 2 3 3 5 7 7 7 9 511
4 8 2 3 3 5 7 7 7 10 511
4 8 2 3 3 5 7 7 7 11 511
4 8 2 3 3 5 7 7 9 9 1023
4 8 2 3 3 5 7 7 9 10 1023
4 8 2 3 3 5 7 7 9 11 1023
4 8 2 3 3 5 7 7 10 10 1023
4 8 2 3 3 5 7 7 10 11 1023
4 8 2 3 3 5 7 7 11 11 1023
4 8 2 3 3 5 7 9 9 9 511
4 8 2 3 3 5 7 9 9 10 511
4 8 2 3 3 5 7 9 9 11 2047
4 8 2 3 3 5 7 9 10 10 511
4 8 2 3 3 5 7 9 10 11 2047
4 8 2 3 3 5 7 9 11 11 2047
4 8 2 3 3 5 7 10 10 10 511
4 8 2 3 3 5 7 10 10 11 2047
4 8 2 3 3 5 7 10 11 11 2047
4 8 2 3 3 5 7 11 11 11 2047
4 8 2 3 3 5 9 9 9 9 1023
4 8 2 3 3 5 9 9 9 10 1023
4 8 2 3 3 5 9 9 9 11 1023
4 8 2 3 3 5 9 9 10 10 1023
4 8 2 3 3 5 9 9 10 11 1023
4 8 2 3 3 5 9 9 11 11 4095
4 8 2 3 3 5 9 10 10 10 1023
4 8 2 3 3 5 9 10 10 11 1023
4 8 2 3 3 5 9 10 11 11 4095
4 8 2 3 3 5 9 11 11 11 4095
4 8 2 3 3 5 10 10 10 10 1023
4 8 2 3 3 5 10 10 10 11 1023
4 8 2 3 3 5 10 10 11 11 4095
4 8 2 3 3 5 10 11 11 11 4095
4 8 2 3 3 5 11 11 11 11 4095
4 8 2 3 3 6 6 6 6 6 63
4 8 2 3 3 6 6 6 6 7 255
4 8 2 3 3 6 6 6 6 9 127
4 8 2 3 3 6 6 6 6 10 127
4 8 2 3 3 6 6 6 6 11 511
4 8 2 3 3 6 6 6 7 7 255
4 8 2 3 3 6 6 6 7 9 127
4 8 2 3 3 6 6 6 7 10 511
4 8 2 3 3 6 6 6 7 11 511
4 8 2 3 3 6 6 6 9 9 255
4 8 2 3 3 6 6 6 9 10 255
4 8 2 3 3 6 6 6 9 11 255
4 8 2 3 3 6 6 6 10 10 255
4 8 2 3 3 6 6 6 10 11 1023
4 8 2 3 3 6 6 6 11 11 1023
4 8 2 3 3 6 6 7 7 7 255
4 8 2 3 3 6 6 7 7 9 511
4 8 2 3 3 6 6 7 7 10 511
4 8 2 3 3 6 6 7 7 11 511
4 8 2 3 3 6 6 7 9 9 255
4 8 2 3 3 6 6 7 9 10 255
4 8 2 3 3 6 6 7 9 11 1023
4 8 2 3 3 6 6 7 10 10 1023
4 8 2 3 3 6 6 7 10 11 1023
4 8 2 3 3 6 6 7 11 11 1023
4 8 2 3 3 6 6 9 9 9 511
4 8 2 3 3 6 6 9 9 10 511
4 8 2 3 3 6 6 9 9 11 511
4 8 2 3 3 6 6 9 10 10 511
4 8 2 3 3 6 6 9 10 11 511
4 8 2 3 3 6 6 9 11 11 2047
4 8 2 3 3 6 6 10 10 10 511
4 8 2 3 3 6 6 10 10 11 2047
4 8 2 3 3 6 6 10 11 11 2047
4 8 2 3 3 6 6 11 11 11 2047
4 8 2 3 3 6 7 7 7 7 255
4 8 2 3 3 6 7 7 7 9 511
4 8 2 3 3 6 7 7 7 10 511
4 8 2 3 3 6 7 7 7 11 511
4 8 2 3 3 6 7 7 9 9 1023
4 8 2 3 3 6 7 7 9 10 1023
4 8 2 3 3 6 7 7 9 11 1023
4 8 2 3 3 6 7 7 10 10 1023
4 8 2 3 3 6 7 7 10 11 1023
4 8 2 3 3 6 7 7 11 11 1023
4 8 2 3 3 6 7 9 9 9 511
4 8 2 3 3 6 7 9 9 10 511
4 8 2 3 3 6 7 9 9 11 2047
4 8 2 3 3 6 7 9 10 10 511
4 8 2 3 3 6 7 9 10 11 2047
4 8 2 3 3 6 7 9 11 11 2047
4 8 2 3 3 6 7 10 10 10 2047
4 8 2 3 3 6 7 10 10 11 2047
4 8 2 3 3 6 7 10 11 11 2047
4 8 2 3 3 6 7 11 11 11 2047
4 8 2 3 3 6 9 9 9 9 1023
4 8 2 3 3 6 9 9 9 10 1023
4 8 2 3 3 6 9 9 9 11 1023
4 8 2 3 3 6 9 9 10 10 1023
4 8 2 3 3 6 9 9 10 11 1023
4 8 2 3 3 6 9 9 11 11 4095
4 8 2 3 3 6 9 10 10 10 1023
4 8 2 3 3 6 9 10 10 11 1023
4 8 2 3 3 6 9 10 11 11 4095
4 8 2 3 3 6 9 11 11 11 4095
4 8 2 3 3 6 10 10 10 10 1023
4 8 2 3 3 6 10 10 10 11 4095
4 8 2 3 3 6 10 10 11 11 4095
4 8 2 3 3 6 10 11 11 11 4095
4 8 2 3 3 6 11 11 11 11 4095
4 8 2 3 3 7 7 7 7 7 255
4 8 2 3 3 7 7 7 7 9 511
4 8 2 3 3 7 7 7 7 10 511
4 8 2 3 3 7 7 7 7 11 511
4 8 2 3 3 7 7 7 9 9 1023
4 8 2 3 3 7 7 7 9 10 1023
4 8 2 3 3 7 7 7 9 11 1023
4 8 2 3 3 7 7 7 10 10 1023
4 8 2 3 3 7 7 7 10 11 1023
4 8 2 3 3 7 7 7 11 11 1023
4 8 2 3 3 7 7 9 9 9 2047
4 8 2 3 3 7 7 9 9 10 2047
4 8 2 3 3 7 7 9 9 11 2047
4 8 2 3 3 7 7 9 10 10 2047
4 8 2 3 3 7 7 9 10 11 2047
4 8 2 3 3 7 7 9 11 11 2047
4 8 2 3 3 7 7 10 10 10 2047
4 8 2 3 3 7 7 10 10 11 2047
4 8 2 3 3 7 7 10 11 11 2047
4 8 2 3 3 7 7 11 11 11 2047
4 8 2 3 3 7 9 9 9 9 1023
4 8 2 3 3 7 9 9 9 10 1023
4 8 2 3 3 7 9 9 9 11 4095
4 8 2 3 3 7 9 9 10 10 1023
4 8 2 3 3 7 9 9 10 11 4095
4 8 2 3 3 7 9 9 11 11 4095
4 8 2 3 3 7 9 10 10 10 1023
4 8 2 3 3 7 9 10 10 11 4095
4 8 2 3 3 7 9 10 11 11 4095
4 8 2 3 3 7 9 11 11 11 4095
4 8 2 3 3 7 10 10 10 10 4095
4 8 2 3 3 7 10 10 10 11 4095
4 8 2 3 3 7 10 10 11 11 4095
4 8 2 3 3 7 10 11 11 11 4095
4 8 2 3 3 7 11 11 11 11 4095
4 8 2 3 3 9 9 9 9 9 2047
4 8 2 3 3 9 9 9 9 10 2047
4 8 2 3 3 9 9 9 9 11 2047
4 8 2 3 3 9 9 9 10 10 2047
4 8 2 3 3 9 9 9 10 11 2047
4 8 2 3 3 9 9 9 11 11 8191
4 8 2 3 3 9 9 10 10 10 2047
4 8 2 3 3 9 9 10 10 11 2047
4 8 2 3 3 9 9 10 11 11 8191
4 8 2 3 3 9 9 11 11 11 8191
4 8 2 3 3 9 10 10 10 10 2047
4 8 2 3 3 9 10 10 10 11 2047
4 8 2 3 3 9 10 10 11 11 8191
4 8 2 3 3 9 10 11 11 11 8191
4 8 2 3 3 9 11 11 11 11 8191
4 8 2 3 3 10 10 10 10 10 2047
4 8 2 3 3 10 10 10 10 11 8191
4 8 2 3 3 10 10 10 11 11 8191
4 8 2 3 3 10 10 11 11 11 8191
4 8 2 3 3 10 11 11 11 11 8191
4 8 2 3 3 11 11 11 11 11 8191
4 8 2 3 5 5 5 5 5 5 127
4 8 2 3 5 5 5 5 5 6 127
4 8 2 3 5 5 5 5 5 7 127
4 8 2 3 5 5 5 5 5 9 255
4 8 2 3 5 5 5 5 5 10 255
4 8 2 3 5 5 5 5 5 11 255
4 8 2 3 5 5 5 5 6 6 127
4 8 2 3 5 5 5 5 6 7 127
4 8 2 3 5 5 5 5 6 9 255
4 8 2 3 5 5 5 5 6 10 255
4 8 2 3 5 5 5 5 6 11 255
4 8 2 3 5 5 5 5 7 7 127
4 8 2 3 5 5 5 5 7 9 255
4 8 2 3 5 5 5 5 7 10 255
4 8 2 3 5 5 5 5 7 11 255
4 8 2 3 5 5 5 5 9 9 511
4 8 2 3 5 5 5 5 9 10 511
4 8 2 3 5 5 5 5 9 11 511
4 8 2 3 5 5 5 5 10 10 511
4 8 2 3 5 5 5 5 10 11 511
4 8 2 3 5 5 5 5 11 11 511
4 8 2 3 5 5 5 6 6 6 127
4 8 2 3 5 5 5 6 6 7 127
4 8 2 3 5 5 5 6 6 9 255
4 8 2 3 5 5 5 6 6 10 255
4 8 2 3 5 5 5 6 6 11 255
4 8 2 3 5 5 5 6 7 7 127
4 8 2 3 5 5 5 6 7 9 255
4 8 2 3 5 5 5 6 7 10 255
4 8 2 3 5 5 5 6 7 11 255
4 8 2 3 5 5 5 6 9 9 511
4 8 2 3 5 5 5 6 9 10 511
4 8 2 3 5 5 5 6 9 11 511
4 8 2 3 5 5 5 6 10 10 511
4 8 2 3 5 5 5 6 10 11 511
4 8 2 3 5 5 5 6 11 11 511
4 8 2 3 5 5 5 7 7 7 511
4 8 2 3 5 5 5 7 7 9 255
4 8 2 3 5 5 5 7 7 10 255
4 8 2 3 5 5 5 7 7 11 1023
4 8 2 3 5 5 5 7 9 9 511
4 8 2 3 5 5 5 7 9 10 511
4 8 2 3 5 5 5 7 9 11 511
4 8 2 3 5 5 5 7 10 10 511
4 8 2 3 5 5 5 7 10 11 511
4 8 2 3 5 5 5 7 11 11 2047
4 8 2 3 5 5 5 9 9 9 1023
4 8 2 3 5 5 5 9 9 10 1023
4 8 2 3 5 5 5 9 9 11 1023
4 8 2 3 5 5 5 9 10 10 1023
4 8 2 3 5 5 5 9 10 11 1023
4 8 2 3 5 5 5 9 11 11 1023
4 8 2 3 5 5 5 10 10 10 1023
4 8 2 3 5 5 5 10 10 11 1023
4 8 2 3 5 5 5 10 11 11 1023
4 8 2 3 5 5 5 11 11 11 4095
4 8 2 3 5 5 6 6 6 6 127
4 8 2 3 5 5 6 6 6 7 127
4 8 2 3 5 5 6 6 6 9 255
4 8 2 3 5 5 6 6 6 10 255
4 8 2 3 5 5 6 6 6 11 255
4 8 2 3 5 5 6 6 7 7 127
4 8 2 3 5 5 6 6 7 9 255
4 8 2 3 5 5 6 6 7 10 255
4 8 2 3 5 5 6 6 7 11 255
4 8 2 3 5 5 6 6 9 9 511
4 8 2 3 5 5 6 6 9 10 511
4 8 2 3 5 5 6 6 9 11 511
4 8 2 3 5 5 6 6 10 10 511
4 8 2 3 5 5 6 6 10 11 511
4 8 2 3 5 5 6 6 11 11 511
4 8 2 3 5 5 6 7 7 7 511
4 8 2 3 5 5 6 7 7 9 255
4 8 2 3 5 5 6 7 7 10 255
4 8 2 3 5 5 6 7 7 11 1023
4 8 2 3 5 5 6 7 9 9 511
4 8 2 3 5 5 6 7 9 10 511
4 8 2 3 5 5 6 7 9 11 511
4 8 2 3 5 5 6 7 10 10 511
4 8 2 3 5 5 6 7 10 11 511
4 8 2 3 5 5 6 7 11 11 2047
4 8 2 3 5 5 6 9 9 9 1023
4 8 2 3 5 5 6 9 9 10 1023
4 8 2 3 5 5 6 9 9 11 1023
4 8 2 3 5 5 6 9 10 10 1023
4 8 2 3 5 5 6 9 10 11 1023
4 8 2 3 5 5 6 9 11 11 1023
4 8 2 3 5 5 6 10 10 10 1023
4 8 2 3 5 5 6 10 10 11 1023
4 8 2 3 5 5 6 10 11 11 1023
4 8 2 3 5 5 6 11 11 11 4095
4 8 2 3 5 5 7 7 7 7 511
4 8 2 3 5 5 7 7 7 9 1023
4 8 2 3 5 5 7 7 7 10 1023
4 8 2 3 5 5 7 7 7 11 1023
4 8 2 3 5 5 7 7 9 9 511
4 8 2 3 5 5 7 7 9 10 511
4 8 2 3 5 5 7 7 9 11 2047
4 8 2 3 5 5 7 7 10 10 511
4 8 2 3 5 5 7 7 10 11 2047
4 8 2 3 5 5 7 7 11 11 2047
4 8 2 3 5 5 7 9 9 9 1023
4 8 2 3 5 5 7 9 9 10 1023
4 8 2 3 5 5 7 9 9 11 1023
4 8 2 3 5 5 7 9 10 10 1023
4 8 2 3 5 5 7 9 10 11 1023
4 8 2 3 5 5 7 9 11 11 4095
4 8 2 3 5 5 7 10 10 10 1023
4 8 2 3 5 5 7 10 10 11 1023
4 8 2 3 5 5 7 10 11 11 4095
4 8 2 3 5 5 7 11 11 11 4095
4 8 2 3 5 5 9 9 9 9 2047
4 8 2 3 5 5 9 9 9 10 2047
4 8 2 3 5 5 9 9 9 11 2047
4 8 2 3 5 5 9 9 10 10 2047
4 8 2 3 5 5 9 9 10 11 2047
4 8 2 3 5 5 9 9 11 11 2047
4 8 2 3 5 5 9 10 10 10 2047
4 8 2 3 5 5 9 10 10 11 2047
4 8 2 3 5 5 9 10 11 11 2047
4 8 2 3 5 5 9 11 11 11 8191
4 8 2 3 5 5 10 10 10 10 2047
4 8 2 3 5 5 10 10 10 11 2047
4 8 2 3 5 5 10 10 11 11 2047
4 8 2 3 5 5 10 11 11 11 8191
4 8 2 3 5 5 11 11 11 11 8191
4 8 2 3 5 6 6 6 6 6 127
4 8 2 3 5 6 6 6 6 7 127
4 8 2 3 5 6 6 6 6 9 255
4 8 2 3 5 6 6 6 6 10 255
4 8 2 3 5 6 6 6 6 11 255
4 8 2 3 5 6 6 6 7 7 127
4 8 2 3 5 6 6 6 7 9 255
4 8 2 3 5 6 6 6 7 10 255
4 8 2 3 5 6 6 6 7 11 255
4 8 2 3 5 6 6 6 9 9 511
4 8 2 3 5 6 6 6 9 10 511
4 8 2 3 5 6 6 6 9 11 511
4 8 2 3 5 6 6 6 10 10 511
4 8 2 3 5 6 6 6 10 11 511
4 8 2 3 5 6 6 6 11 11 511
4 8 2 3 5 6 6 7 7 7 511
4 8 2 3 5 6 6 7 7 9 255
4 8 2 3 5 6 6 7 7 10 255
4 8 2 3 5 6 6 7 7 11 1023
4 8 2 3 5 6 6 7 9 9 511
4 8 2 3 5 6 6 7 9 10 511
4 8 2 3 5 6 6 7 9 11 511
4 8 2 3 5 6 6 7 10 10 511
4 8 2 3 5 6 6 7 10 11 511
4 8 2 3 5 6 6 7 11 11 2047
4 8 2 3 5 6 6 9 9 9 1023
4 8 2 3 5 6 6 9 9 10 1023
4 8 2 3 5 6 6 9 9 11 1023
4 8 2 3 5 6 6 9 10 10 1023
4 8 2 3 5 6 6 9 10 11 1023
4 8 2 3 5 6 6 9 11 11 1023
4 8 2 3 5 6 6 10 10 10 1023
4 8 2 3 5 6 6 10 10 11 1023
4 8 2 3 5 6 6 10 11 11 1023
4 8 2 3 5 6 6 11 11 11 4095
4 8 2 3 5 6 7 7 7 7 511
4 8 2 3 5 6 7 7 7 9 1023
4 8 2 3 5 6 7 7 7 10 1023
4 8 2 3 5 6 7 7 7 11 1023
4 8 2 3 5 6 7 7 9 9 511
4 8 2 3 5 6 7 7 9 10 511
4 8 2 3 5 6 7 7 9 11 2047
4 8 2 3 5 6 7 7 10 10 511
4 8 2 3 5 6 7 7 10 11 2047
4 8 2 3 5 6 7 7 11 11 2047
4 8 2 3 5 6 7 9 9 9 1023
4 8 2 3 5 6 7 9 9 10 1023
4 8 2 3 5 6 7 9 9 11 1023
4 8 2 3 5 6 7 9 10 10 1023
4 8 2 3 5 6 7 9 10 11 1023
4 8 2 3 5 6 7 9 11 11 4095
4 8 2 3 5 6 7 10 10 10 1023
4 8 2 3 5 6 7 10 10 11 1023
4 8 2 3 5 6 7 10 11 11 4095
4 8 2 3 5 6 7 11 11 11 4095
4 8 2 3 5 6 9 9 9 9 2047
4 8 2 3 5 6 9 9 9 10 2047
4 8 2 3 5 6 9 9 9 11 2047
4 8 2 3 5 6 9 9 10 10 2047
4 8 2 3 5 6 9 9 10 11 2047
4 8 2 3 5 6 9 9 11 11 2047
4 8 2 3 5 6 9 10 10 10 2047
4 8 2 3 5 6 9 10 10 11 2047
4 8 2 3 5 6 9 10 11 11 2047
4 8 2 3 5 6 9 11 11 11 8191
4 8 2 3 5 6 10 10 10 10 2047
4 8 2 3 5 6 10 10 10 11 2047
4 8 2 3 5 6 10 10 11 11 2047
4 8 2 3 5 6 10 11 11 11 8191
4 8 2 3 5 6 11 11 11 11 8191
4 8 2 3 5 7 7 7 7 7 511
4 8 2 3 5 7 7 7 7 9 1023
4 8 2 3 5 7 7 7 7 10 1023
4 8 2 3 5 7 7 7 7 11 1023
4 8 2 3 5 7 7 7 9 9 2047
4 8 2 3 5 7 7 7 9 10 2047
4 8 2 3 5 7 7 7 9 11 2047
4 8 2 3 5 7 7 7 10 10 2047
4 8 2 3 5 7 7 7 10 11 2047
4 8 2 3 5 7 7 7 11 11 2047
4 8 2 3 5 7 7 9 9 9 1023
4 8 2 3 5 7 7 9 9 10 1023
4 8 2 3 5 7 7 9 9 11 4095
4 8 2 3 5 7 7 9 10 10 1023
4 8 2 3 5 7 7 9 10 11 4095
4 8 2 3 5 7 7 9 11 11 4095
4 8 2 3 5 7 7 10 10 10 1023
4 8 2 3 5 7 7 10 10 11 4095
4 8 2 3 5 7 7 10 11 11 4095
4 8 2 3 5 7 7 11 11 11 4095
4 8 2 3 5 7 9 9 9 9 2047
4 8 2 3 5 7 9 9 9 10 2047
4 8 2 3 5 7 9 9 9 11 2047
4 8 2 3 5 7 9 9 10 10 2047
4 8 2 3 5 7 9 9 10 11 2047
4 8 2 3 5 7 9 9 11 11 8191
4 8 2 3 5 7 9 10 10 10 2047
4 8 2 3 5 7 9 10 10 11 2047
4 8 2 3 5 7 9 10 11 11 8191
4 8 2 3 5 7 9 11 11 11 8191
4 8 2 3 5 7 10 10 10 10 2047
4 8 2 3 5 7 10 10 10 11 2047
4 8 2 3 5 7 10 10 11 11 8191
4 8 2 3 5 7 10 11 11 11 8191
4 8 2 3 5 7 11 11 11 11 8191
4 8 2 3 5 9 9 9 9 9 4095
4 8 2 3 5 9 9 9 9 10 4095
4 8 2 3 5 9 9 9 9 11 4095
4 8 2 3 5 9 9 9 10 10 4095
4 8 2 3 5 9 9 9 10 11 4095
4 8 2 3 5 9 9 9 11 11 4095
4 8 2 3 5 9 9 10 10 10 4095
4 8 2 3 5 9 9 10 10 11 4095
4 8 2 3 5 9 9 10 11 11 4095
4 8 2 3 5 9 9 11 11 11 16383
4 8 2 3 5 9 10 10 10 10 4095
4 8 2 3 5 9 10 10 10 11 4095
4 8 2 3 5 9 10 10 11 11 4095
4 8 2 3 5 9 10 11 11 11 16383
4 8 2 3 5 9 11 11 11 11 16383
4 8 2 3 5 10 10 10 10 10 4095
4 8 2 3 5 10 10 10 10 11 4095
4 8 2 3 5 10 10 10 11 11 4095
4 8 2 3 5 10 10 11 11 11 16383
4 8 2 3 5 10 11 11 11 11 16383
4 8 2 3 5 11 11 11 11 11 16383
4 8 2 3 6 6 6 6 6 6 127
4 8 2 3 6 6 6 6 6 7 127
4 8 2 3 6 6 6 6 6 9 255
4 8 2 3 6 6 6 6 6 10 255
4 8 2 3 6 6 6 6 6 11 255
4 8 2 3 6 6 6 6 7 7 511
4 8 2 3 6 6 6 6 7 9 255
4 8 2 3 6 6 6 6 7 10 255
4 8 2 3 6 6 6 6 7 11 1023
4 8 2 3 6 6 6 6 9 9 511
4 8 2 3 6 6 6 6 9 10 511
4 8 2 3 6 6 6 6 9 11 511
4 8 2 3 6 6 6 6 10 10 511
4 8 2 3 6 6 6 6 10 11 511
4 8 2 3 6 6 6 6 11 11 2047
4 8 2 3 6 6 6 7 7 7 511
4 8 2 3 6 6 6 7 7 9 255
4 8 2 3 6 6 6 7 7 10 1023
4 8 2 3 6 6 6 7 7 11 1023
4 8 2 3 6 6 6 7 9 9 511
4 8 2 3 6 6 6 7 9 10 511
4 8 2 3 6 6 6 7 9 11 511
4 8 2 3 6 6 6 7 10 10 511
4 8 2 3 6 6 6 7 10 11 2047
4 8 2 3 6 6 6 7 11 11 2047
4 8 2 3 6 6 6 9 9 9 1023
4 8 2 3 6 6 6 9 9 10 1023
4 8 2 3 6 6 6 9 9 11 1023
4 8 2 3 6 6 6 9 10 10 1023
4 8 2 3 6 6 6 9 10 11 1023
4 8 2 3 6 6 6 9 11 11 1023
4 8 2 3 6 6 6 10 10 10 1023
4 8 2 3 6 6 6 10 10 11 1023
4 8 2 3 6 6 6 10 11 11 4095
4 8 2 3 6 6 6 11 11 11 4095
4 8 2 3 6 6 7 7 7 7 511
4 8 2 3 6 6 7 7 7 9 1023
4 8 2 3 6 6 7 7 7 10 1023
4 8 2 3 6 6 7 7 7 11 1023
4 8 2 3 6 6 7 7 9 9 511
4 8 2 3 6 6 7 7 9 10 511
4 8 2 3 6 6 7 7 9 11 2047
4 8 2 3 6 6 7 7 10 10 2047
4 8 2 3 6 6 7 7 10 11 2047
4 8 2 3 6 6 7 7 11 11 2047
4 8 2 3 6 6 7 9 9 9 1023
4 8 2 3 6 6 7 9 9 10 1023
4 8 2 3 6 6 7 9 9 11 1023
4 8 2 3 6 6 7 9 10 10 1023
4 8 2 3 6 6 7 9 10 11 1023
4 8 2 3 6 6 7 9 11 11 4095
4 8 2 3 6 6 7 10 10 10 1023
4 8 2 3 6 6 7 10 10 11 4095
4 8 2 3 6 6 7 10 11 11 4095
4 8 2 3 6 6 7 11 11 11 4095
4 8 2 3 6 6 9 9 9 9 2047
4 8 2 3 6 6 9 9 9 10 2047
4 8 2 3 6 6 9 9 9 11 2047
4 8 2 3 6 6 9 9 10 10 2047
4 8 2 3 6 6 9 9 10 11 2047
4 8 2 3 6 6 9 9 11 11 2047
4 8 2 3 6 6 9 10 10 10 2047
4 8 2 3 6 6 9 10 10 11 2047
4 8 2 3 6 6 9 10 11 11 2047
4 8 2 3 6 6 9 11 11 11 8191
4 8 2 3 6 6 10 10 10 10 2047
4 8 2 3 6 6 10 10 10 11 2047
4 8 2 3 6 6 10 10 11 11 8191
4 8 2 3 6 6 10 11 11 11 8191
4 8 2 3 6 6 11 11 11 11 8191
4 8 2 3 6 7 7 7 7 7 511
4 8 2 3 6 7 7 7 7 9 1023
4 8 2 3 6 7 7 7 7 10 1023
4 8 2 3 6 7 7 7 7 11 1023
4 8 2 3 6 7 7 7 9 9 2047
4 8 2 3 6 7 7 7 9 10 2047
4 8 2 3 6 7 7 7 9 11 2047
4 8 2 3 6 7 7 7 10 10 2047
4 8 2 3 6 7 7 7 10 11 2047
4 8 2 3 6 7 7 7 11 11 2047
4 8 2 3 6 7 7 9 9 9 1023
4 8 2 3 6 7 7 9 9 10 1023
4 8 2 3 6 7 7 9 9 11 4095
4 8 2 3 6 7 7 9 10 10 1023
4 8 2 3 6 7 7 9 10 11 4095
4 8 2 3 6 7 7 9 11 11 4095
4 8 2 3 6 7 7 10 10 10 4095
4 8 2 3 6 7 7 10 10 11 4095
4 8 2 3 6 7 7 10 11 11 4095
4 8 2 3 6 7 7 11 11 11 4095
4 8 2 3 6 7 9 9 9 9 2047
4 8 2 3 6 7 9 9 9 10 2047
4 8 2 3 6 7 9 9 9 11 2047
4 8 2 3 6 7 9 9 10 10 2047
4 8 2 3 6 7 9 9 10 11 2047
4 8 2 3 6 7 9 9 11 11 8191
4 8 2 3 6 7 9 10 10 10 2047
4 8 2 3 6 7 9 10 10 11 2047
4 8 2 3 6 7 9 10 11 11 8191
4 8 2 3 6 7 9 11 11 11 8191
4 8 2 3 6 7 10 10 10 10 2047
4 8 2 3 6 7 10 10 10 11 8191
4 8 2 3 6 7 10 10 11 11 8191
4 8 2 3 6 7 10 11 11 11 8191
4 8 2 3 6 7 11 11 11 11 8191
4 8 2 3 6 9 9 9 9 9 4095
4 8 2 3 6 9 9 9 9 10 4095
4 8 2 3 6 9 9 9 9 11 4095
4 8 2 3 6 9 9 9 10 10 4095
4 8 2 3 6 9 9 9 10 11 4095
4 8 2 3 6 9 9 9 11 11 4095
4 8 2 3 6 9 9 10 10 10 4095
4 8 2 3 6 9 9 10 10 11 4095
4 8 2 3 6 9 9 10 11 11 4095
4 8 2 3 6 9 9 11 11 11 16383
4 8 2 3 6 9 10 10 10 10 4095
4 8 2 3 6 9 10 10 10 11 4095
4 8 2 3 6 9 10 10 11 11 4095
4 8 2 3 6 9 10 11 11 11 16383
4 8 2 3 6 9 11 11 11 11 16383
4 8 2 3 6 10 10 10 10 10 4095
4 8 2 3 6 10 10 10 10 11 4095
4 8 2 3 6 10 10 10 11 11 16383
4 8 2 3 6 10 10 11 11 11 16383
4 8 2 3 6 10 11 11 11 11 16383
4 8 2 3 6 11 11 11 11 11 16383
4 8 2 3 7 7 7 7 7 7 511
4 8 2 3 7 7 7 7 7 9 1023
4 8 2 3 7 7 7 7 7 10 1023
4 8 2 3 7 7 7 7 7 11 1023
4 8 2 3 7 7 7 7 9 9 2047
4 8 2 3 7 7 7 7 9 10 2047
4 8 2 3 7 7 7 7 9 11 2047
4 8 2 3 7 7 7 7 10 10 2047
4 8 2 3 7 7 7 7 10 11 2047
4 8 2 3 7 7 7 7 11 11 2047
4 8 2 3 7 7 7 9 9 9 4095
4 8 2 3 7 7 7 9 9 10 4095
4 8 2 3 7 7 7 9 9 11 4095
4 8 2 3 7 7 7 9 10 10 4095
4 8 2 3 7 7 7 9 10 11 4095
4 8 2 3 7 7 7 9 11 11 4095
4 8 2 3 7 7 7 10 10 10 4095
4 8 2 3 7 7 7 10 10 11 4095
4 8 2 3 7 7 7 10 11 11 4095
4 8 2 3 7 7 7 11 11 11 4095
4 8 2 3 7 7 9 9 9 9 2047
4 8 2 3 7 7 9 9 9 10 2047
4 8 2 3 7 7 9 9 9 11 8191
4 8 2 3 7 7 9 9 10 10 2047
4 8 2 3 7 7 9 9 10 11 8191
4 8 2 3 7 7 9 9 11 11 8191
4 8 2 3 7 7 9 10 10 10 2047
4 8 2 3 7 7 9 10 10 11 8191
4 8 2 3 7 7 9 10 11 11 8191
4 8 2 3 7 7 9 11 11 11 8191
4 8 2 3 7 7 10 10 10 10 8191
4 8 2 3 7 7 10 10 10 11 8191
4 8 2 3 7 7 10 10 11 11 8191
4 8 2 3 7 7 10 11 11 11 8191
4 8 2 3 7 7 11 11 11 11 8191
4 8 2 3 7 9 9 9 9 9 4095
4 8 2 3 7 9 9 9 9 10 4095
4 8 2 3 7 9 9 9 9 11 4095
4 8 2 3 7 9 9 9 10 10 4095
4 8 2 3 7 9 9 9 10 11 4095
4 8 2 3 7 9 9 9 11 11 16383
4 8 2 3 7 9 9 10 10 10 4095
4 8 2 3 7 9 9 10 10 11 4095
4 8 2 3 7 9 9 10 11 11 16383
4 8 2 3 7 9 9 11 11 11 16383
4 8 2 3 7 9 10 10 10 10 4095
4 8 2 3 7 9 10 10 10 11 4095
4 8 2 3 7 9 10 10 11 11 16383
4 8 2 3 7 9 10 11 11 11 16383
4 8 2 3 7 9 11 11 11 11 16383
4 8 2 3 7 10 10 10 10 10 4095
4 8 2 3 7 10 10 10 10 11 16383
4 8 2 3 7 10 10 10 11 11 16383
4 8 2 3 7 10 10 11 11 11 16383
4 8 2 3 7 10 11 11 11 11 16383
4 8 2 3 7 11 11 11 11 11 16383
4 8 2 3 9 9 9 9 9 9 8191
4 8 2 3 9 9 9 9 9 10 8191
4 8 2 3 9 9 9 9 9 11 8191
4 8 2 3 9 9 9 9 10 10 8191
4 8 2 3 9 9 9 9 10 11 8191
4 8 2 3 9 9 9 9 11 11 8191
4 8 2 3 9 9 9 10 10 10 8191
4 8 2 3 9 9 9 10 10 11 8191
4 8 2 3 9 9 9 10 11 11 8191
4 8 2 3 9 9 9 11 11 11 32767
4 8 2 3 9 9 10 10 10 10 8191
4 8 2 3 9 9 10 10 10 11 8191
4 8 2 3 9 9 10 10 11 11 8191
4 8 2 3 9 9 10 11 11 11 32767
4 8 2 3 9 9 11 11 11 11 32767
4 8 2 3 9 10 10 10 10 10 8191
4 8 2 3 9 10 10 10 10 11 8191
4 8 2 3 9 10 10 10 11 11 8191
4 8 2 3 9 10 10 11 11 11 32767
4 8 2 3 9 10 11 11 11 11 32767
4 8 2 3 9 11 11 11 11 11 32767
4 8 2 3 10 10 10 10 10 10 8191
4 8 2 3 10 10 10 10 10 11 8191
4 8 2 3 10 10 10 10 11 11 32767
4 8 2 3 10 10 10 11 11 11 32767
4 8 2 3 10 10 11 11 11 11 32767
4 8 2 3 10 11 11 11 11 11 32767
4 8 2 3 11 11 11 11 11 11 32767
4 8 2 5 5 5 5 5 5 5 255
4 8 2 5 5 5 5 5 5 6 255
4 8 2 5 5 5 5 5 5 7 255
4 8 2 5 5 5 5 5 5 9 511
4 8 2 5 5 5 5 5 5 10 511
4 8 2 5 5 5 5 5 5 11 511
4 8 2 5 5 5 5 5 6 6 255
4 8 2 5 5 5 5 5 6 7 255
4 8 2 5 5 5 5 5 6 9 511
4 8 2 5 5 5 5 5 6 10 511
4 8 2 5 5 5 5 5 6 11 511
4 8 2 5 5 5 5 5 7 7 255
4 8 2 5 5 5 5 5 7 9 511
4 8 2 5 5 5 5 5 7 10 511
4 8 2 5 5 5 5 5 7 11 511
4 8 2 5 5 5 5 5 9 9 1023
4 8 2 5 5 5 5 5 9 10 1023
4 8 2 5 5 5 5 5 9 11 1023
4 8 2 5 5 5 5 5 10 10 1023
4 8 2 5 5 5 5 5 10 11 1023
4 8 2 5 5 5 5 5 11 11 1023
4 8 2 5 5 5 5 6 6 6 255
4 8 2 5 5 5 5 6 6 7 255
4 8 2 5 5 5 5 6 6 9 511
4 8 2 5 5 5 5 6 6 10 511
4 8 2 5 5 5 5 6 6 11 511
4 8 2 5 5 5 5 6 7 7 255
4 8 2 5 5 5 5 6 7 9 511
4 8 2 5 5 5 5 6 7 10 511
4 8 2 5 5 5 5 6 7 11 511
4 8 2 5 5 5 5 6 9 9 1023
4 8 2 5 5 5 5 6 9 10 1023
4 8 2 5 5 5 5 6 9 11 1023
4 8 2 5 5 5 5 6 10 10 1023
4 8 2 5 5 5 5 6 10 11 1023
4 8 2 5 5 5 5 6 11 11 1023
4 8 2 5 5 5 5 7 7 7 255
4 8 2 5 5 5 5 7 7 9 511
4 8 2 5 5 5 5 7 7 10 511
4 8 2 5 5 5 5 7 7 11 511
4 8 2 5 5 5 5 7 9 9 1023
4 8 2 5 5 5 5 7 9 10 1023
4 8 2 5 5 5 5 7 9 11 1023
4 8 2 5 5 5 5 7 10 10 1023
4 8 2 5 5 5 5 7 10 11 1023
4 8 2 5 5 5 5 7 11 11 1023
4 8 2 5 5 5 5 9 9 9 2047
4 8 2 5 5 5 5 9 9 10 2047
4 8 2 5 5 5 5 9 9 11 2047
4 8 2 5 5 5 5 9 10 10 2047
4 8 2 5 5 5 5 9 10 11 2047
4 8 2 5 5 5 5 9 11 11 2047
4 8 2 5 5 5 5 10 10 10 2047
4 8 2 5 5 5 5 10 10 11 2047
4 8 2 5 5 5 5 10 11 11 2047
4 8 2 5 5 5 5 11 11 11 2047
4 8 2 5 5 5 6 6 6 6 255
4 8 2 5 5 5 6 6 6 7 255
4 8 2 5 5 5 6 6 6 9 511
4 8 2 5 5 5 6 6 6 10 511
4 8 2 5 5 5 6 6 6 11 511
4 8 2 5 5 5 6 6 7 7 255
4 8 2 5 5 5 6 6 7 9 511
4 8 2 5 5 5 6 6 7 10 511
4 8 2 5 5 5 6 6 7 11 511
4 8 2 5 5 5 6 6 9 9 1023
4 8 2 5 5 5 6 6 9 10 1023
4 8 2 5 5 5 6 6 9 11 1023
4 8 2 5 5 5 6 6 10 10 1023
4 8 2 5 5 5 6 6 10 11 1023
4 8 2 5 5 5 6 6 11 11 1023
4 8 2 5 5 5 6 7 7 7 255
4 8 2 5 5 5 6 7 7 9 511
4 8 2 5 5 5 6 7 7 10 511
4 8 2 5 5 5 6 7 7 11 511
4 8 2 5 5 5 6 7 9 9 1023
4 8 2 5 5 5 6 7 9 10 1023
4 8 2 5 5 5 6 7 9 11 1023
4 8 2 5 5 5 6 7 10 10 1023
4 8 2 5 5 5 6 7 10 11 1023
4 8 2 5 5 5 6 7 11 11 1023
4 8 2 5 5 5 6 9 9 9 2047
4 8 2 5 5 5 6 9 9 10 2047
4 8 2 5 5 5 6 9 9 11 2047
4 8 2 5 5 5 6 9 10 10 2047
4 8 2 5 5 5 6 9 10 11 2047
4 8 2 5 5 5 6 9 11 11 2047
4 8 2 5 5 5 6 10 10 10 2047
4 8 2 5 5 5 6 10 10 11 2047
4 8 2 5 5 5 6 10 11 11 2047
4 8 2 5 5 5 6 11 11 11 2047
4 8 2 5 5 5 7 7 7 7 1023
4 8 2 5 5 5 7 7 7 9 511
4 8 2 5 5 5 7 7 7 10 511
4 8 2 5 5 5 7 7 7 11 2047
4 8 2 5 5 5 7 7 9 9 1023
4 8 2 5 5 5 7 7 9 10 1023
4 8 2 5 5 5 7 7 9 11 1023
4 8 2 5 5 5 7 7 10 10 1023
4 8 2 5 5 5 7 7 10 11 1023
4 8 2 5 5 5 7 7 11 11 4095
4 8 2 5 5 5 7 9 9 9 2047
4 8 2 5 5 5 7 9 9 10 2047
4 8 2 5 5 5 7 9 9 11 2047
4 8 2 5 5 5 7 9 10 10 2047
4 8 2 5 5 5 7 9 10 11 2047
4 8 2 5 5 5 7 9 11 11 2047
4 8 2 5 5 5 7 10 10 10 2047
4 8 2 5 5 5 7 10 10 11 2047
4 8 2 5 5 5 7 10 11 11 2047
4 8 2 5 5 5 7 11 11 11 8191
4 8 2 5 5 5 9 9 9 9 4095
4 8 2 5 5 5 9 9 9 10 4095
4 8 2 5 5 5 9 9 9 11 4095
4 8 2 5 5 5 9 9 10 10 4095
4 8 2 5 5 5 9 9 10 11 4095
4 8 2 5 5 5 9 9 11 11 4095
4 8 2 5 5 5 9 10 10 10 4095
4 8 2 5 5 5 9 10 10 11 4095
4 8 2 5 5 5 9 10 11 11 4095
4 8 2 5 5 5 9 11 11 11 4095
4 8 2 5 5 5 10 10 10 10 4095
4 8 2 5 5 5 10 10 10 11 4095
4 8 2 5 5 5 10 10 11 11 4095
4 8 2 5 5 5 10 11 11 11 4095
4 8 2 5 5 5 11 11 11 11 16383
4 8 2 5 5 6 6 6 6 6 255
4 8 2 5 5 6 6 6 6 7 255
4 8 2 5 5 6 6 6 6 9 511
4 8 2 5 5 6 6 6 6 10 511
4 8 2 5 5 6 6 6 6 11 511
4 8 2 5 5 6 6 6 7 7 255
4 8 2 5 5 6 6 6 7 9 511
4 8 2 5 5 6 6 6 7 10 511
4 8 2 5 5 6 6 6 7 11 511
4 8 2 5 5 6 6 6 9 9 1023
4 8 2 5 5 6 6 6 9 10 1023
4 8 2 5 5 6 6 6 9 11 1023
4 8 2 5 5 6 6 6 10 10 1023
4 8 2 5 5 6 6 6 10 11 1023
4 8 2 5 5 6 6 6 11 11 1023
4 8 2 5 5 6 6 7 7 7 255
4 8 2 5 5 6 6 7 7 9 511
4 8 2 5 5 6 6 7 7 10 511
4 8 2 5 5 6 6 7 7 11 511
4 8 2 5 5 6 6 7 9 9 1023
4 8 2 5 5 6 6 7 9 10 1023
4 8 2 5 5 6 6 7 9 11 1023
4 8 2 5 5 6 6 7 10 10 1023
4 8 2 5 5 6 6 7 10 11 1023
4 8 2 5 5 6 6 7 11 11 1023
4 8 2 5 5 6 6 9 9 9 2047
4 8 2 5 5 6 6 9 9 10 2047
4 8 2 5 5 6 6 9 9 11 2047
4 8 2 5 5 6 6 9 10 10 2047
4 8 2 5 5 6 6 9 10 11 2047
4 8 2 5 5 6 6 9 11 11 2047
4 8 2 5 5 6 6 10 10 10 2047
4 8 2 5 5 6 6 10 10 11 2047
4 8 2 5 5 6 6 10 11 11 2047
4 8 2 5 5 6 6 11 11 11 2047
4 8 2 5 5 6 7 7 7 7 1023
4 8 2 5 5 6 7 7 7 9 511
4 8 2 5 5 6 7 7 7 10 511
4 8 2 5 5 6 7 7 7 11 2047
4 8 2 5 5 6 7 7 9 9 1023
4 8 2 5 5 6 7 7 9 10 1023
4 8 2 5 5 6 7 7 9 11 1023
4 8 2 5 5 6 7 7 10 10 1023
4 8 2 5 5 6 7 7 10 11 1023
4 8 2 5 5 6 7 7 11 11 4095
4 8 2 5 5 6 7 9 9 9 2047
4 8 2 5 5 6 7 9 9 10 2047
4 8 2 5 5 6 7 9 9 11 2047
4 8 2 5 5 6 7 9 10 10 2047
4 8 2 5 5 6 7 9 10 11 2047
4 8 2 5 5 6 7 9 11 11 2047
4 8 2 5 5 6 7 10 10 10 2047
4 8 2 5 5 6 7 10 10 11 2047
4 8 2 5 5 6 7 10 11 11 2047
4 8 2 5 5 6 7 11 11 11 8191
4 8 2 5 5 6 9 9 9 9 4095
4 8 2 5 5 6 9 9 9 10 4095
4 8 2 5 5 6 9 9 9 11 4095
4 8 2 5 5 6 9 9 10 10 4095
4 8 2 5 5 6 9 9 10 11 4095
4 8 2 5 5 6 9 9 11 11 4095
4 8 2 5 5 6 9 10 10 10 4095
4 8 2 5 5 6 9 10 10 11 4095
4 8 2 5 5 6 9 10 11 11 4095
4 8 2 5 5 6 9 11 11 11 4095
4 8 2 5 5 6 10 10 10 10 4095
4 8 2 5 5 6 10 10 10 11 4095
4 8 2 5 5 6 10 10 11 11 4095
4 8 2 5 5 6 10 11 11 11 4095
4 8 2 5 5 6 11 11 11 11 16383
4 8 2 5 5 7 7 7 7 7 1023
4 8 2 5 5 7 7 7 7 9 2047
4 8 2 5 5 7 7 7 7 10 2047
4 8 2 5 5 7 7 7 7 11 2047
4 8 2 5 5 7 7 7 9 9 1023
4 8 2 5 5 7 7 7 9 10 1023
4 8 2 5 5 7 7 7 9 11 4095
4 8 2 5 5 7 7 7 10 10 1023
4 8 2 5 5 7 7 7 10 11 4095
4 8 2 5 5 7 7 7 11 11 4095
4 8 2 5 5 7 7 9 9 9 2047
4 8 2 5 5 7 7 9 9 10 2047
4 8 2 5 5 7 7 9 9 11 2047
4 8 2 5 5 7 7 9 10 10 2047
4 8 2 5 5 7 7 9 10 11 2047
4 8 2 5 5 7 7 9 11 11 8191
4 8 2 5 5 7 7 10 10 10 2047
4 8 2 5 5 7 7 10 10 11 2047
4 8 2 5 5 7 7 10 11 11 8191
4 8 2 5 5 7 7 11 11 11 8191
4 8 2 5 5 7 9 9 9 9 4095
4 8 2 5 5 7 9 9 9 10 4095
4 8 2 5 5 7 9 9 9 11 4095
4 8 2 5 5 7 9 9 10 10 4095
4 8 2 5 5 7 9 9 10 11 4095
4 8 2 5 5 7 9 9 11 11 4095
4 8 2 5 5 7 9 10 10 10 4095
4 8 2 5 5 7 9 10 10 11 4095
4 8 2 5 5 7 9 10 11 11 4095
4 8 2 5 5 7 9 11 11 11 16383
4 8 2 5 5 7 10 10 10 10 4095
4 8 2 5 5 7 10 10 10 11 4095
4 8 2 5 5 7 10 10 11 11 4095
4 8 2 5 5 7 10 11 11 11 16383
4 8 2 5 5 7 11 11 11 11 16383
4 8 2 5 5 9 9 9 9 9 8191
4 8 2 5 5 9 9 9 9 10 8191
4 8 2 5 5 9 9 9 9 11 8191
4 8 2 5 5 9 9 9 10 10 8191
4 8 2 5 5 9 9 9 10 11 8191
4 8 2 5 5 9 9 9 11 11 8191
4 8 2 5 5 9 9 10 10 10 8191
4 8 2 5 5 9 9 10 10 11 8191
4 8 2 5 5 9 9 10 11 11 8191
4 8 2 5 5 9 9 11 11 11 8191
4 8 2 5 5 9 10 10 10 10 8191
4 8 2 5 5 9 10 10 10 11 8191
4 8 2 5 5 9 10 10 11 11 8191
4 8 2 5 5 9 10 11 11 11 8191
4 8 2 5 5 9 11 11 11 11 32767
4 8 2 5 5 10 10 10 10 10 8191
4 8 2 5 5 10 10 10 10 11 8191
4 8 2 5 5 10 10 10 11 11 8191
4 8 2 5 5 10 10 11 11 11 8191
4 8 2 5 5 10 11 11 11 11 32767
4 8 2 5 5 11 11 11 11 11 32767
4 8 2 5 6 6 6 6 6 6 255
4 8 2 5 6 6 6 6 6 7 255
4 8 2 5 6 6 6 6 6 9 511
4 8 2 5 6 6 6 6 6 10 511
4 8 2 5 6 6 6 6 6 11 511
4 8 2 5 6 6 6 6 7 7 255
4 8 2 5 6 6 6 6 7 9 511
4 8 2 5 6 6 6 6 7 10 511
4 8 2 5 6 6 6 6 7 11 511
4 8 2 5 6 6 6 6 9 9 1023
4 8 2 5 6 6 6 6 9 10 1023
4 8 2 5 6 6 6 6 9 11 1023
4 8 2 5 6 6 6 6 10 10 1023
4 8 2 5 6 6 6 6 10 11 1023
4 8 2 5 6 6 6 6 11 11 1023
4 8 2 5 6 6 6 7 7 7 255
4 8 2 5 6 6 6 7 7 9 511
4 8 2 5 6 6 6 7 7 10 511
4 8 2 5 6 6 6 7 7 11 511
4 8 2 5 6 6 6 7 9 9 1023
4 8 2 5 6 6 6 7 9 10 1023
4 8 2 5 6 6 6 7 9 11 1023
4 8 2 5 6 6 6 7 10 10 1023
4 8 2 5 6 6 6 7 10 11 1023
4 8 2 5 6 6 6 7 11 11 1023
4 8 2 5 6 6 6 9 9 9 2047
4 8 2 5 6 6 6 9 9 10 2047
4 8 2 5 6 6 6 9 9 11 2047
4 8 2 5 6 6 6 9 10 10 2047
4 8 2 5 6 6 6 9 10 11 2047
4 8 2 5 6 6 6 9 11 11 2047
4 8 2 5 6 6 6 10 10 10 2047
4 8 2 5 6 6 6 10 10 11 2047
4 8 2 5 6 6 6 10 11 11 2047
4 8 2 5 6 6 6 11 11 11 2047
4 8 2 5 6 6 7 7 7 7 1023
4 8 2 5 6 6 7 7 7 9 511
4 8 2 5 6 6 7 7 7 10 511
4 8 2 5 6 6 7 7 7 11 2047
4 8 2 5 6 6 7 7 9 9 1023
4 8 2 5 6 6 7 7 9 10 1023
4 8 2 5 6 6 7 7 9 11 1023
4 8 2 5 6 6 7 7 10 10 1023
4 8 2 5 6 6 7 7 10 11 1023
4 8 2 5 6 6 7 7 11 11 4095
4 8 2 5 6 6 7 9 9 9 2047
4 8 2 5 6 6 7 9 9 10 2047
4 8 2 5 6 6 7 9 9 11 2047
4 8 2 5 6 6 7 9 10 10 2047
4 8 2 5 6 6 7 9 10 11 2047
4 8 2 5 6 6 7 9 11 11 2047
4 8 2 5 6 6 7 10 10 10 2047
4 8 2 5 6 6 7 10 10 11 2047
4 8 2 5 6 6 7 10 11 11 2047
4 8 2 5 6 6 7 11 11 11 8191
4 8 2 5 6 6 9 9 9 9 4095
4 8 2 5 6 6 9 9 9 10 4095
4 8 2 5 6 6 9 9 9 11 4095
4 8 2 5 6 6 9 9 10 10 4095
4 8 2 5 6 6 9 9 10 11 4095
4 8 2 5 6 6 9 9 11 11 4095
4 8 2 5 6 6 9 10 10 10 4095
4 8 2 5 6 6 9 10 10 11 4095
4 8 2 5 6 6 9 10 11 11 4095
4 8 2 5 6 6 9 11 11 11 4095
4 8 2 5 6 6 10 10 10 10 4095
4 8 2 5 6 6 10 10 10 11 4095
4 8 2 5 6 6 10 10 11 11 4095
4 8 2 5 6 6 10 11 11 11 4095
4 8 2 5 6 6 11 11 11 11 16383
4 8 2 5 6 7 7 7 7 7 1023
4 8 2 5 6 7 7 7 7 9 2047
4 8 2 5 6 7 7 7 7 10 2047
4 8 2 5 6 7 7 7 7 11 2047
4 8 2 5 6 7 7 7 9 9 1023
4 8 2 5 6 7 7 7 9 10 1023
4 8 2 5 6 7 7 7 9 11 4095
4 8 2 5 6 7 7 7 10 10 1023
4 8 2 5 6 7 7 7 10 11 4095
4 8 2 5 6 7 7 7 11 11 4095
4 8 2 5 6 7 7 9 9 9 2047
4 8 2 5 6 7 7 9 9 10 2047
4 8 2 5 6 7 7 9 9 11 2047
4 8 2 5 6 7 7 9 10 10 2047
4 8 2 5 6 7 7 9 10 11 2047
4 8 2 5 6 7 7 9 11 11 8191
4 8 2 5 6 7 7 10 10 10 2047
4 8 2 5 6 7 7 10 10 11 2047
4 8 2 5 6 7 7 10 11 11 8191
4 8 2 5 6 7 7 11 11 11 8191
4 8 2 5 6 7 9 9 9 9 4095
4 8 2 5 6 7 9 9 9 10 4095
4 8 2 5 6 7 9 9 9 11 4095
4 8 2 5 6 7 9 9 10 10 4095
4 8 2 5 6 7 9 9 10 11 4095
4 8 2 5 6 7 9 9 11 11 4095
4 8 2 5 6 7 9 10 10 10 4095
4 8 2 5 6 7 9 10 10 11 4095
4 8 2 5 6 7 9 10 11 11 4095
4 8 2 5 6 7 9 11 11 11 16383
4 8 2 5 6 7 10 10 10 10 4095
4 8 2 5 6 7 10 10 10 11 4095
4 8 2 5 6 7 10 10 11 11 4095
4 8 2 5 6 7 10 11 11 11 16383
4 8 2 5 6 7 11 11 11 11 16383
4 8 2 5 6 9 9 9 9 9 8191
4 8 2 5 6 9 9 9 9 10 8191
4 8 2 5 6 9 9 9 9 11 8191
4 8 2 5 6 9 9 9 10 10 8191
4 8 2 5 6 9 9 9 10 11 8191
4 8 2 5 6 9 9 9 11 11 8191
4 8 2 5 6 9 9 10 10 10 8191
4 8 2 5 6 9 9 10 10 11 8191
4 8 2 5 6 9 9 10 11 11 8191
4 8 2 5 6 9 9 11 11 11 8191
4 8 2 5 6 9 10 10 10 10 8191
4 8 2 5 6 9 10 10 10 11 8191
4 8 2 5 6 9 10 10 11 11 8191
4 8 2 5 6 9 10 11 11 11 8191
4 8 2 5 6 9 11 11 11 11 32767
4 8 2 5 6 10 10 10 10 10 8191
4 8 2 5 6 10 10 10 10 11 8191
4 8 2 5 6 10 10 10 11 11 8191
4 8 2 5 6 10 10 11 11 11 8191
4 8 2 5 6 10 11 11 11 11 32767
4 8 2 5 6 11 11 11 11 11 32767
4 8 2 5 7 7 7 7 7 7 1023
4 8 2 5 7 7 7 7 7 9 2047
4 8 2 5 7 7 7 7 7 10 2047
4 8 2 5 7 7 7 7 7 11 2047
4 8 2 5 7 7 7 7 9 9 4095
4 8 2 5 7 7 7 7 9 10 4095
4 8 2 5 7 7 7 7 9 11 4095
4 8 2 5 7 7 7 7 10 10 4095
4 8 2 5 7 7 7 7 10 11 4095
4 8 2 5 7 7 7 7 11 11 4095
4 8 2 5 7 7 7 9 9 9 2047
4 8 2 5 7 7 7 9 9 10 2047
4 8 2 5 7 7 7 9 9 11 8191
4 8 2 5 7 7 7 9 10 10 2047
4 8 2 5 7 7 7 9 10 11 8191
4 8 2 5 7 7 7 9 11 11 8191
4 8 2 5 7 7 7 10 10 10 2047
4 8 2 5 7 7 7 10 10 11 8191
4 8 2 5 7 7 7 10 11 11 8191
4 8 2 5 7 7 7 11 11 11 8191
4 8 2 5 7 7 9 9 9 9 4095
4 8 2 5 7 7 9 9 9 10 4095
4 8 2 5 7 7 9 9 9 11 4095
4 8 2 5 7 7 9 9 10 10 4095
4 8 2 5 7 7 9 9 10 11 4095
4 8 2 5 7 7 9 9 11 11 16383
4 8 2 5 7 7 9 10 10 10 4095
4 8 2 5 7 7 9 10 10 11 4095
4 8 2 5 7 7 9 10 11 11 16383
4 8 2 5 7 7 9 11 11 11 16383
4 8 2 5 7 7 10 10 10 10 4095
4 8 2 5 7 7 10 10 10 11 4095
4 8 2 5 7 7 10 10 11 11 16383
4 8 2 5 7 7 10 11 11 11 16383
4 8 2 5 7 7 11 11 11 11 16383
4 8 2 5 7 9 9 9 9 9 8191
4 8 2 5 7 9 9 9 9 10 8191
4 8 2 5 7 9 9 9 9 11 8191
4 8 2 5 7 9 9 9 10 10 8191
4 8 2 5 7 9 9 9 10 11 8191
4 8 2 5 7 9 9 9 11 11 8191
4 8 2 5 7 9 9 10 10 10 8191
4 8 2 5 7 9 9 10 10 11 8191
4 8 2 5 7 9 9 10 11 11 8191
4 8 2 5 7 9 9 11 11 11 32767
4 8 2 5 7 9 10 10 10 10 8191
4 8 2 5 7 9 10 10 10 11 8191
4 8 2 5 7 9 10 10 11 11 8191
4 8 2 5 7 9 10 11 11 11 32767
4 8 2 5 7 9 11 11 11 11 32767
4 8 2 5 7 10 10 10 10 10 8191
4 8 2 5 7 10 10 10 10 11 8191
4 8 2 5 7 10 10 10 11 11 8191
4 8 2 5 7 10 10 11 11 11 32767
4 8 2 5 7 10 11 11 11 11 32767
4 8 2 5 7 11 11 11 11 11 32767
4 8 2 5 9 9 9 9 9 9 16383
4 8 2 5 9 9 9 9 9 10 16383
4 8 2 5 9 9 9 9 9 11 16383
4 8 2 5 9 9 9 9 10 10 16383
4 8 2 5 9 9 9 9 10 11 16383
4 8 2 5 9 9 9 9 11 11 16383
4 8 2 5 9 9 9 10 10 10 16383
4 8 2 5 9 9 9 10 10 11 16383
4 8 2 5 9 9 9 10 11 11 16383
4 8 2 5 9 9 9 11 11 11 16383
4 8 2 5 9 9 10 10 10 10 16383
4 8 2 5 9 9 10 10 10 11 16383
4 8 2 5 9 9 10 10 11 11 16383
4 8 2 5 9 9 10 11 11 11 16383
4 8 2 5 9 9 11 11 11 11 65535
4 8 2 5 9 10 10 10 10 10 16383
4 8 2 5 9 10 10 10 10 11 16383
4 8 2 5 9 10 10 10 11 11 16383
4 8 2 5 9 10 10 11 11 11 16383
4 8 2 5 9 10 11 11 11 11 65535
4 8 2 5 9 11 11 11 11 11 65535
4 8 2 5 10 10 10 10 10 10 16383
4 8 2 5 10 10 10 10 10 11 16383
4 8 2 5 10 10 10 10 11 11 16383
4 8 2 5 10 10 10 11 11 11 16383
4 8 2 5 10 10 11 11 11 11 65535
4 8 2 5 10 11 11 11 11 11 65535
4 8 2 5 11 11 11 11 11 11 65535
4 8 2 6 6 6 6 6 6 6 255
4 8 2 6 6 6 6 6 6 7 255
4 8 2 6 6 6 6 6 6 9 511
4 8 2 6 6 6 6 6 6 10 511
4 8 2 6 6 6 6 6 6 11 511
4 8 2 6 6 6 6 6 7 7 255
4 8 2 6 6 6 6 6 7 9 511
4 8 2 6 6 6 6 6 7 10 511
4 8 2 6 6 6 6 6 7 11 511
4 8 2 6 6 6 6 6 9 9 1023
4 8 2 6 6 6 6 6 9 10 1023
4 8 2 6 6 6 6 6 9 11 1023
4 8 2 6 6 6 6 6 10 10 1023
4 8 2 6 6 6 6 6 10 11 1023
4 8 2 6 6 6 6 6 11 11 1023
4 8 2 6 6 6 6 7 7 7 1023
4 8 2 6 6 6 6 7 7 9 511
4 8 2 6 6 6 6 7 7 10 511
4 8 2 6 6 6 6 7 7 11 2047
4 8 2 6 6 6 6 7 9 9 1023
4 8 2 6 6 6 6 7 9 10 1023
4 8 2 6 6 6 6 7 9 11 1023
4 8 2 6 6 6 6 7 10 10 1023
4 8 2 6 6 6 6 7 10 11 1023
4 8 2 6 6 6 6 7 11 11 4095
4 8 2 6 6 6 6 9 9 9 2047
4 8 2 6 6 6 6 9 9 10 2047
4 8 2 6 6 6 6 9 9 11 2047
4 8 2 6 6 6 6 9 10 10 2047
4 8 2 6 6 6 6 9 10 11 2047
4 8 2 6 6 6 6 9 11 11 2047
4 8 2 6 6 6 6 10 10 10 2047
4 8 2 6 6 6 6 10 10 11 2047
4 8 2 6 6 6 6 10 11 11 2047
4 8 2 6 6 6 6 11 11 11 8191
4 8 2 6 6 6 7 7 7 7 1023
4 8 2 6 6 6 7 7 7 9 511
4 8 2 6 6 6 7 7 7 10 2047
4 8 2 6 6 6 7 7 7 11 2047
4 8 2 6 6 6 7 7 9 9 1023
4 8 2 6 6 6 7 7 9 10 1023
4 8 2 6 6 6 7 7 9 11 1023
4 8 2 6 6 6 7 7 10 10 1023
4 8 2 6 6 6 7 7 10 11 4095
4 8 2 6 6 6 7 7 11 11 4095
4 8 2 6 6 6 7 9 9 9 2047
4 8 2 6 6 6 7 9 9 10 2047
4 8 2 6 6 6 7 9 9 11 2047
4 8 2 6 6 6 7 9 10 10 2047
4 8 2 6 6 6 7 9 10 11 2047
4 8 2 6 6 6 7 9 11 11 2047
4 8 2 6 6 6 7 10 10 10 2047
4 8 2 6 6 6 7 10 10 11 2047
4 8 2 6 6 6 7 10 11 11 8191
4 8 2 6 6 6 7 11 11 11 8191
4 8 2 6 6 6 9 9 9 9 4095
4 8 2 6 6 6 9 9 9 10 4095
4 8 2 6 6 6 9 9 9 11 4095
4 8 2 6 6 6 9 9 10 10 4095
4 8 2 6 6 6 9 9 10 11 4095
4 8 2 6 6 6 9 9 11 11 4095
4 8 2 6 6 6 9 10 10 10 4095
4 8 2 6 6 6 9 10 10 11 4095
4 8 2 6 6 6 9 10 11 11 4095
4 8 2 6 6 6 9 11 11 11 4095
4 8 2 6 6 6 10 10 10 10 4095
4 8 2 6 6 6 10 10 10 11 4095
4 8 2 6 6 6 10 10 11 11 4095
4 8 2 6 6 6 10 11 11 11 16383
4 8 2 6 6 6 11 11 11 11 16383
4 8 2 6 6 7 7 7 7 7 1023
4 8 2 6 6 7 7 7 7 9 2047
4 8 2 6 6 7 7 7 7 10 2047
4 8 2 6 6 7 7 7 7 11 2047
4 8 2 6 6 7 7 7 9 9 1023
4 8 2 6 6 7 7 7 9 10 1023
4 8 2 6 6 7 7 7 9 11 4095
4 8 2 6 6 7 7 7 10 10 4095
4 8 2 6 6 7 7 7 10 11 4095
4 8 2 6 6 7 7 7 11 11 4095
4 8 2 6 6 7 7 9 9 9 2047
4 8 2 6 6 7 7 9 9 10 2047
4 8 2 6 6 7 7 9 9 11 2047
4 8 2 6 6 7 7 9 10 10 2047
4 8 2 6 6 7 7 9 10 11 2047
4 8 2 6 6 7 7 9 11 11 8191
4 8 2 6 6 7 7 10 10 10 2047
4 8 2 6 6 7 7 10 10 11 8191
4 8 2 6 6 7 7 10 11 11 8191
4 8 2 6 6 7 7 11 11 11 8191
4 8 2 6 6 7 9 9 9 9 4095
4 8 2 6 6 7 9 9 9 10 4095
4 8 2 6 6 7 9 9 9 11 4095
4 8 2 6 6 7 9 9 10 10 4095
4 8 2 6 6 7 9 9 10 11 4095
4 8 2 6 6 7 9 9 11 11 4095
4 8 2 6 6 7 9 10 10 10 4095
4 8 2 6 6 7 9 10 10 11 4095
4 8 2 6 6 7 9 10 11 11 4095
4 8 2 6 6 7 9 11 11 11 16383
4 8 2 6 6 7 10 10 10 10 4095
4 8 2 6 6 7 10 10 10 11 4095
4 8 2 6 6 7 10 10 11 11 16383
4 8 2 6 6 7 10 11 11 11 16383
4 8 2 6 6 7 11 11 11 11 16383
4 8 2 6 6 9 9 9 9 9 8191
4 8 2 6 6 9 9 9 9 10 8191
4 8 2 6 6 9 9 9 9 11 8191
4 8 2 6 6 9 9 9 10 10 8191
4 8 2 6 6 9 9 9 10 11 8191
4 8 2 6 6 9 9 9 11 11 8191
4 8 2 6 6 9 9 10 10 10 8191
4 8 2 6 6 9 9 10 10 11 8191
4 8 2 6 6 9 9 10 11 11 8191
4 8 2 6 6 9 9 11 11 11 8191
4 8 2 6 6 9 10 10 10 10 8191
4 8 2 6 6 9 10 10 10 11 8191
4 8 2 6 6 9 10 10 11 11 8191
4 8 2 6 6 9 10 11 11 11 8191
4 8 2 6 6 9 11 11 11 11 32767
4 8 2 6 6 10 10 10 10 10 8191
4 8 2 6 6 10 10 10 10 11 8191
4 8 2 6 6 10 10 10 11 11 8191
4 8 2 6 6 10 10 11 11 11 32767
4 8 2 6 6 10 11 11 11 11 32767
4 8 2 6 6 11 11 11 11 11 32767
4 8 2 6 7 7 7 7 7 7 1023
4 8 2 6 7 7 7 7 7 9 2047
4 8 2 6 7 7 7 7 7 10 2047
4 8 2 6 7 7 7 7 7 11 2047
4 8 2 6 7 7 7 7 9 9 4095
4 8 2 6 7 7 7 7 9 10 4095
4 8 2 6 7 7 7 7 9 11 4095
4 8 2 6 7 7 7 7 10 10 4095
4 8 2 6 7 7 7 7 10 11 4095
4 8 2 6 7 7 7 7 11 11 4095
4 8 2 6 7 7 7 9 9 9 2047
4 8 2 6 7 7 7 9 9 10 2047
4 8 2 6 7 7 7 9 9 11 8191
4 8 2 6 7 7 7 9 10 10 2047
4 8 2 6 7 7 7 9 10 11 8191
4 8 2 6 7 7 7 9 11 11 8191
4 8 2 6 7 7 7 10 10 10 8191
4 8 2 6 7 7 7 10 10 11 8191
4 8 2 6 7 7 7 10 11 11 8191
4 8 2 6 7 7 7 11 11 11 8191
4 8 2 6 7 7 9 9 9 9 4095
4 8 2 6 7 7 9 9 9 10 4095
4 8 2 6 7 7 9 9 9 11 4095
4 8 2 6 7 7 9 9 10 10 4095
4 8 2 6 7 7 9 9 10 11 4095
4 8 2 6 7 7 9 9 11 11 16383
4 8 2 6 7 7 9 10 10 10 4095
4 8 2 6 7 7 9 10 10 11 4095
4 8 2 6 7 7 9 10 11 11 16383
4 8 2 6 7 7 9 11 11 11 16383
4 8 2 6 7 7 10 10 10 10 4095
4 8 2 6 7 7 10 10 10 11 16383
4 8 2 6 7 7 10 10 11 11 16383
4 8 2 6 7 7 10 11 11 11 16383
4 8 2 6 7 7 11 11 11 11 16383
4 8 2 6 7 9 9 9 9 9 8191
4 8 2 6 7 9 9 9 9 10 8191
4 8 2 6 7 9 9 9 9 11 8191
4 8 2 6 7 9 9 9 10 10 8191
4 8 2 6 7 9 9 9 10 11 8191
4 8 2 6 7 9 9 9 11 11 8191
4 8 2 6 7 9 9 10 10 10 8191
4 8 2 6 7 9 9 10 10 11 8191
4 8 2 6 7 9 9 10 11 11 8191
4 8 2 6 7 9 9 11 11 11 32767
4 8 2 6 7 9 10 10 10 10 8191
4 8 2 6 7 9 10 10 10 11 8191
4 8 2 6 7 9 10 10 11 11 8191
4 8 2 6 7 9 10 11 11 11 32767
4 8 2 6 7 9 11 11 11 11 32767
4 8 2 6 7 10 10 10 10 10 8191
4 8 2 6 7 10 10 10 10 11 8191
4 8 2 6 7 10 10 10 11 11 32767
4 8 2 6 7 10 10 11 11 11 32767
4 8 2 6 7 10 11 11 11 11 32767
4 8 2 6 7 11 11 11 11 11 32767
4 8 2 6 9 9 9 9 9 9 16383
4 8 2 6 9 9 9 9 9 10 16383
4 8 2 6 9 9 9 9 9 11 16383
4 8 2 6 9 9 9 9 10 10 16383
4 8 2 6 9 9 9 9 10 11 16383
4 8 2 6 9 9 9 9 11 11 16383
4 8 2 6 9 9 9 10 10 10 16383
4 8 2 6 9 9 9 10 10 11 16383
4 8 2 6 9 9 9 10 11 11 16383
4 8 2 6 9 9 9 11 11 11 16383
4 8 2 6 9 9 10 10 10 10 16383
4 8 2 6 9 9 10 10 10 11 16383
4 8 2 6 9 9 10 10 11 11 16383
4 8 2 6 9 9 10 11 11 11 16383
4 8 2 6 9 9 11 11 11 11 65535
4 8 2 6 9 10 10 10 10 10 16383
4 8 2 6 9 10 10 10 10 11 16383
4 8 2 6 9 10 10 10 11 11 16383
4 8 2 6 9 10 10 11 11 11 16383
4 8 2 6 9 10 11 11 11 11 65535
4 8 2 6 9 11 11 11 11 11 65535
4 8 2 6 10 10 10 10 10 10 16383
4 8 2 6 10 10 10 10 10 11 16383
4 8 2 6 10 10 10 10 11 11 16383
4 8 2 6 10 10 10 11 11 11 65535
4 8 2 6 10 10 11 11 11 11 65535
4 8 2 6 10 11 11 11 11 11 65535
4 8 2 6 11 11 11 11 11 11 65535
4 8 2 7 7 7 7 7 7 7 1023
4 8 2 7 7 7 7 7 7 9 2047
4 8 2 7 7 7 7 7 7 10 2047
4 8 2 7 7 7 7 7 7 11 2047
4 8 2 7 7 7 7 7 9 9 4095
4 8 2 7 7 7 7 7 9 10 4095
4 8 2 7 7 7 7 7 9 11 4095
4 8 2 7 7 7 7 7 10 10 4095
4 8 2 7 7 7 7 7 10 11 4095
4 8 2 7 7 7 7 7 11 11 4095
4 8 2 7 7 7 7 9 9 9 8191
4 8 2 7 7 7 7 9 9 10 8191
4 8 2 7 7 7 7 9 9 11 8191
4 8 2 7 7 7 7 9 10 10 8191
4 8 2 7 7 7 7 9 10 11 8191
4 8 2 7 7 7 7 9 11 11 8191
4 8 2 7 7 7 7 10 10 10 8191
4 8 2 7 7 7 7 10 10 11 8191
4 8 2 7 7 7 7 10 11 11 8191
4 8 2 7 7 7 7 11 11 11 8191
4 8 2 7 7 7 9 9 9 9 4095
4 8 2 7 7 7 9 9 9 10 4095
4 8 2 7 7 7 9 9 9 11 16383
4 8 2 7 7 7 9 9 10 10 4095
4 8 2 7 7 7 9 9 10 11 16383
4 8 2 7 7 7 9 9 11 11 16383
4 8 2 7 7 7 9 10 10 10 4095
4 8 2 7 7 7 9 10 10 11 16383
4 8 2 7 7 7 9 10 11 11 16383
4 8 2 7 7 7 9 11 11 11 16383
4 8 2 7 7 7 10 10 10 10 16383
4 8 2 7 7 7 10 10 10 11 16383
4 8 2 7 7 7 10 10 11 11 16383
4 8 2 7 7 7 10 11 11 11 16383
4 8 2 7 7 7 11 11 11 11 16383
4 8 2 7 7 9 9 9 9 9 8191
4 8 2 7 7 9 9 9 9 10 8191
4 8 2 7 7 9 9 9 9 11 8191
4 8 2 7 7 9 9 9 10 10 8191
4 8 2 7 7 9 9 9 10 11 8191
4 8 2 7 7 9 9 9 11 11 32767
4 8 2 7 7 9 9 10 10 10 8191
4 8 2 7 7 9 9 10 10 11 8191
4 8 2 7 7 9 9 10 11 11 32767
4 8 2 7 7 9 9 11 11 11 32767
4 8 2 7 7 9 10 10 10 10 8191
4 8 2 7 7 9 10 10 10 11 8191
4 8 2 7 7 9 10 10 11 11 32767
4 8 2 7 7 9 10 11 11 11 32767
4 8 2 7 7 9 11 11 11 11 32767
4 8 2 7 7 10 10 10 10 10 8191
4 8 2 7 7 10 10 10 10 11 32767
4 8 2 7 7 10 10 10 11 11 32767
4 8 2 7 7 10 10 11 11 11 32767
4 8 2 7 7 10 11 11 11 11 32767
4 8 2 7 7 11 11 11 11 11 32767
4 8 2 7 9 9 9 9 9 9 16383
4 8 2 7 9 9 9 9 9 10 16383
4 8 2 7 9 9 9 9 9 11 16383
4 8 2 7 9 9 9 9 10 10 16383
4 8 2 7 9 9 9 9 10 11 16383
4 8 2 7 9 9 9 9 11 11 16383
4 8 2 7 9 9 9 10 10 10 16383
4 8 2 7 9 9 9 10 10 11 16383
4 8 2 7 9 9 9 10 11 11 16383
4 8 2 7 9 9 9 11 11 11 65535
4 8 2 7 9 9 10 10 10 10 16383
4 8 2 7 9 9 10 10 10 11 16383
4 8 2 7 9 9 10 10 11 11 16383
4 8 2 7 9 9 10 11 11 11 65535
4 8 2 7 9 9 11 11 11 11 65535
4 8 2 7 9 10 10 10 10 10 16383
4 8 2 7 9 10 10 10 10 11 16383
4 8 2 7 9 10 10 10 11 11 16383
4 8 2 7 9 10 10 11 11 11 65535
4 8 2 7 9 10 11 11 11 11 65535
4 8 2 7 9 11 11 11 11 11 65535
4 8 2 7 10 10 10 10 10 10 16383
4 8 2 7 10 10 10 10 10 11 16383
4 8 2 7 10 10 10 10 11 11 65535
4 8 2 7 10 10 10 11 11 11 65535
4 8 2 7 10 10 11 11 11 11 65535
4 8 2 7 10 11 11 11 11 11 65535
4 8 2 7 11 11 11 11 11 11 65535
4 8 2 9 9 9 9 9 9 9 32767
4 8 2 9 9 9 9 9 9 10 32767
4 8 2 9 9 9 9 9 9 11 32767
4 8 2 9 9 9 9 9 10 10 32767
4 8 2 9 9 9 9 9 10 11 32767
4 8 2 9 9 9 9 9 11 11 32767
4 8 2 9 9 9 9 10 10 10 32767
4 8 2 9 9 9 9 10 10 11 32767
4 8 2 9 9 9 9 10 11 11 32767
4 8 2 9 9 9 9 11 11 11 32767
4 8 2 9 9 9 10 10 10 10 32767
4 8 2 9 9 9 10 10 10 11 32767
4 8 2 9 9 9 10 10 11 11 32767
4 8 2 9 9 9 10 11 11 11 32767
4 8 2 9 9 9 11 11 11 11 131071
4 8 2 9 9 10 10 10 10 10 32767
4 8 2 9 9 10 10 10 10 11 32767
4 8 2 9 9 10 10 10 11 11 32767
4 8 2 9 9 10 10 11 11 11 32767
4 8 2 9 9 10 11 11 11 11 131071
4 8 2 9 9 11 11 11 11 11 131071
4 8 2 9 10 10 10 10 10 10 32767
4 8 2 9 10 10 10 10 10 11 32767
4 8 2 9 10 10 10 10 11 11 32767
4 8 2 9 10 10 10 11 11 11 32767
4 8 2 9 10 10 11 11 11 11 131071
4 8 2 9 10 11 11 11 11 11 131071
4 8 2 9 11 11 11 11 11 11 131071
4 8 2 10 10 10 10 10 10 10 32767
4 8 2 10 10 10 10 10 10 11 32767
4 8 2 10 10 10 10 10 11 11 32767
4 8 2 10 10 10 10 11 11 11 131071
4 8 2 10 10 10 11 11 11 11 131071
4 8 2 10 10 11 11 11 11 11 131071
4 8 2 10 11 11 11 11 11 11 131071
4 8 2 11 11 11 11 11 11 11 131071
4 8 3 3 3 3 3 3 3 3 31
4 8 3 3 3 3 3 3 3 5 15
4 8 3 3 3 3 3 3 3 6 15
4 8 3 3 3 3 3 3 3 7 63
4 8 3 3 3 3 3 3 3 9 31
4 8 3 3 3 3 3 3 3 10 31
4 8 3 3 3 3 3 3 3 11 127
4 8 3 3 3 3 3 3 5 5 31
4 8 3 3 3 3 3 3 5 6 31
4 8 3 3 3 3 3 3 5 7 31
4 8 3 3 3 3 3 3 5 9 63
4 8 3 3 3 3 3 3 5 10 63
4 8 3 3 3 3 3 3 5 11 63
4 8 3 3 3 3 3 3 6 6 31
4 8 3 3 3 3 3 3 6 7 31
4 8 3 3 3 3 3 3 6 9 63
4 8 3 3 3 3 3 3 6 10 63
4 8 3 3 3 3 3 3 6 11 63
4 8 3 3 3 3 3 3 7 7 127
4 8 3 3 3 3 3 3 7 9 63
4 8 3 3 3 3 3 3 7 10 63
4 8 3 3 3 3 3 3 7 11 255
4 8 3 3 3 3 3 3 9 9 127
4 8 3 3 3 3 3 3 9 10 127
4 8 3 3 3 3 3 3 9 11 127
4 8 3 3 3 3 3 3 10 10 127
4 8 3 3 3 3 3 3 10 11 127
4 8 3 3 3 3 3 3 11 11 511
4 8 3 3 3 3 3 5 5 5 63
4 8 3 3 3 3 3 5 5 6 63
4 8 3 3 3 3 3 5 5 7 63
4 8 3 3 3 3 3 5 5 9 127
4 8 3 3 3 3 3 5 5 10 127
4 8 3 3 3 3 3 5 5 11 127
4 8 3 3 3 3 3 5 6 6 63
4 8 3 3 3 3 3 5 6 7 63
4 8 3 3 3 3 3 5 6 9 127
4 8 3 3 3 3 3 5 6 10 127
4 8 3 3 3 3 3 5 6 11 127
4 8 3 3 3 3 3 5 7 7 63
4 8 3 3 3 3 3 5 7 9 127
4 8 3 3 3 3 3 5 7 10 127
4 8 3 3 3 3 3 5 7 11 127
4 8 3 3 3 3 3 5 9 9 255
4 8 3 3 3 3 3 5 9 10 255
4 8 3 3 3 3 3 5 9 11 255
4 8 3 3 3 3 3 5 10 10 255
4 8 3 3 3 3 3 5 10 11 255
4 8 3 3 3 3 3 5 11 11 255
4 8 3 3 3 3 3 6 6 6 63
4 8 3 3 3 3 3 6 6 7 63
4 8 3 3 3 3 3 6 6 9 127
4 8 3 3 3 3 3 6 6 10 127
4 8 3 3 3 3 3 6 6 11 127
4 8 3 3 3 3 3 6 7 7 63
4 8 3 3 3 3 3 6 7 9 127
4 8 3 3 3 3 3 6 7 10 127
4 8 3 3 3 3 3 6 7 11 127
4 8 3 3 3 3 3 6 9 9 255
4 8 3 3 3 3 3 6 9 10 255
4 8 3 3 3 3 3 6 9 11 255
4 8 3 3 3 3 3 6 10 10 255
4 8 3 3 3 3 3 6 10 11 255
4 8 3 3 3 3 3 6 11 11 255
4 8 3 3 3 3 3 7 7 7 255
4 8 3 3 3 3 3 7 7 9 127
4 8 3 3 3 3 3 7 7 10 127
4 8 3 3 3 3 3 7 7 11 511
4 8 3 3 3 3 3 7 9 9 255
4 8 3 3 3 3 3 7 9 10 255
4 8 3 3 3 3 3 7 9 11 255
4 8 3 3 3 3 3 7 10 10 255
4 8 3 3 3 3 3 7 10 11 255
4 8 3 3 3 3 3 7 11 11 1023
4 8 3 3 3 3 3 9 9 9 511
4 8 3 3 3 3 3 9 9 10 511
4 8 3 3 3 3 3 9 9 11 511
4 8 3 3 3 3 3 9 10 10 511
4 8 3 3 3 3 3 9 10 11 511
4 8 3 3 3 3 3 9 11 11 511
4 8 3 3 3 3 3 10 10 10 511
4 8 3 3 3 3 3 10 10 11 511
4 8 3 3 3 3 3 10 11 11 511
4 8 3 3 3 3 3 11 11 11 2047
4 8 3 3 3 3 5 5 5 5 127
4 8 3 3 3 3 5 5 5 6 127
4 8 3 3 3 3 5 5 5 7 127
4 8 3 3 3 3 5 5 5 9 255
4 8 3 3 3 3 5 5 5 10 255
4 8 3 3 3 3 5 5 5 11 255
4 8 3 3 3 3 5 5 6 6 127
4 8 3 3 3 3 5 5 6 7 127
4 8 3 3 3 3 5 5 6 9 255
4 8 3 3 3 3 5 5 6 10 255
4 8 3 3 3 3 5 5 6 11 255
4 8 3 3 3 3 5 5 7 7 127
4 8 3 3 3 3 5 5 7 9 255
4 8 3 3 3 3 5 5 7 10 255
4 8 3 3 3 3 5 5 7 11 255
4 8 3 3 3 3 5 5 9 9 511
4 8 3 3 3 3 5 5 9 10 511
4 8 3 3 3 3 5 5 9 11 511
4 8 3 3 3 3 5 5 10 10 511
4 8 3 3 3 3 5 5 10 11 511
4 8 3 3 3 3 5 5 11 11 511
4 8 3 3 3 3 5 6 6 6 127
4 8 3 3 3 3 5 6 6 7 127
4 8 3 3 3 3 5 6 6 9 255
4 8 3 3 3 3 5 6 6 10 255
4 8 3 3 3 3 5 6 6 11 255
4 8 3 3 3 3 5 6 7 7 127
4 8 3 3 3 3 5 6 7 9 255
4 8 3 3 3 3 5 6 7 10 255
4 8 3 3 3 3 5 6 7 11 255
4 8 3 3 3 3 5 6 9 9 511
4 8 3 3 3 3 5 6 9 10 511
4 8 3 3 3 3 5 6 9 11 511
4 8 3 3 3 3 5 6 10 10 511
4 8 3 3 3 3 5 6 10 11 511
4 8 3 3 3 3 5 6 11 11 511
4 8 3 3 3 3 5 7 7 7 127
4 8 3 3 3 3 5 7 7 9 255
4 8 3 3 3 3 5 7 7 10 255
4 8 3 3 3 3 5 7 7 11 255
4 8 3 3 3 3 5 7 9 9 511
4 8 3 3 3 3 5 7 9 10 511
4 8 3 3 3 3 5 7 9 11 511
4 8 3 3 3 3 5 7 10 10 511
4 8 3 3 3 3 5 7 10 11 511
4 8 3 3 3 3 5 7 11 11 511
4 8 3 3 3 3 5 9 9 9 1023
4 8 3 3 3 3 5 9 9 10 1023
4 8 3 3 3 3 5 9 9 11 1023
4 8 3 3 3 3 5 9 10 10 1023
4 8 3 3 3 3 5 9 10 11 1023
4 8 3 3 3 3 5 9 11 11 1023
4 8 3 3 3 3 5 10 10 10 1023
4 8 3 3 3 3 5 10 10 11 1023
4 8 3 3 3 3 5 10 11 11 1023
4 8 3 3 3 3 5 11 11 11 1023
4 8 3 3 3 3 6 6 6 6 127
4 8 3 3 3 3 6 6 6 7 127
4 8 3 3 3 3 6 6 6 9 255
4 8 3 3 3 3 6 6 6 10 255
4 8 3 3 3 3 6 6 6 11 255
4 8 3 3 3 3 6 6 7 7 127
4 8 3 3 3 3 6 6 7 9 255
4 8 3 3 3 3 6 6 7 10 255
4 8 3 3 3 3 6 6 7 11 255
4 8 3 3 3 3 6 6 9 9 511
4 8 3 3 3 3 6 6 9 10 511
4 8 3 3 3 3 6 6 9 11 511
4 8 3 3 3 3 6 6 10 10 511
4 8 3 3 3 3 6 6 10 11 511
4 8 3 3 3 3 6 6 11 11 511
4 8 3 3 3 3 6 7 7 7 127
4 8 3 3 3 3 6 7 7 9 255
4 8 3 3 3 3 6 7 7 10 255
4 8 3 3 3 3 6 7 7 11 255
4 8 3 3 3 3 6 7 9 9 511
4 8 3 3 3 3 6 7 9 10 511
4 8 3 3 3 3 6 7 9 11 511
4 8 3 3 3 3 6 7 10 10 511
4 8 3 3 3 3 6 7 10 11 511
4 8 3 3 3 3 6 7 11 11 511
4 8 3 3 3 3 6 9 9 9 1023
4 8 3 3 3 3 6 9 9 10 1023
4 8 3 3 3 3 6 9 9 11 1023
4 8 3 3 3 3 6 9 10 10 1023
4 8 3 3 3 3 6 9 10 11 1023
4 8 3 3 3 3 6 9 11 11 1023
4 8 3 3 3 3 6 10 10 10 1023
4 8 3 3 3 3 6 10 10 11 1023
4 8 3 3 3 3 6 10 11 11 1023
4 8 3 3 3 3 6 11 11 11 1023
4 8 3 3 3 3 7 7 7 7 511
4 8 3 3 3 3 7 7 7 9 255
4 8 3 3 3 3 7 7 7 10 255
4 8 3 3 3 3 7 7 7 11 1023
4 8 3 3 3 3 7 7 9 9 511
4 8 3 3 3 3 7 7 9 10 511
4 8 3 3 3 3 7 7 9 11 511
4 8 3 3 3 3 7 7 10 10 511
4 8 3 3 3 3 7 7 10 11 511
4 8 3 3 3 3 7 7 11 11 2047
4 8 3 3 3 3 7 9 9 9 1023
4 8 3 3 3 3 7 9 9 10 1023
4 8 3 3 3 3 7 9 9 11 1023
4 8 3 3 3 3 7 9 10 10 1023
4 8 3 3 3 3 7 9 10 11 1023
4 8 3 3 3 3 7 9 11 11 1023
4 8 3 3 3 3 7 10 10 10 1023
4 8 3 3 3 3 7 10 10 11 1023
4 8 3 3 3 3 7 10 11 11 1023
4 8 3 3 3 3 7 11 11 11 4095
4 8 3 3 3 3 9 9 9 9 2047
4 8 3 3 3 3 9 9 9 10 2047
4 8 3 3 3 3 9 9 9 11 2047
4 8 3 3 3 3 9 9 10 10 2047
4 8 3 3 3 3 9 9 10 11 2047
4 8 3 3 3 3 9 9 11 11 2047
4 8 3 3 3 3 9 10 10 10 2047
4 8 3 3 3 3 9 10 10 11 2047
4 8 3 3 3 3 9 10 11 11 2047
4 8 3 3 3 3 9 11 11 11 2047
4 8 3 3 3 3 10 10 10 10 2047
4 8 3 3 3 3 10 10 10 11 2047
4 8 3 3 3 3 10 10 11 11 2047
4 8 3 3 3 3 10 11 11 11 2047
4 8 3 3 3 3 11 11 11 11 8191
4 8 3 3 3 5 5 5 5 5 63
4 8 3 3 3 5 5 5 5 6 63
4 8 3 3 3 5 5 5 5 7 255
4 8 3 3 3 5 5 5 5 9 127
4 8 3 3 3 5 5 5 5 10 127
4 8 3 3 3 5 5 5 5 11 511
4 8 3 3 3 5 5 5 6 6 63
4 8 3 3 3 5 5 5 6 7 255
4 8 3 3 3 5 5 5 6 9 127
4 8 3 3 3 5 5 5 6 10 127
4 8 3 3 3 5 5 5 6 11 511
4 8 3 3 3 5 5 5 7 7 255
4 8 3 3 3 5 5 5 7 9 511
4 8 3 3 3 5 5 5 7 10 511
4 8 3 3 3 5 5 5 7 11 511
4 8 3 3 3 5 5 5 9 9 255
4 8 3 3 3 5 5 5 9 10 255
4 8 3 3 3 5 5 5 9 11 1023
4 8 3 3 3 5 5 5 10 10 255
4 8 3 3 3 5 5 5 10 11 1023
4 8 3 3 3 5 5 5 11 11 1023
4 8 3 3 3 5 5 6 6 6 63
4 8 3 3 3 5 5 6 6 7 255
4 8 3 3 3 5 5 6 6 9 127
4 8 3 3 3 5 5 6 6 10 127
4 8 3 3 3 5 5 6 6 11 511
4 8 3 3 3 5 5 6 7 7 255
4 8 3 3 3 5 5 6 7 9 511
4 8 3 3 3 5 5 6 7 10 511
4 8 3 3 3 5 5 6 7 11 511
4 8 3 3 3 5 5 6 9 9 255
4 8 3 3 3 5 5 6 9 10 255
4 8 3 3 3 5 5 6 9 11 1023
4 8 3 3 3 5 5 6 10 10 255
4 8 3 3 3 5 5 6 10 11 1023
4 8 3 3 3 5 5 6 11 11 1023
4 8 3 3 3 5 5 7 7 7 255
4 8 3 3 3 5 5 7 7 9 511
4 8 3 3 3 5 5 7 7 10 511
4 8 3 3 3 5 5 7 7 11 511
4 8 3 3 3 5 5 7 9 9 1023
4 8 3 3 3 5 5 7 9 10 1023
4 8 3 3 3 5 5 7 9 11 1023
4 8 3 3 3 5 5 7 10 10 1023
4 8 3 3 3 5 5 7 10 11 1023
4 8 3 3 3 5 5 7 11 11 1023
4 8 3 3 3 5 5 9 9 9 511
4 8 3 3 3 5 5 9 9 10 511
4 8 3 3 3 5 5 9 9 11 2047
4 8 3 3 3 5 5 9 10 10 511
4 8 3 3 3 5 5 9 10 11 2047
4 8 3 3 3 5 5 9 11 11 2047
4 8 3 3 3 5 5 10 10 10 511
4 8 3 3 3 5 5 10 10 11 2047
4 8 3 3 3 5 5 10 11 11 2047
4 8 3 3 3 5 5 11 11 11 2047
4 8 3 3 3 5 6 6 6 6 63
4 8 3 3 3 5 6 6 6 7 255
4 8 3 3 3 5 6 6 6 9 127
4 8 3 3 3 5 6 6 6 10 127
4 8 3 3 3 5 6 6 6 11 511
4 8 3 3 3 5 6 6 7 7 255
4 8 3 3 3 5 6 6 7 9 511
4 8 3 3 3 5 6 6 7 10 511
4 8 3 3 3 5 6 6 7 11 511
4 8 3 3 3 5 6 6 9 9 255
4 8 3 3 3 5 6 6 9 10 255
4 8 3 3 3 5 6 6 9 11 1023
4 8 3 3 3 5 6 6 10 10 255
4 8 3 3 3 5 6 6 10 11 1023
4 8 3 3 3 5 6 6 11 11 1023
4 8 3 3 3 5 6 7 7 7 255
4 8 3 3 3 5 6 7 7 9 511
4 8 3 3 3 5 6 7 7 10 511
4 8 3 3 3 5 6 7 7 11 511
4 8 3 3 3 5 6 7 9 9 1023
4 8 3 3 3 5 6 7 9 10 1023
4 8 3 3 3 5 6 7 9 11 1023
4 8 3 3 3 5 6 7 10 10 1023
4 8 3 3 3 5 6 7 10 11 1023
4 8 3 3 3 5 6 7 11 11 1023
4 8 3 3 3 5 6 9 9 9 511
4 8 3 3 3 5 6 9 9 10 511
4 8 3 3 3 5 6 9 9 11 2047
4 8 3 3 3 5 6 9 10 10 511
4 8 3 3 3 5 6 9 10 11 2047
4 8 3 3 3 5 6 9 11 11 2047
4 8 3 3 3 5 6 10 10 10 511
4 8 3 3 3 5 6 10 10 11 2047
4 8 3 3 3 5 6 10 11 11 2047
4 8 3 3 3 5 6 11 11 11 2047
4 8 3 3 3 5 7 7 7 7 255
4 8 3 3 3 5 7 7 7 9 511
4 8 3 3 3 5 7 7 7 10 511
4 8 3 3 3 5 7 7 7 11 511
4 8 3 3 3 5 7 7 9 9 1023
4 8 3 3 3 5 7 7 9 10 1023
4 8 3 3 3 5 7 7 9 11 1023
4 8 3 3 3 5 7 7 10 10 1023
4 8 3 3 3 5 7 7 10 11 1023
4 8 3 3 3 5 7 7 11 11 1023
4 8 3 3 3 5 7 9 9 9 2047
4 8 3 3 3 5 7 9 9 10 2047
4 8 3 3 3 5 7 9 9 11 2047
4 8 3 3 3 5 7 9 10 10 2047
4 8 3 3 3 5 7 9 10 11 2047
4 8 3 3 3 5 7 9 11 11 2047
4 8 3 3 3 5 7 10 10 10 2047
4 8 3 3 3 5 7 10 10 11 2047
4 8 3 3 3 5 7 10 11 11 2047
4 8 3 3 3 5 7 11 11 11 2047
4 8 3 3 3 5 9 9 9 9 1023
4 8 3 3 3 5 9 9 9 10 1023
4 8 3 3 3 5 9 9 9 11 4095
4 8 3 3 3 5 9 9 10 10 1023
4 8 3 3 3 5 9 9 10 11 4095
4 8 3 3 3 5 9 9 11 11 4095
4 8 3 3 3 5 9 10 10 10 1023
4 8 3 3 3 5 9 10 10 11 4095
4 8 3 3 3 5 9 10 11 11 4095
4 8 3 3 3 5 9 11 11 11 4095
4 8 3 3 3 5 10 10 10 10 1023
4 8 3 3 3 5 10 10 10 11 4095
4 8 3 3 3 5 10 10 11 11 4095
4 8 3 3 3 5 10 11 11 11 4095
4 8 3 3 3 5 11 11 11 11 4095
4 8 3 3 3 6 6 6 6 6 255
4 8 3 3 3 6 6 6 6 7 255
4 8 3 3 3 6 6 6 6 9 127
4 8 3 3 3 6 6 6 6 10 511
4 8 3 3 3 6 6 6 6 11 511
4 8 3 3 3 6 6 6 7 7 255
4 8 3 3 3 6 6 6 7 9 511
4 8 3 3 3 6 6 6 7 10 511
4 8 3 3 3 6 6 6 7 11 511
4 8 3 3 3 6 6 6 9 9 255
4 8 3 3 3 6 6 6 9 10 255
4 8 3 3 3 6 6 6 9 11 1023
4 8 3 3 3 6 6 6 10 10 1023
4 8 3 3 3 6 6 6 10 11 1023
4 8 3 3 3 6 6 6 11 11 1023
4 8 3 3 3 6 6 7 7 7 255
4 8 3 3 3 6 6 7 7 9 511
4 8 3 3 3 6 6 7 7 10 511
4 8 3 3 3 6 6 7 7 11 511
4 8 3 3 3 6 6 7 9 9 1023
4 8 3 3 3 6 6 7 9 10 1023
4 8 3 3 3 6 6 7 9 11 1023
4 8 3 3 3 6 6 7 10 10 1023
4 8 3 3 3 6 6 7 10 11 1023
4 8 3 3 3 6 6 7 11 11 1023
4 8 3 3 3 6 6 9 9 9 511
4 8 3 3 3 6 6 9 9 10 511
4 8 3 3 3 6 6 9 9 11 2047
4 8 3 3 3 6 6 9 10 10 511
4 8 3 3 3 6 6 9 10 11 2047
4 8 3 3 3 6 6 9 11 11 2047
4 8 3 3 3 6 6 10 10 10 2047
4 8 3 3 3 6 6 10 10 11 2047
4 8 3 3 3 6 6 10 11 11 2047
4 8 3 3 3 6 6 11 11 11 2047
4 8 3 3 3 6 7 7 7 7 255
4 8 3 3 3 6 7 7 7 9 511
4 8 3 3 3 6 7 7 7 10 511
4 8 3 3 3 6 7 7 7 11 511
4 8 3 3 3 6 7 7 9 9 1023
4 8 3 3 3 6 7 7 9 10 1023
4 8 3 3 3 6 7 7 9 11 1023
4 8 3 3 3 6 7 7 10 10 1023
4 8 3 3 3 6 7 7 10 11 1023
4 8 3 3 3 6 7 7 11 11 1023
4 8 3 3 3 6 7 9 9 9 2047
4 8 3 3 3 6 7 9 9 10 2047
4 8 3 3 3 6 7 9 9 11 2047
4 8 3 3 3 6 7 9 10 10 2047
4 8 3 3 3 6 7 9 10 11 2047
4 8 3 3 3 6 7 9 11 11 2047
4 8 3 3 3 6 7 10 10 10 2047
4 8 3 3 3 6 7 10 10 11 2047
4 8 3 3 3 6 7 10 11 11 2047
4 8 3 3 3 6 7 11 11 11 2047
4 8 3 3 3 6 9 9 9 9 1023
4 8 3 3 3 6 9 9 9 10 1023
4 8 3 3 3 6 9 9 9 11 4095
4 8 3 3 3 6 9 9 10 10 1023
4 8 3 3 3 6 9 9 10 11 4095
4 8 3 3 3 6 9 9 11 11 4095
4 8 3 3 3 6 9 10 10 10 1023
4 8 3 3 3 6 9 10 10 11 4095
4 8 3 3 3 6 9 10 11 11 4095
4 8 3 3 3 6 9 11 11 11 4095
4 8 3 3 3 6 10 10 10 10 4095
4 8 3 3 3 6 10 10 10 11 4095
4 8 3 3 3 6 10 10 11 11 4095
4 8 3 3 3 6 10 11 11 11 4095
4 8 3 3 3 6 11 11 11 11 4095
4 8 3 3 3 7 7 7 7 7 1023
4 8 3 3 3 7 7 7 7 9 511
4 8 3 3 3 7 7 7 7 10 511
4 8 3 3 3 7 7 7 7 11 2047
4 8 3 3 3 7 7 7 9 9 1023
4 8 3 3 3 7 7 7 9 10 1023
4 8 3 3 3 7 7 7 9 11 1023
4 8 3 3 3 7 7 7 10 10 1023
4 8 3 3 3 7 7 7 10 11 1023
4 8 3 3 3 7 7 7 11 11 4095
4 8 3 3 3 7 7 9 9 9 2047
4 8 3 3 3 7 7 9 9 10 2047
4 8 3 3 3 7 7 9 9 11 2047
4 8 3 3 3 7 7 9 10 10 2047
4 8 3 3 3 7 7 9 10 11 2047
4 8 3 3 3 7 7 9 11 11 2047
4 8 3 3 3 7 7 10 10 10 2047
4 8 3 3 3 7 7 10 10 11 2047
4 8 3 3 3 7 7 10 11 11 2047
4 8 3 3 3 7 7 11 11 11 8191
4 8 3 3 3 7 9 9 9 9 4095
4 8 3 3 3 7 9 9 9 10 4095
4 8 3 3 3 7 9 9 9 11 4095
4 8 3 3 3 7 9 9 10 10 4095
4 8 3 3 3 7 9 9 10 11 4095
4 8 3 3 3 7 9 9 11 11 4095
4 8 3 3 3 7 9 10 10 10 4095
4 8 3 3 3 7 9 10 10 11 4095
4 8 3 3 3 7 9 10 11 11 4095
4 8 3 3 3 7 9 11 11 11 4095
4 8 3 3 3 7 10 10 10 10 4095
4 8 3 3 3 7 10 10 10 11 4095
4 8 3 3 3 7 10 10 11 11 4095
4 8 3 3 3 7 10 11 11 11 4095
4 8 3 3 3 7 11 11 11 11 16383
4 8 3 3 3 9 9 9 9 9 2047
4 8 3 3 3 9 9 9 9 10 2047
4 8 3 3 3 9 9 9 9 11 8191
4 8 3 3 3 9 9 9 10 10 2047
4 8 3 3 3 9 9 9 10 11 8191
4 8 3 3 3 9 9 9 11 11 8191
4 8 3 3 3 9 9 10 10 10 2047
4 8 3 3 3 9 9 10 10 11 8191
4 8 3 3 3 9 9 10 11 11 8191
4 8 3 3 3 9 9 11 11 11 8191
4 8 3 3 3 9 10 10 10 10 2047
4 8 3 3 3 9 10 10 10 11 8191
4 8 3 3 3 9 10 10 11 11 8191
4 8 3 3 3 9 10 11 11 11 8191
4 8 3 3 3 9 11 11 11 11 8191
4 8 3 3 3 10 10 10 10 10 8191
4 8 3 3 3 10 10 10 10 11 8191
4 8 3 3 3 10 10 10 11 11 8191
4 8 3 3 3 10 10 11 11 11 8191
4 8 3 3 3 10 11 11 11 11 8191
4 8 3 3 3 11 11 11 11 11 32767
4 8 3 3 5 5 5 5 5 5 127
4 8 3 3 5 5 5 5 5 6 127
4 8 3 3 5 5 5 5 5 7 127
4 8 3 3 5 5 5 5 5 9 255
4 8 3 3 5 5 5 5 5 10 255
4 8 3 3 5 5 5 5 5 11 255
4 8 3 3 5 5 5 5 6 6 127
4 8 3 3 5 5 5 5 6 7 127
4 8 3 3 5 5 5 5 6 9 255
4 8 3 3 5 5 5 5 6 10 255
4 8 3 3 5 5 5 5 6 11 255
4 8 3 3 5 5 5 5 7 7 511
4 8 3 3 5 5 5 5 7 9 255
4 8 3 3 5 5 5 5 7 10 255
4 8 3 3 5 5 5 5 7 11 1023
4 8 3 3 5 5 5 5 9 9 511
4 8 3 3 5 5 5 5 9 10 511
4 8 3 3 5 5 5 5 9 11 511
4 8 3 3 5 5 5 5 10 10 511
4 8 3 3 5 5 5 5 10 11 511
4 8 3 3 5 5 5 5 11 11 2047
4 8 3 3 5 5 5 6 6 6 127
4 8 3 3 5 5 5 6 6 7 127
4 8 3 3 5 5 5 6 6 9 255
4 8 3 3 5 5 5 6 6 10 255
4 8 3 3 5 5 5 6 6 11 255
4 8 3 3 5 5 5 6 7 7 511
4 8 3 3 5 5 5 6 7 9 255
4 8 3 3 5 5 5 6 7 10 255
4 8 3 3 5 5 5 6 7 11 1023
4 8 3 3 5 5 5 6 9 9 511
4 8 3 3 5 5 5 6 9 10 511
4 8 3 3 5 5 5 6 9 11 511
4 8 3 3 5 5 5 6 10 10 511
4 8 3 3 5 5 5 6 10 11 511
4 8 3 3 5 5 5 6 11 11 2047
4 8 3 3 5 5 5 7 7 7 511
4 8 3 3 5 5 5 7 7 9 1023
4 8 3 3 5 5 5 7 7 10 1023
4 8 3 3 5 5 5 7 7 11 1023
4 8 3 3 5 5 5 7 9 9 511
4 8 3 3 5 5 5 7 9 10 511
4 8 3 3 5 5 5 7 9 11 2047
4 8 3 3 5 5 5 7 10 10 511
4 8 3 3 5 5 5 7 10 11 2047
4 8 3 3 5 5 5 7 11 11 2047
4 8 3 3 5 5 5 9 9 9 1023
4 8 3 3 5 5 5 9 9 10 1023
4 8 3 3 5 5 5 9 9 11 1023
4 8 3 3 5 5 5 9 10 10 1023
4 8 3 3 5 5 5 9 10 11 1023
4 8 3 3 5 5 5 9 11 11 4095
4 8 3 3 5 5 5 10 10 10 1023
4 8 3 3 5 5 5 10 10 11 1023
4 8 3 3 5 5 5 10 11 11 4095
4 8 3 3 5 5 5 11 11 11 4095
4 8 3 3 5 5 6 6 6 6 127
4 8 3 3 5 5 6 6 6 7 127
4 8 3 3 5 5 6 6 6 9 255
4 8 3 3 5 5 6 6 6 10 255
4 8 3 3 5 5 6 6 6 11 255
4 8 3 3 5 5 6 6 7 7 511
4 8 3 3 5 5 6 6 7 9 255
4 8 3 3 5 5 6 6 7 10 255
4 8 3 3 5 5 6 6 7 11 1023
4 8 3 3 5 5 6 6 9 9 511
4 8 3 3 5 5 6 6 9 10 511
4 8 3 3 5 5 6 6 9 11 511
4 8 3 3 5 5 6 6 10 10 511
4 8 3 3 5 5 6 6 10 11 511
4 8 3 3 5 5 6 6 11 11 2047
4 8 3 3 5 5 6 7 7 7 511
4 8 3 3 5 5 6 7 7 9 1023
4 8 3 3 5 5 6 7 7 10 1023
4 8 3 3 5 5 6 7 7 11 1023
4 8 3 3 5 5 6 7 9 9 511
4 8 3 3 5 5 6 7 9 10 511
4 8 3 3 5 5 6 7 9 11 2047
4 8 3 3 5 5 6 7 10 10 511
4 8 3 3 5 5 6 7 10 11 2047
4 8 3 3 5 5 6 7 11 11 2047
4 8 3 3 5 5 6 9 9 9 1023
4 8 3 3 5 5 6 9 9 10 1023
4 8 3 3 5 5 6 9 9 11 1023
4 8 3 3 5 5 6 9 10 10 1023
4 8 3 3 5 5 6 9 10 11 1023
4 8 3 3 5 5 6 9 11 11 4095
4 8 3 3 5 5 6 10 10 10 1023
4 8 3 3 5 5 6 10 10 11 1023
4 8 3 3 5 5 6 10 11 11 4095
4 8 3 3 5 5 6 11 11 11 4095
4 8 3 3 5 5 7 7 7 7 511
4 8 3 3 5 5 7 7 7 9 1023
4 8 3 3 5 5 7 7 7 10 1023
4 8 3 3 5 5 7 7 7 11 1023
4 8 3 3 5 5 7 7 9 9 2047
4 8 3 3 5 5 7 7 9 10 2047
4 8 3 3 5 5 7 7 9 11 2047
4 8 3 3 5 5 7 7 10 10 2047
4 8 3 3 5 5 7 7 10 11 2047
4 8 3 3 5 5 7 7 11 11 2047
4 8 3 3 5 5 7 9 9 9 1023
4 8 3 3 5 5 7 9 9 10 1023
4 8 3 3 5 5 7 9 9 11 4095
4 8 3 3 5 5 7 9 10 10 1023
4 8 3 3 5 5 7 9 10 11 4095
4 8 3 3 5 5 7 9 11 11 4095
4 8 3 3 5 5 7 10 10 10 1023
4 8 3 3 5 5 7 10 10 11 4095
4 8 3 3 5 5 7 10 11 11 4095
4 8 3 3 5 5 7 11 11 11 4095
4 8 3 3 5 5 9 9 9 9 2047
4 8 3 3 5 5 9 9 9 10 2047
4 8 3 3 5 5 9 9 9 11 2047
4 8 3 3 5 5 9 9 10 10 2047
4 8 3 3 5 5 9 9 10 11 2047
4 8 3 3 5 5 9 9 11 11 8191
4 8 3 3 5 5 9 10 10 10 2047
4 8 3 3 5 5 9 10 10 11 2047
4 8 3 3 5 5 9 10 11 11 8191
4 8 3 3 5 5 9 11 11 11 8191
4 8 3 3 5 5 10 10 10 10 2047
4 8 3 3 5 5 10 10 10 11 2047
4 8 3 3 5 5 10 10 11 11 8191
4 8 3 3 5 5 10 11 11 11 8191
4 8 3 3 5 5 11 11 11 11 8191
4 8 3 3 5 6 6 6 6 6 127
4 8 3 3 5 6 6 6 6 7 127
4 8 3 3 5 6 6 6 6 9 255
4 8 3 3 5 6 6 6 6 10 255
4 8 3 3 5 6 6 6 6 11 255
4 8 3 3 5 6 6 6 7 7 511
4 8 3 3 5 6 6 6 7 9 255
4 8 3 3 5 6 6 6 7 10 255
4 8 3 3 5 6 6 6 7 11 1023
4 8 3 3 5 6 6 6 9 9 511
4 8 3 3 5 6 6 6 9 10 511
4 8 3 3 5 6 6 6 9 11 511
4 8 3 3 5 6 6 6 10 10 511
4 8 3 3 5 6 6 6 10 11 511
4 8 3 3 5 6 6 6 11 11 2047
4 8 3 3 5 6 6 7 7 7 511
4 8 3 3 5 6 6 7 7 9 1023
4 8 3 3 5 6 6 7 7 10 1023
4 8 3 3 5 6 6 7 7 11 1023
4 8 3 3 5 6 6 7 9 9 511
4 8 3 3 5 6 6 7 9 10 511
4 8 3 3 5 6 6 7 9 11 2047
4 8 3 3 5 6 6 7 10 10 511
4 8 3 3 5 6 6 7 10 11 2047
4 8 3 3 5 6 6 7 11 11 2047
4 8 3 3 5 6 6 9 9 9 1023
4 8 3 3 5 6 6 9 9 10 1023
4 8 3 3 5 6 6 9 9 11 1023
4 8 3 3 5 6 6 9 10 10 1023
4 8 3 3 5 6 6 9 10 11 1023
4 8 3 3 5 6 6 9 11 11 4095
4 8 3 3 5 6 6 10 10 10 1023
4 8 3 3 5 6 6 10 10 11 1023
4 8 3 3 5 6 6 10 11 11 4095
4 8 3 3 5 6 6 11 11 11 4095
4 8 3 3 5 6 7 7 7 7 511
4 8 3 3 5 6 7 7 7 9 1023
4 8 3 3 5 6 7 7 7 10 1023
4 8 3 3 5 6 7 7 7 11 1023
4 8 3 3 5 6 7 7 9 9 2047
4 8 3 3 5 6 7 7 9 10 2047
4 8 3 3 5 6 7 7 9 11 2047
4 8 3 3 5 6 7 7 10 10 2047
4 8 3 3 5 6 7 7 10 11 2047
4 8 3 3 5 6 7 7 11 11 2047
4 8 3 3 5 6 7 9 9 9 1023
4 8 3 3 5 6 7 9 9 10 1023
4 8 3 3 5 6 7 9 9 11 4095
4 8 3 3 5 6 7 9 10 10 1023
4 8 3 3 5 6 7 9 10 11 4095
4 8 3 3 5 6 7 9 11 11 4095
4 8 3 3 5 6 7 10 10 10 1023
4 8 3 3 5 6 7 10 10 11 4095
4 8 3 3 5 6 7 10 11 11 4095
4 8 3 3 5 6 7 11 11 11 4095
4 8 3 3 5 6 9 9 9 9 2047
4 8 3 3 5 6 9 9 9 10 2047
4 8 3 3 5 6 9 9 9 11 2047
4 8 3 3 5 6 9 9 10 10 2047
4 8 3 3 5 6 9 9 10 11 2047
4 8 3 3 5 6 9 9 11 11 8191
4 8 3 3 5 6 9 10 10 10 2047
4 8 3 3 5 6 9 10 10 11 2047
4 8 3 3 5 6 9 10 11 11 8191
4 8 3 3 5 6 9 11 11 11 8191
4 8 3 3 5 6 10 10 10 10 2047
4 8 3 3 5 6 10 10 10 11 2047
4 8 3 3 5 6 10 10 11 11 8191
4 8 3 3 5 6 10 11 11 11 8191
4 8 3 3 5 6 11 11 11 11 8191
4 8 3 3 5 7 7 7 7 7 511
4 8 3 3 5 7 7 7 7 9 1023
4 8 3 3 5 7 7 7 7 10 1023
4 8 3 3 5 7 7 7 7 11 1023
4 8 3 3 5 7 7 7 9 9 2047
4 8 3 3 5 7 7 7 9 10 2047
4 8 3 3 5 7 7 7 9 11 2047
4 8 3 3 5 7 7 7 10 10 2047
4 8 3 3 5 7 7 7 10 11 2047
4 8 3 3 5 7 7 7 11 11 2047
4 8 3 3 5 7 7 9 9 9 4095
4 8 3 3 5 7 7 9 9 10 4095
4 8 3 3 5 7 7 9 9 11 4095
4 8 3 3 5 7 7 9 10 10 4095
4 8 3 3 5 7 7 9 10 11 4095
4 8 3 3 5 7 7 9 11 11 4095
4 8 3 3 5 7 7 10 10 10 4095
4 8 3 3 5 7 7 10 10 11 4095
4 8 3 3 5 7 7 10 11 11 4095
4 8 3 3 5 7 7 11 11 11 4095
4 8 3 3 5 7 9 9 9 9 2047
4 8 3 3 5 7 9 9 9 10 2047
4 8 3 3 5 7 9 9 9 11 8191
4 8 3 3 5 7 9 9 10 10 2047
4 8 3 3 5 7 9 9 10 11 8191
4 8 3 3 5 7 9 9 11 11 8191
4 8 3 3 5 7 9 10 10 10 2047
4 8 3 3 5 7 9 10 10 11 8191
4 8 3 3 5 7 9 10 11 11 8191
4 8 3 3 5 7 9 11 11 11 8191
4 8 3 3 5 7 10 10 10 10 2047
4 8 3 3 5 7 10 10 10 11 8191
4 8 3 3 5 7 10 10 11 11 8191
4 8 3 3 5 7 10 11 11 11 8191
4 8 3 3 5 7 11 11 11 11 8191
4 8 3 3 5 9 9 9 9 9 4095
4 8 3 3 5 9 9 9 9 10 4095
4 8 3 3 5 9 9 9 9 11 4095
4 8 3 3 5 9 9 9 10 10 4095
4 8 3 3 5 9 9 9 10 11 4095
4 8 3 3 5 9 9 9 11 11 16383
4 8 3 3 5 9 9 10 10 10 4095
4 8 3 3 5 9 9 10 10 11 4095
4 8 3 3 5 9 9 10 11 11 16383
4 8 3 3 5 9 9 11 11 11 16383
4 8 3 3 5 9 10 10 10 10 4095
4 8 3 3 5 9 10 10 10 11 4095
4 8 3 3 5 9 10 10 11 11 16383
4 8 3 3 5 9 10 11 11 11 16383
4 8 3 3 5 9 11 11 11 11 16383
4 8 3 3 5 10 10 10 10 10 4095
4 8 3 3 5 10 10 10 10 11 4095
4 8 3 3 5 10 10 10 11 11 16383
4 8 3 3 5 10 10 11 11 11 16383
4 8 3 3 5 10 11 11 11 11 16383
4 8 3 3 5 11 11 11 11 11 16383
4 8 3 3 6 6 6 6 6 6 127
4 8 3 3 6 6 6 6 6 7 511
4 8 3 3 6 6 6 6 6 9 255
4 8 3 3 6 6 6 6 6 10 255
4 8 3 3 6 6 6 6 6 11 1023
4 8 3 3 6 6 6 6 7 7 511
4 8 3 3 6 6 6 6 7 9 255
4 8 3 3 6 6 6 6 7 10 1023
4 8 3 3 6 6 6 6 7 11 1023
4 8 3 3 6 6 6 6 9 9 511
4 8 3 3 6 6 6 6 9 10 511
4 8 3 3 6 6 6 6 9 11 511
4 8 3 3 6 6 6 6 10 10 511
4 8 3 3 6 6 6 6 10 11 2047
4 8 3 3 6 6 6 6 11 11 2047
4 8 3 3 6 6 6 7 7 7 511
4 8 3 3 6 6 6 7 7 9 1023
4 8 3 3 6 6 6 7 7 10 1023
4 8 3 3 6 6 6 7 7 11 1023
4 8 3 3 6 6 6 7 9 9 511
4 8 3 3 6 6 6 7 9 10 511
4 8 3 3 6 6 6 7 9 11 2047
4 8 3 3 6 6 6 7 10 10 2047
4 8 3 3 6 6 6 7 10 11 2047
4 8 3 3 6 6 6 7 11 11 2047
4 8 3 3 6 6 6 9 9 9 1023
4 8 3 3 6 6 6 9 9 10 1023
4 8 3 3 6 6 6 9 9 11 1023
4 8 3 3 6 6 6 9 10 10 1023
4 8 3 3 6 6 6 9 10 11 1023
4 8 3 3 6 6 6 9 11 11 4095
4 8 3 3 6 6 6 10 10 10 1023
4 8 3 3 6 6 6 10 10 11 4095
4 8 3 3 6 6 6 10 11 11 4095
4 8 3 3 6 6 6 11 11 11 4095
4 8 3 3 6 6 7 7 7 7 511
4 8 3 3 6 6 7 7 7 9 1023
4 8 3 3 6 6 7 7 7 10 1023
4 8 3 3 6 6 7 7 7 11 1023
4 8 3 3 6 6 7 7 9 9 2047
4 8 3 3 6 6 7 7 9 10 2047
4 8 3 3 6 6 7 7 9 11 2047
4 8 3 3 6 6 7 7 10 10 2047
4 8 3 3 6 6 7 7 10 11 2047
4 8 3 3 6 6 7 7 11 11 2047
4 8 3 3 6 6 7 9 9 9 1023
4 8 3 3 6 6 7 9 9 10 1023
4 8 3 3 6 6 7 9 9 11 4095
4 8 3 3 6 6 7 9 10 10 1023
4 8 3 3 6 6 7 9 10 11 4095
4 8 3 3 6 6 7 9 11 11 4095
4 8 3 3 6 6 7 10 10 10 4095
4 8 3 3 6 6 7 10 10 11 4095
4 8 3 3 6 6 7 10 11 11 4095
4 8 3 3 6 6 7 11 11 11 4095
4 8 3 3 6 6 9 9 9 9 2047
4 8 3 3 6 6 9 9 9 10 2047
4 8 3 3 6 6 9 9 9 11 2047
4 8 3 3 6 6 9 9 10 10 2047
4 8 3 3 6 6 9 9 10 11 2047
4 8 3 3 6 6 9 9 11 11 8191
4 8 3 3 6 6 9 10 10 10 2047
4 8 3 3 6 6 9 10 10 11 2047
4 8 3 3 6 6 9 10 11 11 8191
4 8 3 3 6 6 9 11 11 11 8191
4 8 3 3 6 6 10 10 10 10 2047
4 8 3 3 6 6 10 10 10 11 8191
4 8 3 3 6 6 10 10 11 11 8191
4 8 3 3 6 6 10 11 11 11 8191
4 8 3 3 6 6 11 11 11 11 8191
4 8 3 3 6 7 7 7 7 7 511
4 8 3 3 6 7 7 7 7 9 1023
4 8 3 3 6 7 7 7 7 10 1023
4 8 3 3 6 7 7 7 7 11 1023
4 8 3 3 6 7 7 7 9 9 2047
4 8 3 3 6 7 7 7 9 10 2047
4 8 3 3 6 7 7 7 9 11 2047
4 8 3 3 6 7 7 7 10 10 2047
4 8 3 3 6 7 7 7 10 11 2047
4 8 3 3 6 7 7 7 11 11 2047
4 8 3 3 6 7 7 9 9 9 4095
4 8 3 3 6 7 7 9 9 10 4095
4 8 3 3 6 7 7 9 9 11 4095
4 8 3 3 6 7 7 9 10 10 4095
4 8 3 3 6 7 7 9 10 11 4095
4 8 3 3 6 7 7 9 11 11 4095
4 8 3 3 6 7 7 10 10 10 4095
4 8 3 3 6 7 7 10 10 11 4095
4 8 3 3 6 7 7 10 11 11 4095
4 8 3 3 6 7 7 11 11 11 4095
4 8 3 3 6 7 9 9 9 9 2047
4 8 3 3 6 7 9 9 9 10 2047
4 8 3 3 6 7 9 9 9 11 8191
4 8 3 3 6 7 9 9 10 10 2047
4 8 3 3 6 7 9 9 10 11 8191
4 8 3 3 6 7 9 9 11 11 8191
4 8 3 3 6 7 9 10 10 10 2047
4 8 3 3 6 7 9 10 10 11 8191
4 8 3 3 6 7 9 10 11 11 8191
4 8 3 3 6 7 9 11 11 11 8191
4 8 3 3 6 7 10 10 10 10 8191
4 8 3 3 6 7 10 10 10 11 8191
4 8 3 3 6 7 10 10 11 11 8191
4 8 3 3 6 7 10 11 11 11 8191
4 8 3 3 6 7 11 11 11 11 8191
4 8 3 3 6 9 9 9 9 9 4095
4 8 3 3 6 9 9 9 9 10 4095
4 8 3 3 6 9 9 9 9 11 4095
4 8 3 3 6 9 9 9 10 10 4095
4 8 3 3 6 9 9 9 10 11 4095
4 8 3 3 6 9 9 9 11 11 16383
4 8 3 3 6 9 9 10 10 10 4095
4 8 3 3 6 9 9 10 10 11 4095
4 8 3 3 6 9 9 10 11 11 16383
4 8 3 3 6 9 9 11 11 11 16383
4 8 3 3 6 9 10 10 10 10 4095
4 8 3 3 6 9 10 10 10 11 4095
4 8 3 3 6 9 10 10 11 11 16383
4 8 3 3 6 9 10 11 11 11 16383
4 8 3 3 6 9 11 11 11 11 16383
4 8 3 3 6 10 10 10 10 10 4095
4 8 3 3 6 10 10 10 10 11 16383
4 8 3 3 6 10 10 10 11 11 16383
4 8 3 3 6 10 10 11 11 11 16383
4 8 3 3 6 10 11 11 11 11 16383
4 8 3 3 6 11 11 11 11 11 16383
4 8 3 3 7 7 7 7 7 7 2047
4 8 3 3 7 7 7 7 7 9 1023
4 8 3 3 7 7 7 7 7 10 1023
4 8 3 3 7 7 7 7 7 11 4095
4 8 3 3 7 7 7 7 9 9 2047
4 8 3 3 7 7 7 7 9 10 2047
4 8 3 3 7 7 7 7 9 11 2047
4 8 3 3 7 7 7 7 10 10 2047
4 8 3 3 7 7 7 7 10 11 2047
4 8 3 3 7 7 7 7 11 11 8191
4 8 3 3 7 7 7 9 9 9 4095
4 8 3 3 7 7 7 9 9 10 4095
4 8 3 3 7 7 7 9 9 11 4095
4 8 3 3 7 7 7 9 10 10 4095
4 8 3 3 7 7 7 9 10 11 4095
4 8 3 3 7 7 7 9 11 11 4095
4 8 3 3 7 7 7 10 10 10 4095
4 8 3 3 7 7 7 10 10 11 4095
4 8 3 3 7 7 7 10 11 11 4095
4 8 3 3 7 7 7 11 11 11 16383
4 8 3 3 7 7 9 9 9 9 8191
4 8 3 3 7 7 9 9 9 10 8191
4 8 3 3 7 7 9 9 9 11 8191
4 8 3 3 7 7 9 9 10 10 8191
4 8 3 3 7 7 9 9 10 11 8191
4 8 3 3 7 7 9 9 11 11 8191
4 8 3 3 7 7 9 10 10 10 8191
4 8 3 3 7 7 9 10 10 11 8191
4 8 3 3 7 7 9 10 11 11 8191
4 8 3 3 7 7 9 11 11 11 8191
4 8 3 3 7 7 10 10 10 10 8191
4 8 3 3 7 7 10 10 10 11 8191
4 8 3 3 7 7 10 10 11 11 8191
4 8 3 3 7 7 10 11 11 11 8191
4 8 3 3 7 7 11 11 11 11 32767
4 8 3 3 7 9 9 9 9 9 4095
4 8 3 3 7 9 9 9 9 10 4095
4 8 3 3 7 9 9 9 9 11 16383
4 8 3 3 7 9 9 9 10 10 4095
4 8 3 3 7 9 9 9 10 11 16383
4 8 3 3 7 9 9 9 11 11 16383
4 8 3 3 7 9 9 10 10 10 4095
4 8 3 3 7 9 9 10 10 11 16383
4 8 3 3 7 9 9 10 11 11 16383
4 8 3 3 7 9 9 11 11 11 16383
4 8 3 3 7 9 10 10 10 10 4095
4 8 3 3 7 9 10 10 10 11 16383
4 8 3 3 7 9 10 10 11 11 16383
4 8 3 3 7 9 10 11 11 11 16383
4 8 3 3 7 9 11 11 11 11 16383
4 8 3 3 7 10 10 10 10 10 16383
4 8 3 3 7 10 10 10 10 11 16383
4 8 3 3 7 10 10 10 11 11 16383
4 8 3 3 7 10 10 11 11 11 16383
4 8 3 3 7 10 11 11 11 11 16383
4 8 3 3 7 11 11 11 11 11 65535
4 8 3 3 9 9 9 9 9 9 8191
4 8 3 3 9 9 9 9 9 10 8191
4 8 3 3 9 9 9 9 9 11 8191
4 8 3 3 9 9 9 9 10 10 8191
4 8 3 3 9 9 9 9 10 11 8191
4 8 3 3 9 9 9 9 11 11 32767
4 8 3 3 9 9 9 10 10 10 8191
4 8 3 3 9 9 9 10 10 11 8191
4 8 3 3 9 9 9 10 11 11 32767
4 8 3 3 9 9 9 11 11 11 32767
4 8 3 3 9 9 10 10 10 10 8191
4 8 3 3 9 9 10 10 10 11 8191
4 8 3 3 9 9 10 10 11 11 32767
4 8 3 3 9 9 10 11 11 11 32767
4 8 3 3 9 9 11 11 11 11 32767
4 8 3 3 9 10 10 10 10 10 8191
4 8 3 3 9 10 10 10 10 11 8191
4 8 3 3 9 10 10 10 11 11 32767
4 8 3 3 9 10 10 11 11 11 32767
4 8 3 3 9 10 11 11 11 11 32767
4 8 3 3 9 11 11 11 11 11 32767
4 8 3 3 10 10 10 10 10 10 8191
4 8 3 3 10 10 10 10 10 11 32767
4 8 3 3 10 10 10 10 11 11 32767
4 8 3 3 10 10 10 11 11 11 32767
4 8 3 3 10 10 11 11 11 11 32767
4 8 3 3 10 11 11 11 11 11 32767
4 8 3 3 11 11 11 11 11 11 131071
4 8 3 5 5 5 5 5 5 5 255
4 8 3 5 5 5 5 5 5 6 255
4 8 3 5 5 5 5 5 5 7 255
4 8 3 5 5 5 5 5 5 9 511
4 8 3 5 5 5 5 5 5 10 511
4 8 3 5 5 5 5 5 5 11 511
4 8 3 5 5 5 5 5 6 6 255
4 8 3 5 5 5 5 5 6 7 255
4 8 3 5 5 5 5 5 6 9 511
4 8 3 5 5 5 5 5 6 10 511
4 8 3 5 5 5 5 5 6 11 511
4 8 3 5 5 5 5 5 7 7 255
4 8 3 5 5 5 5 5 7 9 511
4 8 3 5 5 5 5 5 7 10 511
4 8 3 5 5 5 5 5 7 11 511
4 8 3 5 5 5 5 5 9 9 1023
4 8 3 5 5 5 5 5 9 10 1023
4 8 3 5 5 5 5 5 9 11 1023
4 8 3 5 5 5 5 5 10 10 1023
4 8 3 5 5 5 5 5 10 11 1023
4 8 3 5 5 5 5 5 11 11 1023
4 8 3 5 5 5 5 6 6 6 255
4 8 3 5 5 5 5 6 6 7 255
4 8 3 5 5 5 5 6 6 9 511
4 8 3 5 5 5 5 6 6 10 511
4 8 3 5 5 5 5 6 6 11 511
4 8 3 5 5 5 5 6 7 7 255
4 8 3 5 5 5 5 6 7 9 511
4 8 3 5 5 5 5 6 7 10 511
4 8 3 5 5 5 5 6 7 11 511
4 8 3 5 5 5 5 6 9 9 1023
4 8 3 5 5 5 5 6 9 10 1023
4 8 3 5 5 5 5 6 9 11 1023
4 8 3 5 5 5 5 6 10 10 1023
4 8 3 5 5 5 5 6 10 11 1023
4 8 3 5 5 5 5 6 11 11 1023
4 8 3 5 5 5 5 7 7 7 1023
4 8 3 5 5 5 5 7 7 9 511
4 8 3 5 5 5 5 7 7 10 511
4 8 3 5 5 5 5 7 7 11 2047
4 8 3 5 5 5 5 7 9 9 1023
4 8 3 5 5 5 5 7 9 10 1023
4 8 3 5 5 5 5 7 9 11 1023
4 8 3 5 5 5 5 7 10 10 1023
4 8 3 5 5 5 5 7 10 11 1023
4 8 3 5 5 5 5 7 11 11 4095
4 8 3 5 5 5 5 9 9 9 2047
4 8 3 5 5 5 5 9 9 10 2047
4 8 3 5 5 5 5 9 9 11 2047
4 8 3 5 5 5 5 9 10 10 2047
4 8 3 5 5 5 5 9 10 11 2047
4 8 3 5 5 5 5 9 11 11 2047
4 8 3 5 5 5 5 10 10 10 2047
4 8 3 5 5 5 5 10 10 11 2047
4 8 3 5 5 5 5 10 11 11 2047
4 8 3 5 5 5 5 11 11 11 8191
4 8 3 5 5 5 6 6 6 6 255
4 8 3 5 5 5 6 6 6 7 255
4 8 3 5 5 5 6 6 6 9 511
4 8 3 5 5 5 6 6 6 10 511
4 8 3 5 5 5 6 6 6 11 511
4 8 3 5 5 5 6 6 7 7 255
4 8 3 5 5 5 6 6 7 9 511
4 8 3 5 5 5 6 6 7 10 511
4 8 3 5 5 5 6 6 7 11 511
4 8 3 5 5 5 6 6 9 9 1023
4 8 3 5 5 5 6 6 9 10 1023
4 8 3 5 5 5 6 6 9 11 1023
4 8 3 5 5 5 6 6 10 10 1023
4 8 3 5 5 5 6 6 10 11 1023
4 8 3 5 5 5 6 6 11 11 1023
4 8 3 5 5 5 6 7 7 7 1023
4 8 3 5 5 5 6 7 7 9 511
4 8 3 5 5 5 6 7 7 10 511
4 8 3 5 5 5 6 7 7 11 2047
4 8 3 5 5 5 6 7 9 9 1023
4 8 3 5 5 5 6 7 9 10 1023
4 8 3 5 5 5 6 7 9 11 1023
4 8 3 5 5 5 6 7 10 10 1023
4 8 3 5 5 5 6 7 10 11 1023
4 8 3 5 5 5 6 7 11 11 4095
4 8 3 5 5 5 6 9 9 9 2047
4 8 3 5 5 5 6 9 9 10 2047
4 8 3 5 5 5 6 9 9 11 2047
4 8 3 5 5 5 6 9 10 10 2047
4 8 3 5 5 5 6 9 10 11 2047
4 8 3 5 5 5 6 9 11 11 2047
4 8 3 5 5 5 6 10 10 10 2047
4 8 3 5 5 5 6 10 10 11 2047
4 8 3 5 5 5 6 10 11 11 2047
4 8 3 5 5 5 6 11 11 11 8191
4 8 3 5 5 5 7 7 7 7 1023
4 8 3 5 5 5 7 7 7 9 2047
4 8 3 5 5 5 7 7 7 10 2047
4 8 3 5 5 5 7 7 7 11 2047
4 8 3 5 5 5 7 7 9 9 1023
4 8 3 5 5 5 7 7 9 10 1023
4 8 3 5 5 5 7 7 9 11 4095
4 8 3 5 5 5 7 7 10 10 1023
4 8 3 5 5 5 7 7 10 11 4095
4 8 3 5 5 5 7 7 11 11 4095
4 8 3 5 5 5 7 9 9 9 2047
4 8 3 5 5 5 7 9 9 10 2047
4 8 3 5 5 5 7 9 9 11 2047
4 8 3 5 5 5 7 9 10 10 2047
4 8 3 5 5 5 7 9 10 11 2047
4 8 3 5 5 5 7 9 11 11 8191
4 8 3 5 5 5 7 10 10 10 2047
4 8 3 5 5 5 7 10 10 11 2047
4 8 3 5 5 5 7 10 11 11 8191
4 8 3 5 5 5 7 11 11 11 8191
4 8 3 5 5 5 9 9 9 9 4095
4 8 3 5 5 5 9 9 9 10 4095
4 8 3 5 5 5 9 9 9 11 4095
4 8 3 5 5 5 9 9 10 10 4095
4 8 3 5 5 5 9 9 10 11 4095
4 8 3 5 5 5 9 9 11 11 4095
4 8 3 5 5 5 9 10 10 10 4095
4 8 3 5 5 5 9 10 10 11 4095
4 8 3 5 5 5 9 10 11 11 4095
4 8 3 5 5 5 9 11 11 11 16383
4 8 3 5 5 5 10 10 10 10 4095
4 8 3 5 5 5 10 10 10 11 4095
4 8 3 5 5 5 10 10 11 11 4095
4 8 3 5 5 5 10 11 11 11 16383
4 8 3 5 5 5 11 11 11 11 16383
4 8 3 5 5 6 6 6 6 6 255
4 8 3 5 5 6 6 6 6 7 255
4 8 3 5 5 6 6 6 6 9 511
4 8 3 5 5 6 6 6 6 10 511
4 8 3 5 5 6 6 6 6 11 511
4 8 3 5 5 6 6 6 7 7 255
4 8 3 5 5 6 6 6 7 9 511
4 8 3 5 5 6 6 6 7 10 511
4 8 3 5 5 6 6 6 7 11 511
4 8 3 5 5 6 6 6 9 9 1023
4 8 3 5 5 6 6 6 9 10 1023
4 8 3 5 5 6 6 6 9 11 1023
4 8 3 5 5 6 6 6 10 10 1023
4 8 3 5 5 6 6 6 10 11 1023
4 8 3 5 5 6 6 6 11 11 1023
4 8 3 5 5 6 6 7 7 7 1023
4 8 3 5 5 6 6 7 7 9 511
4 8 3 5 5 6 6 7 7 10 511
4 8 3 5 5 6 6 7 7 11 2047
4 8 3 5 5 6 6 7 9 9 1023
4 8 3 5 5 6 6 7 9 10 1023
4 8 3 5 5 6 6 7 9 11 1023
4 8 3 5 5 6 6 7 10 10 1023
4 8 3 5 5 6 6 7 10 11 1023
4 8 3 5 5 6 6 7 11 11 4095
4 8 3 5 5 6 6 9 9 9 2047
4 8 3 5 5 6 6 9 9 10 2047
4 8 3 5 5 6 6 9 9 11 2047
4 8 3 5 5 6 6 9 10 10 2047
4 8 3 5 5 6 6 9 10 11 2047
4 8 3 5 5 6 6 9 11 11 2047
4 8 3 5 5 6 6 10 10 10 2047
4 8 3 5 5 6 6 10 10 11 2047
4 8 3 5 5 6 6 10 11 11 2047
4 8 3 5 5 6 6 11 11 11 8191
4 8 3 5 5 6 7 7 7 7 1023
4 8 3 5 5 6 7 7 7 9 2047
4 8 3 5 5 6 7 7 7 10 2047
4 8 3 5 5 6 7 7 7 11 2047
4 8 3 5 5 6 7 7 9 9 1023
4 8 3 5 5 6 7 7 9 10 1023
4 8 3 5 5 6 7 7 9 11 4095
4 8 3 5 5 6 7 7 10 10 1023
4 8 3 5 5 6 7 7 10 11 4095
4 8 3 5 5 6 7 7 11 11 4095
4 8 3 5 5 6 7 9 9 9 2047
4 8 3 5 5 6 7 9 9 10 2047
4 8 3 5 5 6 7 9 9 11 2047
4 8 3 5 5 6 7 9 10 10 2047
4 8 3 5 5 6 7 9 10 11 2047
4 8 3 5 5 6 7 9 11 11 8191
4 8 3 5 5 6 7 10 10 10 2047
4 8 3 5 5 6 7 10 10 11 2047
4 8 3 5 5 6 7 10 11 11 8191
4 8 3 5 5 6 7 11 11 11 8191
4 8 3 5 5 6 9 9 9 9 4095
4 8 3 5 5 6 9 9 9 10 4095
4 8 3 5 5 6 9 9 9 11 4095
4 8 3 5 5 6 9 9 10 10 4095
4 8 3 5 5 6 9 9 10 11 4095
4 8 3 5 5 6 9 9 11 11 4095
4 8 3 5 5 6 9 10 10 10 4095
4 8 3 5 5 6 9 10 10 11 4095
4 8 3 5 5 6 9 10 11 11 4095
4 8 3 5 5 6 9 11 11 11 16383
4 8 3 5 5 6 10 10 10 10 4095
4 8 3 5 5 6 10 10 10 11 4095
4 8 3 5 5 6 10 10 11 11 4095
4 8 3 5 5 6 10 11 11 11 16383
4 8 3 5 5 6 11 11 11 11 16383
4 8 3 5 5 7 7 7 7 7 1023
4 8 3 5 5 7 7 7 7 9 2047
4 8 3 5 5 7 7 7 7 10 2047
4 8 3 5 5 7 7 7 7 11 2047
4 8 3 5 5 7 7 7 9 9 4095
4 8 3 5 5 7 7 7 9 10 4095
4 8 3 5 5 7 7 7 9 11 4095
4 8 3 5 5 7 7 7 10 10 4095
4 8 3 5 5 7 7 7 10 11 4095
4 8 3 5 5 7 7 7 11 11 4095
4 8 3 5 5 7 7 9 9 9 2047
4 8 3 5 5 7 7 9 9 10 2047
4 8 3 5 5 7 7 9 9 11 8191
4 8 3 5 5 7 7 9 10 10 2047
4 8 3 5 5 7 7 9 10 11 8191
4 8 3 5 5 7 7 9 11 11 8191
4 8 3 5 5 7 7 10 10 10 2047
4 8 3 5 5 7 7 10 10 11 8191
4 8 3 5 5 7 7 10 11 11 8191
4 8 3 5 5 7 7 11 11 11 8191
4 8 3 5 5 7 9 9 9 9 4095
4 8 3 5 5 7 9 9 9 10 4095
4 8 3 5 5 7 9 9 9 11 4095
4 8 3 5 5 7 9 9 10 10 4095
4 8 3 5 5 7 9 9 10 11 4095
4 8 3 5 5 7 9 9 11 11 16383
4 8 3 5 5 7 9 10 10 10 4095
4 8 3 5 5 7 9 10 10 11 4095
4 8 3 5 5 7 9 10 11 11 16383
4 8 3 5 5 7 9 11 11 11 16383
4 8 3 5 5 7 10 10 10 10 4095
4 8 3 5 5 7 10 10 10 11 4095
4 8 3 5 5 7 10 10 11 11 16383
4 8 3 5 5 7 10 11 11 11 16383
4 8 3 5 5 7 11 11 11 11 16383
4 8 3 5 5 9 9 9 9 9 8191
4 8 3 5 5 9 9 9 9 10 8191
4 8 3 5 5 9 9 9 9 11 8191
4 8 3 5 5 9 9 9 10 10 8191
4 8 3 5 5 9 9 9 10 11 8191
4 8 3 5 5 9 9 9 11 11 8191
4 8 3 5 5 9 9 10 10 10 8191
4 8 3 5 5 9 9 10 10 11 8191
4 8 3 5 5 9 9 10 11 11 8191
4 8 3 5 5 9 9 11 11 11 32767
4 8 3 5 5 9 10 10 10 10 8191
4 8 3 5 5 9 10 10 10 11 8191
4 8 3 5 5 9 10 10 11 11 8191
4 8 3 5 5 9 10 11 11 11 32767
4 8 3 5 5 9 11 11 11 11 32767
4 8 3 5 5 10 10 10 10 10 8191
4 8 3 5 5 10 10 10 10 11 8191
4 8 3 5 5 10 10 10 11 11 8191
4 8 3 5 5 10 10 11 11 11 32767
4 8 3 5 5 10 11 11 11 11 32767
4 8 3 5 5 11 11 11 11 11 32767
4 8 3 5 6 6 6 6 6 6 255
4 8 3 5 6 6 6 6 6 7 255
4 8 3 5 6 6 6 6 6 9 511
4 8 3 5 6 6 6 6 6 10 511
4 8 3 5 6 6 6 6 6 11 511
4 8 3 5 6 6 6 6 7 7 255
4 8 3 5 6 6 6 6 7 9 511
4 8 3 5 6 6 6 6 7 10 511
4 8 3 5 6 6 6 6 7 11 511
4 8 3 5 6 6 6 6 9 9 1023
4 8 3 5 6 6 6 6 9 10 1023
4 8 3 5 6 6 6 6 9 11 1023
4 8 3 5 6 6 6 6 10 10 1023
4 8 3 5 6 6 6 6 10 11 1023
4 8 3 5 6 6 6 6 11 11 1023
4 8 3 5 6 6 6 7 7 7 1023
4 8 3 5 6 6 6 7 7 9 511
4 8 3 5 6 6 6 7 7 10 511
4 8 3 5 6 6 6 7 7 11 2047
4 8 3 5 6 6 6 7 9 9 1023
4 8 3 5 6 6 6 7 9 10 1023
4 8 3 5 6 6 6 7 9 11 1023
4 8 3 5 6 6 6 7 10 10 1023
4 8 3 5 6 6 6 7 10 11 1023
4 8 3 5 6 6 6 7 11 11 4095
4 8 3 5 6 6 6 9 9 9 2047
4 8 3 5 6 6 6 9 9 10 2047
4 8 3 5 6 6 6 9 9 11 2047
4 8 3 5 6 6 6 9 10 10 2047
4 8 3 5 6 6 6 9 10 11 2047
4 8 3 5 6 6 6 9 11 11 2047
4 8 3 5 6 6 6 10 10 10 2047
4 8 3 5 6 6 6 10 10 11 2047
4 8 3 5 6 6 6 10 11 11 2047
4 8 3 5 6 6 6 11 11 11 8191
4 8 3 5 6 6 7 7 7 7 1023
4 8 3 5 6 6 7 7 7 9 2047
4 8 3 5 6 6 7 7 7 10 2047
4 8 3 5 6 6 7 7 7 11 2047
4 8 3 5 6 6 7 7 9 9 1023
4 8 3 5 6 6 7 7 9 10 1023
4 8 3 5 6 6 7 7 9 11 4095
4 8 3 5 6 6 7 7 10 10 1023
4 8 3 5 6 6 7 7 10 11 4095
4 8 3 5 6 6 7 7 11 11 4095
4 8 3 5 6 6 7 9 9 9 2047
4 8 3 5 6 6 7 9 9 10 2047
4 8 3 5 6 6 7 9 9 11 2047
4 8 3 5 6 6 7 9 10 10 2047
4 8 3 5 6 6 7 9 10 11 2047
4 8 3 5 6 6 7 9 11 11 8191
4 8 3 5 6 6 7 10 10 10 2047
4 8 3 5 6 6 7 10 10 11 2047
4 8 3 5 6 6 7 10 11 11 8191
4 8 3 5 6 6 7 11 11 11 8191
4 8 3 5 6 6 9 9 9 9 4095
4 8 3 5 6 6 9 9 9 10 4095
4 8 3 5 6 6 9 9 9 11 4095
4 8 3 5 6 6 9 9 10 10 4095
4 8 3 5 6 6 9 9 10 11 4095
4 8 3 5 6 6 9 9 11 11 4095
4 8 3 5 6 6 9 10 10 10 4095
4 8 3 5 6 6 9 10 10 11 4095
4 8 3 5 6 6 9 10 11 11 4095
4 8 3 5 6 6 9 11 11 11 16383
4 8 3 5 6 6 10 10 10 10 4095
4 8 3 5 6 6 10 10 10 11 4095
4 8 3 5 6 6 10 10 11 11 4095
4 8 3 5 6 6 10 11 11 11 16383
4 8 3 5 6 6 11 11 11 11 16383
4 8 3 5 6 7 7 7 7 7 1023
4 8 3 5 6 7 7 7 7 9 2047
4 8 3 5 6 7 7 7 7 10 2047
4 8 3 5 6 7 7 7 7 11 2047
4 8 3 5 6 7 7 7 9 9 4095
4 8 3 5 6 7 7 7 9 10 4095
4 8 3 5 6 7 7 7 9 11 4095
4 8 3 5 6 7 7 7 10 10 4095
4 8 3 5 6 7 7 7 10 11 4095
4 8 3 5 6 7 7 7 11 11 4095
4 8 3 5 6 7 7 9 9 9 2047
4 8 3 5 6 7 7 9 9 10 2047
4 8 3 5 6 7 7 9 9 11 8191
4 8 3 5 6 7 7 9 10 10 2047
4 8 3 5 6 7 7 9 10 11 8191
4 8 3 5 6 7 7 9 11 11 8191
4 8 3 5 6 7 7 10 10 10 2047
4 8 3 5 6 7 7 10 10 11 8191
4 8 3 5 6 7 7 10 11 11 8191
4 8 3 5 6 7 7 11 11 11 8191
4 8 3 5 6 7 9 9 9 9 4095
4 8 3 5 6 7 9 9 9 10 4095
4 8 3 5 6 7 9 9 9 11 4095
4 8 3 5 6 7 9 9 10 10 4095
4 8 3 5 6 7 9 9 10 11 4095
4 8 3 5 6 7 9 9 11 11 16383
4 8 3 5 6 7 9 10 10 10 4095
4 8 3 5 6 7 9 10 10 11 4095
4 8 3 5 6 7 9 10 11 11 16383
4 8 3 5 6 7 9 11 11 11 16383
4 8 3 5 6 7 10 10 10 10 4095
4 8 3 5 6 7 10 10 10 11 4095
4 8 3 5 6 7 10 10 11 11 16383
4 8 3 5 6 7 10 11 11 11 16383
4 8 3 5 6 7 11 11 11 11 16383
4 8 3 5 6 9 9 9 9 9 8191
4 8 3 5 6 9 9 9 9 10 8191
4 8 3 5 6 9 9 9 9 11 8191
4 8 3 5 6 9 9 9 10 10 8191
4 8 3 5 6 9 9 9 10 11 8191
4 8 3 5 6 9 9 9 11 11 8191
4 8 3 5 6 9 9 10 10 10 8191
4 8 3 5 6 9 9 10 10 11 8191
4 8 3 5 6 9 9 10 11 11 8191
4 8 3 5 6 9 9 11 11 11 32767
4 8 3 5 6 9 10 10 10 10 8191
4 8 3 5 6 9 10 10 10 11 8191
4 8 3 5 6 9 10 10 11 11 8191
4 8 3 5 6 9 10 11 11 11 32767
4 8 3 5 6 9 11 11 11 11 32767
4 8 3 5 6 10 10 10 10 10 8191
4 8 3 5 6 10 10 10 10 11 8191
4 8 3 5 6 10 10 10 11 11 8191
4 8 3 5 6 10 10 11 11 11 32767
4 8 3 5 6 10 11 11 11 11 32767
4 8 3 5 6 11 11 11 11 11 32767
4 8 3 5 7 7 7 7 7 7 1023
4 8 3 5 7 7 7 7 7 9 2047
4 8 3 5 7 7 7 7 7 10 2047
4 8 3 5 7 7 7 7 7 11 2047
4 8 3 5 7 7 7 7 9 9 4095
4 8 3 5 7 7 7 7 9 10 4095
4 8 3 5 7 7 7 7 9 11 4095
4 8 3 5 7 7 7 7 10 10 4095
4 8 3 5 7 7 7 7 10 11 4095
4 8 3 5 7 7 7 7 11 11 4095
4 8 3 5 7 7 7 9 9 9 8191
4 8 3 5 7 7 7 9 9 10 8191
4 8 3 5 7 7 7 9 9 11 8191
4 8 3 5 7 7 7 9 10 10 8191
4 8 3 5 7 7 7 9 10 11 8191
4 8 3 5 7 7 7 9 11 11 8191
4 8 3 5 7 7 7 10 10 10 8191
4 8 3 5 7 7 7 10 10 11 8191
4 8 3 5 7 7 7 10 11 11 8191
4 8 3 5 7 7 7 11 11 11 8191
4 8 3 5 7 7 9 9 9 9 4095
4 8 3 5 7 7 9 9 9 10 4095
4 8 3 5 7 7 9 9 9 11 16383
4 8 3 5 7 7 9 9 10 10 4095
4 8 3 5 7 7 9 9 10 11 16383
4 8 3 5 7 7 9 9 11 11 16383
4 8 3 5 7 7 9 10 10 10 4095
4 8 3 5 7 7 9 10 10 11 16383
4 8 3 5 7 7 9 10 11 11 16383
4 8 3 5 7 7 9 11 11 11 16383
4 8 3 5 7 7 10 10 10 10 4095
4 8 3 5 7 7 10 10 10 11 16383
4 8 3 5 7 7 10 10 11 11 16383
4 8 3 5 7 7 10 11 11 11 16383
4 8 3 5 7 7 11 11 11 11 16383
4 8 3 5 7 9 9 9 9 9 8191
4 8 3 5 7 9 9 9 9 10 8191
4 8 3 5 7 9 9 9 9 11 8191
4 8 3 5 7 9 9 9 10 10 8191
4 8 3 5 7 9 9 9 10 11 8191
4 8 3 5 7 9 9 9 11 11 32767
4 8 3 5 7 9 9 10 10 10 8191
4 8 3 5 7 9 9 10 10 11 8191
4 8 3 5 7 9 9 10 11 11 32767
4 8 3 5 7 9 9 11 11 11 32767
4 8 3 5 7 9 10 10 10 10 8191
4 8 3 5 7 9 10 10 10 11 8191
4 8 3 5 7 9 10 10 11 11 32767
4 8 3 5 7 9 10 11 11 11 32767
4 8 3 5 7 9 11 11 11 11 32767
4 8 3 5 7 10 10 10 10 10 8191
4 8 3 5 7 10 10 10 10 11 8191
4 8 3 5 7 10 10 10 11 11 32767
4 8 3 5 7 10 10 11 11 11 32767
4 8 3 5 7 10 11 11 11 11 32767
4 8 3 5 7 11 11 11 11 11 32767
4 8 3 5 9 9 9 9 9 9 16383
4 8 3 5 9 9 9 9 9 10 16383
4 8 3 5 9 9 9 9 9 11 16383
4 8 3 5 9 9 9 9 10 10 16383
4 8 3 5 9 9 9 9 10 11 16383
4 8 3 5 9 9 9 9 11 11 16383
4 8 3 5 9 9 9 10 10 10 16383
4 8 3 5 9 9 9 10 10 11 16383
4 8 3 5 9 9 9 10 11 11 16383
4 8 3 5 9 9 9 11 11 11 65535
4 8 3 5 9 9 10 10 10 10 16383
4 8 3 5 9 9 10 10 10 11 16383
4 8 3 5 9 9 10 10 11 11 16383
4 8 3 5 9 9 10 11 11 11 65535
4 8 3 5 9 9 11 11 11 11 65535
4 8 3 5 9 10 10 10 10 10 16383
4 8 3 5 9 10 10 10 10 11 16383
4 8 3 5 9 10 10 10 11 11 16383
4 8 3 5 9 10 10 11 11 11 65535
4 8 3 5 9 10 11 11 11 11 65535
4 8 3 5 9 11 11 11 11 11 65535
4 8 3 5 10 10 10 10 10 10 16383
4 8 3 5 10 10 10 10 10 11 16383
4 8 3 5 10 10 10 10 11 11 16383
4 8 3 5 10 10 10 11 11 11 65535
4 8 3 5 10 10 11 11 11 11 65535
4 8 3 5 10 11 11 11 11 11 65535
4 8 3 5 11 11 11 11 11 11 65535
4 8 3 6 6 6 6 6 6 6 255
4 8 3 6 6 6 6 6 6 7 255
4 8 3 6 6 6 6 6 6 9 511
4 8 3 6 6 6 6 6 6 10 511
4 8 3 6 6 6 6 6 6 11 511
4 8 3 6 6 6 6 6 7 7 1023
4 8 3 6 6 6 6 6 7 9 511
4 8 3 6 6 6 6 6 7 10 511
4 8 3 6 6 6 6 6 7 11 2047
4 8 3 6 6 6 6 6 9 9 1023
4 8 3 6 6 6 6 6 9 10 1023
4 8 3 6 6 6 6 6 9 11 1023
4 8 3 6 6 6 6 6 10 10 1023
4 8 3 6 6 6 6 6 10 11 1023
4 8 3 6 6 6 6 6 11 11 4095
4 8 3 6 6 6 6 7 7 7 1023
4 8 3 6 6 6 6 7 7 9 511
4 8 3 6 6 6 6 7 7 10 2047
4 8 3 6 6 6 6 7 7 11 2047
4 8 3 6 6 6 6 7 9 9 1023
4 8 3 6 6 6 6 7 9 10 1023
4 8 3 6 6 6 6 7 9 11 1023
4 8 3 6 6 6 6 7 10 10 1023
4 8 3 6 6 6 6 7 10 11 4095
4 8 3 6 6 6 6 7 11 11 4095
4 8 3 6 6 6 6 9 9 9 2047
4 8 3 6 6 6 6 9 9 10 2047
4 8 3 6 6 6 6 9 9 11 2047
4 8 3 6 6 6 6 9 10 10 2047
4 8 3 6 6 6 6 9 10 11 2047
4 8 3 6 6 6 6 9 11 11 2047
4 8 3 6 6 6 6 10 10 10 2047
4 8 3 6 6 6 6 10 10 11 2047
4 8 3 6 6 6 6 10 11 11 8191
4 8 3 6 6 6 6 11 11 11 8191
4 8 3 6 6 6 7 7 7 7 1023
4 8 3 6 6 6 7 7 7 9 2047
4 8 3 6 6 6 7 7 7 10 2047
4 8 3 6 6 6 7 7 7 11 2047
4 8 3 6 6 6 7 7 9 9 1023
4 8 3 6 6 6 7 7 9 10 1023
4 8 3 6 6 6 7 7 9 11 4095
4 8 3 6 6 6 7 7 10 10 4095
4 8 3 6 6 6 7 7 10 11 4095
4 8 3 6 6 6 7 7 11 11 4095
4 8 3 6 6 6 7 9 9 9 2047
4 8 3 6 6 6 7 9 9 10 2047
4 8 3 6 6 6 7 9 9 11 2047
4 8 3 6 6 6 7 9 10 10 2047
4 8 3 6 6 6 7 9 10 11 2047
4 8 3 6 6 6 7 9 11 11 8191
4 8 3 6 6 6 7 10 10 10 2047
4 8 3 6 6 6 7 10 10 11 8191
4 8 3 6 6 6 7 10 11 11 8191
4 8 3 6 6 6 7 11 11 11 8191
4 8 3 6 6 6 9 9 9 9 4095
4 8 3 6 6 6 9 9 9 10 4095
4 8 3 6 6 6 9 9 9 11 4095
4 8 3 6 6 6 9 9 10 10 4095
4 8 3 6 6 6 9 9 10 11 4095
4 8 3 6 6 6 9 9 11 11 4095
4 8 3 6 6 6 9 10 10 10 4095
4 8 3 6 6 6 9 10 10 11 4095
4 8 3 6 6 6 9 10 11 11 4095
4 8 3 6 6 6 9 11 11 11 16383
4 8 3 6 6 6 10 10 10 10 4095
4 8 3 6 6 6 10 10 10 11 4095
4 8 3 6 6 6 10 10 11 11 16383
4 8 3 6 6 6 10 11 11 11 16383
4 8 3 6 6 6 11 11 11 11 16383
4 8 3 6 6 7 7 7 7 7 1023
4 8 3 6 6 7 7 7 7 9 2047
4 8 3 6 6 7 7 7 7 10 2047
4 8 3 6 6 7 7 7 7 11 2047
4 8 3 6 6 7 7 7 9 9 4095
4 8 3 6 6 7 7 7 9 10 4095
4 8 3 6 6 7 7 7 9 11 4095
4 8 3 6 6 7 7 7 10 10 4095
4 8 3 6 6 7 7 7 10 11 4095
4 8 3 6 6 7 7 7 11 11 4095
4 8 3 6 6 7 7 9 9 9 2047
4 8 3 6 6 7 7 9 9 10 2047
4 8 3 6 6 7 7 9 9 11 8191
4 8 3 6 6 7 7 9 10 10 2047
4 8 3 6 6 7 7 9 10 11 8191
4 8 3 6 6 7 7 9 11 11 8191
4 8 3 6 6 7 7 10 10 10 8191
4 8 3 6 6 7 7 10 10 11 8191
4 8 3 6 6 7 7 10 11 11 8191
4 8 3 6 6 7 7 11 11 11 8191
4 8 3 6 6 7 9 9 9 9 4095
4 8 3 6 6 7 9 9 9 10 4095
4 8 3 6 6 7 9 9 9 11 4095
4 8 3 6 6 7 9 9 10 10 4095
4 8 3 6 6 7 9 9 10 11 4095
4 8 3 6 6 7 9 9 11 11 16383
4 8 3 6 6 7 9 10 10 10 4095
4 8 3 6 6 7 9 10 10 11 4095
4 8 3 6 6 7 9 10 11 11 16383
4 8 3 6 6 7 9 11 11 11 16383
4 8 3 6 6 7 10 10 10 10 4095
4 8 3 6 6 7 10 10 10 11 16383
4 8 3 6 6 7 10 10 11 11 16383
4 8 3 6 6 7 10 11 11 11 16383
4 8 3 6 6 7 11 11 11 11 16383
4 8 3 6 6 9 9 9 9 9 8191
4 8 3 6 6 9 9 9 9 10 8191
4 8 3 6 6 9 9 9 9 11 8191
4 8 3 6 6 9 9 9 10 10 8191
4 8 3 6 6 9 9 9 10 11 8191
4 8 3 6 6 9 9 9 11 11 8191
4 8 3 6 6 9 9 10 10 10 8191
4 8 3 6 6 9 9 10 10 11 8191
4 8 3 6 6 9 9 10 11 11 8191
4 8 3 6 6 9 9 11 11 11 32767
4 8 3 6 6 9 10 10 10 10 8191
4 8 3 6 6 9 10 10 10 11 8191
4 8 3 6 6 9 10 10 11 11 8191
4 8 3 6 6 9 10 11 11 11 32767
4 8 3 6 6 9 11 11 11 11 32767
4 8 3 6 6 10 10 10 10 10 8191
4 8 3 6 6 10 10 10 10 11 8191
4 8 3 6 6 10 10 10 11 11 32767
4 8 3 6 6 10 10 11 11 11 32767
4 8 3 6 6 10 11 11 11 11 32767
4 8 3 6 6 11 11 11 11 11 32767
4 8 3 6 7 7 7 7 7 7 1023
4 8 3 6 7 7 7 7 7 9 2047
4 8 3 6 7 7 7 7 7 10 2047
4 8 3 6 7 7 7 7 7 11 2047
4 8 3 6 7 7 7 7 9 9 4095
4 8 3 6 7 7 7 7 9 10 4095
4 8 3 6 7 7 7 7 9 11 4095
4 8 3 6 7 7 7 7 10 10 4095
4 8 3 6 7 7 7 7 10 11 4095
4 8 3 6 7 7 7 7 11 11 4095
4 8 3 6 7 7 7 9 9 9 8191
4 8 3 6 7 7 7 9 9 10 8191
4 8 3 6 7 7 7 9 9 11 8191
4 8 3 6 7 7 7 9 10 10 8191
4 8 3 6 7 7 7 9 10 11 8191
4 8 3 6 7 7 7 9 11 11 8191
4 8 3 6 7 7 7 10 10 10 8191
4 8 3 6 7 7 7 10 10 11 8191
4 8 3 6 7 7 7 10 11 11 8191
4 8 3 6 7 7 7 11 11 11 8191
4 8 3 6 7 7 9 9 9 9 4095
4 8 3 6 7 7 9 9 9 10 4095
4 8 3 6 7 7 9 9 9 11 16383
4 8 3 6 7 7 9 9 10 10 4095
4 8 3 6 7 7 9 9 10 11 16383
4 8 3 6 7 7 9 9 11 11 16383
4 8 3 6 7 7 9 10 10 10 4095
4 8 3 6 7 7 9 10 10 11 16383
4 8 3 6 7 7 9 10 11 11 16383
4 8 3 6 7 7 9 11 11 11 16383
4 8 3 6 7 7 10 10 10 10 16383
4 8 3 6 7 7 10 10 10 11 16383
4 8 3 6 7 7 10 10 11 11 16383
4 8 3 6 7 7 10 11 11 11 16383
4 8 3 6 7 7 11 11 11 11 16383
4 8 3 6 7 9 9 9 9 9 8191
4 8 3 6 7 9 9 9 9 10 8191
4 8 3 6 7 9 9 9 9 11 8191
4 8 3 6 7 9 9 9 10 10 8191
4 8 3 6 7 9 9 9 10 11 8191
4 8 3 6 7 9 9 9 11 11 32767
4 8 3 6 7 9 9 10 10 10 8191
4 8 3 6 7 9 9 10 10 11 8191
4 8 3 6 7 9 9 10 11 11 32767
4 8 3 6 7 9 9 11 11 11 32767
4 8 3 6 7 9 10 10 10 10 8191
4 8 3 6 7 9 10 10 10 11 8191
4 8 3 6 7 9 10 10 11 11 32767
4 8 3 6 7 9 10 11 11 11 32767
4 8 3 6 7 9 11 11 11 11 32767
4 8 3 6 7 10 10 10 10 10 8191
4 8 3 6 7 10 10 10 10 11 32767
4 8 3 6 7 10 10 10 11 11 32767
4 8 3 6 7 10 10 11 11 11 32767
4 8 3 6 7 10 11 11 11 11 32767
4 8 3 6 7 11 11 11 11 11 32767
4 8 3 6 9 9 9 9 9 9 16383
4 8 3 6 9 9 9 9 9 10 16383
4 8 3 6 9 9 9 9 9 11 16383
4 8 3 6 9 9 9 9 10 10 16383
4 8 3 6 9 9 9 9 10 11 16383
4 8 3 6 9 9 9 9 11 11 16383
4 8 3 6 9 9 9 10 10 10 16383
4 8 3 6 9 9 9 10 10 11 16383
4 8 3 6 9 9 9 10 11 11 16383
4 8 3 6 9 9 9 11 11 11 65535
4 8 3 6 9 9 10 10 10 10 16383
4 8 3 6 9 9 10 10 10 11 16383
4 8 3 6 9 9 10 10 11 11 16383
4 8 3 6 9 9 10 11 11 11 65535
4 8 3 6 9 9 11 11 11 11 65535
4 8 3 6 9 10 10 10 10 10 16383
4 8 3 6 9 10 10 10 10 11 16383
4 8 3 6 9 10 10 10 11 11 16383
4 8 3 6 9 10 10 11 11 11 65535
4 8 3 6 9 10 11 11 11 11 65535
4 8 3 6 9 11 11 11 11 11 65535
4 8 3 6 10 10 10 10 10 10 16383
4 8 3 6 10 10 10 10 10 11 16383
4 8 3 6 10 10 10 10 11 11 65535
4 8 3 6 10 10 10 11 11 11 65535
4 8 3 6 10 10 11 11 11 11 65535
4 8 3 6 10 11 11 11 11 11 65535
4 8 3 6 11 11 11 11 11 11 65535
4 8 3 7 7 7 7 7 7 7 4095
4 8 3 7 7 7 7 7 7 9 2047
4 8 3 7 7 7 7 7 7 10 2047
4 8 3 7 7 7 7 7 7 11 8191
4 8 3 7 7 7 7 7 9 9 4095
4 8 3 7 7 7 7 7 9 10 4095
4 8 3 7 7 7 7 7 9 11 4095
4 8 3 7 7 7 7 7 10 10 4095
4 8 3 7 7 7 7 7 10 11 4095
4 8 3 7 7 7 7 7 11 11 16383
4 8 3 7 7 7 7 9 9 9 8191
4 8 3 7 7 7 7 9 9 10 8191
4 8 3 7 7 7 7 9 9 11 8191
4 8 3 7 7 7 7 9 10 10 8191
4 8 3 7 7 7 7 9 10 11 8191
4 8 3 7 7 7 7 9 11 11 8191
4 8 3 7 7 7 7 10 10 10 8191
4 8 3 7 7 7 7 10 10 11 8191
4 8 3 7 7 7 7 10 11 11 8191
4 8 3 7 7 7 7 11 11 11 32767
4 8 3 7 7 7 9 9 9 9 16383
4 8 3 7 7 7 9 9 9 10 16383
4 8 3 7 7 7 9 9 9 11 16383
4 8 3 7 7 7 9 9 10 10 16383
4 8 3 7 7 7 9 9 10 11 16383
4 8 3 7 7 7 9 9 11 11 16383
4 8 3 7 7 7 9 10 10 10 16383
4 8 3 7 7 7 9 10 10 11 16383
4 8 3 7 7 7 9 10 11 11 16383
4 8 3 7 7 7 9 11 11 11 16383
4 8 3 7 7 7 10 10 10 10 16383
4 8 3 7 7 7 10 10 10 11 16383
4 8 3 7 7 7 10 10 11 11 16383
4 8 3 7 7 7 10 11 11 11 16383
4 8 3 7 7 7 11 11 11 11 65535
4 8 3 7 7 9 9 9 9 9 8191
4 8 3 7 7 9 9 9 9 10 8191
4 8 3 7 7 9 9 9 9 11 32767
4 8 3 7 7 9 9 9 10 10 8191
4 8 3 7 7 9 9 9 10 11 32767
4 8 3 7 7 9 9 9 11 11 32767
4 8 3 7 7 9 9 10 10 10 8191
4 8 3 7 7 9 9 10 10 11 32767
4 8 3 7 7 9 9 10 11 11 32767
4 8 3 7 7 9 9 11 11 11 32767
4 8 3 7 7 9 10 10 10 10 8191
4 8 3 7 7 9 10 10 10 11 32767
4 8 3 7 7 9 10 10 11 11 32767
4 8 3 7 7 9 10 11 11 11 32767
4 8 3 7 7 9 11 11 11 11 32767
4 8 3 7 7 10 10 10 10 10 32767
4 8 3 7 7 10 10 10 10 11 32767
4 8 3 7 7 10 10 10 11 11 32767
4 8 3 7 7 10 10 11 11 11 32767
4 8 3 7 7 10 11 11 11 11 32767
4 8 3 7 7 11 11 11 11 11 131071
4 8 3 7 9 9 9 9 9 9 16383
4 8 3 7 9 9 9 9 9 10 16383
4 8 3 7 9 9 9 9 9 11 16383
4 8 3 7 9 9 9 9 10 10 16383
4 8 3 7 9 9 9 9 10 11 16383
4 8 3 7 9 9 9 9 11 11 65535
4 8 3 7 9 9 9 10 10 10 16383
4 8 3 7 9 9 9 10 10 11 16383
4 8 3 7 9 9 9 10 11 11 65535
4 8 3 7 9 9 9 11 11 11 65535
4 8 3 7 9 9 10 10 10 10 16383
4 8 3 7 9 9 10 10 10 11 16383
4 8 3 7 9 9 10 10 11 11 65535
4 8 3 7 9 9 10 11 11 11 65535
4 8 3 7 9 9 11 11 11 11 65535
4 8 3 7 9 10 10 10 10 10 16383
4 8 3 7 9 10 10 10 10 11 16383
4 8 3 7 9 10 10 10 11 11 65535
4 8 3 7 9 10 10 11 11 11 65535
4 8 3 7 9 10 11 11 11 11 65535
4 8 3 7 9 11 11 11 11 11 65535
4 8 3 7 10 10 10 10 10 10 16383
4 8 3 7 10 10 10 10 10 11 65535
4 8 3 7 10 10 10 10 11 11 65535
4 8 3 7 10 10 10 11 11 11 65535
4 8 3 7 10 10 11 11 11 11 65535
4 8 3 7 10 11 11 11 11 11 65535
4 8 3 7 11 11 11 11 11 11 262143
4 8 3 9 9 9 9 9 9 9 32767
4 8 3 9 9 9 9 9 9 10 32767
4 8 3 9 9 9 9 9 9 11 32767
4 8 3 9 9 9 9 9 10 10 32767
4 8 3 9 9 9 9 9 10 11 32767
4 8 3 9 9 9 9 9 11 11 32767
4 8 3 9 9 9 9 10 10 10 32767
4 8 3 9 9 9 9 10 10 11 32767
4 8 3 9 9 9 9 10 11 11 32767
4 8 3 9 9 9 9 11 11 11 131071
4 8 3 9 9 9 10 10 10 10 32767
4 8 3 9 9 9 10 10 10 11 32767
4 8 3 9 9 9 10 10 11 11 32767
4 8 3 9 9 9 10 11 11 11 131071
4 8 3 9 9 9 11 11 11 11 131071
4 8 3 9 9 10 10 10 10 10 32767
4 8 3 9 9 10 10 10 10 11 32767
4 8 3 9 9 10 10 10 11 11 32767
4 8 3 9 9 10 10 11 11 11 131071
4 8 3 9 9 10 11 11 11 11 131071
4 8 3 9 9 11 11 11 11 11 131071
4 8 3 9 10 10 10 10 10 10 32767
4 8 3 9 10 10 10 10 10 11 32767
4 8 3 9 10 10 10 10 11 11 32767
4 8 3 9 10 10 10 11 11 11 131071
4 8 3 9 10 10 11 11 11 11 131071
4 8 3 9 10 11 11 11 11 11 131071
4 8 3 9 11 11 11 11 11 11 131071
4 8 3 10 10 10 10 10 10 10 32767
4 8 3 10 10 10 10 10 10 11 32767
4 8 3 10 10 10 10 10 11 11 131071
4 8 3 10 10 10 10 11 11 11 131071
4 8 3 10 10 10 11 11 11 11 131071
4 8 3 10 10 11 11 11 11 11 131071
4 8 3 10 11 11 11 11 11 11 131071
4 8 3 11 11 11 11 11 11 11 524287
4 8 5 5 5 5 5 5 5 5 511
4 8 5 5 5 5 5 5 5 6 511
4 8 5 5 5 5 5 5 5 7 511
4 8 5 5 5 5 5 5 5 9 1023
4 8 5 5 5 5 5 5 5 10 1023
4 8 5 5 5 5 5 5 5 11 1023
4 8 5 5 5 5 5 5 6 6 511
4 8 5 5 5 5 5 5 6 7 511
4 8 5 5 5 5 5 5 6 9 1023
4 8 5 5 5 5 5 5 6 10 1023
4 8 5 5 5 5 5 5 6 11 1023
4 8 5 5 5 5 5 5 7 7 511
4 8 5 5 5 5 5 5 7 9 1023
4 8 5 5 5 5 5 5 7 10 1023
4 8 5 5 5 5 5 5 7 11 1023
4 8 5 5 5 5 5 5 9 9 2047
4 8 5 5 5 5 5 5 9 10 2047
4 8 5 5 5 5 5 5 9 11 2047
4 8 5 5 5 5 5 5 10 10 2047
4 8 5 5 5 5 5 5 10 11 2047
4 8 5 5 5 5 5 5 11 11 2047
4 8 5 5 5 5 5 6 6 6 511
4 8 5 5 5 5 5 6 6 7 511
4 8 5 5 5 5 5 6 6 9 1023
4 8 5 5 5 5 5 6 6 10 1023
4 8 5 5 5 5 5 6 6 11 1023
4 8 5 5 5 5 5 6 7 7 511
4 8 5 5 5 5 5 6 7 9 1023
4 8 5 5 5 5 5 6 7 10 1023
4 8 5 5 5 5 5 6 7 11 1023
4 8 5 5 5 5 5 6 9 9 2047
4 8 5 5 5 5 5 6 9 10 2047
4 8 5 5 5 5 5 6 9 11 2047
4 8 5 5 5 5 5 6 10 10 2047
4 8 5 5 5 5 5 6 10 11 2047
4 8 5 5 5 5 5 6 11 11 2047
4 8 5 5 5 5 5 7 7 7 511
4 8 5 5 5 5 5 7 7 9 1023
4 8 5 5 5 5 5 7 7 10 1023
4 8 5 5 5 5 5 7 7 11 1023
4 8 5 5 5 5 5 7 9 9 2047
4 8 5 5 5 5 5 7 9 10 2047
4 8 5 5 5 5 5 7 9 11 2047
4 8 5 5 5 5 5 7 10 10 2047
4 8 5 5 5 5 5 7 10 11 2047
4 8 5 5 5 5 5 7 11 11 2047
4 8 5 5 5 5 5 9 9 9 4095
4 8 5 5 5 5 5 9 9 10 4095
4 8 5 5 5 5 5 9 9 11 4095
4 8 5 5 5 5 5 9 10 10 4095
4 8 5 5 5 5 5 9 10 11 4095
4 8 5 5 5 5 5 9 11 11 4095
4 8 5 5 5 5 5 10 10 10 4095
4 8 5 5 5 5 5 10 10 11 4095
4 8 5 5 5 5 5 10 11 11 4095
4 8 5 5 5 5 5 11 11 11 4095
4 8 5 5 5 5 6 6 6 6 511
4 8 5 5 5 5 6 6 6 7 511
4 8 5 5 5 5 6 6 6 9 1023
4 8 5 5 5 5 6 6 6 10 1023
4 8 5 5 5 5 6 6 6 11 1023
4 8 5 5 5 5 6 6 7 7 511
4 8 5 5 5 5 6 6 7 9 1023
4 8 5 5 5 5 6 6 7 10 1023
4 8 5 5 5 5 6 6 7 11 1023
4 8 5 5 5 5 6 6 9 9 2047
4 8 5 5 5 5 6 6 9 10 2047
4 8 5 5 5 5 6 6 9 11 2047
4 8 5 5 5 5 6 6 10 10 2047
4 8 5 5 5 5 6 6 10 11 2047
4 8 5 5 5 5 6 6 11 11 2047
4 8 5 5 5 5 6 7 7 7 511
4 8 5 5 5 5 6 7 7 9 1023
4 8 5 5 5 5 6 7 7 10 1023
4 8 5 5 5 5 6 7 7 11 1023
4 8 5 5 5 5 6 7 9 9 2047
4 8 5 5 5 5 6 7 9 10 2047
4 8 5 5 5 5 6 7 9 11 2047
4 8 5 5 5 5 6 7 10 10 2047
4 8 5 5 5 5 6 7 10 11 2047
4 8 5 5 5 5 6 7 11 11 2047
4 8 5 5 5 5 6 9 9 9 4095
4 8 5 5 5 5 6 9 9 10 4095
4 8 5 5 5 5 6 9 9 11 4095
4 8 5 5 5 5 6 9 10 10 4095
4 8 5 5 5 5 6 9 10 11 4095
4 8 5 5 5 5 6 9 11 11 4095
4 8 5 5 5 5 6 10 10 10 4095
4 8 5 5 5 5 6 10 10 11 4095
4 8 5 5 5 5 6 10 11 11 4095
4 8 5 5 5 5 6 11 11 11 4095
4 8 5 5 5 5 7 7 7 7 2047
4 8 5 5 5 5 7 7 7 9 1023
4 8 5 5 5 5 7 7 7 10 1023
4 8 5 5 5 5 7 7 7 11 4095
4 8 5 5 5 5 7 7 9 9 2047
4 8 5 5 5 5 7 7 9 10 2047
4 8 5 5 5 5 7 7 9 11 2047
4 8 5 5 5 5 7 7 10 10 2047
4 8 5 5 5 5 7 7 10 11 2047
4 8 5 5 5 5 7 7 11 11 8191
4 8 5 5 5 5 7 9 9 9 4095
4 8 5 5 5 5 7 9 9 10 4095
4 8 5 5 5 5 7 9 9 11 4095
4 8 5 5 5 5 7 9 10 10 4095
4 8 5 5 5 5 7 9 10 11 4095
4 8 5 5 5 5 7 9 11 11 4095
4 8 5 5 5 5 7 10 10 10 4095
4 8 5 5 5 5 7 10 10 11 4095
4 8 5 5 5 5 7 10 11 11 4095
4 8 5 5 5 5 7 11 11 11 16383
4 8 5 5 5 5 9 9 9 9 8191
4 8 5 5 5 5 9 9 9 10 8191
4 8 5 5 5 5 9 9 9 11 8191
4 8 5 5 5 5 9 9 10 10 8191
4 8 5 5 5 5 9 9 10 11 8191
4 8 5 5 5 5 9 9 11 11 8191
4 8 5 5 5 5 9 10 10 10 8191
4 8 5 5 5 5 9 10 10 11 8191
4 8 5 5 5 5 9 10 11 11 8191
4 8 5 5 5 5 9 11 11 11 8191
4 8 5 5 5 5 10 10 10 10 8191
4 8 5 5 5 5 10 10 10 11 8191
4 8 5 5 5 5 10 10 11 11 8191
4 8 5 5 5 5 10 11 11 11 8191
4 8 5 5 5 5 11 11 11 11 32767
4 8 5 5 5 6 6 6 6 6 511
4 8 5 5 5 6 6 6 6 7 511
4 8 5 5 5 6 6 6 6 9 1023
4 8 5 5 5 6 6 6 6 10 1023
4 8 5 5 5 6 6 6 6 11 1023
4 8 5 5 5 6 6 6 7 7 511
4 8 5 5 5 6 6 6 7 9 1023
4 8 5 5 5 6 6 6 7 10 1023
4 8 5 5 5 6 6 6 7 11 1023
4 8 5 5 5 6 6 6 9 9 2047
4 8 5 5 5 6 6 6 9 10 2047
4 8 5 5 5 6 6 6 9 11 2047
4 8 5 5 5 6 6 6 10 10 2047
4 8 5 5 5 6 6 6 10 11 2047
4 8 5 5 5 6 6 6 11 11 2047
4 8 5 5 5 6 6 7 7 7 511
4 8 5 5 5 6 6 7 7 9 1023
4 8 5 5 5 6 6 7 7 10 1023
4 8 5 5 5 6 6 7 7 11 1023
4 8 5 5 5 6 6 7 9 9 2047
4 8 5 5 5 6 6 7 9 10 2047
4 8 5 5 5 6 6 7 9 11 2047
4 8 5 5 5 6 6 7 10 10 2047
4 8 5 5 5 6 6 7 10 11 2047
4 8 5 5 5 6 6 7 11 11 2047
4 8 5 5 5 6 6 9 9 9 4095
4 8 5 5 5 6 6 9 9 10 4095
4 8 5 5 5 6 6 9 9 11 4095
4 8 5 5 5 6 6 9 10 10 4095
4 8 5 5 5 6 6 9 10 11 4095
4 8 5 5 5 6 6 9 11 11 4095
4 8 5 5 5 6 6 10 10 10 4095
4 8 5 5 5 6 6 10 10 11 4095
4 8 5 5 5 6 6 10 11 11 4095
4 8 5 5 5 6 6 11 11 11 4095
4 8 5 5 5 6 7 7 7 7 2047
4 8 5 5 5 6 7 7 7 9 1023
4 8 5 5 5 6 7 7 7 10 1023
4 8 5 5 5 6 7 7 7 11 4095
4 8 5 5 5 6 7 7 9 9 2047
4 8 5 5 5 6 7 7 9 10 2047
4 8 5 5 5 6 7 7 9 11 2047
4 8 5 5 5 6 7 7 10 10 2047
4 8 5 5 5 6 7 7 10 11 2047
4 8 5 5 5 6 7 7 11 11 8191
4 8 5 5 5 6 7 9 9 9 4095
4 8 5 5 5 6 7 9 9 10 4095
4 8 5 5 5 6 7 9 9 11 4095
4 8 5 5 5 6 7 9 10 10 4095
4 8 5 5 5 6 7 9 10 11 4095
4 8 5 5 5 6 7 9 11 11 4095
4 8 5 5 5 6 7 10 10 10 4095
4 8 5 5 5 6 7 10 10 11 4095
4 8 5 5 5 6 7 10 11 11 4095
4 8 5 5 5 6 7 11 11 11 16383
4 8 5 5 5 6 9 9 9 9 8191
4 8 5 5 5 6 9 9 9 10 8191
4 8 5 5 5 6 9 9 9 11 8191
4 8 5 5 5 6 9 9 10 10 8191
4 8 5 5 5 6 9 9 10 11 8191
4 8 5 5 5 6 9 9 11 11 8191
4 8 5 5 5 6 9 10 10 10 8191
4 8 5 5 5 6 9 10 10 11 8191
4 8 5 5 5 6 9 10 11 11 8191
4 8 5 5 5 6 9 11 11 11 8191
4 8 5 5 5 6 10 10 10 10 8191
4 8 5 5 5 6 10 10 10 11 8191
4 8 5 5 5 6 10 10 11 11 8191
4 8 5 5 5 6 10 11 11 11 8191
4 8 5 5 5 6 11 11 11 11 32767
4 8 5 5 5 7 7 7 7 7 2047
4 8 5 5 5 7 7 7 7 9 4095
4 8 5 5 5 7 7 7 7 10 4095
4 8 5 5 5 7 7 7 7 11 4095
4 8 5 5 5 7 7 7 9 9 2047
4 8 5 5 5 7 7 7 9 10 2047
4 8 5 5 5 7 7 7 9 11 8191
4 8 5 5 5 7 7 7 10 10 2047
4 8 5 5 5 7 7 7 10 11 8191
4 8 5 5 5 7 7 7 11 11 8191
4 8 5 5 5 7 7 9 9 9 4095
4 8 5 5 5 7 7 9 9 10 4095
4 8 5 5 5 7 7 9 9 11 4095
4 8 5 5 5 7 7 9 10 10 4095
4 8 5 5 5 7 7 9 10 11 4095
4 8 5 5 5 7 7 9 11 11 16383
4 8 5 5 5 7 7 10 10 10 4095
4 8 5 5 5 7 7 10 10 11 4095
4 8 5 5 5 7 7 10 11 11 16383
4 8 5 5 5 7 7 11 11 11 16383
4 8 5 5 5 7 9 9 9 9 8191
4 8 5 5 5 7 9 9 9 10 8191
4 8 5 5 5 7 9 9 9 11 8191
4 8 5 5 5 7 9 9 10 10 8191
4 8 5 5 5 7 9 9 10 11 8191
4 8 5 5 5 7 9 9 11 11 8191
4 8 5 5 5 7 9 10 10 10 8191
4 8 5 5 5 7 9 10 10 11 8191
4 8 5 5 5 7 9 10 11 11 8191
4 8 5 5 5 7 9 11 11 11 32767
4 8 5 5 5 7 10 10 10 10 8191
4 8 5 5 5 7 10 10 10 11 8191
4 8 5 5 5 7 10 10 11 11 8191
4 8 5 5 5 7 10 11 11 11 32767
4 8 5 5 5 7 11 11 11 11 32767
4 8 5 5 5 9 9 9 9 9 16383
4 8 5 5 5 9 9 9 9 10 16383
4 8 5 5 5 9 9 9 9 11 16383
4 8 5 5 5 9 9 9 10 10 16383
4 8 5 5 5 9 9 9 10 11 16383
4 8 5 5 5 9 9 9 11 11 16383
4 8 5 5 5 9 9 10 10 10 16383
4 8 5 5 5 9 9 10 10 11 16383
4 8 5 5 5 9 9 10 11 11 16383
4 8 5 5 5 9 9 11 11 11 16383
4 8 5 5 5 9 10 10 10 10 16383
4 8 5 5 5 9 10 10 10 11 16383
4 8 5 5 5 9 10 10 11 11 16383
4 8 5 5 5 9 10 11 11 11 16383
4 8 5 5 5 9 11 11 11 11 65535
4 8 5 5 5 10 10 10 10 10 16383
4 8 5 5 5 10 10 10 10 11 16383
4 8 5 5 5 10 10 10 11 11 16383
4 8 5 5 5 10 10 11 11 11 16383
4 8 5 5 5 10 11 11 11 11 65535
4 8 5 5 5 11 11 11 11 11 65535
4 8 5 5 6 6 6 6 6 6 511
4 8 5 5 6 6 6 6 6 7 511
4 8 5 5 6 6 6 6 6 9 1023
4 8 5 5 6 6 6 6 6 10 1023
4 8 5 5 6 6 6 6 6 11 1023
4 8 5 5 6 6 6 6 7 7 511
4 8 5 5 6 6 6 6 7 9 1023
4 8 5 5 6 6 6 6 7 10 1023
4 8 5 5 6 6 6 6 7 11 1023
4 8 5 5 6 6 6 6 9 9 2047
4 8 5 5 6 6 6 6 9 10 2047
4 8 5 5 6 6 6 6 9 11 2047
4 8 5 5 6 6 6 6 10 10 2047
4 8 5 5 6 6 6 6 10 11 2047
4 8 5 5 6 6 6 6 11 11 2047
4 8 5 5 6 6 6 7 7 7 511
4 8 5 5 6 6 6 7 7 9 1023
4 8 5 5 6 6 6 7 7 10 1023
4 8 5 5 6 6 6 7 7 11 1023
4 8 5 5 6 6 6 7 9 9 2047
4 8 5 5 6 6 6 7 9 10 2047
4 8 5 5 6 6 6 7 9 11 2047
4 8 5 5 6 6 6 7 10 10 2047
4 8 5 5 6 6 6 7 10 11 2047
4 8 5 5 6 6 6 7 11 11 2047
4 8 5 5 6 6 6 9 9 9 4095
4 8 5 5 6 6 6 9 9 10 4095
4 8 5 5 6 6 6 9 9 11 4095
4 8 5 5 6 6 6 9 10 10 4095
4 8 5 5 6 6 6 9 10 11 4095
4 8 5 5 6 6 6 9 11 11 4095
4 8 5 5 6 6 6 10 10 10 4095
4 8 5 5 6 6 6 10 10 11 4095
4 8 5 5 6 6 6 10 11 11 4095
4 8 5 5 6 6 6 11 11 11 4095
4 8 5 5 6 6 7 7 7 7 2047
4 8 5 5 6 6 7 7 7 9 1023
4 8 5 5 6 6 7 7 7 10 1023
4 8 5 5 6 6 7 7 7 11 4095
4 8 5 5 6 6 7 7 9 9 2047
4 8 5 5 6 6 7 7 9 10 2047
4 8 5 5 6 6 7 7 9 11 2047
4 8 5 5 6 6 7 7 10 10 2047
4 8 5 5 6 6 7 7 10 11 2047
4 8 5 5 6 6 7 7 11 11 8191
4 8 5 5 6 6 7 9 9 9 4095
4 8 5 5 6 6 7 9 9 10 4095
4 8 5 5 6 6 7 9 9 11 4095
4 8 5 5 6 6 7 9 10 10 4095
4 8 5 5 6 6 7 9 10 11 4095
4 8 5 5 6 6 7 9 11 11 4095
4 8 5 5 6 6 7 10 10 10 4095
4 8 5 5 6 6 7 10 10 11 4095
4 8 5 5 6 6 7 10 11 11 4095
4 8 5 5 6 6 7 11 11 11 16383
4 8 5 5 6 6 9 9 9 9 8191
4 8 5 5 6 6 9 9 9 10 8191
4 8 5 5 6 6 9 9 9 11 8191
4 8 5 5 6 6 9 9 10 10 8191
4 8 5 5 6 6 9 9 10 11 8191
4 8 5 5 6 6 9 9 11 11 8191
4 8 5 5 6 6 9 10 10 10 8191
4 8 5 5 6 6 9 10 10 11 8191
4 8 5 5 6 6 9 10 11 11 8191
4 8 5 5 6 6 9 11 11 11 8191
4 8 5 5 6 6 10 10 10 10 8191
4 8 5 5 6 6 10 10 10 11 8191
4 8 5 5 6 6 10 10 11 11 8191
4 8 5 5 6 6 10 11 11 11 8191
4 8 5 5 6 6 11 11 11 11 32767
4 8 5 5 6 7 7 7 7 7 2047
4 8 5 5 6 7 7 7 7 9 4095
4 8 5 5 6 7 7 7 7 10 4095
4 8 5 5 6 7 7 7 7 11 4095
4 8 5 5 6 7 7 7 9 9 2047
4 8 5 5 6 7 7 7 9 10 2047
4 8 5 5 6 7 7 7 9 11 8191
4 8 5 5 6 7 7 7 10 10 2047
4 8 5 5 6 7 7 7 10 11 8191
4 8 5 5 6 7 7 7 11 11 8191
4 8 5 5 6 7 7 9 9 9 4095
4 8 5 5 6 7 7 9 9 10 4095
4 8 5 5 6 7 7 9 9 11 4095
4 8 5 5 6 7 7 9 10 10 4095
4 8 5 5 6 7 7 9 10 11 4095
4 8 5 5 6 7 7 9 11 11 16383
4 8 5 5 6 7 7 10 10 10 4095
4 8 5 5 6 7 7 10 10 11 4095
4 8 5 5 6 7 7 10 11 11 16383
4 8 5 5 6 7 7 11 11 11 16383
4 8 5 5 6 7 9 9 9 9 8191
4 8 5 5 6 7 9 9 9 10 8191
4 8 5 5 6 7 9 9 9 11 8191
4 8 5 5 6 7 9 9 10 10 8191
4 8 5 5 6 7 9 9 10 11 8191
4 8 5 5 6 7 9 9 11 11 8191
4 8 5 5 6 7 9 10 10 10 8191
4 8 5 5 6 7 9 10 10 11 8191
4 8 5 5 6 7 9 10 11 11 8191
4 8 5 5 6 7 9 11 11 11 32767
4 8 5 5 6 7 10 10 10 10 8191
4 8 5 5 6 7 10 10 10 11 8191
4 8 5 5 6 7 10 10 11 11 8191
4 8 5 5 6 7 10 11 11 11 32767
4 8 5 5 6 7 11 11 11 11 32767
4 8 5 5 6 9 9 9 9 9 16383
4 8 5 5 6 9 9 9 9 10 16383
4 8 5 5 6 9 9 9 9 11 16383
4 8 5 5 6 9 9 9 10 10 16383
4 8 5 5 6 9 9 9 10 11 16383
4 8 5 5 6 9 9 9 11 11 16383
4 8 5 5 6 9 9 10 10 10 16383
4 8 5 5 6 9 9 10 10 11 16383
4 8 5 5 6 9 9 10 11 11 16383
4 8 5 5 6 9 9 11 11 11 16383
4 8 5 5 6 9 10 10 10 10 16383
4 8 5 5 6 9 10 10 10 11 16383
4 8 5 5 6 9 10 10 11 11 16383
4 8 5 5 6 9 10 11 11 11 16383
4 8 5 5 6 9 11 11 11 11 65535
4 8 5 5 6 10 10 10 10 10 16383
4 8 5 5 6 10 10 10 10 11 16383
4 8 5 5 6 10 10 10 11 11 16383
4 8 5 5 6 10 10 11 11 11 16383
4 8 5 5 6 10 11 11 11 11 65535
4 8 5 5 6 11 11 11 11 11 65535
4 8 5 5 7 7 7 7 7 7 2047
4 8 5 5 7 7 7 7 7 9 4095
4 8 5 5 7 7 7 7 7 10 4095
4 8 5 5 7 7 7 7 7 11 4095
4 8 5 5 7 7 7 7 9 9 8191
4 8 5 5 7 7 7 7 9 10 8191
4 8 5 5 7 7 7 7 9 11 8191
4 8 5 5 7 7 7 7 10 10 8191
4 8 5 5 7 7 7 7 10 11 8191
4 8 5 5 7 7 7 7 11 11 8191
4 8 5 5 7 7 7 9 9 9 4095
4 8 5 5 7 7 7 9 9 10 4095
4 8 5 5 7 7 7 9 9 11 16383
4 8 5 5 7 7 7 9 10 10 4095
4 8 5 5 7 7 7 9 10 11 16383
4 8 5 5 7 7 7 9 11 11 16383
4 8 5 5 7 7 7 10 10 10 4095
4 8 5 5 7 7 7 10 10 11 16383
4 8 5 5 7 7 7 10 11 11 16383
4 8 5 5 7 7 7 11 11 11 16383
4 8 5 5 7 7 9 9 9 9 8191
4 8 5 5 7 7 9 9 9 10 8191
4 8 5 5 7 7 9 9 9 11 8191
4 8 5 5 7 7 9 9 10 10 8191
4 8 5 5 7 7 9 9 10 11 8191
4 8 5 5 7 7 9 9 11 11 32767
4 8 5 5 7 7 9 10 10 10 8191
4 8 5 5 7 7 9 10 10 11 8191
4 8 5 5 7 7 9 10 11 11 32767
4 8 5 5 7 7 9 11 11 11 32767
4 8 5 5 7 7 10 10 10 10 8191
4 8 5 5 7 7 10 10 10 11 8191
4 8 5 5 7 7 10 10 11 11 32767
4 8 5 5 7 7 10 11 11 11 32767
4 8 5 5 7 7 11 11 11 11 32767
4 8 5 5 7 9 9 9 9 9 16383
4 8 5 5 7 9 9 9 9 10 16383
4 8 5 5 7 9 9 9 9 11 16383
4 8 5 5 7 9 9 9 10 10 16383
4 8 5 5 7 9 9 9 10 11 16383
4 8 5 5 7 9 9 9 11 11 16383
4 8 5 5 7 9 9 10 10 10 16383
4 8 5 5 7 9 9 10 10 11 16383
4 8 5 5 7 9 9 10 11 11 16383
4 8 5 5 7 9 9 11 11 11 65535
4 8 5 5 7 9 10 10 10 10 16383
4 8 5 5 7 9 10 10 10 11 16383
4 8 5 5 7 9 10 10 11 11 16383
4 8 5 5 7 9 10 11 11 11 65535
4 8 5 5 7 9 11 11 11 11 65535
4 8 5 5 7 10 10 10 10 10 16383
4 8 5 5 7 10 10 10 10 11 16383
4 8 5 5 7 10 10 10 11 11 16383
4 8 5 5 7 10 10 11 11 11 65535
4 8 5 5 7 10 11 11 11 11 65535
4 8 5 5 7 11 11 11 11 11 65535
4 8 5 5 9 9 9 9 9 9 32767
4 8 5 5 9 9 9 9 9 10 32767
4 8 5 5 9 9 9 9 9 11 32767
4 8 5 5 9 9 9 9 10 10 32767
4 8 5 5 9 9 9 9 10 11 32767
4 8 5 5 9 9 9 9 11 11 32767
4 8 5 5 9 9 9 10 10 10 32767
4 8 5 5 9 9 9 10 10 11 32767
4 8 5 5 9 9 9 10 11 11 32767
4 8 5 5 9 9 9 11 11 11 32767
4 8 5 5 9 9 10 10 10 10 32767
4 8 5 5 9 9 10 10 10 11 32767
4 8 5 5 9 9 10 10 11 11 32767
4 8 5 5 9 9 10 11 11 11 32767
4 8 5 5 9 9 11 11 11 11 131071
4 8 5 5 9 10 10 10 10 10 32767
4 8 5 5 9 10 10 10 10 11 32767
4 8 5 5 9 10 10 10 11 11 32767
4 8 5 5 9 10 10 11 11 11 32767
4 8 5 5 9 10 11 11 11 11 131071
4 8 5 5 9 11 11 11 11 11 131071
4 8 5 5 10 10 10 10 10 10 32767
4 8 5 5 10 10 10 10 10 11 32767
4 8 5 5 10 10 10 10 11 11 32767
4 8 5 5 10 10 10 11 11 11 32767
4 8 5 5 10 10 11 11 11 11 131071
4 8 5 5 10 11 11 11 11 11 131071
4 8 5 5 11 11 11 11 11 11 131071
4 8 5 6 6 6 6 6 6 6 511
4 8 5 6 6 6 6 6 6 7 511
4 8 5 6 6 6 6 6 6 9 1023
4 8 5 6 6 6 6 6 6 10 1023
4 8 5 6 6 6 6 6 6 11 1023
4 8 5 6 6 6 6 6 7 7 511
4 8 5 6 6 6 6 6 7 9 1023
4 8 5 6 6 6 6 6 7 10 1023
4 8 5 6 6 6 6 6 7 11 1023
4 8 5 6 6 6 6 6 9 9 2047
4 8 5 6 6 6 6 6 9 10 2047
4 8 5 6 6 6 6 6 9 11 2047
4 8 5 6 6 6 6 6 10 10 2047
4 8 5 6 6 6 6 6 10 11 2047
4 8 5 6 6 6 6 6 11 11 2047
4 8 5 6 6 6 6 7 7 7 511
4 8 5 6 6 6 6 7 7 9 1023
4 8 5 6 6 6 6 7 7 10 1023
4 8 5 6 6 6 6 7 7 11 1023
4 8 5 6 6 6 6 7 9 9 2047
4 8 5 6 6 6 6 7 9 10 2047
4 8 5 6 6 6 6 7 9 11 2047
4 8 5 6 6 6 6 7 10 10 2047
4 8 5 6 6 6 6 7 10 11 2047
4 8 5 6 6 6 6 7 11 11 2047
4 8 5 6 6 6 6 9 9 9 4095
4 8 5 6 6 6 6 9 9 10 4095
4 8 5 6 6 6 6 9 9 11 4095
4 8 5 6 6 6 6 9 10 10 4095
4 8 5 6 6 6 6 9 10 11 4095
4 8 5 6 6 6 6 9 11 11 4095
4 8 5 6 6 6 6 10 10 10 4095
4 8 5 6 6 6 6 10 10 11 4095
4 8 5 6 6 6 6 10 11 11 4095
4 8 5 6 6 6 6 11 11 11 4095
4 8 5 6 6 6 7 7 7 7 2047
4 8 5 6 6 6 7 7 7 9 1023
4 8 5 6 6 6 7 7 7 10 1023
4 8 5 6 6 6 7 7 7 11 4095
4 8 5 6 6 6 7 7 9 9 2047
4 8 5 6 6 6 7 7 9 10 2047
4 8 5 6 6 6 7 7 9 11 2047
4 8 5 6 6 6 7 7 10 10 2047
4 8 5 6 6 6 7 7 10 11 2047
4 8 5 6 6 6 7 7 11 11 8191
4 8 5 6 6 6 7 9 9 9 4095
4 8 5 6 6 6 7 9 9 10 4095
4 8 5 6 6 6 7 9 9 11 4095
4 8 5 6 6 6 7 9 10 10 4095
4 8 5 6 6 6 7 9 10 11 4095
4 8 5 6 6 6 7 9 11 11 4095
4 8 5 6 6 6 7 10 10 10 4095
4 8 5 6 6 6 7 10 10 11 4095
4 8 5 6 6 6 7 10 11 11 4095
4 8 5 6 6 6 7 11 11 11 16383
4 8 5 6 6 6 9 9 9 9 8191
4 8 5 6 6 6 9 9 9 10 8191
4 8 5 6 6 6 9 9 9 11 8191
4 8 5 6 6 6 9 9 10 10 8191
4 8 5 6 6 6 9 9 10 11 8191
4 8 5 6 6 6 9 9 11 11 8191
4 8 5 6 6 6 9 10 10 10 8191
4 8 5 6 6 6 9 10 10 11 8191
4 8 5 6 6 6 9 10 11 11 8191
4 8 5 6 6 6 9 11 11 11 8191
4 8 5 6 6 6 10 10 10 10 8191
4 8 5 6 6 6 10 10 10 11 8191
4 8 5 6 6 6 10 10 11 11 8191
4 8 5 6 6 6 10 11 11 11 8191
4 8 5 6 6 6 11 11 11 11 32767
4 8 5 6 6 7 7 7 7 7 2047
4 8 5 6 6 7 7 7 7 9 4095
4 8 5 6 6 7 7 7 7 10 4095
4 8 5 6 6 7 7 7 7 11 4095
4 8 5 6 6 7 7 7 9 9 2047
4 8 5 6 6 7 7 7 9 10 2047
4 8 5 6 6 7 7 7 9 11 8191
4 8 5 6 6 7 7 7 10 10 2047
4 8 5 6 6 7 7 7 10 11 8191
4 8 5 6 6 7 7 7 11 11 8191
4 8 5 6 6 7 7 9 9 9 4095
4 8 5 6 6 7 7 9 9 10 4095
4 8 5 6 6 7 7 9 9 11 4095
4 8 5 6 6 7 7 9 10 10 4095
4 8 5 6 6 7 7 9 10 11 4095
4 8 5 6 6 7 7 9 11 11 16383
4 8 5 6 6 7 7 10 10 10 4095
4 8 5 6 6 7 7 10 10 11 4095
4 8 5 6 6 7 7 10 11 11 16383
4 8 5 6 6 7 7 11 11 11 16383
4 8 5 6 6 7 9 9 9 9 8191
4 8 5 6 6 7 9 9 9 10 8191
4 8 5 6 6 7 9 9 9 11 8191
4 8 5 6 6 7 9 9 10 10 8191
4 8 5 6 6 7 9 9 10 11 8191
4 8 5 6 6 7 9 9 11 11 8191
4 8 5 6 6 7 9 10 10 10 8191
4 8 5 6 6 7 9 10 10 11 8191
4 8 5 6 6 7 9 10 11 11 8191
4 8 5 6 6 7 9 11 11 11 32767
4 8 5 6 6 7 10 10 10 10 8191
4 8 5 6 6 7 10 10 10 11 8191
4 8 5 6 6 7 10 10 11 11 8191
4 8 5 6 6 7 10 11 11 11 32767
4 8 5 6 6 7 11 11 11 11 32767
4 8 5 6 6 9 9 9 9 9 16383
4 8 5 6 6 9 9 9 9 10 16383
4 8 5 6 6 9 9 9 9 11 16383
4 8 5 6 6 9 9 9 10 10 16383
4 8 5 6 6 9 9 9 10 11 16383
4 8 5 6 6 9 9 9 11 11 16383
4 8 5 6 6 9 9 10 10 10 16383
4 8 5 6 6 9 9 10 10 11 16383
4 8 5 6 6 9 9 10 11 11 16383
4 8 5 6 6 9 9 11 11 11 16383
4 8 5 6 6 9 10 10 10 10 16383
4 8 5 6 6 9 10 10 10 11 16383
4 8 5 6 6 9 10 10 11 11 16383
4 8 5 6 6 9 10 11 11 11 16383
4 8 5 6 6 9 11 11 11 11 65535
4 8 5 6 6 10 10 10 10 10 16383
4 8 5 6 6 10 10 10 10 11 16383
4 8 5 6 6 10 10 10 11 11 16383
4 8 5 6 6 10 10 11 11 11 16383
4 8 5 6 6 10 11 11 11 11 65535
4 8 5 6 6 11 11 11 11 11 65535
4 8 5 6 7 7 7 7 7 7 2047
4 8 5 6 7 7 7 7 7 9 4095
4 8 5 6 7 7 7 7 7 10 4095
4 8 5 6 7 7 7 7 7 11 4095
4 8 5 6 7 7 7 7 9 9 8191
4 8 5 6 7 7 7 7 9 10 8191
4 8 5 6 7 7 7 7 9 11 8191
4 8 5 6 7 7 7 7 10 10 8191
4 8 5 6 7 7 7 7 10 11 8191
4 8 5 6 7 7 7 7 11 11 8191
4 8 5 6 7 7 7 9 9 9 4095
4 8 5 6 7 7 7 9 9 10 4095
4 8 5 6 7 7 7 9 9 11 16383
4 8 5 6 7 7 7 9 10 10 4095
4 8 5 6 7 7 7 9 10 11 16383
4 8 5 6 7 7 7 9 11 11 16383
4 8 5 6 7 7 7 10 10 10 4095
4 8 5 6 7 7 7 10 10 11 16383
4 8 5 6 7 7 7 10 11 11 16383
4 8 5 6 7 7 7 11 11 11 16383
4 8 5 6 7 7 9 9 9 9 8191
4 8 5 6 7 7 9 9 9 10 8191
4 8 5 6 7 7 9 9 9 11 8191
4 8 5 6 7 7 9 9 10 10 8191
4 8 5 6 7 7 9 9 10 11 8191
4 8 5 6 7 7 9 9 11 11 32767
4 8 5 6 7 7 9 10 10 10 8191
4 8 5 6 7 7 9 10 10 11 8191
4 8 5 6 7 7 9 10 11 11 32767
4 8 5 6 7 7 9 11 11 11 32767
4 8 5 6 7 7 10 10 10 10 8191
4 8 5 6 7 7 10 10 10 11 8191
4 8 5 6 7 7 10 10 11 11 32767
4 8 5 6 7 7 10 11 11 11 32767
4 8 5 6 7 7 11 11 11 11 32767
4 8 5 6 7 9 9 9 9 9 16383
4 8 5 6 7 9 9 9 9 10 16383
4 8 5 6 7 9 9 9 9 11 16383
4 8 5 6 7 9 9 9 10 10 16383
4 8 5 6 7 9 9 9 10 11 16383
4 8 5 6 7 9 9 9 11 11 16383
4 8 5 6 7 9 9 10 10 10 16383
4 8 5 6 7 9 9 10 10 11 16383
4 8 5 6 7 9 9 10 11 11 16383
4 8 5 6 7 9 9 11 11 11 65535
4 8 5 6 7 9 10 10 10 10 16383
4 8 5 6 7 9 10 10 10 11 16383
4 8 5 6 7 9 10 10 11 11 16383
4 8 5 6 7 9 10 11 11 11 65535
4 8 5 6 7 9 11 11 11 11 65535
4 8 5 6 7 10 10 10 10 10 16383
4 8 5 6 7 10 10 10 10 11 16383
4 8 5 6 7 10 10 10 11 11 16383
4 8 5 6 7 10 10 11 11 11 65535
4 8 5 6 7 10 11 11 11 11 65535
4 8 5 6 7 11 11 11 11 11 65535
4 8 5 6 9 9 9 9 9 9 32767
4 8 5 6 9 9 9 9 9 10 32767
4 8 5 6 9 9 9 9 9 11 32767
4 8 5 6 9 9 9 9 10 10 32767
4 8 5 6 9 9 9 9 10 11 32767
4 8 5 6 9 9 9 9 11 11 32767
4 8 5 6 9 9 9 10 10 10 32767
4 8 5 6 9 9 9 10 10 11 32767
4 8 5 6 9 9 9 10 11 11 32767
4 8 5 6 9 9 9 11 11 11 32767
4 8 5 6 9 9 10 10 10 10 32767
4 8 5 6 9 9 10 10 10 11 32767
4 8 5 6 9 9 10 10 11 11 32767
4 8 5 6 9 9 10 11 11 11 32767
4 8 5 6 9 9 11 11 11 11 131071
4 8 5 6 9 10 10 10 10 10 32767
4 8 5 6 9 10 10 10 10 11 32767
4 8 5 6 9 10 10 10 11 11 32767
4 8 5 6 9 10 10 11 11 11 32767
4 8 5 6 9 10 11 11 11 11 131071
4 8 5 6 9 11 11 11 11 11 131071
4 8 5 6 10 10 10 10 10 10 32767
4 8 5 6 10 10 10 10 10 11 32767
4 8 5 6 10 10 10 10 11 11 32767
4 8 5 6 10 10 10 11 11 11 32767
4 8 5 6 10 10 11 11 11 11 131071
4 8 5 6 10 11 11 11 11 11 131071
4 8 5 6 11 11 11 11 11 11 131071
4 8 5 7 7 7 7 7 7 7 2047
4 8 5 7 7 7 7 7 7 9 4095
4 8 5 7 7 7 7 7 7 10 4095
4 8 5 7 7 7 7 7 7 11 4095
4 8 5 7 7 7 7 7 9 9 8191
4 8 5 7 7 7 7 7 9 10 8191
4 8 5 7 7 7 7 7 9 11 8191
4 8 5 7 7 7 7 7 10 10 8191
4 8 5 7 7 7 7 7 10 11 8191
4 8 5 7 7 7 7 7 11 11 8191
4 8 5 7 7 7 7 9 9 9 16383
4 8 5 7 7 7 7 9 9 10 16383
4 8 5 7 7 7 7 9 9 11 16383
4 8 5 7 7 7 7 9 10 10 16383
4 8 5 7 7 7 7 9 10 11 16383
4 8 5 7 7 7 7 9 11 11 16383
4 8 5 7 7 7 7 10 10 10 16383
4 8 5 7 7 7 7 10 10 11 16383
4 8 5 7 7 7 7 10 11 11 16383
4 8 5 7 7 7 7 11 11 11 16383
4 8 5 7 7 7 9 9 9 9 8191
4 8 5 7 7 7 9 9 9 10 8191
4 8 5 7 7 7 9 9 9 11 32767
4 8 5 7 7 7 9 9 10 10 8191
4 8 5 7 7 7 9 9 10 11 32767
4 8 5 7 7 7 9 9 11 11 32767
4 8 5 7 7 7 9 10 10 10 8191
4 8 5 7 7 7 9 10 10 11 32767
4 8 5 7 7 7 9 10 11 11 32767
4 8 5 7 7 7 9 11 11 11 32767
4 8 5 7 7 7 10 10 10 10 8191
4 8 5 7 7 7 10 10 10 11 32767
4 8 5 7 7 7 10 10 11 11 32767
4 8 5 7 7 7 10 11 11 11 32767
4 8 5 7 7 7 11 11 11 11 32767
4 8 5 7 7 9 9 9 9 9 16383
4 8 5 7 7 9 9 9 9 10 16383
4 8 5 7 7 9 9 9 9 11 16383
4 8 5 7 7 9 9 9 10 10 16383
4 8 5 7 7 9 9 9 10 11 16383
4 8 5 7 7 9 9 9 11 11 65535
4 8 5 7 7 9 9 10 10 10 16383
4 8 5 7 7 9 9 10 10 11 16383
4 8 5 7 7 9 9 10 11 11 65535
4 8 5 7 7 9 9 11 11 11 65535
4 8 5 7 7 9 10 10 10 10 16383
4 8 5 7 7 9 10 10 10 11 16383
4 8 5 7 7 9 10 10 11 11 65535
4 8 5 7 7 9 10 11 11 11 65535
4 8 5 7 7 9 11 11 11 11 65535
4 8 5 7 7 10 10 10 10 10 16383
4 8 5 7 7 10 10 10 10 11 16383
4 8 5 7 7 10 10 10 11 11 65535
4 8 5 7 7 10 10 11 11 11 65535
4 8 5 7 7 10 11 11 11 11 65535
4 8 5 7 7 11 11 11 11 11 65535
4 8 5 7 9 9 9 9 9 9 32767
4 8 5 7 9 9 9 9 9 10 32767
4 8 5 7 9 9 9 9 9 11 32767
4 8 5 7 9 9 9 9 10 10 32767
4 8 5 7 9 9 9 9 10 11 32767
4 8 5 7 9 9 9 9 11 11 32767
4 8 5 7 9 9 9 10 10 10 32767
4 8 5 7 9 9 9 10 10 11 32767
4 8 5 7 9 9 9 10 11 11 32767
4 8 5 7 9 9 9 11 11 11 131071
4 8 5 7 9 9 10 10 10 10 32767
4 8 5 7 9 9 10 10 10 11 32767
4 8 5 7 9 9 10 10 11 11 32767
4 8 5 7 9 9 10 11 11 11 131071
4 8 5 7 9 9 11 11 11 11 131071
4 8 5 7 9 10 10 10 10 10 32767
4 8 5 7 9 10 10 10 10 11 32767
4 8 5 7 9 10 10 10 11 11 32767
4 8 5 7 9 10 10 11 11 11 131071
4 8 5 7 9 10 11 11 11 11 131071
4 8 5 7 9 11 11 11 11 11 131071
4 8 5 7 10 10 10 10 10 10 32767
4 8 5 7 10 10 10 10 10 11 32767
4 8 5 7 10 10 10 10 11 11 32767
4 8 5 7 10 10 10 11 11 11 131071
4 8 5 7 10 10 11 11 11 11 131071
4 8 5 7 10 11 11 11 11 11 131071
4 8 5 7 11 11 11 11 11 11 131071
4 8 5 9 9 9 9 9 9 9 65535
4 8 5 9 9 9 9 9 9 10 65535
4 8 5 9 9 9 9 9 9 11 65535
4 8 5 9 9 9 9 9 10 10 65535
4 8 5 9 9 9 9 9 10 11 65535
4 8 5 9 9 9 9 9 11 11 65535
4 8 5 9 9 9 9 10 10 10 65535
4 8 5 9 9 9 9 10 10 11 65535
4 8 5 9 9 9 9 10 11 11 65535
4 8 5 9 9 9 9 11 11 11 65535
4 8 5 9 9 9 10 10 10 10 65535
4 8 5 9 9 9 10 10 10 11 65535
4 8 5 9 9 9 10 10 11 11 65535
4 8 5 9 9 9 10 11 11 11 65535
4 8 5 9 9 9 11 11 11 11 262143
4 8 5 9 9 10 10 10 10 10 65535
4 8 5 9 9 10 10 10 10 11 65535
4 8 5 9 9 10 10 10 11 11 65535
4 8 5 9 9 10 10 11 11 11 65535
4 8 5 9 9 10 11 11 11 11 262143
4 8 5 9 9 11 11 11 11 11 262143
4 8 5 9 10 10 10 10 10 10 65535
4 8 5 9 10 10 10 10 10 11 65535
4 8 5 9 10 10 10 10 11 11 65535
4 8 5 9 10 10 10 11 11 11 65535
4 8 5 9 10 10 11 11 11 11 262143
4 8 5 9 10 11 11 11 11 11 262143
4 8 5 9 11 11 11 11 11 11 262143
4 8 5 10 10 10 10 10 10 10 65535
4 8 5 10 10 10 10 10 10 11 65535
4 8 5 10 10 10 10 10 11 11 65535
4 8 5 10 10 10 10 11 11 11 65535
4 8 5 10 10 10 11 11 11 11 262143
4 8 5 10 10 11 11 11 11 11 262143
4 8 5 10 11 11 11 11 11 11 262143
4 8 5 11 11 11 11 11 11 11 262143
4 8 6 6 6 6 6 6 6 6 511
4 8 6 6 6 6 6 6 6 7 511
4 8 6 6 6 6 6 6 6 9 1023
4 8 6 6 6 6 6 6 6 10 1023
4 8 6 6 6 6 6 6 6 11 1023
4 8 6 6 6 6 6 6 7 7 511
4 8 6 6 6 6 6 6 7 9 1023
4 8 6 6 6 6 6 6 7 10 1023
4 8 6 6 6 6 6 6 7 11 1023
4 8 6 6 6 6 6 6 9 9 2047
4 8 6 6 6 6 6 6 9 10 2047
4 8 6 6 6 6 6 6 9 11 2047
4 8 6 6 6 6 6 6 10 10 2047
4 8 6 6 6 6 6 6 10 11 2047
4 8 6 6 6 6 6 6 11 11 2047
4 8 6 6 6 6 6 7 7 7 2047
4 8 6 6 6 6 6 7 7 9 1023
4 8 6 6 6 6 6 7 7 10 1023
4 8 6 6 6 6 6 7 7 11 4095
4 8 6 6 6 6 6 7 9 9 2047
4 8 6 6 6 6 6 7 9 10 2047
4 8 6 6 6 6 6 7 9 11 2047
4 8 6 6 6 6 6 7 10 10 2047
4 8 6 6 6 6 6 7 10 11 2047
4 8 6 6 6 6 6 7 11 11 8191
4 8 6 6 6 6 6 9 9 9 4095
4 8 6 6 6 6 6 9 9 10 4095
4 8 6 6 6 6 6 9 9 11 4095
4 8 6 6 6 6 6 9 10 10 4095
4 8 6 6 6 6 6 9 10 11 4095
4 8 6 6 6 6 6 9 11 11 4095
4 8 6 6 6 6 6 10 10 10 4095
4 8 6 6 6 6 6 10 10 11 4095
4 8 6 6 6 6 6 10 11 11 4095
4 8 6 6 6 6 6 11 11 11 16383
4 8 6 6 6 6 7 7 7 7 2047
4 8 6 6 6 6 7 7 7 9 1023
4 8 6 6 6 6 7 7 7 10 4095
4 8 6 6 6 6 7 7 7 11 4095
4 8 6 6 6 6 7 7 9 9 2047
4 8 6 6 6 6 7 7 9 10 2047
4 8 6 6 6 6 7 7 9 11 2047
4 8 6 6 6 6 7 7 10 10 2047
4 8 6 6 6 6 7 7 10 11 8191
4 8 6 6 6 6 7 7 11 11 8191
4 8 6 6 6 6 7 9 9 9 4095
4 8 6 6 6 6 7 9 9 10 4095
4 8 6 6 6 6 7 9 9 11 4095
4 8 6 6 6 6 7 9 10 10 4095
4 8 6 6 6 6 7 9 10 11 4095
4 8 6 6 6 6 7 9 11 11 4095
4 8 6 6 6 6 7 10 10 10 4095
4 8 6 6 6 6 7 10 10 11 4095
4 8 6 6 6 6 7 10 11 11 16383
4 8 6 6 6 6 7 11 11 11 16383
4 8 6 6 6 6 9 9 9 9 8191
4 8 6 6 6 6 9 9 9 10 8191
4 8 6 6 6 6 9 9 9 11 8191
4 8 6 6 6 6 9 9 10 10 8191
4 8 6 6 6 6 9 9 10 11 8191
4 8 6 6 6 6 9 9 11 11 8191
4 8 6 6 6 6 9 10 10 10 8191
4 8 6 6 6 6 9 10 10 11 8191
4 8 6 6 6 6 9 10 11 11 8191
4 8 6 6 6 6 9 11 11 11 8191
4 8 6 6 6 6 10 10 10 10 8191
4 8 6 6 6 6 10 10 10 11 8191
4 8 6 6 6 6 10 10 11 11 8191
4 8 6 6 6 6 10 11 11 11 32767
4 8 6 6 6 6 11 11 11 11 32767
4 8 6 6 6 7 7 7 7 7 2047
4 8 6 6 6 7 7 7 7 9 4095
4 8 6 6 6 7 7 7 7 10 4095
4 8 6 6 6 7 7 7 7 11 4095
4 8 6 6 6 7 7 7 9 9 2047
4 8 6 6 6 7 7 7 9 10 2047
4 8 6 6 6 7 7 7 9 11 8191
4 8 6 6 6 7 7 7 10 10 8191
4 8 6 6 6 7 7 7 10 11 8191
4 8 6 6 6 7 7 7 11 11 8191
4 8 6 6 6 7 7 9 9 9 4095
4 8 6 6 6 7 7 9 9 10 4095
4 8 6 6 6 7 7 9 9 11 4095
4 8 6 6 6 7 7 9 10 10 4095
4 8 6 6 6 7 7 9 10 11 4095
4 8 6 6 6 7 7 9 11 11 16383
4 8 6 6 6 7 7 10 10 10 4095
4 8 6 6 6 7 7 10 10 11 16383
4 8 6 6 6 7 7 10 11 11 16383
4 8 6 6 6 7 7 11 11 11 16383
4 8 6 6 6 7 9 9 9 9 8191
4 8 6 6 6 7 9 9 9 10 8191
4 8 6 6 6 7 9 9 9 11 8191
4 8 6 6 6 7 9 9 10 10 8191
4 8 6 6 6 7 9 9 10 11 8191
4 8 6 6 6 7 9 9 11 11 8191
4 8 6 6 6 7 9 10 10 10 8191
4 8 6 6 6 7 9 10 10 11 8191
4 8 6 6 6 7 9 10 11 11 8191
4 8 6 6 6 7 9 11 11 11 32767
4 8 6 6 6 7 10 10 10 10 8191
4 8 6 6 6 7 10 10 10 11 8191
4 8 6 6 6 7 10 10 11 11 32767
4 8 6 6 6 7 10 11 11 11 32767
4 8 6 6 6 7 11 11 11 11 32767
4 8 6 6 6 9 9 9 9 9 16383
4 8 6 6 6 9 9 9 9 10 16383
4 8 6 6 6 9 9 9 9 11 16383
4 8 6 6 6 9 9 9 10 10 16383
4 8 6 6 6 9 9 9 10 11 16383
4 8 6 6 6 9 9 9 11 11 16383
4 8 6 6 6 9 9 10 10 10 16383
4 8 6 6 6 9 9 10 10 11 16383
4 8 6 6 6 9 9 10 11 11 16383
4 8 6 6 6 9 9 11 11 11 16383
4 8 6 6 6 9 10 10 10 10 16383
4 8 6 6 6 9 10 10 10 11 16383
4 8 6 6 6 9 10 10 11 11 16383
4 8 6 6 6 9 10 11 11 11 16383
4 8 6 6 6 9 11 11 11 11 65535
4 8 6 6 6 10 10 10 10 10 16383
4 8 6 6 6 10 10 10 10 11 16383
4 8 6 6 6 10 10 10 11 11 16383
4 8 6 6 6 10 10 11 11 11 65535
4 8 6 6 6 10 11 11 11 11 65535
4 8 6 6 6 11 11 11 11 11 65535
4 8 6 6 7 7 7 7 7 7 2047
4 8 6 6 7 7 7 7 7 9 4095
4 8 6 6 7 7 7 7 7 10 4095
4 8 6 6 7 7 7 7 7 11 4095
4 8 6 6 7 7 7 7 9 9 8191
4 8 6 6 7 7 7 7 9 10 8191
4 8 6 6 7 7 7 7 9 11 8191
4 8 6 6 7 7 7 7 10 10 8191
4 8 6 6 7 7 7 7 10 11 8191
4 8 6 6 7 7 7 7 11 11 8191
4 8 6 6 7 7 7 9 9 9 4095
4 8 6 6 7 7 7 9 9 10 4095
4 8 6 6 7 7 7 9 9 11 16383
4 8 6 6 7 7 7 9 10 10 4095
4 8 6 6 7 7 7 9 10 11 16383
4 8 6 6 7 7 7 9 11 11 16383
4 8 6 6 7 7 7 10 10 10 16383
4 8 6 6 7 7 7 10 10 11 16383
4 8 6 6 7 7 7 10 11 11 16383
4 8 6 6 7 7 7 11 11 11 16383
4 8 6 6 7 7 9 9 9 9 8191
4 8 6 6 7 7 9 9 9 10 8191
4 8 6 6 7 7 9 9 9 11 8191
4 8 6 6 7 7 9 9 10 10 8191
4 8 6 6 7 7 9 9 10 11 8191
4 8 6 6 7 7 9 9 11 11 32767
4 8 6 6 7 7 9 10 10 10 8191
4 8 6 6 7 7 9 10 10 11 8191
4 8 6 6 7 7 9 10 11 11 32767
4 8 6 6 7 7 9 11 11 11 32767
4 8 6 6 7 7 10 10 10 10 8191
4 8 6 6 7 7 10 10 10 11 32767
4 8 6 6 7 7 10 10 11 11 32767
4 8 6 6 7 7 10 11 11 11 32767
4 8 6 6 7 7 11 11 11 11 32767
4 8 6 6 7 9 9 9 9 9 16383
4 8 6 6 7 9 9 9 9 10 16383
4 8 6 6 7 9 9 9 9 11 16383
4 8 6 6 7 9 9 9 10 10 16383
4 8 6 6 7 9 9 9 10 11 16383
4 8 6 6 7 9 9 9 11 11 16383
4 8 6 6 7 9 9 10 10 10 16383
4 8 6 6 7 9 9 10 10 11 16383
4 8 6 6 7 9 9 10 11 11 16383
4 8 6 6 7 9 9 11 11 11 65535
4 8 6 6 7 9 10 10 10 10 16383
4 8 6 6 7 9 10 10 10 11 16383
4 8 6 6 7 9 10 10 11 11 16383
4 8 6 6 7 9 10 11 11 11 65535
4 8 6 6 7 9 11 11 11 11 65535
4 8 6 6 7 10 10 10 10 10 16383
4 8 6 6 7 10 10 10 10 11 16383
4 8 6 6 7 10 10 10 11 11 65535
4 8 6 6 7 10 10 11 11 11 65535
4 8 6 6 7 10 11 11 11 11 65535
4 8 6 6 7 11 11 11 11 11 65535
4 8 6 6 9 9 9 9 9 9 32767
4 8 6 6 9 9 9 9 9 10 32767
4 8 6 6 9 9 9 9 9 11 32767
4 8 6 6 9 9 9 9 10 10 32767
4 8 6 6 9 9 9 9 10 11 32767
4 8 6 6 9 9 9 9 11 11 32767
4 8 6 6 9 9 9 10 10 10 32767
4 8 6 6 9 9 9 10 10 11 32767
4 8 6 6 9 9 9 10 11 11 32767
4 8 6 6 9 9 9 11 11 11 32767
4 8 6 6 9 9 10 10 10 10 32767
4 8 6 6 9 9 10 10 10 11 32767
4 8 6 6 9 9 10 10 11 11 32767
4 8 6 6 9 9 10 11 11 11 32767
4 8 6 6 9 9 11 11 11 11 131071
4 8 6 6 9 10 10 10 10 10 32767
4 8 6 6 9 10 10 10 10 11 32767
4 8 6 6 9 10 10 10 11 11 32767
4 8 6 6 9 10 10 11 11 11 32767
4 8 6 6 9 10 11 11 11 11 131071
4 8 6 6 9 11 11 11 11 11 131071
4 8 6 6 10 10 10 10 10 10 32767
4 8 6 6 10 10 10 10 10 11 32767
4 8 6 6 10 10 10 10 11 11 32767
4 8 6 6 10 10 10 11 11 11 131071
4 8 6 6 10 10 11 11 11 11 131071
4 8 6 6 10 11 11 11 11 11 131071
4 8 6 6 11 11 11 11 11 11 131071
4 8 6 7 7 7 7 7 7 7 2047
4 8 6 7 7 7 7 7 7 9 4095
4 8 6 7 7 7 7 7 7 10 4095
4 8 6 7 7 7 7 7 7 11 4095
4 8 6 7 7 7 7 7 9 9 8191
4 8 6 7 7 7 7 7 9 10 8191
4 8 6 7 7 7 7 7 9 11 8191
4 8 6 7 7 7 7 7 10 10 8191
4 8 6 7 7 7 7 7 10 11 8191
4 8 6 7 7 7 7 7 11 11 8191
4 8 6 7 7 7 7 9 9 9 16383
4 8 6 7 7 7 7 9 9 10 16383
4 8 6 7 7 7 7 9 9 11 16383
4 8 6 7 7 7 7 9 10 10 16383
4 8 6 7 7 7 7 9 10 11 16383
4 8 6 7 7 7 7 9 11 11 16383
4 8 6 7 7 7 7 10 10 10 16383
4 8 6 7 7 7 7 10 10 11 16383
4 8 6 7 7 7 7 10 11 11 16383
4 8 6 7 7 7 7 11 11 11 16383
4 8 6 7 7 7 9 9 9 9 8191
4 8 6 7 7 7 9 9 9 10 8191
4 8 6 7 7 7 9 9 9 11 32767
4 8 6 7 7 7 9 9 10 10 8191
4 8 6 7 7 7 9 9 10 11 32767
4 8 6 7 7 7 9 9 11 11 32767
4 8 6 7 7 7 9 10 10 10 8191
4 8 6 7 7 7 9 10 10 11 32767
4 8 6 7 7 7 9 10 11 11 32767
4 8 6 7 7 7 9 11 11 11 32767
4 8 6 7 7 7 10 10 10 10 32767
4 8 6 7 7 7 10 10 10 11 32767
4 8 6 7 7 7 10 10 11 11 32767
4 8 6 7 7 7 10 11 11 11 32767
4 8 6 7 7 7 11 11 11 11 32767
4 8 6 7 7 9 9 9 9 9 16383
4 8 6 7 7 9 9 9 9 10 16383
4 8 6 7 7 9 9 9 9 11 16383
4 8 6 7 7 9 9 9 10 10 16383
4 8 6 7 7 9 9 9 10 11 16383
4 8 6 7 7 9 9 9 11 11 65535
4 8 6 7 7 9 9 10 10 10 16383
4 8 6 7 7 9 9 10 10 11 16383
4 8 6 7 7 9 9 10 11 11 65535
4 8 6 7 7 9 9 11 11 11 65535
4 8 6 7 7 9 10 10 10 10 16383
4 8 6 7 7 9 10 10 10 11 16383
4 8 6 7 7 9 10 10 11 11 65535
4 8 6 7 7 9 10 11 11 11 65535
4 8 6 7 7 9 11 11 11 11 65535
4 8 6 7 7 10 10 10 10 10 16383
4 8 6 7 7 10 10 10 10 11 65535
4 8 6 7 7 10 10 10 11 11 65535
4 8 6 7 7 10 10 11 11 11 65535
4 8 6 7 7 10 11 11 11 11 65535
4 8 6 7 7 11 11 11 11 11 65535
4 8 6 7 9 9 9 9 9 9 32767
4 8 6 7 9 9 9 9 9 10 32767
4 8 6 7 9 9 9 9 9 11 32767
4 8 6 7 9 9 9 9 10 10 32767
4 8 6 7 9 9 9 9 10 11 32767
4 8 6 7 9 9 9 9 11 11 32767
4 8 6 7 9 9 9 10 10 10 32767
4 8 6 7 9 9 9 10 10 11 32767
4 8 6 7 9 9 9 10 11 11 32767
4 8 6 7 9 9 9 11 11 11 131071
4 8 6 7 9 9 10 10 10 10 32767
4 8 6 7 9 9 10 10 10 11 32767
4 8 6 7 9 9 10 10 11 11 32767
4 8 6 7 9 9 10 11 11 11 131071
4 8 6 7 9 9 11 11 11 11 131071
4 8 6 7 9 10 10 10 10 10 32767
4 8 6 7 9 10 10 10 10 11 32767
4 8 6 7 9 10 10 10 11 11 32767
4 8 6 7 9 10 10 11 11 11 131071
4 8 6 7 9 10 11 11 11 11 131071
4 8 6 7 9 11 11 11 11 11 131071
4 8 6 7 10 10 10 10 10 10 32767
4 8 6 7 10 10 10 10 10 11 32767
4 8 6 7 10 10 10 10 11 11 131071
4 8 6 7 10 10 10 11 11 11 131071
4 8 6 7 10 10 11 11 11 11 131071
4 8 6 7 10 11 11 11 11 11 131071
4 8 6 7 11 11 11 11 11 11 131071
4 8 6 9 9 9 9 9 9 9 65535
4 8 6 9 9 9 9 9 9 10 65535
4 8 6 9 9 9 9 9 9 11 65535
4 8 6 9 9 9 9 9 10 10 65535
4 8 6 9 9 9 9 9 10 11 65535
4 8 6 9 9 9 9 9 11 11 65535
4 8 6 9 9 9 9 10 10 10 65535
4 8 6 9 9 9 9 10 10 11 65535
4 8 6 9 9 9 9 10 11 11 65535
4 8 6 9 9 9 9 11 11 11 65535
4 8 6 9 9 9 10 10 10 10 65535
4 8 6 9 9 9 10 10 10 11 65535
4 8 6 9 9 9 10 10 11 11 65535
4 8 6 9 9 9 10 11 11 11 65535
4 8 6 9 9 9 11 11 11 11 262143
4 8 6 9 9 10 10 10 10 10 65535
4 8 6 9 9 10 10 10 10 11 65535
4 8 6 9 9 10 10 10 11 11 65535
4 8 6 9 9 10 10 11 11 11 65535
4 8 6 9 9 10 11 11 11 11 262143
4 8 6 9 9 11 11 11 11 11 262143
4 8 6 9 10 10 10 10 10 10 65535
4 8 6 9 10 10 10 10 10 11 65535
4 8 6 9 10 10 10 10 11 11 65535
4 8 6 9 10 10 10 11 11 11 65535
4 8 6 9 10 10 11 11 11 11 262143
4 8 6 9 10 11 11 11 11 11 262143
4 8 6 9 11 11 11 11 11 11 262143
4 8 6 10 10 10 10 10 10 10 65535
4 8 6 10 10 10 10 10 10 11 65535
4 8 6 10 10 10 10 10 11 11 65535
4 8 6 10 10 10 10 11 11 11 262143
4 8 6 10 10 10 11 11 11 11 262143
4 8 6 10 10 11 11 11 11 11 262143
4 8 6 10 11 11 11 11 11 11 262143
4 8 6 11 11 11 11 11 11 11 262143
4 8 7 7 7 7 7 7 7 7 8191
4 8 7 7 7 7 7 7 7 9 4095
4 8 7 7 7 7 7 7 7 10 4095
4 8 7 7 7 7 7 7 7 11 16383
4 8 7 7 7 7 7 7 9 9 8191
4 8 7 7 7 7 7 7 9 10 8191
4 8 7 7 7 7 7 7 9 11 8191
4 8 7 7 7 7 7 7 10 10 8191
4 8 7 7 7 7 7 7 10 11 8191
4 8 7 7 7 7 7 7 11 11 32767
4 8 7 7 7 7 7 9 9 9 16383
4 8 7 7 7 7 7 9 9 10 16383
4 8 7 7 7 7 7 9 9 11 16383
4 8 7 7 7 7 7 9 10 10 16383
4 8 7 7 7 7 7 9 10 11 16383
4 8 7 7 7 7 7 9 11 11 16383
4 8 7 7 7 7 7 10 10 10 16383
4 8 7 7 7 7 7 10 10 11 16383
4 8 7 7 7 7 7 10 11 11 16383
4 8 7 7 7 7 7 11 11 11 65535
4 8 7 7 7 7 9 9 9 9 32767
4 8 7 7 7 7 9 9 9 10 32767
4 8 7 7 7 7 9 9 9 11 32767
4 8 7 7 7 7 9 9 10 10 32767
4 8 7 7 7 7 9 9 10 11 32767
4 8 7 7 7 7 9 9 11 11 32767
4 8 7 7 7 7 9 10 10 10 32767
4 8 7 7 7 7 9 10 10 11 32767
4 8 7 7 7 7 9 10 11 11 32767
4 8 7 7 7 7 9 11 11 11 32767
4 8 7 7 7 7 10 10 10 10 32767
4 8 7 7 7 7 10 10 10 11 32767
4 8 7 7 7 7 10 10 11 11 32767
4 8 7 7 7 7 10 11 11 11 32767
4 8 7 7 7 7 11 11 11 11 131071
4 8 7 7 7 9 9 9 9 9 16383
4 8 7 7 7 9 9 9 9 10 16383
4 8 7 7 7 9 9 9 9 11 65535
4 8 7 7 7 9 9 9 10 10 16383
4 8 7 7 7 9 9 9 10 11 65535
4 8 7 7 7 9 9 9 11 11 65535
4 8 7 7 7 9 9 10 10 10 16383
4 8 7 7 7 9 9 10 10 11 65535
4 8 7 7 7 9 9 10 11 11 65535
4 8 7 7 7 9 9 11 11 11 65535
4 8 7 7 7 9 10 10 10 10 16383
4 8 7 7 7 9 10 10 10 11 65535
4 8 7 7 7 9 10 10 11 11 65535
4 8 7 7 7 9 10 11 11 11 65535
4 8 7 7 7 9 11 11 11 11 65535
4 8 7 7 7 10 10 10 10 10 65535
4 8 7 7 7 10 10 10 10 11 65535
4 8 7 7 7 10 10 10 11 11 65535
4 8 7 7 7 10 10 11 11 11 65535
4 8 7 7 7 10 11 11 11 11 65535
4 8 7 7 7 11 11 11 11 11 262143
4 8 7 7 9 9 9 9 9 9 32767
4 8 7 7 9 9 9 9 9 10 32767
4 8 7 7 9 9 9 9 9 11 32767
4 8 7 7 9 9 9 9 10 10 32767
4 8 7 7 9 9 9 9 10 11 32767
4 8 7 7 9 9 9 9 11 11 131071
4 8 7 7 9 9 9 10 10 10 32767
4 8 7 7 9 9 9 10 10 11 32767
4 8 7 7 9 9 9 10 11 11 131071
4 8 7 7 9 9 9 11 11 11 131071
4 8 7 7 9 9 10 10 10 10 32767
4 8 7 7 9 9 10 10 10 11 32767
4 8 7 7 9 9 10 10 11 11 131071
4 8 7 7 9 9 10 11 11 11 131071
4 8 7 7 9 9 11 11 11 11 131071
4 8 7 7 9 10 10 10 10 10 32767
4 8 7 7 9 10 10 10 10 11 32767
4 8 7 7 9 10 10 10 11 11 131071
4 8 7 7 9 10 10 11 11 11 131071
4 8 7 7 9 10 11 11 11 11 131071
4 8 7 7 9 11 11 11 11 11 131071
4 8 7 7 10 10 10 10 10 10 32767
4 8 7 7 10 10 10 10 10 11 131071
4 8 7 7 10 10 10 10 11 11 131071
4 8 7 7 10 10 10 11 11 11 131071
4 8 7 7 10 10 11 11 11 11 131071
4 8 7 7 10 11 11 11 11 11 131071
4 8 7 7 11 11 11 11 11 11 524287
4 8 7 9 9 9 9 9 9 9 65535
4 8 7 9 9 9 9 9 9 10 65535
4 8 7 9 9 9 9 9 9 11 65535
4 8 7 9 9 9 9 9 10 10 65535
4 8 7 9 9 9 9 9 10 11 65535
4 8 7 9 9 9 9 9 11 11 65535
4 8 7 9 9 9 9 10 10 10 65535
4 8 7 9 9 9 9 10 10 11 65535
4 8 7 9 9 9 9 10 11 11 65535
4 8 7 9 9 9 9 11 11 11 262143
4 8 7 9 9 9 10 10 10 10 65535
4 8 7 9 9 9 10 10 10 11 65535
4 8 7 9 9 9 10 10 11 11 65535
4 8 7 9 9 9 10 11 11 11 262143
4 8 7 9 9 9 11 11 11 11 262143
4 8 7 9 9 10 10 10 10 10 65535
4 8 7 9 9 10 10 10 10 11 65535
4 8 7 9 9 10 10 10 11 11 65535
4 8 7 9 9 10 10 11 11 11 262143
4 8 7 9 9 10 11 11 11 11 262143
4 8 7 9 9 11 11 11 11 11 262143
4 8 7 9 10 10 10 10 10 10 65535
4 8 7 9 10 10 10 10 10 11 65535
4 8 7 9 10 10 10 10 11 11 65535
4 8 7 9 10 10 10 11 11 11 262143
4 8 7 9 10 10 11 11 11 11 262143
4 8 7 9 10 11 11 11 11 11 262143
4 8 7 9 11 11 11 11 11 11 262143
4 8 7 10 10 10 10 10 10 10 65535
4 8 7 10 10 10 10 10 10 11 65535
4 8 7 10 10 10 10 10 11 11 262143
4 8 7 10 10 10 10 11 11 11 262143
4 8 7 10 10 10 11 11 11 11 262143
4 8 7 10 10 11 11 11 11 11 262143
4 8 7 10 11 11 11 11 11 11 262143
4 8 7 11 11 11 11 11 11 11 1048575
4 8 9 9 9 9 9 9 9 9 131071
4 8 9 9 9 9 9 9 9 10 131071
4 8 9 9 9 9 9 9 9 11 131071
4 8 9 9 9 9 9 9 10 10 131071
4 8 9 9 9 9 9 9 10 11 131071
4 8 9 9 9 9 9 9 11 11 131071
4 8 9 9 9 9 9 10 10 10 131071
4 8 9 9 9 9 9 10 10 11 131071
4 8 9 9 9 9 9 10 11 11 131071
4 8 9 9 9 9 9 11 11 11 131071
4 8 9 9 9 9 10 10 10 10 131071
4 8 9 9 9 9 10 10 10 11 131071
4 8 9 9 9 9 10 10 11 11 131071
4 8 9 9 9 9 10 11 11 11 131071
4 8 9 9 9 9 11 11 11 11 524287
4 8 9 9 9 10 10 10 10 10 131071
4 8 9 9 9 10 10 10 10 11 131071
4 8 9 9 9 10 10 10 11 11 131071
4 8 9 9 9 10 10 11 11 11 131071
4 8 9 9 9 10 11 11 11 11 524287
4 8 9 9 9 11 11 11 11 11 524287
4 8 9 9 10 10 10 10 10 10 131071
4 8 9 9 10 10 10 10 10 11 131071
4 8 9 9 10 10 10 10 11 11 131071
4 8 9 9 10 10 10 11 11 11 131071
4 8 9 9 10 10 11 11 11 11 524287
4 8 9 9 10 11 11 11 11 11 524287
4 8 9 9 11 11 11 11 11 11 524287
4 8 9 10 10 10 10 10 10 10 131071
4 8 9 10 10 10 10 10 10 11 131071
4 8 9 10 10 10 10 10 11 11 131071
4 8 9 10 10 10 10 11 11 11 131071
4 8 9 10 10 10 11 11 11 11 524287
4 8 9 10 10 11 11 11 11 11 524287
4 8 9 10 11 11 11 11 11 11 524287
4 8 9 11 11 11 11 11 11 11 524287
4 8 10 10 10 10 10 10 10 10 131071
4 8 10 10 10 10 10 10 10 11 131071
4 8 10 10 10 10 10 10 11 11 131071
4 8 10 10 10 10 10 11 11 11 524287
4 8 10 10 10 10 11 11 11 11 524287
4 8 10 10 10 11 11 11 11 11 524287
4 8 10 10 11 11 11 11 11 11 524287
4 8 10 11 11 11 11 11 11 11 524287
4 8 11 11 11 11 11 11 11 11 2097151
