source,event_id,event,category,stage,stage_type,round,time,p1,p2,s1,s2,winner,valid
battlefy,5eb436f5e5a1f26565cc3a34,Operation: Kards,open_special,Day I Swiss,swiss,1,2020-05-23T15:26:26Z,bf:5ec4df5bde56fb470634c5fa,bf:5eb65df574f31a11dd226b38,0,2,2,1
battlefy,5eb436f5e5a1f26565cc3a34,Operation: Kards,open_special,Day I Swiss,swiss,1,2020-05-23T15:27:45Z,bf:5ebc5c7aec210a06ae04d4d4,bf:5ebe821bdc25e53f4d8c7446,2,0,1,1
battlefy,5eb436f5e5a1f26565cc3a34,Operation: Kards,open_special,Day I Swiss,swiss,1,2020-05-23T15:31:17Z,bf:5eb708950fe915528f90abfd,bf:5ec7d675f5d9bf6412138238,1,2,2,1
battlefy,5eb436f5e5a1f26565cc3a34,Operation: Kards,open_special,Day I Swiss,swiss,1,2020-05-23T15:35:31Z,bf:5eb583d54a8bea0acd7ea437,bf:5eb6495f5d6f1b5d1c5d7d95,0,2,2,1
battlefy,5eb436f5e5a1f26565cc3a34,Operation: Kards,open_special,Day I Swiss,swiss,1,2020-05-23T15:40:04Z,bf:5d0fba42acc6ed329c51837f,bf:5eb664dbaefaaf170fa246f1,0,2,2,1
battlefy,5eb436f5e5a1f26565cc3a34,Operation: Kards,open_special,Day I Swiss,swiss,1,2020-05-23T15:40:24Z,bf:544fd1e1a3aee26f0b100edb,bf:5eb57d1601b7fd0fe0488f0f,1,2,2,1
battlefy,5eb436f5e5a1f26565cc3a34,Operation: Kards,open_special,Day I Swiss,swiss,1,2020-05-23T15:46:03Z,bf:5ec442d3b2f357511fcbf34a,bf:5ebd9402b92b28521a098ec8,1,2,2,1
battlefy,5eb436f5e5a1f26565cc3a34,Operation: Kards,open_special,Day I Swiss,swiss,1,2020-05-23T15:50:08Z,bf:5ec021ae0f25781e0b5f5f43,bf:5ebea2fd1eafc755976c161a,0,2,2,1
battlefy,5eb436f5e5a1f26565cc3a34,Operation: Kards,open_special,Day I Swiss,swiss,1,2020-05-23T15:51:47Z,bf:5eb7670e5e789b4b50a06de2,bf:5ec2acf9a7330d091e79291a,0,2,2,1
battlefy,5eb436f5e5a1f26565cc3a34,Operation: Kards,open_special,Day I Swiss,swiss,1,2020-05-23T15:53:11Z,bf:5ec3fe380be5fa28e9946104,bf:57a1697c8c3386280ca04b34,0,2,2,1
battlefy,5eb436f5e5a1f26565cc3a34,Operation: Kards,open_special,Day I Swiss,swiss,1,2020-05-23T16:23:58Z,bf:5ec14e2baf9b8d5641b7a639,bf:5ec2c1da0a4e405c2332e640,2,1,1,1
battlefy,5eb436f5e5a1f26565cc3a34,Operation: Kards,open_special,Day I Swiss,swiss,2,2020-05-23T16:35:50Z,bf:5ec4df5bde56fb470634c5fa,bf:5eb7670e5e789b4b50a06de2,0,2,2,1
battlefy,5eb436f5e5a1f26565cc3a34,Operation: Kards,open_special,Day I Swiss,swiss,2,2020-05-23T16:42:28Z,bf:5eb708950fe915528f90abfd,bf:5ec3fe380be5fa28e9946104,2,0,1,0
battlefy,5eb436f5e5a1f26565cc3a34,Operation: Kards,open_special,Day I Swiss,swiss,2,2020-05-23T16:45:55Z,bf:5eb664dbaefaaf170fa246f1,bf:5eb65df574f31a11dd226b38,0,2,2,1
battlefy,5eb436f5e5a1f26565cc3a34,Operation: Kards,open_special,Day I Swiss,swiss,2,2020-05-23T16:49:31Z,bf:5ebc5c7aec210a06ae04d4d4,bf:5eb57d1601b7fd0fe0488f0f,0,2,2,1
battlefy,5eb436f5e5a1f26565cc3a34,Operation: Kards,open_special,Day I Swiss,swiss,2,2020-05-23T17:01:13Z,bf:5d0fba42acc6ed329c51837f,bf:5ebe821bdc25e53f4d8c7446,1,2,2,1
battlefy,5eb436f5e5a1f26565cc3a34,Operation: Kards,open_special,Day I Swiss,swiss,2,2020-05-23T17:02:40Z,bf:5ebea2fd1eafc755976c161a,bf:5ec14e2baf9b8d5641b7a639,2,0,1,1
battlefy,5eb436f5e5a1f26565cc3a34,Operation: Kards,open_special,Day I Swiss,swiss,2,2020-05-23T17:04:25Z,bf:5eb6495f5d6f1b5d1c5d7d95,bf:5ebd9402b92b28521a098ec8,1,2,2,1
battlefy,5eb436f5e5a1f26565cc3a34,Operation: Kards,open_special,Day I Swiss,swiss,2,2020-05-23T17:10:16Z,bf:5ec7d675f5d9bf6412138238,bf:5ec2a6dafd8a561535cde2a5,0,2,2,1
battlefy,5eb436f5e5a1f26565cc3a34,Operation: Kards,open_special,Day I Swiss,swiss,2,2020-05-23T17:10:27Z,bf:544fd1e1a3aee26f0b100edb,bf:5ec2c1da0a4e405c2332e640,2,1,1,1
battlefy,5eb436f5e5a1f26565cc3a34,Operation: Kards,open_special,Day I Swiss,swiss,2,2020-05-23T17:18:00Z,bf:57a1697c8c3386280ca04b34,bf:5ec2acf9a7330d091e79291a,2,1,1,1
battlefy,5eb436f5e5a1f26565cc3a34,Operation: Kards,open_special,Day I Swiss,swiss,2,2020-05-23T17:29:35Z,bf:5ec021ae0f25781e0b5f5f43,bf:5ec442d3b2f357511fcbf34a,0,2,2,1
battlefy,5eb436f5e5a1f26565cc3a34,Operation: Kards,open_special,Day I Swiss,swiss,3,2020-05-23T17:45:28Z,bf:5eb708950fe915528f90abfd,bf:5eb583d54a8bea0acd7ea437,2,0,1,1
battlefy,5eb436f5e5a1f26565cc3a34,Operation: Kards,open_special,Day I Swiss,swiss,3,2020-05-23T17:53:02Z,bf:57a1697c8c3386280ca04b34,bf:5eb65df574f31a11dd226b38,0,2,2,1
battlefy,5eb436f5e5a1f26565cc3a34,Operation: Kards,open_special,Day I Swiss,swiss,3,2020-05-23T17:55:05Z,bf:5d0fba42acc6ed329c51837f,bf:5ec2c1da0a4e405c2332e640,0,2,2,1
battlefy,5eb436f5e5a1f26565cc3a34,Operation: Kards,open_special,Day I Swiss,swiss,3,2020-05-23T17:57:54Z,bf:5eb57d1601b7fd0fe0488f0f,bf:5ebd9402b92b28521a098ec8,1,2,2,1
battlefy,5eb436f5e5a1f26565cc3a34,Operation: Kards,open_special,Day I Swiss,swiss,3,2020-05-23T18:02:57Z,bf:5eb664dbaefaaf170fa246f1,bf:5ec2acf9a7330d091e79291a,0,2,2,1
battlefy,5eb436f5e5a1f26565cc3a34,Operation: Kards,open_special,Day I Swiss,swiss,3,2020-05-23T18:02:59Z,bf:5ec2a6dafd8a561535cde2a5,bf:5ebea2fd1eafc755976c161a,0,2,2,1
battlefy,5eb436f5e5a1f26565cc3a34,Operation: Kards,open_special,Day I Swiss,swiss,3,2020-05-23T18:07:29Z,bf:5ebe821bdc25e53f4d8c7446,bf:5eb7670e5e789b4b50a06de2,0,2,2,1
battlefy,5eb436f5e5a1f26565cc3a34,Operation: Kards,open_special,Day I Swiss,swiss,3,2020-05-23T18:10:51Z,bf:5ec14e2baf9b8d5641b7a639,bf:5ec442d3b2f357511fcbf34a,0,2,2,1
battlefy,5eb436f5e5a1f26565cc3a34,Operation: Kards,open_special,Day I Swiss,swiss,3,2020-05-23T18:15:33Z,bf:544fd1e1a3aee26f0b100edb,bf:5eb6495f5d6f1b5d1c5d7d95,2,1,1,1
battlefy,5eb436f5e5a1f26565cc3a34,Operation: Kards,open_special,Day I Swiss,swiss,3,2020-05-23T18:17:36Z,bf:5ec7d675f5d9bf6412138238,bf:5ebc5c7aec210a06ae04d4d4,1,2,2,1
battlefy,5eb436f5e5a1f26565cc3a34,Operation: Kards,open_special,Day I Swiss,swiss,3,2020-05-23T18:25:46Z,bf:5ec4df5bde56fb470634c5fa,bf:5ec021ae0f25781e0b5f5f43,0,2,2,0
battlefy,5eb436f5e5a1f26565cc3a34,Operation: Kards,open_special,Day I Swiss,swiss,4,2020-05-23T18:37:26Z,bf:5eb664dbaefaaf170fa246f1,bf:5ebe821bdc25e53f4d8c7446,2,0,1,1
battlefy,5eb436f5e5a1f26565cc3a34,Operation: Kards,open_special,Day I Swiss,swiss,4,2020-05-23T18:39:35Z,bf:5ec021ae0f25781e0b5f5f43,bf:5ec7d675f5d9bf6412138238,0,2,2,0
battlefy,5eb436f5e5a1f26565cc3a34,Operation: Kards,open_special,Day I Swiss,swiss,4,2020-05-23T18:50:43Z,bf:5ec442d3b2f357511fcbf34a,bf:5eb708950fe915528f90abfd,2,1,1,1
battlefy,5eb436f5e5a1f26565cc3a34,Operation: Kards,open_special,Day I Swiss,swiss,4,2020-05-23T18:53:04Z,bf:57a1697c8c3386280ca04b34,bf:5eb57d1601b7fd0fe0488f0f,2,0,1,1
battlefy,5eb436f5e5a1f26565cc3a34,Operation: Kards,open_special,Day I Swiss,swiss,4,2020-05-23T18:53:09Z,bf:5ec2a6dafd8a561535cde2a5,bf:5ebc5c7aec210a06ae04d4d4,0,2,2,1
battlefy,5eb436f5e5a1f26565cc3a34,Operation: Kards,open_special,Day I Swiss,swiss,4,2020-05-23T18:56:07Z,bf:5eb583d54a8bea0acd7ea437,bf:5ec2c1da0a4e405c2332e640,0,2,2,0
battlefy,5eb436f5e5a1f26565cc3a34,Operation: Kards,open_special,Day I Swiss,swiss,4,2020-05-23T18:57:05Z,bf:5ebd9402b92b28521a098ec8,bf:5eb7670e5e789b4b50a06de2,2,0,1,1
battlefy,5eb436f5e5a1f26565cc3a34,Operation: Kards,open_special,Day I Swiss,swiss,4,2020-05-23T18:58:28Z,bf:5ec2acf9a7330d091e79291a,bf:544fd1e1a3aee26f0b100edb,1,2,2,1
battlefy,5eb436f5e5a1f26565cc3a34,Operation: Kards,open_special,Day I Swiss,swiss,4,2020-05-23T19:09:22Z,bf:5eb6495f5d6f1b5d1c5d7d95,bf:5ec14e2baf9b8d5641b7a639,1,2,2,1
battlefy,5eb436f5e5a1f26565cc3a34,Operation: Kards,open_special,Day I Swiss,swiss,4,2020-05-23T19:12:30Z,bf:5eb65df574f31a11dd226b38,bf:5ebea2fd1eafc755976c161a,2,1,1,1
battlefy,5eb436f5e5a1f26565cc3a34,Operation: Kards,open_special,Day I Swiss,swiss,5,2020-05-23T19:33:28Z,bf:5eb6495f5d6f1b5d1c5d7d95,bf:5ebe821bdc25e53f4d8c7446,2,0,1,1
battlefy,5eb436f5e5a1f26565cc3a34,Operation: Kards,open_special,Day I Swiss,swiss,5,2020-05-23T19:42:29Z,bf:57a1697c8c3386280ca04b34,bf:5ebc5c7aec210a06ae04d4d4,0,2,2,1
battlefy,5eb436f5e5a1f26565cc3a34,Operation: Kards,open_special,Day I Swiss,swiss,5,2020-05-23T19:43:44Z,bf:5ec2c1da0a4e405c2332e640,bf:5ec2acf9a7330d091e79291a,2,0,1,1
battlefy,5eb436f5e5a1f26565cc3a34,Operation: Kards,open_special,Day I Swiss,swiss,5,2020-05-23T19:48:58Z,bf:5eb664dbaefaaf170fa246f1,bf:5ec7d675f5d9bf6412138238,0,2,2,1
battlefy,5eb436f5e5a1f26565cc3a34,Operation: Kards,open_special,Day I Swiss,swiss,5,2020-05-23T19:50:02Z,bf:5ec442d3b2f357511fcbf34a,bf:5ec2a6dafd8a561535cde2a5,2,0,1,1
battlefy,5eb436f5e5a1f26565cc3a34,Operation: Kards,open_special,Day I Swiss,swiss,5,2020-05-23T19:50:23Z,bf:5ebd9402b92b28521a098ec8,bf:5eb65df574f31a11dd226b38,0,2,2,1
battlefy,5eb436f5e5a1f26565cc3a34,Operation: Kards,open_special,Day I Swiss,swiss,5,2020-05-23T19:53:59Z,bf:5eb7670e5e789b4b50a06de2,bf:5eb708950fe915528f90abfd,1,2,2,1
battlefy,5eb436f5e5a1f26565cc3a34,Operation: Kards,open_special,Day I Swiss,swiss,5,2020-05-23T20:09:19Z,bf:544fd1e1a3aee26f0b100edb,bf:5ebea2fd1eafc755976c161a,1,2,2,1
battlefy,5eb436f5e5a1f26565cc3a34,Operation: Kards,open_special,Day I Swiss,swiss,5,2020-05-23T20:21:22Z,bf:5eb57d1601b7fd0fe0488f0f,bf:5ec14e2baf9b8d5641b7a639,1,2,2,1
battlefy,5f075bdef33af239e99e0d80,Kards Open,open,Swiss Bracket - Day I & II,swiss,1,2020-07-25T15:19:06Z,bf:5f11ff268b375222593350d0,bf:5f13952ceea71b24bc312529,2,0,1,1
battlefy,5f075bdef33af239e99e0d80,Kards Open,open,Swiss Bracket - Day I & II,swiss,1,2020-07-25T15:19:31Z,bf:5f140c57341d821185ca56df,bf:5f17d573bcbe32117ff6fd03,2,0,1,1
battlefy,5f075bdef33af239e99e0d80,Kards Open,open,Swiss Bracket - Day I & II,swiss,1,2020-07-25T15:21:47Z,bf:5f11e67d85fecb25631448a0,bf:5f0dc882f26046593189ba9f,2,0,1,1
battlefy,5f075bdef33af239e99e0d80,Kards Open,open,Swiss Bracket - Day I & II,swiss,1,2020-07-25T15:27:20Z,bf:5eb708950fe915528f90abfd,bf:596dd6d3014e6b033a8a1275,0,2,2,1
battlefy,5f075bdef33af239e99e0d80,Kards Open,open,Swiss Bracket - Day I & II,swiss,1,2020-07-25T15:29:24Z,bf:5f12c35f8b375222593364f0,bf:5f0f22cb85aa4e37e9115bb4,2,0,1,1
battlefy,5f075bdef33af239e99e0d80,Kards Open,open,Swiss Bracket - Day I & II,swiss,1,2020-07-25T15:31:35Z,bf:5b38c676cbd82c03a4f28e8f,bf:5f0cf3becbf20c490eb4fa7d,2,0,1,1
battlefy,5f075bdef33af239e99e0d80,Kards Open,open,Swiss Bracket - Day I & II,swiss,1,2020-07-25T15:32:21Z,bf:5ec2f8632e7fb7357e7c8077,bf:5f0df9d07c4df3491abfc797,2,0,1,1
battlefy,5f075bdef33af239e99e0d80,Kards Open,open,Swiss Bracket - Day I & II,swiss,1,2020-07-25T15:33:23Z,bf:5ebea8a9bfed616b75962b6a,bf:5eb65df574f31a11dd226b38,0,2,2,1
battlefy,5f075bdef33af239e99e0d80,Kards Open,open,Swiss Bracket - Day I & II,swiss,1,2020-07-25T15:34:30Z,bf:5f12771889520148edf780af,bf:57a1697c8c3386280ca04b34,1,2,2,1
battlefy,5f075bdef33af239e99e0d80,Kards Open,open,Swiss Bracket - Day I & II,swiss,1,2020-07-25T15:34:33Z,bf:5f15a9d0cfac0e373c616a81,bf:57b5a7ffabd8181c0cfdf304,0,2,2,1
battlefy,5f075bdef33af239e99e0d80,Kards Open,open,Swiss Bracket - Day I & II,swiss,1,2020-07-25T15:34:50Z,bf:5f156d9fb4738624c42798e8,bf:5784f8bcf26da72d0cd20f65,0,2,2,1
battlefy,5f075bdef33af239e99e0d80,Kards Open,open,Swiss Bracket - Day I & II,swiss,1,2020-07-25T15:35:47Z,bf:5f145d63b4738624c4278122,bf:5ec44a4894993372f10699b1,2,0,1,1
battlefy,5f075bdef33af239e99e0d80,Kards Open,open,Swiss Bracket - Day I & II,swiss,1,2020-07-25T15:36:07Z,bf:5f0d81380ffa0b49d9f58c5c,bf:5f1a8cc8b4738624c42817ef,2,0,1,1
battlefy,5f075bdef33af239e99e0d80,Kards Open,open,Swiss Bracket - Day I & II,swiss,1,2020-07-25T15:36:09Z,bf:5f193071cfac0e373c61a11b,bf:5ec99a6d5cb5d5345c7fdf7c,0,2,2,1
battlefy,5f075bdef33af239e99e0d80,Kards Open,open,Swiss Bracket - Day I & II,swiss,1,2020-07-25T15:36:55Z,bf:5f140ea9b4738624c4277d71,bf:56bf93a68b6bc7030304a789,1,2,2,1
battlefy,5f075bdef33af239e99e0d80,Kards Open,open,Swiss Bracket - Day I & II,swiss,1,2020-07-25T15:38:37Z,bf:5f0d9e4785aa4e37e911463c,bf:5f11ff2ec08d9224ce511d19,1,2,2,1
battlefy,5f075bdef33af239e99e0d80,Kards Open,open,Swiss Bracket - Day I & II,swiss,1,2020-07-25T15:38:47Z,bf:5eb598330abb797ad38acaee,bf:5f121b05d04bae257fc1a263,2,0,1,1
battlefy,5f075bdef33af239e99e0d80,Kards Open,open,Swiss Bracket - Day I & II,swiss,1,2020-07-25T15:39:36Z,bf:5f0e1a20c47339351f7f7b34,bf:5f1240f24a28711494f1b3aa,2,0,1,1
battlefy,5f075bdef33af239e99e0d80,Kards Open,open,Swiss Bracket - Day I & II,swiss,1,2020-07-25T15:39:40Z,bf:572751089b61d587125da415,bf:5f0cd40c3087a65e039603f4,2,0,1,1
battlefy,5f075bdef33af239e99e0d80,Kards Open,open,Swiss Bracket - Day I & II,swiss,1,2020-07-25T15:39:57Z,bf:5f140b7f1c8cdf16056f833c,bf:5f11ffc4eac9482569fb4f49,2,0,1,1
battlefy,5f075bdef33af239e99e0d80,Kards Open,open,Swiss Bracket - Day I & II,swiss,1,2020-07-25T15:40:06Z,bf:5e9cf8ff72e2961f747c7978,bf:5f140d9bbcbe32117ff6b7e7,2,0,1,1
battlefy,5f075bdef33af239e99e0d80,Kards Open,open,Swiss Bracket - Day I & II,swiss,1,2020-07-25T15:41:31Z,bf:5f1539bacfac0e373c6166ce,bf:5c834379fdf5df032965d470,0,2,2,1
battlefy,5f075bdef33af239e99e0d80,Kards Open,open,Swiss Bracket - Day I & II,swiss,1,2020-07-25T15:41:56Z,bf:5f1220b9b4738624c4273900,bf:5f10783cc08d9224ce50f95f,2,1,1,1
battlefy,5f075bdef33af239e99e0d80,Kards Open,open,Swiss Bracket - Day I & II,swiss,1,2020-07-25T15:41:57Z,bf:5eb572f0a795290866140381,bf:5f1520542cba8f11c2a44c16,2,1,1,1
battlefy,5f075bdef33af239e99e0d80,Kards Open,open,Swiss Bracket - Day I & II,swiss,1,2020-07-25T15:42:25Z,bf:5f103df2eac9482569fb2922,bf:5f0de85b7c5e104738aeb5a8,1,2,2,1
battlefy,5f075bdef33af239e99e0d80,Kards Open,open,Swiss Bracket - Day I & II,swiss,1,2020-07-25T15:43:35Z,bf:5f17ef0fcfac0e373c6190c4,bf:5f0f2f19ef3ab65b96797ada,0,2,2,1
battlefy,5f075bdef33af239e99e0d80,Kards Open,open,Swiss Bracket - Day I & II,swiss,1,2020-07-25T15:44:34Z,bf:564e7b5b80b8db4a00c4ff9c,bf:5f13328d77697711a235a704,2,1,1,1
battlefy,5f075bdef33af239e99e0d80,Kards Open,open,Swiss Bracket - Day I & II,swiss,1,2020-07-25T15:45:14Z,bf:5f12f0881c8cdf16056f6224,bf:56ed79634fdf9b7e1224dddc,1,2,2,1
battlefy,5f075bdef33af239e99e0d80,Kards Open,open,Swiss Bracket - Day I & II,swiss,1,2020-07-25T15:45:51Z,bf:59b91e3e40985d034416fd27,bf:5f19119cb4738624c427e33c,1,2,2,1
battlefy,5f075bdef33af239e99e0d80,Kards Open,open,Swiss Bracket - Day I & II,swiss,1,2020-07-25T15:46:03Z,bf:5f12273babfcb016362ad1d0,bf:5f112ee3eac9482569fb3ee6,0,2,2,1
battlefy,5f075bdef33af239e99e0d80,Kards Open,open,Swiss Bracket - Day I & II,swiss,1,2020-07-25T15:47:45Z,bf:5f12f0c3abfcb016362ae526,bf:5f148273cd3934118e03b196,0,2,2,1
battlefy,5f075bdef33af239e99e0d80,Kards Open,open,Swiss Bracket - Day I & II,swiss,1,2020-07-25T15:47:55Z,bf:5f1660782cba8f11c2a45e9c,bf:5ee6c5f92764fc7a784c6f9e,2,0,1,1
battlefy,5f075bdef33af239e99e0d80,Kards Open,open,Swiss Bracket - Day I & II,swiss,1,2020-07-25T15:48:07Z,bf:5ebd8cafb3bec004beff6eff,bf:5f1bad8bb4738624c4283cf6,2,0,1,1
battlefy,5f075bdef33af239e99e0d80,Kards Open,open,Swiss Bracket - Day I & II,swiss,1,2020-07-25T15:50:39Z,bf:5f1b48d1abfcb016362ba48e,bf:5f1086f1160c3f2239e9225b,2,0,1,1
battlefy,5f075bdef33af239e99e0d80,Kards Open,open,Swiss Bracket - Day I & II,swiss,1,2020-07-25T15:50:40Z,bf:5f0db8236f4cd1393325784f,bf:5f0dfb2c7c4df3491abfc7a6,1,2,2,1
battlefy,5f075bdef33af239e99e0d80,Kards Open,open,Swiss Bracket - Day I & II,swiss,1,2020-07-25T15:52:00Z,bf:5f0e76497c4df3491abfd06c,bf:5f12bb564a28711494f1bd8d,2,1,1,1
battlefy,5f075bdef33af239e99e0d80,Kards Open,open,Swiss Bracket - Day I & II,swiss,1,2020-07-25T15:52:13Z,bf:5ebea2fd1eafc755976c161a,bf:5f13f8f0381ccb11abfed78c,2,1,1,1
battlefy,5f075bdef33af239e99e0d80,Kards Open,open,Swiss Bracket - Day I & II,swiss,1,2020-07-25T15:53:16Z,bf:5f0e37b37c5e104738aebbe3,bf:5f0df84e824086475be264b7,1,2,2,1
battlefy,5f075bdef33af239e99e0d80,Kards Open,open,Swiss Bracket - Day I & II,swiss,1,2020-07-25T15:53:23Z,bf:5f1b9f20a73922196c802448,bf:5eb7670e5e789b4b50a06de2,0,2,2,1
battlefy,5f075bdef33af239e99e0d80,Kards Open,open,Swiss Bracket - Day I & II,swiss,1,2020-07-25T15:54:00Z,bf:5f14582a341d821185ca59e8,bf:5f11d247160c3f2239e940a4,0,2,2,1
battlefy,5f075bdef33af239e99e0d80,Kards Open,open,Swiss Bracket - Day I & II,swiss,1,2020-07-25T15:57:33Z,bf:5f1566b0341d821185ca734b,bf:5f0fb7319d4b3024dce6f17b,2,0,1,1
battlefy,5f075bdef33af239e99e0d80,Kards Open,open,Swiss Bracket - Day I & II,swiss,1,2020-07-25T15:58:24Z,bf:5f11ff59eea71b24bc30ee0c,bf:5f1281edb4738624c42745af,2,0,1,1
battlefy,5f075bdef33af239e99e0d80,Kards Open,open,Swiss Bracket - Day I & II,swiss,1,2020-07-25T16:01:10Z,bf:5f10825feac9482569fb2e81,bf:5f14e99eea159211b4c99eab,2,1,1,1
battlefy,5f075bdef33af239e99e0d80,Kards Open,open,Swiss Bracket - Day I & II,swiss,1,2020-07-25T16:03:51Z,bf:5f153751eea71b24bc31458b,bf:5a4d98c332953903641106de,0,2,2,1
battlefy,5f075bdef33af239e99e0d80,Kards Open,open,Swiss Bracket - Day I & II,swiss,1,2020-07-25T16:05:59Z,bf:5ebc5c7aec210a06ae04d4d4,bf:5f15827677697711a235e95c,2,1,1,1
battlefy,5f075bdef33af239e99e0d80,Kards Open,open,Swiss Bracket - Day I & II,swiss,1,2020-07-25T16:07:35Z,bf:5f102c329d4b3024dce6f5dd,bf:5f11ef33160c3f2239e942b2,2,1,1,1
battlefy,5f075bdef33af239e99e0d80,Kards Open,open,Swiss Bracket - Day I & II,swiss,1,2020-07-25T16:12:43Z,bf:5931f755f2d1a503331ea51d,bf:5f1b1546b4738624c4282183,2,1,1,1
battlefy,5f075bdef33af239e99e0d80,Kards Open,open,Swiss Bracket - Day I & II,swiss,1,2020-07-25T16:16:58Z,bf:5ad6b5686a20dd03885fa1d1,bf:5f0cbd1969a363414a64af57,1,2,2,1
battlefy,5f075bdef33af239e99e0d80,Kards Open,open,Swiss Bracket - Day I & II,swiss,1,2020-07-25T16:18:18Z,bf:5f130139f7c29f223fd64290,bf:5f11e4c6160c3f2239e941f5,2,1,1,1
battlefy,5f075bdef33af239e99e0d80,Kards Open,open,Swiss Bracket - Day I & II,swiss,1,2020-07-25T16:33:57Z,bf:5f13fc452cba8f11c2a4298c,bf:5f12da838b375222593365f7,2,0,1,1
battlefy,5f075bdef33af239e99e0d80,Kards Open,open,Swiss Bracket - Day I & II,swiss,1,2020-07-25T16:39:53Z,bf:5f1b3f1b08ac6c1dd4d6bb23,bf:5f1229f9cf4549174336fefe,2,0,1,1
battlefy,5f075bdef33af239e99e0d80,Kards Open,open,Swiss Bracket - Day I & II,swiss,2,2020-07-25T16:51:25Z,bf:5f11ef33160c3f2239e942b2,bf:5f12f0881c8cdf16056f6224,2,0,1,1
battlefy,5f075bdef33af239e99e0d80,Kards Open,open,Swiss Bracket - Day I & II,swiss,2,2020-07-25T16:51:26Z,bf:5ee6c5f92764fc7a784c6f9e,bf:5f140d9bbcbe32117ff6b7e7,2,0,1,1
battlefy,5f075bdef33af239e99e0d80,Kards Open,open,Swiss Bracket - Day I & II,swiss,2,2020-07-25T16:51:48Z,bf:59b91e3e40985d034416fd27,bf:5f0d9e4785aa4e37e911463c,2,0,1,1
battlefy,5f075bdef33af239e99e0d80,Kards Open,open,Swiss Bracket - Day I & II,swiss,2,2020-07-25T16:51:55Z,bf:5f0df9d07c4df3491abfc797,bf:5f0e37b37c5e104738aebbe3,0,2,2,1
battlefy,5f075bdef33af239e99e0d80,Kards Open,open,Swiss Bracket - Day I & II,swiss,2,2020-07-25T16:51:59Z,bf:5f13328d77697711a235a704,bf:5f12da838b375222593365f7,2,0,1,1
battlefy,5f075bdef33af239e99e0d80,Kards Open,open,Swiss Bracket - Day I & II,swiss,2,2020-07-25T16:52:38Z,bf:5784f8bcf26da72d0cd20f65,bf:5f1566b0341d821185ca734b,2,0,1,1
battlefy,5f075bdef33af239e99e0d80,Kards Open,open,Swiss Bracket - Day I & II,swiss,2,2020-07-25T16:53:16Z,bf:5f0fb7319d4b3024dce6f17b,bf:5f1281edb4738624c42745af,2,0,1,1
battlefy,5f075bdef33af239e99e0d80,Kards Open,open,Swiss Bracket - Day I & II,swiss,2,2020-07-25T16:55:49Z,bf:5f148273cd3934118e03b196,bf:596dd6d3014e6b033a8a1275,0,2,2,1
battlefy,5f075bdef33af239e99e0d80,Kards Open,open,Swiss Bracket - Day I & II,swiss,2,2020-07-25T16:56:32Z,bf:572751089b61d587125da415,bf:5f0e1a20c47339351f7f7b34,2,0,1,1
battlefy,5f075bdef33af239e99e0d80,Kards Open,open,Swiss Bracket - Day I & II,swiss,2,2020-07-25T16:57:12Z,bf:5eb708950fe915528f90abfd,bf:5f193071cfac0e373c61a11b,0,2,2,1
battlefy,5f075bdef33af239e99e0d80,Kards Open,open,Swiss Bracket - Day I & II,swiss,2,2020-07-25T16:57:41Z,bf:5f0de85b7c5e104738aeb5a8,bf:5ec2f8632e7fb7357e7c8077,0,2,2,1
battlefy,5f075bdef33af239e99e0d80,Kards Open,open,Swiss Bracket - Day I & II,swiss,2,2020-07-25T16:58:52Z,bf:5f11e67d85fecb25631448a0,bf:5f1660782cba8f11c2a45e9c,2,0,1,1
battlefy,5f075bdef33af239e99e0d80,Kards Open,open,Swiss Bracket - Day I & II,swiss,2,2020-07-25T16:59:36Z,bf:5f12771889520148edf780af,bf:5f103df2eac9482569fb2922,2,0,1,1
battlefy,5f075bdef33af239e99e0d80,Kards Open,open,Swiss Bracket - Day I & II,swiss,2,2020-07-25T17:02:01Z,bf:5f102c329d4b3024dce6f5dd,bf:5f145d63b4738624c4278122,0,2,2,1
battlefy,5f075bdef33af239e99e0d80,Kards Open,open,Swiss Bracket - Day I & II,swiss,2,2020-07-25T17:02:44Z,bf:57b5a7ffabd8181c0cfdf304,bf:5b38c676cbd82c03a4f28e8f,0,2,2,1
battlefy,5f075bdef33af239e99e0d80,Kards Open,open,Swiss Bracket - Day I & II,swiss,2,2020-07-25T17:03:28Z,bf:5931f755f2d1a503331ea51d,bf:5ebea2fd1eafc755976c161a,0,2,2,1
battlefy,5f075bdef33af239e99e0d80,Kards Open,open,Swiss Bracket - Day I & II,swiss,2,2020-07-25T17:04:49Z,bf:5f11ff268b375222593350d0,bf:5f1b3f1b08ac6c1dd4d6bb23,0,2,2,1
battlefy,5f075bdef33af239e99e0d80,Kards Open,open,Swiss Bracket - Day I & II,swiss,2,2020-07-25T17:06:04Z,bf:5f0d81380ffa0b49d9f58c5c,bf:5ebc5c7aec210a06ae04d4d4,2,0,1,1
battlefy,5f075bdef33af239e99e0d80,Kards Open,open,Swiss Bracket - Day I & II,swiss,2,2020-07-25T17:06:09Z,bf:5f11ff2ec08d9224ce511d19,bf:5eb7670e5e789b4b50a06de2,0,2,2,1
battlefy,5f075bdef33af239e99e0d80,Kards Open,open,Swiss Bracket - Day I & II,swiss,2,2020-07-25T17:06:40Z,bf:56bf93a68b6bc7030304a789,bf:57a1697c8c3386280ca04b34,0,2,2,1
battlefy,5f075bdef33af239e99e0d80,Kards Open,open,Swiss Bracket - Day I & II,swiss,2,2020-07-25T17:06:50Z,bf:5f14e99eea159211b4c99eab,bf:5f0db8236f4cd1393325784f,0,2,2,1
battlefy,5f075bdef33af239e99e0d80,Kards Open,open,Swiss Bracket - Day I & II,swiss,2,2020-07-25T17:07:20Z,bf:5e9cf8ff72e2961f747c7978,bf:5ec99a6d5cb5d5345c7fdf7c,0,2,2,1
battlefy,5f075bdef33af239e99e0d80,Kards Open,open,Swiss Bracket - Day I & II,swiss,2,2020-07-25T17:07:27Z,bf:5eb65df574f31a11dd226b38,bf:5f1220b9b4738624c4273900,2,0,1,1
battlefy,5f075bdef33af239e99e0d80,Kards Open,open,Swiss Bracket - Day I & II,swiss,2,2020-07-25T17:08:01Z,bf:5f10783cc08d9224ce50f95f,bf:5f11ffc4eac9482569fb4f49,2,0,1,1
battlefy,5f075bdef33af239e99e0d80,Kards Open,open,Swiss Bracket - Day I & II,swiss,2,2020-07-25T17:08:25Z,bf:5f0cf3becbf20c490eb4fa7d,bf:5f14582a341d821185ca59e8,2,1,1,1
battlefy,5f075bdef33af239e99e0d80,Kards Open,open,Swiss Bracket - Day I & II,swiss,2,2020-07-25T17:09:41Z,bf:5f0e76497c4df3491abfd06c,bf:5f1bad8bb4738624c4283cf6,0,2,2,1
battlefy,5f075bdef33af239e99e0d80,Kards Open,open,Swiss Bracket - Day I & II,swiss,2,2020-07-25T17:10:17Z,bf:5ebea8a9bfed616b75962b6a,bf:5f1539bacfac0e373c6166ce,2,0,1,1
battlefy,5f075bdef33af239e99e0d80,Kards Open,open,Swiss Bracket - Day I & II,swiss,2,2020-07-25T17:11:37Z,bf:5f10825feac9482569fb2e81,bf:5f0f2f19ef3ab65b96797ada,1,2,2,1
battlefy,5f075bdef33af239e99e0d80,Kards Open,open,Swiss Bracket - Day I & II,swiss,2,2020-07-25T17:12:58Z,bf:5eb572f0a795290866140381,bf:5f0cbd1969a363414a64af57,2,1,1,1
battlefy,5f075bdef33af239e99e0d80,Kards Open,open,Swiss Bracket - Day I & II,swiss,2,2020-07-25T17:13:58Z,bf:5f13f8f0381ccb11abfed78c,bf:5f17ef0fcfac0e373c6190c4,0,2,2,1
battlefy,5f075bdef33af239e99e0d80,Kards Open,open,Swiss Bracket - Day I & II,swiss,2,2020-07-25T17:14:51Z,bf:5f140ea9b4738624c4277d71,bf:5f1b9f20a73922196c802448,0,2,2,1
battlefy,5f075bdef33af239e99e0d80,Kards Open,open,Swiss Bracket - Day I & II,swiss,2,2020-07-25T17:15:44Z,bf:56ed79634fdf9b7e1224dddc,bf:5f19119cb4738624c427e33c,2,1,1,1
battlefy,5f075bdef33af239e99e0d80,Kards Open,open,Swiss Bracket - Day I & II,swiss,2,2020-07-25T17:15:50Z,bf:5f11ff59eea71b24bc30ee0c,bf:5f13fc452cba8f11c2a4298c,2,1,1,1
battlefy,5f075bdef33af239e99e0d80,Kards Open,open,Swiss Bracket - Day I & II,swiss,2,2020-07-25T17:16:10Z,bf:5f0dfb2c7c4df3491abfc7a6,bf:5ebd8cafb3bec004beff6eff,2,1,1,1
battlefy,5f075bdef33af239e99e0d80,Kards Open,open,Swiss Bracket - Day I & II,swiss,2,2020-07-25T17:16:24Z,bf:5eb598330abb797ad38acaee,bf:5a4d98c332953903641106de,2,1,1,1
battlefy,5f075bdef33af239e99e0d80,Kards Open,open,Swiss Bracket - Day I & II,swiss,2,2020-07-25T17:16:38Z,bf:5f0cd40c3087a65e039603f4,bf:5f121b05d04bae257fc1a263,2,0,1,1
battlefy,5f075bdef33af239e99e0d80,Kards Open,open,Swiss Bracket - Day I & II,swiss,2,2020-07-25T17:17:15Z,bf:5f153751eea71b24bc31458b,bf:5f0f22cb85aa4e37e9115bb4,1,2,2,1
battlefy,5f075bdef33af239e99e0d80,Kards Open,open,Swiss Bracket - Day I & II,swiss,2,2020-07-25T17:20:41Z,bf:5f11d247160c3f2239e940a4,bf:5f12c35f8b375222593364f0,2,1,1,1
battlefy,5f075bdef33af239e99e0d80,Kards Open,open,Swiss Bracket - Day I & II,swiss,2,2020-07-25T17:20:57Z,bf:5f140b7f1c8cdf16056f833c,bf:5c834379fdf5df032965d470,2,1,1,1
battlefy,5f075bdef33af239e99e0d80,Kards Open,open,Swiss Bracket - Day I & II,swiss,2,2020-07-25T17:21:54Z,bf:5ad6b5686a20dd03885fa1d1,bf:5f12bb564a28711494f1bd8d,2,0,1,1
battlefy,5f075bdef33af239e99e0d80,Kards Open,open,Swiss Bracket - Day I & II,swiss,2,2020-07-25T17:23:36Z,bf:564e7b5b80b8db4a00c4ff9c,bf:5f112ee3eac9482569fb3ee6,1,2,2,1
battlefy,5f075bdef33af239e99e0d80,Kards Open,open,Swiss Bracket - Day I & II,swiss,2,2020-07-25T17:24:13Z,bf:5f140c57341d821185ca56df,bf:5f1b48d1abfcb016362ba48e,0,2,2,1
battlefy,5f075bdef33af239e99e0d80,Kards Open,open,Swiss Bracket - Day I & II,swiss,2,2020-07-25T17:25:20Z,bf:5f1a8cc8b4738624c42817ef,bf:5f1086f1160c3f2239e9225b,2,0,1,1
battlefy,5f075bdef33af239e99e0d80,Kards Open,open,Swiss Bracket - Day I & II,swiss,2,2020-07-25T17:26:36Z,bf:5f156d9fb4738624c42798e8,bf:5f17d573bcbe32117ff6fd03,2,0,1,0
battlefy,5f075bdef33af239e99e0d80,Kards Open,open,Swiss Bracket - Day I & II,swiss,2,2020-07-25T17:26:46Z,bf:5f11e4c6160c3f2239e941f5,bf:5f15a9d0cfac0e373c616a81,2,1,1,1
battlefy,5f075bdef33af239e99e0d80,Kards Open,open,Swiss Bracket - Day I & II,swiss,2,2020-07-25T17:29:13Z,bf:5f1240f24a28711494f1b3aa,bf:5f12273babfcb016362ad1d0,2,0,1,1
battlefy,5f075bdef33af239e99e0d80,Kards Open,open,Swiss Bracket - Day I & II,swiss,2,2020-07-25T17:30:47Z,bf:5f1520542cba8f11c2a44c16,bf:5f0dc882f26046593189ba9f,2,0,1,0
battlefy,5f075bdef33af239e99e0d80,Kards Open,open,Swiss Bracket - Day I & II,swiss,2,2020-07-25T17:32:01Z,bf:5f0df84e824086475be264b7,bf:5f130139f7c29f223fd64290,2,1,1,1
battlefy,5f075bdef33af239e99e0d80,Kards Open,open,Swiss Bracket - Day I & II,swiss,2,2020-07-25T17:36:13Z,bf:5f1229f9cf4549174336fefe,bf:5ec44a4894993372f10699b1,0,0,0,0
battlefy,5f075bdef33af239e99e0d80,Kards Open,open,Swiss Bracket - Day I & II,swiss,2,2020-07-25T17:38:49Z,bf:5f15827677697711a235e95c,bf:5f12f0c3abfcb016362ae526,0,0,0,0
battlefy,5f075bdef33af239e99e0d80,Kards Open,open,Swiss Bracket - Day I & II,swiss,2,2020-07-25T17:47:10Z,bf:5f1b1546b4738624c4282183,bf:5f13952ceea71b24bc312529,2,0,1,1
battlefy,5f075bdef33af239e99e0d80,Kards Open,open,Swiss Bracket - Day I & II,swiss,3,2020-07-25T18:03:59Z,bf:59b91e3e40985d034416fd27,bf:5ee6c5f92764fc7a784c6f9e,0,2,2,0
battlefy,5f075bdef33af239e99e0d80,Kards Open,open,Swiss Bracket - Day I & II,swiss,3,2020-07-25T18:04:33Z,bf:5f12f0881c8cdf16056f6224,bf:5f12bb564a28711494f1bd8d,0,2,2,0
battlefy,5f075bdef33af239e99e0d80,Kards Open,open,Swiss Bracket - Day I & II,swiss,3,2020-07-25T18:05:03Z,bf:5f0cf3becbf20c490eb4fa7d,bf:5f12c35f8b375222593364f0,2,0,1,1
battlefy,5f075bdef33af239e99e0d80,Kards Open,open,Swiss Bracket - Day I & II,swiss,3,2020-07-25T18:08:05Z,bf:5f1240f24a28711494f1b3aa,bf:5f11ef33160c3f2239e942b2,2,0,1,1
battlefy,5f075bdef33af239e99e0d80,Kards Open,open,Swiss Bracket - Day I & II,swiss,3,2020-07-25T18:10:53Z,bf:5f13fc452cba8f11c2a4298c,bf:564e7b5b80b8db4a00c4ff9c,0,2,2,0
battlefy,5f075bdef33af239e99e0d80,Kards Open,open,Swiss Bracket - Day I & II,swiss,3,2020-07-25T18:11:16Z,bf:5f15a9d0cfac0e373c616a81,bf:5f15827677697711a235e95c,2,0,1,0
battlefy,5f075bdef33af239e99e0d80,Kards Open,open,Swiss Bracket - Day I & II,swiss,3,2020-07-25T18:11:20Z,bf:5f12771889520148edf780af,bf:5f0e37b37c5e104738aebbe3,0,2,2,1
battlefy,5f075bdef33af239e99e0d80,Kards Open,open,Swiss Bracket - Day I & II,swiss,3,2020-07-25T18:12:41Z,bf:5f0df84e824086475be264b7,bf:5f0dfb2c7c4df3491abfc7a6,2,0,1,1
battlefy,5f075bdef33af239e99e0d80,Kards Open,open,Swiss Bracket - Day I & II,swiss,3,2020-07-25T18:12:43Z,bf:5f12273babfcb016362ad1d0,bf:5f12da838b375222593365f7,2,0,1,0
battlefy,5f075bdef33af239e99e0d80,Kards Open,open,Swiss Bracket - Day I & II,swiss,3,2020-07-25T18:14:09Z,bf:596dd6d3014e6b033a8a1275,bf:5eb598330abb797ad38acaee,0,2,2,1
battlefy,5f075bdef33af239e99e0d80,Kards Open,open,Swiss Bracket - Day I & II,swiss,3,2020-07-25T18:14:24Z,bf:5eb572f0a795290866140381,bf:5f1b3f1b08ac6c1dd4d6bb23,2,0,1,1
battlefy,5f075bdef33af239e99e0d80,Kards Open,open,Swiss Bracket - Day I & II,swiss,3,2020-07-25T18:14:24Z,bf:5f0db8236f4cd1393325784f,bf:5f0de85b7c5e104738aeb5a8,2,0,1,1
battlefy,5f075bdef33af239e99e0d80,Kards Open,open,Swiss Bracket - Day I & II,swiss,3,2020-07-25T18:14:28Z,bf:5f11ff59eea71b24bc30ee0c,bf:5f193071cfac0e373c61a11b,0,2,2,1
battlefy,5f075bdef33af239e99e0d80,Kards Open,open,Swiss Bracket - Day I & II,swiss,3,2020-07-25T18:14:37Z,bf:5f1660782cba8f11c2a45e9c,bf:5f1520542cba8f11c2a44c16,2,0,1,1
battlefy,5f075bdef33af239e99e0d80,Kards Open,open,Swiss Bracket - Day I & II,swiss,3,2020-07-25T18:14:38Z,bf:5f140c57341d821185ca56df,bf:56bf93a68b6bc7030304a789,0,2,2,0
battlefy,5f075bdef33af239e99e0d80,Kards Open,open,Swiss Bracket - Day I & II,swiss,3,2020-07-25T18:14:54Z,bf:5f1b48d1abfcb016362ba48e,bf:5eb65df574f31a11dd226b38,0,2,2,1
battlefy,5f075bdef33af239e99e0d80,Kards Open,open,Swiss Bracket - Day I & II,swiss,3,2020-07-25T18:15:19Z,bf:5f10783cc08d9224ce50f95f,bf:5ebc5c7aec210a06ae04d4d4,0,2,2,1
battlefy,5f075bdef33af239e99e0d80,Kards Open,open,Swiss Bracket - Day I & II,swiss,3,2020-07-25T18:15:22Z,bf:5ec2f8632e7fb7357e7c8077,bf:5eb7670e5e789b4b50a06de2,0,2,2,1
battlefy,5f075bdef33af239e99e0d80,Kards Open,open,Swiss Bracket - Day I & II,swiss,3,2020-07-25T18:15:54Z,bf:5f148273cd3934118e03b196,bf:5f103df2eac9482569fb2922,1,2,2,1
battlefy,5f075bdef33af239e99e0d80,Kards Open,open,Swiss Bracket - Day I & II,swiss,3,2020-07-25T18:16:13Z,bf:5ebd8cafb3bec004beff6eff,bf:5f0f22cb85aa4e37e9115bb4,2,0,1,0
battlefy,5f075bdef33af239e99e0d80,Kards Open,open,Swiss Bracket - Day I & II,swiss,3,2020-07-25T18:16:36Z,bf:5f140ea9b4738624c4277d71,bf:5ec44a4894993372f10699b1,2,0,1,0
battlefy,5f075bdef33af239e99e0d80,Kards Open,open,Swiss Bracket - Day I & II,swiss,3,2020-07-25T18:18:10Z,bf:5a4d98c332953903641106de,bf:5f130139f7c29f223fd64290,0,2,2,1
battlefy,5f075bdef33af239e99e0d80,Kards Open,open,Swiss Bracket - Day I & II,swiss,3,2020-07-25T18:19:07Z,bf:56ed79634fdf9b7e1224dddc,bf:5f0d81380ffa0b49d9f58c5c,0,2,2,1
battlefy,5f075bdef33af239e99e0d80,Kards Open,open,Swiss Bracket - Day I & II,swiss,3,2020-07-25T18:19:39Z,bf:5f0df9d07c4df3491abfc797,bf:5f1281edb4738624c42745af,0,2,2,0
battlefy,5f075bdef33af239e99e0d80,Kards Open,open,Swiss Bracket - Day I & II,swiss,3,2020-07-25T18:19:59Z,bf:57b5a7ffabd8181c0cfdf304,bf:5f1a8cc8b4738624c42817ef,2,0,1,1
battlefy,5f075bdef33af239e99e0d80,Kards Open,open,Swiss Bracket - Day I & II,swiss,3,2020-07-25T18:20:01Z,bf:5f140b7f1c8cdf16056f833c,bf:5784f8bcf26da72d0cd20f65,2,0,1,1
battlefy,5f075bdef33af239e99e0d80,Kards Open,open,Swiss Bracket - Day I & II,swiss,3,2020-07-25T18:20:26Z,bf:5f12f0c3abfcb016362ae526,bf:5f11ffc4eac9482569fb4f49,0,2,2,0
battlefy,5f075bdef33af239e99e0d80,Kards Open,open,Swiss Bracket - Day I & II,swiss,3,2020-07-25T18:21:20Z,bf:5f140d9bbcbe32117ff6b7e7,bf:5f0d9e4785aa4e37e911463c,0,0,0,0
battlefy,5f075bdef33af239e99e0d80,Kards Open,open,Swiss Bracket - Day I & II,swiss,3,2020-07-25T18:21:47Z,bf:5f13328d77697711a235a704,bf:5f1bad8bb4738624c4283cf6,2,1,1,1
battlefy,5f075bdef33af239e99e0d80,Kards Open,open,Swiss Bracket - Day I & II,swiss,3,2020-07-25T18:22:02Z,bf:5f14e99eea159211b4c99eab,bf:5f13f8f0381ccb11abfed78c,0,2,2,1
battlefy,5f075bdef33af239e99e0d80,Kards Open,open,Swiss Bracket - Day I & II,swiss,3,2020-07-25T18:22:19Z,bf:5f11ff268b375222593350d0,bf:5ad6b5686a20dd03885fa1d1,0,2,2,1
battlefy,5f075bdef33af239e99e0d80,Kards Open,open,Swiss Bracket - Day I & II,swiss,3,2020-07-25T18:23:05Z,bf:5f0e1a20c47339351f7f7b34,bf:5f1566b0341d821185ca734b,2,1,1,1
battlefy,5f075bdef33af239e99e0d80,Kards Open,open,Swiss Bracket - Day I & II,swiss,3,2020-07-25T18:23:41Z,bf:5ec99a6d5cb5d5345c7fdf7c,bf:57a1697c8c3386280ca04b34,2,1,1,1
battlefy,5f075bdef33af239e99e0d80,Kards Open,open,Swiss Bracket - Day I & II,swiss,3,2020-07-25T18:24:13Z,bf:5e9cf8ff72e2961f747c7978,bf:5931f755f2d1a503331ea51d,2,0,1,0
battlefy,5f075bdef33af239e99e0d80,Kards Open,open,Swiss Bracket - Day I & II,swiss,3,2020-07-25T18:25:45Z,bf:5f0fb7319d4b3024dce6f17b,bf:5f156d9fb4738624c42798e8,2,1,1,1
battlefy,5f075bdef33af239e99e0d80,Kards Open,open,Swiss Bracket - Day I & II,swiss,3,2020-07-25T18:25:48Z,bf:5f14582a341d821185ca59e8,bf:5f121b05d04bae257fc1a263,0,2,2,1
battlefy,5f075bdef33af239e99e0d80,Kards Open,open,Swiss Bracket - Day I & II,swiss,3,2020-07-25T18:25:54Z,bf:5f1220b9b4738624c4273900,bf:5f19119cb4738624c427e33c,2,1,1,1
battlefy,5f075bdef33af239e99e0d80,Kards Open,open,Swiss Bracket - Day I & II,swiss,3,2020-07-25T18:26:35Z,bf:5f11e67d85fecb25631448a0,bf:5f145d63b4738624c4278122,2,1,1,1
battlefy,5f075bdef33af239e99e0d80,Kards Open,open,Swiss Bracket - Day I & II,swiss,3,2020-07-25T18:26:49Z,bf:5f0f2f19ef3ab65b96797ada,bf:5f11d247160c3f2239e940a4,0,2,2,1
battlefy,5f075bdef33af239e99e0d80,Kards Open,open,Swiss Bracket - Day I & II,swiss,3,2020-07-25T18:27:47Z,bf:5f112ee3eac9482569fb3ee6,bf:572751089b61d587125da415,2,0,1,1
battlefy,5f075bdef33af239e99e0d80,Kards Open,open,Swiss Bracket - Day I & II,swiss,3,2020-07-25T18:30:30Z,bf:5f0cbd1969a363414a64af57,bf:5f0e76497c4df3491abfd06c,2,1,1,1
battlefy,5f075bdef33af239e99e0d80,Kards Open,open,Swiss Bracket - Day I & II,swiss,3,2020-07-25T18:31:15Z,bf:5f11ff2ec08d9224ce511d19,bf:5f1b1546b4738624c4282183,2,0,1,1
battlefy,5f075bdef33af239e99e0d80,Kards Open,open,Swiss Bracket - Day I & II,swiss,3,2020-07-25T18:33:24Z,bf:5f13952ceea71b24bc312529,bf:5f153751eea71b24bc31458b,0,2,2,1
battlefy,5f075bdef33af239e99e0d80,Kards Open,open,Swiss Bracket - Day I & II,swiss,3,2020-07-25T18:36:27Z,bf:5f17ef0fcfac0e373c6190c4,bf:5f102c329d4b3024dce6f5dd,1,2,2,1
battlefy,5f075bdef33af239e99e0d80,Kards Open,open,Swiss Bracket - Day I & II,swiss,3,2020-07-25T18:41:08Z,bf:5f11e4c6160c3f2239e941f5,bf:5f10825feac9482569fb2e81,2,1,1,1
battlefy,5f075bdef33af239e99e0d80,Kards Open,open,Swiss Bracket - Day I & II,swiss,3,2020-07-25T18:42:23Z,bf:5f0cd40c3087a65e039603f4,bf:5ebea8a9bfed616b75962b6a,2,1,1,1
battlefy,5f075bdef33af239e99e0d80,Kards Open,open,Swiss Bracket - Day I & II,swiss,3,2020-07-25T18:46:49Z,bf:5f1b9f20a73922196c802448,bf:5c834379fdf5df032965d470,1,2,2,1
battlefy,5f075bdef33af239e99e0d80,Kards Open,open,Swiss Bracket - Day I & II,swiss,3,2020-07-25T18:47:20Z,bf:5ebea2fd1eafc755976c161a,bf:5b38c676cbd82c03a4f28e8f,1,2,2,1
battlefy,5f075bdef33af239e99e0d80,Kards Open,open,Swiss Bracket - Day I & II,swiss,3,2020-07-25T18:54:50Z,bf:5f1086f1160c3f2239e9225b,bf:5f1539bacfac0e373c6166ce,1,2,2,1
battlefy,5f075bdef33af239e99e0d80,Kards Open,open,Swiss Bracket - Day I & II,swiss,4,2020-07-25T19:08:05Z,bf:5f11ff268b375222593350d0,bf:5f12771889520148edf780af,0,2,2,1
battlefy,5f075bdef33af239e99e0d80,Kards Open,open,Swiss Bracket - Day I & II,swiss,4,2020-07-25T19:08:06Z,bf:5f1539bacfac0e373c6166ce,bf:5f11ef33160c3f2239e942b2,2,0,1,1
battlefy,5f075bdef33af239e99e0d80,Kards Open,open,Swiss Bracket - Day I & II,swiss,4,2020-07-25T19:08:07Z,bf:5f1b48d1abfcb016362ba48e,bf:5f1240f24a28711494f1b3aa,2,0,1,1
battlefy,5f075bdef33af239e99e0d80,Kards Open,open,Swiss Bracket - Day I & II,swiss,4,2020-07-25T19:13:17Z,bf:5ee6c5f92764fc7a784c6f9e,bf:5f1b3f1b08ac6c1dd4d6bb23,2,0,1,0
battlefy,5f075bdef33af239e99e0d80,Kards Open,open,Swiss Bracket - Day I & II,swiss,4,2020-07-25T19:14:33Z,bf:5ec2f8632e7fb7357e7c8077,bf:5ebea2fd1eafc755976c161a,0,2,2,1
battlefy,5f075bdef33af239e99e0d80,Kards Open,open,Swiss Bracket - Day I & II,swiss,4,2020-07-25T19:16:51Z,bf:5eb572f0a795290866140381,bf:5ec99a6d5cb5d5345c7fdf7c,0,2,2,0
battlefy,5f075bdef33af239e99e0d80,Kards Open,open,Swiss Bracket - Day I & II,swiss,4,2020-07-25T19:18:24Z,bf:5f148273cd3934118e03b196,bf:5a4d98c332953903641106de,0,2,2,1
battlefy,5f075bdef33af239e99e0d80,Kards Open,open,Swiss Bracket - Day I & II,swiss,4,2020-07-25T19:18:39Z,bf:564e7b5b80b8db4a00c4ff9c,bf:5f130139f7c29f223fd64290,0,2,2,1
battlefy,5f075bdef33af239e99e0d80,Kards Open,open,Swiss Bracket - Day I & II,swiss,4,2020-07-25T19:19:36Z,bf:56bf93a68b6bc7030304a789,bf:5f0cd40c3087a65e039603f4,2,0,1,1
battlefy,5f075bdef33af239e99e0d80,Kards Open,open,Swiss Bracket - Day I & II,swiss,4,2020-07-25T19:19:49Z,bf:5eb65df574f31a11dd226b38,bf:5f112ee3eac9482569fb3ee6,2,0,1,1
battlefy,5f075bdef33af239e99e0d80,Kards Open,open,Swiss Bracket - Day I & II,swiss,4,2020-07-25T19:20:07Z,bf:5ebc5c7aec210a06ae04d4d4,bf:5f0cf3becbf20c490eb4fa7d,2,0,1,1
battlefy,5f075bdef33af239e99e0d80,Kards Open,open,Swiss Bracket - Day I & II,swiss,4,2020-07-25T19:20:08Z,bf:5f140ea9b4738624c4277d71,bf:5f10783cc08d9224ce50f95f,0,2,2,1
battlefy,5f075bdef33af239e99e0d80,Kards Open,open,Swiss Bracket - Day I & II,swiss,4,2020-07-25T19:20:10Z,bf:5784f8bcf26da72d0cd20f65,bf:5f0dfb2c7c4df3491abfc7a6,0,2,2,1
battlefy,5f075bdef33af239e99e0d80,Kards Open,open,Swiss Bracket - Day I & II,swiss,4,2020-07-25T19:20:11Z,bf:5f0fb7319d4b3024dce6f17b,bf:5f11e4c6160c3f2239e941f5,2,0,1,1
battlefy,5f075bdef33af239e99e0d80,Kards Open,open,Swiss Bracket - Day I & II,swiss,4,2020-07-25T19:21:06Z,bf:5f1520542cba8f11c2a44c16,bf:5f15a9d0cfac0e373c616a81,2,0,1,1
battlefy,5f075bdef33af239e99e0d80,Kards Open,open,Swiss Bracket - Day I & II,swiss,4,2020-07-25T19:21:08Z,bf:5f13328d77697711a235a704,bf:572751089b61d587125da415,0,2,2,1
battlefy,5f075bdef33af239e99e0d80,Kards Open,open,Swiss Bracket - Day I & II,swiss,4,2020-07-25T19:21:35Z,bf:5f11ffc4eac9482569fb4f49,bf:5f156d9fb4738624c42798e8,0,2,2,1
battlefy,5f075bdef33af239e99e0d80,Kards Open,open,Swiss Bracket - Day I & II,swiss,4,2020-07-25T19:22:14Z,bf:596dd6d3014e6b033a8a1275,bf:57b5a7ffabd8181c0cfdf304,2,1,1,1
battlefy,5f075bdef33af239e99e0d80,Kards Open,open,Swiss Bracket - Day I & II,swiss,4,2020-07-25T19:22:27Z,bf:5f0e37b37c5e104738aebbe3,bf:56ed79634fdf9b7e1224dddc,0,2,2,1
battlefy,5f075bdef33af239e99e0d80,Kards Open,open,Swiss Bracket - Day I & II,swiss,4,2020-07-25T19:23:50Z,bf:5f145d63b4738624c4278122,bf:5ebd8cafb3bec004beff6eff,2,0,1,1
battlefy,5f075bdef33af239e99e0d80,Kards Open,open,Swiss Bracket - Day I & II,swiss,4,2020-07-25T19:24:05Z,bf:5f103df2eac9482569fb2922,bf:5f13f8f0381ccb11abfed78c,0,2,2,1
battlefy,5f075bdef33af239e99e0d80,Kards Open,open,Swiss Bracket - Day I & II,swiss,4,2020-07-25T19:25:29Z,bf:5f121b05d04bae257fc1a263,bf:5f0de85b7c5e104738aeb5a8,0,2,2,1
battlefy,5f075bdef33af239e99e0d80,Kards Open,open,Swiss Bracket - Day I & II,swiss,4,2020-07-25T19:26:37Z,bf:5f0e76497c4df3491abfd06c,bf:5f1281edb4738624c42745af,2,0,1,1
battlefy,5f075bdef33af239e99e0d80,Kards Open,open,Swiss Bracket - Day I & II,swiss,4,2020-07-25T19:26:55Z,bf:5f1566b0341d821185ca734b,bf:5f12bb564a28711494f1bd8d,2,0,1,1
battlefy,5f075bdef33af239e99e0d80,Kards Open,open,Swiss Bracket - Day I & II,swiss,4,2020-07-25T19:27:19Z,bf:57a1697c8c3386280ca04b34,bf:5f102c329d4b3024dce6f5dd,2,1,1,1
battlefy,5f075bdef33af239e99e0d80,Kards Open,open,Swiss Bracket - Day I & II,swiss,4,2020-07-25T19:27:27Z,bf:5f153751eea71b24bc31458b,bf:5eb708950fe915528f90abfd,2,1,1,1
battlefy,5f075bdef33af239e99e0d80,Kards Open,open,Swiss Bracket - Day I & II,swiss,4,2020-07-25T19:28:48Z,bf:5f0df84e824086475be264b7,bf:5f11e67d85fecb25631448a0,1,2,2,1
battlefy,5f075bdef33af239e99e0d80,Kards Open,open,Swiss Bracket - Day I & II,swiss,4,2020-07-25T19:29:12Z,bf:5f11ff59eea71b24bc30ee0c,bf:5f0f2f19ef3ab65b96797ada,2,1,1,1
battlefy,5f075bdef33af239e99e0d80,Kards Open,open,Swiss Bracket - Day I & II,swiss,4,2020-07-25T19:29:25Z,bf:5f1a8cc8b4738624c42817ef,bf:5f12c35f8b375222593364f0,1,2,2,1
battlefy,5f075bdef33af239e99e0d80,Kards Open,open,Swiss Bracket - Day I & II,swiss,4,2020-07-25T19:30:32Z,bf:5f14582a341d821185ca59e8,bf:5f13952ceea71b24bc312529,2,0,1,1
battlefy,5f075bdef33af239e99e0d80,Kards Open,open,Swiss Bracket - Day I & II,swiss,4,2020-07-25T19:32:27Z,bf:5f1220b9b4738624c4273900,bf:5e9cf8ff72e2961f747c7978,2,1,1,0
battlefy,5f075bdef33af239e99e0d80,Kards Open,open,Swiss Bracket - Day I & II,swiss,4,2020-07-25T19:36:05Z,bf:5f11d247160c3f2239e940a4,bf:5f140b7f1c8cdf16056f833c,2,1,1,1
battlefy,5f075bdef33af239e99e0d80,Kards Open,open,Swiss Bracket - Day I & II,swiss,4,2020-07-25T19:37:04Z,bf:5b38c676cbd82c03a4f28e8f,bf:5eb7670e5e789b4b50a06de2,2,1,1,1
battlefy,5f075bdef33af239e99e0d80,Kards Open,open,Swiss Bracket - Day I & II,swiss,4,2020-07-25T19:40:34Z,bf:5f12273babfcb016362ad1d0,bf:5f19119cb4738624c427e33c,1,2,2,1
battlefy,5f075bdef33af239e99e0d80,Kards Open,open,Swiss Bracket - Day I & II,swiss,4,2020-07-25T19:41:24Z,bf:5f1b9f20a73922196c802448,bf:5f1b1546b4738624c4282183,2,1,1,1
battlefy,5f075bdef33af239e99e0d80,Kards Open,open,Swiss Bracket - Day I & II,swiss,4,2020-07-25T19:41:51Z,bf:5ad6b5686a20dd03885fa1d1,bf:5f11ff2ec08d9224ce511d19,2,0,1,1
battlefy,5f075bdef33af239e99e0d80,Kards Open,open,Swiss Bracket - Day I & II,swiss,4,2020-07-25T19:43:28Z,bf:5f1660782cba8f11c2a45e9c,bf:5c834379fdf5df032965d470,2,0,1,0
battlefy,5f075bdef33af239e99e0d80,Kards Open,open,Swiss Bracket - Day I & II,swiss,4,2020-07-25T19:44:00Z,bf:5eb598330abb797ad38acaee,bf:5f0d81380ffa0b49d9f58c5c,1,2,2,1
battlefy,5f075bdef33af239e99e0d80,Kards Open,open,Swiss Bracket - Day I & II,swiss,4,2020-07-25T20:00:51Z,bf:5f1086f1160c3f2239e9225b,bf:5f14e99eea159211b4c99eab,0,2,2,1
battlefy,5f075bdef33af239e99e0d80,Kards Open,open,Swiss Bracket - Day I & II,swiss,4,2020-07-26T08:23:12Z,bf:5f10825feac9482569fb2e81,bf:5ebea8a9bfed616b75962b6a,0,2,2,0
battlefy,5f075bdef33af239e99e0d80,Kards Open,open,Swiss Bracket - Day I & II,swiss,4,2020-07-26T08:41:18Z,bf:5f17ef0fcfac0e373c6190c4,bf:5f1bad8bb4738624c4283cf6,0,2,2,0
battlefy,5f075bdef33af239e99e0d80,Kards Open,open,Swiss Bracket - Day I & II,swiss,4,2020-07-26T09:27:39Z,bf:5f0cbd1969a363414a64af57,bf:5f0e1a20c47339351f7f7b34,1,2,2,0
battlefy,5f075bdef33af239e99e0d80,Kards Open,open,Swiss Bracket - Day I & II,swiss,4,2020-07-26T13:52:07Z,bf:5f0db8236f4cd1393325784f,bf:5f193071cfac0e373c61a11b,2,0,1,0
battlefy,5f075bdef33af239e99e0d80,Kards Open,open,Swiss Bracket - Day I & II,swiss,5,2020-07-26T15:11:29Z,bf:5f0cf3becbf20c490eb4fa7d,bf:5f0e37b37c5e104738aebbe3,0,2,2,1
battlefy,5f075bdef33af239e99e0d80,Kards Open,open,Swiss Bracket - Day I & II,swiss,5,2020-07-26T15:11:45Z,bf:5f0e1a20c47339351f7f7b34,bf:5f1220b9b4738624c4273900,0,2,2,1
battlefy,5f075bdef33af239e99e0d80,Kards Open,open,Swiss Bracket - Day I & II,swiss,5,2020-07-26T15:12:04Z,bf:5f12771889520148edf780af,bf:5f11ffc4eac9482569fb4f49,2,0,1,1
battlefy,5f075bdef33af239e99e0d80,Kards Open,open,Swiss Bracket - Day I & II,swiss,5,2020-07-26T15:12:21Z,bf:57b5a7ffabd8181c0cfdf304,bf:5a4d98c332953903641106de,0,2,2,1
battlefy,5f075bdef33af239e99e0d80,Kards Open,open,Swiss Bracket - Day I & II,swiss,5,2020-07-26T15:12:57Z,bf:5f121b05d04bae257fc1a263,bf:5f148273cd3934118e03b196,0,2,2,1
battlefy,5f075bdef33af239e99e0d80,Kards Open,open,Swiss Bracket - Day I & II,swiss,5,2020-07-26T15:17:29Z,bf:5f0e76497c4df3491abfd06c,bf:5f1240f24a28711494f1b3aa,2,0,1,0
battlefy,5f075bdef33af239e99e0d80,Kards Open,open,Swiss Bracket - Day I & II,swiss,5,2020-07-26T15:18:00Z,bf:5f1086f1160c3f2239e9225b,bf:5f13952ceea71b24bc312529,2,0,1,0
battlefy,5f075bdef33af239e99e0d80,Kards Open,open,Swiss Bracket - Day I & II,swiss,5,2020-07-26T15:18:31Z,bf:5f1281edb4738624c42745af,bf:5f11ef33160c3f2239e942b2,2,0,1,0
battlefy,5f075bdef33af239e99e0d80,Kards Open,open,Swiss Bracket - Day I & II,swiss,5,2020-07-26T15:18:50Z,bf:5f1a8cc8b4738624c42817ef,bf:5f11ff268b375222593350d0,2,0,1,0
battlefy,5f075bdef33af239e99e0d80,Kards Open,open,Swiss Bracket - Day I & II,swiss,5,2020-07-26T15:18:52Z,bf:5f1660782cba8f11c2a45e9c,bf:596dd6d3014e6b033a8a1275,0,2,2,1
battlefy,5f075bdef33af239e99e0d80,Kards Open,open,Swiss Bracket - Day I & II,swiss,5,2020-07-26T15:19:50Z,bf:5f13328d77697711a235a704,bf:5f102c329d4b3024dce6f5dd,2,0,1,1
battlefy,5f075bdef33af239e99e0d80,Kards Open,open,Swiss Bracket - Day I & II,swiss,5,2020-07-26T15:20:08Z,bf:5eb708950fe915528f90abfd,bf:5f14582a341d821185ca59e8,2,0,1,1
battlefy,5f075bdef33af239e99e0d80,Kards Open,open,Swiss Bracket - Day I & II,swiss,5,2020-07-26T15:21:06Z,bf:56bf93a68b6bc7030304a789,bf:5f0db8236f4cd1393325784f,0,2,2,1
battlefy,5f075bdef33af239e99e0d80,Kards Open,open,Swiss Bracket - Day I & II,swiss,5,2020-07-26T15:21:10Z,bf:5f1b9f20a73922196c802448,bf:5f156d9fb4738624c42798e8,0,2,2,1
battlefy,5f075bdef33af239e99e0d80,Kards Open,open,Swiss Bracket - Day I & II,swiss,5,2020-07-26T15:21:57Z,bf:5f0de85b7c5e104738aeb5a8,bf:5f13f8f0381ccb11abfed78c,2,0,1,1
battlefy,5f075bdef33af239e99e0d80,Kards Open,open,Swiss Bracket - Day I & II,swiss,5,2020-07-26T15:22:08Z,bf:5f1bad8bb4738624c4283cf6,bf:5f0f2f19ef3ab65b96797ada,2,0,1,1
battlefy,5f075bdef33af239e99e0d80,Kards Open,open,Swiss Bracket - Day I & II,swiss,5,2020-07-26T15:22:39Z,bf:5ec2f8632e7fb7357e7c8077,bf:5f11ff2ec08d9224ce511d19,2,0,1,1
battlefy,5f075bdef33af239e99e0d80,Kards Open,open,Swiss Bracket - Day I & II,swiss,5,2020-07-26T15:23:10Z,bf:5f140ea9b4738624c4277d71,bf:5f12bb564a28711494f1bd8d,2,0,1,1
battlefy,5f075bdef33af239e99e0d80,Kards Open,open,Swiss Bracket - Day I & II,swiss,5,2020-07-26T15:24:24Z,bf:5f0dfb2c7c4df3491abfc7a6,bf:5f140b7f1c8cdf16056f833c,2,0,1,1
battlefy,5f075bdef33af239e99e0d80,Kards Open,open,Swiss Bracket - Day I & II,swiss,5,2020-07-26T15:25:01Z,bf:564e7b5b80b8db4a00c4ff9c,bf:5f1520542cba8f11c2a44c16,2,0,1,1
battlefy,5f075bdef33af239e99e0d80,Kards Open,open,Swiss Bracket - Day I & II,swiss,5,2020-07-26T15:25:10Z,bf:5f1b48d1abfcb016362ba48e,bf:5eb598330abb797ad38acaee,0,2,2,1
battlefy,5f075bdef33af239e99e0d80,Kards Open,open,Swiss Bracket - Day I & II,swiss,5,2020-07-26T15:27:06Z,bf:5ebea2fd1eafc755976c161a,bf:5f0fb7319d4b3024dce6f17b,2,0,1,1
battlefy,5f075bdef33af239e99e0d80,Kards Open,open,Swiss Bracket - Day I & II,swiss,5,2020-07-26T15:28:21Z,bf:5f11e67d85fecb25631448a0,bf:5b38c676cbd82c03a4f28e8f,0,2,2,1
battlefy,5f075bdef33af239e99e0d80,Kards Open,open,Swiss Bracket - Day I & II,swiss,5,2020-07-26T15:29:41Z,bf:5ebd8cafb3bec004beff6eff,bf:5f1566b0341d821185ca734b,2,0,1,1
battlefy,5f075bdef33af239e99e0d80,Kards Open,open,Swiss Bracket - Day I & II,swiss,5,2020-07-26T15:31:34Z,bf:5ebc5c7aec210a06ae04d4d4,bf:57a1697c8c3386280ca04b34,2,0,1,1
battlefy,5f075bdef33af239e99e0d80,Kards Open,open,Swiss Bracket - Day I & II,swiss,5,2020-07-26T15:31:51Z,bf:5f145d63b4738624c4278122,bf:5f112ee3eac9482569fb3ee6,1,2,2,1
battlefy,5f075bdef33af239e99e0d80,Kards Open,open,Swiss Bracket - Day I & II,swiss,5,2020-07-26T15:32:06Z,bf:572751089b61d587125da415,bf:5f130139f7c29f223fd64290,0,2,2,1
battlefy,5f075bdef33af239e99e0d80,Kards Open,open,Swiss Bracket - Day I & II,swiss,5,2020-07-26T15:33:02Z,bf:5ee6c5f92764fc7a784c6f9e,bf:5f0df84e824086475be264b7,0,2,2,1
battlefy,5f075bdef33af239e99e0d80,Kards Open,open,Swiss Bracket - Day I & II,swiss,5,2020-07-26T15:35:00Z,bf:5f15a9d0cfac0e373c616a81,bf:5f14e99eea159211b4c99eab,0,2,2,1
battlefy,5f075bdef33af239e99e0d80,Kards Open,open,Swiss Bracket - Day I & II,swiss,5,2020-07-26T15:38:27Z,bf:5ad6b5686a20dd03885fa1d1,bf:56ed79634fdf9b7e1224dddc,2,0,1,0
battlefy,5f075bdef33af239e99e0d80,Kards Open,open,Swiss Bracket - Day I & II,swiss,5,2020-07-26T15:39:27Z,bf:5f12273babfcb016362ad1d0,bf:5f1b1546b4738624c4282183,0,2,2,1
battlefy,5f075bdef33af239e99e0d80,Kards Open,open,Swiss Bracket - Day I & II,swiss,5,2020-07-26T15:40:55Z,bf:5784f8bcf26da72d0cd20f65,bf:5f1539bacfac0e373c6166ce,2,1,1,1
battlefy,5f075bdef33af239e99e0d80,Kards Open,open,Swiss Bracket - Day I & II,swiss,5,2020-07-26T15:42:09Z,bf:5f0cd40c3087a65e039603f4,bf:5f12c35f8b375222593364f0,1,2,2,1
battlefy,5f075bdef33af239e99e0d80,Kards Open,open,Swiss Bracket - Day I & II,swiss,5,2020-07-26T15:42:27Z,bf:5f19119cb4738624c427e33c,bf:5f11e4c6160c3f2239e941f5,2,0,1,0
battlefy,5f075bdef33af239e99e0d80,Kards Open,open,Swiss Bracket - Day I & II,swiss,5,2020-07-26T15:42:35Z,bf:5eb7670e5e789b4b50a06de2,bf:5f11ff59eea71b24bc30ee0c,2,0,1,1
battlefy,5f075bdef33af239e99e0d80,Kards Open,open,Swiss Bracket - Day I & II,swiss,5,2020-07-26T15:43:08Z,bf:5f153751eea71b24bc31458b,bf:5f10783cc08d9224ce50f95f,0,2,2,1
battlefy,5f075bdef33af239e99e0d80,Kards Open,open,Swiss Bracket - Day I & II,swiss,5,2020-07-26T15:46:09Z,bf:5f0d81380ffa0b49d9f58c5c,bf:5ec99a6d5cb5d5345c7fdf7c,2,1,1,1
battlefy,5f075bdef33af239e99e0d80,Kards Open,open,Swiss Bracket - Day I & II,swiss,5,2020-07-26T15:48:49Z,bf:5f10825feac9482569fb2e81,bf:5f103df2eac9482569fb2922,1,2,2,1
battlefy,5f075bdef33af239e99e0d80,Kards Open,open,Swiss Bracket - Day I & II,swiss,5,2020-07-26T15:53:58Z,bf:5f11d247160c3f2239e940a4,bf:5eb65df574f31a11dd226b38,0,2,2,1
battlefy,5f075bdef33af239e99e0d80,Kards Open,open,Swiss Bracket - Day I & II,swiss,6,2020-07-26T16:07:16Z,bf:5ad6b5686a20dd03885fa1d1,bf:5f11e67d85fecb25631448a0,0,2,2,1
battlefy,5f075bdef33af239e99e0d80,Kards Open,open,Swiss Bracket - Day I & II,swiss,6,2020-07-26T16:07:39Z,bf:5eb708950fe915528f90abfd,bf:57b5a7ffabd8181c0cfdf304,2,0,1,0
battlefy,5f075bdef33af239e99e0d80,Kards Open,open,Swiss Bracket - Day I & II,swiss,6,2020-07-26T16:07:54Z,bf:5f140b7f1c8cdf16056f833c,bf:5f0e1a20c47339351f7f7b34,2,0,1,0
battlefy,5f075bdef33af239e99e0d80,Kards Open,open,Swiss Bracket - Day I & II,swiss,6,2020-07-26T16:08:14Z,bf:5f121b05d04bae257fc1a263,bf:5f15a9d0cfac0e373c616a81,0,2,2,0
battlefy,5f075bdef33af239e99e0d80,Kards Open,open,Swiss Bracket - Day I & II,swiss,6,2020-07-26T16:08:43Z,bf:5f0cf3becbf20c490eb4fa7d,bf:5f102c329d4b3024dce6f5dd,0,2,2,0
battlefy,5f075bdef33af239e99e0d80,Kards Open,open,Swiss Bracket - Day I & II,swiss,6,2020-07-26T16:09:03Z,bf:5f11ffc4eac9482569fb4f49,bf:5f10825feac9482569fb2e81,0,2,2,0
battlefy,5f075bdef33af239e99e0d80,Kards Open,open,Swiss Bracket - Day I & II,swiss,6,2020-07-26T16:14:19Z,bf:5784f8bcf26da72d0cd20f65,bf:5f145d63b4738624c4278122,0,2,2,1
battlefy,5f075bdef33af239e99e0d80,Kards Open,open,Swiss Bracket - Day I & II,swiss,6,2020-07-26T16:14:43Z,bf:5ec2f8632e7fb7357e7c8077,bf:5f13328d77697711a235a704,2,0,1,1
battlefy,5f075bdef33af239e99e0d80,Kards Open,open,Swiss Bracket - Day I & II,swiss,6,2020-07-26T16:14:48Z,bf:5f11ff59eea71b24bc30ee0c,bf:572751089b61d587125da415,0,2,2,1
battlefy,5f075bdef33af239e99e0d80,Kards Open,open,Swiss Bracket - Day I & II,swiss,6,2020-07-26T16:17:47Z,bf:5f0dfb2c7c4df3491abfc7a6,bf:596dd6d3014e6b033a8a1275,1,2,2,1
battlefy,5f075bdef33af239e99e0d80,Kards Open,open,Swiss Bracket - Day I & II,swiss,6,2020-07-26T16:18:22Z,bf:5f103df2eac9482569fb2922,bf:5f14e99eea159211b4c99eab,2,0,1,1
battlefy,5f075bdef33af239e99e0d80,Kards Open,open,Swiss Bracket - Day I & II,swiss,6,2020-07-26T16:19:20Z,bf:5f1660782cba8f11c2a45e9c,bf:5f12c35f8b375222593364f0,2,0,1,1
battlefy,5f075bdef33af239e99e0d80,Kards Open,open,Swiss Bracket - Day I & II,swiss,6,2020-07-26T16:19:22Z,bf:5ebd8cafb3bec004beff6eff,bf:5f10783cc08d9224ce50f95f,2,0,1,1
battlefy,5f075bdef33af239e99e0d80,Kards Open,open,Swiss Bracket - Day I & II,swiss,6,2020-07-26T16:20:42Z,bf:5eb598330abb797ad38acaee,bf:5ebc5c7aec210a06ae04d4d4,0,2,2,1
battlefy,5f075bdef33af239e99e0d80,Kards Open,open,Swiss Bracket - Day I & II,swiss,6,2020-07-26T16:20:43Z,bf:5f0fb7319d4b3024dce6f17b,bf:56bf93a68b6bc7030304a789,1,2,2,1
battlefy,5f075bdef33af239e99e0d80,Kards Open,open,Swiss Bracket - Day I & II,swiss,6,2020-07-26T16:23:20Z,bf:5f19119cb4738624c427e33c,bf:5ee6c5f92764fc7a784c6f9e,0,2,2,1
battlefy,5f075bdef33af239e99e0d80,Kards Open,open,Swiss Bracket - Day I & II,swiss,6,2020-07-26T16:23:52Z,bf:5f0de85b7c5e104738aeb5a8,bf:5f12771889520148edf780af,2,1,1,1
battlefy,5f075bdef33af239e99e0d80,Kards Open,open,Swiss Bracket - Day I & II,swiss,6,2020-07-26T16:24:00Z,bf:5eb65df574f31a11dd226b38,bf:5b38c676cbd82c03a4f28e8f,0,2,2,1
battlefy,5f075bdef33af239e99e0d80,Kards Open,open,Swiss Bracket - Day I & II,swiss,6,2020-07-26T16:26:02Z,bf:5f140ea9b4738624c4277d71,bf:5f0f2f19ef3ab65b96797ada,0,2,2,1
battlefy,5f075bdef33af239e99e0d80,Kards Open,open,Swiss Bracket - Day I & II,swiss,6,2020-07-26T16:26:22Z,bf:564e7b5b80b8db4a00c4ff9c,bf:5f0e37b37c5e104738aebbe3,1,2,2,1
battlefy,5f075bdef33af239e99e0d80,Kards Open,open,Swiss Bracket - Day I & II,swiss,6,2020-07-26T16:27:06Z,bf:5f153751eea71b24bc31458b,bf:5f148273cd3934118e03b196,0,2,2,1
battlefy,5f075bdef33af239e99e0d80,Kards Open,open,Swiss Bracket - Day I & II,swiss,6,2020-07-26T16:28:11Z,bf:5f1bad8bb4738624c4283cf6,bf:57a1697c8c3386280ca04b34,2,0,1,1
battlefy,5f075bdef33af239e99e0d80,Kards Open,open,Swiss Bracket - Day I & II,swiss,6,2020-07-26T16:28:32Z,bf:5f0db8236f4cd1393325784f,bf:5f0df84e824086475be264b7,0,2,2,1
battlefy,5f075bdef33af239e99e0d80,Kards Open,open,Swiss Bracket - Day I & II,swiss,6,2020-07-26T16:29:27Z,bf:5f1281edb4738624c42745af,bf:5f1520542cba8f11c2a44c16,0,2,2,1
battlefy,5f075bdef33af239e99e0d80,Kards Open,open,Swiss Bracket - Day I & II,swiss,6,2020-07-26T16:29:41Z,bf:5f1b9f20a73922196c802448,bf:5f13f8f0381ccb11abfed78c,0,2,2,0
battlefy,5f075bdef33af239e99e0d80,Kards Open,open,Swiss Bracket - Day I & II,swiss,6,2020-07-26T16:29:58Z,bf:5f1b1546b4738624c4282183,bf:5f1a8cc8b4738624c42817ef,0,2,2,1
battlefy,5f075bdef33af239e99e0d80,Kards Open,open,Swiss Bracket - Day I & II,swiss,6,2020-07-26T16:30:45Z,bf:5f11ff2ec08d9224ce511d19,bf:5f1539bacfac0e373c6166ce,1,2,2,1
battlefy,5f075bdef33af239e99e0d80,Kards Open,open,Swiss Bracket - Day I & II,swiss,6,2020-07-26T16:30:52Z,bf:5ebea2fd1eafc755976c161a,bf:5ec99a6d5cb5d5345c7fdf7c,1,2,2,1
battlefy,5f075bdef33af239e99e0d80,Kards Open,open,Swiss Bracket - Day I & II,swiss,6,2020-07-26T16:31:34Z,bf:5f0d81380ffa0b49d9f58c5c,bf:5eb7670e5e789b4b50a06de2,1,2,2,1
battlefy,5f075bdef33af239e99e0d80,Kards Open,open,Swiss Bracket - Day I & II,swiss,6,2020-07-26T16:32:15Z,bf:5f12273babfcb016362ad1d0,bf:5f14582a341d821185ca59e8,1,2,2,1
battlefy,5f075bdef33af239e99e0d80,Kards Open,open,Swiss Bracket - Day I & II,swiss,6,2020-07-26T16:32:41Z,bf:5f130139f7c29f223fd64290,bf:5f1220b9b4738624c4273900,2,0,1,1
battlefy,5f075bdef33af239e99e0d80,Kards Open,open,Swiss Bracket - Day I & II,swiss,6,2020-07-26T16:34:40Z,bf:5a4d98c332953903641106de,bf:5f1b48d1abfcb016362ba48e,1,2,2,1
battlefy,5f075bdef33af239e99e0d80,Kards Open,open,Swiss Bracket - Day I & II,swiss,6,2020-07-26T16:35:29Z,bf:5f156d9fb4738624c42798e8,bf:5f0e76497c4df3491abfd06c,1,2,2,1
battlefy,5f075bdef33af239e99e0d80,Kards Open,open,Swiss Bracket - Day I & II,swiss,6,2020-07-26T16:43:28Z,bf:5f12bb564a28711494f1bd8d,bf:5f1086f1160c3f2239e9225b,2,1,1,1
battlefy,5f075bdef33af239e99e0d80,Kards Open,open,Swiss Bracket - Day I & II,swiss,6,2020-07-26T16:43:46Z,bf:5f112ee3eac9482569fb3ee6,bf:5f11d247160c3f2239e940a4,1,2,2,1
battlefy,5f075bdef33af239e99e0d80,Kards Open,open,Swiss Bracket - Day I & II,swiss,6,2020-07-26T16:51:05Z,bf:5f0cd40c3087a65e039603f4,bf:5f1566b0341d821185ca734b,2,0,1,1
battlefy,5f075bdef33af239e99e0d80,Kards Open,open,Swiss Bracket - Day I & II,swiss,7,2020-07-26T17:04:14Z,bf:5f13f8f0381ccb11abfed78c,bf:57a1697c8c3386280ca04b34,2,0,1,1
battlefy,5f075bdef33af239e99e0d80,Kards Open,open,Swiss Bracket - Day I & II,swiss,7,2020-07-26T17:05:12Z,bf:5ad6b5686a20dd03885fa1d1,bf:5f0cd40c3087a65e039603f4,0,2,2,0
battlefy,5f075bdef33af239e99e0d80,Kards Open,open,Swiss Bracket - Day I & II,swiss,7,2020-07-26T17:05:20Z,bf:5ec2f8632e7fb7357e7c8077,bf:5f0e76497c4df3491abfd06c,2,0,1,1
battlefy,5f075bdef33af239e99e0d80,Kards Open,open,Swiss Bracket - Day I & II,swiss,7,2020-07-26T17:07:46Z,bf:5f0dfb2c7c4df3491abfc7a6,bf:56bf93a68b6bc7030304a789,2,0,1,1
battlefy,5f075bdef33af239e99e0d80,Kards Open,open,Swiss Bracket - Day I & II,swiss,7,2020-07-26T17:09:50Z,bf:5f140b7f1c8cdf16056f833c,bf:5f1220b9b4738624c4273900,2,0,1,1
battlefy,5f075bdef33af239e99e0d80,Kards Open,open,Swiss Bracket - Day I & II,swiss,7,2020-07-26T17:10:11Z,bf:5eb708950fe915528f90abfd,bf:5f11ff59eea71b24bc30ee0c,2,0,1,1
battlefy,5f075bdef33af239e99e0d80,Kards Open,open,Swiss Bracket - Day I & II,swiss,7,2020-07-26T17:10:40Z,bf:5f12c35f8b375222593364f0,bf:5f12771889520148edf780af,0,2,2,1
battlefy,5f075bdef33af239e99e0d80,Kards Open,open,Swiss Bracket - Day I & II,swiss,7,2020-07-26T17:14:14Z,bf:5f1660782cba8f11c2a45e9c,bf:5f0de85b7c5e104738aeb5a8,0,2,2,1
battlefy,5f075bdef33af239e99e0d80,Kards Open,open,Swiss Bracket - Day I & II,swiss,7,2020-07-26T17:14:45Z,bf:5f1b48d1abfcb016362ba48e,bf:5f0e37b37c5e104738aebbe3,0,2,2,1
battlefy,5f075bdef33af239e99e0d80,Kards Open,open,Swiss Bracket - Day I & II,swiss,7,2020-07-26T17:15:24Z,bf:5784f8bcf26da72d0cd20f65,bf:5a4d98c332953903641106de,0,2,2,1
battlefy,5f075bdef33af239e99e0d80,Kards Open,open,Swiss Bracket - Day I & II,swiss,7,2020-07-26T17:15:54Z,bf:5eb65df574f31a11dd226b38,bf:5eb7670e5e789b4b50a06de2,2,0,1,1
battlefy,5f075bdef33af239e99e0d80,Kards Open,open,Swiss Bracket - Day I & II,swiss,7,2020-07-26T17:17:26Z,bf:5ebc5c7aec210a06ae04d4d4,bf:5f11e67d85fecb25631448a0,0,2,2,1
battlefy,5f075bdef33af239e99e0d80,Kards Open,open,Swiss Bracket - Day I & II,swiss,7,2020-07-26T17:18:24Z,bf:5f0db8236f4cd1393325784f,bf:572751089b61d587125da415,2,0,1,1
battlefy,5f075bdef33af239e99e0d80,Kards Open,open,Swiss Bracket - Day I & II,swiss,7,2020-07-26T17:19:12Z,bf:5eb598330abb797ad38acaee,bf:5f145d63b4738624c4278122,2,0,1,1
battlefy,5f075bdef33af239e99e0d80,Kards Open,open,Swiss Bracket - Day I & II,swiss,7,2020-07-26T17:20:12Z,bf:5f19119cb4738624c427e33c,bf:5f0f2f19ef3ab65b96797ada,1,2,2,1
battlefy,5f075bdef33af239e99e0d80,Kards Open,open,Swiss Bracket - Day I & II,swiss,7,2020-07-26T17:20:40Z,bf:5f156d9fb4738624c42798e8,bf:5f102c329d4b3024dce6f5dd,1,2,2,1
battlefy,5f075bdef33af239e99e0d80,Kards Open,open,Swiss Bracket - Day I & II,swiss,7,2020-07-26T17:21:16Z,bf:564e7b5b80b8db4a00c4ff9c,bf:5f1a8cc8b4738624c42817ef,2,0,1,1
battlefy,5f075bdef33af239e99e0d80,Kards Open,open,Swiss Bracket - Day I & II,swiss,7,2020-07-26T17:22:03Z,bf:5f11ff2ec08d9224ce511d19,bf:5f14582a341d821185ca59e8,0,2,2,1
battlefy,5f075bdef33af239e99e0d80,Kards Open,open,Swiss Bracket - Day I & II,swiss,7,2020-07-26T17:22:26Z,bf:5f0fb7319d4b3024dce6f17b,bf:5f10783cc08d9224ce50f95f,0,2,2,1
battlefy,5f075bdef33af239e99e0d80,Kards Open,open,Swiss Bracket - Day I & II,swiss,7,2020-07-26T17:22:28Z,bf:5f1539bacfac0e373c6166ce,bf:5f12bb564a28711494f1bd8d,2,0,1,1
battlefy,5f075bdef33af239e99e0d80,Kards Open,open,Swiss Bracket - Day I & II,swiss,7,2020-07-26T17:23:13Z,bf:5f0df84e824086475be264b7,bf:5f1bad8bb4738624c4283cf6,1,2,2,1
battlefy,5f075bdef33af239e99e0d80,Kards Open,open,Swiss Bracket - Day I & II,swiss,7,2020-07-26T17:26:55Z,bf:5b38c676cbd82c03a4f28e8f,bf:5f0d81380ffa0b49d9f58c5c,2,1,1,1
battlefy,5f075bdef33af239e99e0d80,Kards Open,open,Swiss Bracket - Day I & II,swiss,7,2020-07-26T17:27:48Z,bf:5f103df2eac9482569fb2922,bf:5f1520542cba8f11c2a44c16,2,1,1,1
battlefy,5f075bdef33af239e99e0d80,Kards Open,open,Swiss Bracket - Day I & II,swiss,7,2020-07-26T17:29:39Z,bf:5ee6c5f92764fc7a784c6f9e,bf:5ebea2fd1eafc755976c161a,0,2,2,1
battlefy,5f075bdef33af239e99e0d80,Kards Open,open,Swiss Bracket - Day I & II,swiss,7,2020-07-26T17:31:57Z,bf:5f1086f1160c3f2239e9225b,bf:5f12273babfcb016362ad1d0,2,0,1,1
battlefy,5f075bdef33af239e99e0d80,Kards Open,open,Swiss Bracket - Day I & II,swiss,7,2020-07-26T17:32:18Z,bf:5f130139f7c29f223fd64290,bf:5f11d247160c3f2239e940a4,0,2,2,1
battlefy,5f075bdef33af239e99e0d80,Kards Open,open,Swiss Bracket - Day I & II,swiss,7,2020-07-26T17:33:02Z,bf:5f1566b0341d821185ca734b,bf:5f15a9d0cfac0e373c616a81,2,0,1,0
battlefy,5f075bdef33af239e99e0d80,Kards Open,open,Swiss Bracket - Day I & II,swiss,7,2020-07-26T17:34:42Z,bf:5f148273cd3934118e03b196,bf:5f13328d77697711a235a704,1,2,2,1
battlefy,5f075bdef33af239e99e0d80,Kards Open,open,Swiss Bracket - Day I & II,swiss,7,2020-07-26T17:34:58Z,bf:5f14e99eea159211b4c99eab,bf:5f1281edb4738624c42745af,1,2,2,1
battlefy,5f075bdef33af239e99e0d80,Kards Open,open,Swiss Bracket - Day I & II,swiss,7,2020-07-26T17:35:39Z,bf:5f140ea9b4738624c4277d71,bf:5f1b1546b4738624c4282183,2,1,1,1
battlefy,5f075bdef33af239e99e0d80,Kards Open,open,Swiss Bracket - Day I & II,swiss,7,2020-07-26T17:38:30Z,bf:5f10825feac9482569fb2e81,bf:5f153751eea71b24bc31458b,0,2,2,1
battlefy,5f075bdef33af239e99e0d80,Kards Open,open,Swiss Bracket - Day I & II,swiss,7,2020-07-26T17:39:23Z,bf:5ec99a6d5cb5d5345c7fdf7c,bf:596dd6d3014e6b033a8a1275,2,1,1,1
battlefy,5f075bdef33af239e99e0d80,Kards Open,open,Swiss Bracket - Day I & II,swiss,7,2020-07-26T17:40:32Z,bf:5ebd8cafb3bec004beff6eff,bf:5f112ee3eac9482569fb3ee6,2,1,1,1
battlefy,5f075bdef33af239e99e0d80,Kards Open,open,Swiss Bracket - Day I & II,swiss,8,2020-07-26T17:54:11Z,bf:5ec2f8632e7fb7357e7c8077,bf:596dd6d3014e6b033a8a1275,0,2,2,1
battlefy,5f075bdef33af239e99e0d80,Kards Open,open,Swiss Bracket - Day I & II,swiss,8,2020-07-26T17:54:25Z,bf:5f148273cd3934118e03b196,bf:5f12c35f8b375222593364f0,0,2,2,1
battlefy,5f075bdef33af239e99e0d80,Kards Open,open,Swiss Bracket - Day I & II,swiss,8,2020-07-26T17:54:48Z,bf:5f1566b0341d821185ca734b,bf:5f11ff59eea71b24bc30ee0c,2,0,1,1
battlefy,5f075bdef33af239e99e0d80,Kards Open,open,Swiss Bracket - Day I & II,swiss,8,2020-07-26T17:54:48Z,bf:5f145d63b4738624c4278122,bf:56bf93a68b6bc7030304a789,2,0,1,1
battlefy,5f075bdef33af239e99e0d80,Kards Open,open,Swiss Bracket - Day I & II,swiss,8,2020-07-26T17:54:49Z,bf:5f1660782cba8f11c2a45e9c,bf:5f0e76497c4df3491abfd06c,0,2,2,1
battlefy,5f075bdef33af239e99e0d80,Kards Open,open,Swiss Bracket - Day I & II,swiss,8,2020-07-26T17:55:05Z,bf:5f14582a341d821185ca59e8,bf:5f0fb7319d4b3024dce6f17b,2,0,1,1
battlefy,5f075bdef33af239e99e0d80,Kards Open,open,Swiss Bracket - Day I & II,swiss,8,2020-07-26T17:56:37Z,bf:5f10783cc08d9224ce50f95f,bf:572751089b61d587125da415,0,2,2,1
battlefy,5f075bdef33af239e99e0d80,Kards Open,open,Swiss Bracket - Day I & II,swiss,8,2020-07-26T17:56:37Z,bf:57a1697c8c3386280ca04b34,bf:5784f8bcf26da72d0cd20f65,0,2,2,0
battlefy,5f075bdef33af239e99e0d80,Kards Open,open,Swiss Bracket - Day I & II,swiss,8,2020-07-26T17:58:26Z,bf:5f102c329d4b3024dce6f5dd,bf:5eb708950fe915528f90abfd,0,2,2,1
battlefy,5f075bdef33af239e99e0d80,Kards Open,open,Swiss Bracket - Day I & II,swiss,8,2020-07-26T18:00:42Z,bf:5f1bad8bb4738624c4283cf6,bf:564e7b5b80b8db4a00c4ff9c,2,0,1,1
battlefy,5f075bdef33af239e99e0d80,Kards Open,open,Swiss Bracket - Day I & II,swiss,8,2020-07-26T18:01:00Z,bf:5f12771889520148edf780af,bf:5f0f2f19ef3ab65b96797ada,2,0,1,1
battlefy,5f075bdef33af239e99e0d80,Kards Open,open,Swiss Bracket - Day I & II,swiss,8,2020-07-26T18:07:20Z,bf:5f1b1546b4738624c4282183,bf:5f10825feac9482569fb2e81,1,2,2,1
battlefy,5f075bdef33af239e99e0d80,Kards Open,open,Swiss Bracket - Day I & II,swiss,8,2020-07-26T18:08:39Z,bf:5ebea2fd1eafc755976c161a,bf:5f0de85b7c5e104738aeb5a8,2,1,1,1
battlefy,5f075bdef33af239e99e0d80,Kards Open,open,Swiss Bracket - Day I & II,swiss,8,2020-07-26T18:09:07Z,bf:5eb598330abb797ad38acaee,bf:5f0df84e824086475be264b7,1,2,2,1
battlefy,5f075bdef33af239e99e0d80,Kards Open,open,Swiss Bracket - Day I & II,swiss,8,2020-07-26T18:09:15Z,bf:5f1520542cba8f11c2a44c16,bf:5f156d9fb4738624c42798e8,2,0,1,1
battlefy,5f075bdef33af239e99e0d80,Kards Open,open,Swiss Bracket - Day I & II,swiss,8,2020-07-26T18:10:01Z,bf:5f0dfb2c7c4df3491abfc7a6,bf:5f0e37b37c5e104738aebbe3,2,1,1,1
battlefy,5f075bdef33af239e99e0d80,Kards Open,open,Swiss Bracket - Day I & II,swiss,8,2020-07-26T18:10:25Z,bf:5f153751eea71b24bc31458b,bf:5f1a8cc8b4738624c42817ef,0,2,2,1
battlefy,5f075bdef33af239e99e0d80,Kards Open,open,Swiss Bracket - Day I & II,swiss,8,2020-07-26T18:11:44Z,bf:5f130139f7c29f223fd64290,bf:5ebc5c7aec210a06ae04d4d4,0,2,2,1
battlefy,5f075bdef33af239e99e0d80,Kards Open,open,Swiss Bracket - Day I & II,swiss,8,2020-07-26T18:13:34Z,bf:5f13328d77697711a235a704,bf:5ee6c5f92764fc7a784c6f9e,2,0,1,1
battlefy,5f075bdef33af239e99e0d80,Kards Open,open,Swiss Bracket - Day I & II,swiss,8,2020-07-26T18:14:13Z,bf:5f103df2eac9482569fb2922,bf:5f1539bacfac0e373c6166ce,2,1,1,1
battlefy,5f075bdef33af239e99e0d80,Kards Open,open,Swiss Bracket - Day I & II,swiss,8,2020-07-26T18:14:46Z,bf:5f1281edb4738624c42745af,bf:5f19119cb4738624c427e33c,2,0,1,1
battlefy,5f075bdef33af239e99e0d80,Kards Open,open,Swiss Bracket - Day I & II,swiss,8,2020-07-26T18:16:36Z,bf:5b38c676cbd82c03a4f28e8f,bf:5ec99a6d5cb5d5345c7fdf7c,1,2,2,1
battlefy,5f075bdef33af239e99e0d80,Kards Open,open,Swiss Bracket - Day I & II,swiss,8,2020-07-26T18:18:52Z,bf:5f140ea9b4738624c4277d71,bf:5f14e99eea159211b4c99eab,2,1,1,1
battlefy,5f075bdef33af239e99e0d80,Kards Open,open,Swiss Bracket - Day I & II,swiss,8,2020-07-26T18:19:16Z,bf:5a4d98c332953903641106de,bf:5f13f8f0381ccb11abfed78c,2,1,1,1
battlefy,5f075bdef33af239e99e0d80,Kards Open,open,Swiss Bracket - Day I & II,swiss,8,2020-07-26T18:20:11Z,bf:5f12bb564a28711494f1bd8d,bf:5f12273babfcb016362ad1d0,1,2,2,1
battlefy,5f075bdef33af239e99e0d80,Kards Open,open,Swiss Bracket - Day I & II,swiss,8,2020-07-26T18:22:28Z,bf:5f11e67d85fecb25631448a0,bf:5eb65df574f31a11dd226b38,2,1,1,1
battlefy,5f075bdef33af239e99e0d80,Kards Open,open,Swiss Bracket - Day I & II,swiss,8,2020-07-26T18:22:52Z,bf:5f0db8236f4cd1393325784f,bf:5f0d81380ffa0b49d9f58c5c,1,2,2,1
battlefy,5f075bdef33af239e99e0d80,Kards Open,open,Swiss Bracket - Day I & II,swiss,8,2020-07-26T18:25:33Z,bf:5f1220b9b4738624c4273900,bf:5f112ee3eac9482569fb3ee6,2,1,1,1
battlefy,5f075bdef33af239e99e0d80,Kards Open,open,Swiss Bracket - Day I & II,swiss,8,2020-07-26T18:25:48Z,bf:5f0cd40c3087a65e039603f4,bf:5f1b48d1abfcb016362ba48e,2,0,1,1
battlefy,5f075bdef33af239e99e0d80,Kards Open,open,Swiss Bracket - Day I & II,swiss,8,2020-07-26T18:27:35Z,bf:5f11d247160c3f2239e940a4,bf:5ebd8cafb3bec004beff6eff,1,2,2,1
battlefy,5f075bdef33af239e99e0d80,Kards Open,open,Swiss Bracket - Day I & II,swiss,8,2020-07-26T18:30:06Z,bf:5eb7670e5e789b4b50a06de2,bf:5f140b7f1c8cdf16056f833c,2,1,1,1
battlefy,5f075bdef33af239e99e0d80,Kards Open,open,Swiss Bracket - Day I & II,swiss,8,2020-07-26T18:42:25Z,bf:5f1086f1160c3f2239e9225b,bf:5f11ff2ec08d9224ce511d19,2,0,1,1
battlefy,5f2dcd7665209b4062699060,Kards Open #2,open,Day I & II Swiss,swiss,1,2020-08-29T15:13:20Z,bf:5f32755630b92e118dbc4132,bf:5ee6c5f92764fc7a784c6f9e,0,2,2,1
battlefy,5f2dcd7665209b4062699060,Kards Open #2,open,Day I & II Swiss,swiss,1,2020-08-29T15:13:39Z,bf:5f31e6b930b92e118dbc3b00,bf:5f3ff2e624334d4ac794708e,0,2,2,1
battlefy,5f2dcd7665209b4062699060,Kards Open #2,open,Day I & II Swiss,swiss,1,2020-08-29T15:13:43Z,bf:5f37cf6b6ce6de28d63de407,bf:5f4617f7cff9bb4e25c81a49,0,2,2,1
battlefy,5f2dcd7665209b4062699060,Kards Open #2,open,Day I & II Swiss,swiss,1,2020-08-29T15:13:43Z,bf:5f0e248def3ab65b96796c3f,bf:5f49b691c955654e18759c1e,0,2,2,1
battlefy,5f2dcd7665209b4062699060,Kards Open #2,open,Day I & II Swiss,swiss,1,2020-08-29T15:14:11Z,bf:5ec2ace2fd8a561535cde2e1,bf:5f32b5a5af063111a36d039f,2,0,1,1
battlefy,5f2dcd7665209b4062699060,Kards Open #2,open,Day I & II Swiss,swiss,1,2020-08-29T15:15:04Z,bf:5f3d0646dd76a928dceccb16,bf:5f193071cfac0e373c61a11b,2,0,1,1
battlefy,5f2dcd7665209b4062699060,Kards Open #2,open,Day I & II Swiss,swiss,1,2020-08-29T15:19:34Z,bf:5ec038e2256baa1d38011a05,bf:5f351f60af063111a36d282b,0,2,2,1
battlefy,5f2dcd7665209b4062699060,Kards Open #2,open,Day I & II Swiss,swiss,1,2020-08-29T15:22:10Z,bf:5f32ca9074a4bd1196ff97d9,bf:5f102c329d4b3024dce6f5dd,2,0,1,1
battlefy,5f2dcd7665209b4062699060,Kards Open #2,open,Day I & II Swiss,swiss,1,2020-08-29T15:23:45Z,bf:5f31dbda9ab87f2e0c19cd0c,bf:564e7b5b80b8db4a00c4ff9c,0,2,2,1
battlefy,5f2dcd7665209b4062699060,Kards Open #2,open,Day I & II Swiss,swiss,1,2020-08-29T15:24:05Z,bf:5f12273babfcb016362ad1d0,bf:5f3fc42472caf64e0f2b589c,0,2,2,1
battlefy,5f2dcd7665209b4062699060,Kards Open #2,open,Day I & II Swiss,swiss,1,2020-08-29T15:24:29Z,bf:5ec99a6d5cb5d5345c7fdf7c,bf:5d26bcf5c9bf6055b457dfb5,2,0,1,1
battlefy,5f2dcd7665209b4062699060,Kards Open #2,open,Day I & II Swiss,swiss,1,2020-08-29T15:24:32Z,bf:5f344b7a8a94d511b1d68a96,bf:5b38c676cbd82c03a4f28e8f,0,2,2,1
battlefy,5f2dcd7665209b4062699060,Kards Open #2,open,Day I & II Swiss,swiss,1,2020-08-29T15:24:54Z,bf:5f32224b74a4bd1196ff8e97,bf:5f12771889520148edf780af,0,2,2,1
battlefy,5f2dcd7665209b4062699060,Kards Open #2,open,Day I & II Swiss,swiss,1,2020-08-29T15:24:56Z,bf:5ebc5c7aec210a06ae04d4d4,bf:5f3d19c7dd76a928dceccbcd,2,0,1,1
battlefy,5f2dcd7665209b4062699060,Kards Open #2,open,Day I & II Swiss,swiss,1,2020-08-29T15:26:17Z,bf:5f0f54427c4df3491abfe274,bf:5c4dca4fa9f6820352797666,0,2,2,1
battlefy,5f2dcd7665209b4062699060,Kards Open #2,open,Day I & II Swiss,swiss,1,2020-08-29T15:26:31Z,bf:5f3e11a1a3f8871d5075e3d0,bf:5f32abe69ab87f2e0c19e0b7,2,0,1,1
battlefy,5f2dcd7665209b4062699060,Kards Open #2,open,Day I & II Swiss,swiss,1,2020-08-29T15:26:58Z,bf:5f362c8703dbcc11d58d78e3,bf:5e055721e0b14c3515213776,2,0,1,1
battlefy,5f2dcd7665209b4062699060,Kards Open #2,open,Day I & II Swiss,swiss,1,2020-08-29T15:26:59Z,bf:5f3fbdaeb856d24e0965bbc4,bf:5f382e1f33118628f2f56ca7,2,0,1,1
battlefy,5f2dcd7665209b4062699060,Kards Open #2,open,Day I & II Swiss,swiss,1,2020-08-29T15:27:27Z,bf:5f12bb564a28711494f1bd8d,bf:5eb65df574f31a11dd226b38,0,2,2,1
battlefy,5f2dcd7665209b4062699060,Kards Open #2,open,Day I & II Swiss,swiss,1,2020-08-29T15:28:30Z,bf:5f3b1ebadd76a928dceca753,bf:5f3a8d53c190e3296d7a1eef,2,0,1,1
battlefy,5f2dcd7665209b4062699060,Kards Open #2,open,Day I & II Swiss,swiss,1,2020-08-29T15:28:42Z,bf:5ebea8a9bfed616b75962b6a,bf:5f35946553b8ce11abe62c4d,0,2,2,1
battlefy,5f2dcd7665209b4062699060,Kards Open #2,open,Day I & II Swiss,swiss,1,2020-08-29T15:29:01Z,bf:5f0f3d9e7c4df3491abfe047,bf:5f318206a8e6c511a449d179,2,1,1,1
battlefy,5f2dcd7665209b4062699060,Kards Open #2,open,Day I & II Swiss,swiss,1,2020-08-29T15:30:38Z,bf:5f36c30fff2e5911a44a282e,bf:5f11ff59eea71b24bc30ee0c,1,2,2,1
battlefy,5f2dcd7665209b4062699060,Kards Open #2,open,Day I & II Swiss,swiss,1,2020-08-29T15:30:57Z,bf:5f1bad8bb4738624c4283cf6,bf:5f13f8f0381ccb11abfed78c,2,1,1,1
battlefy,5f2dcd7665209b4062699060,Kards Open #2,open,Day I & II Swiss,swiss,1,2020-08-29T15:32:44Z,bf:5f4022e92736604a195ffbfb,bf:5eb7670e5e789b4b50a06de2,1,2,2,1
battlefy,5f2dcd7665209b4062699060,Kards Open #2,open,Day I & II Swiss,swiss,1,2020-08-29T15:33:10Z,bf:5f4965bb76b8305ffaa36866,bf:5f11e67d85fecb25631448a0,1,2,2,1
battlefy,5f2dcd7665209b4062699060,Kards Open #2,open,Day I & II Swiss,swiss,1,2020-08-29T15:33:15Z,bf:5f47aca042aba63789789166,bf:5f0df84e824086475be264b7,0,2,2,1
battlefy,5f2dcd7665209b4062699060,Kards Open #2,open,Day I & II Swiss,swiss,1,2020-08-29T15:33:55Z,bf:5f140d9bbcbe32117ff6b7e7,bf:5f148273cd3934118e03b196,2,0,1,1
battlefy,5f2dcd7665209b4062699060,Kards Open #2,open,Day I & II Swiss,swiss,1,2020-08-29T15:34:40Z,bf:5ebea2fd1eafc755976c161a,bf:5f3846d25b41bf2bd0fe2207,2,0,1,1
battlefy,5f2dcd7665209b4062699060,Kards Open #2,open,Day I & II Swiss,swiss,1,2020-08-29T15:36:08Z,bf:5b0094b93d8b3603b86987cc,bf:5f0cd40c3087a65e039603f4,2,1,1,1
battlefy,5f2dcd7665209b4062699060,Kards Open #2,open,Day I & II Swiss,swiss,1,2020-08-29T15:38:36Z,bf:5f3a8eb4dd76a928dcec9bec,bf:5f469fbd9f8a441a768119af,2,0,1,1
battlefy,5f2dcd7665209b4062699060,Kards Open #2,open,Day I & II Swiss,swiss,1,2020-08-29T15:38:50Z,bf:5f4318d1681ff84ab5ec92f9,bf:5f36dc4b98f0a311ad32446c,2,1,1,1
battlefy,5f2dcd7665209b4062699060,Kards Open #2,open,Day I & II Swiss,swiss,1,2020-08-29T15:40:58Z,bf:5f3bc9efdbf742295bce0a9d,bf:5f3304e930b92e118dbc4ad6,0,2,2,1
battlefy,5f2dcd7665209b4062699060,Kards Open #2,open,Day I & II Swiss,swiss,1,2020-08-29T15:41:50Z,bf:544fd1e1a3aee26f0b100edb,bf:5f32e74430b92e118dbc4866,2,1,1,1
battlefy,5f2dcd7665209b4062699060,Kards Open #2,open,Day I & II Swiss,swiss,1,2020-08-29T15:43:12Z,bf:5f46ff72cff9bb4e25c82ac7,bf:5f0f2f19ef3ab65b96797ada,2,0,1,1
battlefy,5f2dcd7665209b4062699060,Kards Open #2,open,Day I & II Swiss,swiss,1,2020-08-29T15:43:17Z,bf:5f3a8e2d33118628f2f5a7d5,bf:5f3321d98a94d511b1d67c5b,1,2,2,1
battlefy,5f2dcd7665209b4062699060,Kards Open #2,open,Day I & II Swiss,swiss,1,2020-08-29T15:43:27Z,bf:5f1b48d1abfcb016362ba48e,bf:5f1086f1160c3f2239e9225b,2,1,1,1
battlefy,5f2dcd7665209b4062699060,Kards Open #2,open,Day I & II Swiss,swiss,1,2020-08-29T15:43:50Z,bf:5f354d22e4876e1184288d58,bf:5f4a2d8c76b8305ffaa376af,2,0,1,1
battlefy,5f2dcd7665209b4062699060,Kards Open #2,open,Day I & II Swiss,swiss,1,2020-08-29T15:44:00Z,bf:5f3d1e45c190e3296d7a4aa5,bf:5f1660782cba8f11c2a45e9c,0,2,2,1
battlefy,5f2dcd7665209b4062699060,Kards Open #2,open,Day I & II Swiss,swiss,1,2020-08-29T15:44:11Z,bf:5dff9d39fafe5a70cf39ed01,bf:5784f8bcf26da72d0cd20f65,0,2,2,1
battlefy,5f2dcd7665209b4062699060,Kards Open #2,open,Day I & II Swiss,swiss,1,2020-08-29T15:45:43Z,bf:5f32e62750b4d02c241cb180,bf:5f3ab4ce63cc1128e5f8a327,2,0,1,0
battlefy,5f2dcd7665209b4062699060,Kards Open #2,open,Day I & II Swiss,swiss,1,2020-08-29T15:47:11Z,bf:5e9cf8ff72e2961f747c7978,bf:5f3858c1b83d9d2bb0609265,1,2,2,1
battlefy,5f2dcd7665209b4062699060,Kards Open #2,open,Day I & II Swiss,swiss,1,2020-08-29T15:47:13Z,bf:5f32c6147bd80311ab78193f,bf:5f4a40fd34f6ed5f7792170c,2,1,1,1
battlefy,5f2dcd7665209b4062699060,Kards Open #2,open,Day I & II Swiss,swiss,1,2020-08-29T15:48:00Z,bf:5f1539bacfac0e373c6166ce,bf:5f140c57341d821185ca56df,2,1,1,1
battlefy,5f2dcd7665209b4062699060,Kards Open #2,open,Day I & II Swiss,swiss,1,2020-08-29T15:49:37Z,bf:5f3800b06ce6de28d63de960,bf:5f464a379f8a441a7681100e,1,2,2,1
battlefy,5f2dcd7665209b4062699060,Kards Open #2,open,Day I & II Swiss,swiss,1,2020-08-29T15:49:41Z,bf:5f155f3577697711a235e552,bf:5f0e37b37c5e104738aebbe3,0,2,2,1
battlefy,5f2dcd7665209b4062699060,Kards Open #2,open,Day I & II Swiss,swiss,1,2020-08-29T15:50:33Z,bf:5f11d0b0eea71b24bc30e84a,bf:5f48837c34f6ed5f7791f82a,0,2,2,1
battlefy,5f2dcd7665209b4062699060,Kards Open #2,open,Day I & II Swiss,swiss,1,2020-08-29T15:51:09Z,bf:5f41a73ee7543f4a0a54f568,bf:5f4536884cbe7961ba1906fa,0,2,2,1
battlefy,5f2dcd7665209b4062699060,Kards Open #2,open,Day I & II Swiss,swiss,1,2020-08-29T15:53:44Z,bf:5f169f65bcbe32117ff6eb42,bf:5f332d0619fcf2666b2ac60a,1,2,2,1
battlefy,5f2dcd7665209b4062699060,Kards Open #2,open,Day I & II Swiss,swiss,1,2020-08-29T15:54:36Z,bf:5f4a66a7629c8b6045fa11b9,bf:5f369b86c897e0119e4ff6f8,2,0,1,1
battlefy,5f2dcd7665209b4062699060,Kards Open #2,open,Day I & II Swiss,swiss,1,2020-08-29T15:56:46Z,bf:5f11f078eea71b24bc30ed02,bf:5f327f1af3c1b81004c7bac1,0,0,0,0
battlefy,5f2dcd7665209b4062699060,Kards Open #2,open,Day I & II Swiss,swiss,1,2020-08-29T16:00:32Z,bf:5f101bc2eea71b24bc30c50e,bf:5f318c62af063111a36cedab,1,2,2,1
battlefy,5f2dcd7665209b4062699060,Kards Open #2,open,Day I & II Swiss,swiss,1,2020-08-29T16:00:42Z,bf:5f105658eac9482569fb2be4,bf:5f176280381ccb11abff191f,2,0,1,1
battlefy,5f2dcd7665209b4062699060,Kards Open #2,open,Day I & II Swiss,swiss,1,2020-08-29T16:01:30Z,bf:5f32919a74a4bd1196ff9509,bf:5f11d247160c3f2239e940a4,2,1,1,1
battlefy,5f2dcd7665209b4062699060,Kards Open #2,open,Day I & II Swiss,swiss,1,2020-08-29T16:02:39Z,bf:5f36cca903dbcc11d58d89d8,bf:5f38338163cc1128e5f86f97,0,2,2,1
battlefy,5f2dcd7665209b4062699060,Kards Open #2,open,Day I & II Swiss,swiss,1,2020-08-29T16:05:38Z,bf:5f34d3bdacefe6118a5de444,bf:5f0eab817c4df3491abfd2e6,2,0,1,1
battlefy,5f2dcd7665209b4062699060,Kards Open #2,open,Day I & II Swiss,swiss,2,2020-08-29T16:19:41Z,bf:5f13f8f0381ccb11abfed78c,bf:5f36cca903dbcc11d58d89d8,2,0,1,1
battlefy,5f2dcd7665209b4062699060,Kards Open #2,open,Day I & II Swiss,swiss,2,2020-08-29T16:19:53Z,bf:5f0f2f19ef3ab65b96797ada,bf:5f47aca042aba63789789166,2,0,1,1
battlefy,5f2dcd7665209b4062699060,Kards Open #2,open,Day I & II Swiss,swiss,2,2020-08-29T16:19:58Z,bf:5f4965bb76b8305ffaa36866,bf:5f0e248def3ab65b96796c3f,0,2,2,1
battlefy,5f2dcd7665209b4062699060,Kards Open #2,open,Day I & II Swiss,swiss,2,2020-08-29T16:20:05Z,bf:5f101bc2eea71b24bc30c50e,bf:5f0eab817c4df3491abfd2e6,0,2,2,1
battlefy,5f2dcd7665209b4062699060,Kards Open #2,open,Day I & II Swiss,swiss,2,2020-08-29T16:20:10Z,bf:5f11d247160c3f2239e940a4,bf:5f3800b06ce6de28d63de960,2,0,1,1
battlefy,5f2dcd7665209b4062699060,Kards Open #2,open,Day I & II Swiss,swiss,2,2020-08-29T16:20:15Z,bf:5f41a73ee7543f4a0a54f568,bf:5f36c30fff2e5911a44a282e,2,0,1,1
battlefy,5f2dcd7665209b4062699060,Kards Open #2,open,Day I & II Swiss,swiss,2,2020-08-29T16:20:18Z,bf:5f4a2d8c76b8305ffaa376af,bf:5dff9d39fafe5a70cf39ed01,2,0,1,1
battlefy,5f2dcd7665209b4062699060,Kards Open #2,open,Day I & II Swiss,swiss,2,2020-08-29T16:20:47Z,bf:5eb65df574f31a11dd226b38,bf:5f49b691c955654e18759c1e,2,0,1,0
battlefy,5f2dcd7665209b4062699060,Kards Open #2,open,Day I & II Swiss,swiss,2,2020-08-29T16:20:59Z,bf:5f11e67d85fecb25631448a0,bf:5b0094b93d8b3603b86987cc,2,0,1,1
battlefy,5f2dcd7665209b4062699060,Kards Open #2,open,Day I & II Swiss,swiss,2,2020-08-29T16:21:15Z,bf:5f102c329d4b3024dce6f5dd,bf:5f4022e92736604a195ffbfb,2,0,1,1
battlefy,5f2dcd7665209b4062699060,Kards Open #2,open,Day I & II Swiss,swiss,2,2020-08-29T16:21:38Z,bf:5f32224b74a4bd1196ff8e97,bf:5d26bcf5c9bf6055b457dfb5,0,2,2,1
battlefy,5f2dcd7665209b4062699060,Kards Open #2,open,Day I & II Swiss,swiss,2,2020-08-29T16:21:51Z,bf:5f3ab4ce63cc1128e5f8a327,bf:5f3d1e45c190e3296d7a4aa5,2,0,1,0
battlefy,5f2dcd7665209b4062699060,Kards Open #2,open,Day I & II Swiss,swiss,2,2020-08-29T16:21:56Z,bf:5f11d0b0eea71b24bc30e84a,bf:5f3846d25b41bf2bd0fe2207,2,0,1,1
battlefy,5f2dcd7665209b4062699060,Kards Open #2,open,Day I & II Swiss,swiss,2,2020-08-29T16:23:09Z,bf:5f11f078eea71b24bc30ed02,bf:5e9cf8ff72e2961f747c7978,0,2,2,0
battlefy,5f2dcd7665209b4062699060,Kards Open #2,open,Day I & II Swiss,swiss,2,2020-08-29T16:23:46Z,bf:5f32755630b92e118dbc4132,bf:5f176280381ccb11abff191f,0,2,2,0
battlefy,5f2dcd7665209b4062699060,Kards Open #2,open,Day I & II Swiss,swiss,2,2020-08-29T16:25:00Z,bf:5b38c676cbd82c03a4f28e8f,bf:5f4a66a7629c8b6045fa11b9,2,0,1,1
battlefy,5f2dcd7665209b4062699060,Kards Open #2,open,Day I & II Swiss,swiss,2,2020-08-29T16:25:39Z,bf:5f469fbd9f8a441a768119af,bf:5f12bb564a28711494f1bd8d,0,2,2,0
battlefy,5f2dcd7665209b4062699060,Kards Open #2,open,Day I & II Swiss,swiss,2,2020-08-29T16:28:07Z,bf:5f3b1ebadd76a928dceca753,bf:5ee6c5f92764fc7a784c6f9e,2,0,1,1
battlefy,5f2dcd7665209b4062699060,Kards Open #2,open,Day I & II Swiss,swiss,2,2020-08-29T16:28:11Z,bf:5784f8bcf26da72d0cd20f65,bf:5ec99a6d5cb5d5345c7fdf7c,0,2,2,1
battlefy,5f2dcd7665209b4062699060,Kards Open #2,open,Day I & II Swiss,swiss,2,2020-08-29T16:28:21Z,bf:5f0f3d9e7c4df3491abfe047,bf:5c4dca4fa9f6820352797666,2,1,1,1
battlefy,5f2dcd7665209b4062699060,Kards Open #2,open,Day I & II Swiss,swiss,2,2020-08-29T16:28:56Z,bf:5f32b5a5af063111a36d039f,bf:5f193071cfac0e373c61a11b,0,2,2,0
battlefy,5f2dcd7665209b4062699060,Kards Open #2,open,Day I & II Swiss,swiss,2,2020-08-29T16:30:45Z,bf:5f3a8d53c190e3296d7a1eef,bf:5f36dc4b98f0a311ad32446c,0,2,2,1
battlefy,5f2dcd7665209b4062699060,Kards Open #2,open,Day I & II Swiss,swiss,2,2020-08-29T16:30:52Z,bf:5f318206a8e6c511a449d179,bf:5f31e6b930b92e118dbc3b00,2,0,1,1
battlefy,5f2dcd7665209b4062699060,Kards Open #2,open,Day I & II Swiss,swiss,2,2020-08-29T16:31:40Z,bf:5ec038e2256baa1d38011a05,bf:5f31dbda9ab87f2e0c19cd0c,0,2,2,1
battlefy,5f2dcd7665209b4062699060,Kards Open #2,open,Day I & II Swiss,swiss,2,2020-08-29T16:32:29Z,bf:564e7b5b80b8db4a00c4ff9c,bf:5f3d19c7dd76a928dceccbcd,2,1,1,1
battlefy,5f2dcd7665209b4062699060,Kards Open #2,open,Day I & II Swiss,swiss,2,2020-08-29T16:32:38Z,bf:5f362c8703dbcc11d58d78e3,bf:5f332d0619fcf2666b2ac60a,2,0,1,1
battlefy,5f2dcd7665209b4062699060,Kards Open #2,open,Day I & II Swiss,swiss,2,2020-08-29T16:33:25Z,bf:5f12273babfcb016362ad1d0,bf:5f344b7a8a94d511b1d68a96,0,2,2,1
battlefy,5f2dcd7665209b4062699060,Kards Open #2,open,Day I & II Swiss,swiss,2,2020-08-29T16:34:53Z,bf:5f318c62af063111a36cedab,bf:5f32c6147bd80311ab78193f,0,2,2,1
battlefy,5f2dcd7665209b4062699060,Kards Open #2,open,Day I & II Swiss,swiss,2,2020-08-29T16:34:53Z,bf:5f32abe69ab87f2e0c19e0b7,bf:5f148273cd3934118e03b196,0,2,2,1
battlefy,5f2dcd7665209b4062699060,Kards Open #2,open,Day I & II Swiss,swiss,2,2020-08-29T16:35:20Z,bf:5f3d0646dd76a928dceccb16,bf:5ebc5c7aec210a06ae04d4d4,1,2,2,1
battlefy,5f2dcd7665209b4062699060,Kards Open #2,open,Day I & II Swiss,swiss,2,2020-08-29T16:35:41Z,bf:5f3bc9efdbf742295bce0a9d,bf:5f0f54427c4df3491abfe274,0,0,0,0
battlefy,5f2dcd7665209b4062699060,Kards Open #2,open,Day I & II Swiss,swiss,2,2020-08-29T16:36:04Z,bf:544fd1e1a3aee26f0b100edb,bf:5f3fc42472caf64e0f2b589c,1,2,2,1
battlefy,5f2dcd7665209b4062699060,Kards Open #2,open,Day I & II Swiss,swiss,2,2020-08-29T16:37:56Z,bf:5f11ff59eea71b24bc30ee0c,bf:5ec2ace2fd8a561535cde2e1,2,1,1,1
battlefy,5f2dcd7665209b4062699060,Kards Open #2,open,Day I & II Swiss,swiss,2,2020-08-29T16:38:10Z,bf:5f4a40fd34f6ed5f7792170c,bf:5f1086f1160c3f2239e9225b,2,0,1,1
battlefy,5f2dcd7665209b4062699060,Kards Open #2,open,Day I & II Swiss,swiss,2,2020-08-29T16:38:13Z,bf:5f3858c1b83d9d2bb0609265,bf:5f105658eac9482569fb2be4,0,2,2,1
battlefy,5f2dcd7665209b4062699060,Kards Open #2,open,Day I & II Swiss,swiss,2,2020-08-29T16:38:20Z,bf:5f1660782cba8f11c2a45e9c,bf:5f0e37b37c5e104738aebbe3,1,2,2,1
battlefy,5f2dcd7665209b4062699060,Kards Open #2,open,Day I & II Swiss,swiss,2,2020-08-29T16:38:33Z,bf:5f32919a74a4bd1196ff9509,bf:5f464a379f8a441a7681100e,2,0,1,1
battlefy,5f2dcd7665209b4062699060,Kards Open #2,open,Day I & II Swiss,swiss,2,2020-08-29T16:38:37Z,bf:5f48837c34f6ed5f7791f82a,bf:5f140d9bbcbe32117ff6b7e7,2,0,1,1
battlefy,5f2dcd7665209b4062699060,Kards Open #2,open,Day I & II Swiss,swiss,2,2020-08-29T16:39:40Z,bf:5f1539bacfac0e373c6166ce,bf:5f38338163cc1128e5f86f97,0,2,2,1
battlefy,5f2dcd7665209b4062699060,Kards Open #2,open,Day I & II Swiss,swiss,2,2020-08-29T16:39:41Z,bf:5f32ca9074a4bd1196ff97d9,bf:5f1b48d1abfcb016362ba48e,2,1,1,1
battlefy,5f2dcd7665209b4062699060,Kards Open #2,open,Day I & II Swiss,swiss,2,2020-08-29T16:41:37Z,bf:5f0cd40c3087a65e039603f4,bf:5f369b86c897e0119e4ff6f8,2,0,1,1
battlefy,5f2dcd7665209b4062699060,Kards Open #2,open,Day I & II Swiss,swiss,2,2020-08-29T16:42:05Z,bf:5f4318d1681ff84ab5ec92f9,bf:5f3fbdaeb856d24e0965bbc4,0,2,2,1
battlefy,5f2dcd7665209b4062699060,Kards Open #2,open,Day I & II Swiss,swiss,2,2020-08-29T16:43:05Z,bf:5f3321d98a94d511b1d67c5b,bf:5eb7670e5e789b4b50a06de2,2,1,1,1
battlefy,5f2dcd7665209b4062699060,Kards Open #2,open,Day I & II Swiss,swiss,2,2020-08-29T16:44:04Z,bf:5f1bad8bb4738624c4283cf6,bf:5f35946553b8ce11abe62c4d,2,1,1,1
battlefy,5f2dcd7665209b4062699060,Kards Open #2,open,Day I & II Swiss,swiss,2,2020-08-29T16:44:19Z,bf:5f0df84e824086475be264b7,bf:5f351f60af063111a36d282b,2,1,1,1
battlefy,5f2dcd7665209b4062699060,Kards Open #2,open,Day I & II Swiss,swiss,2,2020-08-29T16:44:41Z,bf:5f3304e930b92e118dbc4ad6,bf:5f12771889520148edf780af,1,2,2,1
battlefy,5f2dcd7665209b4062699060,Kards Open #2,open,Day I & II Swiss,swiss,2,2020-08-29T16:45:14Z,bf:5f4617f7cff9bb4e25c81a49,bf:5f34d3bdacefe6118a5de444,0,2,2,1
battlefy,5f2dcd7665209b4062699060,Kards Open #2,open,Day I & II Swiss,swiss,2,2020-08-29T16:46:30Z,bf:5f4536884cbe7961ba1906fa,bf:5f3e11a1a3f8871d5075e3d0,2,0,1,1
battlefy,5f2dcd7665209b4062699060,Kards Open #2,open,Day I & II Swiss,swiss,2,2020-08-29T16:48:19Z,bf:5f31e18d7bd80311ab780bcb,bf:5ebea2fd1eafc755976c161a,2,0,1,0
battlefy,5f2dcd7665209b4062699060,Kards Open #2,open,Day I & II Swiss,swiss,2,2020-08-29T16:48:29Z,bf:5f382e1f33118628f2f56ca7,bf:5f169f65bcbe32117ff6eb42,1,2,2,1
battlefy,5f2dcd7665209b4062699060,Kards Open #2,open,Day I & II Swiss,swiss,2,2020-08-29T16:54:10Z,bf:5f46ff72cff9bb4e25c82ac7,bf:5f354d22e4876e1184288d58,1,2,2,1
battlefy,5f2dcd7665209b4062699060,Kards Open #2,open,Day I & II Swiss,swiss,2,2020-08-29T16:55:30Z,bf:5f327f1af3c1b81004c7bac1,bf:5f3a8e2d33118628f2f5a7d5,0,0,0,0
battlefy,5f2dcd7665209b4062699060,Kards Open #2,open,Day I & II Swiss,swiss,2,2020-08-29T16:55:43Z,bf:5f37cf6b6ce6de28d63de407,bf:5f155f3577697711a235e552,0,0,0,0
battlefy,5f2dcd7665209b4062699060,Kards Open #2,open,Day I & II Swiss,swiss,2,2020-08-29T17:01:01Z,bf:5f140c57341d821185ca56df,bf:5f32e74430b92e118dbc4866,2,0,1,0
battlefy,5f2dcd7665209b4062699060,Kards Open #2,open,Day I & II Swiss,swiss,2,2020-08-29T17:01:25Z,bf:5ebea8a9bfed616b75962b6a,bf:5e055721e0b14c3515213776,2,1,1,0
battlefy,5f2dcd7665209b4062699060,Kards Open #2,open,Day I & II Swiss,swiss,2,2020-08-29T17:06:14Z,bf:5f3ff2e624334d4ac794708e,bf:5f3a8eb4dd76a928dcec9bec,2,1,1,1
battlefy,5f2dcd7665209b4062699060,Kards Open #2,open,Day I & II Swiss,swiss,3,2020-08-29T17:18:28Z,bf:5f32224b74a4bd1196ff8e97,bf:5f3bc9efdbf742295bce0a9d,0,0,0,0
battlefy,5f2dcd7665209b4062699060,Kards Open #2,open,Day I & II Swiss,swiss,3,2020-08-29T17:18:40Z,bf:5f332d0619fcf2666b2ac60a,bf:5f140d9bbcbe32117ff6b7e7,2,0,1,1
battlefy,5f2dcd7665209b4062699060,Kards Open #2,open,Day I & II Swiss,swiss,3,2020-08-29T17:18:40Z,bf:5f3fbdaeb856d24e0965bbc4,bf:5eb65df574f31a11dd226b38,0,2,2,1
battlefy,5f2dcd7665209b4062699060,Kards Open #2,open,Day I & II Swiss,swiss,3,2020-08-29T17:18:43Z,bf:5f4617f7cff9bb4e25c81a49,bf:5f318206a8e6c511a449d179,0,2,2,1
battlefy,5f2dcd7665209b4062699060,Kards Open #2,open,Day I & II Swiss,swiss,3,2020-08-29T17:19:11Z,bf:5f35946553b8ce11abe62c4d,bf:5f4a66a7629c8b6045fa11b9,0,2,2,1
battlefy,5f2dcd7665209b4062699060,Kards Open #2,open,Day I & II Swiss,swiss,3,2020-08-29T17:19:46Z,bf:5f3800b06ce6de28d63de960,bf:5f31e6b930b92e118dbc3b00,2,0,1,0
battlefy,5f2dcd7665209b4062699060,Kards Open #2,open,Day I & II Swiss,swiss,3,2020-08-29T17:20:11Z,bf:5f12273babfcb016362ad1d0,bf:5ec038e2256baa1d38011a05,2,0,1,1
battlefy,5f2dcd7665209b4062699060,Kards Open #2,open,Day I & II Swiss,swiss,3,2020-08-29T17:21:15Z,bf:5f3846d25b41bf2bd0fe2207,bf:5f36cca903dbcc11d58d89d8,2,0,1,0
battlefy,5f2dcd7665209b4062699060,Kards Open #2,open,Day I & II Swiss,swiss,3,2020-08-29T17:22:09Z,bf:5ec99a6d5cb5d5345c7fdf7c,bf:5f11e67d85fecb25631448a0,2,0,1,1
battlefy,5f2dcd7665209b4062699060,Kards Open #2,open,Day I & II Swiss,swiss,3,2020-08-29T17:22:21Z,bf:5f0df84e824086475be264b7,bf:5f0f3d9e7c4df3491abfe047,2,0,1,1
battlefy,5f2dcd7665209b4062699060,Kards Open #2,open,Day I & II Swiss,swiss,3,2020-08-29T17:22:30Z,bf:5f362c8703dbcc11d58d78e3,bf:5f1bad8bb4738624c4283cf6,2,0,1,1
battlefy,5f2dcd7665209b4062699060,Kards Open #2,open,Day I & II Swiss,swiss,3,2020-08-29T17:22:32Z,bf:5f32abe69ab87f2e0c19e0b7,bf:5f101bc2eea71b24bc30c50e,2,0,1,0
battlefy,5f2dcd7665209b4062699060,Kards Open #2,open,Day I & II Swiss,swiss,3,2020-08-29T17:23:26Z,bf:5f4965bb76b8305ffaa36866,bf:5f3a8d53c190e3296d7a1eef,0,0,0,0
battlefy,5f2dcd7665209b4062699060,Kards Open #2,open,Day I & II Swiss,swiss,3,2020-08-29T17:23:47Z,bf:5f3a8e2d33118628f2f5a7d5,bf:5f47aca042aba63789789166,0,0,0,0
battlefy,5f2dcd7665209b4062699060,Kards Open #2,open,Day I & II Swiss,swiss,3,2020-08-29T17:24:05Z,bf:5f4318d1681ff84ab5ec92f9,bf:5f41a73ee7543f4a0a54f568,0,2,2,1
battlefy,5f2dcd7665209b4062699060,Kards Open #2,open,Day I & II Swiss,swiss,3,2020-08-29T17:24:13Z,bf:5f155f3577697711a235e552,bf:5dff9d39fafe5a70cf39ed01,0,0,0,0
battlefy,5f2dcd7665209b4062699060,Kards Open #2,open,Day I & II Swiss,swiss,3,2020-08-29T17:24:36Z,bf:5f0f54427c4df3491abfe274,bf:5f3d19c7dd76a928dceccbcd,0,2,2,0
battlefy,5f2dcd7665209b4062699060,Kards Open #2,open,Day I & II Swiss,swiss,3,2020-08-29T17:25:56Z,bf:5f12bb564a28711494f1bd8d,bf:544fd1e1a3aee26f0b100edb,0,2,2,1
battlefy,5f2dcd7665209b4062699060,Kards Open #2,open,Day I & II Swiss,swiss,3,2020-08-29T17:26:42Z,bf:5f4a40fd34f6ed5f7792170c,bf:5ebea8a9bfed616b75962b6a,0,2,2,1
battlefy,5f2dcd7665209b4062699060,Kards Open #2,open,Day I & II Swiss,swiss,3,2020-08-29T17:26:57Z,bf:5f4022e92736604a195ffbfb,bf:5f382e1f33118628f2f56ca7,0,2,2,1
battlefy,5f2dcd7665209b4062699060,Kards Open #2,open,Day I & II Swiss,swiss,3,2020-08-29T17:27:27Z,bf:5b0094b93d8b3603b86987cc,bf:5f3d0646dd76a928dceccb16,0,2,2,1
battlefy,5f2dcd7665209b4062699060,Kards Open #2,open,Day I & II Swiss,swiss,3,2020-08-29T17:29:41Z,bf:5ebc5c7aec210a06ae04d4d4,bf:564e7b5b80b8db4a00c4ff9c,2,1,1,1
battlefy,5f2dcd7665209b4062699060,Kards Open #2,open,Day I & II Swiss,swiss,3,2020-08-29T17:31:18Z,bf:5f3321d98a94d511b1d67c5b,bf:5f31e18d7bd80311ab780bcb,0,2,2,1
battlefy,5f2dcd7665209b4062699060,Kards Open #2,open,Day I & II Swiss,swiss,3,2020-08-29T17:31:47Z,bf:5c4dca4fa9f6820352797666,bf:5f102c329d4b3024dce6f5dd,2,1,1,1
battlefy,5f2dcd7665209b4062699060,Kards Open #2,open,Day I & II Swiss,swiss,3,2020-08-29T17:32:28Z,bf:5f0eab817c4df3491abfd2e6,bf:5f13f8f0381ccb11abfed78c,0,2,2,1
battlefy,5f2dcd7665209b4062699060,Kards Open #2,open,Day I & II Swiss,swiss,3,2020-08-29T17:32:37Z,bf:5f11d247160c3f2239e940a4,bf:5f3304e930b92e118dbc4ad6,2,0,1,1
battlefy,5f2dcd7665209b4062699060,Kards Open #2,open,Day I & II Swiss,swiss,3,2020-08-29T17:32:51Z,bf:5f32ca9074a4bd1196ff97d9,bf:5f105658eac9482569fb2be4,0,2,2,1
battlefy,5f2dcd7665209b4062699060,Kards Open #2,open,Day I & II Swiss,swiss,3,2020-08-29T17:33:04Z,bf:5f36dc4b98f0a311ad32446c,bf:5f0cd40c3087a65e039603f4,1,2,2,1
battlefy,5f2dcd7665209b4062699060,Kards Open #2,open,Day I & II Swiss,swiss,3,2020-08-29T17:34:13Z,bf:5f0e248def3ab65b96796c3f,bf:5f351f60af063111a36d282b,2,1,1,1
battlefy,5f2dcd7665209b4062699060,Kards Open #2,open,Day I & II Swiss,swiss,3,2020-08-29T17:34:27Z,bf:5f32919a74a4bd1196ff9509,bf:5f0e37b37c5e104738aebbe3,2,0,1,1
battlefy,5f2dcd7665209b4062699060,Kards Open #2,open,Day I & II Swiss,swiss,3,2020-08-29T17:38:11Z,bf:5f318c62af063111a36cedab,bf:5f3a8eb4dd76a928dcec9bec,2,1,1,1
battlefy,5f2dcd7665209b4062699060,Kards Open #2,open,Day I & II Swiss,swiss,3,2020-08-29T17:38:40Z,bf:5f464a379f8a441a7681100e,bf:5f3858c1b83d9d2bb0609265,2,1,1,1
battlefy,5f2dcd7665209b4062699060,Kards Open #2,open,Day I & II Swiss,swiss,3,2020-08-29T17:39:17Z,bf:5f193071cfac0e373c61a11b,bf:5f3e11a1a3f8871d5075e3d0,2,1,1,1
battlefy,5f2dcd7665209b4062699060,Kards Open #2,open,Day I & II Swiss,swiss,3,2020-08-29T17:39:36Z,bf:5b38c676cbd82c03a4f28e8f,bf:5f48837c34f6ed5f7791f82a,1,2,2,1
battlefy,5f2dcd7665209b4062699060,Kards Open #2,open,Day I & II Swiss,swiss,3,2020-08-29T17:41:01Z,bf:5f1660782cba8f11c2a45e9c,bf:5f31dbda9ab87f2e0c19cd0c,0,2,2,1
battlefy,5f2dcd7665209b4062699060,Kards Open #2,open,Day I & II Swiss,swiss,3,2020-08-29T17:41:25Z,bf:5f140c57341d821185ca56df,bf:5784f8bcf26da72d0cd20f65,2,1,1,1
battlefy,5f2dcd7665209b4062699060,Kards Open #2,open,Day I & II Swiss,swiss,3,2020-08-29T17:43:15Z,bf:5f148273cd3934118e03b196,bf:5f3ab4ce63cc1128e5f8a327,2,1,1,1
battlefy,5f2dcd7665209b4062699060,Kards Open #2,open,Day I & II Swiss,swiss,3,2020-08-29T17:44:37Z,bf:5f12771889520148edf780af,bf:5f4536884cbe7961ba1906fa,0,2,2,1
battlefy,5f2dcd7665209b4062699060,Kards Open #2,open,Day I & II Swiss,swiss,3,2020-08-29T17:45:47Z,bf:5f1086f1160c3f2239e9225b,bf:5f369b86c897e0119e4ff6f8,0,2,2,1
battlefy,5f2dcd7665209b4062699060,Kards Open #2,open,Day I & II Swiss,swiss,3,2020-08-29T17:46:40Z,bf:5f1539bacfac0e373c6166ce,bf:5f176280381ccb11abff191f,2,0,1,1
battlefy,5f2dcd7665209b4062699060,Kards Open #2,open,Day I & II Swiss,swiss,3,2020-08-29T17:47:17Z,bf:5f11ff59eea71b24bc30ee0c,bf:5f38338163cc1128e5f86f97,2,1,1,1
battlefy,5f2dcd7665209b4062699060,Kards Open #2,open,Day I & II Swiss,swiss,3,2020-08-29T17:47:56Z,bf:5f344b7a8a94d511b1d68a96,bf:5d26bcf5c9bf6055b457dfb5,1,2,2,1
battlefy,5f2dcd7665209b4062699060,Kards Open #2,open,Day I & II Swiss,swiss,3,2020-08-29T17:51:25Z,bf:5eb7670e5e789b4b50a06de2,bf:5e9cf8ff72e2961f747c7978,2,1,1,0
battlefy,5f2dcd7665209b4062699060,Kards Open #2,open,Day I & II Swiss,swiss,3,2020-08-29T17:53:22Z,bf:5f1b48d1abfcb016362ba48e,bf:5ec2ace2fd8a561535cde2e1,2,0,1,0
battlefy,5f2dcd7665209b4062699060,Kards Open #2,open,Day I & II Swiss,swiss,3,2020-08-29T17:53:53Z,bf:5f4a2d8c76b8305ffaa376af,bf:5f169f65bcbe32117ff6eb42,1,2,2,1
battlefy,5f2dcd7665209b4062699060,Kards Open #2,open,Day I & II Swiss,swiss,3,2020-08-29T17:56:29Z,bf:5f3fc42472caf64e0f2b589c,bf:5f354d22e4876e1184288d58,2,1,1,1
battlefy,5f2dcd7665209b4062699060,Kards Open #2,open,Day I & II Swiss,swiss,3,2020-08-29T17:56:57Z,bf:5f3b1ebadd76a928dceca753,bf:5f34d3bdacefe6118a5de444,2,1,1,1
battlefy,5f2dcd7665209b4062699060,Kards Open #2,open,Day I & II Swiss,swiss,3,2020-08-29T17:58:49Z,bf:5f32c6147bd80311ab78193f,bf:5f3ff2e624334d4ac794708e,2,1,1,1
battlefy,5f2dcd7665209b4062699060,Kards Open #2,open,Day I & II Swiss,swiss,3,2020-08-29T18:08:36Z,bf:5ee6c5f92764fc7a784c6f9e,bf:5f0f2f19ef3ab65b96797ada,1,2,2,1
battlefy,5f2dcd7665209b4062699060,Kards Open #2,open,Day I & II Swiss,swiss,3,2020-08-29T18:18:56Z,bf:5f46ff72cff9bb4e25c82ac7,bf:5f11d0b0eea71b24bc30e84a,2,1,1,1
battlefy,5f2dcd7665209b4062699060,Kards Open #2,open,Day I & II Swiss,swiss,4,2020-08-29T18:30:30Z,bf:5f140c57341d821185ca56df,bf:5f3a8eb4dd76a928dcec9bec,2,0,1,1
battlefy,5f2dcd7665209b4062699060,Kards Open #2,open,Day I & II Swiss,swiss,4,2020-08-29T18:31:40Z,bf:5f4617f7cff9bb4e25c81a49,bf:5f4a2d8c76b8305ffaa376af,0,2,2,0
battlefy,5f2dcd7665209b4062699060,Kards Open #2,open,Day I & II Swiss,swiss,4,2020-08-29T18:32:03Z,bf:5f36dc4b98f0a311ad32446c,bf:5f351f60af063111a36d282b,0,2,2,1
battlefy,5f2dcd7665209b4062699060,Kards Open #2,open,Day I & II Swiss,swiss,4,2020-08-29T18:32:08Z,bf:5f193071cfac0e373c61a11b,bf:5f3ff2e624334d4ac794708e,0,2,2,0
battlefy,5f2dcd7665209b4062699060,Kards Open #2,open,Day I & II Swiss,swiss,4,2020-08-29T18:32:15Z,bf:5f3a8d53c190e3296d7a1eef,bf:5f1086f1160c3f2239e9225b,0,2,2,0
battlefy,5f2dcd7665209b4062699060,Kards Open #2,open,Day I & II Swiss,swiss,4,2020-08-29T18:32:51Z,bf:5b0094b93d8b3603b86987cc,bf:5f35946553b8ce11abe62c4d,2,0,1,0
battlefy,5f2dcd7665209b4062699060,Kards Open #2,open,Day I & II Swiss,swiss,4,2020-08-29T18:33:30Z,bf:5ec038e2256baa1d38011a05,bf:5f4022e92736604a195ffbfb,0,2,2,0
battlefy,5f2dcd7665209b4062699060,Kards Open #2,open,Day I & II Swiss,swiss,4,2020-08-29T18:34:28Z,bf:5f318c62af063111a36cedab,bf:5f1bad8bb4738624c4283cf6,2,0,1,1
battlefy,5f2dcd7665209b4062699060,Kards Open #2,open,Day I & II Swiss,swiss,4,2020-08-29T18:34:59Z,bf:5f369b86c897e0119e4ff6f8,bf:5f36c30fff2e5911a44a282e,2,0,1,0
battlefy,5f2dcd7665209b4062699060,Kards Open #2,open,Day I & II Swiss,swiss,4,2020-08-29T18:35:32Z,bf:5f1660782cba8f11c2a45e9c,bf:5f140d9bbcbe32117ff6b7e7,0,0,0,0
battlefy,5f2dcd7665209b4062699060,Kards Open #2,open,Day I & II Swiss,swiss,4,2020-08-29T18:35:36Z,bf:5c4dca4fa9f6820352797666,bf:5f11e67d85fecb25631448a0,2,0,1,1
battlefy,5f2dcd7665209b4062699060,Kards Open #2,open,Day I & II Swiss,swiss,4,2020-08-29T18:36:32Z,bf:5ebc5c7aec210a06ae04d4d4,bf:5f32c6147bd80311ab78193f,2,0,1,1
battlefy,5f2dcd7665209b4062699060,Kards Open #2,open,Day I & II Swiss,swiss,4,2020-08-29T18:37:24Z,bf:5f11d0b0eea71b24bc30e84a,bf:5f3ab4ce63cc1128e5f8a327,2,0,1,1
battlefy,5f2dcd7665209b4062699060,Kards Open #2,open,Day I & II Swiss,swiss,4,2020-08-29T18:37:56Z,bf:5ec99a6d5cb5d5345c7fdf7c,bf:5eb65df574f31a11dd226b38,1,2,2,1
battlefy,5f2dcd7665209b4062699060,Kards Open #2,open,Day I & II Swiss,swiss,4,2020-08-29T18:38:16Z,bf:5f1b48d1abfcb016362ba48e,bf:5b38c676cbd82c03a4f28e8f,0,2,2,1
battlefy,5f2dcd7665209b4062699060,Kards Open #2,open,Day I & II Swiss,swiss,4,2020-08-29T18:38:35Z,bf:5f102c329d4b3024dce6f5dd,bf:5f3846d25b41bf2bd0fe2207,2,0,1,1
battlefy,5f2dcd7665209b4062699060,Kards Open #2,open,Day I & II Swiss,swiss,4,2020-08-29T18:39:34Z,bf:5f3d19c7dd76a928dceccbcd,bf:5ee6c5f92764fc7a784c6f9e,2,0,1,1
battlefy,5f2dcd7665209b4062699060,Kards Open #2,open,Day I & II Swiss,swiss,4,2020-08-29T18:40:17Z,bf:5f344b7a8a94d511b1d68a96,bf:5f32abe69ab87f2e0c19e0b7,2,0,1,1
battlefy,5f2dcd7665209b4062699060,Kards Open #2,open,Day I & II Swiss,swiss,4,2020-08-29T18:41:24Z,bf:5f0e37b37c5e104738aebbe3,bf:5f0f2f19ef3ab65b96797ada,2,0,1,1
battlefy,5f2dcd7665209b4062699060,Kards Open #2,open,Day I & II Swiss,swiss,4,2020-08-29T18:41:39Z,bf:5f0cd40c3087a65e039603f4,bf:5f1539bacfac0e373c6166ce,2,0,1,1
battlefy,5f2dcd7665209b4062699060,Kards Open #2,open,Day I & II Swiss,swiss,4,2020-08-29T18:42:20Z,bf:5f13f8f0381ccb11abfed78c,bf:5f12771889520148edf780af,1,2,2,1
battlefy,5f2dcd7665209b4062699060,Kards Open #2,open,Day I & II Swiss,swiss,4,2020-08-29T18:42:30Z,bf:564e7b5b80b8db4a00c4ff9c,bf:5f3fbdaeb856d24e0965bbc4,2,0,1,1
battlefy,5f2dcd7665209b4062699060,Kards Open #2,open,Day I & II Swiss,swiss,4,2020-08-29T18:42:32Z,bf:5f11ff59eea71b24bc30ee0c,bf:5f3fc42472caf64e0f2b589c,1,2,2,1
battlefy,5f2dcd7665209b4062699060,Kards Open #2,open,Day I & II Swiss,swiss,4,2020-08-29T18:42:35Z,bf:5f148273cd3934118e03b196,bf:5f4a66a7629c8b6045fa11b9,0,2,2,1
battlefy,5f2dcd7665209b4062699060,Kards Open #2,open,Day I & II Swiss,swiss,4,2020-08-29T18:43:25Z,bf:5f31dbda9ab87f2e0c19cd0c,bf:5f3d0646dd76a928dceccb16,2,1,1,1
battlefy,5f2dcd7665209b4062699060,Kards Open #2,open,Day I & II Swiss,swiss,4,2020-08-29T18:43:55Z,bf:5f3858c1b83d9d2bb0609265,bf:5f3e11a1a3f8871d5075e3d0,2,1,1,1
battlefy,5f2dcd7665209b4062699060,Kards Open #2,open,Day I & II Swiss,swiss,4,2020-08-29T18:46:21Z,bf:5f318206a8e6c511a449d179,bf:5f32ca9074a4bd1196ff97d9,0,2,2,1
battlefy,5f2dcd7665209b4062699060,Kards Open #2,open,Day I & II Swiss,swiss,4,2020-08-29T18:47:46Z,bf:5f0f3d9e7c4df3491abfe047,bf:5ebea8a9bfed616b75962b6a,1,2,2,1
battlefy,5f2dcd7665209b4062699060,Kards Open #2,open,Day I & II Swiss,swiss,4,2020-08-29T18:48:03Z,bf:5f4318d1681ff84ab5ec92f9,bf:5f12273babfcb016362ad1d0,2,0,1,1
battlefy,5f2dcd7665209b4062699060,Kards Open #2,open,Day I & II Swiss,swiss,4,2020-08-29T18:48:42Z,bf:5eb7670e5e789b4b50a06de2,bf:5f0e248def3ab65b96796c3f,0,2,2,1
battlefy,5f2dcd7665209b4062699060,Kards Open #2,open,Day I & II Swiss,swiss,4,2020-08-29T18:48:45Z,bf:5d26bcf5c9bf6055b457dfb5,bf:5f169f65bcbe32117ff6eb42,2,0,1,1
battlefy,5f2dcd7665209b4062699060,Kards Open #2,open,Day I & II Swiss,swiss,4,2020-08-29T18:49:21Z,bf:5f464a379f8a441a7681100e,bf:544fd1e1a3aee26f0b100edb,0,2,2,1
battlefy,5f2dcd7665209b4062699060,Kards Open #2,open,Day I & II Swiss,swiss,4,2020-08-29T18:49:26Z,bf:5784f8bcf26da72d0cd20f65,bf:5f12bb564a28711494f1bd8d,2,0,1,1
battlefy,5f2dcd7665209b4062699060,Kards Open #2,open,Day I & II Swiss,swiss,4,2020-08-29T18:50:03Z,bf:5f176280381ccb11abff191f,bf:5f382e1f33118628f2f56ca7,0,2,2,1
battlefy,5f2dcd7665209b4062699060,Kards Open #2,open,Day I & II Swiss,swiss,4,2020-08-29T18:50:22Z,bf:5f3800b06ce6de28d63de960,bf:5f0eab817c4df3491abfd2e6,1,2,2,1
battlefy,5f2dcd7665209b4062699060,Kards Open #2,open,Day I & II Swiss,swiss,4,2020-08-29T18:51:08Z,bf:5f31e18d7bd80311ab780bcb,bf:5f32919a74a4bd1196ff9509,0,2,2,1
battlefy,5f2dcd7665209b4062699060,Kards Open #2,open,Day I & II Swiss,swiss,4,2020-08-29T18:53:18Z,bf:5f3304e930b92e118dbc4ad6,bf:5f4a40fd34f6ed5f7792170c,2,1,1,1
battlefy,5f2dcd7665209b4062699060,Kards Open #2,open,Day I & II Swiss,swiss,4,2020-08-29T18:53:55Z,bf:5f3b1ebadd76a928dceca753,bf:5f48837c34f6ed5f7791f82a,2,1,1,1
battlefy,5f2dcd7665209b4062699060,Kards Open #2,open,Day I & II Swiss,swiss,4,2020-08-29T18:54:08Z,bf:5f34d3bdacefe6118a5de444,bf:5f11d247160c3f2239e940a4,1,2,2,1
battlefy,5f2dcd7665209b4062699060,Kards Open #2,open,Day I & II Swiss,swiss,4,2020-08-29T18:55:15Z,bf:5f362c8703dbcc11d58d78e3,bf:5f4536884cbe7961ba1906fa,0,2,2,1
battlefy,5f2dcd7665209b4062699060,Kards Open #2,open,Day I & II Swiss,swiss,4,2020-08-29T18:56:32Z,bf:5f3321d98a94d511b1d67c5b,bf:5f354d22e4876e1184288d58,2,1,1,1
battlefy,5f2dcd7665209b4062699060,Kards Open #2,open,Day I & II Swiss,swiss,4,2020-08-29T18:58:54Z,bf:5f0df84e824086475be264b7,bf:5f105658eac9482569fb2be4,2,1,1,1
battlefy,5f2dcd7665209b4062699060,Kards Open #2,open,Day I & II Swiss,swiss,4,2020-08-29T19:28:53Z,bf:5f46ff72cff9bb4e25c82ac7,bf:5f38338163cc1128e5f86f97,1,2,2,1
battlefy,5f2dcd7665209b4062699060,Kards Open #2,open,Day I & II Swiss,swiss,4,2020-08-30T14:48:24Z,bf:5f332d0619fcf2666b2ac60a,bf:5f41a73ee7543f4a0a54f568,2,0,1,0
battlefy,5f2dcd7665209b4062699060,Kards Open #2,open,Day I & II Swiss,swiss,5,2020-08-30T15:16:29Z,bf:5f3858c1b83d9d2bb0609265,bf:5f351f60af063111a36d282b,0,2,2,1
battlefy,5f2dcd7665209b4062699060,Kards Open #2,open,Day I & II Swiss,swiss,5,2020-08-30T15:16:30Z,bf:5784f8bcf26da72d0cd20f65,bf:5f0f3d9e7c4df3491abfe047,0,2,2,1
battlefy,5f2dcd7665209b4062699060,Kards Open #2,open,Day I & II Swiss,swiss,5,2020-08-30T15:16:32Z,bf:5f1bad8bb4738624c4283cf6,bf:5f176280381ccb11abff191f,0,2,2,1
battlefy,5f2dcd7665209b4062699060,Kards Open #2,open,Day I & II Swiss,swiss,5,2020-08-30T15:16:54Z,bf:5f3ff2e624334d4ac794708e,bf:5f13f8f0381ccb11abfed78c,0,2,2,1
battlefy,5f2dcd7665209b4062699060,Kards Open #2,open,Day I & II Swiss,swiss,5,2020-08-30T15:16:59Z,bf:5f3ab4ce63cc1128e5f8a327,bf:5f1086f1160c3f2239e9225b,0,2,2,1
battlefy,5f2dcd7665209b4062699060,Kards Open #2,open,Day I & II Swiss,swiss,5,2020-08-30T15:17:02Z,bf:5f344b7a8a94d511b1d68a96,bf:5f11e67d85fecb25631448a0,0,2,2,1
battlefy,5f2dcd7665209b4062699060,Kards Open #2,open,Day I & II Swiss,swiss,5,2020-08-30T15:17:05Z,bf:5f369b86c897e0119e4ff6f8,bf:5f3fbdaeb856d24e0965bbc4,2,0,1,1
battlefy,5f2dcd7665209b4062699060,Kards Open #2,open,Day I & II Swiss,swiss,5,2020-08-30T15:17:44Z,bf:5f318206a8e6c511a449d179,bf:5f34d3bdacefe6118a5de444,0,2,2,1
battlefy,5f2dcd7665209b4062699060,Kards Open #2,open,Day I & II Swiss,swiss,5,2020-08-30T15:17:58Z,bf:5f3d19c7dd76a928dceccbcd,bf:5b0094b93d8b3603b86987cc,2,0,1,1
battlefy,5f2dcd7665209b4062699060,Kards Open #2,open,Day I & II Swiss,swiss,5,2020-08-30T15:20:07Z,bf:5f3800b06ce6de28d63de960,bf:5f3a8eb4dd76a928dcec9bec,0,0,0,0
battlefy,5f2dcd7665209b4062699060,Kards Open #2,open,Day I & II Swiss,swiss,5,2020-08-30T15:20:08Z,bf:5f3d0646dd76a928dceccb16,bf:5f4318d1681ff84ab5ec92f9,2,0,1,1
battlefy,5f2dcd7665209b4062699060,Kards Open #2,open,Day I & II Swiss,swiss,5,2020-08-30T15:20:30Z,bf:5f3e11a1a3f8871d5075e3d0,bf:5f1660782cba8f11c2a45e9c,2,0,1,0
battlefy,5f2dcd7665209b4062699060,Kards Open #2,open,Day I & II Swiss,swiss,5,2020-08-30T15:20:48Z,bf:5f0df84e824086475be264b7,bf:5eb65df574f31a11dd226b38,0,2,2,1
battlefy,5f2dcd7665209b4062699060,Kards Open #2,open,Day I & II Swiss,swiss,5,2020-08-30T15:22:56Z,bf:5f0eab817c4df3491abfd2e6,bf:5f11d0b0eea71b24bc30e84a,0,2,2,1
battlefy,5f2dcd7665209b4062699060,Kards Open #2,open,Day I & II Swiss,swiss,5,2020-08-30T15:23:11Z,bf:5f36dc4b98f0a311ad32446c,bf:5f12273babfcb016362ad1d0,2,0,1,1
battlefy,5f2dcd7665209b4062699060,Kards Open #2,open,Day I & II Swiss,swiss,5,2020-08-30T15:23:16Z,bf:5f3321d98a94d511b1d67c5b,bf:5d26bcf5c9bf6055b457dfb5,2,0,1,1
battlefy,5f2dcd7665209b4062699060,Kards Open #2,open,Day I & II Swiss,swiss,5,2020-08-30T15:26:00Z,bf:5f3fc42472caf64e0f2b589c,bf:5f0e248def3ab65b96796c3f,0,2,2,1
battlefy,5f2dcd7665209b4062699060,Kards Open #2,open,Day I & II Swiss,swiss,5,2020-08-30T15:27:42Z,bf:5c4dca4fa9f6820352797666,bf:5f11ff59eea71b24bc30ee0c,2,0,1,1
battlefy,5f2dcd7665209b4062699060,Kards Open #2,open,Day I & II Swiss,swiss,5,2020-08-30T15:28:13Z,bf:5f38338163cc1128e5f86f97,bf:5ec99a6d5cb5d5345c7fdf7c,0,2,2,1
battlefy,5f2dcd7665209b4062699060,Kards Open #2,open,Day I & II Swiss,swiss,5,2020-08-30T15:31:07Z,bf:5f362c8703dbcc11d58d78e3,bf:5f318c62af063111a36cedab,2,1,1,1
battlefy,5f2dcd7665209b4062699060,Kards Open #2,open,Day I & II Swiss,swiss,5,2020-08-30T15:32:16Z,bf:5f48837c34f6ed5f7791f82a,bf:564e7b5b80b8db4a00c4ff9c,0,2,2,1
battlefy,5f2dcd7665209b4062699060,Kards Open #2,open,Day I & II Swiss,swiss,5,2020-08-30T15:33:06Z,bf:5f3b1ebadd76a928dceca753,bf:5f4536884cbe7961ba1906fa,0,2,2,1
battlefy,5f2dcd7665209b4062699060,Kards Open #2,open,Day I & II Swiss,swiss,5,2020-08-30T15:34:05Z,bf:5ebea8a9bfed616b75962b6a,bf:5f32ca9074a4bd1196ff97d9,2,0,1,1
battlefy,5f2dcd7665209b4062699060,Kards Open #2,open,Day I & II Swiss,swiss,5,2020-08-30T15:34:08Z,bf:5ee6c5f92764fc7a784c6f9e,bf:5f4a40fd34f6ed5f7792170c,1,2,2,1
battlefy,5f2dcd7665209b4062699060,Kards Open #2,open,Day I & II Swiss,swiss,5,2020-08-30T15:34:53Z,bf:5f41a73ee7543f4a0a54f568,bf:5f382e1f33118628f2f56ca7,2,1,1,1
battlefy,5f2dcd7665209b4062699060,Kards Open #2,open,Day I & II Swiss,swiss,5,2020-08-30T15:35:22Z,bf:5f105658eac9482569fb2be4,bf:5f0cd40c3087a65e039603f4,2,0,1,1
battlefy,5f2dcd7665209b4062699060,Kards Open #2,open,Day I & II Swiss,swiss,5,2020-08-30T15:35:51Z,bf:5f1b48d1abfcb016362ba48e,bf:5f1539bacfac0e373c6166ce,2,1,1,1
battlefy,5f2dcd7665209b4062699060,Kards Open #2,open,Day I & II Swiss,swiss,5,2020-08-30T15:39:22Z,bf:5f0e37b37c5e104738aebbe3,bf:5f32c6147bd80311ab78193f,2,1,1,1
battlefy,5f2dcd7665209b4062699060,Kards Open #2,open,Day I & II Swiss,swiss,5,2020-08-30T15:40:33Z,bf:5f4a66a7629c8b6045fa11b9,bf:5f31dbda9ab87f2e0c19cd0c,0,2,2,1
battlefy,5f2dcd7665209b4062699060,Kards Open #2,open,Day I & II Swiss,swiss,5,2020-08-30T15:40:48Z,bf:5f3304e930b92e118dbc4ad6,bf:5eb7670e5e789b4b50a06de2,0,2,2,1
battlefy,5f2dcd7665209b4062699060,Kards Open #2,open,Day I & II Swiss,swiss,5,2020-08-30T15:42:15Z,bf:5f32abe69ab87f2e0c19e0b7,bf:5f12bb564a28711494f1bd8d,1,2,2,1
battlefy,5f2dcd7665209b4062699060,Kards Open #2,open,Day I & II Swiss,swiss,5,2020-08-30T15:42:32Z,bf:5f140c57341d821185ca56df,bf:5b38c676cbd82c03a4f28e8f,0,2,2,0
battlefy,5f2dcd7665209b4062699060,Kards Open #2,open,Day I & II Swiss,swiss,5,2020-08-30T15:43:17Z,bf:5f169f65bcbe32117ff6eb42,bf:5f0f2f19ef3ab65b96797ada,2,1,1,1
battlefy,5f2dcd7665209b4062699060,Kards Open #2,open,Day I & II Swiss,swiss,5,2020-08-30T15:46:13Z,bf:5f11d247160c3f2239e940a4,bf:5f12771889520148edf780af,2,1,1,1
battlefy,5f2dcd7665209b4062699060,Kards Open #2,open,Day I & II Swiss,swiss,5,2020-08-30T15:48:12Z,bf:5f31e18d7bd80311ab780bcb,bf:544fd1e1a3aee26f0b100edb,2,1,1,1
battlefy,5f2dcd7665209b4062699060,Kards Open #2,open,Day I & II Swiss,swiss,5,2020-08-30T15:48:26Z,bf:5f102c329d4b3024dce6f5dd,bf:5f46ff72cff9bb4e25c82ac7,0,2,2,0
battlefy,5f2dcd7665209b4062699060,Kards Open #2,open,Day I & II Swiss,swiss,5,2020-08-30T15:48:38Z,bf:5f148273cd3934118e03b196,bf:5f4a2d8c76b8305ffaa376af,2,0,1,0
battlefy,5f2dcd7665209b4062699060,Kards Open #2,open,Day I & II Swiss,swiss,5,2020-08-30T15:53:13Z,bf:5ebc5c7aec210a06ae04d4d4,bf:5f32919a74a4bd1196ff9509,1,2,2,1
battlefy,5f2dcd7665209b4062699060,Kards Open #2,open,Day I & II Swiss,swiss,5,2020-08-30T16:03:32Z,bf:5f3846d25b41bf2bd0fe2207,bf:5f4022e92736604a195ffbfb,0,0,0,0
battlefy,5f2dcd7665209b4062699060,Kards Open #2,open,Day I & II Swiss,swiss,5,2020-08-30T16:05:05Z,bf:5f354d22e4876e1184288d58,bf:5f464a379f8a441a7681100e,1,2,2,1
battlefy,5f2dcd7665209b4062699060,Kards Open #2,open,Day I & II Swiss,swiss,6,2020-08-30T16:17:28Z,bf:5f31dbda9ab87f2e0c19cd0c,bf:5c4dca4fa9f6820352797666,0,2,2,1
battlefy,5f2dcd7665209b4062699060,Kards Open #2,open,Day I & II Swiss,swiss,6,2020-08-30T16:18:43Z,bf:5f12273babfcb016362ad1d0,bf:5f3846d25b41bf2bd0fe2207,2,0,1,0
battlefy,5f2dcd7665209b4062699060,Kards Open #2,open,Day I & II Swiss,swiss,6,2020-08-30T16:18:56Z,bf:5f354d22e4876e1184288d58,bf:5f1bad8bb4738624c4283cf6,2,0,1,0
battlefy,5f2dcd7665209b4062699060,Kards Open #2,open,Day I & II Swiss,swiss,6,2020-08-30T16:19:24Z,bf:5f3ab4ce63cc1128e5f8a327,bf:5ee6c5f92764fc7a784c6f9e,0,2,2,0
battlefy,5f2dcd7665209b4062699060,Kards Open #2,open,Day I & II Swiss,swiss,6,2020-08-30T16:19:34Z,bf:5f3858c1b83d9d2bb0609265,bf:5f12bb564a28711494f1bd8d,0,2,2,0
battlefy,5f2dcd7665209b4062699060,Kards Open #2,open,Day I & II Swiss,swiss,6,2020-08-30T16:20:09Z,bf:5f32abe69ab87f2e0c19e0b7,bf:5f4022e92736604a195ffbfb,2,0,1,0
battlefy,5f2dcd7665209b4062699060,Kards Open #2,open,Day I & II Swiss,swiss,6,2020-08-30T16:20:20Z,bf:5b0094b93d8b3603b86987cc,bf:5f3e11a1a3f8871d5075e3d0,0,2,2,0
battlefy,5f2dcd7665209b4062699060,Kards Open #2,open,Day I & II Swiss,swiss,6,2020-08-30T16:20:31Z,bf:5f0eab817c4df3491abfd2e6,bf:5f318206a8e6c511a449d179,2,0,1,0
battlefy,5f2dcd7665209b4062699060,Kards Open #2,open,Day I & II Swiss,swiss,6,2020-08-30T16:22:17Z,bf:5ebea8a9bfed616b75962b6a,bf:564e7b5b80b8db4a00c4ff9c,0,2,2,1
battlefy,5f2dcd7665209b4062699060,Kards Open #2,open,Day I & II Swiss,swiss,6,2020-08-30T16:22:39Z,bf:5f362c8703dbcc11d58d78e3,bf:5ebc5c7aec210a06ae04d4d4,2,0,1,1
battlefy,5f2dcd7665209b4062699060,Kards Open #2,open,Day I & II Swiss,swiss,6,2020-08-30T16:22:57Z,bf:5f3ff2e624334d4ac794708e,bf:5f48837c34f6ed5f7791f82a,0,2,2,0
battlefy,5f2dcd7665209b4062699060,Kards Open #2,open,Day I & II Swiss,swiss,6,2020-08-30T16:23:29Z,bf:5f1086f1160c3f2239e9225b,bf:5784f8bcf26da72d0cd20f65,2,0,1,0
battlefy,5f2dcd7665209b4062699060,Kards Open #2,open,Day I & II Swiss,swiss,6,2020-08-30T16:24:46Z,bf:5f0e248def3ab65b96796c3f,bf:5f0df84e824086475be264b7,2,0,1,1
battlefy,5f2dcd7665209b4062699060,Kards Open #2,open,Day I & II Swiss,swiss,6,2020-08-30T16:25:39Z,bf:5f36dc4b98f0a311ad32446c,bf:5f176280381ccb11abff191f,2,0,1,1
battlefy,5f2dcd7665209b4062699060,Kards Open #2,open,Day I & II Swiss,swiss,6,2020-08-30T16:27:02Z,bf:5ec99a6d5cb5d5345c7fdf7c,bf:5f3321d98a94d511b1d67c5b,2,1,1,1
battlefy,5f2dcd7665209b4062699060,Kards Open #2,open,Day I & II Swiss,swiss,6,2020-08-30T16:27:08Z,bf:5f46ff72cff9bb4e25c82ac7,bf:5f11e67d85fecb25631448a0,0,2,2,1
battlefy,5f2dcd7665209b4062699060,Kards Open #2,open,Day I & II Swiss,swiss,6,2020-08-30T16:28:05Z,bf:5f4a40fd34f6ed5f7792170c,bf:5f0f2f19ef3ab65b96797ada,2,0,1,0
battlefy,5f2dcd7665209b4062699060,Kards Open #2,open,Day I & II Swiss,swiss,6,2020-08-30T16:28:36Z,bf:5f4a66a7629c8b6045fa11b9,bf:5f351f60af063111a36d282b,0,2,2,1
battlefy,5f2dcd7665209b4062699060,Kards Open #2,open,Day I & II Swiss,swiss,6,2020-08-30T16:29:00Z,bf:5f3d0646dd76a928dceccb16,bf:5f148273cd3934118e03b196,2,1,1,1
battlefy,5f2dcd7665209b4062699060,Kards Open #2,open,Day I & II Swiss,swiss,6,2020-08-30T16:30:55Z,bf:5eb7670e5e789b4b50a06de2,bf:5f41a73ee7543f4a0a54f568,2,0,1,1
battlefy,5f2dcd7665209b4062699060,Kards Open #2,open,Day I & II Swiss,swiss,6,2020-08-30T16:31:08Z,bf:5f369b86c897e0119e4ff6f8,bf:5f1b48d1abfcb016362ba48e,0,2,2,1
battlefy,5f2dcd7665209b4062699060,Kards Open #2,open,Day I & II Swiss,swiss,6,2020-08-30T16:33:43Z,bf:5f34d3bdacefe6118a5de444,bf:5f12771889520148edf780af,1,2,2,1
battlefy,5f2dcd7665209b4062699060,Kards Open #2,open,Day I & II Swiss,swiss,6,2020-08-30T16:34:43Z,bf:5f344b7a8a94d511b1d68a96,bf:5f3fbdaeb856d24e0965bbc4,0,0,0,0
battlefy,5f2dcd7665209b4062699060,Kards Open #2,open,Day I & II Swiss,swiss,6,2020-08-30T16:34:43Z,bf:5f0f3d9e7c4df3491abfe047,bf:5f32c6147bd80311ab78193f,1,2,2,1
battlefy,5f2dcd7665209b4062699060,Kards Open #2,open,Day I & II Swiss,swiss,6,2020-08-30T16:35:06Z,bf:5b38c676cbd82c03a4f28e8f,bf:5f11d247160c3f2239e940a4,2,0,1,1
battlefy,5f2dcd7665209b4062699060,Kards Open #2,open,Day I & II Swiss,swiss,6,2020-08-30T16:35:08Z,bf:5f169f65bcbe32117ff6eb42,bf:5f464a379f8a441a7681100e,0,2,2,1
battlefy,5f2dcd7665209b4062699060,Kards Open #2,open,Day I & II Swiss,swiss,6,2020-08-30T16:35:23Z,bf:5f4318d1681ff84ab5ec92f9,bf:5f382e1f33118628f2f56ca7,1,2,2,1
battlefy,5f2dcd7665209b4062699060,Kards Open #2,open,Day I & II Swiss,swiss,6,2020-08-30T16:35:40Z,bf:5f0cd40c3087a65e039603f4,bf:5f318c62af063111a36cedab,2,0,1,1
battlefy,5f2dcd7665209b4062699060,Kards Open #2,open,Day I & II Swiss,swiss,6,2020-08-30T16:36:03Z,bf:5f3304e930b92e118dbc4ad6,bf:5f1539bacfac0e373c6166ce,2,0,1,1
battlefy,5f2dcd7665209b4062699060,Kards Open #2,open,Day I & II Swiss,swiss,6,2020-08-30T16:36:28Z,bf:5eb65df574f31a11dd226b38,bf:5f3b1ebadd76a928dceca753,2,1,1,1
battlefy,5f2dcd7665209b4062699060,Kards Open #2,open,Day I & II Swiss,swiss,6,2020-08-30T16:36:32Z,bf:5f0e37b37c5e104738aebbe3,bf:5f3fc42472caf64e0f2b589c,2,1,1,1
battlefy,5f2dcd7665209b4062699060,Kards Open #2,open,Day I & II Swiss,swiss,6,2020-08-30T16:37:26Z,bf:5d26bcf5c9bf6055b457dfb5,bf:5f11ff59eea71b24bc30ee0c,2,0,1,1
battlefy,5f2dcd7665209b4062699060,Kards Open #2,open,Day I & II Swiss,swiss,6,2020-08-30T16:39:46Z,bf:5f13f8f0381ccb11abfed78c,bf:5f11d0b0eea71b24bc30e84a,1,2,2,1
battlefy,5f2dcd7665209b4062699060,Kards Open #2,open,Day I & II Swiss,swiss,6,2020-08-30T16:41:01Z,bf:5f105658eac9482569fb2be4,bf:5f31e18d7bd80311ab780bcb,0,2,2,1
battlefy,5f2dcd7665209b4062699060,Kards Open #2,open,Day I & II Swiss,swiss,6,2020-08-30T16:41:18Z,bf:5f32ca9074a4bd1196ff97d9,bf:544fd1e1a3aee26f0b100edb,2,1,1,1
battlefy,5f2dcd7665209b4062699060,Kards Open #2,open,Day I & II Swiss,swiss,6,2020-08-30T16:48:57Z,bf:5f38338163cc1128e5f86f97,bf:5f3d19c7dd76a928dceccbcd,1,2,2,1
battlefy,5f2dcd7665209b4062699060,Kards Open #2,open,Day I & II Swiss,swiss,6,2020-08-30T16:57:54Z,bf:5f4536884cbe7961ba1906fa,bf:5f32919a74a4bd1196ff9509,0,2,2,1
battlefy,5f2dcd7665209b4062699060,Kards Open #2,open,Day I & II Swiss,swiss,7,2020-08-30T17:06:27Z,bf:5f382e1f33118628f2f56ca7,bf:5f46ff72cff9bb4e25c82ac7,2,0,1,0
battlefy,5f2dcd7665209b4062699060,Kards Open #2,open,Day I & II Swiss,swiss,7,2020-08-30T17:11:18Z,bf:5f4a66a7629c8b6045fa11b9,bf:5f13f8f0381ccb11abfed78c,0,2,2,1
battlefy,5f2dcd7665209b4062699060,Kards Open #2,open,Day I & II Swiss,swiss,7,2020-08-30T17:11:44Z,bf:5f1539bacfac0e373c6166ce,bf:5f32abe69ab87f2e0c19e0b7,2,0,1,1
battlefy,5f2dcd7665209b4062699060,Kards Open #2,open,Day I & II Swiss,swiss,7,2020-08-30T17:16:06Z,bf:5f3321d98a94d511b1d67c5b,bf:5ebea8a9bfed616b75962b6a,0,2,2,1
battlefy,5f2dcd7665209b4062699060,Kards Open #2,open,Day I & II Swiss,swiss,7,2020-08-30T17:16:23Z,bf:5f176280381ccb11abff191f,bf:5f344b7a8a94d511b1d68a96,2,0,1,1
battlefy,5f2dcd7665209b4062699060,Kards Open #2,open,Day I & II Swiss,swiss,7,2020-08-30T17:18:02Z,bf:5f38338163cc1128e5f86f97,bf:5f4a40fd34f6ed5f7792170c,0,2,2,1
battlefy,5f2dcd7665209b4062699060,Kards Open #2,open,Day I & II Swiss,swiss,7,2020-08-30T17:19:55Z,bf:5f31e18d7bd80311ab780bcb,bf:564e7b5b80b8db4a00c4ff9c,0,2,2,1
battlefy,5f2dcd7665209b4062699060,Kards Open #2,open,Day I & II Swiss,swiss,7,2020-08-30T17:19:55Z,bf:5f3b1ebadd76a928dceca753,bf:5f12771889520148edf780af,1,2,2,1
battlefy,5f2dcd7665209b4062699060,Kards Open #2,open,Day I & II Swiss,swiss,7,2020-08-30T17:20:02Z,bf:5ec99a6d5cb5d5345c7fdf7c,bf:5eb7670e5e789b4b50a06de2,2,0,1,1
battlefy,5f2dcd7665209b4062699060,Kards Open #2,open,Day I & II Swiss,swiss,7,2020-08-30T17:22:37Z,bf:5f1086f1160c3f2239e9225b,bf:5f318c62af063111a36cedab,0,2,2,1
battlefy,5f2dcd7665209b4062699060,Kards Open #2,open,Day I & II Swiss,swiss,7,2020-08-30T17:23:07Z,bf:5f11d0b0eea71b24bc30e84a,bf:5f1b48d1abfcb016362ba48e,0,2,2,1
battlefy,5f2dcd7665209b4062699060,Kards Open #2,open,Day I & II Swiss,swiss,7,2020-08-30T17:23:11Z,bf:5f36dc4b98f0a311ad32446c,bf:5f3e11a1a3f8871d5075e3d0,2,1,1,1
battlefy,5f2dcd7665209b4062699060,Kards Open #2,open,Day I & II Swiss,swiss,7,2020-08-30T17:23:46Z,bf:5f0e37b37c5e104738aebbe3,bf:5f0e248def3ab65b96796c3f,2,0,1,1
battlefy,5f2dcd7665209b4062699060,Kards Open #2,open,Day I & II Swiss,swiss,7,2020-08-30T17:23:57Z,bf:5f3d19c7dd76a928dceccbcd,bf:5f3fc42472caf64e0f2b589c,1,2,2,1
battlefy,5f2dcd7665209b4062699060,Kards Open #2,open,Day I & II Swiss,swiss,7,2020-08-30T17:24:11Z,bf:5f0eab817c4df3491abfd2e6,bf:5f41a73ee7543f4a0a54f568,0,2,2,1
battlefy,5f2dcd7665209b4062699060,Kards Open #2,open,Day I & II Swiss,swiss,7,2020-08-30T17:24:53Z,bf:5f105658eac9482569fb2be4,bf:5f351f60af063111a36d282b,2,1,1,1
battlefy,5f2dcd7665209b4062699060,Kards Open #2,open,Day I & II Swiss,swiss,7,2020-08-30T17:26:53Z,bf:5f369b86c897e0119e4ff6f8,bf:5f0f3d9e7c4df3491abfe047,2,1,1,1
battlefy,5f2dcd7665209b4062699060,Kards Open #2,open,Day I & II Swiss,swiss,7,2020-08-30T17:26:57Z,bf:5b38c676cbd82c03a4f28e8f,bf:5f362c8703dbcc11d58d78e3,2,0,1,1
battlefy,5f2dcd7665209b4062699060,Kards Open #2,open,Day I & II Swiss,swiss,7,2020-08-30T17:27:31Z,bf:5f3d0646dd76a928dceccb16,bf:5f11d247160c3f2239e940a4,1,2,2,1
battlefy,5f2dcd7665209b4062699060,Kards Open #2,open,Day I & II Swiss,swiss,7,2020-08-30T17:27:35Z,bf:5f11e67d85fecb25631448a0,bf:5d26bcf5c9bf6055b457dfb5,2,0,1,1
battlefy,5f2dcd7665209b4062699060,Kards Open #2,open,Day I & II Swiss,swiss,7,2020-08-30T17:29:26Z,bf:5f0df84e824086475be264b7,bf:5ebc5c7aec210a06ae04d4d4,1,2,2,1
battlefy,5f2dcd7665209b4062699060,Kards Open #2,open,Day I & II Swiss,swiss,7,2020-08-30T17:30:42Z,bf:5ee6c5f92764fc7a784c6f9e,bf:5f12273babfcb016362ad1d0,2,0,1,1
battlefy,5f2dcd7665209b4062699060,Kards Open #2,open,Day I & II Swiss,swiss,7,2020-08-30T17:30:58Z,bf:5f48837c34f6ed5f7791f82a,bf:5f0cd40c3087a65e039603f4,1,2,2,1
battlefy,5f2dcd7665209b4062699060,Kards Open #2,open,Day I & II Swiss,swiss,7,2020-08-30T17:33:40Z,bf:5f169f65bcbe32117ff6eb42,bf:5f3304e930b92e118dbc4ad6,1,2,2,1
battlefy,5f2dcd7665209b4062699060,Kards Open #2,open,Day I & II Swiss,swiss,7,2020-08-30T17:34:15Z,bf:5f34d3bdacefe6118a5de444,bf:544fd1e1a3aee26f0b100edb,0,2,2,1
battlefy,5f2dcd7665209b4062699060,Kards Open #2,open,Day I & II Swiss,swiss,7,2020-08-30T17:34:16Z,bf:5f4536884cbe7961ba1906fa,bf:5c4dca4fa9f6820352797666,2,0,1,1
battlefy,5f2dcd7665209b4062699060,Kards Open #2,open,Day I & II Swiss,swiss,7,2020-08-30T17:35:16Z,bf:5f32ca9074a4bd1196ff97d9,bf:5f464a379f8a441a7681100e,1,2,2,1
battlefy,5f2dcd7665209b4062699060,Kards Open #2,open,Day I & II Swiss,swiss,7,2020-08-30T17:37:50Z,bf:5f148273cd3934118e03b196,bf:5f11ff59eea71b24bc30ee0c,2,0,1,1
battlefy,5f2dcd7665209b4062699060,Kards Open #2,open,Day I & II Swiss,swiss,7,2020-08-30T17:38:44Z,bf:5f354d22e4876e1184288d58,bf:5f12bb564a28711494f1bd8d,2,0,1,0
battlefy,5f2dcd7665209b4062699060,Kards Open #2,open,Day I & II Swiss,swiss,7,2020-08-30T17:50:10Z,bf:5eb65df574f31a11dd226b38,bf:5f32919a74a4bd1196ff9509,2,1,1,1
battlefy,5f2dcd7665209b4062699060,Kards Open #2,open,Day I & II Swiss,swiss,7,2020-08-30T17:57:13Z,bf:5f31dbda9ab87f2e0c19cd0c,bf:5f32c6147bd80311ab78193f,1,2,2,1
battlefy,5f2dcd7665209b4062699060,Kards Open #2,open,Day I & II Swiss,swiss,8,2020-08-30T18:08:44Z,bf:5f0df84e824086475be264b7,bf:5f148273cd3934118e03b196,0,2,2,1
battlefy,5f2dcd7665209b4062699060,Kards Open #2,open,Day I & II Swiss,swiss,8,2020-08-30T18:08:47Z,bf:5f176280381ccb11abff191f,bf:5f4a66a7629c8b6045fa11b9,2,0,1,1
battlefy,5f2dcd7665209b4062699060,Kards Open #2,open,Day I & II Swiss,swiss,8,2020-08-30T18:08:57Z,bf:5f382e1f33118628f2f56ca7,bf:5f3b1ebadd76a928dceca753,2,0,1,1
battlefy,5f2dcd7665209b4062699060,Kards Open #2,open,Day I & II Swiss,swiss,8,2020-08-30T18:09:36Z,bf:5f0eab817c4df3491abfd2e6,bf:5f11ff59eea71b24bc30ee0c,2,0,1,1
battlefy,5f2dcd7665209b4062699060,Kards Open #2,open,Day I & II Swiss,swiss,8,2020-08-30T18:09:50Z,bf:5f4318d1681ff84ab5ec92f9,bf:5f344b7a8a94d511b1d68a96,2,0,1,1
battlefy,5f2dcd7665209b4062699060,Kards Open #2,open,Day I & II Swiss,swiss,8,2020-08-30T18:10:16Z,bf:5eb7670e5e789b4b50a06de2,bf:5f32ca9074a4bd1196ff97d9,2,0,1,1
battlefy,5f2dcd7665209b4062699060,Kards Open #2,open,Day I & II Swiss,swiss,8,2020-08-30T18:11:06Z,bf:5f3d0646dd76a928dceccb16,bf:5f351f60af063111a36d282b,0,2,2,1
battlefy,5f2dcd7665209b4062699060,Kards Open #2,open,Day I & II Swiss,swiss,8,2020-08-30T18:13:46Z,bf:5f169f65bcbe32117ff6eb42,bf:5f3e11a1a3f8871d5075e3d0,2,0,1,1
battlefy,5f2dcd7665209b4062699060,Kards Open #2,open,Day I & II Swiss,swiss,8,2020-08-30T18:14:52Z,bf:5f36dc4b98f0a311ad32446c,bf:5f3304e930b92e118dbc4ad6,2,1,1,1
battlefy,5f2dcd7665209b4062699060,Kards Open #2,open,Day I & II Swiss,swiss,8,2020-08-30T18:15:05Z,bf:5f362c8703dbcc11d58d78e3,bf:5f11e67d85fecb25631448a0,0,2,2,1
battlefy,5f2dcd7665209b4062699060,Kards Open #2,open,Day I & II Swiss,swiss,8,2020-08-30T18:15:47Z,bf:564e7b5b80b8db4a00c4ff9c,bf:5f0e37b37c5e104738aebbe3,0,2,2,1
battlefy,5f2dcd7665209b4062699060,Kards Open #2,open,Day I & II Swiss,swiss,8,2020-08-30T18:17:45Z,bf:5f369b86c897e0119e4ff6f8,bf:5f318c62af063111a36cedab,0,2,2,1
battlefy,5f2dcd7665209b4062699060,Kards Open #2,open,Day I & II Swiss,swiss,8,2020-08-30T18:17:46Z,bf:5f1086f1160c3f2239e9225b,bf:5f0f3d9e7c4df3491abfe047,0,2,2,1
battlefy,5f2dcd7665209b4062699060,Kards Open #2,open,Day I & II Swiss,swiss,8,2020-08-30T18:17:57Z,bf:5f3d19c7dd76a928dceccbcd,bf:5f4a40fd34f6ed5f7792170c,2,0,1,1
battlefy,5f2dcd7665209b4062699060,Kards Open #2,open,Day I & II Swiss,swiss,8,2020-08-30T18:18:07Z,bf:5f12771889520148edf780af,bf:5f105658eac9482569fb2be4,0,2,2,1
battlefy,5f2dcd7665209b4062699060,Kards Open #2,open,Day I & II Swiss,swiss,8,2020-08-30T18:18:50Z,bf:5c4dca4fa9f6820352797666,bf:5f3fc42472caf64e0f2b589c,1,2,2,1
battlefy,5f2dcd7665209b4062699060,Kards Open #2,open,Day I & II Swiss,swiss,8,2020-08-30T18:19:14Z,bf:5f464a379f8a441a7681100e,bf:5ebc5c7aec210a06ae04d4d4,0,2,2,1
battlefy,5f2dcd7665209b4062699060,Kards Open #2,open,Day I & II Swiss,swiss,8,2020-08-30T18:19:37Z,bf:5f1b48d1abfcb016362ba48e,bf:5f0e248def3ab65b96796c3f,1,2,2,1
battlefy,5f2dcd7665209b4062699060,Kards Open #2,open,Day I & II Swiss,swiss,8,2020-08-30T18:20:36Z,bf:5f1539bacfac0e373c6166ce,bf:5f12273babfcb016362ad1d0,2,0,1,1
battlefy,5f2dcd7665209b4062699060,Kards Open #2,open,Day I & II Swiss,swiss,8,2020-08-30T18:21:32Z,bf:5f41a73ee7543f4a0a54f568,bf:5f3321d98a94d511b1d67c5b,1,2,2,1
battlefy,5f2dcd7665209b4062699060,Kards Open #2,open,Day I & II Swiss,swiss,8,2020-08-30T18:23:03Z,bf:5f34d3bdacefe6118a5de444,bf:5f12bb564a28711494f1bd8d,2,0,1,1
battlefy,5f2dcd7665209b4062699060,Kards Open #2,open,Day I & II Swiss,swiss,8,2020-08-30T18:24:12Z,bf:5f11d0b0eea71b24bc30e84a,bf:5f31dbda9ab87f2e0c19cd0c,1,2,2,1
battlefy,5f2dcd7665209b4062699060,Kards Open #2,open,Day I & II Swiss,swiss,8,2020-08-30T18:28:37Z,bf:544fd1e1a3aee26f0b100edb,bf:5f48837c34f6ed5f7791f82a,0,2,2,1
battlefy,5f2dcd7665209b4062699060,Kards Open #2,open,Day I & II Swiss,swiss,8,2020-08-30T18:29:03Z,bf:5b38c676cbd82c03a4f28e8f,bf:5f31e18d7bd80311ab780bcb,2,0,1,1
battlefy,5f2dcd7665209b4062699060,Kards Open #2,open,Day I & II Swiss,swiss,8,2020-08-30T18:31:52Z,bf:5ec99a6d5cb5d5345c7fdf7c,bf:5f32919a74a4bd1196ff9509,2,0,1,1
battlefy,5f2dcd7665209b4062699060,Kards Open #2,open,Day I & II Swiss,swiss,8,2020-08-30T18:34:58Z,bf:5eb65df574f31a11dd226b38,bf:5f4536884cbe7961ba1906fa,2,1,1,1
battlefy,5f2dcd7665209b4062699060,Kards Open #2,open,Day I & II Swiss,swiss,8,2020-08-30T18:42:31Z,bf:5f32c6147bd80311ab78193f,bf:5f0cd40c3087a65e039603f4,0,2,2,1
battlefy,5f2dcd7665209b4062699060,Kards Open #2,open,Day I & II Swiss,swiss,8,2020-08-30T18:46:13Z,bf:5f11d247160c3f2239e940a4,bf:5ebea8a9bfed616b75962b6a,2,0,1,1
battlefy,5f2dcd7665209b4062699060,Kards Open #2,open,Day I & II Swiss,swiss,8,2020-08-30T18:59:32Z,bf:5f13f8f0381ccb11abfed78c,bf:5d26bcf5c9bf6055b457dfb5,1,2,2,1
battlefy,5f2dcd7665209b4062699060,Kards Open #2,open,Day I & II Swiss,swiss,8,2020-08-30T19:03:06Z,bf:5ee6c5f92764fc7a784c6f9e,bf:5f38338163cc1128e5f86f97,2,1,1,1
battlefy,5f2dcd7665209b4062699060,Kards Open #2,open,Day III Top 8,elimination,1,2020-09-05T15:29:09Z,bf:5eb65df574f31a11dd226b38,bf:5ebc5c7aec210a06ae04d4d4,3,0,1,1
battlefy,5f2dcd7665209b4062699060,Kards Open #2,open,Day III Top 8,elimination,1,2020-09-05T15:43:35Z,bf:5f0e37b37c5e104738aebbe3,bf:564e7b5b80b8db4a00c4ff9c,0,3,2,1
battlefy,5f2dcd7665209b4062699060,Kards Open #2,open,Day III Top 8,elimination,1,2020-09-05T16:18:58Z,bf:5ec99a6d5cb5d5345c7fdf7c,bf:5f4536884cbe7961ba1906fa,3,2,1,1
battlefy,5f2dcd7665209b4062699060,Kards Open #2,open,Day III Top 8,elimination,1,2020-09-05T17:11:22Z,bf:5b38c676cbd82c03a4f28e8f,bf:5f32919a74a4bd1196ff9509,3,1,1,1
battlefy,5f2dcd7665209b4062699060,Kards Open #2,open,Day III Top 8,elimination,2,2020-09-05T17:43:47Z,bf:5eb65df574f31a11dd226b38,bf:5b38c676cbd82c03a4f28e8f,3,0,1,1
battlefy,5f2dcd7665209b4062699060,Kards Open #2,open,Day III Top 8,elimination,2,2020-09-05T18:34:09Z,bf:5ec99a6d5cb5d5345c7fdf7c,bf:564e7b5b80b8db4a00c4ff9c,2,3,2,1
battlefy,5f2dcd7665209b4062699060,Kards Open #2,open,Day III Top 8,elimination,3,2020-09-05T19:12:05Z,bf:5eb65df574f31a11dd226b38,bf:564e7b5b80b8db4a00c4ff9c,3,0,1,1
battlefy,5f2dcd7665209b4062699060,Kards Open #2,open,Day III Top 8,elimination,0,2020-09-05T19:31:23Z,bf:5b38c676cbd82c03a4f28e8f,bf:5ec99a6d5cb5d5345c7fdf7c,3,2,1,1
battlefy,5f6b67ca07b68c11a7e9239b,Homebrew Brawl - Singleton,community,Singleton,elimination,2,2020-09-27T15:25:42Z,bf:5f0f3d9e7c4df3491abfe047,bf:5ec99a6d5cb5d5345c7fdf7c,0,2,2,1
battlefy,5f6b67ca07b68c11a7e9239b,Homebrew Brawl - Singleton,community,Singleton,elimination,2,2020-09-27T15:28:12Z,bf:5f0e76497c4df3491abfd06c,bf:5f11d247160c3f2239e940a4,0,2,2,1
battlefy,5f6b67ca07b68c11a7e9239b,Homebrew Brawl - Singleton,community,Singleton,elimination,2,2020-09-27T15:32:02Z,bf:5f32c6147bd80311ab78193f,bf:5f0cd40c3087a65e039603f4,2,1,1,1
battlefy,5f6b67ca07b68c11a7e9239b,Homebrew Brawl - Singleton,community,Singleton,elimination,2,2020-09-27T15:40:21Z,bf:5f3fc42472caf64e0f2b589c,bf:5eb65df574f31a11dd226b38,0,2,2,1
battlefy,5f6b67ca07b68c11a7e9239b,Homebrew Brawl - Singleton,community,Singleton,elimination,2,2020-09-27T15:42:41Z,bf:5f3304e930b92e118dbc4ad6,bf:564e7b5b80b8db4a00c4ff9c,0,2,2,1
battlefy,5f6b67ca07b68c11a7e9239b,Homebrew Brawl - Singleton,community,Singleton,elimination,3,2020-09-27T16:05:32Z,bf:5f32c6147bd80311ab78193f,bf:5eb65df574f31a11dd226b38,0,2,2,1
battlefy,5f6b67ca07b68c11a7e9239b,Homebrew Brawl - Singleton,community,Singleton,elimination,1,2020-09-27T18:24:18Z,bf:5f362c8703dbcc11d58d78e3,bf:5eb7670e5e789b4b50a06de2,1,2,2,1
battlefy,5f6b67ca07b68c11a7e9239b,Homebrew Brawl - Singleton,community,Singleton,elimination,2,2020-09-27T21:47:05Z,bf:5eb6495f5d6f1b5d1c5d7d95,bf:5ad6b5686a20dd03885fa1d1,2,0,1,1
battlefy,5f6b67ca07b68c11a7e9239b,Homebrew Brawl - Singleton,community,Singleton,elimination,2,2020-09-28T07:06:32Z,bf:5f3fc42472caf64e0f2b589c,bf:5f362c8703dbcc11d58d78e3,0,2,2,1
battlefy,5f6b67ca07b68c11a7e9239b,Homebrew Brawl - Singleton,community,Singleton,elimination,3,2020-09-28T17:15:30Z,bf:5f362c8703dbcc11d58d78e3,bf:5f0cd40c3087a65e039603f4,2,1,1,1
battlefy,5f6b67ca07b68c11a7e9239b,Homebrew Brawl - Singleton,community,Singleton,elimination,1,2020-09-28T19:41:27Z,bf:5f1539bacfac0e373c6166ce,bf:5f13f8f0381ccb11abfed78c,0,2,2,1
battlefy,5f6b67ca07b68c11a7e9239b,Homebrew Brawl - Singleton,community,Singleton,elimination,2,2020-09-28T20:19:40Z,bf:5f0e76497c4df3491abfd06c,bf:5f1539bacfac0e373c6166ce,2,1,1,1
battlefy,5f6b67ca07b68c11a7e9239b,Homebrew Brawl - Singleton,community,Singleton,elimination,3,2020-09-29T05:50:04Z,bf:5eb6495f5d6f1b5d1c5d7d95,bf:5f11d247160c3f2239e940a4,2,0,1,1
battlefy,5f6b67ca07b68c11a7e9239b,Homebrew Brawl - Singleton,community,Singleton,elimination,2,2020-09-29T13:15:12Z,bf:544fd1e1a3aee26f0b100edb,bf:5f13f8f0381ccb11abfed78c,2,0,1,1
battlefy,5f6b67ca07b68c11a7e9239b,Homebrew Brawl - Singleton,community,Singleton,elimination,4,2020-09-29T13:25:56Z,bf:5f11d247160c3f2239e940a4,bf:5f362c8703dbcc11d58d78e3,0,2,2,1
battlefy,5f6b67ca07b68c11a7e9239b,Homebrew Brawl - Singleton,community,Singleton,elimination,3,2020-09-29T14:15:46Z,bf:544fd1e1a3aee26f0b100edb,bf:564e7b5b80b8db4a00c4ff9c,1,2,2,1
battlefy,5f6b67ca07b68c11a7e9239b,Homebrew Brawl - Singleton,community,Singleton,elimination,4,2020-09-29T17:51:05Z,bf:564e7b5b80b8db4a00c4ff9c,bf:5eb65df574f31a11dd226b38,2,0,1,1
battlefy,5f6b67ca07b68c11a7e9239b,Homebrew Brawl - Singleton,community,Singleton,elimination,3,2020-09-29T18:00:40Z,bf:5f3304e930b92e118dbc4ad6,bf:5f13f8f0381ccb11abfed78c,0,2,2,1
battlefy,5f6b67ca07b68c11a7e9239b,Homebrew Brawl - Singleton,community,Singleton,elimination,3,2020-09-29T18:04:33Z,bf:5f0e76497c4df3491abfd06c,bf:5ad6b5686a20dd03885fa1d1,2,0,1,1
battlefy,5f6b67ca07b68c11a7e9239b,Homebrew Brawl - Singleton,community,Singleton,elimination,4,2020-09-29T18:27:22Z,bf:5f32c6147bd80311ab78193f,bf:5f0e76497c4df3491abfd06c,2,1,1,1
battlefy,5f6b67ca07b68c11a7e9239b,Homebrew Brawl - Singleton,community,Singleton,elimination,2,2020-09-30T13:15:54Z,bf:5ec2a6dafd8a561535cde2a5,bf:5eb7670e5e789b4b50a06de2,1,2,2,1
battlefy,5f6b67ca07b68c11a7e9239b,Homebrew Brawl - Singleton,community,Singleton,elimination,3,2020-09-30T13:53:07Z,bf:5f0f3d9e7c4df3491abfe047,bf:5ec2a6dafd8a561535cde2a5,2,1,1,1
battlefy,5f6b67ca07b68c11a7e9239b,Homebrew Brawl - Singleton,community,Singleton,elimination,4,2020-09-30T16:44:04Z,bf:544fd1e1a3aee26f0b100edb,bf:5f0f3d9e7c4df3491abfe047,2,0,1,1
battlefy,5f6b67ca07b68c11a7e9239b,Homebrew Brawl - Singleton,community,Singleton,elimination,5,2020-09-30T17:24:00Z,bf:5f32c6147bd80311ab78193f,bf:544fd1e1a3aee26f0b100edb,2,0,1,1
battlefy,5f6b67ca07b68c11a7e9239b,Homebrew Brawl - Singleton,community,Singleton,elimination,3,2020-10-01T18:02:23Z,bf:5eb7670e5e789b4b50a06de2,bf:5ec99a6d5cb5d5345c7fdf7c,2,0,1,1
battlefy,5f6b67ca07b68c11a7e9239b,Homebrew Brawl - Singleton,community,Singleton,elimination,4,2020-10-01T18:03:08Z,bf:5ec99a6d5cb5d5345c7fdf7c,bf:5f13f8f0381ccb11abfed78c,0,2,2,1
battlefy,5f6b67ca07b68c11a7e9239b,Homebrew Brawl - Singleton,community,Singleton,elimination,5,2020-10-01T20:49:29Z,bf:5f362c8703dbcc11d58d78e3,bf:5f13f8f0381ccb11abfed78c,2,1,1,1
battlefy,5f6b67ca07b68c11a7e9239b,Homebrew Brawl - Singleton,community,Singleton,elimination,6,2020-10-01T21:59:28Z,bf:5eb65df574f31a11dd226b38,bf:5f362c8703dbcc11d58d78e3,2,1,1,1
battlefy,5f6b67ca07b68c11a7e9239b,Homebrew Brawl - Singleton,community,Singleton,elimination,4,2020-10-02T03:57:38Z,bf:5eb7670e5e789b4b50a06de2,bf:5eb6495f5d6f1b5d1c5d7d95,2,0,1,1
battlefy,5f6b67ca07b68c11a7e9239b,Homebrew Brawl - Singleton,community,Singleton,elimination,6,2020-10-02T04:16:03Z,bf:5eb6495f5d6f1b5d1c5d7d95,bf:5f32c6147bd80311ab78193f,2,0,1,1
battlefy,5f6b67ca07b68c11a7e9239b,Homebrew Brawl - Singleton,community,Singleton,elimination,7,2020-10-02T16:33:37Z,bf:5eb65df574f31a11dd226b38,bf:5eb6495f5d6f1b5d1c5d7d95,1,2,2,1
battlefy,5f6b67ca07b68c11a7e9239b,Homebrew Brawl - Singleton,community,Singleton,elimination,5,2020-10-02T22:06:36Z,bf:5eb7670e5e789b4b50a06de2,bf:564e7b5b80b8db4a00c4ff9c,1,2,2,1
battlefy,5f6b67ca07b68c11a7e9239b,Homebrew Brawl - Singleton,community,Singleton,elimination,8,2020-10-03T04:00:13Z,bf:5eb7670e5e789b4b50a06de2,bf:5eb6495f5d6f1b5d1c5d7d95,2,1,1,1
battlefy,5f6b67ca07b68c11a7e9239b,Homebrew Brawl - Singleton,community,Singleton,elimination,6,2020-10-03T19:57:06Z,bf:564e7b5b80b8db4a00c4ff9c,bf:5eb7670e5e789b4b50a06de2,2,0,1,1
battlefy,5fa9779a198f6370ee912a94,Kards Open #3 - Swiss Weekend,open,Swiss Day I & II,swiss,1,2020-11-28T16:18:48Z,bf:5fa4097911743771ade92145,bf:5f105658eac9482569fb2be4,0,2,2,1
battlefy,5fa9779a198f6370ee912a94,Kards Open #3 - Swiss Weekend,open,Swiss Day I & II,swiss,1,2020-11-28T16:18:56Z,bf:5fb1bf581632970e916b85be,bf:5fc13c125d320863b86f1d60,2,0,1,1
battlefy,5fa9779a198f6370ee912a94,Kards Open #3 - Swiss Weekend,open,Swiss Day I & II,swiss,1,2020-11-28T16:19:08Z,bf:5fb18ed99a9e750ea663cd33,bf:5fbf1ad71632970e916c627a,2,0,1,1
battlefy,5fa9779a198f6370ee912a94,Kards Open #3 - Swiss Weekend,open,Swiss Day I & II,swiss,1,2020-11-28T16:19:11Z,bf:5b499abbdbda4803ac64b712,bf:5fbfba184d01f9313d135f37,2,0,1,1
battlefy,5fa9779a198f6370ee912a94,Kards Open #3 - Swiss Weekend,open,Swiss Day I & II,swiss,1,2020-11-28T16:19:31Z,bf:5fa2011d11743771ade90dee,bf:5fbf30a2a447ab4bb37e1b38,2,0,1,1
battlefy,5fa9779a198f6370ee912a94,Kards Open #3 - Swiss Weekend,open,Swiss Day I & II,swiss,1,2020-11-28T16:19:38Z,bf:5f354d22e4876e1184288d58,bf:5fbe860ca2fd34654753c09d,2,0,1,1
battlefy,5fa9779a198f6370ee912a94,Kards Open #3 - Swiss Weekend,open,Swiss Day I & II,swiss,1,2020-11-28T16:19:41Z,bf:5fbe96be698db1048d27b3e4,bf:5fc26afe6052f211a7127a71,2,0,1,1
battlefy,5fa9779a198f6370ee912a94,Kards Open #3 - Swiss Weekend,open,Swiss Day I & II,swiss,1,2020-11-28T16:19:59Z,bf:5fbf4b25698db1048d27bdc9,bf:5fc048141632970e916c6beb,0,2,2,1
battlefy,5fa9779a198f6370ee912a94,Kards Open #3 - Swiss Weekend,open,Swiss Day I & II,swiss,1,2020-11-28T16:20:53Z,bf:5fb1cc6ee0bfea60c76a1385,bf:5fbef0d92dc8793ada8527a5,2,0,1,1
battlefy,5fa9779a198f6370ee912a94,Kards Open #3 - Swiss Weekend,open,Swiss Day I & II,swiss,1,2020-11-28T16:21:58Z,bf:5fb719fde0bfea60c76a4f50,bf:5faffbe71632970e916b602a,2,0,1,1
battlefy,5fa9779a198f6370ee912a94,Kards Open #3 - Swiss Weekend,open,Swiss Day I & II,swiss,1,2020-11-28T16:22:09Z,bf:5fbeac15a447ab4bb37e116f,bf:5fbd548d698db1048d27a866,2,0,1,1
battlefy,5fa9779a198f6370ee912a94,Kards Open #3 - Swiss Weekend,open,Swiss Day I & II,swiss,1,2020-11-28T16:24:06Z,bf:5f10c966160c3f2239e92921,bf:5eb572f0a795290866140381,0,2,2,1
battlefy,5fa9779a198f6370ee912a94,Kards Open #3 - Swiss Weekend,open,Swiss Day I & II,swiss,1,2020-11-28T16:24:27Z,bf:5fb1a2cb5caa4f5e4bc80d56,bf:5f0e37b37c5e104738aebbe3,0,2,2,1
battlefy,5fa9779a198f6370ee912a94,Kards Open #3 - Swiss Weekend,open,Swiss Day I & II,swiss,1,2020-11-28T16:24:51Z,bf:5f31dbda9ab87f2e0c19cd0c,bf:5f404839cabbdc4a26620899,2,0,1,1
battlefy,5fa9779a198f6370ee912a94,Kards Open #3 - Swiss Weekend,open,Swiss Day I & II,swiss,1,2020-11-28T16:25:06Z,bf:5fc13108a447ab4bb37e2e33,bf:564e7b5b80b8db4a00c4ff9c,0,2,2,1
battlefy,5fa9779a198f6370ee912a94,Kards Open #3 - Swiss Weekend,open,Swiss Day I & II,swiss,1,2020-11-28T16:25:10Z,bf:5a4d98c332953903641106de,bf:5fb3203b1632970e916b97b7,2,0,1,1
battlefy,5fa9779a198f6370ee912a94,Kards Open #3 - Swiss Weekend,open,Swiss Day I & II,swiss,1,2020-11-28T16:25:38Z,bf:5d26bcf5c9bf6055b457dfb5,bf:5fbf9fa55d320863b86f10d6,1,2,2,1
battlefy,5fa9779a198f6370ee912a94,Kards Open #3 - Swiss Weekend,open,Swiss Day I & II,swiss,1,2020-11-28T16:26:05Z,bf:5fb032ea502b9e587d1b85eb,bf:5fbf8fc55d320863b86f1086,2,0,1,1
battlefy,5fa9779a198f6370ee912a94,Kards Open #3 - Swiss Weekend,open,Swiss Day I & II,swiss,1,2020-11-28T16:26:07Z,bf:5fb42443a2fd346547530b2e,bf:5ec038e2256baa1d38011a05,2,0,1,1
battlefy,5fa9779a198f6370ee912a94,Kards Open #3 - Swiss Weekend,open,Swiss Day I & II,swiss,1,2020-11-28T16:26:46Z,bf:5fbef3ecb0ef7749130e49bc,bf:5fc06376a447ab4bb37e29a7,2,0,1,1
battlefy,5fa9779a198f6370ee912a94,Kards Open #3 - Swiss Weekend,open,Swiss Day I & II,swiss,1,2020-11-28T16:26:47Z,bf:5fb0d42e9a9e750ea663c3fc,bf:5e7fb8e3d7ce547b37484302,1,2,2,1
battlefy,5fa9779a198f6370ee912a94,Kards Open #3 - Swiss Weekend,open,Swiss Day I & II,swiss,1,2020-11-28T16:26:54Z,bf:5fb8387c1faa4843f941ba10,bf:5fbeb056698db1048d27b5bd,2,0,1,1
battlefy,5fa9779a198f6370ee912a94,Kards Open #3 - Swiss Weekend,open,Swiss Day I & II,swiss,1,2020-11-28T16:26:59Z,bf:5fc0244ca2fd34654753d0cb,bf:5fbfbd51b0ef7749130e4f38,0,2,2,1
battlefy,5fa9779a198f6370ee912a94,Kards Open #3 - Swiss Weekend,open,Swiss Day I & II,swiss,1,2020-11-28T16:27:13Z,bf:5fb666119a9e750ea664030b,bf:5fbdb89d26ea883a51583400,0,2,2,1
battlefy,5fa9779a198f6370ee912a94,Kards Open #3 - Swiss Weekend,open,Swiss Day I & II,swiss,1,2020-11-28T16:27:16Z,bf:5fbf7a86b0ef7749130e4dec,bf:5f0df84e824086475be264b7,1,2,2,1
battlefy,5fa9779a198f6370ee912a94,Kards Open #3 - Swiss Weekend,open,Swiss Day I & II,swiss,1,2020-11-28T16:27:21Z,bf:5fbc5711a2fd34654753a8c0,bf:5fbf6f3f26ea883a515841f0,2,0,1,1
battlefy,5fa9779a198f6370ee912a94,Kards Open #3 - Swiss Weekend,open,Swiss Day I & II,swiss,1,2020-11-28T16:27:34Z,bf:5fbfc2c9043fd20cdf90d720,bf:5f11e67d85fecb25631448a0,2,0,1,1
battlefy,5fa9779a198f6370ee912a94,Kards Open #3 - Swiss Weekend,open,Swiss Day I & II,swiss,1,2020-11-28T16:27:34Z,bf:57101bc80b3b0f8312f27ec5,bf:5f11ff59eea71b24bc30ee0c,2,0,1,1
battlefy,5fa9779a198f6370ee912a94,Kards Open #3 - Swiss Weekend,open,Swiss Day I & II,swiss,1,2020-11-28T16:27:36Z,bf:5fa3e36b6b9c704abc3f92a0,bf:5fa1ee84f8fc171ea9f66554,1,2,2,1
battlefy,5fa9779a198f6370ee912a94,Kards Open #3 - Swiss Weekend,open,Swiss Day I & II,swiss,1,2020-11-28T16:29:02Z,bf:5fb3f8b3e7d89a60d4337959,bf:5fbfb8f1043fd20cdf90d702,0,2,2,1
battlefy,5fa9779a198f6370ee912a94,Kards Open #3 - Swiss Weekend,open,Swiss Day I & II,swiss,1,2020-11-28T16:29:24Z,bf:5f130139f7c29f223fd64290,bf:5fc017df26ea883a515847d5,0,2,2,1
battlefy,5fa9779a198f6370ee912a94,Kards Open #3 - Swiss Weekend,open,Swiss Day I & II,swiss,1,2020-11-28T16:30:01Z,bf:5fbb03850f21e57963850470,bf:5fbfb4c7043fd20cdf90d6e1,1,2,2,1
battlefy,5fa9779a198f6370ee912a94,Kards Open #3 - Swiss Weekend,open,Swiss Day I & II,swiss,1,2020-11-28T16:30:02Z,bf:5fb1143e502b9e587d1b94dc,bf:5fc1760a2dc8793ada853e83,0,2,2,1
battlefy,5fa9779a198f6370ee912a94,Kards Open #3 - Swiss Weekend,open,Swiss Day I & II,swiss,1,2020-11-28T16:30:23Z,bf:5fa5ede611743771ade94108,bf:5fbfa1ec5d320863b86f10df,0,2,2,1
battlefy,5fa9779a198f6370ee912a94,Kards Open #3 - Swiss Weekend,open,Swiss Day I & II,swiss,1,2020-11-28T16:30:30Z,bf:5fbf6ade2dc8793ada852a75,bf:5fbe8ae05d320863b86f032c,2,0,1,1
battlefy,5fa9779a198f6370ee912a94,Kards Open #3 - Swiss Weekend,open,Swiss Day I & II,swiss,1,2020-11-28T16:31:45Z,bf:5f46ff72cff9bb4e25c82ac7,bf:5fbf3849043fd20cdf90d500,2,0,1,1
battlefy,5fa9779a198f6370ee912a94,Kards Open #3 - Swiss Weekend,open,Swiss Day I & II,swiss,1,2020-11-28T16:32:03Z,bf:5ec2acf9a7330d091e79291a,bf:5fb1184c0c8f110e8a8bf660,0,2,2,1
battlefy,5fa9779a198f6370ee912a94,Kards Open #3 - Swiss Weekend,open,Swiss Day I & II,swiss,1,2020-11-28T16:32:11Z,bf:5fa27bfdf8fc171ea9f66924,bf:5d6bf8a0238bc73c869e6430,2,1,1,1
battlefy,5fa9779a198f6370ee912a94,Kards Open #3 - Swiss Weekend,open,Swiss Day I & II,swiss,1,2020-11-28T16:32:23Z,bf:5fb3df78f07fad440734f6f7,bf:5fb1316c502b9e587d1b95e6,2,0,1,1
battlefy,5fa9779a198f6370ee912a94,Kards Open #3 - Swiss Weekend,open,Swiss Day I & II,swiss,1,2020-11-28T16:32:31Z,bf:5f11d03df7c29f223fd624f2,bf:5fbe89294d01f9313d135068,0,2,2,1
battlefy,5fa9779a198f6370ee912a94,Kards Open #3 - Swiss Weekend,open,Swiss Day I & II,swiss,1,2020-11-28T16:32:37Z,bf:5fb02c08698db1048d26ba0d,bf:5fbebdee043fd20cdf90cfaf,0,2,2,1
battlefy,5fa9779a198f6370ee912a94,Kards Open #3 - Swiss Weekend,open,Swiss Day I & II,swiss,1,2020-11-28T16:32:44Z,bf:5fb4d729f07fad44073509e4,bf:5ec99a6d5cb5d5345c7fdf7c,2,1,1,1
battlefy,5fa9779a198f6370ee912a94,Kards Open #3 - Swiss Weekend,open,Swiss Day I & II,swiss,1,2020-11-28T16:32:53Z,bf:5fa3973bf8fc171ea9f68255,bf:5fc0060d698db1048d27c939,2,0,1,1
battlefy,5fa9779a198f6370ee912a94,Kards Open #3 - Swiss Weekend,open,Swiss Day I & II,swiss,1,2020-11-28T16:33:05Z,bf:5fafeec6e7d89a60d4333722,bf:5fc1dd9b2dc8793ada8544a3,0,2,2,1
battlefy,5fa9779a198f6370ee912a94,Kards Open #3 - Swiss Weekend,open,Swiss Day I & II,swiss,1,2020-11-28T16:33:42Z,bf:5f323b2daf063111a36cffab,bf:5fbeb20eb0ef7749130e452c,2,1,1,1
battlefy,5fa9779a198f6370ee912a94,Kards Open #3 - Swiss Weekend,open,Swiss Day I & II,swiss,1,2020-11-28T16:33:50Z,bf:5a8879b76c3ac00358830d7c,bf:5fbe906ba2fd34654753c0fc,0,2,2,1
battlefy,5fa9779a198f6370ee912a94,Kards Open #3 - Swiss Weekend,open,Swiss Day I & II,swiss,1,2020-11-28T16:33:50Z,bf:5fbf516e2dc8793ada852a4c,bf:5f3fc42472caf64e0f2b589c,0,2,2,1
battlefy,5fa9779a198f6370ee912a94,Kards Open #3 - Swiss Weekend,open,Swiss Day I & II,swiss,1,2020-11-28T16:33:52Z,bf:5fb1f464698db1048d26d582,bf:5f0cd40c3087a65e039603f4,0,2,2,1
battlefy,5fa9779a198f6370ee912a94,Kards Open #3 - Swiss Weekend,open,Swiss Day I & II,swiss,1,2020-11-28T16:34:03Z,bf:5fbe830b26ea883a515839f5,bf:5fc07486698db1048d27ccd5,2,0,1,1
battlefy,5fa9779a198f6370ee912a94,Kards Open #3 - Swiss Weekend,open,Swiss Day I & II,swiss,1,2020-11-28T16:34:21Z,bf:5fbd71c2e7d89a60d43410ca,bf:5fa2928f11743771ade9128e,1,2,2,1
battlefy,5fa9779a198f6370ee912a94,Kards Open #3 - Swiss Weekend,open,Swiss Day I & II,swiss,1,2020-11-28T16:34:47Z,bf:5fc1dd90043fd20cdf90e83e,bf:5fbe89b5043fd20cdf90cccf,2,1,1,1
battlefy,5fa9779a198f6370ee912a94,Kards Open #3 - Swiss Weekend,open,Swiss Day I & II,swiss,1,2020-11-28T16:34:51Z,bf:5f109d917a5f692572240090,bf:5fbc4040adfefd64e8c8fd73,0,2,2,1
battlefy,5fa9779a198f6370ee912a94,Kards Open #3 - Swiss Weekend,open,Swiss Day I & II,swiss,1,2020-11-28T16:34:59Z,bf:5f10825feac9482569fb2e81,bf:5fbf97cfb0ef7749130e4e94,0,2,2,1
battlefy,5fa9779a198f6370ee912a94,Kards Open #3 - Swiss Weekend,open,Swiss Day I & II,swiss,1,2020-11-28T16:35:13Z,bf:5faffa8a502b9e587d1b7c3e,bf:5fb6da26eb92fe047543c823,0,2,2,1
battlefy,5fa9779a198f6370ee912a94,Kards Open #3 - Swiss Weekend,open,Swiss Day I & II,swiss,1,2020-11-28T16:35:21Z,bf:5ec57fff74214e1748e43f56,bf:5fb0eee19a9e750ea663c435,1,2,2,1
battlefy,5fa9779a198f6370ee912a94,Kards Open #3 - Swiss Weekend,open,Swiss Day I & II,swiss,1,2020-11-28T16:35:24Z,bf:5f32c6147bd80311ab78193f,bf:5ebd9402b92b28521a098ec8,0,2,2,1
battlefy,5fa9779a198f6370ee912a94,Kards Open #3 - Swiss Weekend,open,Swiss Day I & II,swiss,1,2020-11-28T16:35:44Z,bf:5f362c8703dbcc11d58d78e3,bf:5f1520542cba8f11c2a44c16,2,0,1,1
battlefy,5fa9779a198f6370ee912a94,Kards Open #3 - Swiss Weekend,open,Swiss Day I & II,swiss,1,2020-11-28T16:36:15Z,bf:5fbe970e26ea883a51583ac1,bf:5fb3184d9a9e750ea663e423,0,2,2,1
battlefy,5fa9779a198f6370ee912a94,Kards Open #3 - Swiss Weekend,open,Swiss Day I & II,swiss,1,2020-11-28T16:36:15Z,bf:5784f8bcf26da72d0cd20f65,bf:5fb0ee1e698db1048d26c5af,2,0,1,1
battlefy,5fa9779a198f6370ee912a94,Kards Open #3 - Swiss Weekend,open,Swiss Day I & II,swiss,1,2020-11-28T16:36:54Z,bf:5fbc0c3e2dc8793ada84fdb3,bf:5fa3da8e11743771ade92018,0,2,2,1
battlefy,5fa9779a198f6370ee912a94,Kards Open #3 - Swiss Weekend,open,Swiss Day I & II,swiss,1,2020-11-28T16:37:21Z,bf:5fb249e5f07fad440734e5ea,bf:5fbf4fe05d320863b86f0fb6,0,2,2,1
battlefy,5fa9779a198f6370ee912a94,Kards Open #3 - Swiss Weekend,open,Swiss Day I & II,swiss,1,2020-11-28T16:37:28Z,bf:5fbf17032dc8793ada852978,bf:5fc003a1b0ef7749130e5216,1,2,2,1
battlefy,5fa9779a198f6370ee912a94,Kards Open #3 - Swiss Weekend,open,Swiss Day I & II,swiss,1,2020-11-28T16:37:31Z,bf:5fbe91ca26ea883a51583aa4,bf:5fc13c6e4a99f533280c7373,0,2,2,1
battlefy,5fa9779a198f6370ee912a94,Kards Open #3 - Swiss Weekend,open,Swiss Day I & II,swiss,1,2020-11-28T16:37:34Z,bf:5f0dad9ac47339351f7f742f,bf:5fb1db8c5caa4f5e4bc8168d,1,2,2,1
battlefy,5fa9779a198f6370ee912a94,Kards Open #3 - Swiss Weekend,open,Swiss Day I & II,swiss,1,2020-11-28T16:38:10Z,bf:5f1b48d1abfcb016362ba48e,bf:5fafe4c9eb92fe0475436826,1,2,2,1
battlefy,5fa9779a198f6370ee912a94,Kards Open #3 - Swiss Weekend,open,Swiss Day I & II,swiss,1,2020-11-28T16:38:14Z,bf:5fa57306cc28b3594394b946,bf:5fb6a5d3e7d89a60d4339244,2,0,1,1
battlefy,5fa9779a198f6370ee912a94,Kards Open #3 - Swiss Weekend,open,Swiss Day I & II,swiss,1,2020-11-28T16:38:44Z,bf:5fbf28984d01f9313d135d0f,bf:5fbf8670698db1048d27bfda,1,2,2,1
battlefy,5fa9779a198f6370ee912a94,Kards Open #3 - Swiss Weekend,open,Swiss Day I & II,swiss,1,2020-11-28T16:38:54Z,bf:5f122bf8b4738624c4273b13,bf:5fc0ff84971c1811b1c02525,0,2,2,1
battlefy,5fa9779a198f6370ee912a94,Kards Open #3 - Swiss Weekend,open,Swiss Day I & II,swiss,1,2020-11-28T16:39:33Z,bf:5c3b6b20304450039e51c054,bf:5fc1f746a2fd34654753e1ae,2,1,1,1
battlefy,5fa9779a198f6370ee912a94,Kards Open #3 - Swiss Weekend,open,Swiss Day I & II,swiss,1,2020-11-28T16:39:36Z,bf:5fbc79591632970e916c3fe5,bf:5fc1c2f14a3afe55318cfd98,2,0,1,1
battlefy,5fa9779a198f6370ee912a94,Kards Open #3 - Swiss Weekend,open,Swiss Day I & II,swiss,1,2020-11-28T16:39:49Z,bf:5fc1647ca447ab4bb37e3019,bf:5fbe9b450f21e57963852d1e,0,2,2,1
battlefy,5fa9779a198f6370ee912a94,Kards Open #3 - Swiss Weekend,open,Swiss Day I & II,swiss,1,2020-11-28T16:40:07Z,bf:5fbe8b8ea447ab4bb37e0fc8,bf:5b38c676cbd82c03a4f28e8f,1,2,2,1
battlefy,5fa9779a198f6370ee912a94,Kards Open #3 - Swiss Weekend,open,Swiss Day I & II,swiss,1,2020-11-28T16:40:47Z,bf:5fa2d1356b9c704abc3f86e4,bf:5f32f48419fcf2666b2abff1,0,2,2,1
battlefy,5fa9779a198f6370ee912a94,Kards Open #3 - Swiss Weekend,open,Swiss Day I & II,swiss,1,2020-11-28T16:40:54Z,bf:5fbe834ea2fd34654753c095,bf:5fb43070a2fd346547530c21,2,1,1,1
battlefy,5fa9779a198f6370ee912a94,Kards Open #3 - Swiss Weekend,open,Swiss Day I & II,swiss,1,2020-11-28T16:41:12Z,bf:5ec2c1da0a4e405c2332e640,bf:5fb3e6ddf07fad440734f71f,2,0,1,1
battlefy,5fa9779a198f6370ee912a94,Kards Open #3 - Swiss Weekend,open,Swiss Day I & II,swiss,1,2020-11-28T16:41:27Z,bf:5fa530563f52763256b7593d,bf:5f4965bb76b8305ffaa36866,2,0,1,1
battlefy,5fa9779a198f6370ee912a94,Kards Open #3 - Swiss Weekend,open,Swiss Day I & II,swiss,1,2020-11-28T16:41:49Z,bf:5fb0f0121632970e916b7856,bf:5fc1741a4a3afe55318cf945,0,2,2,1
battlefy,5fa9779a198f6370ee912a94,Kards Open #3 - Swiss Weekend,open,Swiss Day I & II,swiss,1,2020-11-28T16:41:52Z,bf:5fbfa6575d320863b86f10ec,bf:5eeb9c3d19b81239da9496cb,1,2,2,1
battlefy,5fa9779a198f6370ee912a94,Kards Open #3 - Swiss Weekend,open,Swiss Day I & II,swiss,1,2020-11-28T16:42:25Z,bf:5fbfb60f1632970e916c6544,bf:5fbe84641632970e916c5996,1,2,2,1
battlefy,5fa9779a198f6370ee912a94,Kards Open #3 - Swiss Weekend,open,Swiss Day I & II,swiss,1,2020-11-28T16:43:07Z,bf:5fbe8afb698db1048d27b396,bf:5fafe7dfe7d89a60d43336cc,2,0,1,1
battlefy,5fa9779a198f6370ee912a94,Kards Open #3 - Swiss Weekend,open,Swiss Day I & II,swiss,1,2020-11-28T16:43:36Z,bf:5fc21ebcb0ef7749130e6b81,bf:5ebea8a9bfed616b75962b6a,0,2,2,1
battlefy,5fa9779a198f6370ee912a94,Kards Open #3 - Swiss Weekend,open,Swiss Day I & II,swiss,1,2020-11-28T16:43:46Z,bf:5fbeb7541632970e916c5c93,bf:5fbed15626ea883a51583d3f,2,0,1,1
battlefy,5fa9779a198f6370ee912a94,Kards Open #3 - Swiss Weekend,open,Swiss Day I & II,swiss,1,2020-11-28T16:43:53Z,bf:5fbe8c402dc8793ada8519d5,bf:5fbf81d4698db1048d27bf78,2,0,1,1
battlefy,5fa9779a198f6370ee912a94,Kards Open #3 - Swiss Weekend,open,Swiss Day I & II,swiss,1,2020-11-28T16:44:05Z,bf:5f34d3bdacefe6118a5de444,bf:5fbf5273adfefd64e8c91b99,1,2,2,1
battlefy,5fa9779a198f6370ee912a94,Kards Open #3 - Swiss Weekend,open,Swiss Day I & II,swiss,1,2020-11-28T16:44:17Z,bf:5fb035bf502b9e587d1b8643,bf:5fb1cbe45caa4f5e4bc81377,1,2,2,1
battlefy,5fa9779a198f6370ee912a94,Kards Open #3 - Swiss Weekend,open,Swiss Day I & II,swiss,1,2020-11-28T16:44:44Z,bf:5f0f3d9e7c4df3491abfe047,bf:5fc2123f8ae4c5551e8b0129,1,2,2,1
battlefy,5fa9779a198f6370ee912a94,Kards Open #3 - Swiss Weekend,open,Swiss Day I & II,swiss,1,2020-11-28T16:45:19Z,bf:5fbe87ea5d320863b86f031b,bf:5fbfa9f0a2fd34654753c891,1,2,2,1
battlefy,5fa9779a198f6370ee912a94,Kards Open #3 - Swiss Weekend,open,Swiss Day I & II,swiss,1,2020-11-28T16:45:46Z,bf:5fbef0144d01f9313d135b11,bf:5fbf3d90adfefd64e8c91af1,2,1,1,1
battlefy,5fa9779a198f6370ee912a94,Kards Open #3 - Swiss Weekend,open,Swiss Day I & II,swiss,1,2020-11-28T16:45:47Z,bf:5fbf174c5d320863b86f0efc,bf:5fc0046a698db1048d27c912,2,1,1,1
battlefy,5fa9779a198f6370ee912a94,Kards Open #3 - Swiss Weekend,open,Swiss Day I & II,swiss,1,2020-11-28T16:46:00Z,bf:5ec2a6dafd8a561535cde2a5,bf:5fbe9602698db1048d27b3e0,2,1,1,1
battlefy,5fa9779a198f6370ee912a94,Kards Open #3 - Swiss Weekend,open,Swiss Day I & II,swiss,1,2020-11-28T16:46:04Z,bf:5fb98c8e19c8f219d78717ac,bf:5f1660782cba8f11c2a45e9c,1,2,2,1
battlefy,5fa9779a198f6370ee912a94,Kards Open #3 - Swiss Weekend,open,Swiss Day I & II,swiss,1,2020-11-28T16:46:09Z,bf:5fb27723698db1048d26d94d,bf:5fbf86bf2dc8793ada852abe,2,1,1,1
battlefy,5fa9779a198f6370ee912a94,Kards Open #3 - Swiss Weekend,open,Swiss Day I & II,swiss,1,2020-11-28T16:46:47Z,bf:5fc062ca3a712911d5860aac,bf:5fbfaa4726ea883a5158435d,0,2,2,1
battlefy,5fa9779a198f6370ee912a94,Kards Open #3 - Swiss Weekend,open,Swiss Day I & II,swiss,1,2020-11-28T16:48:19Z,bf:5fb4442a9a9e750ea663ee54,bf:5fc133575ca52f15c00549a9,0,2,2,1
battlefy,5fa9779a198f6370ee912a94,Kards Open #3 - Swiss Weekend,open,Swiss Day I & II,swiss,1,2020-11-28T16:48:45Z,bf:5fbc3b8e0f21e5796385112f,bf:5fbfa75c0f21e57963853e73,1,2,2,1
battlefy,5fa9779a198f6370ee912a94,Kards Open #3 - Swiss Weekend,open,Swiss Day I & II,swiss,1,2020-11-28T16:49:11Z,bf:5f4318d1681ff84ab5ec92f9,bf:5fc241c1f1aa2511d7251933,2,1,1,1
battlefy,5fa9779a198f6370ee912a94,Kards Open #3 - Swiss Weekend,open,Swiss Day I & II,swiss,1,2020-11-28T16:49:40Z,bf:5f32224b74a4bd1196ff8e97,bf:5fafaf199a9e750ea663a8e3,1,2,2,1
battlefy,5fa9779a198f6370ee912a94,Kards Open #3 - Swiss Weekend,open,Swiss Day I & II,swiss,1,2020-11-28T16:50:13Z,bf:5fb02943698db1048d26b9cd,bf:5fb2c8f11632970e916b926c,2,1,1,1
battlefy,5fa9779a198f6370ee912a94,Kards Open #3 - Swiss Weekend,open,Swiss Day I & II,swiss,1,2020-11-28T16:52:32Z,bf:5fc24f00971c1811b1c037b0,bf:5fbfc6e15d320863b86f1193,0,2,2,1
battlefy,5fa9779a198f6370ee912a94,Kards Open #3 - Swiss Weekend,open,Swiss Day I & II,swiss,1,2020-11-28T16:52:55Z,bf:5fb0e0020c8f110e8a8bf3f2,bf:5fbfd4581632970e916c6699,0,2,2,1
battlefy,5fa9779a198f6370ee912a94,Kards Open #3 - Swiss Weekend,open,Swiss Day I & II,swiss,1,2020-11-28T16:53:06Z,bf:5fbfafde1632970e916c652e,bf:5fb3f43ee0bfea60c76a2a56,1,2,2,1
battlefy,5fa9779a198f6370ee912a94,Kards Open #3 - Swiss Weekend,open,Swiss Day I & II,swiss,1,2020-11-28T16:55:04Z,bf:5fb97cee0c24381d904b5447,bf:57a1697c8c3386280ca04b34,2,0,1,1
battlefy,5fa9779a198f6370ee912a94,Kards Open #3 - Swiss Weekend,open,Swiss Day I & II,swiss,1,2020-11-28T16:55:18Z,bf:5fbffbaa2dc8793ada85319e,bf:5fa2d6ebe121e0328ae53c2c,2,0,1,0
battlefy,5fa9779a198f6370ee912a94,Kards Open #3 - Swiss Weekend,open,Swiss Day I & II,swiss,1,2020-11-28T16:56:52Z,bf:5fbe971d0f21e57963852d08,bf:5fbedfbc0f21e57963853121,2,0,1,1
battlefy,5fa9779a198f6370ee912a94,Kards Open #3 - Swiss Weekend,open,Swiss Day I & II,swiss,1,2020-11-28T16:57:37Z,bf:5fbfb1ca2dc8793ada852b72,bf:5fbfca710f21e57963853f62,2,0,1,0
battlefy,5fa9779a198f6370ee912a94,Kards Open #3 - Swiss Weekend,open,Swiss Day I & II,swiss,1,2020-11-28T16:58:19Z,bf:5fb026c1502b9e587d1b838d,bf:5fbe83792dc8793ada85198d,2,1,1,1
battlefy,5fa9779a198f6370ee912a94,Kards Open #3 - Swiss Weekend,open,Swiss Day I & II,swiss,1,2020-11-28T16:58:31Z,bf:5fbfb8692dc8793ada852b8d,bf:5fbf32921632970e916c6301,2,0,1,1
battlefy,5fa9779a198f6370ee912a94,Kards Open #3 - Swiss Weekend,open,Swiss Day I & II,swiss,1,2020-11-28T17:00:44Z,bf:5fb110bd698db1048d26c5f6,bf:5fbe873b4d01f9313d135045,2,1,1,1
battlefy,5fa9779a198f6370ee912a94,Kards Open #3 - Swiss Weekend,open,Swiss Day I & II,swiss,1,2020-11-28T17:02:29Z,bf:5fa2992ef8fc171ea9f66a3e,bf:5fba777719c8f219d787247b,2,0,1,1
battlefy,5fa9779a198f6370ee912a94,Kards Open #3 - Swiss Weekend,open,Swiss Day I & II,swiss,1,2020-11-28T17:05:12Z,bf:5fb73781698db1048d271114,bf:5fbe848ca2fd34654753c09a,1,2,2,1
battlefy,5fa9779a198f6370ee912a94,Kards Open #3 - Swiss Weekend,open,Swiss Day I & II,swiss,1,2020-11-28T17:06:00Z,bf:5ec2f8632e7fb7357e7c8077,bf:5fbf62605d320863b86f0ff1,1,2,2,1
battlefy,5fa9779a198f6370ee912a94,Kards Open #3 - Swiss Weekend,open,Swiss Day I & II,swiss,1,2020-11-28T17:06:25Z,bf:5f3bcb62c190e3296d7a2cd2,bf:5fbe862ca447ab4bb37e0f77,2,1,1,1
battlefy,5fa9779a198f6370ee912a94,Kards Open #3 - Swiss Weekend,open,Swiss Day I & II,swiss,1,2020-11-28T17:12:23Z,bf:5fb051789a9e750ea663bb88,bf:5fbe86401632970e916c599c,2,1,1,1
battlefy,5fa9779a198f6370ee912a94,Kards Open #3 - Swiss Weekend,open,Swiss Day I & II,swiss,1,2020-11-28T17:33:59Z,bf:5ec14e2baf9b8d5641b7a639,bf:5fb0b189f07fad440734d338,1,2,2,1
battlefy,5fa9779a198f6370ee912a94,Kards Open #3 - Swiss Weekend,open,Swiss Day I & II,swiss,1,2020-11-28T17:40:16Z,bf:5fc134dd4a3afe55318cf5ff,bf:5fbfaa5d698db1048d27c161,0,2,2,0
battlefy,5fa9779a198f6370ee912a94,Kards Open #3 - Swiss Weekend,open,Swiss Day I & II,swiss,1,2020-11-28T17:40:56Z,bf:5f11d247160c3f2239e940a4,bf:5faff24f698db1048d26b032,0,2,2,0
battlefy,5fa9779a198f6370ee912a94,Kards Open #3 - Swiss Weekend,open,Swiss Day I & II,swiss,1,2020-11-28T17:42:12Z,bf:5fb010199a9e750ea663b1d1,bf:5fa5397c241d875936d2c2f2,0,2,2,0
battlefy,5fa9779a198f6370ee912a94,Kards Open #3 - Swiss Weekend,open,Swiss Day I & II,swiss,2,2020-11-28T17:55:31Z,bf:5f11e67d85fecb25631448a0,bf:5f0f3d9e7c4df3491abfe047,2,0,1,1
battlefy,5fa9779a198f6370ee912a94,Kards Open #3 - Swiss Weekend,open,Swiss Day I & II,swiss,2,2020-11-28T17:57:24Z,bf:5fbf4b25698db1048d27bdc9,bf:5fb3f8b3e7d89a60d4337959,0,2,2,1
battlefy,5fa9779a198f6370ee912a94,Kards Open #3 - Swiss Weekend,open,Swiss Day I & II,swiss,2,2020-11-28T17:57:37Z,bf:5ec2f8632e7fb7357e7c8077,bf:5f109d917a5f692572240090,0,2,2,1
battlefy,5fa9779a198f6370ee912a94,Kards Open #3 - Swiss Weekend,open,Swiss Day I & II,swiss,2,2020-11-28T17:57:38Z,bf:5fbf3849043fd20cdf90d500,bf:5ec57fff74214e1748e43f56,2,0,1,1
battlefy,5fa9779a198f6370ee912a94,Kards Open #3 - Swiss Weekend,open,Swiss Day I & II,swiss,2,2020-11-28T17:57:42Z,bf:5f0dad9ac47339351f7f742f,bf:5fb98c8e19c8f219d78717ac,2,0,1,1
battlefy,5fa9779a198f6370ee912a94,Kards Open #3 - Swiss Weekend,open,Swiss Day I & II,swiss,2,2020-11-28T17:57:46Z,bf:5fb27723698db1048d26d94d,bf:5fbe971d0f21e57963852d08,2,0,1,1
battlefy,5fa9779a198f6370ee912a94,Kards Open #3 - Swiss Weekend,open,Swiss Day I & II,swiss,2,2020-11-28T17:57:53Z,bf:5f122bf8b4738624c4273b13,bf:5fbe8ae05d320863b86f032c,0,2,2,1
battlefy,5fa9779a198f6370ee912a94,Kards Open #3 - Swiss Weekend,open,Swiss Day I & II,swiss,2,2020-11-28T17:58:02Z,bf:5fc13108a447ab4bb37e2e33,bf:5fb249e5f07fad440734e5ea,2,0,1,1
battlefy,5fa9779a198f6370ee912a94,Kards Open #3 - Swiss Weekend,open,Swiss Day I & II,swiss,2,2020-11-28T17:58:03Z,bf:5fbf516e2dc8793ada852a4c,bf:5fafe7dfe7d89a60d43336cc,2,0,1,1
battlefy,5fa9779a198f6370ee912a94,Kards Open #3 - Swiss Weekend,open,Swiss Day I & II,swiss,2,2020-11-28T17:58:05Z,bf:5fa530563f52763256b7593d,bf:5fbfbd51b0ef7749130e4f38,0,2,2,1
battlefy,5fa9779a198f6370ee912a94,Kards Open #3 - Swiss Weekend,open,Swiss Day I & II,swiss,2,2020-11-28T17:58:06Z,bf:5f1b48d1abfcb016362ba48e,bf:5fb1a2cb5caa4f5e4bc80d56,2,0,1,1
battlefy,5fa9779a198f6370ee912a94,Kards Open #3 - Swiss Weekend,open,Swiss Day I & II,swiss,2,2020-11-28T17:58:08Z,bf:5fbed15626ea883a51583d3f,bf:5fbeb056698db1048d27b5bd,0,2,2,1
battlefy,5fa9779a198f6370ee912a94,Kards Open #3 - Swiss Weekend,open,Swiss Day I & II,swiss,2,2020-11-28T17:58:10Z,bf:5fc24f00971c1811b1c037b0,bf:5fbf8fc55d320863b86f1086,0,2,2,1
battlefy,5fa9779a198f6370ee912a94,Kards Open #3 - Swiss Weekend,open,Swiss Day I & II,swiss,2,2020-11-28T17:58:11Z,bf:5fc13c125d320863b86f1d60,bf:5fc0244ca2fd34654753d0cb,0,2,2,1
battlefy,5fa9779a198f6370ee912a94,Kards Open #3 - Swiss Weekend,open,Swiss Day I & II,swiss,2,2020-11-28T17:58:13Z,bf:5fbf62605d320863b86f0ff1,bf:5fb3184d9a9e750ea663e423,0,2,2,1
battlefy,5fa9779a198f6370ee912a94,Kards Open #3 - Swiss Weekend,open,Swiss Day I & II,swiss,2,2020-11-28T17:58:13Z,bf:5fbf8670698db1048d27bfda,bf:5b499abbdbda4803ac64b712,0,2,2,1
battlefy,5fa9779a198f6370ee912a94,Kards Open #3 - Swiss Weekend,open,Swiss Day I & II,swiss,2,2020-11-28T17:58:14Z,bf:5fbfa6575d320863b86f10ec,bf:5fba777719c8f219d787247b,0,2,2,1
battlefy,5fa9779a198f6370ee912a94,Kards Open #3 - Swiss Weekend,open,Swiss Day I & II,swiss,2,2020-11-28T17:58:14Z,bf:5fb032ea502b9e587d1b85eb,bf:5fbfaa5d698db1048d27c161,2,0,1,1
battlefy,5fa9779a198f6370ee912a94,Kards Open #3 - Swiss Weekend,open,Swiss Day I & II,swiss,2,2020-11-28T17:58:16Z,bf:5fafaf199a9e750ea663a8e3,bf:5f3fc42472caf64e0f2b589c,0,2,2,1
battlefy,5fa9779a198f6370ee912a94,Kards Open #3 - Swiss Weekend,open,Swiss Day I & II,swiss,2,2020-11-28T17:58:19Z,bf:5fbf6f3f26ea883a515841f0,bf:5fa2d1356b9c704abc3f86e4,0,2,2,1
battlefy,5fa9779a198f6370ee912a94,Kards Open #3 - Swiss Weekend,open,Swiss Day I & II,swiss,2,2020-11-28T17:58:23Z,bf:5fc062ca3a712911d5860aac,bf:5fbeb20eb0ef7749130e452c,0,2,2,1
battlefy,5fa9779a198f6370ee912a94,Kards Open #3 - Swiss Weekend,open,Swiss Day I & II,swiss,2,2020-11-28T17:58:26Z,bf:5fc017df26ea883a515847d5,bf:5fbfa9f0a2fd34654753c891,0,2,2,1
battlefy,5fa9779a198f6370ee912a94,Kards Open #3 - Swiss Weekend,open,Swiss Day I & II,swiss,2,2020-11-28T17:58:36Z,bf:5fc1f746a2fd34654753e1ae,bf:5fbef0d92dc8793ada8527a5,2,0,1,1
battlefy,5fa9779a198f6370ee912a94,Kards Open #3 - Swiss Weekend,open,Swiss Day I & II,swiss,2,2020-11-28T17:58:37Z,bf:5fbfb60f1632970e916c6544,bf:5fbf86bf2dc8793ada852abe,0,2,2,1
battlefy,5fa9779a198f6370ee912a94,Kards Open #3 - Swiss Weekend,open,Swiss Day I & II,swiss,2,2020-11-28T17:58:39Z,bf:5fbf1ad71632970e916c627a,bf:5a8879b76c3ac00358830d7c,0,2,2,1
battlefy,5fa9779a198f6370ee912a94,Kards Open #3 - Swiss Weekend,open,Swiss Day I & II,swiss,2,2020-11-28T17:58:40Z,bf:5fc07486698db1048d27ccd5,bf:5fbe86401632970e916c599c,0,2,2,1
battlefy,5fa9779a198f6370ee912a94,Kards Open #3 - Swiss Weekend,open,Swiss Day I & II,swiss,2,2020-11-28T17:58:40Z,bf:5fbd71c2e7d89a60d43410ca,bf:5fbe860ca2fd34654753c09d,2,0,1,1
battlefy,5fa9779a198f6370ee912a94,Kards Open #3 - Swiss Weekend,open,Swiss Day I & II,swiss,2,2020-11-28T17:58:52Z,bf:5fafeec6e7d89a60d4333722,bf:5fbedfbc0f21e57963853121,2,0,1,1
battlefy,5fa9779a198f6370ee912a94,Kards Open #3 - Swiss Weekend,open,Swiss Day I & II,swiss,2,2020-11-28T17:59:03Z,bf:57a1697c8c3386280ca04b34,bf:5fc1647ca447ab4bb37e3019,2,0,1,1
battlefy,5fa9779a198f6370ee912a94,Kards Open #3 - Swiss Weekend,open,Swiss Day I & II,swiss,2,2020-11-28T17:59:04Z,bf:5fb0ee1e698db1048d26c5af,bf:5fbf17032dc8793ada852978,2,0,1,1
battlefy,5fa9779a198f6370ee912a94,Kards Open #3 - Swiss Weekend,open,Swiss Day I & II,swiss,2,2020-11-28T17:59:05Z,bf:5fc21ebcb0ef7749130e6b81,bf:5fb666119a9e750ea664030b,0,2,2,1
battlefy,5fa9779a198f6370ee912a94,Kards Open #3 - Swiss Weekend,open,Swiss Day I & II,swiss,2,2020-11-28T17:59:12Z,bf:5fbe96be698db1048d27b3e4,bf:5fbef3ecb0ef7749130e49bc,2,0,1,1
battlefy,5fa9779a198f6370ee912a94,Kards Open #3 - Swiss Weekend,open,Swiss Day I & II,swiss,2,2020-11-28T17:59:25Z,bf:5fb3e6ddf07fad440734f71f,bf:5fbfafde1632970e916c652e,0,2,2,1
battlefy,5fa9779a198f6370ee912a94,Kards Open #3 - Swiss Weekend,open,Swiss Day I & II,swiss,2,2020-11-28T17:59:34Z,bf:5fbe83792dc8793ada85198d,bf:5fbc0c3e2dc8793ada84fdb3,0,2,2,1
battlefy,5fa9779a198f6370ee912a94,Kards Open #3 - Swiss Weekend,open,Swiss Day I & II,swiss,2,2020-11-28T17:59:37Z,bf:5fbc4040adfefd64e8c8fd73,bf:5fbfd4581632970e916c6699,2,0,1,1
battlefy,5fa9779a198f6370ee912a94,Kards Open #3 - Swiss Weekend,open,Swiss Day I & II,swiss,2,2020-11-28T17:59:50Z,bf:5fbeac15a447ab4bb37e116f,bf:5fbdb89d26ea883a51583400,0,2,2,1
battlefy,5fa9779a198f6370ee912a94,Kards Open #3 - Swiss Weekend,open,Swiss Day I & II,swiss,2,2020-11-28T18:00:11Z,bf:5fb1143e502b9e587d1b94dc,bf:5f11d03df7c29f223fd624f2,0,2,2,1
battlefy,5fa9779a198f6370ee912a94,Kards Open #3 - Swiss Weekend,open,Swiss Day I & II,swiss,2,2020-11-28T18:00:25Z,bf:5f32c6147bd80311ab78193f,bf:5f130139f7c29f223fd64290,2,0,1,1
battlefy,5fa9779a198f6370ee912a94,Kards Open #3 - Swiss Weekend,open,Swiss Day I & II,swiss,2,2020-11-28T18:00:31Z,bf:5fbf9fa55d320863b86f10d6,bf:5fb1bf581632970e916b85be,2,0,1,1
battlefy,5fa9779a198f6370ee912a94,Kards Open #3 - Swiss Weekend,open,Swiss Day I & II,swiss,2,2020-11-28T18:00:38Z,bf:5fa27bfdf8fc171ea9f66924,bf:5fc13c6e4a99f533280c7373,0,2,2,1
battlefy,5fa9779a198f6370ee912a94,Kards Open #3 - Swiss Weekend,open,Swiss Day I & II,swiss,2,2020-11-28T18:00:41Z,bf:5fbf174c5d320863b86f0efc,bf:5fb1184c0c8f110e8a8bf660,0,2,2,1
battlefy,5fa9779a198f6370ee912a94,Kards Open #3 - Swiss Weekend,open,Swiss Day I & II,swiss,2,2020-11-28T18:00:59Z,bf:5f0cd40c3087a65e039603f4,bf:5fbfb8692dc8793ada852b8d,2,0,1,1
battlefy,5fa9779a198f6370ee912a94,Kards Open #3 - Swiss Weekend,open,Swiss Day I & II,swiss,2,2020-11-28T18:01:04Z,bf:5fc0046a698db1048d27c912,bf:5fbf30a2a447ab4bb37e1b38,2,0,1,1
battlefy,5fa9779a198f6370ee912a94,Kards Open #3 - Swiss Weekend,open,Swiss Day I & II,swiss,2,2020-11-28T18:01:17Z,bf:5fa3e36b6b9c704abc3f92a0,bf:5f32224b74a4bd1196ff8e97,2,0,1,1
battlefy,5fa9779a198f6370ee912a94,Kards Open #3 - Swiss Weekend,open,Swiss Day I & II,swiss,2,2020-11-28T18:01:34Z,bf:5fbe8b8ea447ab4bb37e0fc8,bf:5d6bf8a0238bc73c869e6430,2,0,1,1
battlefy,5fa9779a198f6370ee912a94,Kards Open #3 - Swiss Weekend,open,Swiss Day I & II,swiss,2,2020-11-28T18:02:04Z,bf:5fbb03850f21e57963850470,bf:5fbf81d4698db1048d27bf78,0,2,2,1
battlefy,5fa9779a198f6370ee912a94,Kards Open #3 - Swiss Weekend,open,Swiss Day I & II,swiss,2,2020-11-28T18:02:07Z,bf:5faffa8a502b9e587d1b7c3e,bf:5fb035bf502b9e587d1b8643,2,0,1,1
battlefy,5fa9779a198f6370ee912a94,Kards Open #3 - Swiss Weekend,open,Swiss Day I & II,swiss,2,2020-11-28T18:02:18Z,bf:5fa5397c241d875936d2c2f2,bf:5f323b2daf063111a36cffab,0,2,2,1
battlefy,5fa9779a198f6370ee912a94,Kards Open #3 - Swiss Weekend,open,Swiss Day I & II,swiss,2,2020-11-28T18:02:57Z,bf:5fbeb7541632970e916c5c93,bf:5a4d98c332953903641106de,0,2,2,1
battlefy,5fa9779a198f6370ee912a94,Kards Open #3 - Swiss Weekend,open,Swiss Day I & II,swiss,2,2020-11-28T18:03:38Z,bf:5f404839cabbdc4a26620899,bf:5fb43070a2fd346547530c21,0,2,2,1
battlefy,5fa9779a198f6370ee912a94,Kards Open #3 - Swiss Weekend,open,Swiss Day I & II,swiss,2,2020-11-28T18:03:41Z,bf:5fbe91ca26ea883a51583aa4,bf:5fbf32921632970e916c6301,2,0,1,1
battlefy,5fa9779a198f6370ee912a94,Kards Open #3 - Swiss Weekend,open,Swiss Day I & II,swiss,2,2020-11-28T18:03:48Z,bf:5fbc5711a2fd34654753a8c0,bf:5fbebdee043fd20cdf90cfaf,2,0,1,1
battlefy,5fa9779a198f6370ee912a94,Kards Open #3 - Swiss Weekend,open,Swiss Day I & II,swiss,2,2020-11-28T18:03:49Z,bf:5fa1ee84f8fc171ea9f66554,bf:5f105658eac9482569fb2be4,2,0,1,1
battlefy,5fa9779a198f6370ee912a94,Kards Open #3 - Swiss Weekend,open,Swiss Day I & II,swiss,2,2020-11-28T18:03:56Z,bf:5fbd548d698db1048d27a866,bf:5fbe9602698db1048d27b3e0,2,0,1,1
battlefy,5fa9779a198f6370ee912a94,Kards Open #3 - Swiss Weekend,open,Swiss Day I & II,swiss,2,2020-11-28T18:05:19Z,bf:5fa2928f11743771ade9128e,bf:5f0df84e824086475be264b7,1,2,2,1
battlefy,5fa9779a198f6370ee912a94,Kards Open #3 - Swiss Weekend,open,Swiss Day I & II,swiss,2,2020-11-28T18:05:21Z,bf:5fb1f464698db1048d26d582,bf:5fbe873b4d01f9313d135045,2,0,1,1
battlefy,5fa9779a198f6370ee912a94,Kards Open #3 - Swiss Weekend,open,Swiss Day I & II,swiss,2,2020-11-28T18:05:22Z,bf:5fbfb8f1043fd20cdf90d702,bf:5fbe8c402dc8793ada8519d5,0,2,2,1
battlefy,5fa9779a198f6370ee912a94,Kards Open #3 - Swiss Weekend,open,Swiss Day I & II,swiss,2,2020-11-28T18:05:24Z,bf:5fc1760a2dc8793ada853e83,bf:5fbe830b26ea883a515839f5,2,0,1,1
battlefy,5fa9779a198f6370ee912a94,Kards Open #3 - Swiss Weekend,open,Swiss Day I & II,swiss,2,2020-11-28T18:05:55Z,bf:5fb8387c1faa4843f941ba10,bf:5fc1dd90043fd20cdf90e83e,2,0,1,1
battlefy,5fa9779a198f6370ee912a94,Kards Open #3 - Swiss Weekend,open,Swiss Day I & II,swiss,2,2020-11-28T18:05:58Z,bf:5fbe906ba2fd34654753c0fc,bf:5eb572f0a795290866140381,0,2,2,1
battlefy,5fa9779a198f6370ee912a94,Kards Open #3 - Swiss Weekend,open,Swiss Day I & II,swiss,2,2020-11-28T18:07:47Z,bf:5f1660782cba8f11c2a45e9c,bf:5fb026c1502b9e587d1b838d,2,0,1,1
battlefy,5fa9779a198f6370ee912a94,Kards Open #3 - Swiss Weekend,open,Swiss Day I & II,swiss,2,2020-11-28T18:07:47Z,bf:5fbe89294d01f9313d135068,bf:5c3b6b20304450039e51c054,2,0,1,1
battlefy,5fa9779a198f6370ee912a94,Kards Open #3 - Swiss Weekend,open,Swiss Day I & II,swiss,2,2020-11-28T18:08:02Z,bf:5f10c966160c3f2239e92921,bf:5fb3203b1632970e916b97b7,2,1,1,1
battlefy,5fa9779a198f6370ee912a94,Kards Open #3 - Swiss Weekend,open,Swiss Day I & II,swiss,2,2020-11-28T18:08:20Z,bf:5f362c8703dbcc11d58d78e3,bf:5fbf6ade2dc8793ada852a75,2,0,1,1
battlefy,5fa9779a198f6370ee912a94,Kards Open #3 - Swiss Weekend,open,Swiss Day I & II,swiss,2,2020-11-28T18:08:44Z,bf:5fbef0144d01f9313d135b11,bf:5fb42443a2fd346547530b2e,2,1,1,1
battlefy,5fa9779a198f6370ee912a94,Kards Open #3 - Swiss Weekend,open,Swiss Day I & II,swiss,2,2020-11-28T18:08:47Z,bf:5ec2a6dafd8a561535cde2a5,bf:5ebd9402b92b28521a098ec8,0,2,2,1
battlefy,5fa9779a198f6370ee912a94,Kards Open #3 - Swiss Weekend,open,Swiss Day I & II,swiss,2,2020-11-28T18:08:55Z,bf:5fbfc2c9043fd20cdf90d720,bf:5fb4d729f07fad44073509e4,2,1,1,1
battlefy,5fa9779a198f6370ee912a94,Kards Open #3 - Swiss Weekend,open,Swiss Day I & II,swiss,2,2020-11-28T18:09:22Z,bf:5ec2acf9a7330d091e79291a,bf:5ec038e2256baa1d38011a05,1,2,2,1
battlefy,5fa9779a198f6370ee912a94,Kards Open #3 - Swiss Weekend,open,Swiss Day I & II,swiss,2,2020-11-28T18:11:46Z,bf:5fb719fde0bfea60c76a4f50,bf:5fc003a1b0ef7749130e5216,0,2,2,1
battlefy,5fa9779a198f6370ee912a94,Kards Open #3 - Swiss Weekend,open,Swiss Day I & II,swiss,2,2020-11-28T18:11:58Z,bf:5eeb9c3d19b81239da9496cb,bf:5fbe8b2e5d320863b86f0330,2,0,1,0
battlefy,5fa9779a198f6370ee912a94,Kards Open #3 - Swiss Weekend,open,Swiss Day I & II,swiss,2,2020-11-28T18:12:37Z,bf:5ec14e2baf9b8d5641b7a639,bf:5fbf7a86b0ef7749130e4dec,0,2,2,1
battlefy,5fa9779a198f6370ee912a94,Kards Open #3 - Swiss Weekend,open,Swiss Day I & II,swiss,2,2020-11-28T18:13:02Z,bf:5f4965bb76b8305ffaa36866,bf:5fc0060d698db1048d27c939,2,0,1,1
battlefy,5fa9779a198f6370ee912a94,Kards Open #3 - Swiss Weekend,open,Swiss Day I & II,swiss,2,2020-11-28T18:13:13Z,bf:5fb97cee0c24381d904b5447,bf:5fa3973bf8fc171ea9f68255,2,1,1,1
battlefy,5fa9779a198f6370ee912a94,Kards Open #3 - Swiss Weekend,open,Swiss Day I & II,swiss,2,2020-11-28T18:13:47Z,bf:5ebea8a9bfed616b75962b6a,bf:5fbf97cfb0ef7749130e4e94,2,1,1,1
battlefy,5fa9779a198f6370ee912a94,Kards Open #3 - Swiss Weekend,open,Swiss Day I & II,swiss,2,2020-11-28T18:13:48Z,bf:5fb18ed99a9e750ea663cd33,bf:5e7fb8e3d7ce547b37484302,2,0,1,1
battlefy,5fa9779a198f6370ee912a94,Kards Open #3 - Swiss Weekend,open,Swiss Day I & II,swiss,2,2020-11-28T18:14:06Z,bf:5f11ff59eea71b24bc30ee0c,bf:5fb73781698db1048d271114,2,1,1,1
battlefy,5fa9779a198f6370ee912a94,Kards Open #3 - Swiss Weekend,open,Swiss Day I & II,swiss,2,2020-11-28T18:14:34Z,bf:5fc2123f8ae4c5551e8b0129,bf:5fc133575ca52f15c00549a9,0,2,2,1
battlefy,5fa9779a198f6370ee912a94,Kards Open #3 - Swiss Weekend,open,Swiss Day I & II,swiss,2,2020-11-28T18:16:04Z,bf:5784f8bcf26da72d0cd20f65,bf:5fa2011d11743771ade90dee,0,2,2,1
battlefy,5fa9779a198f6370ee912a94,Kards Open #3 - Swiss Weekend,open,Swiss Day I & II,swiss,2,2020-11-28T18:16:06Z,bf:5fbc79591632970e916c3fe5,bf:5fb02943698db1048d26b9cd,0,2,2,1
battlefy,5fa9779a198f6370ee912a94,Kards Open #3 - Swiss Weekend,open,Swiss Day I & II,swiss,2,2020-11-28T18:16:22Z,bf:5fbe8afb698db1048d27b396,bf:5fbe9b450f21e57963852d1e,0,2,2,0
battlefy,5fa9779a198f6370ee912a94,Kards Open #3 - Swiss Weekend,open,Swiss Day I & II,swiss,2,2020-11-28T18:16:23Z,bf:5fbfa75c0f21e57963853e73,bf:5fbf4fe05d320863b86f0fb6,2,1,1,1
battlefy,5fa9779a198f6370ee912a94,Kards Open #3 - Swiss Weekend,open,Swiss Day I & II,swiss,2,2020-11-28T18:16:32Z,bf:5fc1dd9b2dc8793ada8544a3,bf:5fbf5273adfefd64e8c91b99,1,2,2,1
battlefy,5fa9779a198f6370ee912a94,Kards Open #3 - Swiss Weekend,open,Swiss Day I & II,swiss,2,2020-11-28T18:16:37Z,bf:5fbfb4c7043fd20cdf90d6e1,bf:5ec2c1da0a4e405c2332e640,1,2,2,1
battlefy,5fa9779a198f6370ee912a94,Kards Open #3 - Swiss Weekend,open,Swiss Day I & II,swiss,2,2020-11-28T18:16:40Z,bf:5fbffbaa2dc8793ada85319e,bf:5fb3df78f07fad440734f6f7,2,0,1,1
battlefy,5fa9779a198f6370ee912a94,Kards Open #3 - Swiss Weekend,open,Swiss Day I & II,swiss,2,2020-11-28T18:16:41Z,bf:5fbfc6e15d320863b86f1193,bf:5fbfa1ec5d320863b86f10df,0,2,2,1
battlefy,5fa9779a198f6370ee912a94,Kards Open #3 - Swiss Weekend,open,Swiss Day I & II,swiss,2,2020-11-28T18:17:58Z,bf:5fc1741a4a3afe55318cf945,bf:57101bc80b3b0f8312f27ec5,1,2,2,1
battlefy,5fa9779a198f6370ee912a94,Kards Open #3 - Swiss Weekend,open,Swiss Day I & II,swiss,2,2020-11-28T18:18:04Z,bf:5f4318d1681ff84ab5ec92f9,bf:5faff24f698db1048d26b032,2,0,1,1
battlefy,5fa9779a198f6370ee912a94,Kards Open #3 - Swiss Weekend,open,Swiss Day I & II,swiss,2,2020-11-28T18:19:43Z,bf:5f46ff72cff9bb4e25c82ac7,bf:5fbe834ea2fd34654753c095,2,1,1,1
battlefy,5fa9779a198f6370ee912a94,Kards Open #3 - Swiss Weekend,open,Swiss Day I & II,swiss,2,2020-11-28T18:20:22Z,bf:564e7b5b80b8db4a00c4ff9c,bf:5fb3f43ee0bfea60c76a2a56,2,1,1,1
battlefy,5fa9779a198f6370ee912a94,Kards Open #3 - Swiss Weekend,open,Swiss Day I & II,swiss,2,2020-11-28T18:20:23Z,bf:5fb6da26eb92fe047543c823,bf:5fa2992ef8fc171ea9f66a3e,1,2,2,1
battlefy,5fa9779a198f6370ee912a94,Kards Open #3 - Swiss Weekend,open,Swiss Day I & II,swiss,2,2020-11-28T18:21:55Z,bf:5fbfaa4726ea883a5158435d,bf:5fa57306cc28b3594394b946,1,2,2,1
battlefy,5fa9779a198f6370ee912a94,Kards Open #3 - Swiss Weekend,open,Swiss Day I & II,swiss,2,2020-11-28T18:22:07Z,bf:5fb0d42e9a9e750ea663c3fc,bf:5f1520542cba8f11c2a44c16,2,1,1,1
battlefy,5fa9779a198f6370ee912a94,Kards Open #3 - Swiss Weekend,open,Swiss Day I & II,swiss,2,2020-11-28T18:23:04Z,bf:5fbfb1ca2dc8793ada852b72,bf:5b38c676cbd82c03a4f28e8f,2,1,1,1
battlefy,5fa9779a198f6370ee912a94,Kards Open #3 - Swiss Weekend,open,Swiss Day I & II,swiss,2,2020-11-28T18:23:25Z,bf:5f10825feac9482569fb2e81,bf:5f34d3bdacefe6118a5de444,1,2,2,1
battlefy,5fa9779a198f6370ee912a94,Kards Open #3 - Swiss Weekend,open,Swiss Day I & II,swiss,2,2020-11-28T18:23:39Z,bf:5fbe89b5043fd20cdf90cccf,bf:5fb0f0121632970e916b7856,1,2,2,1
battlefy,5fa9779a198f6370ee912a94,Kards Open #3 - Swiss Weekend,open,Swiss Day I & II,swiss,2,2020-11-28T18:23:58Z,bf:5d26bcf5c9bf6055b457dfb5,bf:5ec99a6d5cb5d5345c7fdf7c,2,1,1,0
battlefy,5fa9779a198f6370ee912a94,Kards Open #3 - Swiss Weekend,open,Swiss Day I & II,swiss,2,2020-11-28T18:24:00Z,bf:5fc241c1f1aa2511d7251933,bf:5fbe970e26ea883a51583ac1,2,0,1,0
battlefy,5fa9779a198f6370ee912a94,Kards Open #3 - Swiss Weekend,open,Swiss Day I & II,swiss,2,2020-11-28T18:24:22Z,bf:5fb051789a9e750ea663bb88,bf:5fbe84641632970e916c5996,0,2,2,1
battlefy,5fa9779a198f6370ee912a94,Kards Open #3 - Swiss Weekend,open,Swiss Day I & II,swiss,2,2020-11-28T18:24:24Z,bf:5fc048141632970e916c6beb,bf:5fafe4c9eb92fe0475436826,1,2,2,1
battlefy,5fa9779a198f6370ee912a94,Kards Open #3 - Swiss Weekend,open,Swiss Day I & II,swiss,2,2020-11-28T18:26:28Z,bf:5fa3da8e11743771ade92018,bf:5f0e37b37c5e104738aebbe3,2,1,1,1
battlefy,5fa9779a198f6370ee912a94,Kards Open #3 - Swiss Weekend,open,Swiss Day I & II,swiss,2,2020-11-28T18:26:46Z,bf:5f31dbda9ab87f2e0c19cd0c,bf:5f3bcb62c190e3296d7a2cd2,2,1,1,1
battlefy,5fa9779a198f6370ee912a94,Kards Open #3 - Swiss Weekend,open,Swiss Day I & II,swiss,2,2020-11-28T18:27:24Z,bf:5fbc3b8e0f21e5796385112f,bf:5fa5ede611743771ade94108,1,2,2,1
battlefy,5fa9779a198f6370ee912a94,Kards Open #3 - Swiss Weekend,open,Swiss Day I & II,swiss,2,2020-11-28T18:28:29Z,bf:5fb110bd698db1048d26c5f6,bf:5fb1db8c5caa4f5e4bc8168d,1,2,2,1
battlefy,5fa9779a198f6370ee912a94,Kards Open #3 - Swiss Weekend,open,Swiss Day I & II,swiss,2,2020-11-28T18:29:36Z,bf:5fbe848ca2fd34654753c09a,bf:5f354d22e4876e1184288d58,1,2,2,1
battlefy,5fa9779a198f6370ee912a94,Kards Open #3 - Swiss Weekend,open,Swiss Day I & II,swiss,2,2020-11-28T18:31:06Z,bf:5f32f48419fcf2666b2abff1,bf:5fc0ff84971c1811b1c02525,2,0,1,1
battlefy,5fa9779a198f6370ee912a94,Kards Open #3 - Swiss Weekend,open,Swiss Day I & II,swiss,2,2020-11-28T18:31:33Z,bf:5fb2c8f11632970e916b926c,bf:5fb6a5d3e7d89a60d4339244,2,1,1,0
battlefy,5fa9779a198f6370ee912a94,Kards Open #3 - Swiss Weekend,open,Swiss Day I & II,swiss,2,2020-11-28T18:32:21Z,bf:5fb1316c502b9e587d1b95e6,bf:5fa4097911743771ade92145,0,0,0,0
battlefy,5fa9779a198f6370ee912a94,Kards Open #3 - Swiss Weekend,open,Swiss Day I & II,swiss,2,2020-11-28T18:32:52Z,bf:5fc06376a447ab4bb37e29a7,bf:5faffbe71632970e916b602a,0,0,0,0
battlefy,5fa9779a198f6370ee912a94,Kards Open #3 - Swiss Weekend,open,Swiss Day I & II,swiss,2,2020-11-28T18:33:13Z,bf:5fb0e0020c8f110e8a8bf3f2,bf:5fc26afe6052f211a7127a71,0,0,0,0
battlefy,5fa9779a198f6370ee912a94,Kards Open #3 - Swiss Weekend,open,Swiss Day I & II,swiss,2,2020-11-28T18:33:21Z,bf:5fbfba184d01f9313d135f37,bf:5fbf3d90adfefd64e8c91af1,0,0,0,0
battlefy,5fa9779a198f6370ee912a94,Kards Open #3 - Swiss Weekend,open,Swiss Day I & II,swiss,2,2020-11-28T18:36:26Z,bf:5fb4442a9a9e750ea663ee54,bf:5fbe862ca447ab4bb37e0f77,2,1,1,1
battlefy,5fa9779a198f6370ee912a94,Kards Open #3 - Swiss Weekend,open,Swiss Day I & II,swiss,2,2020-11-28T18:37:06Z,bf:5fbf28984d01f9313d135d0f,bf:5fc1c2f14a3afe55318cfd98,0,2,2,0
battlefy,5fa9779a198f6370ee912a94,Kards Open #3 - Swiss Weekend,open,Swiss Day I & II,swiss,2,2020-11-28T18:39:56Z,bf:5fb0eee19a9e750ea663c435,bf:5fb1cc6ee0bfea60c76a1385,1,2,2,1
battlefy,5fa9779a198f6370ee912a94,Kards Open #3 - Swiss Weekend,open,Swiss Day I & II,swiss,2,2020-11-28T18:46:52Z,bf:5fb0b189f07fad440734d338,bf:5fb1cbe45caa4f5e4bc81377,1,2,2,1
battlefy,5fa9779a198f6370ee912a94,Kards Open #3 - Swiss Weekend,open,Swiss Day I & II,swiss,2,2020-11-28T18:51:28Z,bf:5fbe87ea5d320863b86f031b,bf:5fb02c08698db1048d26ba0d,2,0,1,0
battlefy,5fa9779a198f6370ee912a94,Kards Open #3 - Swiss Weekend,open,Swiss Day I & II,swiss,3,2020-11-28T19:02:41Z,bf:5fc1f746a2fd34654753e1ae,bf:5fbeb20eb0ef7749130e452c,2,0,1,1
battlefy,5fa9779a198f6370ee912a94,Kards Open #3 - Swiss Weekend,open,Swiss Day I & II,swiss,3,2020-11-28T19:02:42Z,bf:5fb43070a2fd346547530c21,bf:5fb0f0121632970e916b7856,2,0,1,1
battlefy,5fa9779a198f6370ee912a94,Kards Open #3 - Swiss Weekend,open,Swiss Day I & II,swiss,3,2020-11-28T19:02:49Z,bf:5fbfaa4726ea883a5158435d,bf:5fb0b189f07fad440734d338,0,2,2,1
battlefy,5fa9779a198f6370ee912a94,Kards Open #3 - Swiss Weekend,open,Swiss Day I & II,swiss,3,2020-11-28T19:03:00Z,bf:5fbe91ca26ea883a51583aa4,bf:5784f8bcf26da72d0cd20f65,0,2,2,1
battlefy,5fa9779a198f6370ee912a94,Kards Open #3 - Swiss Weekend,open,Swiss Day I & II,swiss,3,2020-11-28T19:03:09Z,bf:5fa3973bf8fc171ea9f68255,bf:5ec2a6dafd8a561535cde2a5,0,2,2,1
battlefy,5fa9779a198f6370ee912a94,Kards Open #3 - Swiss Weekend,open,Swiss Day I & II,swiss,3,2020-11-28T19:03:12Z,bf:5fb3f43ee0bfea60c76a2a56,bf:5fbf97cfb0ef7749130e4e94,2,0,1,1
battlefy,5fa9779a198f6370ee912a94,Kards Open #3 - Swiss Weekend,open,Swiss Day I & II,swiss,3,2020-11-28T19:03:22Z,bf:5fb97cee0c24381d904b5447,bf:5fbfa9f0a2fd34654753c891,0,2,2,1
battlefy,5fa9779a198f6370ee912a94,Kards Open #3 - Swiss Weekend,open,Swiss Day I & II,swiss,3,2020-11-28T19:03:27Z,bf:5fbf81d4698db1048d27bf78,bf:5f0dad9ac47339351f7f742f,2,0,1,1
battlefy,5fa9779a198f6370ee912a94,Kards Open #3 - Swiss Weekend,open,Swiss Day I & II,swiss,3,2020-11-28T19:04:24Z,bf:5fafaf199a9e750ea663a8e3,bf:5fc0244ca2fd34654753d0cb,0,2,2,0
battlefy,5fa9779a198f6370ee912a94,Kards Open #3 - Swiss Weekend,open,Swiss Day I & II,swiss,3,2020-11-28T19:04:42Z,bf:5fb1bf581632970e916b85be,bf:5fbe906ba2fd34654753c0fc,2,0,1,1
battlefy,5fa9779a198f6370ee912a94,Kards Open #3 - Swiss Weekend,open,Swiss Day I & II,swiss,3,2020-11-28T19:04:54Z,bf:5fb2c8f11632970e916b926c,bf:5fbe830b26ea883a515839f5,2,0,1,1
battlefy,5fa9779a198f6370ee912a94,Kards Open #3 - Swiss Weekend,open,Swiss Day I & II,swiss,3,2020-11-28T19:04:54Z,bf:5fb1316c502b9e587d1b95e6,bf:5ec14e2baf9b8d5641b7a639,0,2,2,0
battlefy,5fa9779a198f6370ee912a94,Kards Open #3 - Swiss Weekend,open,Swiss Day I & II,swiss,3,2020-11-28T19:05:19Z,bf:5fc1647ca447ab4bb37e3019,bf:5fbe9602698db1048d27b3e0,0,2,2,0
battlefy,5fa9779a198f6370ee912a94,Kards Open #3 - Swiss Weekend,open,Swiss Day I & II,swiss,3,2020-11-28T19:06:44Z,bf:5f11e67d85fecb25631448a0,bf:5fb1f464698db1048d26d582,2,0,1,1
battlefy,5fa9779a198f6370ee912a94,Kards Open #3 - Swiss Weekend,open,Swiss Day I & II,swiss,3,2020-11-28T19:07:16Z,bf:5fbf5273adfefd64e8c91b99,bf:5fbe848ca2fd34654753c09a,2,0,1,1
battlefy,5fa9779a198f6370ee912a94,Kards Open #3 - Swiss Weekend,open,Swiss Day I & II,swiss,3,2020-11-28T19:07:25Z,bf:5fbf8fc55d320863b86f1086,bf:5fbfc6e15d320863b86f1193,0,2,2,1
battlefy,5fa9779a198f6370ee912a94,Kards Open #3 - Swiss Weekend,open,Swiss Day I & II,swiss,3,2020-11-28T19:07:29Z,bf:5fbe9b450f21e57963852d1e,bf:5fbe8c402dc8793ada8519d5,0,2,2,1
battlefy,5fa9779a198f6370ee912a94,Kards Open #3 - Swiss Weekend,open,Swiss Day I & II,swiss,3,2020-11-28T19:07:32Z,bf:5f0df84e824086475be264b7,bf:5f4318d1681ff84ab5ec92f9,2,0,1,1
battlefy,5fa9779a198f6370ee912a94,Kards Open #3 - Swiss Weekend,open,Swiss Day I & II,swiss,3,2020-11-28T19:07:34Z,bf:5fbe8ae05d320863b86f032c,bf:5d26bcf5c9bf6055b457dfb5,0,2,2,1
battlefy,5fa9779a198f6370ee912a94,Kards Open #3 - Swiss Weekend,open,Swiss Day I & II,swiss,3,2020-11-28T19:08:03Z,bf:5faffa8a502b9e587d1b7c3e,bf:5fa530563f52763256b7593d,2,0,1,0
battlefy,5fa9779a198f6370ee912a94,Kards Open #3 - Swiss Weekend,open,Swiss Day I & II,swiss,3,2020-11-28T19:08:14Z,bf:5fc13108a447ab4bb37e2e33,bf:5fb3f8b3e7d89a60d4337959,2,0,1,1
battlefy,5fa9779a198f6370ee912a94,Kards Open #3 - Swiss Weekend,open,Swiss Day I & II,swiss,3,2020-11-28T19:08:18Z,bf:5fbfba184d01f9313d135f37,bf:5fbe89b5043fd20cdf90cccf,0,2,2,0
battlefy,5fa9779a198f6370ee912a94,Kards Open #3 - Swiss Weekend,open,Swiss Day I & II,swiss,3,2020-11-28T19:08:58Z,bf:5fafe4c9eb92fe0475436826,bf:5ec2c1da0a4e405c2332e640,0,2,2,1
battlefy,5fa9779a198f6370ee912a94,Kards Open #3 - Swiss Weekend,open,Swiss Day I & II,swiss,3,2020-11-28T19:08:59Z,bf:5fb1cbe45caa4f5e4bc81377,bf:5fa1ee84f8fc171ea9f66554,0,2,2,0
battlefy,5fa9779a198f6370ee912a94,Kards Open #3 - Swiss Weekend,open,Swiss Day I & II,swiss,3,2020-11-28T19:09:02Z,bf:5fa4097911743771ade92145,bf:5fbb03850f21e57963850470,0,2,2,0
battlefy,5fa9779a198f6370ee912a94,Kards Open #3 - Swiss Weekend,open,Swiss Day I & II,swiss,3,2020-11-28T19:10:24Z,bf:5f31dbda9ab87f2e0c19cd0c,bf:5fa3da8e11743771ade92018,0,2,2,1
battlefy,5fa9779a198f6370ee912a94,Kards Open #3 - Swiss Weekend,open,Swiss Day I & II,swiss,3,2020-11-28T19:10:42Z,bf:5ebd9402b92b28521a098ec8,bf:5eb572f0a795290866140381,2,0,1,1
battlefy,5fa9779a198f6370ee912a94,Kards Open #3 - Swiss Weekend,open,Swiss Day I & II,swiss,3,2020-11-28T19:11:20Z,bf:5fb3df78f07fad440734f6f7,bf:5c3b6b20304450039e51c054,0,2,2,1
battlefy,5fa9779a198f6370ee912a94,Kards Open #3 - Swiss Weekend,open,Swiss Day I & II,swiss,3,2020-11-28T19:11:26Z,bf:5fa2992ef8fc171ea9f66a3e,bf:5fc003a1b0ef7749130e5216,2,0,1,1
battlefy,5fa9779a198f6370ee912a94,Kards Open #3 - Swiss Weekend,open,Swiss Day I & II,swiss,3,2020-11-28T19:11:42Z,bf:5fafeec6e7d89a60d4333722,bf:5fb249e5f07fad440734e5ea,0,2,2,1
battlefy,5fa9779a198f6370ee912a94,Kards Open #3 - Swiss Weekend,open,Swiss Day I & II,swiss,3,2020-11-28T19:11:49Z,bf:5fbc3b8e0f21e5796385112f,bf:5fb73781698db1048d271114,2,0,1,1
battlefy,5fa9779a198f6370ee912a94,Kards Open #3 - Swiss Weekend,open,Swiss Day I & II,swiss,3,2020-11-28T19:12:22Z,bf:5f32c6147bd80311ab78193f,bf:5f11ff59eea71b24bc30ee0c,2,0,1,1
battlefy,5fa9779a198f6370ee912a94,Kards Open #3 - Swiss Weekend,open,Swiss Day I & II,swiss,3,2020-11-28T19:12:42Z,bf:5fb051789a9e750ea663bb88,bf:5fbf174c5d320863b86f0efc,2,0,1,0
battlefy,5fa9779a198f6370ee912a94,Kards Open #3 - Swiss Weekend,open,Swiss Day I & II,swiss,3,2020-11-28T19:12:45Z,bf:5fbc5711a2fd34654753a8c0,bf:5fbe96be698db1048d27b3e4,2,0,1,1
battlefy,5fa9779a198f6370ee912a94,Kards Open #3 - Swiss Weekend,open,Swiss Day I & II,swiss,3,2020-11-28T19:13:04Z,bf:5fb035bf502b9e587d1b8643,bf:5fc26afe6052f211a7127a71,0,2,2,1
battlefy,5fa9779a198f6370ee912a94,Kards Open #3 - Swiss Weekend,open,Swiss Day I & II,swiss,3,2020-11-28T19:13:14Z,bf:5fbe86401632970e916c599c,bf:5fbfd4581632970e916c6699,2,0,1,1
battlefy,5fa9779a198f6370ee912a94,Kards Open #3 - Swiss Weekend,open,Swiss Day I & II,swiss,3,2020-11-28T19:13:18Z,bf:5a8879b76c3ac00358830d7c,bf:5fbfafde1632970e916c652e,0,2,2,1
battlefy,5fa9779a198f6370ee912a94,Kards Open #3 - Swiss Weekend,open,Swiss Day I & II,swiss,3,2020-11-28T19:14:14Z,bf:5fbf9fa55d320863b86f10d6,bf:5fbfb1ca2dc8793ada852b72,2,0,1,1
battlefy,5fa9779a198f6370ee912a94,Kards Open #3 - Swiss Weekend,open,Swiss Day I & II,swiss,3,2020-11-28T19:14:22Z,bf:5f32f48419fcf2666b2abff1,bf:5fb8387c1faa4843f941ba10,2,0,1,1
battlefy,5fa9779a198f6370ee912a94,Kards Open #3 - Swiss Weekend,open,Swiss Day I & II,swiss,3,2020-11-28T19:14:27Z,bf:5fbf6ade2dc8793ada852a75,bf:5fa3e36b6b9c704abc3f92a0,2,0,1,0
battlefy,5fa9779a198f6370ee912a94,Kards Open #3 - Swiss Weekend,open,Swiss Day I & II,swiss,3,2020-11-28T19:14:38Z,bf:5fbfbd51b0ef7749130e4f38,bf:5fb02943698db1048d26b9cd,0,2,2,1
battlefy,5fa9779a198f6370ee912a94,Kards Open #3 - Swiss Weekend,open,Swiss Day I & II,swiss,3,2020-11-28T19:14:40Z,bf:5fb18ed99a9e750ea663cd33,bf:5fbef0144d01f9313d135b11,0,2,2,1
battlefy,5fa9779a198f6370ee912a94,Kards Open #3 - Swiss Weekend,open,Swiss Day I & II,swiss,3,2020-11-28T19:14:44Z,bf:5f3fc42472caf64e0f2b589c,bf:5fbfa1ec5d320863b86f10df,1,2,2,1
battlefy,5fa9779a198f6370ee912a94,Kards Open #3 - Swiss Weekend,open,Swiss Day I & II,swiss,3,2020-11-28T19:14:56Z,bf:5fbdb89d26ea883a51583400,bf:5fbfc2c9043fd20cdf90d720,2,1,1,1
battlefy,5fa9779a198f6370ee912a94,Kards Open #3 - Swiss Weekend,open,Swiss Day I & II,swiss,3,2020-11-28T19:15:30Z,bf:5eeb9c3d19b81239da9496cb,bf:5f46ff72cff9bb4e25c82ac7,2,0,1,1
battlefy,5fa9779a198f6370ee912a94,Kards Open #3 - Swiss Weekend,open,Swiss Day I & II,swiss,3,2020-11-28T19:15:40Z,bf:5fb1db8c5caa4f5e4bc8168d,bf:5f323b2daf063111a36cffab,1,2,2,1
battlefy,5fa9779a198f6370ee912a94,Kards Open #3 - Swiss Weekend,open,Swiss Day I & II,swiss,3,2020-11-28T19:17:02Z,bf:5fc133575ca52f15c00549a9,bf:5fbe89294d01f9313d135068,2,0,1,1
battlefy,5fa9779a198f6370ee912a94,Kards Open #3 - Swiss Weekend,open,Swiss Day I & II,swiss,3,2020-11-28T19:17:05Z,bf:5ec2acf9a7330d091e79291a,bf:5f404839cabbdc4a26620899,2,1,1,1
battlefy,5fa9779a198f6370ee912a94,Kards Open #3 - Swiss Weekend,open,Swiss Day I & II,swiss,3,2020-11-28T19:17:09Z,bf:5fbf516e2dc8793ada852a4c,bf:5e7fb8e3d7ce547b37484302,2,0,1,0
battlefy,5fa9779a198f6370ee912a94,Kards Open #3 - Swiss Weekend,open,Swiss Day I & II,swiss,3,2020-11-28T19:17:24Z,bf:5fb4d729f07fad44073509e4,bf:5fa5ede611743771ade94108,1,2,2,1
battlefy,5fa9779a198f6370ee912a94,Kards Open #3 - Swiss Weekend,open,Swiss Day I & II,swiss,3,2020-11-28T19:17:43Z,bf:5fc13c6e4a99f533280c7373,bf:5fbc4040adfefd64e8c8fd73,2,0,1,1
battlefy,5fa9779a198f6370ee912a94,Kards Open #3 - Swiss Weekend,open,Swiss Day I & II,swiss,3,2020-11-28T19:17:53Z,bf:5b38c676cbd82c03a4f28e8f,bf:5f1b48d1abfcb016362ba48e,0,2,2,0
battlefy,5fa9779a198f6370ee912a94,Kards Open #3 - Swiss Weekend,open,Swiss Day I & II,swiss,3,2020-11-28T19:17:57Z,bf:5fbe84641632970e916c5996,bf:5fbffbaa2dc8793ada85319e,2,0,1,1
battlefy,5fa9779a198f6370ee912a94,Kards Open #3 - Swiss Weekend,open,Swiss Day I & II,swiss,3,2020-11-28T19:18:00Z,bf:5fb1cc6ee0bfea60c76a1385,bf:5a4d98c332953903641106de,1,2,2,1
battlefy,5fa9779a198f6370ee912a94,Kards Open #3 - Swiss Weekend,open,Swiss Day I & II,swiss,3,2020-11-28T19:18:01Z,bf:5f10825feac9482569fb2e81,bf:5f32224b74a4bd1196ff8e97,0,2,2,1
battlefy,5fa9779a198f6370ee912a94,Kards Open #3 - Swiss Weekend,open,Swiss Day I & II,swiss,3,2020-11-28T19:18:01Z,bf:5fb3184d9a9e750ea663e423,bf:564e7b5b80b8db4a00c4ff9c,0,2,2,1
battlefy,5fa9779a198f6370ee912a94,Kards Open #3 - Swiss Weekend,open,Swiss Day I & II,swiss,3,2020-11-28T19:18:04Z,bf:5fb719fde0bfea60c76a4f50,bf:5fb42443a2fd346547530b2e,0,2,2,1
battlefy,5fa9779a198f6370ee912a94,Kards Open #3 - Swiss Weekend,open,Swiss Day I & II,swiss,3,2020-11-28T19:18:42Z,bf:5fb032ea502b9e587d1b85eb,bf:5b499abbdbda4803ac64b712,2,0,1,1
battlefy,5fa9779a198f6370ee912a94,Kards Open #3 - Swiss Weekend,open,Swiss Day I & II,swiss,3,2020-11-28T19:18:49Z,bf:5ec57fff74214e1748e43f56,bf:5fbed15626ea883a51583d3f,2,0,1,0
battlefy,5fa9779a198f6370ee912a94,Kards Open #3 - Swiss Weekend,open,Swiss Day I & II,swiss,3,2020-11-28T19:18:56Z,bf:5fb0eee19a9e750ea663c435,bf:5fb666119a9e750ea664030b,2,1,1,1
battlefy,5fa9779a198f6370ee912a94,Kards Open #3 - Swiss Weekend,open,Swiss Day I & II,swiss,3,2020-11-28T19:19:16Z,bf:5fc24f00971c1811b1c037b0,bf:5f1520542cba8f11c2a44c16,0,2,2,0
battlefy,5fa9779a198f6370ee912a94,Kards Open #3 - Swiss Weekend,open,Swiss Day I & II,swiss,3,2020-11-28T19:19:22Z,bf:5f4965bb76b8305ffaa36866,bf:5fbeac15a447ab4bb37e116f,0,2,2,1
battlefy,5fa9779a198f6370ee912a94,Kards Open #3 - Swiss Weekend,open,Swiss Day I & II,swiss,3,2020-11-28T19:20:39Z,bf:5fb0ee1e698db1048d26c5af,bf:5fb110bd698db1048d26c5f6,0,2,2,1
battlefy,5fa9779a198f6370ee912a94,Kards Open #3 - Swiss Weekend,open,Swiss Day I & II,swiss,3,2020-11-28T19:20:57Z,bf:5fbe8b8ea447ab4bb37e0fc8,bf:5fbfb8f1043fd20cdf90d702,2,0,1,1
battlefy,5fa9779a198f6370ee912a94,Kards Open #3 - Swiss Weekend,open,Swiss Day I & II,swiss,3,2020-11-28T19:21:06Z,bf:5fb026c1502b9e587d1b838d,bf:5fbfaa5d698db1048d27c161,2,0,1,0
battlefy,5fa9779a198f6370ee912a94,Kards Open #3 - Swiss Weekend,open,Swiss Day I & II,swiss,3,2020-11-28T19:21:41Z,bf:5fc1dd90043fd20cdf90e83e,bf:5fb0d42e9a9e750ea663c3fc,1,2,2,1
battlefy,5fa9779a198f6370ee912a94,Kards Open #3 - Swiss Weekend,open,Swiss Day I & II,swiss,3,2020-11-28T19:22:00Z,bf:5fb3203b1632970e916b97b7,bf:5fbf6f3f26ea883a515841f0,2,0,1,0
battlefy,5fa9779a198f6370ee912a94,Kards Open #3 - Swiss Weekend,open,Swiss Day I & II,swiss,3,2020-11-28T19:22:21Z,bf:5f362c8703dbcc11d58d78e3,bf:5f0cd40c3087a65e039603f4,1,2,2,1
battlefy,5fa9779a198f6370ee912a94,Kards Open #3 - Swiss Weekend,open,Swiss Day I & II,swiss,3,2020-11-28T19:22:27Z,bf:5fb27723698db1048d26d94d,bf:5fc1760a2dc8793ada853e83,0,2,2,1
battlefy,5fa9779a198f6370ee912a94,Kards Open #3 - Swiss Weekend,open,Swiss Day I & II,swiss,3,2020-11-28T19:23:24Z,bf:5f34d3bdacefe6118a5de444,bf:5f10c966160c3f2239e92921,1,2,2,1
battlefy,5fa9779a198f6370ee912a94,Kards Open #3 - Swiss Weekend,open,Swiss Day I & II,swiss,3,2020-11-28T19:23:25Z,bf:5fc07486698db1048d27ccd5,bf:5f0f3d9e7c4df3491abfe047,0,2,2,0
battlefy,5fa9779a198f6370ee912a94,Kards Open #3 - Swiss Weekend,open,Swiss Day I & II,swiss,3,2020-11-28T19:23:49Z,bf:5fb4442a9a9e750ea663ee54,bf:5fbf4fe05d320863b86f0fb6,0,2,2,1
battlefy,5fa9779a198f6370ee912a94,Kards Open #3 - Swiss Weekend,open,Swiss Day I & II,swiss,3,2020-11-28T19:23:58Z,bf:5f105658eac9482569fb2be4,bf:5fbf86bf2dc8793ada852abe,0,2,2,0
battlefy,5fa9779a198f6370ee912a94,Kards Open #3 - Swiss Weekend,open,Swiss Day I & II,swiss,3,2020-11-28T19:24:02Z,bf:5fc2123f8ae4c5551e8b0129,bf:5fa5397c241d875936d2c2f2,0,2,2,1
battlefy,5fa9779a198f6370ee912a94,Kards Open #3 - Swiss Weekend,open,Swiss Day I & II,swiss,3,2020-11-28T19:24:44Z,bf:5fc0ff84971c1811b1c02525,bf:5fbf3849043fd20cdf90d500,0,2,2,1
battlefy,5fa9779a198f6370ee912a94,Kards Open #3 - Swiss Weekend,open,Swiss Day I & II,swiss,3,2020-11-28T19:24:52Z,bf:5fc0046a698db1048d27c912,bf:5fbebdee043fd20cdf90cfaf,0,2,2,1
battlefy,5fa9779a198f6370ee912a94,Kards Open #3 - Swiss Weekend,open,Swiss Day I & II,swiss,3,2020-11-28T19:26:17Z,bf:5f11d03df7c29f223fd624f2,bf:5fbc79591632970e916c3fe5,0,2,2,1
battlefy,5fa9779a198f6370ee912a94,Kards Open #3 - Swiss Weekend,open,Swiss Day I & II,swiss,3,2020-11-28T19:27:10Z,bf:5fbf32921632970e916c6301,bf:5fbe83792dc8793ada85198d,0,0,0,0
battlefy,5fa9779a198f6370ee912a94,Kards Open #3 - Swiss Weekend,open,Swiss Day I & II,swiss,3,2020-11-28T19:28:01Z,bf:5fb6da26eb92fe047543c823,bf:57a1697c8c3386280ca04b34,1,2,2,1
battlefy,5fa9779a198f6370ee912a94,Kards Open #3 - Swiss Weekend,open,Swiss Day I & II,swiss,3,2020-11-28T19:28:01Z,bf:5fbd548d698db1048d27a866,bf:5fbef3ecb0ef7749130e49bc,2,0,1,0
battlefy,5fa9779a198f6370ee912a94,Kards Open #3 - Swiss Weekend,open,Swiss Day I & II,swiss,3,2020-11-28T19:28:03Z,bf:5fa57306cc28b3594394b946,bf:5fbfa75c0f21e57963853e73,0,2,2,1
battlefy,5fa9779a198f6370ee912a94,Kards Open #3 - Swiss Weekend,open,Swiss Day I & II,swiss,3,2020-11-28T19:28:08Z,bf:5fbf7a86b0ef7749130e4dec,bf:5fbc0c3e2dc8793ada84fdb3,0,2,2,1
battlefy,5fa9779a198f6370ee912a94,Kards Open #3 - Swiss Weekend,open,Swiss Day I & II,swiss,3,2020-11-28T19:28:39Z,bf:5fc1dd9b2dc8793ada8544a3,bf:5fbf8670698db1048d27bfda,2,0,1,0
battlefy,5fa9779a198f6370ee912a94,Kards Open #3 - Swiss Weekend,open,Swiss Day I & II,swiss,3,2020-11-28T19:29:09Z,bf:5fbf3d90adfefd64e8c91af1,bf:5ec2f8632e7fb7357e7c8077,2,0,1,0
battlefy,5fa9779a198f6370ee912a94,Kards Open #3 - Swiss Weekend,open,Swiss Day I & II,swiss,3,2020-11-28T19:29:49Z,bf:5fbfb60f1632970e916c6544,bf:5fbe873b4d01f9313d135045,0,0,0,0
battlefy,5fa9779a198f6370ee912a94,Kards Open #3 - Swiss Weekend,open,Swiss Day I & II,swiss,3,2020-11-28T19:29:50Z,bf:5f0e37b37c5e104738aebbe3,bf:5ec038e2256baa1d38011a05,2,1,1,1
battlefy,5fa9779a198f6370ee912a94,Kards Open #3 - Swiss Weekend,open,Swiss Day I & II,swiss,3,2020-11-28T19:30:11Z,bf:5fc017df26ea883a515847d5,bf:5faff24f698db1048d26b032,2,1,1,1
battlefy,5fa9779a198f6370ee912a94,Kards Open #3 - Swiss Weekend,open,Swiss Day I & II,swiss,3,2020-11-28T19:30:52Z,bf:5d6bf8a0238bc73c869e6430,bf:5fb3e6ddf07fad440734f71f,0,0,0,0
battlefy,5fa9779a198f6370ee912a94,Kards Open #3 - Swiss Weekend,open,Swiss Day I & II,swiss,3,2020-11-28T19:31:13Z,bf:5fc048141632970e916c6beb,bf:5fbe971d0f21e57963852d08,0,0,0,0
battlefy,5fa9779a198f6370ee912a94,Kards Open #3 - Swiss Weekend,open,Swiss Day I & II,swiss,3,2020-11-28T19:31:43Z,bf:5fc06376a447ab4bb37e29a7,bf:5fbf4b25698db1048d27bdc9,0,0,0,0
battlefy,5fa9779a198f6370ee912a94,Kards Open #3 - Swiss Weekend,open,Swiss Day I & II,swiss,3,2020-11-28T19:31:57Z,bf:5fbeb7541632970e916c5c93,bf:5fa2d1356b9c704abc3f86e4,2,1,1,1
battlefy,5fa9779a198f6370ee912a94,Kards Open #3 - Swiss Weekend,open,Swiss Day I & II,swiss,3,2020-11-28T19:32:16Z,bf:5fc1741a4a3afe55318cf945,bf:5fbfb8692dc8793ada852b8d,0,0,0,0
battlefy,5fa9779a198f6370ee912a94,Kards Open #3 - Swiss Weekend,open,Swiss Day I & II,swiss,3,2020-11-28T19:32:56Z,bf:5fc241c1f1aa2511d7251933,bf:5fa27bfdf8fc171ea9f66924,1,2,2,1
battlefy,5fa9779a198f6370ee912a94,Kards Open #3 - Swiss Weekend,open,Swiss Day I & II,swiss,3,2020-11-28T19:33:20Z,bf:5fa2011d11743771ade90dee,bf:5f1660782cba8f11c2a45e9c,2,1,1,1
battlefy,5fa9779a198f6370ee912a94,Kards Open #3 - Swiss Weekend,open,Swiss Day I & II,swiss,3,2020-11-28T19:34:29Z,bf:5f109d917a5f692572240090,bf:5fa2928f11743771ade9128e,2,1,1,0
battlefy,5fa9779a198f6370ee912a94,Kards Open #3 - Swiss Weekend,open,Swiss Day I & II,swiss,3,2020-11-28T19:36:18Z,bf:5fafe7dfe7d89a60d43336cc,bf:5fbef0d92dc8793ada8527a5,0,0,0,0
battlefy,5fa9779a198f6370ee912a94,Kards Open #3 - Swiss Weekend,open,Swiss Day I & II,swiss,3,2020-11-28T19:36:31Z,bf:5fbe87ea5d320863b86f031b,bf:5fbeb056698db1048d27b5bd,1,2,2,1
battlefy,5fa9779a198f6370ee912a94,Kards Open #3 - Swiss Weekend,open,Swiss Day I & II,swiss,3,2020-11-28T19:39:07Z,bf:5fc21ebcb0ef7749130e6b81,bf:5fbf28984d01f9313d135d0f,0,0,0,0
battlefy,5fa9779a198f6370ee912a94,Kards Open #3 - Swiss Weekend,open,Swiss Day I & II,swiss,3,2020-11-28T19:39:38Z,bf:5f130139f7c29f223fd64290,bf:5fbf1ad71632970e916c627a,0,0,0,0
battlefy,5fa9779a198f6370ee912a94,Kards Open #3 - Swiss Weekend,open,Swiss Day I & II,swiss,3,2020-11-28T19:41:10Z,bf:5fc13c125d320863b86f1d60,bf:5fc062ca3a712911d5860aac,0,0,0,0
battlefy,5fa9779a198f6370ee912a94,Kards Open #3 - Swiss Weekend,open,Swiss Day I & II,swiss,3,2020-11-28T19:41:47Z,bf:5fb0e0020c8f110e8a8bf3f2,bf:5fbf17032dc8793ada852978,0,0,0,0
battlefy,5fa9779a198f6370ee912a94,Kards Open #3 - Swiss Weekend,open,Swiss Day I & II,swiss,3,2020-11-28T19:42:07Z,bf:5fbe834ea2fd34654753c095,bf:5f3bcb62c190e3296d7a2cd2,0,0,0,0
battlefy,5fa9779a198f6370ee912a94,Kards Open #3 - Swiss Weekend,open,Swiss Day I & II,swiss,3,2020-11-28T19:42:52Z,bf:5fb98c8e19c8f219d78717ac,bf:5fbe860ca2fd34654753c09d,0,0,0,0
battlefy,5fa9779a198f6370ee912a94,Kards Open #3 - Swiss Weekend,open,Swiss Day I & II,swiss,3,2020-11-28T19:43:24Z,bf:5fbfa6575d320863b86f10ec,bf:5fb1143e502b9e587d1b94dc,0,0,0,0
battlefy,5fa9779a198f6370ee912a94,Kards Open #3 - Swiss Weekend,open,Swiss Day I & II,swiss,3,2020-11-28T19:43:53Z,bf:5fbf30a2a447ab4bb37e1b38,bf:5fb1a2cb5caa4f5e4bc80d56,0,0,0,0
battlefy,5fa9779a198f6370ee912a94,Kards Open #3 - Swiss Weekend,open,Swiss Day I & II,swiss,3,2020-11-28T19:44:53Z,bf:5f122bf8b4738624c4273b13,bf:5faffbe71632970e916b602a,0,0,0,0
battlefy,5fa9779a198f6370ee912a94,Kards Open #3 - Swiss Weekend,open,Swiss Day I & II,swiss,3,2020-11-28T19:45:14Z,bf:5fbe862ca447ab4bb37e0f77,bf:5fbedfbc0f21e57963853121,0,0,0,0
battlefy,5fa9779a198f6370ee912a94,Kards Open #3 - Swiss Weekend,open,Swiss Day I & II,swiss,3,2020-11-28T19:45:36Z,bf:5fbf62605d320863b86f0ff1,bf:5fbfb4c7043fd20cdf90d6e1,0,0,0,0
battlefy,5fa9779a198f6370ee912a94,Kards Open #3 - Swiss Weekend,open,Swiss Day I & II,swiss,3,2020-11-28T19:47:56Z,bf:5fb1184c0c8f110e8a8bf660,bf:5ebea8a9bfed616b75962b6a,2,0,1,0
battlefy,5fa9779a198f6370ee912a94,Kards Open #3 - Swiss Weekend,open,Swiss Day I & II,swiss,3,2020-11-28T19:48:09Z,bf:57101bc80b3b0f8312f27ec5,bf:5f354d22e4876e1184288d58,1,2,2,1
battlefy,5fa9779a198f6370ee912a94,Kards Open #3 - Swiss Weekend,open,Swiss Day I & II,swiss,3,2020-11-28T19:58:26Z,bf:5fba777719c8f219d787247b,bf:5fbd71c2e7d89a60d43410ca,1,2,2,1
battlefy,5fa9779a198f6370ee912a94,Kards Open #3 - Swiss Weekend,open,Swiss Day I & II,swiss,4,2020-11-28T20:09:19Z,bf:5fb1db8c5caa4f5e4bc8168d,bf:5fb97cee0c24381d904b5447,2,0,1,0
battlefy,5fa9779a198f6370ee912a94,Kards Open #3 - Swiss Weekend,open,Swiss Day I & II,swiss,4,2020-11-28T20:13:26Z,bf:5f1b48d1abfcb016362ba48e,bf:5fbf81d4698db1048d27bf78,2,0,1,1
battlefy,5fa9779a198f6370ee912a94,Kards Open #3 - Swiss Weekend,open,Swiss Day I & II,swiss,4,2020-11-28T20:13:56Z,bf:5fc241c1f1aa2511d7251933,bf:5fa2d1356b9c704abc3f86e4,0,2,2,1
battlefy,5fa9779a198f6370ee912a94,Kards Open #3 - Swiss Weekend,open,Swiss Day I & II,swiss,4,2020-11-28T20:14:05Z,bf:5fb4d729f07fad44073509e4,bf:5fb1f464698db1048d26d582,0,2,2,1
battlefy,5fa9779a198f6370ee912a94,Kards Open #3 - Swiss Weekend,open,Swiss Day I & II,swiss,4,2020-11-28T20:16:26Z,bf:5fbeb20eb0ef7749130e452c,bf:5fc1741a4a3afe55318cf945,2,0,1,0
battlefy,5fa9779a198f6370ee912a94,Kards Open #3 - Swiss Weekend,open,Swiss Day I & II,swiss,4,2020-11-28T20:16:47Z,bf:5f0f3d9e7c4df3491abfe047,bf:5fbf7a86b0ef7749130e4dec,2,0,1,0
battlefy,5fa9779a198f6370ee912a94,Kards Open #3 - Swiss Weekend,open,Swiss Day I & II,swiss,4,2020-11-28T20:17:22Z,bf:5fb43070a2fd346547530c21,bf:5fbf3849043fd20cdf90d500,2,0,1,1
battlefy,5fa9779a198f6370ee912a94,Kards Open #3 - Swiss Weekend,open,Swiss Day I & II,swiss,4,2020-11-28T20:17:27Z,bf:5f10825feac9482569fb2e81,bf:5fbe873b4d01f9313d135045,2,0,1,0
battlefy,5fa9779a198f6370ee912a94,Kards Open #3 - Swiss Weekend,open,Swiss Day I & II,swiss,4,2020-11-28T20:18:00Z,bf:5fc048141632970e916c6beb,bf:5f1520542cba8f11c2a44c16,0,2,2,0
battlefy,5fa9779a198f6370ee912a94,Kards Open #3 - Swiss Weekend,open,Swiss Day I & II,swiss,4,2020-11-28T20:18:31Z,bf:5fa3973bf8fc171ea9f68255,bf:5ec57fff74214e1748e43f56,0,2,2,0
battlefy,5fa9779a198f6370ee912a94,Kards Open #3 - Swiss Weekend,open,Swiss Day I & II,swiss,4,2020-11-28T20:18:33Z,bf:5fbfb1ca2dc8793ada852b72,bf:5fc13108a447ab4bb37e2e33,2,0,1,1
battlefy,5fa9779a198f6370ee912a94,Kards Open #3 - Swiss Weekend,open,Swiss Day I & II,swiss,4,2020-11-28T20:19:07Z,bf:5fbf8fc55d320863b86f1086,bf:5fbc3b8e0f21e5796385112f,0,2,2,0
battlefy,5fa9779a198f6370ee912a94,Kards Open #3 - Swiss Weekend,open,Swiss Day I & II,swiss,4,2020-11-28T20:19:21Z,bf:5fb3df78f07fad440734f6f7,bf:5fbf97cfb0ef7749130e4e94,2,0,1,0
battlefy,5fa9779a198f6370ee912a94,Kards Open #3 - Swiss Weekend,open,Swiss Day I & II,swiss,4,2020-11-28T20:19:45Z,bf:5fbeb7541632970e916c5c93,bf:5fa27bfdf8fc171ea9f66924,0,2,2,1
battlefy,5fa9779a198f6370ee912a94,Kards Open #3 - Swiss Weekend,open,Swiss Day I & II,swiss,4,2020-11-28T20:20:15Z,bf:5fbe87ea5d320863b86f031b,bf:5a8879b76c3ac00358830d7c,2,0,1,1
battlefy,5fa9779a198f6370ee912a94,Kards Open #3 - Swiss Weekend,open,Swiss Day I & II,swiss,4,2020-11-28T20:20:26Z,bf:5ebd9402b92b28521a098ec8,bf:5fb032ea502b9e587d1b85eb,2,0,1,0
battlefy,5fa9779a198f6370ee912a94,Kards Open #3 - Swiss Weekend,open,Swiss Day I & II,swiss,4,2020-11-28T20:20:35Z,bf:5fc26afe6052f211a7127a71,bf:5fbe830b26ea883a515839f5,2,0,1,1
battlefy,5fa9779a198f6370ee912a94,Kards Open #3 - Swiss Weekend,open,Swiss Day I & II,swiss,4,2020-11-28T20:20:53Z,bf:5f323b2daf063111a36cffab,bf:5fa1ee84f8fc171ea9f66554,1,2,2,1
battlefy,5fa9779a198f6370ee912a94,Kards Open #3 - Swiss Weekend,open,Swiss Day I & II,swiss,4,2020-11-28T20:21:22Z,bf:5f4965bb76b8305ffaa36866,bf:5fb0f0121632970e916b7856,2,0,1,1
battlefy,5fa9779a198f6370ee912a94,Kards Open #3 - Swiss Weekend,open,Swiss Day I & II,swiss,4,2020-11-28T20:21:31Z,bf:5fb0d42e9a9e750ea663c3fc,bf:5fa5ede611743771ade94108,2,0,1,0
battlefy,5fa9779a198f6370ee912a94,Kards Open #3 - Swiss Weekend,open,Swiss Day I & II,swiss,4,2020-11-28T20:21:38Z,bf:5fc1dd90043fd20cdf90e83e,bf:5f11ff59eea71b24bc30ee0c,2,0,1,1
battlefy,5fa9779a198f6370ee912a94,Kards Open #3 - Swiss Weekend,open,Swiss Day I & II,swiss,4,2020-11-28T20:21:50Z,bf:5c3b6b20304450039e51c054,bf:5f46ff72cff9bb4e25c82ac7,0,2,2,1
battlefy,5fa9779a198f6370ee912a94,Kards Open #3 - Swiss Weekend,open,Swiss Day I & II,swiss,4,2020-11-28T20:23:03Z,bf:5fbdb89d26ea883a51583400,bf:5fa3da8e11743771ade92018,1,2,2,1
battlefy,5fa9779a198f6370ee912a94,Kards Open #3 - Swiss Weekend,open,Swiss Day I & II,swiss,4,2020-11-28T20:23:24Z,bf:5fb026c1502b9e587d1b838d,bf:5f4318d1681ff84ab5ec92f9,0,2,2,1
battlefy,5fa9779a198f6370ee912a94,Kards Open #3 - Swiss Weekend,open,Swiss Day I & II,swiss,4,2020-11-28T20:24:04Z,bf:5ec2c1da0a4e405c2332e640,bf:5fbf5273adfefd64e8c91b99,2,0,1,1
battlefy,5fa9779a198f6370ee912a94,Kards Open #3 - Swiss Weekend,open,Swiss Day I & II,swiss,4,2020-11-28T20:24:20Z,bf:5fafe4c9eb92fe0475436826,bf:5fbf86bf2dc8793ada852abe,0,2,2,1
battlefy,5fa9779a198f6370ee912a94,Kards Open #3 - Swiss Weekend,open,Swiss Day I & II,swiss,4,2020-11-28T20:24:22Z,bf:5f109d917a5f692572240090,bf:5fb27723698db1048d26d94d,2,1,1,1
battlefy,5fa9779a198f6370ee912a94,Kards Open #3 - Swiss Weekend,open,Swiss Day I & II,swiss,4,2020-11-28T20:24:32Z,bf:5fc0046a698db1048d27c912,bf:5fbe8ae05d320863b86f032c,2,0,1,1
battlefy,5fa9779a198f6370ee912a94,Kards Open #3 - Swiss Weekend,open,Swiss Day I & II,swiss,4,2020-11-28T20:24:39Z,bf:5fbe96be698db1048d27b3e4,bf:5eb572f0a795290866140381,1,2,2,1
battlefy,5fa9779a198f6370ee912a94,Kards Open #3 - Swiss Weekend,open,Swiss Day I & II,swiss,4,2020-11-28T20:24:41Z,bf:5fbfbd51b0ef7749130e4f38,bf:5fbf4fe05d320863b86f0fb6,1,2,2,1
battlefy,5fa9779a198f6370ee912a94,Kards Open #3 - Swiss Weekend,open,Swiss Day I & II,swiss,4,2020-11-28T20:25:11Z,bf:5fc003a1b0ef7749130e5216,bf:5fbd548d698db1048d27a866,2,1,1,1
battlefy,5fa9779a198f6370ee912a94,Kards Open #3 - Swiss Weekend,open,Swiss Day I & II,swiss,4,2020-11-28T20:25:15Z,bf:5fc133575ca52f15c00549a9,bf:5f0df84e824086475be264b7,2,1,1,1
battlefy,5fa9779a198f6370ee912a94,Kards Open #3 - Swiss Weekend,open,Swiss Day I & II,swiss,4,2020-11-28T20:25:17Z,bf:5fbfa1ec5d320863b86f10df,bf:564e7b5b80b8db4a00c4ff9c,0,2,2,1
battlefy,5fa9779a198f6370ee912a94,Kards Open #3 - Swiss Weekend,open,Swiss Day I & II,swiss,4,2020-11-28T20:25:26Z,bf:5f354d22e4876e1184288d58,bf:5fbf9fa55d320863b86f10d6,1,2,2,1
battlefy,5fa9779a198f6370ee912a94,Kards Open #3 - Swiss Weekend,open,Swiss Day I & II,swiss,4,2020-11-28T20:25:38Z,bf:5fbef0144d01f9313d135b11,bf:5a4d98c332953903641106de,2,0,1,1
battlefy,5fa9779a198f6370ee912a94,Kards Open #3 - Swiss Weekend,open,Swiss Day I & II,swiss,4,2020-11-28T20:26:10Z,bf:5fbfb8f1043fd20cdf90d702,bf:5fb3203b1632970e916b97b7,0,2,2,1
battlefy,5fa9779a198f6370ee912a94,Kards Open #3 - Swiss Weekend,open,Swiss Day I & II,swiss,4,2020-11-28T20:26:24Z,bf:5fbe8b8ea447ab4bb37e0fc8,bf:5fb3f43ee0bfea60c76a2a56,0,2,2,1
battlefy,5fa9779a198f6370ee912a94,Kards Open #3 - Swiss Weekend,open,Swiss Day I & II,swiss,4,2020-11-28T20:26:54Z,bf:5b499abbdbda4803ac64b712,bf:5f1660782cba8f11c2a45e9c,0,2,2,0
battlefy,5fa9779a198f6370ee912a94,Kards Open #3 - Swiss Weekend,open,Swiss Day I & II,swiss,4,2020-11-28T20:27:18Z,bf:5ec038e2256baa1d38011a05,bf:5fc0ff84971c1811b1c02525,2,0,1,0
battlefy,5fa9779a198f6370ee912a94,Kards Open #3 - Swiss Weekend,open,Swiss Day I & II,swiss,4,2020-11-28T20:27:24Z,bf:5fb2c8f11632970e916b926c,bf:5fbc4040adfefd64e8c8fd73,2,1,1,1
battlefy,5fa9779a198f6370ee912a94,Kards Open #3 - Swiss Weekend,open,Swiss Day I & II,swiss,4,2020-11-28T20:27:41Z,bf:5fb0b189f07fad440734d338,bf:5fa57306cc28b3594394b946,0,2,2,1
battlefy,5fa9779a198f6370ee912a94,Kards Open #3 - Swiss Weekend,open,Swiss Day I & II,swiss,4,2020-11-28T20:28:01Z,bf:5f0cd40c3087a65e039603f4,bf:5fc1760a2dc8793ada853e83,0,2,2,1
battlefy,5fa9779a198f6370ee912a94,Kards Open #3 - Swiss Weekend,open,Swiss Day I & II,swiss,4,2020-11-28T20:28:05Z,bf:5fb249e5f07fad440734e5ea,bf:5f32224b74a4bd1196ff8e97,0,2,2,1
battlefy,5fa9779a198f6370ee912a94,Kards Open #3 - Swiss Weekend,open,Swiss Day I & II,swiss,4,2020-11-28T20:28:09Z,bf:5f362c8703dbcc11d58d78e3,bf:5fbe86401632970e916c599c,0,2,2,1
battlefy,5fa9779a198f6370ee912a94,Kards Open #3 - Swiss Weekend,open,Swiss Day I & II,swiss,4,2020-11-28T20:28:34Z,bf:5fb8387c1faa4843f941ba10,bf:5ec2a6dafd8a561535cde2a5,0,2,2,0
battlefy,5fa9779a198f6370ee912a94,Kards Open #3 - Swiss Weekend,open,Swiss Day I & II,swiss,4,2020-11-28T20:29:24Z,bf:5fbfa75c0f21e57963853e73,bf:5fbe84641632970e916c5996,1,2,2,1
battlefy,5fa9779a198f6370ee912a94,Kards Open #3 - Swiss Weekend,open,Swiss Day I & II,swiss,4,2020-11-28T20:29:57Z,bf:5fbe834ea2fd34654753c095,bf:5fbe91ca26ea883a51583aa4,0,0,0,0
battlefy,5fa9779a198f6370ee912a94,Kards Open #3 - Swiss Weekend,open,Swiss Day I & II,swiss,4,2020-11-28T20:30:36Z,bf:5fbf516e2dc8793ada852a4c,bf:5fbd71c2e7d89a60d43410ca,2,1,1,1
battlefy,5fa9779a198f6370ee912a94,Kards Open #3 - Swiss Weekend,open,Swiss Day I & II,swiss,4,2020-11-28T20:30:47Z,bf:5f11e67d85fecb25631448a0,bf:5fc0244ca2fd34654753d0cb,2,1,1,1
battlefy,5fa9779a198f6370ee912a94,Kards Open #3 - Swiss Weekend,open,Swiss Day I & II,swiss,4,2020-11-28T20:30:52Z,bf:5fbfafde1632970e916c652e,bf:5fbf6ade2dc8793ada852a75,0,2,2,1
battlefy,5fa9779a198f6370ee912a94,Kards Open #3 - Swiss Weekend,open,Swiss Day I & II,swiss,4,2020-11-28T20:31:09Z,bf:5fb666119a9e750ea664030b,bf:5fbb03850f21e57963850470,2,1,1,1
battlefy,5fa9779a198f6370ee912a94,Kards Open #3 - Swiss Weekend,open,Swiss Day I & II,swiss,4,2020-11-28T20:31:18Z,bf:5f31dbda9ab87f2e0c19cd0c,bf:57101bc80b3b0f8312f27ec5,2,1,1,0
battlefy,5fa9779a198f6370ee912a94,Kards Open #3 - Swiss Weekend,open,Swiss Day I & II,swiss,4,2020-11-28T20:31:25Z,bf:5fb051789a9e750ea663bb88,bf:5fc017df26ea883a515847d5,0,2,2,1
battlefy,5fa9779a198f6370ee912a94,Kards Open #3 - Swiss Weekend,open,Swiss Day I & II,swiss,4,2020-11-28T20:34:16Z,bf:5fa2992ef8fc171ea9f66a3e,bf:5fbfa9f0a2fd34654753c891,1,2,2,1
battlefy,5fa9779a198f6370ee912a94,Kards Open #3 - Swiss Weekend,open,Swiss Day I & II,swiss,4,2020-11-28T20:34:22Z,bf:5f10c966160c3f2239e92921,bf:5fbc0c3e2dc8793ada84fdb3,2,0,1,1
battlefy,5fa9779a198f6370ee912a94,Kards Open #3 - Swiss Weekend,open,Swiss Day I & II,swiss,4,2020-11-28T20:35:03Z,bf:5fb6da26eb92fe047543c823,bf:5fba777719c8f219d787247b,2,1,1,1
battlefy,5fa9779a198f6370ee912a94,Kards Open #3 - Swiss Weekend,open,Swiss Day I & II,swiss,4,2020-11-28T20:35:13Z,bf:5fb18ed99a9e750ea663cd33,bf:57a1697c8c3386280ca04b34,2,0,1,0
battlefy,5fa9779a198f6370ee912a94,Kards Open #3 - Swiss Weekend,open,Swiss Day I & II,swiss,4,2020-11-28T20:35:33Z,bf:5fc2123f8ae4c5551e8b0129,bf:5ec2acf9a7330d091e79291a,0,2,2,1
battlefy,5fa9779a198f6370ee912a94,Kards Open #3 - Swiss Weekend,open,Swiss Day I & II,swiss,4,2020-11-28T20:35:42Z,bf:5f0e37b37c5e104738aebbe3,bf:5fa5397c241d875936d2c2f2,2,1,1,1
battlefy,5fa9779a198f6370ee912a94,Kards Open #3 - Swiss Weekend,open,Swiss Day I & II,swiss,4,2020-11-28T20:35:51Z,bf:5fb73781698db1048d271114,bf:5fbe862ca447ab4bb37e0f77,0,0,0,0
battlefy,5fa9779a198f6370ee912a94,Kards Open #3 - Swiss Weekend,open,Swiss Day I & II,swiss,4,2020-11-28T20:36:27Z,bf:5f34d3bdacefe6118a5de444,bf:5fb0ee1e698db1048d26c5af,2,1,1,1
battlefy,5fa9779a198f6370ee912a94,Kards Open #3 - Swiss Weekend,open,Swiss Day I & II,swiss,4,2020-11-28T20:36:30Z,bf:5fbfc2c9043fd20cdf90d720,bf:5fbeac15a447ab4bb37e116f,2,1,1,1
battlefy,5fa9779a198f6370ee912a94,Kards Open #3 - Swiss Weekend,open,Swiss Day I & II,swiss,4,2020-11-28T20:36:34Z,bf:5fbfd4581632970e916c6699,bf:5fbe848ca2fd34654753c09a,0,0,0,0
battlefy,5fa9779a198f6370ee912a94,Kards Open #3 - Swiss Weekend,open,Swiss Day I & II,swiss,4,2020-11-28T20:37:06Z,bf:5fbe906ba2fd34654753c0fc,bf:5f3bcb62c190e3296d7a2cd2,0,0,0,0
battlefy,5fa9779a198f6370ee912a94,Kards Open #3 - Swiss Weekend,open,Swiss Day I & II,swiss,4,2020-11-28T20:37:34Z,bf:5fa2011d11743771ade90dee,bf:5fb1184c0c8f110e8a8bf660,2,1,1,1
battlefy,5fa9779a198f6370ee912a94,Kards Open #3 - Swiss Weekend,open,Swiss Day I & II,swiss,4,2020-11-28T20:38:00Z,bf:5f11d03df7c29f223fd624f2,bf:5fb3f8b3e7d89a60d4337959,0,0,0,0
battlefy,5fa9779a198f6370ee912a94,Kards Open #3 - Swiss Weekend,open,Swiss Day I & II,swiss,4,2020-11-28T20:38:39Z,bf:5fc0060d698db1048d27c939,bf:5ec14e2baf9b8d5641b7a639,2,0,1,1
battlefy,5fa9779a198f6370ee912a94,Kards Open #3 - Swiss Weekend,open,Swiss Day I & II,swiss,4,2020-11-28T20:39:00Z,bf:5fbe8c402dc8793ada8519d5,bf:5fbc5711a2fd34654753a8c0,1,2,2,1
battlefy,5fa9779a198f6370ee912a94,Kards Open #3 - Swiss Weekend,open,Swiss Day I & II,swiss,4,2020-11-28T20:39:08Z,bf:5fbfaa4726ea883a5158435d,bf:5fb035bf502b9e587d1b8643,0,0,0,0
battlefy,5fa9779a198f6370ee912a94,Kards Open #3 - Swiss Weekend,open,Swiss Day I & II,swiss,4,2020-11-28T20:39:13Z,bf:5fbe89b5043fd20cdf90cccf,bf:5fbf3d90adfefd64e8c91af1,1,2,2,1
battlefy,5fa9779a198f6370ee912a94,Kards Open #3 - Swiss Weekend,open,Swiss Day I & II,swiss,4,2020-11-28T20:39:46Z,bf:5fb02943698db1048d26b9cd,bf:5eeb9c3d19b81239da9496cb,0,2,2,1
battlefy,5fa9779a198f6370ee912a94,Kards Open #3 - Swiss Weekend,open,Swiss Day I & II,swiss,4,2020-11-28T20:41:02Z,bf:5fbe89294d01f9313d135068,bf:5fbebdee043fd20cdf90cfaf,1,2,2,1
battlefy,5fa9779a198f6370ee912a94,Kards Open #3 - Swiss Weekend,open,Swiss Day I & II,swiss,4,2020-11-28T20:43:15Z,bf:5fc1f746a2fd34654753e1ae,bf:5fb3184d9a9e750ea663e423,1,2,2,1
battlefy,5fa9779a198f6370ee912a94,Kards Open #3 - Swiss Weekend,open,Swiss Day I & II,swiss,4,2020-11-28T20:43:22Z,bf:5fafeec6e7d89a60d4333722,bf:5faff24f698db1048d26b032,1,2,2,0
battlefy,5fa9779a198f6370ee912a94,Kards Open #3 - Swiss Weekend,open,Swiss Day I & II,swiss,4,2020-11-28T20:44:25Z,bf:5faffa8a502b9e587d1b7c3e,bf:5fbeb056698db1048d27b5bd,1,2,2,1
battlefy,5fa9779a198f6370ee912a94,Kards Open #3 - Swiss Weekend,open,Swiss Day I & II,swiss,4,2020-11-28T20:44:33Z,bf:5f0dad9ac47339351f7f742f,bf:5fbe9602698db1048d27b3e0,0,0,0,0
battlefy,5fa9779a198f6370ee912a94,Kards Open #3 - Swiss Weekend,open,Swiss Day I & II,swiss,4,2020-11-28T20:45:39Z,bf:5fb110bd698db1048d26c5f6,bf:5784f8bcf26da72d0cd20f65,2,1,1,1
battlefy,5fa9779a198f6370ee912a94,Kards Open #3 - Swiss Weekend,open,Swiss Day I & II,swiss,4,2020-11-28T20:46:16Z,bf:5fb719fde0bfea60c76a4f50,bf:5fb4442a9a9e750ea663ee54,1,2,2,1
battlefy,5fa9779a198f6370ee912a94,Kards Open #3 - Swiss Weekend,open,Swiss Day I & II,swiss,4,2020-11-28T20:46:50Z,bf:5f32f48419fcf2666b2abff1,bf:5fc13c6e4a99f533280c7373,1,2,2,1
battlefy,5fa9779a198f6370ee912a94,Kards Open #3 - Swiss Weekend,open,Swiss Day I & II,swiss,4,2020-11-28T20:47:21Z,bf:5d26bcf5c9bf6055b457dfb5,bf:5fb1cc6ee0bfea60c76a1385,2,1,1,1
battlefy,5fa9779a198f6370ee912a94,Kards Open #3 - Swiss Weekend,open,Swiss Day I & II,swiss,4,2020-11-28T20:48:13Z,bf:5f32c6147bd80311ab78193f,bf:5fbe9b450f21e57963852d1e,2,1,1,1
battlefy,5fa9779a198f6370ee912a94,Kards Open #3 - Swiss Weekend,open,Swiss Day I & II,swiss,4,2020-11-28T20:49:12Z,bf:5fc1dd9b2dc8793ada8544a3,bf:5fb0eee19a9e750ea663c435,0,2,2,1
battlefy,5fa9779a198f6370ee912a94,Kards Open #3 - Swiss Weekend,open,Swiss Day I & II,swiss,4,2020-11-28T20:57:38Z,bf:5fb42443a2fd346547530b2e,bf:5f3fc42472caf64e0f2b589c,0,2,2,0
battlefy,5fa9779a198f6370ee912a94,Kards Open #3 - Swiss Weekend,open,Swiss Day I & II,swiss,4,2020-11-28T21:01:13Z,bf:5fbc79591632970e916c3fe5,bf:5fbfc6e15d320863b86f1193,1,2,2,1
battlefy,5fa9779a198f6370ee912a94,Kards Open #3 - Swiss Weekend,open,Swiss Day I & II,swiss,4,2020-11-28T21:05:14Z,bf:5fb1bf581632970e916b85be,bf:5fbffbaa2dc8793ada85319e,2,1,1,1
battlefy,5fa9779a198f6370ee912a94,Kards Open #3 - Swiss Weekend,open,Swiss Day I & II,swiss,5,2020-11-28T21:19:52Z,bf:5fafe4c9eb92fe0475436826,bf:5fbf3849043fd20cdf90d500,0,2,2,1
battlefy,5fa9779a198f6370ee912a94,Kards Open #3 - Swiss Weekend,open,Swiss Day I & II,swiss,5,2020-11-28T21:20:03Z,bf:5f46ff72cff9bb4e25c82ac7,bf:5fbe86401632970e916c599c,2,0,1,1
battlefy,5fa9779a198f6370ee912a94,Kards Open #3 - Swiss Weekend,open,Swiss Day I & II,swiss,5,2020-11-28T21:20:07Z,bf:5fbebdee043fd20cdf90cfaf,bf:5fbe8c402dc8793ada8519d5,2,0,1,1
battlefy,5fa9779a198f6370ee912a94,Kards Open #3 - Swiss Weekend,open,Swiss Day I & II,swiss,5,2020-11-28T21:20:20Z,bf:5fb0d42e9a9e750ea663c3fc,bf:5fa2992ef8fc171ea9f66a3e,2,0,1,1
battlefy,5fa9779a198f6370ee912a94,Kards Open #3 - Swiss Weekend,open,Swiss Day I & II,swiss,5,2020-11-28T21:20:28Z,bf:5fbc0c3e2dc8793ada84fdb3,bf:5f1520542cba8f11c2a44c16,0,2,2,1
battlefy,5fa9779a198f6370ee912a94,Kards Open #3 - Swiss Weekend,open,Swiss Day I & II,swiss,5,2020-11-28T21:20:47Z,bf:5fc1dd9b2dc8793ada8544a3,bf:5fbe8b8ea447ab4bb37e0fc8,0,2,2,1
battlefy,5fa9779a198f6370ee912a94,Kards Open #3 - Swiss Weekend,open,Swiss Day I & II,swiss,5,2020-11-28T21:21:13Z,bf:5fc13c6e4a99f533280c7373,bf:5fa1ee84f8fc171ea9f66554,0,2,2,1
battlefy,5fa9779a198f6370ee912a94,Kards Open #3 - Swiss Weekend,open,Swiss Day I & II,swiss,5,2020-11-28T21:21:46Z,bf:5f3fc42472caf64e0f2b589c,bf:5fb2c8f11632970e916b926c,2,0,1,1
battlefy,5fa9779a198f6370ee912a94,Kards Open #3 - Swiss Weekend,open,Swiss Day I & II,swiss,5,2020-11-28T21:23:53Z,bf:5faffa8a502b9e587d1b7c3e,bf:5ec038e2256baa1d38011a05,0,2,2,1
battlefy,5fa9779a198f6370ee912a94,Kards Open #3 - Swiss Weekend,open,Swiss Day I & II,swiss,5,2020-11-28T21:24:29Z,bf:5fbc4040adfefd64e8c8fd73,bf:5f0f3d9e7c4df3491abfe047,2,0,1,1
battlefy,5fa9779a198f6370ee912a94,Kards Open #3 - Swiss Weekend,open,Swiss Day I & II,swiss,5,2020-11-28T21:25:32Z,bf:5fbd71c2e7d89a60d43410ca,bf:5f34d3bdacefe6118a5de444,2,0,1,1
battlefy,5fa9779a198f6370ee912a94,Kards Open #3 - Swiss Weekend,open,Swiss Day I & II,swiss,5,2020-11-28T21:26:11Z,bf:5fbfa75c0f21e57963853e73,bf:5fb43070a2fd346547530c21,2,0,1,1
battlefy,5fa9779a198f6370ee912a94,Kards Open #3 - Swiss Weekend,open,Swiss Day I & II,swiss,5,2020-11-28T21:27:31Z,bf:5fbfa1ec5d320863b86f10df,bf:5f1b48d1abfcb016362ba48e,2,0,1,1
battlefy,5fa9779a198f6370ee912a94,Kards Open #3 - Swiss Weekend,open,Swiss Day I & II,swiss,5,2020-11-28T21:27:56Z,bf:5f32f48419fcf2666b2abff1,bf:5fbf4fe05d320863b86f0fb6,2,0,1,1
battlefy,5fa9779a198f6370ee912a94,Kards Open #3 - Swiss Weekend,open,Swiss Day I & II,swiss,5,2020-11-28T21:28:26Z,bf:5784f8bcf26da72d0cd20f65,bf:5fbfafde1632970e916c652e,0,2,2,1
battlefy,5fa9779a198f6370ee912a94,Kards Open #3 - Swiss Weekend,open,Swiss Day I & II,swiss,5,2020-11-28T21:29:05Z,bf:5fb1bf581632970e916b85be,bf:5fb110bd698db1048d26c5f6,2,0,1,1
battlefy,5fa9779a198f6370ee912a94,Kards Open #3 - Swiss Weekend,open,Swiss Day I & II,swiss,5,2020-11-28T21:29:26Z,bf:5f354d22e4876e1184288d58,bf:5fb0eee19a9e750ea663c435,2,0,1,1
battlefy,5fa9779a198f6370ee912a94,Kards Open #3 - Swiss Weekend,open,Swiss Day I & II,swiss,5,2020-11-28T21:30:02Z,bf:5fbfbd51b0ef7749130e4f38,bf:5fb0b189f07fad440734d338,2,0,1,1
battlefy,5fa9779a198f6370ee912a94,Kards Open #3 - Swiss Weekend,open,Swiss Day I & II,swiss,5,2020-11-28T21:30:09Z,bf:5fb1f464698db1048d26d582,bf:5fc1dd90043fd20cdf90e83e,2,0,1,1
battlefy,5fa9779a198f6370ee912a94,Kards Open #3 - Swiss Weekend,open,Swiss Day I & II,swiss,5,2020-11-28T21:30:20Z,bf:5fbf5273adfefd64e8c91b99,bf:5f109d917a5f692572240090,0,2,2,1
battlefy,5fa9779a198f6370ee912a94,Kards Open #3 - Swiss Weekend,open,Swiss Day I & II,swiss,5,2020-11-28T21:30:38Z,bf:5fa2d1356b9c704abc3f86e4,bf:5fb27723698db1048d26d94d,1,2,2,1
battlefy,5fa9779a198f6370ee912a94,Kards Open #3 - Swiss Weekend,open,Swiss Day I & II,swiss,5,2020-11-28T21:31:09Z,bf:5faff24f698db1048d26b032,bf:5fbeac15a447ab4bb37e116f,0,2,2,1
battlefy,5fa9779a198f6370ee912a94,Kards Open #3 - Swiss Weekend,open,Swiss Day I & II,swiss,5,2020-11-28T21:31:17Z,bf:5fbdb89d26ea883a51583400,bf:5f31dbda9ab87f2e0c19cd0c,1,2,2,1
battlefy,5fa9779a198f6370ee912a94,Kards Open #3 - Swiss Weekend,open,Swiss Day I & II,swiss,5,2020-11-28T21:31:36Z,bf:5fbfc2c9043fd20cdf90d720,bf:5fbfc6e15d320863b86f1193,0,2,2,1
battlefy,5fa9779a198f6370ee912a94,Kards Open #3 - Swiss Weekend,open,Swiss Day I & II,swiss,5,2020-11-28T21:31:53Z,bf:5f0e37b37c5e104738aebbe3,bf:5fb1184c0c8f110e8a8bf660,2,0,1,1
battlefy,5fa9779a198f6370ee912a94,Kards Open #3 - Swiss Weekend,open,Swiss Day I & II,swiss,5,2020-11-28T21:32:11Z,bf:5f32224b74a4bd1196ff8e97,bf:5fbf81d4698db1048d27bf78,0,2,2,1
battlefy,5fa9779a198f6370ee912a94,Kards Open #3 - Swiss Weekend,open,Swiss Day I & II,swiss,5,2020-11-28T21:32:17Z,bf:5ec2c1da0a4e405c2332e640,bf:5fa2011d11743771ade90dee,2,0,1,1
battlefy,5fa9779a198f6370ee912a94,Kards Open #3 - Swiss Weekend,open,Swiss Day I & II,swiss,5,2020-11-28T21:32:19Z,bf:5fbf9fa55d320863b86f10d6,bf:5ebd9402b92b28521a098ec8,1,2,2,1
battlefy,5fa9779a198f6370ee912a94,Kards Open #3 - Swiss Weekend,open,Swiss Day I & II,swiss,5,2020-11-28T21:32:49Z,bf:5fbe96be698db1048d27b3e4,bf:5fb026c1502b9e587d1b838d,0,2,2,1
battlefy,5fa9779a198f6370ee912a94,Kards Open #3 - Swiss Weekend,open,Swiss Day I & II,swiss,5,2020-11-28T21:33:01Z,bf:5f4318d1681ff84ab5ec92f9,bf:5eb572f0a795290866140381,2,0,1,0
battlefy,5fa9779a198f6370ee912a94,Kards Open #3 - Swiss Weekend,open,Swiss Day I & II,swiss,5,2020-11-28T21:33:16Z,bf:5a4d98c332953903641106de,bf:5fbffbaa2dc8793ada85319e,2,0,1,1
battlefy,5fa9779a198f6370ee912a94,Kards Open #3 - Swiss Weekend,open,Swiss Day I & II,swiss,5,2020-11-28T21:34:16Z,bf:5fbe9b450f21e57963852d1e,bf:5fbf3d90adfefd64e8c91af1,2,0,1,1
battlefy,5fa9779a198f6370ee912a94,Kards Open #3 - Swiss Weekend,open,Swiss Day I & II,swiss,5,2020-11-28T21:34:22Z,bf:5a8879b76c3ac00358830d7c,bf:5fbb03850f21e57963850470,2,1,1,1
battlefy,5fa9779a198f6370ee912a94,Kards Open #3 - Swiss Weekend,open,Swiss Day I & II,swiss,5,2020-11-28T21:34:32Z,bf:5fbfa9f0a2fd34654753c891,bf:5fbef0144d01f9313d135b11,1,2,2,1
battlefy,5fa9779a198f6370ee912a94,Kards Open #3 - Swiss Weekend,open,Swiss Day I & II,swiss,5,2020-11-28T21:35:39Z,bf:5fbeb7541632970e916c5c93,bf:5fb6da26eb92fe047543c823,1,2,2,1
battlefy,5fa9779a198f6370ee912a94,Kards Open #3 - Swiss Weekend,open,Swiss Day I & II,swiss,5,2020-11-28T21:35:41Z,bf:5fb1cc6ee0bfea60c76a1385,bf:5fbd548d698db1048d27a866,2,1,1,1
battlefy,5fa9779a198f6370ee912a94,Kards Open #3 - Swiss Weekend,open,Swiss Day I & II,swiss,5,2020-11-28T21:36:10Z,bf:5fa5397c241d875936d2c2f2,bf:5fb3df78f07fad440734f6f7,2,0,1,1
battlefy,5fa9779a198f6370ee912a94,Kards Open #3 - Swiss Weekend,open,Swiss Day I & II,swiss,5,2020-11-28T21:37:01Z,bf:5c3b6b20304450039e51c054,bf:5fbeb20eb0ef7749130e452c,0,2,2,1
battlefy,5fa9779a198f6370ee912a94,Kards Open #3 - Swiss Weekend,open,Swiss Day I & II,swiss,5,2020-11-28T21:37:16Z,bf:5fb666119a9e750ea664030b,bf:5fbc3b8e0f21e5796385112f,1,2,2,1
battlefy,5fa9779a198f6370ee912a94,Kards Open #3 - Swiss Weekend,open,Swiss Day I & II,swiss,5,2020-11-28T21:37:34Z,bf:5fb051789a9e750ea663bb88,bf:5fc0060d698db1048d27c939,0,2,2,0
battlefy,5fa9779a198f6370ee912a94,Kards Open #3 - Swiss Weekend,open,Swiss Day I & II,swiss,5,2020-11-28T21:38:00Z,bf:5fc0244ca2fd34654753d0cb,bf:5fbe87ea5d320863b86f031b,0,2,2,1
battlefy,5fa9779a198f6370ee912a94,Kards Open #3 - Swiss Weekend,open,Swiss Day I & II,swiss,5,2020-11-28T21:38:22Z,bf:5fb3184d9a9e750ea663e423,bf:5ec2a6dafd8a561535cde2a5,0,2,2,1
battlefy,5fa9779a198f6370ee912a94,Kards Open #3 - Swiss Weekend,open,Swiss Day I & II,swiss,5,2020-11-28T21:39:00Z,bf:5f362c8703dbcc11d58d78e3,bf:5ec57fff74214e1748e43f56,2,1,1,1
battlefy,5fa9779a198f6370ee912a94,Kards Open #3 - Swiss Weekend,open,Swiss Day I & II,swiss,5,2020-11-28T21:39:26Z,bf:5fc1760a2dc8793ada853e83,bf:5fa3da8e11743771ade92018,2,1,1,1
battlefy,5fa9779a198f6370ee912a94,Kards Open #3 - Swiss Weekend,open,Swiss Day I & II,swiss,5,2020-11-28T21:40:35Z,bf:5fb18ed99a9e750ea663cd33,bf:5f0df84e824086475be264b7,2,1,1,1
battlefy,5fa9779a198f6370ee912a94,Kards Open #3 - Swiss Weekend,open,Swiss Day I & II,swiss,5,2020-11-28T21:40:47Z,bf:5ec14e2baf9b8d5641b7a639,bf:5fb249e5f07fad440734e5ea,0,2,2,1
battlefy,5fa9779a198f6370ee912a94,Kards Open #3 - Swiss Weekend,open,Swiss Day I & II,swiss,5,2020-11-28T21:41:34Z,bf:5fbeb056698db1048d27b5bd,bf:5fbf86bf2dc8793ada852abe,1,2,2,1
battlefy,5fa9779a198f6370ee912a94,Kards Open #3 - Swiss Weekend,open,Swiss Day I & II,swiss,5,2020-11-28T21:41:57Z,bf:5f10825feac9482569fb2e81,bf:5fb719fde0bfea60c76a4f50,2,0,1,1
battlefy,5fa9779a198f6370ee912a94,Kards Open #3 - Swiss Weekend,open,Swiss Day I & II,swiss,5,2020-11-28T21:42:28Z,bf:5fb4442a9a9e750ea663ee54,bf:5fc1f746a2fd34654753e1ae,0,2,2,1
battlefy,5fa9779a198f6370ee912a94,Kards Open #3 - Swiss Weekend,open,Swiss Day I & II,swiss,5,2020-11-28T21:42:39Z,bf:5fa57306cc28b3594394b946,bf:5f323b2daf063111a36cffab,0,2,2,0
battlefy,5fa9779a198f6370ee912a94,Kards Open #3 - Swiss Weekend,open,Swiss Day I & II,swiss,5,2020-11-28T21:42:43Z,bf:5fc2123f8ae4c5551e8b0129,bf:5fbe89b5043fd20cdf90cccf,2,1,1,1
battlefy,5fa9779a198f6370ee912a94,Kards Open #3 - Swiss Weekend,open,Swiss Day I & II,swiss,5,2020-11-28T21:44:19Z,bf:5fc0046a698db1048d27c912,bf:5ec2acf9a7330d091e79291a,2,1,1,1
battlefy,5fa9779a198f6370ee912a94,Kards Open #3 - Swiss Weekend,open,Swiss Day I & II,swiss,5,2020-11-28T21:45:59Z,bf:5fbc79591632970e916c3fe5,bf:5f4965bb76b8305ffaa36866,1,2,2,1
battlefy,5fa9779a198f6370ee912a94,Kards Open #3 - Swiss Weekend,open,Swiss Day I & II,swiss,5,2020-11-28T21:45:59Z,bf:5fbc5711a2fd34654753a8c0,bf:5fbfb1ca2dc8793ada852b72,0,2,2,1
battlefy,5fa9779a198f6370ee912a94,Kards Open #3 - Swiss Weekend,open,Swiss Day I & II,swiss,5,2020-11-28T21:47:33Z,bf:5fb3f43ee0bfea60c76a2a56,bf:5fa27bfdf8fc171ea9f66924,2,1,1,0
battlefy,5fa9779a198f6370ee912a94,Kards Open #3 - Swiss Weekend,open,Swiss Day I & II,swiss,5,2020-11-28T21:47:38Z,bf:5fc133575ca52f15c00549a9,bf:5eeb9c3d19b81239da9496cb,2,1,1,1
battlefy,5fa9779a198f6370ee912a94,Kards Open #3 - Swiss Weekend,open,Swiss Day I & II,swiss,5,2020-11-28T21:48:29Z,bf:5fc26afe6052f211a7127a71,bf:5fbe89294d01f9313d135068,0,2,2,1
battlefy,5fa9779a198f6370ee912a94,Kards Open #3 - Swiss Weekend,open,Swiss Day I & II,swiss,5,2020-11-28T21:49:23Z,bf:5f11e67d85fecb25631448a0,bf:5f32c6147bd80311ab78193f,1,2,2,0
battlefy,5fa9779a198f6370ee912a94,Kards Open #3 - Swiss Weekend,open,Swiss Day I & II,swiss,5,2020-11-28T21:50:58Z,bf:5fbf6ade2dc8793ada852a75,bf:5fbf516e2dc8793ada852a4c,2,1,1,1
battlefy,5fa9779a198f6370ee912a94,Kards Open #3 - Swiss Weekend,open,Swiss Day I & II,swiss,5,2020-11-28T21:51:04Z,bf:5fc017df26ea883a515847d5,bf:5f10c966160c3f2239e92921,2,1,1,1
battlefy,5fa9779a198f6370ee912a94,Kards Open #3 - Swiss Weekend,open,Swiss Day I & II,swiss,5,2020-11-28T21:52:07Z,bf:5fb02943698db1048d26b9cd,bf:5f0cd40c3087a65e039603f4,2,1,1,1
battlefy,5fa9779a198f6370ee912a94,Kards Open #3 - Swiss Weekend,open,Swiss Day I & II,swiss,5,2020-11-28T21:52:12Z,bf:5fbe830b26ea883a515839f5,bf:5fc241c1f1aa2511d7251933,0,0,0,0
battlefy,5fa9779a198f6370ee912a94,Kards Open #3 - Swiss Weekend,open,Swiss Day I & II,swiss,5,2020-11-28T21:52:42Z,bf:5fb3f8b3e7d89a60d4337959,bf:5fbe8ae05d320863b86f032c,0,0,0,0
battlefy,5fa9779a198f6370ee912a94,Kards Open #3 - Swiss Weekend,open,Swiss Day I & II,swiss,5,2020-11-28T21:53:06Z,bf:5f11d03df7c29f223fd624f2,bf:5f11ff59eea71b24bc30ee0c,0,0,0,0
battlefy,5fa9779a198f6370ee912a94,Kards Open #3 - Swiss Weekend,open,Swiss Day I & II,swiss,5,2020-11-28T21:53:33Z,bf:5fb0f0121632970e916b7856,bf:5fbe9602698db1048d27b3e0,0,0,0,0
battlefy,5fa9779a198f6370ee912a94,Kards Open #3 - Swiss Weekend,open,Swiss Day I & II,swiss,5,2020-11-28T21:59:14Z,bf:5fbe84641632970e916c5996,bf:564e7b5b80b8db4a00c4ff9c,1,2,2,1
battlefy,5fa9779a198f6370ee912a94,Kards Open #3 - Swiss Weekend,open,Swiss Day I & II,swiss,5,2020-11-28T22:01:32Z,bf:5fb0ee1e698db1048d26c5af,bf:5fba777719c8f219d787247b,2,1,1,1
battlefy,5fa9779a198f6370ee912a94,Kards Open #3 - Swiss Weekend,open,Swiss Day I & II,swiss,5,2020-11-28T22:02:50Z,bf:5fb1db8c5caa4f5e4bc8168d,bf:5f1660782cba8f11c2a45e9c,1,2,2,1
battlefy,5fa9779a198f6370ee912a94,Kards Open #3 - Swiss Weekend,open,Swiss Day I & II,swiss,5,2020-11-29T14:23:28Z,bf:5fbfb8f1043fd20cdf90d702,bf:5f404839cabbdc4a26620899,1,2,2,0
battlefy,5fa9779a198f6370ee912a94,Kards Open #3 - Swiss Weekend,open,Swiss Day I & II,swiss,5,2020-11-29T15:25:55Z,bf:5fb3203b1632970e916b97b7,bf:5fc13108a447ab4bb37e2e33,2,0,1,0
battlefy,5fa9779a198f6370ee912a94,Kards Open #3 - Swiss Weekend,open,Swiss Day I & II,swiss,5,2020-11-29T15:50:10Z,bf:5fc003a1b0ef7749130e5216,bf:5d26bcf5c9bf6055b457dfb5,2,0,1,0
battlefy,5fa9779a198f6370ee912a94,Kards Open #3 - Swiss Weekend,open,Swiss Day I & II,swiss,6,2020-11-29T16:17:25Z,bf:5fb1184c0c8f110e8a8bf660,bf:5f10c966160c3f2239e92921,0,2,2,0
battlefy,5fa9779a198f6370ee912a94,Kards Open #3 - Swiss Weekend,open,Swiss Day I & II,swiss,6,2020-11-29T16:17:34Z,bf:5fc1dd9b2dc8793ada8544a3,bf:5fb666119a9e750ea664030b,0,2,2,0
battlefy,5fa9779a198f6370ee912a94,Kards Open #3 - Swiss Weekend,open,Swiss Day I & II,swiss,6,2020-11-29T16:17:58Z,bf:5fc26afe6052f211a7127a71,bf:5fbd548d698db1048d27a866,0,2,2,1
battlefy,5fa9779a198f6370ee912a94,Kards Open #3 - Swiss Weekend,open,Swiss Day I & II,swiss,6,2020-11-29T16:18:01Z,bf:5fbe89294d01f9313d135068,bf:5fbfc2c9043fd20cdf90d720,2,0,1,0
battlefy,5fa9779a198f6370ee912a94,Kards Open #3 - Swiss Weekend,open,Swiss Day I & II,swiss,6,2020-11-29T16:18:18Z,bf:5fbeb056698db1048d27b5bd,bf:5fc0046a698db1048d27c912,2,0,1,0
battlefy,5fa9779a198f6370ee912a94,Kards Open #3 - Swiss Weekend,open,Swiss Day I & II,swiss,6,2020-11-29T16:18:29Z,bf:5c3b6b20304450039e51c054,bf:5f404839cabbdc4a26620899,2,0,1,0
battlefy,5fa9779a198f6370ee912a94,Kards Open #3 - Swiss Weekend,open,Swiss Day I & II,swiss,6,2020-11-29T16:18:37Z,bf:5fbf5273adfefd64e8c91b99,bf:5fbc3b8e0f21e5796385112f,0,2,2,0
battlefy,5fa9779a198f6370ee912a94,Kards Open #3 - Swiss Weekend,open,Swiss Day I & II,swiss,6,2020-11-29T16:18:48Z,bf:5fbfafde1632970e916c652e,bf:5fbe86401632970e916c599c,2,0,1,0
battlefy,5fa9779a198f6370ee912a94,Kards Open #3 - Swiss Weekend,open,Swiss Day I & II,swiss,6,2020-11-29T16:19:12Z,bf:5d26bcf5c9bf6055b457dfb5,bf:5fb4442a9a9e750ea663ee54,2,0,1,0
battlefy,5fa9779a198f6370ee912a94,Kards Open #3 - Swiss Weekend,open,Swiss Day I & II,swiss,6,2020-11-29T16:19:21Z,bf:5fbfa75c0f21e57963853e73,bf:5fbfb1ca2dc8793ada852b72,0,2,2,0
battlefy,5fa9779a198f6370ee912a94,Kards Open #3 - Swiss Weekend,open,Swiss Day I & II,swiss,6,2020-11-29T16:19:29Z,bf:5fb249e5f07fad440734e5ea,bf:5fb051789a9e750ea663bb88,2,0,1,0
battlefy,5fa9779a198f6370ee912a94,Kards Open #3 - Swiss Weekend,open,Swiss Day I & II,swiss,6,2020-11-29T16:19:38Z,bf:5fbc4040adfefd64e8c8fd73,bf:5fb3184d9a9e750ea663e423,0,2,2,0
battlefy,5fa9779a198f6370ee912a94,Kards Open #3 - Swiss Weekend,open,Swiss Day I & II,swiss,6,2020-11-29T16:20:04Z,bf:5ec57fff74214e1748e43f56,bf:5fb0ee1e698db1048d26c5af,2,0,1,1
battlefy,5fa9779a198f6370ee912a94,Kards Open #3 - Swiss Weekend,open,Swiss Day I & II,swiss,6,2020-11-29T16:20:14Z,bf:5fa2d1356b9c704abc3f86e4,bf:5fc1dd90043fd20cdf90e83e,0,2,2,0
battlefy,5fa9779a198f6370ee912a94,Kards Open #3 - Swiss Weekend,open,Swiss Day I & II,swiss,6,2020-11-29T16:20:23Z,bf:5fbf9fa55d320863b86f10d6,bf:5f32f48419fcf2666b2abff1,0,2,2,0
battlefy,5fa9779a198f6370ee912a94,Kards Open #3 - Swiss Weekend,open,Swiss Day I & II,swiss,6,2020-11-29T16:20:27Z,bf:5fb1cc6ee0bfea60c76a1385,bf:5fbf81d4698db1048d27bf78,0,2,2,1
battlefy,5fa9779a198f6370ee912a94,Kards Open #3 - Swiss Weekend,open,Swiss Day I & II,swiss,6,2020-11-29T16:20:32Z,bf:5fb1f464698db1048d26d582,bf:5fbdb89d26ea883a51583400,2,0,1,0
battlefy,5fa9779a198f6370ee912a94,Kards Open #3 - Swiss Weekend,open,Swiss Day I & II,swiss,6,2020-11-29T16:20:36Z,bf:5f1b48d1abfcb016362ba48e,bf:5fc1f746a2fd34654753e1ae,2,0,1,1
battlefy,5fa9779a198f6370ee912a94,Kards Open #3 - Swiss Weekend,open,Swiss Day I & II,swiss,6,2020-11-29T16:20:37Z,bf:5fbef0144d01f9313d135b11,bf:564e7b5b80b8db4a00c4ff9c,0,2,2,1
battlefy,5fa9779a198f6370ee912a94,Kards Open #3 - Swiss Weekend,open,Swiss Day I & II,swiss,6,2020-11-29T16:21:01Z,bf:5fb1db8c5caa4f5e4bc8168d,bf:5fbf4fe05d320863b86f0fb6,0,2,2,0
battlefy,5fa9779a198f6370ee912a94,Kards Open #3 - Swiss Weekend,open,Swiss Day I & II,swiss,6,2020-11-29T16:21:11Z,bf:5fb2c8f11632970e916b926c,bf:5f0df84e824086475be264b7,2,0,1,0
battlefy,5fa9779a198f6370ee912a94,Kards Open #3 - Swiss Weekend,open,Swiss Day I & II,swiss,6,2020-11-29T16:21:23Z,bf:5fc2123f8ae4c5551e8b0129,bf:5f10825feac9482569fb2e81,0,2,2,0
battlefy,5fa9779a198f6370ee912a94,Kards Open #3 - Swiss Weekend,open,Swiss Day I & II,swiss,6,2020-11-29T16:21:32Z,bf:5fbe96be698db1048d27b3e4,bf:5fc13108a447ab4bb37e2e33,0,2,2,0
battlefy,5fa9779a198f6370ee912a94,Kards Open #3 - Swiss Weekend,open,Swiss Day I & II,swiss,6,2020-11-29T16:22:38Z,bf:5f362c8703dbcc11d58d78e3,bf:5fbfbd51b0ef7749130e4f38,2,0,1,0
battlefy,5fa9779a198f6370ee912a94,Kards Open #3 - Swiss Weekend,open,Swiss Day I & II,swiss,6,2020-11-29T16:22:45Z,bf:5f34d3bdacefe6118a5de444,bf:5fb0b189f07fad440734d338,2,0,1,1
battlefy,5fa9779a198f6370ee912a94,Kards Open #3 - Swiss Weekend,open,Swiss Day I & II,swiss,6,2020-11-29T16:24:25Z,bf:5fba777719c8f219d787247b,bf:5fb0f0121632970e916b7856,2,0,1,1
battlefy,5fa9779a198f6370ee912a94,Kards Open #3 - Swiss Weekend,open,Swiss Day I & II,swiss,6,2020-11-29T16:26:37Z,bf:5ebd9402b92b28521a098ec8,bf:5fc1760a2dc8793ada853e83,2,0,1,1
battlefy,5fa9779a198f6370ee912a94,Kards Open #3 - Swiss Weekend,open,Swiss Day I & II,swiss,6,2020-11-29T16:27:08Z,bf:5fc13c6e4a99f533280c7373,bf:5fb18ed99a9e750ea663cd33,2,0,1,1
battlefy,5fa9779a198f6370ee912a94,Kards Open #3 - Swiss Weekend,open,Swiss Day I & II,swiss,6,2020-11-29T16:28:09Z,bf:5f32c6147bd80311ab78193f,bf:5fc017df26ea883a515847d5,2,1,1,1
battlefy,5fa9779a198f6370ee912a94,Kards Open #3 - Swiss Weekend,open,Swiss Day I & II,swiss,6,2020-11-29T16:28:56Z,bf:5fbf3849043fd20cdf90d500,bf:5fbeb20eb0ef7749130e452c,0,2,2,1
battlefy,5fa9779a198f6370ee912a94,Kards Open #3 - Swiss Weekend,open,Swiss Day I & II,swiss,6,2020-11-29T16:28:58Z,bf:5fbc0c3e2dc8793ada84fdb3,bf:5a8879b76c3ac00358830d7c,0,2,2,1
battlefy,5fa9779a198f6370ee912a94,Kards Open #3 - Swiss Weekend,open,Swiss Day I & II,swiss,6,2020-11-29T16:29:27Z,bf:5fc133575ca52f15c00549a9,bf:5f4318d1681ff84ab5ec92f9,0,2,2,1
battlefy,5fa9779a198f6370ee912a94,Kards Open #3 - Swiss Weekend,open,Swiss Day I & II,swiss,6,2020-11-29T16:30:31Z,bf:5fb3f43ee0bfea60c76a2a56,bf:5f109d917a5f692572240090,2,0,1,1
battlefy,5fa9779a198f6370ee912a94,Kards Open #3 - Swiss Weekend,open,Swiss Day I & II,swiss,6,2020-11-29T16:30:36Z,bf:5fafe4c9eb92fe0475436826,bf:5f0f3d9e7c4df3491abfe047,2,1,1,1
battlefy,5fa9779a198f6370ee912a94,Kards Open #3 - Swiss Weekend,open,Swiss Day I & II,swiss,6,2020-11-29T16:30:36Z,bf:5fa3da8e11743771ade92018,bf:5eeb9c3d19b81239da9496cb,2,0,1,1
battlefy,5fa9779a198f6370ee912a94,Kards Open #3 - Swiss Weekend,open,Swiss Day I & II,swiss,6,2020-11-29T16:30:49Z,bf:5ec038e2256baa1d38011a05,bf:5fb27723698db1048d26d94d,2,1,1,1
battlefy,5fa9779a198f6370ee912a94,Kards Open #3 - Swiss Weekend,open,Swiss Day I & II,swiss,6,2020-11-29T16:32:13Z,bf:5ec2a6dafd8a561535cde2a5,bf:5fb1bf581632970e916b85be,2,1,1,1
battlefy,5fa9779a198f6370ee912a94,Kards Open #3 - Swiss Weekend,open,Swiss Day I & II,swiss,6,2020-11-29T16:32:20Z,bf:5f3fc42472caf64e0f2b589c,bf:5f1660782cba8f11c2a45e9c,0,2,2,0
battlefy,5fa9779a198f6370ee912a94,Kards Open #3 - Swiss Weekend,open,Swiss Day I & II,swiss,6,2020-11-29T16:33:13Z,bf:5fb6da26eb92fe047543c823,bf:5f1520542cba8f11c2a44c16,2,0,1,1
battlefy,5fa9779a198f6370ee912a94,Kards Open #3 - Swiss Weekend,open,Swiss Day I & II,swiss,6,2020-11-29T16:33:35Z,bf:5fbb03850f21e57963850470,bf:5fb719fde0bfea60c76a4f50,2,0,1,1
battlefy,5fa9779a198f6370ee912a94,Kards Open #3 - Swiss Weekend,open,Swiss Day I & II,swiss,6,2020-11-29T16:34:55Z,bf:5fb0eee19a9e750ea663c435,bf:5fb026c1502b9e587d1b838d,2,0,1,0
battlefy,5fa9779a198f6370ee912a94,Kards Open #3 - Swiss Weekend,open,Swiss Day I & II,swiss,6,2020-11-29T16:36:34Z,bf:5fbffbaa2dc8793ada85319e,bf:5fbeb7541632970e916c5c93,2,1,1,1
battlefy,5fa9779a198f6370ee912a94,Kards Open #3 - Swiss Weekend,open,Swiss Day I & II,swiss,6,2020-11-29T16:37:01Z,bf:5ec2c1da0a4e405c2332e640,bf:5fa1ee84f8fc171ea9f66554,2,1,1,1
battlefy,5fa9779a198f6370ee912a94,Kards Open #3 - Swiss Weekend,open,Swiss Day I & II,swiss,6,2020-11-29T16:37:04Z,bf:5fbe87ea5d320863b86f031b,bf:5fb110bd698db1048d26c5f6,1,2,2,1
battlefy,5fa9779a198f6370ee912a94,Kards Open #3 - Swiss Weekend,open,Swiss Day I & II,swiss,6,2020-11-29T16:37:29Z,bf:5fb43070a2fd346547530c21,bf:5fa5397c241d875936d2c2f2,1,2,2,1
battlefy,5fa9779a198f6370ee912a94,Kards Open #3 - Swiss Weekend,open,Swiss Day I & II,swiss,6,2020-11-29T16:37:32Z,bf:5fbe8b8ea447ab4bb37e0fc8,bf:5fbd71c2e7d89a60d43410ca,0,2,2,1
battlefy,5fa9779a198f6370ee912a94,Kards Open #3 - Swiss Weekend,open,Swiss Day I & II,swiss,6,2020-11-29T16:37:47Z,bf:5f0e37b37c5e104738aebbe3,bf:5f31dbda9ab87f2e0c19cd0c,0,2,2,1
battlefy,5fa9779a198f6370ee912a94,Kards Open #3 - Swiss Weekend,open,Swiss Day I & II,swiss,6,2020-11-29T16:39:48Z,bf:5fbfc6e15d320863b86f1193,bf:5fbf86bf2dc8793ada852abe,2,1,1,1
battlefy,5fa9779a198f6370ee912a94,Kards Open #3 - Swiss Weekend,open,Swiss Day I & II,swiss,6,2020-11-29T16:39:48Z,bf:5faff24f698db1048d26b032,bf:5fb3df78f07fad440734f6f7,2,1,1,1
battlefy,5fa9779a198f6370ee912a94,Kards Open #3 - Swiss Weekend,open,Swiss Day I & II,swiss,6,2020-11-29T16:44:03Z,bf:5fb0d42e9a9e750ea663c3fc,bf:5fbebdee043fd20cdf90cfaf,2,1,1,1
battlefy,5fa9779a198f6370ee912a94,Kards Open #3 - Swiss Weekend,open,Swiss Day I & II,swiss,6,2020-11-29T16:45:03Z,bf:5fbfa9f0a2fd34654753c891,bf:5fbfa1ec5d320863b86f10df,1,2,2,1
battlefy,5fa9779a198f6370ee912a94,Kards Open #3 - Swiss Weekend,open,Swiss Day I & II,swiss,6,2020-11-29T16:45:10Z,bf:5fa2992ef8fc171ea9f66a3e,bf:5fa57306cc28b3594394b946,0,0,0,0
battlefy,5fa9779a198f6370ee912a94,Kards Open #3 - Swiss Weekend,open,Swiss Day I & II,swiss,6,2020-11-29T16:45:14Z,bf:5fbf6ade2dc8793ada852a75,bf:5fbe84641632970e916c5996,1,2,2,1
battlefy,5fa9779a198f6370ee912a94,Kards Open #3 - Swiss Weekend,open,Swiss Day I & II,swiss,6,2020-11-29T16:45:21Z,bf:5fbf516e2dc8793ada852a4c,bf:5fbe8c402dc8793ada8519d5,0,0,0,0
battlefy,5fa9779a198f6370ee912a94,Kards Open #3 - Swiss Weekend,open,Swiss Day I & II,swiss,6,2020-11-29T16:45:32Z,bf:5f32224b74a4bd1196ff8e97,bf:5fbf3d90adfefd64e8c91af1,0,0,0,0
battlefy,5fa9779a198f6370ee912a94,Kards Open #3 - Swiss Weekend,open,Swiss Day I & II,swiss,6,2020-11-29T16:45:45Z,bf:5fbc79591632970e916c3fe5,bf:5faffa8a502b9e587d1b7c3e,0,0,0,0
battlefy,5fa9779a198f6370ee912a94,Kards Open #3 - Swiss Weekend,open,Swiss Day I & II,swiss,6,2020-11-29T16:45:55Z,bf:5ec2acf9a7330d091e79291a,bf:5fc0244ca2fd34654753d0cb,0,0,0,0
battlefy,5fa9779a198f6370ee912a94,Kards Open #3 - Swiss Weekend,open,Swiss Day I & II,swiss,6,2020-11-29T16:46:03Z,bf:5ec14e2baf9b8d5641b7a639,bf:5fbe89b5043fd20cdf90cccf,0,0,0,0
battlefy,5fa9779a198f6370ee912a94,Kards Open #3 - Swiss Weekend,open,Swiss Day I & II,swiss,6,2020-11-29T16:46:17Z,bf:5fb4d729f07fad44073509e4,bf:5784f8bcf26da72d0cd20f65,0,0,0,0
battlefy,5fa9779a198f6370ee912a94,Kards Open #3 - Swiss Weekend,open,Swiss Day I & II,swiss,6,2020-11-29T16:48:35Z,bf:5fbc5711a2fd34654753a8c0,bf:5f354d22e4876e1184288d58,2,0,1,1
battlefy,5fa9779a198f6370ee912a94,Kards Open #3 - Swiss Weekend,open,Swiss Day I & II,swiss,6,2020-11-29T16:52:28Z,bf:5f4965bb76b8305ffaa36866,bf:5fbe9b450f21e57963852d1e,1,2,2,1
battlefy,5fa9779a198f6370ee912a94,Kards Open #3 - Swiss Weekend,open,Swiss Day I & II,swiss,6,2020-11-29T16:53:30Z,bf:5a4d98c332953903641106de,bf:5f46ff72cff9bb4e25c82ac7,1,2,2,1
battlefy,5fa9779a198f6370ee912a94,Kards Open #3 - Swiss Weekend,open,Swiss Day I & II,swiss,6,2020-11-29T16:54:47Z,bf:5fb02943698db1048d26b9cd,bf:5fa2011d11743771ade90dee,1,2,2,1
battlefy,5fa9779a198f6370ee912a94,Kards Open #3 - Swiss Weekend,open,Swiss Day I & II,swiss,6,2020-11-29T16:59:39Z,bf:5f0cd40c3087a65e039603f4,bf:5fbeac15a447ab4bb37e116f,1,2,2,1
battlefy,5fa9779a198f6370ee912a94,Kards Open #3 - Swiss Weekend,open,Swiss Day I & II,swiss,7,2020-11-29T17:16:01Z,bf:5f362c8703dbcc11d58d78e3,bf:5fbebdee043fd20cdf90cfaf,2,0,1,1
battlefy,5fa9779a198f6370ee912a94,Kards Open #3 - Swiss Weekend,open,Swiss Day I & II,swiss,7,2020-11-29T17:16:02Z,bf:5fbeb7541632970e916c5c93,bf:5fbb03850f21e57963850470,2,0,1,1
battlefy,5fa9779a198f6370ee912a94,Kards Open #3 - Swiss Weekend,open,Swiss Day I & II,swiss,7,2020-11-29T17:16:04Z,bf:5fbe87ea5d320863b86f031b,bf:5f0cd40c3087a65e039603f4,2,0,1,1
battlefy,5fa9779a198f6370ee912a94,Kards Open #3 - Swiss Weekend,open,Swiss Day I & II,swiss,7,2020-11-29T17:16:19Z,bf:5f1660782cba8f11c2a45e9c,bf:5f4318d1681ff84ab5ec92f9,0,2,2,1
battlefy,5fa9779a198f6370ee912a94,Kards Open #3 - Swiss Weekend,open,Swiss Day I & II,swiss,7,2020-11-29T17:16:37Z,bf:5a8879b76c3ac00358830d7c,bf:5f34d3bdacefe6118a5de444,2,0,1,1
battlefy,5fa9779a198f6370ee912a94,Kards Open #3 - Swiss Weekend,open,Swiss Day I & II,swiss,7,2020-11-29T17:17:52Z,bf:5f4965bb76b8305ffaa36866,bf:5fbf3849043fd20cdf90d500,2,0,1,1
battlefy,5fa9779a198f6370ee912a94,Kards Open #3 - Swiss Weekend,open,Swiss Day I & II,swiss,7,2020-11-29T17:20:38Z,bf:5fbe9b450f21e57963852d1e,bf:5fbeac15a447ab4bb37e116f,2,0,1,1
battlefy,5fa9779a198f6370ee912a94,Kards Open #3 - Swiss Weekend,open,Swiss Day I & II,swiss,7,2020-11-29T17:20:54Z,bf:5fbc0c3e2dc8793ada84fdb3,bf:5f0f3d9e7c4df3491abfe047,0,2,2,1
battlefy,5fa9779a198f6370ee912a94,Kards Open #3 - Swiss Weekend,open,Swiss Day I & II,swiss,7,2020-11-29T17:21:48Z,bf:5fb2c8f11632970e916b926c,bf:5fb3184d9a9e750ea663e423,2,0,1,1
battlefy,5fa9779a198f6370ee912a94,Kards Open #3 - Swiss Weekend,open,Swiss Day I & II,swiss,7,2020-11-29T17:22:07Z,bf:5fbd548d698db1048d27a866,bf:5fbe8b8ea447ab4bb37e0fc8,2,0,1,1
battlefy,5fa9779a198f6370ee912a94,Kards Open #3 - Swiss Weekend,open,Swiss Day I & II,swiss,7,2020-11-29T17:24:06Z,bf:5fb27723698db1048d26d94d,bf:5faff24f698db1048d26b032,2,0,1,1
battlefy,5fa9779a198f6370ee912a94,Kards Open #3 - Swiss Weekend,open,Swiss Day I & II,swiss,7,2020-11-29T17:24:46Z,bf:5f10c966160c3f2239e92921,bf:5fbeb20eb0ef7749130e452c,2,0,1,1
battlefy,5fa9779a198f6370ee912a94,Kards Open #3 - Swiss Weekend,open,Swiss Day I & II,swiss,7,2020-11-29T17:24:57Z,bf:5fbef0144d01f9313d135b11,bf:5fa1ee84f8fc171ea9f66554,0,2,2,1
battlefy,5fa9779a198f6370ee912a94,Kards Open #3 - Swiss Weekend,open,Swiss Day I & II,swiss,7,2020-11-29T17:25:03Z,bf:5fb02943698db1048d26b9cd,bf:5fb1bf581632970e916b85be,1,2,2,1
battlefy,5fa9779a198f6370ee912a94,Kards Open #3 - Swiss Weekend,open,Swiss Day I & II,swiss,7,2020-11-29T17:25:17Z,bf:5fbfa1ec5d320863b86f10df,bf:5fb0d42e9a9e750ea663c3fc,2,0,1,1
battlefy,5fa9779a198f6370ee912a94,Kards Open #3 - Swiss Weekend,open,Swiss Day I & II,swiss,7,2020-11-29T17:26:05Z,bf:5fbc3b8e0f21e5796385112f,bf:5fbf4fe05d320863b86f0fb6,0,2,2,1
battlefy,5fa9779a198f6370ee912a94,Kards Open #3 - Swiss Weekend,open,Swiss Day I & II,swiss,7,2020-11-29T17:26:17Z,bf:5ec038e2256baa1d38011a05,bf:5eeb9c3d19b81239da9496cb,2,0,1,1
battlefy,5fa9779a198f6370ee912a94,Kards Open #3 - Swiss Weekend,open,Swiss Day I & II,swiss,7,2020-11-29T17:26:45Z,bf:5fbd71c2e7d89a60d43410ca,bf:5fa5397c241d875936d2c2f2,0,2,2,1
battlefy,5fa9779a198f6370ee912a94,Kards Open #3 - Swiss Weekend,open,Swiss Day I & II,swiss,7,2020-11-29T17:27:15Z,bf:5fbf81d4698db1048d27bf78,bf:5a4d98c332953903641106de,0,2,2,1
battlefy,5fa9779a198f6370ee912a94,Kards Open #3 - Swiss Weekend,open,Swiss Day I & II,swiss,7,2020-11-29T17:27:19Z,bf:5fbe89294d01f9313d135068,bf:5fbfafde1632970e916c652e,0,2,2,1
battlefy,5fa9779a198f6370ee912a94,Kards Open #3 - Swiss Weekend,open,Swiss Day I & II,swiss,7,2020-11-29T17:28:08Z,bf:5fb0eee19a9e750ea663c435,bf:5fb1f464698db1048d26d582,1,2,2,1
battlefy,5fa9779a198f6370ee912a94,Kards Open #3 - Swiss Weekend,open,Swiss Day I & II,swiss,7,2020-11-29T17:28:17Z,bf:5fbf86bf2dc8793ada852abe,bf:5f0e37b37c5e104738aebbe3,1,2,2,1
battlefy,5fa9779a198f6370ee912a94,Kards Open #3 - Swiss Weekend,open,Swiss Day I & II,swiss,7,2020-11-29T17:29:25Z,bf:5fc1f746a2fd34654753e1ae,bf:5fb1cc6ee0bfea60c76a1385,2,0,1,0
battlefy,5fa9779a198f6370ee912a94,Kards Open #3 - Swiss Weekend,open,Swiss Day I & II,swiss,7,2020-11-29T17:30:27Z,bf:5fb0ee1e698db1048d26c5af,bf:5fb0f0121632970e916b7856,2,0,1,0
battlefy,5fa9779a198f6370ee912a94,Kards Open #3 - Swiss Weekend,open,Swiss Day I & II,swiss,7,2020-11-29T17:30:32Z,bf:5ec2c1da0a4e405c2332e640,bf:5ebd9402b92b28521a098ec8,0,2,2,1
battlefy,5fa9779a198f6370ee912a94,Kards Open #3 - Swiss Weekend,open,Swiss Day I & II,swiss,7,2020-11-29T17:30:45Z,bf:5fbc5711a2fd34654753a8c0,bf:5fc1760a2dc8793ada853e83,2,0,1,0
battlefy,5fa9779a198f6370ee912a94,Kards Open #3 - Swiss Weekend,open,Swiss Day I & II,swiss,7,2020-11-29T17:31:54Z,bf:5fbf6ade2dc8793ada852a75,bf:5f109d917a5f692572240090,0,2,2,1
battlefy,5fa9779a198f6370ee912a94,Kards Open #3 - Swiss Weekend,open,Swiss Day I & II,swiss,7,2020-11-29T17:32:04Z,bf:5ec2a6dafd8a561535cde2a5,bf:5fa3da8e11743771ade92018,0,2,2,1
battlefy,5fa9779a198f6370ee912a94,Kards Open #3 - Swiss Weekend,open,Swiss Day I & II,swiss,7,2020-11-29T17:32:11Z,bf:5f354d22e4876e1184288d58,bf:5f1520542cba8f11c2a44c16,2,0,1,0
battlefy,5fa9779a198f6370ee912a94,Kards Open #3 - Swiss Weekend,open,Swiss Day I & II,swiss,7,2020-11-29T17:32:42Z,bf:5fc26afe6052f211a7127a71,bf:5fb3df78f07fad440734f6f7,0,2,2,0
battlefy,5fa9779a198f6370ee912a94,Kards Open #3 - Swiss Weekend,open,Swiss Day I & II,swiss,7,2020-11-29T17:32:53Z,bf:5f31dbda9ab87f2e0c19cd0c,bf:5fbe84641632970e916c5996,1,2,2,1
battlefy,5fa9779a198f6370ee912a94,Kards Open #3 - Swiss Weekend,open,Swiss Day I & II,swiss,7,2020-11-29T17:32:55Z,bf:5fafe4c9eb92fe0475436826,bf:5fc1dd90043fd20cdf90e83e,0,2,2,1
battlefy,5fa9779a198f6370ee912a94,Kards Open #3 - Swiss Weekend,open,Swiss Day I & II,swiss,7,2020-11-29T17:36:42Z,bf:5fb43070a2fd346547530c21,bf:5ec57fff74214e1748e43f56,2,1,1,1
battlefy,5fa9779a198f6370ee912a94,Kards Open #3 - Swiss Weekend,open,Swiss Day I & II,swiss,7,2020-11-29T17:36:57Z,bf:564e7b5b80b8db4a00c4ff9c,bf:5f32c6147bd80311ab78193f,2,1,1,1
battlefy,5fa9779a198f6370ee912a94,Kards Open #3 - Swiss Weekend,open,Swiss Day I & II,swiss,7,2020-11-29T17:36:59Z,bf:5f1b48d1abfcb016362ba48e,bf:5fb110bd698db1048d26c5f6,2,0,1,0
battlefy,5fa9779a198f6370ee912a94,Kards Open #3 - Swiss Weekend,open,Swiss Day I & II,swiss,7,2020-11-29T17:38:36Z,bf:5fb6da26eb92fe047543c823,bf:5fbfa9f0a2fd34654753c891,2,1,1,1
battlefy,5fa9779a198f6370ee912a94,Kards Open #3 - Swiss Weekend,open,Swiss Day I & II,swiss,7,2020-11-29T17:39:49Z,bf:5fc017df26ea883a515847d5,bf:5fbeb056698db1048d27b5bd,2,1,1,1
battlefy,5fa9779a198f6370ee912a94,Kards Open #3 - Swiss Weekend,open,Swiss Day I & II,swiss,7,2020-11-29T17:41:41Z,bf:5fb249e5f07fad440734e5ea,bf:5f10825feac9482569fb2e81,2,1,1,1
battlefy,5fa9779a198f6370ee912a94,Kards Open #3 - Swiss Weekend,open,Swiss Day I & II,swiss,7,2020-11-29T17:42:32Z,bf:5fb666119a9e750ea664030b,bf:5fc13108a447ab4bb37e2e33,2,1,1,1
battlefy,5fa9779a198f6370ee912a94,Kards Open #3 - Swiss Weekend,open,Swiss Day I & II,swiss,7,2020-11-29T17:43:34Z,bf:5fb3f43ee0bfea60c76a2a56,bf:5fc133575ca52f15c00549a9,0,2,2,1
battlefy,5fa9779a198f6370ee912a94,Kards Open #3 - Swiss Weekend,open,Swiss Day I & II,swiss,7,2020-11-29T17:44:16Z,bf:5fc13c6e4a99f533280c7373,bf:5f46ff72cff9bb4e25c82ac7,2,1,1,1
battlefy,5fa9779a198f6370ee912a94,Kards Open #3 - Swiss Weekend,open,Swiss Day I & II,swiss,7,2020-11-29T17:44:56Z,bf:5fb18ed99a9e750ea663cd33,bf:5d26bcf5c9bf6055b457dfb5,0,2,2,0
battlefy,5fa9779a198f6370ee912a94,Kards Open #3 - Swiss Weekend,open,Swiss Day I & II,swiss,7,2020-11-29T17:45:20Z,bf:5fbfb1ca2dc8793ada852b72,bf:5fa2011d11743771ade90dee,1,2,2,1
battlefy,5fa9779a198f6370ee912a94,Kards Open #3 - Swiss Weekend,open,Swiss Day I & II,swiss,7,2020-11-29T17:54:16Z,bf:5fbfc6e15d320863b86f1193,bf:5f32f48419fcf2666b2abff1,0,2,2,1
battlefy,5fa9779a198f6370ee912a94,Kards Open #3 - Swiss Weekend,open,Swiss Day I & II,swiss,7,2020-11-29T17:54:50Z,bf:5fba777719c8f219d787247b,bf:5fb0b189f07fad440734d338,2,1,1,1
battlefy,5fa9779a198f6370ee912a94,Kards Open #3 - Swiss Weekend,open,Swiss Day I & II,swiss,7,2020-11-29T18:00:06Z,bf:5c3b6b20304450039e51c054,bf:5fbffbaa2dc8793ada85319e,2,1,1,1
battlefy,5fa9779a198f6370ee912a94,Kards Open #3 - Swiss Weekend,open,Swiss Day I & II,swiss,8,2020-11-29T18:15:37Z,bf:5fbfb1ca2dc8793ada852b72,bf:5fb3184d9a9e750ea663e423,2,0,1,1
battlefy,5fa9779a198f6370ee912a94,Kards Open #3 - Swiss Weekend,open,Swiss Day I & II,swiss,8,2020-11-29T18:15:49Z,bf:5fbb03850f21e57963850470,bf:5fbc0c3e2dc8793ada84fdb3,2,0,1,0
battlefy,5fa9779a198f6370ee912a94,Kards Open #3 - Swiss Weekend,open,Swiss Day I & II,swiss,8,2020-11-29T18:16:03Z,bf:5eeb9c3d19b81239da9496cb,bf:5fbfa9f0a2fd34654753c891,2,0,1,1
battlefy,5fa9779a198f6370ee912a94,Kards Open #3 - Swiss Weekend,open,Swiss Day I & II,swiss,8,2020-11-29T18:18:30Z,bf:5fbc3b8e0f21e5796385112f,bf:5fbd548d698db1048d27a866,0,2,2,1
battlefy,5fa9779a198f6370ee912a94,Kards Open #3 - Swiss Weekend,open,Swiss Day I & II,swiss,8,2020-11-29T18:19:12Z,bf:5f1b48d1abfcb016362ba48e,bf:5ec038e2256baa1d38011a05,0,2,2,1
battlefy,5fa9779a198f6370ee912a94,Kards Open #3 - Swiss Weekend,open,Swiss Day I & II,swiss,8,2020-11-29T18:19:32Z,bf:5f362c8703dbcc11d58d78e3,bf:5fbf4fe05d320863b86f0fb6,2,0,1,1
battlefy,5fa9779a198f6370ee912a94,Kards Open #3 - Swiss Weekend,open,Swiss Day I & II,swiss,8,2020-11-29T18:19:57Z,bf:5fba777719c8f219d787247b,bf:5fafe4c9eb92fe0475436826,0,2,2,1
battlefy,5fa9779a198f6370ee912a94,Kards Open #3 - Swiss Weekend,open,Swiss Day I & II,swiss,8,2020-11-29T18:20:09Z,bf:5fb27723698db1048d26d94d,bf:5c3b6b20304450039e51c054,2,0,1,1
battlefy,5fa9779a198f6370ee912a94,Kards Open #3 - Swiss Weekend,open,Swiss Day I & II,swiss,8,2020-11-29T18:20:11Z,bf:5fb43070a2fd346547530c21,bf:5fb0eee19a9e750ea663c435,0,2,2,1
battlefy,5fa9779a198f6370ee912a94,Kards Open #3 - Swiss Weekend,open,Swiss Day I & II,swiss,8,2020-11-29T18:20:14Z,bf:5fb02943698db1048d26b9cd,bf:5fbebdee043fd20cdf90cfaf,2,0,1,0
battlefy,5fa9779a198f6370ee912a94,Kards Open #3 - Swiss Weekend,open,Swiss Day I & II,swiss,8,2020-11-29T18:20:15Z,bf:5fbfc6e15d320863b86f1193,bf:5ec2a6dafd8a561535cde2a5,0,2,2,1
battlefy,5fa9779a198f6370ee912a94,Kards Open #3 - Swiss Weekend,open,Swiss Day I & II,swiss,8,2020-11-29T18:20:26Z,bf:5fb2c8f11632970e916b926c,bf:5f0e37b37c5e104738aebbe3,0,2,2,1
battlefy,5fa9779a198f6370ee912a94,Kards Open #3 - Swiss Weekend,open,Swiss Day I & II,swiss,8,2020-11-29T18:20:30Z,bf:5fc13108a447ab4bb37e2e33,bf:5fbf3849043fd20cdf90d500,2,0,1,0
battlefy,5fa9779a198f6370ee912a94,Kards Open #3 - Swiss Weekend,open,Swiss Day I & II,swiss,8,2020-11-29T18:22:40Z,bf:5fb719fde0bfea60c76a4f50,bf:5fb0b189f07fad440734d338,0,2,2,1
battlefy,5fa9779a198f6370ee912a94,Kards Open #3 - Swiss Weekend,open,Swiss Day I & II,swiss,8,2020-11-29T18:24:14Z,bf:5fa3da8e11743771ade92018,bf:5f1660782cba8f11c2a45e9c,0,2,2,1
battlefy,5fa9779a198f6370ee912a94,Kards Open #3 - Swiss Weekend,open,Swiss Day I & II,swiss,8,2020-11-29T18:24:21Z,bf:5fbd71c2e7d89a60d43410ca,bf:5f4965bb76b8305ffaa36866,1,2,2,1
battlefy,5fa9779a198f6370ee912a94,Kards Open #3 - Swiss Weekend,open,Swiss Day I & II,swiss,8,2020-11-29T18:24:41Z,bf:5fb1f464698db1048d26d582,bf:5fbef0144d01f9313d135b11,2,0,1,1
battlefy,5fa9779a198f6370ee912a94,Kards Open #3 - Swiss Weekend,open,Swiss Day I & II,swiss,8,2020-11-29T18:25:12Z,bf:5fbe89294d01f9313d135068,bf:5fc1dd90043fd20cdf90e83e,2,0,1,1
battlefy,5fa9779a198f6370ee912a94,Kards Open #3 - Swiss Weekend,open,Swiss Day I & II,swiss,8,2020-11-29T18:25:13Z,bf:564e7b5b80b8db4a00c4ff9c,bf:5ebd9402b92b28521a098ec8,2,0,1,1
battlefy,5fa9779a198f6370ee912a94,Kards Open #3 - Swiss Weekend,open,Swiss Day I & II,swiss,8,2020-11-29T18:25:27Z,bf:5fc13c6e4a99f533280c7373,bf:5f4318d1681ff84ab5ec92f9,2,0,1,1
battlefy,5fa9779a198f6370ee912a94,Kards Open #3 - Swiss Weekend,open,Swiss Day I & II,swiss,8,2020-11-29T18:26:14Z,bf:5f109d917a5f692572240090,bf:5d26bcf5c9bf6055b457dfb5,2,0,1,1
battlefy,5fa9779a198f6370ee912a94,Kards Open #3 - Swiss Weekend,open,Swiss Day I & II,swiss,8,2020-11-29T18:27:03Z,bf:5fa1ee84f8fc171ea9f66554,bf:5f32f48419fcf2666b2abff1,0,2,2,1
battlefy,5fa9779a198f6370ee912a94,Kards Open #3 - Swiss Weekend,open,Swiss Day I & II,swiss,8,2020-11-29T18:28:12Z,bf:5fb249e5f07fad440734e5ea,bf:5fbf6ade2dc8793ada852a75,0,2,2,1
battlefy,5fa9779a198f6370ee912a94,Kards Open #3 - Swiss Weekend,open,Swiss Day I & II,swiss,8,2020-11-29T18:28:14Z,bf:5f31dbda9ab87f2e0c19cd0c,bf:5fb3f43ee0bfea60c76a2a56,0,2,2,1
battlefy,5fa9779a198f6370ee912a94,Kards Open #3 - Swiss Weekend,open,Swiss Day I & II,swiss,8,2020-11-29T18:28:24Z,bf:5f0f3d9e7c4df3491abfe047,bf:5fb3df78f07fad440734f6f7,2,1,1,1
battlefy,5fa9779a198f6370ee912a94,Kards Open #3 - Swiss Weekend,open,Swiss Day I & II,swiss,8,2020-11-29T18:29:10Z,bf:5fbe87ea5d320863b86f031b,bf:5f10825feac9482569fb2e81,2,0,1,1
battlefy,5fa9779a198f6370ee912a94,Kards Open #3 - Swiss Weekend,open,Swiss Day I & II,swiss,8,2020-11-29T18:29:48Z,bf:5fb0ee1e698db1048d26c5af,bf:5faff24f698db1048d26b032,0,2,2,1
battlefy,5fa9779a198f6370ee912a94,Kards Open #3 - Swiss Weekend,open,Swiss Day I & II,swiss,8,2020-11-29T18:29:50Z,bf:5a8879b76c3ac00358830d7c,bf:5fbeb20eb0ef7749130e452c,1,2,2,1
battlefy,5fa9779a198f6370ee912a94,Kards Open #3 - Swiss Weekend,open,Swiss Day I & II,swiss,8,2020-11-29T18:30:58Z,bf:5fbe8b8ea447ab4bb37e0fc8,bf:5f34d3bdacefe6118a5de444,0,2,2,1
battlefy,5fa9779a198f6370ee912a94,Kards Open #3 - Swiss Weekend,open,Swiss Day I & II,swiss,8,2020-11-29T18:31:37Z,bf:5fbe84641632970e916c5996,bf:5fbc5711a2fd34654753a8c0,2,0,1,1
battlefy,5fa9779a198f6370ee912a94,Kards Open #3 - Swiss Weekend,open,Swiss Day I & II,swiss,8,2020-11-29T18:31:42Z,bf:5fb1bf581632970e916b85be,bf:5fbfafde1632970e916c652e,2,0,1,1
battlefy,5fa9779a198f6370ee912a94,Kards Open #3 - Swiss Weekend,open,Swiss Day I & II,swiss,8,2020-11-29T18:31:53Z,bf:5ec57fff74214e1748e43f56,bf:5fbffbaa2dc8793ada85319e,2,1,1,1
battlefy,5fa9779a198f6370ee912a94,Kards Open #3 - Swiss Weekend,open,Swiss Day I & II,swiss,8,2020-11-29T18:32:09Z,bf:5fc133575ca52f15c00549a9,bf:5fa2011d11743771ade90dee,0,2,2,1
battlefy,5fa9779a198f6370ee912a94,Kards Open #3 - Swiss Weekend,open,Swiss Day I & II,swiss,8,2020-11-29T18:33:12Z,bf:5fbfa1ec5d320863b86f10df,bf:5ec2c1da0a4e405c2332e640,2,0,1,1
battlefy,5fa9779a198f6370ee912a94,Kards Open #3 - Swiss Weekend,open,Swiss Day I & II,swiss,8,2020-11-29T18:33:57Z,bf:5fbf81d4698db1048d27bf78,bf:5fc1f746a2fd34654753e1ae,2,1,1,1
battlefy,5fa9779a198f6370ee912a94,Kards Open #3 - Swiss Weekend,open,Swiss Day I & II,swiss,8,2020-11-29T18:34:57Z,bf:5f10c966160c3f2239e92921,bf:5f46ff72cff9bb4e25c82ac7,2,0,1,1
battlefy,5fa9779a198f6370ee912a94,Kards Open #3 - Swiss Weekend,open,Swiss Day I & II,swiss,8,2020-11-29T18:35:49Z,bf:5fbeac15a447ab4bb37e116f,bf:5fbeb056698db1048d27b5bd,2,1,1,1
battlefy,5fa9779a198f6370ee912a94,Kards Open #3 - Swiss Weekend,open,Swiss Day I & II,swiss,8,2020-11-29T18:38:51Z,bf:5fb0d42e9a9e750ea663c3fc,bf:5fbe9b450f21e57963852d1e,2,1,1,1
battlefy,5fa9779a198f6370ee912a94,Kards Open #3 - Swiss Weekend,open,Swiss Day I & II,swiss,8,2020-11-29T18:43:20Z,bf:5fb666119a9e750ea664030b,bf:5fbf86bf2dc8793ada852abe,2,1,1,1
battlefy,5fa9779a198f6370ee912a94,Kards Open #3 - Swiss Weekend,open,Swiss Day I & II,swiss,8,2020-11-29T18:44:04Z,bf:5fb6da26eb92fe047543c823,bf:5fa5397c241d875936d2c2f2,1,2,2,1
battlefy,5fa9779a198f6370ee912a94,Kards Open #3 - Swiss Weekend,open,Swiss Day I & II,swiss,8,2020-11-29T18:46:36Z,bf:5f354d22e4876e1184288d58,bf:5f32c6147bd80311ab78193f,1,2,2,0
battlefy,5fa9779a198f6370ee912a94,Kards Open #3 - Swiss Weekend,open,Swiss Day I & II,swiss,8,2020-11-29T18:46:53Z,bf:5fc017df26ea883a515847d5,bf:5a4d98c332953903641106de,1,2,2,1
battlefy,5fa9779a198f6370ee912a94,Kards Open #3 - Swiss Weekend,open,Swiss Day I & II,swiss,8,2020-11-29T18:53:40Z,bf:5fbeb7541632970e916c5c93,bf:5f0cd40c3087a65e039603f4,1,2,2,1
battlefy,5fa9779a198f6370ee912a94,Kards Open #3 - Swiss Weekend,open,Swiss Day I & II,swiss,9,2020-11-29T19:05:03Z,bf:5fbef0144d01f9313d135b11,bf:5f31dbda9ab87f2e0c19cd0c,2,0,1,1
battlefy,5fa9779a198f6370ee912a94,Kards Open #3 - Swiss Weekend,open,Swiss Day I & II,swiss,9,2020-11-29T19:05:08Z,bf:5c3b6b20304450039e51c054,bf:5f34d3bdacefe6118a5de444,2,0,1,1
battlefy,5fa9779a198f6370ee912a94,Kards Open #3 - Swiss Weekend,open,Swiss Day I & II,swiss,9,2020-11-29T19:05:10Z,bf:5fafe4c9eb92fe0475436826,bf:5fb3184d9a9e750ea663e423,2,0,1,1
battlefy,5fa9779a198f6370ee912a94,Kards Open #3 - Swiss Weekend,open,Swiss Day I & II,swiss,9,2020-11-29T19:05:16Z,bf:5fb6da26eb92fe047543c823,bf:5fbe9b450f21e57963852d1e,2,0,1,1
battlefy,5fa9779a198f6370ee912a94,Kards Open #3 - Swiss Weekend,open,Swiss Day I & II,swiss,9,2020-11-29T19:05:20Z,bf:5faff24f698db1048d26b032,bf:5fbeb056698db1048d27b5bd,2,0,1,1
battlefy,5fa9779a198f6370ee912a94,Kards Open #3 - Swiss Weekend,open,Swiss Day I & II,swiss,9,2020-11-29T19:07:00Z,bf:5f1b48d1abfcb016362ba48e,bf:5fbd548d698db1048d27a866,0,2,2,1
battlefy,5fa9779a198f6370ee912a94,Kards Open #3 - Swiss Weekend,open,Swiss Day I & II,swiss,9,2020-11-29T19:07:04Z,bf:5fb1bf581632970e916b85be,bf:5ec038e2256baa1d38011a05,0,2,2,1
battlefy,5fa9779a198f6370ee912a94,Kards Open #3 - Swiss Weekend,open,Swiss Day I & II,swiss,9,2020-11-29T19:08:39Z,bf:5ec2a6dafd8a561535cde2a5,bf:5f109d917a5f692572240090,0,2,2,1
battlefy,5fa9779a198f6370ee912a94,Kards Open #3 - Swiss Weekend,open,Swiss Day I & II,swiss,9,2020-11-29T19:10:28Z,bf:5fbc5711a2fd34654753a8c0,bf:5f1660782cba8f11c2a45e9c,2,0,1,1
battlefy,5fa9779a198f6370ee912a94,Kards Open #3 - Swiss Weekend,open,Swiss Day I & II,swiss,9,2020-11-29T19:12:47Z,bf:5fb0eee19a9e750ea663c435,bf:5fb27723698db1048d26d94d,0,2,2,1
battlefy,5fa9779a198f6370ee912a94,Kards Open #3 - Swiss Weekend,open,Swiss Day I & II,swiss,9,2020-11-29T19:12:47Z,bf:5fb0d42e9a9e750ea663c3fc,bf:5f362c8703dbcc11d58d78e3,2,0,1,1
battlefy,5fa9779a198f6370ee912a94,Kards Open #3 - Swiss Weekend,open,Swiss Day I & II,swiss,9,2020-11-29T19:12:52Z,bf:5fc017df26ea883a515847d5,bf:5fb666119a9e750ea664030b,0,2,2,1
battlefy,5fa9779a198f6370ee912a94,Kards Open #3 - Swiss Weekend,open,Swiss Day I & II,swiss,9,2020-11-29T19:13:12Z,bf:5fbfc6e15d320863b86f1193,bf:5d26bcf5c9bf6055b457dfb5,0,2,2,1
battlefy,5fa9779a198f6370ee912a94,Kards Open #3 - Swiss Weekend,open,Swiss Day I & II,swiss,9,2020-11-29T19:13:51Z,bf:5fbeac15a447ab4bb37e116f,bf:5fbf6ade2dc8793ada852a75,0,2,2,1
battlefy,5fa9779a198f6370ee912a94,Kards Open #3 - Swiss Weekend,open,Swiss Day I & II,swiss,9,2020-11-29T19:15:06Z,bf:5f10c966160c3f2239e92921,bf:5fa1ee84f8fc171ea9f66554,0,2,2,1
battlefy,5fa9779a198f6370ee912a94,Kards Open #3 - Swiss Weekend,open,Swiss Day I & II,swiss,9,2020-11-29T19:16:02Z,bf:5fb02943698db1048d26b9cd,bf:5f4965bb76b8305ffaa36866,2,0,1,1
battlefy,5fa9779a198f6370ee912a94,Kards Open #3 - Swiss Weekend,open,Swiss Day I & II,swiss,9,2020-11-29T19:16:54Z,bf:5ebd9402b92b28521a098ec8,bf:5fbfa1ec5d320863b86f10df,0,2,2,1
battlefy,5fa9779a198f6370ee912a94,Kards Open #3 - Swiss Weekend,open,Swiss Day I & II,swiss,9,2020-11-29T19:17:12Z,bf:5fc133575ca52f15c00549a9,bf:5fa3da8e11743771ade92018,0,2,2,1
battlefy,5fa9779a198f6370ee912a94,Kards Open #3 - Swiss Weekend,open,Swiss Day I & II,swiss,9,2020-11-29T19:17:41Z,bf:5f0cd40c3087a65e039603f4,bf:5fbd71c2e7d89a60d43410ca,2,0,1,1
battlefy,5fa9779a198f6370ee912a94,Kards Open #3 - Swiss Weekend,open,Swiss Day I & II,swiss,9,2020-11-29T19:18:31Z,bf:5fbb03850f21e57963850470,bf:5fb0b189f07fad440734d338,2,0,1,1
battlefy,5fa9779a198f6370ee912a94,Kards Open #3 - Swiss Weekend,open,Swiss Day I & II,swiss,9,2020-11-29T19:19:49Z,bf:5fa2011d11743771ade90dee,bf:5fbe84641632970e916c5996,2,0,1,1
battlefy,5fa9779a198f6370ee912a94,Kards Open #3 - Swiss Weekend,open,Swiss Day I & II,swiss,9,2020-11-29T19:19:50Z,bf:5fb0ee1e698db1048d26c5af,bf:5fbeb7541632970e916c5c93,0,2,2,1
battlefy,5fa9779a198f6370ee912a94,Kards Open #3 - Swiss Weekend,open,Swiss Day I & II,swiss,9,2020-11-29T19:20:30Z,bf:5fb43070a2fd346547530c21,bf:5fbf86bf2dc8793ada852abe,1,2,2,1
battlefy,5fa9779a198f6370ee912a94,Kards Open #3 - Swiss Weekend,open,Swiss Day I & II,swiss,9,2020-11-29T19:20:39Z,bf:564e7b5b80b8db4a00c4ff9c,bf:5fc13c6e4a99f533280c7373,1,2,2,1
battlefy,5fa9779a198f6370ee912a94,Kards Open #3 - Swiss Weekend,open,Swiss Day I & II,swiss,9,2020-11-29T19:20:47Z,bf:5eeb9c3d19b81239da9496cb,bf:5fbf81d4698db1048d27bf78,2,1,1,1
battlefy,5fa9779a198f6370ee912a94,Kards Open #3 - Swiss Weekend,open,Swiss Day I & II,swiss,9,2020-11-29T19:21:53Z,bf:5f46ff72cff9bb4e25c82ac7,bf:5fbfa9f0a2fd34654753c891,1,2,2,1
battlefy,5fa9779a198f6370ee912a94,Kards Open #3 - Swiss Weekend,open,Swiss Day I & II,swiss,9,2020-11-29T19:22:05Z,bf:5f0f3d9e7c4df3491abfe047,bf:5fc1f746a2fd34654753e1ae,2,1,1,1
battlefy,5fa9779a198f6370ee912a94,Kards Open #3 - Swiss Weekend,open,Swiss Day I & II,swiss,9,2020-11-29T19:23:25Z,bf:5a8879b76c3ac00358830d7c,bf:5fbc3b8e0f21e5796385112f,1,2,2,1
battlefy,5fa9779a198f6370ee912a94,Kards Open #3 - Swiss Weekend,open,Swiss Day I & II,swiss,9,2020-11-29T19:25:43Z,bf:5fb1f464698db1048d26d582,bf:5ec2c1da0a4e405c2332e640,2,1,1,1
battlefy,5fa9779a198f6370ee912a94,Kards Open #3 - Swiss Weekend,open,Swiss Day I & II,swiss,9,2020-11-29T19:26:46Z,bf:5fbffbaa2dc8793ada85319e,bf:5fbe8b8ea447ab4bb37e0fc8,2,0,1,1
battlefy,5fa9779a198f6370ee912a94,Kards Open #3 - Swiss Weekend,open,Swiss Day I & II,swiss,9,2020-11-29T19:26:48Z,bf:5fc1dd90043fd20cdf90e83e,bf:5fb249e5f07fad440734e5ea,0,2,2,1
battlefy,5fa9779a198f6370ee912a94,Kards Open #3 - Swiss Weekend,open,Swiss Day I & II,swiss,9,2020-11-29T19:26:57Z,bf:5fa5397c241d875936d2c2f2,bf:5f32c6147bd80311ab78193f,1,2,2,1
battlefy,5fa9779a198f6370ee912a94,Kards Open #3 - Swiss Weekend,open,Swiss Day I & II,swiss,9,2020-11-29T19:27:09Z,bf:5fbfafde1632970e916c652e,bf:5fbeb20eb0ef7749130e452c,0,2,2,1
battlefy,5fa9779a198f6370ee912a94,Kards Open #3 - Swiss Weekend,open,Swiss Day I & II,swiss,9,2020-11-29T19:30:22Z,bf:5fbfb1ca2dc8793ada852b72,bf:5a4d98c332953903641106de,2,1,1,1
battlefy,5fa9779a198f6370ee912a94,Kards Open #3 - Swiss Weekend,open,Swiss Day I & II,swiss,9,2020-11-29T19:31:34Z,bf:5fbe89294d01f9313d135068,bf:5fbf4fe05d320863b86f0fb6,1,2,2,1
battlefy,5fa9779a198f6370ee912a94,Kards Open #3 - Swiss Weekend,open,Swiss Day I & II,swiss,9,2020-11-29T19:33:02Z,bf:5ec57fff74214e1748e43f56,bf:5fc13108a447ab4bb37e2e33,2,1,1,1
battlefy,5fa9779a198f6370ee912a94,Kards Open #3 - Swiss Weekend,open,Swiss Day I & II,swiss,9,2020-11-29T19:33:10Z,bf:5fb3f43ee0bfea60c76a2a56,bf:5f4318d1681ff84ab5ec92f9,2,1,1,1
battlefy,5fa9779a198f6370ee912a94,Kards Open #3 - Swiss Weekend,open,Swiss Day I & II,swiss,9,2020-11-29T19:35:00Z,bf:5fb3df78f07fad440734f6f7,bf:5fb719fde0bfea60c76a4f50,2,1,1,1
battlefy,5fa9779a198f6370ee912a94,Kards Open #3 - Swiss Weekend,open,Swiss Day I & II,swiss,9,2020-11-29T19:37:30Z,bf:5f32f48419fcf2666b2abff1,bf:5f0e37b37c5e104738aebbe3,1,2,2,1
battlefy,5fa9779a198f6370ee912a94,Kards Open #3 - Swiss Weekend,open,Swiss Day I & II,swiss,9,2020-11-29T19:41:29Z,bf:5fb2c8f11632970e916b926c,bf:5fbe87ea5d320863b86f031b,1,2,2,1
battlefy,5fa9779a198f6370ee912a94,Kards Open #3 - Swiss Weekend,open,Swiss Day I & II,swiss,9,2020-11-29T19:44:00Z,bf:5f10825feac9482569fb2e81,bf:5fba777719c8f219d787247b,1,2,2,1
battlefy,60142a497db58845caaa2f2f,KARDS Open IV - Swiss Weekend,open,Swiss Weekend,swiss,1,2021-02-06T16:17:13Z,bf:601e1a04b66ee1767c0f19bf,bf:601e734995780078daf3e9cf,0,2,2,1
battlefy,60142a497db58845caaa2f2f,KARDS Open IV - Swiss Weekend,open,Swiss Weekend,swiss,1,2021-02-06T16:19:05Z,bf:5f4318d1681ff84ab5ec92f9,bf:6018722f6b7a4c1c7ef01779,2,0,1,1
battlefy,60142a497db58845caaa2f2f,KARDS Open IV - Swiss Weekend,open,Swiss Weekend,swiss,1,2021-02-06T16:19:06Z,bf:601d8327ce01411daff6dde0,bf:5f11d247160c3f2239e940a4,0,2,2,1
battlefy,60142a497db58845caaa2f2f,KARDS Open IV - Swiss Weekend,open,Swiss Weekend,swiss,1,2021-02-06T16:19:58Z,bf:5b38c676cbd82c03a4f28e8f,bf:5ec99a6d5cb5d5345c7fdf7c,0,2,2,1
battlefy,60142a497db58845caaa2f2f,KARDS Open IV - Swiss Weekend,open,Swiss Weekend,swiss,1,2021-02-06T16:21:04Z,bf:5fbfbd51b0ef7749130e4f38,bf:601d6a1959fc1e11b57d5700,0,2,2,1
battlefy,60142a497db58845caaa2f2f,KARDS Open IV - Swiss Weekend,open,Swiss Weekend,swiss,1,2021-02-06T16:21:12Z,bf:5f10c966160c3f2239e92921,bf:5fa2011d11743771ade90dee,0,2,2,1
battlefy,60142a497db58845caaa2f2f,KARDS Open IV - Swiss Weekend,open,Swiss Weekend,swiss,1,2021-02-06T16:21:16Z,bf:5a8879b76c3ac00358830d7c,bf:601c4a12e848ea2ae5565fa7,2,0,1,1
battlefy,60142a497db58845caaa2f2f,KARDS Open IV - Swiss Weekend,open,Swiss Weekend,swiss,1,2021-02-06T16:21:39Z,bf:601b5b897d76ec1b99358c6f,bf:5ebd9402b92b28521a098ec8,0,2,2,1
battlefy,60142a497db58845caaa2f2f,KARDS Open IV - Swiss Weekend,open,Swiss Weekend,swiss,1,2021-02-06T16:22:03Z,bf:5c7e66cd2dd6e4033a9d5fd1,bf:601d8d265470fa2af29f55e8,2,1,1,1
battlefy,60142a497db58845caaa2f2f,KARDS Open IV - Swiss Weekend,open,Swiss Weekend,swiss,1,2021-02-06T16:23:41Z,bf:55a9e6f380ec56430032820c,bf:5f0f3d9e7c4df3491abfe047,1,2,2,1
battlefy,60142a497db58845caaa2f2f,KARDS Open IV - Swiss Weekend,open,Swiss Weekend,swiss,1,2021-02-06T16:23:41Z,bf:601d72b8945ba61bbd9b6b3e,bf:601dacd85156047698264137,2,0,1,1
battlefy,60142a497db58845caaa2f2f,KARDS Open IV - Swiss Weekend,open,Swiss Weekend,swiss,1,2021-02-06T16:24:15Z,bf:601c9026bf58cf5f54a82622,bf:5fa5397c241d875936d2c2f2,0,2,2,1
battlefy,60142a497db58845caaa2f2f,KARDS Open IV - Swiss Weekend,open,Swiss Weekend,swiss,1,2021-02-06T16:24:35Z,bf:5f0eab817c4df3491abfd2e6,bf:5f1b48d1abfcb016362ba48e,0,2,2,1
battlefy,60142a497db58845caaa2f2f,KARDS Open IV - Swiss Weekend,open,Swiss Weekend,swiss,1,2021-02-06T16:24:39Z,bf:601c994b3b155711d4677d1b,bf:5f362c8703dbcc11d58d78e3,0,2,2,1
battlefy,60142a497db58845caaa2f2f,KARDS Open IV - Swiss Weekend,open,Swiss Weekend,swiss,1,2021-02-06T16:26:12Z,bf:601ccaa7df90f911ab030712,bf:5eeb9c3d19b81239da9496cb,1,2,2,1
battlefy,60142a497db58845caaa2f2f,KARDS Open IV - Swiss Weekend,open,Swiss Weekend,swiss,1,2021-02-06T16:26:14Z,bf:5fb7473c502b9e587d1becbe,bf:601cf711ce01411daff6d2c9,2,0,1,1
battlefy,60142a497db58845caaa2f2f,KARDS Open IV - Swiss Weekend,open,Swiss Weekend,swiss,1,2021-02-06T16:26:47Z,bf:5fa27e32f8fc171ea9f66940,bf:601d841d36ceeb11b32b8857,2,0,1,1
battlefy,60142a497db58845caaa2f2f,KARDS Open IV - Swiss Weekend,open,Swiss Weekend,swiss,1,2021-02-06T16:27:48Z,bf:5ee6c5f92764fc7a784c6f9e,bf:5ee6022292efc00faf652a7e,0,2,2,1
battlefy,60142a497db58845caaa2f2f,KARDS Open IV - Swiss Weekend,open,Swiss Weekend,swiss,1,2021-02-06T16:28:08Z,bf:601c0e79b125d31d258fd278,bf:5f908c01a261b945b6c471e8,2,0,1,1
battlefy,60142a497db58845caaa2f2f,KARDS Open IV - Swiss Weekend,open,Swiss Weekend,swiss,1,2021-02-06T16:28:16Z,bf:601c66707d76ec1b99359336,bf:5f109d917a5f692572240090,0,2,2,1
battlefy,60142a497db58845caaa2f2f,KARDS Open IV - Swiss Weekend,open,Swiss Weekend,swiss,1,2021-02-06T16:28:39Z,bf:564e7b5b80b8db4a00c4ff9c,bf:601e92a7e5c01375db7f5de8,2,0,1,1
battlefy,60142a497db58845caaa2f2f,KARDS Open IV - Swiss Weekend,open,Swiss Weekend,swiss,1,2021-02-06T16:28:50Z,bf:5fb0acb4eb92fe047543807d,bf:5f36dc4b98f0a311ad32446c,1,2,2,1
battlefy,60142a497db58845caaa2f2f,KARDS Open IV - Swiss Weekend,open,Swiss Weekend,swiss,1,2021-02-06T16:29:17Z,bf:601c5831f4761b1d98294688,bf:601d4daaa3a63111ba7f6ad7,0,2,2,1
battlefy,60142a497db58845caaa2f2f,KARDS Open IV - Swiss Weekend,open,Swiss Weekend,swiss,1,2021-02-06T16:29:47Z,bf:5fbebdee043fd20cdf90cfaf,bf:5ec2a6dafd8a561535cde2a5,2,1,1,1
battlefy,60142a497db58845caaa2f2f,KARDS Open IV - Swiss Weekend,open,Swiss Weekend,swiss,1,2021-02-06T16:30:02Z,bf:5fb035bf502b9e587d1b8643,bf:601d189a36ceeb11b32b81e2,2,1,1,1
battlefy,60142a497db58845caaa2f2f,KARDS Open IV - Swiss Weekend,open,Swiss Weekend,swiss,1,2021-02-06T16:30:19Z,bf:601e7e5af38de8768ef0dbdf,bf:5fc13c6e4a99f533280c7373,0,2,2,1
battlefy,60142a497db58845caaa2f2f,KARDS Open IV - Swiss Weekend,open,Swiss Weekend,swiss,1,2021-02-06T16:30:27Z,bf:5fa3973bf8fc171ea9f68255,bf:601cafe1bb724711bbdc0e41,1,2,2,1
battlefy,60142a497db58845caaa2f2f,KARDS Open IV - Swiss Weekend,open,Swiss Weekend,swiss,1,2021-02-06T16:30:43Z,bf:601c602c8989bb1d0ffd2d60,bf:5f32c6147bd80311ab78193f,0,2,2,1
battlefy,60142a497db58845caaa2f2f,KARDS Open IV - Swiss Weekend,open,Swiss Weekend,swiss,1,2021-02-06T16:31:02Z,bf:5fa5ede611743771ade94108,bf:5ebd8cafb3bec004beff6eff,0,2,2,1
battlefy,60142a497db58845caaa2f2f,KARDS Open IV - Swiss Weekend,open,Swiss Weekend,swiss,1,2021-02-06T16:31:19Z,bf:601aface2eb6151da1f9651f,bf:601c9f9ef8251e1bb7eb0fb5,0,2,2,1
battlefy,60142a497db58845caaa2f2f,KARDS Open IV - Swiss Weekend,open,Swiss Weekend,swiss,1,2021-02-06T16:31:21Z,bf:601c914f7d548611be769699,bf:5d47ab5c0451666910e5c0af,2,1,1,1
battlefy,60142a497db58845caaa2f2f,KARDS Open IV - Swiss Weekend,open,Swiss Weekend,swiss,1,2021-02-06T16:31:26Z,bf:601e9b8beae820768baef5db,bf:5fbd71c2e7d89a60d43410ca,0,2,2,1
battlefy,60142a497db58845caaa2f2f,KARDS Open IV - Swiss Weekend,open,Swiss Weekend,swiss,1,2021-02-06T16:31:39Z,bf:601e45ae6c6f1475e154a175,bf:5f0df84e824086475be264b7,0,2,2,1
battlefy,60142a497db58845caaa2f2f,KARDS Open IV - Swiss Weekend,open,Swiss Weekend,swiss,1,2021-02-06T16:32:06Z,bf:5f32f48419fcf2666b2abff1,bf:601d68eabf58cf5f54a82fbf,2,1,1,1
battlefy,60142a497db58845caaa2f2f,KARDS Open IV - Swiss Weekend,open,Swiss Weekend,swiss,1,2021-02-06T16:32:11Z,bf:5dadf6683f9f8d27e2e9cc0b,bf:601cb9e68f8ab5604536225b,2,0,1,1
battlefy,60142a497db58845caaa2f2f,KARDS Open IV - Swiss Weekend,open,Swiss Weekend,swiss,1,2021-02-06T16:33:01Z,bf:5f113e2cd04bae257fc195f6,bf:5f0e37b37c5e104738aebbe3,1,2,2,1
battlefy,60142a497db58845caaa2f2f,KARDS Open IV - Swiss Weekend,open,Swiss Weekend,swiss,1,2021-02-06T16:33:05Z,bf:5eb65df574f31a11dd226b38,bf:601afc674443111ba564023d,2,0,1,1
battlefy,60142a497db58845caaa2f2f,KARDS Open IV - Swiss Weekend,open,Swiss Weekend,swiss,1,2021-02-06T16:33:15Z,bf:5a58cabb82c7de043a3c289b,bf:5f1520542cba8f11c2a44c16,2,0,1,1
battlefy,60142a497db58845caaa2f2f,KARDS Open IV - Swiss Weekend,open,Swiss Weekend,swiss,1,2021-02-06T16:33:36Z,bf:601d2fa3242f461d92104ad0,bf:5f0e76497c4df3491abfd06c,2,0,1,1
battlefy,60142a497db58845caaa2f2f,KARDS Open IV - Swiss Weekend,open,Swiss Weekend,swiss,1,2021-02-06T16:34:06Z,bf:601ea84d2cdc35768253b653,bf:601ce7017d548611be7697b6,2,0,1,0
battlefy,60142a497db58845caaa2f2f,KARDS Open IV - Swiss Weekend,open,Swiss Weekend,swiss,1,2021-02-06T16:34:57Z,bf:5ec5e7746951c62d86f53235,bf:5f12bb564a28711494f1bd8d,2,0,1,1
battlefy,60142a497db58845caaa2f2f,KARDS Open IV - Swiss Weekend,open,Swiss Weekend,swiss,1,2021-02-06T16:35:14Z,bf:601c5640242f461d92104636,bf:57b5a7ffabd8181c0cfdf304,0,2,2,1
battlefy,60142a497db58845caaa2f2f,KARDS Open IV - Swiss Weekend,open,Swiss Weekend,swiss,1,2021-02-06T16:35:16Z,bf:601c5d21bccfe11bd79533ba,bf:5fa3da8e11743771ade92018,0,2,2,1
battlefy,60142a497db58845caaa2f2f,KARDS Open IV - Swiss Weekend,open,Swiss Weekend,swiss,1,2021-02-06T16:35:24Z,bf:5fc1dd90043fd20cdf90e83e,bf:601d724003f1bc1bc847aa4d,2,1,1,1
battlefy,60142a497db58845caaa2f2f,KARDS Open IV - Swiss Weekend,open,Swiss Weekend,swiss,1,2021-02-06T16:36:16Z,bf:601995acbe9b881d09177a3a,bf:5f0cd40c3087a65e039603f4,0,2,2,1
battlefy,60142a497db58845caaa2f2f,KARDS Open IV - Swiss Weekend,open,Swiss Weekend,swiss,1,2021-02-06T16:37:05Z,bf:5fa467df4eb3c2458669c29a,bf:5fa57306cc28b3594394b946,2,1,1,1
battlefy,60142a497db58845caaa2f2f,KARDS Open IV - Swiss Weekend,open,Swiss Weekend,swiss,1,2021-02-06T16:37:36Z,bf:5f1493df1c8cdf16056f8bc9,bf:601c9b3d2a229411c4dec493,1,2,2,1
battlefy,60142a497db58845caaa2f2f,KARDS Open IV - Swiss Weekend,open,Swiss Weekend,swiss,1,2021-02-06T16:38:24Z,bf:601c6d39ce01411daff6ce45,bf:601e77957e074a75c3e36c24,2,0,1,1
battlefy,60142a497db58845caaa2f2f,KARDS Open IV - Swiss Weekend,open,Swiss Weekend,swiss,1,2021-02-06T16:39:00Z,bf:601c7bb24443111ba5640e9a,bf:601ddad214499975b676d714,2,0,1,1
battlefy,60142a497db58845caaa2f2f,KARDS Open IV - Swiss Weekend,open,Swiss Weekend,swiss,1,2021-02-06T16:39:41Z,bf:601d204cab29fd2adcd79a2d,bf:601e9c49e5c01375db7f5e53,0,2,2,1
battlefy,60142a497db58845caaa2f2f,KARDS Open IV - Swiss Weekend,open,Swiss Weekend,swiss,1,2021-02-06T16:42:40Z,bf:601e4222507c147700ac949d,bf:5fd0f538f2b2ef0cb211c66d,2,1,1,1
battlefy,60142a497db58845caaa2f2f,KARDS Open IV - Swiss Weekend,open,Swiss Weekend,swiss,1,2021-02-06T16:43:49Z,bf:5f0df6196f4cd13933257c2a,bf:5fc0244ca2fd34654753d0cb,2,1,1,1
battlefy,60142a497db58845caaa2f2f,KARDS Open IV - Swiss Weekend,open,Swiss Weekend,swiss,1,2021-02-06T16:48:47Z,bf:601ccba636ceeb11b32b80ff,bf:601c71455470fa2af29f5034,2,0,1,1
battlefy,60142a497db58845caaa2f2f,KARDS Open IV - Swiss Weekend,open,Swiss Weekend,swiss,1,2021-02-06T16:49:51Z,bf:601e170e8b295778d1474505,bf:5f1086f1160c3f2239e9225b,2,0,1,1
battlefy,60142a497db58845caaa2f2f,KARDS Open IV - Swiss Weekend,open,Swiss Weekend,swiss,1,2021-02-06T16:50:08Z,bf:601e5d325156047698264588,bf:601e9d308392ff75fb351ffc,2,0,1,1
battlefy,60142a497db58845caaa2f2f,KARDS Open IV - Swiss Weekend,open,Swiss Weekend,swiss,1,2021-02-06T16:53:17Z,bf:5f11ffc4eac9482569fb4f49,bf:601c52cb2eb6151da1f96ccf,1,2,2,1
battlefy,60142a497db58845caaa2f2f,KARDS Open IV - Swiss Weekend,open,Swiss Weekend,swiss,1,2021-02-06T16:55:34Z,bf:5fa62937c3c163598ec80783,bf:601dff5114499975b676d7fb,2,0,1,1
battlefy,60142a497db58845caaa2f2f,KARDS Open IV - Swiss Weekend,open,Swiss Weekend,swiss,1,2021-02-06T16:56:06Z,bf:601e60c914499975b676db49,bf:5eb598330abb797ad38acaee,0,2,2,1
battlefy,60142a497db58845caaa2f2f,KARDS Open IV - Swiss Weekend,open,Swiss Weekend,swiss,1,2021-02-06T16:57:55Z,bf:601dd93585cc4e75ecefaa9c,bf:5e889af67a9c4c10932a6ca9,2,1,1,1
battlefy,60142a497db58845caaa2f2f,KARDS Open IV - Swiss Weekend,open,Swiss Weekend,swiss,1,2021-02-06T16:59:32Z,bf:601ad0d4bccfe11bd7952790,bf:5eb7670e5e789b4b50a06de2,2,1,1,1
battlefy,60142a497db58845caaa2f2f,KARDS Open IV - Swiss Weekend,open,Swiss Weekend,swiss,1,2021-02-06T16:59:49Z,bf:601a74d5f4761b1d98293c14,bf:601e7dd895780078daf3ed80,1,2,2,1
battlefy,60142a497db58845caaa2f2f,KARDS Open IV - Swiss Weekend,open,Swiss Weekend,swiss,1,2021-02-06T17:00:09Z,bf:5f159e62ea159211b4c9a50e,bf:5f0e248def3ab65b96796c3f,1,2,2,1
battlefy,60142a497db58845caaa2f2f,KARDS Open IV - Swiss Weekend,open,Swiss Weekend,swiss,1,2021-02-06T17:03:44Z,bf:601ea179eae820768baef620,bf:5fc2cfeb2350e111ca3e4a6e,0,2,2,1
battlefy,60142a497db58845caaa2f2f,KARDS Open IV - Swiss Weekend,open,Swiss Weekend,swiss,2,2021-02-06T17:17:47Z,bf:5f0f3d9e7c4df3491abfe047,bf:601e734995780078daf3e9cf,2,0,1,1
battlefy,60142a497db58845caaa2f2f,KARDS Open IV - Swiss Weekend,open,Swiss Weekend,swiss,2,2021-02-06T17:19:55Z,bf:5fa3973bf8fc171ea9f68255,bf:601ddad214499975b676d714,0,2,2,1
battlefy,60142a497db58845caaa2f2f,KARDS Open IV - Swiss Weekend,open,Swiss Weekend,swiss,2,2021-02-06T17:21:47Z,bf:5eb7670e5e789b4b50a06de2,bf:6018722f6b7a4c1c7ef01779,2,0,1,1
battlefy,60142a497db58845caaa2f2f,KARDS Open IV - Swiss Weekend,open,Swiss Weekend,swiss,2,2021-02-06T17:22:54Z,bf:601e7e5af38de8768ef0dbdf,bf:5f908c01a261b945b6c471e8,0,2,2,0
battlefy,60142a497db58845caaa2f2f,KARDS Open IV - Swiss Weekend,open,Swiss Weekend,swiss,2,2021-02-06T17:23:08Z,bf:5f1086f1160c3f2239e9225b,bf:5f11ffc4eac9482569fb4f49,2,0,1,0
battlefy,60142a497db58845caaa2f2f,KARDS Open IV - Swiss Weekend,open,Swiss Weekend,swiss,2,2021-02-06T17:23:16Z,bf:5eeb9c3d19b81239da9496cb,bf:601c5831f4761b1d98294688,2,0,1,0
battlefy,60142a497db58845caaa2f2f,KARDS Open IV - Swiss Weekend,open,Swiss Weekend,swiss,2,2021-02-06T17:23:26Z,bf:601c5640242f461d92104636,bf:5f1520542cba8f11c2a44c16,0,2,2,0
battlefy,60142a497db58845caaa2f2f,KARDS Open IV - Swiss Weekend,open,Swiss Weekend,swiss,2,2021-02-06T17:23:47Z,bf:601e170e8b295778d1474505,bf:5a8879b76c3ac00358830d7c,0,2,2,1
battlefy,60142a497db58845caaa2f2f,KARDS Open IV - Swiss Weekend,open,Swiss Weekend,swiss,2,2021-02-06T17:24:05Z,bf:601ccaa7df90f911ab030712,bf:601e9d308392ff75fb351ffc,2,0,1,0
battlefy,60142a497db58845caaa2f2f,KARDS Open IV - Swiss Weekend,open,Swiss Weekend,swiss,2,2021-02-06T17:24:15Z,bf:601c994b3b155711d4677d1b,bf:601d189a36ceeb11b32b81e2,2,0,1,0
battlefy,60142a497db58845caaa2f2f,KARDS Open IV - Swiss Weekend,open,Swiss Weekend,swiss,2,2021-02-06T17:24:24Z,bf:601d68eabf58cf5f54a82fbf,bf:601d841d36ceeb11b32b8857,2,0,1,1
battlefy,60142a497db58845caaa2f2f,KARDS Open IV - Swiss Weekend,open,Swiss Weekend,swiss,2,2021-02-06T17:24:33Z,bf:601d204cab29fd2adcd79a2d,bf:601e77957e074a75c3e36c24,0,2,2,0
battlefy,60142a497db58845caaa2f2f,KARDS Open IV - Swiss Weekend,open,Swiss Weekend,swiss,2,2021-02-06T17:24:41Z,bf:5e889af67a9c4c10932a6ca9,bf:601995acbe9b881d09177a3a,0,2,2,0
battlefy,60142a497db58845caaa2f2f,KARDS Open IV - Swiss Weekend,open,Swiss Weekend,swiss,2,2021-02-06T17:24:46Z,bf:5ec5e7746951c62d86f53235,bf:5f0df84e824086475be264b7,2,0,1,1
battlefy,60142a497db58845caaa2f2f,KARDS Open IV - Swiss Weekend,open,Swiss Weekend,swiss,2,2021-02-06T17:24:52Z,bf:601c7bb24443111ba5640e9a,bf:601e4222507c147700ac949d,0,2,2,1
battlefy,60142a497db58845caaa2f2f,KARDS Open IV - Swiss Weekend,open,Swiss Weekend,swiss,2,2021-02-06T17:24:53Z,bf:5fa57306cc28b3594394b946,bf:601dacd85156047698264137,0,2,2,0
battlefy,60142a497db58845caaa2f2f,KARDS Open IV - Swiss Weekend,open,Swiss Weekend,swiss,2,2021-02-06T17:25:11Z,bf:5f0eab817c4df3491abfd2e6,bf:601b5b897d76ec1b99358c6f,0,2,2,0
battlefy,60142a497db58845caaa2f2f,KARDS Open IV - Swiss Weekend,open,Swiss Weekend,swiss,2,2021-02-06T17:27:36Z,bf:5f36dc4b98f0a311ad32446c,bf:5fb7473c502b9e587d1becbe,0,2,2,1
battlefy,60142a497db58845caaa2f2f,KARDS Open IV - Swiss Weekend,open,Swiss Weekend,swiss,2,2021-02-06T17:27:57Z,bf:601c66707d76ec1b99359336,bf:5f1493df1c8cdf16056f8bc9,1,2,2,1
battlefy,60142a497db58845caaa2f2f,KARDS Open IV - Swiss Weekend,open,Swiss Weekend,swiss,2,2021-02-06T17:28:45Z,bf:5f10c966160c3f2239e92921,bf:601c5d21bccfe11bd79533ba,2,0,1,1
battlefy,60142a497db58845caaa2f2f,KARDS Open IV - Swiss Weekend,open,Swiss Weekend,swiss,2,2021-02-06T17:28:49Z,bf:601ad0d4bccfe11bd7952790,bf:601d6a1959fc1e11b57d5700,2,0,1,1
battlefy,60142a497db58845caaa2f2f,KARDS Open IV - Swiss Weekend,open,Swiss Weekend,swiss,2,2021-02-06T17:28:53Z,bf:601d2fa3242f461d92104ad0,bf:601cafe1bb724711bbdc0e41,0,2,2,1
battlefy,60142a497db58845caaa2f2f,KARDS Open IV - Swiss Weekend,open,Swiss Weekend,swiss,2,2021-02-06T17:29:17Z,bf:601c9f9ef8251e1bb7eb0fb5,bf:5ec99a6d5cb5d5345c7fdf7c,0,2,2,1
battlefy,60142a497db58845caaa2f2f,KARDS Open IV - Swiss Weekend,open,Swiss Weekend,swiss,2,2021-02-06T17:29:22Z,bf:5f11d247160c3f2239e940a4,bf:5a58cabb82c7de043a3c289b,2,0,1,1
battlefy,60142a497db58845caaa2f2f,KARDS Open IV - Swiss Weekend,open,Swiss Weekend,swiss,2,2021-02-06T17:29:40Z,bf:5fa2011d11743771ade90dee,bf:601ea84d2cdc35768253b653,2,0,1,1
battlefy,60142a497db58845caaa2f2f,KARDS Open IV - Swiss Weekend,open,Swiss Weekend,swiss,2,2021-02-06T17:30:03Z,bf:5f0df6196f4cd13933257c2a,bf:5fbebdee043fd20cdf90cfaf,2,0,1,1
battlefy,60142a497db58845caaa2f2f,KARDS Open IV - Swiss Weekend,open,Swiss Weekend,swiss,2,2021-02-06T17:30:25Z,bf:601d724003f1bc1bc847aa4d,bf:601d8d265470fa2af29f55e8,0,2,2,1
battlefy,60142a497db58845caaa2f2f,KARDS Open IV - Swiss Weekend,open,Swiss Weekend,swiss,2,2021-02-06T17:30:43Z,bf:601c9026bf58cf5f54a82622,bf:5f0e76497c4df3491abfd06c,1,2,2,1
battlefy,60142a497db58845caaa2f2f,KARDS Open IV - Swiss Weekend,open,Swiss Weekend,swiss,2,2021-02-06T17:31:27Z,bf:601c602c8989bb1d0ffd2d60,bf:5fbfbd51b0ef7749130e4f38,0,2,2,1
battlefy,60142a497db58845caaa2f2f,KARDS Open IV - Swiss Weekend,open,Swiss Weekend,swiss,2,2021-02-06T17:31:33Z,bf:5c7e66cd2dd6e4033a9d5fd1,bf:5f109d917a5f692572240090,1,2,2,1
battlefy,60142a497db58845caaa2f2f,KARDS Open IV - Swiss Weekend,open,Swiss Weekend,swiss,2,2021-02-06T17:31:41Z,bf:601d8327ce01411daff6dde0,bf:601e92a7e5c01375db7f5de8,2,0,1,1
battlefy,60142a497db58845caaa2f2f,KARDS Open IV - Swiss Weekend,open,Swiss Weekend,swiss,2,2021-02-06T17:32:10Z,bf:601e5d325156047698264588,bf:5ee6022292efc00faf652a7e,2,0,1,1
battlefy,60142a497db58845caaa2f2f,KARDS Open IV - Swiss Weekend,open,Swiss Weekend,swiss,2,2021-02-06T17:32:25Z,bf:5fb0acb4eb92fe047543807d,bf:601ea179eae820768baef620,2,1,1,1
battlefy,60142a497db58845caaa2f2f,KARDS Open IV - Swiss Weekend,open,Swiss Weekend,swiss,2,2021-02-06T17:33:13Z,bf:5fa27e32f8fc171ea9f66940,bf:5f4318d1681ff84ab5ec92f9,2,0,1,1
battlefy,60142a497db58845caaa2f2f,KARDS Open IV - Swiss Weekend,open,Swiss Weekend,swiss,2,2021-02-06T17:34:03Z,bf:5f0e37b37c5e104738aebbe3,bf:601d4daaa3a63111ba7f6ad7,2,0,1,1
battlefy,60142a497db58845caaa2f2f,KARDS Open IV - Swiss Weekend,open,Swiss Weekend,swiss,2,2021-02-06T17:34:45Z,bf:5fc13c6e4a99f533280c7373,bf:5ebd8cafb3bec004beff6eff,2,0,1,1
battlefy,60142a497db58845caaa2f2f,KARDS Open IV - Swiss Weekend,open,Swiss Weekend,swiss,2,2021-02-06T17:35:12Z,bf:601a74d5f4761b1d98293c14,bf:601aface2eb6151da1f9651f,1,2,2,1
battlefy,60142a497db58845caaa2f2f,KARDS Open IV - Swiss Weekend,open,Swiss Weekend,swiss,2,2021-02-06T17:35:41Z,bf:5ec2a6dafd8a561535cde2a5,bf:5f113e2cd04bae257fc195f6,0,2,2,1
battlefy,60142a497db58845caaa2f2f,KARDS Open IV - Swiss Weekend,open,Swiss Weekend,swiss,2,2021-02-06T17:36:23Z,bf:601c52cb2eb6151da1f96ccf,bf:5dadf6683f9f8d27e2e9cc0b,1,2,2,1
battlefy,60142a497db58845caaa2f2f,KARDS Open IV - Swiss Weekend,open,Swiss Weekend,swiss,2,2021-02-06T17:36:40Z,bf:5f32f48419fcf2666b2abff1,bf:5f32c6147bd80311ab78193f,2,0,1,1
battlefy,60142a497db58845caaa2f2f,KARDS Open IV - Swiss Weekend,open,Swiss Weekend,swiss,2,2021-02-06T17:37:48Z,bf:5eb598330abb797ad38acaee,bf:5fa3da8e11743771ade92018,0,2,2,1
battlefy,60142a497db58845caaa2f2f,KARDS Open IV - Swiss Weekend,open,Swiss Weekend,swiss,2,2021-02-06T17:38:22Z,bf:5fbd71c2e7d89a60d43410ca,bf:601e7dd895780078daf3ed80,2,0,1,1
battlefy,60142a497db58845caaa2f2f,KARDS Open IV - Swiss Weekend,open,Swiss Weekend,swiss,2,2021-02-06T17:38:27Z,bf:5fc0244ca2fd34654753d0cb,bf:55a9e6f380ec56430032820c,0,2,2,1
battlefy,60142a497db58845caaa2f2f,KARDS Open IV - Swiss Weekend,open,Swiss Weekend,swiss,2,2021-02-06T17:39:20Z,bf:5fb035bf502b9e587d1b8643,bf:5f362c8703dbcc11d58d78e3,1,2,2,1
battlefy,60142a497db58845caaa2f2f,KARDS Open IV - Swiss Weekend,open,Swiss Weekend,swiss,2,2021-02-06T17:40:03Z,bf:601c914f7d548611be769699,bf:5fc1dd90043fd20cdf90e83e,2,1,1,1
battlefy,60142a497db58845caaa2f2f,KARDS Open IV - Swiss Weekend,open,Swiss Weekend,swiss,2,2021-02-06T17:40:12Z,bf:601c9b3d2a229411c4dec493,bf:601c6d39ce01411daff6ce45,1,2,2,1
battlefy,60142a497db58845caaa2f2f,KARDS Open IV - Swiss Weekend,open,Swiss Weekend,swiss,2,2021-02-06T17:41:00Z,bf:601ccba636ceeb11b32b80ff,bf:5eb65df574f31a11dd226b38,0,2,2,1
battlefy,60142a497db58845caaa2f2f,KARDS Open IV - Swiss Weekend,open,Swiss Weekend,swiss,2,2021-02-06T17:41:31Z,bf:601c0e79b125d31d258fd278,bf:5fa62937c3c163598ec80783,0,2,2,1
battlefy,60142a497db58845caaa2f2f,KARDS Open IV - Swiss Weekend,open,Swiss Weekend,swiss,2,2021-02-06T17:43:01Z,bf:5f0cd40c3087a65e039603f4,bf:601e9c49e5c01375db7f5e53,2,0,1,1
battlefy,60142a497db58845caaa2f2f,KARDS Open IV - Swiss Weekend,open,Swiss Weekend,swiss,2,2021-02-06T17:43:22Z,bf:5fa5ede611743771ade94108,bf:5b38c676cbd82c03a4f28e8f,2,1,1,1
battlefy,60142a497db58845caaa2f2f,KARDS Open IV - Swiss Weekend,open,Swiss Weekend,swiss,2,2021-02-06T17:43:30Z,bf:601cf711ce01411daff6d2c9,bf:601e45ae6c6f1475e154a175,2,1,1,1
battlefy,60142a497db58845caaa2f2f,KARDS Open IV - Swiss Weekend,open,Swiss Weekend,swiss,2,2021-02-06T17:45:02Z,bf:5d47ab5c0451666910e5c0af,bf:601cb9e68f8ab5604536225b,1,2,2,1
battlefy,60142a497db58845caaa2f2f,KARDS Open IV - Swiss Weekend,open,Swiss Weekend,swiss,2,2021-02-06T17:45:37Z,bf:5ee6c5f92764fc7a784c6f9e,bf:601afc674443111ba564023d,2,1,1,1
battlefy,60142a497db58845caaa2f2f,KARDS Open IV - Swiss Weekend,open,Swiss Weekend,swiss,2,2021-02-06T17:45:46Z,bf:601e60c914499975b676db49,bf:5f12bb564a28711494f1bd8d,2,0,1,1
battlefy,60142a497db58845caaa2f2f,KARDS Open IV - Swiss Weekend,open,Swiss Weekend,swiss,2,2021-02-06T17:46:53Z,bf:5fd0f538f2b2ef0cb211c66d,bf:601c71455470fa2af29f5034,2,0,1,1
battlefy,60142a497db58845caaa2f2f,KARDS Open IV - Swiss Weekend,open,Swiss Weekend,swiss,2,2021-02-06T17:47:15Z,bf:601dff5114499975b676d7fb,bf:601c4a12e848ea2ae5565fa7,0,2,2,1
battlefy,60142a497db58845caaa2f2f,KARDS Open IV - Swiss Weekend,open,Swiss Weekend,swiss,2,2021-02-06T17:50:06Z,bf:5fa5397c241d875936d2c2f2,bf:601d72b8945ba61bbd9b6b3e,1,2,2,1
battlefy,60142a497db58845caaa2f2f,KARDS Open IV - Swiss Weekend,open,Swiss Weekend,swiss,2,2021-02-06T17:50:34Z,bf:601e9b8beae820768baef5db,bf:601e1a04b66ee1767c0f19bf,0,2,2,1
battlefy,60142a497db58845caaa2f2f,KARDS Open IV - Swiss Weekend,open,Swiss Weekend,swiss,2,2021-02-06T17:52:41Z,bf:57b5a7ffabd8181c0cfdf304,bf:5f0e248def3ab65b96796c3f,1,2,2,1
battlefy,60142a497db58845caaa2f2f,KARDS Open IV - Swiss Weekend,open,Swiss Weekend,swiss,2,2021-02-06T17:56:02Z,bf:5fa467df4eb3c2458669c29a,bf:564e7b5b80b8db4a00c4ff9c,1,2,2,1
battlefy,60142a497db58845caaa2f2f,KARDS Open IV - Swiss Weekend,open,Swiss Weekend,swiss,2,2021-02-06T17:59:19Z,bf:5ebd9402b92b28521a098ec8,bf:601dd93585cc4e75ecefaa9c,2,0,1,1
battlefy,60142a497db58845caaa2f2f,KARDS Open IV - Swiss Weekend,open,Swiss Weekend,swiss,2,2021-02-06T18:10:42Z,bf:5fc2cfeb2350e111ca3e4a6e,bf:5f1b48d1abfcb016362ba48e,1,2,2,1
battlefy,60142a497db58845caaa2f2f,KARDS Open IV - Swiss Weekend,open,Swiss Weekend,swiss,3,2021-02-06T18:27:51Z,bf:601c914f7d548611be769699,bf:601d72b8945ba61bbd9b6b3e,0,2,2,1
battlefy,60142a497db58845caaa2f2f,KARDS Open IV - Swiss Weekend,open,Swiss Weekend,swiss,3,2021-02-06T18:28:09Z,bf:601e9c49e5c01375db7f5e53,bf:5fb0acb4eb92fe047543807d,0,2,2,1
battlefy,60142a497db58845caaa2f2f,KARDS Open IV - Swiss Weekend,open,Swiss Weekend,swiss,3,2021-02-06T18:29:41Z,bf:5f0e76497c4df3491abfd06c,bf:5ebd8cafb3bec004beff6eff,0,2,2,1
battlefy,60142a497db58845caaa2f2f,KARDS Open IV - Swiss Weekend,open,Swiss Weekend,swiss,3,2021-02-06T18:30:36Z,bf:5a58cabb82c7de043a3c289b,bf:5fc1dd90043fd20cdf90e83e,0,2,2,0
battlefy,60142a497db58845caaa2f2f,KARDS Open IV - Swiss Weekend,open,Swiss Weekend,swiss,3,2021-02-06T18:31:18Z,bf:601ea84d2cdc35768253b653,bf:601d8327ce01411daff6dde0,0,2,2,1
battlefy,60142a497db58845caaa2f2f,KARDS Open IV - Swiss Weekend,open,Swiss Weekend,swiss,3,2021-02-06T18:32:34Z,bf:601c6d39ce01411daff6ce45,bf:5f32f48419fcf2666b2abff1,0,2,2,1
battlefy,60142a497db58845caaa2f2f,KARDS Open IV - Swiss Weekend,open,Swiss Weekend,swiss,3,2021-02-06T18:32:46Z,bf:601d724003f1bc1bc847aa4d,bf:601e92a7e5c01375db7f5de8,2,0,1,1
battlefy,60142a497db58845caaa2f2f,KARDS Open IV - Swiss Weekend,open,Swiss Weekend,swiss,3,2021-02-06T18:32:57Z,bf:601c9b3d2a229411c4dec493,bf:5fa5397c241d875936d2c2f2,0,2,2,1
battlefy,60142a497db58845caaa2f2f,KARDS Open IV - Swiss Weekend,open,Swiss Weekend,swiss,3,2021-02-06T18:33:19Z,bf:601cb9e68f8ab5604536225b,bf:55a9e6f380ec56430032820c,2,0,1,1
battlefy,60142a497db58845caaa2f2f,KARDS Open IV - Swiss Weekend,open,Swiss Weekend,swiss,3,2021-02-06T18:33:22Z,bf:5ec99a6d5cb5d5345c7fdf7c,bf:5f0e248def3ab65b96796c3f,0,2,2,1
battlefy,60142a497db58845caaa2f2f,KARDS Open IV - Swiss Weekend,open,Swiss Weekend,swiss,3,2021-02-06T18:33:58Z,bf:5eb65df574f31a11dd226b38,bf:5a8879b76c3ac00358830d7c,2,0,1,1
battlefy,60142a497db58845caaa2f2f,KARDS Open IV - Swiss Weekend,open,Swiss Weekend,swiss,3,2021-02-06T18:34:53Z,bf:601cafe1bb724711bbdc0e41,bf:5dadf6683f9f8d27e2e9cc0b,2,1,1,1
battlefy,60142a497db58845caaa2f2f,KARDS Open IV - Swiss Weekend,open,Swiss Weekend,swiss,3,2021-02-06T18:35:05Z,bf:5b38c676cbd82c03a4f28e8f,bf:601a74d5f4761b1d98293c14,2,0,1,1
battlefy,60142a497db58845caaa2f2f,KARDS Open IV - Swiss Weekend,open,Swiss Weekend,swiss,3,2021-02-06T18:35:29Z,bf:5fa2011d11743771ade90dee,bf:5eeb9c3d19b81239da9496cb,2,1,1,1
battlefy,60142a497db58845caaa2f2f,KARDS Open IV - Swiss Weekend,open,Swiss Weekend,swiss,3,2021-02-06T18:35:44Z,bf:5f1520542cba8f11c2a44c16,bf:5f10c966160c3f2239e92921,0,2,2,1
battlefy,60142a497db58845caaa2f2f,KARDS Open IV - Swiss Weekend,open,Swiss Weekend,swiss,3,2021-02-06T18:37:10Z,bf:5f0df6196f4cd13933257c2a,bf:5fb7473c502b9e587d1becbe,0,2,2,1
battlefy,60142a497db58845caaa2f2f,KARDS Open IV - Swiss Weekend,open,Swiss Weekend,swiss,3,2021-02-06T18:37:34Z,bf:601dacd85156047698264137,bf:601d6a1959fc1e11b57d5700,2,0,1,1
battlefy,60142a497db58845caaa2f2f,KARDS Open IV - Swiss Weekend,open,Swiss Weekend,swiss,3,2021-02-06T18:38:10Z,bf:601c602c8989bb1d0ffd2d60,bf:5fc0244ca2fd34654753d0cb,2,0,1,1
battlefy,60142a497db58845caaa2f2f,KARDS Open IV - Swiss Weekend,open,Swiss Weekend,swiss,3,2021-02-06T18:38:37Z,bf:5f0f3d9e7c4df3491abfe047,bf:5f11d247160c3f2239e940a4,2,1,1,1
battlefy,60142a497db58845caaa2f2f,KARDS Open IV - Swiss Weekend,open,Swiss Weekend,swiss,3,2021-02-06T18:38:41Z,bf:601aface2eb6151da1f9651f,bf:5fbfbd51b0ef7749130e4f38,0,2,2,1
battlefy,60142a497db58845caaa2f2f,KARDS Open IV - Swiss Weekend,open,Swiss Weekend,swiss,3,2021-02-06T18:39:24Z,bf:5f0df84e824086475be264b7,bf:601e7dd895780078daf3ed80,2,0,1,1
battlefy,60142a497db58845caaa2f2f,KARDS Open IV - Swiss Weekend,open,Swiss Weekend,swiss,3,2021-02-06T18:39:29Z,bf:5f4318d1681ff84ab5ec92f9,bf:601c0e79b125d31d258fd278,2,0,1,1
battlefy,60142a497db58845caaa2f2f,KARDS Open IV - Swiss Weekend,open,Swiss Weekend,swiss,3,2021-02-06T18:39:43Z,bf:601dff5114499975b676d7fb,bf:5f12bb564a28711494f1bd8d,2,0,1,1
battlefy,60142a497db58845caaa2f2f,KARDS Open IV - Swiss Weekend,open,Swiss Weekend,swiss,3,2021-02-06T18:39:45Z,bf:57b5a7ffabd8181c0cfdf304,bf:5ee6c5f92764fc7a784c6f9e,2,0,1,1
battlefy,60142a497db58845caaa2f2f,KARDS Open IV - Swiss Weekend,open,Swiss Weekend,swiss,3,2021-02-06T18:39:50Z,bf:601c994b3b155711d4677d1b,bf:5ee6022292efc00faf652a7e,1,2,2,1
battlefy,60142a497db58845caaa2f2f,KARDS Open IV - Swiss Weekend,open,Swiss Weekend,swiss,3,2021-02-06T18:40:06Z,bf:601e77957e074a75c3e36c24,bf:5f1493df1c8cdf16056f8bc9,2,1,1,1
battlefy,60142a497db58845caaa2f2f,KARDS Open IV - Swiss Weekend,open,Swiss Weekend,swiss,3,2021-02-06T18:40:33Z,bf:5fa467df4eb3c2458669c29a,bf:601e1a04b66ee1767c0f19bf,2,1,1,1
battlefy,60142a497db58845caaa2f2f,KARDS Open IV - Swiss Weekend,open,Swiss Weekend,swiss,3,2021-02-06T18:42:12Z,bf:601c71455470fa2af29f5034,bf:5ec2a6dafd8a561535cde2a5,0,2,2,1
battlefy,60142a497db58845caaa2f2f,KARDS Open IV - Swiss Weekend,open,Swiss Weekend,swiss,3,2021-02-06T18:42:29Z,bf:5fc2cfeb2350e111ca3e4a6e,bf:601d8d265470fa2af29f55e8,0,2,2,1
battlefy,60142a497db58845caaa2f2f,KARDS Open IV - Swiss Weekend,open,Swiss Weekend,swiss,3,2021-02-06T18:43:06Z,bf:601c4a12e848ea2ae5565fa7,bf:601ccba636ceeb11b32b80ff,2,1,1,1
battlefy,60142a497db58845caaa2f2f,KARDS Open IV - Swiss Weekend,open,Swiss Weekend,swiss,3,2021-02-06T18:43:28Z,bf:5eb7670e5e789b4b50a06de2,bf:5f113e2cd04bae257fc195f6,1,2,2,1
battlefy,60142a497db58845caaa2f2f,KARDS Open IV - Swiss Weekend,open,Swiss Weekend,swiss,3,2021-02-06T18:43:48Z,bf:601ddad214499975b676d714,bf:5f908c01a261b945b6c471e8,2,0,1,1
battlefy,60142a497db58845caaa2f2f,KARDS Open IV - Swiss Weekend,open,Swiss Weekend,swiss,3,2021-02-06T18:45:23Z,bf:5f32c6147bd80311ab78193f,bf:601e734995780078daf3e9cf,2,0,1,0
battlefy,60142a497db58845caaa2f2f,KARDS Open IV - Swiss Weekend,open,Swiss Weekend,swiss,3,2021-02-06T18:45:54Z,bf:601c5d21bccfe11bd79533ba,bf:601afc674443111ba564023d,2,1,1,1
battlefy,60142a497db58845caaa2f2f,KARDS Open IV - Swiss Weekend,open,Swiss Weekend,swiss,3,2021-02-06T18:46:47Z,bf:5fbd71c2e7d89a60d43410ca,bf:601ad0d4bccfe11bd7952790,2,1,1,1
battlefy,60142a497db58845caaa2f2f,KARDS Open IV - Swiss Weekend,open,Swiss Weekend,swiss,3,2021-02-06T18:47:31Z,bf:5f362c8703dbcc11d58d78e3,bf:601e4222507c147700ac949d,2,1,1,1
battlefy,60142a497db58845caaa2f2f,KARDS Open IV - Swiss Weekend,open,Swiss Weekend,swiss,3,2021-02-06T18:47:52Z,bf:5eb598330abb797ad38acaee,bf:601d4daaa3a63111ba7f6ad7,0,2,2,0
battlefy,60142a497db58845caaa2f2f,KARDS Open IV - Swiss Weekend,open,Swiss Weekend,swiss,3,2021-02-06T18:48:17Z,bf:601c52cb2eb6151da1f96ccf,bf:5f1086f1160c3f2239e9225b,0,2,2,0
battlefy,60142a497db58845caaa2f2f,KARDS Open IV - Swiss Weekend,open,Swiss Weekend,swiss,3,2021-02-06T18:48:34Z,bf:5fa3973bf8fc171ea9f68255,bf:601c9026bf58cf5f54a82622,0,2,2,0
battlefy,60142a497db58845caaa2f2f,KARDS Open IV - Swiss Weekend,open,Swiss Weekend,swiss,3,2021-02-06T18:48:51Z,bf:601c66707d76ec1b99359336,bf:6018722f6b7a4c1c7ef01779,0,2,2,0
battlefy,60142a497db58845caaa2f2f,KARDS Open IV - Swiss Weekend,open,Swiss Weekend,swiss,3,2021-02-06T18:49:11Z,bf:601e170e8b295778d1474505,bf:601b5b897d76ec1b99358c6f,0,2,2,0
battlefy,60142a497db58845caaa2f2f,KARDS Open IV - Swiss Weekend,open,Swiss Weekend,swiss,3,2021-02-06T18:49:57Z,bf:5f36dc4b98f0a311ad32446c,bf:601c7bb24443111ba5640e9a,0,2,2,0
battlefy,60142a497db58845caaa2f2f,KARDS Open IV - Swiss Weekend,open,Swiss Weekend,swiss,3,2021-02-06T18:51:19Z,bf:5c7e66cd2dd6e4033a9d5fd1,bf:5fd0f538f2b2ef0cb211c66d,1,2,2,1
battlefy,60142a497db58845caaa2f2f,KARDS Open IV - Swiss Weekend,open,Swiss Weekend,swiss,3,2021-02-06T18:51:45Z,bf:564e7b5b80b8db4a00c4ff9c,bf:5f109d917a5f692572240090,2,1,1,1
battlefy,60142a497db58845caaa2f2f,KARDS Open IV - Swiss Weekend,open,Swiss Weekend,swiss,3,2021-02-06T18:52:16Z,bf:5fc13c6e4a99f533280c7373,bf:5f1b48d1abfcb016362ba48e,2,1,1,1
battlefy,60142a497db58845caaa2f2f,KARDS Open IV - Swiss Weekend,open,Swiss Weekend,swiss,3,2021-02-06T18:57:01Z,bf:5f0cd40c3087a65e039603f4,bf:5fa3da8e11743771ade92018,2,1,1,1
battlefy,60142a497db58845caaa2f2f,KARDS Open IV - Swiss Weekend,open,Swiss Weekend,swiss,3,2021-02-06T18:58:09Z,bf:601c9f9ef8251e1bb7eb0fb5,bf:601995acbe9b881d09177a3a,2,1,1,1
battlefy,60142a497db58845caaa2f2f,KARDS Open IV - Swiss Weekend,open,Swiss Weekend,swiss,3,2021-02-06T18:58:29Z,bf:5ec5e7746951c62d86f53235,bf:5ebd9402b92b28521a098ec8,2,1,1,1
battlefy,60142a497db58845caaa2f2f,KARDS Open IV - Swiss Weekend,open,Swiss Weekend,swiss,3,2021-02-06T18:59:19Z,bf:601d68eabf58cf5f54a82fbf,bf:5fa5ede611743771ade94108,1,2,2,1
battlefy,60142a497db58845caaa2f2f,KARDS Open IV - Swiss Weekend,open,Swiss Weekend,swiss,3,2021-02-06T18:59:24Z,bf:5fb035bf502b9e587d1b8643,bf:5fbebdee043fd20cdf90cfaf,0,2,2,0
battlefy,60142a497db58845caaa2f2f,KARDS Open IV - Swiss Weekend,open,Swiss Weekend,swiss,3,2021-02-06T19:01:14Z,bf:5f0e37b37c5e104738aebbe3,bf:5fa62937c3c163598ec80783,2,1,1,1
battlefy,60142a497db58845caaa2f2f,KARDS Open IV - Swiss Weekend,open,Swiss Weekend,swiss,3,2021-02-06T19:09:07Z,bf:601dd93585cc4e75ecefaa9c,bf:5f159e62ea159211b4c9a50e,0,2,2,1
battlefy,60142a497db58845caaa2f2f,KARDS Open IV - Swiss Weekend,open,Swiss Weekend,swiss,3,2021-02-06T19:11:06Z,bf:601e45ae6c6f1475e154a175,bf:601ea179eae820768baef620,2,0,1,0
battlefy,60142a497db58845caaa2f2f,KARDS Open IV - Swiss Weekend,open,Swiss Weekend,swiss,3,2021-02-06T19:12:44Z,bf:601ccaa7df90f911ab030712,bf:601d2fa3242f461d92104ad0,2,1,1,1
battlefy,60142a497db58845caaa2f2f,KARDS Open IV - Swiss Weekend,open,Swiss Weekend,swiss,3,2021-02-06T19:13:09Z,bf:601e60c914499975b676db49,bf:601cf711ce01411daff6d2c9,1,2,2,1
battlefy,60142a497db58845caaa2f2f,KARDS Open IV - Swiss Weekend,open,Swiss Weekend,swiss,3,2021-02-06T19:18:41Z,bf:601e9b8beae820768baef5db,bf:5d47ab5c0451666910e5c0af,1,2,2,1
battlefy,60142a497db58845caaa2f2f,KARDS Open IV - Swiss Weekend,open,Swiss Weekend,swiss,3,2021-02-06T19:21:33Z,bf:601e5d325156047698264588,bf:5fa27e32f8fc171ea9f66940,2,1,1,1
battlefy,60142a497db58845caaa2f2f,KARDS Open IV - Swiss Weekend,open,Swiss Weekend,swiss,4,2021-02-06T19:34:31Z,bf:601dd93585cc4e75ecefaa9c,bf:601995acbe9b881d09177a3a,0,2,2,0
battlefy,60142a497db58845caaa2f2f,KARDS Open IV - Swiss Weekend,open,Swiss Weekend,swiss,4,2021-02-06T19:38:39Z,bf:55a9e6f380ec56430032820c,bf:601ccba636ceeb11b32b80ff,0,2,2,1
battlefy,60142a497db58845caaa2f2f,KARDS Open IV - Swiss Weekend,open,Swiss Weekend,swiss,4,2021-02-06T19:40:30Z,bf:5f11d247160c3f2239e940a4,bf:601d8d265470fa2af29f55e8,2,0,1,1
battlefy,60142a497db58845caaa2f2f,KARDS Open IV - Swiss Weekend,open,Swiss Weekend,swiss,4,2021-02-06T19:40:53Z,bf:601dacd85156047698264137,bf:601d8327ce01411daff6dde0,2,0,1,1
battlefy,60142a497db58845caaa2f2f,KARDS Open IV - Swiss Weekend,open,Swiss Weekend,swiss,4,2021-02-06T19:40:55Z,bf:5f0f3d9e7c4df3491abfe047,bf:5fbd71c2e7d89a60d43410ca,2,0,1,1
battlefy,60142a497db58845caaa2f2f,KARDS Open IV - Swiss Weekend,open,Swiss Weekend,swiss,4,2021-02-06T19:41:55Z,bf:601e60c914499975b676db49,bf:601d68eabf58cf5f54a82fbf,2,0,1,1
battlefy,60142a497db58845caaa2f2f,KARDS Open IV - Swiss Weekend,open,Swiss Weekend,swiss,4,2021-02-06T19:42:11Z,bf:5ee6022292efc00faf652a7e,bf:601e77957e074a75c3e36c24,0,2,2,1
battlefy,60142a497db58845caaa2f2f,KARDS Open IV - Swiss Weekend,open,Swiss Weekend,swiss,4,2021-02-06T19:43:41Z,bf:5a8879b76c3ac00358830d7c,bf:5fb0acb4eb92fe047543807d,2,1,1,1
battlefy,60142a497db58845caaa2f2f,KARDS Open IV - Swiss Weekend,open,Swiss Weekend,swiss,4,2021-02-06T19:43:48Z,bf:5c7e66cd2dd6e4033a9d5fd1,bf:601c602c8989bb1d0ffd2d60,1,2,2,1
battlefy,60142a497db58845caaa2f2f,KARDS Open IV - Swiss Weekend,open,Swiss Weekend,swiss,4,2021-02-06T19:43:55Z,bf:5fbfbd51b0ef7749130e4f38,bf:5ebd9402b92b28521a098ec8,2,0,1,1
battlefy,60142a497db58845caaa2f2f,KARDS Open IV - Swiss Weekend,open,Swiss Weekend,swiss,4,2021-02-06T19:43:57Z,bf:5f4318d1681ff84ab5ec92f9,bf:5fbebdee043fd20cdf90cfaf,0,2,2,1
battlefy,60142a497db58845caaa2f2f,KARDS Open IV - Swiss Weekend,open,Swiss Weekend,swiss,4,2021-02-06T19:44:28Z,bf:5fc1dd90043fd20cdf90e83e,bf:5fa3da8e11743771ade92018,0,2,2,1
battlefy,60142a497db58845caaa2f2f,KARDS Open IV - Swiss Weekend,open,Swiss Weekend,swiss,4,2021-02-06T19:45:18Z,bf:601ddad214499975b676d714,bf:5fa27e32f8fc171ea9f66940,0,2,2,1
battlefy,60142a497db58845caaa2f2f,KARDS Open IV - Swiss Weekend,open,Swiss Weekend,swiss,4,2021-02-06T19:45:44Z,bf:5f0e76497c4df3491abfd06c,bf:5f1493df1c8cdf16056f8bc9,1,2,2,1
battlefy,60142a497db58845caaa2f2f,KARDS Open IV - Swiss Weekend,open,Swiss Weekend,swiss,4,2021-02-06T19:45:52Z,bf:601e4222507c147700ac949d,bf:5fa62937c3c163598ec80783,0,2,2,1
battlefy,60142a497db58845caaa2f2f,KARDS Open IV - Swiss Weekend,open,Swiss Weekend,swiss,4,2021-02-06T19:46:50Z,bf:601c6d39ce01411daff6ce45,bf:5fa5ede611743771ade94108,0,2,2,1
battlefy,60142a497db58845caaa2f2f,KARDS Open IV - Swiss Weekend,open,Swiss Weekend,swiss,4,2021-02-06T19:46:50Z,bf:5eeb9c3d19b81239da9496cb,bf:601c9f9ef8251e1bb7eb0fb5,2,1,1,1
battlefy,60142a497db58845caaa2f2f,KARDS Open IV - Swiss Weekend,open,Swiss Weekend,swiss,4,2021-02-06T19:47:07Z,bf:5fb7473c502b9e587d1becbe,bf:5f362c8703dbcc11d58d78e3,2,0,1,1
battlefy,60142a497db58845caaa2f2f,KARDS Open IV - Swiss Weekend,open,Swiss Weekend,swiss,4,2021-02-06T19:47:32Z,bf:5fa2011d11743771ade90dee,bf:601cafe1bb724711bbdc0e41,1,2,2,1
battlefy,60142a497db58845caaa2f2f,KARDS Open IV - Swiss Weekend,open,Swiss Weekend,swiss,4,2021-02-06T19:48:54Z,bf:601d724003f1bc1bc847aa4d,bf:6018722f6b7a4c1c7ef01779,2,0,1,1
battlefy,60142a497db58845caaa2f2f,KARDS Open IV - Swiss Weekend,open,Swiss Weekend,swiss,4,2021-02-06T19:49:30Z,bf:5f1b48d1abfcb016362ba48e,bf:601c7bb24443111ba5640e9a,2,0,1,1
battlefy,60142a497db58845caaa2f2f,KARDS Open IV - Swiss Weekend,open,Swiss Weekend,swiss,4,2021-02-06T19:51:44Z,bf:5ebd8cafb3bec004beff6eff,bf:601cf711ce01411daff6d2c9,2,0,1,1
battlefy,60142a497db58845caaa2f2f,KARDS Open IV - Swiss Weekend,open,Swiss Weekend,swiss,4,2021-02-06T19:51:59Z,bf:5fc2cfeb2350e111ca3e4a6e,bf:5eb7670e5e789b4b50a06de2,0,2,2,1
battlefy,60142a497db58845caaa2f2f,KARDS Open IV - Swiss Weekend,open,Swiss Weekend,swiss,4,2021-02-06T19:52:24Z,bf:5fa5397c241d875936d2c2f2,bf:5f113e2cd04bae257fc195f6,0,2,2,1
battlefy,60142a497db58845caaa2f2f,KARDS Open IV - Swiss Weekend,open,Swiss Weekend,swiss,4,2021-02-06T19:52:30Z,bf:601aface2eb6151da1f9651f,bf:601e45ae6c6f1475e154a175,1,2,2,0
battlefy,60142a497db58845caaa2f2f,KARDS Open IV - Swiss Weekend,open,Swiss Weekend,swiss,4,2021-02-06T19:52:37Z,bf:5ec99a6d5cb5d5345c7fdf7c,bf:5f0df84e824086475be264b7,2,1,1,1
battlefy,60142a497db58845caaa2f2f,KARDS Open IV - Swiss Weekend,open,Swiss Weekend,swiss,4,2021-02-06T19:52:54Z,bf:57b5a7ffabd8181c0cfdf304,bf:5dadf6683f9f8d27e2e9cc0b,0,2,2,1
battlefy,60142a497db58845caaa2f2f,KARDS Open IV - Swiss Weekend,open,Swiss Weekend,swiss,4,2021-02-06T19:56:40Z,bf:5f1520542cba8f11c2a44c16,bf:601d841d36ceeb11b32b8857,2,0,1,0
battlefy,60142a497db58845caaa2f2f,KARDS Open IV - Swiss Weekend,open,Swiss Weekend,swiss,4,2021-02-06T19:56:43Z,bf:564e7b5b80b8db4a00c4ff9c,bf:5fc13c6e4a99f533280c7373,2,0,1,1
battlefy,60142a497db58845caaa2f2f,KARDS Open IV - Swiss Weekend,open,Swiss Weekend,swiss,4,2021-02-06T19:56:59Z,bf:601e7dd895780078daf3ed80,bf:601d2fa3242f461d92104ad0,0,2,2,1
battlefy,60142a497db58845caaa2f2f,KARDS Open IV - Swiss Weekend,open,Swiss Weekend,swiss,4,2021-02-06T19:57:46Z,bf:601e5d325156047698264588,bf:5f0e248def3ab65b96796c3f,0,2,2,1
battlefy,60142a497db58845caaa2f2f,KARDS Open IV - Swiss Weekend,open,Swiss Weekend,swiss,4,2021-02-06T19:57:59Z,bf:5fa467df4eb3c2458669c29a,bf:601c914f7d548611be769699,2,0,1,0
battlefy,60142a497db58845caaa2f2f,KARDS Open IV - Swiss Weekend,open,Swiss Weekend,swiss,4,2021-02-06T19:58:49Z,bf:5ec2a6dafd8a561535cde2a5,bf:601d6a1959fc1e11b57d5700,1,2,2,0
battlefy,60142a497db58845caaa2f2f,KARDS Open IV - Swiss Weekend,open,Swiss Weekend,swiss,4,2021-02-06T19:59:47Z,bf:5f10c966160c3f2239e92921,bf:5f32c6147bd80311ab78193f,2,1,1,1
battlefy,60142a497db58845caaa2f2f,KARDS Open IV - Swiss Weekend,open,Swiss Weekend,swiss,4,2021-02-06T20:00:15Z,bf:5f32f48419fcf2666b2abff1,bf:5eb65df574f31a11dd226b38,2,1,1,1
battlefy,60142a497db58845caaa2f2f,KARDS Open IV - Swiss Weekend,open,Swiss Weekend,swiss,4,2021-02-06T20:01:57Z,bf:601e1a04b66ee1767c0f19bf,bf:601c5d21bccfe11bd79533ba,2,1,1,1
battlefy,60142a497db58845caaa2f2f,KARDS Open IV - Swiss Weekend,open,Swiss Weekend,swiss,4,2021-02-06T20:02:45Z,bf:601afc674443111ba564023d,bf:601e92a7e5c01375db7f5de8,2,1,1,1
battlefy,60142a497db58845caaa2f2f,KARDS Open IV - Swiss Weekend,open,Swiss Weekend,swiss,4,2021-02-06T20:02:46Z,bf:601ccaa7df90f911ab030712,bf:5fd0f538f2b2ef0cb211c66d,2,0,1,1
battlefy,60142a497db58845caaa2f2f,KARDS Open IV - Swiss Weekend,open,Swiss Weekend,swiss,4,2021-02-06T20:03:58Z,bf:601c0e79b125d31d258fd278,bf:601dff5114499975b676d7fb,2,0,1,1
battlefy,60142a497db58845caaa2f2f,KARDS Open IV - Swiss Weekend,open,Swiss Weekend,swiss,4,2021-02-06T20:05:10Z,bf:5ec5e7746951c62d86f53235,bf:5f0cd40c3087a65e039603f4,2,1,1,1
battlefy,60142a497db58845caaa2f2f,KARDS Open IV - Swiss Weekend,open,Swiss Weekend,swiss,4,2021-02-06T20:05:23Z,bf:601c994b3b155711d4677d1b,bf:5f908c01a261b945b6c471e8,2,1,1,1
battlefy,60142a497db58845caaa2f2f,KARDS Open IV - Swiss Weekend,open,Swiss Weekend,swiss,4,2021-02-06T20:05:37Z,bf:5f12bb564a28711494f1bd8d,bf:5fc0244ca2fd34654753d0cb,2,1,1,1
battlefy,60142a497db58845caaa2f2f,KARDS Open IV - Swiss Weekend,open,Swiss Weekend,swiss,4,2021-02-06T20:08:29Z,bf:5f0df6196f4cd13933257c2a,bf:5f159e62ea159211b4c9a50e,2,1,1,1
battlefy,60142a497db58845caaa2f2f,KARDS Open IV - Swiss Weekend,open,Swiss Weekend,swiss,4,2021-02-06T20:10:05Z,bf:601d72b8945ba61bbd9b6b3e,bf:5f0e37b37c5e104738aebbe3,2,1,1,1
battlefy,60142a497db58845caaa2f2f,KARDS Open IV - Swiss Weekend,open,Swiss Weekend,swiss,4,2021-02-06T20:14:41Z,bf:601ad0d4bccfe11bd7952790,bf:5f109d917a5f692572240090,0,2,2,1
battlefy,60142a497db58845caaa2f2f,KARDS Open IV - Swiss Weekend,open,Swiss Weekend,swiss,4,2021-02-06T20:25:53Z,bf:5b38c676cbd82c03a4f28e8f,bf:601ea84d2cdc35768253b653,2,0,1,0
battlefy,60142a497db58845caaa2f2f,KARDS Open IV - Swiss Weekend,open,Swiss Weekend,swiss,4,2021-02-06T20:27:57Z,bf:5ee6c5f92764fc7a784c6f9e,bf:601c9026bf58cf5f54a82622,1,2,2,1
battlefy,60142a497db58845caaa2f2f,KARDS Open IV - Swiss Weekend,open,Swiss Weekend,swiss,4,2021-02-06T20:30:04Z,bf:601c71455470fa2af29f5034,bf:601e9b8beae820768baef5db,2,1,1,1
battlefy,60142a497db58845caaa2f2f,KARDS Open IV - Swiss Weekend,open,Swiss Weekend,swiss,4,2021-02-07T02:30:35Z,bf:601e9c49e5c01375db7f5e53,bf:5d47ab5c0451666910e5c0af,1,2,2,0
battlefy,60142a497db58845caaa2f2f,KARDS Open IV - Swiss Weekend,open,Swiss Weekend,swiss,4,2021-02-07T13:35:57Z,bf:601c4a12e848ea2ae5565fa7,bf:601b5b897d76ec1b99358c6f,0,2,2,0
battlefy,60142a497db58845caaa2f2f,KARDS Open IV - Swiss Weekend,open,Swiss Weekend,swiss,4,2021-02-07T14:22:30Z,bf:601d4daaa3a63111ba7f6ad7,bf:601c9b3d2a229411c4dec493,2,0,1,0
battlefy,60142a497db58845caaa2f2f,KARDS Open IV - Swiss Weekend,open,Swiss Weekend,swiss,4,2021-02-07T15:31:34Z,bf:5f1086f1160c3f2239e9225b,bf:601cb9e68f8ab5604536225b,0,2,2,0
battlefy,60142a497db58845caaa2f2f,KARDS Open IV - Swiss Weekend,open,Swiss Weekend,swiss,5,2021-02-07T16:16:10Z,bf:5f12bb564a28711494f1bd8d,bf:601e7dd895780078daf3ed80,2,0,1,0
battlefy,60142a497db58845caaa2f2f,KARDS Open IV - Swiss Weekend,open,Swiss Weekend,swiss,5,2021-02-07T16:16:17Z,bf:55a9e6f380ec56430032820c,bf:6018722f6b7a4c1c7ef01779,0,2,2,0
battlefy,60142a497db58845caaa2f2f,KARDS Open IV - Swiss Weekend,open,Swiss Weekend,swiss,5,2021-02-07T16:16:37Z,bf:601c0e79b125d31d258fd278,bf:5c7e66cd2dd6e4033a9d5fd1,2,0,1,0
battlefy,60142a497db58845caaa2f2f,KARDS Open IV - Swiss Weekend,open,Swiss Weekend,swiss,5,2021-02-07T16:16:48Z,bf:601a74d5f4761b1d98293c14,bf:5f0e76497c4df3491abfd06c,2,0,1,0
battlefy,60142a497db58845caaa2f2f,KARDS Open IV - Swiss Weekend,open,Swiss Weekend,swiss,5,2021-02-07T16:17:07Z,bf:601d6a1959fc1e11b57d5700,bf:601ddad214499975b676d714,0,2,2,0
battlefy,60142a497db58845caaa2f2f,KARDS Open IV - Swiss Weekend,open,Swiss Weekend,swiss,5,2021-02-07T16:17:19Z,bf:601e4222507c147700ac949d,bf:601cf711ce01411daff6d2c9,2,0,1,0
battlefy,60142a497db58845caaa2f2f,KARDS Open IV - Swiss Weekend,open,Swiss Weekend,swiss,5,2021-02-07T16:17:30Z,bf:601ea84d2cdc35768253b653,bf:5ee6c5f92764fc7a784c6f9e,0,2,2,0
battlefy,60142a497db58845caaa2f2f,KARDS Open IV - Swiss Weekend,open,Swiss Weekend,swiss,5,2021-02-07T16:17:55Z,bf:5f159e62ea159211b4c9a50e,bf:601e60c914499975b676db49,0,2,2,0
battlefy,60142a497db58845caaa2f2f,KARDS Open IV - Swiss Weekend,open,Swiss Weekend,swiss,5,2021-02-07T16:18:08Z,bf:601ad0d4bccfe11bd7952790,bf:57b5a7ffabd8181c0cfdf304,2,0,1,0
battlefy,60142a497db58845caaa2f2f,KARDS Open IV - Swiss Weekend,open,Swiss Weekend,swiss,5,2021-02-07T16:20:56Z,bf:5fb0acb4eb92fe047543807d,bf:5fd0f538f2b2ef0cb211c66d,0,2,2,0
battlefy,60142a497db58845caaa2f2f,KARDS Open IV - Swiss Weekend,open,Swiss Weekend,swiss,5,2021-02-07T16:21:03Z,bf:601c71455470fa2af29f5034,bf:601d68eabf58cf5f54a82fbf,2,0,1,0
battlefy,60142a497db58845caaa2f2f,KARDS Open IV - Swiss Weekend,open,Swiss Weekend,swiss,5,2021-02-07T16:21:18Z,bf:601ccba636ceeb11b32b80ff,bf:601d2fa3242f461d92104ad0,0,2,2,0
battlefy,60142a497db58845caaa2f2f,KARDS Open IV - Swiss Weekend,open,Swiss Weekend,swiss,5,2021-02-07T16:21:31Z,bf:601e92a7e5c01375db7f5de8,bf:601e9b8beae820768baef5db,2,0,1,0
battlefy,60142a497db58845caaa2f2f,KARDS Open IV - Swiss Weekend,open,Swiss Weekend,swiss,5,2021-02-07T16:21:54Z,bf:601dff5114499975b676d7fb,bf:601afc674443111ba564023d,2,0,1,0
battlefy,60142a497db58845caaa2f2f,KARDS Open IV - Swiss Weekend,open,Swiss Weekend,swiss,5,2021-02-07T16:21:55Z,bf:5f4318d1681ff84ab5ec92f9,bf:5fa5397c241d875936d2c2f2,0,2,2,1
battlefy,60142a497db58845caaa2f2f,KARDS Open IV - Swiss Weekend,open,Swiss Weekend,swiss,5,2021-02-07T16:22:04Z,bf:5fa2011d11743771ade90dee,bf:5ebd9402b92b28521a098ec8,2,0,1,0
battlefy,60142a497db58845caaa2f2f,KARDS Open IV - Swiss Weekend,open,Swiss Weekend,swiss,5,2021-02-07T16:22:06Z,bf:5f1520542cba8f11c2a44c16,bf:601d8327ce01411daff6dde0,0,2,2,1
battlefy,60142a497db58845caaa2f2f,KARDS Open IV - Swiss Weekend,open,Swiss Weekend,swiss,5,2021-02-07T16:22:25Z,bf:5fc1dd90043fd20cdf90e83e,bf:601d8d265470fa2af29f55e8,0,2,2,0
battlefy,60142a497db58845caaa2f2f,KARDS Open IV - Swiss Weekend,open,Swiss Weekend,swiss,5,2021-02-07T16:24:21Z,bf:564e7b5b80b8db4a00c4ff9c,bf:5f0f3d9e7c4df3491abfe047,2,0,1,1
battlefy,60142a497db58845caaa2f2f,KARDS Open IV - Swiss Weekend,open,Swiss Weekend,swiss,5,2021-02-07T16:24:43Z,bf:601c602c8989bb1d0ffd2d60,bf:5eb7670e5e789b4b50a06de2,0,2,2,1
battlefy,60142a497db58845caaa2f2f,KARDS Open IV - Swiss Weekend,open,Swiss Weekend,swiss,5,2021-02-07T16:25:30Z,bf:601b5b897d76ec1b99358c6f,bf:601dacd85156047698264137,0,2,2,1
battlefy,60142a497db58845caaa2f2f,KARDS Open IV - Swiss Weekend,open,Swiss Weekend,swiss,5,2021-02-07T16:25:34Z,bf:5fbebdee043fd20cdf90cfaf,bf:601e5d325156047698264588,0,2,2,1
battlefy,60142a497db58845caaa2f2f,KARDS Open IV - Swiss Weekend,open,Swiss Weekend,swiss,5,2021-02-07T16:25:46Z,bf:5ee6022292efc00faf652a7e,bf:601c7bb24443111ba5640e9a,2,0,1,1
battlefy,60142a497db58845caaa2f2f,KARDS Open IV - Swiss Weekend,open,Swiss Weekend,swiss,5,2021-02-07T16:26:07Z,bf:601d4daaa3a63111ba7f6ad7,bf:5eeb9c3d19b81239da9496cb,2,0,1,1
battlefy,60142a497db58845caaa2f2f,KARDS Open IV - Swiss Weekend,open,Swiss Weekend,swiss,5,2021-02-07T16:26:17Z,bf:5f0e248def3ab65b96796c3f,bf:601cafe1bb724711bbdc0e41,2,0,1,1
battlefy,60142a497db58845caaa2f2f,KARDS Open IV - Swiss Weekend,open,Swiss Weekend,swiss,5,2021-02-07T16:26:58Z,bf:5fa5ede611743771ade94108,bf:5fbfbd51b0ef7749130e4f38,2,1,1,1
battlefy,60142a497db58845caaa2f2f,KARDS Open IV - Swiss Weekend,open,Swiss Weekend,swiss,5,2021-02-07T16:27:39Z,bf:601d72b8945ba61bbd9b6b3e,bf:5fb7473c502b9e587d1becbe,2,0,1,1
battlefy,60142a497db58845caaa2f2f,KARDS Open IV - Swiss Weekend,open,Swiss Weekend,swiss,5,2021-02-07T16:27:44Z,bf:5dadf6683f9f8d27e2e9cc0b,bf:5f0e37b37c5e104738aebbe3,0,2,2,1
battlefy,60142a497db58845caaa2f2f,KARDS Open IV - Swiss Weekend,open,Swiss Weekend,swiss,5,2021-02-07T16:27:47Z,bf:5fa3da8e11743771ade92018,bf:5a8879b76c3ac00358830d7c,1,2,2,1
battlefy,60142a497db58845caaa2f2f,KARDS Open IV - Swiss Weekend,open,Swiss Weekend,swiss,5,2021-02-07T16:30:14Z,bf:601d724003f1bc1bc847aa4d,bf:5f32c6147bd80311ab78193f,1,2,2,1
battlefy,60142a497db58845caaa2f2f,KARDS Open IV - Swiss Weekend,open,Swiss Weekend,swiss,5,2021-02-07T16:31:00Z,bf:5f0cd40c3087a65e039603f4,bf:5eb65df574f31a11dd226b38,2,0,1,1
battlefy,60142a497db58845caaa2f2f,KARDS Open IV - Swiss Weekend,open,Swiss Weekend,swiss,5,2021-02-07T16:31:07Z,bf:5f908c01a261b945b6c471e8,bf:601e9c49e5c01375db7f5e53,0,2,2,1
battlefy,60142a497db58845caaa2f2f,KARDS Open IV - Swiss Weekend,open,Swiss Weekend,swiss,5,2021-02-07T16:31:24Z,bf:601c6d39ce01411daff6ce45,bf:5f0df84e824086475be264b7,2,0,1,1
battlefy,60142a497db58845caaa2f2f,KARDS Open IV - Swiss Weekend,open,Swiss Weekend,swiss,5,2021-02-07T16:31:26Z,bf:5fa467df4eb3c2458669c29a,bf:5fbd71c2e7d89a60d43410ca,2,0,1,1
battlefy,60142a497db58845caaa2f2f,KARDS Open IV - Swiss Weekend,open,Swiss Weekend,swiss,5,2021-02-07T16:32:21Z,bf:601c9f9ef8251e1bb7eb0fb5,bf:5f1086f1160c3f2239e9225b,2,0,1,1
battlefy,60142a497db58845caaa2f2f,KARDS Open IV - Swiss Weekend,open,Swiss Weekend,swiss,5,2021-02-07T16:33:07Z,bf:5ec99a6d5cb5d5345c7fdf7c,bf:5fc13c6e4a99f533280c7373,0,2,2,1
battlefy,60142a497db58845caaa2f2f,KARDS Open IV - Swiss Weekend,open,Swiss Weekend,swiss,5,2021-02-07T16:33:20Z,bf:5f1493df1c8cdf16056f8bc9,bf:601e1a04b66ee1767c0f19bf,1,2,2,1
battlefy,60142a497db58845caaa2f2f,KARDS Open IV - Swiss Weekend,open,Swiss Weekend,swiss,5,2021-02-07T16:33:26Z,bf:601ccaa7df90f911ab030712,bf:5f10c966160c3f2239e92921,1,2,2,1
battlefy,60142a497db58845caaa2f2f,KARDS Open IV - Swiss Weekend,open,Swiss Weekend,swiss,5,2021-02-07T16:35:29Z,bf:5ebd8cafb3bec004beff6eff,bf:5f113e2cd04bae257fc195f6,1,2,2,1
battlefy,60142a497db58845caaa2f2f,KARDS Open IV - Swiss Weekend,open,Swiss Weekend,swiss,5,2021-02-07T16:36:08Z,bf:5ec5e7746951c62d86f53235,bf:5f32f48419fcf2666b2abff1,2,1,1,1
battlefy,60142a497db58845caaa2f2f,KARDS Open IV - Swiss Weekend,open,Swiss Weekend,swiss,5,2021-02-07T16:36:23Z,bf:5f362c8703dbcc11d58d78e3,bf:601e77957e074a75c3e36c24,2,1,1,1
battlefy,60142a497db58845caaa2f2f,KARDS Open IV - Swiss Weekend,open,Swiss Weekend,swiss,5,2021-02-07T16:36:53Z,bf:5f1b48d1abfcb016362ba48e,bf:5f0df6196f4cd13933257c2a,2,1,1,1
battlefy,60142a497db58845caaa2f2f,KARDS Open IV - Swiss Weekend,open,Swiss Weekend,swiss,5,2021-02-07T16:39:25Z,bf:601995acbe9b881d09177a3a,bf:601e45ae6c6f1475e154a175,1,2,2,1
battlefy,60142a497db58845caaa2f2f,KARDS Open IV - Swiss Weekend,open,Swiss Weekend,swiss,5,2021-02-07T16:40:23Z,bf:601c5d21bccfe11bd79533ba,bf:5fc2cfeb2350e111ca3e4a6e,2,0,1,1
battlefy,60142a497db58845caaa2f2f,KARDS Open IV - Swiss Weekend,open,Swiss Weekend,swiss,5,2021-02-07T16:42:22Z,bf:601c994b3b155711d4677d1b,bf:601c9026bf58cf5f54a82622,2,1,1,1
battlefy,60142a497db58845caaa2f2f,KARDS Open IV - Swiss Weekend,open,Swiss Weekend,swiss,5,2021-02-07T16:43:57Z,bf:5f11d247160c3f2239e940a4,bf:5fa62937c3c163598ec80783,2,1,1,1
battlefy,60142a497db58845caaa2f2f,KARDS Open IV - Swiss Weekend,open,Swiss Weekend,swiss,5,2021-02-07T16:44:47Z,bf:5f109d917a5f692572240090,bf:5fa27e32f8fc171ea9f66940,0,2,2,1
battlefy,60142a497db58845caaa2f2f,KARDS Open IV - Swiss Weekend,open,Swiss Weekend,swiss,6,2021-02-07T17:01:04Z,bf:601ddad214499975b676d714,bf:601c9f9ef8251e1bb7eb0fb5,0,2,2,0
battlefy,60142a497db58845caaa2f2f,KARDS Open IV - Swiss Weekend,open,Swiss Weekend,swiss,6,2021-02-07T17:01:10Z,bf:5fd0f538f2b2ef0cb211c66d,bf:601c0e79b125d31d258fd278,0,2,2,0
battlefy,60142a497db58845caaa2f2f,KARDS Open IV - Swiss Weekend,open,Swiss Weekend,swiss,6,2021-02-07T17:02:46Z,bf:5a8879b76c3ac00358830d7c,bf:5fc13c6e4a99f533280c7373,0,2,2,1
battlefy,60142a497db58845caaa2f2f,KARDS Open IV - Swiss Weekend,open,Swiss Weekend,swiss,6,2021-02-07T17:03:50Z,bf:601a74d5f4761b1d98293c14,bf:601d724003f1bc1bc847aa4d,0,2,2,0
battlefy,60142a497db58845caaa2f2f,KARDS Open IV - Swiss Weekend,open,Swiss Weekend,swiss,6,2021-02-07T17:04:44Z,bf:601b5b897d76ec1b99358c6f,bf:601e1a04b66ee1767c0f19bf,0,2,2,0
battlefy,60142a497db58845caaa2f2f,KARDS Open IV - Swiss Weekend,open,Swiss Weekend,swiss,6,2021-02-07T17:05:20Z,bf:5ec5e7746951c62d86f53235,bf:601d72b8945ba61bbd9b6b3e,0,2,2,1
battlefy,60142a497db58845caaa2f2f,KARDS Open IV - Swiss Weekend,open,Swiss Weekend,swiss,6,2021-02-07T17:06:07Z,bf:5fa467df4eb3c2458669c29a,bf:5f10c966160c3f2239e92921,2,0,1,1
battlefy,60142a497db58845caaa2f2f,KARDS Open IV - Swiss Weekend,open,Swiss Weekend,swiss,6,2021-02-07T17:06:38Z,bf:601cafe1bb724711bbdc0e41,bf:5f362c8703dbcc11d58d78e3,2,1,1,1
battlefy,60142a497db58845caaa2f2f,KARDS Open IV - Swiss Weekend,open,Swiss Weekend,swiss,6,2021-02-07T17:06:46Z,bf:5f0e248def3ab65b96796c3f,bf:564e7b5b80b8db4a00c4ff9c,0,2,2,1
battlefy,60142a497db58845caaa2f2f,KARDS Open IV - Swiss Weekend,open,Swiss Weekend,swiss,6,2021-02-07T17:07:27Z,bf:5fa2011d11743771ade90dee,bf:5f11d247160c3f2239e940a4,2,1,1,1
battlefy,60142a497db58845caaa2f2f,KARDS Open IV - Swiss Weekend,open,Swiss Weekend,swiss,6,2021-02-07T17:07:49Z,bf:5f1b48d1abfcb016362ba48e,bf:5f0f3d9e7c4df3491abfe047,2,0,1,1
battlefy,60142a497db58845caaa2f2f,KARDS Open IV - Swiss Weekend,open,Swiss Weekend,swiss,6,2021-02-07T17:08:04Z,bf:601ccaa7df90f911ab030712,bf:5fbfbd51b0ef7749130e4f38,0,2,2,1
battlefy,60142a497db58845caaa2f2f,KARDS Open IV - Swiss Weekend,open,Swiss Weekend,swiss,6,2021-02-07T17:08:55Z,bf:5f32c6147bd80311ab78193f,bf:601c994b3b155711d4677d1b,2,0,1,1
battlefy,60142a497db58845caaa2f2f,KARDS Open IV - Swiss Weekend,open,Swiss Weekend,swiss,6,2021-02-07T17:09:15Z,bf:5fa5ede611743771ade94108,bf:5f113e2cd04bae257fc195f6,2,0,1,1
battlefy,60142a497db58845caaa2f2f,KARDS Open IV - Swiss Weekend,open,Swiss Weekend,swiss,6,2021-02-07T17:10:56Z,bf:6018722f6b7a4c1c7ef01779,bf:5f908c01a261b945b6c471e8,2,0,1,1
battlefy,60142a497db58845caaa2f2f,KARDS Open IV - Swiss Weekend,open,Swiss Weekend,swiss,6,2021-02-07T17:11:55Z,bf:5f32f48419fcf2666b2abff1,bf:601d4daaa3a63111ba7f6ad7,2,0,1,1
battlefy,60142a497db58845caaa2f2f,KARDS Open IV - Swiss Weekend,open,Swiss Weekend,swiss,6,2021-02-07T17:12:35Z,bf:601e4222507c147700ac949d,bf:5fbd71c2e7d89a60d43410ca,0,2,2,1
battlefy,60142a497db58845caaa2f2f,KARDS Open IV - Swiss Weekend,open,Swiss Weekend,swiss,6,2021-02-07T17:12:52Z,bf:5fbebdee043fd20cdf90cfaf,bf:5fa5397c241d875936d2c2f2,0,2,2,0
battlefy,60142a497db58845caaa2f2f,KARDS Open IV - Swiss Weekend,open,Swiss Weekend,swiss,6,2021-02-07T17:14:04Z,bf:5f0df84e824086475be264b7,bf:601e9c49e5c01375db7f5e53,0,2,2,1
battlefy,60142a497db58845caaa2f2f,KARDS Open IV - Swiss Weekend,open,Swiss Weekend,swiss,6,2021-02-07T17:15:14Z,bf:5ebd8cafb3bec004beff6eff,bf:601e77957e074a75c3e36c24,2,0,1,0
battlefy,60142a497db58845caaa2f2f,KARDS Open IV - Swiss Weekend,open,Swiss Weekend,swiss,6,2021-02-07T17:15:47Z,bf:5f1520542cba8f11c2a44c16,bf:5f4318d1681ff84ab5ec92f9,0,2,2,0
battlefy,60142a497db58845caaa2f2f,KARDS Open IV - Swiss Weekend,open,Swiss Weekend,swiss,6,2021-02-07T17:15:52Z,bf:5ee6022292efc00faf652a7e,bf:5eeb9c3d19b81239da9496cb,1,2,2,1
battlefy,60142a497db58845caaa2f2f,KARDS Open IV - Swiss Weekend,open,Swiss Weekend,swiss,6,2021-02-07T17:16:16Z,bf:601e45ae6c6f1475e154a175,bf:601d8327ce01411daff6dde0,1,2,2,1
battlefy,60142a497db58845caaa2f2f,KARDS Open IV - Swiss Weekend,open,Swiss Weekend,swiss,6,2021-02-07T17:19:39Z,bf:601c9026bf58cf5f54a82622,bf:601c71455470fa2af29f5034,2,1,1,1
battlefy,60142a497db58845caaa2f2f,KARDS Open IV - Swiss Weekend,open,Swiss Weekend,swiss,6,2021-02-07T17:20:07Z,bf:601d2fa3242f461d92104ad0,bf:5ec99a6d5cb5d5345c7fdf7c,2,0,1,0
battlefy,60142a497db58845caaa2f2f,KARDS Open IV - Swiss Weekend,open,Swiss Weekend,swiss,6,2021-02-07T17:20:09Z,bf:601c7bb24443111ba5640e9a,bf:5f1493df1c8cdf16056f8bc9,1,2,2,1
battlefy,60142a497db58845caaa2f2f,KARDS Open IV - Swiss Weekend,open,Swiss Weekend,swiss,6,2021-02-07T17:20:40Z,bf:5f12bb564a28711494f1bd8d,bf:601995acbe9b881d09177a3a,2,1,1,0
battlefy,60142a497db58845caaa2f2f,KARDS Open IV - Swiss Weekend,open,Swiss Weekend,swiss,6,2021-02-07T17:21:19Z,bf:601e5d325156047698264588,bf:601dacd85156047698264137,0,2,2,1
battlefy,60142a497db58845caaa2f2f,KARDS Open IV - Swiss Weekend,open,Swiss Weekend,swiss,6,2021-02-07T17:21:19Z,bf:5eb7670e5e789b4b50a06de2,bf:5eb65df574f31a11dd226b38,1,2,2,1
battlefy,60142a497db58845caaa2f2f,KARDS Open IV - Swiss Weekend,open,Swiss Weekend,swiss,6,2021-02-07T17:24:06Z,bf:601e60c914499975b676db49,bf:601ad0d4bccfe11bd7952790,0,2,2,1
battlefy,60142a497db58845caaa2f2f,KARDS Open IV - Swiss Weekend,open,Swiss Weekend,swiss,6,2021-02-07T17:24:52Z,bf:601c6d39ce01411daff6ce45,bf:5f109d917a5f692572240090,0,2,2,1
battlefy,60142a497db58845caaa2f2f,KARDS Open IV - Swiss Weekend,open,Swiss Weekend,swiss,6,2021-02-07T17:28:50Z,bf:5dadf6683f9f8d27e2e9cc0b,bf:5fa3da8e11743771ade92018,2,1,1,1
battlefy,60142a497db58845caaa2f2f,KARDS Open IV - Swiss Weekend,open,Swiss Weekend,swiss,6,2021-02-07T17:31:29Z,bf:5f0df6196f4cd13933257c2a,bf:601dff5114499975b676d7fb,2,0,1,1
battlefy,60142a497db58845caaa2f2f,KARDS Open IV - Swiss Weekend,open,Swiss Weekend,swiss,6,2021-02-07T17:32:42Z,bf:601d8d265470fa2af29f55e8,bf:5fa62937c3c163598ec80783,0,2,2,0
battlefy,60142a497db58845caaa2f2f,KARDS Open IV - Swiss Weekend,open,Swiss Weekend,swiss,6,2021-02-07T17:34:39Z,bf:601c602c8989bb1d0ffd2d60,bf:601c5d21bccfe11bd79533ba,2,1,1,0
battlefy,60142a497db58845caaa2f2f,KARDS Open IV - Swiss Weekend,open,Swiss Weekend,swiss,6,2021-02-07T17:37:23Z,bf:5fc2cfeb2350e111ca3e4a6e,bf:5fc0244ca2fd34654753d0cb,1,2,2,1
battlefy,60142a497db58845caaa2f2f,KARDS Open IV - Swiss Weekend,open,Swiss Weekend,swiss,6,2021-02-07T17:38:02Z,bf:5ee6c5f92764fc7a784c6f9e,bf:5f1086f1160c3f2239e9225b,2,1,1,1
battlefy,60142a497db58845caaa2f2f,KARDS Open IV - Swiss Weekend,open,Swiss Weekend,swiss,6,2021-02-07T17:41:21Z,bf:5f0cd40c3087a65e039603f4,bf:5f0e37b37c5e104738aebbe3,2,1,1,1
battlefy,60142a497db58845caaa2f2f,KARDS Open IV - Swiss Weekend,open,Swiss Weekend,swiss,6,2021-02-07T17:48:06Z,bf:5fb7473c502b9e587d1becbe,bf:5fa27e32f8fc171ea9f66940,2,1,1,1
battlefy,60142a497db58845caaa2f2f,KARDS Open IV - Swiss Weekend,open,Swiss Weekend,swiss,7,2021-02-07T18:00:35Z,bf:5f1493df1c8cdf16056f8bc9,bf:601ccaa7df90f911ab030712,2,0,1,1
battlefy,60142a497db58845caaa2f2f,KARDS Open IV - Swiss Weekend,open,Swiss Weekend,swiss,7,2021-02-07T18:01:47Z,bf:601e92a7e5c01375db7f5de8,bf:5f0df84e824086475be264b7,2,0,1,1
battlefy,60142a497db58845caaa2f2f,KARDS Open IV - Swiss Weekend,open,Swiss Weekend,swiss,7,2021-02-07T18:03:21Z,bf:5dadf6683f9f8d27e2e9cc0b,bf:5fa5397c241d875936d2c2f2,0,2,2,1
battlefy,60142a497db58845caaa2f2f,KARDS Open IV - Swiss Weekend,open,Swiss Weekend,swiss,7,2021-02-07T18:03:33Z,bf:601e9c49e5c01375db7f5e53,bf:5ee6022292efc00faf652a7e,2,0,1,1
battlefy,60142a497db58845caaa2f2f,KARDS Open IV - Swiss Weekend,open,Swiss Weekend,swiss,7,2021-02-07T18:04:39Z,bf:5eeb9c3d19b81239da9496cb,bf:5f32c6147bd80311ab78193f,2,0,1,1
battlefy,60142a497db58845caaa2f2f,KARDS Open IV - Swiss Weekend,open,Swiss Weekend,swiss,7,2021-02-07T18:07:54Z,bf:601e45ae6c6f1475e154a175,bf:601c994b3b155711d4677d1b,2,0,1,1
battlefy,60142a497db58845caaa2f2f,KARDS Open IV - Swiss Weekend,open,Swiss Weekend,swiss,7,2021-02-07T18:07:59Z,bf:601d724003f1bc1bc847aa4d,bf:5f12bb564a28711494f1bd8d,2,0,1,1
battlefy,60142a497db58845caaa2f2f,KARDS Open IV - Swiss Weekend,open,Swiss Weekend,swiss,7,2021-02-07T18:09:04Z,bf:5f113e2cd04bae257fc195f6,bf:5f362c8703dbcc11d58d78e3,2,0,1,1
battlefy,60142a497db58845caaa2f2f,KARDS Open IV - Swiss Weekend,open,Swiss Weekend,swiss,7,2021-02-07T18:09:08Z,bf:5ebd8cafb3bec004beff6eff,bf:5f11d247160c3f2239e940a4,0,2,2,1
battlefy,60142a497db58845caaa2f2f,KARDS Open IV - Swiss Weekend,open,Swiss Weekend,swiss,7,2021-02-07T18:09:30Z,bf:5a8879b76c3ac00358830d7c,bf:5fa62937c3c163598ec80783,0,2,2,1
battlefy,60142a497db58845caaa2f2f,KARDS Open IV - Swiss Weekend,open,Swiss Weekend,swiss,7,2021-02-07T18:11:01Z,bf:5fc2cfeb2350e111ca3e4a6e,bf:5f908c01a261b945b6c471e8,2,0,1,1
battlefy,60142a497db58845caaa2f2f,KARDS Open IV - Swiss Weekend,open,Swiss Weekend,swiss,7,2021-02-07T18:11:11Z,bf:5fbfbd51b0ef7749130e4f38,bf:601d4daaa3a63111ba7f6ad7,2,1,1,1
battlefy,60142a497db58845caaa2f2f,KARDS Open IV - Swiss Weekend,open,Swiss Weekend,swiss,7,2021-02-07T18:11:21Z,bf:601d72b8945ba61bbd9b6b3e,bf:564e7b5b80b8db4a00c4ff9c,0,2,2,1
battlefy,60142a497db58845caaa2f2f,KARDS Open IV - Swiss Weekend,open,Swiss Weekend,swiss,7,2021-02-07T18:12:20Z,bf:5f0e37b37c5e104738aebbe3,bf:601c0e79b125d31d258fd278,2,0,1,1
battlefy,60142a497db58845caaa2f2f,KARDS Open IV - Swiss Weekend,open,Swiss Weekend,swiss,7,2021-02-07T18:13:23Z,bf:601c9f9ef8251e1bb7eb0fb5,bf:5fa27e32f8fc171ea9f66940,0,2,2,1
battlefy,60142a497db58845caaa2f2f,KARDS Open IV - Swiss Weekend,open,Swiss Weekend,swiss,7,2021-02-07T18:15:09Z,bf:601e5d325156047698264588,bf:601d8327ce01411daff6dde0,0,2,2,1
battlefy,60142a497db58845caaa2f2f,KARDS Open IV - Swiss Weekend,open,Swiss Weekend,swiss,7,2021-02-07T18:15:10Z,bf:5f0f3d9e7c4df3491abfe047,bf:5f4318d1681ff84ab5ec92f9,2,1,1,1
battlefy,60142a497db58845caaa2f2f,KARDS Open IV - Swiss Weekend,open,Swiss Weekend,swiss,7,2021-02-07T18:15:19Z,bf:5fc0244ca2fd34654753d0cb,bf:601dff5114499975b676d7fb,0,2,2,1
battlefy,60142a497db58845caaa2f2f,KARDS Open IV - Swiss Weekend,open,Swiss Weekend,swiss,7,2021-02-07T18:15:53Z,bf:5f0df6196f4cd13933257c2a,bf:5eb65df574f31a11dd226b38,1,2,2,1
battlefy,60142a497db58845caaa2f2f,KARDS Open IV - Swiss Weekend,open,Swiss Weekend,swiss,7,2021-02-07T18:17:48Z,bf:5fa467df4eb3c2458669c29a,bf:5f1b48d1abfcb016362ba48e,2,1,1,1
battlefy,60142a497db58845caaa2f2f,KARDS Open IV - Swiss Weekend,open,Swiss Weekend,swiss,7,2021-02-07T18:18:06Z,bf:5f0e248def3ab65b96796c3f,bf:5fc13c6e4a99f533280c7373,2,0,1,1
battlefy,60142a497db58845caaa2f2f,KARDS Open IV - Swiss Weekend,open,Swiss Weekend,swiss,7,2021-02-07T18:18:39Z,bf:5fbd71c2e7d89a60d43410ca,bf:601e1a04b66ee1767c0f19bf,2,1,1,1
battlefy,60142a497db58845caaa2f2f,KARDS Open IV - Swiss Weekend,open,Swiss Weekend,swiss,7,2021-02-07T18:18:45Z,bf:601c71455470fa2af29f5034,bf:5f1086f1160c3f2239e9225b,2,0,1,1
battlefy,60142a497db58845caaa2f2f,KARDS Open IV - Swiss Weekend,open,Swiss Weekend,swiss,7,2021-02-07T18:18:50Z,bf:601e4222507c147700ac949d,bf:601c6d39ce01411daff6ce45,2,1,1,1
battlefy,60142a497db58845caaa2f2f,KARDS Open IV - Swiss Weekend,open,Swiss Weekend,swiss,7,2021-02-07T18:20:17Z,bf:601d2fa3242f461d92104ad0,bf:5f109d917a5f692572240090,0,2,2,1
battlefy,60142a497db58845caaa2f2f,KARDS Open IV - Swiss Weekend,open,Swiss Weekend,swiss,7,2021-02-07T18:20:30Z,bf:601c9026bf58cf5f54a82622,bf:601c602c8989bb1d0ffd2d60,2,1,1,1
battlefy,60142a497db58845caaa2f2f,KARDS Open IV - Swiss Weekend,open,Swiss Weekend,swiss,7,2021-02-07T18:21:02Z,bf:5f10c966160c3f2239e92921,bf:601ad0d4bccfe11bd7952790,1,2,2,1
battlefy,60142a497db58845caaa2f2f,KARDS Open IV - Swiss Weekend,open,Swiss Weekend,swiss,7,2021-02-07T18:22:25Z,bf:601cafe1bb724711bbdc0e41,bf:5f0cd40c3087a65e039603f4,0,2,2,1
battlefy,60142a497db58845caaa2f2f,KARDS Open IV - Swiss Weekend,open,Swiss Weekend,swiss,7,2021-02-07T18:23:28Z,bf:5fa2011d11743771ade90dee,bf:5fb7473c502b9e587d1becbe,1,2,2,1
battlefy,60142a497db58845caaa2f2f,KARDS Open IV - Swiss Weekend,open,Swiss Weekend,swiss,7,2021-02-07T18:24:29Z,bf:5ec5e7746951c62d86f53235,bf:601dacd85156047698264137,1,2,2,1
battlefy,60142a497db58845caaa2f2f,KARDS Open IV - Swiss Weekend,open,Swiss Weekend,swiss,7,2021-02-07T18:27:20Z,bf:5f32f48419fcf2666b2abff1,bf:5fa5ede611743771ade94108,1,2,2,1
battlefy,60142a497db58845caaa2f2f,KARDS Open IV - Swiss Weekend,open,Swiss Weekend,swiss,7,2021-02-07T18:29:25Z,bf:601e60c914499975b676db49,bf:5ee6c5f92764fc7a784c6f9e,2,0,1,1
battlefy,60142a497db58845caaa2f2f,KARDS Open IV - Swiss Weekend,open,Swiss Weekend,swiss,7,2021-02-07T18:30:29Z,bf:5eb7670e5e789b4b50a06de2,bf:5fa3da8e11743771ade92018,1,2,2,1
battlefy,60142a497db58845caaa2f2f,KARDS Open IV - Swiss Weekend,open,Swiss Weekend,swiss,7,2021-02-07T18:32:36Z,bf:6018722f6b7a4c1c7ef01779,bf:601c7bb24443111ba5640e9a,2,0,1,1
battlefy,60142a497db58845caaa2f2f,KARDS Open IV - Swiss Weekend,open,Top 16,elimination,1,2021-02-13T16:18:15Z,bf:5fa467df4eb3c2458669c29a,bf:5f11d247160c3f2239e940a4,2,0,1,1
battlefy,60142a497db58845caaa2f2f,KARDS Open IV - Swiss Weekend,open,Top 16,elimination,1,2021-02-13T16:21:15Z,bf:601d72b8945ba61bbd9b6b3e,bf:5f0f3d9e7c4df3491abfe047,2,0,1,1
battlefy,60142a497db58845caaa2f2f,KARDS Open IV - Swiss Weekend,open,Top 16,elimination,1,2021-02-13T16:21:16Z,bf:5fa5ede611743771ade94108,bf:5f0e37b37c5e104738aebbe3,2,0,1,1
battlefy,60142a497db58845caaa2f2f,KARDS Open IV - Swiss Weekend,open,Top 16,elimination,1,2021-02-13T16:23:36Z,bf:5fb7473c502b9e587d1becbe,bf:601cafe1bb724711bbdc0e41,2,0,1,1
battlefy,60142a497db58845caaa2f2f,KARDS Open IV - Swiss Weekend,open,Top 16,elimination,1,2021-02-13T16:30:27Z,bf:601dacd85156047698264137,bf:5fc13c6e4a99f533280c7373,0,2,2,1
battlefy,60142a497db58845caaa2f2f,KARDS Open IV - Swiss Weekend,open,Top 16,elimination,1,2021-02-13T16:35:31Z,bf:5f0e248def3ab65b96796c3f,bf:5ec5e7746951c62d86f53235,2,0,1,1
battlefy,60142a497db58845caaa2f2f,KARDS Open IV - Swiss Weekend,open,Top 16,elimination,1,2021-02-13T16:50:56Z,bf:564e7b5b80b8db4a00c4ff9c,bf:5f32f48419fcf2666b2abff1,2,1,1,1
battlefy,60142a497db58845caaa2f2f,KARDS Open IV - Swiss Weekend,open,Top 16,elimination,1,2021-02-13T16:57:06Z,bf:5f0cd40c3087a65e039603f4,bf:5fa2011d11743771ade90dee,1,2,2,1
battlefy,60142a497db58845caaa2f2f,KARDS Open IV - Swiss Weekend,open,Top 16,elimination,2,2021-02-13T17:09:27Z,bf:5fa467df4eb3c2458669c29a,bf:5fb7473c502b9e587d1becbe,2,1,1,1
battlefy,60142a497db58845caaa2f2f,KARDS Open IV - Swiss Weekend,open,Top 16,elimination,2,2021-02-13T17:10:31Z,bf:601d72b8945ba61bbd9b6b3e,bf:5fc13c6e4a99f533280c7373,2,0,1,1
battlefy,60142a497db58845caaa2f2f,KARDS Open IV - Swiss Weekend,open,Top 16,elimination,2,2021-02-13T17:45:09Z,bf:564e7b5b80b8db4a00c4ff9c,bf:5fa5ede611743771ade94108,1,2,2,1
battlefy,60142a497db58845caaa2f2f,KARDS Open IV - Swiss Weekend,open,Top 16,elimination,2,2021-02-13T17:47:26Z,bf:5fa2011d11743771ade90dee,bf:5f0e248def3ab65b96796c3f,2,0,1,1
battlefy,60142a497db58845caaa2f2f,KARDS Open IV - Swiss Weekend,open,Top 16,elimination,3,2021-02-13T18:11:15Z,bf:601d72b8945ba61bbd9b6b3e,bf:5fa467df4eb3c2458669c29a,0,2,2,1
battlefy,60142a497db58845caaa2f2f,KARDS Open IV - Swiss Weekend,open,Top 16,elimination,3,2021-02-13T18:24:22Z,bf:5fa5ede611743771ade94108,bf:5fa2011d11743771ade90dee,0,2,2,1
battlefy,60142a497db58845caaa2f2f,KARDS Open IV - Swiss Weekend,open,Top 16,elimination,4,2021-02-15T13:14:48Z,bf:5fa2011d11743771ade90dee,bf:5fa467df4eb3c2458669c29a,1,2,2,1
battlefy,601d714ddca2311bb626f1dc,Kards Open: Singleton,open_special,Swiss Weekend,swiss,1,2021-02-20T16:21:47Z,bf:5f0dde2dc47339351f7f7715,bf:5f109d917a5f692572240090,0,2,2,0
battlefy,601d714ddca2311bb626f1dc,Kards Open: Singleton,open_special,Swiss Weekend,swiss,1,2021-02-20T16:25:53Z,bf:601a74d5f4761b1d98293c14,bf:5f11d247160c3f2239e940a4,0,2,2,1
battlefy,601d714ddca2311bb626f1dc,Kards Open: Singleton,open_special,Swiss Weekend,swiss,1,2021-02-20T16:29:50Z,bf:602d35b5e953470c8c2eb398,bf:5e6a39a3f1f90c345a8e7fcd,0,2,2,1
battlefy,601d714ddca2311bb626f1dc,Kards Open: Singleton,open_special,Swiss Weekend,swiss,1,2021-02-20T16:31:31Z,bf:602c0e5389472a782b9cbc26,bf:5f32b5a5af063111a36d039f,0,2,2,1
battlefy,601d714ddca2311bb626f1dc,Kards Open: Singleton,open_special,Swiss Weekend,swiss,1,2021-02-20T16:34:23Z,bf:5f0e67fdf26046593189c71c,bf:602df9523db3d07c19d86ae7,2,0,1,0
battlefy,601d714ddca2311bb626f1dc,Kards Open: Singleton,open_special,Swiss Weekend,swiss,1,2021-02-20T16:34:50Z,bf:5eb7670e5e789b4b50a06de2,bf:5f362c8703dbcc11d58d78e3,2,0,1,1
battlefy,601d714ddca2311bb626f1dc,Kards Open: Singleton,open_special,Swiss Weekend,swiss,1,2021-02-20T16:34:52Z,bf:6019ce668e21aa1d188c190d,bf:601b5b897d76ec1b99358c6f,0,2,2,1
battlefy,601d714ddca2311bb626f1dc,Kards Open: Singleton,open_special,Swiss Weekend,swiss,1,2021-02-20T16:36:44Z,bf:5ec2a6dafd8a561535cde2a5,bf:5fbc4040adfefd64e8c8fd73,0,2,2,1
battlefy,601d714ddca2311bb626f1dc,Kards Open: Singleton,open_special,Swiss Weekend,swiss,1,2021-02-20T16:37:27Z,bf:601e4222507c147700ac949d,bf:5ebd9402b92b28521a098ec8,1,2,2,1
battlefy,601d714ddca2311bb626f1dc,Kards Open: Singleton,open_special,Swiss Weekend,swiss,1,2021-02-20T16:38:36Z,bf:601cb9e68f8ab5604536225b,bf:601d334704309b1b93074798,2,0,1,1
battlefy,601d714ddca2311bb626f1dc,Kards Open: Singleton,open_special,Swiss Weekend,swiss,1,2021-02-20T16:38:53Z,bf:601ae997fb69622ad6617823,bf:5f0cd40c3087a65e039603f4,0,2,2,1
battlefy,601d714ddca2311bb626f1dc,Kards Open: Singleton,open_special,Swiss Weekend,swiss,1,2021-02-20T16:39:28Z,bf:602c22cdabb67b53bb4c4954,bf:602f98dc95b59911a33166f5,2,1,1,1
battlefy,601d714ddca2311bb626f1dc,Kards Open: Singleton,open_special,Swiss Weekend,swiss,1,2021-02-20T16:42:44Z,bf:602de8ab384ba37dec87751b,bf:5fc13c6e4a99f533280c7373,0,2,2,0
battlefy,601d714ddca2311bb626f1dc,Kards Open: Singleton,open_special,Swiss Weekend,swiss,1,2021-02-20T16:43:58Z,bf:5f32c6147bd80311ab78193f,bf:5f32f48419fcf2666b2abff1,2,1,1,0
battlefy,601d714ddca2311bb626f1dc,Kards Open: Singleton,open_special,Swiss Weekend,swiss,1,2021-02-20T16:47:02Z,bf:602bf7e108d6c576f70885be,bf:5f10c966160c3f2239e92921,2,1,1,1
battlefy,601d714ddca2311bb626f1dc,Kards Open: Singleton,open_special,Swiss Weekend,swiss,1,2021-02-20T16:47:45Z,bf:6030551a73965f35ae461762,bf:5f0f3d9e7c4df3491abfe047,1,2,2,1
battlefy,601d714ddca2311bb626f1dc,Kards Open: Singleton,open_special,Swiss Weekend,swiss,1,2021-02-20T16:49:41Z,bf:601ad0d4bccfe11bd7952790,bf:5f0f2f19ef3ab65b96797ada,2,1,1,1
battlefy,601d714ddca2311bb626f1dc,Kards Open: Singleton,open_special,Swiss Weekend,swiss,1,2021-02-20T16:49:54Z,bf:601e92a7e5c01375db7f5de8,bf:5bef1fd422a55803cb340a40,0,2,2,1
battlefy,601d714ddca2311bb626f1dc,Kards Open: Singleton,open_special,Swiss Weekend,swiss,1,2021-02-20T16:52:01Z,bf:602c2018507c147700acf905,bf:6030a2af3222cb45216b822e,2,1,1,1
battlefy,601d714ddca2311bb626f1dc,Kards Open: Singleton,open_special,Swiss Weekend,swiss,1,2021-02-20T16:52:25Z,bf:5fa3da8e11743771ade92018,bf:5fc2cfeb2350e111ca3e4a6e,2,0,1,1
battlefy,601d714ddca2311bb626f1dc,Kards Open: Singleton,open_special,Swiss Weekend,swiss,1,2021-02-20T16:55:16Z,bf:5e889af67a9c4c10932a6ca9,bf:601c9f9ef8251e1bb7eb0fb5,2,1,1,1
battlefy,601d714ddca2311bb626f1dc,Kards Open: Singleton,open_special,Swiss Weekend,swiss,1,2021-02-20T17:03:26Z,bf:602bd5d795780078daf45133,bf:5ec038e2256baa1d38011a05,0,2,2,0
battlefy,601d714ddca2311bb626f1dc,Kards Open: Singleton,open_special,Swiss Weekend,swiss,1,2021-02-20T17:04:59Z,bf:5dadf6683f9f8d27e2e9cc0b,bf:602efa92d7a4147c1146d997,1,2,2,1
battlefy,601d714ddca2311bb626f1dc,Kards Open: Singleton,open_special,Swiss Weekend,swiss,1,2021-02-20T17:10:43Z,bf:5fa5ede611743771ade94108,bf:5d26bcf5c9bf6055b457dfb5,2,1,1,0
battlefy,601d714ddca2311bb626f1dc,Kards Open: Singleton,open_special,Swiss Weekend,swiss,2,2021-02-20T17:32:05Z,bf:5f362c8703dbcc11d58d78e3,bf:601e4222507c147700ac949d,2,0,1,1
battlefy,601d714ddca2311bb626f1dc,Kards Open: Singleton,open_special,Swiss Weekend,swiss,2,2021-02-20T17:33:20Z,bf:5d26bcf5c9bf6055b457dfb5,bf:601d334704309b1b93074798,2,0,1,1
battlefy,601d714ddca2311bb626f1dc,Kards Open: Singleton,open_special,Swiss Weekend,swiss,2,2021-02-20T17:33:45Z,bf:5eb7670e5e789b4b50a06de2,bf:5f32b5a5af063111a36d039f,2,0,1,1
battlefy,601d714ddca2311bb626f1dc,Kards Open: Singleton,open_special,Swiss Weekend,swiss,2,2021-02-20T17:38:31Z,bf:602c22cdabb67b53bb4c4954,bf:5f0e67fdf26046593189c71c,0,2,2,1
battlefy,601d714ddca2311bb626f1dc,Kards Open: Singleton,open_special,Swiss Weekend,swiss,2,2021-02-20T17:39:02Z,bf:6030551a73965f35ae461762,bf:601e92a7e5c01375db7f5de8,2,0,1,1
battlefy,601d714ddca2311bb626f1dc,Kards Open: Singleton,open_special,Swiss Weekend,swiss,2,2021-02-20T17:40:30Z,bf:602bf7e108d6c576f70885be,bf:5f11d247160c3f2239e940a4,0,2,2,1
battlefy,601d714ddca2311bb626f1dc,Kards Open: Singleton,open_special,Swiss Weekend,swiss,2,2021-02-20T17:40:59Z,bf:5fa3da8e11743771ade92018,bf:5e889af67a9c4c10932a6ca9,2,0,1,1
battlefy,601d714ddca2311bb626f1dc,Kards Open: Singleton,open_special,Swiss Weekend,swiss,2,2021-02-20T17:42:12Z,bf:5f0cd40c3087a65e039603f4,bf:5f32c6147bd80311ab78193f,2,0,1,1
battlefy,601d714ddca2311bb626f1dc,Kards Open: Singleton,open_special,Swiss Weekend,swiss,2,2021-02-20T17:42:34Z,bf:602c2018507c147700acf905,bf:5f109d917a5f692572240090,0,2,2,1
battlefy,601d714ddca2311bb626f1dc,Kards Open: Singleton,open_special,Swiss Weekend,swiss,2,2021-02-20T17:42:37Z,bf:601c9f9ef8251e1bb7eb0fb5,bf:601ae997fb69622ad6617823,1,2,2,1
battlefy,601d714ddca2311bb626f1dc,Kards Open: Singleton,open_special,Swiss Weekend,swiss,2,2021-02-20T17:43:25Z,bf:601ad0d4bccfe11bd7952790,bf:5ebd9402b92b28521a098ec8,0,2,2,1
battlefy,601d714ddca2311bb626f1dc,Kards Open: Singleton,open_special,Swiss Weekend,swiss,2,2021-02-20T17:43:48Z,bf:5e6a39a3f1f90c345a8e7fcd,bf:601b5b897d76ec1b99358c6f,2,0,1,1
battlefy,601d714ddca2311bb626f1dc,Kards Open: Singleton,open_special,Swiss Weekend,swiss,2,2021-02-20T17:44:28Z,bf:5dadf6683f9f8d27e2e9cc0b,bf:5fc2cfeb2350e111ca3e4a6e,2,0,1,1
battlefy,601d714ddca2311bb626f1dc,Kards Open: Singleton,open_special,Swiss Weekend,swiss,2,2021-02-20T17:45:37Z,bf:5f0f2f19ef3ab65b96797ada,bf:602d35b5e953470c8c2eb398,1,2,2,1
battlefy,601d714ddca2311bb626f1dc,Kards Open: Singleton,open_special,Swiss Weekend,swiss,2,2021-02-20T17:46:57Z,bf:5fc13c6e4a99f533280c7373,bf:5f0f3d9e7c4df3491abfe047,2,1,1,1
battlefy,601d714ddca2311bb626f1dc,Kards Open: Singleton,open_special,Swiss Weekend,swiss,2,2021-02-20T17:49:55Z,bf:602f98dc95b59911a33166f5,bf:5ec2a6dafd8a561535cde2a5,1,2,2,1
battlefy,601d714ddca2311bb626f1dc,Kards Open: Singleton,open_special,Swiss Weekend,swiss,2,2021-02-20T17:50:39Z,bf:5bef1fd422a55803cb340a40,bf:601cb9e68f8ab5604536225b,1,2,2,1
battlefy,601d714ddca2311bb626f1dc,Kards Open: Singleton,open_special,Swiss Weekend,swiss,2,2021-02-20T17:51:55Z,bf:6019ce668e21aa1d188c190d,bf:601a74d5f4761b1d98293c14,2,1,1,1
battlefy,601d714ddca2311bb626f1dc,Kards Open: Singleton,open_special,Swiss Weekend,swiss,2,2021-02-20T17:59:18Z,bf:6030a2af3222cb45216b822e,bf:5f10c966160c3f2239e92921,1,2,2,1
battlefy,601d714ddca2311bb626f1dc,Kards Open: Singleton,open_special,Swiss Weekend,swiss,2,2021-02-20T18:04:47Z,bf:5fbc4040adfefd64e8c8fd73,bf:602efa92d7a4147c1146d997,0,2,2,1
battlefy,601d714ddca2311bb626f1dc,Kards Open: Singleton,open_special,Swiss Weekend,swiss,2,2021-02-20T18:23:18Z,bf:5ec038e2256baa1d38011a05,bf:602d5acba74cc17c31b7d9af,1,2,2,1
battlefy,601d714ddca2311bb626f1dc,Kards Open: Singleton,open_special,Swiss Weekend,swiss,3,2021-02-20T18:36:41Z,bf:601a74d5f4761b1d98293c14,bf:602f98dc95b59911a33166f5,2,0,1,1
battlefy,601d714ddca2311bb626f1dc,Kards Open: Singleton,open_special,Swiss Weekend,swiss,3,2021-02-20T18:36:52Z,bf:5fc2cfeb2350e111ca3e4a6e,bf:6030a2af3222cb45216b822e,2,0,1,1
battlefy,601d714ddca2311bb626f1dc,Kards Open: Singleton,open_special,Swiss Weekend,swiss,3,2021-02-20T18:37:37Z,bf:5e889af67a9c4c10932a6ca9,bf:602c0e5389472a782b9cbc26,0,2,2,1
battlefy,601d714ddca2311bb626f1dc,Kards Open: Singleton,open_special,Swiss Weekend,swiss,3,2021-02-20T18:38:06Z,bf:5ec038e2256baa1d38011a05,bf:5f32b5a5af063111a36d039f,2,0,1,0
battlefy,601d714ddca2311bb626f1dc,Kards Open: Singleton,open_special,Swiss Weekend,swiss,3,2021-02-20T18:38:41Z,bf:602c2018507c147700acf905,bf:601ae997fb69622ad6617823,0,2,2,1
battlefy,601d714ddca2311bb626f1dc,Kards Open: Singleton,open_special,Swiss Weekend,swiss,3,2021-02-20T18:40:52Z,bf:601ad0d4bccfe11bd7952790,bf:6019ce668e21aa1d188c190d,2,0,1,1
battlefy,601d714ddca2311bb626f1dc,Kards Open: Singleton,open_special,Swiss Weekend,swiss,3,2021-02-20T18:43:39Z,bf:5ebd9402b92b28521a098ec8,bf:5fa3da8e11743771ade92018,0,2,2,1
battlefy,601d714ddca2311bb626f1dc,Kards Open: Singleton,open_special,Swiss Weekend,swiss,3,2021-02-20T18:46:08Z,bf:601cb9e68f8ab5604536225b,bf:5f0e67fdf26046593189c71c,2,0,1,1
battlefy,601d714ddca2311bb626f1dc,Kards Open: Singleton,open_special,Swiss Weekend,swiss,3,2021-02-20T18:52:57Z,bf:602bf7e108d6c576f70885be,bf:5f32c6147bd80311ab78193f,1,2,2,1
battlefy,601d714ddca2311bb626f1dc,Kards Open: Singleton,open_special,Swiss Weekend,swiss,3,2021-02-20T18:54:04Z,bf:5eb7670e5e789b4b50a06de2,bf:602efa92d7a4147c1146d997,2,0,1,1
battlefy,601d714ddca2311bb626f1dc,Kards Open: Singleton,open_special,Swiss Weekend,swiss,3,2021-02-20T18:55:15Z,bf:602c22cdabb67b53bb4c4954,bf:5ec2a6dafd8a561535cde2a5,1,2,2,1
battlefy,601d714ddca2311bb626f1dc,Kards Open: Singleton,open_special,Swiss Weekend,swiss,3,2021-02-20T18:55:15Z,bf:5f0f3d9e7c4df3491abfe047,bf:5f362c8703dbcc11d58d78e3,2,1,1,1
battlefy,601d714ddca2311bb626f1dc,Kards Open: Singleton,open_special,Swiss Weekend,swiss,3,2021-02-20T18:55:22Z,bf:602d35b5e953470c8c2eb398,bf:5fbc4040adfefd64e8c8fd73,0,2,2,1
battlefy,601d714ddca2311bb626f1dc,Kards Open: Singleton,open_special,Swiss Weekend,swiss,3,2021-02-20T18:56:06Z,bf:5dadf6683f9f8d27e2e9cc0b,bf:6030551a73965f35ae461762,2,0,1,1
battlefy,601d714ddca2311bb626f1dc,Kards Open: Singleton,open_special,Swiss Weekend,swiss,3,2021-02-20T19:02:52Z,bf:5f0cd40c3087a65e039603f4,bf:5e6a39a3f1f90c345a8e7fcd,2,1,1,1
battlefy,601d714ddca2311bb626f1dc,Kards Open: Singleton,open_special,Swiss Weekend,swiss,3,2021-02-20T19:03:12Z,bf:601e92a7e5c01375db7f5de8,bf:601c9f9ef8251e1bb7eb0fb5,0,2,2,1
battlefy,601d714ddca2311bb626f1dc,Kards Open: Singleton,open_special,Swiss Weekend,swiss,3,2021-02-20T19:03:20Z,bf:5f11d247160c3f2239e940a4,bf:5f109d917a5f692572240090,0,2,2,1
battlefy,601d714ddca2311bb626f1dc,Kards Open: Singleton,open_special,Swiss Weekend,swiss,3,2021-02-20T19:05:14Z,bf:5bef1fd422a55803cb340a40,bf:601b5b897d76ec1b99358c6f,2,0,1,1
battlefy,601d714ddca2311bb626f1dc,Kards Open: Singleton,open_special,Swiss Weekend,swiss,3,2021-02-20T19:08:46Z,bf:601d334704309b1b93074798,bf:601e4222507c147700ac949d,2,1,1,1
battlefy,601d714ddca2311bb626f1dc,Kards Open: Singleton,open_special,Swiss Weekend,swiss,3,2021-02-20T19:22:30Z,bf:602d5acba74cc17c31b7d9af,bf:5fc13c6e4a99f533280c7373,2,1,1,1
battlefy,601d714ddca2311bb626f1dc,Kards Open: Singleton,open_special,Swiss Weekend,swiss,3,2021-02-21T16:00:16Z,bf:5d26bcf5c9bf6055b457dfb5,bf:5f10c966160c3f2239e92921,0,2,2,0
battlefy,601d714ddca2311bb626f1dc,Kards Open: Singleton,open_special,Swiss Weekend,swiss,4,2021-02-21T16:18:47Z,bf:601b5b897d76ec1b99358c6f,bf:602d35b5e953470c8c2eb398,0,2,2,0
battlefy,601d714ddca2311bb626f1dc,Kards Open: Singleton,open_special,Swiss Weekend,swiss,4,2021-02-21T16:25:45Z,bf:5f362c8703dbcc11d58d78e3,bf:601d334704309b1b93074798,2,0,1,1
battlefy,601d714ddca2311bb626f1dc,Kards Open: Singleton,open_special,Swiss Weekend,swiss,4,2021-02-21T16:25:58Z,bf:6019ce668e21aa1d188c190d,bf:602c2018507c147700acf905,2,0,1,1
battlefy,601d714ddca2311bb626f1dc,Kards Open: Singleton,open_special,Swiss Weekend,swiss,4,2021-02-21T16:26:42Z,bf:5f0f3d9e7c4df3491abfe047,bf:5ebd9402b92b28521a098ec8,0,2,2,1
battlefy,601d714ddca2311bb626f1dc,Kards Open: Singleton,open_special,Swiss Weekend,swiss,4,2021-02-21T16:29:03Z,bf:5bef1fd422a55803cb340a40,bf:6030551a73965f35ae461762,2,0,1,1
battlefy,601d714ddca2311bb626f1dc,Kards Open: Singleton,open_special,Swiss Weekend,swiss,4,2021-02-21T16:30:29Z,bf:5f0e67fdf26046593189c71c,bf:5f11d247160c3f2239e940a4,2,0,1,1
battlefy,601d714ddca2311bb626f1dc,Kards Open: Singleton,open_special,Swiss Weekend,swiss,4,2021-02-21T16:32:29Z,bf:601cb9e68f8ab5604536225b,bf:5f109d917a5f692572240090,1,2,2,1
battlefy,601d714ddca2311bb626f1dc,Kards Open: Singleton,open_special,Swiss Weekend,swiss,4,2021-02-21T16:34:00Z,bf:5ec038e2256baa1d38011a05,bf:5dadf6683f9f8d27e2e9cc0b,2,0,1,1
battlefy,601d714ddca2311bb626f1dc,Kards Open: Singleton,open_special,Swiss Weekend,swiss,4,2021-02-21T16:34:14Z,bf:601ad0d4bccfe11bd7952790,bf:602c0e5389472a782b9cbc26,0,2,2,1
battlefy,601d714ddca2311bb626f1dc,Kards Open: Singleton,open_special,Swiss Weekend,swiss,4,2021-02-21T16:34:28Z,bf:601c9f9ef8251e1bb7eb0fb5,bf:602bf7e108d6c576f70885be,1,2,2,1
battlefy,601d714ddca2311bb626f1dc,Kards Open: Singleton,open_special,Swiss Weekend,swiss,4,2021-02-21T16:36:37Z,bf:5e6a39a3f1f90c345a8e7fcd,bf:5fbc4040adfefd64e8c8fd73,0,2,2,1
battlefy,601d714ddca2311bb626f1dc,Kards Open: Singleton,open_special,Swiss Weekend,swiss,4,2021-02-21T16:36:45Z,bf:5fc2cfeb2350e111ca3e4a6e,bf:601e92a7e5c01375db7f5de8,0,2,2,1
battlefy,601d714ddca2311bb626f1dc,Kards Open: Singleton,open_special,Swiss Weekend,swiss,4,2021-02-21T16:37:33Z,bf:5f32c6147bd80311ab78193f,bf:601ae997fb69622ad6617823,2,0,1,1
battlefy,601d714ddca2311bb626f1dc,Kards Open: Singleton,open_special,Swiss Weekend,swiss,4,2021-02-21T16:46:05Z,bf:5f0f2f19ef3ab65b96797ada,bf:602c22cdabb67b53bb4c4954,1,2,2,0
battlefy,601d714ddca2311bb626f1dc,Kards Open: Singleton,open_special,Swiss Weekend,swiss,4,2021-02-21T16:47:42Z,bf:5fa3da8e11743771ade92018,bf:5f0cd40c3087a65e039603f4,2,0,1,1
battlefy,601d714ddca2311bb626f1dc,Kards Open: Singleton,open_special,Swiss Weekend,swiss,4,2021-02-21T16:50:02Z,bf:5eb7670e5e789b4b50a06de2,bf:602d5acba74cc17c31b7d9af,2,0,1,1
battlefy,601d714ddca2311bb626f1dc,Kards Open: Singleton,open_special,Swiss Weekend,swiss,4,2021-02-21T16:53:32Z,bf:5f10c966160c3f2239e92921,bf:5fc13c6e4a99f533280c7373,1,2,2,1
battlefy,601d714ddca2311bb626f1dc,Kards Open: Singleton,open_special,Swiss Weekend,swiss,4,2021-02-21T16:56:33Z,bf:602efa92d7a4147c1146d997,bf:5ec2a6dafd8a561535cde2a5,1,2,2,1
battlefy,601d714ddca2311bb626f1dc,Kards Open: Singleton,open_special,Swiss Weekend,swiss,4,2021-02-21T16:58:00Z,bf:6030a2af3222cb45216b822e,bf:602f98dc95b59911a33166f5,0,2,2,0
battlefy,601d714ddca2311bb626f1dc,Kards Open: Singleton,open_special,Swiss Weekend,swiss,4,2021-02-21T17:06:19Z,bf:5e889af67a9c4c10932a6ca9,bf:601a74d5f4761b1d98293c14,0,0,0,0
battlefy,601d714ddca2311bb626f1dc,Kards Open: Singleton,open_special,Swiss Weekend,swiss,5,2021-02-21T17:23:55Z,bf:5ec038e2256baa1d38011a05,bf:6019ce668e21aa1d188c190d,2,0,1,1
battlefy,601d714ddca2311bb626f1dc,Kards Open: Singleton,open_special,Swiss Weekend,swiss,5,2021-02-21T17:24:56Z,bf:602c22cdabb67b53bb4c4954,bf:5f362c8703dbcc11d58d78e3,0,2,2,1
battlefy,601d714ddca2311bb626f1dc,Kards Open: Singleton,open_special,Swiss Weekend,swiss,5,2021-02-21T17:27:23Z,bf:5ec2a6dafd8a561535cde2a5,bf:5f32c6147bd80311ab78193f,0,2,2,1
battlefy,601d714ddca2311bb626f1dc,Kards Open: Singleton,open_special,Swiss Weekend,swiss,5,2021-02-21T17:30:44Z,bf:5f10c966160c3f2239e92921,bf:5e6a39a3f1f90c345a8e7fcd,0,2,2,1
battlefy,601d714ddca2311bb626f1dc,Kards Open: Singleton,open_special,Swiss Weekend,swiss,5,2021-02-21T17:31:37Z,bf:5f11d247160c3f2239e940a4,bf:5dadf6683f9f8d27e2e9cc0b,0,2,2,1
battlefy,601d714ddca2311bb626f1dc,Kards Open: Singleton,open_special,Swiss Weekend,swiss,5,2021-02-21T17:32:09Z,bf:602d35b5e953470c8c2eb398,bf:602efa92d7a4147c1146d997,0,2,2,1
battlefy,601d714ddca2311bb626f1dc,Kards Open: Singleton,open_special,Swiss Weekend,swiss,5,2021-02-21T17:36:39Z,bf:601ae997fb69622ad6617823,bf:602bf7e108d6c576f70885be,1,2,2,1
battlefy,601d714ddca2311bb626f1dc,Kards Open: Singleton,open_special,Swiss Weekend,swiss,5,2021-02-21T17:37:00Z,bf:5f0f3d9e7c4df3491abfe047,bf:601ad0d4bccfe11bd7952790,2,0,1,1
battlefy,601d714ddca2311bb626f1dc,Kards Open: Singleton,open_special,Swiss Weekend,swiss,5,2021-02-21T17:38:37Z,bf:5f109d917a5f692572240090,bf:5fc13c6e4a99f533280c7373,2,0,1,1
battlefy,601d714ddca2311bb626f1dc,Kards Open: Singleton,open_special,Swiss Weekend,swiss,5,2021-02-21T17:40:00Z,bf:6030551a73965f35ae461762,bf:5fc2cfeb2350e111ca3e4a6e,2,0,1,1
battlefy,601d714ddca2311bb626f1dc,Kards Open: Singleton,open_special,Swiss Weekend,swiss,5,2021-02-21T17:43:14Z,bf:601e92a7e5c01375db7f5de8,bf:602f98dc95b59911a33166f5,2,1,1,1
battlefy,601d714ddca2311bb626f1dc,Kards Open: Singleton,open_special,Swiss Weekend,swiss,5,2021-02-21T17:44:22Z,bf:601d334704309b1b93074798,bf:601c9f9ef8251e1bb7eb0fb5,1,2,2,1
battlefy,601d714ddca2311bb626f1dc,Kards Open: Singleton,open_special,Swiss Weekend,swiss,5,2021-02-21T17:44:26Z,bf:601e4222507c147700ac949d,bf:602c2018507c147700acf905,1,2,2,1
battlefy,601d714ddca2311bb626f1dc,Kards Open: Singleton,open_special,Swiss Weekend,swiss,5,2021-02-21T17:47:25Z,bf:5bef1fd422a55803cb340a40,bf:5f0cd40c3087a65e039603f4,0,2,2,1
battlefy,601d714ddca2311bb626f1dc,Kards Open: Singleton,open_special,Swiss Weekend,swiss,5,2021-02-21T17:49:21Z,bf:5fbc4040adfefd64e8c8fd73,bf:5f0e67fdf26046593189c71c,2,1,1,1
battlefy,601d714ddca2311bb626f1dc,Kards Open: Singleton,open_special,Swiss Weekend,swiss,5,2021-02-21T17:55:28Z,bf:601cb9e68f8ab5604536225b,bf:5ebd9402b92b28521a098ec8,1,2,2,1
battlefy,601d714ddca2311bb626f1dc,Kards Open: Singleton,open_special,Swiss Weekend,swiss,5,2021-02-21T17:56:54Z,bf:602c0e5389472a782b9cbc26,bf:602d5acba74cc17c31b7d9af,2,1,1,1
battlefy,601d714ddca2311bb626f1dc,Kards Open: Singleton,open_special,Swiss Weekend,swiss,5,2021-02-21T18:20:29Z,bf:5eb7670e5e789b4b50a06de2,bf:5fa3da8e11743771ade92018,1,2,2,1
battlefy,601d714ddca2311bb626f1dc,Kards Open: Singleton,open_special,Swiss Weekend,swiss,6,2021-02-21T18:40:16Z,bf:602d35b5e953470c8c2eb398,bf:6030551a73965f35ae461762,0,2,2,1
battlefy,601d714ddca2311bb626f1dc,Kards Open: Singleton,open_special,Swiss Weekend,swiss,6,2021-02-21T18:43:17Z,bf:5f32c6147bd80311ab78193f,bf:5ebd9402b92b28521a098ec8,0,2,2,1
battlefy,601d714ddca2311bb626f1dc,Kards Open: Singleton,open_special,Swiss Weekend,swiss,6,2021-02-21T18:46:16Z,bf:601cb9e68f8ab5604536225b,bf:602d5acba74cc17c31b7d9af,2,0,1,1
battlefy,601d714ddca2311bb626f1dc,Kards Open: Singleton,open_special,Swiss Weekend,swiss,6,2021-02-21T18:48:59Z,bf:5fc13c6e4a99f533280c7373,bf:602bf7e108d6c576f70885be,2,0,1,1
battlefy,601d714ddca2311bb626f1dc,Kards Open: Singleton,open_special,Swiss Weekend,swiss,6,2021-02-21T18:50:38Z,bf:5dadf6683f9f8d27e2e9cc0b,bf:5f0f3d9e7c4df3491abfe047,2,0,1,1
battlefy,601d714ddca2311bb626f1dc,Kards Open: Singleton,open_special,Swiss Weekend,swiss,6,2021-02-21T18:53:14Z,bf:5ec038e2256baa1d38011a05,bf:5eb7670e5e789b4b50a06de2,2,1,1,1
battlefy,601d714ddca2311bb626f1dc,Kards Open: Singleton,open_special,Swiss Weekend,swiss,6,2021-02-21T18:53:50Z,bf:602c2018507c147700acf905,bf:5f10c966160c3f2239e92921,1,2,2,1
battlefy,601d714ddca2311bb626f1dc,Kards Open: Singleton,open_special,Swiss Weekend,swiss,6,2021-02-21T18:57:32Z,bf:601e4222507c147700ac949d,bf:602f98dc95b59911a33166f5,0,2,2,1
battlefy,601d714ddca2311bb626f1dc,Kards Open: Singleton,open_special,Swiss Weekend,swiss,6,2021-02-21T19:03:20Z,bf:5f109d917a5f692572240090,bf:5fa3da8e11743771ade92018,1,2,2,1
battlefy,601d714ddca2311bb626f1dc,Kards Open: Singleton,open_special,Swiss Weekend,swiss,6,2021-02-21T19:05:50Z,bf:602c22cdabb67b53bb4c4954,bf:601ad0d4bccfe11bd7952790,1,2,2,1
battlefy,601d714ddca2311bb626f1dc,Kards Open: Singleton,open_special,Swiss Weekend,swiss,6,2021-02-21T19:06:06Z,bf:601e92a7e5c01375db7f5de8,bf:601ae997fb69622ad6617823,2,1,1,1
battlefy,601d714ddca2311bb626f1dc,Kards Open: Singleton,open_special,Swiss Weekend,swiss,6,2021-02-21T19:08:32Z,bf:5f11d247160c3f2239e940a4,bf:6019ce668e21aa1d188c190d,2,1,1,1
battlefy,601d714ddca2311bb626f1dc,Kards Open: Singleton,open_special,Swiss Weekend,swiss,6,2021-02-21T19:10:24Z,bf:602efa92d7a4147c1146d997,bf:5bef1fd422a55803cb340a40,2,1,1,1
battlefy,601d714ddca2311bb626f1dc,Kards Open: Singleton,open_special,Swiss Weekend,swiss,6,2021-02-21T19:11:45Z,bf:5f0e67fdf26046593189c71c,bf:601c9f9ef8251e1bb7eb0fb5,1,2,2,1
battlefy,601d714ddca2311bb626f1dc,Kards Open: Singleton,open_special,Swiss Weekend,swiss,6,2021-02-21T19:11:51Z,bf:5f362c8703dbcc11d58d78e3,bf:5e6a39a3f1f90c345a8e7fcd,1,2,2,1
battlefy,601d714ddca2311bb626f1dc,Kards Open: Singleton,open_special,Swiss Weekend,swiss,6,2021-02-21T19:14:52Z,bf:601d334704309b1b93074798,bf:5fc2cfeb2350e111ca3e4a6e,2,0,1,1
battlefy,601d714ddca2311bb626f1dc,Kards Open: Singleton,open_special,Swiss Weekend,swiss,6,2021-02-21T19:15:07Z,bf:5fbc4040adfefd64e8c8fd73,bf:602c0e5389472a782b9cbc26,1,2,2,1
battlefy,601d714ddca2311bb626f1dc,Kards Open: Singleton,open_special,Swiss Weekend,swiss,6,2021-02-21T19:19:57Z,bf:5f0cd40c3087a65e039603f4,bf:5ec2a6dafd8a561535cde2a5,2,0,1,1
battlefy,601d714ddca2311bb626f1dc,Kards Open: Singleton,open_special,Top 16,elimination,1,2021-02-27T16:16:07Z,bf:5fa3da8e11743771ade92018,bf:5f0f3d9e7c4df3491abfe047,2,0,1,1
battlefy,601d714ddca2311bb626f1dc,Kards Open: Singleton,open_special,Top 16,elimination,1,2021-02-27T16:20:04Z,bf:5ec038e2256baa1d38011a05,bf:5f32c6147bd80311ab78193f,2,0,1,1
battlefy,601d714ddca2311bb626f1dc,Kards Open: Singleton,open_special,Top 16,elimination,1,2021-02-27T16:37:04Z,bf:5ebd9402b92b28521a098ec8,bf:5fc13c6e4a99f533280c7373,0,2,2,1
battlefy,601d714ddca2311bb626f1dc,Kards Open: Singleton,open_special,Top 16,elimination,1,2021-02-27T16:40:22Z,bf:601cb9e68f8ab5604536225b,bf:5fbc4040adfefd64e8c8fd73,1,2,2,1
battlefy,601d714ddca2311bb626f1dc,Kards Open: Singleton,open_special,Top 16,elimination,1,2021-02-27T16:42:26Z,bf:602c0e5389472a782b9cbc26,bf:5dadf6683f9f8d27e2e9cc0b,0,2,2,1
battlefy,601d714ddca2311bb626f1dc,Kards Open: Singleton,open_special,Top 16,elimination,1,2021-02-27T16:42:52Z,bf:5f0cd40c3087a65e039603f4,bf:602d5acba74cc17c31b7d9af,2,1,1,1
battlefy,601d714ddca2311bb626f1dc,Kards Open: Singleton,open_special,Top 16,elimination,1,2021-02-27T16:45:02Z,bf:5f109d917a5f692572240090,bf:5e6a39a3f1f90c345a8e7fcd,2,0,1,1
battlefy,601d714ddca2311bb626f1dc,Kards Open: Singleton,open_special,Top 16,elimination,1,2021-02-27T16:53:31Z,bf:5eb7670e5e789b4b50a06de2,bf:602efa92d7a4147c1146d997,1,2,2,1
battlefy,601d714ddca2311bb626f1dc,Kards Open: Singleton,open_special,Top 16,elimination,2,2021-02-27T17:22:00Z,bf:5f109d917a5f692572240090,bf:5ec038e2256baa1d38011a05,2,0,1,1
battlefy,601d714ddca2311bb626f1dc,Kards Open: Singleton,open_special,Top 16,elimination,2,2021-02-27T17:23:12Z,bf:5f0cd40c3087a65e039603f4,bf:602efa92d7a4147c1146d997,2,0,1,1
battlefy,601d714ddca2311bb626f1dc,Kards Open: Singleton,open_special,Top 16,elimination,2,2021-02-27T17:48:39Z,bf:5fa3da8e11743771ade92018,bf:5fbc4040adfefd64e8c8fd73,2,1,1,1
battlefy,601d714ddca2311bb626f1dc,Kards Open: Singleton,open_special,Top 16,elimination,2,2021-02-27T18:04:56Z,bf:5fc13c6e4a99f533280c7373,bf:5dadf6683f9f8d27e2e9cc0b,0,2,2,1
battlefy,601d714ddca2311bb626f1dc,Kards Open: Singleton,open_special,Top 16,elimination,3,2021-02-27T18:40:05Z,bf:5fa3da8e11743771ade92018,bf:5f109d917a5f692572240090,1,2,2,1
battlefy,601d714ddca2311bb626f1dc,Kards Open: Singleton,open_special,Top 16,elimination,3,2021-02-27T19:24:07Z,bf:5f0cd40c3087a65e039603f4,bf:5dadf6683f9f8d27e2e9cc0b,2,1,1,1
battlefy,601d714ddca2311bb626f1dc,Kards Open: Singleton,open_special,Top 16,elimination,0,2021-02-27T20:02:35Z,bf:5fa3da8e11743771ade92018,bf:5dadf6683f9f8d27e2e9cc0b,0,2,2,1
battlefy,601d714ddca2311bb626f1dc,Kards Open: Singleton,open_special,Top 16,elimination,4,2021-02-27T20:14:15Z,bf:5f109d917a5f692572240090,bf:5f0cd40c3087a65e039603f4,2,0,1,1
battlefy,603fcc65fb33435149c2db8b,Kards Blitz - Day I: Block A 1700,community,Qualifier,elimination,1,2021-03-16T17:09:43Z,bf:5d0fba42acc6ed329c51837f,bf:5ec5e7746951c62d86f53235,2,0,1,1
battlefy,603fcc65fb33435149c2db8b,Kards Blitz - Day I: Block A 1700,community,Qualifier,elimination,1,2021-03-16T17:17:22Z,bf:5fc241c1f1aa2511d7251933,bf:6050dd83d164f74b8e7830f8,0,2,2,1
battlefy,603fcc65fb33435149c2db8b,Kards Blitz - Day I: Block A 1700,community,Qualifier,elimination,1,2021-03-16T17:21:31Z,bf:5f10c966160c3f2239e92921,bf:5f11d247160c3f2239e940a4,0,2,2,1
battlefy,603fcc65fb33435149c2db8b,Kards Blitz - Day I: Block A 1700,community,Qualifier,elimination,1,2021-03-16T17:22:28Z,bf:5f4965bb76b8305ffaa36866,bf:5f4318d1681ff84ab5ec92f9,2,0,1,1
battlefy,603fcc65fb33435149c2db8b,Kards Blitz - Day I: Block A 1700,community,Qualifier,elimination,1,2021-03-16T17:26:48Z,bf:6050d6e6df9c3817d1e02310,bf:6050d83f99327f4b6234ea93,0,2,2,1
battlefy,603fcc65fb33435149c2db8b,Kards Blitz - Day I: Block A 1700,community,Qualifier,elimination,1,2021-03-16T17:32:13Z,bf:5c3b6b20304450039e51c054,bf:60509713496ba24d0604cc08,2,0,1,1
battlefy,603fcc65fb33435149c2db8b,Kards Blitz - Day I: Block A 1700,community,Qualifier,elimination,1,2021-03-16T17:34:26Z,bf:58e41837fad5530333b01b98,bf:601e60c914499975b676db49,0,2,2,1
battlefy,603fcc65fb33435149c2db8b,Kards Blitz - Day I: Block A 1700,community,Qualifier,elimination,1,2021-03-16T17:45:12Z,bf:5f109d917a5f692572240090,bf:5ebd9402b92b28521a098ec8,2,1,1,1
battlefy,603fcc65fb33435149c2db8b,Kards Blitz - Day I: Block A 1700,community,Qualifier,elimination,2,2021-03-16T17:45:32Z,bf:5f11d247160c3f2239e940a4,bf:5f4965bb76b8305ffaa36866,1,2,2,1
battlefy,603fcc65fb33435149c2db8b,Kards Blitz - Day I: Block A 1700,community,Qualifier,elimination,2,2021-03-16T17:52:14Z,bf:6050d83f99327f4b6234ea93,bf:6050dd83d164f74b8e7830f8,1,2,2,1
battlefy,603fcc65fb33435149c2db8b,Kards Blitz - Day I: Block A 1700,community,Qualifier,elimination,2,2021-03-16T18:08:28Z,bf:5d0fba42acc6ed329c51837f,bf:5c3b6b20304450039e51c054,1,2,2,1
battlefy,60479e13e563ed4f24bf9c6b,Kards Blitz - Day I: Block A 1800,community,Qualifier,elimination,1,2021-03-16T18:15:13Z,bf:5f1520542cba8f11c2a44c16,bf:6030551a73965f35ae461762,0,2,2,1
battlefy,60479e13e563ed4f24bf9c6b,Kards Blitz - Day I: Block A 1800,community,Qualifier,elimination,1,2021-03-16T18:15:48Z,bf:602d5acba74cc17c31b7d9af,bf:602d56c8a74cc17c31b7d95d,0,2,2,1
battlefy,60479e13e563ed4f24bf9c6b,Kards Blitz - Day I: Block A 1800,community,Qualifier,elimination,1,2021-03-16T18:16:28Z,bf:5dadf6683f9f8d27e2e9cc0b,bf:5fbef0144d01f9313d135b11,2,0,1,1
battlefy,603fcc65fb33435149c2db8b,Kards Blitz - Day I: Block A 1700,community,Qualifier,elimination,2,2021-03-16T18:18:08Z,bf:601e60c914499975b676db49,bf:5f109d917a5f692572240090,1,2,2,1
battlefy,60479e13e563ed4f24bf9c6b,Kards Blitz - Day I: Block A 1800,community,Qualifier,elimination,1,2021-03-16T18:22:54Z,bf:601ae997fb69622ad6617823,bf:5fa5ede611743771ade94108,0,2,2,1
battlefy,60479e13e563ed4f24bf9c6b,Kards Blitz - Day I: Block A 1800,community,Qualifier,elimination,1,2021-03-16T18:23:51Z,bf:5f32c6147bd80311ab78193f,bf:602aa3c2a9de5d119d53bf98,2,0,1,1
battlefy,60479e13e563ed4f24bf9c6b,Kards Blitz - Day I: Block A 1800,community,Qualifier,elimination,1,2021-03-16T18:23:51Z,bf:6050d3cb1ca3d756eb018d27,bf:604fca24403e2d4adec4cf05,2,0,1,1
battlefy,60479e13e563ed4f24bf9c6b,Kards Blitz - Day I: Block A 1800,community,Qualifier,elimination,1,2021-03-16T18:32:09Z,bf:5fbebdee043fd20cdf90cfaf,bf:6050d1a6cbd09156d261d712,2,1,1,1
battlefy,60479e13e563ed4f24bf9c6b,Kards Blitz - Day I: Block A 1800,community,Qualifier,elimination,1,2021-03-16T18:32:59Z,bf:5fb6da26eb92fe047543c823,bf:6050e53b3ae2c317e32bca56,1,2,2,1
battlefy,603fcc65fb33435149c2db8b,Kards Blitz - Day I: Block A 1700,community,Qualifier,elimination,3,2021-03-16T18:34:51Z,bf:5f4965bb76b8305ffaa36866,bf:5c3b6b20304450039e51c054,1,2,2,1
battlefy,60479e13e563ed4f24bf9c6b,Kards Blitz - Day I: Block A 1800,community,Qualifier,elimination,2,2021-03-16T18:41:15Z,bf:5dadf6683f9f8d27e2e9cc0b,bf:6030551a73965f35ae461762,1,2,2,1
battlefy,60479e13e563ed4f24bf9c6b,Kards Blitz - Day I: Block A 1800,community,Qualifier,elimination,2,2021-03-16T18:48:34Z,bf:602d56c8a74cc17c31b7d95d,bf:5fbebdee043fd20cdf90cfaf,0,2,2,1
battlefy,60479e13e563ed4f24bf9c6b,Kards Blitz - Day I: Block A 1800,community,Qualifier,elimination,2,2021-03-16T18:50:37Z,bf:6050e53b3ae2c317e32bca56,bf:5fa5ede611743771ade94108,0,2,2,1
battlefy,60479e13e563ed4f24bf9c6b,Kards Blitz - Day I: Block A 1800,community,Qualifier,elimination,2,2021-03-16T18:51:31Z,bf:5f32c6147bd80311ab78193f,bf:6050d3cb1ca3d756eb018d27,2,0,1,1
battlefy,603fcc65fb33435149c2db8b,Kards Blitz - Day I: Block A 1700,community,Qualifier,elimination,3,2021-03-16T18:51:45Z,bf:6050dd83d164f74b8e7830f8,bf:5f109d917a5f692572240090,1,2,2,1
battlefy,60479e13e563ed4f24bf9c6b,Kards Blitz - Day I: Block A 1800,community,Qualifier,elimination,3,2021-03-16T19:10:27Z,bf:5fa5ede611743771ade94108,bf:5f32c6147bd80311ab78193f,2,0,1,1
battlefy,60479eed4277284e9393bec1,Kards Blitz - Day I: Block A 1900,community,Qualifier,elimination,1,2021-03-16T19:12:29Z,bf:5ec5e7746951c62d86f53235,bf:5ebd9402b92b28521a098ec8,0,2,2,1
battlefy,60479eed4277284e9393bec1,Kards Blitz - Day I: Block A 1900,community,Qualifier,elimination,1,2021-03-16T19:12:52Z,bf:5f1493df1c8cdf16056f8bc9,bf:6040deb7c12b5c4f046bd81a,0,2,2,1
battlefy,60479eed4277284e9393bec1,Kards Blitz - Day I: Block A 1900,community,Qualifier,elimination,1,2021-03-16T19:13:36Z,bf:564e7b5b80b8db4a00c4ff9c,bf:5fa3da8e11743771ade92018,2,0,1,1
battlefy,60479eed4277284e9393bec1,Kards Blitz - Day I: Block A 1900,community,Qualifier,elimination,1,2021-03-16T19:14:27Z,bf:58e41837fad5530333b01b98,bf:5eb65df574f31a11dd226b38,0,2,2,1
battlefy,603fcc65fb33435149c2db8b,Kards Blitz - Day I: Block A 1700,community,Qualifier,elimination,4,2021-03-16T19:16:37Z,bf:5c3b6b20304450039e51c054,bf:5f109d917a5f692572240090,0,2,2,1
battlefy,60479eed4277284e9393bec1,Kards Blitz - Day I: Block A 1900,community,Qualifier,elimination,1,2021-03-16T19:20:16Z,bf:5fa2011d11743771ade90dee,bf:5ec99a6d5cb5d5345c7fdf7c,1,2,2,1
battlefy,60479eed4277284e9393bec1,Kards Blitz - Day I: Block A 1900,community,Qualifier,elimination,1,2021-03-16T19:20:24Z,bf:5f0cd40c3087a65e039603f4,bf:5f10c966160c3f2239e92921,2,0,1,1
battlefy,60479e13e563ed4f24bf9c6b,Kards Blitz - Day I: Block A 1800,community,Qualifier,elimination,3,2021-03-16T19:23:06Z,bf:5fbebdee043fd20cdf90cfaf,bf:6030551a73965f35ae461762,2,1,1,1
battlefy,60479eed4277284e9393bec1,Kards Blitz - Day I: Block A 1900,community,Qualifier,elimination,1,2021-03-16T19:27:47Z,bf:604e70169811de4a8929cc66,bf:601ad0d4bccfe11bd7952790,0,2,2,1
battlefy,60479eed4277284e9393bec1,Kards Blitz - Day I: Block A 1900,community,Qualifier,elimination,1,2021-03-16T19:28:20Z,bf:5bef1fd422a55803cb340a40,bf:5f362c8703dbcc11d58d78e3,1,2,2,1
battlefy,60479eed4277284e9393bec1,Kards Blitz - Day I: Block A 1900,community,Qualifier,elimination,2,2021-03-16T19:30:34Z,bf:5ebd9402b92b28521a098ec8,bf:564e7b5b80b8db4a00c4ff9c,1,2,2,1
battlefy,60479e13e563ed4f24bf9c6b,Kards Blitz - Day I: Block A 1800,community,Qualifier,elimination,4,2021-03-16T19:38:26Z,bf:5fa5ede611743771ade94108,bf:5fbebdee043fd20cdf90cfaf,2,0,1,1
battlefy,60479eed4277284e9393bec1,Kards Blitz - Day I: Block A 1900,community,Qualifier,elimination,2,2021-03-16T19:46:58Z,bf:5eb65df574f31a11dd226b38,bf:5f362c8703dbcc11d58d78e3,1,2,2,1
battlefy,60479eed4277284e9393bec1,Kards Blitz - Day I: Block A 1900,community,Qualifier,elimination,2,2021-03-16T19:47:33Z,bf:5f0cd40c3087a65e039603f4,bf:601ad0d4bccfe11bd7952790,2,0,1,1
battlefy,60479eed4277284e9393bec1,Kards Blitz - Day I: Block A 1900,community,Qualifier,elimination,2,2021-03-16T19:51:20Z,bf:6040deb7c12b5c4f046bd81a,bf:5ec99a6d5cb5d5345c7fdf7c,1,2,2,1
battlefy,60479eed4277284e9393bec1,Kards Blitz - Day I: Block A 1900,community,Qualifier,elimination,3,2021-03-16T20:04:43Z,bf:5ec99a6d5cb5d5345c7fdf7c,bf:564e7b5b80b8db4a00c4ff9c,2,0,1,1
battlefy,60479eed4277284e9393bec1,Kards Blitz - Day I: Block A 1900,community,Qualifier,elimination,3,2021-03-16T20:11:30Z,bf:5f362c8703dbcc11d58d78e3,bf:5f0cd40c3087a65e039603f4,0,2,2,1
battlefy,60479f580ed3505158ad9471,Kards Blitz - Day I: Block A 2000,community,Qualifier,elimination,1,2021-03-16T20:12:01Z,bf:602d5acba74cc17c31b7d9af,bf:5fc241c1f1aa2511d7251933,2,0,1,1
battlefy,60479f580ed3505158ad9471,Kards Blitz - Day I: Block A 2000,community,Qualifier,elimination,1,2021-03-16T20:16:15Z,bf:5f1520542cba8f11c2a44c16,bf:5f32c6147bd80311ab78193f,0,2,2,1
battlefy,60479f580ed3505158ad9471,Kards Blitz - Day I: Block A 2000,community,Qualifier,elimination,1,2021-03-16T20:20:33Z,bf:6050d1a6cbd09156d261d712,bf:602c0e5389472a782b9cbc26,1,2,2,1
battlefy,60479f580ed3505158ad9471,Kards Blitz - Day I: Block A 2000,community,Qualifier,elimination,1,2021-03-16T20:24:15Z,bf:5eb65df574f31a11dd226b38,bf:5dadf6683f9f8d27e2e9cc0b,2,0,1,1
battlefy,60479f580ed3505158ad9471,Kards Blitz - Day I: Block A 2000,community,Qualifier,elimination,1,2021-03-16T20:25:22Z,bf:603aca86a4a3f111939e5346,bf:5eb62f23aefaaf170fa23f33,0,2,2,1
battlefy,60479f580ed3505158ad9471,Kards Blitz - Day I: Block A 2000,community,Qualifier,elimination,1,2021-03-16T20:43:39Z,bf:5fb6da26eb92fe047543c823,bf:6050ef19d164f74b8e7831f1,2,0,1,1
battlefy,60479f580ed3505158ad9471,Kards Blitz - Day I: Block A 2000,community,Qualifier,elimination,2,2021-03-16T20:44:14Z,bf:5eb62f23aefaaf170fa23f33,bf:5f32c6147bd80311ab78193f,1,2,2,1
battlefy,60479f580ed3505158ad9471,Kards Blitz - Day I: Block A 2000,community,Qualifier,elimination,1,2021-03-16T20:47:53Z,bf:601ae997fb69622ad6617823,bf:5fa467df4eb3c2458669c29a,1,2,2,1
battlefy,60479eed4277284e9393bec1,Kards Blitz - Day I: Block A 1900,community,Qualifier,elimination,4,2021-03-16T20:51:50Z,bf:5f0cd40c3087a65e039603f4,bf:5ec99a6d5cb5d5345c7fdf7c,2,1,1,1
battlefy,60479f580ed3505158ad9471,Kards Blitz - Day I: Block A 2000,community,Qualifier,elimination,1,2021-03-16T20:55:06Z,bf:601ad0d4bccfe11bd7952790,bf:604fca24403e2d4adec4cf05,2,1,1,1
battlefy,60479f580ed3505158ad9471,Kards Blitz - Day I: Block A 2000,community,Qualifier,elimination,2,2021-03-16T21:12:48Z,bf:5fb6da26eb92fe047543c823,bf:5eb65df574f31a11dd226b38,2,1,1,1
battlefy,60479f580ed3505158ad9471,Kards Blitz - Day I: Block A 2000,community,Qualifier,elimination,2,2021-03-16T21:20:34Z,bf:5fa467df4eb3c2458669c29a,bf:602c0e5389472a782b9cbc26,2,1,1,1
battlefy,60479f580ed3505158ad9471,Kards Blitz - Day I: Block A 2000,community,Qualifier,elimination,2,2021-03-16T21:22:23Z,bf:602d5acba74cc17c31b7d9af,bf:601ad0d4bccfe11bd7952790,2,0,1,1
battlefy,60479f580ed3505158ad9471,Kards Blitz - Day I: Block A 2000,community,Qualifier,elimination,3,2021-03-16T21:40:45Z,bf:5fa467df4eb3c2458669c29a,bf:5f32c6147bd80311ab78193f,2,0,1,1
battlefy,60479f580ed3505158ad9471,Kards Blitz - Day I: Block A 2000,community,Qualifier,elimination,3,2021-03-16T21:44:46Z,bf:5fb6da26eb92fe047543c823,bf:602d5acba74cc17c31b7d9af,2,0,1,1
battlefy,60479f580ed3505158ad9471,Kards Blitz - Day I: Block A 2000,community,Qualifier,elimination,4,2021-03-16T22:13:46Z,bf:5fb6da26eb92fe047543c823,bf:5fa467df4eb3c2458669c29a,1,2,2,1
battlefy,60479fa94277284e9393bece,Kards Blitz - Day I: Block B 2300,community,Qualifier,elimination,1,2021-03-16T23:21:22Z,bf:602aa3c2a9de5d119d53bf98,bf:5f0df84e824086475be264b7,0,2,2,1
battlefy,60479fa94277284e9393bece,Kards Blitz - Day I: Block B 2300,community,Qualifier,elimination,1,2021-03-16T23:21:44Z,bf:5ec99a6d5cb5d5345c7fdf7c,bf:5ec5e7746951c62d86f53235,1,2,2,1
battlefy,60479fa94277284e9393bece,Kards Blitz - Day I: Block B 2300,community,Qualifier,elimination,1,2021-03-16T23:23:46Z,bf:5eb65df574f31a11dd226b38,bf:5fa2011d11743771ade90dee,1,2,2,1
battlefy,60479fa94277284e9393bece,Kards Blitz - Day I: Block B 2300,community,Qualifier,elimination,1,2021-03-16T23:25:42Z,bf:5fb0acb4eb92fe047543807d,bf:5fbeb056698db1048d27b5bd,1,2,2,1
battlefy,60479fa94277284e9393bece,Kards Blitz - Day I: Block B 2300,community,Qualifier,elimination,1,2021-03-16T23:26:03Z,bf:58e41837fad5530333b01b98,bf:5f32c6147bd80311ab78193f,1,2,2,1
battlefy,60479fa94277284e9393bece,Kards Blitz - Day I: Block B 2300,community,Qualifier,elimination,1,2021-03-16T23:29:34Z,bf:5f362c8703dbcc11d58d78e3,bf:6030551a73965f35ae461762,1,2,2,1
battlefy,60479fa94277284e9393bece,Kards Blitz - Day I: Block B 2300,community,Qualifier,elimination,1,2021-03-16T23:33:01Z,bf:601ae997fb69622ad6617823,bf:601ad0d4bccfe11bd7952790,2,1,1,1
battlefy,60479fa94277284e9393bece,Kards Blitz - Day I: Block B 2300,community,Qualifier,elimination,2,2021-03-16T23:42:01Z,bf:5f0df84e824086475be264b7,bf:5fa2011d11743771ade90dee,0,2,2,1
battlefy,60479fa94277284e9393bece,Kards Blitz - Day I: Block B 2300,community,Qualifier,elimination,1,2021-03-16T23:42:59Z,bf:5f0dde2dc47339351f7f7715,bf:5c4dca4fa9f6820352797666,0,2,2,1
battlefy,60479fa94277284e9393bece,Kards Blitz - Day I: Block B 2300,community,Qualifier,elimination,2,2021-03-16T23:55:50Z,bf:6030551a73965f35ae461762,bf:5fbeb056698db1048d27b5bd,2,1,1,1
battlefy,60479fa94277284e9393bece,Kards Blitz - Day I: Block B 2300,community,Qualifier,elimination,2,2021-03-17T00:04:43Z,bf:601ae997fb69622ad6617823,bf:5f32c6147bd80311ab78193f,2,1,1,1
battlefy,60479ffd9d627469d76ebb97,Kards Blitz - Day I: Block B 2400,community,Qualifier,elimination,2,2021-03-17T00:12:45Z,bf:60512d7ad4a62c0ade6cde46,bf:5ec99a6d5cb5d5345c7fdf7c,0,2,2,1
battlefy,60479ffd9d627469d76ebb97,Kards Blitz - Day I: Block B 2400,community,Qualifier,elimination,2,2021-03-17T00:16:15Z,bf:5f1520542cba8f11c2a44c16,bf:58e41837fad5530333b01b98,1,2,2,1
battlefy,60479fa94277284e9393bece,Kards Blitz - Day I: Block B 2300,community,Qualifier,elimination,2,2021-03-17T00:16:17Z,bf:5c4dca4fa9f6820352797666,bf:5ec5e7746951c62d86f53235,2,0,1,1
battlefy,60479fa94277284e9393bece,Kards Blitz - Day I: Block B 2300,community,Qualifier,elimination,3,2021-03-17T00:16:51Z,bf:6030551a73965f35ae461762,bf:5fa2011d11743771ade90dee,0,2,2,1
battlefy,60479ffd9d627469d76ebb97,Kards Blitz - Day I: Block B 2400,community,Qualifier,elimination,2,2021-03-17T00:26:37Z,bf:601ad0d4bccfe11bd7952790,bf:5ebd9402b92b28521a098ec8,1,2,2,1
battlefy,60479ffd9d627469d76ebb97,Kards Blitz - Day I: Block B 2400,community,Qualifier,elimination,2,2021-03-17T00:27:12Z,bf:60512d0b3ae2c317e32bcf66,bf:5f362c8703dbcc11d58d78e3,0,2,2,1
battlefy,60479ffd9d627469d76ebb97,Kards Blitz - Day I: Block B 2400,community,Qualifier,elimination,1,2021-03-17T00:28:04Z,bf:5f122bf8b4738624c4273b13,bf:5ec038e2256baa1d38011a05,0,2,2,1
battlefy,60479ffd9d627469d76ebb97,Kards Blitz - Day I: Block B 2400,community,Qualifier,elimination,2,2021-03-17T00:28:12Z,bf:5f113e2cd04bae257fc195f6,bf:5fb0acb4eb92fe047543807d,2,1,1,1
battlefy,60479fa94277284e9393bece,Kards Blitz - Day I: Block B 2300,community,Qualifier,elimination,3,2021-03-17T00:32:15Z,bf:5c4dca4fa9f6820352797666,bf:601ae997fb69622ad6617823,0,2,2,1
battlefy,60479ffd9d627469d76ebb97,Kards Blitz - Day I: Block B 2400,community,Qualifier,elimination,2,2021-03-17T00:33:19Z,bf:5d0fba42acc6ed329c51837f,bf:602aa3c2a9de5d119d53bf98,2,0,1,1
battlefy,60479ffd9d627469d76ebb97,Kards Blitz - Day I: Block B 2400,community,Qualifier,elimination,3,2021-03-17T00:41:49Z,bf:5ebd9402b92b28521a098ec8,bf:5f362c8703dbcc11d58d78e3,0,2,2,1
battlefy,60479ffd9d627469d76ebb97,Kards Blitz - Day I: Block B 2400,community,Qualifier,elimination,2,2021-03-17T00:44:10Z,bf:564e7b5b80b8db4a00c4ff9c,bf:5ec038e2256baa1d38011a05,2,1,1,1
battlefy,60479fa94277284e9393bece,Kards Blitz - Day I: Block B 2300,community,Qualifier,elimination,4,2021-03-17T00:45:30Z,bf:601ae997fb69622ad6617823,bf:5fa2011d11743771ade90dee,0,2,2,1
battlefy,60479ffd9d627469d76ebb97,Kards Blitz - Day I: Block B 2400,community,Qualifier,elimination,1,2021-03-17T00:47:07Z,bf:5dcafdd3c441a42c5826f5a6,bf:5f0dde2dc47339351f7f7715,1,2,2,1
battlefy,60479ffd9d627469d76ebb97,Kards Blitz - Day I: Block B 2400,community,Qualifier,elimination,3,2021-03-17T00:49:27Z,bf:5f113e2cd04bae257fc195f6,bf:58e41837fad5530333b01b98,2,1,1,1
battlefy,60479ffd9d627469d76ebb97,Kards Blitz - Day I: Block B 2400,community,Qualifier,elimination,3,2021-03-17T01:01:30Z,bf:564e7b5b80b8db4a00c4ff9c,bf:5d0fba42acc6ed329c51837f,2,0,1,1
battlefy,6047a0423e85e24eb33117f8,Kards Blitz - Day I: Block B 0100,community,Qualifier,elimination,1,2021-03-17T01:11:05Z,bf:60514c101ca3d756eb01932e,bf:5ebd9402b92b28521a098ec8,2,0,1,1
battlefy,6047a0423e85e24eb33117f8,Kards Blitz - Day I: Block B 0100,community,Qualifier,elimination,1,2021-03-17T01:16:47Z,bf:5fb0acb4eb92fe047543807d,bf:5f122bf8b4738624c4273b13,2,0,1,1
battlefy,6047a0423e85e24eb33117f8,Kards Blitz - Day I: Block B 0100,community,Qualifier,elimination,2,2021-03-17T01:16:47Z,bf:5fbeb056698db1048d27b5bd,bf:6030551a73965f35ae461762,0,2,2,1
battlefy,60479ffd9d627469d76ebb97,Kards Blitz - Day I: Block B 2400,community,Qualifier,elimination,2,2021-03-17T01:16:48Z,bf:5fbebdee043fd20cdf90cfaf,bf:5f0dde2dc47339351f7f7715,2,1,1,1
battlefy,6047a0423e85e24eb33117f8,Kards Blitz - Day I: Block B 0100,community,Qualifier,elimination,2,2021-03-17T01:18:04Z,bf:5ec038e2256baa1d38011a05,bf:59510971a6bcbb032c126dea,0,2,2,1
battlefy,60479ffd9d627469d76ebb97,Kards Blitz - Day I: Block B 2400,community,Qualifier,elimination,4,2021-03-17T01:22:08Z,bf:564e7b5b80b8db4a00c4ff9c,bf:5f362c8703dbcc11d58d78e3,2,1,1,1
battlefy,60479ffd9d627469d76ebb97,Kards Blitz - Day I: Block B 2400,community,Qualifier,elimination,3,2021-03-17T01:27:36Z,bf:5fbebdee043fd20cdf90cfaf,bf:5ec99a6d5cb5d5345c7fdf7c,0,2,2,1
battlefy,6047a0423e85e24eb33117f8,Kards Blitz - Day I: Block B 0100,community,Qualifier,elimination,2,2021-03-17T01:35:58Z,bf:601ad0d4bccfe11bd7952790,bf:60514c101ca3d756eb01932e,2,0,1,1
battlefy,6047a0423e85e24eb33117f8,Kards Blitz - Day I: Block B 0100,community,Qualifier,elimination,2,2021-03-17T01:47:10Z,bf:5bef1fd422a55803cb340a40,bf:5fb0acb4eb92fe047543807d,2,1,1,1
battlefy,6047a0423e85e24eb33117f8,Kards Blitz - Day I: Block B 0100,community,Qualifier,elimination,3,2021-03-17T02:04:32Z,bf:5bef1fd422a55803cb340a40,bf:59510971a6bcbb032c126dea,2,0,1,1
battlefy,60479ffd9d627469d76ebb97,Kards Blitz - Day I: Block B 2400,community,Qualifier,elimination,4,2021-03-17T02:06:38Z,bf:5ec99a6d5cb5d5345c7fdf7c,bf:5f113e2cd04bae257fc195f6,1,2,2,1
battlefy,6047a0423e85e24eb33117f8,Kards Blitz - Day I: Block B 0100,community,Qualifier,elimination,3,2021-03-17T02:21:11Z,bf:601ad0d4bccfe11bd7952790,bf:6030551a73965f35ae461762,1,2,2,1
battlefy,60479ffd9d627469d76ebb97,Kards Blitz - Day I: Block B 2400,community,Qualifier,elimination,5,2021-03-17T02:24:06Z,bf:5f113e2cd04bae257fc195f6,bf:564e7b5b80b8db4a00c4ff9c,1,2,2,1
battlefy,6047a08e0affae5c8768d35a,Kards Blitz - Day I: Block B 0200,community,Qualifier,elimination,1,2021-03-17T02:26:21Z,bf:5f0e67fdf26046593189c71c,bf:5ec038e2256baa1d38011a05,1,2,2,1
battlefy,6047a08e0affae5c8768d35a,Kards Blitz - Day I: Block B 0200,community,Qualifier,elimination,1,2021-03-17T02:28:50Z,bf:5c4dca4fa9f6820352797666,bf:5fbebdee043fd20cdf90cfaf,2,0,1,1
battlefy,6047a08e0affae5c8768d35a,Kards Blitz - Day I: Block B 0200,community,Qualifier,elimination,1,2021-03-17T02:32:44Z,bf:60514c101ca3d756eb01932e,bf:5f0dde2dc47339351f7f7715,0,2,2,1
battlefy,6047a08e0affae5c8768d35a,Kards Blitz - Day I: Block B 0200,community,Qualifier,elimination,1,2021-03-17T02:37:47Z,bf:60512d0b3ae2c317e32bcf66,bf:5f10c966160c3f2239e92921,2,1,1,1
battlefy,6047a0423e85e24eb33117f8,Kards Blitz - Day I: Block B 0100,community,Qualifier,elimination,4,2021-03-17T02:41:06Z,bf:5bef1fd422a55803cb340a40,bf:6030551a73965f35ae461762,0,2,2,1
battlefy,6047a08e0affae5c8768d35a,Kards Blitz - Day I: Block B 0200,community,Qualifier,elimination,2,2021-03-17T02:59:00Z,bf:5f0dde2dc47339351f7f7715,bf:5ec038e2256baa1d38011a05,2,0,1,1
battlefy,6047a08e0affae5c8768d35a,Kards Blitz - Day I: Block B 0200,community,Qualifier,elimination,2,2021-03-17T03:16:38Z,bf:5c4dca4fa9f6820352797666,bf:60512d0b3ae2c317e32bcf66,2,1,1,1
battlefy,6047a08e0affae5c8768d35a,Kards Blitz - Day I: Block B 0200,community,Qualifier,elimination,3,2021-03-17T03:55:59Z,bf:5c4dca4fa9f6820352797666,bf:5f0dde2dc47339351f7f7715,2,0,1,1
battlefy,6047a15e3e85e24eb3311804,Kards Blitz - Day II: Block A 1400,community,Qualifier,elimination,1,2021-03-17T14:16:24Z,bf:5eb65df574f31a11dd226b38,bf:602d5acba74cc17c31b7d9af,2,0,1,1
battlefy,6047a15e3e85e24eb3311804,Kards Blitz - Day II: Block A 1400,community,Qualifier,elimination,1,2021-03-17T14:16:37Z,bf:5f1493df1c8cdf16056f8bc9,bf:5f11d247160c3f2239e940a4,0,2,2,1
battlefy,6047a15e3e85e24eb3311804,Kards Blitz - Day II: Block A 1400,community,Qualifier,elimination,1,2021-03-17T14:19:08Z,bf:5f113e2cd04bae257fc195f6,bf:5fbebdee043fd20cdf90cfaf,0,2,2,1
battlefy,6047a15e3e85e24eb3311804,Kards Blitz - Day II: Block A 1400,community,Qualifier,elimination,1,2021-03-17T14:19:43Z,bf:58e41837fad5530333b01b98,bf:5f362c8703dbcc11d58d78e3,1,2,2,1
battlefy,6047a15e3e85e24eb3311804,Kards Blitz - Day II: Block A 1400,community,Qualifier,elimination,1,2021-03-17T14:23:58Z,bf:5f32c6147bd80311ab78193f,bf:6050d1a6cbd09156d261d712,2,1,1,1
battlefy,6047a15e3e85e24eb3311804,Kards Blitz - Day II: Block A 1400,community,Qualifier,elimination,1,2021-03-17T14:25:09Z,bf:5fa3da8e11743771ade92018,bf:5fa3e36b6b9c704abc3f92a0,1,2,2,1
battlefy,6047a15e3e85e24eb3311804,Kards Blitz - Day II: Block A 1400,community,Qualifier,elimination,1,2021-03-17T14:26:36Z,bf:602aa3c2a9de5d119d53bf98,bf:5fbeb056698db1048d27b5bd,0,2,2,1
battlefy,6047a15e3e85e24eb3311804,Kards Blitz - Day II: Block A 1400,community,Qualifier,elimination,2,2021-03-17T14:31:46Z,bf:5f362c8703dbcc11d58d78e3,bf:5fbebdee043fd20cdf90cfaf,2,0,1,1
battlefy,6047a15e3e85e24eb3311804,Kards Blitz - Day II: Block A 1400,community,Qualifier,elimination,1,2021-03-17T14:33:48Z,bf:601ad0d4bccfe11bd7952790,bf:603cfe1ab328151e11b92549,2,1,1,1
battlefy,6047a15e3e85e24eb3311804,Kards Blitz - Day II: Block A 1400,community,Qualifier,elimination,2,2021-03-17T14:41:30Z,bf:5eb65df574f31a11dd226b38,bf:5fa3e36b6b9c704abc3f92a0,2,0,1,1
battlefy,6047a15e3e85e24eb3311804,Kards Blitz - Day II: Block A 1400,community,Qualifier,elimination,2,2021-03-17T14:42:11Z,bf:5fbeb056698db1048d27b5bd,bf:5f11d247160c3f2239e940a4,0,2,2,1
battlefy,6047a15e3e85e24eb3311804,Kards Blitz - Day II: Block A 1400,community,Qualifier,elimination,2,2021-03-17T14:55:44Z,bf:5f32c6147bd80311ab78193f,bf:601ad0d4bccfe11bd7952790,0,2,2,1
battlefy,6047a15e3e85e24eb3311804,Kards Blitz - Day II: Block A 1400,community,Qualifier,elimination,3,2021-03-17T15:00:46Z,bf:5eb65df574f31a11dd226b38,bf:5f362c8703dbcc11d58d78e3,1,2,2,1
battlefy,6047a1ff3e85e24eb331180f,Kards Blitz - Day II: Block A 1500,community,Qualifier,elimination,1,2021-03-17T15:18:01Z,bf:59510971a6bcbb032c126dea,bf:5f113e2cd04bae257fc195f6,2,0,1,1
battlefy,6047a1ff3e85e24eb331180f,Kards Blitz - Day II: Block A 1500,community,Qualifier,elimination,1,2021-03-17T15:19:02Z,bf:5f4965bb76b8305ffaa36866,bf:5f4318d1681ff84ab5ec92f9,2,0,1,1
battlefy,6047a1ff3e85e24eb331180f,Kards Blitz - Day II: Block A 1500,community,Qualifier,elimination,1,2021-03-17T15:21:32Z,bf:57101bc80b3b0f8312f27ec5,bf:58e41837fad5530333b01b98,2,1,1,1
battlefy,6047a1ff3e85e24eb331180f,Kards Blitz - Day II: Block A 1500,community,Qualifier,elimination,1,2021-03-17T15:22:36Z,bf:603aca86a4a3f111939e5346,bf:602aa3c2a9de5d119d53bf98,2,0,1,1
battlefy,6047a1ff3e85e24eb331180f,Kards Blitz - Day II: Block A 1500,community,Qualifier,elimination,1,2021-03-17T15:22:38Z,bf:5ec038e2256baa1d38011a05,bf:601d189a36ceeb11b32b81e2,2,0,1,1
battlefy,6047a1ff3e85e24eb331180f,Kards Blitz - Day II: Block A 1500,community,Qualifier,elimination,1,2021-03-17T15:26:54Z,bf:5bef1fd422a55803cb340a40,bf:603cfe1ab328151e11b92549,2,0,1,1
battlefy,6047a1ff3e85e24eb331180f,Kards Blitz - Day II: Block A 1500,community,Qualifier,elimination,1,2021-03-17T15:27:17Z,bf:5ec2a6dafd8a561535cde2a5,bf:5fbebdee043fd20cdf90cfaf,1,2,2,1
battlefy,6047a1ff3e85e24eb331180f,Kards Blitz - Day II: Block A 1500,community,Qualifier,elimination,1,2021-03-17T15:29:55Z,bf:6050d9c1d164f74b8e7830c0,bf:6051fe41cbd09156d261e80c,0,2,2,1
battlefy,6047a15e3e85e24eb3311804,Kards Blitz - Day II: Block A 1400,community,Qualifier,elimination,3,2021-03-17T15:38:23Z,bf:5f11d247160c3f2239e940a4,bf:601ad0d4bccfe11bd7952790,1,2,2,1
battlefy,6047a1ff3e85e24eb331180f,Kards Blitz - Day II: Block A 1500,community,Qualifier,elimination,2,2021-03-17T15:38:54Z,bf:603aca86a4a3f111939e5346,bf:59510971a6bcbb032c126dea,0,2,2,1
battlefy,6047a1ff3e85e24eb331180f,Kards Blitz - Day II: Block A 1500,community,Qualifier,elimination,2,2021-03-17T15:48:11Z,bf:5bef1fd422a55803cb340a40,bf:5ec038e2256baa1d38011a05,0,2,2,1
battlefy,6047a1ff3e85e24eb331180f,Kards Blitz - Day II: Block A 1500,community,Qualifier,elimination,2,2021-03-17T15:51:42Z,bf:5f4965bb76b8305ffaa36866,bf:57101bc80b3b0f8312f27ec5,1,2,2,1
battlefy,6047a15e3e85e24eb3311804,Kards Blitz - Day II: Block A 1400,community,Qualifier,elimination,4,2021-03-17T15:52:44Z,bf:601ad0d4bccfe11bd7952790,bf:5f362c8703dbcc11d58d78e3,0,2,2,1
battlefy,6047a1ff3e85e24eb331180f,Kards Blitz - Day II: Block A 1500,community,Qualifier,elimination,3,2021-03-17T16:04:08Z,bf:5ec038e2256baa1d38011a05,bf:57101bc80b3b0f8312f27ec5,0,2,2,1
battlefy,6047a1ff3e85e24eb331180f,Kards Blitz - Day II: Block A 1500,community,Qualifier,elimination,2,2021-03-17T16:11:36Z,bf:5fbebdee043fd20cdf90cfaf,bf:6051fe41cbd09156d261e80c,0,2,2,1
battlefy,6047a2409d627469d76ebba6,Kards Blitz - Day II: Block A 1600,community,Qualifier,elimination,1,2021-03-17T16:14:45Z,bf:5fa3e36b6b9c704abc3f92a0,bf:603cfe1ab328151e11b92549,0,2,2,1
battlefy,6047a2409d627469d76ebba6,Kards Blitz - Day II: Block A 1600,community,Qualifier,elimination,1,2021-03-17T16:17:28Z,bf:5dadf6683f9f8d27e2e9cc0b,bf:58e41837fad5530333b01b98,2,0,1,1
battlefy,6047a2409d627469d76ebba6,Kards Blitz - Day II: Block A 1600,community,Qualifier,elimination,1,2021-03-17T16:20:41Z,bf:5f32c6147bd80311ab78193f,bf:602aa3c2a9de5d119d53bf98,2,0,1,1
battlefy,6047a2409d627469d76ebba6,Kards Blitz - Day II: Block A 1600,community,Qualifier,elimination,1,2021-03-17T16:20:45Z,bf:5fb1e014eb92fe0475439152,bf:5f4318d1681ff84ab5ec92f9,0,2,2,1
battlefy,6047a2409d627469d76ebba6,Kards Blitz - Day II: Block A 1600,community,Qualifier,elimination,1,2021-03-17T16:20:49Z,bf:5f1493df1c8cdf16056f8bc9,bf:5f11d247160c3f2239e940a4,0,2,2,1
battlefy,6047a2409d627469d76ebba6,Kards Blitz - Day II: Block A 1600,community,Qualifier,elimination,1,2021-03-17T16:24:31Z,bf:5eb65df574f31a11dd226b38,bf:6050d9c1d164f74b8e7830c0,2,1,1,1
battlefy,6047a2409d627469d76ebba6,Kards Blitz - Day II: Block A 1600,community,Qualifier,elimination,1,2021-03-17T16:25:08Z,bf:5ec99a6d5cb5d5345c7fdf7c,bf:5fbeb056698db1048d27b5bd,2,1,1,1
battlefy,6047a2409d627469d76ebba6,Kards Blitz - Day II: Block A 1600,community,Qualifier,elimination,1,2021-03-17T16:32:07Z,bf:5fa3da8e11743771ade92018,bf:5f0dde2dc47339351f7f7715,2,0,1,1
battlefy,6047a2409d627469d76ebba6,Kards Blitz - Day II: Block A 1600,community,Qualifier,elimination,2,2021-03-17T16:38:00Z,bf:5f32c6147bd80311ab78193f,bf:5dadf6683f9f8d27e2e9cc0b,0,2,2,1
battlefy,6047a1ff3e85e24eb331180f,Kards Blitz - Day II: Block A 1500,community,Qualifier,elimination,3,2021-03-17T16:41:00Z,bf:6051fe41cbd09156d261e80c,bf:59510971a6bcbb032c126dea,1,2,2,1
battlefy,6047a2409d627469d76ebba6,Kards Blitz - Day II: Block A 1600,community,Qualifier,elimination,2,2021-03-17T16:45:05Z,bf:5eb65df574f31a11dd226b38,bf:5ec99a6d5cb5d5345c7fdf7c,2,1,1,1
battlefy,6047a2409d627469d76ebba6,Kards Blitz - Day II: Block A 1600,community,Qualifier,elimination,2,2021-03-17T16:58:09Z,bf:603cfe1ab328151e11b92549,bf:5f4318d1681ff84ab5ec92f9,2,1,1,1
battlefy,6047a1ff3e85e24eb331180f,Kards Blitz - Day II: Block A 1500,community,Qualifier,elimination,4,2021-03-17T17:06:06Z,bf:57101bc80b3b0f8312f27ec5,bf:59510971a6bcbb032c126dea,0,2,2,1
battlefy,6047a2409d627469d76ebba6,Kards Blitz - Day II: Block A 1600,community,Qualifier,elimination,2,2021-03-17T17:10:42Z,bf:5f11d247160c3f2239e940a4,bf:5fa3da8e11743771ade92018,1,2,2,1
battlefy,6047a2a2e716214ea5ad520f,Kards Blitz - Day II: Block A 1700,community,Qualifier,elimination,1,2021-03-17T17:14:35Z,bf:602d5acba74cc17c31b7d9af,bf:5ec99a6d5cb5d5345c7fdf7c,0,2,2,1
battlefy,6047a2a2e716214ea5ad520f,Kards Blitz - Day II: Block A 1700,community,Qualifier,elimination,1,2021-03-17T17:17:39Z,bf:601e60c914499975b676db49,bf:5fbebdee043fd20cdf90cfaf,0,2,2,1
battlefy,6047a2a2e716214ea5ad520f,Kards Blitz - Day II: Block A 1700,community,Qualifier,elimination,1,2021-03-17T17:17:54Z,bf:5ec038e2256baa1d38011a05,bf:58e41837fad5530333b01b98,2,0,1,1
battlefy,6047a2a2e716214ea5ad520f,Kards Blitz - Day II: Block A 1700,community,Qualifier,elimination,1,2021-03-17T17:18:44Z,bf:5f10c966160c3f2239e92921,bf:6051fe41cbd09156d261e80c,2,0,1,1
battlefy,6047a2a2e716214ea5ad520f,Kards Blitz - Day II: Block A 1700,community,Qualifier,elimination,1,2021-03-17T17:20:24Z,bf:6050dd83d164f74b8e7830f8,bf:5fb1e014eb92fe0475439152,0,2,2,1
battlefy,6047a2a2e716214ea5ad520f,Kards Blitz - Day II: Block A 1700,community,Qualifier,elimination,1,2021-03-17T17:20:45Z,bf:603aca86a4a3f111939e5346,bf:60522cf8b2e5e24b47ce504a,2,0,1,1
battlefy,6047a2409d627469d76ebba6,Kards Blitz - Day II: Block A 1600,community,Qualifier,elimination,3,2021-03-17T17:24:50Z,bf:5eb65df574f31a11dd226b38,bf:603cfe1ab328151e11b92549,2,1,1,1
battlefy,6047a2a2e716214ea5ad520f,Kards Blitz - Day II: Block A 1700,community,Qualifier,elimination,1,2021-03-17T17:27:50Z,bf:5fb6da26eb92fe047543c823,bf:5f4318d1681ff84ab5ec92f9,0,2,2,1
battlefy,6047a2409d627469d76ebba6,Kards Blitz - Day II: Block A 1600,community,Qualifier,elimination,3,2021-03-17T17:29:03Z,bf:5fa3da8e11743771ade92018,bf:5dadf6683f9f8d27e2e9cc0b,0,2,2,1
battlefy,6047a2a2e716214ea5ad520f,Kards Blitz - Day II: Block A 1700,community,Qualifier,elimination,2,2021-03-17T17:37:56Z,bf:603aca86a4a3f111939e5346,bf:5fb1e014eb92fe0475439152,2,0,1,1
battlefy,6047a2a2e716214ea5ad520f,Kards Blitz - Day II: Block A 1700,community,Qualifier,elimination,1,2021-03-17T17:38:59Z,bf:604fb066e8932017833a622b,bf:5d0fba42acc6ed329c51837f,0,2,2,1
battlefy,6047a2a2e716214ea5ad520f,Kards Blitz - Day II: Block A 1700,community,Qualifier,elimination,2,2021-03-17T17:42:54Z,bf:5f4318d1681ff84ab5ec92f9,bf:5fbebdee043fd20cdf90cfaf,0,2,2,1
battlefy,6047a2a2e716214ea5ad520f,Kards Blitz - Day II: Block A 1700,community,Qualifier,elimination,2,2021-03-17T17:47:27Z,bf:5f10c966160c3f2239e92921,bf:5ec038e2256baa1d38011a05,1,2,2,1
battlefy,6047a2409d627469d76ebba6,Kards Blitz - Day II: Block A 1600,community,Qualifier,elimination,4,2021-03-17T17:47:32Z,bf:5dadf6683f9f8d27e2e9cc0b,bf:5eb65df574f31a11dd226b38,0,2,2,1
battlefy,6047a2a2e716214ea5ad520f,Kards Blitz - Day II: Block A 1700,community,Qualifier,elimination,2,2021-03-17T17:49:35Z,bf:5ec99a6d5cb5d5345c7fdf7c,bf:5d0fba42acc6ed329c51837f,2,0,1,1
battlefy,6047a2a2e716214ea5ad520f,Kards Blitz - Day II: Block A 1700,community,Qualifier,elimination,3,2021-03-17T18:12:17Z,bf:5fbebdee043fd20cdf90cfaf,bf:603aca86a4a3f111939e5346,1,2,2,1
battlefy,6047a2a2e716214ea5ad520f,Kards Blitz - Day II: Block A 1700,community,Qualifier,elimination,3,2021-03-17T18:15:21Z,bf:5ec99a6d5cb5d5345c7fdf7c,bf:5ec038e2256baa1d38011a05,2,1,1,1
battlefy,6047a2a2e716214ea5ad520f,Kards Blitz - Day II: Block A 1700,community,Qualifier,elimination,4,2021-03-17T18:25:37Z,bf:603aca86a4a3f111939e5346,bf:5ec99a6d5cb5d5345c7fdf7c,0,2,2,1
battlefy,6047a301e563ed4f24bf9c8c,Kards Blitz - Day II: Block B 0100,community,Qualifiers,elimination,1,2021-03-18T01:17:16Z,bf:5bef1fd422a55803cb340a40,bf:5fb0acb4eb92fe047543807d,2,0,1,1
battlefy,6047a301e563ed4f24bf9c8c,Kards Blitz - Day II: Block B 0100,community,Qualifiers,elimination,1,2021-03-18T01:21:31Z,bf:5b38c676cbd82c03a4f28e8f,bf:5ec038e2256baa1d38011a05,0,2,2,1
battlefy,6047a301e563ed4f24bf9c8c,Kards Blitz - Day II: Block B 0100,community,Qualifiers,elimination,1,2021-03-18T01:24:43Z,bf:602aa3c2a9de5d119d53bf98,bf:5eeb9c3d19b81239da9496cb,0,2,2,1
battlefy,6047a301e563ed4f24bf9c8c,Kards Blitz - Day II: Block B 0100,community,Qualifiers,elimination,1,2021-03-18T01:25:41Z,bf:5f0dde2dc47339351f7f7715,bf:5f0e37b37c5e104738aebbe3,0,2,2,1
battlefy,6047a301e563ed4f24bf9c8c,Kards Blitz - Day II: Block B 0100,community,Qualifiers,elimination,1,2021-03-18T01:26:30Z,bf:5f0df84e824086475be264b7,bf:5fb1e014eb92fe0475439152,1,2,2,1
battlefy,6047a301e563ed4f24bf9c8c,Kards Blitz - Day II: Block B 0100,community,Qualifiers,elimination,1,2021-03-18T01:32:49Z,bf:601ae997fb69622ad6617823,bf:5f48837c34f6ed5f7791f82a,1,2,2,1
battlefy,6047a301e563ed4f24bf9c8c,Kards Blitz - Day II: Block B 0100,community,Qualifiers,elimination,2,2021-03-18T01:37:14Z,bf:5f10c966160c3f2239e92921,bf:5fb1e014eb92fe0475439152,0,2,2,1
battlefy,6047a301e563ed4f24bf9c8c,Kards Blitz - Day II: Block B 0100,community,Qualifiers,elimination,1,2021-03-18T01:38:18Z,bf:5fbebdee043fd20cdf90cfaf,bf:5fa27bfdf8fc171ea9f66924,1,2,2,1
battlefy,6047a301e563ed4f24bf9c8c,Kards Blitz - Day II: Block B 0100,community,Qualifiers,elimination,2,2021-03-18T01:48:01Z,bf:5bef1fd422a55803cb340a40,bf:5eeb9c3d19b81239da9496cb,0,2,2,1
battlefy,6047a301e563ed4f24bf9c8c,Kards Blitz - Day II: Block B 0100,community,Qualifiers,elimination,2,2021-03-18T02:00:00Z,bf:5ec038e2256baa1d38011a05,bf:5fa27bfdf8fc171ea9f66924,2,0,1,1
battlefy,6047a301e563ed4f24bf9c8c,Kards Blitz - Day II: Block B 0100,community,Qualifiers,elimination,2,2021-03-18T02:00:23Z,bf:5f48837c34f6ed5f7791f82a,bf:5f0e37b37c5e104738aebbe3,0,2,2,1
battlefy,6047a301e563ed4f24bf9c8c,Kards Blitz - Day II: Block B 0100,community,Qualifiers,elimination,3,2021-03-18T02:12:52Z,bf:5f0e37b37c5e104738aebbe3,bf:5eeb9c3d19b81239da9496cb,2,0,1,1
battlefy,6047a3444277284e9393bef0,Kards Blitz - Day II: Block B 0200,community,Qualifier,elimination,1,2021-03-18T02:14:10Z,bf:5eb598330abb797ad38acaee,bf:57101bc80b3b0f8312f27ec5,2,0,1,1
battlefy,6047a3444277284e9393bef0,Kards Blitz - Day II: Block B 0200,community,Qualifier,elimination,1,2021-03-18T02:17:51Z,bf:5b38c676cbd82c03a4f28e8f,bf:5f0dde2dc47339351f7f7715,2,0,1,1
battlefy,6047a3444277284e9393bef0,Kards Blitz - Day II: Block B 0200,community,Qualifier,elimination,1,2021-03-18T02:18:04Z,bf:5fb0acb4eb92fe047543807d,bf:602aa3c2a9de5d119d53bf98,2,0,1,1
battlefy,6047a301e563ed4f24bf9c8c,Kards Blitz - Day II: Block B 0100,community,Qualifiers,elimination,3,2021-03-18T02:19:46Z,bf:5fb1e014eb92fe0475439152,bf:5ec038e2256baa1d38011a05,2,1,1,1
battlefy,6047a3444277284e9393bef0,Kards Blitz - Day II: Block B 0200,community,Qualifier,elimination,1,2021-03-18T02:32:14Z,bf:601d189a36ceeb11b32b81e2,bf:601ae997fb69622ad6617823,2,0,1,1
battlefy,6047a3444277284e9393bef0,Kards Blitz - Day II: Block B 0200,community,Qualifier,elimination,2,2021-03-18T02:34:01Z,bf:5eb598330abb797ad38acaee,bf:5fb0acb4eb92fe047543807d,1,2,2,1
battlefy,6047a301e563ed4f24bf9c8c,Kards Blitz - Day II: Block B 0100,community,Qualifiers,elimination,4,2021-03-18T02:39:28Z,bf:5fb1e014eb92fe0475439152,bf:5f0e37b37c5e104738aebbe3,2,0,1,1
battlefy,6047a3444277284e9393bef0,Kards Blitz - Day II: Block B 0200,community,Qualifier,elimination,2,2021-03-18T02:43:57Z,bf:601d189a36ceeb11b32b81e2,bf:5b38c676cbd82c03a4f28e8f,0,2,2,1
battlefy,6047a3444277284e9393bef0,Kards Blitz - Day II: Block B 0200,community,Qualifier,elimination,3,2021-03-18T03:04:30Z,bf:5b38c676cbd82c03a4f28e8f,bf:5fb0acb4eb92fe047543807d,2,1,1,1
battlefy,6047a385017afb4f16ffd73b,Kards Blitz - Day II: Block B 0300,community,Qualifier,elimination,1,2021-03-18T03:12:03Z,bf:5f3304e930b92e118dbc4ad6,bf:57101bc80b3b0f8312f27ec5,0,2,2,1
battlefy,6047a385017afb4f16ffd73b,Kards Blitz - Day II: Block B 0300,community,Qualifier,elimination,1,2021-03-18T03:12:56Z,bf:5f0e67fdf26046593189c71c,bf:5eeb9c3d19b81239da9496cb,1,2,2,1
battlefy,6047a385017afb4f16ffd73b,Kards Blitz - Day II: Block B 0300,community,Qualifier,elimination,1,2021-03-18T03:28:04Z,bf:5bef1fd422a55803cb340a40,bf:602aa3c2a9de5d119d53bf98,2,0,1,1
battlefy,6047a385017afb4f16ffd73b,Kards Blitz - Day II: Block B 0300,community,Qualifier,elimination,2,2021-03-18T03:51:59Z,bf:5bef1fd422a55803cb340a40,bf:5eeb9c3d19b81239da9496cb,2,1,1,1
battlefy,6047a385017afb4f16ffd73b,Kards Blitz - Day II: Block B 0300,community,Qualifier,elimination,1,2021-03-18T04:08:32Z,bf:5fa27bfdf8fc171ea9f66924,bf:5f0dde2dc47339351f7f7715,1,2,2,1
battlefy,6047a40ecd4d315c6eb7b7d3,Kards Blitz - Day II: Block B 0400,community,Qualifier,elimination,1,2021-03-18T04:09:06Z,bf:5f0e37b37c5e104738aebbe3,bf:5eeb9c3d19b81239da9496cb,2,0,1,1
battlefy,6047a40ecd4d315c6eb7b7d3,Kards Blitz - Day II: Block B 0400,community,Qualifier,elimination,1,2021-03-18T04:12:27Z,bf:5ec038e2256baa1d38011a05,bf:5f3304e930b92e118dbc4ad6,2,0,1,1
battlefy,6047a40ecd4d315c6eb7b7d3,Kards Blitz - Day II: Block B 0400,community,Qualifier,elimination,1,2021-03-18T04:15:19Z,bf:5fbebdee043fd20cdf90cfaf,bf:5f10c966160c3f2239e92921,2,0,1,1
battlefy,6047a40ecd4d315c6eb7b7d3,Kards Blitz - Day II: Block B 0400,community,Qualifier,elimination,1,2021-03-18T04:20:18Z,bf:5eb598330abb797ad38acaee,bf:5fb0acb4eb92fe047543807d,2,0,1,1
battlefy,6047a385017afb4f16ffd73b,Kards Blitz - Day II: Block B 0300,community,Qualifier,elimination,2,2021-03-18T04:27:10Z,bf:5f0dde2dc47339351f7f7715,bf:57101bc80b3b0f8312f27ec5,0,2,2,1
battlefy,6047a40ecd4d315c6eb7b7d3,Kards Blitz - Day II: Block B 0400,community,Qualifier,elimination,2,2021-03-18T04:29:53Z,bf:5f0e37b37c5e104738aebbe3,bf:5fbebdee043fd20cdf90cfaf,2,0,1,1
battlefy,6047a40ecd4d315c6eb7b7d3,Kards Blitz - Day II: Block B 0400,community,Qualifier,elimination,2,2021-03-18T04:48:47Z,bf:5ec038e2256baa1d38011a05,bf:5eb598330abb797ad38acaee,2,1,1,1
battlefy,6047a385017afb4f16ffd73b,Kards Blitz - Day II: Block B 0300,community,Qualifier,elimination,3,2021-03-18T04:50:35Z,bf:5bef1fd422a55803cb340a40,bf:57101bc80b3b0f8312f27ec5,2,0,1,1
battlefy,6047a40ecd4d315c6eb7b7d3,Kards Blitz - Day II: Block B 0400,community,Qualifier,elimination,3,2021-03-18T05:12:40Z,bf:5f0e37b37c5e104738aebbe3,bf:5ec038e2256baa1d38011a05,0,2,2,1
battlefy,6047a486fb33435149c32e69,Kards Blitz - Day III: Block A 1700,community,Qualifier,elimination,1,2021-03-18T17:18:22Z,bf:6040deb7c12b5c4f046bd81a,bf:5fbebdee043fd20cdf90cfaf,2,0,1,1
battlefy,6047a486fb33435149c32e69,Kards Blitz - Day III: Block A 1700,community,Qualifier,elimination,1,2021-03-18T17:19:30Z,bf:5f1493df1c8cdf16056f8bc9,bf:60512edad4a62c0ade6cde4a,0,2,2,1
battlefy,6047a486fb33435149c32e69,Kards Blitz - Day III: Block A 1700,community,Qualifier,elimination,1,2021-03-18T17:28:34Z,bf:6050dd83d164f74b8e7830f8,bf:603aca86a4a3f111939e5346,2,1,1,1
battlefy,6047a486fb33435149c32e69,Kards Blitz - Day III: Block A 1700,community,Qualifier,elimination,1,2021-03-18T17:28:50Z,bf:5f113e2cd04bae257fc195f6,bf:5f11d247160c3f2239e940a4,1,2,2,1
battlefy,6047a486fb33435149c32e69,Kards Blitz - Day III: Block A 1700,community,Qualifier,elimination,1,2021-03-18T17:29:52Z,bf:6050d3cb1ca3d756eb018d27,bf:5f4965bb76b8305ffaa36866,1,2,2,1
battlefy,6047a486fb33435149c32e69,Kards Blitz - Day III: Block A 1700,community,Qualifier,elimination,1,2021-03-18T17:29:59Z,bf:601ae997fb69622ad6617823,bf:5c3b6b20304450039e51c054,0,2,2,1
battlefy,6047a486fb33435149c32e69,Kards Blitz - Day III: Block A 1700,community,Qualifier,elimination,1,2021-03-18T17:30:07Z,bf:5fa3da8e11743771ade92018,bf:5f1b48d1abfcb016362ba48e,2,1,1,1
battlefy,6047a486fb33435149c32e69,Kards Blitz - Day III: Block A 1700,community,Qualifier,elimination,2,2021-03-18T17:40:27Z,bf:60512edad4a62c0ade6cde4a,bf:6050dd83d164f74b8e7830f8,0,2,2,1
battlefy,6047a486fb33435149c32e69,Kards Blitz - Day III: Block A 1700,community,Qualifier,elimination,1,2021-03-18T17:46:12Z,bf:5fb6da26eb92fe047543c823,bf:5fbef0144d01f9313d135b11,2,1,1,1
battlefy,6047a486fb33435149c32e69,Kards Blitz - Day III: Block A 1700,community,Qualifier,elimination,2,2021-03-18T17:47:29Z,bf:5fa3da8e11743771ade92018,bf:6040deb7c12b5c4f046bd81a,0,2,2,1
battlefy,6047a486fb33435149c32e69,Kards Blitz - Day III: Block A 1700,community,Qualifier,elimination,2,2021-03-18T18:00:39Z,bf:5c3b6b20304450039e51c054,bf:5f4965bb76b8305ffaa36866,2,1,1,1
battlefy,6047a4c61559504e99ac418a,Kards Blitz - Day III: Block A 1800,community,Qualifier,elimination,1,2021-03-18T18:10:35Z,bf:5f32c6147bd80311ab78193f,bf:5dadf6683f9f8d27e2e9cc0b,0,2,2,1
battlefy,6047a4c61559504e99ac418a,Kards Blitz - Day III: Block A 1800,community,Qualifier,elimination,1,2021-03-18T18:17:27Z,bf:5f4318d1681ff84ab5ec92f9,bf:5dcafdd3c441a42c5826f5a6,2,0,1,1
battlefy,6047a4c61559504e99ac418a,Kards Blitz - Day III: Block A 1800,community,Qualifier,elimination,1,2021-03-18T18:18:58Z,bf:57a1697c8c3386280ca04b34,bf:5fb3203b1632970e916b97b7,0,2,2,1
battlefy,6047a4c61559504e99ac418a,Kards Blitz - Day III: Block A 1800,community,Qualifier,elimination,1,2021-03-18T18:19:40Z,bf:5f11d0b0eea71b24bc30e84a,bf:602d5acba74cc17c31b7d9af,0,2,2,1
battlefy,6047a486fb33435149c32e69,Kards Blitz - Day III: Block A 1700,community,Qualifier,elimination,2,2021-03-18T18:20:23Z,bf:5fb6da26eb92fe047543c823,bf:5f11d247160c3f2239e940a4,0,2,2,1
battlefy,6047a486fb33435149c32e69,Kards Blitz - Day III: Block A 1700,community,Qualifier,elimination,3,2021-03-18T18:21:54Z,bf:5c3b6b20304450039e51c054,bf:6040deb7c12b5c4f046bd81a,2,0,1,1
battlefy,6047a4c61559504e99ac418a,Kards Blitz - Day III: Block A 1800,community,Qualifier,elimination,1,2021-03-18T18:27:29Z,bf:5d0fba42acc6ed329c51837f,bf:601e60c914499975b676db49,0,2,2,1
battlefy,6047a4c61559504e99ac418a,Kards Blitz - Day III: Block A 1800,community,Qualifier,elimination,1,2021-03-18T18:32:02Z,bf:5f0df84e824086475be264b7,bf:603aca86a4a3f111939e5346,2,0,1,1
battlefy,6047a4c61559504e99ac418a,Kards Blitz - Day III: Block A 1800,community,Qualifier,elimination,1,2021-03-18T18:35:49Z,bf:5f10c966160c3f2239e92921,bf:6051fe41cbd09156d261e80c,0,2,2,1
battlefy,6047a4c61559504e99ac418a,Kards Blitz - Day III: Block A 1800,community,Qualifier,elimination,1,2021-03-18T18:40:05Z,bf:60509713496ba24d0604cc08,bf:5fbebdee043fd20cdf90cfaf,2,0,1,1
battlefy,6047a486fb33435149c32e69,Kards Blitz - Day III: Block A 1700,community,Qualifier,elimination,3,2021-03-18T18:46:33Z,bf:5f11d247160c3f2239e940a4,bf:6050dd83d164f74b8e7830f8,2,1,1,1
battlefy,6047a4c61559504e99ac418a,Kards Blitz - Day III: Block A 1800,community,Qualifier,elimination,2,2021-03-18T18:47:44Z,bf:5fb3203b1632970e916b97b7,bf:601e60c914499975b676db49,2,1,1,1
battlefy,6047a4c61559504e99ac418a,Kards Blitz - Day III: Block A 1800,community,Qualifier,elimination,2,2021-03-18T18:54:00Z,bf:5f0df84e824086475be264b7,bf:602d5acba74cc17c31b7d9af,2,1,1,1
battlefy,6047a486fb33435149c32e69,Kards Blitz - Day III: Block A 1700,community,Qualifier,elimination,4,2021-03-18T19:06:30Z,bf:5c3b6b20304450039e51c054,bf:5f11d247160c3f2239e940a4,0,2,2,1
battlefy,6047a5101559504e99ac4193,Kards Blitz - Day III: Block A 1900,community,Qualifier,elimination,1,2021-03-18T19:13:11Z,bf:5f1b48d1abfcb016362ba48e,bf:6050d1a6cbd09156d261d712,2,0,1,1
battlefy,6047a5101559504e99ac4193,Kards Blitz - Day III: Block A 1900,community,Qualifier,elimination,1,2021-03-18T19:16:37Z,bf:601ae997fb69622ad6617823,bf:5f32c6147bd80311ab78193f,2,0,1,1
battlefy,6047a4c61559504e99ac418a,Kards Blitz - Day III: Block A 1800,community,Qualifier,elimination,2,2021-03-18T19:18:37Z,bf:60509713496ba24d0604cc08,bf:5dadf6683f9f8d27e2e9cc0b,0,2,2,1
battlefy,6047a5101559504e99ac4193,Kards Blitz - Day III: Block A 1900,community,Qualifier,elimination,1,2021-03-18T19:22:15Z,bf:6050d3cb1ca3d756eb018d27,bf:5ebd9402b92b28521a098ec8,0,2,2,1
battlefy,6047a4c61559504e99ac418a,Kards Blitz - Day III: Block A 1800,community,Qualifier,elimination,2,2021-03-18T19:22:34Z,bf:6051fe41cbd09156d261e80c,bf:5f4318d1681ff84ab5ec92f9,1,2,2,1
battlefy,6047a5101559504e99ac4193,Kards Blitz - Day III: Block A 1900,community,Qualifier,elimination,1,2021-03-18T19:23:05Z,bf:5fbef0144d01f9313d135b11,bf:5fa3da8e11743771ade92018,0,2,2,1
battlefy,6047a5101559504e99ac4193,Kards Blitz - Day III: Block A 1900,community,Qualifier,elimination,1,2021-03-18T19:26:15Z,bf:5f4965bb76b8305ffaa36866,bf:60538ebac377d13ac74753e7,2,0,1,1
battlefy,6047a5101559504e99ac4193,Kards Blitz - Day III: Block A 1900,community,Qualifier,elimination,1,2021-03-18T19:31:31Z,bf:5f1493df1c8cdf16056f8bc9,bf:5fb6da26eb92fe047543c823,1,2,2,1
battlefy,6047a5101559504e99ac4193,Kards Blitz - Day III: Block A 1900,community,Qualifier,elimination,1,2021-03-18T19:38:47Z,bf:603cfe1ab328151e11b92549,bf:5f0dde2dc47339351f7f7715,2,0,1,1
battlefy,6047a5101559504e99ac4193,Kards Blitz - Day III: Block A 1900,community,Qualifier,elimination,2,2021-03-18T19:39:27Z,bf:601ae997fb69622ad6617823,bf:5f4965bb76b8305ffaa36866,0,2,2,1
battlefy,6047a4c61559504e99ac418a,Kards Blitz - Day III: Block A 1800,community,Qualifier,elimination,3,2021-03-18T19:44:29Z,bf:5f0df84e824086475be264b7,bf:5f4318d1681ff84ab5ec92f9,0,2,2,1
battlefy,6047a5101559504e99ac4193,Kards Blitz - Day III: Block A 1900,community,Qualifier,elimination,2,2021-03-18T19:54:20Z,bf:5fb6da26eb92fe047543c823,bf:5f1b48d1abfcb016362ba48e,0,2,2,1
battlefy,6047a4c61559504e99ac418a,Kards Blitz - Day III: Block A 1800,community,Qualifier,elimination,3,2021-03-18T19:55:57Z,bf:5fb3203b1632970e916b97b7,bf:5dadf6683f9f8d27e2e9cc0b,1,2,2,1
battlefy,6047a5101559504e99ac4193,Kards Blitz - Day III: Block A 1900,community,Qualifier,elimination,1,2021-03-18T20:00:19Z,bf:6043da6f1fe61e118d92889d,bf:57a1697c8c3386280ca04b34,2,1,1,1
battlefy,6047a5101559504e99ac4193,Kards Blitz - Day III: Block A 1900,community,Qualifier,elimination,2,2021-03-18T20:05:26Z,bf:603cfe1ab328151e11b92549,bf:5ebd9402b92b28521a098ec8,1,2,2,1
battlefy,6047a57cc12b5c4f046c1480,Kards Blitz - Day III: Block A 2000,community,Qualifier,elimination,1,2021-03-18T20:18:09Z,bf:5fbebdee043fd20cdf90cfaf,bf:5f0df84e824086475be264b7,0,2,2,1
battlefy,6047a5101559504e99ac4193,Kards Blitz - Day III: Block A 1900,community,Qualifier,elimination,3,2021-03-18T20:18:56Z,bf:5f1b48d1abfcb016362ba48e,bf:5ebd9402b92b28521a098ec8,0,2,2,1
battlefy,6047a57cc12b5c4f046c1480,Kards Blitz - Day III: Block A 2000,community,Qualifier,elimination,1,2021-03-18T20:19:57Z,bf:5f10c966160c3f2239e92921,bf:60512edad4a62c0ade6cde4a,2,1,1,1
battlefy,6047a57cc12b5c4f046c1480,Kards Blitz - Day III: Block A 2000,community,Qualifier,elimination,1,2021-03-18T20:22:09Z,bf:603aca86a4a3f111939e5346,bf:601ae997fb69622ad6617823,2,0,1,1
battlefy,6047a57cc12b5c4f046c1480,Kards Blitz - Day III: Block A 2000,community,Qualifier,elimination,1,2021-03-18T20:28:52Z,bf:604e70169811de4a8929cc66,bf:602aa3c2a9de5d119d53bf98,2,1,1,1
battlefy,6047a4c61559504e99ac418a,Kards Blitz - Day III: Block A 1800,community,Qualifier,elimination,4,2021-03-18T20:31:53Z,bf:5f4318d1681ff84ab5ec92f9,bf:5dadf6683f9f8d27e2e9cc0b,1,2,2,1
battlefy,6047a57cc12b5c4f046c1480,Kards Blitz - Day III: Block A 2000,community,Qualifier,elimination,1,2021-03-18T20:34:12Z,bf:601ad0d4bccfe11bd7952790,bf:5f0dde2dc47339351f7f7715,0,2,2,1
battlefy,6047a57cc12b5c4f046c1480,Kards Blitz - Day III: Block A 2000,community,Qualifier,elimination,1,2021-03-18T20:37:41Z,bf:604fb066e8932017833a622b,bf:57a1697c8c3386280ca04b34,1,2,2,1
battlefy,6047a5101559504e99ac4193,Kards Blitz - Day III: Block A 1900,community,Qualifier,elimination,2,2021-03-18T20:39:08Z,bf:6043da6f1fe61e118d92889d,bf:5fa3da8e11743771ade92018,1,2,2,1
battlefy,6047a57cc12b5c4f046c1480,Kards Blitz - Day III: Block A 2000,community,Qualifier,elimination,1,2021-03-18T20:39:32Z,bf:5dcafdd3c441a42c5826f5a6,bf:6051fe41cbd09156d261e80c,0,2,2,1
battlefy,6047a57cc12b5c4f046c1480,Kards Blitz - Day III: Block A 2000,community,Qualifier,elimination,1,2021-03-18T20:43:42Z,bf:5f32c6147bd80311ab78193f,bf:60509713496ba24d0604cc08,1,2,2,1
battlefy,6047a57cc12b5c4f046c1480,Kards Blitz - Day III: Block A 2000,community,Qualifier,elimination,2,2021-03-18T20:56:30Z,bf:5f0dde2dc47339351f7f7715,bf:5f10c966160c3f2239e92921,2,0,1,1
battlefy,6047a57cc12b5c4f046c1480,Kards Blitz - Day III: Block A 2000,community,Qualifier,elimination,2,2021-03-18T21:01:54Z,bf:603aca86a4a3f111939e5346,bf:57a1697c8c3386280ca04b34,0,2,2,1
battlefy,6047a5101559504e99ac4193,Kards Blitz - Day III: Block A 1900,community,Qualifier,elimination,3,2021-03-18T21:04:44Z,bf:5f4965bb76b8305ffaa36866,bf:5fa3da8e11743771ade92018,1,2,2,1
battlefy,6047a57cc12b5c4f046c1480,Kards Blitz - Day III: Block A 2000,community,Qualifier,elimination,2,2021-03-18T21:12:34Z,bf:5f0df84e824086475be264b7,bf:6051fe41cbd09156d261e80c,1,2,2,1
battlefy,6047a5101559504e99ac4193,Kards Blitz - Day III: Block A 1900,community,Qualifier,elimination,4,2021-03-18T21:17:08Z,bf:5ebd9402b92b28521a098ec8,bf:5fa3da8e11743771ade92018,2,0,1,1
battlefy,6047a57cc12b5c4f046c1480,Kards Blitz - Day III: Block A 2000,community,Qualifier,elimination,2,2021-03-18T21:20:20Z,bf:604e70169811de4a8929cc66,bf:60509713496ba24d0604cc08,2,1,1,1
battlefy,6047a57cc12b5c4f046c1480,Kards Blitz - Day III: Block A 2000,community,Qualifier,elimination,3,2021-03-18T21:42:52Z,bf:6051fe41cbd09156d261e80c,bf:57a1697c8c3386280ca04b34,2,0,1,1
battlefy,6047a57cc12b5c4f046c1480,Kards Blitz - Day III: Block A 2000,community,Qualifier,elimination,3,2021-03-18T21:49:33Z,bf:604e70169811de4a8929cc66,bf:5f0dde2dc47339351f7f7715,0,2,2,1
battlefy,6047a57cc12b5c4f046c1480,Kards Blitz - Day III: Block A 2000,community,Qualifier,elimination,4,2021-03-18T22:25:29Z,bf:5f0dde2dc47339351f7f7715,bf:6051fe41cbd09156d261e80c,0,2,2,1
battlefy,6047a5c7c12b5c4f046c148a,Kards Blitz - Day III: Block B 2300,community,Qualifier,elimination,1,2021-03-18T23:11:58Z,bf:601ae997fb69622ad6617823,bf:5f0dde2dc47339351f7f7715,0,2,2,1
battlefy,6047a5c7c12b5c4f046c148a,Kards Blitz - Day III: Block B 2300,community,Qualifier,elimination,1,2021-03-18T23:12:34Z,bf:5f1b48d1abfcb016362ba48e,bf:60514c101ca3d756eb01932e,2,0,1,1
battlefy,6047a5c7c12b5c4f046c148a,Kards Blitz - Day III: Block B 2300,community,Qualifier,elimination,1,2021-03-18T23:19:02Z,bf:60512edad4a62c0ade6cde4a,bf:5fb6da26eb92fe047543c823,0,2,2,1
battlefy,6047a5c7c12b5c4f046c148a,Kards Blitz - Day III: Block B 2300,community,Qualifier,elimination,1,2021-03-18T23:22:08Z,bf:5f113e2cd04bae257fc195f6,bf:603aca86a4a3f111939e5346,1,2,2,1
battlefy,6047a5c7c12b5c4f046c148a,Kards Blitz - Day III: Block B 2300,community,Qualifier,elimination,1,2021-03-18T23:27:41Z,bf:5fbebdee043fd20cdf90cfaf,bf:5f10c966160c3f2239e92921,1,2,2,1
battlefy,6047a5c7c12b5c4f046c148a,Kards Blitz - Day III: Block B 2300,community,Qualifier,elimination,1,2021-03-18T23:28:27Z,bf:5eeb9c3d19b81239da9496cb,bf:6043da6f1fe61e118d92889d,1,2,2,1
battlefy,6047a5c7c12b5c4f046c148a,Kards Blitz - Day III: Block B 2300,community,Qualifier,elimination,1,2021-03-18T23:29:04Z,bf:6050d3cb1ca3d756eb018d27,bf:5eb598330abb797ad38acaee,0,2,2,1
battlefy,6047a5c7c12b5c4f046c148a,Kards Blitz - Day III: Block B 2300,community,Qualifier,elimination,1,2021-03-18T23:36:56Z,bf:5f32c6147bd80311ab78193f,bf:601ad0d4bccfe11bd7952790,2,1,1,1
battlefy,6047a5c7c12b5c4f046c148a,Kards Blitz - Day III: Block B 2300,community,Qualifier,elimination,2,2021-03-18T23:38:48Z,bf:603aca86a4a3f111939e5346,bf:5f1b48d1abfcb016362ba48e,1,2,2,1
battlefy,6047a5c7c12b5c4f046c148a,Kards Blitz - Day III: Block B 2300,community,Qualifier,elimination,2,2021-03-18T23:45:41Z,bf:5fb6da26eb92fe047543c823,bf:5f10c966160c3f2239e92921,2,0,1,1
battlefy,6047a5c7c12b5c4f046c148a,Kards Blitz - Day III: Block B 2300,community,Qualifier,elimination,2,2021-03-18T23:48:40Z,bf:5f32c6147bd80311ab78193f,bf:6043da6f1fe61e118d92889d,0,2,2,1
battlefy,6047a5c7c12b5c4f046c148a,Kards Blitz - Day III: Block B 2300,community,Qualifier,elimination,2,2021-03-18T23:49:08Z,bf:5eb598330abb797ad38acaee,bf:5f0dde2dc47339351f7f7715,2,1,1,1
battlefy,6047a5c7c12b5c4f046c148a,Kards Blitz - Day III: Block B 2300,community,Qualifier,elimination,3,2021-03-19T00:10:52Z,bf:6043da6f1fe61e118d92889d,bf:5eb598330abb797ad38acaee,0,2,2,1
battlefy,6047a5c7c12b5c4f046c148a,Kards Blitz - Day III: Block B 2300,community,Qualifier,elimination,3,2021-03-19T00:17:55Z,bf:5fb6da26eb92fe047543c823,bf:5f1b48d1abfcb016362ba48e,2,0,1,1
battlefy,6047a6030ed3505158ad94d3,Kards Blitz - Day III: Block B 2400,community,Qualifier,elimination,1,2021-03-19T00:19:28Z,bf:5f113e2cd04bae257fc195f6,bf:5fbebdee043fd20cdf90cfaf,2,0,1,1
battlefy,6047a6030ed3505158ad94d3,Kards Blitz - Day III: Block B 2400,community,Qualifier,elimination,1,2021-03-19T00:20:18Z,bf:60512d0b3ae2c317e32bcf66,bf:602aa3c2a9de5d119d53bf98,2,0,1,1
battlefy,6047a6030ed3505158ad94d3,Kards Blitz - Day III: Block B 2400,community,Qualifier,elimination,1,2021-03-19T00:20:21Z,bf:60514c101ca3d756eb01932e,bf:5eeb9c3d19b81239da9496cb,1,2,2,1
battlefy,6047a6030ed3505158ad94d3,Kards Blitz - Day III: Block B 2400,community,Qualifier,elimination,1,2021-03-19T00:30:23Z,bf:5d0fba42acc6ed329c51837f,bf:601ad0d4bccfe11bd7952790,0,2,2,1
battlefy,6047a6030ed3505158ad94d3,Kards Blitz - Day III: Block B 2400,community,Qualifier,elimination,2,2021-03-19T00:51:13Z,bf:601ad0d4bccfe11bd7952790,bf:5eeb9c3d19b81239da9496cb,0,2,2,1
battlefy,6047a6030ed3505158ad94d3,Kards Blitz - Day III: Block B 2400,community,Qualifier,elimination,2,2021-03-19T00:51:28Z,bf:60512d0b3ae2c317e32bcf66,bf:5f113e2cd04bae257fc195f6,0,2,2,1
battlefy,6047a5c7c12b5c4f046c148a,Kards Blitz - Day III: Block B 2300,community,Qualifier,elimination,4,2021-03-19T00:54:59Z,bf:5eb598330abb797ad38acaee,bf:5fb6da26eb92fe047543c823,2,0,1,1
battlefy,6047a6030ed3505158ad94d3,Kards Blitz - Day III: Block B 2400,community,Qualifier,elimination,3,2021-03-19T01:08:47Z,bf:5f113e2cd04bae257fc195f6,bf:5eeb9c3d19b81239da9496cb,0,2,2,1
battlefy,6047a6ca017afb4f16ffd75b,Kards Blitz - Day III: Block B 0100,community,Qualifier,elimination,1,2021-03-19T01:12:58Z,bf:5f10c966160c3f2239e92921,bf:5fb0acb4eb92fe047543807d,2,0,1,1
battlefy,6047a6ca017afb4f16ffd75b,Kards Blitz - Day III: Block B 0100,community,Qualifier,elimination,1,2021-03-19T01:18:42Z,bf:5f32c6147bd80311ab78193f,bf:602aa3c2a9de5d119d53bf98,2,0,1,1
battlefy,6047a6ca017afb4f16ffd75b,Kards Blitz - Day III: Block B 0100,community,Qualifier,elimination,1,2021-03-19T01:19:20Z,bf:5fbebdee043fd20cdf90cfaf,bf:5f1b48d1abfcb016362ba48e,2,0,1,1
battlefy,6047a6ca017afb4f16ffd75b,Kards Blitz - Day III: Block B 0100,community,Qualifier,elimination,1,2021-03-19T01:35:26Z,bf:5f0dde2dc47339351f7f7715,bf:60514c101ca3d756eb01932e,1,2,2,1
battlefy,6047a6ca017afb4f16ffd75b,Kards Blitz - Day III: Block B 0100,community,Qualifier,elimination,2,2021-03-19T01:35:31Z,bf:5f32c6147bd80311ab78193f,bf:5f10c966160c3f2239e92921,2,1,1,1
battlefy,6047a6ca017afb4f16ffd75b,Kards Blitz - Day III: Block B 0100,community,Qualifier,elimination,2,2021-03-19T01:53:53Z,bf:60514c101ca3d756eb01932e,bf:5fbebdee043fd20cdf90cfaf,0,2,2,1
battlefy,6047a6ca017afb4f16ffd75b,Kards Blitz - Day III: Block B 0100,community,Qualifier,elimination,3,2021-03-19T02:13:36Z,bf:5fbebdee043fd20cdf90cfaf,bf:5f32c6147bd80311ab78193f,0,2,2,1
battlefy,6047a6fd0affae5c8768d387,Kards Blitz - Day III: Block B 0200,community,Qualifier,elimination,1,2021-03-19T02:13:55Z,bf:6053f002ad6ed611fc644e6c,bf:5fb0acb4eb92fe047543807d,0,2,2,1
battlefy,6047a6fd0affae5c8768d387,Kards Blitz - Day III: Block B 0200,community,Qualifier,elimination,1,2021-03-19T02:16:17Z,bf:601ccaa7df90f911ab030712,bf:602aa3c2a9de5d119d53bf98,2,0,1,1
battlefy,6047a6fd0affae5c8768d387,Kards Blitz - Day III: Block B 0200,community,Qualifier,elimination,1,2021-03-19T02:18:49Z,bf:601ad0d4bccfe11bd7952790,bf:5f1b48d1abfcb016362ba48e,2,0,1,1
battlefy,6047a6fd0affae5c8768d387,Kards Blitz - Day III: Block B 0200,community,Qualifier,elimination,1,2021-03-19T02:19:20Z,bf:5f0e37b37c5e104738aebbe3,bf:5f113e2cd04bae257fc195f6,2,1,1,1
battlefy,6047a6fd0affae5c8768d387,Kards Blitz - Day III: Block B 0200,community,Qualifier,elimination,2,2021-03-19T02:42:17Z,bf:601ccaa7df90f911ab030712,bf:5f0e37b37c5e104738aebbe3,0,2,2,1
battlefy,6047a6fd0affae5c8768d387,Kards Blitz - Day III: Block B 0200,community,Qualifier,elimination,2,2021-03-19T02:44:47Z,bf:601ad0d4bccfe11bd7952790,bf:5fb0acb4eb92fe047543807d,1,2,2,1
battlefy,6047a6fd0affae5c8768d387,Kards Blitz - Day III: Block B 0200,community,Qualifier,elimination,3,2021-03-19T03:05:15Z,bf:5f0e37b37c5e104738aebbe3,bf:5fb0acb4eb92fe047543807d,2,1,1,1
battlefy,6047a7440affae5c8768d390,Kards Blitz - Day IV: Block A 1400,community,Qualifier,elimination,1,2021-03-19T14:11:51Z,bf:5fa3da8e11743771ade92018,bf:602bf7e108d6c576f70885be,2,0,1,1
battlefy,6047a7440affae5c8768d390,Kards Blitz - Day IV: Block A 1400,community,Qualifier,elimination,1,2021-03-19T14:14:10Z,bf:5f113e2cd04bae257fc195f6,bf:601ccaa7df90f911ab030712,2,0,1,1
battlefy,6047a7440affae5c8768d390,Kards Blitz - Day IV: Block A 1400,community,Qualifier,elimination,1,2021-03-19T14:17:05Z,bf:5fa3e36b6b9c704abc3f92a0,bf:57101bc80b3b0f8312f27ec5,2,0,1,1
battlefy,6047a7440affae5c8768d390,Kards Blitz - Day IV: Block A 1400,community,Qualifier,elimination,1,2021-03-19T14:19:43Z,bf:5f4965bb76b8305ffaa36866,bf:6040deb7c12b5c4f046bd81a,0,2,2,1
battlefy,6047a7440affae5c8768d390,Kards Blitz - Day IV: Block A 1400,community,Qualifier,elimination,1,2021-03-19T14:23:40Z,bf:602aa3c2a9de5d119d53bf98,bf:5e889af67a9c4c10932a6ca9,1,2,2,1
battlefy,6047a7440affae5c8768d390,Kards Blitz - Day IV: Block A 1400,community,Qualifier,elimination,1,2021-03-19T14:24:13Z,bf:603cfe1ab328151e11b92549,bf:601ae997fb69622ad6617823,2,1,1,1
battlefy,6047a7440affae5c8768d390,Kards Blitz - Day IV: Block A 1400,community,Qualifier,elimination,1,2021-03-19T14:26:58Z,bf:604e70169811de4a8929cc66,bf:5f10c966160c3f2239e92921,2,0,1,1
battlefy,6047a7440affae5c8768d390,Kards Blitz - Day IV: Block A 1400,community,Qualifier,elimination,2,2021-03-19T14:29:41Z,bf:5fa3da8e11743771ade92018,bf:5fa3e36b6b9c704abc3f92a0,2,0,1,1
battlefy,6047a7440affae5c8768d390,Kards Blitz - Day IV: Block A 1400,community,Qualifier,elimination,1,2021-03-19T14:35:15Z,bf:601ad0d4bccfe11bd7952790,bf:601e4222507c147700ac949d,2,1,1,1
battlefy,6047a7440affae5c8768d390,Kards Blitz - Day IV: Block A 1400,community,Qualifier,elimination,2,2021-03-19T14:46:54Z,bf:6040deb7c12b5c4f046bd81a,bf:5f113e2cd04bae257fc195f6,2,1,1,1
battlefy,6047a7440affae5c8768d390,Kards Blitz - Day IV: Block A 1400,community,Qualifier,elimination,2,2021-03-19T14:47:29Z,bf:5e889af67a9c4c10932a6ca9,bf:603cfe1ab328151e11b92549,1,2,2,1
battlefy,6047a7440affae5c8768d390,Kards Blitz - Day IV: Block A 1400,community,Qualifier,elimination,3,2021-03-19T14:59:58Z,bf:5fa3da8e11743771ade92018,bf:603cfe1ab328151e11b92549,0,2,2,1
battlefy,6047a7440affae5c8768d390,Kards Blitz - Day IV: Block A 1400,community,Qualifier,elimination,2,2021-03-19T15:03:11Z,bf:604e70169811de4a8929cc66,bf:601ad0d4bccfe11bd7952790,1,2,2,1
battlefy,6047a787e563ed4f24bf9ca3,Kards Blitz - Day IV: Block A 1500,community,Qualifier,elimination,1,2021-03-19T15:16:00Z,bf:57101bc80b3b0f8312f27ec5,bf:6050d83f99327f4b6234ea93,2,0,1,1
battlefy,6047a787e563ed4f24bf9ca3,Kards Blitz - Day IV: Block A 1500,community,Qualifier,elimination,1,2021-03-19T15:16:26Z,bf:6050d9c1d164f74b8e7830c0,bf:5fa3da8e11743771ade92018,1,2,2,1
battlefy,6047a787e563ed4f24bf9ca3,Kards Blitz - Day IV: Block A 1500,community,Qualifier,elimination,1,2021-03-19T15:17:13Z,bf:601ccaa7df90f911ab030712,bf:605104bbb2e5e24b47ce44f8,2,0,1,1
battlefy,6047a7440affae5c8768d390,Kards Blitz - Day IV: Block A 1400,community,Qualifier,elimination,3,2021-03-19T15:20:16Z,bf:601ad0d4bccfe11bd7952790,bf:6040deb7c12b5c4f046bd81a,1,2,2,1
battlefy,6047a787e563ed4f24bf9ca3,Kards Blitz - Day IV: Block A 1500,community,Qualifier,elimination,1,2021-03-19T15:21:37Z,bf:5f1b48d1abfcb016362ba48e,bf:5f1493df1c8cdf16056f8bc9,2,1,1,1
battlefy,6047a787e563ed4f24bf9ca3,Kards Blitz - Day IV: Block A 1500,community,Qualifier,elimination,1,2021-03-19T15:29:26Z,bf:601ae997fb69622ad6617823,bf:601e4222507c147700ac949d,1,2,2,1
battlefy,6047a787e563ed4f24bf9ca3,Kards Blitz - Day IV: Block A 1500,community,Qualifier,elimination,2,2021-03-19T15:31:12Z,bf:5ec2a6dafd8a561535cde2a5,bf:57101bc80b3b0f8312f27ec5,0,2,2,1
battlefy,6047a787e563ed4f24bf9ca3,Kards Blitz - Day IV: Block A 1500,community,Qualifier,elimination,2,2021-03-19T15:35:31Z,bf:602d5acba74cc17c31b7d9af,bf:5f1b48d1abfcb016362ba48e,0,2,2,1
battlefy,6047a787e563ed4f24bf9ca3,Kards Blitz - Day IV: Block A 1500,community,Qualifier,elimination,2,2021-03-19T15:39:54Z,bf:5fa3da8e11743771ade92018,bf:601ccaa7df90f911ab030712,2,1,1,1
battlefy,6047a787e563ed4f24bf9ca3,Kards Blitz - Day IV: Block A 1500,community,Qualifier,elimination,3,2021-03-19T15:52:46Z,bf:57101bc80b3b0f8312f27ec5,bf:5f1b48d1abfcb016362ba48e,1,2,2,1
battlefy,6047a787e563ed4f24bf9ca3,Kards Blitz - Day IV: Block A 1500,community,Qualifier,elimination,2,2021-03-19T15:56:00Z,bf:603aca86a4a3f111939e5346,bf:601e4222507c147700ac949d,2,1,1,1
battlefy,6047a787e563ed4f24bf9ca3,Kards Blitz - Day IV: Block A 1500,community,Qualifier,elimination,3,2021-03-19T16:09:38Z,bf:603aca86a4a3f111939e5346,bf:5fa3da8e11743771ade92018,0,2,2,1
battlefy,6047a7e2e5afbb5cc4ebab93,Kards Blitz - Day IV: Block A 1600,community,Qualifier,elimination,1,2021-03-19T16:14:47Z,bf:5fa3e36b6b9c704abc3f92a0,bf:5f113e2cd04bae257fc195f6,2,0,1,1
battlefy,6047a7e2e5afbb5cc4ebab93,Kards Blitz - Day IV: Block A 1600,community,Qualifier,elimination,1,2021-03-19T16:18:29Z,bf:5f1493df1c8cdf16056f8bc9,bf:602d5acba74cc17c31b7d9af,0,2,2,1
battlefy,6047a787e563ed4f24bf9ca3,Kards Blitz - Day IV: Block A 1500,community,Qualifier,elimination,4,2021-03-19T16:21:58Z,bf:5fa3da8e11743771ade92018,bf:5f1b48d1abfcb016362ba48e,2,0,1,1
battlefy,6047a7440affae5c8768d390,Kards Blitz - Day IV: Block A 1400,community,Qualifier,elimination,4,2021-03-19T16:24:24Z,bf:6040deb7c12b5c4f046bd81a,bf:603cfe1ab328151e11b92549,1,2,2,1
battlefy,6047a7e2e5afbb5cc4ebab93,Kards Blitz - Day IV: Block A 1600,community,Qualifier,elimination,1,2021-03-19T16:24:35Z,bf:6050dd83d164f74b8e7830f8,bf:6050d9c1d164f74b8e7830c0,2,1,1,1
battlefy,6047a7e2e5afbb5cc4ebab93,Kards Blitz - Day IV: Block A 1600,community,Qualifier,elimination,1,2021-03-19T16:28:10Z,bf:5f4318d1681ff84ab5ec92f9,bf:601ccaa7df90f911ab030712,1,2,2,1
battlefy,6047a7e2e5afbb5cc4ebab93,Kards Blitz - Day IV: Block A 1600,community,Qualifier,elimination,1,2021-03-19T16:32:08Z,bf:5f4965bb76b8305ffaa36866,bf:604e70169811de4a8929cc66,0,2,2,1
battlefy,6047a7e2e5afbb5cc4ebab93,Kards Blitz - Day IV: Block A 1600,community,Qualifier,elimination,1,2021-03-19T16:32:30Z,bf:601ae997fb69622ad6617823,bf:5f0dde2dc47339351f7f7715,2,0,1,1
battlefy,6047a7e2e5afbb5cc4ebab93,Kards Blitz - Day IV: Block A 1600,community,Qualifier,elimination,1,2021-03-19T16:37:29Z,bf:601ad0d4bccfe11bd7952790,bf:5fbebdee043fd20cdf90cfaf,2,0,1,1
battlefy,6047a7e2e5afbb5cc4ebab93,Kards Blitz - Day IV: Block A 1600,community,Qualifier,elimination,2,2021-03-19T16:44:16Z,bf:5fa3e36b6b9c704abc3f92a0,bf:6050dd83d164f74b8e7830f8,1,2,2,1
battlefy,6047a7e2e5afbb5cc4ebab93,Kards Blitz - Day IV: Block A 1600,community,Qualifier,elimination,2,2021-03-19T16:45:56Z,bf:604e70169811de4a8929cc66,bf:602d5acba74cc17c31b7d9af,0,2,2,1
battlefy,6047a7e2e5afbb5cc4ebab93,Kards Blitz - Day IV: Block A 1600,community,Qualifier,elimination,2,2021-03-19T16:50:11Z,bf:5fb6da26eb92fe047543c823,bf:601ae997fb69622ad6617823,1,2,2,1
battlefy,6047a7e2e5afbb5cc4ebab93,Kards Blitz - Day IV: Block A 1600,community,Qualifier,elimination,2,2021-03-19T16:58:20Z,bf:601ccaa7df90f911ab030712,bf:601ad0d4bccfe11bd7952790,2,0,1,1
battlefy,6047a82ac12b5c4f046c149e,Kards Blitz - Day IV: Block A 1700,community,Qualifier,elimination,1,2021-03-19T17:13:15Z,bf:60538ebac377d13ac74753e7,bf:6040deb7c12b5c4f046bd81a,0,2,2,1
battlefy,6047a7e2e5afbb5cc4ebab93,Kards Blitz - Day IV: Block A 1600,community,Qualifier,elimination,3,2021-03-19T17:13:36Z,bf:6050dd83d164f74b8e7830f8,bf:602d5acba74cc17c31b7d9af,1,2,2,1
battlefy,6047a82ac12b5c4f046c149e,Kards Blitz - Day IV: Block A 1700,community,Qualifier,elimination,1,2021-03-19T17:23:05Z,bf:6050d9c1d164f74b8e7830c0,bf:5fbebdee043fd20cdf90cfaf,1,2,2,1
battlefy,6047a7e2e5afbb5cc4ebab93,Kards Blitz - Day IV: Block A 1600,community,Qualifier,elimination,3,2021-03-19T17:23:56Z,bf:601ae997fb69622ad6617823,bf:601ccaa7df90f911ab030712,2,1,1,1
battlefy,6047a82ac12b5c4f046c149e,Kards Blitz - Day IV: Block A 1700,community,Qualifier,elimination,1,2021-03-19T17:24:54Z,bf:5f113e2cd04bae257fc195f6,bf:5f0dde2dc47339351f7f7715,0,2,2,1
battlefy,6047a82ac12b5c4f046c149e,Kards Blitz - Day IV: Block A 1700,community,Qualifier,elimination,1,2021-03-19T17:25:33Z,bf:5f1b48d1abfcb016362ba48e,bf:5fb6da26eb92fe047543c823,0,2,2,1
battlefy,6047a82ac12b5c4f046c149e,Kards Blitz - Day IV: Block A 1700,community,Qualifier,elimination,1,2021-03-19T17:28:49Z,bf:5f4318d1681ff84ab5ec92f9,bf:604e70169811de4a8929cc66,1,2,2,1
battlefy,6047a7e2e5afbb5cc4ebab93,Kards Blitz - Day IV: Block A 1600,community,Qualifier,elimination,4,2021-03-19T17:38:28Z,bf:601ae997fb69622ad6617823,bf:602d5acba74cc17c31b7d9af,2,0,1,1
battlefy,6047a82ac12b5c4f046c149e,Kards Blitz - Day IV: Block A 1700,community,Qualifier,elimination,2,2021-03-19T17:43:57Z,bf:603aca86a4a3f111939e5346,bf:604e70169811de4a8929cc66,0,2,2,1
battlefy,6047a82ac12b5c4f046c149e,Kards Blitz - Day IV: Block A 1700,community,Qualifier,elimination,2,2021-03-19T17:48:37Z,bf:5fb3203b1632970e916b97b7,bf:5f0dde2dc47339351f7f7715,0,2,2,1
battlefy,6047a82ac12b5c4f046c149e,Kards Blitz - Day IV: Block A 1700,community,Qualifier,elimination,2,2021-03-19T17:53:34Z,bf:5fbef0144d01f9313d135b11,bf:5fbebdee043fd20cdf90cfaf,1,2,2,1
battlefy,6047a82ac12b5c4f046c149e,Kards Blitz - Day IV: Block A 1700,community,Qualifier,elimination,2,2021-03-19T17:57:20Z,bf:6040deb7c12b5c4f046bd81a,bf:5fb6da26eb92fe047543c823,2,1,1,1
battlefy,6047a82ac12b5c4f046c149e,Kards Blitz - Day IV: Block A 1700,community,Qualifier,elimination,3,2021-03-19T18:07:47Z,bf:5f0dde2dc47339351f7f7715,bf:6040deb7c12b5c4f046bd81a,0,2,2,1
battlefy,6047a82ac12b5c4f046c149e,Kards Blitz - Day IV: Block A 1700,community,Qualifier,elimination,3,2021-03-19T18:14:36Z,bf:5fbebdee043fd20cdf90cfaf,bf:604e70169811de4a8929cc66,1,2,2,1
battlefy,6047a82ac12b5c4f046c149e,Kards Blitz - Day IV: Block A 1700,community,Qualifier,elimination,4,2021-03-19T18:27:51Z,bf:6040deb7c12b5c4f046bd81a,bf:604e70169811de4a8929cc66,0,2,2,1
battlefy,6047a87e1559504e99ac41a6,Kards Blitz - Day IV: Block B 0100,community,Qualifier,elimination,1,2021-03-20T01:02:31Z,bf:5f113e2cd04bae257fc195f6,bf:5f0dde2dc47339351f7f7715,2,0,1,1
battlefy,6047a87e1559504e99ac41a6,Kards Blitz - Day IV: Block B 0100,community,Qualifier,elimination,1,2021-03-20T01:11:24Z,bf:5f10c966160c3f2239e92921,bf:5fb0acb4eb92fe047543807d,0,2,2,1
battlefy,6047a87e1559504e99ac41a6,Kards Blitz - Day IV: Block B 0100,community,Qualifier,elimination,1,2021-03-20T01:33:45Z,bf:60512d0b3ae2c317e32bcf66,bf:5fa31ac6f8fc171ea9f67c43,1,2,2,1
battlefy,6047a87e1559504e99ac41a6,Kards Blitz - Day IV: Block B 0100,community,Qualifier,elimination,1,2021-03-20T01:36:28Z,bf:5f1b48d1abfcb016362ba48e,bf:5fbebdee043fd20cdf90cfaf,2,1,1,1
battlefy,6047a87e1559504e99ac41a6,Kards Blitz - Day IV: Block B 0100,community,Qualifier,elimination,2,2021-03-20T02:01:55Z,bf:5f1b48d1abfcb016362ba48e,bf:5f113e2cd04bae257fc195f6,1,2,2,1
battlefy,6047a87e1559504e99ac41a6,Kards Blitz - Day IV: Block B 0100,community,Qualifier,elimination,2,2021-03-20T02:20:35Z,bf:5fb0acb4eb92fe047543807d,bf:5fa31ac6f8fc171ea9f67c43,1,2,2,1
battlefy,6047a8af9d627469d76ebc03,Kards Blitz - Day IV: Block B 0200,community,Qualifier,elimination,1,2021-03-20T02:20:42Z,bf:5fbebdee043fd20cdf90cfaf,bf:5f10c966160c3f2239e92921,2,0,1,1
battlefy,6047a8af9d627469d76ebc03,Kards Blitz - Day IV: Block B 0200,community,Qualifier,elimination,2,2021-03-20T02:32:38Z,bf:60514c101ca3d756eb01932e,bf:5fbebdee043fd20cdf90cfaf,0,2,2,1
battlefy,6047a8af9d627469d76ebc03,Kards Blitz - Day IV: Block B 0200,community,Qualifier,elimination,2,2021-03-20T02:35:49Z,bf:5f0dde2dc47339351f7f7715,bf:5f4318d1681ff84ab5ec92f9,1,2,2,1
battlefy,6047a87e1559504e99ac41a6,Kards Blitz - Day IV: Block B 0100,community,Qualifier,elimination,3,2021-03-20T02:36:18Z,bf:5fa31ac6f8fc171ea9f67c43,bf:5f113e2cd04bae257fc195f6,2,1,1,1
battlefy,6047a8e3cd4d315c6eb7b81a,Kards Blitz - Day IV: Block B 0300,community,Qualifier,elimination,1,2021-03-20T03:09:34Z,bf:5fa3973bf8fc171ea9f68255,bf:601ccaa7df90f911ab030712,0,2,2,1
battlefy,6047a8af9d627469d76ebc03,Kards Blitz - Day IV: Block B 0200,community,Qualifier,elimination,3,2021-03-20T03:10:33Z,bf:5fbebdee043fd20cdf90cfaf,bf:5f4318d1681ff84ab5ec92f9,2,1,1,1
battlefy,6047a8e3cd4d315c6eb7b81a,Kards Blitz - Day IV: Block B 0300,community,Qualifier,elimination,1,2021-03-20T03:13:50Z,bf:5f1b48d1abfcb016362ba48e,bf:5fa460dac3c163598ec7e50f,1,2,2,1
battlefy,6047a8e3cd4d315c6eb7b81a,Kards Blitz - Day IV: Block B 0300,community,Qualifier,elimination,1,2021-03-20T03:15:00Z,bf:5f10c966160c3f2239e92921,bf:5fb0acb4eb92fe047543807d,0,2,2,1
battlefy,6047a8e3cd4d315c6eb7b81a,Kards Blitz - Day IV: Block B 0300,community,Qualifier,elimination,1,2021-03-20T03:29:57Z,bf:5f0dde2dc47339351f7f7715,bf:5f113e2cd04bae257fc195f6,1,2,2,1
battlefy,6047a8e3cd4d315c6eb7b81a,Kards Blitz - Day IV: Block B 0300,community,Qualifier,elimination,2,2021-03-20T03:37:58Z,bf:601ccaa7df90f911ab030712,bf:5fb0acb4eb92fe047543807d,2,1,1,1
battlefy,6047a8e3cd4d315c6eb7b81a,Kards Blitz - Day IV: Block B 0300,community,Qualifier,elimination,2,2021-03-20T03:56:12Z,bf:5fa460dac3c163598ec7e50f,bf:5f113e2cd04bae257fc195f6,2,0,1,1
battlefy,6047a91552fb5c514f5acea3,Kards Blitz - Day IV: Block B 0400,community,Qualifier,elimination,1,2021-03-20T04:11:20Z,bf:6050d83f99327f4b6234ea93,bf:5fb0acb4eb92fe047543807d,0,2,2,1
battlefy,6047a8e3cd4d315c6eb7b81a,Kards Blitz - Day IV: Block B 0300,community,Qualifier,elimination,3,2021-03-20T04:22:25Z,bf:601ccaa7df90f911ab030712,bf:5fa460dac3c163598ec7e50f,0,2,2,1
battlefy,6047a91552fb5c514f5acea3,Kards Blitz - Day IV: Block B 0400,community,Qualifier,elimination,1,2021-03-20T04:23:54Z,bf:5f0dde2dc47339351f7f7715,bf:5f1b48d1abfcb016362ba48e,0,2,2,1
battlefy,6047a91552fb5c514f5acea3,Kards Blitz - Day IV: Block B 0400,community,Qualifier,elimination,2,2021-03-20T04:32:39Z,bf:5f122bf8b4738624c4273b13,bf:5fb0acb4eb92fe047543807d,2,0,1,1
battlefy,6047a91552fb5c514f5acea3,Kards Blitz - Day IV: Block B 0400,community,Qualifier,elimination,2,2021-03-20T04:49:32Z,bf:5f113e2cd04bae257fc195f6,bf:5f1b48d1abfcb016362ba48e,2,1,1,1
battlefy,6047a91552fb5c514f5acea3,Kards Blitz - Day IV: Block B 0400,community,Qualifier,elimination,3,2021-03-20T05:09:17Z,bf:5f113e2cd04bae257fc195f6,bf:5f122bf8b4738624c4273b13,2,0,1,1
battlefy,605a4fb2d9c5a005c35fef13,KARDS Open V,open,Swiss Weekend,swiss,1,2021-04-03T15:15:49Z,bf:60624761e23edf11a8fbebab,bf:60623bfcfe869e359192bdb3,2,0,1,1
battlefy,605a4fb2d9c5a005c35fef13,KARDS Open V,open,Swiss Weekend,swiss,1,2021-04-03T15:15:50Z,bf:604e70169811de4a8929cc66,bf:5ec99a6d5cb5d5345c7fdf7c,2,0,1,1
battlefy,605a4fb2d9c5a005c35fef13,KARDS Open V,open,Swiss Weekend,swiss,1,2021-04-03T15:19:35Z,bf:5e7e00974f03651058bba114,bf:60674f097230f532c22615b9,0,2,2,1
battlefy,605a4fb2d9c5a005c35fef13,KARDS Open V,open,Swiss Weekend,swiss,1,2021-04-03T15:19:39Z,bf:5f3aef3e6ce6de28d63e3425,bf:5b38c676cbd82c03a4f28e8f,0,2,2,1
battlefy,605a4fb2d9c5a005c35fef13,KARDS Open V,open,Swiss Weekend,swiss,1,2021-04-03T15:20:08Z,bf:5f159e62ea159211b4c9a50e,bf:564e7b5b80b8db4a00c4ff9c,0,2,2,1
battlefy,605a4fb2d9c5a005c35fef13,KARDS Open V,open,Swiss Weekend,swiss,1,2021-04-03T15:20:26Z,bf:5f12bb99cf45491743370da4,bf:5eb65df574f31a11dd226b38,0,2,2,1
battlefy,605a4fb2d9c5a005c35fef13,KARDS Open V,open,Swiss Weekend,swiss,1,2021-04-03T15:20:41Z,bf:5f1b48d1abfcb016362ba48e,bf:5fbebdee043fd20cdf90cfaf,0,2,2,1
battlefy,605a4fb2d9c5a005c35fef13,KARDS Open V,open,Swiss Weekend,swiss,1,2021-04-03T15:21:23Z,bf:6051fe41cbd09156d261e80c,bf:601ccaa7df90f911ab030712,0,2,2,1
battlefy,605a4fb2d9c5a005c35fef13,KARDS Open V,open,Swiss Weekend,swiss,1,2021-04-03T15:23:42Z,bf:602d5acba74cc17c31b7d9af,bf:57101bc80b3b0f8312f27ec5,1,2,2,1
battlefy,605a4fb2d9c5a005c35fef13,KARDS Open V,open,Swiss Weekend,swiss,1,2021-04-03T15:24:12Z,bf:6050d9c1d164f74b8e7830c0,bf:5f0e37b37c5e104738aebbe3,0,2,2,1
battlefy,605a4fb2d9c5a005c35fef13,KARDS Open V,open,Swiss Weekend,swiss,1,2021-04-03T15:24:18Z,bf:5fa5ede611743771ade94108,bf:60676fb11d5ed13ba0593743,2,0,1,1
battlefy,605a4fb2d9c5a005c35fef13,KARDS Open V,open,Swiss Weekend,swiss,1,2021-04-03T15:24:21Z,bf:60665059bea76d63440e763f,bf:5fa2011d11743771ade90dee,2,0,1,0
battlefy,605a4fb2d9c5a005c35fef13,KARDS Open V,open,Swiss Weekend,swiss,1,2021-04-03T15:25:25Z,bf:5fa467df4eb3c2458669c29a,bf:606854ffd0955e11e2b01407,2,0,1,1
battlefy,605a4fb2d9c5a005c35fef13,KARDS Open V,open,Swiss Weekend,swiss,1,2021-04-03T15:25:34Z,bf:601d334704309b1b93074798,bf:6064c336521bb713377d7223,2,0,1,1
battlefy,605a4fb2d9c5a005c35fef13,KARDS Open V,open,Swiss Weekend,swiss,1,2021-04-03T15:27:32Z,bf:5f191b72abfcb016362b6974,bf:6061f0d91d5ed13ba0590c8c,2,0,1,1
battlefy,605a4fb2d9c5a005c35fef13,KARDS Open V,open,Swiss Weekend,swiss,1,2021-04-03T15:28:00Z,bf:5c7e66cd2dd6e4033a9d5fd1,bf:5fb02943698db1048d26b9cd,2,0,1,1
battlefy,605a4fb2d9c5a005c35fef13,KARDS Open V,open,Swiss Weekend,swiss,1,2021-04-03T15:30:53Z,bf:6068332c521bb713377d8fdf,bf:5ec2a6dafd8a561535cde2a5,0,2,2,1
battlefy,605a4fb2d9c5a005c35fef13,KARDS Open V,open,Swiss Weekend,swiss,1,2021-04-03T15:31:04Z,bf:5f109d917a5f692572240090,bf:5ebd9402b92b28521a098ec8,0,2,2,1
battlefy,605a4fb2d9c5a005c35fef13,KARDS Open V,open,Swiss Weekend,swiss,1,2021-04-03T15:31:44Z,bf:5f362c8703dbcc11d58d78e3,bf:5fc13c6e4a99f533280c7373,2,1,1,1
battlefy,605a4fb2d9c5a005c35fef13,KARDS Open V,open,Swiss Weekend,swiss,1,2021-04-03T15:31:56Z,bf:5eeb9c3d19b81239da9496cb,bf:5eb598330abb797ad38acaee,2,1,1,1
battlefy,605a4fb2d9c5a005c35fef13,KARDS Open V,open,Swiss Weekend,swiss,1,2021-04-03T15:33:50Z,bf:5f145fa11c8cdf16056f8757,bf:601d189a36ceeb11b32b81e2,1,2,2,1
battlefy,605a4fb2d9c5a005c35fef13,KARDS Open V,open,Swiss Weekend,swiss,1,2021-04-03T15:33:54Z,bf:5e889af67a9c4c10932a6ca9,bf:60687eb5eea041235d6db8aa,2,1,1,1
battlefy,605a4fb2d9c5a005c35fef13,KARDS Open V,open,Swiss Weekend,swiss,1,2021-04-03T15:34:12Z,bf:6062d422fe869e359192c071,bf:57a1697c8c3386280ca04b34,0,2,2,1
battlefy,605a4fb2d9c5a005c35fef13,KARDS Open V,open,Swiss Weekend,swiss,1,2021-04-03T15:34:26Z,bf:5f11d247160c3f2239e940a4,bf:60620a3ddb064f11ae99a9cc,2,0,1,1
battlefy,605a4fb2d9c5a005c35fef13,KARDS Open V,open,Swiss Weekend,swiss,1,2021-04-03T15:34:44Z,bf:606205aa77b5c319f9259197,bf:5e9cf8ff72e2961f747c7978,0,2,2,1
battlefy,605a4fb2d9c5a005c35fef13,KARDS Open V,open,Swiss Weekend,swiss,1,2021-04-03T15:34:51Z,bf:5f0cd40c3087a65e039603f4,bf:601d6e10dca2311bb626f1d2,2,0,1,1
battlefy,605a4fb2d9c5a005c35fef13,KARDS Open V,open,Swiss Weekend,swiss,1,2021-04-03T15:36:29Z,bf:5f0df84e824086475be264b7,bf:5fbeb056698db1048d27b5bd,2,0,1,1
battlefy,605a4fb2d9c5a005c35fef13,KARDS Open V,open,Swiss Weekend,swiss,1,2021-04-03T15:37:59Z,bf:5fb6da26eb92fe047543c823,bf:60631191ef449e2156a5adf9,2,0,1,1
battlefy,605a4fb2d9c5a005c35fef13,KARDS Open V,open,Swiss Weekend,swiss,1,2021-04-03T15:38:00Z,bf:60644d12bea76d63440e66db,bf:5f32c6147bd80311ab78193f,0,2,2,1
battlefy,605a4fb2d9c5a005c35fef13,KARDS Open V,open,Swiss Weekend,swiss,1,2021-04-03T15:38:11Z,bf:6064433143507c17f08ff721,bf:5f0e248def3ab65b96796c3f,2,0,1,1
battlefy,605a4fb2d9c5a005c35fef13,KARDS Open V,open,Swiss Weekend,swiss,1,2021-04-03T15:39:21Z,bf:5ec038e2256baa1d38011a05,bf:6030551a73965f35ae461762,2,0,1,1
battlefy,605a4fb2d9c5a005c35fef13,KARDS Open V,open,Swiss Weekend,swiss,1,2021-04-03T15:40:34Z,bf:5f32f48419fcf2666b2abff1,bf:5fa5397c241d875936d2c2f2,2,0,1,1
battlefy,605a4fb2d9c5a005c35fef13,KARDS Open V,open,Swiss Weekend,swiss,1,2021-04-03T15:41:17Z,bf:60685007d0955e11e2b013f4,bf:60647b02521bb713377d6f5c,0,2,2,1
battlefy,605a4fb2d9c5a005c35fef13,KARDS Open V,open,Swiss Weekend,swiss,1,2021-04-03T15:42:21Z,bf:601c9f9ef8251e1bb7eb0fb5,bf:5fbf6ade2dc8793ada852a75,1,2,2,1
battlefy,605a4fb2d9c5a005c35fef13,KARDS Open V,open,Swiss Weekend,swiss,1,2021-04-03T15:42:47Z,bf:60520c7e3ae2c317e32bd629,bf:6064772a1dc5b905e3c0ff51,1,2,2,1
battlefy,605a4fb2d9c5a005c35fef13,KARDS Open V,open,Swiss Weekend,swiss,1,2021-04-03T15:43:19Z,bf:6064b09a65d11d138804412a,bf:6039135967b58f1e04196610,1,2,2,1
battlefy,605a4fb2d9c5a005c35fef13,KARDS Open V,open,Swiss Weekend,swiss,1,2021-04-03T15:46:55Z,bf:6065e506c75b3f32bc8957c9,bf:5fbf4fe05d320863b86f0fb6,0,2,2,1
battlefy,605a4fb2d9c5a005c35fef13,KARDS Open V,open,Swiss Weekend,swiss,1,2021-04-03T15:46:55Z,bf:601e4222507c147700ac949d,bf:5f140d9bbcbe32117ff6b7e7,2,1,1,1
battlefy,605a4fb2d9c5a005c35fef13,KARDS Open V,open,Swiss Weekend,swiss,1,2021-04-03T15:48:26Z,bf:6050dd83d164f74b8e7830f8,bf:60509713496ba24d0604cc08,1,2,2,1
battlefy,605a4fb2d9c5a005c35fef13,KARDS Open V,open,Swiss Weekend,swiss,1,2021-04-03T15:49:28Z,bf:60687ce718f0251191ca9656,bf:6064975b99c79405c943b28f,0,2,2,1
battlefy,605a4fb2d9c5a005c35fef13,KARDS Open V,open,Swiss Weekend,swiss,1,2021-04-03T15:51:24Z,bf:60677695fe869e359192e820,bf:60649133d9c5a005c360423e,2,0,1,1
battlefy,605a4fb2d9c5a005c35fef13,KARDS Open V,open,Swiss Weekend,swiss,1,2021-04-03T16:10:06Z,bf:6065dd291b083505d3f69759,bf:5f11d0b0eea71b24bc30e84a,1,2,2,1
battlefy,605a4fb2d9c5a005c35fef13,KARDS Open V,open,Swiss Weekend,swiss,2,2021-04-03T16:22:47Z,bf:606205aa77b5c319f9259197,bf:5f140d9bbcbe32117ff6b7e7,2,0,1,1
battlefy,605a4fb2d9c5a005c35fef13,KARDS Open V,open,Swiss Weekend,swiss,2,2021-04-03T16:22:47Z,bf:60674f097230f532c22615b9,bf:5eb65df574f31a11dd226b38,0,2,2,1
battlefy,605a4fb2d9c5a005c35fef13,KARDS Open V,open,Swiss Weekend,swiss,2,2021-04-03T16:22:47Z,bf:6064c336521bb713377d7223,bf:6065e506c75b3f32bc8957c9,0,2,2,1
battlefy,605a4fb2d9c5a005c35fef13,KARDS Open V,open,Swiss Weekend,swiss,2,2021-04-03T16:24:16Z,bf:6068332c521bb713377d8fdf,bf:60620a3ddb064f11ae99a9cc,0,2,2,0
battlefy,605a4fb2d9c5a005c35fef13,KARDS Open V,open,Swiss Weekend,swiss,2,2021-04-03T16:24:25Z,bf:5e889af67a9c4c10932a6ca9,bf:5fa467df4eb3c2458669c29a,0,2,2,1
battlefy,605a4fb2d9c5a005c35fef13,KARDS Open V,open,Swiss Weekend,swiss,2,2021-04-03T16:25:52Z,bf:5f362c8703dbcc11d58d78e3,bf:60624761e23edf11a8fbebab,2,0,1,1
battlefy,605a4fb2d9c5a005c35fef13,KARDS Open V,open,Swiss Weekend,swiss,2,2021-04-03T16:26:48Z,bf:6065dd291b083505d3f69759,bf:60520c7e3ae2c317e32bd629,0,2,2,0
battlefy,605a4fb2d9c5a005c35fef13,KARDS Open V,open,Swiss Weekend,swiss,2,2021-04-03T16:26:59Z,bf:6050dd83d164f74b8e7830f8,bf:5f12bb99cf45491743370da4,2,0,1,0
battlefy,605a4fb2d9c5a005c35fef13,KARDS Open V,open,Swiss Weekend,swiss,2,2021-04-03T16:27:07Z,bf:5eeb9c3d19b81239da9496cb,bf:564e7b5b80b8db4a00c4ff9c,0,2,2,1
battlefy,605a4fb2d9c5a005c35fef13,KARDS Open V,open,Swiss Weekend,swiss,2,2021-04-03T16:27:30Z,bf:6061f0d91d5ed13ba0590c8c,bf:606854ffd0955e11e2b01407,0,2,2,0
battlefy,605a4fb2d9c5a005c35fef13,KARDS Open V,open,Swiss Weekend,swiss,2,2021-04-03T16:28:00Z,bf:5f32c6147bd80311ab78193f,bf:5fa5ede611743771ade94108,0,2,2,1
battlefy,605a4fb2d9c5a005c35fef13,KARDS Open V,open,Swiss Weekend,swiss,2,2021-04-03T16:29:13Z,bf:601e4222507c147700ac949d,bf:5c7e66cd2dd6e4033a9d5fd1,0,2,2,1
battlefy,605a4fb2d9c5a005c35fef13,KARDS Open V,open,Swiss Weekend,swiss,2,2021-04-03T16:29:31Z,bf:5f1b48d1abfcb016362ba48e,bf:5f3aef3e6ce6de28d63e3425,2,0,1,1
battlefy,605a4fb2d9c5a005c35fef13,KARDS Open V,open,Swiss Weekend,swiss,2,2021-04-03T16:30:51Z,bf:60685007d0955e11e2b013f4,bf:602d5acba74cc17c31b7d9af,1,2,2,1
battlefy,605a4fb2d9c5a005c35fef13,KARDS Open V,open,Swiss Weekend,swiss,2,2021-04-03T16:31:20Z,bf:60623bfcfe869e359192bdb3,bf:60649133d9c5a005c360423e,0,2,2,0
battlefy,605a4fb2d9c5a005c35fef13,KARDS Open V,open,Swiss Weekend,swiss,2,2021-04-03T16:31:53Z,bf:60631191ef449e2156a5adf9,bf:5ec99a6d5cb5d5345c7fdf7c,0,2,2,1
battlefy,605a4fb2d9c5a005c35fef13,KARDS Open V,open,Swiss Weekend,swiss,2,2021-04-03T16:32:03Z,bf:60677695fe869e359192e820,bf:5f0cd40c3087a65e039603f4,0,2,2,1
battlefy,605a4fb2d9c5a005c35fef13,KARDS Open V,open,Swiss Weekend,swiss,2,2021-04-03T16:32:04Z,bf:5f109d917a5f692572240090,bf:60676fb11d5ed13ba0593743,2,0,1,0
battlefy,605a4fb2d9c5a005c35fef13,KARDS Open V,open,Swiss Weekend,swiss,2,2021-04-03T16:34:11Z,bf:60687ce718f0251191ca9656,bf:60644d12bea76d63440e66db,0,2,2,1
battlefy,605a4fb2d9c5a005c35fef13,KARDS Open V,open,Swiss Weekend,swiss,2,2021-04-03T16:35:18Z,bf:5eb598330abb797ad38acaee,bf:5e7e00974f03651058bba114,0,2,2,0
battlefy,605a4fb2d9c5a005c35fef13,KARDS Open V,open,Swiss Weekend,swiss,2,2021-04-03T16:35:48Z,bf:5fb02943698db1048d26b9cd,bf:6050d9c1d164f74b8e7830c0,1,2,2,1
battlefy,605a4fb2d9c5a005c35fef13,KARDS Open V,open,Swiss Weekend,swiss,2,2021-04-03T16:36:46Z,bf:5ebd9402b92b28521a098ec8,bf:5f32f48419fcf2666b2abff1,2,1,1,1
battlefy,605a4fb2d9c5a005c35fef13,KARDS Open V,open,Swiss Weekend,swiss,2,2021-04-03T16:36:49Z,bf:601e9b8beae820768baef5db,bf:5f0df84e824086475be264b7,0,2,2,1
battlefy,605a4fb2d9c5a005c35fef13,KARDS Open V,open,Swiss Weekend,swiss,2,2021-04-03T16:38:38Z,bf:5f0e37b37c5e104738aebbe3,bf:601d189a36ceeb11b32b81e2,2,1,1,1
battlefy,605a4fb2d9c5a005c35fef13,KARDS Open V,open,Swiss Weekend,swiss,2,2021-04-03T16:39:09Z,bf:57a1697c8c3386280ca04b34,bf:601d6e10dca2311bb626f1d2,2,0,1,1
battlefy,605a4fb2d9c5a005c35fef13,KARDS Open V,open,Swiss Weekend,swiss,2,2021-04-03T16:40:08Z,bf:5fc13c6e4a99f533280c7373,bf:601c9f9ef8251e1bb7eb0fb5,2,0,1,1
battlefy,605a4fb2d9c5a005c35fef13,KARDS Open V,open,Swiss Weekend,swiss,2,2021-04-03T16:40:34Z,bf:57101bc80b3b0f8312f27ec5,bf:5fbf6ade2dc8793ada852a75,2,1,1,1
battlefy,605a4fb2d9c5a005c35fef13,KARDS Open V,open,Swiss Weekend,swiss,2,2021-04-03T16:41:28Z,bf:6039135967b58f1e04196610,bf:5fbf4fe05d320863b86f0fb6,1,2,2,1
battlefy,605a4fb2d9c5a005c35fef13,KARDS Open V,open,Swiss Weekend,swiss,2,2021-04-03T16:43:19Z,bf:5f191b72abfcb016362b6974,bf:5e9cf8ff72e2961f747c7978,1,2,2,1
battlefy,605a4fb2d9c5a005c35fef13,KARDS Open V,open,Swiss Weekend,swiss,2,2021-04-03T16:43:47Z,bf:60665059bea76d63440e763f,bf:5ec2a6dafd8a561535cde2a5,2,1,1,1
battlefy,605a4fb2d9c5a005c35fef13,KARDS Open V,open,Swiss Weekend,swiss,2,2021-04-03T16:44:38Z,bf:5f11d247160c3f2239e940a4,bf:5b38c676cbd82c03a4f28e8f,2,1,1,1
battlefy,605a4fb2d9c5a005c35fef13,KARDS Open V,open,Swiss Weekend,swiss,2,2021-04-03T16:44:47Z,bf:6030551a73965f35ae461762,bf:6051fe41cbd09156d261e80c,2,1,1,1
battlefy,605a4fb2d9c5a005c35fef13,KARDS Open V,open,Swiss Weekend,swiss,2,2021-04-03T16:45:22Z,bf:5ec038e2256baa1d38011a05,bf:60509713496ba24d0604cc08,2,1,1,1
battlefy,605a4fb2d9c5a005c35fef13,KARDS Open V,open,Swiss Weekend,swiss,2,2021-04-03T16:46:04Z,bf:601ccaa7df90f911ab030712,bf:6064772a1dc5b905e3c0ff51,0,2,2,0
battlefy,605a4fb2d9c5a005c35fef13,KARDS Open V,open,Swiss Weekend,swiss,2,2021-04-03T16:46:11Z,bf:60687eb5eea041235d6db8aa,bf:5fa5397c241d875936d2c2f2,0,2,2,1
battlefy,605a4fb2d9c5a005c35fef13,KARDS Open V,open,Swiss Weekend,swiss,2,2021-04-03T16:46:21Z,bf:5fbeb056698db1048d27b5bd,bf:5f0e248def3ab65b96796c3f,0,2,2,0
battlefy,605a4fb2d9c5a005c35fef13,KARDS Open V,open,Swiss Weekend,swiss,2,2021-04-03T16:47:18Z,bf:60647b02521bb713377d6f5c,bf:601d334704309b1b93074798,2,0,1,1
battlefy,605a4fb2d9c5a005c35fef13,KARDS Open V,open,Swiss Weekend,swiss,2,2021-04-03T16:49:46Z,bf:5f145fa11c8cdf16056f8757,bf:6062d422fe869e359192c071,0,0,0,0
battlefy,605a4fb2d9c5a005c35fef13,KARDS Open V,open,Swiss Weekend,swiss,2,2021-04-03T16:49:52Z,bf:6064433143507c17f08ff721,bf:604e70169811de4a8929cc66,0,2,2,1
battlefy,605a4fb2d9c5a005c35fef13,KARDS Open V,open,Swiss Weekend,swiss,2,2021-04-03T16:51:11Z,bf:6064975b99c79405c943b28f,bf:5fbebdee043fd20cdf90cfaf,1,2,2,1
battlefy,605a4fb2d9c5a005c35fef13,KARDS Open V,open,Swiss Weekend,swiss,2,2021-04-03T16:53:57Z,bf:5fb6da26eb92fe047543c823,bf:5f11d0b0eea71b24bc30e84a,2,1,1,1
battlefy,605a4fb2d9c5a005c35fef13,KARDS Open V,open,Swiss Weekend,swiss,2,2021-04-03T16:58:23Z,bf:5f159e62ea159211b4c9a50e,bf:6064b09a65d11d138804412a,0,2,2,0
battlefy,605a4fb2d9c5a005c35fef13,KARDS Open V,open,Swiss Weekend,swiss,3,2021-04-03T17:11:44Z,bf:6065e506c75b3f32bc8957c9,bf:5e889af67a9c4c10932a6ca9,0,2,2,1
battlefy,605a4fb2d9c5a005c35fef13,KARDS Open V,open,Swiss Weekend,swiss,3,2021-04-03T17:13:34Z,bf:5fbebdee043fd20cdf90cfaf,bf:5c7e66cd2dd6e4033a9d5fd1,2,0,1,1
battlefy,605a4fb2d9c5a005c35fef13,KARDS Open V,open,Swiss Weekend,swiss,3,2021-04-03T17:13:48Z,bf:6039135967b58f1e04196610,bf:6051fe41cbd09156d261e80c,0,2,2,1
battlefy,605a4fb2d9c5a005c35fef13,KARDS Open V,open,Swiss Weekend,swiss,3,2021-04-03T17:14:46Z,bf:564e7b5b80b8db4a00c4ff9c,bf:5fb6da26eb92fe047543c823,2,0,1,1
battlefy,605a4fb2d9c5a005c35fef13,KARDS Open V,open,Swiss Weekend,swiss,3,2021-04-03T17:15:30Z,bf:6064975b99c79405c943b28f,bf:601e4222507c147700ac949d,0,2,2,1
battlefy,605a4fb2d9c5a005c35fef13,KARDS Open V,open,Swiss Weekend,swiss,3,2021-04-03T17:17:30Z,bf:6064c336521bb713377d7223,bf:60687ce718f0251191ca9656,0,2,2,1
battlefy,605a4fb2d9c5a005c35fef13,KARDS Open V,open,Swiss Weekend,swiss,3,2021-04-03T17:18:23Z,bf:5e7e00974f03651058bba114,bf:60620a3ddb064f11ae99a9cc,2,0,1,1
battlefy,605a4fb2d9c5a005c35fef13,KARDS Open V,open,Swiss Weekend,swiss,3,2021-04-03T17:18:46Z,bf:5f140d9bbcbe32117ff6b7e7,bf:60631191ef449e2156a5adf9,0,2,2,1
battlefy,605a4fb2d9c5a005c35fef13,KARDS Open V,open,Swiss Weekend,swiss,3,2021-04-03T17:19:12Z,bf:60665059bea76d63440e763f,bf:5eb65df574f31a11dd226b38,0,2,2,1
battlefy,605a4fb2d9c5a005c35fef13,KARDS Open V,open,Swiss Weekend,swiss,3,2021-04-03T17:19:37Z,bf:57a1697c8c3386280ca04b34,bf:57101bc80b3b0f8312f27ec5,0,2,2,1
battlefy,605a4fb2d9c5a005c35fef13,KARDS Open V,open,Swiss Weekend,swiss,3,2021-04-03T17:19:51Z,bf:5ec2a6dafd8a561535cde2a5,bf:601d189a36ceeb11b32b81e2,2,0,1,0
battlefy,605a4fb2d9c5a005c35fef13,KARDS Open V,open,Swiss Weekend,swiss,3,2021-04-03T17:20:02Z,bf:5f0df84e824086475be264b7,bf:5f362c8703dbcc11d58d78e3,2,0,1,1
battlefy,605a4fb2d9c5a005c35fef13,KARDS Open V,open,Swiss Weekend,swiss,3,2021-04-03T17:20:41Z,bf:6050d9c1d164f74b8e7830c0,bf:60624761e23edf11a8fbebab,2,0,1,1
battlefy,605a4fb2d9c5a005c35fef13,KARDS Open V,open,Swiss Weekend,swiss,3,2021-04-03T17:20:54Z,bf:5f0cd40c3087a65e039603f4,bf:60647b02521bb713377d6f5c,2,0,1,1
battlefy,605a4fb2d9c5a005c35fef13,KARDS Open V,open,Swiss Weekend,swiss,3,2021-04-03T17:21:29Z,bf:5fbf4fe05d320863b86f0fb6,bf:5f0e37b37c5e104738aebbe3,0,2,2,1
battlefy,605a4fb2d9c5a005c35fef13,KARDS Open V,open,Swiss Weekend,swiss,3,2021-04-03T17:22:37Z,bf:5ec99a6d5cb5d5345c7fdf7c,bf:60649133d9c5a005c360423e,2,1,1,1
battlefy,605a4fb2d9c5a005c35fef13,KARDS Open V,open,Swiss Weekend,swiss,3,2021-04-03T17:22:47Z,bf:5f191b72abfcb016362b6974,bf:5eeb9c3d19b81239da9496cb,1,2,2,1
battlefy,605a4fb2d9c5a005c35fef13,KARDS Open V,open,Swiss Weekend,swiss,3,2021-04-03T17:23:39Z,bf:60685007d0955e11e2b013f4,bf:601c9f9ef8251e1bb7eb0fb5,2,0,1,1
battlefy,605a4fb2d9c5a005c35fef13,KARDS Open V,open,Swiss Weekend,swiss,3,2021-04-03T17:23:48Z,bf:602d5acba74cc17c31b7d9af,bf:5f32f48419fcf2666b2abff1,0,2,2,1
battlefy,605a4fb2d9c5a005c35fef13,KARDS Open V,open,Swiss Weekend,swiss,3,2021-04-03T17:25:11Z,bf:60644d12bea76d63440e66db,bf:5f0e248def3ab65b96796c3f,0,2,2,1
battlefy,605a4fb2d9c5a005c35fef13,KARDS Open V,open,Swiss Weekend,swiss,3,2021-04-03T17:26:07Z,bf:6050dd83d164f74b8e7830f8,bf:60674f097230f532c22615b9,2,1,1,1
battlefy,605a4fb2d9c5a005c35fef13,KARDS Open V,open,Swiss Weekend,swiss,3,2021-04-03T17:26:46Z,bf:5fbf6ade2dc8793ada852a75,bf:60509713496ba24d0604cc08,0,2,2,1
battlefy,605a4fb2d9c5a005c35fef13,KARDS Open V,open,Swiss Weekend,swiss,3,2021-04-03T17:27:13Z,bf:6064433143507c17f08ff721,bf:5fc13c6e4a99f533280c7373,0,2,2,1
battlefy,605a4fb2d9c5a005c35fef13,KARDS Open V,open,Swiss Weekend,swiss,3,2021-04-03T17:27:17Z,bf:5f109d917a5f692572240090,bf:5f32c6147bd80311ab78193f,2,0,1,0
battlefy,605a4fb2d9c5a005c35fef13,KARDS Open V,open,Swiss Weekend,swiss,3,2021-04-03T17:27:23Z,bf:5fb02943698db1048d26b9cd,bf:60687eb5eea041235d6db8aa,0,2,2,0
battlefy,605a4fb2d9c5a005c35fef13,KARDS Open V,open,Swiss Weekend,swiss,3,2021-04-03T17:27:35Z,bf:601d6e10dca2311bb626f1d2,bf:5f3aef3e6ce6de28d63e3425,2,0,1,1
battlefy,605a4fb2d9c5a005c35fef13,KARDS Open V,open,Swiss Weekend,swiss,3,2021-04-03T17:27:38Z,bf:606205aa77b5c319f9259197,bf:601d334704309b1b93074798,2,0,1,1
battlefy,605a4fb2d9c5a005c35fef13,KARDS Open V,open,Swiss Weekend,swiss,3,2021-04-03T17:29:11Z,bf:604e70169811de4a8929cc66,bf:5f11d247160c3f2239e940a4,1,2,2,1
battlefy,605a4fb2d9c5a005c35fef13,KARDS Open V,open,Swiss Weekend,swiss,3,2021-04-03T17:29:44Z,bf:606854ffd0955e11e2b01407,bf:5f11d0b0eea71b24bc30e84a,2,0,1,1
battlefy,605a4fb2d9c5a005c35fef13,KARDS Open V,open,Swiss Weekend,swiss,3,2021-04-03T17:29:55Z,bf:5f1b48d1abfcb016362ba48e,bf:601e9b8beae820768baef5db,2,0,1,1
battlefy,605a4fb2d9c5a005c35fef13,KARDS Open V,open,Swiss Weekend,swiss,3,2021-04-03T17:34:00Z,bf:6064b09a65d11d138804412a,bf:60520c7e3ae2c317e32bd629,1,2,2,1
battlefy,605a4fb2d9c5a005c35fef13,KARDS Open V,open,Swiss Weekend,swiss,3,2021-04-03T17:34:36Z,bf:6030551a73965f35ae461762,bf:60677695fe869e359192e820,2,1,1,0
battlefy,605a4fb2d9c5a005c35fef13,KARDS Open V,open,Swiss Weekend,swiss,3,2021-04-03T17:36:45Z,bf:5e9cf8ff72e2961f747c7978,bf:5fa5ede611743771ade94108,1,2,2,1
battlefy,605a4fb2d9c5a005c35fef13,KARDS Open V,open,Swiss Weekend,swiss,3,2021-04-03T17:38:06Z,bf:6064772a1dc5b905e3c0ff51,bf:5ec038e2256baa1d38011a05,1,2,2,1
battlefy,605a4fb2d9c5a005c35fef13,KARDS Open V,open,Swiss Weekend,swiss,3,2021-04-03T17:38:50Z,bf:5fa467df4eb3c2458669c29a,bf:5ebd9402b92b28521a098ec8,2,1,1,0
battlefy,605a4fb2d9c5a005c35fef13,KARDS Open V,open,Swiss Weekend,swiss,3,2021-04-03T17:47:02Z,bf:5fa5397c241d875936d2c2f2,bf:5b38c676cbd82c03a4f28e8f,1,2,2,1
battlefy,605a4fb2d9c5a005c35fef13,KARDS Open V,open,Swiss Weekend,swiss,4,2021-04-03T17:59:14Z,bf:5eeb9c3d19b81239da9496cb,bf:5f362c8703dbcc11d58d78e3,0,2,2,1
battlefy,605a4fb2d9c5a005c35fef13,KARDS Open V,open,Swiss Weekend,swiss,4,2021-04-03T18:02:01Z,bf:5fbf6ade2dc8793ada852a75,bf:60674f097230f532c22615b9,0,2,2,1
battlefy,605a4fb2d9c5a005c35fef13,KARDS Open V,open,Swiss Weekend,swiss,4,2021-04-03T18:04:12Z,bf:60624761e23edf11a8fbebab,bf:5f140d9bbcbe32117ff6b7e7,2,0,1,1
battlefy,605a4fb2d9c5a005c35fef13,KARDS Open V,open,Swiss Weekend,swiss,4,2021-04-03T18:05:06Z,bf:606205aa77b5c319f9259197,bf:6064772a1dc5b905e3c0ff51,0,2,2,1
battlefy,605a4fb2d9c5a005c35fef13,KARDS Open V,open,Swiss Weekend,swiss,4,2021-04-03T18:05:24Z,bf:60509713496ba24d0604cc08,bf:5c7e66cd2dd6e4033a9d5fd1,2,0,1,1
battlefy,605a4fb2d9c5a005c35fef13,KARDS Open V,open,Swiss Weekend,swiss,4,2021-04-03T18:06:14Z,bf:606854ffd0955e11e2b01407,bf:5ec99a6d5cb5d5345c7fdf7c,2,1,1,0
battlefy,605a4fb2d9c5a005c35fef13,KARDS Open V,open,Swiss Weekend,swiss,4,2021-04-03T18:06:22Z,bf:601e4222507c147700ac949d,bf:5fc13c6e4a99f533280c7373,1,2,2,1
battlefy,605a4fb2d9c5a005c35fef13,KARDS Open V,open,Swiss Weekend,swiss,4,2021-04-03T18:07:18Z,bf:57101bc80b3b0f8312f27ec5,bf:5f0df84e824086475be264b7,0,2,2,1
battlefy,605a4fb2d9c5a005c35fef13,KARDS Open V,open,Swiss Weekend,swiss,4,2021-04-03T18:07:22Z,bf:5fa5397c241d875936d2c2f2,bf:6065e506c75b3f32bc8957c9,2,0,1,1
battlefy,605a4fb2d9c5a005c35fef13,KARDS Open V,open,Swiss Weekend,swiss,4,2021-04-03T18:07:33Z,bf:60644d12bea76d63440e66db,bf:6051fe41cbd09156d261e80c,0,2,2,0
battlefy,605a4fb2d9c5a005c35fef13,KARDS Open V,open,Swiss Weekend,swiss,4,2021-04-03T18:08:51Z,bf:5f11d247160c3f2239e940a4,bf:5fa5ede611743771ade94108,0,2,2,1
battlefy,605a4fb2d9c5a005c35fef13,KARDS Open V,open,Swiss Weekend,swiss,4,2021-04-03T18:08:52Z,bf:60687ce718f0251191ca9656,bf:5f191b72abfcb016362b6974,0,2,2,1
battlefy,605a4fb2d9c5a005c35fef13,KARDS Open V,open,Swiss Weekend,swiss,4,2021-04-03T18:08:59Z,bf:601e9b8beae820768baef5db,bf:60687eb5eea041235d6db8aa,0,2,2,0
battlefy,605a4fb2d9c5a005c35fef13,KARDS Open V,open,Swiss Weekend,swiss,4,2021-04-03T18:09:38Z,bf:601d6e10dca2311bb626f1d2,bf:5f11d0b0eea71b24bc30e84a,0,2,2,0
battlefy,605a4fb2d9c5a005c35fef13,KARDS Open V,open,Swiss Weekend,swiss,4,2021-04-03T18:10:32Z,bf:5eb65df574f31a11dd226b38,bf:5f0cd40c3087a65e039603f4,2,0,1,1
battlefy,605a4fb2d9c5a005c35fef13,KARDS Open V,open,Swiss Weekend,swiss,4,2021-04-03T18:10:54Z,bf:5e9cf8ff72e2961f747c7978,bf:604e70169811de4a8929cc66,2,0,1,1
battlefy,605a4fb2d9c5a005c35fef13,KARDS Open V,open,Swiss Weekend,swiss,4,2021-04-03T18:12:37Z,bf:5f0e37b37c5e104738aebbe3,bf:60520c7e3ae2c317e32bd629,2,0,1,1
battlefy,605a4fb2d9c5a005c35fef13,KARDS Open V,open,Swiss Weekend,swiss,4,2021-04-03T18:13:11Z,bf:5f32f48419fcf2666b2abff1,bf:6030551a73965f35ae461762,1,2,2,1
battlefy,605a4fb2d9c5a005c35fef13,KARDS Open V,open,Swiss Weekend,swiss,4,2021-04-03T18:13:16Z,bf:5fa467df4eb3c2458669c29a,bf:5fbebdee043fd20cdf90cfaf,2,0,1,1
battlefy,605a4fb2d9c5a005c35fef13,KARDS Open V,open,Swiss Weekend,swiss,4,2021-04-03T18:13:23Z,bf:5f1b48d1abfcb016362ba48e,bf:5fbf4fe05d320863b86f0fb6,1,2,2,1
battlefy,605a4fb2d9c5a005c35fef13,KARDS Open V,open,Swiss Weekend,swiss,4,2021-04-03T18:13:43Z,bf:6064433143507c17f08ff721,bf:60631191ef449e2156a5adf9,0,2,2,1
battlefy,605a4fb2d9c5a005c35fef13,KARDS Open V,open,Swiss Weekend,swiss,4,2021-04-03T18:13:59Z,bf:5f109d917a5f692572240090,bf:6050dd83d164f74b8e7830f8,2,0,1,1
battlefy,605a4fb2d9c5a005c35fef13,KARDS Open V,open,Swiss Weekend,swiss,4,2021-04-03T18:15:07Z,bf:601d334704309b1b93074798,bf:6039135967b58f1e04196610,1,2,2,1
battlefy,605a4fb2d9c5a005c35fef13,KARDS Open V,open,Swiss Weekend,swiss,4,2021-04-03T18:17:17Z,bf:60649133d9c5a005c360423e,bf:60685007d0955e11e2b013f4,1,2,2,1
battlefy,605a4fb2d9c5a005c35fef13,KARDS Open V,open,Swiss Weekend,swiss,4,2021-04-03T18:17:36Z,bf:564e7b5b80b8db4a00c4ff9c,bf:5ec038e2256baa1d38011a05,1,2,2,1
battlefy,605a4fb2d9c5a005c35fef13,KARDS Open V,open,Swiss Weekend,swiss,4,2021-04-03T18:21:01Z,bf:57a1697c8c3386280ca04b34,bf:5f0e248def3ab65b96796c3f,2,0,1,1
battlefy,605a4fb2d9c5a005c35fef13,KARDS Open V,open,Swiss Weekend,swiss,4,2021-04-03T18:21:49Z,bf:60647b02521bb713377d6f5c,bf:5b38c676cbd82c03a4f28e8f,0,2,2,1
battlefy,605a4fb2d9c5a005c35fef13,KARDS Open V,open,Swiss Weekend,swiss,4,2021-04-03T18:23:39Z,bf:6064b09a65d11d138804412a,bf:6064975b99c79405c943b28f,2,1,1,1
battlefy,605a4fb2d9c5a005c35fef13,KARDS Open V,open,Swiss Weekend,swiss,4,2021-04-03T18:24:50Z,bf:5e889af67a9c4c10932a6ca9,bf:60665059bea76d63440e763f,2,1,1,1
battlefy,605a4fb2d9c5a005c35fef13,KARDS Open V,open,Swiss Weekend,swiss,4,2021-04-03T18:39:20Z,bf:5e7e00974f03651058bba114,bf:6050d9c1d164f74b8e7830c0,2,1,1,1
battlefy,605a4fb2d9c5a005c35fef13,KARDS Open V,open,Swiss Weekend,swiss,4,2021-04-03T18:59:55Z,bf:5f3aef3e6ce6de28d63e3425,bf:6064c336521bb713377d7223,0,0,0,0
battlefy,605a4fb2d9c5a005c35fef13,KARDS Open V,open,Swiss Weekend,swiss,4,2021-04-03T21:19:34Z,bf:60620a3ddb064f11ae99a9cc,bf:602d5acba74cc17c31b7d9af,0,2,2,0
battlefy,605a4fb2d9c5a005c35fef13,KARDS Open V,open,Swiss Weekend,swiss,4,2021-04-04T14:53:59Z,bf:5ec2a6dafd8a561535cde2a5,bf:5fb6da26eb92fe047543c823,0,2,2,0
battlefy,605a4fb2d9c5a005c35fef13,KARDS Open V,open,Swiss Weekend,swiss,5,2021-04-04T15:12:11Z,bf:5f362c8703dbcc11d58d78e3,bf:606205aa77b5c319f9259197,2,0,1,1
battlefy,605a4fb2d9c5a005c35fef13,KARDS Open V,open,Swiss Weekend,swiss,5,2021-04-04T15:13:54Z,bf:601c9f9ef8251e1bb7eb0fb5,bf:6064433143507c17f08ff721,2,0,1,0
battlefy,605a4fb2d9c5a005c35fef13,KARDS Open V,open,Swiss Weekend,swiss,5,2021-04-04T15:14:57Z,bf:602d5acba74cc17c31b7d9af,bf:5c7e66cd2dd6e4033a9d5fd1,2,0,1,0
battlefy,605a4fb2d9c5a005c35fef13,KARDS Open V,open,Swiss Weekend,swiss,5,2021-04-04T15:15:52Z,bf:5f11d0b0eea71b24bc30e84a,bf:6050d9c1d164f74b8e7830c0,2,0,1,0
battlefy,605a4fb2d9c5a005c35fef13,KARDS Open V,open,Swiss Weekend,swiss,5,2021-04-04T15:16:45Z,bf:5fa5ede611743771ade94108,bf:5fa467df4eb3c2458669c29a,0,2,2,1
battlefy,605a4fb2d9c5a005c35fef13,KARDS Open V,open,Swiss Weekend,swiss,5,2021-04-04T15:18:14Z,bf:5eb65df574f31a11dd226b38,bf:5f0df84e824086475be264b7,2,0,1,1
battlefy,605a4fb2d9c5a005c35fef13,KARDS Open V,open,Swiss Weekend,swiss,5,2021-04-04T15:20:29Z,bf:5b38c676cbd82c03a4f28e8f,bf:5e9cf8ff72e2961f747c7978,0,2,2,1
battlefy,605a4fb2d9c5a005c35fef13,KARDS Open V,open,Swiss Weekend,swiss,5,2021-04-04T15:20:35Z,bf:60674f097230f532c22615b9,bf:5f1b48d1abfcb016362ba48e,0,2,2,1
battlefy,605a4fb2d9c5a005c35fef13,KARDS Open V,open,Swiss Weekend,swiss,5,2021-04-04T15:21:22Z,bf:5f0e37b37c5e104738aebbe3,bf:5ec038e2256baa1d38011a05,0,2,2,1
battlefy,605a4fb2d9c5a005c35fef13,KARDS Open V,open,Swiss Weekend,swiss,5,2021-04-04T15:22:55Z,bf:5fbebdee043fd20cdf90cfaf,bf:606854ffd0955e11e2b01407,2,1,1,1
battlefy,605a4fb2d9c5a005c35fef13,KARDS Open V,open,Swiss Weekend,swiss,5,2021-04-04T15:25:46Z,bf:6050dd83d164f74b8e7830f8,bf:60624761e23edf11a8fbebab,2,0,1,1
battlefy,605a4fb2d9c5a005c35fef13,KARDS Open V,open,Swiss Weekend,swiss,5,2021-04-04T15:26:14Z,bf:5fc13c6e4a99f533280c7373,bf:6064772a1dc5b905e3c0ff51,2,1,1,1
battlefy,605a4fb2d9c5a005c35fef13,KARDS Open V,open,Swiss Weekend,swiss,5,2021-04-04T15:27:14Z,bf:5f0e248def3ab65b96796c3f,bf:60665059bea76d63440e763f,2,0,1,1
battlefy,605a4fb2d9c5a005c35fef13,KARDS Open V,open,Swiss Weekend,swiss,5,2021-04-04T15:27:55Z,bf:5e7e00974f03651058bba114,bf:57101bc80b3b0f8312f27ec5,2,1,1,1
battlefy,605a4fb2d9c5a005c35fef13,KARDS Open V,open,Swiss Weekend,swiss,5,2021-04-04T15:29:54Z,bf:6030551a73965f35ae461762,bf:5fb6da26eb92fe047543c823,2,0,1,1
battlefy,605a4fb2d9c5a005c35fef13,KARDS Open V,open,Swiss Weekend,swiss,5,2021-04-04T15:30:01Z,bf:6064975b99c79405c943b28f,bf:601d334704309b1b93074798,2,0,1,0
battlefy,605a4fb2d9c5a005c35fef13,KARDS Open V,open,Swiss Weekend,swiss,5,2021-04-04T15:32:38Z,bf:5e889af67a9c4c10932a6ca9,bf:57a1697c8c3386280ca04b34,2,1,1,1
battlefy,605a4fb2d9c5a005c35fef13,KARDS Open V,open,Swiss Weekend,swiss,5,2021-04-04T15:33:03Z,bf:5fbf4fe05d320863b86f0fb6,bf:60509713496ba24d0604cc08,2,0,1,1
battlefy,605a4fb2d9c5a005c35fef13,KARDS Open V,open,Swiss Weekend,swiss,5,2021-04-04T15:34:31Z,bf:6039135967b58f1e04196610,bf:5f32f48419fcf2666b2abff1,2,1,1,0
battlefy,605a4fb2d9c5a005c35fef13,KARDS Open V,open,Swiss Weekend,swiss,5,2021-04-04T15:34:53Z,bf:601e4222507c147700ac949d,bf:60687eb5eea041235d6db8aa,2,0,1,1
battlefy,605a4fb2d9c5a005c35fef13,KARDS Open V,open,Swiss Weekend,swiss,5,2021-04-04T15:35:29Z,bf:6065e506c75b3f32bc8957c9,bf:5fbf6ade2dc8793ada852a75,0,0,0,0
battlefy,605a4fb2d9c5a005c35fef13,KARDS Open V,open,Swiss Weekend,swiss,5,2021-04-04T15:35:46Z,bf:60687ce718f0251191ca9656,bf:60649133d9c5a005c360423e,0,0,0,0
battlefy,605a4fb2d9c5a005c35fef13,KARDS Open V,open,Swiss Weekend,swiss,5,2021-04-04T15:36:00Z,bf:60520c7e3ae2c317e32bd629,bf:6051fe41cbd09156d261e80c,1,2,2,1
battlefy,605a4fb2d9c5a005c35fef13,KARDS Open V,open,Swiss Weekend,swiss,5,2021-04-04T15:36:01Z,bf:5f191b72abfcb016362b6974,bf:60685007d0955e11e2b013f4,2,1,1,1
battlefy,605a4fb2d9c5a005c35fef13,KARDS Open V,open,Swiss Weekend,swiss,5,2021-04-04T15:38:00Z,bf:60647b02521bb713377d6f5c,bf:6064b09a65d11d138804412a,2,1,1,1
battlefy,605a4fb2d9c5a005c35fef13,KARDS Open V,open,Swiss Weekend,swiss,5,2021-04-04T15:38:56Z,bf:5fa5397c241d875936d2c2f2,bf:5eeb9c3d19b81239da9496cb,1,2,2,1
battlefy,605a4fb2d9c5a005c35fef13,KARDS Open V,open,Swiss Weekend,swiss,5,2021-04-04T15:41:01Z,bf:5f0cd40c3087a65e039603f4,bf:564e7b5b80b8db4a00c4ff9c,1,2,2,1
battlefy,605a4fb2d9c5a005c35fef13,KARDS Open V,open,Swiss Weekend,swiss,5,2021-04-04T15:45:41Z,bf:604e70169811de4a8929cc66,bf:60631191ef449e2156a5adf9,1,2,2,1
battlefy,605a4fb2d9c5a005c35fef13,KARDS Open V,open,Swiss Weekend,swiss,5,2021-04-04T15:55:10Z,bf:5f11d247160c3f2239e940a4,bf:5f109d917a5f692572240090,2,1,1,1
battlefy,605a4fb2d9c5a005c35fef13,KARDS Open V,open,Swiss Weekend,swiss,6,2021-04-04T16:14:26Z,bf:60674f097230f532c22615b9,bf:60685007d0955e11e2b013f4,2,0,1,1
battlefy,605a4fb2d9c5a005c35fef13,KARDS Open V,open,Swiss Weekend,swiss,6,2021-04-04T16:16:13Z,bf:5e7e00974f03651058bba114,bf:5f0df84e824086475be264b7,0,2,2,1
battlefy,605a4fb2d9c5a005c35fef13,KARDS Open V,open,Swiss Weekend,swiss,6,2021-04-04T16:16:41Z,bf:5f362c8703dbcc11d58d78e3,bf:5fbf4fe05d320863b86f0fb6,2,0,1,1
battlefy,605a4fb2d9c5a005c35fef13,KARDS Open V,open,Swiss Weekend,swiss,6,2021-04-04T16:17:56Z,bf:5f191b72abfcb016362b6974,bf:606854ffd0955e11e2b01407,1,2,2,1
battlefy,605a4fb2d9c5a005c35fef13,KARDS Open V,open,Swiss Weekend,swiss,6,2021-04-04T16:19:09Z,bf:5eeb9c3d19b81239da9496cb,bf:6051fe41cbd09156d261e80c,2,1,1,1
battlefy,605a4fb2d9c5a005c35fef13,KARDS Open V,open,Swiss Weekend,swiss,6,2021-04-04T16:20:11Z,bf:5f0e37b37c5e104738aebbe3,bf:5fa5ede611743771ade94108,0,2,2,1
battlefy,605a4fb2d9c5a005c35fef13,KARDS Open V,open,Swiss Weekend,swiss,6,2021-04-04T16:21:51Z,bf:60687eb5eea041235d6db8aa,bf:5f140d9bbcbe32117ff6b7e7,2,0,1,1
battlefy,605a4fb2d9c5a005c35fef13,KARDS Open V,open,Swiss Weekend,swiss,6,2021-04-04T16:23:11Z,bf:602d5acba74cc17c31b7d9af,bf:6039135967b58f1e04196610,1,2,2,1
battlefy,605a4fb2d9c5a005c35fef13,KARDS Open V,open,Swiss Weekend,swiss,6,2021-04-04T16:25:23Z,bf:5ec038e2256baa1d38011a05,bf:5f11d247160c3f2239e940a4,2,0,1,1
battlefy,605a4fb2d9c5a005c35fef13,KARDS Open V,open,Swiss Weekend,swiss,6,2021-04-04T16:27:39Z,bf:57101bc80b3b0f8312f27ec5,bf:601e4222507c147700ac949d,2,1,1,1
battlefy,605a4fb2d9c5a005c35fef13,KARDS Open V,open,Swiss Weekend,swiss,6,2021-04-04T16:27:44Z,bf:60665059bea76d63440e763f,bf:601c9f9ef8251e1bb7eb0fb5,2,0,1,1
battlefy,605a4fb2d9c5a005c35fef13,KARDS Open V,open,Swiss Weekend,swiss,6,2021-04-04T16:29:26Z,bf:5fa467df4eb3c2458669c29a,bf:5eb65df574f31a11dd226b38,1,2,2,1
battlefy,605a4fb2d9c5a005c35fef13,KARDS Open V,open,Swiss Weekend,swiss,6,2021-04-04T16:30:07Z,bf:5e889af67a9c4c10932a6ca9,bf:5fbebdee043fd20cdf90cfaf,2,1,1,1
battlefy,605a4fb2d9c5a005c35fef13,KARDS Open V,open,Swiss Weekend,swiss,6,2021-04-04T16:31:43Z,bf:5b38c676cbd82c03a4f28e8f,bf:5fb6da26eb92fe047543c823,0,2,2,1
battlefy,605a4fb2d9c5a005c35fef13,KARDS Open V,open,Swiss Weekend,swiss,6,2021-04-04T16:32:18Z,bf:6064772a1dc5b905e3c0ff51,bf:5f0cd40c3087a65e039603f4,1,2,2,1
battlefy,605a4fb2d9c5a005c35fef13,KARDS Open V,open,Swiss Weekend,swiss,6,2021-04-04T16:32:35Z,bf:57a1697c8c3386280ca04b34,bf:60520c7e3ae2c317e32bd629,0,2,2,1
battlefy,605a4fb2d9c5a005c35fef13,KARDS Open V,open,Swiss Weekend,swiss,6,2021-04-04T16:34:39Z,bf:5f11d0b0eea71b24bc30e84a,bf:60647b02521bb713377d6f5c,0,2,2,1
battlefy,605a4fb2d9c5a005c35fef13,KARDS Open V,open,Swiss Weekend,swiss,6,2021-04-04T16:35:34Z,bf:6050dd83d164f74b8e7830f8,bf:60631191ef449e2156a5adf9,2,1,1,1
battlefy,605a4fb2d9c5a005c35fef13,KARDS Open V,open,Swiss Weekend,swiss,6,2021-04-04T16:37:16Z,bf:5fa5397c241d875936d2c2f2,bf:60624761e23edf11a8fbebab,2,1,1,1
battlefy,605a4fb2d9c5a005c35fef13,KARDS Open V,open,Swiss Weekend,swiss,6,2021-04-04T16:40:00Z,bf:6030551a73965f35ae461762,bf:564e7b5b80b8db4a00c4ff9c,2,0,1,1
battlefy,605a4fb2d9c5a005c35fef13,KARDS Open V,open,Swiss Weekend,swiss,6,2021-04-04T16:42:44Z,bf:5f0e248def3ab65b96796c3f,bf:5f1b48d1abfcb016362ba48e,2,1,1,1
battlefy,605a4fb2d9c5a005c35fef13,KARDS Open V,open,Swiss Weekend,swiss,6,2021-04-04T16:43:32Z,bf:5fc13c6e4a99f533280c7373,bf:5e9cf8ff72e2961f747c7978,1,2,2,1
battlefy,605a4fb2d9c5a005c35fef13,KARDS Open V,open,Swiss Weekend,swiss,6,2021-04-04T16:44:08Z,bf:6064b09a65d11d138804412a,bf:606205aa77b5c319f9259197,2,1,1,1
battlefy,605a4fb2d9c5a005c35fef13,KARDS Open V,open,Swiss Weekend,swiss,6,2021-04-04T16:45:37Z,bf:6064975b99c79405c943b28f,bf:604e70169811de4a8929cc66,1,2,2,0
battlefy,605a4fb2d9c5a005c35fef13,KARDS Open V,open,Swiss Weekend,swiss,6,2021-04-04T16:45:54Z,bf:5f109d917a5f692572240090,bf:60509713496ba24d0604cc08,1,2,2,0
battlefy,605a4fb2d9c5a005c35fef13,KARDS Open V,open,Swiss Weekend,swiss,7,2021-04-04T17:01:12Z,bf:6064b09a65d11d138804412a,bf:57a1697c8c3386280ca04b34,2,0,1,0
battlefy,605a4fb2d9c5a005c35fef13,KARDS Open V,open,Swiss Weekend,swiss,7,2021-04-04T17:03:19Z,bf:601c9f9ef8251e1bb7eb0fb5,bf:5f140d9bbcbe32117ff6b7e7,2,0,1,0
battlefy,605a4fb2d9c5a005c35fef13,KARDS Open V,open,Swiss Weekend,swiss,7,2021-04-04T17:03:22Z,bf:5fa467df4eb3c2458669c29a,bf:6030551a73965f35ae461762,2,0,1,1
battlefy,605a4fb2d9c5a005c35fef13,KARDS Open V,open,Swiss Weekend,swiss,7,2021-04-04T17:06:33Z,bf:5b38c676cbd82c03a4f28e8f,bf:60674f097230f532c22615b9,0,2,2,0
battlefy,605a4fb2d9c5a005c35fef13,KARDS Open V,open,Swiss Weekend,swiss,7,2021-04-04T17:07:06Z,bf:5f0e37b37c5e104738aebbe3,bf:6039135967b58f1e04196610,2,0,1,1
battlefy,605a4fb2d9c5a005c35fef13,KARDS Open V,open,Swiss Weekend,swiss,7,2021-04-04T17:08:56Z,bf:57101bc80b3b0f8312f27ec5,bf:606854ffd0955e11e2b01407,1,2,2,1
battlefy,605a4fb2d9c5a005c35fef13,KARDS Open V,open,Swiss Weekend,swiss,7,2021-04-04T17:08:58Z,bf:606205aa77b5c319f9259197,bf:60685007d0955e11e2b013f4,1,2,2,1
battlefy,605a4fb2d9c5a005c35fef13,KARDS Open V,open,Swiss Weekend,swiss,7,2021-04-04T17:08:58Z,bf:60665059bea76d63440e763f,bf:5f191b72abfcb016362b6974,0,2,2,0
battlefy,605a4fb2d9c5a005c35fef13,KARDS Open V,open,Swiss Weekend,swiss,7,2021-04-04T17:10:16Z,bf:5f362c8703dbcc11d58d78e3,bf:5e889af67a9c4c10932a6ca9,1,2,2,1
battlefy,605a4fb2d9c5a005c35fef13,KARDS Open V,open,Swiss Weekend,swiss,7,2021-04-04T17:10:43Z,bf:5ec038e2256baa1d38011a05,bf:5eb65df574f31a11dd226b38,1,2,2,1
battlefy,605a4fb2d9c5a005c35fef13,KARDS Open V,open,Swiss Weekend,swiss,7,2021-04-04T17:10:57Z,bf:5f0cd40c3087a65e039603f4,bf:5e7e00974f03651058bba114,2,0,1,1
battlefy,605a4fb2d9c5a005c35fef13,KARDS Open V,open,Swiss Weekend,swiss,7,2021-04-04T17:11:32Z,bf:5f11d0b0eea71b24bc30e84a,bf:60520c7e3ae2c317e32bd629,0,2,2,1
battlefy,605a4fb2d9c5a005c35fef13,KARDS Open V,open,Swiss Weekend,swiss,7,2021-04-04T17:14:08Z,bf:5f0e248def3ab65b96796c3f,bf:5eeb9c3d19b81239da9496cb,2,0,1,1
battlefy,605a4fb2d9c5a005c35fef13,KARDS Open V,open,Swiss Weekend,swiss,7,2021-04-04T17:16:11Z,bf:60687eb5eea041235d6db8aa,bf:5f1b48d1abfcb016362ba48e,0,2,2,1
battlefy,605a4fb2d9c5a005c35fef13,KARDS Open V,open,Swiss Weekend,swiss,7,2021-04-04T17:17:04Z,bf:6064975b99c79405c943b28f,bf:60624761e23edf11a8fbebab,2,0,1,1
battlefy,605a4fb2d9c5a005c35fef13,KARDS Open V,open,Swiss Weekend,swiss,7,2021-04-04T17:18:45Z,bf:5fc13c6e4a99f533280c7373,bf:6050dd83d164f74b8e7830f8,2,1,1,1
battlefy,605a4fb2d9c5a005c35fef13,KARDS Open V,open,Swiss Weekend,swiss,7,2021-04-04T17:21:57Z,bf:6064772a1dc5b905e3c0ff51,bf:60631191ef449e2156a5adf9,1,2,2,1
battlefy,605a4fb2d9c5a005c35fef13,KARDS Open V,open,Swiss Weekend,swiss,7,2021-04-04T17:22:12Z,bf:5fbebdee043fd20cdf90cfaf,bf:564e7b5b80b8db4a00c4ff9c,1,2,2,1
battlefy,605a4fb2d9c5a005c35fef13,KARDS Open V,open,Swiss Weekend,swiss,7,2021-04-04T17:23:31Z,bf:6051fe41cbd09156d261e80c,bf:601e4222507c147700ac949d,2,0,1,1
battlefy,605a4fb2d9c5a005c35fef13,KARDS Open V,open,Swiss Weekend,swiss,7,2021-04-04T17:26:10Z,bf:5fa5397c241d875936d2c2f2,bf:602d5acba74cc17c31b7d9af,1,2,2,1
battlefy,605a4fb2d9c5a005c35fef13,KARDS Open V,open,Swiss Weekend,swiss,7,2021-04-04T17:26:27Z,bf:60647b02521bb713377d6f5c,bf:5fbf4fe05d320863b86f0fb6,2,1,1,1
battlefy,605a4fb2d9c5a005c35fef13,KARDS Open V,open,Swiss Weekend,swiss,7,2021-04-04T17:28:38Z,bf:5f11d247160c3f2239e940a4,bf:5fb6da26eb92fe047543c823,2,1,1,1
battlefy,605a4fb2d9c5a005c35fef13,KARDS Open V,open,Swiss Weekend,swiss,7,2021-04-04T17:39:30Z,bf:5fa5ede611743771ade94108,bf:5f0df84e824086475be264b7,2,1,1,1
battlefy,605a4fb2d9c5a005c35fef13,KARDS Open V,open,Swiss Weekend,swiss,7,2021-04-04T17:42:24Z,bf:5e9cf8ff72e2961f747c7978,bf:60509713496ba24d0604cc08,2,1,1,1
battlefy,605a4fb2d9c5a005c35fef13,KARDS Open V,open,Top 16,elimination,1,2021-04-10T15:19:59Z,bf:5f0df84e824086475be264b7,bf:5f0e37b37c5e104738aebbe3,2,0,1,1
battlefy,605a4fb2d9c5a005c35fef13,KARDS Open V,open,Top 16,elimination,1,2021-04-10T15:21:23Z,bf:5e9cf8ff72e2961f747c7978,bf:5f362c8703dbcc11d58d78e3,1,2,2,1
battlefy,605a4fb2d9c5a005c35fef13,KARDS Open V,open,Top 16,elimination,1,2021-04-10T15:22:56Z,bf:5eb65df574f31a11dd226b38,bf:60647b02521bb713377d6f5c,2,0,1,1
battlefy,605a4fb2d9c5a005c35fef13,KARDS Open V,open,Top 16,elimination,1,2021-04-10T15:23:08Z,bf:5e889af67a9c4c10932a6ca9,bf:5f0cd40c3087a65e039603f4,0,2,2,1
battlefy,605a4fb2d9c5a005c35fef13,KARDS Open V,open,Top 16,elimination,1,2021-04-10T15:26:49Z,bf:5ec038e2256baa1d38011a05,bf:606854ffd0955e11e2b01407,2,1,1,1
battlefy,605a4fb2d9c5a005c35fef13,KARDS Open V,open,Top 16,elimination,1,2021-04-10T15:32:47Z,bf:5fa467df4eb3c2458669c29a,bf:5fc13c6e4a99f533280c7373,2,1,1,1
battlefy,605a4fb2d9c5a005c35fef13,KARDS Open V,open,Top 16,elimination,1,2021-04-10T15:36:26Z,bf:564e7b5b80b8db4a00c4ff9c,bf:6030551a73965f35ae461762,2,1,1,1
battlefy,605a4fb2d9c5a005c35fef13,KARDS Open V,open,Top 16,elimination,2,2021-04-10T15:49:47Z,bf:5ec038e2256baa1d38011a05,bf:5f0cd40c3087a65e039603f4,0,2,2,1
battlefy,605a4fb2d9c5a005c35fef13,KARDS Open V,open,Top 16,elimination,1,2021-04-10T15:51:02Z,bf:5fa5ede611743771ade94108,bf:5f11d247160c3f2239e940a4,2,1,1,1
battlefy,605a4fb2d9c5a005c35fef13,KARDS Open V,open,Top 16,elimination,2,2021-04-10T15:51:58Z,bf:5fa467df4eb3c2458669c29a,bf:5f0df84e824086475be264b7,2,0,1,1
battlefy,605a4fb2d9c5a005c35fef13,KARDS Open V,open,Top 16,elimination,2,2021-04-10T15:59:35Z,bf:5eb65df574f31a11dd226b38,bf:564e7b5b80b8db4a00c4ff9c,2,1,1,1
battlefy,605a4fb2d9c5a005c35fef13,KARDS Open V,open,Top 16,elimination,2,2021-04-10T16:05:38Z,bf:5fa5ede611743771ade94108,bf:5f362c8703dbcc11d58d78e3,0,2,2,1
battlefy,605a4fb2d9c5a005c35fef13,KARDS Open V,open,Top 16,elimination,3,2021-04-10T17:00:01Z,bf:5eb65df574f31a11dd226b38,bf:5f362c8703dbcc11d58d78e3,3,1,1,1
battlefy,605a4fb2d9c5a005c35fef13,KARDS Open V,open,Top 16,elimination,3,2021-04-10T17:28:02Z,bf:5fa467df4eb3c2458669c29a,bf:5f0cd40c3087a65e039603f4,2,3,2,1
battlefy,605a4fb2d9c5a005c35fef13,KARDS Open V,open,Top 16,elimination,0,2021-04-10T18:11:54Z,bf:5f362c8703dbcc11d58d78e3,bf:5fa467df4eb3c2458669c29a,1,3,2,1
battlefy,605a4fb2d9c5a005c35fef13,KARDS Open V,open,Top 16,elimination,4,2021-04-10T20:28:56Z,bf:5eb65df574f31a11dd226b38,bf:5f0cd40c3087a65e039603f4,3,0,1,1
battlefy,609023f751463c11c159581c,Kards Weekday Skirmish: Pauper - Bracket A,community,Bracket A,elimination,1,2021-05-12T15:12:24Z,bf:5f32f48419fcf2666b2abff1,bf:5f335b3e30b92e118dbc579e,2,0,1,1
battlefy,609023f751463c11c159581c,Kards Weekday Skirmish: Pauper - Bracket A,community,Bracket A,elimination,1,2021-05-12T15:12:51Z,bf:6075a268938bed74f6ed9aee,bf:6051fe41cbd09156d261e80c,2,0,1,1
battlefy,609023f751463c11c159581c,Kards Weekday Skirmish: Pauper - Bracket A,community,Bracket A,elimination,1,2021-05-12T15:16:59Z,bf:60946d0dab3bf12889662245,bf:5f1660782cba8f11c2a45e9c,0,2,2,1
battlefy,609023f751463c11c159581c,Kards Weekday Skirmish: Pauper - Bracket A,community,Bracket A,elimination,1,2021-05-12T15:17:09Z,bf:609bebb37051842cc80ef5cd,bf:6050d83f99327f4b6234ea93,2,0,1,1
battlefy,609023f751463c11c159581c,Kards Weekday Skirmish: Pauper - Bracket A,community,Bracket A,elimination,1,2021-05-12T15:17:16Z,bf:5f362c8703dbcc11d58d78e3,bf:5f112ee3eac9482569fb3ee6,0,2,2,1
battlefy,609023f751463c11c159581c,Kards Weekday Skirmish: Pauper - Bracket A,community,Bracket A,elimination,1,2021-05-12T15:20:19Z,bf:5ec2a6dafd8a561535cde2a5,bf:5f3be5186ce6de28d63e45f9,0,2,2,1
battlefy,609023f751463c11c159581c,Kards Weekday Skirmish: Pauper - Bracket A,community,Bracket A,elimination,1,2021-05-12T15:22:20Z,bf:5f4a2d8c76b8305ffaa376af,bf:564e7b5b80b8db4a00c4ff9c,0,2,2,1
battlefy,609023f751463c11c159581c,Kards Weekday Skirmish: Pauper - Bracket A,community,Bracket A,elimination,1,2021-05-12T15:22:56Z,bf:60522cf8b2e5e24b47ce504a,bf:5ec57fff74214e1748e43f56,2,0,1,1
battlefy,609023f751463c11c159581c,Kards Weekday Skirmish: Pauper - Bracket A,community,Bracket A,elimination,1,2021-05-12T15:23:35Z,bf:609a95247051842cc80eec16,bf:603aca86a4a3f111939e5346,2,0,1,1
battlefy,609023f751463c11c159581c,Kards Weekday Skirmish: Pauper - Bracket A,community,Bracket A,elimination,2,2021-05-12T15:27:34Z,bf:6096026d938bed74f6ee8448,bf:5f32f48419fcf2666b2abff1,1,2,2,1
battlefy,609023f751463c11c159581c,Kards Weekday Skirmish: Pauper - Bracket A,community,Bracket A,elimination,2,2021-05-12T15:29:16Z,bf:609ac012f8526f36fb8d7199,bf:5f112ee3eac9482569fb3ee6,2,0,1,1
battlefy,609023f751463c11c159581c,Kards Weekday Skirmish: Pauper - Bracket A,community,Bracket A,elimination,1,2021-05-12T15:29:45Z,bf:6095516436c672120ab6f371,bf:609603ae60141e11d52282de,2,1,1,1
battlefy,609023f751463c11c159581c,Kards Weekday Skirmish: Pauper - Bracket A,community,Bracket A,elimination,1,2021-05-12T15:30:10Z,bf:609b70096b6b3d37fdd49225,bf:60514c101ca3d756eb01932e,2,1,1,1
battlefy,609023f751463c11c159581c,Kards Weekday Skirmish: Pauper - Bracket A,community,Bracket A,elimination,1,2021-05-12T15:32:16Z,bf:6095dfafbc14c611ca7d00f8,bf:609b63110a6666119d69bbb0,0,2,2,1
battlefy,609023f751463c11c159581c,Kards Weekday Skirmish: Pauper - Bracket A,community,Bracket A,elimination,2,2021-05-12T15:35:14Z,bf:5f11d247160c3f2239e940a4,bf:6075a268938bed74f6ed9aee,2,0,1,1
battlefy,609023f751463c11c159581c,Kards Weekday Skirmish: Pauper - Bracket A,community,Bracket A,elimination,2,2021-05-12T15:35:43Z,bf:5f10c966160c3f2239e92921,bf:609bebb37051842cc80ef5cd,2,1,1,1
battlefy,609023f751463c11c159581c,Kards Weekday Skirmish: Pauper - Bracket A,community,Bracket A,elimination,2,2021-05-12T15:38:53Z,bf:601d189a36ceeb11b32b81e2,bf:60522cf8b2e5e24b47ce504a,2,0,1,1
battlefy,609023f751463c11c159581c,Kards Weekday Skirmish: Pauper - Bracket A,community,Bracket A,elimination,2,2021-05-12T15:39:24Z,bf:5f4318d1681ff84ab5ec92f9,bf:5f1660782cba8f11c2a45e9c,1,2,2,1
battlefy,609023f751463c11c159581c,Kards Weekday Skirmish: Pauper - Bracket A,community,Bracket A,elimination,2,2021-05-12T15:39:38Z,bf:5f112ee3eac9482569fb3ee6,bf:603aca86a4a3f111939e5346,2,0,1,1
battlefy,609023f751463c11c159581c,Kards Weekday Skirmish: Pauper - Bracket A,community,Bracket A,elimination,1,2021-05-12T15:39:44Z,bf:6095471d1708cc7b8154c65c,bf:602d5acba74cc17c31b7d9af,2,1,1,1
battlefy,609023f751463c11c159581c,Kards Weekday Skirmish: Pauper - Bracket A,community,Bracket A,elimination,1,2021-05-12T15:41:00Z,bf:609b0f8f7b748611b20fea75,bf:60998e378fb69037bdd8e8ec,2,1,1,1
battlefy,609023f751463c11c159581c,Kards Weekday Skirmish: Pauper - Bracket A,community,Bracket A,elimination,2,2021-05-12T15:43:53Z,bf:5f3fc42472caf64e0f2b589c,bf:564e7b5b80b8db4a00c4ff9c,0,2,2,1
battlefy,609023f751463c11c159581c,Kards Weekday Skirmish: Pauper - Bracket A,community,Bracket A,elimination,2,2021-05-12T15:45:34Z,bf:6096026d938bed74f6ee8448,bf:60946d0dab3bf12889662245,1,2,2,1
battlefy,609023f751463c11c159581c,Kards Weekday Skirmish: Pauper - Bracket A,community,Bracket A,elimination,1,2021-05-12T15:46:56Z,bf:609be9664f046a3f9fd41e7e,bf:609582310d24dd11b0848f33,1,2,2,1
battlefy,609023f751463c11c159581c,Kards Weekday Skirmish: Pauper - Bracket A,community,Bracket A,elimination,2,2021-05-12T15:50:09Z,bf:5f4318d1681ff84ab5ec92f9,bf:5f335b3e30b92e118dbc579e,2,0,1,1
battlefy,609023f751463c11c159581c,Kards Weekday Skirmish: Pauper - Bracket A,community,Bracket A,elimination,2,2021-05-12T15:50:10Z,bf:6096f16136c672120ab703d4,bf:609b63110a6666119d69bbb0,0,2,2,1
battlefy,609023f751463c11c159581c,Kards Weekday Skirmish: Pauper - Bracket A,community,Bracket A,elimination,3,2021-05-12T15:50:17Z,bf:5f10c966160c3f2239e92921,bf:609ac012f8526f36fb8d7199,0,2,2,1
battlefy,609023f751463c11c159581c,Kards Weekday Skirmish: Pauper - Bracket A,community,Bracket A,elimination,2,2021-05-12T15:52:26Z,bf:6075a268938bed74f6ed9aee,bf:60514c101ca3d756eb01932e,2,0,1,1
battlefy,609023f751463c11c159581c,Kards Weekday Skirmish: Pauper - Bracket A,community,Bracket A,elimination,2,2021-05-12T15:54:23Z,bf:5f3fc42472caf64e0f2b589c,bf:6095dfafbc14c611ca7d00f8,2,0,1,1
battlefy,609023f751463c11c159581c,Kards Weekday Skirmish: Pauper - Bracket A,community,Bracket A,elimination,2,2021-05-12T15:55:02Z,bf:5d4eae596c2b2139a67ce680,bf:6095471d1708cc7b8154c65c,2,0,1,1
battlefy,609023f751463c11c159581c,Kards Weekday Skirmish: Pauper - Bracket A,community,Bracket A,elimination,2,2021-05-12T15:57:42Z,bf:60952a6777979c11ca42a3af,bf:6095516436c672120ab6f371,0,2,2,1
battlefy,609023f751463c11c159581c,Kards Weekday Skirmish: Pauper - Bracket A,community,Bracket A,elimination,2,2021-05-12T15:58:32Z,bf:609bebb37051842cc80ef5cd,bf:5ec2a6dafd8a561535cde2a5,2,0,1,1
battlefy,609023f751463c11c159581c,Kards Weekday Skirmish: Pauper - Bracket A,community,Bracket A,elimination,2,2021-05-12T16:01:59Z,bf:60522cf8b2e5e24b47ce504a,bf:602d5acba74cc17c31b7d9af,0,2,2,1
battlefy,609023f751463c11c159581c,Kards Weekday Skirmish: Pauper - Bracket A,community,Bracket A,elimination,3,2021-05-12T16:06:33Z,bf:601d189a36ceeb11b32b81e2,bf:564e7b5b80b8db4a00c4ff9c,0,2,2,1
battlefy,609023f751463c11c159581c,Kards Weekday Skirmish: Pauper - Bracket A,community,Bracket A,elimination,1,2021-05-12T16:09:31Z,bf:5eeb9c3d19b81239da9496cb,bf:60997c98fd7b226e186418a5,2,1,1,1
battlefy,609023f751463c11c159581c,Kards Weekday Skirmish: Pauper - Bracket A,community,Bracket A,elimination,2,2021-05-12T16:14:11Z,bf:60509713496ba24d0604cc08,bf:5f3be5186ce6de28d63e45f9,2,1,1,1
battlefy,609023f751463c11c159581c,Kards Weekday Skirmish: Pauper - Bracket A,community,Bracket A,elimination,3,2021-05-12T16:15:31Z,bf:5f3fc42472caf64e0f2b589c,bf:602d5acba74cc17c31b7d9af,2,0,1,1
battlefy,609023f751463c11c159581c,Kards Weekday Skirmish: Pauper - Bracket A,community,Bracket A,elimination,2,2021-05-12T16:16:06Z,bf:60952a6777979c11ca42a3af,bf:609be9664f046a3f9fd41e7e,2,0,1,1
battlefy,609023f751463c11c159581c,Kards Weekday Skirmish: Pauper - Bracket A,community,Bracket A,elimination,3,2021-05-12T16:16:45Z,bf:609b63110a6666119d69bbb0,bf:5d4eae596c2b2139a67ce680,1,2,2,1
battlefy,609023f751463c11c159581c,Kards Weekday Skirmish: Pauper - Bracket A,community,Bracket A,elimination,2,2021-05-12T16:17:10Z,bf:5bef1fd422a55803cb340a40,bf:609582310d24dd11b0848f33,0,2,2,1
battlefy,609023f751463c11c159581c,Kards Weekday Skirmish: Pauper - Bracket A,community,Bracket A,elimination,2,2021-05-12T16:19:49Z,bf:5ec99a6d5cb5d5345c7fdf7c,bf:5eeb9c3d19b81239da9496cb,0,2,2,1
battlefy,609023f751463c11c159581c,Kards Weekday Skirmish: Pauper - Bracket A,community,Bracket A,elimination,2,2021-05-12T16:22:21Z,bf:609a7e2c4f046a3f9fd4176c,bf:609a95247051842cc80eec16,2,1,1,1
battlefy,609023f751463c11c159581c,Kards Weekday Skirmish: Pauper - Bracket A,community,Bracket A,elimination,2,2021-05-12T16:22:21Z,bf:609a95247051842cc80eec16,bf:5f362c8703dbcc11d58d78e3,0,2,2,1
battlefy,609023f751463c11c159581c,Kards Weekday Skirmish: Pauper - Bracket A,community,Bracket A,elimination,3,2021-05-12T16:22:46Z,bf:5f112ee3eac9482569fb3ee6,bf:609bebb37051842cc80ef5cd,2,0,1,1
battlefy,609023f751463c11c159581c,Kards Weekday Skirmish: Pauper - Bracket A,community,Bracket A,elimination,2,2021-05-12T16:23:46Z,bf:6071c35b5100561142e3745f,bf:609b0f8f7b748611b20fea75,2,1,1,1
battlefy,609023f751463c11c159581c,Kards Weekday Skirmish: Pauper - Bracket A,community,Bracket A,elimination,2,2021-05-12T16:28:28Z,bf:6095471d1708cc7b8154c65c,bf:5ec57fff74214e1748e43f56,0,2,2,1
battlefy,609023f751463c11c159581c,Kards Weekday Skirmish: Pauper - Bracket A,community,Bracket A,elimination,2,2021-05-12T16:28:57Z,bf:5bef1fd422a55803cb340a40,bf:609603ae60141e11d52282de,2,0,1,1
battlefy,609023f751463c11c159581c,Kards Weekday Skirmish: Pauper - Bracket A,community,Bracket A,elimination,2,2021-05-12T16:30:14Z,bf:6096f16136c672120ab703d4,bf:5f4a2d8c76b8305ffaa376af,2,1,1,1
battlefy,609023f751463c11c159581c,Kards Weekday Skirmish: Pauper - Bracket A,community,Bracket A,elimination,2,2021-05-12T16:34:56Z,bf:5eb65df574f31a11dd226b38,bf:609b70096b6b3d37fdd49225,2,0,1,1
battlefy,609023f751463c11c159581c,Kards Weekday Skirmish: Pauper - Bracket A,community,Bracket A,elimination,3,2021-05-12T16:40:09Z,bf:6071c35b5100561142e3745f,bf:5f32f48419fcf2666b2abff1,2,0,1,1
battlefy,609023f751463c11c159581c,Kards Weekday Skirmish: Pauper - Bracket A,community,Bracket A,elimination,2,2021-05-12T16:40:59Z,bf:5f3be5186ce6de28d63e45f9,bf:6050d83f99327f4b6234ea93,2,0,1,1
battlefy,609023f751463c11c159581c,Kards Weekday Skirmish: Pauper - Bracket A,community,Bracket A,elimination,3,2021-05-12T16:41:09Z,bf:6095516436c672120ab6f371,bf:5f11d247160c3f2239e940a4,2,1,1,1
battlefy,609023f751463c11c159581c,Kards Weekday Skirmish: Pauper - Bracket A,community,Bracket A,elimination,3,2021-05-12T16:41:17Z,bf:5f3be5186ce6de28d63e45f9,bf:5f362c8703dbcc11d58d78e3,0,2,2,1
battlefy,609023f751463c11c159581c,Kards Weekday Skirmish: Pauper - Bracket A,community,Bracket A,elimination,3,2021-05-12T16:41:45Z,bf:609a7e2c4f046a3f9fd4176c,bf:60509713496ba24d0604cc08,0,2,2,1
battlefy,609023f751463c11c159581c,Kards Weekday Skirmish: Pauper - Bracket A,community,Bracket A,elimination,2,2021-05-12T16:42:41Z,bf:5ec99a6d5cb5d5345c7fdf7c,bf:60998e378fb69037bdd8e8ec,0,2,2,1
battlefy,609023f751463c11c159581c,Kards Weekday Skirmish: Pauper - Bracket A,community,Bracket A,elimination,3,2021-05-12T16:44:01Z,bf:6075a268938bed74f6ed9aee,bf:60952a6777979c11ca42a3af,1,2,2,1
battlefy,609023f751463c11c159581c,Kards Weekday Skirmish: Pauper - Bracket A,community,Bracket A,elimination,3,2021-05-12T16:44:26Z,bf:5f1660782cba8f11c2a45e9c,bf:5eeb9c3d19b81239da9496cb,2,1,1,1
battlefy,609023f751463c11c159581c,Kards Weekday Skirmish: Pauper - Bracket A,community,Bracket A,elimination,2,2021-05-12T16:45:45Z,bf:609b70096b6b3d37fdd49225,bf:6051fe41cbd09156d261e80c,2,0,1,1
battlefy,609023f751463c11c159581c,Kards Weekday Skirmish: Pauper - Bracket A,community,Bracket A,elimination,3,2021-05-12T16:47:25Z,bf:5eb65df574f31a11dd226b38,bf:609582310d24dd11b0848f33,2,0,1,1
battlefy,609023f751463c11c159581c,Kards Weekday Skirmish: Pauper - Bracket A,community,Bracket A,elimination,3,2021-05-12T16:51:21Z,bf:5ec57fff74214e1748e43f56,bf:6096f16136c672120ab703d4,0,2,2,1
battlefy,609023f751463c11c159581c,Kards Weekday Skirmish: Pauper - Bracket A,community,Bracket A,elimination,3,2021-05-12T16:52:52Z,bf:60998e378fb69037bdd8e8ec,bf:5f4318d1681ff84ab5ec92f9,2,0,1,1
battlefy,609023f751463c11c159581c,Kards Weekday Skirmish: Pauper - Bracket A,community,Bracket A,elimination,4,2021-05-12T16:54:16Z,bf:5f11d247160c3f2239e940a4,bf:5f362c8703dbcc11d58d78e3,2,1,1,1
battlefy,609023f751463c11c159581c,Kards Weekday Skirmish: Pauper - Bracket A,community,Bracket A,elimination,2,2021-05-12T16:58:07Z,bf:609b0f8f7b748611b20fea75,bf:60997c98fd7b226e186418a5,2,0,1,1
battlefy,609023f751463c11c159581c,Kards Weekday Skirmish: Pauper - Bracket A,community,Bracket A,elimination,4,2021-05-12T17:01:57Z,bf:609582310d24dd11b0848f33,bf:5f112ee3eac9482569fb3ee6,0,2,2,1
battlefy,609023f751463c11c159581c,Kards Weekday Skirmish: Pauper - Bracket A,community,Bracket A,elimination,4,2021-05-12T17:04:11Z,bf:5eeb9c3d19b81239da9496cb,bf:5f3fc42472caf64e0f2b589c,2,0,1,1
battlefy,609023f751463c11c159581c,Kards Weekday Skirmish: Pauper - Bracket A,community,Bracket A,elimination,3,2021-05-12T17:04:53Z,bf:5bef1fd422a55803cb340a40,bf:609b70096b6b3d37fdd49225,2,0,1,1
battlefy,609023f751463c11c159581c,Kards Weekday Skirmish: Pauper - Bracket A,community,Bracket A,elimination,4,2021-05-12T17:05:37Z,bf:609ac012f8526f36fb8d7199,bf:5f1660782cba8f11c2a45e9c,1,2,2,1
battlefy,609023f751463c11c159581c,Kards Weekday Skirmish: Pauper - Bracket A,community,Bracket A,elimination,4,2021-05-12T17:08:13Z,bf:5d4eae596c2b2139a67ce680,bf:6095516436c672120ab6f371,1,2,2,1
battlefy,609023f751463c11c159581c,Kards Weekday Skirmish: Pauper - Bracket A,community,Bracket A,elimination,4,2021-05-12T17:15:20Z,bf:5f32f48419fcf2666b2abff1,bf:6096f16136c672120ab703d4,2,0,1,1
battlefy,609023f751463c11c159581c,Kards Weekday Skirmish: Pauper - Bracket A,community,Bracket A,elimination,4,2021-05-12T17:16:27Z,bf:609a7e2c4f046a3f9fd4176c,bf:60952a6777979c11ca42a3af,1,2,2,1
battlefy,609023f751463c11c159581c,Kards Weekday Skirmish: Pauper - Bracket A,community,Bracket A,elimination,4,2021-05-12T17:22:11Z,bf:5eb65df574f31a11dd226b38,bf:564e7b5b80b8db4a00c4ff9c,2,1,1,1
battlefy,609023f751463c11c159581c,Kards Weekday Skirmish: Pauper - Bracket A,community,Bracket A,elimination,4,2021-05-12T17:23:21Z,bf:6071c35b5100561142e3745f,bf:60509713496ba24d0604cc08,2,1,1,1
battlefy,609023f751463c11c159581c,Kards Weekday Skirmish: Pauper - Bracket A,community,Bracket A,elimination,3,2021-05-12T17:23:44Z,bf:60946d0dab3bf12889662245,bf:609b0f8f7b748611b20fea75,0,2,2,1
battlefy,609023f751463c11c159581c,Kards Weekday Skirmish: Pauper - Bracket A,community,Bracket A,elimination,4,2021-05-12T17:25:48Z,bf:601d189a36ceeb11b32b81e2,bf:60998e378fb69037bdd8e8ec,0,2,2,1
battlefy,609023f751463c11c159581c,Kards Weekday Skirmish: Pauper - Bracket A,community,Bracket A,elimination,5,2021-05-12T17:29:52Z,bf:5f1660782cba8f11c2a45e9c,bf:6095516436c672120ab6f371,2,0,1,1
battlefy,609023f751463c11c159581c,Kards Weekday Skirmish: Pauper - Bracket A,community,Bracket A,elimination,4,2021-05-12T17:35:50Z,bf:609b63110a6666119d69bbb0,bf:609b0f8f7b748611b20fea75,0,2,2,1
battlefy,609023f751463c11c159581c,Kards Weekday Skirmish: Pauper - Bracket A,community,Bracket A,elimination,4,2021-05-12T17:46:46Z,bf:5f10c966160c3f2239e92921,bf:5bef1fd422a55803cb340a40,2,1,1,1
battlefy,609023f751463c11c159581c,Kards Weekday Skirmish: Pauper - Bracket A,community,Bracket A,elimination,5,2021-05-12T17:48:10Z,bf:60952a6777979c11ca42a3af,bf:5f32f48419fcf2666b2abff1,1,2,2,1
battlefy,609023f751463c11c159581c,Kards Weekday Skirmish: Pauper - Bracket A,community,Bracket A,elimination,5,2021-05-12T17:48:26Z,bf:5eb65df574f31a11dd226b38,bf:6071c35b5100561142e3745f,2,0,1,1
battlefy,609023f751463c11c159581c,Kards Weekday Skirmish: Pauper - Bracket A,community,Bracket A,elimination,5,2021-05-12T17:53:19Z,bf:60998e378fb69037bdd8e8ec,bf:5f112ee3eac9482569fb3ee6,0,2,2,1
battlefy,609023f751463c11c159581c,Kards Weekday Skirmish: Pauper - Bracket A,community,Bracket A,elimination,5,2021-05-12T18:06:27Z,bf:5eeb9c3d19b81239da9496cb,bf:5f10c966160c3f2239e92921,2,0,1,1
battlefy,609023f751463c11c159581c,Kards Weekday Skirmish: Pauper - Bracket A,community,Bracket A,elimination,5,2021-05-12T18:07:33Z,bf:5f11d247160c3f2239e940a4,bf:609b0f8f7b748611b20fea75,0,2,2,1
battlefy,609023f751463c11c159581c,Kards Weekday Skirmish: Pauper - Bracket A,community,Bracket A,elimination,6,2021-05-12T18:13:31Z,bf:609ac012f8526f36fb8d7199,bf:5f32f48419fcf2666b2abff1,1,2,2,1
battlefy,609023f751463c11c159581c,Kards Weekday Skirmish: Pauper - Bracket A,community,Bracket A,elimination,6,2021-05-12T18:14:39Z,bf:5eb65df574f31a11dd226b38,bf:5f1660782cba8f11c2a45e9c,2,0,1,1
battlefy,609023f751463c11c159581c,Kards Weekday Skirmish: Pauper - Bracket A,community,Bracket A,elimination,6,2021-05-12T18:14:46Z,bf:5d4eae596c2b2139a67ce680,bf:5f112ee3eac9482569fb3ee6,0,2,2,1
battlefy,609023f751463c11c159581c,Kards Weekday Skirmish: Pauper - Bracket A,community,Bracket A,elimination,6,2021-05-12T18:33:11Z,bf:564e7b5b80b8db4a00c4ff9c,bf:609b0f8f7b748611b20fea75,2,1,1,1
battlefy,609023f751463c11c159581c,Kards Weekday Skirmish: Pauper - Bracket A,community,Bracket A,elimination,7,2021-05-12T18:36:18Z,bf:5f32f48419fcf2666b2abff1,bf:5f112ee3eac9482569fb3ee6,2,0,1,1
battlefy,609023f751463c11c159581c,Kards Weekday Skirmish: Pauper - Bracket A,community,Bracket A,elimination,6,2021-05-12T18:54:10Z,bf:60509713496ba24d0604cc08,bf:5eeb9c3d19b81239da9496cb,2,1,1,1
battlefy,609023f751463c11c159581c,Kards Weekday Skirmish: Pauper - Bracket A,community,Bracket A,elimination,8,2021-05-12T18:58:13Z,bf:6071c35b5100561142e3745f,bf:5f32f48419fcf2666b2abff1,0,2,2,1
battlefy,609023f751463c11c159581c,Kards Weekday Skirmish: Pauper - Bracket A,community,Bracket A,elimination,7,2021-05-12T19:21:48Z,bf:564e7b5b80b8db4a00c4ff9c,bf:60509713496ba24d0604cc08,1,2,2,1
battlefy,609023f751463c11c159581c,Kards Weekday Skirmish: Pauper - Bracket A,community,Bracket A,elimination,8,2021-05-12T19:45:51Z,bf:6095516436c672120ab6f371,bf:60509713496ba24d0604cc08,0,2,2,1
battlefy,609023f751463c11c159581c,Kards Weekday Skirmish: Pauper - Bracket A,community,Bracket A,elimination,9,2021-05-12T20:06:39Z,bf:5f32f48419fcf2666b2abff1,bf:60509713496ba24d0604cc08,0,2,2,1
battlefy,609023f751463c11c159581c,Kards Weekday Skirmish: Pauper - Bracket A,community,Bracket A,elimination,10,2021-05-12T20:49:42Z,bf:5f1660782cba8f11c2a45e9c,bf:60509713496ba24d0604cc08,1,2,2,1
battlefy,6090245c3a61c15613a1ca7f,Kards Weekday Skirmish: Pauper - Bracket B,community,Bracket B,elimination,1,2021-05-12T21:13:00Z,bf:609c2ec59c13276cd690f7f0,bf:5fb038eb1632970e916b6f46,0,2,2,1
battlefy,6090245c3a61c15613a1ca7f,Kards Weekday Skirmish: Pauper - Bracket B,community,Bracket B,elimination,1,2021-05-12T21:14:45Z,bf:60514c101ca3d756eb01932e,bf:60946d0dab3bf12889662245,2,0,1,1
battlefy,6090245c3a61c15613a1ca7f,Kards Weekday Skirmish: Pauper - Bracket B,community,Bracket B,elimination,1,2021-05-12T21:19:39Z,bf:609c270f11d3b1710642d8d1,bf:5f10c966160c3f2239e92921,0,2,2,1
battlefy,6090245c3a61c15613a1ca7f,Kards Weekday Skirmish: Pauper - Bracket B,community,Bracket B,elimination,1,2021-05-12T21:22:08Z,bf:609ac012f8526f36fb8d7199,bf:60953cc936c672120ab6f2f4,2,1,1,1
battlefy,609023f751463c11c159581c,Kards Weekday Skirmish: Pauper - Bracket A,community,Bracket A,elimination,7,2021-05-12T21:24:01Z,bf:5eb65df574f31a11dd226b38,bf:60509713496ba24d0604cc08,2,0,1,1
battlefy,6090245c3a61c15613a1ca7f,Kards Weekday Skirmish: Pauper - Bracket B,community,Bracket B,elimination,1,2021-05-12T21:30:20Z,bf:602d35b5e953470c8c2eb398,bf:6096f16136c672120ab703d4,2,0,1,1
battlefy,6090245c3a61c15613a1ca7f,Kards Weekday Skirmish: Pauper - Bracket B,community,Bracket B,elimination,1,2021-05-12T21:33:15Z,bf:609b70096b6b3d37fdd49225,bf:6030a2af3222cb45216b822e,2,1,1,1
battlefy,6090245c3a61c15613a1ca7f,Kards Weekday Skirmish: Pauper - Bracket B,community,Bracket B,elimination,2,2021-05-12T21:33:25Z,bf:5c3b6b20304450039e51c054,bf:60514c101ca3d756eb01932e,0,2,2,1
battlefy,6090245c3a61c15613a1ca7f,Kards Weekday Skirmish: Pauper - Bracket B,community,Bracket B,elimination,1,2021-05-12T21:35:31Z,bf:6051fe41cbd09156d261e80c,bf:609b63110a6666119d69bbb0,1,2,2,1
battlefy,6090245c3a61c15613a1ca7f,Kards Weekday Skirmish: Pauper - Bracket B,community,Bracket B,elimination,1,2021-05-12T21:37:49Z,bf:5fb43070a2fd346547530c21,bf:5fa2011d11743771ade90dee,0,2,2,1
battlefy,6090245c3a61c15613a1ca7f,Kards Weekday Skirmish: Pauper - Bracket B,community,Bracket B,elimination,1,2021-05-12T21:40:19Z,bf:5bef1fd422a55803cb340a40,bf:5f0dde2dc47339351f7f7715,2,0,1,1
battlefy,6090245c3a61c15613a1ca7f,Kards Weekday Skirmish: Pauper - Bracket B,community,Bracket B,elimination,2,2021-05-12T21:40:51Z,bf:5fa31ac6f8fc171ea9f67c43,bf:609ac012f8526f36fb8d7199,0,2,2,1
battlefy,6090245c3a61c15613a1ca7f,Kards Weekday Skirmish: Pauper - Bracket B,community,Bracket B,elimination,1,2021-05-12T21:45:27Z,bf:609c2ec59c13276cd690f7f0,bf:6030a2af3222cb45216b822e,0,2,2,1
battlefy,6090245c3a61c15613a1ca7f,Kards Weekday Skirmish: Pauper - Bracket B,community,Bracket B,elimination,2,2021-05-12T21:45:39Z,bf:5f112ee3eac9482569fb3ee6,bf:5f10c966160c3f2239e92921,2,1,1,1
battlefy,6090245c3a61c15613a1ca7f,Kards Weekday Skirmish: Pauper - Bracket B,community,Bracket B,elimination,2,2021-05-12T21:49:14Z,bf:564e7b5b80b8db4a00c4ff9c,bf:602d35b5e953470c8c2eb398,2,0,1,1
battlefy,6090245c3a61c15613a1ca7f,Kards Weekday Skirmish: Pauper - Bracket B,community,Bracket B,elimination,2,2021-05-12T22:00:47Z,bf:609a95247051842cc80eec16,bf:5fa2011d11743771ade90dee,2,0,1,1
battlefy,6090245c3a61c15613a1ca7f,Kards Weekday Skirmish: Pauper - Bracket B,community,Bracket B,elimination,2,2021-05-12T22:01:08Z,bf:602d35b5e953470c8c2eb398,bf:5fb43070a2fd346547530c21,0,2,2,1
battlefy,6090245c3a61c15613a1ca7f,Kards Weekday Skirmish: Pauper - Bracket B,community,Bracket B,elimination,2,2021-05-12T22:02:43Z,bf:609b70096b6b3d37fdd49225,bf:5fb038eb1632970e916b6f46,2,1,1,1
battlefy,6090245c3a61c15613a1ca7f,Kards Weekday Skirmish: Pauper - Bracket B,community,Bracket B,elimination,2,2021-05-12T22:04:10Z,bf:5f10c966160c3f2239e92921,bf:6030a2af3222cb45216b822e,2,0,1,1
battlefy,6090245c3a61c15613a1ca7f,Kards Weekday Skirmish: Pauper - Bracket B,community,Bracket B,elimination,2,2021-05-12T22:10:46Z,bf:5fa31ac6f8fc171ea9f67c43,bf:5f0dde2dc47339351f7f7715,2,0,1,1
battlefy,6090245c3a61c15613a1ca7f,Kards Weekday Skirmish: Pauper - Bracket B,community,Bracket B,elimination,2,2021-05-12T22:15:05Z,bf:5fb038eb1632970e916b6f46,bf:609c270f11d3b1710642d8d1,2,0,1,1
battlefy,6090245c3a61c15613a1ca7f,Kards Weekday Skirmish: Pauper - Bracket B,community,Bracket B,elimination,2,2021-05-12T22:17:49Z,bf:6096b9f1ee4adc11d83eef08,bf:5bef1fd422a55803cb340a40,2,1,1,1
battlefy,6090245c3a61c15613a1ca7f,Kards Weekday Skirmish: Pauper - Bracket B,community,Bracket B,elimination,2,2021-05-12T22:18:08Z,bf:5c3b6b20304450039e51c054,bf:6051fe41cbd09156d261e80c,1,2,2,1
battlefy,6090245c3a61c15613a1ca7f,Kards Weekday Skirmish: Pauper - Bracket B,community,Bracket B,elimination,3,2021-05-12T22:19:14Z,bf:609ac012f8526f36fb8d7199,bf:609b70096b6b3d37fdd49225,0,2,2,1
battlefy,6090245c3a61c15613a1ca7f,Kards Weekday Skirmish: Pauper - Bracket B,community,Bracket B,elimination,3,2021-05-12T22:20:15Z,bf:564e7b5b80b8db4a00c4ff9c,bf:60514c101ca3d756eb01932e,2,1,1,1
battlefy,6090245c3a61c15613a1ca7f,Kards Weekday Skirmish: Pauper - Bracket B,community,Bracket B,elimination,2,2021-05-12T22:24:33Z,bf:60953c50980c9b122a48e011,bf:609b63110a6666119d69bbb0,2,1,1,1
battlefy,6090245c3a61c15613a1ca7f,Kards Weekday Skirmish: Pauper - Bracket B,community,Bracket B,elimination,2,2021-05-12T22:28:01Z,bf:5bef1fd422a55803cb340a40,bf:60953cc936c672120ab6f2f4,2,0,1,1
battlefy,6090245c3a61c15613a1ca7f,Kards Weekday Skirmish: Pauper - Bracket B,community,Bracket B,elimination,3,2021-05-12T22:32:04Z,bf:5fb038eb1632970e916b6f46,bf:5fa31ac6f8fc171ea9f67c43,0,2,2,1
battlefy,6090245c3a61c15613a1ca7f,Kards Weekday Skirmish: Pauper - Bracket B,community,Bracket B,elimination,2,2021-05-12T22:33:47Z,bf:5fa2011d11743771ade90dee,bf:6096f16136c672120ab703d4,2,0,1,1
battlefy,6090245c3a61c15613a1ca7f,Kards Weekday Skirmish: Pauper - Bracket B,community,Bracket B,elimination,3,2021-05-12T22:35:14Z,bf:6051fe41cbd09156d261e80c,bf:5fb43070a2fd346547530c21,2,0,1,1
battlefy,6090245c3a61c15613a1ca7f,Kards Weekday Skirmish: Pauper - Bracket B,community,Bracket B,elimination,2,2021-05-12T22:36:49Z,bf:609b63110a6666119d69bbb0,bf:60946d0dab3bf12889662245,2,0,1,1
battlefy,6090245c3a61c15613a1ca7f,Kards Weekday Skirmish: Pauper - Bracket B,community,Bracket B,elimination,4,2021-05-12T22:43:14Z,bf:609b70096b6b3d37fdd49225,bf:564e7b5b80b8db4a00c4ff9c,2,1,1,1
battlefy,6090245c3a61c15613a1ca7f,Kards Weekday Skirmish: Pauper - Bracket B,community,Bracket B,elimination,3,2021-05-12T22:48:45Z,bf:5f112ee3eac9482569fb3ee6,bf:6096b9f1ee4adc11d83eef08,2,1,1,1
battlefy,6090245c3a61c15613a1ca7f,Kards Weekday Skirmish: Pauper - Bracket B,community,Bracket B,elimination,3,2021-05-12T22:49:06Z,bf:60953c50980c9b122a48e011,bf:609a95247051842cc80eec16,2,1,1,1
battlefy,6090245c3a61c15613a1ca7f,Kards Weekday Skirmish: Pauper - Bracket B,community,Bracket B,elimination,3,2021-05-12T23:00:19Z,bf:5bef1fd422a55803cb340a40,bf:5f10c966160c3f2239e92921,2,1,1,1
battlefy,6090245c3a61c15613a1ca7f,Kards Weekday Skirmish: Pauper - Bracket B,community,Bracket B,elimination,3,2021-05-12T23:02:55Z,bf:5fa2011d11743771ade90dee,bf:609b63110a6666119d69bbb0,2,0,1,1
battlefy,6090245c3a61c15613a1ca7f,Kards Weekday Skirmish: Pauper - Bracket B,community,Bracket B,elimination,4,2021-05-12T23:05:39Z,bf:60953c50980c9b122a48e011,bf:5f112ee3eac9482569fb3ee6,0,2,2,1
battlefy,6090245c3a61c15613a1ca7f,Kards Weekday Skirmish: Pauper - Bracket B,community,Bracket B,elimination,4,2021-05-12T23:17:44Z,bf:60514c101ca3d756eb01932e,bf:5bef1fd422a55803cb340a40,0,2,2,1
battlefy,6090245c3a61c15613a1ca7f,Kards Weekday Skirmish: Pauper - Bracket B,community,Bracket B,elimination,4,2021-05-12T23:21:11Z,bf:6096b9f1ee4adc11d83eef08,bf:6051fe41cbd09156d261e80c,0,2,2,1
battlefy,6090245c3a61c15613a1ca7f,Kards Weekday Skirmish: Pauper - Bracket B,community,Bracket B,elimination,4,2021-05-12T23:25:02Z,bf:609a95247051842cc80eec16,bf:5fa31ac6f8fc171ea9f67c43,1,2,2,1
battlefy,6090245c3a61c15613a1ca7f,Kards Weekday Skirmish: Pauper - Bracket B,community,Bracket B,elimination,5,2021-05-12T23:30:08Z,bf:609b70096b6b3d37fdd49225,bf:5f112ee3eac9482569fb3ee6,1,2,2,1
battlefy,6090245c3a61c15613a1ca7f,Kards Weekday Skirmish: Pauper - Bracket B,community,Bracket B,elimination,4,2021-05-12T23:35:54Z,bf:609ac012f8526f36fb8d7199,bf:5fa2011d11743771ade90dee,1,2,2,1
battlefy,6090245c3a61c15613a1ca7f,Kards Weekday Skirmish: Pauper - Bracket B,community,Bracket B,elimination,5,2021-05-12T23:51:25Z,bf:6051fe41cbd09156d261e80c,bf:5fa31ac6f8fc171ea9f67c43,2,0,1,1
battlefy,6090245c3a61c15613a1ca7f,Kards Weekday Skirmish: Pauper - Bracket B,community,Bracket B,elimination,5,2021-05-12T23:54:48Z,bf:5bef1fd422a55803cb340a40,bf:5fa2011d11743771ade90dee,2,0,1,1
battlefy,6090245c3a61c15613a1ca7f,Kards Weekday Skirmish: Pauper - Bracket B,community,Bracket B,elimination,6,2021-05-13T00:19:18Z,bf:60953c50980c9b122a48e011,bf:5bef1fd422a55803cb340a40,1,2,2,1
battlefy,6090245c3a61c15613a1ca7f,Kards Weekday Skirmish: Pauper - Bracket B,community,Bracket B,elimination,6,2021-05-13T00:25:32Z,bf:564e7b5b80b8db4a00c4ff9c,bf:6051fe41cbd09156d261e80c,1,2,2,1
battlefy,6090245c3a61c15613a1ca7f,Kards Weekday Skirmish: Pauper - Bracket B,community,Bracket B,elimination,7,2021-05-13T00:44:40Z,bf:5bef1fd422a55803cb340a40,bf:6051fe41cbd09156d261e80c,2,0,1,1
battlefy,6090245c3a61c15613a1ca7f,Kards Weekday Skirmish: Pauper - Bracket B,community,Bracket B,elimination,8,2021-05-13T01:05:59Z,bf:609b70096b6b3d37fdd49225,bf:5bef1fd422a55803cb340a40,1,2,2,1
battlefy,6090245c3a61c15613a1ca7f,Kards Weekday Skirmish: Pauper - Bracket B,community,Bracket B,elimination,6,2021-05-13T01:23:47Z,bf:5f112ee3eac9482569fb3ee6,bf:5bef1fd422a55803cb340a40,0,2,2,1
battlefy,6090245c3a61c15613a1ca7f,Kards Weekday Skirmish: Pauper - Bracket B,community,Bracket B,elimination,7,2021-05-13T01:51:38Z,bf:5bef1fd422a55803cb340a40,bf:5f112ee3eac9482569fb3ee6,2,0,1,1
battlefy,60a3ff4344cea86cbcb2db5b,KARDS Weekday Skirmish: One Nation - Block A,community,Bracket I,elimination,2,2021-05-26T15:15:28Z,bf:5f335b3e30b92e118dbc579e,bf:602d5acba74cc17c31b7d9af,0,2,2,1
battlefy,60a3ff4344cea86cbcb2db5b,KARDS Weekday Skirmish: One Nation - Block A,community,Bracket I,elimination,1,2021-05-26T15:20:29Z,bf:5eb65df574f31a11dd226b38,bf:609582310d24dd11b0848f33,2,0,1,1
battlefy,60a3ff4344cea86cbcb2db5b,KARDS Weekday Skirmish: One Nation - Block A,community,Bracket I,elimination,1,2021-05-26T15:31:27Z,bf:5ec99a6d5cb5d5345c7fdf7c,bf:602aa3c2a9de5d119d53bf98,2,1,1,1
battlefy,60a3ff4344cea86cbcb2db5b,KARDS Weekday Skirmish: One Nation - Block A,community,Bracket I,elimination,1,2021-05-26T15:38:05Z,bf:609b0f8f7b748611b20fea75,bf:60a6368e0072106f76db29dd,2,0,1,1
battlefy,60a3ff4344cea86cbcb2db5b,KARDS Weekday Skirmish: One Nation - Block A,community,Bracket I,elimination,2,2021-05-26T15:40:11Z,bf:60953c50980c9b122a48e011,bf:5eb65df574f31a11dd226b38,1,2,2,1
battlefy,60a3ff4344cea86cbcb2db5b,KARDS Weekday Skirmish: One Nation - Block A,community,Bracket I,elimination,2,2021-05-26T15:40:44Z,bf:60a65e7e982b577479221d7e,bf:60a3bf649226326cec5f141a,2,1,1,1
battlefy,60a3ff4344cea86cbcb2db5b,KARDS Weekday Skirmish: One Nation - Block A,community,Bracket I,elimination,1,2021-05-26T15:40:44Z,bf:5f11d247160c3f2239e940a4,bf:5f3fc42472caf64e0f2b589c,2,1,1,1
battlefy,60a3ff4344cea86cbcb2db5b,KARDS Weekday Skirmish: One Nation - Block A,community,Bracket I,elimination,1,2021-05-26T15:50:53Z,bf:60ae60e26dada66f5e2a9239,bf:5bef1fd422a55803cb340a40,1,2,2,1
battlefy,60a3ff4344cea86cbcb2db5b,KARDS Weekday Skirmish: One Nation - Block A,community,Bracket I,elimination,2,2021-05-26T15:53:08Z,bf:5f335b3e30b92e118dbc579e,bf:60a6368e0072106f76db29dd,2,0,1,1
battlefy,60a3ff4344cea86cbcb2db5b,KARDS Weekday Skirmish: One Nation - Block A,community,Bracket I,elimination,3,2021-05-26T15:57:13Z,bf:5eb65df574f31a11dd226b38,bf:602d5acba74cc17c31b7d9af,2,0,1,1
battlefy,60a3ff4344cea86cbcb2db5b,KARDS Weekday Skirmish: One Nation - Block A,community,Bracket I,elimination,2,2021-05-26T15:58:10Z,bf:60a356b944cea86cbcb2d935,bf:5f11d247160c3f2239e940a4,0,2,2,1
battlefy,60a3ff4344cea86cbcb2db5b,KARDS Weekday Skirmish: One Nation - Block A,community,Bracket I,elimination,2,2021-05-26T16:01:29Z,bf:60a3bf649226326cec5f141a,bf:5f3fc42472caf64e0f2b589c,0,2,2,1
battlefy,60a3ff4344cea86cbcb2db5b,KARDS Weekday Skirmish: One Nation - Block A,community,Bracket I,elimination,1,2021-05-26T16:04:29Z,bf:60509713496ba24d0604cc08,bf:5f32f48419fcf2666b2abff1,1,2,2,1
battlefy,60a3ff4344cea86cbcb2db5b,KARDS Weekday Skirmish: One Nation - Block A,community,Bracket I,elimination,2,2021-05-26T16:07:38Z,bf:5fb038eb1632970e916b6f46,bf:609b0f8f7b748611b20fea75,2,1,1,1
battlefy,60a3ff4344cea86cbcb2db5b,KARDS Weekday Skirmish: One Nation - Block A,community,Bracket I,elimination,2,2021-05-26T16:08:31Z,bf:60946d0dab3bf12889662245,bf:5ec99a6d5cb5d5345c7fdf7c,1,2,2,1
battlefy,60a3ff4344cea86cbcb2db5b,KARDS Weekday Skirmish: One Nation - Block A,community,Bracket I,elimination,2,2021-05-26T16:20:11Z,bf:60514c101ca3d756eb01932e,bf:5f32f48419fcf2666b2abff1,0,2,2,1
battlefy,60a3ff4344cea86cbcb2db5b,KARDS Weekday Skirmish: One Nation - Block A,community,Bracket I,elimination,2,2021-05-26T16:23:59Z,bf:60953c50980c9b122a48e011,bf:60ae60e26dada66f5e2a9239,1,2,2,1
battlefy,60a3ff4344cea86cbcb2db5b,KARDS Weekday Skirmish: One Nation - Block A,community,Bracket I,elimination,2,2021-05-26T16:30:24Z,bf:60514c101ca3d756eb01932e,bf:602aa3c2a9de5d119d53bf98,2,0,1,1
battlefy,60a3ff4344cea86cbcb2db5b,KARDS Weekday Skirmish: One Nation - Block A,community,Bracket I,elimination,3,2021-05-26T16:37:46Z,bf:5ec99a6d5cb5d5345c7fdf7c,bf:60a65e7e982b577479221d7e,2,0,1,1
battlefy,60a3ff4344cea86cbcb2db5b,KARDS Weekday Skirmish: One Nation - Block A,community,Bracket I,elimination,2,2021-05-26T16:38:40Z,bf:60946d0dab3bf12889662245,bf:60509713496ba24d0604cc08,0,2,2,1
battlefy,60a3ff4344cea86cbcb2db5b,KARDS Weekday Skirmish: One Nation - Block A,community,Bracket I,elimination,2,2021-05-26T16:40:21Z,bf:5f1660782cba8f11c2a45e9c,bf:5bef1fd422a55803cb340a40,2,1,1,1
battlefy,60a3ff4344cea86cbcb2db5b,KARDS Weekday Skirmish: One Nation - Block A,community,Bracket I,elimination,3,2021-05-26T16:45:43Z,bf:5f335b3e30b92e118dbc579e,bf:60ae60e26dada66f5e2a9239,1,2,2,1
battlefy,60a3ff4344cea86cbcb2db5b,KARDS Weekday Skirmish: One Nation - Block A,community,Bracket I,elimination,3,2021-05-26T16:46:54Z,bf:60514c101ca3d756eb01932e,bf:60a356b944cea86cbcb2d935,2,1,1,1
battlefy,60a3ff4344cea86cbcb2db5b,KARDS Weekday Skirmish: One Nation - Block A,community,Bracket I,elimination,3,2021-05-26T16:50:32Z,bf:5fb038eb1632970e916b6f46,bf:5f1660782cba8f11c2a45e9c,0,2,2,1
battlefy,60a3ff4344cea86cbcb2db5b,KARDS Weekday Skirmish: One Nation - Block A,community,Bracket I,elimination,3,2021-05-26T16:51:47Z,bf:5f11d247160c3f2239e940a4,bf:5f32f48419fcf2666b2abff1,0,2,2,1
battlefy,60a3ff4344cea86cbcb2db5b,KARDS Weekday Skirmish: One Nation - Block A,community,Bracket I,elimination,2,2021-05-26T16:59:24Z,bf:5bef1fd422a55803cb340a40,bf:609582310d24dd11b0848f33,2,0,1,1
battlefy,60a3ff4344cea86cbcb2db5b,KARDS Weekday Skirmish: One Nation - Block A,community,Bracket I,elimination,3,2021-05-26T17:04:02Z,bf:5f3fc42472caf64e0f2b589c,bf:60509713496ba24d0604cc08,0,2,2,1
battlefy,60a3ff4344cea86cbcb2db5b,KARDS Weekday Skirmish: One Nation - Block A,community,Bracket I,elimination,4,2021-05-26T17:10:03Z,bf:5fb038eb1632970e916b6f46,bf:60514c101ca3d756eb01932e,2,0,1,1
battlefy,60a3ff4344cea86cbcb2db5b,KARDS Weekday Skirmish: One Nation - Block A,community,Bracket I,elimination,4,2021-05-26T17:14:31Z,bf:5ec99a6d5cb5d5345c7fdf7c,bf:5f1660782cba8f11c2a45e9c,0,2,2,1
battlefy,60a3ff4344cea86cbcb2db5b,KARDS Weekday Skirmish: One Nation - Block A,community,Bracket I,elimination,3,2021-05-26T17:27:31Z,bf:5bef1fd422a55803cb340a40,bf:609b0f8f7b748611b20fea75,2,0,1,1
battlefy,60a3ff4344cea86cbcb2db5b,KARDS Weekday Skirmish: One Nation - Block A,community,Bracket I,elimination,4,2021-05-26T17:39:03Z,bf:602d5acba74cc17c31b7d9af,bf:60509713496ba24d0604cc08,2,1,1,1
battlefy,60a3ff4344cea86cbcb2db5b,KARDS Weekday Skirmish: One Nation - Block A,community,Bracket I,elimination,4,2021-05-26T17:41:21Z,bf:5eb65df574f31a11dd226b38,bf:5f32f48419fcf2666b2abff1,1,2,2,1
battlefy,60a3ff4344cea86cbcb2db5b,KARDS Weekday Skirmish: One Nation - Block A,community,Bracket I,elimination,4,2021-05-26T18:09:54Z,bf:5f11d247160c3f2239e940a4,bf:5bef1fd422a55803cb340a40,0,2,2,1
battlefy,60a3ff4344cea86cbcb2db5b,KARDS Weekday Skirmish: One Nation - Block A,community,Bracket I,elimination,5,2021-05-26T18:10:22Z,bf:5f1660782cba8f11c2a45e9c,bf:5f32f48419fcf2666b2abff1,2,0,1,1
battlefy,60a3ff4344cea86cbcb2db5b,KARDS Weekday Skirmish: One Nation - Block A,community,Bracket I,elimination,6,2021-05-26T18:28:49Z,bf:5eb65df574f31a11dd226b38,bf:60ae60e26dada66f5e2a9239,2,0,1,1
battlefy,60a3ff4344cea86cbcb2db5b,KARDS Weekday Skirmish: One Nation - Block A,community,Bracket I,elimination,5,2021-05-26T18:49:21Z,bf:5bef1fd422a55803cb340a40,bf:602d5acba74cc17c31b7d9af,1,2,2,1
battlefy,60a3ff4344cea86cbcb2db5b,KARDS Weekday Skirmish: One Nation - Block A,community,Bracket I,elimination,6,2021-05-26T19:08:57Z,bf:5ec99a6d5cb5d5345c7fdf7c,bf:602d5acba74cc17c31b7d9af,2,1,1,1
battlefy,60a3ff4344cea86cbcb2db5b,KARDS Weekday Skirmish: One Nation - Block A,community,Bracket I,elimination,7,2021-05-26T19:29:15Z,bf:5eb65df574f31a11dd226b38,bf:5ec99a6d5cb5d5345c7fdf7c,1,2,2,1
battlefy,60a3ff4344cea86cbcb2db5b,KARDS Weekday Skirmish: One Nation - Block A,community,Bracket I,elimination,8,2021-05-26T19:53:18Z,bf:5f32f48419fcf2666b2abff1,bf:5ec99a6d5cb5d5345c7fdf7c,2,0,1,1
battlefy,60a3ff4344cea86cbcb2db5b,KARDS Weekday Skirmish: One Nation - Block A,community,Bracket I,elimination,6,2021-05-26T20:33:56Z,bf:5f1660782cba8f11c2a45e9c,bf:5f32f48419fcf2666b2abff1,2,1,1,1
battlefy,60a3ff4344cea86cbcb2db5b,KARDS Weekday Skirmish: One Nation - Block A,community,Bracket I,elimination,4,2021-05-26T21:00:29Z,bf:60a65e7e982b577479221d7e,bf:60ae60e26dada66f5e2a9239,1,2,2,1
battlefy,60a3ff4344cea86cbcb2db5b,KARDS Weekday Skirmish: One Nation - Block A,community,Bracket I,elimination,5,2021-05-26T21:00:29Z,bf:5fb038eb1632970e916b6f46,bf:60ae60e26dada66f5e2a9239,1,2,2,1
battlefy,60a3ff4344cea86cbcb2db5b,KARDS Weekday Skirmish: One Nation - Block A,community,Bracket I,elimination,7,2021-05-26T21:08:10Z,bf:5f32f48419fcf2666b2abff1,bf:5f1660782cba8f11c2a45e9c,0,2,2,1
battlefy,60a3ffd3ae940a6cd09fb0ea,KARDS Weekday Skirmish: One Nation - Block B,community,Bracket I,elimination,1,2021-05-26T21:24:44Z,bf:60953c50980c9b122a48e011,bf:60a65e7e982b577479221d7e,2,0,1,1
battlefy,60a3ffd3ae940a6cd09fb0ea,KARDS Weekday Skirmish: One Nation - Block B,community,Bracket I,elimination,1,2021-05-26T21:30:04Z,bf:5fa31ac6f8fc171ea9f67c43,bf:5ec038e2256baa1d38011a05,2,0,1,1
battlefy,60a3ffd3ae940a6cd09fb0ea,KARDS Weekday Skirmish: One Nation - Block B,community,Bracket I,elimination,1,2021-05-26T21:34:53Z,bf:60514c101ca3d756eb01932e,bf:609b63110a6666119d69bbb0,1,2,2,1
battlefy,60a3ffd3ae940a6cd09fb0ea,KARDS Weekday Skirmish: One Nation - Block B,community,Bracket I,elimination,1,2021-05-26T21:38:42Z,bf:5f10c966160c3f2239e92921,bf:5eeb9c3d19b81239da9496cb,2,1,1,1
battlefy,60a3ffd3ae940a6cd09fb0ea,KARDS Weekday Skirmish: One Nation - Block B,community,Bracket I,elimination,2,2021-05-26T21:51:26Z,bf:5fafeec6e7d89a60d4333722,bf:60953c50980c9b122a48e011,1,2,2,1
battlefy,60a3ffd3ae940a6cd09fb0ea,KARDS Weekday Skirmish: One Nation - Block B,community,Bracket I,elimination,1,2021-05-26T21:53:49Z,bf:5bef1fd422a55803cb340a40,bf:5f0cd40c3087a65e039603f4,1,2,2,1
battlefy,60a3ffd3ae940a6cd09fb0ea,KARDS Weekday Skirmish: One Nation - Block B,community,Bracket I,elimination,1,2021-05-26T22:00:29Z,bf:5eeb9c3d19b81239da9496cb,bf:60514c101ca3d756eb01932e,2,0,1,1
battlefy,60a3ffd3ae940a6cd09fb0ea,KARDS Weekday Skirmish: One Nation - Block B,community,Bracket I,elimination,2,2021-05-26T22:00:49Z,bf:60a432af9226326cec5f185b,bf:5fa31ac6f8fc171ea9f67c43,0,2,2,1
battlefy,60a3ffd3ae940a6cd09fb0ea,KARDS Weekday Skirmish: One Nation - Block B,community,Bracket I,elimination,2,2021-05-26T22:06:44Z,bf:5fafeec6e7d89a60d4333722,bf:5ec038e2256baa1d38011a05,0,2,2,1
battlefy,60a3ffd3ae940a6cd09fb0ea,KARDS Weekday Skirmish: One Nation - Block B,community,Bracket I,elimination,2,2021-05-26T22:23:21Z,bf:564e7b5b80b8db4a00c4ff9c,bf:5f0cd40c3087a65e039603f4,1,2,2,1
battlefy,60a3ffd3ae940a6cd09fb0ea,KARDS Weekday Skirmish: One Nation - Block B,community,Bracket I,elimination,2,2021-05-26T22:42:02Z,bf:60a432af9226326cec5f185b,bf:60a65e7e982b577479221d7e,2,1,1,1
battlefy,60a3ffd3ae940a6cd09fb0ea,KARDS Weekday Skirmish: One Nation - Block B,community,Bracket I,elimination,2,2021-05-26T22:43:37Z,bf:609b63110a6666119d69bbb0,bf:5f10c966160c3f2239e92921,2,0,1,1
battlefy,60a3ffd3ae940a6cd09fb0ea,KARDS Weekday Skirmish: One Nation - Block B,community,Bracket I,elimination,3,2021-05-26T22:48:33Z,bf:5f0cd40c3087a65e039603f4,bf:5fa31ac6f8fc171ea9f67c43,0,2,2,1
battlefy,60a3ffd3ae940a6cd09fb0ea,KARDS Weekday Skirmish: One Nation - Block B,community,Bracket I,elimination,2,2021-05-26T22:53:48Z,bf:5f10c966160c3f2239e92921,bf:5bef1fd422a55803cb340a40,0,2,2,1
battlefy,60a3ffd3ae940a6cd09fb0ea,KARDS Weekday Skirmish: One Nation - Block B,community,Bracket I,elimination,2,2021-05-26T22:57:24Z,bf:564e7b5b80b8db4a00c4ff9c,bf:5eeb9c3d19b81239da9496cb,2,1,1,1
battlefy,60a3ffd3ae940a6cd09fb0ea,KARDS Weekday Skirmish: One Nation - Block B,community,Bracket I,elimination,3,2021-05-26T23:05:11Z,bf:5bef1fd422a55803cb340a40,bf:5ec038e2256baa1d38011a05,0,2,2,1
battlefy,60a3ffd3ae940a6cd09fb0ea,KARDS Weekday Skirmish: One Nation - Block B,community,Bracket I,elimination,3,2021-05-26T23:19:45Z,bf:60a432af9226326cec5f185b,bf:564e7b5b80b8db4a00c4ff9c,0,2,2,1
battlefy,60a3ffd3ae940a6cd09fb0ea,KARDS Weekday Skirmish: One Nation - Block B,community,Bracket I,elimination,3,2021-05-26T23:25:19Z,bf:60953c50980c9b122a48e011,bf:609b63110a6666119d69bbb0,1,2,2,1
battlefy,60a3ffd3ae940a6cd09fb0ea,KARDS Weekday Skirmish: One Nation - Block B,community,Bracket I,elimination,4,2021-05-26T23:38:04Z,bf:5f0cd40c3087a65e039603f4,bf:5ec038e2256baa1d38011a05,2,1,1,1
battlefy,60a3ffd3ae940a6cd09fb0ea,KARDS Weekday Skirmish: One Nation - Block B,community,Bracket I,elimination,4,2021-05-26T23:40:24Z,bf:609b63110a6666119d69bbb0,bf:5fa31ac6f8fc171ea9f67c43,0,2,2,1
battlefy,60a3ffd3ae940a6cd09fb0ea,KARDS Weekday Skirmish: One Nation - Block B,community,Bracket I,elimination,4,2021-05-26T23:41:34Z,bf:60953c50980c9b122a48e011,bf:564e7b5b80b8db4a00c4ff9c,0,2,2,1
battlefy,60a3ffd3ae940a6cd09fb0ea,KARDS Weekday Skirmish: One Nation - Block B,community,Bracket I,elimination,5,2021-05-27T00:13:39Z,bf:564e7b5b80b8db4a00c4ff9c,bf:5f0cd40c3087a65e039603f4,2,0,1,1
battlefy,60a3ffd3ae940a6cd09fb0ea,KARDS Weekday Skirmish: One Nation - Block B,community,Bracket I,elimination,6,2021-05-27T00:27:36Z,bf:609b63110a6666119d69bbb0,bf:564e7b5b80b8db4a00c4ff9c,0,2,2,1
battlefy,60a3ffd3ae940a6cd09fb0ea,KARDS Weekday Skirmish: One Nation - Block B,community,Bracket I,elimination,5,2021-05-27T00:53:51Z,bf:5fa31ac6f8fc171ea9f67c43,bf:564e7b5b80b8db4a00c4ff9c,1,2,2,1
battlefy,60a3ffd3ae940a6cd09fb0ea,KARDS Weekday Skirmish: One Nation - Block B,community,Bracket I,elimination,6,2021-05-27T01:21:02Z,bf:564e7b5b80b8db4a00c4ff9c,bf:5fa31ac6f8fc171ea9f67c43,2,1,1,1
battlefy,609ac2b1f8526f36fb8d71a4,KARDS Open VI,open,Swiss Day,swiss,1,2021-05-29T14:15:56Z,bf:5f10c966160c3f2239e92921,bf:601d204cab29fd2adcd79a2d,0,2,2,1
battlefy,609ac2b1f8526f36fb8d71a4,KARDS Open VI,open,Swiss Day,swiss,1,2021-05-29T14:15:57Z,bf:60647b02521bb713377d6f5c,bf:60a3bf649226326cec5f141a,2,0,1,1
battlefy,609ac2b1f8526f36fb8d71a4,KARDS Open VI,open,Swiss Day,swiss,1,2021-05-29T14:18:49Z,bf:5f109d917a5f692572240090,bf:60a61caf0327e8746992e60b,2,0,1,1
battlefy,609ac2b1f8526f36fb8d71a4,KARDS Open VI,open,Swiss Day,swiss,1,2021-05-29T14:21:15Z,bf:5fa2011d11743771ade90dee,bf:60b2450639bdbb113a68b017,2,0,1,1
battlefy,609ac2b1f8526f36fb8d71a4,KARDS Open VI,open,Swiss Day,swiss,1,2021-05-29T14:21:16Z,bf:5fb038eb1632970e916b6f46,bf:5e889af67a9c4c10932a6ca9,1,2,2,1
battlefy,609ac2b1f8526f36fb8d71a4,KARDS Open VI,open,Swiss Day,swiss,1,2021-05-29T14:21:23Z,bf:60a3f0a911d3b171064316ce,bf:60946d0dab3bf12889662245,0,2,2,1
battlefy,609ac2b1f8526f36fb8d71a4,KARDS Open VI,open,Swiss Day,swiss,1,2021-05-29T14:23:27Z,bf:60a5955444cea86cbcb2ebc2,bf:5f0cd40c3087a65e039603f4,0,2,2,1
battlefy,609ac2b1f8526f36fb8d71a4,KARDS Open VI,open,Swiss Day,swiss,1,2021-05-29T14:23:37Z,bf:60a503770ee905712684a97d,bf:60a6368e0072106f76db29dd,2,0,1,1
battlefy,609ac2b1f8526f36fb8d71a4,KARDS Open VI,open,Swiss Day,swiss,1,2021-05-29T14:24:39Z,bf:60a356b944cea86cbcb2d935,bf:607823b0c75b3f32bc89dbca,0,2,2,1
battlefy,609ac2b1f8526f36fb8d71a4,KARDS Open VI,open,Swiss Day,swiss,1,2021-05-29T14:25:44Z,bf:5f0e67fdf26046593189c71c,bf:5f335b3e30b92e118dbc579e,2,0,1,1
battlefy,609ac2b1f8526f36fb8d71a4,KARDS Open VI,open,Swiss Day,swiss,1,2021-05-29T14:26:55Z,bf:60685007d0955e11e2b013f4,bf:60ae60e26dada66f5e2a9239,2,0,1,1
battlefy,609ac2b1f8526f36fb8d71a4,KARDS Open VI,open,Swiss Day,swiss,1,2021-05-29T14:27:39Z,bf:5f11d0b0eea71b24bc30e84a,bf:6070a8022fd5451122c65ae8,1,2,2,1
battlefy,609ac2b1f8526f36fb8d71a4,KARDS Open VI,open,Swiss Day,swiss,1,2021-05-29T14:27:48Z,bf:5f11d247160c3f2239e940a4,bf:60953c50980c9b122a48e011,1,2,2,1
battlefy,609ac2b1f8526f36fb8d71a4,KARDS Open VI,open,Swiss Day,swiss,1,2021-05-29T14:27:51Z,bf:5fa5ede611743771ade94108,bf:5c4d3b7150078403fe2d5308,2,1,1,1
battlefy,609ac2b1f8526f36fb8d71a4,KARDS Open VI,open,Swiss Day,swiss,1,2021-05-29T14:30:57Z,bf:5f1b48d1abfcb016362ba48e,bf:5fbebdee043fd20cdf90cfaf,1,2,2,1
battlefy,609ac2b1f8526f36fb8d71a4,KARDS Open VI,open,Swiss Day,swiss,1,2021-05-29T14:31:15Z,bf:5fa5397c241d875936d2c2f2,bf:5f362c8703dbcc11d58d78e3,1,2,2,1
battlefy,609ac2b1f8526f36fb8d71a4,KARDS Open VI,open,Swiss Day,swiss,1,2021-05-29T14:31:22Z,bf:60ae026e000fb03f36007a83,bf:5ebd9402b92b28521a098ec8,0,2,2,1
battlefy,609ac2b1f8526f36fb8d71a4,KARDS Open VI,open,Swiss Day,swiss,1,2021-05-29T14:31:35Z,bf:60b1d9960072106f76db7938,bf:60a65e7e982b577479221d7e,2,1,1,1
battlefy,609ac2b1f8526f36fb8d71a4,KARDS Open VI,open,Swiss Day,swiss,1,2021-05-29T14:32:28Z,bf:5eb6495f5d6f1b5d1c5d7d95,bf:60a432af9226326cec5f185b,2,0,1,1
battlefy,609ac2b1f8526f36fb8d71a4,KARDS Open VI,open,Swiss Day,swiss,1,2021-05-29T14:34:06Z,bf:601c9f9ef8251e1bb7eb0fb5,bf:60a67f38000fb03f36004b2c,0,2,2,1
battlefy,609ac2b1f8526f36fb8d71a4,KARDS Open VI,open,Swiss Day,swiss,1,2021-05-29T14:35:23Z,bf:5eb65df574f31a11dd226b38,bf:60a7c75f9c13276cd691586e,1,2,2,1
battlefy,609ac2b1f8526f36fb8d71a4,KARDS Open VI,open,Swiss Day,swiss,1,2021-05-29T14:35:40Z,bf:5fa27bfdf8fc171ea9f66924,bf:5ec2a6dafd8a561535cde2a5,0,2,2,1
battlefy,609ac2b1f8526f36fb8d71a4,KARDS Open VI,open,Swiss Day,swiss,1,2021-05-29T14:37:08Z,bf:5d4eae596c2b2139a67ce680,bf:5d26bcf5c9bf6055b457dfb5,1,2,2,1
battlefy,609ac2b1f8526f36fb8d71a4,KARDS Open VI,open,Swiss Day,swiss,1,2021-05-29T14:39:50Z,bf:5eb598330abb797ad38acaee,bf:5fbeb056698db1048d27b5bd,2,0,1,1
battlefy,609ac2b1f8526f36fb8d71a4,KARDS Open VI,open,Swiss Day,swiss,1,2021-05-29T14:39:53Z,bf:5bef1fd422a55803cb340a40,bf:601d189a36ceeb11b32b81e2,1,2,2,1
battlefy,609ac2b1f8526f36fb8d71a4,KARDS Open VI,open,Swiss Day,swiss,1,2021-05-29T14:40:58Z,bf:60721ccb5c1419118df3a796,bf:60a685a99c13276cd691508d,2,1,1,1
battlefy,609ac2b1f8526f36fb8d71a4,KARDS Open VI,open,Swiss Day,swiss,1,2021-05-29T14:42:02Z,bf:60aaf2216dada66f5e2a839e,bf:5e47e9a0f854af105e7ca35f,0,2,2,1
battlefy,609ac2b1f8526f36fb8d71a4,KARDS Open VI,open,Swiss Day,swiss,1,2021-05-29T14:47:37Z,bf:60a543cc9c13276cd6914076,bf:5faffa8a502b9e587d1b7c3e,2,0,1,1
battlefy,609ac2b1f8526f36fb8d71a4,KARDS Open VI,open,Swiss Day,swiss,1,2021-05-29T14:47:44Z,bf:60a9f588982b57747922392a,bf:564e7b5b80b8db4a00c4ff9c,1,2,2,1
battlefy,609ac2b1f8526f36fb8d71a4,KARDS Open VI,open,Swiss Day,swiss,1,2021-05-29T14:50:30Z,bf:602d5acba74cc17c31b7d9af,bf:5f32f48419fcf2666b2abff1,1,2,2,1
battlefy,609ac2b1f8526f36fb8d71a4,KARDS Open VI,open,Swiss Day,swiss,1,2021-05-29T14:51:16Z,bf:60b0a4d9835684119d3312d6,bf:60abd00e9226326cec5f56e5,2,1,1,1
battlefy,609ac2b1f8526f36fb8d71a4,KARDS Open VI,open,Swiss Day,swiss,2,2021-05-29T15:05:40Z,bf:5f0cd40c3087a65e039603f4,bf:60647b02521bb713377d6f5c,0,2,2,1
battlefy,609ac2b1f8526f36fb8d71a4,KARDS Open VI,open,Swiss Day,swiss,2,2021-05-29T15:07:12Z,bf:5bef1fd422a55803cb340a40,bf:60aaf2216dada66f5e2a839e,2,0,1,0
battlefy,609ac2b1f8526f36fb8d71a4,KARDS Open VI,open,Swiss Day,swiss,2,2021-05-29T15:07:31Z,bf:5e47e9a0f854af105e7ca35f,bf:60a67f38000fb03f36004b2c,0,2,2,1
battlefy,609ac2b1f8526f36fb8d71a4,KARDS Open VI,open,Swiss Day,swiss,2,2021-05-29T15:07:43Z,bf:5c4d3b7150078403fe2d5308,bf:602d5acba74cc17c31b7d9af,2,0,1,1
battlefy,609ac2b1f8526f36fb8d71a4,KARDS Open VI,open,Swiss Day,swiss,2,2021-05-29T15:09:22Z,bf:60a7c75f9c13276cd691586e,bf:564e7b5b80b8db4a00c4ff9c,0,2,2,1
battlefy,609ac2b1f8526f36fb8d71a4,KARDS Open VI,open,Swiss Day,swiss,2,2021-05-29T15:09:27Z,bf:5f362c8703dbcc11d58d78e3,bf:60a503770ee905712684a97d,2,0,1,1
battlefy,609ac2b1f8526f36fb8d71a4,KARDS Open VI,open,Swiss Day,swiss,2,2021-05-29T15:10:40Z,bf:60a5955444cea86cbcb2ebc2,bf:5f10c966160c3f2239e92921,2,0,1,0
battlefy,609ac2b1f8526f36fb8d71a4,KARDS Open VI,open,Swiss Day,swiss,2,2021-05-29T15:13:35Z,bf:60b1d9960072106f76db7938,bf:60946d0dab3bf12889662245,0,2,2,1
battlefy,609ac2b1f8526f36fb8d71a4,KARDS Open VI,open,Swiss Day,swiss,2,2021-05-29T15:13:38Z,bf:60b2450639bdbb113a68b017,bf:60ae026e000fb03f36007a83,2,0,1,0
battlefy,609ac2b1f8526f36fb8d71a4,KARDS Open VI,open,Swiss Day,swiss,2,2021-05-29T15:14:49Z,bf:5f109d917a5f692572240090,bf:5e889af67a9c4c10932a6ca9,2,1,1,1
battlefy,609ac2b1f8526f36fb8d71a4,KARDS Open VI,open,Swiss Day,swiss,2,2021-05-29T15:14:53Z,bf:60a685a99c13276cd691508d,bf:5fa5397c241d875936d2c2f2,2,1,1,1
battlefy,609ac2b1f8526f36fb8d71a4,KARDS Open VI,open,Swiss Day,swiss,2,2021-05-29T15:16:16Z,bf:5f11d0b0eea71b24bc30e84a,bf:60a65e7e982b577479221d7e,0,2,2,1
battlefy,609ac2b1f8526f36fb8d71a4,KARDS Open VI,open,Swiss Day,swiss,2,2021-05-29T15:17:50Z,bf:60a61caf0327e8746992e60b,bf:60ae60e26dada66f5e2a9239,0,2,2,1
battlefy,609ac2b1f8526f36fb8d71a4,KARDS Open VI,open,Swiss Day,swiss,2,2021-05-29T15:18:07Z,bf:60a6368e0072106f76db29dd,bf:5fb038eb1632970e916b6f46,0,2,2,1
battlefy,609ac2b1f8526f36fb8d71a4,KARDS Open VI,open,Swiss Day,swiss,2,2021-05-29T15:18:09Z,bf:5f32f48419fcf2666b2abff1,bf:5eb598330abb797ad38acaee,0,2,2,1
battlefy,609ac2b1f8526f36fb8d71a4,KARDS Open VI,open,Swiss Day,swiss,2,2021-05-29T15:19:04Z,bf:5eb6495f5d6f1b5d1c5d7d95,bf:5d26bcf5c9bf6055b457dfb5,0,2,2,1
battlefy,609ac2b1f8526f36fb8d71a4,KARDS Open VI,open,Swiss Day,swiss,2,2021-05-29T15:21:19Z,bf:5d4eae596c2b2139a67ce680,bf:60a3f0a911d3b171064316ce,2,0,1,1
battlefy,609ac2b1f8526f36fb8d71a4,KARDS Open VI,open,Swiss Day,swiss,2,2021-05-29T15:22:28Z,bf:5f335b3e30b92e118dbc579e,bf:60a356b944cea86cbcb2d935,2,1,1,1
battlefy,609ac2b1f8526f36fb8d71a4,KARDS Open VI,open,Swiss Day,swiss,2,2021-05-29T15:22:29Z,bf:601c9f9ef8251e1bb7eb0fb5,bf:5f1b48d1abfcb016362ba48e,0,2,2,1
battlefy,609ac2b1f8526f36fb8d71a4,KARDS Open VI,open,Swiss Day,swiss,2,2021-05-29T15:23:11Z,bf:601d204cab29fd2adcd79a2d,bf:60a3bf649226326cec5f141a,2,0,1,1
battlefy,609ac2b1f8526f36fb8d71a4,KARDS Open VI,open,Swiss Day,swiss,2,2021-05-29T15:23:22Z,bf:60721ccb5c1419118df3a796,bf:60a543cc9c13276cd6914076,2,0,1,1
battlefy,609ac2b1f8526f36fb8d71a4,KARDS Open VI,open,Swiss Day,swiss,2,2021-05-29T15:23:30Z,bf:5fa27bfdf8fc171ea9f66924,bf:5fbeb056698db1048d27b5bd,2,0,1,1
battlefy,609ac2b1f8526f36fb8d71a4,KARDS Open VI,open,Swiss Day,swiss,2,2021-05-29T15:24:49Z,bf:60b0a4d9835684119d3312d6,bf:5ebd9402b92b28521a098ec8,0,2,2,1
battlefy,609ac2b1f8526f36fb8d71a4,KARDS Open VI,open,Swiss Day,swiss,2,2021-05-29T15:25:57Z,bf:607823b0c75b3f32bc89dbca,bf:5fa2011d11743771ade90dee,2,0,1,1
battlefy,609ac2b1f8526f36fb8d71a4,KARDS Open VI,open,Swiss Day,swiss,2,2021-05-29T15:26:31Z,bf:5f0e67fdf26046593189c71c,bf:60953c50980c9b122a48e011,2,0,1,1
battlefy,609ac2b1f8526f36fb8d71a4,KARDS Open VI,open,Swiss Day,swiss,2,2021-05-29T15:27:28Z,bf:5ec2a6dafd8a561535cde2a5,bf:5fbebdee043fd20cdf90cfaf,1,2,2,1
battlefy,609ac2b1f8526f36fb8d71a4,KARDS Open VI,open,Swiss Day,swiss,2,2021-05-29T15:28:48Z,bf:60685007d0955e11e2b013f4,bf:6070a8022fd5451122c65ae8,1,2,2,1
battlefy,609ac2b1f8526f36fb8d71a4,KARDS Open VI,open,Swiss Day,swiss,2,2021-05-29T15:30:43Z,bf:5eb65df574f31a11dd226b38,bf:60a432af9226326cec5f185b,2,0,1,1
battlefy,609ac2b1f8526f36fb8d71a4,KARDS Open VI,open,Swiss Day,swiss,2,2021-05-29T15:32:28Z,bf:5fa5ede611743771ade94108,bf:601d189a36ceeb11b32b81e2,2,0,1,1
battlefy,609ac2b1f8526f36fb8d71a4,KARDS Open VI,open,Swiss Day,swiss,2,2021-05-29T15:32:51Z,bf:60a9f588982b57747922392a,bf:5f11d247160c3f2239e940a4,2,1,1,1
battlefy,609ac2b1f8526f36fb8d71a4,KARDS Open VI,open,Swiss Day,swiss,2,2021-05-29T15:33:09Z,bf:60abd00e9226326cec5f56e5,bf:5faffa8a502b9e587d1b7c3e,2,1,1,1
battlefy,609ac2b1f8526f36fb8d71a4,KARDS Open VI,open,Swiss Day,swiss,3,2021-05-29T15:50:32Z,bf:60a6368e0072106f76db29dd,bf:60a61caf0327e8746992e60b,0,2,2,1
battlefy,609ac2b1f8526f36fb8d71a4,KARDS Open VI,open,Swiss Day,swiss,3,2021-05-29T15:50:35Z,bf:602d5acba74cc17c31b7d9af,bf:601c9f9ef8251e1bb7eb0fb5,2,0,1,1
battlefy,609ac2b1f8526f36fb8d71a4,KARDS Open VI,open,Swiss Day,swiss,3,2021-05-29T15:50:36Z,bf:60a9f588982b57747922392a,bf:5ec2a6dafd8a561535cde2a5,2,0,1,1
battlefy,609ac2b1f8526f36fb8d71a4,KARDS Open VI,open,Swiss Day,swiss,3,2021-05-29T15:51:15Z,bf:5eb6495f5d6f1b5d1c5d7d95,bf:60b1d9960072106f76db7938,2,0,1,1
battlefy,609ac2b1f8526f36fb8d71a4,KARDS Open VI,open,Swiss Day,swiss,3,2021-05-29T15:52:46Z,bf:60a5955444cea86cbcb2ebc2,bf:601d189a36ceeb11b32b81e2,0,2,2,1
battlefy,609ac2b1f8526f36fb8d71a4,KARDS Open VI,open,Swiss Day,swiss,3,2021-05-29T15:53:18Z,bf:5fbeb056698db1048d27b5bd,bf:5faffa8a502b9e587d1b7c3e,2,0,1,1
battlefy,609ac2b1f8526f36fb8d71a4,KARDS Open VI,open,Swiss Day,swiss,3,2021-05-29T15:53:28Z,bf:5f11d0b0eea71b24bc30e84a,bf:5f11d247160c3f2239e940a4,0,2,2,0
battlefy,609ac2b1f8526f36fb8d71a4,KARDS Open VI,open,Swiss Day,swiss,3,2021-05-29T15:54:29Z,bf:5f32f48419fcf2666b2abff1,bf:60953c50980c9b122a48e011,2,0,1,1
battlefy,609ac2b1f8526f36fb8d71a4,KARDS Open VI,open,Swiss Day,swiss,3,2021-05-29T15:56:38Z,bf:607823b0c75b3f32bc89dbca,bf:5fa5ede611743771ade94108,0,2,2,1
battlefy,609ac2b1f8526f36fb8d71a4,KARDS Open VI,open,Swiss Day,swiss,3,2021-05-29T15:58:40Z,bf:60685007d0955e11e2b013f4,bf:5eb65df574f31a11dd226b38,0,2,2,1
battlefy,609ac2b1f8526f36fb8d71a4,KARDS Open VI,open,Swiss Day,swiss,3,2021-05-29T15:58:47Z,bf:5f1b48d1abfcb016362ba48e,bf:60b2450639bdbb113a68b017,0,2,2,1
battlefy,609ac2b1f8526f36fb8d71a4,KARDS Open VI,open,Swiss Day,swiss,3,2021-05-29T15:59:15Z,bf:60946d0dab3bf12889662245,bf:6070a8022fd5451122c65ae8,0,2,2,1
battlefy,609ac2b1f8526f36fb8d71a4,KARDS Open VI,open,Swiss Day,swiss,3,2021-05-29T15:59:16Z,bf:5e47e9a0f854af105e7ca35f,bf:60b0a4d9835684119d3312d6,2,0,1,1
battlefy,609ac2b1f8526f36fb8d71a4,KARDS Open VI,open,Swiss Day,swiss,3,2021-05-29T16:00:32Z,bf:60a67f38000fb03f36004b2c,bf:5fbebdee043fd20cdf90cfaf,1,2,2,1
battlefy,609ac2b1f8526f36fb8d71a4,KARDS Open VI,open,Swiss Day,swiss,3,2021-05-29T16:01:07Z,bf:5d4eae596c2b2139a67ce680,bf:5fb038eb1632970e916b6f46,1,2,2,1
battlefy,609ac2b1f8526f36fb8d71a4,KARDS Open VI,open,Swiss Day,swiss,3,2021-05-29T16:01:07Z,bf:5f335b3e30b92e118dbc579e,bf:60a7c75f9c13276cd691586e,0,2,2,1
battlefy,609ac2b1f8526f36fb8d71a4,KARDS Open VI,open,Swiss Day,swiss,3,2021-05-29T16:01:13Z,bf:60a3bf649226326cec5f141a,bf:60a3f0a911d3b171064316ce,0,2,2,1
battlefy,609ac2b1f8526f36fb8d71a4,KARDS Open VI,open,Swiss Day,swiss,3,2021-05-29T16:01:56Z,bf:60a65e7e982b577479221d7e,bf:5e889af67a9c4c10932a6ca9,1,2,2,1
battlefy,609ac2b1f8526f36fb8d71a4,KARDS Open VI,open,Swiss Day,swiss,3,2021-05-29T16:03:14Z,bf:60abd00e9226326cec5f56e5,bf:5fa2011d11743771ade90dee,0,2,2,1
battlefy,609ac2b1f8526f36fb8d71a4,KARDS Open VI,open,Swiss Day,swiss,3,2021-05-29T16:04:36Z,bf:60ae60e26dada66f5e2a9239,bf:60a685a99c13276cd691508d,2,1,1,1
battlefy,609ac2b1f8526f36fb8d71a4,KARDS Open VI,open,Swiss Day,swiss,3,2021-05-29T16:04:58Z,bf:5fa5397c241d875936d2c2f2,bf:60a432af9226326cec5f185b,2,0,1,1
battlefy,609ac2b1f8526f36fb8d71a4,KARDS Open VI,open,Swiss Day,swiss,3,2021-05-29T16:05:45Z,bf:60a543cc9c13276cd6914076,bf:5c4d3b7150078403fe2d5308,0,2,2,1
battlefy,609ac2b1f8526f36fb8d71a4,KARDS Open VI,open,Swiss Day,swiss,3,2021-05-29T16:06:15Z,bf:60a503770ee905712684a97d,bf:5f0cd40c3087a65e039603f4,2,0,1,0
battlefy,609ac2b1f8526f36fb8d71a4,KARDS Open VI,open,Swiss Day,swiss,3,2021-05-29T16:07:08Z,bf:60647b02521bb713377d6f5c,bf:5ebd9402b92b28521a098ec8,2,0,1,1
battlefy,609ac2b1f8526f36fb8d71a4,KARDS Open VI,open,Swiss Day,swiss,3,2021-05-29T16:07:27Z,bf:60721ccb5c1419118df3a796,bf:5eb598330abb797ad38acaee,0,2,2,1
battlefy,609ac2b1f8526f36fb8d71a4,KARDS Open VI,open,Swiss Day,swiss,3,2021-05-29T16:08:21Z,bf:5f109d917a5f692572240090,bf:564e7b5b80b8db4a00c4ff9c,0,2,2,1
battlefy,609ac2b1f8526f36fb8d71a4,KARDS Open VI,open,Swiss Day,swiss,3,2021-05-29T16:11:15Z,bf:5d26bcf5c9bf6055b457dfb5,bf:5f362c8703dbcc11d58d78e3,2,1,1,1
battlefy,609ac2b1f8526f36fb8d71a4,KARDS Open VI,open,Swiss Day,swiss,3,2021-05-29T16:16:45Z,bf:5bef1fd422a55803cb340a40,bf:5fa27bfdf8fc171ea9f66924,2,1,1,0
battlefy,609ac2b1f8526f36fb8d71a4,KARDS Open VI,open,Swiss Day,swiss,3,2021-05-29T16:17:17Z,bf:5f0e67fdf26046593189c71c,bf:601d204cab29fd2adcd79a2d,2,1,1,1
battlefy,609ac2b1f8526f36fb8d71a4,KARDS Open VI,open,Swiss Day,swiss,4,2021-05-29T16:36:57Z,bf:601c9f9ef8251e1bb7eb0fb5,bf:60a3bf649226326cec5f141a,2,0,1,0
battlefy,609ac2b1f8526f36fb8d71a4,KARDS Open VI,open,Swiss Day,swiss,4,2021-05-29T16:37:09Z,bf:60946d0dab3bf12889662245,bf:5f1b48d1abfcb016362ba48e,0,2,2,1
battlefy,609ac2b1f8526f36fb8d71a4,KARDS Open VI,open,Swiss Day,swiss,4,2021-05-29T16:37:18Z,bf:5fbebdee043fd20cdf90cfaf,bf:6070a8022fd5451122c65ae8,2,0,1,1
battlefy,609ac2b1f8526f36fb8d71a4,KARDS Open VI,open,Swiss Day,swiss,4,2021-05-29T16:38:22Z,bf:60a503770ee905712684a97d,bf:607823b0c75b3f32bc89dbca,0,2,2,1
battlefy,609ac2b1f8526f36fb8d71a4,KARDS Open VI,open,Swiss Day,swiss,4,2021-05-29T16:40:11Z,bf:5f335b3e30b92e118dbc579e,bf:5d4eae596c2b2139a67ce680,1,2,2,0
battlefy,609ac2b1f8526f36fb8d71a4,KARDS Open VI,open,Swiss Day,swiss,4,2021-05-29T16:40:23Z,bf:60647b02521bb713377d6f5c,bf:564e7b5b80b8db4a00c4ff9c,0,2,2,1
battlefy,609ac2b1f8526f36fb8d71a4,KARDS Open VI,open,Swiss Day,swiss,4,2021-05-29T16:40:26Z,bf:601d189a36ceeb11b32b81e2,bf:5e889af67a9c4c10932a6ca9,2,0,1,1
battlefy,609ac2b1f8526f36fb8d71a4,KARDS Open VI,open,Swiss Day,swiss,4,2021-05-29T16:42:04Z,bf:5f109d917a5f692572240090,bf:5eb6495f5d6f1b5d1c5d7d95,2,0,1,1
battlefy,609ac2b1f8526f36fb8d71a4,KARDS Open VI,open,Swiss Day,swiss,4,2021-05-29T16:43:37Z,bf:60a6368e0072106f76db29dd,bf:5faffa8a502b9e587d1b7c3e,0,2,2,1
battlefy,609ac2b1f8526f36fb8d71a4,KARDS Open VI,open,Swiss Day,swiss,4,2021-05-29T16:43:39Z,bf:5c4d3b7150078403fe2d5308,bf:5e47e9a0f854af105e7ca35f,2,0,1,1
battlefy,609ac2b1f8526f36fb8d71a4,KARDS Open VI,open,Swiss Day,swiss,4,2021-05-29T16:44:06Z,bf:60b1d9960072106f76db7938,bf:602d5acba74cc17c31b7d9af,0,2,2,1
battlefy,609ac2b1f8526f36fb8d71a4,KARDS Open VI,open,Swiss Day,swiss,4,2021-05-29T16:44:41Z,bf:5f32f48419fcf2666b2abff1,bf:60a67f38000fb03f36004b2c,2,0,1,1
battlefy,609ac2b1f8526f36fb8d71a4,KARDS Open VI,open,Swiss Day,swiss,4,2021-05-29T16:45:59Z,bf:60685007d0955e11e2b013f4,bf:5fa5397c241d875936d2c2f2,0,2,2,1
battlefy,609ac2b1f8526f36fb8d71a4,KARDS Open VI,open,Swiss Day,swiss,4,2021-05-29T16:46:16Z,bf:5fa2011d11743771ade90dee,bf:60a7c75f9c13276cd691586e,2,0,1,1
battlefy,609ac2b1f8526f36fb8d71a4,KARDS Open VI,open,Swiss Day,swiss,4,2021-05-29T16:47:30Z,bf:60a61caf0327e8746992e60b,bf:60abd00e9226326cec5f56e5,2,1,1,1
battlefy,609ac2b1f8526f36fb8d71a4,KARDS Open VI,open,Swiss Day,swiss,4,2021-05-29T16:49:04Z,bf:60a65e7e982b577479221d7e,bf:60a685a99c13276cd691508d,1,2,2,1
battlefy,609ac2b1f8526f36fb8d71a4,KARDS Open VI,open,Swiss Day,swiss,4,2021-05-29T16:49:22Z,bf:60a9f588982b57747922392a,bf:5f362c8703dbcc11d58d78e3,0,2,2,1
battlefy,609ac2b1f8526f36fb8d71a4,KARDS Open VI,open,Swiss Day,swiss,4,2021-05-29T16:49:33Z,bf:5ec2a6dafd8a561535cde2a5,bf:60953c50980c9b122a48e011,2,0,1,1
battlefy,609ac2b1f8526f36fb8d71a4,KARDS Open VI,open,Swiss Day,swiss,4,2021-05-29T16:49:55Z,bf:5eb598330abb797ad38acaee,bf:5fa5ede611743771ade94108,0,2,2,1
battlefy,609ac2b1f8526f36fb8d71a4,KARDS Open VI,open,Swiss Day,swiss,4,2021-05-29T16:50:53Z,bf:60a356b944cea86cbcb2d935,bf:60a432af9226326cec5f185b,0,2,2,1
battlefy,609ac2b1f8526f36fb8d71a4,KARDS Open VI,open,Swiss Day,swiss,4,2021-05-29T16:54:05Z,bf:601d204cab29fd2adcd79a2d,bf:60b2450639bdbb113a68b017,2,0,1,1
battlefy,609ac2b1f8526f36fb8d71a4,KARDS Open VI,open,Swiss Day,swiss,4,2021-05-29T16:59:42Z,bf:5fb038eb1632970e916b6f46,bf:5bef1fd422a55803cb340a40,2,1,1,1
battlefy,609ac2b1f8526f36fb8d71a4,KARDS Open VI,open,Swiss Day,swiss,4,2021-05-29T17:02:29Z,bf:5ebd9402b92b28521a098ec8,bf:60ae60e26dada66f5e2a9239,1,2,2,1
battlefy,609ac2b1f8526f36fb8d71a4,KARDS Open VI,open,Swiss Day,swiss,4,2021-05-29T17:04:27Z,bf:60a5955444cea86cbcb2ebc2,bf:60b0a4d9835684119d3312d6,1,2,2,0
battlefy,609ac2b1f8526f36fb8d71a4,KARDS Open VI,open,Swiss Day,swiss,4,2021-05-29T17:04:37Z,bf:5eb65df574f31a11dd226b38,bf:60721ccb5c1419118df3a796,2,1,1,1
battlefy,609ac2b1f8526f36fb8d71a4,KARDS Open VI,open,Swiss Day,swiss,4,2021-05-29T17:05:26Z,bf:60a543cc9c13276cd6914076,bf:60a3f0a911d3b171064316ce,2,1,1,0
battlefy,609ac2b1f8526f36fb8d71a4,KARDS Open VI,open,Swiss Day,swiss,4,2021-05-29T17:11:50Z,bf:5fbeb056698db1048d27b5bd,bf:5f11d247160c3f2239e940a4,2,1,1,0
battlefy,609ac2b1f8526f36fb8d71a4,KARDS Open VI,open,Swiss Day,swiss,4,2021-05-29T17:17:01Z,bf:5f0e67fdf26046593189c71c,bf:5d26bcf5c9bf6055b457dfb5,2,1,1,1
battlefy,609ac2b1f8526f36fb8d71a4,KARDS Open VI,open,Swiss Day,swiss,5,2021-05-29T17:29:32Z,bf:5f1b48d1abfcb016362ba48e,bf:5e47e9a0f854af105e7ca35f,2,0,1,1
battlefy,609ac2b1f8526f36fb8d71a4,KARDS Open VI,open,Swiss Day,swiss,5,2021-05-29T17:33:35Z,bf:60b2450639bdbb113a68b017,bf:602d5acba74cc17c31b7d9af,0,2,2,1
battlefy,609ac2b1f8526f36fb8d71a4,KARDS Open VI,open,Swiss Day,swiss,5,2021-05-29T17:34:57Z,bf:60b1d9960072106f76db7938,bf:60a356b944cea86cbcb2d935,0,2,2,1
battlefy,609ac2b1f8526f36fb8d71a4,KARDS Open VI,open,Swiss Day,swiss,5,2021-05-29T17:36:16Z,bf:60721ccb5c1419118df3a796,bf:60a61caf0327e8746992e60b,2,0,1,1
battlefy,609ac2b1f8526f36fb8d71a4,KARDS Open VI,open,Swiss Day,swiss,5,2021-05-29T17:36:45Z,bf:601d189a36ceeb11b32b81e2,bf:5f362c8703dbcc11d58d78e3,2,0,1,1
battlefy,609ac2b1f8526f36fb8d71a4,KARDS Open VI,open,Swiss Day,swiss,5,2021-05-29T17:37:54Z,bf:60a7c75f9c13276cd691586e,bf:60953c50980c9b122a48e011,2,0,1,1
battlefy,609ac2b1f8526f36fb8d71a4,KARDS Open VI,open,Swiss Day,swiss,5,2021-05-29T17:38:49Z,bf:5eb65df574f31a11dd226b38,bf:60a67f38000fb03f36004b2c,2,0,1,1
battlefy,609ac2b1f8526f36fb8d71a4,KARDS Open VI,open,Swiss Day,swiss,5,2021-05-29T17:41:20Z,bf:5faffa8a502b9e587d1b7c3e,bf:60a432af9226326cec5f185b,0,2,2,1
battlefy,609ac2b1f8526f36fb8d71a4,KARDS Open VI,open,Swiss Day,swiss,5,2021-05-29T17:44:41Z,bf:5f32f48419fcf2666b2abff1,bf:5fb038eb1632970e916b6f46,2,0,1,1
battlefy,609ac2b1f8526f36fb8d71a4,KARDS Open VI,open,Swiss Day,swiss,5,2021-05-29T17:45:10Z,bf:60946d0dab3bf12889662245,bf:5ec2a6dafd8a561535cde2a5,0,2,2,1
battlefy,609ac2b1f8526f36fb8d71a4,KARDS Open VI,open,Swiss Day,swiss,5,2021-05-29T17:47:22Z,bf:5fa5397c241d875936d2c2f2,bf:5e889af67a9c4c10932a6ca9,2,1,1,1
battlefy,609ac2b1f8526f36fb8d71a4,KARDS Open VI,open,Swiss Day,swiss,5,2021-05-29T17:48:29Z,bf:5c4d3b7150078403fe2d5308,bf:5eb598330abb797ad38acaee,1,2,2,1
battlefy,609ac2b1f8526f36fb8d71a4,KARDS Open VI,open,Swiss Day,swiss,5,2021-05-29T17:48:59Z,bf:5eb6495f5d6f1b5d1c5d7d95,bf:60a543cc9c13276cd6914076,0,2,2,1
battlefy,609ac2b1f8526f36fb8d71a4,KARDS Open VI,open,Swiss Day,swiss,5,2021-05-29T17:51:35Z,bf:5d26bcf5c9bf6055b457dfb5,bf:601d204cab29fd2adcd79a2d,2,0,1,1
battlefy,609ac2b1f8526f36fb8d71a4,KARDS Open VI,open,Swiss Day,swiss,5,2021-05-29T17:51:57Z,bf:60a685a99c13276cd691508d,bf:5bef1fd422a55803cb340a40,1,2,2,1
battlefy,609ac2b1f8526f36fb8d71a4,KARDS Open VI,open,Swiss Day,swiss,5,2021-05-29T17:52:26Z,bf:5fbebdee043fd20cdf90cfaf,bf:564e7b5b80b8db4a00c4ff9c,1,2,2,1
battlefy,609ac2b1f8526f36fb8d71a4,KARDS Open VI,open,Swiss Day,swiss,5,2021-05-29T17:53:08Z,bf:60ae60e26dada66f5e2a9239,bf:5fa2011d11743771ade90dee,2,0,1,1
battlefy,609ac2b1f8526f36fb8d71a4,KARDS Open VI,open,Swiss Day,swiss,5,2021-05-29T17:53:27Z,bf:5ebd9402b92b28521a098ec8,bf:60a9f588982b57747922392a,2,1,1,1
battlefy,609ac2b1f8526f36fb8d71a4,KARDS Open VI,open,Swiss Day,swiss,5,2021-05-29T17:54:21Z,bf:6070a8022fd5451122c65ae8,bf:60647b02521bb713377d6f5c,1,2,2,1
battlefy,609ac2b1f8526f36fb8d71a4,KARDS Open VI,open,Swiss Day,swiss,5,2021-05-29T17:54:56Z,bf:5d4eae596c2b2139a67ce680,bf:60a503770ee905712684a97d,2,1,1,1
battlefy,609ac2b1f8526f36fb8d71a4,KARDS Open VI,open,Swiss Day,swiss,5,2021-05-29T17:55:25Z,bf:60a65e7e982b577479221d7e,bf:601c9f9ef8251e1bb7eb0fb5,2,1,1,1
battlefy,609ac2b1f8526f36fb8d71a4,KARDS Open VI,open,Swiss Day,swiss,5,2021-05-29T17:59:44Z,bf:5f109d917a5f692572240090,bf:607823b0c75b3f32bc89dbca,1,2,2,1
battlefy,609ac2b1f8526f36fb8d71a4,KARDS Open VI,open,Swiss Day,swiss,5,2021-05-29T18:00:20Z,bf:60b0a4d9835684119d3312d6,bf:5fbeb056698db1048d27b5bd,1,2,2,1
battlefy,609ac2b1f8526f36fb8d71a4,KARDS Open VI,open,Swiss Day,swiss,5,2021-05-29T18:01:39Z,bf:5fa5ede611743771ade94108,bf:5f0e67fdf26046593189c71c,2,1,1,1
battlefy,609ac2b1f8526f36fb8d71a4,KARDS Open VI,open,Swiss Day,swiss,5,2021-05-29T18:02:41Z,bf:60685007d0955e11e2b013f4,bf:60abd00e9226326cec5f56e5,2,1,1,0
battlefy,609ac2b1f8526f36fb8d71a4,KARDS Open VI,open,Swiss Day,swiss,6,2021-05-29T18:19:16Z,bf:5eb6495f5d6f1b5d1c5d7d95,bf:60b2450639bdbb113a68b017,2,0,1,1
battlefy,609ac2b1f8526f36fb8d71a4,KARDS Open VI,open,Swiss Day,swiss,6,2021-05-29T18:19:19Z,bf:60a685a99c13276cd691508d,bf:60a6368e0072106f76db29dd,2,0,1,1
battlefy,609ac2b1f8526f36fb8d71a4,KARDS Open VI,open,Swiss Day,swiss,6,2021-05-29T18:20:22Z,bf:5faffa8a502b9e587d1b7c3e,bf:60b1d9960072106f76db7938,2,0,1,1
battlefy,609ac2b1f8526f36fb8d71a4,KARDS Open VI,open,Swiss Day,swiss,6,2021-05-29T18:20:39Z,bf:60685007d0955e11e2b013f4,bf:60a61caf0327e8746992e60b,2,0,1,1
battlefy,609ac2b1f8526f36fb8d71a4,KARDS Open VI,open,Swiss Day,swiss,6,2021-05-29T18:20:43Z,bf:60a65e7e982b577479221d7e,bf:5e47e9a0f854af105e7ca35f,2,0,1,1
battlefy,609ac2b1f8526f36fb8d71a4,KARDS Open VI,open,Swiss Day,swiss,6,2021-05-29T18:21:30Z,bf:5d4eae596c2b2139a67ce680,bf:5c4d3b7150078403fe2d5308,0,2,2,1
battlefy,609ac2b1f8526f36fb8d71a4,KARDS Open VI,open,Swiss Day,swiss,6,2021-05-29T18:24:48Z,bf:60953c50980c9b122a48e011,bf:601c9f9ef8251e1bb7eb0fb5,2,0,1,1
battlefy,609ac2b1f8526f36fb8d71a4,KARDS Open VI,open,Swiss Day,swiss,6,2021-05-29T18:25:15Z,bf:60a356b944cea86cbcb2d935,bf:5e889af67a9c4c10932a6ca9,0,2,2,1
battlefy,609ac2b1f8526f36fb8d71a4,KARDS Open VI,open,Swiss Day,swiss,6,2021-05-29T18:26:30Z,bf:60a9f588982b57747922392a,bf:60946d0dab3bf12889662245,2,0,1,1
battlefy,609ac2b1f8526f36fb8d71a4,KARDS Open VI,open,Swiss Day,swiss,6,2021-05-29T18:27:13Z,bf:5fbebdee043fd20cdf90cfaf,bf:5f32f48419fcf2666b2abff1,0,2,2,1
battlefy,609ac2b1f8526f36fb8d71a4,KARDS Open VI,open,Swiss Day,swiss,6,2021-05-29T18:28:44Z,bf:602d5acba74cc17c31b7d9af,bf:5ec2a6dafd8a561535cde2a5,2,0,1,1
battlefy,609ac2b1f8526f36fb8d71a4,KARDS Open VI,open,Swiss Day,swiss,6,2021-05-29T18:28:58Z,bf:60b0a4d9835684119d3312d6,bf:60a67f38000fb03f36004b2c,1,2,2,1
battlefy,609ac2b1f8526f36fb8d71a4,KARDS Open VI,open,Swiss Day,swiss,6,2021-05-29T18:29:03Z,bf:5f109d917a5f692572240090,bf:601d204cab29fd2adcd79a2d,2,0,1,1
battlefy,609ac2b1f8526f36fb8d71a4,KARDS Open VI,open,Swiss Day,swiss,6,2021-05-29T18:30:08Z,bf:60a432af9226326cec5f185b,bf:60a503770ee905712684a97d,2,1,1,1
battlefy,609ac2b1f8526f36fb8d71a4,KARDS Open VI,open,Swiss Day,swiss,6,2021-05-29T18:30:35Z,bf:5fa5ede611743771ade94108,bf:564e7b5b80b8db4a00c4ff9c,0,2,2,1
battlefy,609ac2b1f8526f36fb8d71a4,KARDS Open VI,open,Swiss Day,swiss,6,2021-05-29T18:33:54Z,bf:60a7c75f9c13276cd691586e,bf:60721ccb5c1419118df3a796,2,1,1,1
battlefy,609ac2b1f8526f36fb8d71a4,KARDS Open VI,open,Swiss Day,swiss,6,2021-05-29T18:34:41Z,bf:607823b0c75b3f32bc89dbca,bf:5eb65df574f31a11dd226b38,1,2,2,0
battlefy,609ac2b1f8526f36fb8d71a4,KARDS Open VI,open,Swiss Day,swiss,6,2021-05-29T18:36:44Z,bf:5f0e67fdf26046593189c71c,bf:601d189a36ceeb11b32b81e2,1,2,2,1
battlefy,609ac2b1f8526f36fb8d71a4,KARDS Open VI,open,Swiss Day,swiss,6,2021-05-29T18:37:08Z,bf:5fa5397c241d875936d2c2f2,bf:5fb038eb1632970e916b6f46,0,2,2,1
battlefy,609ac2b1f8526f36fb8d71a4,KARDS Open VI,open,Swiss Day,swiss,6,2021-05-29T18:38:15Z,bf:5eb598330abb797ad38acaee,bf:5d26bcf5c9bf6055b457dfb5,2,1,1,1
battlefy,609ac2b1f8526f36fb8d71a4,KARDS Open VI,open,Swiss Day,swiss,6,2021-05-29T18:38:17Z,bf:60647b02521bb713377d6f5c,bf:60ae60e26dada66f5e2a9239,0,2,2,1
battlefy,609ac2b1f8526f36fb8d71a4,KARDS Open VI,open,Swiss Day,swiss,6,2021-05-29T18:39:20Z,bf:5f362c8703dbcc11d58d78e3,bf:5ebd9402b92b28521a098ec8,2,1,1,1
battlefy,609ac2b1f8526f36fb8d71a4,KARDS Open VI,open,Swiss Day,swiss,6,2021-05-29T18:41:12Z,bf:5f1b48d1abfcb016362ba48e,bf:5bef1fd422a55803cb340a40,1,2,2,1
battlefy,609ac2b1f8526f36fb8d71a4,KARDS Open VI,open,Swiss Day,swiss,6,2021-05-29T18:48:33Z,bf:5fbeb056698db1048d27b5bd,bf:60a543cc9c13276cd6914076,2,1,1,1
battlefy,609ac2b1f8526f36fb8d71a4,KARDS Open VI,open,Swiss Day,swiss,6,2021-05-29T19:01:21Z,bf:5fa2011d11743771ade90dee,bf:6070a8022fd5451122c65ae8,2,1,1,1
battlefy,609ac2b1f8526f36fb8d71a4,KARDS Open VI,open,Top 16,elimination,1,2021-05-30T14:29:31Z,bf:60ae60e26dada66f5e2a9239,bf:60a7c75f9c13276cd691586e,2,0,1,1
battlefy,609ac2b1f8526f36fb8d71a4,KARDS Open VI,open,Top 16,elimination,1,2021-05-30T14:30:09Z,bf:564e7b5b80b8db4a00c4ff9c,bf:5fa2011d11743771ade90dee,2,0,1,1
battlefy,609ac2b1f8526f36fb8d71a4,KARDS Open VI,open,Top 16,elimination,1,2021-05-30T14:33:52Z,bf:5c4d3b7150078403fe2d5308,bf:607823b0c75b3f32bc89dbca,1,2,2,1
battlefy,609ac2b1f8526f36fb8d71a4,KARDS Open VI,open,Top 16,elimination,1,2021-05-30T14:35:35Z,bf:601d189a36ceeb11b32b81e2,bf:5f109d917a5f692572240090,0,2,2,1
battlefy,609ac2b1f8526f36fb8d71a4,KARDS Open VI,open,Top 16,elimination,1,2021-05-30T14:37:46Z,bf:5f32f48419fcf2666b2abff1,bf:5f0e67fdf26046593189c71c,2,1,1,1
battlefy,609ac2b1f8526f36fb8d71a4,KARDS Open VI,open,Top 16,elimination,1,2021-05-30T14:38:55Z,bf:5fa5ede611743771ade94108,bf:5f362c8703dbcc11d58d78e3,2,1,1,1
battlefy,609ac2b1f8526f36fb8d71a4,KARDS Open VI,open,Top 16,elimination,1,2021-05-30T14:40:59Z,bf:5fbebdee043fd20cdf90cfaf,bf:5d26bcf5c9bf6055b457dfb5,2,1,1,1
battlefy,609ac2b1f8526f36fb8d71a4,KARDS Open VI,open,Top 16,elimination,1,2021-05-30T14:53:23Z,bf:5eb598330abb797ad38acaee,bf:60647b02521bb713377d6f5c,1,2,2,1
battlefy,609ac2b1f8526f36fb8d71a4,KARDS Open VI,open,Top 16,elimination,2,2021-05-30T15:11:46Z,bf:564e7b5b80b8db4a00c4ff9c,bf:607823b0c75b3f32bc89dbca,2,1,1,1
battlefy,609ac2b1f8526f36fb8d71a4,KARDS Open VI,open,Top 16,elimination,2,2021-05-30T15:20:30Z,bf:5fa5ede611743771ade94108,bf:5fbebdee043fd20cdf90cfaf,2,0,1,1
battlefy,609ac2b1f8526f36fb8d71a4,KARDS Open VI,open,Top 16,elimination,2,2021-05-30T15:26:41Z,bf:5f32f48419fcf2666b2abff1,bf:5f109d917a5f692572240090,0,2,2,1
battlefy,609ac2b1f8526f36fb8d71a4,KARDS Open VI,open,Top 16,elimination,2,2021-05-30T15:30:29Z,bf:60647b02521bb713377d6f5c,bf:60ae60e26dada66f5e2a9239,0,2,2,1
battlefy,609ac2b1f8526f36fb8d71a4,KARDS Open VI,open,Top 16,elimination,3,2021-05-30T16:17:10Z,bf:564e7b5b80b8db4a00c4ff9c,bf:5f109d917a5f692572240090,0,3,2,1
battlefy,609ac2b1f8526f36fb8d71a4,KARDS Open VI,open,Top 16,elimination,3,2021-05-30T17:07:59Z,bf:5fa5ede611743771ade94108,bf:60ae60e26dada66f5e2a9239,3,2,1,1
battlefy,609ac2b1f8526f36fb8d71a4,KARDS Open VI,open,Top 16,elimination,0,2021-05-30T17:49:55Z,bf:564e7b5b80b8db4a00c4ff9c,bf:60ae60e26dada66f5e2a9239,3,1,1,1
battlefy,609ac2b1f8526f36fb8d71a4,KARDS Open VI,open,Top 16,elimination,4,2021-05-30T18:46:30Z,bf:5f109d917a5f692572240090,bf:5fa5ede611743771ade94108,3,2,1,1
battlefy,60b4eff40327e87469933d37,KARDS Weekday Skirmish: Axis vs Allies,community,Swiss Bracket,swiss,1,2021-06-09T16:24:05Z,bf:5bef1fd422a55803cb340a40,bf:5fb1bf581632970e916b85be,2,1,1,1
battlefy,60b4eff40327e87469933d37,KARDS Weekday Skirmish: Axis vs Allies,community,Swiss Bracket,swiss,1,2021-06-09T16:25:58Z,bf:564e7b5b80b8db4a00c4ff9c,bf:60be8b49c88a6939d3b43111,2,0,1,1
battlefy,60b4eff40327e87469933d37,KARDS Weekday Skirmish: Axis vs Allies,community,Swiss Bracket,swiss,1,2021-06-09T16:26:47Z,bf:60a432af9226326cec5f185b,bf:60a67f38000fb03f36004b2c,0,2,2,1
battlefy,60b4eff40327e87469933d37,KARDS Weekday Skirmish: Axis vs Allies,community,Swiss Bracket,swiss,1,2021-06-09T16:34:44Z,bf:5eb65df574f31a11dd226b38,bf:5fc1c2f14a3afe55318cfd98,2,1,1,1
battlefy,60b4eff40327e87469933d37,KARDS Weekday Skirmish: Axis vs Allies,community,Swiss Bracket,swiss,1,2021-06-09T16:37:11Z,bf:60953c50980c9b122a48e011,bf:60a685a99c13276cd691508d,2,1,1,1
battlefy,60b4eff40327e87469933d37,KARDS Weekday Skirmish: Axis vs Allies,community,Swiss Bracket,swiss,1,2021-06-09T16:43:19Z,bf:601d334704309b1b93074798,bf:60be9045f5c6055391109145,1,2,2,1
battlefy,60b4eff40327e87469933d37,KARDS Weekday Skirmish: Axis vs Allies,community,Swiss Bracket,swiss,1,2021-06-09T16:48:55Z,bf:5f1660782cba8f11c2a45e9c,bf:60a65e7e982b577479221d7e,0,2,2,0
battlefy,60b4eff40327e87469933d37,KARDS Weekday Skirmish: Axis vs Allies,community,Swiss Bracket,swiss,2,2021-06-09T16:59:23Z,bf:5fc1c2f14a3afe55318cfd98,bf:60be8b49c88a6939d3b43111,2,0,1,1
battlefy,60b4eff40327e87469933d37,KARDS Weekday Skirmish: Axis vs Allies,community,Swiss Bracket,swiss,2,2021-06-09T17:01:56Z,bf:60a67f38000fb03f36004b2c,bf:564e7b5b80b8db4a00c4ff9c,0,2,2,1
battlefy,60b4eff40327e87469933d37,KARDS Weekday Skirmish: Axis vs Allies,community,Swiss Bracket,swiss,2,2021-06-09T17:06:04Z,bf:60a432af9226326cec5f185b,bf:5fb1bf581632970e916b85be,1,2,2,1
battlefy,60b4eff40327e87469933d37,KARDS Weekday Skirmish: Axis vs Allies,community,Swiss Bracket,swiss,2,2021-06-09T17:06:13Z,bf:5bef1fd422a55803cb340a40,bf:60a685a99c13276cd691508d,2,0,1,1
battlefy,60b4eff40327e87469933d37,KARDS Weekday Skirmish: Axis vs Allies,community,Swiss Bracket,swiss,2,2021-06-09T17:13:15Z,bf:5eb65df574f31a11dd226b38,bf:60be9045f5c6055391109145,2,0,1,1
battlefy,60b4eff40327e87469933d37,KARDS Weekday Skirmish: Axis vs Allies,community,Swiss Bracket,swiss,2,2021-06-09T17:22:48Z,bf:60a65e7e982b577479221d7e,bf:60953c50980c9b122a48e011,2,1,1,1
battlefy,60b4eff40327e87469933d37,KARDS Weekday Skirmish: Axis vs Allies,community,Swiss Bracket,swiss,3,2021-06-09T17:37:55Z,bf:601d334704309b1b93074798,bf:60a67f38000fb03f36004b2c,0,2,2,1
battlefy,60b4eff40327e87469933d37,KARDS Weekday Skirmish: Axis vs Allies,community,Swiss Bracket,swiss,3,2021-06-09T17:50:11Z,bf:60a65e7e982b577479221d7e,bf:5eb65df574f31a11dd226b38,0,2,2,1
battlefy,60b4eff40327e87469933d37,KARDS Weekday Skirmish: Axis vs Allies,community,Swiss Bracket,swiss,3,2021-06-09T17:51:39Z,bf:5fb1bf581632970e916b85be,bf:5fc1c2f14a3afe55318cfd98,1,2,2,1
battlefy,60b4eff40327e87469933d37,KARDS Weekday Skirmish: Axis vs Allies,community,Swiss Bracket,swiss,3,2021-06-09T17:54:45Z,bf:564e7b5b80b8db4a00c4ff9c,bf:5bef1fd422a55803cb340a40,1,2,2,1
battlefy,60b4eff40327e87469933d37,KARDS Weekday Skirmish: Axis vs Allies,community,Swiss Bracket,swiss,3,2021-06-09T17:55:03Z,bf:60a432af9226326cec5f185b,bf:60be8b49c88a6939d3b43111,2,0,1,1
battlefy,60b4eff40327e87469933d37,KARDS Weekday Skirmish: Axis vs Allies,community,Swiss Bracket,swiss,3,2021-06-09T18:01:41Z,bf:60be9045f5c6055391109145,bf:60953c50980c9b122a48e011,2,0,1,1
battlefy,60b4eff40327e87469933d37,KARDS Weekday Skirmish: Axis vs Allies,community,Swiss Bracket,swiss,4,2021-06-09T18:15:13Z,bf:564e7b5b80b8db4a00c4ff9c,bf:60be9045f5c6055391109145,2,0,1,1
battlefy,60b4eff40327e87469933d37,KARDS Weekday Skirmish: Axis vs Allies,community,Swiss Bracket,swiss,4,2021-06-09T18:16:16Z,bf:601d334704309b1b93074798,bf:5fb1bf581632970e916b85be,0,2,2,1
battlefy,60b4eff40327e87469933d37,KARDS Weekday Skirmish: Axis vs Allies,community,Swiss Bracket,swiss,4,2021-06-09T18:24:33Z,bf:5bef1fd422a55803cb340a40,bf:5eb65df574f31a11dd226b38,0,2,2,1
battlefy,60b4eff40327e87469933d37,KARDS Weekday Skirmish: Axis vs Allies,community,Swiss Bracket,swiss,4,2021-06-09T18:25:13Z,bf:60953c50980c9b122a48e011,bf:60a432af9226326cec5f185b,2,0,1,1
battlefy,60b4eff40327e87469933d37,KARDS Weekday Skirmish: Axis vs Allies,community,Swiss Bracket,swiss,4,2021-06-09T18:33:01Z,bf:60a65e7e982b577479221d7e,bf:60a685a99c13276cd691508d,2,0,1,1
battlefy,60b4eff40327e87469933d37,KARDS Weekday Skirmish: Axis vs Allies,community,Swiss Bracket,swiss,4,2021-06-09T18:34:29Z,bf:5fc1c2f14a3afe55318cfd98,bf:60a67f38000fb03f36004b2c,2,0,1,1
battlefy,60c7703969dfb8761cf5dff9,KARDS Weekday Skirmish: Singleton,community,Swiss Bracket,swiss,1,2021-06-23T17:17:33Z,bf:5eb65df574f31a11dd226b38,bf:5f362c8703dbcc11d58d78e3,0,2,2,1
battlefy,60c7703969dfb8761cf5dff9,KARDS Weekday Skirmish: Singleton,community,Swiss Bracket,swiss,1,2021-06-23T17:18:33Z,bf:5bef1fd422a55803cb340a40,bf:60cb2622543cd91a5d5945a2,2,0,1,1
battlefy,60c7703969dfb8761cf5dff9,KARDS Weekday Skirmish: Singleton,community,Swiss Bracket,swiss,1,2021-06-23T17:21:30Z,bf:5ebd9402b92b28521a098ec8,bf:60c929871a01bf49674e1815,2,0,1,1
battlefy,60c7703969dfb8761cf5dff9,KARDS Weekday Skirmish: Singleton,community,Swiss Bracket,swiss,1,2021-06-23T17:23:53Z,bf:5fa27bfdf8fc171ea9f66924,bf:5f112ee3eac9482569fb3ee6,0,2,2,1
battlefy,60c7703969dfb8761cf5dff9,KARDS Weekday Skirmish: Singleton,community,Swiss Bracket,swiss,1,2021-06-23T17:26:40Z,bf:601d334704309b1b93074798,bf:60c939761fb30a26a0ea6e03,2,0,1,1
battlefy,60c7703969dfb8761cf5dff9,KARDS Weekday Skirmish: Singleton,community,Swiss Bracket,swiss,1,2021-06-23T17:26:44Z,bf:60509713496ba24d0604cc08,bf:5ec038e2256baa1d38011a05,0,2,2,1
battlefy,60c7703969dfb8761cf5dff9,KARDS Weekday Skirmish: Singleton,community,Swiss Bracket,swiss,1,2021-06-23T17:28:50Z,bf:60946d0dab3bf12889662245,bf:60d2943851487a4eb222b13c,2,1,1,1
battlefy,60c7703969dfb8761cf5dff9,KARDS Weekday Skirmish: Singleton,community,Swiss Bracket,swiss,1,2021-06-23T17:29:08Z,bf:5faffa8a502b9e587d1b7c3e,bf:60b0a4d9835684119d3312d6,1,2,2,1
battlefy,60c7703969dfb8761cf5dff9,KARDS Weekday Skirmish: Singleton,community,Swiss Bracket,swiss,1,2021-06-23T17:37:49Z,bf:60a543cc9c13276cd6914076,bf:60cbd5a9c14dba4e60467bd5,0,2,2,1
battlefy,60c7703969dfb8761cf5dff9,KARDS Weekday Skirmish: Singleton,community,Swiss Bracket,swiss,1,2021-06-23T17:38:36Z,bf:5f10c966160c3f2239e92921,bf:5fc1741a4a3afe55318cf945,2,1,1,1
battlefy,60c7703969dfb8761cf5dff9,KARDS Weekday Skirmish: Singleton,community,Swiss Bracket,swiss,1,2021-06-23T17:40:39Z,bf:5fa31ac6f8fc171ea9f67c43,bf:60ae60e26dada66f5e2a9239,2,1,1,1
battlefy,60c7703969dfb8761cf5dff9,KARDS Weekday Skirmish: Singleton,community,Swiss Bracket,swiss,1,2021-06-23T17:44:23Z,bf:60a685a99c13276cd691508d,bf:60721ccb5c1419118df3a796,2,1,1,1
battlefy,60c7703969dfb8761cf5dff9,KARDS Weekday Skirmish: Singleton,community,Swiss Bracket,swiss,1,2021-06-23T17:46:32Z,bf:60a67f38000fb03f36004b2c,bf:60d21be3d576a82a21189bdf,2,1,1,1
battlefy,60c7703969dfb8761cf5dff9,KARDS Weekday Skirmish: Singleton,community,Swiss Bracket,swiss,1,2021-06-23T17:48:39Z,bf:60cb0a9721762b468d3d911d,bf:60c9b27ea95cd94e9dae5da2,1,2,2,1
battlefy,60c7703969dfb8761cf5dff9,KARDS Weekday Skirmish: Singleton,community,Swiss Bracket,swiss,1,2021-06-23T18:09:24Z,bf:60d3562ba95cd94e9dae8adf,bf:602aa3c2a9de5d119d53bf98,2,1,1,1
battlefy,60c7703969dfb8761cf5dff9,KARDS Weekday Skirmish: Singleton,community,Swiss Bracket,swiss,1,2021-06-23T18:11:31Z,bf:60c61341543cd91a5d592af7,bf:5fa3da8e11743771ade92018,2,0,1,0
battlefy,60c7703969dfb8761cf5dff9,KARDS Weekday Skirmish: Singleton,community,Swiss Bracket,swiss,2,2021-06-23T18:28:16Z,bf:5f10c966160c3f2239e92921,bf:5bef1fd422a55803cb340a40,0,2,2,1
battlefy,60c7703969dfb8761cf5dff9,KARDS Weekday Skirmish: Singleton,community,Swiss Bracket,swiss,2,2021-06-23T18:29:46Z,bf:5f112ee3eac9482569fb3ee6,bf:5f362c8703dbcc11d58d78e3,0,2,2,1
battlefy,60c7703969dfb8761cf5dff9,KARDS Weekday Skirmish: Singleton,community,Swiss Bracket,swiss,2,2021-06-23T18:30:47Z,bf:60d21be3d576a82a21189bdf,bf:60721ccb5c1419118df3a796,0,2,2,0
battlefy,60c7703969dfb8761cf5dff9,KARDS Weekday Skirmish: Singleton,community,Swiss Bracket,swiss,2,2021-06-23T18:31:06Z,bf:60763581b7083a45e0c65882,bf:60cb2622543cd91a5d5945a2,2,0,1,0
battlefy,60c7703969dfb8761cf5dff9,KARDS Weekday Skirmish: Singleton,community,Swiss Bracket,swiss,2,2021-06-23T18:31:36Z,bf:5faffa8a502b9e587d1b7c3e,bf:60c939761fb30a26a0ea6e03,0,2,2,0
battlefy,60c7703969dfb8761cf5dff9,KARDS Weekday Skirmish: Singleton,community,Swiss Bracket,swiss,2,2021-06-23T18:32:20Z,bf:5fa27bfdf8fc171ea9f66924,bf:5fc1741a4a3afe55318cf945,2,0,1,1
battlefy,60c7703969dfb8761cf5dff9,KARDS Weekday Skirmish: Singleton,community,Swiss Bracket,swiss,2,2021-06-23T18:32:32Z,bf:60c9b27ea95cd94e9dae5da2,bf:5ebd9402b92b28521a098ec8,0,2,2,1
battlefy,60c7703969dfb8761cf5dff9,KARDS Weekday Skirmish: Singleton,community,Swiss Bracket,swiss,2,2021-06-23T18:38:08Z,bf:60c61341543cd91a5d592af7,bf:60b0a4d9835684119d3312d6,0,2,2,1
battlefy,60c7703969dfb8761cf5dff9,KARDS Weekday Skirmish: Singleton,community,Swiss Bracket,swiss,2,2021-06-23T18:39:01Z,bf:60cb0a9721762b468d3d911d,bf:60a543cc9c13276cd6914076,2,0,1,1
battlefy,60c7703969dfb8761cf5dff9,KARDS Weekday Skirmish: Singleton,community,Swiss Bracket,swiss,2,2021-06-23T18:46:57Z,bf:5eb65df574f31a11dd226b38,bf:602aa3c2a9de5d119d53bf98,2,0,1,1
battlefy,60c7703969dfb8761cf5dff9,KARDS Weekday Skirmish: Singleton,community,Swiss Bracket,swiss,2,2021-06-23T18:47:17Z,bf:60946d0dab3bf12889662245,bf:601d334704309b1b93074798,2,1,1,1
battlefy,60c7703969dfb8761cf5dff9,KARDS Weekday Skirmish: Singleton,community,Swiss Bracket,swiss,2,2021-06-23T18:47:28Z,bf:60d3562ba95cd94e9dae8adf,bf:60a685a99c13276cd691508d,2,0,1,1
battlefy,60c7703969dfb8761cf5dff9,KARDS Weekday Skirmish: Singleton,community,Swiss Bracket,swiss,2,2021-06-23T18:55:31Z,bf:60ae60e26dada66f5e2a9239,bf:60509713496ba24d0604cc08,1,2,2,1
battlefy,60c7703969dfb8761cf5dff9,KARDS Weekday Skirmish: Singleton,community,Swiss Bracket,swiss,2,2021-06-23T18:57:57Z,bf:60cbd5a9c14dba4e60467bd5,bf:60a67f38000fb03f36004b2c,2,1,1,1
battlefy,60c7703969dfb8761cf5dff9,KARDS Weekday Skirmish: Singleton,community,Swiss Bracket,swiss,2,2021-06-23T18:59:40Z,bf:5ec038e2256baa1d38011a05,bf:5fa31ac6f8fc171ea9f67c43,0,2,2,1
battlefy,60c7703969dfb8761cf5dff9,KARDS Weekday Skirmish: Singleton,community,Swiss Bracket,swiss,2,2021-06-23T19:01:35Z,bf:60d2943851487a4eb222b13c,bf:60c929871a01bf49674e1815,1,2,2,1
battlefy,60c7703969dfb8761cf5dff9,KARDS Weekday Skirmish: Singleton,community,Swiss Bracket,swiss,3,2021-06-23T19:30:55Z,bf:60c939761fb30a26a0ea6e03,bf:60a67f38000fb03f36004b2c,0,2,2,1
battlefy,60c7703969dfb8761cf5dff9,KARDS Weekday Skirmish: Singleton,community,Swiss Bracket,swiss,3,2021-06-23T19:31:05Z,bf:5ebd9402b92b28521a098ec8,bf:60946d0dab3bf12889662245,2,0,1,1
battlefy,60c7703969dfb8761cf5dff9,KARDS Weekday Skirmish: Singleton,community,Swiss Bracket,swiss,3,2021-06-23T19:33:26Z,bf:60763581b7083a45e0c65882,bf:601d334704309b1b93074798,0,2,2,1
battlefy,60c7703969dfb8761cf5dff9,KARDS Weekday Skirmish: Singleton,community,Swiss Bracket,swiss,3,2021-06-23T19:36:55Z,bf:5fa31ac6f8fc171ea9f67c43,bf:5f362c8703dbcc11d58d78e3,1,2,2,0
battlefy,60c7703969dfb8761cf5dff9,KARDS Weekday Skirmish: Singleton,community,Swiss Bracket,swiss,3,2021-06-23T19:37:47Z,bf:60a543cc9c13276cd6914076,bf:60ae60e26dada66f5e2a9239,0,2,2,1
battlefy,60c7703969dfb8761cf5dff9,KARDS Weekday Skirmish: Singleton,community,Swiss Bracket,swiss,3,2021-06-23T19:38:24Z,bf:5fa27bfdf8fc171ea9f66924,bf:60cb0a9721762b468d3d911d,2,0,1,1
battlefy,60c7703969dfb8761cf5dff9,KARDS Weekday Skirmish: Singleton,community,Swiss Bracket,swiss,3,2021-06-23T19:41:23Z,bf:60cbd5a9c14dba4e60467bd5,bf:5bef1fd422a55803cb340a40,0,2,2,1
battlefy,60c7703969dfb8761cf5dff9,KARDS Weekday Skirmish: Singleton,community,Swiss Bracket,swiss,3,2021-06-23T19:41:25Z,bf:5ec038e2256baa1d38011a05,bf:5f10c966160c3f2239e92921,0,2,2,0
battlefy,60c7703969dfb8761cf5dff9,KARDS Weekday Skirmish: Singleton,community,Swiss Bracket,swiss,3,2021-06-23T19:41:52Z,bf:60721ccb5c1419118df3a796,bf:5f112ee3eac9482569fb3ee6,0,2,2,1
battlefy,60c7703969dfb8761cf5dff9,KARDS Weekday Skirmish: Singleton,community,Swiss Bracket,swiss,3,2021-06-23T19:43:30Z,bf:60c61341543cd91a5d592af7,bf:60c9b27ea95cd94e9dae5da2,2,0,1,1
battlefy,60c7703969dfb8761cf5dff9,KARDS Weekday Skirmish: Singleton,community,Swiss Bracket,swiss,3,2021-06-23T19:48:56Z,bf:60b0a4d9835684119d3312d6,bf:60d3562ba95cd94e9dae8adf,1,2,2,1
battlefy,60c7703969dfb8761cf5dff9,KARDS Weekday Skirmish: Singleton,community,Swiss Bracket,swiss,3,2021-06-23T19:59:22Z,bf:5fc1741a4a3afe55318cf945,bf:602aa3c2a9de5d119d53bf98,2,1,1,1
battlefy,60c7703969dfb8761cf5dff9,KARDS Weekday Skirmish: Singleton,community,Swiss Bracket,swiss,3,2021-06-23T20:02:22Z,bf:60509713496ba24d0604cc08,bf:5eb65df574f31a11dd226b38,1,2,2,1
battlefy,60c7703969dfb8761cf5dff9,KARDS Weekday Skirmish: Singleton,community,Swiss Bracket,swiss,3,2021-06-23T20:02:23Z,bf:60c929871a01bf49674e1815,bf:60a685a99c13276cd691508d,2,1,1,1
battlefy,60c7703969dfb8761cf5dff9,KARDS Weekday Skirmish: Singleton,community,Swiss Bracket,swiss,4,2021-06-23T20:26:42Z,bf:60763581b7083a45e0c65882,bf:60cbd5a9c14dba4e60467bd5,0,2,2,0
battlefy,60c7703969dfb8761cf5dff9,KARDS Weekday Skirmish: Singleton,community,Swiss Bracket,swiss,4,2021-06-23T20:27:33Z,bf:60c61341543cd91a5d592af7,bf:5f112ee3eac9482569fb3ee6,0,2,2,1
battlefy,60c7703969dfb8761cf5dff9,KARDS Weekday Skirmish: Singleton,community,Swiss Bracket,swiss,4,2021-06-23T20:30:55Z,bf:60cb0a9721762b468d3d911d,bf:60d2943851487a4eb222b13c,2,0,1,1
battlefy,60c7703969dfb8761cf5dff9,KARDS Weekday Skirmish: Singleton,community,Swiss Bracket,swiss,4,2021-06-23T20:31:56Z,bf:60509713496ba24d0604cc08,bf:60a685a99c13276cd691508d,2,0,1,1
battlefy,60c7703969dfb8761cf5dff9,KARDS Weekday Skirmish: Singleton,community,Swiss Bracket,swiss,4,2021-06-23T20:33:53Z,bf:60946d0dab3bf12889662245,bf:5f10c966160c3f2239e92921,0,2,2,1
battlefy,60c7703969dfb8761cf5dff9,KARDS Weekday Skirmish: Singleton,community,Swiss Bracket,swiss,4,2021-06-23T20:34:11Z,bf:60c939761fb30a26a0ea6e03,bf:60a543cc9c13276cd6914076,2,0,1,0
battlefy,60c7703969dfb8761cf5dff9,KARDS Weekday Skirmish: Singleton,community,Swiss Bracket,swiss,4,2021-06-23T20:34:49Z,bf:60c929871a01bf49674e1815,bf:5fa27bfdf8fc171ea9f66924,0,2,2,1
battlefy,60c7703969dfb8761cf5dff9,KARDS Weekday Skirmish: Singleton,community,Swiss Bracket,swiss,4,2021-06-23T20:35:35Z,bf:601d334704309b1b93074798,bf:5eb65df574f31a11dd226b38,1,2,2,1
battlefy,60c7703969dfb8761cf5dff9,KARDS Weekday Skirmish: Singleton,community,Swiss Bracket,swiss,4,2021-06-23T20:37:54Z,bf:60b0a4d9835684119d3312d6,bf:60a67f38000fb03f36004b2c,0,2,2,1
battlefy,60c7703969dfb8761cf5dff9,KARDS Weekday Skirmish: Singleton,community,Swiss Bracket,swiss,4,2021-06-23T20:43:04Z,bf:60721ccb5c1419118df3a796,bf:60ae60e26dada66f5e2a9239,0,2,2,1
battlefy,60c7703969dfb8761cf5dff9,KARDS Weekday Skirmish: Singleton,community,Swiss Bracket,swiss,4,2021-06-23T20:54:07Z,bf:5ebd9402b92b28521a098ec8,bf:5fa31ac6f8fc171ea9f67c43,2,0,1,1
battlefy,60c7703969dfb8761cf5dff9,KARDS Weekday Skirmish: Singleton,community,Swiss Bracket,swiss,4,2021-06-23T20:57:00Z,bf:5bef1fd422a55803cb340a40,bf:60d3562ba95cd94e9dae8adf,2,1,1,1
battlefy,60c7703969dfb8761cf5dff9,KARDS Weekday Skirmish: Singleton,community,Swiss Bracket,swiss,4,2021-06-23T21:00:58Z,bf:5fc1741a4a3afe55318cf945,bf:60c9b27ea95cd94e9dae5da2,1,2,2,1
battlefy,60c7703969dfb8761cf5dff9,KARDS Weekday Skirmish: Singleton,community,Swiss Bracket,swiss,5,2021-06-23T21:19:02Z,bf:602aa3c2a9de5d119d53bf98,bf:60721ccb5c1419118df3a796,2,0,1,0
battlefy,60c7703969dfb8761cf5dff9,KARDS Weekday Skirmish: Singleton,community,Swiss Bracket,swiss,5,2021-06-23T21:19:47Z,bf:60509713496ba24d0604cc08,bf:60c929871a01bf49674e1815,2,0,1,0
battlefy,60c7703969dfb8761cf5dff9,KARDS Weekday Skirmish: Singleton,community,Swiss Bracket,swiss,5,2021-06-23T21:28:38Z,bf:60a685a99c13276cd691508d,bf:60d2943851487a4eb222b13c,2,0,1,0
battlefy,60c7703969dfb8761cf5dff9,KARDS Weekday Skirmish: Singleton,community,Swiss Bracket,swiss,5,2021-06-23T21:28:48Z,bf:60cb0a9721762b468d3d911d,bf:5fa31ac6f8fc171ea9f67c43,0,2,2,1
battlefy,60c7703969dfb8761cf5dff9,KARDS Weekday Skirmish: Singleton,community,Swiss Bracket,swiss,5,2021-06-23T21:31:23Z,bf:5f10c966160c3f2239e92921,bf:5fa27bfdf8fc171ea9f66924,0,2,2,1
battlefy,60c7703969dfb8761cf5dff9,KARDS Weekday Skirmish: Singleton,community,Swiss Bracket,swiss,5,2021-06-23T21:33:00Z,bf:5bef1fd422a55803cb340a40,bf:5ebd9402b92b28521a098ec8,2,1,1,1
battlefy,60c7703969dfb8761cf5dff9,KARDS Weekday Skirmish: Singleton,community,Swiss Bracket,swiss,5,2021-06-23T21:34:42Z,bf:5eb65df574f31a11dd226b38,bf:5f112ee3eac9482569fb3ee6,2,0,1,0
battlefy,60c7703969dfb8761cf5dff9,KARDS Weekday Skirmish: Singleton,community,Swiss Bracket,swiss,5,2021-06-23T21:37:01Z,bf:601d334704309b1b93074798,bf:60b0a4d9835684119d3312d6,2,0,1,1
battlefy,60c7703969dfb8761cf5dff9,KARDS Weekday Skirmish: Singleton,community,Swiss Bracket,swiss,5,2021-06-23T21:37:17Z,bf:60cbd5a9c14dba4e60467bd5,bf:60d3562ba95cd94e9dae8adf,0,2,2,1
battlefy,60c7703969dfb8761cf5dff9,KARDS Weekday Skirmish: Singleton,community,Swiss Bracket,swiss,5,2021-06-23T21:38:28Z,bf:60c61341543cd91a5d592af7,bf:60c939761fb30a26a0ea6e03,2,1,1,1
battlefy,60c7703969dfb8761cf5dff9,KARDS Weekday Skirmish: Singleton,community,Swiss Bracket,swiss,5,2021-06-23T21:47:30Z,bf:60a67f38000fb03f36004b2c,bf:60c9b27ea95cd94e9dae5da2,1,2,2,1
battlefy,60c7703969dfb8761cf5dff9,KARDS Weekday Skirmish: Singleton,community,Swiss Bracket,swiss,5,2021-06-23T21:47:43Z,bf:60946d0dab3bf12889662245,bf:60ae60e26dada66f5e2a9239,2,1,1,0
battlefy,60c7703969dfb8761cf5dff9,KARDS Weekday Skirmish: Singleton,community,Swiss Bracket,swiss,6,2021-06-23T22:04:33Z,bf:60cb0a9721762b468d3d911d,bf:5fc1741a4a3afe55318cf945,0,2,2,1
battlefy,60c7703969dfb8761cf5dff9,KARDS Weekday Skirmish: Singleton,community,Swiss Bracket,swiss,6,2021-06-23T22:13:03Z,bf:60a685a99c13276cd691508d,bf:60b0a4d9835684119d3312d6,2,0,1,1
battlefy,60c7703969dfb8761cf5dff9,KARDS Weekday Skirmish: Singleton,community,Swiss Bracket,swiss,6,2021-06-23T22:14:18Z,bf:5f10c966160c3f2239e92921,bf:60cbd5a9c14dba4e60467bd5,2,0,1,1
battlefy,60c7703969dfb8761cf5dff9,KARDS Weekday Skirmish: Singleton,community,Swiss Bracket,swiss,6,2021-06-23T22:14:28Z,bf:5fa27bfdf8fc171ea9f66924,bf:60d3562ba95cd94e9dae8adf,2,0,1,1
battlefy,60c7703969dfb8761cf5dff9,KARDS Weekday Skirmish: Singleton,community,Swiss Bracket,swiss,6,2021-06-23T22:15:23Z,bf:602aa3c2a9de5d119d53bf98,bf:60c939761fb30a26a0ea6e03,0,2,2,1
battlefy,60c7703969dfb8761cf5dff9,KARDS Weekday Skirmish: Singleton,community,Swiss Bracket,swiss,6,2021-06-23T22:18:31Z,bf:5fa31ac6f8fc171ea9f67c43,bf:60c61341543cd91a5d592af7,2,1,1,1
battlefy,60c7703969dfb8761cf5dff9,KARDS Weekday Skirmish: Singleton,community,Swiss Bracket,swiss,6,2021-06-23T22:22:58Z,bf:5ebd9402b92b28521a098ec8,bf:60a67f38000fb03f36004b2c,2,0,1,1
battlefy,60c7703969dfb8761cf5dff9,KARDS Weekday Skirmish: Singleton,community,Swiss Bracket,swiss,6,2021-06-23T22:26:59Z,bf:60509713496ba24d0604cc08,bf:60946d0dab3bf12889662245,2,0,1,1
battlefy,60c7703969dfb8761cf5dff9,KARDS Weekday Skirmish: Singleton,community,Swiss Bracket,swiss,6,2021-06-23T22:32:01Z,bf:60c9b27ea95cd94e9dae5da2,bf:601d334704309b1b93074798,1,2,2,1
battlefy,60c7703969dfb8761cf5dff9,KARDS Weekday Skirmish: Singleton,community,Swiss Bracket,swiss,6,2021-06-23T22:34:10Z,bf:5bef1fd422a55803cb340a40,bf:5eb65df574f31a11dd226b38,1,2,2,1
battlefy,60c4d54a0332eb573b6eefee,KARDS Open VII,open,Swiss Day,swiss,1,2021-06-26T14:14:51Z,bf:60a7c75f9c13276cd691586e,bf:602d5acba74cc17c31b7d9af,0,2,2,1
battlefy,60c4d54a0332eb573b6eefee,KARDS Open VII,open,Swiss Day,swiss,1,2021-06-26T14:17:25Z,bf:609b70096b6b3d37fdd49225,bf:60d7295878f6123d75383e7c,2,0,1,1
battlefy,60c4d54a0332eb573b6eefee,KARDS Open VII,open,Swiss Day,swiss,1,2021-06-26T14:18:55Z,bf:5fc1741a4a3afe55318cf945,bf:60685007d0955e11e2b013f4,0,2,2,1
battlefy,60c4d54a0332eb573b6eefee,KARDS Open VII,open,Swiss Day,swiss,1,2021-06-26T14:19:45Z,bf:60c929871a01bf49674e1815,bf:5ec99a6d5cb5d5345c7fdf7c,0,2,2,1
battlefy,60c4d54a0332eb573b6eefee,KARDS Open VII,open,Swiss Day,swiss,1,2021-06-26T14:23:55Z,bf:60a685a99c13276cd691508d,bf:604e70169811de4a8929cc66,0,2,2,1
battlefy,60c4d54a0332eb573b6eefee,KARDS Open VII,open,Swiss Day,swiss,1,2021-06-26T14:24:28Z,bf:5fbebdee043fd20cdf90cfaf,bf:60a432af9226326cec5f185b,2,1,1,1
battlefy,60c4d54a0332eb573b6eefee,KARDS Open VII,open,Swiss Day,swiss,1,2021-06-26T14:25:39Z,bf:607823b0c75b3f32bc89dbca,bf:60512d0b3ae2c317e32bcf66,2,0,1,1
battlefy,60c4d54a0332eb573b6eefee,KARDS Open VII,open,Swiss Day,swiss,1,2021-06-26T14:27:07Z,bf:60c514950332eb573b6ef25d,bf:5f0e248def3ab65b96796c3f,0,2,2,1
battlefy,60c4d54a0332eb573b6eefee,KARDS Open VII,open,Swiss Day,swiss,1,2021-06-26T14:27:50Z,bf:5f4617f7cff9bb4e25c81a49,bf:5f0df84e824086475be264b7,0,2,2,1
battlefy,60c4d54a0332eb573b6eefee,KARDS Open VII,open,Swiss Day,swiss,1,2021-06-26T14:28:00Z,bf:5f362c8703dbcc11d58d78e3,bf:60ca4cb5a95cd94e9dae6026,2,0,1,1
battlefy,60c4d54a0332eb573b6eefee,KARDS Open VII,open,Swiss Day,swiss,1,2021-06-26T14:29:13Z,bf:5ec038e2256baa1d38011a05,bf:60a67f38000fb03f36004b2c,1,2,2,1
battlefy,60c4d54a0332eb573b6eefee,KARDS Open VII,open,Swiss Day,swiss,1,2021-06-26T14:30:26Z,bf:5f4318d1681ff84ab5ec92f9,bf:60a9f588982b57747922392a,2,0,1,1
battlefy,60c4d54a0332eb573b6eefee,KARDS Open VII,open,Swiss Day,swiss,1,2021-06-26T14:30:27Z,bf:5e889af67a9c4c10932a6ca9,bf:60a61caf0327e8746992e60b,1,2,2,1
battlefy,60c4d54a0332eb573b6eefee,KARDS Open VII,open,Swiss Day,swiss,1,2021-06-26T14:30:32Z,bf:60c9b27ea95cd94e9dae5da2,bf:60763581b7083a45e0c65882,2,0,1,1
battlefy,60c4d54a0332eb573b6eefee,KARDS Open VII,open,Swiss Day,swiss,1,2021-06-26T14:31:17Z,bf:5eb65df574f31a11dd226b38,bf:60cb505451487a4eb2227f1a,2,1,1,1
battlefy,60c4d54a0332eb573b6eefee,KARDS Open VII,open,Swiss Day,swiss,1,2021-06-26T14:31:18Z,bf:5f109d917a5f692572240090,bf:5f10c966160c3f2239e92921,2,0,1,1
battlefy,60c4d54a0332eb573b6eefee,KARDS Open VII,open,Swiss Day,swiss,1,2021-06-26T14:35:41Z,bf:601c9f9ef8251e1bb7eb0fb5,bf:5c4d3b7150078403fe2d5308,1,2,2,1
battlefy,60c4d54a0332eb573b6eefee,KARDS Open VII,open,Swiss Day,swiss,1,2021-06-26T14:37:00Z,bf:60ca80ace39b28468395e0c2,bf:601ce5a78e21aa1d188c2da4,2,0,1,1
battlefy,60c4d54a0332eb573b6eefee,KARDS Open VII,open,Swiss Day,swiss,1,2021-06-26T14:39:28Z,bf:5fb3184d9a9e750ea663e423,bf:564e7b5b80b8db4a00c4ff9c,1,2,2,1
battlefy,60c4d54a0332eb573b6eefee,KARDS Open VII,open,Swiss Day,swiss,1,2021-06-26T14:46:46Z,bf:60721ccb5c1419118df3a796,bf:601d334704309b1b93074798,1,2,2,1
battlefy,60c4d54a0332eb573b6eefee,KARDS Open VII,open,Swiss Day,swiss,1,2021-06-26T14:52:53Z,bf:5f0e67fdf26046593189c71c,bf:5fa5397c241d875936d2c2f2,1,2,2,1
battlefy,60c4d54a0332eb573b6eefee,KARDS Open VII,open,Swiss Day,swiss,1,2021-06-26T14:59:26Z,bf:5f0e37b37c5e104738aebbe3,bf:60509713496ba24d0604cc08,2,1,1,1
battlefy,60c4d54a0332eb573b6eefee,KARDS Open VII,open,Swiss Day,swiss,2,2021-06-26T15:17:30Z,bf:5eb65df574f31a11dd226b38,bf:5f362c8703dbcc11d58d78e3,2,0,1,1
battlefy,60c4d54a0332eb573b6eefee,KARDS Open VII,open,Swiss Day,swiss,2,2021-06-26T15:20:04Z,bf:60ca4cb5a95cd94e9dae6026,bf:5fb3184d9a9e750ea663e423,0,2,2,0
battlefy,60c4d54a0332eb573b6eefee,KARDS Open VII,open,Swiss Day,swiss,2,2021-06-26T15:20:18Z,bf:60cb505451487a4eb2227f1a,bf:5fc1741a4a3afe55318cf945,1,2,2,1
battlefy,60c4d54a0332eb573b6eefee,KARDS Open VII,open,Swiss Day,swiss,2,2021-06-26T15:21:23Z,bf:60c9b27ea95cd94e9dae5da2,bf:5fbebdee043fd20cdf90cfaf,2,0,1,1
battlefy,60c4d54a0332eb573b6eefee,KARDS Open VII,open,Swiss Day,swiss,2,2021-06-26T15:21:36Z,bf:601d334704309b1b93074798,bf:5f0e248def3ab65b96796c3f,2,1,1,1
battlefy,60c4d54a0332eb573b6eefee,KARDS Open VII,open,Swiss Day,swiss,2,2021-06-26T15:21:41Z,bf:60a61caf0327e8746992e60b,bf:609b70096b6b3d37fdd49225,1,2,2,1
battlefy,60c4d54a0332eb573b6eefee,KARDS Open VII,open,Swiss Day,swiss,2,2021-06-26T15:21:47Z,bf:60d7295878f6123d75383e7c,bf:60763581b7083a45e0c65882,2,0,1,1
battlefy,60c4d54a0332eb573b6eefee,KARDS Open VII,open,Swiss Day,swiss,2,2021-06-26T15:23:38Z,bf:60c929871a01bf49674e1815,bf:60721ccb5c1419118df3a796,0,2,2,1
battlefy,60c4d54a0332eb573b6eefee,KARDS Open VII,open,Swiss Day,swiss,2,2021-06-26T15:26:28Z,bf:60a67f38000fb03f36004b2c,bf:5f4318d1681ff84ab5ec92f9,1,2,2,1
battlefy,60c4d54a0332eb573b6eefee,KARDS Open VII,open,Swiss Day,swiss,2,2021-06-26T15:26:45Z,bf:5f0e67fdf26046593189c71c,bf:5ec038e2256baa1d38011a05,0,2,2,0
battlefy,60c4d54a0332eb573b6eefee,KARDS Open VII,open,Swiss Day,swiss,2,2021-06-26T15:26:47Z,bf:60a432af9226326cec5f185b,bf:60509713496ba24d0604cc08,1,2,2,1
battlefy,60c4d54a0332eb573b6eefee,KARDS Open VII,open,Swiss Day,swiss,2,2021-06-26T15:27:10Z,bf:5f10c966160c3f2239e92921,bf:60512d0b3ae2c317e32bcf66,2,0,1,1
battlefy,60c4d54a0332eb573b6eefee,KARDS Open VII,open,Swiss Day,swiss,2,2021-06-26T15:30:49Z,bf:602d5acba74cc17c31b7d9af,bf:5f0df84e824086475be264b7,1,2,2,1
battlefy,60c4d54a0332eb573b6eefee,KARDS Open VII,open,Swiss Day,swiss,2,2021-06-26T15:30:55Z,bf:5c4d3b7150078403fe2d5308,bf:607823b0c75b3f32bc89dbca,1,2,2,1
battlefy,60c4d54a0332eb573b6eefee,KARDS Open VII,open,Swiss Day,swiss,2,2021-06-26T15:31:21Z,bf:5f0e37b37c5e104738aebbe3,bf:5f109d917a5f692572240090,0,2,2,1
battlefy,60c4d54a0332eb573b6eefee,KARDS Open VII,open,Swiss Day,swiss,2,2021-06-26T15:32:23Z,bf:604e70169811de4a8929cc66,bf:60685007d0955e11e2b013f4,2,1,1,1
battlefy,60c4d54a0332eb573b6eefee,KARDS Open VII,open,Swiss Day,swiss,2,2021-06-26T15:32:58Z,bf:60a685a99c13276cd691508d,bf:60a7c75f9c13276cd691586e,2,0,1,0
battlefy,60c4d54a0332eb573b6eefee,KARDS Open VII,open,Swiss Day,swiss,2,2021-06-26T15:38:59Z,bf:5fa5397c241d875936d2c2f2,bf:564e7b5b80b8db4a00c4ff9c,1,2,2,1
battlefy,60c4d54a0332eb573b6eefee,KARDS Open VII,open,Swiss Day,swiss,2,2021-06-26T15:41:05Z,bf:5ec99a6d5cb5d5345c7fdf7c,bf:60ca80ace39b28468395e0c2,2,1,1,1
battlefy,60c4d54a0332eb573b6eefee,KARDS Open VII,open,Swiss Day,swiss,2,2021-06-26T15:46:52Z,bf:601ce5a78e21aa1d188c2da4,bf:60a9f588982b57747922392a,1,2,2,0
battlefy,60c4d54a0332eb573b6eefee,KARDS Open VII,open,Swiss Day,swiss,2,2021-06-26T15:47:10Z,bf:60c514950332eb573b6ef25d,bf:601c9f9ef8251e1bb7eb0fb5,0,2,2,1
battlefy,60c4d54a0332eb573b6eefee,KARDS Open VII,open,Swiss Day,swiss,2,2021-06-26T15:52:32Z,bf:5f4617f7cff9bb4e25c81a49,bf:5e889af67a9c4c10932a6ca9,2,0,1,0
battlefy,60c4d54a0332eb573b6eefee,KARDS Open VII,open,Swiss Day,swiss,3,2021-06-26T16:02:18Z,bf:602d5acba74cc17c31b7d9af,bf:5fbebdee043fd20cdf90cfaf,2,0,1,1
battlefy,60c4d54a0332eb573b6eefee,KARDS Open VII,open,Swiss Day,swiss,3,2021-06-26T16:03:03Z,bf:60cb505451487a4eb2227f1a,bf:60c929871a01bf49674e1815,2,0,1,1
battlefy,60c4d54a0332eb573b6eefee,KARDS Open VII,open,Swiss Day,swiss,3,2021-06-26T16:06:42Z,bf:564e7b5b80b8db4a00c4ff9c,bf:60c9b27ea95cd94e9dae5da2,2,0,1,1
battlefy,60c4d54a0332eb573b6eefee,KARDS Open VII,open,Swiss Day,swiss,3,2021-06-26T16:07:35Z,bf:5f109d917a5f692572240090,bf:601d334704309b1b93074798,2,0,1,1
battlefy,60c4d54a0332eb573b6eefee,KARDS Open VII,open,Swiss Day,swiss,3,2021-06-26T16:07:38Z,bf:60721ccb5c1419118df3a796,bf:5f0e248def3ab65b96796c3f,0,2,2,1
battlefy,60c4d54a0332eb573b6eefee,KARDS Open VII,open,Swiss Day,swiss,3,2021-06-26T16:10:47Z,bf:5c4d3b7150078403fe2d5308,bf:60d7295878f6123d75383e7c,2,0,1,1
battlefy,60c4d54a0332eb573b6eefee,KARDS Open VII,open,Swiss Day,swiss,3,2021-06-26T16:11:33Z,bf:5f0e37b37c5e104738aebbe3,bf:5fc1741a4a3afe55318cf945,2,0,1,1
battlefy,60c4d54a0332eb573b6eefee,KARDS Open VII,open,Swiss Day,swiss,3,2021-06-26T16:13:18Z,bf:60a67f38000fb03f36004b2c,bf:5fb3184d9a9e750ea663e423,2,1,1,1
battlefy,60c4d54a0332eb573b6eefee,KARDS Open VII,open,Swiss Day,swiss,3,2021-06-26T16:14:03Z,bf:60763581b7083a45e0c65882,bf:60c514950332eb573b6ef25d,0,2,2,0
battlefy,60c4d54a0332eb573b6eefee,KARDS Open VII,open,Swiss Day,swiss,3,2021-06-26T16:17:10Z,bf:5f4318d1681ff84ab5ec92f9,bf:60ca80ace39b28468395e0c2,0,2,2,1
battlefy,60c4d54a0332eb573b6eefee,KARDS Open VII,open,Swiss Day,swiss,3,2021-06-26T16:17:12Z,bf:60a9f588982b57747922392a,bf:60a61caf0327e8746992e60b,2,0,1,1
battlefy,60c4d54a0332eb573b6eefee,KARDS Open VII,open,Swiss Day,swiss,3,2021-06-26T16:18:50Z,bf:60512d0b3ae2c317e32bcf66,bf:60a432af9226326cec5f185b,2,0,1,1
battlefy,60c4d54a0332eb573b6eefee,KARDS Open VII,open,Swiss Day,swiss,3,2021-06-26T16:19:31Z,bf:607823b0c75b3f32bc89dbca,bf:609b70096b6b3d37fdd49225,2,1,1,1
battlefy,60c4d54a0332eb573b6eefee,KARDS Open VII,open,Swiss Day,swiss,3,2021-06-26T16:20:02Z,bf:5eb65df574f31a11dd226b38,bf:5ec99a6d5cb5d5345c7fdf7c,2,0,1,1
battlefy,60c4d54a0332eb573b6eefee,KARDS Open VII,open,Swiss Day,swiss,3,2021-06-26T16:20:03Z,bf:60a685a99c13276cd691508d,bf:60685007d0955e11e2b013f4,1,2,2,1
battlefy,60c4d54a0332eb573b6eefee,KARDS Open VII,open,Swiss Day,swiss,3,2021-06-26T16:22:10Z,bf:5f10c966160c3f2239e92921,bf:5f362c8703dbcc11d58d78e3,1,2,2,1
battlefy,60c4d54a0332eb573b6eefee,KARDS Open VII,open,Swiss Day,swiss,3,2021-06-26T16:22:21Z,bf:601c9f9ef8251e1bb7eb0fb5,bf:5fa5397c241d875936d2c2f2,1,2,2,1
battlefy,60c4d54a0332eb573b6eefee,KARDS Open VII,open,Swiss Day,swiss,3,2021-06-26T16:25:00Z,bf:604e70169811de4a8929cc66,bf:5f0df84e824086475be264b7,1,2,2,1
battlefy,60c4d54a0332eb573b6eefee,KARDS Open VII,open,Swiss Day,swiss,3,2021-06-26T16:32:47Z,bf:60509713496ba24d0604cc08,bf:5ec038e2256baa1d38011a05,1,2,2,1
battlefy,60c4d54a0332eb573b6eefee,KARDS Open VII,open,Swiss Day,swiss,4,2021-06-26T16:48:00Z,bf:60512d0b3ae2c317e32bcf66,bf:60c929871a01bf49674e1815,2,0,1,1
battlefy,60c4d54a0332eb573b6eefee,KARDS Open VII,open,Swiss Day,swiss,4,2021-06-26T16:51:32Z,bf:602d5acba74cc17c31b7d9af,bf:60a9f588982b57747922392a,2,0,1,1
battlefy,60c4d54a0332eb573b6eefee,KARDS Open VII,open,Swiss Day,swiss,4,2021-06-26T16:52:02Z,bf:5f0e248def3ab65b96796c3f,bf:5fa5397c241d875936d2c2f2,0,2,2,1
battlefy,60c4d54a0332eb573b6eefee,KARDS Open VII,open,Swiss Day,swiss,4,2021-06-26T16:52:29Z,bf:60685007d0955e11e2b013f4,bf:601d334704309b1b93074798,0,2,2,1
battlefy,60c4d54a0332eb573b6eefee,KARDS Open VII,open,Swiss Day,swiss,4,2021-06-26T16:54:46Z,bf:60d7295878f6123d75383e7c,bf:5fb3184d9a9e750ea663e423,0,2,2,1
battlefy,60c4d54a0332eb573b6eefee,KARDS Open VII,open,Swiss Day,swiss,4,2021-06-26T16:55:16Z,bf:60a61caf0327e8746992e60b,bf:5fbebdee043fd20cdf90cfaf,0,2,2,1
battlefy,60c4d54a0332eb573b6eefee,KARDS Open VII,open,Swiss Day,swiss,4,2021-06-26T16:57:52Z,bf:5f0df84e824086475be264b7,bf:564e7b5b80b8db4a00c4ff9c,0,2,2,1
battlefy,60c4d54a0332eb573b6eefee,KARDS Open VII,open,Swiss Day,swiss,4,2021-06-26T17:00:59Z,bf:601c9f9ef8251e1bb7eb0fb5,bf:60a685a99c13276cd691508d,0,2,2,1
battlefy,60c4d54a0332eb573b6eefee,KARDS Open VII,open,Swiss Day,swiss,4,2021-06-26T17:01:25Z,bf:60509713496ba24d0604cc08,bf:60cb505451487a4eb2227f1a,2,0,1,0
battlefy,60c4d54a0332eb573b6eefee,KARDS Open VII,open,Swiss Day,swiss,4,2021-06-26T17:01:40Z,bf:60c514950332eb573b6ef25d,bf:5f10c966160c3f2239e92921,0,2,2,1
battlefy,60c4d54a0332eb573b6eefee,KARDS Open VII,open,Swiss Day,swiss,4,2021-06-26T17:01:44Z,bf:5c4d3b7150078403fe2d5308,bf:604e70169811de4a8929cc66,1,2,2,1
battlefy,60c4d54a0332eb573b6eefee,KARDS Open VII,open,Swiss Day,swiss,4,2021-06-26T17:05:28Z,bf:607823b0c75b3f32bc89dbca,bf:5f362c8703dbcc11d58d78e3,1,2,2,1
battlefy,60c4d54a0332eb573b6eefee,KARDS Open VII,open,Swiss Day,swiss,4,2021-06-26T17:11:58Z,bf:5f109d917a5f692572240090,bf:5eb65df574f31a11dd226b38,0,2,2,1
battlefy,60c4d54a0332eb573b6eefee,KARDS Open VII,open,Swiss Day,swiss,4,2021-06-26T17:14:15Z,bf:5fc1741a4a3afe55318cf945,bf:60721ccb5c1419118df3a796,1,2,2,1
battlefy,60c4d54a0332eb573b6eefee,KARDS Open VII,open,Swiss Day,swiss,4,2021-06-26T17:21:27Z,bf:5f4318d1681ff84ab5ec92f9,bf:5ec038e2256baa1d38011a05,2,1,1,1
battlefy,60c4d54a0332eb573b6eefee,KARDS Open VII,open,Swiss Day,swiss,4,2021-06-26T17:21:49Z,bf:60ca80ace39b28468395e0c2,bf:5f0e37b37c5e104738aebbe3,1,2,2,1
battlefy,60c4d54a0332eb573b6eefee,KARDS Open VII,open,Swiss Day,swiss,4,2021-06-26T17:25:42Z,bf:609b70096b6b3d37fdd49225,bf:60a67f38000fb03f36004b2c,0,2,2,0
battlefy,60c4d54a0332eb573b6eefee,KARDS Open VII,open,Swiss Day,swiss,4,2021-06-26T17:29:00Z,bf:60c9b27ea95cd94e9dae5da2,bf:5ec99a6d5cb5d5345c7fdf7c,1,2,2,1
battlefy,60c4d54a0332eb573b6eefee,KARDS Open VII,open,Swiss Day,swiss,5,2021-06-26T17:36:43Z,bf:5c4d3b7150078403fe2d5308,bf:5fb3184d9a9e750ea663e423,0,2,2,0
battlefy,60c4d54a0332eb573b6eefee,KARDS Open VII,open,Swiss Day,swiss,5,2021-06-26T17:46:09Z,bf:602d5acba74cc17c31b7d9af,bf:607823b0c75b3f32bc89dbca,2,0,1,1
battlefy,60c4d54a0332eb573b6eefee,KARDS Open VII,open,Swiss Day,swiss,5,2021-06-26T17:49:46Z,bf:60a61caf0327e8746992e60b,bf:60a432af9226326cec5f185b,2,0,1,0
battlefy,60c4d54a0332eb573b6eefee,KARDS Open VII,open,Swiss Day,swiss,5,2021-06-26T17:52:48Z,bf:601c9f9ef8251e1bb7eb0fb5,bf:5fc1741a4a3afe55318cf945,2,1,1,1
battlefy,60c4d54a0332eb573b6eefee,KARDS Open VII,open,Swiss Day,swiss,5,2021-06-26T17:53:18Z,bf:5f0e248def3ab65b96796c3f,bf:60c9b27ea95cd94e9dae5da2,2,0,1,1
battlefy,60c4d54a0332eb573b6eefee,KARDS Open VII,open,Swiss Day,swiss,5,2021-06-26T17:56:05Z,bf:5f0e37b37c5e104738aebbe3,bf:601d334704309b1b93074798,0,2,2,1
battlefy,60c4d54a0332eb573b6eefee,KARDS Open VII,open,Swiss Day,swiss,5,2021-06-26T17:57:37Z,bf:5f10c966160c3f2239e92921,bf:60685007d0955e11e2b013f4,2,1,1,1
battlefy,60c4d54a0332eb573b6eefee,KARDS Open VII,open,Swiss Day,swiss,5,2021-06-26T17:57:45Z,bf:60721ccb5c1419118df3a796,bf:5ec038e2256baa1d38011a05,0,2,2,1
battlefy,60c4d54a0332eb573b6eefee,KARDS Open VII,open,Swiss Day,swiss,5,2021-06-26T17:57:57Z,bf:5ec99a6d5cb5d5345c7fdf7c,bf:60a67f38000fb03f36004b2c,2,1,1,1
battlefy,60c4d54a0332eb573b6eefee,KARDS Open VII,open,Swiss Day,swiss,5,2021-06-26T17:58:59Z,bf:60a685a99c13276cd691508d,bf:60a9f588982b57747922392a,1,2,2,1
battlefy,60c4d54a0332eb573b6eefee,KARDS Open VII,open,Swiss Day,swiss,5,2021-06-26T18:01:15Z,bf:5f0df84e824086475be264b7,bf:5f109d917a5f692572240090,0,2,2,1
battlefy,60c4d54a0332eb573b6eefee,KARDS Open VII,open,Swiss Day,swiss,5,2021-06-26T18:03:00Z,bf:5fa5397c241d875936d2c2f2,bf:5f4318d1681ff84ab5ec92f9,1,2,2,1
battlefy,60c4d54a0332eb573b6eefee,KARDS Open VII,open,Swiss Day,swiss,5,2021-06-26T18:04:22Z,bf:60509713496ba24d0604cc08,bf:5fbebdee043fd20cdf90cfaf,2,0,1,0
battlefy,60c4d54a0332eb573b6eefee,KARDS Open VII,open,Swiss Day,swiss,5,2021-06-26T18:07:07Z,bf:564e7b5b80b8db4a00c4ff9c,bf:5eb65df574f31a11dd226b38,0,2,2,1
battlefy,60c4d54a0332eb573b6eefee,KARDS Open VII,open,Swiss Day,swiss,5,2021-06-26T18:08:40Z,bf:60d7295878f6123d75383e7c,bf:60c514950332eb573b6ef25d,2,0,1,1
battlefy,60c4d54a0332eb573b6eefee,KARDS Open VII,open,Swiss Day,swiss,5,2021-06-26T18:20:21Z,bf:604e70169811de4a8929cc66,bf:5f362c8703dbcc11d58d78e3,1,2,2,0
battlefy,60c4d54a0332eb573b6eefee,KARDS Open VII,open,Swiss Day,swiss,5,2021-06-26T18:23:58Z,bf:60ca80ace39b28468395e0c2,bf:60512d0b3ae2c317e32bcf66,2,1,1,1
battlefy,60c4d54a0332eb573b6eefee,KARDS Open VII,open,Swiss Day,swiss,6,2021-06-26T18:31:58Z,bf:5ec99a6d5cb5d5345c7fdf7c,bf:564e7b5b80b8db4a00c4ff9c,2,0,1,1
battlefy,60c4d54a0332eb573b6eefee,KARDS Open VII,open,Swiss Day,swiss,6,2021-06-26T18:46:41Z,bf:5f10c966160c3f2239e92921,bf:60509713496ba24d0604cc08,2,0,1,1
battlefy,60c4d54a0332eb573b6eefee,KARDS Open VII,open,Swiss Day,swiss,6,2021-06-26T18:46:56Z,bf:5fb3184d9a9e750ea663e423,bf:5f0df84e824086475be264b7,0,2,2,1
battlefy,60c4d54a0332eb573b6eefee,KARDS Open VII,open,Swiss Day,swiss,6,2021-06-26T18:47:35Z,bf:60a685a99c13276cd691508d,bf:60c9b27ea95cd94e9dae5da2,1,2,2,1
battlefy,60c4d54a0332eb573b6eefee,KARDS Open VII,open,Swiss Day,swiss,6,2021-06-26T18:50:11Z,bf:60685007d0955e11e2b013f4,bf:60a61caf0327e8746992e60b,2,1,1,1
battlefy,60c4d54a0332eb573b6eefee,KARDS Open VII,open,Swiss Day,swiss,6,2021-06-26T18:51:17Z,bf:602d5acba74cc17c31b7d9af,bf:5f4318d1681ff84ab5ec92f9,0,2,2,1
battlefy,60c4d54a0332eb573b6eefee,KARDS Open VII,open,Swiss Day,swiss,6,2021-06-26T18:55:28Z,bf:5f0e37b37c5e104738aebbe3,bf:5ec038e2256baa1d38011a05,2,1,1,1
battlefy,60c4d54a0332eb573b6eefee,KARDS Open VII,open,Swiss Day,swiss,6,2021-06-26T18:56:04Z,bf:5eb65df574f31a11dd226b38,bf:601d334704309b1b93074798,2,0,1,1
battlefy,60c4d54a0332eb573b6eefee,KARDS Open VII,open,Swiss Day,swiss,6,2021-06-26T18:59:24Z,bf:601c9f9ef8251e1bb7eb0fb5,bf:60d7295878f6123d75383e7c,0,2,2,1
battlefy,60c4d54a0332eb573b6eefee,KARDS Open VII,open,Swiss Day,swiss,6,2021-06-26T18:59:42Z,bf:60c514950332eb573b6ef25d,bf:60c929871a01bf49674e1815,2,0,1,1
battlefy,60c4d54a0332eb573b6eefee,KARDS Open VII,open,Swiss Day,swiss,6,2021-06-26T19:00:47Z,bf:60721ccb5c1419118df3a796,bf:60512d0b3ae2c317e32bcf66,0,2,2,1
battlefy,60c4d54a0332eb573b6eefee,KARDS Open VII,open,Swiss Day,swiss,6,2021-06-26T19:01:24Z,bf:60a9f588982b57747922392a,bf:5f0e248def3ab65b96796c3f,0,2,2,1
battlefy,60c4d54a0332eb573b6eefee,KARDS Open VII,open,Swiss Day,swiss,6,2021-06-26T19:02:58Z,bf:5fa5397c241d875936d2c2f2,bf:60a67f38000fb03f36004b2c,1,2,2,1
battlefy,60c4d54a0332eb573b6eefee,KARDS Open VII,open,Swiss Day,swiss,6,2021-06-26T19:04:51Z,bf:5f362c8703dbcc11d58d78e3,bf:5f109d917a5f692572240090,2,1,1,1
battlefy,60c4d54a0332eb573b6eefee,KARDS Open VII,open,Swiss Day,swiss,6,2021-06-27T13:22:10Z,bf:60ca80ace39b28468395e0c2,bf:607823b0c75b3f32bc89dbca,2,0,1,0
battlefy,60c4d54a0332eb573b6eefee,KARDS Open VII,open,Top 16,elimination,1,2021-06-27T14:18:50Z,bf:601d334704309b1b93074798,bf:5f10c966160c3f2239e92921,0,2,2,1
battlefy,60c4d54a0332eb573b6eefee,KARDS Open VII,open,Top 16,elimination,1,2021-06-27T14:21:33Z,bf:5f362c8703dbcc11d58d78e3,bf:607823b0c75b3f32bc89dbca,2,0,1,1
battlefy,60c4d54a0332eb573b6eefee,KARDS Open VII,open,Top 16,elimination,1,2021-06-27T14:27:02Z,bf:564e7b5b80b8db4a00c4ff9c,bf:5f0e37b37c5e104738aebbe3,2,0,1,1
battlefy,60c4d54a0332eb573b6eefee,KARDS Open VII,open,Top 16,elimination,1,2021-06-27T14:27:51Z,bf:5ec99a6d5cb5d5345c7fdf7c,bf:5fa5397c241d875936d2c2f2,2,0,1,1
battlefy,60c4d54a0332eb573b6eefee,KARDS Open VII,open,Top 16,elimination,1,2021-06-27T14:31:27Z,bf:5f4318d1681ff84ab5ec92f9,bf:5f0e248def3ab65b96796c3f,2,1,1,1
battlefy,60c4d54a0332eb573b6eefee,KARDS Open VII,open,Top 16,elimination,1,2021-06-27T14:31:34Z,bf:5f109d917a5f692572240090,bf:602d5acba74cc17c31b7d9af,1,2,2,1
battlefy,60c4d54a0332eb573b6eefee,KARDS Open VII,open,Top 16,elimination,1,2021-06-27T14:35:30Z,bf:60a67f38000fb03f36004b2c,bf:5f0df84e824086475be264b7,2,0,1,1
battlefy,60c4d54a0332eb573b6eefee,KARDS Open VII,open,Top 16,elimination,1,2021-06-27T14:41:42Z,bf:5eb65df574f31a11dd226b38,bf:5ec038e2256baa1d38011a05,2,1,1,1
battlefy,60c4d54a0332eb573b6eefee,KARDS Open VII,open,Top 16,elimination,2,2021-06-27T14:45:19Z,bf:5ec99a6d5cb5d5345c7fdf7c,bf:5f10c966160c3f2239e92921,2,0,1,1
battlefy,60c4d54a0332eb573b6eefee,KARDS Open VII,open,Top 16,elimination,2,2021-06-27T14:51:08Z,bf:5f4318d1681ff84ab5ec92f9,bf:602d5acba74cc17c31b7d9af,2,0,1,1
battlefy,60c4d54a0332eb573b6eefee,KARDS Open VII,open,Top 16,elimination,2,2021-06-27T14:54:52Z,bf:5f362c8703dbcc11d58d78e3,bf:564e7b5b80b8db4a00c4ff9c,2,0,1,1
battlefy,60c4d54a0332eb573b6eefee,KARDS Open VII,open,Top 16,elimination,2,2021-06-27T15:04:57Z,bf:5eb65df574f31a11dd226b38,bf:60a67f38000fb03f36004b2c,2,0,1,1
battlefy,60c4d54a0332eb573b6eefee,KARDS Open VII,open,Top 16,elimination,3,2021-06-27T15:52:57Z,bf:5eb65df574f31a11dd226b38,bf:5f4318d1681ff84ab5ec92f9,2,1,1,1
battlefy,60c4d54a0332eb573b6eefee,KARDS Open VII,open,Top 16,elimination,3,2021-06-27T15:54:15Z,bf:5ec99a6d5cb5d5345c7fdf7c,bf:5f362c8703dbcc11d58d78e3,1,2,2,1
battlefy,60c4d54a0332eb573b6eefee,KARDS Open VII,open,Top 16,elimination,0,2021-06-27T16:18:44Z,bf:5f4318d1681ff84ab5ec92f9,bf:5ec99a6d5cb5d5345c7fdf7c,0,3,2,1
battlefy,60c4d54a0332eb573b6eefee,KARDS Open VII,open,Top 16,elimination,4,2021-06-27T17:16:16Z,bf:5eb65df574f31a11dd226b38,bf:5f362c8703dbcc11d58d78e3,3,1,1,1
startgg,592186,KARDS Weekday Skirmish - July,community,Odd vs Even,swiss,Round 3,2021-07-14T18:47:44Z,bf:5fbc4040adfefd64e8c8fd73,bf:5f362c8703dbcc11d58d78e3,2,1,1,1
startgg,592186,KARDS Weekday Skirmish - July,community,Odd vs Even,swiss,Round 3,2021-07-14T18:53:22Z,bf:5ec038e2256baa1d38011a05,bf:5ebd9402b92b28521a098ec8,0,2,2,1
startgg,592186,KARDS Weekday Skirmish - July,community,Odd vs Even,swiss,Round 4,2021-07-14T19:25:10Z,bf:5bef1fd422a55803cb340a40,bf:5f362c8703dbcc11d58d78e3,2,1,1,1
startgg,592186,KARDS Weekday Skirmish - July,community,Odd vs Even,swiss,Round 4,2021-07-14T19:35:16Z,bf:5fbc4040adfefd64e8c8fd73,bf:5ec038e2256baa1d38011a05,0,2,2,1
startgg,592186,KARDS Weekday Skirmish - July,community,Odd vs Even,swiss,Round 4,2021-07-14T19:45:09Z,bf:60509713496ba24d0604cc08,bf:5ebd9402b92b28521a098ec8,2,0,1,1
startgg,592186,KARDS Weekday Skirmish - July,community,Odd vs Even,swiss,Round 5,2021-07-14T20:21:08Z,bf:5fbc4040adfefd64e8c8fd73,bf:5ebd9402b92b28521a098ec8,,,1,1
startgg,592186,KARDS Weekday Skirmish - July,community,Odd vs Even,swiss,Round 5,2021-07-14T20:21:22Z,bf:5f362c8703dbcc11d58d78e3,bf:5ec038e2256baa1d38011a05,0,2,2,1
startgg,592186,KARDS Weekday Skirmish - July,community,Odd vs Even,swiss,Round 5,2021-07-14T20:30:11Z,bf:60509713496ba24d0604cc08,bf:5bef1fd422a55803cb340a40,2,1,1,1
startgg,592187,KARDS Weekday Skirmish - July,community,Infantry vs Planes vs Tanks/Artillery,swiss,Round 1,2021-07-21T17:28:48Z,bf:5fc13108a447ab4bb37e2e33,bf:5f1660782cba8f11c2a45e9c,0,2,2,1
startgg,592187,KARDS Weekday Skirmish - July,community,Infantry vs Planes vs Tanks/Artillery,swiss,Round 1,2021-07-21T17:32:44Z,bf:60ae60e26dada66f5e2a9239,bf:5bef1fd422a55803cb340a40,2,0,1,1
startgg,592187,KARDS Weekday Skirmish - July,community,Infantry vs Planes vs Tanks/Artillery,swiss,Round 1,2021-07-21T17:39:02Z,bf:5ec038e2256baa1d38011a05,sgg:2357940,2,0,1,1
startgg,592187,KARDS Weekday Skirmish - July,community,Infantry vs Planes vs Tanks/Artillery,swiss,Round 2,2021-07-21T18:10:48Z,bf:5fc13108a447ab4bb37e2e33,sgg:2357940,1,2,2,1
startgg,592187,KARDS Weekday Skirmish - July,community,Infantry vs Planes vs Tanks/Artillery,swiss,Round 2,2021-07-21T18:17:08Z,bf:5ec038e2256baa1d38011a05,bf:60ae60e26dada66f5e2a9239,0,2,2,1
startgg,592187,KARDS Weekday Skirmish - July,community,Infantry vs Planes vs Tanks/Artillery,swiss,Round 2,2021-07-21T18:20:50Z,bf:5f1660782cba8f11c2a45e9c,bf:5bef1fd422a55803cb340a40,1,2,2,1
startgg,592187,KARDS Weekday Skirmish - July,community,Infantry vs Planes vs Tanks/Artillery,swiss,Round 3,2021-07-21T18:40:19Z,sgg:2357940,bf:60ae60e26dada66f5e2a9239,-1,0,2,0
startgg,592187,KARDS Weekday Skirmish - July,community,Infantry vs Planes vs Tanks/Artillery,swiss,Round 3,2021-07-21T18:47:03Z,bf:5bef1fd422a55803cb340a40,bf:5fc13108a447ab4bb37e2e33,2,0,1,1
startgg,592187,KARDS Weekday Skirmish - July,community,Infantry vs Planes vs Tanks/Artillery,swiss,Round 3,2021-07-21T18:54:42Z,bf:5ec038e2256baa1d38011a05,bf:5f1660782cba8f11c2a45e9c,2,0,1,1
startgg,600214,Kards Open VIII,open,Swiss Bracket A,swiss,Round 1,2021-08-07T13:19:30Z,bf:5f32919a74a4bd1196ff9509,bf:5c7e66cd2dd6e4033a9d5fd1,0,2,2,1
startgg,600214,Kards Open VIII,open,Swiss Bracket A,swiss,Round 1,2021-08-07T13:22:38Z,sgg:2375094,bf:5fa3da8e11743771ade92018,0,2,2,1
startgg,600214,Kards Open VIII,open,Swiss Bracket A,swiss,Round 1,2021-08-07T13:32:41Z,bf:60c939761fb30a26a0ea6e03,bf:5f0e37b37c5e104738aebbe3,1,2,2,1
startgg,600214,Kards Open VIII,open,Swiss Bracket A,swiss,Round 1,2021-08-07T13:33:21Z,sgg:2375403,bf:60ae60e26dada66f5e2a9239,0,2,2,1
startgg,600214,Kards Open VIII,open,Swiss Bracket A,swiss,Round 1,2021-08-07T13:34:15Z,sgg:2375442,bf:6070a8022fd5451122c65ae8,2,1,1,1
startgg,600214,Kards Open VIII,open,Swiss Bracket A,swiss,Round 1,2021-08-07T13:37:06Z,bf:5f362c8703dbcc11d58d78e3,bf:5f11d0b0eea71b24bc30e84a,0,2,2,1
startgg,600214,Kards Open VIII,open,Swiss Bracket A,swiss,Round 1,2021-08-07T13:37:37Z,sgg:2375354,bf:5fa5397c241d875936d2c2f2,1,2,2,1
startgg,600214,Kards Open VIII,open,Swiss Bracket A,swiss,Round 1,2021-08-07T13:51:38Z,bf:5fbef0144d01f9313d135b11,sgg:2380599,2,1,1,1
startgg,600214,Kards Open VIII,open,Swiss Bracket A,swiss,Round 1,2021-08-07T13:55:19Z,sgg:2374874,bf:564e7b5b80b8db4a00c4ff9c,1,2,2,1
startgg,600214,Kards Open VIII,open,Swiss Bracket A,swiss,Round 1,2021-08-07T14:05:18Z,bf:5ec99a6d5cb5d5345c7fdf7c,bf:60721ccb5c1419118df3a796,1,2,2,1
startgg,600214,Kards Open VIII,open,Swiss Bracket A,swiss,Round 2,2021-08-07T14:29:08Z,bf:5ec038e2256baa1d38011a05,bf:5f0e37b37c5e104738aebbe3,1,2,2,1
startgg,600214,Kards Open VIII,open,Swiss Bracket A,swiss,Round 2,2021-08-07T14:30:19Z,sgg:2375094,sgg:2374874,0,-1,1,0
startgg,600214,Kards Open VIII,open,Swiss Bracket A,swiss,Round 2,2021-08-07T14:31:43Z,bf:60c939761fb30a26a0ea6e03,bf:6070a8022fd5451122c65ae8,0,2,2,1
startgg,600214,Kards Open VIII,open,Swiss Bracket A,swiss,Round 2,2021-08-07T14:35:19Z,bf:564e7b5b80b8db4a00c4ff9c,bf:5fa3da8e11743771ade92018,0,2,2,1
startgg,600214,Kards Open VIII,open,Swiss Bracket A,swiss,Round 2,2021-08-07T14:36:49Z,bf:5ec99a6d5cb5d5345c7fdf7c,sgg:2380599,2,1,1,1
startgg,600214,Kards Open VIII,open,Swiss Bracket A,swiss,Round 2,2021-08-07T14:37:15Z,sgg:2375403,bf:5f32919a74a4bd1196ff9509,0,2,2,1
startgg,600214,Kards Open VIII,open,Swiss Bracket A,swiss,Round 2,2021-08-07T14:45:31Z,sgg:2375442,bf:5f109d917a5f692572240090,2,0,1,1
startgg,600214,Kards Open VIII,open,Swiss Bracket A,swiss,Round 2,2021-08-07T14:46:11Z,bf:5fa5397c241d875936d2c2f2,bf:5fbef0144d01f9313d135b11,2,1,1,1
startgg,600214,Kards Open VIII,open,Swiss Bracket A,swiss,Round 2,2021-08-07T14:50:27Z,bf:5fa27bfdf8fc171ea9f66924,bf:60ae60e26dada66f5e2a9239,1,2,2,1
startgg,600214,Kards Open VIII,open,Swiss Bracket A,swiss,Round 3,2021-08-07T15:14:22Z,bf:5ec038e2256baa1d38011a05,bf:60a65e7e982b577479221d7e,2,0,1,1
startgg,600214,Kards Open VIII,open,Swiss Bracket A,swiss,Round 3,2021-08-07T15:16:16Z,bf:6070a8022fd5451122c65ae8,bf:5c7e66cd2dd6e4033a9d5fd1,2,0,1,1
startgg,600214,Kards Open VIII,open,Swiss Bracket A,swiss,Round 3,2021-08-07T15:24:34Z,bf:602d5acba74cc17c31b7d9af,bf:5f32919a74a4bd1196ff9509,0,2,2,1
startgg,600214,Kards Open VIII,open,Swiss Bracket A,swiss,Round 3,2021-08-07T15:28:33Z,bf:5ec99a6d5cb5d5345c7fdf7c,bf:564e7b5b80b8db4a00c4ff9c,2,1,1,1
startgg,600214,Kards Open VIII,open,Swiss Bracket A,swiss,Round 3,2021-08-07T15:32:07Z,sgg:2375403,sgg:2380599,2,1,1,1
startgg,600214,Kards Open VIII,open,Swiss Bracket A,swiss,Round 3,2021-08-07T15:33:00Z,bf:5fa3da8e11743771ade92018,bf:5fa5397c241d875936d2c2f2,2,1,1,1
startgg,600214,Kards Open VIII,open,Swiss Bracket A,swiss,Round 3,2021-08-07T15:34:22Z,bf:5f109d917a5f692572240090,sgg:2375354,2,0,1,1
startgg,600214,Kards Open VIII,open,Swiss Bracket A,swiss,Round 3,2021-08-07T15:40:28Z,bf:60ae60e26dada66f5e2a9239,sgg:2375442,1,2,2,1
startgg,600214,Kards Open VIII,open,Swiss Bracket A,swiss,Round 3,2021-08-07T15:42:19Z,bf:5fbef0144d01f9313d135b11,bf:5fa27bfdf8fc171ea9f66924,2,1,1,1
startgg,600214,Kards Open VIII,open,Swiss Bracket A,swiss,Round 3,2021-08-07T15:53:21Z,bf:5fb7473c502b9e587d1becbe,bf:5f0e37b37c5e104738aebbe3,2,1,1,1
startgg,600214,Kards Open VIII,open,Swiss Bracket A,swiss,Round 3,2021-08-07T15:58:27Z,bf:5f11d0b0eea71b24bc30e84a,sgg:2382579,1,2,2,1
startgg,600214,Kards Open VIII,open,Swiss Bracket A,swiss,Round 4,2021-08-07T16:19:33Z,bf:60a65e7e982b577479221d7e,bf:564e7b5b80b8db4a00c4ff9c,1,2,2,1
startgg,600214,Kards Open VIII,open,Swiss Bracket A,swiss,Round 4,2021-08-07T16:22:35Z,bf:5fa5397c241d875936d2c2f2,bf:5ec038e2256baa1d38011a05,1,2,2,1
startgg,600214,Kards Open VIII,open,Swiss Bracket A,swiss,Round 4,2021-08-07T16:30:34Z,sgg:2375442,bf:5fb7473c502b9e587d1becbe,2,0,1,1
startgg,600214,Kards Open VIII,open,Swiss Bracket A,swiss,Round 4,2021-08-07T16:32:15Z,bf:5f362c8703dbcc11d58d78e3,bf:5f0e37b37c5e104738aebbe3,1,2,2,1
startgg,600214,Kards Open VIII,open,Swiss Bracket A,swiss,Round 4,2021-08-07T16:32:38Z,bf:5fa3da8e11743771ade92018,sgg:2382579,0,2,2,1
startgg,600214,Kards Open VIII,open,Swiss Bracket A,swiss,Round 4,2021-08-07T16:35:47Z,bf:60ae60e26dada66f5e2a9239,bf:60721ccb5c1419118df3a796,2,1,1,1
startgg,600214,Kards Open VIII,open,Swiss Bracket A,swiss,Round 4,2021-08-07T16:35:49Z,bf:6070a8022fd5451122c65ae8,bf:5f32919a74a4bd1196ff9509,0,2,2,1
startgg,600214,Kards Open VIII,open,Swiss Bracket A,swiss,Round 4,2021-08-07T16:37:30Z,sgg:2374874,bf:602d5acba74cc17c31b7d9af,2,1,1,1
startgg,600214,Kards Open VIII,open,Swiss Bracket A,swiss,Round 4,2021-08-07T16:39:09Z,bf:5fa27bfdf8fc171ea9f66924,sgg:2375354,2,1,1,1
startgg,600214,Kards Open VIII,open,Swiss Bracket A,swiss,Round 4,2021-08-07T16:50:06Z,bf:5f11d0b0eea71b24bc30e84a,bf:5fbef0144d01f9313d135b11,2,0,1,1
startgg,600214,Kards Open VIII,open,Swiss Bracket A,swiss,Round 4,2021-08-07T16:55:37Z,bf:5ec99a6d5cb5d5345c7fdf7c,bf:5f109d917a5f692572240090,2,1,1,1
startgg,600214,Kards Open VIII,open,Swiss Bracket A,swiss,Round 5,2021-08-07T17:20:49Z,bf:5fb7473c502b9e587d1becbe,bf:5f32919a74a4bd1196ff9509,0,-1,1,0
startgg,600214,Kards Open VIII,open,Swiss Bracket A,swiss,Round 5,2021-08-07T17:21:17Z,bf:5c7e66cd2dd6e4033a9d5fd1,bf:5f362c8703dbcc11d58d78e3,2,1,1,1
startgg,600214,Kards Open VIII,open,Swiss Bracket A,swiss,Round 5,2021-08-07T17:25:25Z,bf:5fa27bfdf8fc171ea9f66924,sgg:2375403,2,0,1,1
startgg,600214,Kards Open VIII,open,Swiss Bracket A,swiss,Round 5,2021-08-07T17:30:19Z,bf:5fa3da8e11743771ade92018,bf:5f11d0b0eea71b24bc30e84a,2,0,1,1
startgg,600214,Kards Open VIII,open,Swiss Bracket A,swiss,Round 5,2021-08-07T17:30:59Z,sgg:2374874,bf:5fbef0144d01f9313d135b11,2,0,1,1
startgg,600214,Kards Open VIII,open,Swiss Bracket A,swiss,Round 5,2021-08-07T17:31:09Z,sgg:2375094,bf:5ec99a6d5cb5d5345c7fdf7c,0,2,2,1
startgg,600214,Kards Open VIII,open,Swiss Bracket A,swiss,Round 5,2021-08-07T17:31:37Z,bf:60721ccb5c1419118df3a796,bf:60c939761fb30a26a0ea6e03,0,2,2,1
startgg,600214,Kards Open VIII,open,Swiss Bracket A,swiss,Round 5,2021-08-07T17:34:23Z,sgg:2382579,sgg:2375442,2,1,1,1
startgg,600214,Kards Open VIII,open,Swiss Bracket A,swiss,Round 5,2021-08-07T17:43:03Z,bf:6070a8022fd5451122c65ae8,bf:564e7b5b80b8db4a00c4ff9c,2,1,1,1
startgg,600214,Kards Open VIII,open,Swiss Bracket A,swiss,Round 5,2021-08-07T17:47:49Z,bf:5f109d917a5f692572240090,bf:5fa5397c241d875936d2c2f2,0,2,2,1
startgg,600214,Kards Open VIII,open,Swiss Bracket A,swiss,Round 5,2021-08-07T17:47:57Z,bf:5ec038e2256baa1d38011a05,bf:60ae60e26dada66f5e2a9239,1,2,2,1
startgg,600214,Kards Open VIII,open,Swiss Bracket A,swiss,Round 6,2021-08-07T18:05:13Z,bf:5c7e66cd2dd6e4033a9d5fd1,bf:5fa27bfdf8fc171ea9f66924,0,2,2,1
startgg,600214,Kards Open VIII,open,Swiss Bracket A,swiss,Round 6,2021-08-07T18:10:23Z,sgg:2380599,bf:60c939761fb30a26a0ea6e03,0,-1,1,0
startgg,600214,Kards Open VIII,open,Swiss Bracket A,swiss,Round 6,2021-08-07T18:10:30Z,sgg:2375403,bf:60721ccb5c1419118df3a796,1,2,2,1
startgg,600214,Kards Open VIII,open,Swiss Bracket A,swiss,Round 6,2021-08-07T18:11:51Z,sgg:2375354,bf:5f362c8703dbcc11d58d78e3,0,2,2,1
startgg,600214,Kards Open VIII,open,Swiss Bracket A,swiss,Round 6,2021-08-07T18:13:35Z,bf:6070a8022fd5451122c65ae8,sgg:2375094,2,0,1,1
startgg,600214,Kards Open VIII,open,Swiss Bracket A,swiss,Round 6,2021-08-07T18:15:24Z,sgg:2375442,bf:5ec99a6d5cb5d5345c7fdf7c,2,1,1,1
startgg,600214,Kards Open VIII,open,Swiss Bracket A,swiss,Round 6,2021-08-07T18:16:27Z,sgg:2374874,bf:5ec038e2256baa1d38011a05,0,2,2,1
startgg,600214,Kards Open VIII,open,Swiss Bracket A,swiss,Round 6,2021-08-07T18:18:02Z,bf:5fbef0144d01f9313d135b11,bf:5f109d917a5f692572240090,0,2,2,1
startgg,600214,Kards Open VIII,open,Swiss Bracket A,swiss,Round 6,2021-08-07T18:24:21Z,sgg:2382579,bf:5f0e37b37c5e104738aebbe3,2,0,1,1
startgg,600214,Kards Open VIII,open,Swiss Bracket A,swiss,Round 6,2021-08-07T18:27:46Z,bf:5fa3da8e11743771ade92018,bf:5f32919a74a4bd1196ff9509,0,2,2,1
startgg,600214,Kards Open VIII,open,Swiss Bracket A,swiss,Round 6,2021-08-07T18:35:12Z,bf:60ae60e26dada66f5e2a9239,bf:5fb7473c502b9e587d1becbe,1,2,2,1
startgg,600214,Kards Open VIII,open,Swiss Bracket A,swiss,Round 6,2021-08-07T18:47:31Z,bf:5f11d0b0eea71b24bc30e84a,bf:5fa5397c241d875936d2c2f2,2,1,1,1
startgg,600215,Kards Open VIII,open,Swiss Bracket B,swiss,Round 1,2021-08-21T13:19:53Z,bf:5ec99a6d5cb5d5345c7fdf7c,sgg:2410397,2,0,1,1
startgg,600215,Kards Open VIII,open,Swiss Bracket B,swiss,Round 1,2021-08-21T13:20:30Z,bf:602d5acba74cc17c31b7d9af,sgg:2408269,0,-1,1,0
startgg,600215,Kards Open VIII,open,Swiss Bracket B,swiss,Round 1,2021-08-21T13:24:40Z,bf:5fb038eb1632970e916b6f46,sgg:2408029,2,0,1,1
startgg,600215,Kards Open VIII,open,Swiss Bracket B,swiss,Round 1,2021-08-21T13:29:07Z,bf:5f3fc42472caf64e0f2b589c,sgg:2408285,2,1,1,1
startgg,600215,Kards Open VIII,open,Swiss Bracket B,swiss,Round 1,2021-08-21T13:30:21Z,bf:5fa27bfdf8fc171ea9f66924,bf:5f113e2cd04bae257fc195f6,2,0,1,1
startgg,600215,Kards Open VIII,open,Swiss Bracket B,swiss,Round 1,2021-08-21T13:41:19Z,bf:5f32f48419fcf2666b2abff1,sgg:375061,1,2,2,1
startgg,600215,Kards Open VIII,open,Swiss Bracket B,swiss,Round 1,2021-08-21T13:42:07Z,bf:5f362c8703dbcc11d58d78e3,bf:607823b0c75b3f32bc89dbca,1,2,2,1
startgg,600215,Kards Open VIII,open,Swiss Bracket B,swiss,Round 1,2021-08-21T13:42:37Z,bf:5eb65df574f31a11dd226b38,bf:57101bc80b3b0f8312f27ec5,2,1,1,1
startgg,600215,Kards Open VIII,open,Swiss Bracket B,swiss,Round 1,2021-08-21T13:51:07Z,bf:5f1520542cba8f11c2a44c16,sgg:2410346,0,2,2,1
startgg,600215,Kards Open VIII,open,Swiss Bracket B,swiss,Round 2,2021-08-21T14:19:24Z,bf:607823b0c75b3f32bc89dbca,bf:5ec99a6d5cb5d5345c7fdf7c,1,2,2,1
startgg,600215,Kards Open VIII,open,Swiss Bracket B,swiss,Round 2,2021-08-21T14:26:26Z,sgg:2407266,bf:5f109d917a5f692572240090,0,2,2,1
startgg,600215,Kards Open VIII,open,Swiss Bracket B,swiss,Round 2,2021-08-21T14:28:23Z,bf:5f1520542cba8f11c2a44c16,bf:5f32f48419fcf2666b2abff1,0,2,2,1
startgg,600215,Kards Open VIII,open,Swiss Bracket B,swiss,Round 2,2021-08-21T14:30:50Z,bf:5f113e2cd04bae257fc195f6,sgg:2408285,2,0,1,1
startgg,600215,Kards Open VIII,open,Swiss Bracket B,swiss,Round 2,2021-08-21T14:31:19Z,bf:5fb038eb1632970e916b6f46,bf:5f4318d1681ff84ab5ec92f9,2,1,1,1
startgg,600215,Kards Open VIII,open,Swiss Bracket B,swiss,Round 2,2021-08-21T14:35:23Z,bf:60721ccb5c1419118df3a796,bf:5fa27bfdf8fc171ea9f66924,1,2,2,1
startgg,600215,Kards Open VIII,open,Swiss Bracket B,swiss,Round 2,2021-08-21T14:41:18Z,bf:57101bc80b3b0f8312f27ec5,sgg:2408269,0,1,2,1
startgg,600215,Kards Open VIII,open,Swiss Bracket B,swiss,Round 2,2021-08-21T14:44:14Z,bf:5fb42443a2fd346547530b2e,sgg:375061,2,1,1,1
startgg,600215,Kards Open VIII,open,Swiss Bracket B,swiss,Round 2,2021-08-21T14:46:18Z,bf:5fbc4040adfefd64e8c8fd73,sgg:2409467,0,2,2,1
startgg,600215,Kards Open VIII,open,Swiss Bracket B,swiss,Round 3,2021-08-21T15:03:14Z,bf:5f32f48419fcf2666b2abff1,sgg:2410397,2,0,1,1
startgg,600215,Kards Open VIII,open,Swiss Bracket B,swiss,Round 3,2021-08-21T15:10:42Z,bf:5f4318d1681ff84ab5ec92f9,sgg:2408269,0,2,2,1
startgg,600215,Kards Open VIII,open,Swiss Bracket B,swiss,Round 3,2021-08-21T15:11:44Z,bf:5eb65df574f31a11dd226b38,bf:602d5acba74cc17c31b7d9af,2,0,1,1
startgg,600215,Kards Open VIII,open,Swiss Bracket B,swiss,Round 3,2021-08-21T15:12:42Z,sgg:2408285,bf:5f1520542cba8f11c2a44c16,0,2,2,1
startgg,600215,Kards Open VIII,open,Swiss Bracket B,swiss,Round 3,2021-08-21T15:13:58Z,bf:5f109d917a5f692572240090,bf:564e7b5b80b8db4a00c4ff9c,2,0,1,1
startgg,600215,Kards Open VIII,open,Swiss Bracket B,swiss,Round 3,2021-08-21T15:14:22Z,bf:601d334704309b1b93074798,sgg:2409441,2,0,1,1
startgg,600215,Kards Open VIII,open,Swiss Bracket B,swiss,Round 3,2021-08-21T15:19:12Z,sgg:2410346,bf:5f362c8703dbcc11d58d78e3,0,2,2,1
startgg,600215,Kards Open VIII,open,Swiss Bracket B,swiss,Round 3,2021-08-21T15:19:49Z,bf:5ec99a6d5cb5d5345c7fdf7c,bf:5fb038eb1632970e916b6f46,2,1,1,1
startgg,600215,Kards Open VIII,open,Swiss Bracket B,swiss,Round 3,2021-08-21T15:20:20Z,sgg:2408029,sgg:375061,0,2,2,1
startgg,600215,Kards Open VIII,open,Swiss Bracket B,swiss,Round 3,2021-08-21T15:26:54Z,bf:5fb42443a2fd346547530b2e,bf:5fa27bfdf8fc171ea9f66924,0,2,2,1
startgg,600215,Kards Open VIII,open,Swiss Bracket B,swiss,Round 3,2021-08-21T15:28:06Z,bf:5fbc4040adfefd64e8c8fd73,bf:5f113e2cd04bae257fc195f6,1,2,2,1
startgg,600215,Kards Open VIII,open,Swiss Bracket B,swiss,Round 3,2021-08-21T15:29:22Z,sgg:2409467,bf:5f3fc42472caf64e0f2b589c,2,1,1,1
startgg,600215,Kards Open VIII,open,Swiss Bracket B,swiss,Round 4,2021-08-21T15:54:55Z,sgg:375061,bf:5f3fc42472caf64e0f2b589c,0,2,2,1
startgg,600215,Kards Open VIII,open,Swiss Bracket B,swiss,Round 4,2021-08-21T15:55:01Z,sgg:2408269,sgg:2409441,2,0,1,1
startgg,600215,Kards Open VIII,open,Swiss Bracket B,swiss,Round 4,2021-08-21T15:55:05Z,bf:602d5acba74cc17c31b7d9af,sgg:2410346,0,2,2,1
startgg,600215,Kards Open VIII,open,Swiss Bracket B,swiss,Round 4,2021-08-21T15:56:17Z,bf:5f362c8703dbcc11d58d78e3,bf:5fb42443a2fd346547530b2e,2,0,1,1
startgg,600215,Kards Open VIII,open,Swiss Bracket B,swiss,Round 4,2021-08-21T15:56:20Z,bf:5f4318d1681ff84ab5ec92f9,sgg:2408029,2,0,1,1
startgg,600215,Kards Open VIII,open,Swiss Bracket B,swiss,Round 4,2021-08-21T15:56:20Z,bf:5fbc4040adfefd64e8c8fd73,bf:5f1520542cba8f11c2a44c16,2,0,1,1
startgg,600215,Kards Open VIII,open,Swiss Bracket B,swiss,Round 4,2021-08-21T15:57:20Z,sgg:2409467,bf:5ec99a6d5cb5d5345c7fdf7c,2,0,1,1
startgg,600215,Kards Open VIII,open,Swiss Bracket B,swiss,Round 4,2021-08-21T15:58:31Z,sgg:2407266,bf:5fa27bfdf8fc171ea9f66924,0,2,2,1
startgg,600215,Kards Open VIII,open,Swiss Bracket B,swiss,Round 4,2021-08-21T16:00:23Z,bf:5eb65df574f31a11dd226b38,bf:5f109d917a5f692572240090,0,2,2,1
startgg,600215,Kards Open VIII,open,Swiss Bracket B,swiss,Round 4,2021-08-21T16:05:20Z,bf:601d334704309b1b93074798,bf:60721ccb5c1419118df3a796,1,2,2,1
startgg,600215,Kards Open VIII,open,Swiss Bracket B,swiss,Round 4,2021-08-21T16:13:54Z,bf:607823b0c75b3f32bc89dbca,bf:5f113e2cd04bae257fc195f6,1,2,2,1
startgg,600215,Kards Open VIII,open,Swiss Bracket B,swiss,Round 4,2021-08-21T16:14:16Z,bf:5f32f48419fcf2666b2abff1,bf:5fb038eb1632970e916b6f46,1,2,2,1
startgg,600215,Kards Open VIII,open,Swiss Bracket B,swiss,Round 5,2021-08-21T16:31:09Z,bf:5fb038eb1632970e916b6f46,bf:5f3fc42472caf64e0f2b589c,0,2,2,1
startgg,600215,Kards Open VIII,open,Swiss Bracket B,swiss,Round 5,2021-08-21T16:33:30Z,bf:5f32f48419fcf2666b2abff1,sgg:2407266,2,0,1,1
startgg,600215,Kards Open VIII,open,Swiss Bracket B,swiss,Round 5,2021-08-21T16:39:00Z,bf:5f109d917a5f692572240090,bf:5fa27bfdf8fc171ea9f66924,2,0,1,1
startgg,600215,Kards Open VIII,open,Swiss Bracket B,swiss,Round 5,2021-08-21T16:41:20Z,bf:5f362c8703dbcc11d58d78e3,bf:5ec99a6d5cb5d5345c7fdf7c,2,0,1,1
startgg,600215,Kards Open VIII,open,Swiss Bracket B,swiss,Round 5,2021-08-21T16:42:18Z,sgg:2410397,sgg:375061,1,2,2,1
startgg,600215,Kards Open VIII,open,Swiss Bracket B,swiss,Round 5,2021-08-21T16:42:19Z,bf:5fb42443a2fd346547530b2e,bf:601d334704309b1b93074798,2,0,1,1
startgg,600215,Kards Open VIII,open,Swiss Bracket B,swiss,Round 5,2021-08-21T16:45:23Z,bf:607823b0c75b3f32bc89dbca,sgg:2410346,2,1,1,1
startgg,600215,Kards Open VIII,open,Swiss Bracket B,swiss,Round 5,2021-08-21T16:45:46Z,bf:602d5acba74cc17c31b7d9af,bf:5f4318d1681ff84ab5ec92f9,2,1,1,1
startgg,600215,Kards Open VIII,open,Swiss Bracket B,swiss,Round 5,2021-08-21T16:49:50Z,bf:60721ccb5c1419118df3a796,bf:5eb65df574f31a11dd226b38,0,2,2,1
startgg,600215,Kards Open VIII,open,Swiss Bracket B,swiss,Round 5,2021-08-21T16:50:55Z,bf:564e7b5b80b8db4a00c4ff9c,bf:5f113e2cd04bae257fc195f6,2,1,1,1
startgg,600215,Kards Open VIII,open,Swiss Bracket B,swiss,Round 5,2021-08-21T16:59:17Z,sgg:2409467,sgg:2408269,2,1,1,1
startgg,600215,Kards Open VIII,open,Swiss Bracket B,swiss,Round 5,2021-08-21T17:02:06Z,bf:57101bc80b3b0f8312f27ec5,bf:5fbc4040adfefd64e8c8fd73,1,2,2,1
startgg,600215,Kards Open VIII,open,Swiss Bracket B,swiss,Round 5,2021-08-21T17:10:20Z,sgg:2408029,bf:5f1520542cba8f11c2a44c16,2,1,1,1
startgg,600215,Kards Open VIII,open,Swiss Bracket B,swiss,Round 6,2021-08-21T17:27:00Z,bf:5fb42443a2fd346547530b2e,bf:607823b0c75b3f32bc89dbca,0,2,2,1
startgg,600215,Kards Open VIII,open,Swiss Bracket B,swiss,Round 6,2021-08-21T17:27:21Z,bf:5f113e2cd04bae257fc195f6,sgg:2410346,2,0,1,1
startgg,600215,Kards Open VIII,open,Swiss Bracket B,swiss,Round 6,2021-08-21T17:27:53Z,bf:60721ccb5c1419118df3a796,bf:5ec99a6d5cb5d5345c7fdf7c,0,2,2,1
startgg,600215,Kards Open VIII,open,Swiss Bracket B,swiss,Round 6,2021-08-21T17:30:32Z,sgg:2410397,bf:57101bc80b3b0f8312f27ec5,-1,-1,1,0
startgg,600215,Kards Open VIII,open,Swiss Bracket B,swiss,Round 6,2021-08-21T17:36:26Z,sgg:2407266,sgg:2408029,2,0,1,1
startgg,600215,Kards Open VIII,open,Swiss Bracket B,swiss,Round 6,2021-08-21T17:40:23Z,sgg:2408269,sgg:375061,1,2,2,1
startgg,600215,Kards Open VIII,open,Swiss Bracket B,swiss,Round 6,2021-08-21T17:43:11Z,bf:5f3fc42472caf64e0f2b589c,bf:5eb65df574f31a11dd226b38,0,2,2,1
startgg,600215,Kards Open VIII,open,Swiss Bracket B,swiss,Round 6,2021-08-21T17:45:06Z,bf:5f32f48419fcf2666b2abff1,bf:5fbc4040adfefd64e8c8fd73,0,2,2,1
startgg,600215,Kards Open VIII,open,Swiss Bracket B,swiss,Round 6,2021-08-21T17:46:19Z,sgg:2408285,bf:5fb038eb1632970e916b6f46,2,0,1,1
startgg,600215,Kards Open VIII,open,Swiss Bracket B,swiss,Round 6,2021-08-21T17:49:23Z,sgg:2409441,bf:5f4318d1681ff84ab5ec92f9,2,1,1,1
startgg,600215,Kards Open VIII,open,Swiss Bracket B,swiss,Round 6,2021-08-21T17:51:17Z,bf:601d334704309b1b93074798,bf:5f1520542cba8f11c2a44c16,2,0,1,1
startgg,600215,Kards Open VIII,open,Swiss Bracket B,swiss,Round 6,2021-08-21T17:55:01Z,bf:5f362c8703dbcc11d58d78e3,bf:564e7b5b80b8db4a00c4ff9c,2,1,1,1
startgg,600215,Kards Open VIII,open,Swiss Bracket B,swiss,Round 6,2021-08-21T17:55:43Z,sgg:2409467,bf:5f109d917a5f692572240090,2,1,1,1
startgg,600215,Kards Open VIII,open,Swiss Bracket B,swiss,Round 6,2021-08-21T18:03:45Z,bf:5fa27bfdf8fc171ea9f66924,bf:602d5acba74cc17c31b7d9af,1,2,2,1
startgg,600218,Kards Open VIII,open,Top Cuts,single_elimination,Round 1,2021-09-04T13:35:09Z,bf:60ae60e26dada66f5e2a9239,bf:5ec99a6d5cb5d5345c7fdf7c,1,2,2,1
startgg,600218,Kards Open VIII,open,Top Cuts,single_elimination,Round 1,2021-09-04T13:41:22Z,sgg:2382579,sgg:375061,2,0,1,1
startgg,600218,Kards Open VIII,open,Top Cuts,single_elimination,Round 1,2021-09-04T13:47:52Z,sgg:2375442,bf:5fa27bfdf8fc171ea9f66924,1,2,2,1
startgg,600218,Kards Open VIII,open,Top Cuts,single_elimination,Round 1,2021-09-04T13:50:14Z,bf:5fb7473c502b9e587d1becbe,bf:5f3fc42472caf64e0f2b589c,2,1,1,1
startgg,600218,Kards Open VIII,open,Top Cuts,single_elimination,Round 1,2021-09-04T13:54:28Z,bf:5f113e2cd04bae257fc195f6,bf:5f32919a74a4bd1196ff9509,2,1,1,1
startgg,600218,Kards Open VIII,open,Top Cuts,single_elimination,Round 1,2021-09-04T13:56:41Z,bf:5f362c8703dbcc11d58d78e3,bf:5fa3da8e11743771ade92018,2,1,1,1
startgg,600218,Kards Open VIII,open,Top Cuts,single_elimination,Round 1,2021-09-04T13:57:35Z,bf:5f109d917a5f692572240090,bf:6070a8022fd5451122c65ae8,2,0,1,1
startgg,600218,Kards Open VIII,open,Top Cuts,single_elimination,Round 1,2021-09-04T13:59:39Z,sgg:2409467,bf:5ec038e2256baa1d38011a05,2,0,1,1
startgg,600218,Kards Open VIII,open,Top Cuts,single_elimination,Quarter-Final,2021-09-04T14:33:45Z,sgg:2382579,bf:5f113e2cd04bae257fc195f6,2,0,1,1
startgg,600218,Kards Open VIII,open,Top Cuts,single_elimination,Quarter-Final,2021-09-04T14:37:22Z,bf:5f109d917a5f692572240090,bf:5fb7473c502b9e587d1becbe,2,0,1,1
startgg,600218,Kards Open VIII,open,Top Cuts,single_elimination,Quarter-Final,2021-09-04T14:39:41Z,sgg:2409467,bf:5ec99a6d5cb5d5345c7fdf7c,2,0,1,1
startgg,600218,Kards Open VIII,open,Top Cuts,single_elimination,Quarter-Final,2021-09-04T15:09:04Z,bf:5fa27bfdf8fc171ea9f66924,bf:5f362c8703dbcc11d58d78e3,1,2,2,1
startgg,600218,Kards Open VIII,open,Top Cuts,single_elimination,Semi-Final,2021-09-05T14:47:53Z,sgg:2382579,bf:5f109d917a5f692572240090,2,3,2,1
startgg,600218,Kards Open VIII,open,Top Cuts,single_elimination,Semi-Final,2021-09-05T16:53:31Z,sgg:2409467,bf:5f362c8703dbcc11d58d78e3,2,3,2,1
startgg,600218,Kards Open VIII,open,Top Cuts,single_elimination,Final,2021-09-05T18:11:37Z,bf:5f109d917a5f692572240090,bf:5f362c8703dbcc11d58d78e3,3,0,1,1
startgg,600218,Kards Open VIII,open,Top Cuts,single_elimination,3rd Place Tiebreak,2021-09-07T12:09:20Z,sgg:2409467,sgg:2382579,1,3,2,1
startgg,628320,Kards World Championship 2021,official,Grand Finals,double_elimination,Losers Semi-Final,2021-10-23T13:00:00Z,sgg:2486589,bf:5fa62937c3c163598ec80783,,,0,0
startgg,628320,Kards World Championship 2021,official,Grand Finals,double_elimination,Winners Final,2021-10-23T13:00:00Z,bf:5fa27e32f8fc171ea9f66940,sgg:2494008,,,0,0
startgg,628320,Kards World Championship 2021,official,Round Robin Stage,round_robin,Round 1,2021-10-23T13:07:19Z,bf:6030a2af3222cb45216b822e,bf:5d4eae596c2b2139a67ce680,0,2,2,1
startgg,628320,Kards World Championship 2021,official,Round Robin Stage,round_robin,Round 2,2021-10-23T13:08:10Z,bf:6030a2af3222cb45216b822e,sgg:2483661,0,2,2,1
startgg,628320,Kards World Championship 2021,official,Round Robin Stage,round_robin,Round 3,2021-10-23T13:09:30Z,bf:6030a2af3222cb45216b822e,sgg:2491143,0,2,2,1
startgg,628320,Kards World Championship 2021,official,Round Robin Stage,round_robin,Round 1,2021-10-23T13:19:13Z,bf:5fb1e014eb92fe0475439152,bf:5fa27bfdf8fc171ea9f66924,0,2,2,1
startgg,628320,Kards World Championship 2021,official,Round Robin Stage,round_robin,Round 2,2021-10-23T13:20:19Z,bf:5fb1e014eb92fe0475439152,sgg:2486768,0,2,2,1
startgg,628320,Kards World Championship 2021,official,Round Robin Stage,round_robin,Round 3,2021-10-23T13:21:36Z,sgg:2498370,bf:5fb1e014eb92fe0475439152,2,0,1,1
startgg,628320,Kards World Championship 2021,official,Round Robin Stage,round_robin,Round 1,2021-10-23T13:22:39Z,sgg:2486768,bf:5fa5ede611743771ade94108,0,2,2,1
startgg,628320,Kards World Championship 2021,official,Round Robin Stage,round_robin,Round 1,2021-10-23T13:23:57Z,sgg:2495272,sgg:2494678,2,0,1,1
startgg,628320,Kards World Championship 2021,official,Round Robin Stage,round_robin,Round 1,2021-10-23T13:27:19Z,bf:5f3fc42472caf64e0f2b589c,sgg:2488448,2,0,1,1
startgg,628320,Kards World Championship 2021,official,Round Robin Stage,round_robin,Round 1,2021-10-23T13:28:32Z,bf:5f0cd40c3087a65e039603f4,bf:5fa3da8e11743771ade92018,2,0,1,1
startgg,628320,Kards World Championship 2021,official,Round Robin Stage,round_robin,Round 1,2021-10-23T13:28:58Z,bf:564e7b5b80b8db4a00c4ff9c,bf:5f32f48419fcf2666b2abff1,2,0,1,1
startgg,628320,Kards World Championship 2021,official,Round Robin Stage,round_robin,Round 1,2021-10-23T13:30:16Z,sgg:2485339,bf:5f11d0b0eea71b24bc30e84a,2,0,1,1
startgg,628320,Kards World Championship 2021,official,Round Robin Stage,round_robin,Round 1,2021-10-23T13:31:54Z,bf:57101bc80b3b0f8312f27ec5,bf:5f113e2cd04bae257fc195f6,0,2,2,1
startgg,628320,Kards World Championship 2021,official,Round Robin Stage,round_robin,Round 1,2021-10-23T13:32:21Z,bf:5f109d917a5f692572240090,sgg:2486604,2,0,1,1
startgg,628320,Kards World Championship 2021,official,Round Robin Stage,round_robin,Round 1,2021-10-23T13:32:24Z,sgg:2493663,bf:5c4d3b7150078403fe2d5308,2,1,1,1
startgg,628320,Kards World Championship 2021,official,Round Robin Stage,round_robin,Round 1,2021-10-23T13:33:54Z,sgg:2483895,bf:5ebea2fd1eafc755976c161a,2,1,1,1
startgg,628320,Kards World Championship 2021,official,Round Robin Stage,round_robin,Round 1,2021-10-23T13:34:42Z,bf:5fb1cc6ee0bfea60c76a1385,bf:5fb02943698db1048d26b9cd,0,2,2,1
startgg,628320,Kards World Championship 2021,official,Round Robin Stage,round_robin,Round 1,2021-10-23T13:36:43Z,sgg:2483698,bf:5fa2011d11743771ade90dee,1,2,2,1
startgg,628320,Kards World Championship 2021,official,Round Robin Stage,round_robin,Round 1,2021-10-23T13:36:58Z,sgg:2382579,sgg:2483766,1,2,2,1
startgg,628320,Kards World Championship 2021,official,Round Robin Stage,round_robin,Round 1,2021-10-23T13:37:22Z,bf:5f0e37b37c5e104738aebbe3,sgg:2494008,2,1,1,1
startgg,628320,Kards World Championship 2021,official,Round Robin Stage,round_robin,Round 1,2021-10-23T13:37:23Z,bf:5fa57306cc28b3594394b946,bf:5fbf6ade2dc8793ada852a75,0,2,2,1
startgg,628320,Kards World Championship 2021,official,Round Robin Stage,round_robin,Round 1,2021-10-23T13:37:25Z,bf:5ec99a6d5cb5d5345c7fdf7c,sgg:2494304,2,0,1,1
startgg,628320,Kards World Championship 2021,official,Round Robin Stage,round_robin,Round 1,2021-10-23T13:37:56Z,sgg:2498198,sgg:2488469,1,2,2,1
startgg,628320,Kards World Championship 2021,official,Round Robin Stage,round_robin,Round 1,2021-10-23T13:38:13Z,bf:5fbeb056698db1048d27b5bd,sgg:2483756,2,0,1,1
startgg,628320,Kards World Championship 2021,official,Round Robin Stage,round_robin,Round 1,2021-10-23T13:39:04Z,bf:6043da6f1fe61e118d92889d,sgg:2499155,1,2,2,1
startgg,628320,Kards World Championship 2021,official,Round Robin Stage,round_robin,Round 1,2021-10-23T13:39:44Z,sgg:2494716,bf:601d68eabf58cf5f54a82fbf,2,0,1,1
startgg,628320,Kards World Championship 2021,official,Round Robin Stage,round_robin,Round 1,2021-10-23T13:39:52Z,sgg:2496180,bf:5ec038e2256baa1d38011a05,1,2,2,1
startgg,628320,Kards World Championship 2021,official,Round Robin Stage,round_robin,Round 1,2021-10-23T13:40:34Z,bf:5f1b48d1abfcb016362ba48e,sgg:2319558,0,2,2,1
startgg,628320,Kards World Championship 2021,official,Round Robin Stage,round_robin,Round 1,2021-10-23T13:41:03Z,bf:5fbd548d698db1048d27a866,bf:60509713496ba24d0604cc08,0,2,2,1
startgg,628320,Kards World Championship 2021,official,Round Robin Stage,round_robin,Round 4,2021-10-23T13:41:44Z,sgg:2496415,bf:5fbd548d698db1048d27a866,2,0,1,1
startgg,628320,Kards World Championship 2021,official,Round Robin Stage,round_robin,Round 1,2021-10-23T13:42:19Z,sgg:2483631,sgg:2351757,2,0,1,1
startgg,628320,Kards World Championship 2021,official,Round Robin Stage,round_robin,Round 1,2021-10-23T13:42:50Z,sgg:2483676,bf:607823b0c75b3f32bc89dbca,1,2,2,1
startgg,628320,Kards World Championship 2021,official,Round Robin Stage,round_robin,Round 1,2021-10-23T13:43:06Z,sgg:2483799,sgg:2499847,0,2,2,1
startgg,628320,Kards World Championship 2021,official,Round Robin Stage,round_robin,Round 1,2021-10-23T13:43:37Z,bf:5fb3184d9a9e750ea663e423,sgg:2493529,2,0,1,1
startgg,628320,Kards World Championship 2021,official,Round Robin Stage,round_robin,Round 1,2021-10-23T13:43:37Z,sgg:2491412,sgg:2494779,2,1,1,1
startgg,628320,Kards World Championship 2021,official,Round Robin Stage,round_robin,Round 1,2021-10-23T13:43:54Z,sgg:2491287,sgg:2388207,0,2,2,1
startgg,628320,Kards World Championship 2021,official,Round Robin Stage,round_robin,Round 1,2021-10-23T13:44:25Z,sgg:2491143,sgg:2410397,2,1,1,1
startgg,628320,Kards World Championship 2021,official,Round Robin Stage,round_robin,Round 1,2021-10-23T13:44:44Z,sgg:2483500,bf:6070a8022fd5451122c65ae8,2,0,1,1
startgg,628320,Kards World Championship 2021,official,Round Robin Stage,round_robin,Round 3,2021-10-23T13:49:44Z,bf:5fb02943698db1048d26b9cd,sgg:2496180,2,0,1,1
startgg,628320,Kards World Championship 2021,official,Round Robin Stage,round_robin,Round 1,2021-10-23T13:51:51Z,bf:5eb62f23aefaaf170fa23f33,bf:5f362c8703dbcc11d58d78e3,2,1,1,1
startgg,628320,Kards World Championship 2021,official,Round Robin Stage,round_robin,Round 2,2021-10-23T13:52:44Z,bf:5c4d3b7150078403fe2d5308,sgg:2409467,0,2,2,1
startgg,628320,Kards World Championship 2021,official,Round Robin Stage,round_robin,Round 4,2021-10-23T13:52:59Z,bf:5f109d917a5f692572240090,sgg:2496180,2,0,1,1
startgg,628320,Kards World Championship 2021,official,Round Robin Stage,round_robin,Round 5,2021-10-23T13:53:16Z,sgg:2496180,sgg:2486604,0,2,2,1
startgg,628320,Kards World Championship 2021,official,Round Robin Stage,round_robin,Round 3,2021-10-23T13:54:16Z,bf:5f130139f7c29f223fd64290,bf:5f113e2cd04bae257fc195f6,0,2,2,1
startgg,628320,Kards World Championship 2021,official,Round Robin Stage,round_robin,Round 1,2021-10-23T13:54:49Z,bf:5fbc4040adfefd64e8c8fd73,bf:5f11d247160c3f2239e940a4,2,1,1,1
startgg,628320,Kards World Championship 2021,official,Round Robin Stage,round_robin,Round 2,2021-10-23T13:55:18Z,bf:5ec99a6d5cb5d5345c7fdf7c,sgg:2494779,2,0,1,1
startgg,628320,Kards World Championship 2021,official,Round Robin Stage,round_robin,Round 1,2021-10-23T13:56:03Z,bf:5fa5397c241d875936d2c2f2,sgg:2483808,2,0,1,1
startgg,628320,Kards World Championship 2021,official,Round Robin Stage,round_robin,Round 1,2021-10-23T13:56:41Z,sgg:2483760,sgg:2486950,1,2,2,1
startgg,628320,Kards World Championship 2021,official,Round Robin Stage,round_robin,Round 3,2021-10-23T13:58:09Z,sgg:2494779,sgg:2483760,0,2,2,1
startgg,628320,Kards World Championship 2021,official,Round Robin Stage,round_robin,Round 4,2021-10-23T13:58:23Z,sgg:2494779,sgg:2494304,0,2,2,1
startgg,628320,Kards World Championship 2021,official,Round Robin Stage,round_robin,Round 5,2021-10-23T13:58:46Z,sgg:2486950,sgg:2494779,2,0,1,1
startgg,628320,Kards World Championship 2021,official,Round Robin Stage,round_robin,Round 2,2021-10-23T13:59:30Z,bf:57101bc80b3b0f8312f27ec5,bf:5f0e37b37c5e104738aebbe3,0,2,2,1
startgg,628320,Kards World Championship 2021,official,Round Robin Stage,round_robin,Round 2,2021-10-23T14:00:55Z,sgg:2498370,bf:5fa5ede611743771ade94108,2,0,1,1
startgg,628320,Kards World Championship 2021,official,Round Robin Stage,round_robin,Round 2,2021-10-23T14:03:05Z,bf:5fbf6ade2dc8793ada852a75,sgg:2319558,0,2,2,1
startgg,628320,Kards World Championship 2021,official,Round Robin Stage,round_robin,Round 2,2021-10-23T14:03:13Z,bf:5fa467df4eb3c2458669c29a,bf:5d4eae596c2b2139a67ce680,1,2,2,1
startgg,628320,Kards World Championship 2021,official,Round Robin Stage,round_robin,Round 2,2021-10-23T14:03:36Z,sgg:2483676,sgg:2485339,0,2,2,1
startgg,628320,Kards World Championship 2021,official,Round Robin Stage,round_robin,Round 2,2021-10-23T14:04:06Z,sgg:2483739,bf:5fa27bfdf8fc171ea9f66924,2,1,1,1
startgg,628320,Kards World Championship 2021,official,Round Robin Stage,round_robin,Round 2,2021-10-23T14:04:42Z,bf:5fa3973bf8fc171ea9f68255,sgg:2499155,2,0,1,1
startgg,628320,Kards World Championship 2021,official,Round Robin Stage,round_robin,Round 2,2021-10-23T14:05:14Z,sgg:2483895,sgg:2495272,1,2,2,1
startgg,628320,Kards World Championship 2021,official,Round Robin Stage,round_robin,Round 2,2021-10-23T14:06:23Z,bf:5eb65df574f31a11dd226b38,sgg:2488469,2,1,1,1
startgg,628320,Kards World Championship 2021,official,Round Robin Stage,round_robin,Round 2,2021-10-23T14:07:13Z,sgg:2483766,sgg:2494678,1,2,2,1
startgg,628320,Kards World Championship 2021,official,Round Robin Stage,round_robin,Round 2,2021-10-23T14:07:26Z,sgg:2483500,sgg:2483698,0,2,2,1
startgg,628320,Kards World Championship 2021,official,Round Robin Stage,round_robin,Round 2,2021-10-23T14:08:03Z,bf:5f32f48419fcf2666b2abff1,sgg:2485067,2,0,1,1
startgg,628320,Kards World Championship 2021,official,Round Robin Stage,round_robin,Round 2,2021-10-23T14:08:41Z,sgg:2486604,bf:5ec038e2256baa1d38011a05,0,2,2,1
startgg,628320,Kards World Championship 2021,official,Round Robin Stage,round_robin,Round 2,2021-10-23T14:10:16Z,sgg:2493663,bf:5f0de85b7c5e104738aeb5a8,2,0,1,1
startgg,628320,Kards World Championship 2021,official,Round Robin Stage,round_robin,Round 2,2021-10-23T14:10:28Z,bf:5fb3184d9a9e750ea663e423,bf:5fbd548d698db1048d27a866,2,0,1,1
startgg,628320,Kards World Championship 2021,official,Round Robin Stage,round_robin,Round 2,2021-10-23T14:11:07Z,bf:5f130139f7c29f223fd64290,sgg:2351757,2,0,1,1
startgg,628320,Kards World Championship 2021,official,Round Robin Stage,round_robin,Round 3,2021-10-23T14:11:21Z,sgg:2351757,sgg:2494008,0,2,2,1
startgg,628320,Kards World Championship 2021,official,Round Robin Stage,round_robin,Round 4,2021-10-23T14:11:35Z,sgg:2351757,bf:57101bc80b3b0f8312f27ec5,0,2,2,1
startgg,628320,Kards World Championship 2021,official,Round Robin Stage,round_robin,Round 6,2021-10-23T14:11:48Z,bf:5f113e2cd04bae257fc195f6,sgg:2351757,2,0,1,1
startgg,628320,Kards World Championship 2021,official,Round Robin Stage,round_robin,Round 7,2021-10-23T14:12:02Z,bf:5f0e37b37c5e104738aebbe3,sgg:2351757,2,0,1,1
startgg,628320,Kards World Championship 2021,official,Round Robin Stage,round_robin,Round 2,2021-10-23T14:15:07Z,bf:5fa3da8e11743771ade92018,bf:5fa2011d11743771ade90dee,0,2,2,1
startgg,628320,Kards World Championship 2021,official,Round Robin Stage,round_robin,Round 1,2021-10-23T14:15:07Z,bf:5fa62937c3c163598ec80783,sgg:2498438,2,1,1,1
startgg,628320,Kards World Championship 2021,official,Round Robin Stage,round_robin,Round 4,2021-10-23T14:15:28Z,bf:5f113e2cd04bae257fc195f6,bf:5f0e37b37c5e104738aebbe3,0,2,2,1
startgg,628320,Kards World Championship 2021,official,Round Robin Stage,round_robin,Round 2,2021-10-23T14:17:03Z,bf:5fa27e32f8fc171ea9f66940,bf:5f362c8703dbcc11d58d78e3,2,0,1,1
startgg,628320,Kards World Championship 2021,official,Round Robin Stage,round_robin,Round 1,2021-10-23T14:17:23Z,sgg:2494770,sgg:2485067,0,2,2,1
startgg,628320,Kards World Championship 2021,official,Round Robin Stage,round_robin,Round 2,2021-10-23T14:17:36Z,sgg:2498198,bf:601d68eabf58cf5f54a82fbf,0,2,2,1
startgg,628320,Kards World Championship 2021,official,Round Robin Stage,round_robin,Round 2,2021-10-23T14:18:12Z,sgg:2491412,sgg:2483760,2,1,1,1
startgg,628320,Kards World Championship 2021,official,Round Robin Stage,round_robin,Round 2,2021-10-23T14:18:39Z,sgg:2483631,sgg:2494008,1,2,2,1
startgg,628320,Kards World Championship 2021,official,Round Robin Stage,round_robin,Round 2,2021-10-23T14:22:54Z,bf:5f3fc42472caf64e0f2b589c,sgg:2494716,0,2,2,1
startgg,628320,Kards World Championship 2021,official,Round Robin Stage,round_robin,Round 2,2021-10-23T14:23:10Z,sgg:2496415,sgg:2493529,1,2,2,1
startgg,628320,Kards World Championship 2021,official,Round Robin Stage,round_robin,Round 3,2021-10-23T14:24:01Z,sgg:2499155,sgg:2486878,2,1,1,1
startgg,628320,Kards World Championship 2021,official,Round Robin Stage,round_robin,Round 3,2021-10-23T14:26:00Z,bf:5fa3973bf8fc171ea9f68255,sgg:2483756,0,2,2,1
startgg,628320,Kards World Championship 2021,official,Round Robin Stage,round_robin,Round 2,2021-10-23T14:26:47Z,sgg:2494304,sgg:2486950,1,2,2,1
startgg,628320,Kards World Championship 2021,official,Round Robin Stage,round_robin,Round 2,2021-10-23T14:26:49Z,sgg:2382579,bf:5ebea2fd1eafc755976c161a,2,1,1,1
startgg,628320,Kards World Championship 2021,official,Round Robin Stage,round_robin,Round 2,2021-10-23T14:26:56Z,bf:5fa57306cc28b3594394b946,bf:5f11d247160c3f2239e940a4,2,0,1,1
startgg,628320,Kards World Championship 2021,official,Round Robin Stage,round_robin,Round 3,2021-10-23T14:27:57Z,bf:5fa467df4eb3c2458669c29a,sgg:2410397,2,0,1,1
startgg,628320,Kards World Championship 2021,official,Round Robin Stage,round_robin,Round 1,2021-10-23T14:28:41Z,bf:5eb7670e5e789b4b50a06de2,sgg:2486878,0,2,2,1
startgg,628320,Kards World Championship 2021,official,Round Robin Stage,round_robin,Round 2,2021-10-23T14:28:57Z,bf:5fbeb056698db1048d27b5bd,bf:5eb7670e5e789b4b50a06de2,2,0,1,1
startgg,628320,Kards World Championship 2021,official,Round Robin Stage,round_robin,Round 3,2021-10-23T14:29:08Z,sgg:2483766,sgg:2483895,2,0,1,1
startgg,628320,Kards World Championship 2021,official,Round Robin Stage,round_robin,Round 4,2021-10-23T14:29:34Z,sgg:2483756,bf:5eb7670e5e789b4b50a06de2,2,0,1,1
startgg,628320,Kards World Championship 2021,official,Round Robin Stage,round_robin,Round 3,2021-10-23T14:31:09Z,sgg:2483739,bf:5fa5ede611743771ade94108,1,2,2,1
startgg,628320,Kards World Championship 2021,official,Round Robin Stage,round_robin,Round 3,2021-10-23T14:32:11Z,bf:6043da6f1fe61e118d92889d,bf:5fbeb056698db1048d27b5bd,2,1,1,1
startgg,628320,Kards World Championship 2021,official,Round Robin Stage,round_robin,Round 3,2021-10-23T14:32:22Z,sgg:2496415,bf:60509713496ba24d0604cc08,0,2,2,1
startgg,628320,Kards World Championship 2021,official,Round Robin Stage,round_robin,Round 2,2021-10-23T14:33:02Z,sgg:2497727,sgg:2489723,1,2,2,1
startgg,628320,Kards World Championship 2021,official,Round Robin Stage,round_robin,Round 3,2021-10-23T14:33:31Z,sgg:2382579,sgg:2494678,2,0,1,1
startgg,628320,Kards World Championship 2021,official,Round Robin Stage,round_robin,Round 3,2021-10-23T14:34:17Z,bf:5fa27bfdf8fc171ea9f66924,sgg:2486768,0,2,2,1
startgg,628320,Kards World Championship 2021,official,Round Robin Stage,round_robin,Round 1,2021-10-23T14:35:12Z,sgg:2489723,sgg:2409467,1,2,2,1
startgg,628320,Kards World Championship 2021,official,Round Robin Stage,round_robin,Round 1,2021-10-23T14:35:28Z,sgg:2497727,bf:5f0de85b7c5e104738aeb5a8,2,1,1,1
startgg,628320,Kards World Championship 2021,official,Round Robin Stage,round_robin,Round 3,2021-10-23T14:37:06Z,bf:5eb65df574f31a11dd226b38,sgg:2488448,1,2,2,1
startgg,628320,Kards World Championship 2021,official,Round Robin Stage,round_robin,Round 3,2021-10-23T14:37:16Z,sgg:2493529,bf:5fbd548d698db1048d27a866,2,0,1,1
startgg,628320,Kards World Championship 2021,official,Round Robin Stage,round_robin,Round 1,2021-10-23T14:37:43Z,bf:5fbf8670698db1048d27bfda,sgg:2483661,2,0,1,1
startgg,628320,Kards World Championship 2021,official,Round Robin Stage,round_robin,Round 2,2021-10-23T14:38:32Z,bf:5f109d917a5f692572240090,bf:5fb02943698db1048d26b9cd,1,2,2,1
startgg,628320,Kards World Championship 2021,official,Round Robin Stage,round_robin,Round 3,2021-10-23T14:39:07Z,bf:5ebea2fd1eafc755976c161a,sgg:2495272,0,2,2,1
startgg,628320,Kards World Championship 2021,official,Round Robin Stage,round_robin,Round 1,2021-10-23T14:40:08Z,sgg:2486589,bf:5f11e67d85fecb25631448a0,2,0,1,1
startgg,628320,Kards World Championship 2021,official,Round Robin Stage,round_robin,Round 1,2021-10-23T14:42:33Z,sgg:2483739,sgg:2498370,2,0,1,1
startgg,628320,Kards World Championship 2021,official,Round Robin Stage,round_robin,Round 2,2021-10-23T14:43:13Z,bf:5f0cd40c3087a65e039603f4,bf:6070a8022fd5451122c65ae8,2,1,1,1
startgg,628320,Kards World Championship 2021,official,Round Robin Stage,round_robin,Round 2,2021-10-23T14:43:16Z,sgg:2492394,bf:607823b0c75b3f32bc89dbca,0,2,2,1
startgg,628320,Kards World Championship 2021,official,Round Robin Stage,round_robin,Round 2,2021-10-23T14:43:46Z,bf:5fa62937c3c163598ec80783,sgg:2483808,2,0,1,1
startgg,628320,Kards World Championship 2021,official,Round Robin Stage,round_robin,Round 3,2021-10-23T14:44:21Z,sgg:2493663,sgg:2409467,2,0,1,1
startgg,628320,Kards World Championship 2021,official,Round Robin Stage,round_robin,Round 2,2021-10-23T14:45:01Z,sgg:2491143,bf:5fbf8670698db1048d27bfda,0,2,2,1
startgg,628320,Kards World Championship 2021,official,Round Robin Stage,round_robin,Round 3,2021-10-23T14:46:07Z,sgg:2498198,bf:5f3fc42472caf64e0f2b589c,1,2,2,1
startgg,628320,Kards World Championship 2021,official,Round Robin Stage,round_robin,Round 3,2021-10-23T14:46:48Z,bf:5fa3da8e11743771ade92018,sgg:2483500,0,2,2,1
startgg,628320,Kards World Championship 2021,official,Round Robin Stage,round_robin,Round 3,2021-10-23T14:47:53Z,bf:5f32f48419fcf2666b2abff1,sgg:2491287,2,1,1,1
startgg,628320,Kards World Championship 2021,official,Round Robin Stage,round_robin,Round 2,2021-10-23T14:48:17Z,sgg:2498438,bf:6051fe41cbd09156d261e80c,2,0,1,1
startgg,628320,Kards World Championship 2021,official,Round Robin Stage,round_robin,Round 3,2021-10-23T14:48:26Z,bf:564e7b5b80b8db4a00c4ff9c,sgg:2485067,2,1,1,1
startgg,628320,Kards World Championship 2021,official,Round Robin Stage,round_robin,Round 3,2021-10-23T14:49:00Z,bf:5c4d3b7150078403fe2d5308,sgg:2497727,2,0,1,1
startgg,628320,Kards World Championship 2021,official,Round Robin Stage,round_robin,Round 3,2021-10-23T14:50:42Z,sgg:2483631,bf:57101bc80b3b0f8312f27ec5,2,1,1,1
startgg,628320,Kards World Championship 2021,official,Round Robin Stage,round_robin,Round 3,2021-10-23T14:51:12Z,bf:5ec99a6d5cb5d5345c7fdf7c,sgg:2486950,1,2,2,1
startgg,628320,Kards World Championship 2021,official,Round Robin Stage,round_robin,Round 3,2021-10-23T14:51:52Z,bf:5f0de85b7c5e104738aeb5a8,sgg:2489723,0,2,2,1
startgg,628320,Kards World Championship 2021,official,Round Robin Stage,round_robin,Round 3,2021-10-23T14:54:19Z,sgg:2488469,bf:601d68eabf58cf5f54a82fbf,0,2,2,1
startgg,628320,Kards World Championship 2021,official,Round Robin Stage,round_robin,Round 3,2021-10-23T14:55:58Z,sgg:2494304,sgg:2491412,0,2,2,1
startgg,628320,Kards World Championship 2021,official,Round Robin Stage,round_robin,Round 3,2021-10-23T14:57:17Z,bf:5f109d917a5f692572240090,bf:5ec038e2256baa1d38011a05,2,0,1,1
startgg,628320,Kards World Championship 2021,official,Round Robin Stage,round_robin,Round 2,2021-10-23T14:59:50Z,bf:5fa5397c241d875936d2c2f2,sgg:2483769,2,1,1,1
startgg,628320,Kards World Championship 2021,official,Round Robin Stage,round_robin,Round 3,2021-10-23T15:00:44Z,bf:5fa57306cc28b3594394b946,sgg:2319558,2,1,1,1
startgg,628320,Kards World Championship 2021,official,Round Robin Stage,round_robin,Round 5,2021-10-23T15:01:57Z,bf:5f11e67d85fecb25631448a0,bf:5eb62f23aefaaf170fa23f33,2,1,1,1
startgg,628320,Kards World Championship 2021,official,Round Robin Stage,round_robin,Round 2,2021-10-23T15:02:53Z,bf:6043da6f1fe61e118d92889d,sgg:2486878,1,2,2,1
startgg,628320,Kards World Championship 2021,official,Round Robin Stage,round_robin,Round 2,2021-10-23T15:03:30Z,sgg:2491287,sgg:2494770,2,1,1,1
startgg,628320,Kards World Championship 2021,official,Round Robin Stage,round_robin,Round 3,2021-10-23T15:04:28Z,sgg:2486604,bf:5fb1cc6ee0bfea60c76a1385,2,0,1,1
startgg,628320,Kards World Championship 2021,official,Round Robin Stage,round_robin,Round 4,2021-10-23T15:07:29Z,bf:5fa467df4eb3c2458669c29a,sgg:2483661,2,1,1,1
startgg,628320,Kards World Championship 2021,official,Round Robin Stage,round_robin,Round 2,2021-10-23T15:08:10Z,bf:5fbc4040adfefd64e8c8fd73,bf:5f1b48d1abfcb016362ba48e,2,1,1,1
startgg,628320,Kards World Championship 2021,official,Round Robin Stage,round_robin,Round 3,2021-10-23T15:09:47Z,bf:6070a8022fd5451122c65ae8,sgg:2483698,0,2,2,1
startgg,628320,Kards World Championship 2021,official,Round Robin Stage,round_robin,Round 3,2021-10-23T15:12:21Z,bf:5f11d247160c3f2239e940a4,bf:5f1b48d1abfcb016362ba48e,2,1,1,1
startgg,628320,Kards World Championship 2021,official,Round Robin Stage,round_robin,Round 3,2021-10-23T15:13:20Z,bf:5d4eae596c2b2139a67ce680,sgg:2483661,0,2,2,1
startgg,628320,Kards World Championship 2021,official,Round Robin Stage,round_robin,Round 3,2021-10-23T15:17:27Z,bf:607823b0c75b3f32bc89dbca,sgg:2485339,2,0,1,1
startgg,628320,Kards World Championship 2021,official,Round Robin Stage,round_robin,Round 2,2021-10-23T15:17:54Z,bf:564e7b5b80b8db4a00c4ff9c,sgg:2388207,2,1,1,1
startgg,628320,Kards World Championship 2021,official,Round Robin Stage,round_robin,Round 2,2021-10-23T15:20:59Z,bf:5eb62f23aefaaf170fa23f33,sgg:2499847,0,2,2,1
startgg,628320,Kards World Championship 2021,official,Round Robin Stage,round_robin,Round 3,2021-10-23T15:22:06Z,bf:5fbf6ade2dc8793ada852a75,bf:5fbc4040adfefd64e8c8fd73,2,0,1,1
startgg,628320,Kards World Championship 2021,official,Round Robin Stage,round_robin,Round 5,2021-10-23T15:23:02Z,bf:60509713496ba24d0604cc08,sgg:2493529,1,2,2,1
startgg,628320,Kards World Championship 2021,official,Round Robin Stage,round_robin,Round 5,2021-10-23T15:24:47Z,bf:5eb65df574f31a11dd226b38,sgg:2494716,2,0,1,1
startgg,628320,Kards World Championship 2021,official,Round Robin Stage,round_robin,Round 3,2021-10-23T15:26:22Z,sgg:2492394,bf:5f11d0b0eea71b24bc30e84a,2,0,1,1
startgg,628320,Kards World Championship 2021,official,Round Robin Stage,round_robin,Round 3,2021-10-23T15:26:50Z,sgg:2483808,sgg:2483769,2,1,1,1
startgg,628320,Kards World Championship 2021,official,Round Robin Stage,round_robin,Round 3,2021-10-23T15:28:27Z,sgg:2498438,bf:5fa5397c241d875936d2c2f2,2,0,1,1
startgg,628320,Kards World Championship 2021,official,Round Robin Stage,round_robin,Round 5,2021-10-23T15:30:24Z,sgg:2488448,sgg:2498198,1,2,2,1
startgg,628320,Kards World Championship 2021,official,Round Robin Stage,round_robin,Round 4,2021-10-23T15:38:39Z,sgg:2410397,bf:5fbf8670698db1048d27bfda,1,2,2,1
startgg,628320,Kards World Championship 2021,official,Round Robin Stage,round_robin,Round 4,2021-10-23T15:39:57Z,sgg:2485067,sgg:2491287,2,1,1,1
startgg,628320,Kards World Championship 2021,official,Round Robin Stage,round_robin,Round 3,2021-10-23T15:44:21Z,sgg:2388207,sgg:2494770,2,0,1,1
startgg,628320,Kards World Championship 2021,official,Round Robin Stage,round_robin,Round 3,2021-10-23T15:46:19Z,bf:5f0cd40c3087a65e039603f4,bf:5fa2011d11743771ade90dee,2,0,1,1
startgg,628320,Kards World Championship 2021,official,Round Robin Stage,round_robin,Round 4,2021-10-23T15:49:46Z,bf:5fb02943698db1048d26b9cd,sgg:2486604,0,2,2,1
startgg,628320,Kards World Championship 2021,official,Round Robin Stage,round_robin,Round 3,2021-10-23T15:53:07Z,bf:5f362c8703dbcc11d58d78e3,sgg:2499847,2,0,1,1
startgg,628320,Kards World Championship 2021,official,Round Robin Stage,round_robin,Round 3,2021-10-23T15:59:53Z,bf:5fa27e32f8fc171ea9f66940,bf:5f11e67d85fecb25631448a0,2,0,1,1
startgg,628320,Kards World Championship 2021,official,Round Robin Stage,round_robin,Round 4,2021-10-23T16:00:32Z,sgg:2492394,sgg:2485339,1,2,2,1
startgg,628320,Kards World Championship 2021,official,Round Robin Stage,round_robin,Round 1,2021-10-23T16:07:23Z,sgg:2483769,bf:6051fe41cbd09156d261e80c,2,0,1,1
startgg,628320,Kards World Championship 2021,official,Round Robin Stage,round_robin,Round 3,2021-10-23T16:10:00Z,bf:5fa62937c3c163598ec80783,bf:6051fe41cbd09156d261e80c,2,1,1,1
startgg,628320,Kards World Championship 2021,official,Round Robin Stage,round_robin,Round 5,2021-10-23T16:35:37Z,bf:5ec038e2256baa1d38011a05,bf:5fb02943698db1048d26b9cd,0,2,2,1
startgg,628320,Kards World Championship 2021,official,Round Robin Stage,round_robin,Round 4,2021-10-23T17:02:40Z,bf:6051fe41cbd09156d261e80c,bf:5fa5397c241d875936d2c2f2,0,2,2,1
startgg,628320,Kards World Championship 2021,official,Round Robin Stage,round_robin,Round 5,2021-10-24T11:54:46Z,bf:5fa27e32f8fc171ea9f66940,sgg:2483799,2,0,1,1
startgg,628320,Kards World Championship 2021,official,Round Robin Stage,round_robin,Round 6,2021-10-24T11:55:34Z,sgg:2483799,bf:5eb62f23aefaaf170fa23f33,0,2,2,1
startgg,628320,Kards World Championship 2021,official,Round Robin Stage,round_robin,Round 2,2021-10-24T11:55:49Z,sgg:2486589,sgg:2483799,2,0,1,1
startgg,628320,Kards World Championship 2021,official,Round Robin Stage,round_robin,Round 4,2021-10-24T11:55:58Z,bf:5f11e67d85fecb25631448a0,sgg:2483799,2,0,1,1
startgg,628320,Kards World Championship 2021,official,Round Robin Stage,round_robin,Round 7,2021-10-24T11:56:07Z,sgg:2483799,bf:5f362c8703dbcc11d58d78e3,0,2,2,1
startgg,628320,Kards World Championship 2021,official,Round Robin Stage,round_robin,Round 5,2021-10-24T12:19:09Z,sgg:2494678,bf:5ebea2fd1eafc755976c161a,2,0,1,1
startgg,628320,Kards World Championship 2021,official,Round Robin Stage,round_robin,Round 4,2021-10-24T12:19:22Z,bf:5ebea2fd1eafc755976c161a,sgg:2483766,0,2,2,1
startgg,628320,Kards World Championship 2021,official,Round Robin Stage,round_robin,Round 4,2021-10-24T12:57:42Z,bf:5f11d0b0eea71b24bc30e84a,sgg:2483676,2,0,1,1
startgg,628320,Kards World Championship 2021,official,Round Robin Stage,round_robin,Round 5,2021-10-24T12:58:11Z,sgg:2492394,sgg:2483676,0,0,0,0
startgg,628320,Kards World Championship 2021,official,Round Robin Stage,round_robin,Round 4,2021-10-24T13:01:06Z,bf:5f130139f7c29f223fd64290,sgg:2494008,0,2,2,1
startgg,628320,Kards World Championship 2021,official,Round Robin Stage,round_robin,Round 5,2021-10-24T13:01:14Z,bf:5f130139f7c29f223fd64290,bf:5f0e37b37c5e104738aebbe3,0,2,2,1
startgg,628320,Kards World Championship 2021,official,Round Robin Stage,round_robin,Round 6,2021-10-24T13:01:19Z,bf:5f130139f7c29f223fd64290,bf:57101bc80b3b0f8312f27ec5,0,2,2,1
startgg,628320,Kards World Championship 2021,official,Round Robin Stage,round_robin,Round 7,2021-10-24T13:01:32Z,bf:5f130139f7c29f223fd64290,sgg:2483631,0,2,2,1
startgg,628320,Kards World Championship 2021,official,Round Robin Stage,round_robin,Round 4,2021-10-24T13:08:37Z,sgg:2494678,sgg:2483895,0,2,2,1
startgg,628320,Kards World Championship 2021,official,Round Robin Stage,round_robin,Round 5,2021-10-24T13:15:03Z,sgg:2483756,bf:6043da6f1fe61e118d92889d,0,2,2,1
startgg,628320,Kards World Championship 2021,official,Round Robin Stage,round_robin,Round 4,2021-10-24T13:16:52Z,bf:5eb65df574f31a11dd226b38,bf:601d68eabf58cf5f54a82fbf,2,0,1,1
startgg,628320,Kards World Championship 2021,official,Round Robin Stage,round_robin,Round 5,2021-10-24T13:19:53Z,sgg:2410397,bf:6030a2af3222cb45216b822e,2,0,1,1
startgg,628320,Kards World Championship 2021,official,Round Robin Stage,round_robin,Round 7,2021-10-24T13:20:21Z,bf:5fa467df4eb3c2458669c29a,bf:6030a2af3222cb45216b822e,2,0,1,1
startgg,628320,Kards World Championship 2021,official,Round Robin Stage,round_robin,Round 6,2021-10-24T13:20:50Z,bf:5fbf8670698db1048d27bfda,bf:6030a2af3222cb45216b822e,2,0,1,1
startgg,628320,Kards World Championship 2021,official,Round Robin Stage,round_robin,Round 4,2021-10-24T13:20:54Z,bf:6070a8022fd5451122c65ae8,bf:5fa3da8e11743771ade92018,0,2,2,1
startgg,628320,Kards World Championship 2021,official,Round Robin Stage,round_robin,Round 4,2021-10-24T13:21:40Z,bf:5d4eae596c2b2139a67ce680,sgg:2491143,2,0,1,1
startgg,628320,Kards World Championship 2021,official,Round Robin Stage,round_robin,Round 4,2021-10-24T13:23:11Z,sgg:2488448,sgg:2494716,2,0,1,1
startgg,628320,Kards World Championship 2021,official,Round Robin Stage,round_robin,Round 5,2021-10-24T13:23:51Z,sgg:2483760,sgg:2494304,2,0,1,1
startgg,628320,Kards World Championship 2021,official,Round Robin Stage,round_robin,Round 4,2021-10-24T13:24:18Z,bf:5ec99a6d5cb5d5345c7fdf7c,sgg:2483760,1,2,2,1
startgg,628320,Kards World Championship 2021,official,Round Robin Stage,round_robin,Round 3,2021-10-24T13:24:44Z,bf:5eb62f23aefaaf170fa23f33,sgg:2486589,0,2,2,1
startgg,628320,Kards World Championship 2021,official,Round Robin Stage,round_robin,Round 4,2021-10-24T13:25:42Z,sgg:2493663,sgg:2489723,2,0,1,1
startgg,628320,Kards World Championship 2021,official,Round Robin Stage,round_robin,Round 5,2021-10-24T13:27:10Z,bf:5f11d0b0eea71b24bc30e84a,bf:607823b0c75b3f32bc89dbca,1,2,2,1
startgg,628320,Kards World Championship 2021,official,Round Robin Stage,round_robin,Round 4,2021-10-24T13:27:39Z,bf:5f11d247160c3f2239e940a4,bf:5fbf6ade2dc8793ada852a75,1,2,2,1
startgg,628320,Kards World Championship 2021,official,Round Robin Stage,round_robin,Round 5,2021-10-24T13:27:40Z,sgg:2485067,sgg:2388207,2,1,1,1
startgg,628320,Kards World Championship 2021,official,Round Robin Stage,round_robin,Round 4,2021-10-24T13:28:09Z,bf:5f0cd40c3087a65e039603f4,sgg:2483698,0,2,2,1
startgg,628320,Kards World Championship 2021,official,Round Robin Stage,round_robin,Round 4,2021-10-24T13:28:41Z,sgg:2483808,sgg:2498438,1,2,2,1
startgg,628320,Kards World Championship 2021,official,Round Robin Stage,round_robin,Round 7,2021-10-24T13:29:12Z,sgg:2499847,bf:5f11e67d85fecb25631448a0,2,0,1,1
startgg,628320,Kards World Championship 2021,official,Round Robin Stage,round_robin,Round 4,2021-10-24T13:31:24Z,bf:564e7b5b80b8db4a00c4ff9c,sgg:2494770,2,0,1,1
startgg,628320,Kards World Championship 2021,official,Round Robin Stage,round_robin,Round 4,2021-10-24T13:32:14Z,bf:5fa57306cc28b3594394b946,bf:5f1b48d1abfcb016362ba48e,1,2,2,1
startgg,628320,Kards World Championship 2021,official,Round Robin Stage,round_robin,Round 4,2021-10-24T13:32:20Z,sgg:2382579,sgg:2495272,2,1,1,1
startgg,628320,Kards World Championship 2021,official,Round Robin Stage,round_robin,Round 4,2021-10-24T13:33:04Z,bf:5f0de85b7c5e104738aeb5a8,bf:5c4d3b7150078403fe2d5308,0,2,2,1
startgg,628320,Kards World Championship 2021,official,Round Robin Stage,round_robin,Round 4,2021-10-24T13:33:49Z,sgg:2499155,bf:5fbeb056698db1048d27b5bd,2,1,1,1
startgg,628320,Kards World Championship 2021,official,Round Robin Stage,round_robin,Round 6,2021-10-24T13:34:50Z,bf:5eb7670e5e789b4b50a06de2,bf:6043da6f1fe61e118d92889d,2,1,1,1
startgg,628320,Kards World Championship 2021,official,Round Robin Stage,round_robin,Round 4,2021-10-24T13:34:58Z,sgg:2488469,bf:5f3fc42472caf64e0f2b589c,2,0,1,1
startgg,628320,Kards World Championship 2021,official,Round Robin Stage,round_robin,Round 6,2021-10-24T13:36:16Z,bf:5f11e67d85fecb25631448a0,bf:5f362c8703dbcc11d58d78e3,1,2,2,1
startgg,628320,Kards World Championship 2021,official,Round Robin Stage,round_robin,Round 5,2021-10-24T13:39:28Z,sgg:2483661,sgg:2491143,1,2,2,1
startgg,628320,Kards World Championship 2021,official,Round Robin Stage,round_robin,Round 4,2021-10-24T13:39:43Z,sgg:2486950,sgg:2491412,1,2,2,1
startgg,628320,Kards World Championship 2021,official,Round Robin Stage,round_robin,Round 7,2021-10-24T13:42:18Z,bf:5eb65df574f31a11dd226b38,sgg:2498198,2,0,1,1
startgg,628320,Kards World Championship 2021,official,Round Robin Stage,round_robin,Round 4,2021-10-24T13:43:34Z,bf:5f362c8703dbcc11d58d78e3,sgg:2486589,2,0,1,1
startgg,628320,Kards World Championship 2021,official,Round Robin Stage,round_robin,Round 4,2021-10-24T13:44:09Z,bf:5fa5ede611743771ade94108,bf:5fb1e014eb92fe0475439152,2,0,1,1
startgg,628320,Kards World Championship 2021,official,Round Robin Stage,round_robin,Round 4,2021-10-24T13:44:40Z,sgg:2319558,bf:5fbc4040adfefd64e8c8fd73,0,2,2,1
startgg,628320,Kards World Championship 2021,official,Round Robin Stage,round_robin,Round 5,2021-10-24T13:45:15Z,sgg:2489723,bf:5c4d3b7150078403fe2d5308,2,0,1,1
startgg,628320,Kards World Championship 2021,official,Round Robin Stage,round_robin,Round 5,2021-10-24T13:46:00Z,bf:5fa62937c3c163598ec80783,bf:5fa5397c241d875936d2c2f2,2,0,1,1
startgg,628320,Kards World Championship 2021,official,Round Robin Stage,round_robin,Round 4,2021-10-24T13:46:24Z,bf:5fa27bfdf8fc171ea9f66924,sgg:2498370,1,2,2,1
startgg,628320,Kards World Championship 2021,official,Round Robin Stage,round_robin,Round 5,2021-10-24T13:46:33Z,sgg:2483698,bf:5fa3da8e11743771ade92018,2,0,1,1
startgg,628320,Kards World Championship 2021,official,Round Robin Stage,round_robin,Round 5,2021-10-24T13:47:15Z,bf:5fa5ede611743771ade94108,bf:5fa27bfdf8fc171ea9f66924,2,0,1,1
startgg,628320,Kards World Championship 2021,official,Round Robin Stage,round_robin,Round 4,2021-10-24T13:47:31Z,bf:5fa2011d11743771ade90dee,sgg:2483500,2,1,1,1
startgg,628320,Kards World Championship 2021,official,Round Robin Stage,round_robin,Round 5,2021-10-24T13:47:41Z,sgg:2493663,sgg:2497727,2,0,1,1
startgg,628320,Kards World Championship 2021,official,Round Robin Stage,round_robin,Round 4,2021-10-24T13:47:48Z,sgg:2409467,sgg:2497727,2,0,1,1
startgg,628320,Kards World Championship 2021,official,Round Robin Stage,round_robin,Round 7,2021-10-24T13:48:24Z,sgg:2486878,sgg:2483756,0,2,2,1
startgg,628320,Kards World Championship 2021,official,Round Robin Stage,round_robin,Round 5,2021-10-24T13:48:29Z,sgg:2486878,bf:5fbeb056698db1048d27b5bd,0,2,2,1
startgg,628320,Kards World Championship 2021,official,Round Robin Stage,round_robin,Round 4,2021-10-24T13:48:36Z,bf:5fa3973bf8fc171ea9f68255,sgg:2486878,2,0,1,1
startgg,628320,Kards World Championship 2021,official,Round Robin Stage,round_robin,Round 5,2021-10-24T13:49:23Z,bf:564e7b5b80b8db4a00c4ff9c,sgg:2491287,2,0,1,1
startgg,628320,Kards World Championship 2021,official,Round Robin Stage,round_robin,Round 5,2021-10-24T13:52:05Z,sgg:2382579,sgg:2483895,2,0,1,1
startgg,628320,Kards World Championship 2021,official,Round Robin Stage,round_robin,Round 4,2021-10-24T13:53:10Z,sgg:2388207,bf:5f32f48419fcf2666b2abff1,2,0,1,1
startgg,628320,Kards World Championship 2021,official,Round Robin Stage,round_robin,Round 6,2021-10-24T13:53:53Z,bf:5fa467df4eb3c2458669c29a,sgg:2491143,2,0,1,1
startgg,628320,Kards World Championship 2021,official,Round Robin Stage,round_robin,Round 5,2021-10-24T13:53:55Z,sgg:2409467,bf:5f0de85b7c5e104738aeb5a8,2,1,1,1
startgg,628320,Kards World Championship 2021,official,Round Robin Stage,round_robin,Round 5,2021-10-24T13:54:58Z,bf:5f113e2cd04bae257fc195f6,sgg:2483631,2,0,1,1
startgg,628320,Kards World Championship 2021,official,Round Robin Stage,round_robin,Round 5,2021-10-24T13:55:07Z,bf:5f1b48d1abfcb016362ba48e,bf:5fbf6ade2dc8793ada852a75,1,2,2,1
startgg,628320,Kards World Championship 2021,official,Round Robin Stage,round_robin,Round 5,2021-10-24T13:55:24Z,sgg:2494770,bf:5f32f48419fcf2666b2abff1,2,0,1,1
startgg,628320,Kards World Championship 2021,official,Round Robin Stage,round_robin,Round 6,2021-10-24T13:59:11Z,sgg:2494716,sgg:2498198,2,0,1,1
startgg,628320,Kards World Championship 2021,official,Round Robin Stage,round_robin,Round 5,2021-10-24T13:59:24Z,sgg:2495272,sgg:2483766,1,2,2,1
startgg,628320,Kards World Championship 2021,official,Round Robin Stage,round_robin,Round 4,2021-10-24T13:59:30Z,bf:5ec038e2256baa1d38011a05,bf:5fb1cc6ee0bfea60c76a1385,1,2,2,1
startgg,628320,Kards World Championship 2021,official,Round Robin Stage,round_robin,Round 6,2021-10-24T14:00:42Z,sgg:2483756,sgg:2499155,1,2,2,1
startgg,628320,Kards World Championship 2021,official,Round Robin Stage,round_robin,Round 5,2021-10-24T14:00:48Z,sgg:2494008,bf:57101bc80b3b0f8312f27ec5,2,1,1,1
startgg,628320,Kards World Championship 2021,official,Round Robin Stage,round_robin,Round 5,2021-10-24T14:01:18Z,sgg:2483769,sgg:2498438,0,2,2,1
startgg,628320,Kards World Championship 2021,official,Round Robin Stage,round_robin,Round 7,2021-10-24T14:07:14Z,bf:5fa27e32f8fc171ea9f66940,bf:5eb62f23aefaaf170fa23f33,2,0,1,1
startgg,628320,Kards World Championship 2021,official,Round Robin Stage,round_robin,Round 6,2021-10-24T14:08:00Z,sgg:2410397,bf:5d4eae596c2b2139a67ce680,0,2,2,1
startgg,628320,Kards World Championship 2021,official,Round Robin Stage,round_robin,Round 7,2021-10-24T14:08:09Z,sgg:2483661,sgg:2410397,2,0,1,1
startgg,628320,Kards World Championship 2021,official,Round Robin Stage,round_robin,Round 5,2021-10-24T14:09:19Z,sgg:2483739,bf:5fb1e014eb92fe0475439152,2,0,1,1
startgg,628320,Kards World Championship 2021,official,Round Robin Stage,round_robin,Round 4,2021-10-24T14:11:18Z,sgg:2483739,sgg:2486768,2,0,1,1
startgg,628320,Kards World Championship 2021,official,Round Robin Stage,round_robin,Round 5,2021-10-24T14:11:44Z,bf:5fa57306cc28b3594394b946,bf:5fbc4040adfefd64e8c8fd73,2,0,1,1
startgg,628320,Kards World Championship 2021,official,Round Robin Stage,round_robin,Round 5,2021-10-24T14:12:20Z,sgg:2319558,bf:5f11d247160c3f2239e940a4,1,2,2,1
startgg,628320,Kards World Championship 2021,official,Round Robin Stage,round_robin,Round 5,2021-10-24T14:12:55Z,bf:6051fe41cbd09156d261e80c,sgg:2483808,2,1,1,1
startgg,628320,Kards World Championship 2021,official,Round Robin Stage,round_robin,Round 7,2021-10-24T14:14:06Z,bf:601d68eabf58cf5f54a82fbf,sgg:2488448,1,2,2,1
startgg,628320,Kards World Championship 2021,official,Round Robin Stage,round_robin,Round 6,2021-10-24T14:19:40Z,bf:5fa3973bf8fc171ea9f68255,bf:5fbeb056698db1048d27b5bd,0,2,2,1
startgg,628320,Kards World Championship 2021,official,Round Robin Stage,round_robin,Round 5,2021-10-24T14:23:01Z,bf:5fa467df4eb3c2458669c29a,bf:5fbf8670698db1048d27bfda,1,2,2,1
startgg,628320,Kards World Championship 2021,official,Round Robin Stage,round_robin,Round 7,2021-10-24T14:24:07Z,bf:5eb7670e5e789b4b50a06de2,sgg:2499155,1,2,2,1
startgg,628320,Kards World Championship 2021,official,Round Robin Stage,round_robin,Round 5,2021-10-24T14:27:04Z,sgg:2486768,sgg:2498370,0,2,2,1
startgg,628320,Kards World Championship 2021,official,Round Robin Stage,round_robin,Round 6,2021-10-24T14:28:34Z,bf:5eb65df574f31a11dd226b38,bf:5f3fc42472caf64e0f2b589c,2,1,1,1
startgg,628320,Kards World Championship 2021,official,Round Robin Stage,round_robin,Round 5,2021-10-24T14:29:24Z,sgg:2499847,sgg:2486589,0,2,2,1
startgg,628320,Kards World Championship 2021,official,Round Robin Stage,round_robin,Round 5,2021-10-24T14:29:56Z,bf:5f109d917a5f692572240090,bf:5fb1cc6ee0bfea60c76a1385,1,2,2,1
startgg,628320,Kards World Championship 2021,official,Round Robin Stage,round_robin,Round 6,2021-10-24T14:30:26Z,bf:5f0e37b37c5e104738aebbe3,sgg:2483631,1,2,2,1
startgg,628320,Kards World Championship 2021,official,Round Robin Stage,round_robin,Round 2,2021-10-24T14:30:44Z,bf:5fb1cc6ee0bfea60c76a1385,sgg:2496180,2,0,1,1
startgg,628320,Kards World Championship 2021,official,Round Robin Stage,round_robin,Round 7,2021-10-24T14:34:25Z,sgg:2494716,sgg:2488469,1,2,2,1
startgg,628320,Kards World Championship 2021,official,Round Robin Stage,round_robin,Round 5,2021-10-24T14:35:00Z,bf:5fa3973bf8fc171ea9f68255,bf:5eb7670e5e789b4b50a06de2,2,0,1,1
startgg,628320,Kards World Championship 2021,official,Round Robin Stage,round_robin,Round 5,2021-10-24T14:37:23Z,bf:5f0cd40c3087a65e039603f4,sgg:2483500,0,2,2,1
startgg,628320,Kards World Championship 2021,official,Round Robin Stage,round_robin,Round 4,2021-10-24T14:40:24Z,bf:60509713496ba24d0604cc08,bf:5fb3184d9a9e750ea663e423,1,2,2,1
startgg,628320,Kards World Championship 2021,official,Round Robin Stage,round_robin,Round 5,2021-10-24T14:41:16Z,bf:5fa2011d11743771ade90dee,bf:6070a8022fd5451122c65ae8,2,0,1,1
startgg,628320,Kards World Championship 2021,official,Round Robin Stage,round_robin,Round 4,2021-10-24T14:43:19Z,bf:5fa62937c3c163598ec80783,sgg:2483769,2,0,1,1
startgg,628320,Kards World Championship 2021,official,Round Robin Stage,round_robin,Round 6,2021-10-24T14:46:19Z,bf:5fa27e32f8fc171ea9f66940,sgg:2486589,2,0,1,1
startgg,628320,Kards World Championship 2021,official,Round Robin Stage,round_robin,Round 7,2021-10-24T14:47:14Z,bf:5fa3973bf8fc171ea9f68255,bf:6043da6f1fe61e118d92889d,0,2,2,1
startgg,628320,Kards World Championship 2021,official,Round Robin Stage,round_robin,Round 5,2021-10-24T14:50:39Z,bf:601d68eabf58cf5f54a82fbf,bf:5f3fc42472caf64e0f2b589c,2,0,1,1
startgg,628320,Kards World Championship 2021,official,Round Robin Stage,round_robin,Round 5,2021-10-24T14:52:27Z,bf:5ec99a6d5cb5d5345c7fdf7c,sgg:2491412,0,2,2,1
startgg,628320,Kards World Championship 2021,official,Round Robin Stage,round_robin,Round 7,2021-10-24T14:58:19Z,bf:5fbf8670698db1048d27bfda,bf:5d4eae596c2b2139a67ce680,1,2,2,1
startgg,628320,Kards World Championship 2021,official,Round Robin Stage,round_robin,Round 5,2021-10-24T15:00:46Z,sgg:2496415,bf:5fb3184d9a9e750ea663e423,2,1,1,1
startgg,628320,Kards World Championship 2021,official,Round Robin Stage,round_robin,Round 7,2021-10-24T15:16:28Z,sgg:2494008,bf:5f113e2cd04bae257fc195f6,2,0,1,1
startgg,628320,Kards World Championship 2021,official,Round Robin Stage,round_robin,Round 4,2021-10-24T15:20:08Z,bf:5fa27e32f8fc171ea9f66940,sgg:2499847,0,2,2,1
startgg,628320,Kards World Championship 2021,official,Round Robin Stage,round_robin,Round 6,2021-10-24T15:22:47Z,sgg:2488448,sgg:2488469,2,1,1,1
startgg,628320,Kards World Championship 2021,official,Double Elimination Stage,double_elimination,Winners Round 1,2021-10-30T13:36:41Z,bf:607823b0c75b3f32bc89dbca,sgg:2388207,3,0,1,1
startgg,628320,Kards World Championship 2021,official,Double Elimination Stage,double_elimination,Winners Round 1,2021-10-30T13:42:08Z,sgg:2499155,sgg:2382579,2,3,2,1
startgg,628320,Kards World Championship 2021,official,Double Elimination Stage,double_elimination,Winners Round 1,2021-10-30T13:43:17Z,sgg:2483766,bf:5fbeb056698db1048d27b5bd,1,3,2,1
startgg,628320,Kards World Championship 2021,official,Double Elimination Stage,double_elimination,Winners Round 1,2021-10-30T13:46:16Z,bf:5fb02943698db1048d26b9cd,sgg:2409467,0,3,2,1
startgg,628320,Kards World Championship 2021,official,Double Elimination Stage,double_elimination,Winners Round 1,2021-10-30T13:52:33Z,sgg:2483698,sgg:2486589,1,3,2,1
startgg,628320,Kards World Championship 2021,official,Double Elimination Stage,double_elimination,Winners Round 1,2021-10-30T13:58:20Z,bf:5eb65df574f31a11dd226b38,bf:5fa57306cc28b3594394b946,3,1,1,1
startgg,628320,Kards World Championship 2021,official,Double Elimination Stage,double_elimination,Winners Round 1,2021-10-30T14:00:22Z,bf:564e7b5b80b8db4a00c4ff9c,sgg:2485339,3,1,1,1
startgg,628320,Kards World Championship 2021,official,Double Elimination Stage,double_elimination,Winners Round 1,2021-10-30T14:01:56Z,bf:5f0e37b37c5e104738aebbe3,sgg:2498370,2,3,2,1
startgg,628320,Kards World Championship 2021,official,Double Elimination Stage,double_elimination,Winners Round 1,2021-10-30T14:10:45Z,bf:5fbf8670698db1048d27bfda,sgg:2498438,2,3,2,1
startgg,628320,Kards World Championship 2021,official,Double Elimination Stage,double_elimination,Winners Round 1,2021-10-30T14:12:49Z,bf:5fa62937c3c163598ec80783,bf:5d4eae596c2b2139a67ce680,3,2,1,1
startgg,628320,Kards World Championship 2021,official,Double Elimination Stage,double_elimination,Winners Round 1,2021-10-30T14:17:49Z,sgg:2483739,sgg:2494008,2,3,2,1
startgg,628320,Kards World Championship 2021,official,Double Elimination Stage,double_elimination,Winners Round 1,2021-10-30T14:20:00Z,sgg:2491412,sgg:2493529,0,3,2,1
startgg,628320,Kards World Championship 2021,official,Double Elimination Stage,double_elimination,Winners Round 1,2021-10-30T14:25:42Z,bf:5fbf6ade2dc8793ada852a75,sgg:2488448,2,3,2,1
startgg,628320,Kards World Championship 2021,official,Double Elimination Stage,double_elimination,Winners Round 1,2021-10-30T14:31:04Z,sgg:2493663,bf:5f109d917a5f692572240090,0,3,2,1
startgg,628320,Kards World Championship 2021,official,Double Elimination Stage,double_elimination,Losers Round 1,2021-10-30T14:31:33Z,sgg:2388207,sgg:2483766,3,2,1,1
startgg,628320,Kards World Championship 2021,official,Double Elimination Stage,double_elimination,Winners Round 2,2021-10-30T14:36:02Z,bf:607823b0c75b3f32bc89dbca,bf:5fbeb056698db1048d27b5bd,3,2,1,1
startgg,628320,Kards World Championship 2021,official,Double Elimination Stage,double_elimination,Winners Round 1,2021-10-30T14:40:15Z,bf:5fb3184d9a9e750ea663e423,sgg:2486950,1,3,2,1
startgg,628320,Kards World Championship 2021,official,Double Elimination Stage,double_elimination,Winners Round 2,2021-10-30T14:44:44Z,sgg:2409467,sgg:2486589,1,3,2,1
startgg,628320,Kards World Championship 2021,official,Double Elimination Stage,double_elimination,Losers Round 1,2021-10-30T14:48:38Z,sgg:2499155,sgg:2485339,2,0,1,1
startgg,628320,Kards World Championship 2021,official,Double Elimination Stage,double_elimination,Winners Round 1,2021-10-30T14:51:37Z,bf:5fa27e32f8fc171ea9f66940,bf:5fa2011d11743771ade90dee,3,0,1,1
startgg,628320,Kards World Championship 2021,official,Double Elimination Stage,double_elimination,Winners Round 2,2021-10-30T15:00:08Z,sgg:2382579,bf:564e7b5b80b8db4a00c4ff9c,0,3,2,1
startgg,628320,Kards World Championship 2021,official,Double Elimination Stage,double_elimination,Losers Round 1,2021-10-30T15:04:58Z,bf:5fb02943698db1048d26b9cd,sgg:2483698,3,0,1,1
startgg,628320,Kards World Championship 2021,official,Double Elimination Stage,double_elimination,Losers Round 1,2021-10-30T15:05:08Z,bf:5fa57306cc28b3594394b946,bf:5f0e37b37c5e104738aebbe3,3,1,1,1
startgg,628320,Kards World Championship 2021,official,Double Elimination Stage,double_elimination,Winners Round 2,2021-10-30T15:07:40Z,sgg:2498438,sgg:2493529,2,3,2,1
startgg,628320,Kards World Championship 2021,official,Double Elimination Stage,double_elimination,Losers Round 1,2021-10-30T15:11:02Z,bf:5fbf8670698db1048d27bfda,sgg:2491412,3,2,1,1
startgg,628320,Kards World Championship 2021,official,Double Elimination Stage,double_elimination,Winners Round 2,2021-10-30T15:13:58Z,bf:5eb65df574f31a11dd226b38,sgg:2498370,3,2,1,1
startgg,628320,Kards World Championship 2021,official,Double Elimination Stage,double_elimination,Losers Round 1,2021-10-30T15:19:42Z,sgg:2483739,bf:5fbf6ade2dc8793ada852a75,0,3,2,1
startgg,628320,Kards World Championship 2021,official,Double Elimination Stage,double_elimination,Losers Round 2,2021-10-30T15:31:59Z,bf:5fbeb056698db1048d27b5bd,sgg:2499155,1,3,2,1
startgg,628320,Kards World Championship 2021,official,Double Elimination Stage,double_elimination,Losers Round 2,2021-10-30T15:33:58Z,sgg:2382579,sgg:2388207,3,1,1,1
startgg,628320,Kards World Championship 2021,official,Double Elimination Stage,double_elimination,Winners Round 2,2021-10-30T15:37:58Z,sgg:2486950,bf:5fa62937c3c163598ec80783,2,3,2,1
startgg,628320,Kards World Championship 2021,official,Double Elimination Stage,double_elimination,Losers Round 1,2021-10-30T15:46:03Z,bf:5fb3184d9a9e750ea663e423,bf:5d4eae596c2b2139a67ce680,3,2,1,1
startgg,628320,Kards World Championship 2021,official,Double Elimination Stage,double_elimination,Winners Round 2,2021-10-30T15:51:50Z,sgg:2494008,sgg:2488448,3,2,1,1
startgg,628320,Kards World Championship 2021,official,Double Elimination Stage,double_elimination,Winners Round 2,2021-10-30T16:04:20Z,bf:5fa27e32f8fc171ea9f66940,bf:5f109d917a5f692572240090,3,2,1,1
startgg,628320,Kards World Championship 2021,official,Double Elimination Stage,double_elimination,Losers Round 1,2021-10-30T16:18:08Z,bf:5fa2011d11743771ade90dee,sgg:2493663,0,3,2,1
startgg,628320,Kards World Championship 2021,official,Double Elimination Stage,double_elimination,Losers Round 2,2021-10-30T16:18:20Z,sgg:2409467,sgg:2493663,3,2,1,1
startgg,628320,Kards World Championship 2021,official,Double Elimination Stage,double_elimination,Losers Round 2,2021-10-30T16:21:27Z,sgg:2498370,bf:5fbf6ade2dc8793ada852a75,3,1,1,1
startgg,628320,Kards World Championship 2021,official,Double Elimination Stage,double_elimination,Losers Round 2,2021-10-30T16:24:48Z,sgg:2486950,bf:5fbf8670698db1048d27bfda,3,1,1,1
startgg,628320,Kards World Championship 2021,official,Double Elimination Stage,double_elimination,Winners Quarter-Final,2021-10-30T16:27:05Z,bf:5fa62937c3c163598ec80783,sgg:2486589,3,1,1,1
startgg,628320,Kards World Championship 2021,official,Double Elimination Stage,double_elimination,Losers Round 2,2021-10-30T16:30:58Z,sgg:2488448,bf:5fa57306cc28b3594394b946,3,0,1,1
startgg,628320,Kards World Championship 2021,official,Double Elimination Stage,double_elimination,Winners Quarter-Final,2021-10-30T16:36:13Z,bf:5eb65df574f31a11dd226b38,bf:564e7b5b80b8db4a00c4ff9c,2,3,2,1
startgg,628320,Kards World Championship 2021,official,Double Elimination Stage,double_elimination,Losers Round 3,2021-10-30T16:58:22Z,sgg:2382579,sgg:2498370,0,3,2,1
startgg,628320,Kards World Championship 2021,official,Double Elimination Stage,double_elimination,Losers Round 2,2021-10-30T17:00:24Z,sgg:2498438,bf:5fb3184d9a9e750ea663e423,1,3,2,1
startgg,628320,Kards World Championship 2021,official,Double Elimination Stage,double_elimination,Winners Quarter-Final,2021-10-30T17:05:56Z,bf:5fa27e32f8fc171ea9f66940,sgg:2493529,3,1,1,1
startgg,628320,Kards World Championship 2021,official,Double Elimination Stage,double_elimination,Losers Round 2,2021-10-30T17:15:48Z,bf:5f109d917a5f692572240090,bf:5fb02943698db1048d26b9cd,2,3,2,1
startgg,628320,Kards World Championship 2021,official,Double Elimination Stage,double_elimination,Losers Round 3,2021-10-30T17:16:54Z,sgg:2409467,sgg:2486950,3,2,1,1
startgg,628320,Kards World Championship 2021,official,Double Elimination Stage,double_elimination,Losers Round 3,2021-10-30T17:24:47Z,sgg:2488448,sgg:2499155,3,0,1,1
startgg,628320,Kards World Championship 2021,official,Double Elimination Stage,double_elimination,Losers Round 4,2021-10-30T17:53:35Z,sgg:2493529,sgg:2488448,1,3,2,1
startgg,628320,Kards World Championship 2021,official,Double Elimination Stage,double_elimination,Winners Quarter-Final,2021-10-30T17:55:05Z,bf:607823b0c75b3f32bc89dbca,sgg:2494008,2,3,2,1
startgg,628320,Kards World Championship 2021,official,Double Elimination Stage,double_elimination,Losers Round 4,2021-10-30T18:08:57Z,sgg:2486589,sgg:2498370,3,2,1,1
startgg,628320,Kards World Championship 2021,official,Double Elimination Stage,double_elimination,Losers Round 4,2021-10-30T18:10:35Z,bf:5eb65df574f31a11dd226b38,sgg:2409467,3,1,1,1
startgg,628320,Kards World Championship 2021,official,Double Elimination Stage,double_elimination,Losers Round 3,2021-10-30T18:44:04Z,bf:5fb3184d9a9e750ea663e423,bf:5fb02943698db1048d26b9cd,2,3,2,1
startgg,628320,Kards World Championship 2021,official,Double Elimination Stage,double_elimination,Losers Round 5,2021-10-30T19:04:53Z,sgg:2488448,bf:5eb65df574f31a11dd226b38,1,3,2,1
startgg,628320,Kards World Championship 2021,official,Double Elimination Stage,double_elimination,Losers Round 4,2021-10-30T19:51:42Z,bf:607823b0c75b3f32bc89dbca,bf:5fb02943698db1048d26b9cd,2,3,2,1
startgg,628320,Kards World Championship 2021,official,Double Elimination Stage,double_elimination,Losers Round 5,2021-10-30T20:48:47Z,bf:5fb02943698db1048d26b9cd,sgg:2486589,0,3,2,1
startgg,628320,Kards World Championship 2021,official,Double Elimination Stage,double_elimination,Winners Semi-Final,2021-10-31T14:04:22Z,bf:564e7b5b80b8db4a00c4ff9c,bf:5fa27e32f8fc171ea9f66940,0,3,2,1
startgg,628320,Kards World Championship 2021,official,Double Elimination Stage,double_elimination,Winners Semi-Final,2021-10-31T15:47:29Z,bf:5fa62937c3c163598ec80783,sgg:2494008,2,3,2,1
startgg,628320,Kards World Championship 2021,official,Double Elimination Stage,double_elimination,Losers Quarter-Final,2021-10-31T16:27:23Z,bf:564e7b5b80b8db4a00c4ff9c,sgg:2486589,1,3,2,1
startgg,628320,Kards World Championship 2021,official,Double Elimination Stage,double_elimination,Losers Quarter-Final,2021-10-31T17:20:23Z,bf:5fa62937c3c163598ec80783,bf:5eb65df574f31a11dd226b38,3,0,1,1
startgg,636784,Kards Open IX,open,Swiss Bracket A,swiss,Round 1,2021-11-06T13:16:15Z,bf:5ec99a6d5cb5d5345c7fdf7c,bf:5c4d3b7150078403fe2d5308,2,0,1,1
startgg,636784,Kards Open IX,open,Swiss Bracket A,swiss,Round 1,2021-11-06T13:20:59Z,sgg:2505286,bf:5ebd9402b92b28521a098ec8,0,2,2,1
startgg,636784,Kards Open IX,open,Swiss Bracket A,swiss,Round 1,2021-11-06T13:30:18Z,sgg:2489723,bf:5eb65df574f31a11dd226b38,2,0,1,1
startgg,636784,Kards Open IX,open,Swiss Bracket A,swiss,Round 1,2021-11-06T13:30:28Z,sgg:2503368,sgg:2506738,2,0,1,1
startgg,636784,Kards Open IX,open,Swiss Bracket A,swiss,Round 1,2021-11-06T13:30:52Z,sgg:375061,sgg:2483766,2,0,1,1
startgg,636784,Kards Open IX,open,Swiss Bracket A,swiss,Round 1,2021-11-06T13:30:58Z,sgg:2504781,bf:5eeb9c3d19b81239da9496cb,0,2,2,1
startgg,636784,Kards Open IX,open,Swiss Bracket A,swiss,Round 1,2021-11-06T13:31:15Z,bf:5fa5397c241d875936d2c2f2,bf:601dd93585cc4e75ecefaa9c,2,0,1,1
startgg,636784,Kards Open IX,open,Swiss Bracket A,swiss,Round 1,2021-11-06T13:40:34Z,sgg:2483760,bf:5ec038e2256baa1d38011a05,0,2,2,1
startgg,636784,Kards Open IX,open,Swiss Bracket A,swiss,Round 1,2021-11-06T13:43:00Z,sgg:2485067,bf:5f32f48419fcf2666b2abff1,1,2,2,1
startgg,636784,Kards Open IX,open,Swiss Bracket A,swiss,Round 1,2021-11-06T13:43:25Z,bf:5fa57306cc28b3594394b946,bf:5f109d917a5f692572240090,0,2,2,1
startgg,636784,Kards Open IX,open,Swiss Bracket A,swiss,Round 1,2021-11-06T13:47:33Z,sgg:2505109,bf:5f32c6147bd80311ab78193f,1,2,2,1
startgg,636784,Kards Open IX,open,Swiss Bracket A,swiss,Round 1,2021-11-06T13:48:53Z,bf:60ca80ace39b28468395e0c2,sgg:2520081,2,0,1,1
startgg,636784,Kards Open IX,open,Swiss Bracket A,swiss,Round 1,2021-11-06T13:49:09Z,sgg:2504326,bf:5fb038eb1632970e916b6f46,2,1,1,1
startgg,636784,Kards Open IX,open,Swiss Bracket A,swiss,Round 2,2021-11-06T14:18:18Z,bf:5ebd9402b92b28521a098ec8,bf:5f362c8703dbcc11d58d78e3,2,0,1,1
startgg,636784,Kards Open IX,open,Swiss Bracket A,swiss,Round 2,2021-11-06T14:20:26Z,sgg:2483766,bf:57101bc80b3b0f8312f27ec5,-1,0,2,0
startgg,636784,Kards Open IX,open,Swiss Bracket A,swiss,Round 2,2021-11-06T14:20:33Z,bf:5fa57306cc28b3594394b946,sgg:2505109,2,0,1,1
startgg,636784,Kards Open IX,open,Swiss Bracket A,swiss,Round 2,2021-11-06T14:23:57Z,bf:5eeb9c3d19b81239da9496cb,bf:5ec038e2256baa1d38011a05,1,2,2,1
startgg,636784,Kards Open IX,open,Swiss Bracket A,swiss,Round 2,2021-11-06T14:26:17Z,bf:5fa3da8e11743771ade92018,bf:5ec99a6d5cb5d5345c7fdf7c,2,1,1,1
startgg,636784,Kards Open IX,open,Swiss Bracket A,swiss,Round 2,2021-11-06T14:29:21Z,bf:564e7b5b80b8db4a00c4ff9c,bf:60685007d0955e11e2b013f4,0,2,2,1
startgg,636784,Kards Open IX,open,Swiss Bracket A,swiss,Round 2,2021-11-06T14:30:05Z,sgg:2504326,bf:5f32c6147bd80311ab78193f,0,2,2,1
startgg,636784,Kards Open IX,open,Swiss Bracket A,swiss,Round 2,2021-11-06T14:30:44Z,sgg:2519625,sgg:2505365,2,1,1,1
startgg,636784,Kards Open IX,open,Swiss Bracket A,swiss,Round 2,2021-11-06T14:32:14Z,bf:5f32f48419fcf2666b2abff1,sgg:2503368,1,2,2,1
startgg,636784,Kards Open IX,open,Swiss Bracket A,swiss,Round 2,2021-11-06T14:36:32Z,bf:60ca80ace39b28468395e0c2,sgg:375061,2,0,1,1
startgg,636784,Kards Open IX,open,Swiss Bracket A,swiss,Round 2,2021-11-06T14:41:00Z,bf:601d68eabf58cf5f54a82fbf,bf:5f109d917a5f692572240090,1,2,2,1
startgg,636784,Kards Open IX,open,Swiss Bracket A,swiss,Round 2,2021-11-06T14:41:30Z,sgg:2520081,sgg:2506738,0,2,2,1
startgg,636784,Kards Open IX,open,Swiss Bracket A,swiss,Round 2,2021-11-06T14:47:21Z,bf:5ec2a6dafd8a561535cde2a5,bf:5f10c966160c3f2239e92921,1,2,2,1
startgg,636784,Kards Open IX,open,Swiss Bracket A,swiss,Round 2,2021-11-06T14:53:20Z,bf:5c4d3b7150078403fe2d5308,bf:5eb65df574f31a11dd226b38,0,2,2,1
startgg,636784,Kards Open IX,open,Swiss Bracket A,swiss,Round 2,2021-11-06T15:01:24Z,bf:603cfe1ab328151e11b92549,bf:5fa5397c241d875936d2c2f2,0,2,2,1
startgg,636784,Kards Open IX,open,Swiss Bracket A,swiss,Round 3,2021-11-06T15:16:28Z,bf:57101bc80b3b0f8312f27ec5,bf:564e7b5b80b8db4a00c4ff9c,2,0,1,1
startgg,636784,Kards Open IX,open,Swiss Bracket A,swiss,Round 3,2021-11-06T15:21:52Z,sgg:375061,bf:5eeb9c3d19b81239da9496cb,2,0,1,1
startgg,636784,Kards Open IX,open,Swiss Bracket A,swiss,Round 3,2021-11-06T15:22:30Z,bf:5f362c8703dbcc11d58d78e3,bf:5ec2a6dafd8a561535cde2a5,2,1,1,1
startgg,636784,Kards Open IX,open,Swiss Bracket A,swiss,Round 3,2021-11-06T15:24:05Z,bf:60ca80ace39b28468395e0c2,sgg:2494716,2,0,1,1
startgg,636784,Kards Open IX,open,Swiss Bracket A,swiss,Round 3,2021-11-06T15:26:16Z,bf:5f10c966160c3f2239e92921,bf:5ebd9402b92b28521a098ec8,0,2,2,1
startgg,636784,Kards Open IX,open,Swiss Bracket A,swiss,Round 3,2021-11-06T15:27:34Z,bf:5f32f48419fcf2666b2abff1,sgg:2504326,2,0,1,1
startgg,636784,Kards Open IX,open,Swiss Bracket A,swiss,Round 3,2021-11-06T15:27:48Z,bf:601dd93585cc4e75ecefaa9c,bf:603cfe1ab328151e11b92549,0,2,2,1
startgg,636784,Kards Open IX,open,Swiss Bracket A,swiss,Round 3,2021-11-06T15:30:38Z,bf:60685007d0955e11e2b013f4,bf:5f32c6147bd80311ab78193f,1,2,2,1
startgg,636784,Kards Open IX,open,Swiss Bracket A,swiss,Round 3,2021-11-06T15:32:20Z,bf:5bef1fd422a55803cb340a40,bf:5ec038e2256baa1d38011a05,2,1,1,1
startgg,636784,Kards Open IX,open,Swiss Bracket A,swiss,Round 3,2021-11-06T15:32:29Z,sgg:2503368,bf:5fa5397c241d875936d2c2f2,0,2,2,1
startgg,636784,Kards Open IX,open,Swiss Bracket A,swiss,Round 3,2021-11-06T15:33:41Z,bf:601d68eabf58cf5f54a82fbf,bf:5fb038eb1632970e916b6f46,2,1,1,1
startgg,636784,Kards Open IX,open,Swiss Bracket A,swiss,Round 3,2021-11-06T15:39:42Z,bf:5f109d917a5f692572240090,bf:5fa467df4eb3c2458669c29a,2,1,1,1
startgg,636784,Kards Open IX,open,Swiss Bracket A,swiss,Round 3,2021-11-06T15:43:25Z,sgg:2489723,bf:5fa3da8e11743771ade92018,1,2,2,1
startgg,636784,Kards Open IX,open,Swiss Bracket A,swiss,Round 3,2021-11-06T15:45:12Z,sgg:2504781,bf:5fa57306cc28b3594394b946,0,2,2,1
startgg,636784,Kards Open IX,open,Swiss Bracket A,swiss,Round 3,2021-11-06T15:50:28Z,sgg:2505109,sgg:2520081,1,2,2,1
startgg,636784,Kards Open IX,open,Swiss Bracket A,swiss,Round 4,2021-11-06T16:25:10Z,bf:5f362c8703dbcc11d58d78e3,bf:5eb65df574f31a11dd226b38,0,2,2,1
startgg,636784,Kards Open IX,open,Swiss Bracket A,swiss,Round 4,2021-11-06T16:29:43Z,sgg:2494716,bf:603cfe1ab328151e11b92549,0,2,2,1
startgg,636784,Kards Open IX,open,Swiss Bracket A,swiss,Round 4,2021-11-06T16:31:04Z,bf:5fb038eb1632970e916b6f46,bf:5eeb9c3d19b81239da9496cb,1,2,2,1
startgg,636784,Kards Open IX,open,Swiss Bracket A,swiss,Round 4,2021-11-06T16:32:17Z,sgg:2519625,sgg:2483766,0,2,2,1
startgg,636784,Kards Open IX,open,Swiss Bracket A,swiss,Round 4,2021-11-06T16:33:27Z,bf:5f32f48419fcf2666b2abff1,bf:5f10c966160c3f2239e92921,2,0,1,1
startgg,636784,Kards Open IX,open,Swiss Bracket A,swiss,Round 4,2021-11-06T16:35:13Z,bf:5fa467df4eb3c2458669c29a,sgg:2489723,2,1,1,1
startgg,636784,Kards Open IX,open,Swiss Bracket A,swiss,Round 4,2021-11-06T16:36:00Z,bf:601d68eabf58cf5f54a82fbf,sgg:2503368,1,2,2,1
startgg,636784,Kards Open IX,open,Swiss Bracket A,swiss,Round 4,2021-11-06T16:40:23Z,bf:5fa3da8e11743771ade92018,bf:5fa57306cc28b3594394b946,0,2,2,1
startgg,636784,Kards Open IX,open,Swiss Bracket A,swiss,Round 4,2021-11-06T16:40:24Z,bf:5ebd9402b92b28521a098ec8,bf:5fa5397c241d875936d2c2f2,1,2,2,1
startgg,636784,Kards Open IX,open,Swiss Bracket A,swiss,Round 4,2021-11-06T16:40:55Z,bf:60685007d0955e11e2b013f4,bf:5ec038e2256baa1d38011a05,1,2,2,1
startgg,636784,Kards Open IX,open,Swiss Bracket A,swiss,Round 4,2021-11-06T16:40:57Z,sgg:2505109,sgg:2505286,2,0,1,1
startgg,636784,Kards Open IX,open,Swiss Bracket A,swiss,Round 4,2021-11-06T16:41:38Z,bf:5f109d917a5f692572240090,bf:5f32c6147bd80311ab78193f,2,1,1,1
startgg,636784,Kards Open IX,open,Swiss Bracket A,swiss,Round 4,2021-11-06T16:44:28Z,bf:5bef1fd422a55803cb340a40,bf:60ca80ace39b28468395e0c2,0,2,2,1
startgg,636784,Kards Open IX,open,Swiss Bracket A,swiss,Round 4,2021-11-06T16:47:29Z,sgg:2506738,sgg:375061,0,2,2,1
startgg,636784,Kards Open IX,open,Swiss Bracket A,swiss,Round 5,2021-11-06T17:15:16Z,bf:5f32f48419fcf2666b2abff1,bf:603cfe1ab328151e11b92549,2,0,1,1
startgg,636784,Kards Open IX,open,Swiss Bracket A,swiss,Round 5,2021-11-06T17:16:13Z,sgg:2519625,sgg:2504326,0,2,2,1
startgg,636784,Kards Open IX,open,Swiss Bracket A,swiss,Round 5,2021-11-06T17:17:17Z,bf:5eeb9c3d19b81239da9496cb,bf:5f32c6147bd80311ab78193f,0,2,2,1
startgg,636784,Kards Open IX,open,Swiss Bracket A,swiss,Round 5,2021-11-06T17:21:06Z,sgg:2485067,bf:5bef1fd422a55803cb340a40,2,0,1,1
startgg,636784,Kards Open IX,open,Swiss Bracket A,swiss,Round 5,2021-11-06T17:23:32Z,sgg:2520081,bf:5ec2a6dafd8a561535cde2a5,0,2,2,1
startgg,636784,Kards Open IX,open,Swiss Bracket A,swiss,Round 5,2021-11-06T17:25:06Z,bf:5f10c966160c3f2239e92921,bf:601dd93585cc4e75ecefaa9c,2,1,1,1
startgg,636784,Kards Open IX,open,Swiss Bracket A,swiss,Round 5,2021-11-06T17:27:22Z,bf:5ec038e2256baa1d38011a05,bf:5fa467df4eb3c2458669c29a,2,0,1,1
startgg,636784,Kards Open IX,open,Swiss Bracket A,swiss,Round 5,2021-11-06T17:28:20Z,sgg:2506738,sgg:2505365,2,1,1,1
startgg,636784,Kards Open IX,open,Swiss Bracket A,swiss,Round 5,2021-11-06T17:31:59Z,bf:5f362c8703dbcc11d58d78e3,sgg:2489723,1,2,2,1
startgg,636784,Kards Open IX,open,Swiss Bracket A,swiss,Round 5,2021-11-06T17:34:09Z,sgg:2503368,sgg:2483760,1,2,2,1
startgg,636784,Kards Open IX,open,Swiss Bracket A,swiss,Round 5,2021-11-06T17:34:19Z,bf:5eb65df574f31a11dd226b38,bf:5ebd9402b92b28521a098ec8,2,1,1,1
startgg,636784,Kards Open IX,open,Swiss Bracket A,swiss,Round 5,2021-11-06T17:36:02Z,bf:5fb038eb1632970e916b6f46,sgg:2505109,2,0,1,1
startgg,636784,Kards Open IX,open,Swiss Bracket A,swiss,Round 5,2021-11-06T17:41:53Z,bf:5ec99a6d5cb5d5345c7fdf7c,bf:5fa57306cc28b3594394b946,1,2,2,1
startgg,636784,Kards Open IX,open,Swiss Bracket A,swiss,Round 5,2021-11-06T17:42:00Z,sgg:375061,bf:5fa3da8e11743771ade92018,2,0,1,1
startgg,636784,Kards Open IX,open,Swiss Bracket A,swiss,Round 5,2021-11-06T17:44:25Z,sgg:2504781,bf:601d68eabf58cf5f54a82fbf,1,2,2,1
startgg,636784,Kards Open IX,open,Swiss Bracket A,swiss,Round 5,2021-11-06T17:45:57Z,bf:5f109d917a5f692572240090,bf:60ca80ace39b28468395e0c2,2,1,1,1
startgg,636784,Kards Open IX,open,Swiss Bracket A,swiss,Round 5,2021-11-06T17:55:14Z,bf:57101bc80b3b0f8312f27ec5,bf:5fa5397c241d875936d2c2f2,2,1,1,1
startgg,636784,Kards Open IX,open,Swiss Bracket A,swiss,Round 6,2021-11-06T18:12:18Z,bf:603cfe1ab328151e11b92549,bf:5ebd9402b92b28521a098ec8,0,2,2,1
startgg,636784,Kards Open IX,open,Swiss Bracket A,swiss,Round 6,2021-11-06T18:15:29Z,bf:5fb038eb1632970e916b6f46,sgg:2505365,0,-1,1,0
startgg,636784,Kards Open IX,open,Swiss Bracket A,swiss,Round 6,2021-11-06T18:16:26Z,sgg:2519625,sgg:2505286,2,0,1,1
startgg,636784,Kards Open IX,open,Swiss Bracket A,swiss,Round 6,2021-11-06T18:17:31Z,bf:5ec038e2256baa1d38011a05,sgg:375061,2,0,1,1
startgg,636784,Kards Open IX,open,Swiss Bracket A,swiss,Round 6,2021-11-06T18:20:17Z,bf:5fa3da8e11743771ade92018,sgg:2494716,2,0,1,1
startgg,636784,Kards Open IX,open,Swiss Bracket A,swiss,Round 6,2021-11-06T18:21:32Z,bf:601d68eabf58cf5f54a82fbf,sgg:2483766,0,2,2,1
startgg,636784,Kards Open IX,open,Swiss Bracket A,swiss,Round 6,2021-11-06T18:25:11Z,bf:57101bc80b3b0f8312f27ec5,bf:60ca80ace39b28468395e0c2,1,2,2,1
startgg,636784,Kards Open IX,open,Swiss Bracket A,swiss,Round 6,2021-11-06T18:27:08Z,bf:5fa467df4eb3c2458669c29a,sgg:2506738,2,0,1,1
startgg,636784,Kards Open IX,open,Swiss Bracket A,swiss,Round 6,2021-11-06T18:27:35Z,bf:5f32c6147bd80311ab78193f,bf:5fa57306cc28b3594394b946,0,2,2,1
startgg,636784,Kards Open IX,open,Swiss Bracket A,swiss,Round 6,2021-11-06T18:30:08Z,sgg:2504781,bf:601dd93585cc4e75ecefaa9c,1,2,2,1
startgg,636784,Kards Open IX,open,Swiss Bracket A,swiss,Round 6,2021-11-06T18:31:02Z,bf:5ec2a6dafd8a561535cde2a5,bf:564e7b5b80b8db4a00c4ff9c,1,2,2,1
startgg,636784,Kards Open IX,open,Swiss Bracket A,swiss,Round 6,2021-11-06T18:32:13Z,bf:5bef1fd422a55803cb340a40,sgg:2503368,2,0,1,1
startgg,636784,Kards Open IX,open,Swiss Bracket A,swiss,Round 6,2021-11-06T18:32:35Z,bf:5eb65df574f31a11dd226b38,bf:5f109d917a5f692572240090,2,1,1,1
startgg,636784,Kards Open IX,open,Swiss Bracket A,swiss,Round 6,2021-11-06T18:34:24Z,bf:5f10c966160c3f2239e92921,bf:5c4d3b7150078403fe2d5308,2,0,1,1
startgg,636784,Kards Open IX,open,Swiss Bracket A,swiss,Round 6,2021-11-06T18:35:39Z,bf:5eeb9c3d19b81239da9496cb,sgg:2504326,2,1,1,1
startgg,636784,Kards Open IX,open,Swiss Bracket A,swiss,Round 6,2021-11-06T18:37:53Z,sgg:2489723,bf:60685007d0955e11e2b013f4,2,0,1,1
startgg,636784,Kards Open IX,open,Swiss Bracket A,swiss,Round 6,2021-11-06T18:53:20Z,bf:5f32f48419fcf2666b2abff1,bf:5fa5397c241d875936d2c2f2,2,0,1,1
startgg,636784,Kards Open IX,open,Swiss Bracket A,swiss,Round 6,2021-11-06T18:53:44Z,sgg:2483760,sgg:2485067,2,0,1,1
startgg,636785,Kards Open IX,open,Swiss Bracket B,swiss,Round 1,2021-11-20T14:18:25Z,bf:5f362c8703dbcc11d58d78e3,bf:5f32c6147bd80311ab78193f,0,2,2,1
startgg,636785,Kards Open IX,open,Swiss Bracket B,swiss,Round 1,2021-11-20T14:25:50Z,sgg:2489723,bf:5eeb9c3d19b81239da9496cb,2,0,1,1
startgg,636785,Kards Open IX,open,Swiss Bracket B,swiss,Round 1,2021-11-20T14:27:11Z,bf:5f0f3d9e7c4df3491abfe047,bf:5ec2a6dafd8a561535cde2a5,1,2,2,1
startgg,636785,Kards Open IX,open,Swiss Bracket B,swiss,Round 1,2021-11-20T14:29:19Z,bf:6070a8022fd5451122c65ae8,sgg:2483766,2,0,1,1
startgg,636785,Kards Open IX,open,Swiss Bracket B,swiss,Round 1,2021-11-20T14:30:40Z,bf:5f4318d1681ff84ab5ec92f9,bf:57b5a7ffabd8181c0cfdf304,1,2,2,1
startgg,636785,Kards Open IX,open,Swiss Bracket B,swiss,Round 1,2021-11-20T14:31:26Z,bf:5fa5397c241d875936d2c2f2,bf:5f0e37b37c5e104738aebbe3,0,2,2,1
startgg,636785,Kards Open IX,open,Swiss Bracket B,swiss,Round 1,2021-11-20T14:40:24Z,bf:5fb3184d9a9e750ea663e423,sgg:2520081,2,1,1,1
startgg,636785,Kards Open IX,open,Swiss Bracket B,swiss,Round 1,2021-11-20T14:43:58Z,bf:564e7b5b80b8db4a00c4ff9c,bf:5fa467df4eb3c2458669c29a,2,1,1,1
startgg,636785,Kards Open IX,open,Swiss Bracket B,swiss,Round 1,2021-11-20T14:49:22Z,sgg:2504326,sgg:2518580,2,1,1,1
startgg,636785,Kards Open IX,open,Swiss Bracket B,swiss,Round 2,2021-11-20T15:23:21Z,sgg:2498198,bf:5f0f3d9e7c4df3491abfe047,0,2,2,1
startgg,636785,Kards Open IX,open,Swiss Bracket B,swiss,Round 2,2021-11-20T15:32:51Z,sgg:2504326,bf:564e7b5b80b8db4a00c4ff9c,0,2,2,1
startgg,636785,Kards Open IX,open,Swiss Bracket B,swiss,Round 2,2021-11-20T15:34:11Z,bf:5ec2a6dafd8a561535cde2a5,sgg:2494716,0,2,2,1
startgg,636785,Kards Open IX,open,Swiss Bracket B,swiss,Round 2,2021-11-20T15:35:24Z,bf:5eeb9c3d19b81239da9496cb,bf:5bef1fd422a55803cb340a40,1,2,2,1
startgg,636785,Kards Open IX,open,Swiss Bracket B,swiss,Round 2,2021-11-20T15:37:54Z,bf:5fb3184d9a9e750ea663e423,bf:6070a8022fd5451122c65ae8,2,0,1,1
startgg,636785,Kards Open IX,open,Swiss Bracket B,swiss,Round 2,2021-11-20T15:43:50Z,sgg:2520081,sgg:2505109,2,0,1,1
startgg,636785,Kards Open IX,open,Swiss Bracket B,swiss,Round 2,2021-11-20T15:48:07Z,bf:5eb62f23aefaaf170fa23f33,bf:5f11d0b0eea71b24bc30e84a,0,2,2,1
startgg,636785,Kards Open IX,open,Swiss Bracket B,swiss,Round 3,2021-11-20T16:39:28Z,bf:5f11d0b0eea71b24bc30e84a,sgg:2494716,0,2,2,1
startgg,636785,Kards Open IX,open,Swiss Bracket B,swiss,Round 3,2021-11-20T16:39:28Z,bf:5f0f3d9e7c4df3491abfe047,bf:6070a8022fd5451122c65ae8,2,0,1,1
startgg,636785,Kards Open IX,open,Swiss Bracket B,swiss,Round 3,2021-11-20T16:41:54Z,sgg:2489723,bf:5ec99a6d5cb5d5345c7fdf7c,0,2,2,1
startgg,636785,Kards Open IX,open,Swiss Bracket B,swiss,Round 3,2021-11-20T16:48:54Z,bf:5f10c966160c3f2239e92921,bf:5f32c6147bd80311ab78193f,0,2,2,1
startgg,636785,Kards Open IX,open,Swiss Bracket B,swiss,Round 3,2021-11-20T16:51:45Z,bf:57b5a7ffabd8181c0cfdf304,bf:60685007d0955e11e2b013f4,2,0,1,1
startgg,636785,Kards Open IX,open,Swiss Bracket B,swiss,Round 3,2021-11-20T17:04:21Z,bf:60509713496ba24d0604cc08,bf:5fb3184d9a9e750ea663e423,2,0,1,1
startgg,636785,Kards Open IX,open,Swiss Bracket B,swiss,Round 3,2021-11-20T17:05:01Z,bf:5f0e37b37c5e104738aebbe3,bf:564e7b5b80b8db4a00c4ff9c,1,2,2,1
startgg,636785,Kards Open IX,open,Swiss Bracket B,swiss,Round 3,2021-11-20T17:09:23Z,sgg:2518580,sgg:2505109,2,1,1,1
startgg,636785,Kards Open IX,open,Swiss Bracket B,swiss,Round 4,2021-11-20T17:28:03Z,bf:5ec2a6dafd8a561535cde2a5,sgg:2504326,2,0,1,1
startgg,636785,Kards Open IX,open,Swiss Bracket B,swiss,Round 4,2021-11-20T17:30:53Z,sgg:2494716,bf:5f32c6147bd80311ab78193f,0,2,2,1
startgg,636785,Kards Open IX,open,Swiss Bracket B,swiss,Round 4,2021-11-20T17:32:47Z,bf:5f362c8703dbcc11d58d78e3,sgg:2520081,2,0,1,1
startgg,636785,Kards Open IX,open,Swiss Bracket B,swiss,Round 4,2021-11-20T17:33:58Z,bf:5bef1fd422a55803cb340a40,bf:5f0e37b37c5e104738aebbe3,2,0,1,1
startgg,636785,Kards Open IX,open,Swiss Bracket B,swiss,Round 4,2021-11-20T17:40:31Z,bf:57b5a7ffabd8181c0cfdf304,bf:5ec99a6d5cb5d5345c7fdf7c,2,0,1,1
startgg,636785,Kards Open IX,open,Swiss Bracket B,swiss,Round 4,2021-11-20T17:40:59Z,sgg:2483766,bf:5fb3184d9a9e750ea663e423,1,2,2,1
startgg,636785,Kards Open IX,open,Swiss Bracket B,swiss,Round 4,2021-11-20T17:46:24Z,bf:5f11d0b0eea71b24bc30e84a,bf:5f4318d1681ff84ab5ec92f9,0,2,2,1
startgg,636785,Kards Open IX,open,Swiss Bracket B,swiss,Round 4,2021-11-20T17:49:31Z,sgg:2505109,bf:5fa5397c241d875936d2c2f2,0,2,2,1
startgg,636785,Kards Open IX,open,Swiss Bracket B,swiss,Round 4,2021-11-20T17:49:58Z,bf:60685007d0955e11e2b013f4,sgg:2489723,1,2,2,1
startgg,636785,Kards Open IX,open,Swiss Bracket B,swiss,Round 4,2021-11-20T17:51:26Z,bf:564e7b5b80b8db4a00c4ff9c,bf:60509713496ba24d0604cc08,2,0,1,1
startgg,636785,Kards Open IX,open,Swiss Bracket B,swiss,Round 5,2021-11-20T18:12:57Z,bf:5ec99a6d5cb5d5345c7fdf7c,bf:5f10c966160c3f2239e92921,2,0,1,1
startgg,636785,Kards Open IX,open,Swiss Bracket B,swiss,Round 5,2021-11-20T18:13:18Z,bf:5f4318d1681ff84ab5ec92f9,bf:5f32c6147bd80311ab78193f,0,2,2,1
startgg,636785,Kards Open IX,open,Swiss Bracket B,swiss,Round 5,2021-11-20T18:15:36Z,sgg:2504326,sgg:2498198,0,-1,1,0
startgg,636785,Kards Open IX,open,Swiss Bracket B,swiss,Round 5,2021-11-20T18:16:01Z,bf:564e7b5b80b8db4a00c4ff9c,bf:57b5a7ffabd8181c0cfdf304,0,2,2,1
startgg,636785,Kards Open IX,open,Swiss Bracket B,swiss,Round 5,2021-11-20T18:16:39Z,bf:5eb62f23aefaaf170fa23f33,bf:5eeb9c3d19b81239da9496cb,0,2,2,1
startgg,636785,Kards Open IX,open,Swiss Bracket B,swiss,Round 5,2021-11-20T18:18:11Z,bf:6070a8022fd5451122c65ae8,bf:60685007d0955e11e2b013f4,2,0,1,1
startgg,636785,Kards Open IX,open,Swiss Bracket B,swiss,Round 5,2021-11-20T18:19:04Z,bf:5f0f3d9e7c4df3491abfe047,bf:5fb3184d9a9e750ea663e423,0,2,2,1
startgg,636785,Kards Open IX,open,Swiss Bracket B,swiss,Round 5,2021-11-20T18:19:41Z,bf:5fa467df4eb3c2458669c29a,bf:5bef1fd422a55803cb340a40,0,2,2,1
startgg,636785,Kards Open IX,open,Swiss Bracket B,swiss,Round 5,2021-11-20T18:21:38Z,sgg:2520081,bf:5f0e37b37c5e104738aebbe3,1,2,2,1
startgg,636785,Kards Open IX,open,Swiss Bracket B,swiss,Round 5,2021-11-20T18:23:52Z,bf:5f362c8703dbcc11d58d78e3,sgg:2494716,2,0,1,1
startgg,636785,Kards Open IX,open,Swiss Bracket B,swiss,Round 5,2021-11-20T18:26:37Z,bf:60509713496ba24d0604cc08,sgg:2489723,0,2,2,1
startgg,636785,Kards Open IX,open,Swiss Bracket B,swiss,Round 5,2021-11-20T18:32:20Z,sgg:2506738,bf:5ec2a6dafd8a561535cde2a5,1,2,2,1
startgg,636785,Kards Open IX,open,Swiss Bracket B,swiss,Round 6,2021-11-20T18:51:19Z,bf:5f0f3d9e7c4df3491abfe047,bf:5f11d0b0eea71b24bc30e84a,0,2,2,1
startgg,636785,Kards Open IX,open,Swiss Bracket B,swiss,Round 6,2021-11-20T18:53:41Z,bf:5f0e37b37c5e104738aebbe3,bf:5eeb9c3d19b81239da9496cb,2,0,1,1
startgg,636785,Kards Open IX,open,Swiss Bracket B,swiss,Round 6,2021-11-20T18:53:42Z,bf:5f10c966160c3f2239e92921,sgg:2483766,2,0,1,1
startgg,636785,Kards Open IX,open,Swiss Bracket B,swiss,Round 6,2021-11-20T18:56:16Z,bf:5fa5397c241d875936d2c2f2,sgg:2520081,2,0,1,1
startgg,636785,Kards Open IX,open,Swiss Bracket B,swiss,Round 6,2021-11-20T18:56:36Z,sgg:2504326,sgg:2506738,0,2,2,1
startgg,636785,Kards Open IX,open,Swiss Bracket B,swiss,Round 6,2021-11-20T18:56:57Z,bf:564e7b5b80b8db4a00c4ff9c,bf:5fb3184d9a9e750ea663e423,2,0,1,1
startgg,636785,Kards Open IX,open,Swiss Bracket B,swiss,Round 6,2021-11-20T18:59:14Z,bf:5ec2a6dafd8a561535cde2a5,bf:6070a8022fd5451122c65ae8,0,2,2,1
startgg,636785,Kards Open IX,open,Swiss Bracket B,swiss,Round 6,2021-11-20T18:59:48Z,bf:5eb62f23aefaaf170fa23f33,bf:5fa467df4eb3c2458669c29a,2,1,1,1
startgg,636785,Kards Open IX,open,Swiss Bracket B,swiss,Round 6,2021-11-20T19:01:53Z,bf:57b5a7ffabd8181c0cfdf304,bf:5f32c6147bd80311ab78193f,2,0,1,1
startgg,636785,Kards Open IX,open,Swiss Bracket B,swiss,Round 6,2021-11-20T19:05:25Z,bf:5f4318d1681ff84ab5ec92f9,bf:60509713496ba24d0604cc08,0,2,2,1
startgg,636785,Kards Open IX,open,Swiss Bracket B,swiss,Round 6,2021-11-20T19:09:20Z,bf:5bef1fd422a55803cb340a40,bf:5ec99a6d5cb5d5345c7fdf7c,2,1,1,1
startgg,636785,Kards Open IX,open,Swiss Bracket B,swiss,Round 6,2021-11-20T19:10:11Z,sgg:2489723,bf:5f362c8703dbcc11d58d78e3,1,2,2,1
startgg,636785,Kards Open IX,open,Swiss Bracket B,swiss,Round 6,2021-11-20T19:10:18Z,sgg:2494716,sgg:2518580,1,2,2,1
startgg,651662,Kards Open IX,open,Top Cuts,single_elimination,Round 1,2021-11-27T13:01:37Z,bf:5ec038e2256baa1d38011a05,bf:5ec99a6d5cb5d5345c7fdf7c,,,2,1
startgg,651662,Kards Open IX,open,Top Cuts,single_elimination,Round 1,2021-11-27T13:24:22Z,bf:564e7b5b80b8db4a00c4ff9c,bf:5f32f48419fcf2666b2abff1,2,0,1,1
startgg,651662,Kards Open IX,open,Top Cuts,single_elimination,Round 1,2021-11-27T13:37:11Z,bf:60ca80ace39b28468395e0c2,sgg:2489723,0,2,2,1
startgg,651662,Kards Open IX,open,Top Cuts,single_elimination,Round 1,2021-11-27T13:48:19Z,bf:5bef1fd422a55803cb340a40,bf:5eb65df574f31a11dd226b38,2,1,1,1
startgg,651662,Kards Open IX,open,Top Cuts,single_elimination,Round 1,2021-11-27T13:53:15Z,bf:5f109d917a5f692572240090,bf:5fb3184d9a9e750ea663e423,2,0,1,1
startgg,651662,Kards Open IX,open,Top Cuts,single_elimination,Round 1,2021-11-27T13:54:14Z,bf:5f32c6147bd80311ab78193f,sgg:2483760,0,2,2,1
startgg,651662,Kards Open IX,open,Top Cuts,single_elimination,Round 1,2021-11-27T14:01:21Z,bf:57b5a7ffabd8181c0cfdf304,sgg:375061,1,2,2,1
startgg,651662,Kards Open IX,open,Top Cuts,single_elimination,Round 1,2021-11-27T14:01:41Z,bf:5fa57306cc28b3594394b946,bf:5f362c8703dbcc11d58d78e3,0,2,2,1
startgg,651662,Kards Open IX,open,Top Cuts,single_elimination,Quarter-Final,2021-11-27T14:02:34Z,bf:564e7b5b80b8db4a00c4ff9c,bf:5ec99a6d5cb5d5345c7fdf7c,2,0,1,1
startgg,651662,Kards Open IX,open,Top Cuts,single_elimination,Quarter-Final,2021-11-27T14:41:40Z,sgg:375061,bf:5f362c8703dbcc11d58d78e3,0,2,2,1
startgg,651662,Kards Open IX,open,Top Cuts,single_elimination,Quarter-Final,2021-11-27T14:47:30Z,bf:5f109d917a5f692572240090,bf:5bef1fd422a55803cb340a40,0,2,2,1
startgg,651662,Kards Open IX,open,Top Cuts,single_elimination,Quarter-Final,2021-11-27T14:52:02Z,sgg:2489723,sgg:2483760,2,1,1,1
startgg,651662,Kards Open IX,open,Top Cuts,single_elimination,Semi-Final,2021-11-28T15:38:02Z,bf:5bef1fd422a55803cb340a40,bf:564e7b5b80b8db4a00c4ff9c,1,3,2,1
startgg,651662,Kards Open IX,open,Top Cuts,single_elimination,Semi-Final,2021-11-28T15:56:50Z,bf:5f362c8703dbcc11d58d78e3,sgg:2489723,3,1,1,1
startgg,651662,Kards Open IX,open,Top Cuts,single_elimination,3rd Place Tiebreak,2021-11-28T16:55:41Z,sgg:2489723,bf:5bef1fd422a55803cb340a40,2,3,2,1
startgg,651662,Kards Open IX,open,Top Cuts,single_elimination,Final,2021-11-28T17:27:27Z,bf:564e7b5b80b8db4a00c4ff9c,bf:5f362c8703dbcc11d58d78e3,3,0,1,1
startgg,670269,Kards Open X,open,Kards Open X Qualifier A,swiss,Round 1,2022-01-29T13:17:08Z,bf:5ec99a6d5cb5d5345c7fdf7c,sgg:2627089,0,-1,1,0
startgg,670269,Kards Open X,open,Kards Open X Qualifier A,swiss,Round 1,2022-01-29T13:17:10Z,sgg:2625266,bf:60c61341543cd91a5d592af7,0,-1,1,0
startgg,670269,Kards Open X,open,Kards Open X Qualifier A,swiss,Round 1,2022-01-29T13:23:23Z,bf:5fa27bfdf8fc171ea9f66924,bf:6064772a1dc5b905e3c0ff51,2,0,1,1
startgg,670269,Kards Open X,open,Kards Open X Qualifier A,swiss,Round 1,2022-01-29T13:24:37Z,sgg:2483766,bf:5c4dca4fa9f6820352797666,1,2,2,1
startgg,670269,Kards Open X,open,Kards Open X Qualifier A,swiss,Round 1,2022-01-29T13:25:26Z,sgg:2616063,sgg:2625715,2,0,1,1
startgg,670269,Kards Open X,open,Kards Open X Qualifier A,swiss,Round 1,2022-01-29T13:33:03Z,bf:5fc1c2f14a3afe55318cfd98,sgg:2520081,0,2,2,1
startgg,670269,Kards Open X,open,Kards Open X Qualifier A,swiss,Round 1,2022-01-29T13:34:06Z,bf:5f11d0b0eea71b24bc30e84a,sgg:2627200,2,0,1,1
startgg,670269,Kards Open X,open,Kards Open X Qualifier A,swiss,Round 1,2022-01-29T13:37:36Z,sgg:2409467,bf:6096f16136c672120ab703d4,2,1,1,1
startgg,670269,Kards Open X,open,Kards Open X Qualifier A,swiss,Round 1,2022-01-29T13:38:19Z,bf:5ec038e2256baa1d38011a05,bf:601ae997fb69622ad6617823,2,1,1,1
startgg,670269,Kards Open X,open,Kards Open X Qualifier A,swiss,Round 1,2022-01-29T13:43:23Z,bf:5f362c8703dbcc11d58d78e3,bf:5f0cd40c3087a65e039603f4,2,0,1,1
startgg,670269,Kards Open X,open,Kards Open X Qualifier A,swiss,Round 1,2022-01-29T13:49:24Z,sgg:2621971,sgg:2628773,1,2,2,1
startgg,670269,Kards Open X,open,Kards Open X Qualifier A,swiss,Round 2,2022-01-29T14:26:05Z,bf:6070a8022fd5451122c65ae8,sgg:2629235,2,0,1,1
startgg,670269,Kards Open X,open,Kards Open X Qualifier A,swiss,Round 2,2022-01-29T14:29:25Z,sgg:2628408,bf:5f109d917a5f692572240090,0,2,2,1
startgg,670269,Kards Open X,open,Kards Open X Qualifier A,swiss,Round 2,2022-01-29T14:31:24Z,sgg:2625715,sgg:2621971,0,2,2,1
startgg,670269,Kards Open X,open,Kards Open X Qualifier A,swiss,Round 2,2022-01-29T14:32:46Z,sgg:2627200,sgg:2627089,0,2,2,1
startgg,670269,Kards Open X,open,Kards Open X Qualifier A,swiss,Round 2,2022-01-29T14:40:01Z,sgg:2616063,sgg:2498198,1,2,2,1
startgg,670269,Kards Open X,open,Kards Open X Qualifier A,swiss,Round 2,2022-01-29T14:40:22Z,sgg:2409467,bf:609b70096b6b3d37fdd49225,2,1,1,1
startgg,670269,Kards Open X,open,Kards Open X Qualifier A,swiss,Round 2,2022-01-29T14:41:14Z,sgg:2520081,sgg:2628704,2,1,1,1
startgg,670269,Kards Open X,open,Kards Open X Qualifier A,swiss,Round 2,2022-01-29T14:42:36Z,bf:5eb65df574f31a11dd226b38,bf:5f362c8703dbcc11d58d78e3,2,1,1,1
startgg,670269,Kards Open X,open,Kards Open X Qualifier A,swiss,Round 2,2022-01-29T14:47:55Z,bf:5f11d0b0eea71b24bc30e84a,sgg:2495272,0,2,2,1
startgg,670269,Kards Open X,open,Kards Open X Qualifier A,swiss,Round 2,2022-01-29T14:51:19Z,bf:5ec038e2256baa1d38011a05,sgg:2624357,2,1,1,1
startgg,670269,Kards Open X,open,Kards Open X Qualifier A,swiss,Round 2,2022-01-29T14:57:15Z,sgg:2623677,bf:60509713496ba24d0604cc08,0,2,2,1
startgg,670269,Kards Open X,open,Kards Open X Qualifier A,swiss,Round 3,2022-01-29T15:19:10Z,sgg:2409467,bf:602d5acba74cc17c31b7d9af,2,0,1,1
startgg,670269,Kards Open X,open,Kards Open X Qualifier A,swiss,Round 3,2022-01-29T15:21:06Z,sgg:2624728,bf:6070a8022fd5451122c65ae8,0,2,2,1
startgg,670269,Kards Open X,open,Kards Open X Qualifier A,swiss,Round 3,2022-01-29T15:22:13Z,bf:5ec99a6d5cb5d5345c7fdf7c,sgg:2520081,2,0,1,1
startgg,670269,Kards Open X,open,Kards Open X Qualifier A,swiss,Round 3,2022-01-29T15:24:25Z,sgg:2628408,bf:5f362c8703dbcc11d58d78e3,0,2,2,1
startgg,670269,Kards Open X,open,Kards Open X Qualifier A,swiss,Round 3,2022-01-29T15:24:51Z,bf:5fc1c2f14a3afe55318cfd98,sgg:2623677,2,0,1,1
startgg,670269,Kards Open X,open,Kards Open X Qualifier A,swiss,Round 3,2022-01-29T15:26:13Z,sgg:2621899,bf:5f11d247160c3f2239e940a4,0,2,2,1
startgg,670269,Kards Open X,open,Kards Open X Qualifier A,swiss,Round 3,2022-01-29T15:28:27Z,sgg:2625266,bf:5ec14e2baf9b8d5641b7a639,2,0,1,1
startgg,670269,Kards Open X,open,Kards Open X Qualifier A,swiss,Round 3,2022-01-29T15:29:08Z,bf:5c4dca4fa9f6820352797666,bf:60509713496ba24d0604cc08,0,2,2,1
startgg,670269,Kards Open X,open,Kards Open X Qualifier A,swiss,Round 3,2022-01-29T15:29:36Z,sgg:2629300,bf:5f11d0b0eea71b24bc30e84a,0,2,2,1
startgg,670269,Kards Open X,open,Kards Open X Qualifier A,swiss,Round 3,2022-01-29T15:31:30Z,sgg:2483766,sgg:2620876,2,1,1,1
startgg,670269,Kards Open X,open,Kards Open X Qualifier A,swiss,Round 3,2022-01-29T15:35:06Z,bf:5f109d917a5f692572240090,bf:5ec038e2256baa1d38011a05,1,2,2,1
startgg,670269,Kards Open X,open,Kards Open X Qualifier A,swiss,Round 3,2022-01-29T15:37:14Z,sgg:2498198,sgg:2630473,1,2,2,1
startgg,670269,Kards Open X,open,Kards Open X Qualifier A,swiss,Round 3,2022-01-29T15:37:33Z,sgg:2495272,bf:5fa27bfdf8fc171ea9f66924,0,2,2,1
startgg,670269,Kards Open X,open,Kards Open X Qualifier A,swiss,Round 3,2022-01-29T15:41:24Z,sgg:2621073,sgg:2375442,2,1,1,1
startgg,670269,Kards Open X,open,Kards Open X Qualifier A,swiss,Round 3,2022-01-29T15:46:39Z,bf:5fb038eb1632970e916b6f46,bf:5f4318d1681ff84ab5ec92f9,2,1,1,1
startgg,670269,Kards Open X,open,Kards Open X Qualifier A,swiss,Round 3,2022-01-29T15:49:27Z,bf:6096f16136c672120ab703d4,sgg:2621386,2,1,1,1
startgg,670269,Kards Open X,open,Kards Open X Qualifier A,swiss,Round 4,2022-01-29T16:18:36Z,sgg:2619898,sgg:2483766,2,0,1,1
startgg,670269,Kards Open X,open,Kards Open X Qualifier A,swiss,Round 4,2022-01-29T16:18:46Z,sgg:2621899,sgg:2624691,0,2,2,1
startgg,670269,Kards Open X,open,Kards Open X Qualifier A,swiss,Round 4,2022-01-29T16:20:11Z,sgg:2627977,sgg:2626492,0,-1,1,0
startgg,670269,Kards Open X,open,Kards Open X Qualifier A,swiss,Round 4,2022-01-29T16:21:14Z,sgg:2375442,bf:5f11d0b0eea71b24bc30e84a,2,0,1,1
startgg,670269,Kards Open X,open,Kards Open X Qualifier A,swiss,Round 4,2022-01-29T16:26:13Z,bf:5eb65df574f31a11dd226b38,sgg:2630473,2,0,1,1
startgg,670269,Kards Open X,open,Kards Open X Qualifier A,swiss,Round 4,2022-01-29T16:26:23Z,sgg:2621971,sgg:2628408,2,0,1,1
startgg,670269,Kards Open X,open,Kards Open X Qualifier A,swiss,Round 4,2022-01-29T16:28:06Z,bf:5ec99a6d5cb5d5345c7fdf7c,bf:6070a8022fd5451122c65ae8,2,0,1,1
startgg,670269,Kards Open X,open,Kards Open X Qualifier A,swiss,Round 4,2022-01-29T16:28:28Z,bf:5f4318d1681ff84ab5ec92f9,sgg:2498198,2,0,1,1
startgg,670269,Kards Open X,open,Kards Open X Qualifier A,swiss,Round 4,2022-01-29T16:31:12Z,bf:5ec14e2baf9b8d5641b7a639,sgg:2624357,1,2,2,1
startgg,670269,Kards Open X,open,Kards Open X Qualifier A,swiss,Round 4,2022-01-29T16:32:11Z,sgg:2624728,sgg:2495272,0,2,2,1
startgg,670269,Kards Open X,open,Kards Open X Qualifier A,swiss,Round 4,2022-01-29T16:32:46Z,bf:609b70096b6b3d37fdd49225,bf:5f362c8703dbcc11d58d78e3,1,2,2,1
startgg,670269,Kards Open X,open,Kards Open X Qualifier A,swiss,Round 4,2022-01-29T16:38:36Z,bf:5fb3184d9a9e750ea663e423,sgg:2629560,2,0,1,1
startgg,670269,Kards Open X,open,Kards Open X Qualifier A,swiss,Round 4,2022-01-29T16:39:14Z,bf:6064772a1dc5b905e3c0ff51,bf:5fc1c2f14a3afe55318cfd98,2,1,1,1
startgg,670269,Kards Open X,open,Kards Open X Qualifier A,swiss,Round 4,2022-01-29T16:39:34Z,bf:5fa27bfdf8fc171ea9f66924,sgg:2628773,0,2,2,1
startgg,670269,Kards Open X,open,Kards Open X Qualifier A,swiss,Round 4,2022-01-29T16:40:16Z,bf:5f11d247160c3f2239e940a4,bf:5fb038eb1632970e916b6f46,2,1,1,1
startgg,670269,Kards Open X,open,Kards Open X Qualifier A,swiss,Round 4,2022-01-29T16:40:35Z,sgg:2629235,sgg:2616063,1,2,2,1
startgg,670269,Kards Open X,open,Kards Open X Qualifier A,swiss,Round 4,2022-01-29T16:40:43Z,sgg:2622223,sgg:2520081,2,1,1,1
startgg,670269,Kards Open X,open,Kards Open X Qualifier A,swiss,Round 4,2022-01-29T16:42:08Z,sgg:2625266,sgg:2409467,2,1,1,1
startgg,670269,Kards Open X,open,Kards Open X Qualifier A,swiss,Round 4,2022-01-29T16:43:49Z,bf:60c61341543cd91a5d592af7,bf:5c4dca4fa9f6820352797666,1,2,2,1
startgg,670269,Kards Open X,open,Kards Open X Qualifier A,swiss,Round 4,2022-01-29T16:48:08Z,sgg:2621073,bf:60509713496ba24d0604cc08,1,2,2,1
startgg,670269,Kards Open X,open,Kards Open X Qualifier A,swiss,Round 5,2022-01-29T17:07:15Z,sgg:2375442,bf:5f4318d1681ff84ab5ec92f9,2,0,1,1
startgg,670269,Kards Open X,open,Kards Open X Qualifier A,swiss,Round 5,2022-01-29T17:08:23Z,sgg:2624728,sgg:2520081,0,2,2,1
startgg,670269,Kards Open X,open,Kards Open X Qualifier A,swiss,Round 5,2022-01-29T17:14:28Z,bf:5ec99a6d5cb5d5345c7fdf7c,sgg:2628773,0,2,2,1
startgg,670269,Kards Open X,open,Kards Open X Qualifier A,swiss,Round 5,2022-01-29T17:16:45Z,bf:5c4dca4fa9f6820352797666,bf:6096f16136c672120ab703d4,2,0,1,1
startgg,670269,Kards Open X,open,Kards Open X Qualifier A,swiss,Round 5,2022-01-29T17:19:08Z,bf:602d5acba74cc17c31b7d9af,sgg:2624691,2,0,1,1
startgg,670269,Kards Open X,open,Kards Open X Qualifier A,swiss,Round 5,2022-01-29T17:19:33Z,bf:6064772a1dc5b905e3c0ff51,sgg:2624357,2,0,1,1
startgg,670269,Kards Open X,open,Kards Open X Qualifier A,swiss,Round 5,2022-01-29T17:21:13Z,bf:5f0cd40c3087a65e039603f4,sgg:2495272,1,2,2,1
startgg,670269,Kards Open X,open,Kards Open X Qualifier A,swiss,Round 5,2022-01-29T17:21:15Z,bf:5f11d247160c3f2239e940a4,bf:5eb65df574f31a11dd226b38,0,2,2,1
startgg,670269,Kards Open X,open,Kards Open X Qualifier A,swiss,Round 5,2022-01-29T17:22:17Z,sgg:2409467,sgg:2622223,2,0,1,1
startgg,670269,Kards Open X,open,Kards Open X Qualifier A,swiss,Round 5,2022-01-29T17:23:24Z,bf:5fb038eb1632970e916b6f46,sgg:2619898,2,0,1,1
startgg,670269,Kards Open X,open,Kards Open X Qualifier A,swiss,Round 5,2022-01-29T17:28:09Z,bf:5f362c8703dbcc11d58d78e3,sgg:2627089,2,1,1,1
startgg,670269,Kards Open X,open,Kards Open X Qualifier A,swiss,Round 5,2022-01-29T17:28:56Z,sgg:2624640,sgg:2629300,2,0,1,1
startgg,670269,Kards Open X,open,Kards Open X Qualifier A,swiss,Round 5,2022-01-29T17:30:06Z,bf:601ae997fb69622ad6617823,sgg:2627200,2,0,1,1
startgg,670269,Kards Open X,open,Kards Open X Qualifier A,swiss,Round 5,2022-01-29T17:31:31Z,bf:5ec038e2256baa1d38011a05,sgg:2625266,1,2,2,1
startgg,670269,Kards Open X,open,Kards Open X Qualifier A,swiss,Round 5,2022-01-29T17:34:08Z,bf:5f11d0b0eea71b24bc30e84a,bf:5fc1c2f14a3afe55318cfd98,2,0,1,1
startgg,670269,Kards Open X,open,Kards Open X Qualifier A,swiss,Round 5,2022-01-29T17:34:24Z,sgg:2616063,bf:6070a8022fd5451122c65ae8,1,2,2,1
startgg,670269,Kards Open X,open,Kards Open X Qualifier A,swiss,Round 5,2022-01-29T17:38:24Z,sgg:2627977,sgg:2621386,2,1,1,1
startgg,670269,Kards Open X,open,Kards Open X Qualifier A,swiss,Round 5,2022-01-29T17:38:32Z,bf:5fb3184d9a9e750ea663e423,bf:60509713496ba24d0604cc08,2,0,1,1
startgg,670269,Kards Open X,open,Kards Open X Qualifier A,swiss,Round 5,2022-01-29T17:40:20Z,bf:5fa27bfdf8fc171ea9f66924,sgg:2621073,2,1,1,1
startgg,670269,Kards Open X,open,Kards Open X Qualifier A,swiss,Round 5,2022-01-29T17:47:56Z,sgg:2620876,sgg:2629560,2,0,1,1
startgg,670269,Kards Open X,open,Kards Open X Qualifier A,swiss,Round 6,2022-01-29T18:13:28Z,bf:5fc1c2f14a3afe55318cfd98,sgg:2630336,2,0,1,1
startgg,670269,Kards Open X,open,Kards Open X Qualifier A,swiss,Round 6,2022-01-29T18:18:12Z,bf:609b70096b6b3d37fdd49225,sgg:2627089,2,0,1,1
startgg,670269,Kards Open X,open,Kards Open X Qualifier A,swiss,Round 6,2022-01-29T18:18:49Z,sgg:2483766,sgg:2621971,2,0,1,1
startgg,670269,Kards Open X,open,Kards Open X Qualifier A,swiss,Round 6,2022-01-29T18:22:08Z,sgg:2498198,sgg:2619898,1,2,2,1
startgg,670269,Kards Open X,open,Kards Open X Qualifier A,swiss,Round 6,2022-01-29T18:22:21Z,bf:5f4318d1681ff84ab5ec92f9,sgg:2627977,2,0,1,1
startgg,670269,Kards Open X,open,Kards Open X Qualifier A,swiss,Round 6,2022-01-29T18:22:22Z,sgg:2621073,sgg:2621899,2,1,1,1
startgg,670269,Kards Open X,open,Kards Open X Qualifier A,swiss,Round 6,2022-01-29T18:24:27Z,sgg:2495272,bf:5c4dca4fa9f6820352797666,0,2,2,1
startgg,670269,Kards Open X,open,Kards Open X Qualifier A,swiss,Round 6,2022-01-29T18:24:32Z,sgg:2624357,sgg:2629235,2,1,1,1
startgg,670269,Kards Open X,open,Kards Open X Qualifier A,swiss,Round 6,2022-01-29T18:25:42Z,sgg:2520081,bf:6096f16136c672120ab703d4,0,2,2,1
startgg,670269,Kards Open X,open,Kards Open X Qualifier A,swiss,Round 6,2022-01-29T18:26:14Z,bf:5f11d247160c3f2239e940a4,bf:5ec99a6d5cb5d5345c7fdf7c,0,2,2,1
startgg,670269,Kards Open X,open,Kards Open X Qualifier A,swiss,Round 6,2022-01-29T18:28:24Z,bf:5ec038e2256baa1d38011a05,bf:5fb038eb1632970e916b6f46,2,1,1,1
startgg,670269,Kards Open X,open,Kards Open X Qualifier A,swiss,Round 6,2022-01-29T18:30:31Z,sgg:2628773,sgg:2625266,1,2,2,1
startgg,670269,Kards Open X,open,Kards Open X Qualifier A,swiss,Round 6,2022-01-29T18:31:51Z,sgg:2630473,bf:6064772a1dc5b905e3c0ff51,1,2,2,1
startgg,670269,Kards Open X,open,Kards Open X Qualifier A,swiss,Round 6,2022-01-29T18:32:09Z,sgg:2628704,sgg:2621386,2,0,1,1
startgg,670269,Kards Open X,open,Kards Open X Qualifier A,swiss,Round 6,2022-01-29T18:33:25Z,bf:5f362c8703dbcc11d58d78e3,sgg:2375442,2,1,1,1
startgg,670269,Kards Open X,open,Kards Open X Qualifier A,swiss,Round 6,2022-01-29T18:34:19Z,sgg:2622223,bf:5f0cd40c3087a65e039603f4,2,1,1,1
startgg,670269,Kards Open X,open,Kards Open X Qualifier A,swiss,Round 6,2022-01-29T18:35:38Z,bf:5eb65df574f31a11dd226b38,bf:5fb3184d9a9e750ea663e423,2,0,1,1
startgg,670269,Kards Open X,open,Kards Open X Qualifier A,swiss,Round 6,2022-01-29T18:38:09Z,sgg:2626492,sgg:2627200,2,0,1,1
startgg,670269,Kards Open X,open,Kards Open X Qualifier A,swiss,Round 6,2022-01-29T18:39:23Z,bf:60509713496ba24d0604cc08,bf:602d5acba74cc17c31b7d9af,2,1,1,1
startgg,670269,Kards Open X,open,Kards Open X Qualifier A,swiss,Round 6,2022-01-29T18:40:31Z,bf:60c61341543cd91a5d592af7,bf:5ec14e2baf9b8d5641b7a639,2,1,1,1
startgg,670269,Kards Open X,open,Kards Open X Qualifier A,swiss,Round 6,2022-01-29T18:50:54Z,bf:5f109d917a5f692572240090,sgg:2409467,2,1,1,1
startgg,670269,Kards Open X,open,Kards Open X Qualifier A,swiss,Round 6,2022-01-29T19:08:28Z,sgg:2623677,bf:5f11d0b0eea71b24bc30e84a,1,2,2,1
startgg,670269,Kards Open X,open,Kards Open X Qualifier A,swiss,Round 7,2022-01-29T19:22:13Z,sgg:2621899,sgg:2621971,0,2,2,1
startgg,670269,Kards Open X,open,Kards Open X Qualifier A,swiss,Round 7,2022-01-29T19:25:16Z,bf:5fb3184d9a9e750ea663e423,sgg:2620876,0,-1,1,0
startgg,670269,Kards Open X,open,Kards Open X Qualifier A,swiss,Round 7,2022-01-29T19:25:17Z,sgg:2520081,sgg:2498198,0,-1,1,0
startgg,670269,Kards Open X,open,Kards Open X Qualifier A,swiss,Round 7,2022-01-29T19:25:17Z,sgg:2629560,sgg:2626492,0,-1,1,0
startgg,670269,Kards Open X,open,Kards Open X Qualifier A,swiss,Round 7,2022-01-29T19:25:18Z,sgg:2621386,sgg:2630336,-1,-1,1,0
startgg,670269,Kards Open X,open,Kards Open X Qualifier A,swiss,Round 7,2022-01-29T19:25:37Z,bf:602d5acba74cc17c31b7d9af,sgg:2483766,2,1,1,1
startgg,670269,Kards Open X,open,Kards Open X Qualifier A,swiss,Round 7,2022-01-29T19:27:41Z,bf:5fc1c2f14a3afe55318cfd98,sgg:2625715,2,0,1,1
startgg,670269,Kards Open X,open,Kards Open X Qualifier A,swiss,Round 7,2022-01-29T19:29:55Z,bf:5ec038e2256baa1d38011a05,bf:6064772a1dc5b905e3c0ff51,2,0,1,1
startgg,670269,Kards Open X,open,Kards Open X Qualifier A,swiss,Round 7,2022-01-29T19:33:54Z,sgg:2629300,sgg:2627089,0,2,2,1
startgg,670269,Kards Open X,open,Kards Open X Qualifier A,swiss,Round 7,2022-01-29T19:34:39Z,bf:5f4318d1681ff84ab5ec92f9,sgg:2624691,2,0,1,1
startgg,670269,Kards Open X,open,Kards Open X Qualifier A,swiss,Round 7,2022-01-29T19:34:52Z,sgg:2619898,bf:6096f16136c672120ab703d4,2,0,1,1
startgg,670269,Kards Open X,open,Kards Open X Qualifier A,swiss,Round 7,2022-01-29T19:37:31Z,sgg:2630473,bf:609b70096b6b3d37fdd49225,2,1,1,1
startgg,670269,Kards Open X,open,Kards Open X Qualifier A,swiss,Round 7,2022-01-29T19:40:43Z,bf:5eb65df574f31a11dd226b38,sgg:2625266,2,0,1,1
startgg,670269,Kards Open X,open,Kards Open X Qualifier A,swiss,Round 7,2022-01-29T19:42:06Z,sgg:2627977,bf:601ae997fb69622ad6617823,0,2,2,1
startgg,670269,Kards Open X,open,Kards Open X Qualifier A,swiss,Round 7,2022-01-29T19:42:22Z,sgg:2624357,sgg:2495272,0,2,2,1
startgg,670269,Kards Open X,open,Kards Open X Qualifier A,swiss,Round 7,2022-01-29T19:42:22Z,sgg:2628408,sgg:2624640,0,2,2,1
startgg,670269,Kards Open X,open,Kards Open X Qualifier A,swiss,Round 7,2022-01-29T19:43:15Z,bf:5c4dca4fa9f6820352797666,sgg:2628773,2,1,1,1
startgg,670269,Kards Open X,open,Kards Open X Qualifier A,swiss,Round 7,2022-01-29T19:43:18Z,sgg:2629235,sgg:2628704,1,2,2,1
startgg,670269,Kards Open X,open,Kards Open X Qualifier A,swiss,Round 7,2022-01-29T19:43:26Z,bf:6070a8022fd5451122c65ae8,bf:60509713496ba24d0604cc08,2,0,1,1
startgg,670269,Kards Open X,open,Kards Open X Qualifier A,swiss,Round 7,2022-01-29T19:43:31Z,bf:60c61341543cd91a5d592af7,bf:5f11d0b0eea71b24bc30e84a,2,1,1,1
startgg,670269,Kards Open X,open,Kards Open X Qualifier A,swiss,Round 7,2022-01-29T19:47:06Z,bf:5f0cd40c3087a65e039603f4,sgg:2621073,1,2,2,1
startgg,670269,Kards Open X,open,Kards Open X Qualifier A,swiss,Round 7,2022-01-29T19:48:51Z,sgg:2616063,sgg:2409467,2,0,1,1
startgg,670269,Kards Open X,open,Kards Open X Qualifier A,swiss,Round 7,2022-01-29T19:49:59Z,sgg:2622223,bf:5f11d247160c3f2239e940a4,1,2,2,1
startgg,670269,Kards Open X,open,Kards Open X Qualifier A,swiss,Round 7,2022-01-29T20:00:50Z,bf:5f109d917a5f692572240090,bf:5fa27bfdf8fc171ea9f66924,1,2,2,1
startgg,670269,Kards Open X,open,Kards Open X Qualifier A,swiss,Round 7,2022-01-29T20:00:51Z,bf:5ec99a6d5cb5d5345c7fdf7c,bf:5f362c8703dbcc11d58d78e3,1,2,2,1
startgg,670270,Kards Open X,open,Kards Open X Qualifier B,swiss,Round 1,2022-02-05T13:21:10Z,sgg:2353966,sgg:2630669,-1,0,2,0
startgg,670270,Kards Open X,open,Kards Open X Qualifier B,swiss,Round 1,2022-02-05T13:21:11Z,sgg:2623677,sgg:2636686,-1,0,2,0
startgg,670270,Kards Open X,open,Kards Open X Qualifier B,swiss,Round 1,2022-02-05T13:21:11Z,bf:5fb0b189f07fad440734d338,bf:5fbebdee043fd20cdf90cfaf,-1,0,2,0
startgg,670270,Kards Open X,open,Kards Open X Qualifier B,swiss,Round 1,2022-02-05T13:28:16Z,sgg:2625715,bf:60c61341543cd91a5d592af7,0,2,2,1
startgg,670270,Kards Open X,open,Kards Open X Qualifier B,swiss,Round 1,2022-02-05T13:29:13Z,bf:564e7b5b80b8db4a00c4ff9c,sgg:2627089,2,0,1,1
startgg,670270,Kards Open X,open,Kards Open X Qualifier B,swiss,Round 1,2022-02-05T13:29:13Z,sgg:2620876,sgg:2628603,0,2,2,1
startgg,670270,Kards Open X,open,Kards Open X Qualifier B,swiss,Round 1,2022-02-05T13:30:35Z,bf:5fc1c2f14a3afe55318cfd98,sgg:2628408,2,1,1,1
startgg,670270,Kards Open X,open,Kards Open X Qualifier B,swiss,Round 1,2022-02-05T13:30:47Z,bf:5f4318d1681ff84ab5ec92f9,sgg:2506738,2,0,1,1
startgg,670270,Kards Open X,open,Kards Open X Qualifier B,swiss,Round 1,2022-02-05T13:33:50Z,sgg:2623660,bf:603aca86a4a3f111939e5346,0,2,2,1
startgg,670270,Kards Open X,open,Kards Open X Qualifier B,swiss,Round 1,2022-02-05T13:34:36Z,bf:5f11d0b0eea71b24bc30e84a,bf:6064772a1dc5b905e3c0ff51,0,2,2,1
startgg,670270,Kards Open X,open,Kards Open X Qualifier B,swiss,Round 1,2022-02-05T13:34:42Z,sgg:2621966,sgg:2631910,2,0,1,1
startgg,670270,Kards Open X,open,Kards Open X Qualifier B,swiss,Round 1,2022-02-05T13:36:35Z,sgg:2624728,sgg:2640557,1,2,2,1
startgg,670270,Kards Open X,open,Kards Open X Qualifier B,swiss,Round 1,2022-02-05T13:44:28Z,bf:5ec99a6d5cb5d5345c7fdf7c,sgg:2628773,2,1,1,1
startgg,670270,Kards Open X,open,Kards Open X Qualifier B,swiss,Round 1,2022-02-05T13:52:05Z,bf:601ce5a78e21aa1d188c2da4,sgg:2630763,2,1,1,1
startgg,670270,Kards Open X,open,Kards Open X Qualifier B,swiss,Round 2,2022-02-05T14:12:02Z,sgg:2623660,bf:5fb0b189f07fad440734d338,2,0,1,1
startgg,670270,Kards Open X,open,Kards Open X Qualifier B,swiss,Round 2,2022-02-05T14:12:05Z,sgg:2621073,sgg:2620886,2,0,1,1
startgg,670270,Kards Open X,open,Kards Open X Qualifier B,swiss,Round 2,2022-02-05T14:14:17Z,sgg:2375442,sgg:2621971,2,0,1,1
startgg,670270,Kards Open X,open,Kards Open X Qualifier B,swiss,Round 2,2022-02-05T14:15:35Z,bf:5fc1c2f14a3afe55318cfd98,bf:5f4318d1681ff84ab5ec92f9,0,2,2,1
startgg,670270,Kards Open X,open,Kards Open X Qualifier B,swiss,Round 2,2022-02-05T14:16:40Z,bf:5c3b6b20304450039e51c054,bf:601ce5a78e21aa1d188c2da4,0,2,2,1
startgg,670270,Kards Open X,open,Kards Open X Qualifier B,swiss,Round 2,2022-02-05T14:17:03Z,bf:603aca86a4a3f111939e5346,sgg:2640557,2,0,1,1
startgg,670270,Kards Open X,open,Kards Open X Qualifier B,swiss,Round 2,2022-02-05T14:19:33Z,sgg:2631910,sgg:2628408,2,0,1,1
startgg,670270,Kards Open X,open,Kards Open X Qualifier B,swiss,Round 2,2022-02-05T14:20:34Z,bf:564e7b5b80b8db4a00c4ff9c,sgg:2633715,2,0,1,1
startgg,670270,Kards Open X,open,Kards Open X Qualifier B,swiss,Round 2,2022-02-05T14:21:23Z,bf:6064772a1dc5b905e3c0ff51,bf:5f0cd40c3087a65e039603f4,2,0,1,1
startgg,670270,Kards Open X,open,Kards Open X Qualifier B,swiss,Round 2,2022-02-05T14:22:38Z,bf:5f109d917a5f692572240090,sgg:2495272,2,0,1,1
startgg,670270,Kards Open X,open,Kards Open X Qualifier B,swiss,Round 2,2022-02-05T14:24:21Z,sgg:2624805,sgg:2636686,2,1,1,1
startgg,670270,Kards Open X,open,Kards Open X Qualifier B,swiss,Round 2,2022-02-05T14:26:35Z,sgg:2631948,sgg:2409467,0,2,2,1
startgg,670270,Kards Open X,open,Kards Open X Qualifier B,swiss,Round 2,2022-02-05T14:29:48Z,sgg:2620876,sgg:2625715,2,0,1,1
startgg,670270,Kards Open X,open,Kards Open X Qualifier B,swiss,Round 2,2022-02-05T14:42:04Z,sgg:2621966,bf:601ae997fb69622ad6617823,2,1,1,1
startgg,670270,Kards Open X,open,Kards Open X Qualifier B,swiss,Round 2,2022-02-05T14:43:23Z,sgg:2630828,sgg:2633871,2,0,1,1
startgg,670270,Kards Open X,open,Kards Open X Qualifier B,swiss,Round 2,2022-02-05T14:45:32Z,bf:5fb038eb1632970e916b6f46,sgg:2630763,2,1,1,1
startgg,670270,Kards Open X,open,Kards Open X Qualifier B,swiss,Round 2,2022-02-05T14:47:14Z,sgg:2630669,bf:60509713496ba24d0604cc08,0,2,2,1
startgg,670270,Kards Open X,open,Kards Open X Qualifier B,swiss,Round 3,2022-02-05T15:03:53Z,sgg:2624805,bf:564e7b5b80b8db4a00c4ff9c,0,2,2,1
startgg,670270,Kards Open X,open,Kards Open X Qualifier B,swiss,Round 3,2022-02-05T15:09:31Z,bf:60c61341543cd91a5d592af7,sgg:2624037,2,1,1,1
startgg,670270,Kards Open X,open,Kards Open X Qualifier B,swiss,Round 3,2022-02-05T15:11:30Z,sgg:2631910,bf:5fb038eb1632970e916b6f46,0,2,2,1
startgg,670270,Kards Open X,open,Kards Open X Qualifier B,swiss,Round 3,2022-02-05T15:12:59Z,bf:5ec2a6dafd8a561535cde2a5,sgg:2375442,0,2,2,1
startgg,670270,Kards Open X,open,Kards Open X Qualifier B,swiss,Round 3,2022-02-05T15:15:24Z,sgg:2620886,sgg:2624640,2,0,1,1
startgg,670270,Kards Open X,open,Kards Open X Qualifier B,swiss,Round 3,2022-02-05T15:17:28Z,sgg:2621386,bf:60509713496ba24d0604cc08,0,2,2,1
startgg,670270,Kards Open X,open,Kards Open X Qualifier B,swiss,Round 3,2022-02-05T15:18:41Z,bf:601ce5a78e21aa1d188c2da4,bf:5ec99a6d5cb5d5345c7fdf7c,0,2,2,1
startgg,670270,Kards Open X,open,Kards Open X Qualifier B,swiss,Round 3,2022-02-05T15:19:28Z,bf:5f4318d1681ff84ab5ec92f9,sgg:2409467,0,2,2,1
startgg,670270,Kards Open X,open,Kards Open X Qualifier B,swiss,Round 3,2022-02-05T15:20:54Z,sgg:2636686,sgg:2633715,0,2,2,1
startgg,670270,Kards Open X,open,Kards Open X Qualifier B,swiss,Round 3,2022-02-05T15:21:22Z,sgg:2624728,sgg:2627360,2,0,1,1
startgg,670270,Kards Open X,open,Kards Open X Qualifier B,swiss,Round 3,2022-02-05T15:22:51Z,bf:5f0cd40c3087a65e039603f4,sgg:2633871,2,0,1,1
startgg,670270,Kards Open X,open,Kards Open X Qualifier B,swiss,Round 3,2022-02-05T15:24:01Z,bf:6064772a1dc5b905e3c0ff51,sgg:2630828,2,0,1,1
startgg,670270,Kards Open X,open,Kards Open X Qualifier B,swiss,Round 3,2022-02-05T15:25:37Z,sgg:2631948,sgg:2622223,2,0,1,1
startgg,670270,Kards Open X,open,Kards Open X Qualifier B,swiss,Round 3,2022-02-05T15:27:31Z,sgg:2621966,bf:5fbebdee043fd20cdf90cfaf,2,1,1,1
startgg,670270,Kards Open X,open,Kards Open X Qualifier B,swiss,Round 3,2022-02-05T15:30:19Z,sgg:2628408,sgg:2630763,0,2,2,1
startgg,670270,Kards Open X,open,Kards Open X Qualifier B,swiss,Round 3,2022-02-05T15:32:39Z,sgg:2623677,sgg:2630669,0,2,2,1
startgg,670270,Kards Open X,open,Kards Open X Qualifier B,swiss,Round 3,2022-02-05T15:34:27Z,sgg:2621073,sgg:2628603,2,1,1,1
startgg,670270,Kards Open X,open,Kards Open X Qualifier B,swiss,Round 3,2022-02-05T15:37:26Z,bf:5fc1c2f14a3afe55318cfd98,sgg:2627089,2,1,1,1
startgg,670270,Kards Open X,open,Kards Open X Qualifier B,swiss,Round 3,2022-02-05T15:42:05Z,bf:5f11d0b0eea71b24bc30e84a,sgg:2620876,1,2,2,1
startgg,670270,Kards Open X,open,Kards Open X Qualifier B,swiss,Round 3,2022-02-05T15:45:02Z,sgg:2624669,sgg:2353966,2,1,1,1
startgg,670270,Kards Open X,open,Kards Open X Qualifier B,swiss,Round 4,2022-02-05T15:55:17Z,sgg:2630828,bf:60c61341543cd91a5d592af7,0,2,2,1
startgg,670270,Kards Open X,open,Kards Open X Qualifier B,swiss,Round 4,2022-02-05T15:56:17Z,bf:602d5acba74cc17c31b7d9af,sgg:2375442,0,2,2,1
startgg,670270,Kards Open X,open,Kards Open X Qualifier B,swiss,Round 4,2022-02-05T15:57:14Z,sgg:2621971,sgg:2616143,0,2,2,1
startgg,670270,Kards Open X,open,Kards Open X Qualifier B,swiss,Round 4,2022-02-05T16:00:53Z,sgg:2631948,sgg:2620886,2,0,1,1
startgg,670270,Kards Open X,open,Kards Open X Qualifier B,swiss,Round 4,2022-02-05T16:06:43Z,bf:5f109d917a5f692572240090,bf:603aca86a4a3f111939e5346,2,0,1,1
startgg,670270,Kards Open X,open,Kards Open X Qualifier B,swiss,Round 4,2022-02-05T16:08:24Z,sgg:2621073,bf:60509713496ba24d0604cc08,1,2,2,1
startgg,670270,Kards Open X,open,Kards Open X Qualifier B,swiss,Round 4,2022-02-05T16:11:28Z,sgg:2630763,sgg:2627360,2,0,1,1
startgg,670270,Kards Open X,open,Kards Open X Qualifier B,swiss,Round 4,2022-02-05T16:13:46Z,sgg:2630669,bf:5fc1c2f14a3afe55318cfd98,2,1,1,1
startgg,670270,Kards Open X,open,Kards Open X Qualifier B,swiss,Round 4,2022-02-05T16:15:35Z,bf:5fbebdee043fd20cdf90cfaf,sgg:2633715,2,0,1,1
startgg,670270,Kards Open X,open,Kards Open X Qualifier B,swiss,Round 4,2022-02-05T16:18:41Z,bf:5ec99a6d5cb5d5345c7fdf7c,sgg:2621966,2,1,1,1
startgg,670270,Kards Open X,open,Kards Open X Qualifier B,swiss,Round 4,2022-02-05T16:20:12Z,sgg:2622223,sgg:2624640,2,0,1,1
startgg,670270,Kards Open X,open,Kards Open X Qualifier B,swiss,Round 4,2022-02-05T16:20:46Z,sgg:2620876,sgg:2506738,2,0,1,1
startgg,670270,Kards Open X,open,Kards Open X Qualifier B,swiss,Round 4,2022-02-05T16:21:11Z,bf:601ae997fb69622ad6617823,sgg:2628603,0,2,2,1
startgg,670270,Kards Open X,open,Kards Open X Qualifier B,swiss,Round 4,2022-02-05T16:21:12Z,bf:5f4318d1681ff84ab5ec92f9,bf:601ce5a78e21aa1d188c2da4,2,1,1,1
startgg,670270,Kards Open X,open,Kards Open X Qualifier B,swiss,Round 4,2022-02-05T16:24:23Z,bf:564e7b5b80b8db4a00c4ff9c,bf:6064772a1dc5b905e3c0ff51,1,2,2,1
startgg,670270,Kards Open X,open,Kards Open X Qualifier B,swiss,Round 4,2022-02-05T16:24:32Z,sgg:2498198,bf:5c3b6b20304450039e51c054,2,1,1,1
startgg,670270,Kards Open X,open,Kards Open X Qualifier B,swiss,Round 4,2022-02-05T16:26:18Z,sgg:2353966,sgg:2628773,2,0,1,1
startgg,670270,Kards Open X,open,Kards Open X Qualifier B,swiss,Round 4,2022-02-05T16:27:29Z,bf:5fb038eb1632970e916b6f46,sgg:2623677,2,0,1,1
startgg,670270,Kards Open X,open,Kards Open X Qualifier B,swiss,Round 4,2022-02-05T16:30:34Z,sgg:2495272,sgg:2624728,2,1,1,1
startgg,670270,Kards Open X,open,Kards Open X Qualifier B,swiss,Round 5,2022-02-05T16:47:08Z,bf:5fbebdee043fd20cdf90cfaf,sgg:2640557,0,2,2,1
startgg,670270,Kards Open X,open,Kards Open X Qualifier B,swiss,Round 5,2022-02-05T16:49:53Z,sgg:2620876,bf:60c61341543cd91a5d592af7,0,2,2,1
startgg,670270,Kards Open X,open,Kards Open X Qualifier B,swiss,Round 5,2022-02-05T16:50:48Z,sgg:2409467,bf:6064772a1dc5b905e3c0ff51,0,2,2,1
startgg,670270,Kards Open X,open,Kards Open X Qualifier B,swiss,Round 5,2022-02-05T16:51:15Z,sgg:2631910,sgg:2622223,0,2,2,1
startgg,670270,Kards Open X,open,Kards Open X Qualifier B,swiss,Round 5,2022-02-05T16:51:19Z,sgg:2506738,sgg:2624037,1,2,2,1
startgg,670270,Kards Open X,open,Kards Open X Qualifier B,swiss,Round 5,2022-02-05T16:53:24Z,sgg:2628773,sgg:2628408,2,0,1,1
startgg,670270,Kards Open X,open,Kards Open X Qualifier B,swiss,Round 5,2022-02-05T16:55:30Z,bf:5f0cd40c3087a65e039603f4,sgg:2616143,2,1,1,1
startgg,670270,Kards Open X,open,Kards Open X Qualifier B,swiss,Round 5,2022-02-05T16:56:21Z,sgg:2621386,sgg:2624805,1,2,2,1
startgg,670270,Kards Open X,open,Kards Open X Qualifier B,swiss,Round 5,2022-02-05T16:56:53Z,sgg:2620886,bf:601ce5a78e21aa1d188c2da4,1,2,2,1
startgg,670270,Kards Open X,open,Kards Open X Qualifier B,swiss,Round 5,2022-02-05T16:57:16Z,bf:564e7b5b80b8db4a00c4ff9c,sgg:2628603,2,0,1,1
startgg,670270,Kards Open X,open,Kards Open X Qualifier B,swiss,Round 5,2022-02-05T16:57:18Z,sgg:2630828,sgg:2633715,2,1,1,1
startgg,670270,Kards Open X,open,Kards Open X Qualifier B,swiss,Round 5,2022-02-05T16:58:32Z,sgg:2624728,sgg:2636686,2,0,1,1
startgg,670270,Kards Open X,open,Kards Open X Qualifier B,swiss,Round 5,2022-02-05T16:59:38Z,bf:5ec99a6d5cb5d5345c7fdf7c,sgg:2375442,2,0,1,1
startgg,670270,Kards Open X,open,Kards Open X Qualifier B,swiss,Round 5,2022-02-05T17:02:23Z,bf:5ec2a6dafd8a561535cde2a5,sgg:2625715,2,0,1,1
startgg,670270,Kards Open X,open,Kards Open X Qualifier B,swiss,Round 5,2022-02-05T17:02:41Z,bf:5c3b6b20304450039e51c054,bf:5fc1c2f14a3afe55318cfd98,1,2,2,1
startgg,670270,Kards Open X,open,Kards Open X Qualifier B,swiss,Round 5,2022-02-05T17:04:42Z,bf:5f11d0b0eea71b24bc30e84a,sgg:2630763,2,0,1,1
startgg,670270,Kards Open X,open,Kards Open X Qualifier B,swiss,Round 5,2022-02-05T17:06:08Z,bf:5f4318d1681ff84ab5ec92f9,sgg:2498198,2,0,1,1
startgg,670270,Kards Open X,open,Kards Open X Qualifier B,swiss,Round 5,2022-02-05T17:08:21Z,bf:5f109d917a5f692572240090,bf:60509713496ba24d0604cc08,2,0,1,1
startgg,670270,Kards Open X,open,Kards Open X Qualifier B,swiss,Round 5,2022-02-05T17:08:44Z,bf:603aca86a4a3f111939e5346,bf:5fb038eb1632970e916b6f46,1,2,2,1
startgg,670270,Kards Open X,open,Kards Open X Qualifier B,swiss,Round 5,2022-02-05T17:15:24Z,sgg:2627089,sgg:2627360,2,1,1,1
startgg,670270,Kards Open X,open,Kards Open X Qualifier B,swiss,Round 5,2022-02-05T17:20:53Z,sgg:2495272,sgg:2631948,2,1,1,1
startgg,670270,Kards Open X,open,Kards Open X Qualifier B,swiss,Round 5,2022-02-05T17:25:03Z,sgg:2624640,sgg:2623677,2,1,1,1
startgg,670270,Kards Open X,open,Kards Open X Qualifier B,swiss,Round 6,2022-02-05T17:50:24Z,bf:5ec2a6dafd8a561535cde2a5,sgg:2620876,2,0,1,1
startgg,670270,Kards Open X,open,Kards Open X Qualifier B,swiss,Round 6,2022-02-05T17:52:29Z,sgg:2353966,bf:601ce5a78e21aa1d188c2da4,0,2,2,1
startgg,670270,Kards Open X,open,Kards Open X Qualifier B,swiss,Round 6,2022-02-05T17:52:33Z,sgg:2621971,sgg:2628773,0,2,2,1
startgg,670270,Kards Open X,open,Kards Open X Qualifier B,swiss,Round 6,2022-02-05T17:53:37Z,bf:60c61341543cd91a5d592af7,bf:5f4318d1681ff84ab5ec92f9,0,2,2,1
startgg,670270,Kards Open X,open,Kards Open X Qualifier B,swiss,Round 6,2022-02-05T17:55:21Z,bf:603aca86a4a3f111939e5346,sgg:2616143,2,0,1,1
startgg,670270,Kards Open X,open,Kards Open X Qualifier B,swiss,Round 6,2022-02-05T17:55:22Z,sgg:2625715,sgg:2628408,0,-1,1,0
startgg,670270,Kards Open X,open,Kards Open X Qualifier B,swiss,Round 6,2022-02-05T17:58:50Z,sgg:2624805,bf:5fb038eb1632970e916b6f46,0,2,2,1
startgg,670270,Kards Open X,open,Kards Open X Qualifier B,swiss,Round 6,2022-02-05T17:59:40Z,sgg:2624728,sgg:2622223,2,0,1,1
startgg,670270,Kards Open X,open,Kards Open X Qualifier B,swiss,Round 6,2022-02-05T18:00:43Z,sgg:2623660,bf:601ae997fb69622ad6617823,2,0,1,1
startgg,670270,Kards Open X,open,Kards Open X Qualifier B,swiss,Round 6,2022-02-05T18:02:13Z,sgg:2636686,sgg:2630763,2,0,1,1
startgg,670270,Kards Open X,open,Kards Open X Qualifier B,swiss,Round 6,2022-02-05T18:02:14Z,sgg:2624037,sgg:2631948,2,0,1,1
startgg,670270,Kards Open X,open,Kards Open X Qualifier B,swiss,Round 6,2022-02-05T18:03:00Z,sgg:2409467,bf:60509713496ba24d0604cc08,0,2,2,1
startgg,670270,Kards Open X,open,Kards Open X Qualifier B,swiss,Round 6,2022-02-05T18:03:21Z,sgg:2495272,sgg:2621966,0,2,2,1
startgg,670270,Kards Open X,open,Kards Open X Qualifier B,swiss,Round 6,2022-02-05T18:04:40Z,sgg:2621073,sgg:2640557,2,1,1,1
startgg,670270,Kards Open X,open,Kards Open X Qualifier B,swiss,Round 6,2022-02-05T18:06:19Z,sgg:2630669,bf:5f109d917a5f692572240090,0,2,2,1
startgg,670270,Kards Open X,open,Kards Open X Qualifier B,swiss,Round 6,2022-02-05T18:07:44Z,sgg:2498198,bf:5fbebdee043fd20cdf90cfaf,1,2,2,1
startgg,670270,Kards Open X,open,Kards Open X Qualifier B,swiss,Round 6,2022-02-05T18:07:57Z,bf:5fc1c2f14a3afe55318cfd98,sgg:2621386,1,2,2,1
startgg,670270,Kards Open X,open,Kards Open X Qualifier B,swiss,Round 6,2022-02-05T18:09:38Z,sgg:2624669,sgg:2628603,2,0,1,1
startgg,670270,Kards Open X,open,Kards Open X Qualifier B,swiss,Round 6,2022-02-05T18:10:16Z,bf:5ec99a6d5cb5d5345c7fdf7c,bf:6064772a1dc5b905e3c0ff51,1,2,2,1
startgg,670270,Kards Open X,open,Kards Open X Qualifier B,swiss,Round 6,2022-02-05T18:10:30Z,bf:5f0cd40c3087a65e039603f4,bf:602d5acba74cc17c31b7d9af,1,2,2,1
startgg,670270,Kards Open X,open,Kards Open X Qualifier B,swiss,Round 6,2022-02-05T18:11:18Z,bf:564e7b5b80b8db4a00c4ff9c,sgg:2375442,1,2,2,1
startgg,670270,Kards Open X,open,Kards Open X Qualifier B,swiss,Round 6,2022-02-05T18:17:20Z,sgg:2627089,sgg:2624640,2,0,1,1
startgg,670270,Kards Open X,open,Kards Open X Qualifier B,swiss,Round 6,2022-02-05T18:21:46Z,sgg:2633871,sgg:2623677,1,2,2,1
startgg,670270,Kards Open X,open,Kards Open X Qualifier B,swiss,Round 6,2022-02-05T18:25:15Z,sgg:2620886,sgg:2633715,1,2,2,1
startgg,670270,Kards Open X,open,Kards Open X Qualifier B,swiss,Round 6,2022-02-05T18:34:44Z,bf:5f11d0b0eea71b24bc30e84a,bf:5fb0b189f07fad440734d338,2,0,1,1
startgg,670270,Kards Open X,open,Kards Open X Qualifier B,swiss,Round 7,2022-02-05T18:45:33Z,sgg:2621971,sgg:2636686,2,0,1,1
startgg,670270,Kards Open X,open,Kards Open X Qualifier B,swiss,Round 7,2022-02-05T18:53:07Z,bf:60c61341543cd91a5d592af7,sgg:2621386,2,0,1,1
startgg,670270,Kards Open X,open,Kards Open X Qualifier B,swiss,Round 7,2022-02-05T18:53:07Z,bf:5fc1c2f14a3afe55318cfd98,sgg:2620876,0,-1,1,0
startgg,670270,Kards Open X,open,Kards Open X Qualifier B,swiss,Round 7,2022-02-05T18:53:08Z,sgg:2353966,sgg:2616143,-1,0,2,0
startgg,670270,Kards Open X,open,Kards Open X Qualifier B,swiss,Round 7,2022-02-05T18:53:27Z,bf:603aca86a4a3f111939e5346,sgg:2624805,2,0,1,1
startgg,670270,Kards Open X,open,Kards Open X Qualifier B,swiss,Round 7,2022-02-05T18:53:45Z,sgg:2624728,sgg:2623660,2,0,1,1
startgg,670270,Kards Open X,open,Kards Open X Qualifier B,swiss,Round 7,2022-02-05T18:58:49Z,bf:601ce5a78e21aa1d188c2da4,bf:5fbebdee043fd20cdf90cfaf,2,0,1,1
startgg,670270,Kards Open X,open,Kards Open X Qualifier B,swiss,Round 7,2022-02-05T18:59:24Z,bf:6064772a1dc5b905e3c0ff51,bf:5f109d917a5f692572240090,0,2,2,1
startgg,670270,Kards Open X,open,Kards Open X Qualifier B,swiss,Round 7,2022-02-05T18:59:25Z,sgg:2627360,sgg:2628408,2,0,1,1
startgg,670270,Kards Open X,open,Kards Open X Qualifier B,swiss,Round 7,2022-02-05T19:00:04Z,sgg:2625715,sgg:2506738,0,2,2,1
startgg,670270,Kards Open X,open,Kards Open X Qualifier B,swiss,Round 7,2022-02-05T19:00:45Z,bf:5c3b6b20304450039e51c054,bf:601ae997fb69622ad6617823,0,2,2,1
startgg,670270,Kards Open X,open,Kards Open X Qualifier B,swiss,Round 7,2022-02-05T19:01:13Z,bf:5f4318d1681ff84ab5ec92f9,bf:5ec99a6d5cb5d5345c7fdf7c,1,2,2,1
startgg,670270,Kards Open X,open,Kards Open X Qualifier B,swiss,Round 7,2022-02-05T19:02:44Z,sgg:2630669,sgg:2640557,1,2,2,1
startgg,670270,Kards Open X,open,Kards Open X Qualifier B,swiss,Round 7,2022-02-05T19:05:17Z,sgg:2621073,sgg:2375442,2,1,1,1
startgg,670270,Kards Open X,open,Kards Open X Qualifier B,swiss,Round 7,2022-02-05T19:05:48Z,sgg:2409467,sgg:2495272,0,2,2,1
startgg,670270,Kards Open X,open,Kards Open X Qualifier B,swiss,Round 7,2022-02-05T19:06:02Z,bf:5fb0b189f07fad440734d338,sgg:2628603,,,1,1
startgg,670270,Kards Open X,open,Kards Open X Qualifier B,swiss,Round 7,2022-02-05T19:07:02Z,sgg:2630828,bf:5ec2a6dafd8a561535cde2a5,1,2,2,1
startgg,670270,Kards Open X,open,Kards Open X Qualifier B,swiss,Round 7,2022-02-05T19:08:23Z,bf:5f0cd40c3087a65e039603f4,sgg:2624669,2,0,1,1
startgg,670270,Kards Open X,open,Kards Open X Qualifier B,swiss,Round 7,2022-02-05T19:09:40Z,sgg:2624037,bf:5f11d0b0eea71b24bc30e84a,0,2,2,1
startgg,670270,Kards Open X,open,Kards Open X Qualifier B,swiss,Round 7,2022-02-05T19:10:58Z,bf:564e7b5b80b8db4a00c4ff9c,sgg:2628773,2,1,1,1
startgg,670270,Kards Open X,open,Kards Open X Qualifier B,swiss,Round 7,2022-02-05T19:11:40Z,bf:5fb038eb1632970e916b6f46,sgg:2621966,2,1,1,1
startgg,670270,Kards Open X,open,Kards Open X Qualifier B,swiss,Round 7,2022-02-05T19:13:54Z,bf:602d5acba74cc17c31b7d9af,bf:60509713496ba24d0604cc08,1,2,2,1
startgg,670270,Kards Open X,open,Kards Open X Qualifier B,swiss,Round 7,2022-02-05T19:19:44Z,sgg:2627089,sgg:2622223,2,1,1,1
startgg,670270,Kards Open X,open,Kards Open X Qualifier B,swiss,Round 7,2022-02-05T19:30:02Z,sgg:2631948,sgg:2498198,1,2,2,1
startgg,680551,Kards Open X,open,Kards Open X - Top 16,single_elimination,Round 1,2022-02-26T13:07:25Z,bf:5eb65df574f31a11dd226b38,bf:603aca86a4a3f111939e5346,,,1,1
startgg,680551,Kards Open X,open,Kards Open X - Top 16,single_elimination,Round 1,2022-02-26T13:07:39Z,bf:5ec99a6d5cb5d5345c7fdf7c,bf:5f362c8703dbcc11d58d78e3,,,1,1
startgg,680551,Kards Open X,open,Kards Open X - Top 16,single_elimination,Round 1,2022-02-26T13:08:46Z,sgg:2625266,sgg:2375442,,,2,1
startgg,680551,Kards Open X,open,Kards Open X - Top 16,single_elimination,Round 1,2022-02-26T13:43:03Z,bf:60509713496ba24d0604cc08,bf:5c4dca4fa9f6820352797666,1,2,2,1
startgg,680551,Kards Open X,open,Kards Open X - Top 16,single_elimination,Round 1,2022-02-26T13:45:34Z,bf:6064772a1dc5b905e3c0ff51,bf:6070a8022fd5451122c65ae8,2,0,1,1
startgg,680551,Kards Open X,open,Kards Open X - Top 16,single_elimination,Round 1,2022-02-26T13:51:22Z,bf:5f109d917a5f692572240090,bf:5fb3184d9a9e750ea663e423,2,0,1,1
startgg,680551,Kards Open X,open,Kards Open X - Top 16,single_elimination,Round 1,2022-02-26T14:06:14Z,bf:5fa27bfdf8fc171ea9f66924,sgg:2621073,1,2,2,1
startgg,680551,Kards Open X,open,Kards Open X - Top 16,single_elimination,Round 1,2022-02-26T14:17:56Z,bf:5ec038e2256baa1d38011a05,bf:5fb038eb1632970e916b6f46,2,1,1,1
startgg,680551,Kards Open X,open,Kards Open X - Top 16,single_elimination,Quarter-Final,2022-02-26T14:25:29Z,sgg:2375442,bf:5c4dca4fa9f6820352797666,2,0,1,1
startgg,680551,Kards Open X,open,Kards Open X - Top 16,single_elimination,Quarter-Final,2022-02-26T14:36:25Z,bf:5f109d917a5f692572240090,sgg:2621073,0,2,2,1
startgg,680551,Kards Open X,open,Kards Open X - Top 16,single_elimination,Quarter-Final,2022-02-26T15:02:06Z,bf:6064772a1dc5b905e3c0ff51,bf:5ec038e2256baa1d38011a05,0,2,2,1
startgg,680551,Kards Open X,open,Kards Open X - Top 16,single_elimination,Quarter-Final,2022-02-26T15:20:36Z,bf:5eb65df574f31a11dd226b38,bf:5ec99a6d5cb5d5345c7fdf7c,2,1,1,1
startgg,680551,Kards Open X,open,Kards Open X - Top 16,single_elimination,Semi-Final,2022-02-27T14:47:43Z,bf:5eb65df574f31a11dd226b38,bf:5ec038e2256baa1d38011a05,3,2,1,1
startgg,680551,Kards Open X,open,Kards Open X - Top 16,single_elimination,Semi-Final,2022-02-27T15:18:01Z,sgg:2621073,sgg:2375442,1,3,2,1
startgg,680551,Kards Open X,open,Kards Open X - Top 16,single_elimination,3rd Place Tiebreak,2022-02-27T16:38:03Z,sgg:2621073,bf:5ec038e2256baa1d38011a05,3,0,1,1
startgg,680551,Kards Open X,open,Kards Open X - Top 16,single_elimination,Final,2022-02-27T17:24:46Z,bf:5eb65df574f31a11dd226b38,sgg:2375442,0,3,2,1
startgg,694583,Kards Open XI,open,Kards Open XI Qualifier A,swiss,Round 1,2022-03-26T13:21:15Z,sgg:2627360,sgg:2700939,2,0,1,1
startgg,694583,Kards Open XI,open,Kards Open XI Qualifier A,swiss,Round 1,2022-03-26T13:21:16Z,sgg:2695829,sgg:2624640,-1,0,2,0
startgg,694583,Kards Open XI,open,Kards Open XI Qualifier A,swiss,Round 1,2022-03-26T13:21:16Z,sgg:2409467,sgg:2704861,0,-1,1,0
startgg,694583,Kards Open XI,open,Kards Open XI Qualifier A,swiss,Round 1,2022-03-26T13:22:54Z,sgg:2636686,sgg:2518593,0,2,2,1
startgg,694583,Kards Open XI,open,Kards Open XI Qualifier A,swiss,Round 1,2022-03-26T13:27:04Z,bf:5f0cd40c3087a65e039603f4,bf:5f1b48d1abfcb016362ba48e,2,0,1,1
startgg,694583,Kards Open XI,open,Kards Open XI Qualifier A,swiss,Round 1,2022-03-26T13:36:25Z,bf:5f362c8703dbcc11d58d78e3,sgg:2483760,0,2,2,1
startgg,694583,Kards Open XI,open,Kards Open XI Qualifier A,swiss,Round 1,2022-03-26T13:39:14Z,sgg:2696954,sgg:2630669,1,2,2,1
startgg,694583,Kards Open XI,open,Kards Open XI Qualifier A,swiss,Round 1,2022-03-26T13:41:24Z,sgg:2628897,bf:609b0f8f7b748611b20fea75,2,1,1,1
startgg,694583,Kards Open XI,open,Kards Open XI Qualifier A,swiss,Round 1,2022-03-26T13:45:16Z,bf:601d334704309b1b93074798,sgg:2489723,2,0,1,1
startgg,694583,Kards Open XI,open,Kards Open XI Qualifier A,swiss,Round 2,2022-03-26T14:27:11Z,bf:5fbfb60f1632970e916c6544,bf:601d334704309b1b93074798,2,0,1,1
startgg,694583,Kards Open XI,open,Kards Open XI Qualifier A,swiss,Round 2,2022-03-26T14:29:45Z,sgg:2624640,sgg:2627360,0,2,2,1
startgg,694583,Kards Open XI,open,Kards Open XI Qualifier A,swiss,Round 2,2022-03-26T14:31:28Z,bf:601ccba636ceeb11b32b80ff,sgg:2624368,2,0,1,1
startgg,694583,Kards Open XI,open,Kards Open XI Qualifier A,swiss,Round 2,2022-03-26T14:40:43Z,sgg:2621971,sgg:2409467,2,0,1,1
startgg,694583,Kards Open XI,open,Kards Open XI Qualifier A,swiss,Round 2,2022-03-26T14:43:10Z,bf:5f101bc2eea71b24bc30c50e,bf:5fb3184d9a9e750ea663e423,0,2,2,1
startgg,694583,Kards Open XI,open,Kards Open XI Qualifier A,swiss,Round 2,2022-03-26T14:43:45Z,sgg:2636686,sgg:2701316,2,1,1,1
startgg,694583,Kards Open XI,open,Kards Open XI Qualifier A,swiss,Round 2,2022-03-26T14:59:29Z,sgg:2628773,sgg:2621982,1,2,2,1
startgg,694583,Kards Open XI,open,Kards Open XI Qualifier A,swiss,Round 2,2022-03-26T15:06:20Z,bf:564e7b5b80b8db4a00c4ff9c,bf:60509713496ba24d0604cc08,2,1,1,1
startgg,694583,Kards Open XI,open,Kards Open XI Qualifier A,swiss,Round 3,2022-03-26T15:24:09Z,sgg:2700939,sgg:2489723,0,2,2,1
startgg,694583,Kards Open XI,open,Kards Open XI Qualifier A,swiss,Round 3,2022-03-26T15:25:36Z,sgg:2699767,bf:5f362c8703dbcc11d58d78e3,0,2,2,1
startgg,694583,Kards Open XI,open,Kards Open XI Qualifier A,swiss,Round 3,2022-03-26T15:31:23Z,sgg:2630669,bf:564e7b5b80b8db4a00c4ff9c,0,2,2,1
startgg,694583,Kards Open XI,open,Kards Open XI Qualifier A,swiss,Round 3,2022-03-26T15:31:30Z,bf:601ccba636ceeb11b32b80ff,sgg:2483760,2,0,1,1
startgg,694583,Kards Open XI,open,Kards Open XI Qualifier A,swiss,Round 3,2022-03-26T15:35:58Z,bf:5ec038e2256baa1d38011a05,sgg:2695609,2,1,1,1
startgg,694583,Kards Open XI,open,Kards Open XI Qualifier A,swiss,Round 3,2022-03-26T15:38:08Z,sgg:2628897,bf:5fb3184d9a9e750ea663e423,1,2,2,1
startgg,694583,Kards Open XI,open,Kards Open XI Qualifier A,swiss,Round 3,2022-03-26T15:39:58Z,sgg:2706665,sgg:2621982,1,2,2,1
startgg,694583,Kards Open XI,open,Kards Open XI Qualifier A,swiss,Round 3,2022-03-26T15:40:18Z,sgg:2518593,sgg:2375442,2,1,1,1
startgg,694583,Kards Open XI,open,Kards Open XI Qualifier A,swiss,Round 3,2022-03-26T15:43:29Z,bf:5f0cd40c3087a65e039603f4,sgg:2627360,2,0,1,1
startgg,694583,Kards Open XI,open,Kards Open XI Qualifier A,swiss,Round 3,2022-03-26T15:47:57Z,bf:5fbfb60f1632970e916c6544,bf:6070a8022fd5451122c65ae8,1,2,2,1
startgg,694583,Kards Open XI,open,Kards Open XI Qualifier A,swiss,Round 3,2022-03-26T15:57:35Z,sgg:2695825,bf:5f101bc2eea71b24bc30c50e,1,2,2,1
startgg,694583,Kards Open XI,open,Kards Open XI Qualifier A,swiss,Round 3,2022-03-26T15:59:12Z,bf:5ec99a6d5cb5d5345c7fdf7c,bf:57b5a7ffabd8181c0cfdf304,0,2,2,1
startgg,694583,Kards Open XI,open,Kards Open XI Qualifier A,swiss,Round 3,2022-03-26T15:59:32Z,bf:60509713496ba24d0604cc08,bf:601d334704309b1b93074798,2,1,1,1
startgg,694583,Kards Open XI,open,Kards Open XI Qualifier A,swiss,Round 4,2022-03-26T16:18:25Z,bf:5f1b48d1abfcb016362ba48e,sgg:2483760,0,2,2,1
startgg,694583,Kards Open XI,open,Kards Open XI Qualifier A,swiss,Round 4,2022-03-26T16:19:27Z,bf:5ec99a6d5cb5d5345c7fdf7c,bf:5f362c8703dbcc11d58d78e3,-1,0,2,0
startgg,694583,Kards Open XI,open,Kards Open XI Qualifier A,swiss,Round 4,2022-03-26T16:22:16Z,sgg:2518593,bf:601ccba636ceeb11b32b80ff,2,1,1,1
startgg,694583,Kards Open XI,open,Kards Open XI Qualifier A,swiss,Round 4,2022-03-26T16:22:25Z,sgg:2630669,sgg:2489723,2,0,1,1
startgg,694583,Kards Open XI,open,Kards Open XI Qualifier A,swiss,Round 4,2022-03-26T16:23:43Z,bf:60509713496ba24d0604cc08,sgg:2628897,2,0,1,1
startgg,694583,Kards Open XI,open,Kards Open XI Qualifier A,swiss,Round 4,2022-03-26T16:26:17Z,sgg:2695825,sgg:2700939,1,2,2,1
startgg,694583,Kards Open XI,open,Kards Open XI Qualifier A,swiss,Round 4,2022-03-26T16:29:18Z,sgg:2628773,sgg:2695609,2,0,1,1
startgg,694583,Kards Open XI,open,Kards Open XI Qualifier A,swiss,Round 4,2022-03-26T16:31:31Z,bf:5ec038e2256baa1d38011a05,bf:6070a8022fd5451122c65ae8,0,2,2,1
startgg,694583,Kards Open XI,open,Kards Open XI Qualifier A,swiss,Round 4,2022-03-26T16:33:04Z,bf:5eb65df574f31a11dd226b38,bf:564e7b5b80b8db4a00c4ff9c,2,1,1,1
startgg,694583,Kards Open XI,open,Kards Open XI Qualifier A,swiss,Round 4,2022-03-26T16:38:08Z,sgg:2696954,sgg:2621971,1,2,2,1
startgg,694583,Kards Open XI,open,Kards Open XI Qualifier A,swiss,Round 4,2022-03-26T16:52:17Z,bf:57b5a7ffabd8181c0cfdf304,sgg:2621982,2,0,1,1
startgg,694583,Kards Open XI,open,Kards Open XI Qualifier A,swiss,Round 5,2022-03-26T17:21:06Z,sgg:2631948,sgg:2697202,0,2,2,1
startgg,694583,Kards Open XI,open,Kards Open XI Qualifier A,swiss,Round 5,2022-03-26T17:22:42Z,bf:5ec038e2256baa1d38011a05,sgg:2624368,2,0,1,1
startgg,694583,Kards Open XI,open,Kards Open XI Qualifier A,swiss,Round 5,2022-03-26T17:23:24Z,sgg:2627360,bf:601ccba636ceeb11b32b80ff,1,2,2,1
startgg,694583,Kards Open XI,open,Kards Open XI Qualifier A,swiss,Round 5,2022-03-26T17:24:15Z,bf:5fbfb60f1632970e916c6544,sgg:2704861,2,0,1,1
startgg,694583,Kards Open XI,open,Kards Open XI Qualifier A,swiss,Round 5,2022-03-26T17:25:00Z,bf:609b0f8f7b748611b20fea75,sgg:2695829,0,2,2,1
startgg,694583,Kards Open XI,open,Kards Open XI Qualifier A,swiss,Round 5,2022-03-26T17:27:49Z,bf:5eb65df574f31a11dd226b38,bf:5f0cd40c3087a65e039603f4,2,0,1,1
startgg,694583,Kards Open XI,open,Kards Open XI Qualifier A,swiss,Round 5,2022-03-26T17:28:07Z,sgg:2700939,sgg:2624640,2,1,1,1
startgg,694583,Kards Open XI,open,Kards Open XI Qualifier A,swiss,Round 5,2022-03-26T17:33:26Z,bf:5f1b48d1abfcb016362ba48e,sgg:2706665,0,2,2,1
startgg,694583,Kards Open XI,open,Kards Open XI Qualifier A,swiss,Round 5,2022-03-26T17:33:43Z,bf:57b5a7ffabd8181c0cfdf304,bf:5fb3184d9a9e750ea663e423,2,0,1,1
startgg,694583,Kards Open XI,open,Kards Open XI Qualifier A,swiss,Round 5,2022-03-26T17:34:30Z,sgg:2489723,bf:564e7b5b80b8db4a00c4ff9c,0,2,2,1
startgg,694583,Kards Open XI,open,Kards Open XI Qualifier A,swiss,Round 5,2022-03-26T17:36:17Z,sgg:2621982,sgg:2630669,2,0,1,1
startgg,694583,Kards Open XI,open,Kards Open XI Qualifier A,swiss,Round 5,2022-03-26T17:37:02Z,sgg:2636686,sgg:2699767,1,2,2,1
startgg,694583,Kards Open XI,open,Kards Open XI Qualifier A,swiss,Round 5,2022-03-26T17:37:14Z,bf:6070a8022fd5451122c65ae8,sgg:2518593,1,2,2,1
startgg,694583,Kards Open XI,open,Kards Open XI Qualifier A,swiss,Round 5,2022-03-26T17:47:15Z,sgg:2621971,bf:5f101bc2eea71b24bc30c50e,1,2,2,1
startgg,694583,Kards Open XI,open,Kards Open XI Qualifier A,swiss,Round 6,2022-03-26T18:13:34Z,sgg:2695829,sgg:2704861,0,2,2,1
startgg,694583,Kards Open XI,open,Kards Open XI Qualifier A,swiss,Round 6,2022-03-26T18:20:25Z,sgg:2375442,sgg:2624368,-1,0,2,0
startgg,694583,Kards Open XI,open,Kards Open XI Qualifier A,swiss,Round 6,2022-03-26T18:20:26Z,bf:601d334704309b1b93074798,sgg:2695825,-1,0,2,0
startgg,694583,Kards Open XI,open,Kards Open XI Qualifier A,swiss,Round 6,2022-03-26T18:21:27Z,sgg:2628897,sgg:2621971,0,2,2,1
startgg,694583,Kards Open XI,open,Kards Open XI Qualifier A,swiss,Round 6,2022-03-26T18:22:31Z,sgg:2409467,bf:5fb3184d9a9e750ea663e423,2,0,1,1
startgg,694583,Kards Open XI,open,Kards Open XI Qualifier A,swiss,Round 6,2022-03-26T18:22:44Z,sgg:2697202,bf:5ec038e2256baa1d38011a05,0,2,2,1
startgg,694583,Kards Open XI,open,Kards Open XI Qualifier A,swiss,Round 6,2022-03-26T18:24:12Z,sgg:2518593,bf:57b5a7ffabd8181c0cfdf304,2,0,1,1
startgg,694583,Kards Open XI,open,Kards Open XI Qualifier A,swiss,Round 6,2022-03-26T18:24:13Z,sgg:2706665,sgg:2700939,1,2,2,1
startgg,694583,Kards Open XI,open,Kards Open XI Qualifier A,swiss,Round 6,2022-03-26T18:29:23Z,bf:5eb65df574f31a11dd226b38,bf:6070a8022fd5451122c65ae8,2,0,1,1
startgg,694583,Kards Open XI,open,Kards Open XI Qualifier A,swiss,Round 6,2022-03-26T18:30:48Z,bf:5f362c8703dbcc11d58d78e3,bf:601ccba636ceeb11b32b80ff,1,2,2,1
startgg,694583,Kards Open XI,open,Kards Open XI Qualifier A,swiss,Round 6,2022-03-26T18:30:48Z,bf:5f101bc2eea71b24bc30c50e,bf:5fbfb60f1632970e916c6544,0,2,2,1
startgg,694583,Kards Open XI,open,Kards Open XI Qualifier A,swiss,Round 6,2022-03-26T18:33:27Z,sgg:2695609,sgg:2696954,2,0,1,1
startgg,694583,Kards Open XI,open,Kards Open XI Qualifier A,swiss,Round 6,2022-03-26T18:35:27Z,bf:5f1b48d1abfcb016362ba48e,sgg:2489723,1,2,2,1
startgg,694583,Kards Open XI,open,Kards Open XI Qualifier A,swiss,Round 6,2022-03-26T18:40:10Z,sgg:2630669,bf:60509713496ba24d0604cc08,2,1,1,1
startgg,694583,Kards Open XI,open,Kards Open XI Qualifier A,swiss,Round 6,2022-03-26T18:49:32Z,bf:5f0cd40c3087a65e039603f4,sgg:2628773,1,2,2,1
startgg,694583,Kards Open XI,open,Kards Open XI Qualifier A,swiss,Round 6,2022-03-26T18:49:47Z,sgg:2621982,sgg:2483760,1,2,2,1
startgg,694583,Kards Open XI,open,Kards Open XI Qualifier A,swiss,Round 6,2022-03-26T18:51:59Z,sgg:2636686,sgg:2624640,1,2,2,1
startgg,694583,Kards Open XI,open,Kards Open XI Qualifier A,swiss,Round 7,2022-03-26T19:08:47Z,sgg:2624368,sgg:2704861,2,0,1,1
startgg,694583,Kards Open XI,open,Kards Open XI Qualifier A,swiss,Round 7,2022-03-26T19:12:21Z,sgg:2628773,bf:564e7b5b80b8db4a00c4ff9c,0,2,2,1
startgg,694583,Kards Open XI,open,Kards Open XI Qualifier A,swiss,Round 7,2022-03-26T19:13:18Z,bf:5ec038e2256baa1d38011a05,bf:5fbfb60f1632970e916c6544,2,0,1,1
startgg,694583,Kards Open XI,open,Kards Open XI Qualifier A,swiss,Round 7,2022-03-26T19:15:38Z,sgg:2636686,bf:5f1b48d1abfcb016362ba48e,0,2,2,1
startgg,694583,Kards Open XI,open,Kards Open XI Qualifier A,swiss,Round 7,2022-03-26T19:18:14Z,sgg:2706665,sgg:2695829,2,0,1,1
startgg,694583,Kards Open XI,open,Kards Open XI Qualifier A,swiss,Round 7,2022-03-26T19:20:41Z,sgg:2628897,sgg:2697202,0,2,2,1
startgg,694583,Kards Open XI,open,Kards Open XI Qualifier A,swiss,Round 7,2022-03-26T19:21:23Z,sgg:2409467,bf:601ccba636ceeb11b32b80ff,2,1,1,1
startgg,694583,Kards Open XI,open,Kards Open XI Qualifier A,swiss,Round 7,2022-03-26T19:22:26Z,bf:609b0f8f7b748611b20fea75,sgg:2695825,0,2,2,1
startgg,694583,Kards Open XI,open,Kards Open XI Qualifier A,swiss,Round 7,2022-03-26T19:22:34Z,sgg:2695609,bf:5f101bc2eea71b24bc30c50e,1,2,2,1
startgg,694583,Kards Open XI,open,Kards Open XI Qualifier A,swiss,Round 7,2022-03-26T19:25:24Z,sgg:2621971,sgg:2699767,2,1,1,1
startgg,694583,Kards Open XI,open,Kards Open XI Qualifier A,swiss,Round 7,2022-03-26T19:31:21Z,sgg:2701316,sgg:2631948,1,2,2,1
startgg,694583,Kards Open XI,open,Kards Open XI Qualifier A,swiss,Round 7,2022-03-26T19:31:24Z,bf:5fb3184d9a9e750ea663e423,bf:5f0cd40c3087a65e039603f4,2,0,1,1
startgg,694583,Kards Open XI,open,Kards Open XI Qualifier A,swiss,Round 7,2022-03-26T19:32:18Z,sgg:2700939,bf:6070a8022fd5451122c65ae8,1,2,2,1
startgg,694583,Kards Open XI,open,Kards Open XI Qualifier A,swiss,Round 7,2022-03-26T19:32:31Z,sgg:2696954,bf:60509713496ba24d0604cc08,0,2,2,1
startgg,694583,Kards Open XI,open,Kards Open XI Qualifier A,swiss,Round 7,2022-03-26T19:32:44Z,sgg:2630669,bf:5f362c8703dbcc11d58d78e3,1,2,2,1
startgg,694583,Kards Open XI,open,Kards Open XI Qualifier A,swiss,Round 7,2022-03-26T19:34:29Z,sgg:2518593,bf:5eb65df574f31a11dd226b38,0,2,2,1
startgg,694583,Kards Open XI,open,Kards Open XI Qualifier A,swiss,Round 7,2022-03-26T19:40:03Z,sgg:2489723,sgg:2624640,2,0,1,1
startgg,694583,Kards Open XI,open,Kards Open XI Qualifier A,swiss,Round 7,2022-03-26T19:40:39Z,sgg:2483760,bf:57b5a7ffabd8181c0cfdf304,2,1,1,1
startgg,694584,Kards Open XI,open,Kards Open XI Qualifier B,swiss,Round 1,2022-04-09T16:16:36Z,bf:5ec99a6d5cb5d5345c7fdf7c,bf:60685007d0955e11e2b013f4,2,0,1,1
startgg,694584,Kards Open XI,open,Kards Open XI Qualifier B,swiss,Round 1,2022-04-09T16:24:51Z,sgg:2375442,sgg:2712705,2,0,1,1
startgg,694584,Kards Open XI,open,Kards Open XI Qualifier B,swiss,Round 1,2022-04-09T16:24:59Z,bf:5c3b6b20304450039e51c054,sgg:2718501,2,0,1,1
startgg,694584,Kards Open XI,open,Kards Open XI Qualifier B,swiss,Round 1,2022-04-09T16:25:03Z,sgg:2498198,bf:5f112ee3eac9482569fb3ee6,2,0,1,1
startgg,694584,Kards Open XI,open,Kards Open XI Qualifier B,swiss,Round 1,2022-04-09T16:27:31Z,bf:601d334704309b1b93074798,sgg:2624640,2,1,1,1
startgg,694584,Kards Open XI,open,Kards Open XI Qualifier B,swiss,Round 1,2022-04-09T16:29:17Z,sgg:2631948,bf:5f1b48d1abfcb016362ba48e,0,2,2,1
startgg,694584,Kards Open XI,open,Kards Open XI Qualifier B,swiss,Round 1,2022-04-09T16:31:41Z,bf:5fb3184d9a9e750ea663e423,sgg:2708527,2,0,1,1
startgg,694584,Kards Open XI,open,Kards Open XI Qualifier B,swiss,Round 1,2022-04-09T16:32:09Z,sgg:2621971,sgg:2709342,0,2,2,1
startgg,694584,Kards Open XI,open,Kards Open XI Qualifier B,swiss,Round 1,2022-04-09T16:34:25Z,bf:5bef1fd422a55803cb340a40,sgg:2388207,0,2,2,1
startgg,694584,Kards Open XI,open,Kards Open XI Qualifier B,swiss,Round 2,2022-04-09T17:21:27Z,bf:5f0cd40c3087a65e039603f4,bf:5f1b48d1abfcb016362ba48e,2,0,1,1
startgg,694584,Kards Open XI,open,Kards Open XI Qualifier B,swiss,Round 2,2022-04-09T17:29:00Z,bf:601c9f9ef8251e1bb7eb0fb5,bf:60685007d0955e11e2b013f4,0,2,2,1
startgg,694584,Kards Open XI,open,Kards Open XI Qualifier B,swiss,Round 2,2022-04-09T17:29:16Z,sgg:2388207,bf:5fa467df4eb3c2458669c29a,2,0,1,1
startgg,694584,Kards Open XI,open,Kards Open XI Qualifier B,swiss,Round 2,2022-04-09T17:31:27Z,sgg:2616063,bf:5ec99a6d5cb5d5345c7fdf7c,0,2,2,1
startgg,694584,Kards Open XI,open,Kards Open XI Qualifier B,swiss,Round 2,2022-04-09T17:32:35Z,sgg:2621073,bf:5f109d917a5f692572240090,1,2,2,1
startgg,694584,Kards Open XI,open,Kards Open XI Qualifier B,swiss,Round 2,2022-04-09T17:36:29Z,sgg:2696041,bf:601d334704309b1b93074798,0,2,2,1
startgg,694584,Kards Open XI,open,Kards Open XI Qualifier B,swiss,Round 2,2022-04-09T17:43:10Z,sgg:2709342,bf:5f47aca042aba63789789166,1,2,2,1
startgg,694584,Kards Open XI,open,Kards Open XI Qualifier B,swiss,Round 2,2022-04-09T17:54:19Z,sgg:2621982,sgg:2699470,2,0,1,1
startgg,694584,Kards Open XI,open,Kards Open XI Qualifier B,swiss,Round 3,2022-04-09T18:12:58Z,bf:601c9f9ef8251e1bb7eb0fb5,sgg:2489723,0,2,2,1
startgg,694584,Kards Open XI,open,Kards Open XI Qualifier B,swiss,Round 3,2022-04-09T18:13:17Z,bf:5ec99a6d5cb5d5345c7fdf7c,bf:5c3b6b20304450039e51c054,2,0,1,1
startgg,694584,Kards Open XI,open,Kards Open XI Qualifier B,swiss,Round 3,2022-04-09T18:15:18Z,sgg:2616063,bf:5f1b48d1abfcb016362ba48e,2,0,1,1
startgg,694584,Kards Open XI,open,Kards Open XI Qualifier B,swiss,Round 3,2022-04-09T18:18:05Z,bf:5bef1fd422a55803cb340a40,bf:60685007d0955e11e2b013f4,0,2,2,1
startgg,694584,Kards Open XI,open,Kards Open XI Qualifier B,swiss,Round 3,2022-04-09T18:18:57Z,bf:601d334704309b1b93074798,bf:5f47aca042aba63789789166,2,1,1,1
startgg,694584,Kards Open XI,open,Kards Open XI Qualifier B,swiss,Round 3,2022-04-09T18:21:29Z,bf:5f0cd40c3087a65e039603f4,bf:5f109d917a5f692572240090,0,2,2,1
startgg,694584,Kards Open XI,open,Kards Open XI Qualifier B,swiss,Round 3,2022-04-09T18:23:33Z,bf:5fb3184d9a9e750ea663e423,sgg:2375442,0,2,2,1
startgg,694584,Kards Open XI,open,Kards Open XI Qualifier B,swiss,Round 3,2022-04-09T18:27:09Z,sgg:2621073,sgg:2631948,2,1,1,1
startgg,694584,Kards Open XI,open,Kards Open XI Qualifier B,swiss,Round 3,2022-04-09T18:32:24Z,sgg:2388207,bf:5fb038eb1632970e916b6f46,2,0,1,1
startgg,694584,Kards Open XI,open,Kards Open XI Qualifier B,swiss,Round 3,2022-04-09T18:34:54Z,sgg:2498198,sgg:2709342,1,2,2,1
startgg,694584,Kards Open XI,open,Kards Open XI Qualifier B,swiss,Round 3,2022-04-09T18:36:57Z,bf:5f112ee3eac9482569fb3ee6,sgg:2696041,-1,0,2,0
startgg,694584,Kards Open XI,open,Kards Open XI Qualifier B,swiss,Round 3,2022-04-09T18:42:19Z,sgg:2621982,bf:5f362c8703dbcc11d58d78e3,2,1,1,1
startgg,694584,Kards Open XI,open,Kards Open XI Qualifier B,swiss,Round 4,2022-04-09T19:01:12Z,bf:5ec99a6d5cb5d5345c7fdf7c,bf:601d334704309b1b93074798,0,2,2,1
startgg,694584,Kards Open XI,open,Kards Open XI Qualifier B,swiss,Round 4,2022-04-09T19:04:38Z,sgg:2621073,bf:5f47aca042aba63789789166,2,1,1,1
startgg,694584,Kards Open XI,open,Kards Open XI Qualifier B,swiss,Round 4,2022-04-09T19:06:37Z,bf:5fb3184d9a9e750ea663e423,bf:5f101bc2eea71b24bc30c50e,2,0,1,1
startgg,694584,Kards Open XI,open,Kards Open XI Qualifier B,swiss,Round 4,2022-04-09T19:06:51Z,sgg:2489723,bf:5f32abe69ab87f2e0c19e0b7,2,0,1,1
startgg,694584,Kards Open XI,open,Kards Open XI Qualifier B,swiss,Round 4,2022-04-09T19:07:04Z,sgg:2621971,bf:5f1b48d1abfcb016362ba48e,0,2,2,1
startgg,694584,Kards Open XI,open,Kards Open XI Qualifier B,swiss,Round 4,2022-04-09T19:15:14Z,bf:60685007d0955e11e2b013f4,sgg:2706665,0,2,2,1
startgg,694584,Kards Open XI,open,Kards Open XI Qualifier B,swiss,Round 4,2022-04-09T19:17:57Z,sgg:2621982,sgg:2375442,1,2,2,1
startgg,694584,Kards Open XI,open,Kards Open XI Qualifier B,swiss,Round 4,2022-04-09T19:18:25Z,bf:5f112ee3eac9482569fb3ee6,sgg:2708527,1,2,2,1
startgg,694584,Kards Open XI,open,Kards Open XI Qualifier B,swiss,Round 4,2022-04-09T19:19:20Z,bf:5f109d917a5f692572240090,sgg:2388207,2,0,1,1
startgg,694584,Kards Open XI,open,Kards Open XI Qualifier B,swiss,Round 4,2022-04-09T19:20:13Z,bf:5f0cd40c3087a65e039603f4,sgg:2616063,1,2,2,1
startgg,694584,Kards Open XI,open,Kards Open XI Qualifier B,swiss,Round 4,2022-04-09T19:20:32Z,bf:5c3b6b20304450039e51c054,sgg:2696041,0,2,2,1
startgg,694584,Kards Open XI,open,Kards Open XI Qualifier B,swiss,Round 4,2022-04-09T19:21:26Z,sgg:2709342,bf:5fa467df4eb3c2458669c29a,2,0,1,1
startgg,694584,Kards Open XI,open,Kards Open XI Qualifier B,swiss,Round 4,2022-04-09T19:27:27Z,bf:5bef1fd422a55803cb340a40,sgg:2498198,1,2,2,1
startgg,694584,Kards Open XI,open,Kards Open XI Qualifier B,swiss,Round 4,2022-04-09T19:39:42Z,sgg:2699470,sgg:2624640,0,2,2,1
startgg,694584,Kards Open XI,open,Kards Open XI Qualifier B,swiss,Round 5,2022-04-09T20:00:08Z,sgg:2718501,sgg:2621971,0,2,2,1
startgg,694584,Kards Open XI,open,Kards Open XI Qualifier B,swiss,Round 5,2022-04-09T20:04:37Z,bf:5f1b48d1abfcb016362ba48e,sgg:2699470,2,0,1,1
startgg,694584,Kards Open XI,open,Kards Open XI Qualifier B,swiss,Round 5,2022-04-09T20:04:44Z,sgg:2498198,bf:601c9f9ef8251e1bb7eb0fb5,2,0,1,1
startgg,694584,Kards Open XI,open,Kards Open XI Qualifier B,swiss,Round 5,2022-04-09T20:05:03Z,bf:5fb3184d9a9e750ea663e423,bf:5fb038eb1632970e916b6f46,2,0,1,1
startgg,694584,Kards Open XI,open,Kards Open XI Qualifier B,swiss,Round 5,2022-04-09T20:05:31Z,sgg:2712705,sgg:2624640,2,0,1,1
startgg,694584,Kards Open XI,open,Kards Open XI Qualifier B,swiss,Round 5,2022-04-09T20:07:17Z,sgg:2631948,sgg:2708527,1,2,2,1
startgg,694584,Kards Open XI,open,Kards Open XI Qualifier B,swiss,Round 5,2022-04-09T20:08:33Z,sgg:2375442,bf:5f109d917a5f692572240090,2,0,1,1
startgg,694584,Kards Open XI,open,Kards Open XI Qualifier B,swiss,Round 5,2022-04-09T20:08:33Z,sgg:2616063,sgg:2621073,2,1,1,1
startgg,694584,Kards Open XI,open,Kards Open XI Qualifier B,swiss,Round 5,2022-04-09T20:14:07Z,sgg:2696041,bf:5f101bc2eea71b24bc30c50e,2,0,1,1
startgg,694584,Kards Open XI,open,Kards Open XI Qualifier B,swiss,Round 5,2022-04-09T20:14:18Z,bf:5c3b6b20304450039e51c054,bf:5f32abe69ab87f2e0c19e0b7,2,0,1,1
startgg,694584,Kards Open XI,open,Kards Open XI Qualifier B,swiss,Round 5,2022-04-09T20:15:10Z,sgg:2489723,sgg:2706665,2,0,1,1
startgg,694584,Kards Open XI,open,Kards Open XI Qualifier B,swiss,Round 5,2022-04-09T20:17:10Z,bf:5f362c8703dbcc11d58d78e3,sgg:2388207,1,2,2,1
startgg,694584,Kards Open XI,open,Kards Open XI Qualifier B,swiss,Round 5,2022-04-09T20:17:10Z,bf:601d334704309b1b93074798,sgg:2621982,0,2,2,1
startgg,694584,Kards Open XI,open,Kards Open XI Qualifier B,swiss,Round 5,2022-04-09T20:24:28Z,bf:5ec99a6d5cb5d5345c7fdf7c,sgg:2709342,2,0,1,1
startgg,694584,Kards Open XI,open,Kards Open XI Qualifier B,swiss,Round 5,2022-04-09T20:24:28Z,bf:5f47aca042aba63789789166,bf:60685007d0955e11e2b013f4,2,1,1,1
startgg,694584,Kards Open XI,open,Kards Open XI Qualifier B,swiss,Round 6,2022-04-09T20:40:32Z,bf:5f0cd40c3087a65e039603f4,sgg:2498198,1,2,2,1
startgg,694584,Kards Open XI,open,Kards Open XI Qualifier B,swiss,Round 6,2022-04-09T20:45:18Z,sgg:2621073,bf:5f101bc2eea71b24bc30c50e,-1,0,2,0
startgg,694584,Kards Open XI,open,Kards Open XI Qualifier B,swiss,Round 6,2022-04-09T20:45:28Z,sgg:2696041,bf:5f109d917a5f692572240090,2,0,1,1
startgg,694584,Kards Open XI,open,Kards Open XI Qualifier B,swiss,Round 6,2022-04-09T20:50:21Z,sgg:2621982,sgg:2712705,2,0,1,1
startgg,694584,Kards Open XI,open,Kards Open XI Qualifier B,swiss,Round 6,2022-04-09T20:50:31Z,bf:5bef1fd422a55803cb340a40,bf:601c9f9ef8251e1bb7eb0fb5,2,0,1,1
startgg,694584,Kards Open XI,open,Kards Open XI Qualifier B,swiss,Round 6,2022-04-09T20:51:19Z,sgg:2375442,sgg:2388207,0,2,2,1
startgg,694584,Kards Open XI,open,Kards Open XI Qualifier B,swiss,Round 6,2022-04-09T20:55:06Z,sgg:2706665,bf:5ec99a6d5cb5d5345c7fdf7c,2,0,1,1
startgg,694584,Kards Open XI,open,Kards Open XI Qualifier B,swiss,Round 6,2022-04-09T21:01:13Z,sgg:2489723,bf:601d334704309b1b93074798,1,2,2,1
startgg,694584,Kards Open XI,open,Kards Open XI Qualifier B,swiss,Round 6,2022-04-09T21:02:31Z,bf:5fb038eb1632970e916b6f46,bf:5c3b6b20304450039e51c054,2,0,1,1
startgg,694584,Kards Open XI,open,Kards Open XI Qualifier B,swiss,Round 6,2022-04-09T21:03:17Z,bf:5f32abe69ab87f2e0c19e0b7,sgg:2708527,0,2,2,1
startgg,694584,Kards Open XI,open,Kards Open XI Qualifier B,swiss,Round 6,2022-04-09T21:05:24Z,sgg:2699470,bf:60685007d0955e11e2b013f4,0,2,2,1
startgg,694584,Kards Open XI,open,Kards Open XI Qualifier B,swiss,Round 6,2022-04-09T21:06:36Z,bf:5f362c8703dbcc11d58d78e3,bf:5fa467df4eb3c2458669c29a,1,2,2,1
startgg,694584,Kards Open XI,open,Kards Open XI Qualifier B,swiss,Round 6,2022-04-09T21:06:40Z,bf:5f1b48d1abfcb016362ba48e,bf:5f47aca042aba63789789166,1,2,2,1
startgg,694584,Kards Open XI,open,Kards Open XI Qualifier B,swiss,Round 6,2022-04-09T21:07:30Z,sgg:2621971,sgg:2631948,2,1,1,1
startgg,694584,Kards Open XI,open,Kards Open XI Qualifier B,swiss,Round 6,2022-04-09T21:12:31Z,sgg:2709342,sgg:2624640,2,0,1,1
startgg,694584,Kards Open XI,open,Kards Open XI Qualifier B,swiss,Round 6,2022-04-09T21:13:40Z,sgg:2616063,bf:5fb3184d9a9e750ea663e423,2,1,1,1
startgg,709216,Kards Open XI,open,Kards Open XI - Top 16,single_elimination,Round 1,2022-04-30T13:05:58Z,bf:5eb65df574f31a11dd226b38,bf:5ec99a6d5cb5d5345c7fdf7c,-1,0,2,0
startgg,709216,Kards Open XI,open,Kards Open XI - Top 16,single_elimination,Round 1,2022-04-30T13:06:13Z,bf:601d334704309b1b93074798,bf:6070a8022fd5451122c65ae8,0,-1,1,0
startgg,709216,Kards Open XI,open,Kards Open XI - Top 16,single_elimination,Round 1,2022-04-30T13:06:21Z,sgg:2483760,sgg:2696041,0,-1,1,0
startgg,709216,Kards Open XI,open,Kards Open XI - Top 16,single_elimination,Round 1,2022-04-30T13:31:09Z,sgg:2388207,bf:5ec038e2256baa1d38011a05,3,0,1,1
startgg,709216,Kards Open XI,open,Kards Open XI - Top 16,single_elimination,Quarter-Final,2022-04-30T13:31:51Z,bf:601d334704309b1b93074798,sgg:2483760,1,3,2,1
startgg,709216,Kards Open XI,open,Kards Open XI - Top 16,single_elimination,Round 1,2022-04-30T13:45:06Z,sgg:2375442,bf:601ccba636ceeb11b32b80ff,3,0,1,1
startgg,709216,Kards Open XI,open,Kards Open XI - Top 16,single_elimination,Round 1,2022-04-30T13:46:57Z,sgg:2518593,sgg:2616063,3,2,1,1
startgg,709216,Kards Open XI,open,Kards Open XI - Top 16,single_elimination,Round 1,2022-04-30T13:49:17Z,sgg:2621982,sgg:2409467,3,2,1,1
startgg,709216,Kards Open XI,open,Kards Open XI - Top 16,single_elimination,Round 1,2022-04-30T14:00:46Z,bf:564e7b5b80b8db4a00c4ff9c,bf:5fb3184d9a9e750ea663e423,2,3,2,1
startgg,709216,Kards Open XI,open,Kards Open XI - Top 16,single_elimination,Quarter-Final,2022-04-30T14:27:49Z,sgg:2375442,sgg:2518593,3,1,1,1
startgg,709216,Kards Open XI,open,Kards Open XI - Top 16,single_elimination,Quarter-Final,2022-04-30T14:29:42Z,bf:5ec99a6d5cb5d5345c7fdf7c,sgg:2621982,1,3,2,1
startgg,709216,Kards Open XI,open,Kards Open XI - Top 16,single_elimination,Quarter-Final,2022-04-30T14:51:44Z,bf:5fb3184d9a9e750ea663e423,sgg:2388207,0,3,2,1
startgg,709216,Kards Open XI,open,Kards Open XI - Top 16,single_elimination,Semi-Final,2022-05-01T13:55:50Z,sgg:2621982,sgg:2375442,1,3,2,1
startgg,709216,Kards Open XI,open,Kards Open XI - Top 16,single_elimination,Semi-Final,2022-05-01T14:35:55Z,sgg:2483760,sgg:2388207,3,2,1,1
startgg,709216,Kards Open XI,open,Kards Open XI - Top 16,single_elimination,3rd Place Tiebreak,2022-05-01T15:36:51Z,sgg:2388207,sgg:2621982,3,1,1,1
startgg,709216,Kards Open XI,open,Kards Open XI - Top 16,single_elimination,Final,2022-05-01T16:34:32Z,sgg:2375442,sgg:2483760,2,3,2,1
startgg,723885,Kards Open XII,open,Kards Open XII Qualifier A,swiss,Round 1,2022-05-28T13:15:07Z,bf:5f362c8703dbcc11d58d78e3,sgg:2803366,2,0,1,1
startgg,723885,Kards Open XII,open,Kards Open XII Qualifier A,swiss,Round 1,2022-05-28T13:15:51Z,bf:57b5a7ffabd8181c0cfdf304,sgg:2805881,2,0,1,1
startgg,723885,Kards Open XII,open,Kards Open XII Qualifier A,swiss,Round 1,2022-05-28T13:17:00Z,sgg:2627360,bf:601ccba636ceeb11b32b80ff,2,0,1,1
startgg,723885,Kards Open XII,open,Kards Open XII Qualifier A,swiss,Round 1,2022-05-28T13:23:54Z,sgg:2616063,sgg:2505316,2,0,1,1
startgg,723885,Kards Open XII,open,Kards Open XII Qualifier A,swiss,Round 1,2022-05-28T13:24:25Z,bf:5fb3184d9a9e750ea663e423,sgg:2801104,2,0,1,1
startgg,723885,Kards Open XII,open,Kards Open XII Qualifier A,swiss,Round 1,2022-05-28T13:25:11Z,sgg:375061,bf:5fa467df4eb3c2458669c29a,2,0,1,1
startgg,723885,Kards Open XII,open,Kards Open XII Qualifier A,swiss,Round 1,2022-05-28T13:29:45Z,bf:5ec038e2256baa1d38011a05,bf:60c9b27ea95cd94e9dae5da2,2,1,1,1
startgg,723885,Kards Open XII,open,Kards Open XII Qualifier A,swiss,Round 1,2022-05-28T13:36:53Z,sgg:2483760,sgg:2801120,2,1,1,1
startgg,723885,Kards Open XII,open,Kards Open XII Qualifier A,swiss,Round 1,2022-05-28T13:44:08Z,bf:5ec99a6d5cb5d5345c7fdf7c,bf:60685007d0955e11e2b013f4,0,2,2,1
startgg,723885,Kards Open XII,open,Kards Open XII Qualifier A,swiss,Round 1,2022-05-28T13:47:35Z,sgg:2489723,sgg:2803542,2,0,1,1
startgg,723885,Kards Open XII,open,Kards Open XII Qualifier A,swiss,Round 1,2022-05-28T13:56:36Z,sgg:2407984,bf:5f32f48419fcf2666b2abff1,1,2,2,1
startgg,723885,Kards Open XII,open,Kards Open XII Qualifier A,swiss,Round 2,2022-05-28T14:11:46Z,bf:601ccba636ceeb11b32b80ff,sgg:2805881,2,0,1,1
startgg,723885,Kards Open XII,open,Kards Open XII Qualifier A,swiss,Round 2,2022-05-28T14:17:23Z,bf:60685007d0955e11e2b013f4,bf:5f109d917a5f692572240090,0,2,2,1
startgg,723885,Kards Open XII,open,Kards Open XII Qualifier A,swiss,Round 2,2022-05-28T14:19:11Z,sgg:2505316,sgg:2803366,-1,0,2,0
startgg,723885,Kards Open XII,open,Kards Open XII Qualifier A,swiss,Round 2,2022-05-28T14:19:59Z,sgg:2636686,sgg:2409467,0,2,2,1
startgg,723885,Kards Open XII,open,Kards Open XII Qualifier A,swiss,Round 2,2022-05-28T14:22:00Z,bf:5ec038e2256baa1d38011a05,sgg:375061,2,0,1,1
startgg,723885,Kards Open XII,open,Kards Open XII Qualifier A,swiss,Round 2,2022-05-28T14:22:08Z,sgg:2407984,sgg:2801113,2,0,1,1
startgg,723885,Kards Open XII,open,Kards Open XII Qualifier A,swiss,Round 2,2022-05-28T14:28:20Z,bf:5fb3184d9a9e750ea663e423,bf:57b5a7ffabd8181c0cfdf304,0,2,2,1
startgg,723885,Kards Open XII,open,Kards Open XII Qualifier A,swiss,Round 2,2022-05-28T14:42:06Z,bf:601ad0d4bccfe11bd7952790,bf:5fa467df4eb3c2458669c29a,0,2,2,1
startgg,723885,Kards Open XII,open,Kards Open XII Qualifier A,swiss,Round 2,2022-05-28T14:47:52Z,bf:5f32f48419fcf2666b2abff1,sgg:2489723,1,2,2,1
startgg,723885,Kards Open XII,open,Kards Open XII Qualifier A,swiss,Round 2,2022-05-28T14:57:13Z,bf:60509713496ba24d0604cc08,sgg:2621073,1,2,2,1
startgg,723885,Kards Open XII,open,Kards Open XII Qualifier A,swiss,Round 3,2022-05-28T15:15:56Z,bf:60685007d0955e11e2b013f4,sgg:2803366,2,0,1,1
startgg,723885,Kards Open XII,open,Kards Open XII Qualifier A,swiss,Round 3,2022-05-28T15:17:11Z,sgg:2616063,sgg:2636686,0,2,2,1
startgg,723885,Kards Open XII,open,Kards Open XII Qualifier A,swiss,Round 3,2022-05-28T15:18:17Z,bf:57b5a7ffabd8181c0cfdf304,sgg:2621073,2,0,1,1
startgg,723885,Kards Open XII,open,Kards Open XII Qualifier A,swiss,Round 3,2022-05-28T15:18:58Z,sgg:2409467,sgg:2803542,2,1,1,1
startgg,723885,Kards Open XII,open,Kards Open XII Qualifier A,swiss,Round 3,2022-05-28T15:19:11Z,sgg:2505316,sgg:2801113,2,0,1,1
startgg,723885,Kards Open XII,open,Kards Open XII Qualifier A,swiss,Round 3,2022-05-28T15:20:18Z,sgg:2801104,sgg:2805881,-1,0,2,0
startgg,723885,Kards Open XII,open,Kards Open XII Qualifier A,swiss,Round 3,2022-05-28T15:24:45Z,sgg:375061,bf:601ccba636ceeb11b32b80ff,2,1,1,1
startgg,723885,Kards Open XII,open,Kards Open XII Qualifier A,swiss,Round 3,2022-05-28T15:29:48Z,sgg:2801120,sgg:2407984,2,0,1,1
startgg,723885,Kards Open XII,open,Kards Open XII Qualifier A,swiss,Round 3,2022-05-28T15:41:07Z,bf:5ec038e2256baa1d38011a05,sgg:2483760,1,2,2,1
startgg,723885,Kards Open XII,open,Kards Open XII Qualifier A,swiss,Round 3,2022-05-28T15:47:45Z,bf:5f362c8703dbcc11d58d78e3,bf:5fa5397c241d875936d2c2f2,2,1,1,1
startgg,723885,Kards Open XII,open,Kards Open XII Qualifier A,swiss,Round 3,2022-05-28T15:56:26Z,bf:564e7b5b80b8db4a00c4ff9c,bf:5f109d917a5f692572240090,2,1,1,1
startgg,723885,Kards Open XII,open,Kards Open XII Qualifier A,swiss,Round 4,2022-05-28T16:15:29Z,bf:5fa467df4eb3c2458669c29a,bf:5f32f48419fcf2666b2abff1,0,2,2,1
startgg,723885,Kards Open XII,open,Kards Open XII Qualifier A,swiss,Round 4,2022-05-28T16:16:59Z,bf:60685007d0955e11e2b013f4,bf:60509713496ba24d0604cc08,0,2,2,1
startgg,723885,Kards Open XII,open,Kards Open XII Qualifier A,swiss,Round 4,2022-05-28T16:19:27Z,bf:5f109d917a5f692572240090,bf:5fa5397c241d875936d2c2f2,2,0,1,1
startgg,723885,Kards Open XII,open,Kards Open XII Qualifier A,swiss,Round 4,2022-05-28T16:23:01Z,bf:601ccba636ceeb11b32b80ff,sgg:2803542,2,1,1,1
startgg,723885,Kards Open XII,open,Kards Open XII Qualifier A,swiss,Round 4,2022-05-28T16:23:10Z,sgg:2616063,bf:5bef1fd422a55803cb340a40,1,2,2,1
startgg,723885,Kards Open XII,open,Kards Open XII Qualifier A,swiss,Round 4,2022-05-28T16:23:26Z,sgg:2627360,sgg:2489723,2,1,1,1
startgg,723885,Kards Open XII,open,Kards Open XII Qualifier A,swiss,Round 4,2022-05-28T16:23:43Z,sgg:2636686,bf:5fb3184d9a9e750ea663e423,2,1,1,1
startgg,723885,Kards Open XII,open,Kards Open XII Qualifier A,swiss,Round 4,2022-05-28T16:26:09Z,bf:5f362c8703dbcc11d58d78e3,bf:564e7b5b80b8db4a00c4ff9c,1,2,2,1
startgg,723885,Kards Open XII,open,Kards Open XII Qualifier A,swiss,Round 4,2022-05-28T16:34:11Z,sgg:2621073,sgg:2483760,1,2,2,1
startgg,723885,Kards Open XII,open,Kards Open XII Qualifier A,swiss,Round 4,2022-05-28T16:35:14Z,bf:57b5a7ffabd8181c0cfdf304,sgg:2409467,1,2,2,1
startgg,723885,Kards Open XII,open,Kards Open XII Qualifier A,swiss,Round 4,2022-05-28T16:35:31Z,bf:60c9b27ea95cd94e9dae5da2,bf:601ad0d4bccfe11bd7952790,0,2,2,1
startgg,723885,Kards Open XII,open,Kards Open XII Qualifier A,swiss,Round 5,2022-05-28T16:48:30Z,bf:601ccba636ceeb11b32b80ff,sgg:2621073,0,2,2,1
startgg,723885,Kards Open XII,open,Kards Open XII Qualifier A,swiss,Round 5,2022-05-28T16:54:15Z,bf:57b5a7ffabd8181c0cfdf304,bf:5ec038e2256baa1d38011a05,-1,0,2,0
startgg,723885,Kards Open XII,open,Kards Open XII Qualifier A,swiss,Round 5,2022-05-28T16:54:15Z,sgg:2407984,bf:601ad0d4bccfe11bd7952790,-1,0,2,0
startgg,723885,Kards Open XII,open,Kards Open XII Qualifier A,swiss,Round 5,2022-05-28T16:56:37Z,sgg:2636686,sgg:2803366,2,0,1,1
startgg,723885,Kards Open XII,open,Kards Open XII Qualifier A,swiss,Round 5,2022-05-28T16:58:31Z,sgg:2627360,sgg:2409467,0,2,2,1
startgg,723885,Kards Open XII,open,Kards Open XII Qualifier A,swiss,Round 5,2022-05-28T16:59:53Z,sgg:2505316,sgg:2805881,0,2,2,1
startgg,723885,Kards Open XII,open,Kards Open XII Qualifier A,swiss,Round 5,2022-05-28T17:03:09Z,bf:5fa5397c241d875936d2c2f2,bf:5fb3184d9a9e750ea663e423,2,1,1,1
startgg,723885,Kards Open XII,open,Kards Open XII Qualifier A,swiss,Round 5,2022-05-28T17:04:11Z,sgg:375061,bf:5f109d917a5f692572240090,0,2,2,1
startgg,723885,Kards Open XII,open,Kards Open XII Qualifier A,swiss,Round 5,2022-05-28T17:06:14Z,bf:60509713496ba24d0604cc08,sgg:2801120,2,0,1,1
startgg,723885,Kards Open XII,open,Kards Open XII Qualifier A,swiss,Round 5,2022-05-28T17:12:14Z,sgg:2489723,bf:5f362c8703dbcc11d58d78e3,2,1,1,1
startgg,723885,Kards Open XII,open,Kards Open XII Qualifier A,swiss,Round 5,2022-05-28T17:21:41Z,bf:564e7b5b80b8db4a00c4ff9c,sgg:2483760,1,2,2,1
startgg,723885,Kards Open XII,open,Kards Open XII Qualifier A,swiss,Round 5,2022-05-28T17:27:16Z,bf:5f32f48419fcf2666b2abff1,bf:5bef1fd422a55803cb340a40,2,1,1,1
startgg,723885,Kards Open XII,open,Kards Open XII Qualifier A,swiss,Round 6,2022-05-28T17:43:44Z,bf:601ccba636ceeb11b32b80ff,bf:601ad0d4bccfe11bd7952790,2,0,1,1
startgg,723885,Kards Open XII,open,Kards Open XII Qualifier A,swiss,Round 6,2022-05-28T17:50:04Z,sgg:2621073,sgg:375061,2,0,1,1
startgg,723885,Kards Open XII,open,Kards Open XII Qualifier A,swiss,Round 6,2022-05-28T17:52:15Z,bf:60685007d0955e11e2b013f4,bf:57b5a7ffabd8181c0cfdf304,0,-1,1,0
startgg,723885,Kards Open XII,open,Kards Open XII Qualifier A,swiss,Round 6,2022-05-28T17:52:15Z,sgg:2803542,sgg:2803366,0,-1,1,0
startgg,723885,Kards Open XII,open,Kards Open XII Qualifier A,swiss,Round 6,2022-05-28T17:52:15Z,bf:5f362c8703dbcc11d58d78e3,sgg:2505316,0,-1,1,0
startgg,723885,Kards Open XII,open,Kards Open XII Qualifier A,swiss,Round 6,2022-05-28T17:52:16Z,sgg:2407984,bf:60c9b27ea95cd94e9dae5da2,-1,0,2,0
startgg,723885,Kards Open XII,open,Kards Open XII Qualifier A,swiss,Round 6,2022-05-28T17:53:11Z,sgg:2409467,sgg:2483760,1,2,2,1
startgg,723885,Kards Open XII,open,Kards Open XII Qualifier A,swiss,Round 6,2022-05-28T17:54:15Z,sgg:2616063,sgg:2801113,2,0,1,1
startgg,723885,Kards Open XII,open,Kards Open XII Qualifier A,swiss,Round 6,2022-05-28T17:55:07Z,sgg:2627360,bf:5f109d917a5f692572240090,2,0,1,1
startgg,723885,Kards Open XII,open,Kards Open XII Qualifier A,swiss,Round 6,2022-05-28T17:58:41Z,bf:5f32f48419fcf2666b2abff1,bf:564e7b5b80b8db4a00c4ff9c,0,2,2,1
startgg,723885,Kards Open XII,open,Kards Open XII Qualifier A,swiss,Round 6,2022-05-28T18:04:09Z,bf:5ec038e2256baa1d38011a05,sgg:2489723,0,2,2,1
startgg,723885,Kards Open XII,open,Kards Open XII Qualifier A,swiss,Round 6,2022-05-28T18:07:48Z,bf:60509713496ba24d0604cc08,sgg:2636686,2,0,1,1
startgg,723885,Kards Open XII,open,Kards Open XII Qualifier A,swiss,Round 6,2022-05-28T18:15:30Z,bf:5bef1fd422a55803cb340a40,bf:5fa5397c241d875936d2c2f2,2,1,1,1
startgg,723885,Kards Open XII,open,Kards Open XII Qualifier A,swiss,Round 6,2022-05-28T18:18:16Z,sgg:2805881,sgg:2801120,2,1,1,1
startgg,723886,Kards Open XII,open,Kards Open XII Qualifier B,swiss,Round 1,2022-06-04T16:27:14Z,sgg:2803048,sgg:2706665,2,0,1,1
startgg,723886,Kards Open XII,open,Kards Open XII Qualifier B,swiss,Round 1,2022-06-04T16:29:16Z,bf:5ec99a6d5cb5d5345c7fdf7c,bf:5fa467df4eb3c2458669c29a,2,0,1,1
startgg,723886,Kards Open XII,open,Kards Open XII Qualifier B,swiss,Round 1,2022-06-04T16:31:02Z,sgg:2408647,sgg:2800429,2,0,1,1
startgg,723886,Kards Open XII,open,Kards Open XII Qualifier B,swiss,Round 1,2022-06-04T16:36:45Z,sgg:2801104,bf:5fb1e014eb92fe0475439152,2,0,1,1
startgg,723886,Kards Open XII,open,Kards Open XII Qualifier B,swiss,Round 1,2022-06-04T16:44:10Z,sgg:2636686,sgg:2805740,2,0,1,1
startgg,723886,Kards Open XII,open,Kards Open XII Qualifier B,swiss,Round 1,2022-06-04T16:51:46Z,bf:5fb3184d9a9e750ea663e423,sgg:2803542,1,2,2,1
startgg,723886,Kards Open XII,open,Kards Open XII Qualifier B,swiss,Round 1,2022-06-04T17:05:07Z,sgg:2630669,sgg:2793488,1,2,2,1
startgg,723886,Kards Open XII,open,Kards Open XII Qualifier B,swiss,Round 2,2022-06-04T17:32:11Z,sgg:2803048,sgg:2696041,0,2,2,1
startgg,723886,Kards Open XII,open,Kards Open XII Qualifier B,swiss,Round 2,2022-06-04T17:32:34Z,bf:5fb1e014eb92fe0475439152,sgg:2805740,2,0,1,1
startgg,723886,Kards Open XII,open,Kards Open XII Qualifier B,swiss,Round 2,2022-06-04T17:36:13Z,sgg:2801104,bf:5f362c8703dbcc11d58d78e3,2,1,1,1
startgg,723886,Kards Open XII,open,Kards Open XII Qualifier B,swiss,Round 2,2022-06-04T17:37:38Z,sgg:2802408,sgg:2630669,0,2,2,1
startgg,723886,Kards Open XII,open,Kards Open XII Qualifier B,swiss,Round 2,2022-06-04T17:38:56Z,sgg:2636686,sgg:375061,1,2,2,1
startgg,723886,Kards Open XII,open,Kards Open XII Qualifier B,swiss,Round 2,2022-06-04T17:39:57Z,sgg:2793488,bf:5b38c676cbd82c03a4f28e8f,1,2,2,1
startgg,723886,Kards Open XII,open,Kards Open XII Qualifier B,swiss,Round 2,2022-06-04T17:45:45Z,sgg:2803542,sgg:2408647,2,0,1,1
startgg,723886,Kards Open XII,open,Kards Open XII Qualifier B,swiss,Round 3,2022-06-04T18:01:31Z,sgg:2793488,bf:5f362c8703dbcc11d58d78e3,0,2,2,1
startgg,723886,Kards Open XII,open,Kards Open XII Qualifier B,swiss,Round 3,2022-06-04T18:05:21Z,sgg:2803048,sgg:2408647,-1,0,2,0
startgg,723886,Kards Open XII,open,Kards Open XII Qualifier B,swiss,Round 3,2022-06-04T18:12:18Z,sgg:2706665,bf:5fb1e014eb92fe0475439152,1,2,2,1
startgg,723886,Kards Open XII,open,Kards Open XII Qualifier B,swiss,Round 3,2022-06-04T18:15:00Z,bf:5fb3184d9a9e750ea663e423,bf:5fa467df4eb3c2458669c29a,2,0,1,1
startgg,723886,Kards Open XII,open,Kards Open XII Qualifier B,swiss,Round 3,2022-06-04T18:16:10Z,sgg:2801104,bf:5ec99a6d5cb5d5345c7fdf7c,0,2,2,1
startgg,723886,Kards Open XII,open,Kards Open XII Qualifier B,swiss,Round 3,2022-06-04T18:17:13Z,sgg:375061,sgg:2696041,1,2,2,1
startgg,723886,Kards Open XII,open,Kards Open XII Qualifier B,swiss,Round 3,2022-06-04T18:17:13Z,bf:5b38c676cbd82c03a4f28e8f,sgg:2803542,0,2,2,1
startgg,723886,Kards Open XII,open,Kards Open XII Qualifier B,swiss,Round 3,2022-06-04T18:29:11Z,sgg:2802408,sgg:2805740,0,2,2,1
startgg,723886,Kards Open XII,open,Kards Open XII Qualifier B,swiss,Round 4,2022-06-04T18:46:11Z,bf:5f362c8703dbcc11d58d78e3,sgg:2408647,2,0,1,1
startgg,723886,Kards Open XII,open,Kards Open XII Qualifier B,swiss,Round 4,2022-06-04T18:51:38Z,sgg:2800429,sgg:2706665,0,2,2,1
startgg,723886,Kards Open XII,open,Kards Open XII Qualifier B,swiss,Round 4,2022-06-04T18:55:07Z,bf:5b38c676cbd82c03a4f28e8f,sgg:2636686,2,0,1,1
startgg,723886,Kards Open XII,open,Kards Open XII Qualifier B,swiss,Round 4,2022-06-04T18:56:36Z,sgg:2630669,bf:5fb3184d9a9e750ea663e423,0,2,2,1
startgg,723886,Kards Open XII,open,Kards Open XII Qualifier B,swiss,Round 4,2022-06-04T19:04:24Z,sgg:2801104,sgg:375061,2,1,1,1
startgg,723886,Kards Open XII,open,Kards Open XII Qualifier B,swiss,Round 4,2022-06-04T19:08:38Z,bf:5fb1e014eb92fe0475439152,bf:5ec99a6d5cb5d5345c7fdf7c,1,2,2,1
startgg,723886,Kards Open XII,open,Kards Open XII Qualifier B,swiss,Round 4,2022-06-04T19:10:08Z,sgg:2696041,sgg:2803542,1,2,2,1
startgg,723886,Kards Open XII,open,Kards Open XII Qualifier B,swiss,Round 4,2022-06-04T19:12:12Z,bf:5fa467df4eb3c2458669c29a,sgg:2803048,2,1,1,1
startgg,723886,Kards Open XII,open,Kards Open XII Qualifier B,swiss,Round 4,2022-06-04T19:13:39Z,sgg:2805740,sgg:2793488,0,2,2,1
startgg,723886,Kards Open XII,open,Kards Open XII Qualifier B,swiss,Round 5,2022-06-04T19:23:57Z,bf:5fb3184d9a9e750ea663e423,sgg:2696041,2,0,1,1
startgg,723886,Kards Open XII,open,Kards Open XII Qualifier B,swiss,Round 5,2022-06-04T19:34:42Z,sgg:2803048,sgg:2805740,0,2,2,1
startgg,723886,Kards Open XII,open,Kards Open XII Qualifier B,swiss,Round 5,2022-06-04T19:38:19Z,bf:5b38c676cbd82c03a4f28e8f,bf:5f362c8703dbcc11d58d78e3,0,2,2,1
startgg,723886,Kards Open XII,open,Kards Open XII Qualifier B,swiss,Round 5,2022-06-04T19:41:13Z,sgg:2803542,bf:5ec99a6d5cb5d5345c7fdf7c,1,2,2,1
startgg,723886,Kards Open XII,open,Kards Open XII Qualifier B,swiss,Round 5,2022-06-04T19:41:13Z,sgg:2802408,sgg:2636686,0,2,2,1
startgg,723886,Kards Open XII,open,Kards Open XII Qualifier B,swiss,Round 5,2022-06-04T19:41:21Z,sgg:2793488,sgg:2706665,0,2,2,1
startgg,723886,Kards Open XII,open,Kards Open XII Qualifier B,swiss,Round 5,2022-06-04T19:43:09Z,bf:5fa467df4eb3c2458669c29a,sgg:2408647,2,0,1,1
startgg,723886,Kards Open XII,open,Kards Open XII Qualifier B,swiss,Round 5,2022-06-04T19:52:15Z,bf:5fb1e014eb92fe0475439152,sgg:375061,2,1,1,1
startgg,723886,Kards Open XII,open,Kards Open XII Qualifier B,swiss,Round 5,2022-06-04T19:55:32Z,sgg:2801104,sgg:2630669,2,1,1,1
startgg,739614,Kards Open XII,open,Kards Open XII - Top 16,single_elimination,Round 1,2022-06-25T13:21:47Z,sgg:2409467,bf:5fb1e014eb92fe0475439152,,,1,1
startgg,739614,Kards Open XII,open,Kards Open XII - Top 16,single_elimination,Round 1,2022-06-25T13:37:11Z,sgg:2803542,sgg:2621073,3,0,1,1
startgg,739614,Kards Open XII,open,Kards Open XII - Top 16,single_elimination,Round 1,2022-06-25T13:41:39Z,sgg:2801104,bf:60509713496ba24d0604cc08,3,0,1,1
startgg,739614,Kards Open XII,open,Kards Open XII - Top 16,single_elimination,Round 1,2022-06-25T13:46:33Z,sgg:2489723,bf:5b38c676cbd82c03a4f28e8f,1,3,2,1
startgg,739614,Kards Open XII,open,Kards Open XII - Top 16,single_elimination,Round 1,2022-06-25T13:49:15Z,sgg:2483760,bf:5fa467df4eb3c2458669c29a,3,2,1,1
startgg,739614,Kards Open XII,open,Kards Open XII - Top 16,single_elimination,Round 1,2022-06-25T13:49:25Z,bf:5fb3184d9a9e750ea663e423,sgg:2627360,3,2,1,1
startgg,739614,Kards Open XII,open,Kards Open XII - Top 16,single_elimination,Round 1,2022-06-25T14:00:20Z,bf:5ec99a6d5cb5d5345c7fdf7c,bf:5ec038e2256baa1d38011a05,1,3,2,1
startgg,739614,Kards Open XII,open,Kards Open XII - Top 16,single_elimination,Round 1,2022-06-25T14:09:39Z,bf:564e7b5b80b8db4a00c4ff9c,bf:5f362c8703dbcc11d58d78e3,2,3,2,1
startgg,739614,Kards Open XII,open,Kards Open XII - Top 16,single_elimination,Quarter-Final,2022-06-25T14:13:09Z,sgg:2803542,sgg:2409467,0,3,2,1
startgg,739614,Kards Open XII,open,Kards Open XII - Top 16,single_elimination,Quarter-Final,2022-06-25T14:31:09Z,bf:5b38c676cbd82c03a4f28e8f,sgg:2801104,2,3,2,1
startgg,739614,Kards Open XII,open,Kards Open XII - Top 16,single_elimination,Quarter-Final,2022-06-25T14:45:15Z,bf:5ec038e2256baa1d38011a05,bf:5f362c8703dbcc11d58d78e3,0,3,2,1
startgg,739614,Kards Open XII,open,Kards Open XII - Top 16,single_elimination,Quarter-Final,2022-06-25T14:55:11Z,sgg:2483760,bf:5fb3184d9a9e750ea663e423,3,2,1,1
startgg,739614,Kards Open XII,open,Kards Open XII - Top 16,single_elimination,Semi-Final,2022-06-26T13:59:01Z,sgg:2483760,sgg:2409467,3,0,1,1
startgg,739614,Kards Open XII,open,Kards Open XII - Top 16,single_elimination,Semi-Final,2022-06-26T14:46:24Z,bf:5f362c8703dbcc11d58d78e3,sgg:2801104,2,3,2,1
startgg,739614,Kards Open XII,open,Kards Open XII - Top 16,single_elimination,3rd Place Tiebreak,2022-06-26T15:45:57Z,bf:5f362c8703dbcc11d58d78e3,sgg:2409467,2,3,2,1
startgg,739614,Kards Open XII,open,Kards Open XII - Top 16,single_elimination,Final,2022-06-26T16:05:07Z,sgg:2483760,sgg:2801104,3,0,1,1
startgg,753549,Kards Open XIII,open,Kards Open XIII Qualifier A,swiss,Round 1,2022-07-30T13:21:49Z,sgg:2631948,sgg:2696041,0,2,2,1
startgg,753549,Kards Open XIII,open,Kards Open XIII Qualifier A,swiss,Round 1,2022-07-30T13:25:12Z,sgg:2483760,sgg:2623419,2,0,1,1
startgg,753549,Kards Open XIII,open,Kards Open XIII Qualifier A,swiss,Round 1,2022-07-30T13:30:13Z,sgg:2622223,bf:5ec038e2256baa1d38011a05,1,2,2,1
startgg,753549,Kards Open XIII,open,Kards Open XIII Qualifier A,swiss,Round 1,2022-07-30T13:32:32Z,bf:5fb3184d9a9e750ea663e423,bf:6051fe41cbd09156d261e80c,2,0,1,1
startgg,753549,Kards Open XIII,open,Kards Open XIII Qualifier A,swiss,Round 1,2022-07-30T13:32:54Z,sgg:2926197,sgg:2937394,2,0,1,1
startgg,753549,Kards Open XIII,open,Kards Open XIII Qualifier A,swiss,Round 1,2022-07-30T13:34:19Z,sgg:2922940,sgg:2509034,1,2,2,1
startgg,753549,Kards Open XIII,open,Kards Open XIII Qualifier A,swiss,Round 1,2022-07-30T13:40:11Z,sgg:2917660,sgg:2917634,1,2,2,1
startgg,753549,Kards Open XIII,open,Kards Open XIII Qualifier A,swiss,Round 2,2022-07-30T14:23:40Z,bf:5f362c8703dbcc11d58d78e3,sgg:2926197,2,0,1,1
startgg,753549,Kards Open XIII,open,Kards Open XIII Qualifier A,swiss,Round 2,2022-07-30T14:24:47Z,sgg:2805583,sgg:2627360,2,0,1,1
startgg,753549,Kards Open XIII,open,Kards Open XIII Qualifier A,swiss,Round 2,2022-07-30T14:26:43Z,sgg:2936085,sgg:2931690,0,2,2,1
startgg,753549,Kards Open XIII,open,Kards Open XIII Qualifier A,swiss,Round 2,2022-07-30T14:33:13Z,bf:5fb1bf581632970e916b85be,sgg:2917634,1,2,2,1
startgg,753549,Kards Open XIII,open,Kards Open XIII Qualifier A,swiss,Round 2,2022-07-30T14:34:10Z,sgg:2924951,sgg:2696041,0,2,2,1
startgg,753549,Kards Open XIII,open,Kards Open XIII Qualifier A,swiss,Round 2,2022-07-30T14:35:06Z,sgg:2938143,bf:60509713496ba24d0604cc08,2,0,1,1
startgg,753549,Kards Open XIII,open,Kards Open XIII Qualifier A,swiss,Round 2,2022-07-30T14:37:55Z,sgg:2509034,bf:5ec038e2256baa1d38011a05,1,2,2,1
startgg,753549,Kards Open XIII,open,Kards Open XIII Qualifier A,swiss,Round 2,2022-07-30T14:39:14Z,sgg:2483760,sgg:2629560,2,0,1,1
startgg,753549,Kards Open XIII,open,Kards Open XIII Qualifier A,swiss,Round 2,2022-07-30T15:16:34Z,sgg:375061,bf:564e7b5b80b8db4a00c4ff9c,1,2,2,1
startgg,753549,Kards Open XIII,open,Kards Open XIII Qualifier A,swiss,Round 3,2022-07-30T15:33:16Z,bf:5fb1bf581632970e916b85be,sgg:2937394,2,0,1,1
startgg,753549,Kards Open XIII,open,Kards Open XIII Qualifier A,swiss,Round 3,2022-07-30T15:41:12Z,sgg:2509034,sgg:2631948,2,0,1,1
startgg,753549,Kards Open XIII,open,Kards Open XIII Qualifier A,swiss,Round 3,2022-07-30T15:44:19Z,sgg:2616063,sgg:2938143,0,2,2,1
startgg,753549,Kards Open XIII,open,Kards Open XIII Qualifier A,swiss,Round 3,2022-07-30T15:47:07Z,sgg:2393915,sgg:2926197,1,2,2,1
startgg,753549,Kards Open XIII,open,Kards Open XIII Qualifier A,swiss,Round 3,2022-07-30T15:48:10Z,sgg:2917660,sgg:2922940,2,0,1,1
startgg,753549,Kards Open XIII,open,Kards Open XIII Qualifier A,swiss,Round 3,2022-07-30T15:48:15Z,bf:5fa467df4eb3c2458669c29a,bf:5bef1fd422a55803cb340a40,0,2,2,1
startgg,753549,Kards Open XIII,open,Kards Open XIII Qualifier A,swiss,Round 3,2022-07-30T15:49:22Z,bf:5f362c8703dbcc11d58d78e3,bf:5fb3184d9a9e750ea663e423,1,2,2,1
startgg,753549,Kards Open XIII,open,Kards Open XIII Qualifier A,swiss,Round 3,2022-07-30T16:00:22Z,sgg:2931690,sgg:2805583,2,1,1,1
startgg,753549,Kards Open XIII,open,Kards Open XIII Qualifier A,swiss,Round 3,2022-07-30T16:01:31Z,sgg:2505316,sgg:2622223,2,1,1,1
startgg,753549,Kards Open XIII,open,Kards Open XIII Qualifier A,swiss,Round 3,2022-07-30T16:02:13Z,sgg:2917562,sgg:2483760,1,2,2,1
startgg,753549,Kards Open XIII,open,Kards Open XIII Qualifier A,swiss,Round 3,2022-07-30T16:18:12Z,bf:5f109d917a5f692572240090,sgg:2696041,1,2,2,1
startgg,753549,Kards Open XIII,open,Kards Open XIII Qualifier A,swiss,Round 4,2022-07-30T16:35:15Z,sgg:2917634,sgg:2509034,-1,0,2,0
startgg,753549,Kards Open XIII,open,Kards Open XIII Qualifier A,swiss,Round 4,2022-07-30T16:38:25Z,bf:5fb1bf581632970e916b85be,bf:5f109d917a5f692572240090,0,2,2,1
startgg,753549,Kards Open XIII,open,Kards Open XIII Qualifier A,swiss,Round 4,2022-07-30T16:44:14Z,sgg:2805583,bf:5f362c8703dbcc11d58d78e3,0,2,2,1
startgg,753549,Kards Open XIII,open,Kards Open XIII Qualifier A,swiss,Round 4,2022-07-30T16:44:24Z,bf:60509713496ba24d0604cc08,sgg:2936085,2,0,1,1
startgg,753549,Kards Open XIII,open,Kards Open XIII Qualifier A,swiss,Round 4,2022-07-30T16:45:18Z,sgg:2937394,bf:6051fe41cbd09156d261e80c,0,2,2,1
startgg,753549,Kards Open XIII,open,Kards Open XIII Qualifier A,swiss,Round 4,2022-07-30T16:46:07Z,bf:5fb3184d9a9e750ea663e423,sgg:2938143,1,2,2,1
startgg,753549,Kards Open XIII,open,Kards Open XIII Qualifier A,swiss,Round 4,2022-07-30T16:47:11Z,sgg:2696041,sgg:2931690,2,0,1,1
startgg,753549,Kards Open XIII,open,Kards Open XIII Qualifier A,swiss,Round 4,2022-07-30T16:51:09Z,sgg:2631948,sgg:2505316,0,2,2,1
startgg,753549,Kards Open XIII,open,Kards Open XIII Qualifier A,swiss,Round 4,2022-07-30T16:57:58Z,bf:5bef1fd422a55803cb340a40,sgg:2483760,2,1,1,1
startgg,753549,Kards Open XIII,open,Kards Open XIII Qualifier A,swiss,Round 4,2022-07-30T17:03:37Z,sgg:2917562,sgg:2926197,2,0,1,1
startgg,753549,Kards Open XIII,open,Kards Open XIII Qualifier A,swiss,Round 5,2022-07-30T17:27:08Z,sgg:2483760,sgg:2924951,2,0,1,1
startgg,753549,Kards Open XIII,open,Kards Open XIII Qualifier A,swiss,Round 5,2022-07-30T17:27:09Z,sgg:2937394,sgg:2622223,0,2,2,1
startgg,753549,Kards Open XIII,open,Kards Open XIII Qualifier A,swiss,Round 5,2022-07-30T17:27:35Z,sgg:2936085,sgg:2631948,0,2,2,1
startgg,753549,Kards Open XIII,open,Kards Open XIII Qualifier A,swiss,Round 5,2022-07-30T17:29:50Z,sgg:2393915,sgg:2917660,2,0,1,1
startgg,753549,Kards Open XIII,open,Kards Open XIII Qualifier A,swiss,Round 5,2022-07-30T17:35:20Z,sgg:2509034,bf:5fb3184d9a9e750ea663e423,0,2,2,1
startgg,753549,Kards Open XIII,open,Kards Open XIII Qualifier A,swiss,Round 5,2022-07-30T17:37:07Z,bf:6051fe41cbd09156d261e80c,bf:5fb1bf581632970e916b85be,2,0,1,1
startgg,753549,Kards Open XIII,open,Kards Open XIII Qualifier A,swiss,Round 5,2022-07-30T17:43:04Z,bf:564e7b5b80b8db4a00c4ff9c,sgg:2931690,1,2,2,1
startgg,753549,Kards Open XIII,open,Kards Open XIII Qualifier A,swiss,Round 5,2022-07-30T17:43:36Z,sgg:2696041,bf:5ec038e2256baa1d38011a05,2,0,1,1
startgg,753549,Kards Open XIII,open,Kards Open XIII Qualifier A,swiss,Round 5,2022-07-30T17:44:36Z,sgg:2938143,bf:5bef1fd422a55803cb340a40,1,2,2,1
startgg,753549,Kards Open XIII,open,Kards Open XIII Qualifier A,swiss,Round 5,2022-07-30T17:45:14Z,sgg:2623419,bf:60509713496ba24d0604cc08,1,2,2,1
startgg,753549,Kards Open XIII,open,Kards Open XIII Qualifier A,swiss,Round 5,2022-07-30T17:50:33Z,sgg:2917634,sgg:2505316,2,1,1,1
startgg,753549,Kards Open XIII,open,Kards Open XIII Qualifier A,swiss,Round 5,2022-07-30T17:58:04Z,bf:5f109d917a5f692572240090,bf:5fa467df4eb3c2458669c29a,2,1,1,1
startgg,753549,Kards Open XIII,open,Kards Open XIII Qualifier A,swiss,Round 6,2022-07-30T18:22:16Z,sgg:2938143,bf:5ec038e2256baa1d38011a05,0,2,2,1
startgg,753549,Kards Open XIII,open,Kards Open XIII Qualifier A,swiss,Round 6,2022-07-30T18:23:13Z,sgg:2631948,bf:5fb1bf581632970e916b85be,1,2,2,1
startgg,753549,Kards Open XIII,open,Kards Open XIII Qualifier A,swiss,Round 6,2022-07-30T18:26:12Z,sgg:2917660,sgg:2936085,2,0,1,1
startgg,753549,Kards Open XIII,open,Kards Open XIII Qualifier A,swiss,Round 6,2022-07-30T18:27:02Z,bf:5fa467df4eb3c2458669c29a,sgg:2926197,0,2,2,1
startgg,753549,Kards Open XIII,open,Kards Open XIII Qualifier A,swiss,Round 6,2022-07-30T18:32:43Z,sgg:2616063,sgg:2917562,1,2,2,1
startgg,753549,Kards Open XIII,open,Kards Open XIII Qualifier A,swiss,Round 6,2022-07-30T18:32:47Z,sgg:2696041,bf:5bef1fd422a55803cb340a40,1,2,2,1
startgg,753549,Kards Open XIII,open,Kards Open XIII Qualifier A,swiss,Round 6,2022-07-30T18:34:16Z,sgg:2483760,bf:5fb3184d9a9e750ea663e423,1,2,2,1
startgg,753549,Kards Open XIII,open,Kards Open XIII Qualifier A,swiss,Round 6,2022-07-30T18:36:18Z,bf:6051fe41cbd09156d261e80c,sgg:2393915,2,0,1,1
startgg,753549,Kards Open XIII,open,Kards Open XIII Qualifier A,swiss,Round 6,2022-07-30T18:39:13Z,bf:60509713496ba24d0604cc08,sgg:2924951,0,2,2,1
startgg,753549,Kards Open XIII,open,Kards Open XIII Qualifier A,swiss,Round 6,2022-07-30T18:40:51Z,sgg:2629560,sgg:2509034,1,2,2,1
startgg,753549,Kards Open XIII,open,Kards Open XIII Qualifier A,swiss,Round 6,2022-07-30T18:49:12Z,sgg:2805583,sgg:2917634,2,1,1,1
startgg,753549,Kards Open XIII,open,Kards Open XIII Qualifier A,swiss,Round 6,2022-07-30T18:59:10Z,sgg:2627360,sgg:2931690,1,2,2,1
startgg,753549,Kards Open XIII,open,Kards Open XIII Qualifier A,swiss,Round 6,2022-07-30T18:59:11Z,bf:5f109d917a5f692572240090,bf:5f362c8703dbcc11d58d78e3,1,2,2,1
startgg,753549,Kards Open XIII,open,Kards Open XIII Qualifier A,swiss,Round 6,2022-07-30T19:01:08Z,sgg:2623419,sgg:2622223,1,2,2,1
startgg,753550,Kards Open XIII,open,Kards Open XIII Qualifier B,swiss,Round 1,2022-08-06T16:05:53Z,sgg:2631948,sgg:2931690,0,-1,1,0
startgg,753550,Kards Open XIII,open,Kards Open XIII Qualifier B,swiss,Round 1,2022-08-06T16:18:40Z,sgg:2924951,sgg:2942421,2,0,1,1
startgg,753550,Kards Open XIII,open,Kards Open XIII Qualifier B,swiss,Round 1,2022-08-06T16:26:51Z,bf:5fa467df4eb3c2458669c29a,bf:5eb598330abb797ad38acaee,2,1,1,1
startgg,753550,Kards Open XIII,open,Kards Open XIII Qualifier B,swiss,Round 1,2022-08-06T16:29:43Z,bf:5f4318d1681ff84ab5ec92f9,bf:5fb1e014eb92fe0475439152,0,2,2,1
startgg,753550,Kards Open XIII,open,Kards Open XIII Qualifier B,swiss,Round 1,2022-08-06T16:38:37Z,sgg:2622223,sgg:2621073,1,2,2,1
startgg,753550,Kards Open XIII,open,Kards Open XIII Qualifier B,swiss,Round 1,2022-08-06T16:39:11Z,sgg:2409467,sgg:2802408,2,0,1,1
startgg,753550,Kards Open XIII,open,Kards Open XIII Qualifier B,swiss,Round 1,2022-08-06T16:40:50Z,sgg:2629560,sgg:2801104,0,2,2,1
startgg,753550,Kards Open XIII,open,Kards Open XIII Qualifier B,swiss,Round 1,2022-08-06T16:43:59Z,bf:564e7b5b80b8db4a00c4ff9c,sgg:2509034,2,0,1,1
startgg,753550,Kards Open XIII,open,Kards Open XIII Qualifier B,swiss,Round 1,2022-08-06T16:49:31Z,bf:6051fe41cbd09156d261e80c,bf:5fc1c2f14a3afe55318cfd98,2,0,1,1
startgg,753550,Kards Open XIII,open,Kards Open XIII Qualifier B,swiss,Round 2,2022-08-06T17:15:19Z,sgg:2801104,sgg:2942421,0,-1,1,0
startgg,753550,Kards Open XIII,open,Kards Open XIII Qualifier B,swiss,Round 2,2022-08-06T17:22:09Z,bf:5eb598330abb797ad38acaee,sgg:2623419,2,0,1,1
startgg,753550,Kards Open XIII,open,Kards Open XIII Qualifier B,swiss,Round 2,2022-08-06T17:22:38Z,sgg:2631948,bf:5fb1e014eb92fe0475439152,1,2,2,1
startgg,753550,Kards Open XIII,open,Kards Open XIII Qualifier B,swiss,Round 2,2022-08-06T17:25:08Z,sgg:2926197,bf:5fbebdee043fd20cdf90cfaf,0,2,2,1
startgg,753550,Kards Open XIII,open,Kards Open XIII Qualifier B,swiss,Round 2,2022-08-06T17:28:10Z,bf:5fa467df4eb3c2458669c29a,sgg:2375442,1,2,2,1
startgg,753550,Kards Open XIII,open,Kards Open XIII Qualifier B,swiss,Round 2,2022-08-06T17:29:40Z,sgg:2621073,bf:564e7b5b80b8db4a00c4ff9c,2,1,1,1
startgg,753550,Kards Open XIII,open,Kards Open XIII Qualifier B,swiss,Round 2,2022-08-06T17:30:08Z,sgg:2938393,sgg:2636686,2,1,1,1
startgg,753550,Kards Open XIII,open,Kards Open XIII Qualifier B,swiss,Round 2,2022-08-06T17:41:00Z,sgg:2802408,sgg:2629560,1,2,2,1
startgg,753550,Kards Open XIII,open,Kards Open XIII Qualifier B,swiss,Round 2,2022-08-06T17:59:14Z,bf:5fc1c2f14a3afe55318cfd98,sgg:2509034,2,1,1,1
startgg,753550,Kards Open XIII,open,Kards Open XIII Qualifier B,swiss,Round 3,2022-08-06T18:18:33Z,sgg:2622223,sgg:2393915,2,0,1,1
startgg,753550,Kards Open XIII,open,Kards Open XIII Qualifier B,swiss,Round 3,2022-08-06T18:18:52Z,bf:5fa467df4eb3c2458669c29a,bf:5fc1c2f14a3afe55318cfd98,2,0,1,1
startgg,753550,Kards Open XIII,open,Kards Open XIII Qualifier B,swiss,Round 3,2022-08-06T18:21:18Z,bf:5fb1e014eb92fe0475439152,sgg:2924951,2,0,1,1
startgg,753550,Kards Open XIII,open,Kards Open XIII Qualifier B,swiss,Round 3,2022-08-06T18:26:13Z,sgg:2621073,sgg:2375442,2,1,1,1
startgg,753550,Kards Open XIII,open,Kards Open XIII Qualifier B,swiss,Round 3,2022-08-06T18:30:20Z,sgg:2623419,sgg:2942421,0,2,2,1
startgg,753550,Kards Open XIII,open,Kards Open XIII Qualifier B,swiss,Round 3,2022-08-06T18:32:14Z,bf:5f4318d1681ff84ab5ec92f9,bf:564e7b5b80b8db4a00c4ff9c,0,2,2,1
startgg,753550,Kards Open XIII,open,Kards Open XIII Qualifier B,swiss,Round 3,2022-08-06T18:33:12Z,sgg:2409467,bf:5fbebdee043fd20cdf90cfaf,2,0,1,1
startgg,753550,Kards Open XIII,open,Kards Open XIII Qualifier B,swiss,Round 3,2022-08-06T18:39:10Z,sgg:2801104,bf:6051fe41cbd09156d261e80c,2,1,1,1
startgg,753550,Kards Open XIII,open,Kards Open XIII Qualifier B,swiss,Round 3,2022-08-06T18:41:24Z,sgg:2624691,sgg:375061,2,1,1,1
startgg,753550,Kards Open XIII,open,Kards Open XIII Qualifier B,swiss,Round 4,2022-08-06T19:11:48Z,sgg:2636686,bf:5eb598330abb797ad38acaee,0,2,2,1
startgg,753550,Kards Open XIII,open,Kards Open XIII Qualifier B,swiss,Round 4,2022-08-06T19:14:43Z,sgg:2621073,sgg:2624640,2,0,1,1
startgg,753550,Kards Open XIII,open,Kards Open XIII Qualifier B,swiss,Round 4,2022-08-06T19:18:56Z,sgg:2801104,sgg:2938393,2,1,1,1
startgg,753550,Kards Open XIII,open,Kards Open XIII Qualifier B,swiss,Round 4,2022-08-06T19:22:07Z,sgg:2942421,bf:5f4318d1681ff84ab5ec92f9,0,2,2,1
startgg,753550,Kards Open XIII,open,Kards Open XIII Qualifier B,swiss,Round 4,2022-08-06T19:23:13Z,sgg:2624691,sgg:2483760,0,2,2,1
startgg,753550,Kards Open XIII,open,Kards Open XIII Qualifier B,swiss,Round 4,2022-08-06T19:24:28Z,bf:6051fe41cbd09156d261e80c,bf:5fa467df4eb3c2458669c29a,0,2,2,1
startgg,753550,Kards Open XIII,open,Kards Open XIII Qualifier B,swiss,Round 4,2022-08-06T19:25:34Z,sgg:2509034,sgg:2622223,2,0,1,1
startgg,753550,Kards Open XIII,open,Kards Open XIII Qualifier B,swiss,Round 4,2022-08-06T19:36:12Z,sgg:2631948,bf:5fbebdee043fd20cdf90cfaf,2,1,1,1
startgg,753550,Kards Open XIII,open,Kards Open XIII Qualifier B,swiss,Round 4,2022-08-06T19:38:03Z,bf:564e7b5b80b8db4a00c4ff9c,sgg:2375442,2,1,1,1
startgg,753550,Kards Open XIII,open,Kards Open XIII Qualifier B,swiss,Round 4,2022-08-06T19:42:54Z,sgg:2409467,bf:5fb1e014eb92fe0475439152,1,2,2,1
startgg,753550,Kards Open XIII,open,Kards Open XIII Qualifier B,swiss,Round 4,2022-08-06T19:53:10Z,sgg:2926197,bf:5fc1c2f14a3afe55318cfd98,0,2,2,1
startgg,753550,Kards Open XIII,open,Kards Open XIII Qualifier B,swiss,Round 5,2022-08-06T20:10:19Z,bf:6051fe41cbd09156d261e80c,sgg:2802408,2,0,1,1
startgg,753550,Kards Open XIII,open,Kards Open XIII Qualifier B,swiss,Round 5,2022-08-06T20:14:51Z,bf:5eb598330abb797ad38acaee,sgg:2924951,0,2,2,1
startgg,753550,Kards Open XIII,open,Kards Open XIII Qualifier B,swiss,Round 5,2022-08-06T20:18:09Z,sgg:2621073,bf:5fb1e014eb92fe0475439152,0,2,2,1
startgg,753550,Kards Open XIII,open,Kards Open XIII Qualifier B,swiss,Round 5,2022-08-06T20:18:15Z,sgg:2483760,sgg:2801104,2,0,1,1
startgg,753550,Kards Open XIII,open,Kards Open XIII Qualifier B,swiss,Round 5,2022-08-06T20:18:54Z,sgg:2636686,sgg:2624640,2,0,1,1
startgg,753550,Kards Open XIII,open,Kards Open XIII Qualifier B,swiss,Round 5,2022-08-06T20:20:30Z,sgg:2624691,bf:5fa467df4eb3c2458669c29a,0,2,2,1
startgg,753550,Kards Open XIII,open,Kards Open XIII Qualifier B,swiss,Round 5,2022-08-06T20:20:42Z,sgg:2805583,sgg:2509034,0,2,2,1
startgg,753550,Kards Open XIII,open,Kards Open XIII Qualifier B,swiss,Round 5,2022-08-06T20:22:13Z,bf:5f4318d1681ff84ab5ec92f9,sgg:2375442,0,2,2,1
startgg,753550,Kards Open XIII,open,Kards Open XIII Qualifier B,swiss,Round 5,2022-08-06T20:26:11Z,bf:5fbebdee043fd20cdf90cfaf,bf:5fc1c2f14a3afe55318cfd98,2,1,1,1
startgg,753550,Kards Open XIII,open,Kards Open XIII Qualifier B,swiss,Round 5,2022-08-06T20:29:10Z,sgg:375061,sgg:2409467,2,1,1,1
startgg,753550,Kards Open XIII,open,Kards Open XIII Qualifier B,swiss,Round 5,2022-08-06T20:33:04Z,sgg:2629560,sgg:2631948,0,2,2,1
startgg,753550,Kards Open XIII,open,Kards Open XIII Qualifier B,swiss,Round 5,2022-08-06T20:48:09Z,sgg:2926197,sgg:2623419,2,0,1,1
startgg,753550,Kards Open XIII,open,Kards Open XIII Qualifier B,swiss,Round 6,2022-08-06T20:53:19Z,bf:5fb1e014eb92fe0475439152,sgg:2483760,1,2,2,1
startgg,753550,Kards Open XIII,open,Kards Open XIII Qualifier B,swiss,Round 6,2022-08-06T21:08:09Z,sgg:2631948,bf:5fa467df4eb3c2458669c29a,0,2,2,1
startgg,753550,Kards Open XIII,open,Kards Open XIII Qualifier B,swiss,Round 6,2022-08-06T21:08:32Z,sgg:2926197,sgg:2629560,0,2,2,1
startgg,753550,Kards Open XIII,open,Kards Open XIII Qualifier B,swiss,Round 6,2022-08-06T21:09:08Z,sgg:2802408,bf:5f4318d1681ff84ab5ec92f9,0,2,2,1
startgg,753550,Kards Open XIII,open,Kards Open XIII Qualifier B,swiss,Round 6,2022-08-06T21:09:24Z,sgg:2621073,sgg:2938393,1,2,2,1
startgg,753550,Kards Open XIII,open,Kards Open XIII Qualifier B,swiss,Round 6,2022-08-06T21:11:55Z,sgg:2393915,sgg:2942421,2,0,1,1
startgg,753550,Kards Open XIII,open,Kards Open XIII Qualifier B,swiss,Round 6,2022-08-06T21:12:42Z,sgg:2509034,sgg:2636686,2,1,1,1
startgg,753550,Kards Open XIII,open,Kards Open XIII Qualifier B,swiss,Round 6,2022-08-06T21:13:27Z,sgg:2924951,bf:564e7b5b80b8db4a00c4ff9c,2,0,1,1
startgg,753550,Kards Open XIII,open,Kards Open XIII Qualifier B,swiss,Round 6,2022-08-06T21:20:35Z,sgg:375061,sgg:2801104,2,0,1,1
startgg,753550,Kards Open XIII,open,Kards Open XIII Qualifier B,swiss,Round 6,2022-08-06T21:21:11Z,bf:6051fe41cbd09156d261e80c,bf:5fbebdee043fd20cdf90cfaf,2,1,1,1
startgg,753550,Kards Open XIII,open,Kards Open XIII Qualifier B,swiss,Round 6,2022-08-06T21:24:13Z,sgg:2375442,sgg:2624691,2,1,1,1
startgg,753550,Kards Open XIII,open,Kards Open XIII Qualifier B,swiss,Round 6,2022-08-06T21:24:44Z,bf:5eb598330abb797ad38acaee,sgg:2409467,0,2,2,1
startgg,753550,Kards Open XIII,open,Kards Open XIII Qualifier B,swiss,Round 6,2022-08-06T21:25:13Z,sgg:2623419,bf:5fc1c2f14a3afe55318cfd98,0,2,2,1
startgg,753550,Kards Open XIII,open,Kards Open XIII Qualifier B,swiss,Round 6,2022-08-06T21:31:35Z,sgg:2624640,sgg:2622223,1,2,2,1
startgg,770099,Kards Open XIII,open,Kards Open XIII - Top 16,single_elimination,Round 1,2022-08-27T13:01:59Z,bf:5ec038e2256baa1d38011a05,sgg:2801104,0,-1,1,0
startgg,770099,Kards Open XIII,open,Kards Open XIII - Top 16,single_elimination,Round 1,2022-08-27T13:01:59Z,bf:5f362c8703dbcc11d58d78e3,sgg:2938393,0,-1,1,0
startgg,770099,Kards Open XIII,open,Kards Open XIII - Top 16,single_elimination,Round 1,2022-08-27T13:32:44Z,bf:5fb1e014eb92fe0475439152,sgg:2805583,3,0,1,1
startgg,770099,Kards Open XIII,open,Kards Open XIII - Top 16,single_elimination,Round 1,2022-08-27T13:41:23Z,sgg:2924951,sgg:2938143,3,2,1,1
startgg,770099,Kards Open XIII,open,Kards Open XIII - Top 16,single_elimination,Round 1,2022-08-27T13:43:07Z,sgg:375061,sgg:2917562,3,1,1,1
startgg,770099,Kards Open XIII,open,Kards Open XIII - Top 16,single_elimination,Round 1,2022-08-27T13:44:09Z,bf:5fb3184d9a9e750ea663e423,bf:564e7b5b80b8db4a00c4ff9c,0,3,2,1
startgg,770099,Kards Open XIII,open,Kards Open XIII - Top 16,single_elimination,Round 1,2022-08-27T13:45:04Z,bf:5fa467df4eb3c2458669c29a,sgg:2931690,3,2,1,1
startgg,770099,Kards Open XIII,open,Kards Open XIII - Top 16,single_elimination,Round 1,2022-08-27T13:57:18Z,bf:5bef1fd422a55803cb340a40,sgg:2621073,2,3,2,1
startgg,770099,Kards Open XIII,open,Kards Open XIII - Top 16,single_elimination,Quarter-Final,2022-08-27T14:17:29Z,bf:5fb1e014eb92fe0475439152,bf:5f362c8703dbcc11d58d78e3,3,1,1,1
startgg,770099,Kards Open XIII,open,Kards Open XIII - Top 16,single_elimination,Quarter-Final,2022-08-27T14:34:56Z,sgg:2924951,bf:5ec038e2256baa1d38011a05,1,3,2,1
startgg,770099,Kards Open XIII,open,Kards Open XIII - Top 16,single_elimination,Quarter-Final,2022-08-27T14:37:54Z,sgg:2621073,bf:5fa467df4eb3c2458669c29a,3,1,1,1
startgg,770099,Kards Open XIII,open,Kards Open XIII - Top 16,single_elimination,Quarter-Final,2022-08-27T14:50:19Z,bf:564e7b5b80b8db4a00c4ff9c,sgg:375061,3,2,1,1
startgg,770099,Kards Open XIII,open,Kards Open XIII - Top 16,single_elimination,Semi-Final,2022-08-28T13:28:13Z,bf:5fb1e014eb92fe0475439152,bf:564e7b5b80b8db4a00c4ff9c,0,3,2,1
startgg,770099,Kards Open XIII,open,Kards Open XIII - Top 16,single_elimination,Semi-Final,2022-08-28T14:07:33Z,sgg:2621073,bf:5ec038e2256baa1d38011a05,3,1,1,1
startgg,770099,Kards Open XIII,open,Kards Open XIII - Top 16,single_elimination,3rd Place Tiebreak,2022-08-28T14:51:03Z,bf:5fb1e014eb92fe0475439152,bf:5ec038e2256baa1d38011a05,0,3,2,1
startgg,770099,Kards Open XIII,open,Kards Open XIII - Top 16,single_elimination,Final,2022-08-28T15:51:44Z,sgg:2621073,bf:564e7b5b80b8db4a00c4ff9c,1,3,2,1
startgg,799172,Kards Open XIV,open,Kards Open XIV Qualifier A,swiss,Round 1,2022-10-23T13:26:01Z,sgg:2621073,bf:5fa57306cc28b3594394b946,1,2,2,1
startgg,799172,Kards Open XIV,open,Kards Open XIV Qualifier A,swiss,Round 1,2022-10-23T13:26:06Z,sgg:2631948,sgg:3084767,1,2,2,1
startgg,799172,Kards Open XIV,open,Kards Open XIV Qualifier A,swiss,Round 1,2022-10-23T13:26:46Z,sgg:2483760,bf:5eb65df574f31a11dd226b38,2,1,1,1
startgg,799172,Kards Open XIV,open,Kards Open XIV Qualifier A,swiss,Round 1,2022-10-23T13:31:48Z,sgg:3076789,sgg:2382579,-1,0,2,0
startgg,799172,Kards Open XIV,open,Kards Open XIV Qualifier A,swiss,Round 1,2022-10-23T13:36:02Z,bf:5f362c8703dbcc11d58d78e3,bf:5f109d917a5f692572240090,0,2,2,1
startgg,799172,Kards Open XIV,open,Kards Open XIV Qualifier A,swiss,Round 1,2022-10-23T13:39:14Z,bf:601ae997fb69622ad6617823,bf:5f0dde2dc47339351f7f7715,2,1,1,1
startgg,799172,Kards Open XIV,open,Kards Open XIV Qualifier A,swiss,Round 1,2022-10-23T13:41:27Z,bf:5f4318d1681ff84ab5ec92f9,bf:5a4d98c332953903641106de,0,2,2,1
startgg,799172,Kards Open XIV,open,Kards Open XIV Qualifier A,swiss,Round 1,2022-10-23T13:41:28Z,sgg:2621966,sgg:3077324,2,0,1,1
startgg,799172,Kards Open XIV,open,Kards Open XIV Qualifier A,swiss,Round 2,2022-10-23T14:19:51Z,bf:5f4318d1681ff84ab5ec92f9,bf:5f362c8703dbcc11d58d78e3,0,2,2,1
startgg,799172,Kards Open XIV,open,Kards Open XIV Qualifier A,swiss,Round 2,2022-10-23T14:21:14Z,bf:5f0cd40c3087a65e039603f4,sgg:3076990,2,0,1,1
startgg,799172,Kards Open XIV,open,Kards Open XIV Qualifier A,swiss,Round 2,2022-10-23T14:21:14Z,sgg:3084767,sgg:2504205,0,2,2,1
startgg,799172,Kards Open XIV,open,Kards Open XIV Qualifier A,swiss,Round 2,2022-10-23T14:25:17Z,sgg:2636686,bf:57b5a7ffabd8181c0cfdf304,2,0,1,1
startgg,799172,Kards Open XIV,open,Kards Open XIV Qualifier A,swiss,Round 2,2022-10-23T14:25:17Z,sgg:2627360,sgg:2483760,0,2,2,1
startgg,799172,Kards Open XIV,open,Kards Open XIV Qualifier A,swiss,Round 2,2022-10-23T14:30:19Z,sgg:2375442,sgg:2621966,2,0,1,1
startgg,799172,Kards Open XIV,open,Kards Open XIV Qualifier A,swiss,Round 2,2022-10-23T14:30:26Z,bf:601ae997fb69622ad6617823,bf:5fa57306cc28b3594394b946,1,2,2,1
startgg,799172,Kards Open XIV,open,Kards Open XIV Qualifier A,swiss,Round 2,2022-10-23T14:30:27Z,bf:60509713496ba24d0604cc08,sgg:3076346,1,2,2,1
startgg,799172,Kards Open XIV,open,Kards Open XIV Qualifier A,swiss,Round 2,2022-10-23T14:36:16Z,sgg:2409467,bf:5a4d98c332953903641106de,2,0,1,1
startgg,799172,Kards Open XIV,open,Kards Open XIV Qualifier A,swiss,Round 3,2022-10-23T14:57:18Z,sgg:2375442,sgg:2636686,2,0,1,1
startgg,799172,Kards Open XIV,open,Kards Open XIV Qualifier A,swiss,Round 3,2022-10-23T14:58:14Z,sgg:2409467,sgg:2483760,0,2,2,1
startgg,799172,Kards Open XIV,open,Kards Open XIV Qualifier A,swiss,Round 3,2022-10-23T14:58:14Z,sgg:3076990,bf:5f0dde2dc47339351f7f7715,0,2,2,1
startgg,799172,Kards Open XIV,open,Kards Open XIV Qualifier A,swiss,Round 3,2022-10-23T14:59:09Z,bf:5fa57306cc28b3594394b946,bf:5eeb9c3d19b81239da9496cb,2,0,1,1
startgg,799172,Kards Open XIV,open,Kards Open XIV Qualifier A,swiss,Round 3,2022-10-23T14:59:55Z,sgg:2621073,bf:5a4d98c332953903641106de,2,0,1,1
startgg,799172,Kards Open XIV,open,Kards Open XIV Qualifier A,swiss,Round 3,2022-10-23T15:08:35Z,bf:5f109d917a5f692572240090,sgg:3076346,2,0,1,1
startgg,799172,Kards Open XIV,open,Kards Open XIV Qualifier A,swiss,Round 3,2022-10-23T15:17:11Z,sgg:2382579,bf:5f0cd40c3087a65e039603f4,2,1,1,1
startgg,799172,Kards Open XIV,open,Kards Open XIV Qualifier A,swiss,Round 3,2022-10-23T15:23:12Z,sgg:3084767,bf:601ae997fb69622ad6617823,1,2,2,1
startgg,799172,Kards Open XIV,open,Kards Open XIV Qualifier A,swiss,Round 3,2022-10-23T15:23:40Z,bf:60509713496ba24d0604cc08,bf:57b5a7ffabd8181c0cfdf304,0,2,2,1
startgg,799172,Kards Open XIV,open,Kards Open XIV Qualifier A,swiss,Round 3,2022-10-23T15:28:11Z,sgg:2504205,sgg:2624640,2,0,1,1
startgg,799172,Kards Open XIV,open,Kards Open XIV Qualifier A,swiss,Round 4,2022-10-23T15:39:26Z,sgg:3076346,sgg:2621073,0,2,2,1
startgg,799172,Kards Open XIV,open,Kards Open XIV Qualifier A,swiss,Round 4,2022-10-23T15:44:45Z,sgg:3076990,sgg:2627360,0,2,2,1
startgg,799172,Kards Open XIV,open,Kards Open XIV Qualifier A,swiss,Round 4,2022-10-23T15:47:00Z,sgg:2636686,bf:5eb65df574f31a11dd226b38,0,2,2,1
startgg,799172,Kards Open XIV,open,Kards Open XIV Qualifier A,swiss,Round 4,2022-10-23T15:58:10Z,sgg:2631948,bf:5eeb9c3d19b81239da9496cb,0,2,2,1
startgg,799172,Kards Open XIV,open,Kards Open XIV Qualifier A,swiss,Round 4,2022-10-23T15:59:23Z,sgg:2483760,bf:5fa57306cc28b3594394b946,2,0,1,1
startgg,799172,Kards Open XIV,open,Kards Open XIV Qualifier A,swiss,Round 4,2022-10-23T16:02:16Z,sgg:3084767,bf:60509713496ba24d0604cc08,2,1,1,1
startgg,799172,Kards Open XIV,open,Kards Open XIV Qualifier A,swiss,Round 4,2022-10-23T16:03:09Z,sgg:2409467,bf:5f0cd40c3087a65e039603f4,2,0,1,1
startgg,799172,Kards Open XIV,open,Kards Open XIV Qualifier A,swiss,Round 4,2022-10-23T16:04:13Z,sgg:2382579,sgg:2504205,0,2,2,1
startgg,799172,Kards Open XIV,open,Kards Open XIV Qualifier A,swiss,Round 4,2022-10-23T16:07:12Z,bf:5f109d917a5f692572240090,sgg:2375442,1,2,2,1
startgg,799172,Kards Open XIV,open,Kards Open XIV Qualifier A,swiss,Round 4,2022-10-23T16:07:51Z,bf:5f362c8703dbcc11d58d78e3,sgg:2621966,1,2,2,1
startgg,799172,Kards Open XIV,open,Kards Open XIV Qualifier A,swiss,Round 4,2022-10-23T16:08:13Z,bf:601ae997fb69622ad6617823,bf:57b5a7ffabd8181c0cfdf304,1,2,2,1
startgg,799172,Kards Open XIV,open,Kards Open XIV Qualifier A,swiss,Round 5,2022-10-23T16:26:22Z,bf:601ae997fb69622ad6617823,sgg:3076346,0,2,2,1
startgg,799172,Kards Open XIV,open,Kards Open XIV Qualifier A,swiss,Round 5,2022-10-23T16:28:07Z,sgg:2483760,sgg:2504205,2,0,1,1
startgg,799172,Kards Open XIV,open,Kards Open XIV Qualifier A,swiss,Round 5,2022-10-23T16:31:11Z,sgg:2621073,sgg:2382579,0,2,2,1
startgg,799172,Kards Open XIV,open,Kards Open XIV Qualifier A,swiss,Round 5,2022-10-23T16:31:11Z,sgg:2375442,sgg:2409467,1,2,2,1
startgg,799172,Kards Open XIV,open,Kards Open XIV Qualifier A,swiss,Round 5,2022-10-23T16:35:10Z,sgg:3077324,sgg:2631948,2,0,1,1
startgg,799172,Kards Open XIV,open,Kards Open XIV Qualifier A,swiss,Round 5,2022-10-23T16:36:14Z,sgg:2627360,bf:5eeb9c3d19b81239da9496cb,2,0,1,1
startgg,799172,Kards Open XIV,open,Kards Open XIV Qualifier A,swiss,Round 5,2022-10-23T16:39:09Z,sgg:3084767,bf:5f362c8703dbcc11d58d78e3,2,1,1,1
startgg,799172,Kards Open XIV,open,Kards Open XIV Qualifier A,swiss,Round 5,2022-10-23T16:40:03Z,sgg:2636686,bf:5a4d98c332953903641106de,2,1,1,1
startgg,799172,Kards Open XIV,open,Kards Open XIV Qualifier A,swiss,Round 5,2022-10-23T16:43:01Z,bf:57b5a7ffabd8181c0cfdf304,sgg:2621966,2,1,1,1
startgg,799172,Kards Open XIV,open,Kards Open XIV Qualifier A,swiss,Round 5,2022-10-23T16:43:46Z,bf:5eb65df574f31a11dd226b38,bf:5fa57306cc28b3594394b946,2,1,1,1
startgg,799172,Kards Open XIV,open,Kards Open XIV Qualifier A,swiss,Round 5,2022-10-23T16:48:02Z,bf:5f4318d1681ff84ab5ec92f9,bf:5f0cd40c3087a65e039603f4,2,1,1,1
startgg,799172,Kards Open XIV,open,Kards Open XIV Qualifier A,swiss,Round 6,2022-10-23T17:02:27Z,sgg:3076346,sgg:2636686,2,0,1,1
startgg,799172,Kards Open XIV,open,Kards Open XIV Qualifier A,swiss,Round 6,2022-10-23T17:08:11Z,sgg:2409467,bf:5eb65df574f31a11dd226b38,2,0,1,1
startgg,799172,Kards Open XIV,open,Kards Open XIV Qualifier A,swiss,Round 6,2022-10-23T17:10:15Z,sgg:2621073,sgg:3084767,2,0,1,1
startgg,799172,Kards Open XIV,open,Kards Open XIV Qualifier A,swiss,Round 6,2022-10-23T17:12:20Z,bf:5fa57306cc28b3594394b946,sgg:2621966,2,0,1,1
startgg,799172,Kards Open XIV,open,Kards Open XIV Qualifier A,swiss,Round 6,2022-10-23T17:15:03Z,bf:57b5a7ffabd8181c0cfdf304,sgg:2627360,2,1,1,1
startgg,799172,Kards Open XIV,open,Kards Open XIV Qualifier A,swiss,Round 6,2022-10-23T17:15:13Z,bf:5f0dde2dc47339351f7f7715,sgg:2375442,0,2,2,1
startgg,799172,Kards Open XIV,open,Kards Open XIV Qualifier A,swiss,Round 6,2022-10-23T17:15:51Z,sgg:2483760,sgg:2382579,0,2,2,1
startgg,799172,Kards Open XIV,open,Kards Open XIV Qualifier A,swiss,Round 6,2022-10-23T17:17:17Z,bf:5f109d917a5f692572240090,sgg:2504205,2,0,1,1
startgg,799172,Kards Open XIV,open,Kards Open XIV Qualifier A,swiss,Round 6,2022-10-23T17:19:12Z,sgg:3076990,bf:5a4d98c332953903641106de,0,2,2,1
startgg,799172,Kards Open XIV,open,Kards Open XIV Qualifier A,swiss,Round 6,2022-10-23T17:21:53Z,bf:5eeb9c3d19b81239da9496cb,sgg:3077324,2,1,1,1
startgg,799172,Kards Open XIV,open,Kards Open XIV Qualifier A,swiss,Round 6,2022-10-23T17:24:21Z,sgg:2624640,bf:5f362c8703dbcc11d58d78e3,1,2,2,1
startgg,799172,Kards Open XIV,open,Kards Open XIV Qualifier A,swiss,Round 6,2022-10-23T17:31:16Z,sgg:2631948,bf:5f0cd40c3087a65e039603f4,1,2,2,1
startgg,799172,Kards Open XIV,open,Kards Open XIV Qualifier A,swiss,Round 6,2022-10-23T17:33:08Z,bf:5f4318d1681ff84ab5ec92f9,bf:601ae997fb69622ad6617823,1,2,2,1
startgg,803255,Kards World Championship 2022,official,Round Robin Stage,round_robin,Round 3,2022-10-29T13:20:37Z,bf:5fa3973bf8fc171ea9f68255,sgg:3080892,,,1,1
startgg,803255,Kards World Championship 2022,official,Round Robin Stage,round_robin,Round 1,2022-10-29T13:20:45Z,sgg:3080847,sgg:3080941,-1,0,2,0
startgg,803255,Kards World Championship 2022,official,Round Robin Stage,round_robin,Round 4,2022-10-29T13:21:10Z,sgg:3080892,sgg:2491287,,,2,1
startgg,803255,Kards World Championship 2022,official,Round Robin Stage,round_robin,Round 1,2022-10-29T13:21:34Z,sgg:2216816,sgg:3080892,,,1,1
startgg,803255,Kards World Championship 2022,official,Round Robin Stage,round_robin,Round 5,2022-10-29T13:21:41Z,sgg:3080892,sgg:2509034,,,2,1
startgg,803255,Kards World Championship 2022,official,Round Robin Stage,round_robin,Round 2,2022-10-29T13:21:47Z,sgg:3086985,sgg:3080892,,,1,1
startgg,803255,Kards World Championship 2022,official,Round Robin Stage,round_robin,Round 5,2022-10-29T13:23:04Z,sgg:2409467,sgg:3080847,,,1,1
startgg,803255,Kards World Championship 2022,official,Round Robin Stage,round_robin,Round 3,2022-10-29T13:23:21Z,sgg:3082387,sgg:3080847,,,1,1
startgg,803255,Kards World Championship 2022,official,Round Robin Stage,round_robin,Round 4,2022-10-29T13:23:33Z,sgg:2621966,sgg:3080847,,,1,1
startgg,803255,Kards World Championship 2022,official,Round Robin Stage,round_robin,Round 1,2022-10-29T13:25:45Z,bf:5ec99a6d5cb5d5345c7fdf7c,sgg:2493529,2,0,1,1
startgg,803255,Kards World Championship 2022,official,Round Robin Stage,round_robin,Round 1,2022-10-29T13:26:25Z,sgg:2799802,bf:5fb1e014eb92fe0475439152,-1,0,2,0
startgg,803255,Kards World Championship 2022,official,Round Robin Stage,round_robin,Round 1,2022-10-29T13:27:24Z,bf:564e7b5b80b8db4a00c4ff9c,sgg:3082290,2,0,1,1
startgg,803255,Kards World Championship 2022,official,Round Robin Stage,round_robin,Round 3,2022-10-29T13:28:12Z,bf:564e7b5b80b8db4a00c4ff9c,sgg:2494678,,,1,1
startgg,803255,Kards World Championship 2022,official,Round Robin Stage,round_robin,Round 4,2022-10-29T13:28:17Z,sgg:2494678,bf:5bef1fd422a55803cb340a40,,,2,1
startgg,803255,Kards World Championship 2022,official,Round Robin Stage,round_robin,Round 1,2022-10-29T13:28:22Z,bf:5d4eae596c2b2139a67ce680,sgg:2494678,,,1,1
startgg,803255,Kards World Championship 2022,official,Round Robin Stage,round_robin,Round 5,2022-10-29T13:28:31Z,sgg:2494678,sgg:2483808,,,2,1
startgg,803255,Kards World Championship 2022,official,Round Robin Stage,round_robin,Round 2,2022-10-29T13:28:36Z,sgg:3082290,sgg:2494678,,,1,1
startgg,803255,Kards World Championship 2022,official,Round Robin Stage,round_robin,Round 5,2022-10-29T13:29:20Z,sgg:2799802,sgg:2498438,,,2,1
startgg,803255,Kards World Championship 2022,official,Round Robin Stage,round_robin,Round 4,2022-10-29T13:29:25Z,sgg:2799802,sgg:2483760,,,2,1
startgg,803255,Kards World Championship 2022,official,Round Robin Stage,round_robin,Round 3,2022-10-29T13:29:35Z,sgg:2799802,sgg:3082395,,,2,1
startgg,803255,Kards World Championship 2022,official,Round Robin Stage,round_robin,Round 2,2022-10-29T13:30:47Z,sgg:2799802,sgg:3082246,,,2,1
startgg,803255,Kards World Championship 2022,official,Round Robin Stage,round_robin,Round 1,2022-10-29T13:31:13Z,bf:5fbf62605d320863b86f0ff1,sgg:2621966,-1,0,2,0
startgg,803255,Kards World Championship 2022,official,Round Robin Stage,round_robin,Round 2,2022-10-29T13:35:05Z,sgg:2483698,sgg:2695007,2,0,1,1
startgg,803255,Kards World Championship 2022,official,Round Robin Stage,round_robin,Round 1,2022-10-29T13:35:30Z,sgg:2498438,sgg:3082246,2,0,1,1
startgg,803255,Kards World Championship 2022,official,Round Robin Stage,round_robin,Round 1,2022-10-29T13:35:59Z,sgg:2621073,sgg:2917089,2,1,1,1
startgg,803255,Kards World Championship 2022,official,Round Robin Stage,round_robin,Round 1,2022-10-29T13:36:27Z,sgg:3082715,sgg:3081574,2,0,1,1
startgg,803255,Kards World Championship 2022,official,Round Robin Stage,round_robin,Round 5,2022-10-29T13:38:14Z,bf:5eb65df574f31a11dd226b38,sgg:3075906,,,1,1
startgg,803255,Kards World Championship 2022,official,Round Robin Stage,round_robin,Round 2,2022-10-29T13:38:20Z,sgg:3075906,sgg:3082715,,,2,1
startgg,803255,Kards World Championship 2022,official,Round Robin Stage,round_robin,Round 1,2022-10-29T13:38:20Z,sgg:3077324,bf:603aca86a4a3f111939e5346,,,2,1
startgg,803255,Kards World Championship 2022,official,Round Robin Stage,round_robin,Round 4,2022-10-29T13:39:16Z,sgg:3081574,sgg:3075906,,,1,1
startgg,803255,Kards World Championship 2022,official,Round Robin Stage,round_robin,Round 1,2022-10-29T13:39:23Z,sgg:3075906,bf:5fc0244ca2fd34654753d0cb,,,2,1
startgg,803255,Kards World Championship 2022,official,Round Robin Stage,round_robin,Round 3,2022-10-29T13:39:27Z,sgg:3082773,sgg:3075906,,,1,1
startgg,803255,Kards World Championship 2022,official,Round Robin Stage,round_robin,Round 4,2022-10-29T13:39:44Z,bf:5fa3973bf8fc171ea9f68255,sgg:2216816,,,1,1
startgg,803255,Kards World Championship 2022,official,Round Robin Stage,round_robin,Round 2,2022-10-29T13:39:52Z,sgg:2491287,sgg:2216816,,,1,1
startgg,803255,Kards World Championship 2022,official,Round Robin Stage,round_robin,Round 3,2022-10-29T13:40:01Z,sgg:2509034,sgg:2216816,,,1,1
startgg,803255,Kards World Championship 2022,official,Round Robin Stage,round_robin,Round 5,2022-10-29T13:40:06Z,sgg:2216816,sgg:3086985,,,2,1
startgg,803255,Kards World Championship 2022,official,Round Robin Stage,round_robin,Round 1,2022-10-29T13:40:14Z,sgg:2627360,bf:5ebea2fd1eafc755976c161a,2,0,1,1
startgg,803255,Kards World Championship 2022,official,Round Robin Stage,round_robin,Round 4,2022-10-29T13:40:24Z,sgg:3080856,bf:5fa5397c241d875936d2c2f2,0,2,2,1
startgg,803255,Kards World Championship 2022,official,Round Robin Stage,round_robin,Round 1,2022-10-29T13:40:53Z,sgg:2483760,sgg:3082395,2,-1,1,0
startgg,803255,Kards World Championship 2022,official,Round Robin Stage,round_robin,Round 4,2022-10-29T13:41:08Z,sgg:3082395,sgg:2498438,,,2,1
startgg,803255,Kards World Championship 2022,official,Round Robin Stage,round_robin,Round 1,2022-10-29T13:41:12Z,bf:5eb65df574f31a11dd226b38,sgg:3082773,2,1,1,1
startgg,803255,Kards World Championship 2022,official,Round Robin Stage,round_robin,Round 2,2022-10-29T13:41:20Z,bf:5fb1e014eb92fe0475439152,sgg:3082395,,,1,1
startgg,803255,Kards World Championship 2022,official,Round Robin Stage,round_robin,Round 4,2022-10-29T13:44:56Z,sgg:2409467,bf:5fbf62605d320863b86f0ff1,,,1,1
startgg,803255,Kards World Championship 2022,official,Round Robin Stage,round_robin,Round 1,2022-10-29T13:45:03Z,bf:5bef1fd422a55803cb340a40,sgg:2483808,2,0,1,1
startgg,803255,Kards World Championship 2022,official,Round Robin Stage,round_robin,Round 2,2022-10-29T13:45:15Z,sgg:3080847,bf:5fbf62605d320863b86f0ff1,,,1,1
startgg,803255,Kards World Championship 2022,official,Round Robin Stage,round_robin,Round 3,2022-10-29T13:45:21Z,sgg:3080941,bf:5fbf62605d320863b86f0ff1,,,1,1
startgg,803255,Kards World Championship 2022,official,Round Robin Stage,round_robin,Round 5,2022-10-29T13:45:26Z,bf:5fbf62605d320863b86f0ff1,sgg:3082387,,,2,1
startgg,803255,Kards World Championship 2022,official,Round Robin Stage,round_robin,Round 1,2022-10-29T13:45:45Z,sgg:3091901,sgg:3091884,2,0,1,1
startgg,803255,Kards World Championship 2022,official,Round Robin Stage,round_robin,Round 2,2022-10-29T13:45:49Z,sgg:2519403,sgg:3080890,,,1,1
startgg,803255,Kards World Championship 2022,official,Round Robin Stage,round_robin,Round 1,2022-10-29T13:45:55Z,sgg:3087606,sgg:3080890,,,1,1
startgg,803255,Kards World Championship 2022,official,Round Robin Stage,round_robin,Round 3,2022-10-29T13:46:02Z,sgg:3080890,sgg:2494304,,,2,1
startgg,803255,Kards World Championship 2022,official,Round Robin Stage,round_robin,Round 5,2022-10-29T13:46:09Z,bf:5f32c6147bd80311ab78193f,sgg:3080890,,,1,1
startgg,803255,Kards World Championship 2022,official,Round Robin Stage,round_robin,Round 4,2022-10-29T13:46:14Z,sgg:3080890,sgg:3082416,,,2,1
startgg,803255,Kards World Championship 2022,official,Round Robin Stage,round_robin,Round 5,2022-10-29T13:46:31Z,sgg:3092705,sgg:2498198,,,1,1
startgg,803255,Kards World Championship 2022,official,Round Robin Stage,round_robin,Round 1,2022-10-29T13:46:42Z,sgg:2519403,sgg:3082416,0,2,2,1
startgg,803255,Kards World Championship 2022,official,Round Robin Stage,round_robin,Round 6,2022-10-29T13:46:58Z,sgg:2498198,sgg:3090658,,,2,1
startgg,803255,Kards World Championship 2022,official,Round Robin Stage,round_robin,Round 2,2022-10-29T13:47:05Z,sgg:2801104,sgg:2498198,,,1,1
startgg,803255,Kards World Championship 2022,official,Round Robin Stage,round_robin,Round 1,2022-10-29T13:47:10Z,sgg:3076926,bf:5f4318d1681ff84ab5ec92f9,1,2,2,1
startgg,803255,Kards World Championship 2022,official,Round Robin Stage,round_robin,Round 2,2022-10-29T13:47:18Z,bf:5fa467df4eb3c2458669c29a,sgg:3089987,2,1,1,1
startgg,803255,Kards World Championship 2022,official,Round Robin Stage,round_robin,Round 1,2022-10-29T13:47:23Z,sgg:2498198,bf:5f3bc9efdbf742295bce0a9d,,,2,1
startgg,803255,Kards World Championship 2022,official,Round Robin Stage,round_robin,Round 4,2022-10-29T13:47:29Z,bf:602d5acba74cc17c31b7d9af,sgg:2498198,,,1,1
startgg,803255,Kards World Championship 2022,official,Round Robin Stage,round_robin,Round 7,2022-10-29T13:47:35Z,sgg:2498198,sgg:2504205,,,2,1
startgg,803255,Kards World Championship 2022,official,Round Robin Stage,round_robin,Round 1,2022-10-29T13:47:40Z,bf:5fb42443a2fd346547530b2e,sgg:3091734,2,1,1,1
startgg,803255,Kards World Championship 2022,official,Round Robin Stage,round_robin,Round 1,2022-10-29T13:48:55Z,sgg:2494304,bf:5f32c6147bd80311ab78193f,0,2,2,1
startgg,803255,Kards World Championship 2022,official,Round Robin Stage,round_robin,Round 1,2022-10-29T13:51:59Z,sgg:2803542,sgg:3080856,2,0,1,1
startgg,803255,Kards World Championship 2022,official,Round Robin Stage,round_robin,Round 1,2022-10-29T13:52:16Z,bf:601ce7017d548611be7697b6,bf:5fbfb60f1632970e916c6544,1,2,2,1
startgg,803255,Kards World Championship 2022,official,Round Robin Stage,round_robin,Round 1,2022-10-29T13:52:35Z,sgg:2409467,sgg:3082387,1,2,2,1
startgg,803255,Kards World Championship 2022,official,Round Robin Stage,round_robin,Round 2,2022-10-29T13:53:43Z,sgg:2917089,sgg:2493529,2,0,1,1
startgg,803255,Kards World Championship 2022,official,Round Robin Stage,round_robin,Round 1,2022-10-29T13:55:33Z,bf:5f362c8703dbcc11d58d78e3,bf:5a4d98c332953903641106de,2,0,1,1
startgg,803255,Kards World Championship 2022,official,Round Robin Stage,round_robin,Round 1,2022-10-29T13:56:13Z,bf:5ec038e2256baa1d38011a05,sgg:2706665,0,2,2,1
startgg,803255,Kards World Championship 2022,official,Round Robin Stage,round_robin,Round 1,2022-10-29T13:57:24Z,sgg:2486589,sgg:2930602,0,2,2,1
startgg,803255,Kards World Championship 2022,official,Round Robin Stage,round_robin,Round 1,2022-10-29T13:57:27Z,sgg:3081183,bf:5fa57306cc28b3594394b946,2,1,1,1
startgg,803255,Kards World Championship 2022,official,Round Robin Stage,round_robin,Round 1,2022-10-29T13:58:30Z,sgg:2491287,sgg:2509034,2,1,1,1
startgg,803255,Kards World Championship 2022,official,Round Robin Stage,round_robin,Round 1,2022-10-29T13:58:57Z,sgg:2483698,bf:5c4d3b7150078403fe2d5308,2,1,1,1
startgg,803255,Kards World Championship 2022,official,Round Robin Stage,round_robin,Round 1,2022-10-29T13:59:09Z,sgg:2483676,sgg:2489723,2,0,1,1
startgg,803255,Kards World Championship 2022,official,Round Robin Stage,round_robin,Round 1,2022-10-29T13:59:09Z,sgg:3082033,bf:601ae997fb69622ad6617823,2,0,1,1
startgg,803255,Kards World Championship 2022,official,Round Robin Stage,round_robin,Round 5,2022-10-29T13:59:44Z,sgg:3082395,sgg:3082246,-1,0,2,0
startgg,803255,Kards World Championship 2022,official,Round Robin Stage,round_robin,Round 1,2022-10-29T14:00:24Z,sgg:2801104,bf:602d5acba74cc17c31b7d9af,2,1,1,1
startgg,803255,Kards World Championship 2022,official,Round Robin Stage,round_robin,Round 1,2022-10-29T14:00:40Z,sgg:3087923,bf:57b5a7ffabd8181c0cfdf304,2,1,1,1
startgg,803255,Kards World Championship 2022,official,Round Robin Stage,round_robin,Round 1,2022-10-29T14:01:12Z,bf:5fa3da8e11743771ade92018,sgg:3089987,1,2,2,1
startgg,803255,Kards World Championship 2022,official,Round Robin Stage,round_robin,Round 2,2022-10-29T14:02:03Z,sgg:2409467,sgg:3080941,2,0,1,1
startgg,803255,Kards World Championship 2022,official,Round Robin Stage,round_robin,Round 1,2022-10-29T14:02:05Z,bf:5fb3184d9a9e750ea663e423,bf:5fbef0d92dc8793ada8527a5,2,0,1,1
startgg,803255,Kards World Championship 2022,official,Round Robin Stage,round_robin,Round 1,2022-10-29T14:04:15Z,bf:5fa3973bf8fc171ea9f68255,sgg:3086985,1,2,2,1
startgg,803255,Kards World Championship 2022,official,Round Robin Stage,round_robin,Round 1,2022-10-29T14:04:17Z,bf:60509713496ba24d0604cc08,sgg:3084764,2,1,1,1
startgg,803255,Kards World Championship 2022,official,Round Robin Stage,round_robin,Round 2,2022-10-29T14:04:48Z,sgg:3091901,bf:601ce7017d548611be7697b6,2,0,1,1
startgg,803255,Kards World Championship 2022,official,Round Robin Stage,round_robin,Round 1,2022-10-29T14:05:11Z,sgg:3090658,sgg:2504205,0,2,2,1
startgg,803255,Kards World Championship 2022,official,Round Robin Stage,round_robin,Round 3,2022-10-29T14:08:09Z,bf:5fa467df4eb3c2458669c29a,bf:601ae997fb69622ad6617823,2,0,1,1
startgg,803255,Kards World Championship 2022,official,Round Robin Stage,round_robin,Round 3,2022-10-29T14:08:56Z,bf:5fc0244ca2fd34654753d0cb,sgg:3082715,1,2,2,1
startgg,803255,Kards World Championship 2022,official,Round Robin Stage,round_robin,Round 1,2022-10-29T14:10:30Z,sgg:3091311,sgg:3082136,2,0,1,1
startgg,803255,Kards World Championship 2022,official,Round Robin Stage,round_robin,Round 2,2022-10-29T14:13:11Z,sgg:2803542,sgg:375061,2,0,1,1
startgg,803255,Kards World Championship 2022,official,Round Robin Stage,round_robin,Round 2,2022-10-29T14:15:03Z,bf:5f362c8703dbcc11d58d78e3,bf:5c4d3b7150078403fe2d5308,2,1,1,1
startgg,803255,Kards World Championship 2022,official,Round Robin Stage,round_robin,Round 2,2022-10-29T14:16:06Z,sgg:3082773,sgg:3081574,2,0,1,1
startgg,803255,Kards World Championship 2022,official,Round Robin Stage,round_robin,Round 1,2022-10-29T14:16:22Z,bf:5fb02943698db1048d26b9cd,bf:5fa27bfdf8fc171ea9f66924,1,2,2,1
startgg,803255,Kards World Championship 2022,official,Round Robin Stage,round_robin,Round 2,2022-10-29T14:18:13Z,sgg:3082387,sgg:2621966,2,1,1,1
startgg,803255,Kards World Championship 2022,official,Round Robin Stage,round_robin,Round 2,2022-10-29T14:19:03Z,sgg:3082416,bf:5f32c6147bd80311ab78193f,0,2,2,1
startgg,803255,Kards World Championship 2022,official,Round Robin Stage,round_robin,Round 2,2022-10-29T14:19:49Z,bf:5ec038e2256baa1d38011a05,bf:5ec99a6d5cb5d5345c7fdf7c,2,1,1,1
startgg,803255,Kards World Championship 2022,official,Round Robin Stage,round_robin,Round 2,2022-10-29T14:21:39Z,sgg:2498438,sgg:2483760,2,1,1,1
startgg,803255,Kards World Championship 2022,official,Round Robin Stage,round_robin,Round 1,2022-10-29T14:23:29Z,sgg:2695007,bf:5b38c676cbd82c03a4f28e8f,1,2,2,1
startgg,803255,Kards World Championship 2022,official,Round Robin Stage,round_robin,Round 2,2022-10-29T14:24:40Z,bf:564e7b5b80b8db4a00c4ff9c,sgg:2483808,2,0,1,1
startgg,803255,Kards World Championship 2022,official,Round Robin Stage,round_robin,Round 2,2022-10-29T14:25:23Z,sgg:2621073,sgg:2706665,2,1,1,1
startgg,803255,Kards World Championship 2022,official,Round Robin Stage,round_robin,Round 2,2022-10-29T14:25:42Z,sgg:3081183,bf:60509713496ba24d0604cc08,2,0,1,1
startgg,803255,Kards World Championship 2022,official,Round Robin Stage,round_robin,Round 2,2022-10-29T14:25:56Z,sgg:3082033,sgg:3077324,2,0,1,1
startgg,803255,Kards World Championship 2022,official,Round Robin Stage,round_robin,Round 2,2022-10-29T14:26:17Z,sgg:3087923,bf:5f4318d1681ff84ab5ec92f9,2,1,1,1
startgg,803255,Kards World Championship 2022,official,Round Robin Stage,round_robin,Round 2,2022-10-29T14:29:33Z,bf:57b5a7ffabd8181c0cfdf304,bf:5ebea2fd1eafc755976c161a,0,2,2,1
startgg,803255,Kards World Championship 2022,official,Round Robin Stage,round_robin,Round 1,2022-10-29T14:32:11Z,sgg:3081838,bf:5fb0e0020c8f110e8a8bf3f2,1,2,2,1
startgg,803255,Kards World Championship 2022,official,Round Robin Stage,round_robin,Round 3,2022-10-29T14:35:02Z,bf:5c4d3b7150078403fe2d5308,sgg:2695007,2,0,1,1
startgg,803255,Kards World Championship 2022,official,Round Robin Stage,round_robin,Round 2,2022-10-29T14:36:14Z,bf:5fa3da8e11743771ade92018,bf:603aca86a4a3f111939e5346,2,0,1,1
startgg,803255,Kards World Championship 2022,official,Round Robin Stage,round_robin,Round 2,2022-10-29T14:36:31Z,sgg:2930602,sgg:3084764,2,1,1,1
startgg,803255,Kards World Championship 2022,official,Round Robin Stage,round_robin,Round 2,2022-10-29T14:37:20Z,sgg:3091311,bf:5fb3184d9a9e750ea663e423,0,2,2,1
startgg,803255,Kards World Championship 2022,official,Round Robin Stage,round_robin,Round 2,2022-10-29T14:38:08Z,sgg:3090658,bf:5f3bc9efdbf742295bce0a9d,0,2,2,1
startgg,803255,Kards World Championship 2022,official,Round Robin Stage,round_robin,Round 3,2022-10-29T14:40:12Z,sgg:3086985,sgg:2491287,1,2,2,1
startgg,803255,Kards World Championship 2022,official,Round Robin Stage,round_robin,Round 2,2022-10-29T14:41:01Z,sgg:2483676,sgg:3081838,1,2,2,1
startgg,803255,Kards World Championship 2022,official,Round Robin Stage,round_robin,Round 2,2022-10-29T14:41:51Z,sgg:3092705,sgg:2504205,0,2,2,1
startgg,803255,Kards World Championship 2022,official,Round Robin Stage,round_robin,Round 5,2022-10-29T14:42:06Z,bf:5fbfb60f1632970e916c6544,sgg:3091884,1,2,2,1
startgg,803255,Kards World Championship 2022,official,Round Robin Stage,round_robin,Round 2,2022-10-29T14:42:29Z,sgg:3076926,sgg:2627360,1,2,2,1
startgg,803255,Kards World Championship 2022,official,Round Robin Stage,round_robin,Round 4,2022-10-29T14:43:12Z,bf:601ae997fb69622ad6617823,sgg:3077324,2,0,1,1
startgg,803255,Kards World Championship 2022,official,Round Robin Stage,round_robin,Round 2,2022-10-29T14:43:26Z,bf:5eb65df574f31a11dd226b38,bf:5fc0244ca2fd34654753d0cb,2,0,1,1
startgg,803255,Kards World Championship 2022,official,Round Robin Stage,round_robin,Round 3,2022-10-29T14:43:42Z,sgg:3089987,bf:603aca86a4a3f111939e5346,1,2,2,1
startgg,803255,Kards World Championship 2022,official,Round Robin Stage,round_robin,Round 3,2022-10-29T14:46:26Z,bf:5fb1e014eb92fe0475439152,sgg:2498438,2,0,1,1
startgg,803255,Kards World Championship 2022,official,Round Robin Stage,round_robin,Round 2,2022-10-29T14:48:57Z,bf:5bef1fd422a55803cb340a40,bf:5d4eae596c2b2139a67ce680,2,0,1,1
startgg,803255,Kards World Championship 2022,official,Round Robin Stage,round_robin,Round 5,2022-10-29T14:49:28Z,sgg:3084764,bf:5fa57306cc28b3594394b946,-1,0,2,0
startgg,803255,Kards World Championship 2022,official,Round Robin Stage,round_robin,Round 4,2022-10-29T14:49:42Z,sgg:3084764,sgg:3081183,-1,0,2,0
startgg,803255,Kards World Championship 2022,official,Round Robin Stage,round_robin,Round 2,2022-10-29T14:53:07Z,bf:5fa3973bf8fc171ea9f68255,sgg:2509034,2,1,1,1
startgg,803255,Kards World Championship 2022,official,Round Robin Stage,round_robin,Round 3,2022-10-29T14:54:41Z,sgg:2409467,sgg:2621966,2,0,1,1
startgg,803255,Kards World Championship 2022,official,Round Robin Stage,round_robin,Round 3,2022-10-29T14:54:47Z,sgg:2519403,bf:5f32c6147bd80311ab78193f,2,1,1,1
startgg,803255,Kards World Championship 2022,official,Round Robin Stage,round_robin,Round 3,2022-10-29T14:54:52Z,sgg:3087923,bf:5ebea2fd1eafc755976c161a,2,0,1,1
startgg,803255,Kards World Championship 2022,official,Round Robin Stage,round_robin,Round 3,2022-10-29T14:55:04Z,sgg:3082290,bf:5bef1fd422a55803cb340a40,0,2,2,1
startgg,803255,Kards World Championship 2022,official,Round Robin Stage,round_robin,Round 5,2022-10-29T14:56:24Z,sgg:2621966,sgg:3080941,-1,0,2,0
startgg,803255,Kards World Championship 2022,official,Round Robin Stage,round_robin,Round 3,2022-10-29T14:56:42Z,sgg:2483808,bf:5d4eae596c2b2139a67ce680,2,0,1,1
startgg,803255,Kards World Championship 2022,official,Round Robin Stage,round_robin,Round 3,2022-10-29T14:58:28Z,bf:5fa3da8e11743771ade92018,sgg:3082033,2,0,1,1
startgg,803255,Kards World Championship 2022,official,Round Robin Stage,round_robin,Round 2,2022-10-29T14:59:43Z,bf:5fb02943698db1048d26b9cd,sgg:3091884,2,1,1,1
startgg,803255,Kards World Championship 2022,official,Round Robin Stage,round_robin,Round 3,2022-10-29T15:01:11Z,sgg:2375442,sgg:2489723,2,1,1,1
startgg,803255,Kards World Championship 2022,official,Round Robin Stage,round_robin,Round 3,2022-10-29T15:02:08Z,sgg:3082246,sgg:2483760,0,2,2,1
startgg,803255,Kards World Championship 2022,official,Round Robin Stage,round_robin,Round 3,2022-10-29T15:02:32Z,bf:5eb65df574f31a11dd226b38,sgg:3081574,0,2,2,1
startgg,803255,Kards World Championship 2022,official,Round Robin Stage,round_robin,Round 3,2022-10-29T15:04:15Z,sgg:2706665,bf:5ec99a6d5cb5d5345c7fdf7c,2,0,1,1
startgg,803255,Kards World Championship 2022,official,Round Robin Stage,round_robin,Round 2,2022-10-29T15:05:13Z,bf:5fb42443a2fd346547530b2e,bf:5fbef0d92dc8793ada8527a5,2,1,1,1
startgg,803255,Kards World Championship 2022,official,Round Robin Stage,round_robin,Round 2,2022-10-29T15:05:37Z,bf:5a4d98c332953903641106de,bf:5b38c676cbd82c03a4f28e8f,2,1,1,1
startgg,803255,Kards World Championship 2022,official,Round Robin Stage,round_robin,Round 2,2022-10-29T15:05:51Z,sgg:2486589,bf:5fa57306cc28b3594394b946,1,2,2,1
startgg,803255,Kards World Championship 2022,official,Round Robin Stage,round_robin,Round 3,2022-10-29T15:06:02Z,bf:5fa57306cc28b3594394b946,bf:60509713496ba24d0604cc08,2,1,1,1
startgg,803255,Kards World Championship 2022,official,Round Robin Stage,round_robin,Round 2,2022-10-29T15:06:11Z,bf:5fa27bfdf8fc171ea9f66924,bf:5fbfb60f1632970e916c6544,2,1,1,1
startgg,803255,Kards World Championship 2022,official,Round Robin Stage,round_robin,Round 1,2022-10-29T15:10:15Z,bf:5f0cd40c3087a65e039603f4,sgg:3082284,1,2,2,1
startgg,803255,Kards World Championship 2022,official,Round Robin Stage,round_robin,Round 3,2022-10-29T15:13:00Z,sgg:2621073,sgg:2493529,2,1,1,1
startgg,803255,Kards World Championship 2022,official,Round Robin Stage,round_robin,Round 3,2022-10-29T15:13:02Z,sgg:3091884,bf:601ce7017d548611be7697b6,0,2,2,1
startgg,803255,Kards World Championship 2022,official,Round Robin Stage,round_robin,Round 3,2022-10-29T15:15:11Z,sgg:3082416,sgg:3087606,2,0,1,1
startgg,803255,Kards World Championship 2022,official,Round Robin Stage,round_robin,Round 5,2022-10-29T15:17:36Z,sgg:3081574,bf:5fc0244ca2fd34654753d0cb,-1,0,2,0
startgg,803255,Kards World Championship 2022,official,Round Robin Stage,round_robin,Round 3,2022-10-29T15:17:52Z,sgg:3090658,sgg:2801104,2,1,1,1
startgg,803255,Kards World Championship 2022,official,Round Robin Stage,round_robin,Round 7,2022-10-29T15:18:28Z,bf:5fb0e0020c8f110e8a8bf3f2,sgg:2489723,0,-1,1,0
startgg,803255,Kards World Championship 2022,official,Round Robin Stage,round_robin,Round 4,2022-10-29T15:18:45Z,sgg:2489723,sgg:3081838,0,2,2,1
startgg,803255,Kards World Championship 2022,official,Round Robin Stage,round_robin,Round 5,2022-10-29T15:18:58Z,sgg:2489723,bf:5f0cd40c3087a65e039603f4,-1,0,2,0
startgg,803255,Kards World Championship 2022,official,Round Robin Stage,round_robin,Round 6,2022-10-29T15:19:07Z,sgg:2489723,sgg:3082284,-1,0,2,0
startgg,803255,Kards World Championship 2022,official,Round Robin Stage,round_robin,Round 3,2022-10-29T15:20:15Z,sgg:2930602,sgg:3081183,2,1,1,1
startgg,803255,Kards World Championship 2022,official,Round Robin Stage,round_robin,Round 3,2022-10-29T15:21:24Z,sgg:3092705,bf:602d5acba74cc17c31b7d9af,1,2,2,1
startgg,803255,Kards World Championship 2022,official,Round Robin Stage,round_robin,Round 4,2022-10-29T15:21:33Z,sgg:2519403,sgg:2494304,2,0,1,1
startgg,803255,Kards World Championship 2022,official,Round Robin Stage,round_robin,Round 3,2022-10-29T15:21:46Z,bf:5fb42443a2fd346547530b2e,sgg:3091311,2,0,1,1
startgg,803255,Kards World Championship 2022,official,Round Robin Stage,round_robin,Round 3,2022-10-29T15:24:24Z,sgg:2504205,bf:5f3bc9efdbf742295bce0a9d,2,0,1,1
startgg,803255,Kards World Championship 2022,official,Round Robin Stage,round_robin,Round 3,2022-10-29T15:25:14Z,sgg:3091734,bf:5fbef0d92dc8793ada8527a5,2,0,1,1
startgg,803255,Kards World Championship 2022,official,Round Robin Stage,round_robin,Round 3,2022-10-29T15:26:36Z,bf:5fa27bfdf8fc171ea9f66924,sgg:3091901,0,2,2,1
startgg,803255,Kards World Championship 2022,official,Round Robin Stage,round_robin,Round 3,2022-10-29T15:29:12Z,bf:57b5a7ffabd8181c0cfdf304,sgg:3076926,1,2,2,1
startgg,803255,Kards World Championship 2022,official,Round Robin Stage,round_robin,Round 5,2022-10-29T15:30:17Z,bf:5fa3973bf8fc171ea9f68255,sgg:2491287,2,0,1,1
startgg,803255,Kards World Championship 2022,official,Round Robin Stage,round_robin,Round 3,2022-10-29T15:38:33Z,sgg:3080856,sgg:375061,1,2,2,1
startgg,803255,Kards World Championship 2022,official,Round Robin Stage,round_robin,Round 3,2022-10-29T15:39:26Z,bf:5f4318d1681ff84ab5ec92f9,sgg:2627360,2,1,1,1
startgg,803255,Kards World Championship 2022,official,Round Robin Stage,round_robin,Round 3,2022-10-29T15:40:27Z,bf:5fa27e32f8fc171ea9f66940,sgg:3082136,1,2,2,1
startgg,803255,Kards World Championship 2022,official,Round Robin Stage,round_robin,Round 2,2022-10-29T15:42:09Z,sgg:2375442,sgg:3082284,2,0,1,1
startgg,803255,Kards World Championship 2022,official,Round Robin Stage,round_robin,Round 1,2022-10-29T15:42:10Z,bf:5fa62937c3c163598ec80783,bf:5fa5397c241d875936d2c2f2,2,1,1,1
startgg,803255,Kards World Championship 2022,official,Round Robin Stage,round_robin,Round 4,2022-10-29T15:47:22Z,bf:5b38c676cbd82c03a4f28e8f,sgg:2483698,-1,0,2,0
startgg,803255,Kards World Championship 2022,official,Round Robin Stage,round_robin,Round 5,2022-10-29T15:47:37Z,bf:5b38c676cbd82c03a4f28e8f,bf:5c4d3b7150078403fe2d5308,-1,0,2,0
startgg,803255,Kards World Championship 2022,official,Round Robin Stage,round_robin,Round 2,2022-10-29T15:48:12Z,sgg:3087606,sgg:2494304,2,0,1,1
startgg,803255,Kards World Championship 2022,official,Round Robin Stage,round_robin,Round 3,2022-10-29T15:50:18Z,bf:5f362c8703dbcc11d58d78e3,bf:5b38c676cbd82c03a4f28e8f,2,1,1,1
startgg,803255,Kards World Championship 2022,official,Round Robin Stage,round_robin,Round 4,2022-10-29T15:57:08Z,sgg:2504205,sgg:2801104,1,2,2,1
startgg,803255,Kards World Championship 2022,official,Round Robin Stage,round_robin,Round 4,2022-10-29T15:58:29Z,sgg:2509034,sgg:3086985,2,1,1,1
startgg,803255,Kards World Championship 2022,official,Round Robin Stage,round_robin,Round 3,2022-10-29T15:58:36Z,bf:5fa5397c241d875936d2c2f2,sgg:2803542,2,1,1,1
startgg,803255,Kards World Championship 2022,official,Round Robin Stage,round_robin,Round 2,2022-10-29T16:03:06Z,bf:5fa62937c3c163598ec80783,sgg:3080856,2,0,1,1
startgg,803255,Kards World Championship 2022,official,Round Robin Stage,round_robin,Round 2,2022-10-29T16:09:13Z,bf:5f0cd40c3087a65e039603f4,bf:5fb0e0020c8f110e8a8bf3f2,1,2,2,1
startgg,803255,Kards World Championship 2022,official,Round Robin Stage,round_robin,Round 3,2022-10-29T16:16:02Z,bf:5a4d98c332953903641106de,sgg:2483698,0,2,2,1
startgg,803255,Kards World Championship 2022,official,Round Robin Stage,round_robin,Round 5,2022-10-29T16:24:55Z,bf:564e7b5b80b8db4a00c4ff9c,bf:5bef1fd422a55803cb340a40,2,1,1,1
startgg,803255,Kards World Championship 2022,official,Round Robin Stage,round_robin,Round 4,2022-10-29T16:25:29Z,bf:564e7b5b80b8db4a00c4ff9c,bf:5d4eae596c2b2139a67ce680,0,2,2,1
startgg,803255,Kards World Championship 2022,official,Round Robin Stage,round_robin,Round 4,2022-10-29T16:26:37Z,bf:5fa27e32f8fc171ea9f66940,bf:5fbef0d92dc8793ada8527a5,2,0,1,1
startgg,803255,Kards World Championship 2022,official,Round Robin Stage,round_robin,Round 3,2022-10-29T16:30:12Z,sgg:3082284,bf:5fb0e0020c8f110e8a8bf3f2,0,2,2,1
startgg,803255,Kards World Championship 2022,official,Round Robin Stage,round_robin,Round 5,2022-10-29T16:50:23Z,sgg:375061,bf:5fa5397c241d875936d2c2f2,0,2,2,1
startgg,803255,Kards World Championship 2022,official,Round Robin Stage,round_robin,Round 3,2022-10-29T19:27:06Z,sgg:2917089,bf:5ec038e2256baa1d38011a05,1,2,2,1
startgg,803255,Kards World Championship 2022,official,Round Robin Stage,round_robin,Round 5,2022-10-30T12:52:36Z,sgg:2616063,sgg:3080856,-1,0,2,0
startgg,803255,Kards World Championship 2022,official,Round Robin Stage,round_robin,Round 4,2022-10-30T12:52:45Z,sgg:2616063,sgg:2803542,-1,0,2,0
startgg,803255,Kards World Championship 2022,official,Round Robin Stage,round_robin,Round 4,2022-10-30T13:07:28Z,bf:5f362c8703dbcc11d58d78e3,sgg:2695007,2,0,1,1
startgg,803255,Kards World Championship 2022,official,Round Robin Stage,round_robin,Round 4,2022-10-30T13:13:52Z,sgg:3087923,sgg:2627360,2,0,1,1
startgg,803255,Kards World Championship 2022,official,Round Robin Stage,round_robin,Round 4,2022-10-30T13:15:16Z,sgg:3080941,sgg:3082387,0,2,2,1
startgg,803255,Kards World Championship 2022,official,Round Robin Stage,round_robin,Round 5,2022-10-30T13:15:29Z,bf:602d5acba74cc17c31b7d9af,sgg:3090658,2,0,1,1
startgg,803255,Kards World Championship 2022,official,Round Robin Stage,round_robin,Round 4,2022-10-30T13:17:30Z,sgg:3082246,bf:5fb1e014eb92fe0475439152,0,2,2,1
startgg,803255,Kards World Championship 2022,official,Round Robin Stage,round_robin,Round 4,2022-10-30T13:17:49Z,sgg:3092705,bf:5f3bc9efdbf742295bce0a9d,0,2,2,1
startgg,803255,Kards World Championship 2022,official,Round Robin Stage,round_robin,Round 4,2022-10-30T13:18:58Z,sgg:3091884,bf:5fa27bfdf8fc171ea9f66924,0,2,2,1
startgg,803255,Kards World Championship 2022,official,Round Robin Stage,round_robin,Round 4,2022-10-30T13:20:03Z,sgg:2493529,bf:5ec038e2256baa1d38011a05,0,2,2,1
startgg,803255,Kards World Championship 2022,official,Round Robin Stage,round_robin,Round 4,2022-10-30T13:20:45Z,sgg:3089987,sgg:3082033,1,2,2,1
startgg,803255,Kards World Championship 2022,official,Round Robin Stage,round_robin,Round 4,2022-10-30T13:29:05Z,bf:5c4d3b7150078403fe2d5308,bf:5a4d98c332953903641106de,1,2,2,1
startgg,803255,Kards World Championship 2022,official,Round Robin Stage,round_robin,Round 5,2022-10-30T13:30:13Z,bf:5f362c8703dbcc11d58d78e3,sgg:2483698,0,2,2,1
startgg,803255,Kards World Championship 2022,official,Round Robin Stage,round_robin,Round 3,2022-10-30T13:32:35Z,bf:5f0cd40c3087a65e039603f4,sgg:2483676,2,1,1,1
startgg,803255,Kards World Championship 2022,official,Round Robin Stage,round_robin,Round 4,2022-10-30T13:32:45Z,sgg:2706665,sgg:2917089,2,1,1,1
startgg,803255,Kards World Championship 2022,official,Round Robin Stage,round_robin,Round 5,2022-10-30T13:34:43Z,bf:5f3bc9efdbf742295bce0a9d,sgg:2801104,0,2,2,1
startgg,803255,Kards World Championship 2022,official,Round Robin Stage,round_robin,Round 4,2022-10-30T13:35:14Z,sgg:3082136,bf:5fb3184d9a9e750ea663e423,0,2,2,1
startgg,803255,Kards World Championship 2022,official,Round Robin Stage,round_robin,Round 3,2022-10-30T13:37:12Z,bf:5fb02943698db1048d26b9cd,bf:5fbfb60f1632970e916c6544,0,2,2,1
startgg,803255,Kards World Championship 2022,official,Round Robin Stage,round_robin,Round 4,2022-10-30T13:38:17Z,bf:5fa467df4eb3c2458669c29a,bf:603aca86a4a3f111939e5346,2,0,1,1
startgg,803255,Kards World Championship 2022,official,Round Robin Stage,round_robin,Round 5,2022-10-30T13:39:12Z,bf:601ae997fb69622ad6617823,bf:5fa3da8e11743771ade92018,2,1,1,1
startgg,803255,Kards World Championship 2022,official,Round Robin Stage,round_robin,Round 5,2022-10-30T13:39:35Z,sgg:3087923,sgg:3076926,2,0,1,1
startgg,803255,Kards World Championship 2022,official,Round Robin Stage,round_robin,Round 4,2022-10-30T13:41:51Z,sgg:2483808,sgg:3082290,2,1,1,1
startgg,803255,Kards World Championship 2022,official,Round Robin Stage,round_robin,Round 4,2022-10-30T13:42:04Z,sgg:3091734,sgg:3091311,2,0,1,1
startgg,803255,Kards World Championship 2022,official,Round Robin Stage,round_robin,Round 4,2022-10-30T13:42:13Z,bf:5eb65df574f31a11dd226b38,sgg:3082715,2,1,1,1
startgg,803255,Kards World Championship 2022,official,Round Robin Stage,round_robin,Round 4,2022-10-30T13:42:51Z,bf:5ebea2fd1eafc755976c161a,sgg:3076926,-1,0,2,0
startgg,803255,Kards World Championship 2022,official,Round Robin Stage,round_robin,Round 5,2022-10-30T13:42:55Z,bf:5fa467df4eb3c2458669c29a,sgg:3077324,2,0,1,1
startgg,803255,Kards World Championship 2022,official,Round Robin Stage,round_robin,Round 4,2022-10-30T13:44:28Z,bf:5f4318d1681ff84ab5ec92f9,bf:57b5a7ffabd8181c0cfdf304,0,2,2,1
startgg,803255,Kards World Championship 2022,official,Round Robin Stage,round_robin,Round 4,2022-10-30T13:45:12Z,sgg:2375442,bf:5fb0e0020c8f110e8a8bf3f2,2,0,1,1
startgg,803255,Kards World Championship 2022,official,Round Robin Stage,round_robin,Round 5,2022-10-30T13:45:20Z,sgg:2494304,sgg:3082416,2,1,1,1
startgg,803255,Kards World Championship 2022,official,Round Robin Stage,round_robin,Round 4,2022-10-30T13:46:24Z,bf:5fc0244ca2fd34654753d0cb,sgg:3082773,2,1,1,1
startgg,803255,Kards World Championship 2022,official,Round Robin Stage,round_robin,Round 4,2022-10-30T13:47:23Z,bf:5fa57306cc28b3594394b946,sgg:2930602,0,2,2,1
startgg,803255,Kards World Championship 2022,official,Round Robin Stage,round_robin,Round 6,2022-10-30T13:49:16Z,bf:602d5acba74cc17c31b7d9af,sgg:2504205,0,2,2,1
startgg,803255,Kards World Championship 2022,official,Round Robin Stage,round_robin,Round 4,2022-10-30T13:53:48Z,bf:5f32c6147bd80311ab78193f,sgg:3087606,,,1,1
startgg,803255,Kards World Championship 2022,official,Round Robin Stage,round_robin,Round 5,2022-10-30T13:54:03Z,sgg:2519403,sgg:3087606,,,1,1
startgg,803255,Kards World Championship 2022,official,Round Robin Stage,round_robin,Round 5,2022-10-30T13:54:19Z,bf:603aca86a4a3f111939e5346,sgg:3082033,0,2,2,1
startgg,803255,Kards World Championship 2022,official,Round Robin Stage,round_robin,Round 6,2022-10-30T13:56:14Z,sgg:2375442,sgg:2483676,,,1,1
startgg,803255,Kards World Championship 2022,official,Round Robin Stage,round_robin,Round 5,2022-10-30T13:56:34Z,bf:5fb0e0020c8f110e8a8bf3f2,sgg:2483676,,,1,1
startgg,803255,Kards World Championship 2022,official,Round Robin Stage,round_robin,Round 4,2022-10-30T13:57:16Z,sgg:3082284,sgg:2483676,,,1,1
startgg,803255,Kards World Championship 2022,official,Round Robin Stage,round_robin,Round 5,2022-10-30T13:57:18Z,sgg:2493529,sgg:2706665,2,1,1,1
startgg,803255,Kards World Championship 2022,official,Round Robin Stage,round_robin,Round 1,2022-10-30T13:57:19Z,sgg:375061,sgg:2616063,2,0,1,1
startgg,803255,Kards World Championship 2022,official,Round Robin Stage,round_robin,Round 3,2022-10-30T13:57:39Z,bf:5fa62937c3c163598ec80783,sgg:2616063,2,0,1,1
startgg,803255,Kards World Championship 2022,official,Round Robin Stage,round_robin,Round 4,2022-10-30T13:58:23Z,sgg:2486589,bf:60509713496ba24d0604cc08,2,1,1,1
startgg,803255,Kards World Championship 2022,official,Round Robin Stage,round_robin,Round 5,2022-10-30T13:58:58Z,sgg:2483760,bf:5fb1e014eb92fe0475439152,1,2,2,1
startgg,803255,Kards World Championship 2022,official,Round Robin Stage,round_robin,Round 5,2022-10-30T14:00:02Z,sgg:2621073,bf:5ec038e2256baa1d38011a05,1,2,2,1
startgg,803255,Kards World Championship 2022,official,Round Robin Stage,round_robin,Round 2,2022-10-30T14:00:14Z,bf:5fa5397c241d875936d2c2f2,sgg:2616063,1,2,2,1
startgg,803255,Kards World Championship 2022,official,Round Robin Stage,round_robin,Round 5,2022-10-30T14:01:46Z,bf:5ebea2fd1eafc755976c161a,bf:5f4318d1681ff84ab5ec92f9,-1,0,2,0
startgg,803255,Kards World Championship 2022,official,Round Robin Stage,round_robin,Round 4,2022-10-30T14:03:34Z,sgg:2621073,bf:5ec99a6d5cb5d5345c7fdf7c,0,-1,1,0
startgg,803255,Kards World Championship 2022,official,Round Robin Stage,round_robin,Round 4,2022-10-30T14:04:20Z,bf:5fbfb60f1632970e916c6544,sgg:3091901,2,0,1,1
startgg,803255,Kards World Championship 2022,official,Round Robin Stage,round_robin,Round 5,2022-10-30T14:05:22Z,bf:601ce7017d548611be7697b6,bf:5fa27bfdf8fc171ea9f66924,-1,0,2,0
startgg,803255,Kards World Championship 2022,official,Round Robin Stage,round_robin,Round 6,2022-10-30T14:06:02Z,sgg:3077324,bf:5fa3da8e11743771ade92018,0,2,2,1
startgg,803255,Kards World Championship 2022,official,Round Robin Stage,round_robin,Round 5,2022-10-30T14:06:47Z,bf:5fbef0d92dc8793ada8527a5,sgg:3091311,2,0,1,1
startgg,803255,Kards World Championship 2022,official,Round Robin Stage,round_robin,Round 5,2022-10-30T14:07:09Z,sgg:2695007,bf:5a4d98c332953903641106de,1,2,2,1
startgg,803255,Kards World Championship 2022,official,Round Robin Stage,round_robin,Round 5,2022-10-30T14:07:17Z,sgg:3082136,bf:5fb42443a2fd346547530b2e,2,1,1,1
startgg,803255,Kards World Championship 2022,official,Round Robin Stage,round_robin,Round 6,2022-10-30T14:08:41Z,bf:601ae997fb69622ad6617823,sgg:3089987,2,1,1,1
startgg,803255,Kards World Championship 2022,official,Round Robin Stage,round_robin,Round 4,2022-10-30T14:08:59Z,bf:5fb02943698db1048d26b9cd,bf:601ce7017d548611be7697b6,0,-1,1,0
startgg,803255,Kards World Championship 2022,official,Round Robin Stage,round_robin,Round 5,2022-10-30T14:09:11Z,bf:5fa62937c3c163598ec80783,sgg:2803542,2,1,1,1
startgg,803255,Kards World Championship 2022,official,Round Robin Stage,round_robin,Round 6,2022-10-30T14:13:13Z,sgg:3092705,sgg:2801104,1,2,2,1
startgg,803255,Kards World Championship 2022,official,Round Robin Stage,round_robin,Round 5,2022-10-30T14:16:47Z,sgg:2627360,bf:57b5a7ffabd8181c0cfdf304,2,0,1,1
startgg,803255,Kards World Championship 2022,official,Round Robin Stage,round_robin,Round 7,2022-10-30T14:20:29Z,bf:5f3bc9efdbf742295bce0a9d,bf:602d5acba74cc17c31b7d9af,1,2,2,1
startgg,803255,Kards World Championship 2022,official,Round Robin Stage,round_robin,Round 5,2022-10-30T14:23:33Z,bf:5d4eae596c2b2139a67ce680,sgg:3082290,2,1,1,1
startgg,803255,Kards World Championship 2022,official,Round Robin Stage,round_robin,Round 6,2022-10-30T14:23:59Z,bf:5fa467df4eb3c2458669c29a,sgg:3082033,2,1,1,1
startgg,803255,Kards World Championship 2022,official,Round Robin Stage,round_robin,Round 5,2022-10-30T14:24:16Z,sgg:2486589,sgg:3081183,2,1,1,1
startgg,803255,Kards World Championship 2022,official,Round Robin Stage,round_robin,Round 7,2022-10-30T14:26:59Z,sgg:3081838,sgg:3082284,2,1,1,1
startgg,803255,Kards World Championship 2022,official,Round Robin Stage,round_robin,Round 7,2022-10-30T14:28:11Z,sgg:3092705,sgg:3090658,0,2,2,1
startgg,803255,Kards World Championship 2022,official,Round Robin Stage,round_robin,Round 7,2022-10-30T14:28:13Z,sgg:3077324,sgg:3089987,1,2,2,1
startgg,803255,Kards World Championship 2022,official,Round Robin Stage,round_robin,Round 5,2022-10-30T14:28:34Z,sgg:3082715,sgg:3082773,2,1,1,1
startgg,803255,Kards World Championship 2022,official,Round Robin Stage,round_robin,Round 5,2022-10-30T14:33:43Z,bf:5fb02943698db1048d26b9cd,sgg:3091901,2,0,1,1
startgg,803255,Kards World Championship 2022,official,Round Robin Stage,round_robin,Round 2,2022-10-30T14:34:17Z,bf:5fa27e32f8fc171ea9f66940,sgg:3091734,2,0,1,1
startgg,803255,Kards World Championship 2022,official,Round Robin Stage,round_robin,Round 3,2022-10-30T14:36:54Z,sgg:2486589,sgg:3084764,2,1,1,1
startgg,803255,Kards World Championship 2022,official,Round Robin Stage,round_robin,Round 7,2022-10-30T14:36:57Z,bf:603aca86a4a3f111939e5346,bf:601ae997fb69622ad6617823,-1,0,2,0
startgg,803255,Kards World Championship 2022,official,Round Robin Stage,round_robin,Round 4,2022-10-30T14:38:52Z,bf:5fa62937c3c163598ec80783,sgg:375061,0,-1,1,0
startgg,803255,Kards World Championship 2022,official,Round Robin Stage,round_robin,Round 7,2022-10-30T14:39:42Z,bf:5fbef0d92dc8793ada8527a5,sgg:3082136,0,2,2,1
startgg,803255,Kards World Championship 2022,official,Round Robin Stage,round_robin,Round 5,2022-10-30T14:43:28Z,bf:5ec99a6d5cb5d5345c7fdf7c,sgg:2917089,-1,0,2,0
startgg,803255,Kards World Championship 2022,official,Round Robin Stage,round_robin,Round 6,2022-10-30T14:55:49Z,bf:5fb3184d9a9e750ea663e423,bf:5fb42443a2fd346547530b2e,2,0,1,1
startgg,803255,Kards World Championship 2022,official,Round Robin Stage,round_robin,Round 7,2022-10-30T14:56:49Z,bf:5fa467df4eb3c2458669c29a,bf:5fa3da8e11743771ade92018,2,1,1,1
startgg,803255,Kards World Championship 2022,official,Round Robin Stage,round_robin,Round 6,2022-10-30T15:05:53Z,sgg:3082136,sgg:3091734,2,1,1,1
startgg,803255,Kards World Championship 2022,official,Round Robin Stage,round_robin,Round 5,2022-10-30T15:15:07Z,sgg:2375442,sgg:3081838,2,0,1,1
startgg,803255,Kards World Championship 2022,official,Round Robin Stage,round_robin,Round 5,2022-10-30T15:15:49Z,bf:60509713496ba24d0604cc08,sgg:2930602,1,2,2,1
startgg,803255,Kards World Championship 2022,official,Round Robin Stage,round_robin,Round 6,2022-10-30T15:16:53Z,sgg:3081838,bf:5f0cd40c3087a65e039603f4,2,0,1,1
startgg,803255,Kards World Championship 2022,official,Round Robin Stage,round_robin,Round 7,2022-10-30T15:39:57Z,sgg:2375442,bf:5f0cd40c3087a65e039603f4,2,0,1,1
startgg,803255,Kards World Championship 2022,official,Round Robin Stage,round_robin,Round 6,2022-10-30T15:42:11Z,bf:5fa27e32f8fc171ea9f66940,sgg:3091311,2,1,1,1
startgg,803255,Kards World Championship 2022,official,Round Robin Stage,round_robin,Round 7,2022-10-30T15:57:32Z,bf:5fb3184d9a9e750ea663e423,sgg:3091734,2,0,1,1
startgg,803255,Kards World Championship 2022,official,Round Robin Stage,round_robin,Round 7,2022-10-30T16:40:51Z,bf:5fa27e32f8fc171ea9f66940,bf:5fb42443a2fd346547530b2e,2,1,1,1
startgg,803255,Kards World Championship 2022,official,Round Robin Stage,round_robin,Round 5,2022-10-30T17:19:06Z,bf:5fa27e32f8fc171ea9f66940,bf:5fb3184d9a9e750ea663e423,1,2,2,1
startgg,803255,Kards World Championship 2022,official,Double Elimination Stage,double_elimination,Winners Round 1,2022-11-05T13:22:28Z,bf:5fa62937c3c163598ec80783,bf:564e7b5b80b8db4a00c4ff9c,,,2,1
startgg,803255,Kards World Championship 2022,official,Double Elimination Stage,double_elimination,Winners Round 1,2022-11-05T13:29:08Z,sgg:3082387,sgg:2491287,0,3,2,1
startgg,803255,Kards World Championship 2022,official,Double Elimination Stage,double_elimination,Winners Round 1,2022-11-05T13:31:20Z,bf:5fa27bfdf8fc171ea9f66924,sgg:2627360,0,3,2,1
startgg,803255,Kards World Championship 2022,official,Double Elimination Stage,double_elimination,Winners Round 1,2022-11-05T13:34:23Z,sgg:3082715,sgg:2801104,0,3,2,1
startgg,803255,Kards World Championship 2022,official,Double Elimination Stage,double_elimination,Winners Round 1,2022-11-05T13:42:28Z,bf:5fb1e014eb92fe0475439152,sgg:3081183,3,1,1,1
startgg,803255,Kards World Championship 2022,official,Double Elimination Stage,double_elimination,Winners Round 1,2022-11-05T13:43:00Z,bf:5fa467df4eb3c2458669c29a,sgg:2519403,3,1,1,1
startgg,803255,Kards World Championship 2022,official,Double Elimination Stage,double_elimination,Winners Round 1,2022-11-05T13:43:50Z,bf:5bef1fd422a55803cb340a40,bf:5fa5397c241d875936d2c2f2,3,1,1,1
startgg,803255,Kards World Championship 2022,official,Double Elimination Stage,double_elimination,Winners Round 1,2022-11-05T13:47:26Z,sgg:2483698,sgg:2621073,3,1,1,1
startgg,803255,Kards World Championship 2022,official,Double Elimination Stage,double_elimination,Winners Round 1,2022-11-05T13:48:02Z,sgg:3087923,bf:5fbfb60f1632970e916c6544,3,0,1,1
startgg,803255,Kards World Championship 2022,official,Double Elimination Stage,double_elimination,Losers Round 1,2022-11-05T13:50:14Z,bf:5fa27bfdf8fc171ea9f66924,sgg:2621073,,,2,1
startgg,803255,Kards World Championship 2022,official,Double Elimination Stage,double_elimination,Winners Round 1,2022-11-05T13:52:11Z,bf:5ec038e2256baa1d38011a05,bf:5f362c8703dbcc11d58d78e3,3,2,1,1
startgg,803255,Kards World Championship 2022,official,Double Elimination Stage,double_elimination,Winners Round 1,2022-11-05T13:55:18Z,sgg:2930602,sgg:2498438,1,3,2,1
startgg,803255,Kards World Championship 2022,official,Double Elimination Stage,double_elimination,Winners Round 1,2022-11-05T13:55:52Z,bf:5f32c6147bd80311ab78193f,sgg:3082033,1,3,2,1
startgg,803255,Kards World Championship 2022,official,Double Elimination Stage,double_elimination,Winners Round 1,2022-11-05T13:56:41Z,sgg:2375442,bf:5fa27e32f8fc171ea9f66940,3,0,1,1
startgg,803255,Kards World Championship 2022,official,Double Elimination Stage,double_elimination,Losers Round 1,2022-11-05T14:00:41Z,bf:5fa27e32f8fc171ea9f66940,bf:5fa62937c3c163598ec80783,,,2,1
startgg,803255,Kards World Championship 2022,official,Double Elimination Stage,double_elimination,Winners Round 1,2022-11-05T14:03:34Z,bf:5fb3184d9a9e750ea663e423,bf:5fb0e0020c8f110e8a8bf3f2,3,1,1,1
startgg,803255,Kards World Championship 2022,official,Double Elimination Stage,double_elimination,Winners Round 1,2022-11-05T14:05:32Z,bf:5fa3973bf8fc171ea9f68255,sgg:2409467,2,3,2,1
startgg,803255,Kards World Championship 2022,official,Double Elimination Stage,double_elimination,Winners Round 2,2022-11-05T14:20:14Z,sgg:2498438,sgg:2801104,3,0,1,1
startgg,803255,Kards World Championship 2022,official,Double Elimination Stage,double_elimination,Winners Round 2,2022-11-05T14:20:40Z,bf:5fa467df4eb3c2458669c29a,sgg:2491287,3,1,1,1
startgg,803255,Kards World Championship 2022,official,Double Elimination Stage,double_elimination,Losers Round 1,2022-11-05T14:21:58Z,sgg:2519403,sgg:3082387,3,0,1,1
startgg,803255,Kards World Championship 2022,official,Double Elimination Stage,double_elimination,Winners Round 1,2022-11-05T14:31:14Z,sgg:2504205,bf:5eb65df574f31a11dd226b38,1,3,2,1
startgg,803255,Kards World Championship 2022,official,Double Elimination Stage,double_elimination,Winners Round 2,2022-11-05T14:44:13Z,sgg:2409467,sgg:3082033,3,1,1,1
startgg,803255,Kards World Championship 2022,official,Double Elimination Stage,double_elimination,Losers Round 1,2022-11-05T14:44:30Z,bf:5fa3973bf8fc171ea9f68255,bf:5f32c6147bd80311ab78193f,3,0,1,1
startgg,803255,Kards World Championship 2022,official,Double Elimination Stage,double_elimination,Winners Round 2,2022-11-05T14:48:26Z,bf:5bef1fd422a55803cb340a40,bf:5fb3184d9a9e750ea663e423,3,0,1,1
startgg,803255,Kards World Championship 2022,official,Double Elimination Stage,double_elimination,Winners Round 2,2022-11-05T14:51:19Z,bf:5ec038e2256baa1d38011a05,sgg:3087923,2,3,2,1
startgg,803255,Kards World Championship 2022,official,Double Elimination Stage,double_elimination,Winners Round 2,2022-11-05T15:07:11Z,sgg:2375442,bf:564e7b5b80b8db4a00c4ff9c,2,3,2,1
startgg,803255,Kards World Championship 2022,official,Double Elimination Stage,double_elimination,Winners Round 2,2022-11-05T15:10:06Z,sgg:2627360,sgg:2483698,3,2,1,1
startgg,803255,Kards World Championship 2022,official,Double Elimination Stage,double_elimination,Losers Round 1,2022-11-05T15:12:00Z,sgg:2930602,sgg:3082715,1,3,2,1
startgg,803255,Kards World Championship 2022,official,Double Elimination Stage,double_elimination,Losers Round 1,2022-11-05T15:13:44Z,sgg:2504205,sgg:3081183,0,3,2,1
startgg,803255,Kards World Championship 2022,official,Double Elimination Stage,double_elimination,Losers Round 1,2022-11-05T15:14:51Z,bf:5f362c8703dbcc11d58d78e3,bf:5fbfb60f1632970e916c6544,3,1,1,1
startgg,803255,Kards World Championship 2022,official,Double Elimination Stage,double_elimination,Losers Round 2,2022-11-05T15:15:31Z,sgg:2801104,sgg:3081183,,,2,1
startgg,803255,Kards World Championship 2022,official,Double Elimination Stage,double_elimination,Losers Round 2,2022-11-05T15:19:40Z,sgg:2483698,bf:5f362c8703dbcc11d58d78e3,,,2,1
startgg,803255,Kards World Championship 2022,official,Double Elimination Stage,double_elimination,Losers Round 2,2022-11-05T15:26:38Z,bf:5ec038e2256baa1d38011a05,sgg:2621073,3,1,1,1
startgg,803255,Kards World Championship 2022,official,Double Elimination Stage,double_elimination,Losers Round 2,2022-11-05T15:27:52Z,sgg:2491287,bf:5fa3973bf8fc171ea9f68255,2,3,2,1
startgg,803255,Kards World Championship 2022,official,Double Elimination Stage,double_elimination,Losers Round 1,2022-11-05T15:30:33Z,bf:5fa5397c241d875936d2c2f2,bf:5fb0e0020c8f110e8a8bf3f2,3,0,1,1
startgg,803255,Kards World Championship 2022,official,Double Elimination Stage,double_elimination,Winners Quarter-Final,2022-11-05T15:31:01Z,sgg:2409467,sgg:2498438,0,3,2,1
startgg,803255,Kards World Championship 2022,official,Double Elimination Stage,double_elimination,Losers Round 2,2022-11-05T15:33:15Z,sgg:3082033,sgg:2519403,0,3,2,1
startgg,803255,Kards World Championship 2022,official,Double Elimination Stage,double_elimination,Winners Round 2,2022-11-05T15:33:33Z,bf:5eb65df574f31a11dd226b38,bf:5fb1e014eb92fe0475439152,2,3,2,1
startgg,803255,Kards World Championship 2022,official,Double Elimination Stage,double_elimination,Losers Round 2,2022-11-05T15:38:12Z,sgg:2375442,bf:5fa5397c241d875936d2c2f2,3,0,1,1
startgg,803255,Kards World Championship 2022,official,Double Elimination Stage,double_elimination,Losers Round 2,2022-11-05T15:46:14Z,bf:5fb3184d9a9e750ea663e423,bf:5fa62937c3c163598ec80783,1,3,2,1
startgg,803255,Kards World Championship 2022,official,Double Elimination Stage,double_elimination,Winners Quarter-Final,2022-11-05T16:11:52Z,bf:5bef1fd422a55803cb340a40,sgg:2627360,2,3,2,1
startgg,803255,Kards World Championship 2022,official,Double Elimination Stage,double_elimination,Winners Quarter-Final,2022-11-05T16:13:11Z,sgg:3087923,bf:564e7b5b80b8db4a00c4ff9c,1,3,2,1
startgg,803255,Kards World Championship 2022,official,Double Elimination Stage,double_elimination,Losers Round 3,2022-11-05T16:18:15Z,sgg:3081183,sgg:2519403,3,2,1,1
startgg,803255,Kards World Championship 2022,official,Double Elimination Stage,double_elimination,Winners Quarter-Final,2022-11-05T16:25:02Z,bf:5fb1e014eb92fe0475439152,bf:5fa467df4eb3c2458669c29a,2,3,2,1
startgg,803255,Kards World Championship 2022,official,Double Elimination Stage,double_elimination,Losers Round 2,2022-11-05T16:41:27Z,bf:5eb65df574f31a11dd226b38,sgg:3082715,3,1,1,1
startgg,803255,Kards World Championship 2022,official,Double Elimination Stage,double_elimination,Losers Round 3,2022-11-05T16:43:28Z,bf:5f362c8703dbcc11d58d78e3,bf:5fa62937c3c163598ec80783,3,1,1,1
startgg,803255,Kards World Championship 2022,official,Double Elimination Stage,double_elimination,Losers Round 3,2022-11-05T16:46:37Z,sgg:2375442,bf:5ec038e2256baa1d38011a05,2,3,2,1
startgg,803255,Kards World Championship 2022,official,Double Elimination Stage,double_elimination,Losers Round 4,2022-11-05T17:22:29Z,sgg:3087923,sgg:3081183,2,3,2,1
startgg,803255,Kards World Championship 2022,official,Double Elimination Stage,double_elimination,Losers Round 3,2022-11-05T17:31:11Z,bf:5fa3973bf8fc171ea9f68255,bf:5eb65df574f31a11dd226b38,3,2,1,1
startgg,803255,Kards World Championship 2022,official,Double Elimination Stage,double_elimination,Losers Round 4,2022-11-05T17:36:11Z,sgg:2409467,bf:5ec038e2256baa1d38011a05,1,3,2,1
startgg,803255,Kards World Championship 2022,official,Double Elimination Stage,double_elimination,Losers Round 4,2022-11-05T17:37:32Z,bf:5fb1e014eb92fe0475439152,bf:5f362c8703dbcc11d58d78e3,1,3,2,1
startgg,803255,Kards World Championship 2022,official,Double Elimination Stage,double_elimination,Losers Round 4,2022-11-05T18:17:13Z,bf:5bef1fd422a55803cb340a40,bf:5fa3973bf8fc171ea9f68255,3,0,1,1
startgg,803255,Kards World Championship 2022,official,Double Elimination Stage,double_elimination,Losers Round 5,2022-11-05T18:25:10Z,bf:5f362c8703dbcc11d58d78e3,sgg:3081183,3,1,1,1
startgg,803255,Kards World Championship 2022,official,Double Elimination Stage,double_elimination,Losers Round 5,2022-11-05T19:14:09Z,bf:5bef1fd422a55803cb340a40,bf:5ec038e2256baa1d38011a05,1,3,2,1
startgg,803255,Kards World Championship 2022,official,Double Elimination Stage,double_elimination,Winners Semi-Final,2022-11-06T18:13:00Z,sgg:2498438,sgg:2627360,2,3,2,1
startgg,803255,Kards World Championship 2022,official,Double Elimination Stage,double_elimination,Winners Semi-Final,2022-11-06T18:13:20Z,bf:564e7b5b80b8db4a00c4ff9c,bf:5fa467df4eb3c2458669c29a,2,3,2,1
startgg,803255,Kards World Championship 2022,official,Double Elimination Stage,double_elimination,Losers Quarter-Final,2022-11-06T18:14:04Z,sgg:2498438,bf:5f362c8703dbcc11d58d78e3,3,1,1,1
startgg,803255,Kards World Championship 2022,official,Double Elimination Stage,double_elimination,Losers Quarter-Final,2022-11-06T19:06:01Z,bf:564e7b5b80b8db4a00c4ff9c,bf:5ec038e2256baa1d38011a05,3,0,1,1
startgg,799173,Kards Open XIV,open,Kards Open XIV Qualifier B,swiss,Round 1,2022-11-13T16:28:52Z,bf:5ec99a6d5cb5d5345c7fdf7c,sgg:2629560,2,0,1,1
startgg,799173,Kards Open XIV,open,Kards Open XIV Qualifier B,swiss,Round 1,2022-11-13T16:31:48Z,sgg:2802408,bf:60509713496ba24d0604cc08,0,2,2,1
startgg,799173,Kards Open XIV,open,Kards Open XIV Qualifier B,swiss,Round 1,2022-11-13T16:33:08Z,sgg:3076789,sgg:3082136,1,2,2,1
startgg,799173,Kards Open XIV,open,Kards Open XIV Qualifier B,swiss,Round 1,2022-11-13T16:34:09Z,bf:5f362c8703dbcc11d58d78e3,sgg:2805740,2,0,1,1
startgg,799173,Kards Open XIV,open,Kards Open XIV Qualifier B,swiss,Round 1,2022-11-13T16:42:14Z,bf:5ec038e2256baa1d38011a05,sgg:3081183,2,1,1,1
startgg,799173,Kards Open XIV,open,Kards Open XIV Qualifier B,swiss,Round 1,2022-11-13T16:43:22Z,bf:5fb3184d9a9e750ea663e423,bf:5f32c6147bd80311ab78193f,1,2,2,1
startgg,799173,Kards Open XIV,open,Kards Open XIV Qualifier B,swiss,Round 2,2022-11-13T17:20:11Z,sgg:2627360,sgg:2803542,2,0,1,1
startgg,799173,Kards Open XIV,open,Kards Open XIV Qualifier B,swiss,Round 2,2022-11-13T17:24:03Z,bf:5fb3184d9a9e750ea663e423,bf:5f4318d1681ff84ab5ec92f9,2,1,1,1
startgg,799173,Kards Open XIV,open,Kards Open XIV Qualifier B,swiss,Round 2,2022-11-13T17:24:08Z,sgg:3116938,bf:5ec99a6d5cb5d5345c7fdf7c,0,2,2,1
startgg,799173,Kards Open XIV,open,Kards Open XIV Qualifier B,swiss,Round 2,2022-11-13T17:24:15Z,bf:5f32c6147bd80311ab78193f,sgg:2621073,1,2,2,1
startgg,799173,Kards Open XIV,open,Kards Open XIV Qualifier B,swiss,Round 2,2022-11-13T17:24:18Z,sgg:2629560,sgg:3076789,0,2,2,1
startgg,799173,Kards Open XIV,open,Kards Open XIV Qualifier B,swiss,Round 2,2022-11-13T17:25:12Z,sgg:2917660,sgg:3082136,2,0,1,1
startgg,799173,Kards Open XIV,open,Kards Open XIV Qualifier B,swiss,Round 2,2022-11-13T17:30:16Z,bf:60509713496ba24d0604cc08,sgg:2924228,2,0,1,1
startgg,799173,Kards Open XIV,open,Kards Open XIV Qualifier B,swiss,Round 3,2022-11-13T17:58:15Z,bf:5f4318d1681ff84ab5ec92f9,sgg:2629560,2,0,1,1
startgg,799173,Kards Open XIV,open,Kards Open XIV Qualifier B,swiss,Round 3,2022-11-13T18:01:51Z,bf:5ec99a6d5cb5d5345c7fdf7c,sgg:2621073,0,2,2,1
startgg,799173,Kards Open XIV,open,Kards Open XIV Qualifier B,swiss,Round 3,2022-11-13T18:08:14Z,sgg:2627360,sgg:2917660,2,0,1,1
startgg,799173,Kards Open XIV,open,Kards Open XIV Qualifier B,swiss,Round 3,2022-11-13T18:10:54Z,sgg:3116938,sgg:2805740,2,0,1,1
startgg,799173,Kards Open XIV,open,Kards Open XIV Qualifier B,swiss,Round 3,2022-11-13T18:18:09Z,sgg:3082136,sgg:3081183,2,1,1,1
startgg,799173,Kards Open XIV,open,Kards Open XIV Qualifier B,swiss,Round 3,2022-11-13T18:27:40Z,bf:5ec038e2256baa1d38011a05,bf:5f362c8703dbcc11d58d78e3,2,0,1,1
startgg,799173,Kards Open XIV,open,Kards Open XIV Qualifier B,swiss,Round 3,2022-11-13T18:47:37Z,sgg:2803542,bf:60509713496ba24d0604cc08,1,2,2,1
startgg,799173,Kards Open XIV,open,Kards Open XIV Qualifier B,swiss,Round 4,2022-11-13T18:57:31Z,sgg:2621073,sgg:2627360,0,2,2,1
startgg,799173,Kards Open XIV,open,Kards Open XIV Qualifier B,swiss,Round 4,2022-11-13T19:11:02Z,sgg:3076789,bf:5ec99a6d5cb5d5345c7fdf7c,2,1,1,1
startgg,799173,Kards Open XIV,open,Kards Open XIV Qualifier B,swiss,Round 4,2022-11-13T19:15:18Z,bf:5f32c6147bd80311ab78193f,sgg:3116938,2,1,1,1
startgg,799173,Kards Open XIV,open,Kards Open XIV Qualifier B,swiss,Round 4,2022-11-13T19:15:59Z,bf:5f362c8703dbcc11d58d78e3,sgg:3082136,2,1,1,1
startgg,799173,Kards Open XIV,open,Kards Open XIV Qualifier B,swiss,Round 4,2022-11-13T19:16:39Z,sgg:2917660,bf:5fb3184d9a9e750ea663e423,2,1,1,1
startgg,799173,Kards Open XIV,open,Kards Open XIV Qualifier B,swiss,Round 4,2022-11-13T19:18:33Z,sgg:2802408,sgg:2924228,0,2,2,1
startgg,799173,Kards Open XIV,open,Kards Open XIV Qualifier B,swiss,Round 4,2022-11-13T19:20:26Z,sgg:2629560,sgg:2805740,2,0,1,1
startgg,799173,Kards Open XIV,open,Kards Open XIV Qualifier B,swiss,Round 4,2022-11-13T19:40:09Z,bf:5ec038e2256baa1d38011a05,bf:60509713496ba24d0604cc08,2,1,1,1
startgg,799173,Kards Open XIV,open,Kards Open XIV Qualifier B,swiss,Round 5,2022-11-13T19:53:32Z,sgg:3082136,bf:5fb3184d9a9e750ea663e423,2,0,1,1
startgg,799173,Kards Open XIV,open,Kards Open XIV Qualifier B,swiss,Round 5,2022-11-13T19:54:52Z,sgg:2924228,sgg:3076789,0,2,2,1
startgg,799173,Kards Open XIV,open,Kards Open XIV Qualifier B,swiss,Round 5,2022-11-13T20:00:11Z,bf:60509713496ba24d0604cc08,bf:5ec99a6d5cb5d5345c7fdf7c,0,-1,1,0
startgg,799173,Kards Open XIV,open,Kards Open XIV Qualifier B,swiss,Round 5,2022-11-13T20:02:35Z,sgg:3116938,sgg:2803542,0,2,2,1
startgg,799173,Kards Open XIV,open,Kards Open XIV Qualifier B,swiss,Round 5,2022-11-13T20:04:33Z,sgg:2917660,bf:5f32c6147bd80311ab78193f,2,1,1,1
startgg,799173,Kards Open XIV,open,Kards Open XIV Qualifier B,swiss,Round 5,2022-11-13T20:06:45Z,sgg:2629560,sgg:2802408,2,0,1,1
startgg,799173,Kards Open XIV,open,Kards Open XIV Qualifier B,swiss,Round 5,2022-11-13T20:13:10Z,bf:5ec038e2256baa1d38011a05,sgg:2627360,2,1,1,1
startgg,799173,Kards Open XIV,open,Kards Open XIV Qualifier B,swiss,Round 5,2022-11-13T20:13:12Z,sgg:2621073,bf:5f362c8703dbcc11d58d78e3,1,2,2,1
startgg,799173,Kards Open XIV,open,Kards Open XIV Qualifier B,swiss,Round 5,2022-11-13T20:14:11Z,bf:5f4318d1681ff84ab5ec92f9,sgg:3081183,1,2,2,1
startgg,819419,Kards Open XIV,open,Kards Open XIV - Top 16,single_elimination,Round 1,2022-11-26T13:05:49Z,sgg:2483760,sgg:2621073,-1,0,2,0
startgg,819419,Kards Open XIV,open,Kards Open XIV - Top 16,single_elimination,Round 1,2022-11-26T13:05:49Z,bf:5ec038e2256baa1d38011a05,sgg:2504205,0,-1,1,0
startgg,819419,Kards Open XIV,open,Kards Open XIV - Top 16,single_elimination,Round 1,2022-11-26T13:05:49Z,sgg:2375442,sgg:2917660,0,-1,1,0
startgg,819419,Kards Open XIV,open,Kards Open XIV - Top 16,single_elimination,Round 1,2022-11-26T13:05:49Z,bf:5f362c8703dbcc11d58d78e3,bf:57b5a7ffabd8181c0cfdf304,0,-1,1,0
startgg,819419,Kards Open XIV,open,Kards Open XIV - Top 16,single_elimination,Quarter-Final,2022-11-26T13:35:50Z,bf:5ec038e2256baa1d38011a05,sgg:2375442,0,3,2,1
startgg,819419,Kards Open XIV,open,Kards Open XIV - Top 16,single_elimination,Round 1,2022-11-26T13:42:16Z,sgg:2409467,sgg:3082136,3,0,1,1
startgg,819419,Kards Open XIV,open,Kards Open XIV - Top 16,single_elimination,Round 1,2022-11-26T13:45:13Z,bf:60509713496ba24d0604cc08,sgg:2382579,0,3,2,1
startgg,819419,Kards Open XIV,open,Kards Open XIV - Top 16,single_elimination,Round 1,2022-11-26T13:52:15Z,sgg:2627360,bf:5fa57306cc28b3594394b946,3,2,1,1
startgg,819419,Kards Open XIV,open,Kards Open XIV - Top 16,single_elimination,Round 1,2022-11-26T14:01:13Z,bf:5f109d917a5f692572240090,sgg:3076789,3,0,1,1
startgg,819419,Kards Open XIV,open,Kards Open XIV - Top 16,single_elimination,Quarter-Final,2022-11-26T14:30:00Z,sgg:2621073,sgg:2382579,0,3,2,1
startgg,819419,Kards Open XIV,open,Kards Open XIV - Top 16,single_elimination,Quarter-Final,2022-11-26T14:40:15Z,sgg:2409467,bf:5f362c8703dbcc11d58d78e3,2,3,2,1
startgg,819419,Kards Open XIV,open,Kards Open XIV - Top 16,single_elimination,Quarter-Final,2022-11-26T14:50:11Z,sgg:2627360,bf:5f109d917a5f692572240090,3,0,1,1
startgg,819419,Kards Open XIV,open,Kards Open XIV - Top 16,single_elimination,Semi-Final,2022-11-27T14:29:51Z,sgg:2382579,sgg:2627360,2,3,2,1
startgg,819419,Kards Open XIV,open,Kards Open XIV - Top 16,single_elimination,Semi-Final,2022-11-27T15:08:37Z,sgg:2375442,bf:5f362c8703dbcc11d58d78e3,3,2,1,1
startgg,819419,Kards Open XIV,open,Kards Open XIV - Top 16,single_elimination,3rd Place Tiebreak,2022-11-27T16:20:16Z,bf:5f362c8703dbcc11d58d78e3,sgg:2382579,2,3,2,1
startgg,819419,Kards Open XIV,open,Kards Open XIV - Top 16,single_elimination,Final,2022-11-27T16:52:40Z,sgg:2627360,sgg:2375442,1,3,2,1
