event,player_id,label
Air Supremacy Expansion Tournament,bf:673f9bcd89b5530023006e4d,8 强 3-0
Air Supremacy Expansion Tournament,ch:作死的骡博,8 强 · 第 2 名（2-1）
Air Supremacy Expansion Tournament,ch:失其本心八幡,8 强 · 第 3 名（2-1）
Air Supremacy Expansion Tournament,bf:673f99e1a144d7002b2e28a2,8 强 · 第 4 名（1-2）
Air Supremacy Expansion Tournament,ch:说的道理,8 强 · 第 5 名（0-1）
Air Supremacy Expansion Tournament,ch:syswdsr,8 强 · 第 5 名（0-1）
Air Supremacy Expansion Tournament,bf:5fa467df4eb3c2458669c29a,8 强 · 第 5 名（0-1）
Air Supremacy Expansion Tournament,ch:爱欣欣欣欣,8 强 · 第 5 名（0-1）
Air Supremacy Expansion Tournament,ch:hojoto,瑞士轮 0-2
Air Supremacy Expansion Tournament,bf:673f990470390c0041722f86,瑞士轮 0-2
Air Supremacy Expansion Tournament,ch:070714,瑞士轮 0-2
Air Supremacy Expansion Tournament,ch:阳阳rua,瑞士轮 0-3
Air Supremacy Expansion Tournament,bf:673f9ae481b1a20036ec0786,瑞士轮 0-3
Air Supremacy Expansion Tournament,ch:uiouuf,瑞士轮 1-2
Air Supremacy Expansion Tournament,ch:拉菲艾拉,瑞士轮 1-2
Air Supremacy Expansion Tournament,bf:673f95f8744fee00353bc808,瑞士轮 1-2
Air Supremacy Expansion Tournament,ch:xiaowang,瑞士轮 1-2
Air Supremacy Expansion Tournament,ch:果咩呐塞,瑞士轮 1-2
Air Supremacy Expansion Tournament,ch:thanks,瑞士轮 1-2
Air Supremacy Expansion Tournament,ch:基准线,瑞士轮 1-3
Air Supremacy Expansion Tournament,ch:sie_,瑞士轮 2-2
Air Supremacy Expansion Tournament,ch:2598252160,瑞士轮 2-2
Air Supremacy Expansion Tournament,ch:天机主神荣荣,瑞士轮 2-2
Air Supremacy Expansion Tournament,bf:564e7b5b80b8db4a00c4ff9c,瑞士轮 2-2
Air Supremacy Expansion Tournament,bf:673f9e86744fee00353bc83c,瑞士轮 2-2
Air Supremacy Expansion Tournament,ch:一方,瑞士轮 2-3
Air Supremacy Expansion Tournament,ch:我永远都是中国人,瑞士轮 2-3
Air Supremacy Expansion Tournament,ch:一只普通的暖欣,瑞士轮 2-3
Air Supremacy Expansion Tournament,bf:673f9c8c2ea3530021c8da11,瑞士轮 2-3
Air Supremacy Expansion Tournament,ch:老咸鱼了,瑞士轮 3-2
Air Supremacy Expansion Tournament,bf:673f9e64237e35004096e4c4,瑞士轮 3-2
Blood & Iron Expansion Tournament,bf:673f99e9a144d7002b2e28a4,8 强 · 第 1 名（3-0）
Blood & Iron Expansion Tournament,ch:2598252160,8 强 · 第 2 名（2-1）
Blood & Iron Expansion Tournament,ch:煎饼1,8 强 · 第 3 名（2-1）
Blood & Iron Expansion Tournament,ch:七海千秋,8 强 · 第 4 名（1-2）
Blood & Iron Expansion Tournament,bf:673f9e64237e35004096e4c4,8 强 · 第 5 名（0-1）
Blood & Iron Expansion Tournament,ch:sie_,8 强 · 第 5 名（0-1）
Blood & Iron Expansion Tournament,ch:伊弗列姆,8 强 · 第 5 名（0-1）
Blood & Iron Expansion Tournament,bf:673f9ae481b1a20036ec0786,8 强 · 第 5 名（0-1）
Blood & Iron Expansion Tournament,bf:673f9eb0237e35004096e4ca,瑞士轮 0-2
Blood & Iron Expansion Tournament,ch:dylan,瑞士轮 0-4
Blood & Iron Expansion Tournament,ch:琪露诺,瑞士轮 1-3
Blood & Iron Expansion Tournament,ch:重生之我是印卡机,瑞士轮 1-3
Blood & Iron Expansion Tournament,ch:nsplhx,瑞士轮 1-3
Blood & Iron Expansion Tournament,bf:673f9bee81b1a20036ec0792,瑞士轮 1-3
Blood & Iron Expansion Tournament,ch:言海诺,瑞士轮 2-3
Blood & Iron Expansion Tournament,ch:拉菲艾拉,瑞士轮 2-3
Blood & Iron Expansion Tournament,sgg:3076346,瑞士轮 2-3
Blood & Iron Expansion Tournament,ch:椎名ましろ,瑞士轮 2-3
Blood & Iron Expansion Tournament,bf:673f9e86744fee00353bc83c,瑞士轮 2-3
Blood & Iron Expansion Tournament,bf:673f9925237e35004096e4ab,瑞士轮 3-2
Blood & Iron Expansion Tournament,bf:673f9c4181b1a20036ec0796,瑞士轮 3-2
Homebrew Brawl - Singleton,bf:564e7b5b80b8db4a00c4ff9c,淘汰赛 · 第 1 名（5-0）
Homebrew Brawl - Singleton,bf:5f1539bacfac0e373c6166ce,淘汰赛 · 第 10 名（0-2）
Homebrew Brawl - Singleton,bf:5ad6b5686a20dd03885fa1d1,淘汰赛 · 第 11 名（0-2）
Homebrew Brawl - Singleton,bf:5f362c8703dbcc11d58d78e3,淘汰赛 · 第 12 名（4-2）
Homebrew Brawl - Singleton,bf:5f32c6147bd80311ab78193f,淘汰赛 · 第 13 名（3-2）
Homebrew Brawl - Singleton,bf:5f0cd40c3087a65e039603f4,淘汰赛 · 第 14–18 名（0-2）
Homebrew Brawl - Singleton,bf:5f3fc42472caf64e0f2b589c,淘汰赛 · 第 14–18 名（0-2）
Homebrew Brawl - Singleton,bf:5f3304e930b92e118dbc4ad6,淘汰赛 · 第 14–18 名（0-2）
Homebrew Brawl - Singleton,bf:5f0f3d9e7c4df3491abfe047,淘汰赛 · 第 14–18 名（1-2）
Homebrew Brawl - Singleton,bf:5f0e76497c4df3491abfd06c,淘汰赛 · 第 14–18 名（2-2）
Homebrew Brawl - Singleton,bf:5eb7670e5e789b4b50a06de2,淘汰赛 · 第 2 名（5-2）
Homebrew Brawl - Singleton,bf:5eb6495f5d6f1b5d1c5d7d95,淘汰赛 · 第 3 名（4-2）
Homebrew Brawl - Singleton,bf:5ec99a6d5cb5d5345c7fdf7c,淘汰赛 · 第 4 名（1-2）
Homebrew Brawl - Singleton,bf:5ec2a6dafd8a561535cde2a5,淘汰赛 · 第 5 名（0-2）
Homebrew Brawl - Singleton,bf:5eb65df574f31a11dd226b38,淘汰赛 · 第 6 名（3-2）
Homebrew Brawl - Singleton,bf:544fd1e1a3aee26f0b100edb,淘汰赛 · 第 7 名（2-2）
Homebrew Brawl - Singleton,bf:5f13f8f0381ccb11abfed78c,淘汰赛 · 第 8 名（3-2）
Homebrew Brawl - Singleton,bf:5f11d247160c3f2239e940a4,淘汰赛 · 第 9 名（1-2）
KARDS Fall Tournament 2026,ch:失其本心八幡,8 强 · 第 1 名（3-0）
KARDS Fall Tournament 2026,bf:673f95f8744fee00353bc808,8 强 · 第 2 名（2-1）
KARDS Fall Tournament 2026,ch:sie_,8 强 · 第 3 名（2-1）
KARDS Fall Tournament 2026,ch:sob-liu,8 强 · 第 4 名（1-2）
KARDS Fall Tournament 2026,ch:cianeled,8 强 · 第 5 名（0-1）
KARDS Fall Tournament 2026,ch:hojoto,8 强 · 第 5 名（0-1）
KARDS Fall Tournament 2026,bf:673f99e1a144d7002b2e28a2,8 强 · 第 5 名（0-1）
KARDS Fall Tournament 2026,ch:卡牌的力量,8 强 · 第 5 名（0-1）
KARDS Fall Tournament 2026,bf:673f9e64237e35004096e4c4,瑞士轮 0-2
KARDS Fall Tournament 2026,ch:jpkviii,瑞士轮 0-2
KARDS Fall Tournament 2026,ch:akgz,瑞士轮 0-2
KARDS Fall Tournament 2026,ch:起个名子,瑞士轮 0-2
KARDS Fall Tournament 2026,ch:moonshine,瑞士轮 0-3
KARDS Fall Tournament 2026,ch:cirno,瑞士轮 0-3
KARDS Fall Tournament 2026,bf:673f9e86744fee00353bc83c,瑞士轮 1-2
KARDS Fall Tournament 2026,ch:拉菲艾拉,瑞士轮 1-3
KARDS Fall Tournament 2026,ch:y233,瑞士轮 1-3
KARDS Fall Tournament 2026,bf:673f990470390c0041722f86,瑞士轮 1-3
KARDS Fall Tournament 2026,ch:东京圣爱音,瑞士轮 1-3
KARDS Fall Tournament 2026,ch:2598252160,瑞士轮 2-2
KARDS Fall Tournament 2026,ch:龙神上将,瑞士轮 2-2
KARDS Fall Tournament 2026,ch:kalts1t,瑞士轮 2-2
KARDS Fall Tournament 2026,ch:e我不到啊,瑞士轮 2-3
KARDS Fall Tournament 2026,ch:云上梢离,瑞士轮 2-3
KARDS Fall Tournament 2026,ch:tea,瑞士轮 2-3
KARDS Fall Tournament 2026,ch:yals,瑞士轮 2-3
KARDS Fall Tournament 2026,ch:说的道理,瑞士轮 3-2
KARDS Fall Tournament 2026,ch:古月小莉,瑞士轮 3-2
KARDS Fall Tournament 2026,ch:爱欣欣欣欣,瑞士轮 3-2
KARDS Fall Tournament 2026,bf:673f9c8c2ea3530021c8da11,瑞士轮 3-2
KARDS Fall Tournament 2026,ch:竹将军,瑞士轮 3-2
KARDS Open IV - Swiss Weekend,bf:5fa467df4eb3c2458669c29a,16 强 · 第 1 名（4-0）
KARDS Open IV - Swiss Weekend,bf:5fa2011d11743771ade90dee,16 强 · 第 2 名（3-1）
KARDS Open IV - Swiss Weekend,bf:601d72b8945ba61bbd9b6b3e,16 强 · 第 3–4 名（2-1）
KARDS Open IV - Swiss Weekend,bf:5fa5ede611743771ade94108,16 强 · 第 3–4 名（2-1）
KARDS Open IV - Swiss Weekend,bf:5fb7473c502b9e587d1becbe,16 强 · 第 5–8 名（1-1）
KARDS Open IV - Swiss Weekend,bf:564e7b5b80b8db4a00c4ff9c,16 强 · 第 5–8 名（1-1）
KARDS Open IV - Swiss Weekend,bf:5fc13c6e4a99f533280c7373,16 强 · 第 5–8 名（1-1）
KARDS Open IV - Swiss Weekend,bf:5f0e248def3ab65b96796c3f,16 强 · 第 5–8 名（1-1）
KARDS Open IV - Swiss Weekend,bf:5f11d247160c3f2239e940a4,16 强 · 第 9–16 名（0-1）
KARDS Open IV - Swiss Weekend,bf:5f0f3d9e7c4df3491abfe047,16 强 · 第 9–16 名（0-1）
KARDS Open IV - Swiss Weekend,bf:601dacd85156047698264137,16 强 · 第 9–16 名（0-1）
KARDS Open IV - Swiss Weekend,bf:601cafe1bb724711bbdc0e41,16 强 · 第 9–16 名（0-1）
KARDS Open IV - Swiss Weekend,bf:5f32f48419fcf2666b2abff1,16 强 · 第 9–16 名（0-1）
KARDS Open IV - Swiss Weekend,bf:5f0e37b37c5e104738aebbe3,16 强 · 第 9–16 名（0-1）
KARDS Open IV - Swiss Weekend,bf:5ec5e7746951c62d86f53235,16 强 · 第 9–16 名（0-1）
KARDS Open IV - Swiss Weekend,bf:5f0cd40c3087a65e039603f4,16 强 · 第 9–16 名（0-1）
KARDS Open IV - Swiss Weekend,bf:5f0eab817c4df3491abfd2e6,瑞士轮 0-1
KARDS Open IV - Swiss Weekend,bf:601d841d36ceeb11b32b8857,瑞士轮 0-1
KARDS Open IV - Swiss Weekend,bf:601c5831f4761b1d98294688,瑞士轮 0-1
KARDS Open IV - Swiss Weekend,bf:601d189a36ceeb11b32b81e2,瑞士轮 0-1
KARDS Open IV - Swiss Weekend,bf:601e7e5af38de8768ef0dbdf,瑞士轮 0-1
KARDS Open IV - Swiss Weekend,bf:5fa3973bf8fc171ea9f68255,瑞士轮 0-1
KARDS Open IV - Swiss Weekend,bf:601ce7017d548611be7697b6,瑞士轮 0-1
KARDS Open IV - Swiss Weekend,bf:601c5640242f461d92104636,瑞士轮 0-1
KARDS Open IV - Swiss Weekend,bf:5fa57306cc28b3594394b946,瑞士轮 0-1
KARDS Open IV - Swiss Weekend,bf:601d204cab29fd2adcd79a2d,瑞士轮 0-1
KARDS Open IV - Swiss Weekend,bf:601e9d308392ff75fb351ffc,瑞士轮 0-1
KARDS Open IV - Swiss Weekend,bf:5f11ffc4eac9482569fb4f49,瑞士轮 0-1
KARDS Open IV - Swiss Weekend,bf:5e889af67a9c4c10932a6ca9,瑞士轮 0-1
KARDS Open IV - Swiss Weekend,bf:601b5b897d76ec1b99358c6f,瑞士轮 0-2
KARDS Open IV - Swiss Weekend,bf:601c66707d76ec1b99359336,瑞士轮 0-2
KARDS Open IV - Swiss Weekend,bf:601ea179eae820768baef620,瑞士轮 0-2
KARDS Open IV - Swiss Weekend,bf:601e734995780078daf3e9cf,瑞士轮 0-2
KARDS Open IV - Swiss Weekend,bf:601d68eabf58cf5f54a82fbf,瑞士轮 0-3
KARDS Open IV - Swiss Weekend,bf:601e92a7e5c01375db7f5de8,瑞士轮 0-4
KARDS Open IV - Swiss Weekend,bf:601e9b8beae820768baef5db,瑞士轮 0-4
KARDS Open IV - Swiss Weekend,bf:5f1520542cba8f11c2a44c16,瑞士轮 0-4
KARDS Open IV - Swiss Weekend,bf:601995acbe9b881d09177a3a,瑞士轮 0-4
KARDS Open IV - Swiss Weekend,bf:601a74d5f4761b1d98293c14,瑞士轮 0-4
KARDS Open IV - Swiss Weekend,bf:5f1086f1160c3f2239e9225b,瑞士轮 0-5
KARDS Open IV - Swiss Weekend,bf:5f908c01a261b945b6c471e8,瑞士轮 0-6
KARDS Open IV - Swiss Weekend,bf:5f36dc4b98f0a311ad32446c,瑞士轮 1-1
KARDS Open IV - Swiss Weekend,bf:5fb035bf502b9e587d1b8643,瑞士轮 1-1
KARDS Open IV - Swiss Weekend,bf:601e170e8b295778d1474505,瑞士轮 1-1
KARDS Open IV - Swiss Weekend,bf:601c52cb2eb6151da1f96ccf,瑞士轮 1-1
KARDS Open IV - Swiss Weekend,bf:5eb598330abb797ad38acaee,瑞士轮 1-1
KARDS Open IV - Swiss Weekend,bf:5a58cabb82c7de043a3c289b,瑞士轮 1-2
KARDS Open IV - Swiss Weekend,bf:601ddad214499975b676d714,瑞士轮 1-2
KARDS Open IV - Swiss Weekend,bf:601dd93585cc4e75ecefaa9c,瑞士轮 1-2
KARDS Open IV - Swiss Weekend,bf:5f159e62ea159211b4c9a50e,瑞士轮 1-2
KARDS Open IV - Swiss Weekend,bf:5c7e66cd2dd6e4033a9d5fd1,瑞士轮 1-3
KARDS Open IV - Swiss Weekend,bf:55a9e6f380ec56430032820c,瑞士轮 1-3
KARDS Open IV - Swiss Weekend,bf:5ec2a6dafd8a561535cde2a5,瑞士轮 1-3
KARDS Open IV - Swiss Weekend,bf:601aface2eb6151da1f9651f,瑞士轮 1-3
KARDS Open IV - Swiss Weekend,bf:601afc674443111ba564023d,瑞士轮 1-3
KARDS Open IV - Swiss Weekend,bf:5f0e76497c4df3491abfd06c,瑞士轮 1-3
KARDS Open IV - Swiss Weekend,bf:601ea84d2cdc35768253b653,瑞士轮 1-3
KARDS Open IV - Swiss Weekend,bf:601c9b3d2a229411c4dec493,瑞士轮 1-3
KARDS Open IV - Swiss Weekend,bf:601e7dd895780078daf3ed80,瑞士轮 1-3
KARDS Open IV - Swiss Weekend,bf:601c7bb24443111ba5640e9a,瑞士轮 1-5
KARDS Open IV - Swiss Weekend,bf:5fc0244ca2fd34654753d0cb,瑞士轮 1-5
KARDS Open IV - Swiss Weekend,bf:601c4a12e848ea2ae5565fa7,瑞士轮 2-1
KARDS Open IV - Swiss Weekend,bf:601c914f7d548611be769699,瑞士轮 2-1
KARDS Open IV - Swiss Weekend,bf:5b38c676cbd82c03a4f28e8f,瑞士轮 2-2
KARDS Open IV - Swiss Weekend,bf:601d6a1959fc1e11b57d5700,瑞士轮 2-2
KARDS Open IV - Swiss Weekend,bf:5ebd9402b92b28521a098ec8,瑞士轮 2-2
KARDS Open IV - Swiss Weekend,bf:601ccaa7df90f911ab030712,瑞士轮 2-2
KARDS Open IV - Swiss Weekend,bf:601cf711ce01411daff6d2c9,瑞士轮 2-2
KARDS Open IV - Swiss Weekend,bf:5fb0acb4eb92fe047543807d,瑞士轮 2-2
KARDS Open IV - Swiss Weekend,bf:5d47ab5c0451666910e5c0af,瑞士轮 2-2
KARDS Open IV - Swiss Weekend,bf:57b5a7ffabd8181c0cfdf304,瑞士轮 2-2
KARDS Open IV - Swiss Weekend,bf:5fc1dd90043fd20cdf90e83e,瑞士轮 2-2
KARDS Open IV - Swiss Weekend,bf:5fd0f538f2b2ef0cb211c66d,瑞士轮 2-2
KARDS Open IV - Swiss Weekend,bf:601ccba636ceeb11b32b80ff,瑞士轮 2-2
KARDS Open IV - Swiss Weekend,bf:6018722f6b7a4c1c7ef01779,瑞士轮 2-3
KARDS Open IV - Swiss Weekend,bf:601d8d265470fa2af29f55e8,瑞士轮 2-3
KARDS Open IV - Swiss Weekend,bf:601c0e79b125d31d258fd278,瑞士轮 2-3
KARDS Open IV - Swiss Weekend,bf:5fbebdee043fd20cdf90cfaf,瑞士轮 2-3
KARDS Open IV - Swiss Weekend,bf:5f0df84e824086475be264b7,瑞士轮 2-3
KARDS Open IV - Swiss Weekend,bf:601e77957e074a75c3e36c24,瑞士轮 2-3
KARDS Open IV - Swiss Weekend,bf:601e9c49e5c01375db7f5e53,瑞士轮 2-3
KARDS Open IV - Swiss Weekend,bf:601c994b3b155711d4677d1b,瑞士轮 2-4
KARDS Open IV - Swiss Weekend,bf:5ee6c5f92764fc7a784c6f9e,瑞士轮 2-4
KARDS Open IV - Swiss Weekend,bf:5f12bb564a28711494f1bd8d,瑞士轮 2-4
KARDS Open IV - Swiss Weekend,bf:601c5d21bccfe11bd79533ba,瑞士轮 2-4
KARDS Open IV - Swiss Weekend,bf:601c71455470fa2af29f5034,瑞士轮 2-4
KARDS Open IV - Swiss Weekend,bf:601dff5114499975b676d7fb,瑞士轮 2-4
KARDS Open IV - Swiss Weekend,bf:5fc2cfeb2350e111ca3e4a6e,瑞士轮 2-5
KARDS Open IV - Swiss Weekend,bf:601cb9e68f8ab5604536225b,瑞士轮 3-1
KARDS Open IV - Swiss Weekend,bf:601e1a04b66ee1767c0f19bf,瑞士轮 3-2
KARDS Open IV - Swiss Weekend,bf:5ec99a6d5cb5d5345c7fdf7c,瑞士轮 3-3
KARDS Open IV - Swiss Weekend,bf:601c9026bf58cf5f54a82622,瑞士轮 3-3
KARDS Open IV - Swiss Weekend,bf:5ee6022292efc00faf652a7e,瑞士轮 3-3
KARDS Open IV - Swiss Weekend,bf:601d4daaa3a63111ba7f6ad7,瑞士轮 3-3
KARDS Open IV - Swiss Weekend,bf:601c9f9ef8251e1bb7eb0fb5,瑞士轮 3-3
KARDS Open IV - Swiss Weekend,bf:601e45ae6c6f1475e154a175,瑞士轮 3-3
KARDS Open IV - Swiss Weekend,bf:601d2fa3242f461d92104ad0,瑞士轮 3-3
KARDS Open IV - Swiss Weekend,bf:5f1493df1c8cdf16056f8bc9,瑞士轮 3-3
KARDS Open IV - Swiss Weekend,bf:601e4222507c147700ac949d,瑞士轮 3-3
KARDS Open IV - Swiss Weekend,bf:601e60c914499975b676db49,瑞士轮 3-3
KARDS Open IV - Swiss Weekend,bf:5f4318d1681ff84ab5ec92f9,瑞士轮 3-4
KARDS Open IV - Swiss Weekend,bf:601c602c8989bb1d0ffd2d60,瑞士轮 3-4
KARDS Open IV - Swiss Weekend,bf:601c6d39ce01411daff6ce45,瑞士轮 3-4
KARDS Open IV - Swiss Weekend,bf:5eb7670e5e789b4b50a06de2,瑞士轮 3-4
KARDS Open IV - Swiss Weekend,bf:5fbfbd51b0ef7749130e4f38,瑞士轮 4-2
KARDS Open IV - Swiss Weekend,bf:5eeb9c3d19b81239da9496cb,瑞士轮 4-2
KARDS Open IV - Swiss Weekend,bf:601ad0d4bccfe11bd7952790,瑞士轮 4-2
KARDS Open IV - Swiss Weekend,bf:5f10c966160c3f2239e92921,瑞士轮 4-3
KARDS Open IV - Swiss Weekend,bf:5a8879b76c3ac00358830d7c,瑞士轮 4-3
KARDS Open IV - Swiss Weekend,bf:5f362c8703dbcc11d58d78e3,瑞士轮 4-3
KARDS Open IV - Swiss Weekend,bf:5f32c6147bd80311ab78193f,瑞士轮 4-3
KARDS Open IV - Swiss Weekend,bf:5ebd8cafb3bec004beff6eff,瑞士轮 4-3
KARDS Open IV - Swiss Weekend,bf:5dadf6683f9f8d27e2e9cc0b,瑞士轮 4-3
KARDS Open IV - Swiss Weekend,bf:5fa3da8e11743771ade92018,瑞士轮 4-3
KARDS Open IV - Swiss Weekend,bf:601d724003f1bc1bc847aa4d,瑞士轮 4-3
KARDS Open IV - Swiss Weekend,bf:5f0df6196f4cd13933257c2a,瑞士轮 4-3
KARDS Open IV - Swiss Weekend,bf:601e5d325156047698264588,瑞士轮 4-3
KARDS Open IV - Swiss Weekend,bf:601d8327ce01411daff6dde0,瑞士轮 5-2
KARDS Open IV - Swiss Weekend,bf:5fa5397c241d875936d2c2f2,瑞士轮 5-2
KARDS Open IV - Swiss Weekend,bf:5f1b48d1abfcb016362ba48e,瑞士轮 5-2
KARDS Open IV - Swiss Weekend,bf:5fa27e32f8fc171ea9f66940,瑞士轮 5-2
KARDS Open IV - Swiss Weekend,bf:5f109d917a5f692572240090,瑞士轮 5-2
KARDS Open IV - Swiss Weekend,bf:5fbd71c2e7d89a60d43410ca,瑞士轮 5-2
KARDS Open IV - Swiss Weekend,bf:5f113e2cd04bae257fc195f6,瑞士轮 5-2
KARDS Open IV - Swiss Weekend,bf:5eb65df574f31a11dd226b38,瑞士轮 5-2
KARDS Open IV - Swiss Weekend,bf:5fa62937c3c163598ec80783,瑞士轮 5-2
KARDS Open V,bf:5eb65df574f31a11dd226b38,16 强 · 第 1 名（4-0）
KARDS Open V,bf:5f0e37b37c5e104738aebbe3,16 强 · 第 10–16 名（0-1）
KARDS Open V,bf:606854ffd0955e11e2b01407,16 强 · 第 10–16 名（0-1）
KARDS Open V,bf:5fc13c6e4a99f533280c7373,16 强 · 第 10–16 名（0-1）
KARDS Open V,bf:5e889af67a9c4c10932a6ca9,16 强 · 第 10–16 名（0-1）
KARDS Open V,bf:5e9cf8ff72e2961f747c7978,16 强 · 第 10–16 名（0-1）
KARDS Open V,bf:6030551a73965f35ae461762,16 强 · 第 10–16 名（0-1）
KARDS Open V,bf:60647b02521bb713377d6f5c,16 强 · 第 10–16 名（0-1）
KARDS Open V,bf:5f0cd40c3087a65e039603f4,16 强 · 第 2 名（3-1）
KARDS Open V,bf:5f362c8703dbcc11d58d78e3,16 强 · 第 3–4 名（2-2）
KARDS Open V,bf:5fa467df4eb3c2458669c29a,16 强 · 第 3–4 名（3-1）
KARDS Open V,bf:564e7b5b80b8db4a00c4ff9c,16 强 · 第 5–7 名（1-1）
KARDS Open V,bf:5fa5ede611743771ade94108,16 强 · 第 5–7 名（1-1）
KARDS Open V,bf:5f0df84e824086475be264b7,16 强 · 第 5–7 名（1-1）
KARDS Open V,bf:5f11d247160c3f2239e940a4,16 强 · 第 8 名（0-1）
KARDS Open V,bf:5ec038e2256baa1d38011a05,16 强 · 第 9 名（1-1）
KARDS Open V,bf:60623bfcfe869e359192bdb3,瑞士轮 0-1
KARDS Open V,bf:5f159e62ea159211b4c9a50e,瑞士轮 0-1
KARDS Open V,bf:5f12bb99cf45491743370da4,瑞士轮 0-1
KARDS Open V,bf:60676fb11d5ed13ba0593743,瑞士轮 0-1
KARDS Open V,bf:6061f0d91d5ed13ba0590c8c,瑞士轮 0-1
KARDS Open V,bf:6068332c521bb713377d8fdf,瑞士轮 0-1
KARDS Open V,bf:5eb598330abb797ad38acaee,瑞士轮 0-1
KARDS Open V,bf:5f145fa11c8cdf16056f8757,瑞士轮 0-1
KARDS Open V,bf:6062d422fe869e359192c071,瑞士轮 0-1
KARDS Open V,bf:5fbeb056698db1048d27b5bd,瑞士轮 0-1
KARDS Open V,bf:5f140d9bbcbe32117ff6b7e7,瑞士轮 0-1
KARDS Open V,bf:6065dd291b083505d3f69759,瑞士轮 0-1
KARDS Open V,bf:601e9b8beae820768baef5db,瑞士轮 0-2
KARDS Open V,bf:5f3aef3e6ce6de28d63e3425,瑞士轮 0-3
KARDS Open V,bf:5fb02943698db1048d26b9cd,瑞士轮 0-3
KARDS Open V,bf:60620a3ddb064f11ae99a9cc,瑞士轮 0-3
KARDS Open V,bf:6065e506c75b3f32bc8957c9,瑞士轮 0-3
KARDS Open V,bf:60687ce718f0251191ca9656,瑞士轮 0-3
KARDS Open V,bf:60649133d9c5a005c360423e,瑞士轮 0-3
KARDS Open V,bf:601d334704309b1b93074798,瑞士轮 0-3
KARDS Open V,bf:601c9f9ef8251e1bb7eb0fb5,瑞士轮 0-4
KARDS Open V,bf:601ccaa7df90f911ab030712,瑞士轮 1-1
KARDS Open V,bf:5ec2a6dafd8a561535cde2a5,瑞士轮 1-1
KARDS Open V,bf:601d189a36ceeb11b32b81e2,瑞士轮 1-1
KARDS Open V,bf:601d6e10dca2311bb626f1d2,瑞士轮 1-2
KARDS Open V,bf:5f32c6147bd80311ab78193f,瑞士轮 1-2
KARDS Open V,bf:60644d12bea76d63440e66db,瑞士轮 1-2
KARDS Open V,bf:60677695fe869e359192e820,瑞士轮 1-2
KARDS Open V,bf:6064433143507c17f08ff721,瑞士轮 1-3
KARDS Open V,bf:5fbf6ade2dc8793ada852a75,瑞士轮 1-3
KARDS Open V,bf:60687eb5eea041235d6db8aa,瑞士轮 1-4
KARDS Open V,bf:5f11d0b0eea71b24bc30e84a,瑞士轮 1-4
KARDS Open V,bf:60624761e23edf11a8fbebab,瑞士轮 1-5
KARDS Open V,bf:606205aa77b5c319f9259197,瑞士轮 1-5
KARDS Open V,bf:5ebd9402b92b28521a098ec8,瑞士轮 2-1
KARDS Open V,bf:5ec99a6d5cb5d5345c7fdf7c,瑞士轮 2-2
KARDS Open V,bf:6050d9c1d164f74b8e7830c0,瑞士轮 2-2
KARDS Open V,bf:5c7e66cd2dd6e4033a9d5fd1,瑞士轮 2-2
KARDS Open V,bf:5f109d917a5f692572240090,瑞士轮 2-3
KARDS Open V,bf:5f32f48419fcf2666b2abff1,瑞士轮 2-3
KARDS Open V,bf:6064b09a65d11d138804412a,瑞士轮 2-3
KARDS Open V,bf:60665059bea76d63440e763f,瑞士轮 2-3
KARDS Open V,bf:6064975b99c79405c943b28f,瑞士轮 2-4
KARDS Open V,bf:604e70169811de4a8929cc66,瑞士轮 3-3
KARDS Open V,bf:60674f097230f532c22615b9,瑞士轮 3-3
KARDS Open V,bf:5e7e00974f03651058bba114,瑞士轮 3-3
KARDS Open V,bf:5b38c676cbd82c03a4f28e8f,瑞士轮 3-3
KARDS Open V,bf:6051fe41cbd09156d261e80c,瑞士轮 3-3
KARDS Open V,bf:602d5acba74cc17c31b7d9af,瑞士轮 3-3
KARDS Open V,bf:5f191b72abfcb016362b6974,瑞士轮 3-3
KARDS Open V,bf:57a1697c8c3386280ca04b34,瑞士轮 3-3
KARDS Open V,bf:5fb6da26eb92fe047543c823,瑞士轮 3-3
KARDS Open V,bf:60631191ef449e2156a5adf9,瑞士轮 3-3
KARDS Open V,bf:60520c7e3ae2c317e32bd629,瑞士轮 3-3
KARDS Open V,bf:6050dd83d164f74b8e7830f8,瑞士轮 3-3
KARDS Open V,bf:5fa5397c241d875936d2c2f2,瑞士轮 3-4
KARDS Open V,bf:60685007d0955e11e2b013f4,瑞士轮 3-4
KARDS Open V,bf:6064772a1dc5b905e3c0ff51,瑞士轮 3-4
KARDS Open V,bf:601e4222507c147700ac949d,瑞士轮 3-4
KARDS Open V,bf:5f0e248def3ab65b96796c3f,瑞士轮 4-2
KARDS Open V,bf:5fbebdee043fd20cdf90cfaf,瑞士轮 4-3
KARDS Open V,bf:5f1b48d1abfcb016362ba48e,瑞士轮 4-3
KARDS Open V,bf:57101bc80b3b0f8312f27ec5,瑞士轮 4-3
KARDS Open V,bf:5eeb9c3d19b81239da9496cb,瑞士轮 4-3
KARDS Open V,bf:6039135967b58f1e04196610,瑞士轮 4-3
KARDS Open V,bf:5fbf4fe05d320863b86f0fb6,瑞士轮 4-3
KARDS Open V,bf:60509713496ba24d0604cc08,瑞士轮 4-3
KARDS Open VI,bf:5f109d917a5f692572240090,16 强 · 第 1 名（4-0）
KARDS Open VI,bf:5fa5ede611743771ade94108,16 强 · 第 2 名（3-1）
KARDS Open VI,bf:60ae60e26dada66f5e2a9239,16 强 · 第 3–4 名（2-2）
KARDS Open VI,bf:564e7b5b80b8db4a00c4ff9c,16 强 · 第 3–4 名（3-1）
KARDS Open VI,bf:607823b0c75b3f32bc89dbca,16 强 · 第 5–8 名（1-1）
KARDS Open VI,bf:5fbebdee043fd20cdf90cfaf,16 强 · 第 5–8 名（1-1）
KARDS Open VI,bf:5f32f48419fcf2666b2abff1,16 强 · 第 5–8 名（1-1）
KARDS Open VI,bf:60647b02521bb713377d6f5c,16 强 · 第 5–8 名（1-1）
KARDS Open VI,bf:5fa2011d11743771ade90dee,16 强 · 第 9–16 名（0-1）
KARDS Open VI,bf:5f0e67fdf26046593189c71c,16 强 · 第 9–16 名（0-1）
KARDS Open VI,bf:5c4d3b7150078403fe2d5308,16 强 · 第 9–16 名（0-1）
KARDS Open VI,bf:5f362c8703dbcc11d58d78e3,16 强 · 第 9–16 名（0-1）
KARDS Open VI,bf:60a7c75f9c13276cd691586e,16 强 · 第 9–16 名（0-1）
KARDS Open VI,bf:5d26bcf5c9bf6055b457dfb5,16 强 · 第 9–16 名（0-1）
KARDS Open VI,bf:5eb598330abb797ad38acaee,16 强 · 第 9–16 名（0-1）
KARDS Open VI,bf:601d189a36ceeb11b32b81e2,16 强 · 第 9–16 名（0-1）
KARDS Open VI,bf:60ae026e000fb03f36007a83,瑞士轮 0-1
KARDS Open VI,bf:60aaf2216dada66f5e2a839e,瑞士轮 0-1
KARDS Open VI,bf:60a6368e0072106f76db29dd,瑞士轮 0-2
KARDS Open VI,bf:60a3bf649226326cec5f141a,瑞士轮 0-2
KARDS Open VI,bf:60a5955444cea86cbcb2ebc2,瑞士轮 0-3
KARDS Open VI,bf:5f11d0b0eea71b24bc30e84a,瑞士轮 0-3
KARDS Open VI,bf:60a356b944cea86cbcb2d935,瑞士轮 0-4
KARDS Open VI,bf:5faffa8a502b9e587d1b7c3e,瑞士轮 0-4
KARDS Open VI,bf:601c9f9ef8251e1bb7eb0fb5,瑞士轮 0-5
KARDS Open VI,bf:5f0cd40c3087a65e039603f4,瑞士轮 1-2
KARDS Open VI,bf:60b1d9960072106f76db7938,瑞士轮 1-2
KARDS Open VI,bf:5fa27bfdf8fc171ea9f66924,瑞士轮 1-2
KARDS Open VI,bf:60b2450639bdbb113a68b017,瑞士轮 1-3
KARDS Open VI,bf:60a3f0a911d3b171064316ce,瑞士轮 1-3
KARDS Open VI,bf:5f335b3e30b92e118dbc579e,瑞士轮 1-3
KARDS Open VI,bf:5f11d247160c3f2239e940a4,瑞士轮 1-3
KARDS Open VI,bf:5eb6495f5d6f1b5d1c5d7d95,瑞士轮 1-3
KARDS Open VI,bf:60a61caf0327e8746992e60b,瑞士轮 1-4
KARDS Open VI,bf:60abd00e9226326cec5f56e5,瑞士轮 1-4
KARDS Open VI,bf:60a65e7e982b577479221d7e,瑞士轮 2-3
KARDS Open VI,bf:60a685a99c13276cd691508d,瑞士轮 2-3
KARDS Open VI,bf:5e47e9a0f854af105e7ca35f,瑞士轮 2-3
KARDS Open VI,bf:60a9f588982b57747922392a,瑞士轮 2-3
KARDS Open VI,bf:601d204cab29fd2adcd79a2d,瑞士轮 2-3
KARDS Open VI,bf:60946d0dab3bf12889662245,瑞士轮 2-4
KARDS Open VI,bf:60a503770ee905712684a97d,瑞士轮 2-4
KARDS Open VI,bf:60953c50980c9b122a48e011,瑞士轮 2-4
KARDS Open VI,bf:60b0a4d9835684119d3312d6,瑞士轮 2-4
KARDS Open VI,bf:5ec2a6dafd8a561535cde2a5,瑞士轮 3-2
KARDS Open VI,bf:5bef1fd422a55803cb340a40,瑞士轮 3-2
KARDS Open VI,bf:5e889af67a9c4c10932a6ca9,瑞士轮 3-3
KARDS Open VI,bf:60685007d0955e11e2b013f4,瑞士轮 3-3
KARDS Open VI,bf:6070a8022fd5451122c65ae8,瑞士轮 3-3
KARDS Open VI,bf:5f1b48d1abfcb016362ba48e,瑞士轮 3-3
KARDS Open VI,bf:5fa5397c241d875936d2c2f2,瑞士轮 3-3
KARDS Open VI,bf:5ebd9402b92b28521a098ec8,瑞士轮 3-3
KARDS Open VI,bf:60a432af9226326cec5f185b,瑞士轮 3-3
KARDS Open VI,bf:60a67f38000fb03f36004b2c,瑞士轮 3-3
KARDS Open VI,bf:5d4eae596c2b2139a67ce680,瑞士轮 3-3
KARDS Open VI,bf:60721ccb5c1419118df3a796,瑞士轮 3-3
KARDS Open VI,bf:60a543cc9c13276cd6914076,瑞士轮 3-3
KARDS Open VI,bf:5fb038eb1632970e916b6f46,瑞士轮 4-2
KARDS Open VI,bf:5fbeb056698db1048d27b5bd,瑞士轮 4-2
KARDS Open VI,bf:602d5acba74cc17c31b7d9af,瑞士轮 4-2
KARDS Open VI,bf:5eb65df574f31a11dd226b38,瑞士轮 5-1
KARDS Open VII,bf:5eb65df574f31a11dd226b38,16 强 · 第 1 名（4-0）
KARDS Open VII,bf:5f362c8703dbcc11d58d78e3,16 强 · 第 2 名（3-1）
KARDS Open VII,bf:5f4318d1681ff84ab5ec92f9,16 强 · 第 3–4 名（2-2）
KARDS Open VII,bf:5ec99a6d5cb5d5345c7fdf7c,16 强 · 第 3–4 名（3-1）
KARDS Open VII,bf:602d5acba74cc17c31b7d9af,16 强 · 第 5–8 名（1-1）
KARDS Open VII,bf:60a67f38000fb03f36004b2c,16 强 · 第 5–8 名（1-1）
KARDS Open VII,bf:5f10c966160c3f2239e92921,16 强 · 第 5–8 名（1-1）
KARDS Open VII,bf:564e7b5b80b8db4a00c4ff9c,16 强 · 第 5–8 名（1-1）
KARDS Open VII,bf:607823b0c75b3f32bc89dbca,16 强 · 第 9–16 名（0-1）
KARDS Open VII,bf:5f0e248def3ab65b96796c3f,16 强 · 第 9–16 名（0-1）
KARDS Open VII,bf:5f0df84e824086475be264b7,16 强 · 第 9–16 名（0-1）
KARDS Open VII,bf:5ec038e2256baa1d38011a05,16 强 · 第 9–16 名（0-1）
KARDS Open VII,bf:5f109d917a5f692572240090,16 强 · 第 9–16 名（0-1）
KARDS Open VII,bf:601d334704309b1b93074798,16 强 · 第 9–16 名（0-1）
KARDS Open VII,bf:5fa5397c241d875936d2c2f2,16 强 · 第 9–16 名（0-1）
KARDS Open VII,bf:5f0e37b37c5e104738aebbe3,16 强 · 第 9–16 名（0-1）
KARDS Open VII,bf:60a7c75f9c13276cd691586e,瑞士轮 0-1
KARDS Open VII,bf:60ca4cb5a95cd94e9dae6026,瑞士轮 0-1
KARDS Open VII,bf:60763581b7083a45e0c65882,瑞士轮 0-1
KARDS Open VII,bf:60c929871a01bf49674e1815,瑞士轮 0-1
KARDS Open VII,bf:5e889af67a9c4c10932a6ca9,瑞士轮 0-2
KARDS Open VII,bf:601ce5a78e21aa1d188c2da4,瑞士轮 0-2
KARDS Open VII,bf:5f0e67fdf26046593189c71c,瑞士轮 0-2
KARDS Open VII,bf:60a432af9226326cec5f185b,瑞士轮 0-3
KARDS Open VII,bf:60cb505451487a4eb2227f1a,瑞士轮 0-3
KARDS Open VII,bf:60c514950332eb573b6ef25d,瑞士轮 0-4
KARDS Open VII,bf:5f4617f7cff9bb4e25c81a49,瑞士轮 1-1
KARDS Open VII,bf:5fb3184d9a9e750ea663e423,瑞士轮 1-3
KARDS Open VII,bf:5fc1741a4a3afe55318cf945,瑞士轮 1-4
KARDS Open VII,bf:60a685a99c13276cd691508d,瑞士轮 1-4
KARDS Open VII,bf:60a61caf0327e8746992e60b,瑞士轮 1-4
KARDS Open VII,bf:609b70096b6b3d37fdd49225,瑞士轮 2-2
KARDS Open VII,bf:5c4d3b7150078403fe2d5308,瑞士轮 2-2
KARDS Open VII,bf:60d7295878f6123d75383e7c,瑞士轮 2-3
KARDS Open VII,bf:5fbebdee043fd20cdf90cfaf,瑞士轮 2-3
KARDS Open VII,bf:60512d0b3ae2c317e32bcf66,瑞士轮 2-3
KARDS Open VII,bf:601c9f9ef8251e1bb7eb0fb5,瑞士轮 2-4
KARDS Open VII,bf:60721ccb5c1419118df3a796,瑞士轮 2-4
KARDS Open VII,bf:604e70169811de4a8929cc66,瑞士轮 3-2
KARDS Open VII,bf:60685007d0955e11e2b013f4,瑞士轮 3-3
KARDS Open VII,bf:60a9f588982b57747922392a,瑞士轮 3-3
KARDS Open VII,bf:60c9b27ea95cd94e9dae5da2,瑞士轮 3-3
KARDS Open VII,bf:60509713496ba24d0604cc08,瑞士轮 3-3
KARDS Open VII,bf:60ca80ace39b28468395e0c2,瑞士轮 4-2
KARDS Spring Tournament 2026,ch:失其本心八幡,8 强 · 第 1 名（3-0）
KARDS Spring Tournament 2026,ch:2598252160,8 强 · 第 2 名（2-1）
KARDS Spring Tournament 2026,ch:dhhcofn,8 强 · 第 3 名（2-1）
KARDS Spring Tournament 2026,ch:70714,8 强 · 第 4 名（1-2）
KARDS Spring Tournament 2026,ch:akgz,8 强 · 第 5 名（0-1）
KARDS Spring Tournament 2026,ch:作死的骡博,8 强 · 第 5 名（0-1）
KARDS Spring Tournament 2026,ch:sie_,8 强 · 第 5 名（0-1）
KARDS Spring Tournament 2026,ch:鸾缨凤翎,8 强 · 第 5 名（0-1）
KARDS Spring Tournament 2026,ch:基准线,瑞士轮 0-1
KARDS Spring Tournament 2026,bf:673f9e86744fee00353bc83c,瑞士轮 0-2
KARDS Spring Tournament 2026,ch:落寒尘,瑞士轮 0-2
KARDS Spring Tournament 2026,bf:673f99e1a144d7002b2e28a2,瑞士轮 0-2
KARDS Spring Tournament 2026,ch:爱欣欣欣欣,瑞士轮 0-3
KARDS Spring Tournament 2026,ch:梦鸡的泪巴,瑞士轮 0-3
KARDS Spring Tournament 2026,bf:673f95f8744fee00353bc808,瑞士轮 1-2
KARDS Spring Tournament 2026,bf:673f9e64237e35004096e4c4,瑞士轮 1-2
KARDS Spring Tournament 2026,ch:player290592455,瑞士轮 1-2
KARDS Spring Tournament 2026,ch:huaji-knife,瑞士轮 1-2
KARDS Spring Tournament 2026,ch:laoba114514,瑞士轮 1-3
KARDS Spring Tournament 2026,ch:卡牌的力量,瑞士轮 1-3
KARDS Spring Tournament 2026,ch:猪猪农场保安,瑞士轮 1-3
KARDS Spring Tournament 2026,ch:上海上单dinzhencha,瑞士轮 2-3
KARDS Spring Tournament 2026,ch:椎名ましろ,瑞士轮 2-3
KARDS Spring Tournament 2026,ch:syswdsr,瑞士轮 2-3
KARDS Spring Tournament 2026,ch:嘤嘤怪,瑞士轮 2-3
KARDS Spring Tournament 2026,ch:耀旭,瑞士轮 3-2
KARDS Spring Tournament 2026,ch:hojoto,瑞士轮 3-2
KARDS Spring Tournament 2026,ch:请叫我林林林大人,瑞士轮 3-2
KARDS Spring Tournament 2026,bf:673f990470390c0041722f86,瑞士轮 3-2
KARDS Spring Tournament 2026,ch:yuehaiting-secretary,瑞士轮 3-2
KARDS Summer Tournament 2026,ch:sie_,8 强 · 第 1 名（3-0）
KARDS Summer Tournament 2026,ch:hpph,8 强 · 第 2 名（2-1）
KARDS Summer Tournament 2026,ch:gt_bed,8 强 · 第 3 名（1-1）
KARDS Summer Tournament 2026,bf:673f9ced89b5530023006e66,8 强 · 第 3 名（1-1）
KARDS Summer Tournament 2026,ch:hojoto,8 强 · 第 5 名（0-1）
KARDS Summer Tournament 2026,ch:cirno,8 强 · 第 5 名（0-1）
KARDS Summer Tournament 2026,bf:673f9e64237e35004096e4c4,8 强 · 第 5 名（0-1）
KARDS Summer Tournament 2026,ch:卡牌的力量,8 强 · 第 5 名（0-1）
KARDS Summer Tournament 2026,ch:ルーミヤ,瑞士轮 0-2
KARDS Summer Tournament 2026,ch:foehnrevolt,瑞士轮 0-2
KARDS Summer Tournament 2026,ch:cianeled,瑞士轮 0-2
KARDS Summer Tournament 2026,ch:明河共影,瑞士轮 0-3
KARDS Summer Tournament 2026,ch:失其本心八幡,瑞士轮 1-2
KARDS Summer Tournament 2026,ch:070714,瑞士轮 1-2
KARDS Summer Tournament 2026,bf:673f9c6789b5530023006e53,瑞士轮 1-2
KARDS Summer Tournament 2026,bf:673f9e86744fee00353bc83c,瑞士轮 1-3
KARDS Summer Tournament 2026,ch:leonard,瑞士轮 1-3
KARDS Summer Tournament 2026,ch:akgz,瑞士轮 1-3
KARDS Summer Tournament 2026,ch:dogmai,瑞士轮 1-3
KARDS Summer Tournament 2026,ch:dhhcofn,瑞士轮 1-3
KARDS Summer Tournament 2026,bf:673f9ca92ea3530021c8da13,瑞士轮 1-3
KARDS Summer Tournament 2026,ch:爱欣欣欣欣,瑞士轮 2-3
KARDS Summer Tournament 2026,ch:yuehaiting-secretary,瑞士轮 2-3
KARDS Summer Tournament 2026,ch:2598252160,瑞士轮 2-3
KARDS Summer Tournament 2026,ch:基准线,瑞士轮 3-2
KARDS Summer Tournament 2026,ch:爱玩黄毛黑龙,瑞士轮 3-2
KARDS Summer Tournament 2026,ch:说的道理,瑞士轮 3-2
KARDS Summer Tournament 2026,ch:kartash.璇,瑞士轮 3-2
KARDS Summer Tournament 2026,ch:椎名ましろ,瑞士轮 3-2
KARDS Summer Tournament 2026,ch:竹将军,瑞士轮 3-2
KARDS Weekday Skirmish - July,bf:5f362c8703dbcc11d58d78e3,瑞士轮 0-3
KARDS Weekday Skirmish - July,bf:5fc13108a447ab4bb37e2e33,瑞士轮 0-3
KARDS Weekday Skirmish - July,bf:5fbc4040adfefd64e8c8fd73,瑞士轮 1-1
KARDS Weekday Skirmish - July,bf:5ebd9402b92b28521a098ec8,瑞士轮 1-1
KARDS Weekday Skirmish - July,sgg:2357940,瑞士轮 1-1
KARDS Weekday Skirmish - July,bf:5f1660782cba8f11c2a45e9c,瑞士轮 1-2
KARDS Weekday Skirmish - July,bf:60509713496ba24d0604cc08,瑞士轮 2-0
KARDS Weekday Skirmish - July,bf:60ae60e26dada66f5e2a9239,瑞士轮 2-0
KARDS Weekday Skirmish - July,bf:5bef1fd422a55803cb340a40,瑞士轮 3-2
KARDS Weekday Skirmish - July,bf:5ec038e2256baa1d38011a05,瑞士轮 4-2
KARDS Weekday Skirmish: Axis vs Allies,bf:601d334704309b1b93074798,瑞士轮 0-1
KARDS Weekday Skirmish: Axis vs Allies,bf:60be8b49c88a6939d3b43111,瑞士轮 0-2
KARDS Weekday Skirmish: Axis vs Allies,bf:60a685a99c13276cd691508d,瑞士轮 0-3
KARDS Weekday Skirmish: Axis vs Allies,bf:5fb1bf581632970e916b85be,瑞士轮 1-2
KARDS Weekday Skirmish: Axis vs Allies,bf:60a67f38000fb03f36004b2c,瑞士轮 1-2
KARDS Weekday Skirmish: Axis vs Allies,bf:60a432af9226326cec5f185b,瑞士轮 1-3
KARDS Weekday Skirmish: Axis vs Allies,bf:5fc1c2f14a3afe55318cfd98,瑞士轮 2-1
KARDS Weekday Skirmish: Axis vs Allies,bf:60a65e7e982b577479221d7e,瑞士轮 2-1
KARDS Weekday Skirmish: Axis vs Allies,bf:60953c50980c9b122a48e011,瑞士轮 2-2
KARDS Weekday Skirmish: Axis vs Allies,bf:60be9045f5c6055391109145,瑞士轮 2-2
KARDS Weekday Skirmish: Axis vs Allies,bf:5bef1fd422a55803cb340a40,瑞士轮 3-0
KARDS Weekday Skirmish: Axis vs Allies,bf:5eb65df574f31a11dd226b38,瑞士轮 3-0
KARDS Weekday Skirmish: Axis vs Allies,bf:564e7b5b80b8db4a00c4ff9c,瑞士轮 3-1
KARDS Weekday Skirmish: One Nation - Block A,bf:5f1660782cba8f11c2a45e9c,淘汰赛 · 第 1 名（5-0）
KARDS Weekday Skirmish: One Nation - Block A,bf:60509713496ba24d0604cc08,淘汰赛 · 第 12 名（2-2）
KARDS Weekday Skirmish: One Nation - Block A,bf:60a356b944cea86cbcb2d935,淘汰赛 · 第 13 名（0-2）
KARDS Weekday Skirmish: One Nation - Block A,bf:602d5acba74cc17c31b7d9af,淘汰赛 · 第 14 名（3-2）
KARDS Weekday Skirmish: One Nation - Block A,bf:5f3fc42472caf64e0f2b589c,淘汰赛 · 第 15–16 名（1-2）
KARDS Weekday Skirmish: One Nation - Block A,bf:60ae60e26dada66f5e2a9239,淘汰赛 · 第 15–16 名（4-2）
KARDS Weekday Skirmish: One Nation - Block A,bf:60953c50980c9b122a48e011,淘汰赛 · 第 17–18 名（0-2）
KARDS Weekday Skirmish: One Nation - Block A,bf:60a3bf649226326cec5f141a,淘汰赛 · 第 17–18 名（0-2）
KARDS Weekday Skirmish: One Nation - Block A,bf:602aa3c2a9de5d119d53bf98,淘汰赛 · 第 19–21 名（0-1）
KARDS Weekday Skirmish: One Nation - Block A,bf:609582310d24dd11b0848f33,淘汰赛 · 第 19–21 名（0-2）
KARDS Weekday Skirmish: One Nation - Block A,bf:60a6368e0072106f76db29dd,淘汰赛 · 第 19–21 名（0-2）
KARDS Weekday Skirmish: One Nation - Block A,bf:5f32f48419fcf2666b2abff1,淘汰赛 · 第 2 名（5-3）
KARDS Weekday Skirmish: One Nation - Block A,bf:5f335b3e30b92e118dbc579e,淘汰赛 · 第 22 名（1-2）
KARDS Weekday Skirmish: One Nation - Block A,bf:5eb65df574f31a11dd226b38,淘汰赛 · 第 3–4 名（4-2）
KARDS Weekday Skirmish: One Nation - Block A,bf:5ec99a6d5cb5d5345c7fdf7c,淘汰赛 · 第 3–4 名（5-2）
KARDS Weekday Skirmish: One Nation - Block A,bf:5fb038eb1632970e916b6f46,淘汰赛 · 第 5–6 名（2-1）
KARDS Weekday Skirmish: One Nation - Block A,bf:5f11d247160c3f2239e940a4,淘汰赛 · 第 5–6 名（2-2）
KARDS Weekday Skirmish: One Nation - Block A,bf:5bef1fd422a55803cb340a40,淘汰赛 · 第 7 名（4-2）
KARDS Weekday Skirmish: One Nation - Block A,bf:60a65e7e982b577479221d7e,淘汰赛 · 第 8 名（1-2）
KARDS Weekday Skirmish: One Nation - Block A,bf:60946d0dab3bf12889662245,淘汰赛 · 第 9–11 名（0-2）
KARDS Weekday Skirmish: One Nation - Block A,bf:609b0f8f7b748611b20fea75,淘汰赛 · 第 9–11 名（1-2）
KARDS Weekday Skirmish: One Nation - Block A,bf:60514c101ca3d756eb01932e,淘汰赛 · 第 9–11 名（1-2）
KARDS Weekday Skirmish: One Nation - Block B,bf:5fa31ac6f8fc171ea9f67c43,淘汰赛 · 第 1 名（4-2）
KARDS Weekday Skirmish: One Nation - Block B,bf:60a65e7e982b577479221d7e,淘汰赛 · 第 10–13 名（0-2）
KARDS Weekday Skirmish: One Nation - Block B,bf:60514c101ca3d756eb01932e,淘汰赛 · 第 10–13 名（0-2）
KARDS Weekday Skirmish: One Nation - Block B,bf:5ec038e2256baa1d38011a05,淘汰赛 · 第 10–13 名（1-2）
KARDS Weekday Skirmish: One Nation - Block B,bf:5eeb9c3d19b81239da9496cb,淘汰赛 · 第 10–13 名（1-2）
KARDS Weekday Skirmish: One Nation - Block B,bf:609b63110a6666119d69bbb0,淘汰赛 · 第 2 名（3-2）
KARDS Weekday Skirmish: One Nation - Block B,bf:60953c50980c9b122a48e011,淘汰赛 · 第 3–4 名（2-2）
KARDS Weekday Skirmish: One Nation - Block B,bf:5f0cd40c3087a65e039603f4,淘汰赛 · 第 3–4 名（3-2）
KARDS Weekday Skirmish: One Nation - Block B,bf:5f10c966160c3f2239e92921,淘汰赛 · 第 5–7 名（1-1）
KARDS Weekday Skirmish: One Nation - Block B,bf:60a432af9226326cec5f185b,淘汰赛 · 第 5–7 名（1-2）
KARDS Weekday Skirmish: One Nation - Block B,bf:564e7b5b80b8db4a00c4ff9c,淘汰赛 · 第 5–7 名（7-1）
KARDS Weekday Skirmish: One Nation - Block B,bf:5bef1fd422a55803cb340a40,淘汰赛 · 第 8 名（0-1）
KARDS Weekday Skirmish: One Nation - Block B,bf:5fafeec6e7d89a60d4333722,淘汰赛 · 第 9 名（0-2）
KARDS Weekday Skirmish: Singleton,bf:60cb2622543cd91a5d5945a2,瑞士轮 0-1
KARDS Weekday Skirmish: Singleton,bf:5faffa8a502b9e587d1b7c3e,瑞士轮 0-1
KARDS Weekday Skirmish: Singleton,bf:60d21be3d576a82a21189bdf,瑞士轮 0-1
KARDS Weekday Skirmish: Singleton,bf:5fa3da8e11743771ade92018,瑞士轮 0-1
KARDS Weekday Skirmish: Singleton,bf:60763581b7083a45e0c65882,瑞士轮 0-1
KARDS Weekday Skirmish: Singleton,bf:60721ccb5c1419118df3a796,瑞士轮 0-3
KARDS Weekday Skirmish: Singleton,bf:60d2943851487a4eb222b13c,瑞士轮 0-4
KARDS Weekday Skirmish: Singleton,bf:60a543cc9c13276cd6914076,瑞士轮 0-4
KARDS Weekday Skirmish: Singleton,bf:602aa3c2a9de5d119d53bf98,瑞士轮 0-4
KARDS Weekday Skirmish: Singleton,bf:5ec038e2256baa1d38011a05,瑞士轮 1-2
KARDS Weekday Skirmish: Singleton,bf:5fc1741a4a3afe55318cf945,瑞士轮 1-3
KARDS Weekday Skirmish: Singleton,bf:60c929871a01bf49674e1815,瑞士轮 2-2
KARDS Weekday Skirmish: Singleton,bf:60c939761fb30a26a0ea6e03,瑞士轮 2-3
KARDS Weekday Skirmish: Singleton,bf:60cbd5a9c14dba4e60467bd5,瑞士轮 2-3
KARDS Weekday Skirmish: Singleton,bf:60ae60e26dada66f5e2a9239,瑞士轮 2-3
KARDS Weekday Skirmish: Singleton,bf:60cb0a9721762b468d3d911d,瑞士轮 2-3
KARDS Weekday Skirmish: Singleton,bf:60b0a4d9835684119d3312d6,瑞士轮 2-4
KARDS Weekday Skirmish: Singleton,bf:5f362c8703dbcc11d58d78e3,瑞士轮 3-0
KARDS Weekday Skirmish: Singleton,bf:5f112ee3eac9482569fb3ee6,瑞士轮 3-2
KARDS Weekday Skirmish: Singleton,bf:60509713496ba24d0604cc08,瑞士轮 3-2
KARDS Weekday Skirmish: Singleton,bf:60946d0dab3bf12889662245,瑞士轮 3-3
KARDS Weekday Skirmish: Singleton,bf:60a685a99c13276cd691508d,瑞士轮 3-3
KARDS Weekday Skirmish: Singleton,bf:60a67f38000fb03f36004b2c,瑞士轮 3-3
KARDS Weekday Skirmish: Singleton,bf:60c9b27ea95cd94e9dae5da2,瑞士轮 3-3
KARDS Weekday Skirmish: Singleton,bf:60c61341543cd91a5d592af7,瑞士轮 3-3
KARDS Weekday Skirmish: Singleton,bf:601d334704309b1b93074798,瑞士轮 4-2
KARDS Weekday Skirmish: Singleton,bf:5f10c966160c3f2239e92921,瑞士轮 4-2
KARDS Weekday Skirmish: Singleton,bf:5fa31ac6f8fc171ea9f67c43,瑞士轮 4-2
KARDS Weekday Skirmish: Singleton,bf:60d3562ba95cd94e9dae8adf,瑞士轮 4-2
KARDS Weekday Skirmish: Singleton,bf:5eb65df574f31a11dd226b38,瑞士轮 5-1
KARDS Weekday Skirmish: Singleton,bf:5bef1fd422a55803cb340a40,瑞士轮 5-1
KARDS Weekday Skirmish: Singleton,bf:5ebd9402b92b28521a098ec8,瑞士轮 5-1
KARDS Weekday Skirmish: Singleton,bf:5fa27bfdf8fc171ea9f66924,瑞士轮 5-1
KARDS Winter Tournament 2026,ch:失其本心八幡,8 强 · 第 1 名（3-0）
KARDS Winter Tournament 2026,ch:sie_,8 强 · 第 2 名（2-1）
KARDS Winter Tournament 2026,bf:673f9e64237e35004096e4c4,8 强 · 第 3 名（2-1）
KARDS Winter Tournament 2026,ch:椎名ましろ,8 强 · 第 4 名（1-2）
KARDS Winter Tournament 2026,bf:673f95f8744fee00353bc808,8 强 · 第 5 名（0-1）
KARDS Winter Tournament 2026,ch:hojoto,8 强 · 第 5 名（0-1）
KARDS Winter Tournament 2026,ch:拉菲艾拉,8 强 · 第 5 名（0-1）
KARDS Winter Tournament 2026,bf:673f9ca92ea3530021c8da13,8 强 · 第 5 名（0-1）
KARDS Winter Tournament 2026,ch:煎饼1,瑞士轮 0-2
KARDS Winter Tournament 2026,ch:基准线,瑞士轮 0-2
KARDS Winter Tournament 2026,ch:sob-liu,瑞士轮 0-2
KARDS Winter Tournament 2026,ch:fusy,瑞士轮 0-3
KARDS Winter Tournament 2026,ch:我永远都是中国人,瑞士轮 0-3
KARDS Winter Tournament 2026,bf:673f9cc689b5530023006e64,瑞士轮 1-2
KARDS Winter Tournament 2026,ch:落寒尘,瑞士轮 1-2
KARDS Winter Tournament 2026,ch:70714,瑞士轮 1-3
KARDS Winter Tournament 2026,bf:673f9c8c2ea3530021c8da11,瑞士轮 1-3
KARDS Winter Tournament 2026,ch:yuehaiting-secretary,瑞士轮 1-3
KARDS Winter Tournament 2026,bf:673f9e86744fee00353bc83c,瑞士轮 2-2
KARDS Winter Tournament 2026,bf:673f9ae481b1a20036ec0786,瑞士轮 2-3
KARDS Winter Tournament 2026,ch:akgz,瑞士轮 2-3
KARDS Winter Tournament 2026,ch:e我不到啊,瑞士轮 2-3
KARDS Winter Tournament 2026,ch:作死的骡博,瑞士轮 3-2
KARDS Winter Tournament 2026,ch:cianeled,瑞士轮 3-2
KARDS Winter Tournament 2026,ch:咔滋糕手,瑞士轮 3-2
KARDS Winter Tournament 2026,ch:七海千秋,瑞士轮 3-2
KARDS World Championship 2023,ch:symbol,32 强 0-2
KARDS World Championship 2023,bf:5fbe8c402dc8793ada8519d5,32 强 0-2
KARDS World Championship 2023,ch:七海千秋,32 强 0-2
KARDS World Championship 2023,ch:下北泽臭小子,32 强 0-2
KARDS World Championship 2023,sgg:2388207,32 强 0-2
KARDS World Championship 2023,ch:圆寂都察院,32 强 0-2
KARDS World Championship 2023,bf:5fa31ac6f8fc171ea9f67c43,32 强 0-2
KARDS World Championship 2023,bf:5bef1fd422a55803cb340a40,32 强 0-2
KARDS World Championship 2023,ch:chaos,32 强 1-2
KARDS World Championship 2023,ch:starrywarren,32 强 1-2
KARDS World Championship 2023,bf:5fa57306cc28b3594394b946,32 强 1-2
KARDS World Championship 2023,bf:57b5a7ffabd8181c0cfdf304,32 强 1-2
KARDS World Championship 2023,ch:pdc2018,32 强 1-2
KARDS World Championship 2023,ch:且战且退的巴甫洛夫,32 强 1-2
KARDS World Championship 2023,ch:gragon123,32 强 1-2
KARDS World Championship 2023,ch:dchukov,32 强 1-2
KARDS World Championship 2023,sgg:2483808,32 强 2-2
KARDS World Championship 2023,ch:leps,32 强 2-2
KARDS World Championship 2023,bf:5fa467df4eb3c2458669c29a,32 强 2-2
KARDS World Championship 2023,bf:673f997c70390c0041722f8c,32 强 2-2
KARDS World Championship 2023,bf:673f99d8a144d7002b2e28a0,32 强 2-2
KARDS World Championship 2023,ch:提尔比茨,32 强 2-2
KARDS World Championship 2023,bf:673f9c6789b5530023006e53,32 强 2-2
KARDS World Championship 2023,ch:0.0,32 强 3-2
KARDS World Championship 2023,ch:pytorch,32 强 3-2
KARDS World Championship 2023,sgg:2709342,32 强 3-2
KARDS World Championship 2023,ch:二月叶,32 强 4-2
KARDS World Championship 2023,bf:673f9726a144d7002b2e2888,32 强 5-2
KARDS World Championship 2023,ch:大米呱呱,小组赛 0-1
KARDS World Championship 2023,bf:5f3fc42472caf64e0f2b589c,小组赛 0-1
KARDS World Championship 2023,ch:krelief,小组赛 0-1
KARDS World Championship 2023,ch:kochua,小组赛 0-1
KARDS World Championship 2023,sgg:2616063,小组赛 0-1
KARDS World Championship 2023,sgg:2803542,小组赛 0-3
KARDS World Championship 2023,ch:владимир,小组赛 0-4
KARDS World Championship 2023,ch:radler,小组赛 0-4
KARDS World Championship 2023,ch:zhigul,小组赛 0-4
KARDS World Championship 2023,bf:5fbfb60f1632970e916c6544,小组赛 0-4
KARDS World Championship 2023,ch:1021758278,小组赛 0-5
KARDS World Championship 2023,ch:haoliang,小组赛 0-5
KARDS World Championship 2023,ch:雪侯府府主,小组赛 0-5
KARDS World Championship 2023,ch:syroezhkin,小组赛 1-1
KARDS World Championship 2023,bf:673f9e8f70390c0041722fa4,小组赛 1-2
KARDS World Championship 2023,ch:lok,小组赛 1-3
KARDS World Championship 2023,sgg:2520081,小组赛 1-3
KARDS World Championship 2023,ch:泠月清霄,小组赛 1-3
KARDS World Championship 2023,ch:woofbark,小组赛 1-3
KARDS World Championship 2023,bf:5f0cd40c3087a65e039603f4,小组赛 1-3
KARDS World Championship 2023,bf:673f98fb70390c0041722f84,小组赛 1-3
KARDS World Championship 2023,ch:yaoliu,小组赛 1-3
KARDS World Championship 2023,ch:susaad,小组赛 1-4
KARDS World Championship 2023,ch:少年游,小组赛 1-4
KARDS World Championship 2023,bf:5f0df84e824086475be264b7,小组赛 1-4
KARDS World Championship 2023,ch:永远鲜红的幼月,小组赛 1-4
KARDS World Championship 2023,ch:thorondor,小组赛 1-4
KARDS World Championship 2023,ch:daizal,小组赛 1-4
KARDS World Championship 2023,ch:overkill,小组赛 2-2
KARDS World Championship 2023,sgg:3076346,小组赛 2-2
KARDS World Championship 2023,bf:5a4d98c332953903641106de,小组赛 2-2
KARDS World Championship 2023,bf:5ebea2fd1eafc755976c161a,小组赛 2-2
KARDS World Championship 2023,bf:673f964570390c0041722f72,小组赛 2-2
KARDS World Championship 2023,bf:673f9ae481b1a20036ec0786,小组赛 2-2
KARDS World Championship 2023,ch:camper,小组赛 2-3
KARDS World Championship 2023,ch:pain-gan,小组赛 2-3
KARDS World Championship 2023,ch:落寒尘,小组赛 2-3
KARDS World Championship 2023,ch:两百多斤英国大力士,小组赛 2-3
KARDS World Championship 2023,bf:5b38c676cbd82c03a4f28e8f,小组赛 2-3
KARDS World Championship 2023,bf:673f9be589b5530023006e4f,小组赛 2-3
KARDS World Championship 2023,bf:6070a8022fd5451122c65ae8,小组赛 2-3
KARDS World Championship 2023,sgg:3077324,小组赛 2-3
KARDS World Championship 2023,sgg:3091901,小组赛 2-3
KARDS World Championship 2023,bf:673f97e4a144d7002b2e288b,小组赛 2-3
KARDS World Championship 2023,ch:eszemteszem,小组赛 2-3
KARDS World Championship 2023,bf:60509713496ba24d0604cc08,小组赛 2-3
KARDS World Championship 2023,bf:673f9b982ea3530021c8da03,小组赛 2-3
KARDS World Championship 2023,ch:s961578,小组赛 2-3
KARDS World Championship 2023,ch:晴想睡个好觉,小组赛 2-3
KARDS World Championship 2023,ch:ghost,小组赛 2-3
KARDS World Championship 2023,ch:小白小白小白狼,小组赛 2-3
KARDS World Championship 2023,bf:5ec038e2256baa1d38011a05,小组赛 3-1
KARDS World Championship 2023,bf:673f9ac72ea3530021c8d9f2,小组赛 3-2
KARDS World Championship 2023,ch:vitameistango,小组赛 3-2
KARDS World Championship 2023,bf:5f109d917a5f692572240090,小组赛 3-2
KARDS World Championship 2023,bf:673f9a0970390c0041722f91,小组赛 3-2
KARDS World Championship 2023,bf:673f98c7237e35004096e4a4,小组赛 3-2
KARDS World Championship 2023,bf:673f9e78237e35004096e4c6,小组赛 3-2
KARDS World Championship 2023,bf:57101bc80b3b0f8312f27ec5,总决赛 · 第 1 名（2-1）
KARDS World Championship 2023,bf:564e7b5b80b8db4a00c4ff9c,总决赛 · 第 1 名（3-1）
KARDS World Championship 2023,bf:673f9c032ea3530021c8da09,总决赛 · 第 3 名（1-2）
KARDS World Championship 2023,bf:673f98f370390c0041722f81,总决赛 · 第 4 名（0-2）
KARDS World Championship 2024,bf:673f9bcd89b5530023006e4d,16 强 · 第 1 名（4-0）
KARDS World Championship 2024,bf:673f997c70390c0041722f8c,16 强 · 第 2 名（3-1）
KARDS World Championship 2024,bf:673f98c7237e35004096e4a4,16 强 · 第 3 名（3-1）
KARDS World Championship 2024,bf:673f9cc689b5530023006e64,16 强 · 第 4 名（2-2）
KARDS World Championship 2024,bf:5fb3184d9a9e750ea663e423,16 强 · 第 5 名（1-1）
KARDS World Championship 2024,bf:673f99e9a144d7002b2e28a4,16 强 · 第 5 名（1-1）
KARDS World Championship 2024,bf:673f9c552ea3530021c8da0d,16 强 · 第 5 名（1-1）
KARDS World Championship 2024,bf:673f9c6789b5530023006e53,16 强 · 第 5 名（1-1）
KARDS World Championship 2024,bf:673f9a0970390c0041722f91,16 强 · 第 9 名（0-1）
KARDS World Championship 2024,bf:673f996f70390c0041722f8a,16 强 · 第 9 名（0-1）
KARDS World Championship 2024,bf:673f99e1a144d7002b2e28a2,16 强 · 第 9 名（0-1）
KARDS World Championship 2024,bf:673f9bee81b1a20036ec0792,16 强 · 第 9 名（0-1）
KARDS World Championship 2024,bf:673f9be589b5530023006e4f,16 强 · 第 9 名（0-1）
KARDS World Championship 2024,bf:60509713496ba24d0604cc08,16 强 · 第 9 名（0-1）
KARDS World Championship 2024,bf:673f9a3c70390c0041722f95,16 强 · 第 9 名（0-1）
KARDS World Championship 2024,bf:5fa27bfdf8fc171ea9f66924,16 强 · 第 9 名（0-1）
KARDS World Championship 2024,bf:673f9e52744fee00353bc836,瑞士轮 0-1
KARDS World Championship 2024,bf:57101bc80b3b0f8312f27ec5,瑞士轮 0-1
KARDS World Championship 2024,bf:673f9c212ea3530021c8da0b,瑞士轮 0-1
KARDS World Championship 2024,bf:5ebd9402b92b28521a098ec8,瑞士轮 0-1
KARDS World Championship 2024,bf:673f9e2f237e35004096e4c2,瑞士轮 0-1
KARDS World Championship 2024,bf:673f9c9f89b5530023006e5c,瑞士轮 0-1
KARDS World Championship 2024,bf:673f98aca144d7002b2e2890,瑞士轮 0-1
KARDS World Championship 2024,bf:673f9b8d2ea3530021c8da01,瑞士轮 0-1
KARDS World Championship 2024,bf:673f9ca92ea3530021c8da13,瑞士轮 0-1
KARDS World Championship 2024,bf:673f9ded744fee00353bc830,瑞士轮 0-2
KARDS World Championship 2024,bf:673f9c8289b5530023006e59,瑞士轮 0-2
KARDS World Championship 2024,bf:673f9e8f70390c0041722fa4,瑞士轮 0-2
KARDS World Championship 2024,bf:673f9dcf744fee00353bc82d,瑞士轮 0-2
KARDS World Championship 2024,bf:673f9d60744fee00353bc82a,瑞士轮 0-2
KARDS World Championship 2024,bf:673f9b0f81b1a20036ec0788,瑞士轮 0-3
KARDS World Championship 2024,bf:673f9ab081b1a20036ec0782,瑞士轮 0-3
KARDS World Championship 2024,bf:673f9e64237e35004096e4c4,瑞士轮 0-3
KARDS World Championship 2024,bf:673f971770390c0041722f76,瑞士轮 0-3
KARDS World Championship 2024,bf:673f993770390c0041722f88,瑞士轮 0-3
KARDS World Championship 2024,bf:673f9abf2ea3530021c8d9f0,瑞士轮 0-3
KARDS World Championship 2024,bf:673f97ed89b5530023006e2c,瑞士轮 0-3
KARDS World Championship 2024,bf:673f972f70390c0041722f78,瑞士轮 0-3
KARDS World Championship 2024,bf:673f95ef237e35004096e492,瑞士轮 1-0
KARDS World Championship 2024,bf:673f9eea70390c0041722fac,瑞士轮 1-0
KARDS World Championship 2024,bf:673f9d4f744fee00353bc828,瑞士轮 1-0
KARDS World Championship 2024,bf:5c4d3b7150078403fe2d5308,瑞士轮 1-0
KARDS World Championship 2024,bf:673f9e5b744fee00353bc838,瑞士轮 1-1
KARDS World Championship 2024,bf:673f9ea870390c0041722fa9,瑞士轮 1-1
KARDS World Championship 2024,bf:5b38c676cbd82c03a4f28e8f,瑞士轮 1-2
KARDS World Championship 2024,bf:673f98f370390c0041722f81,瑞士轮 1-2
KARDS World Championship 2024,bf:673f99fa70390c0041722f8f,瑞士轮 1-2
KARDS World Championship 2024,bf:673f9e86744fee00353bc83c,瑞士轮 1-2
KARDS World Championship 2024,bf:673f9b382ea3530021c8d9fd,瑞士轮 1-2
KARDS World Championship 2024,bf:673f9930237e35004096e4ad,瑞士轮 1-2
KARDS World Championship 2024,bf:673f97e4a144d7002b2e288b,瑞士轮 1-2
KARDS World Championship 2024,bf:673f9dfc237e35004096e4c0,瑞士轮 1-2
KARDS World Championship 2024,bf:673f9c5f81b1a20036ec079a,瑞士轮 1-2
KARDS World Championship 2024,bf:5f32c6147bd80311ab78193f,瑞士轮 1-3
KARDS World Championship 2024,bf:673f9ac72ea3530021c8d9f2,瑞士轮 1-3
KARDS World Championship 2024,bf:5fa467df4eb3c2458669c29a,瑞士轮 1-3
KARDS World Championship 2024,bf:673f9965a144d7002b2e289a,瑞士轮 1-3
KARDS World Championship 2024,bf:673f962c70390c0041722f70,瑞士轮 1-3
KARDS World Championship 2024,bf:673f98e1237e35004096e4a9,瑞士轮 1-4
KARDS World Championship 2024,bf:673f9e70744fee00353bc83a,瑞士轮 1-5
KARDS World Championship 2024,bf:673f9f1470390c0041722fae,瑞士轮 2-0
KARDS World Championship 2024,bf:673f9ab781b1a20036ec0784,瑞士轮 2-1
KARDS World Championship 2024,bf:673f9ced89b5530023006e66,瑞士轮 2-1
KARDS World Championship 2024,bf:673f9ec8744fee00353bc842,瑞士轮 2-2
KARDS World Championship 2024,bf:673f9c032ea3530021c8da09,瑞士轮 2-2
KARDS World Championship 2024,bf:5fbfb60f1632970e916c6544,瑞士轮 2-2
KARDS World Championship 2024,bf:673f9e78237e35004096e4c6,瑞士轮 2-2
KARDS World Championship 2024,bf:673f9623237e35004096e495,瑞士轮 2-2
KARDS World Championship 2024,bf:673f961a744fee00353bc80a,瑞士轮 2-2
KARDS World Championship 2024,bf:673f975070390c0041722f7a,瑞士轮 2-2
KARDS World Championship 2024,bf:5f0df84e824086475be264b7,瑞士轮 2-2
KARDS World Championship 2024,bf:673f9b072ea3530021c8d9f9,瑞士轮 2-2
KARDS World Championship 2024,bf:673f95e4237e35004096e490,瑞士轮 2-3
KARDS World Championship 2024,bf:673f9aa781b1a20036ec0780,瑞士轮 2-3
KARDS World Championship 2024,bf:673f9a8d89b5530023006e39,瑞士轮 2-3
KARDS World Championship 2024,bf:673f9a2770390c0041722f93,瑞士轮 2-3
KARDS World Championship 2024,bf:673f964570390c0041722f72,瑞士轮 2-3
KARDS World Championship 2024,bf:673f99d8a144d7002b2e28a0,瑞士轮 2-3
KARDS World Championship 2024,bf:673f9c4181b1a20036ec0796,瑞士轮 2-3
KARDS World Championship 2024,bf:673f9ee1237e35004096e4cc,瑞士轮 2-3
KARDS World Championship 2024,bf:673f9b6d2ea3530021c8d9ff,瑞士轮 2-3
KARDS World Championship 2024,bf:673f9726a144d7002b2e2888,瑞士轮 2-3
KARDS World Championship 2024,bf:673f9b982ea3530021c8da03,瑞士轮 2-4
KARDS World Championship 2024,bf:673f98d9237e35004096e4a7,瑞士轮 3-2
KARDS World Championship 2024,bf:673f98d070390c0041722f7f,瑞士轮 3-2
KARDS World Championship 2024,bf:673f990470390c0041722f86,瑞士轮 3-2
KARDS World Championship 2024,bf:673f97d94a0be0002cae45de,瑞士轮 3-3
KARDS World Championship 2024,bf:673f9d032ea3530021c8da15,瑞士轮 3-3
KARDS World Championship 2024,bf:673f95c5237e35004096e48c,瑞士轮 3-3
KARDS World Championship 2024,bf:673f9ae481b1a20036ec0786,瑞士轮 3-3
KARDS World Championship 2024,bf:673f9e48744fee00353bc834,瑞士轮 3-3
KARDS World Championship 2024,bf:673f9c7989b5530023006e56,瑞士轮 3-3
KARDS World Championship 2024,bf:673f95f8744fee00353bc808,瑞士轮 3-4
KARDS World Championship 2024,bf:673f9925237e35004096e4ab,瑞士轮 3-4
KARDS World Championship 2024,bf:673f9adc2ea3530021c8d9f6,瑞士轮 4-3
KARDS World Championship 2024,bf:673f9e9f70390c0041722fa7,瑞士轮 4-3
KARDS World Championship 2024,bf:673f9813a144d7002b2e288d,瑞士轮 4-3
KARDS World Championship 2024,bf:673f98fb70390c0041722f84,瑞士轮 4-3
KARDS World Championship 2024,bf:5fb42443a2fd346547530b2e,瑞士轮 4-3
KARDS World Championship 2024,bf:673f9c8c2ea3530021c8da11,瑞士轮 4-3
KARDS World Championship 2024,bf:673f9bc489b5530023006e4b,瑞士轮 4-3
KARDS World Championship 2024,bf:564e7b5b80b8db4a00c4ff9c,瑞士轮 4-3
KARDS World Championship 2024,bf:5ec038e2256baa1d38011a05,瑞士轮 5-2
KARDS World Championship 2024,bf:673f9eb0237e35004096e4ca,瑞士轮 5-2
KARDS World Championship 2025,ch:sie_,16 强 · 第 1 名（5-1）
KARDS World Championship 2025,bf:673f9bcd89b5530023006e4d,16 强 · 第 13 名（0-1）
KARDS World Championship 2025,bf:673f9cc689b5530023006e64,16 强 · 第 13 名（0-2）
KARDS World Championship 2025,ch:eszemteszem,16 强 · 第 13 名（0-2）
KARDS World Championship 2025,ch:作死的骡博,16 强 · 第 13 名（0-2）
KARDS World Championship 2025,bf:673f99e9a144d7002b2e28a4,16 强 · 第 2 名（6-2）
KARDS World Championship 2025,bf:673f9e64237e35004096e4c4,16 强 · 第 3 名（3-2）
KARDS World Championship 2025,ch:煎饼1,16 强 · 第 4 名（4-2）
KARDS World Championship 2025,ch:2598252160,16 强 · 第 5 名（2-2）
KARDS World Championship 2025,bf:673f9c4181b1a20036ec0796,16 强 · 第 5 名（3-2）
KARDS World Championship 2025,ch:失其本心八幡,16 强 · 第 7 名（2-2）
KARDS World Championship 2025,bf:673f98c7237e35004096e4a4,16 强 · 第 7 名（2-2）
KARDS World Championship 2025,bf:5fb3184d9a9e750ea663e423,16 强 · 第 9 名（0-2）
KARDS World Championship 2025,ch:syswdsr,16 强 · 第 9 名（1-2）
KARDS World Championship 2025,ch:爱欣欣欣欣,16 强 · 第 9 名（1-2）
KARDS World Championship 2025,bf:673f99e1a144d7002b2e28a2,16 强 · 第 9 名（1-2）
Kards Blitz - Day I: Block A 1700,bf:5ec5e7746951c62d86f53235,资格赛 0-1
Kards Blitz - Day I: Block A 1700,bf:5fc241c1f1aa2511d7251933,资格赛 0-1
Kards Blitz - Day I: Block A 1700,bf:5f10c966160c3f2239e92921,资格赛 0-1
Kards Blitz - Day I: Block A 1700,bf:5f4318d1681ff84ab5ec92f9,资格赛 0-1
Kards Blitz - Day I: Block A 1700,bf:6050d6e6df9c3817d1e02310,资格赛 0-1
Kards Blitz - Day I: Block A 1700,bf:60509713496ba24d0604cc08,资格赛 0-1
Kards Blitz - Day I: Block A 1700,bf:58e41837fad5530333b01b98,资格赛 0-1
Kards Blitz - Day I: Block A 1700,bf:5ebd9402b92b28521a098ec8,资格赛 0-1
Kards Blitz - Day I: Block A 1700,bf:5d0fba42acc6ed329c51837f,资格赛 1-1
Kards Blitz - Day I: Block A 1700,bf:5f11d247160c3f2239e940a4,资格赛 1-1
Kards Blitz - Day I: Block A 1700,bf:6050d83f99327f4b6234ea93,资格赛 1-1
Kards Blitz - Day I: Block A 1700,bf:601e60c914499975b676db49,资格赛 1-1
Kards Blitz - Day I: Block A 1700,bf:6050dd83d164f74b8e7830f8,资格赛 2-1
Kards Blitz - Day I: Block A 1700,bf:5f4965bb76b8305ffaa36866,资格赛 2-1
Kards Blitz - Day I: Block A 1700,bf:5c3b6b20304450039e51c054,资格赛 3-1
Kards Blitz - Day I: Block A 1700,bf:5f109d917a5f692572240090,资格赛 4-0
Kards Blitz - Day I: Block A 1800,bf:5f1520542cba8f11c2a44c16,资格赛 0-1
Kards Blitz - Day I: Block A 1800,bf:602d5acba74cc17c31b7d9af,资格赛 0-1
Kards Blitz - Day I: Block A 1800,bf:5fbef0144d01f9313d135b11,资格赛 0-1
Kards Blitz - Day I: Block A 1800,bf:601ae997fb69622ad6617823,资格赛 0-1
Kards Blitz - Day I: Block A 1800,bf:602aa3c2a9de5d119d53bf98,资格赛 0-1
Kards Blitz - Day I: Block A 1800,bf:604fca24403e2d4adec4cf05,资格赛 0-1
Kards Blitz - Day I: Block A 1800,bf:6050d1a6cbd09156d261d712,资格赛 0-1
Kards Blitz - Day I: Block A 1800,bf:5fb6da26eb92fe047543c823,资格赛 0-1
Kards Blitz - Day I: Block A 1800,bf:602d56c8a74cc17c31b7d95d,资格赛 1-1
Kards Blitz - Day I: Block A 1800,bf:5dadf6683f9f8d27e2e9cc0b,资格赛 1-1
Kards Blitz - Day I: Block A 1800,bf:6050d3cb1ca3d756eb018d27,资格赛 1-1
Kards Blitz - Day I: Block A 1800,bf:6050e53b3ae2c317e32bca56,资格赛 1-1
Kards Blitz - Day I: Block A 1800,bf:6030551a73965f35ae461762,资格赛 2-1
Kards Blitz - Day I: Block A 1800,bf:5f32c6147bd80311ab78193f,资格赛 2-1
Kards Blitz - Day I: Block A 1800,bf:5fbebdee043fd20cdf90cfaf,资格赛 3-1
Kards Blitz - Day I: Block A 1800,bf:5fa5ede611743771ade94108,资格赛 4-0
Kards Blitz - Day I: Block A 1900,bf:5ec5e7746951c62d86f53235,资格赛 0-1
Kards Blitz - Day I: Block A 1900,bf:5f1493df1c8cdf16056f8bc9,资格赛 0-1
Kards Blitz - Day I: Block A 1900,bf:5fa3da8e11743771ade92018,资格赛 0-1
Kards Blitz - Day I: Block A 1900,bf:58e41837fad5530333b01b98,资格赛 0-1
Kards Blitz - Day I: Block A 1900,bf:5fa2011d11743771ade90dee,资格赛 0-1
Kards Blitz - Day I: Block A 1900,bf:5f10c966160c3f2239e92921,资格赛 0-1
Kards Blitz - Day I: Block A 1900,bf:604e70169811de4a8929cc66,资格赛 0-1
Kards Blitz - Day I: Block A 1900,bf:5bef1fd422a55803cb340a40,资格赛 0-1
Kards Blitz - Day I: Block A 1900,bf:5ebd9402b92b28521a098ec8,资格赛 1-1
Kards Blitz - Day I: Block A 1900,bf:6040deb7c12b5c4f046bd81a,资格赛 1-1
Kards Blitz - Day I: Block A 1900,bf:5eb65df574f31a11dd226b38,资格赛 1-1
Kards Blitz - Day I: Block A 1900,bf:601ad0d4bccfe11bd7952790,资格赛 1-1
Kards Blitz - Day I: Block A 1900,bf:564e7b5b80b8db4a00c4ff9c,资格赛 2-1
Kards Blitz - Day I: Block A 1900,bf:5f362c8703dbcc11d58d78e3,资格赛 2-1
Kards Blitz - Day I: Block A 1900,bf:5ec99a6d5cb5d5345c7fdf7c,资格赛 3-1
Kards Blitz - Day I: Block A 1900,bf:5f0cd40c3087a65e039603f4,资格赛 4-0
Kards Blitz - Day I: Block A 2000,bf:5fc241c1f1aa2511d7251933,资格赛 0-1
Kards Blitz - Day I: Block A 2000,bf:5f1520542cba8f11c2a44c16,资格赛 0-1
Kards Blitz - Day I: Block A 2000,bf:6050d1a6cbd09156d261d712,资格赛 0-1
Kards Blitz - Day I: Block A 2000,bf:5dadf6683f9f8d27e2e9cc0b,资格赛 0-1
Kards Blitz - Day I: Block A 2000,bf:603aca86a4a3f111939e5346,资格赛 0-1
Kards Blitz - Day I: Block A 2000,bf:6050ef19d164f74b8e7831f1,资格赛 0-1
Kards Blitz - Day I: Block A 2000,bf:601ae997fb69622ad6617823,资格赛 0-1
Kards Blitz - Day I: Block A 2000,bf:604fca24403e2d4adec4cf05,资格赛 0-1
Kards Blitz - Day I: Block A 2000,bf:602c0e5389472a782b9cbc26,资格赛 1-1
Kards Blitz - Day I: Block A 2000,bf:5eb65df574f31a11dd226b38,资格赛 1-1
Kards Blitz - Day I: Block A 2000,bf:5eb62f23aefaaf170fa23f33,资格赛 1-1
Kards Blitz - Day I: Block A 2000,bf:601ad0d4bccfe11bd7952790,资格赛 1-1
Kards Blitz - Day I: Block A 2000,bf:602d5acba74cc17c31b7d9af,资格赛 2-1
Kards Blitz - Day I: Block A 2000,bf:5f32c6147bd80311ab78193f,资格赛 2-1
Kards Blitz - Day I: Block A 2000,bf:5fb6da26eb92fe047543c823,资格赛 3-1
Kards Blitz - Day I: Block A 2000,bf:5fa467df4eb3c2458669c29a,资格赛 4-0
Kards Blitz - Day I: Block B 0100,bf:5f122bf8b4738624c4273b13,资格赛 0-1
Kards Blitz - Day I: Block B 0100,bf:5fbeb056698db1048d27b5bd,资格赛 0-1
Kards Blitz - Day I: Block B 0100,bf:5ec038e2256baa1d38011a05,资格赛 0-1
Kards Blitz - Day I: Block B 0100,bf:60514c101ca3d756eb01932e,资格赛 0-1
Kards Blitz - Day I: Block B 0100,bf:5fb0acb4eb92fe047543807d,资格赛 1-1
Kards Blitz - Day I: Block B 0100,bf:59510971a6bcbb032c126dea,资格赛 1-1
Kards Blitz - Day I: Block B 0100,bf:601ad0d4bccfe11bd7952790,资格赛 1-1
Kards Blitz - Day I: Block B 0100,bf:5bef1fd422a55803cb340a40,资格赛 2-1
Kards Blitz - Day I: Block B 0100,bf:6030551a73965f35ae461762,资格赛 3-0
Kards Blitz - Day I: Block B 0200,bf:5f0e67fdf26046593189c71c,资格赛 0-1
Kards Blitz - Day I: Block B 0200,bf:5fbebdee043fd20cdf90cfaf,资格赛 0-1
Kards Blitz - Day I: Block B 0200,bf:60514c101ca3d756eb01932e,资格赛 0-1
Kards Blitz - Day I: Block B 0200,bf:5f10c966160c3f2239e92921,资格赛 0-1
Kards Blitz - Day I: Block B 0200,bf:5ec038e2256baa1d38011a05,资格赛 1-1
Kards Blitz - Day I: Block B 0200,bf:60512d0b3ae2c317e32bcf66,资格赛 1-1
Kards Blitz - Day I: Block B 0200,bf:5f0dde2dc47339351f7f7715,资格赛 2-1
Kards Blitz - Day I: Block B 0200,bf:5c4dca4fa9f6820352797666,资格赛 3-0
Kards Blitz - Day I: Block B 2300,bf:602aa3c2a9de5d119d53bf98,资格赛 0-1
Kards Blitz - Day I: Block B 2300,bf:5ec99a6d5cb5d5345c7fdf7c,资格赛 0-1
Kards Blitz - Day I: Block B 2300,bf:5eb65df574f31a11dd226b38,资格赛 0-1
Kards Blitz - Day I: Block B 2300,bf:5fb0acb4eb92fe047543807d,资格赛 0-1
Kards Blitz - Day I: Block B 2300,bf:58e41837fad5530333b01b98,资格赛 0-1
Kards Blitz - Day I: Block B 2300,bf:5f362c8703dbcc11d58d78e3,资格赛 0-1
Kards Blitz - Day I: Block B 2300,bf:601ad0d4bccfe11bd7952790,资格赛 0-1
Kards Blitz - Day I: Block B 2300,bf:5f0dde2dc47339351f7f7715,资格赛 0-1
Kards Blitz - Day I: Block B 2300,bf:5f0df84e824086475be264b7,资格赛 1-1
Kards Blitz - Day I: Block B 2300,bf:5ec5e7746951c62d86f53235,资格赛 1-1
Kards Blitz - Day I: Block B 2300,bf:5fbeb056698db1048d27b5bd,资格赛 1-1
Kards Blitz - Day I: Block B 2300,bf:5f32c6147bd80311ab78193f,资格赛 1-1
Kards Blitz - Day I: Block B 2300,bf:6030551a73965f35ae461762,资格赛 2-1
Kards Blitz - Day I: Block B 2300,bf:5c4dca4fa9f6820352797666,资格赛 2-1
Kards Blitz - Day I: Block B 2300,bf:601ae997fb69622ad6617823,资格赛 3-1
Kards Blitz - Day I: Block B 2300,bf:5fa2011d11743771ade90dee,资格赛 4-0
Kards Blitz - Day I: Block B 2400,bf:60512d7ad4a62c0ade6cde46,资格赛 0-1
Kards Blitz - Day I: Block B 2400,bf:5f1520542cba8f11c2a44c16,资格赛 0-1
Kards Blitz - Day I: Block B 2400,bf:601ad0d4bccfe11bd7952790,资格赛 0-1
Kards Blitz - Day I: Block B 2400,bf:60512d0b3ae2c317e32bcf66,资格赛 0-1
Kards Blitz - Day I: Block B 2400,bf:5f122bf8b4738624c4273b13,资格赛 0-1
Kards Blitz - Day I: Block B 2400,bf:5fb0acb4eb92fe047543807d,资格赛 0-1
Kards Blitz - Day I: Block B 2400,bf:602aa3c2a9de5d119d53bf98,资格赛 0-1
Kards Blitz - Day I: Block B 2400,bf:5dcafdd3c441a42c5826f5a6,资格赛 0-1
Kards Blitz - Day I: Block B 2400,bf:58e41837fad5530333b01b98,资格赛 1-1
Kards Blitz - Day I: Block B 2400,bf:5ebd9402b92b28521a098ec8,资格赛 1-1
Kards Blitz - Day I: Block B 2400,bf:5ec038e2256baa1d38011a05,资格赛 1-1
Kards Blitz - Day I: Block B 2400,bf:5d0fba42acc6ed329c51837f,资格赛 1-1
Kards Blitz - Day I: Block B 2400,bf:5f0dde2dc47339351f7f7715,资格赛 1-1
Kards Blitz - Day I: Block B 2400,bf:5fbebdee043fd20cdf90cfaf,资格赛 1-1
Kards Blitz - Day I: Block B 2400,bf:5ec99a6d5cb5d5345c7fdf7c,资格赛 2-1
Kards Blitz - Day I: Block B 2400,bf:5f362c8703dbcc11d58d78e3,资格赛 2-1
Kards Blitz - Day I: Block B 2400,bf:5f113e2cd04bae257fc195f6,资格赛 3-1
Kards Blitz - Day I: Block B 2400,bf:564e7b5b80b8db4a00c4ff9c,资格赛 4-0
Kards Blitz - Day II: Block A 1400,bf:602d5acba74cc17c31b7d9af,资格赛 0-1
Kards Blitz - Day II: Block A 1400,bf:5f1493df1c8cdf16056f8bc9,资格赛 0-1
Kards Blitz - Day II: Block A 1400,bf:5f113e2cd04bae257fc195f6,资格赛 0-1
Kards Blitz - Day II: Block A 1400,bf:58e41837fad5530333b01b98,资格赛 0-1
Kards Blitz - Day II: Block A 1400,bf:6050d1a6cbd09156d261d712,资格赛 0-1
Kards Blitz - Day II: Block A 1400,bf:5fa3da8e11743771ade92018,资格赛 0-1
Kards Blitz - Day II: Block A 1400,bf:602aa3c2a9de5d119d53bf98,资格赛 0-1
Kards Blitz - Day II: Block A 1400,bf:603cfe1ab328151e11b92549,资格赛 0-1
Kards Blitz - Day II: Block A 1400,bf:5fbebdee043fd20cdf90cfaf,资格赛 1-1
Kards Blitz - Day II: Block A 1400,bf:5f32c6147bd80311ab78193f,资格赛 1-1
Kards Blitz - Day II: Block A 1400,bf:5fa3e36b6b9c704abc3f92a0,资格赛 1-1
Kards Blitz - Day II: Block A 1400,bf:5fbeb056698db1048d27b5bd,资格赛 1-1
Kards Blitz - Day II: Block A 1400,bf:5eb65df574f31a11dd226b38,资格赛 2-1
Kards Blitz - Day II: Block A 1400,bf:5f11d247160c3f2239e940a4,资格赛 2-1
Kards Blitz - Day II: Block A 1400,bf:601ad0d4bccfe11bd7952790,资格赛 3-1
Kards Blitz - Day II: Block A 1400,bf:5f362c8703dbcc11d58d78e3,资格赛 4-0
Kards Blitz - Day II: Block A 1500,bf:5f113e2cd04bae257fc195f6,资格赛 0-1
Kards Blitz - Day II: Block A 1500,bf:5f4318d1681ff84ab5ec92f9,资格赛 0-1
Kards Blitz - Day II: Block A 1500,bf:58e41837fad5530333b01b98,资格赛 0-1
Kards Blitz - Day II: Block A 1500,bf:602aa3c2a9de5d119d53bf98,资格赛 0-1
Kards Blitz - Day II: Block A 1500,bf:601d189a36ceeb11b32b81e2,资格赛 0-1
Kards Blitz - Day II: Block A 1500,bf:603cfe1ab328151e11b92549,资格赛 0-1
Kards Blitz - Day II: Block A 1500,bf:5ec2a6dafd8a561535cde2a5,资格赛 0-1
Kards Blitz - Day II: Block A 1500,bf:6050d9c1d164f74b8e7830c0,资格赛 0-1
Kards Blitz - Day II: Block A 1500,bf:5f4965bb76b8305ffaa36866,资格赛 1-1
Kards Blitz - Day II: Block A 1500,bf:603aca86a4a3f111939e5346,资格赛 1-1
Kards Blitz - Day II: Block A 1500,bf:5bef1fd422a55803cb340a40,资格赛 1-1
Kards Blitz - Day II: Block A 1500,bf:5fbebdee043fd20cdf90cfaf,资格赛 1-1
Kards Blitz - Day II: Block A 1500,bf:5ec038e2256baa1d38011a05,资格赛 2-1
Kards Blitz - Day II: Block A 1500,bf:6051fe41cbd09156d261e80c,资格赛 2-1
Kards Blitz - Day II: Block A 1500,bf:57101bc80b3b0f8312f27ec5,资格赛 3-1
Kards Blitz - Day II: Block A 1500,bf:59510971a6bcbb032c126dea,资格赛 4-0
Kards Blitz - Day II: Block A 1600,bf:5fa3e36b6b9c704abc3f92a0,资格赛 0-1
Kards Blitz - Day II: Block A 1600,bf:58e41837fad5530333b01b98,资格赛 0-1
Kards Blitz - Day II: Block A 1600,bf:602aa3c2a9de5d119d53bf98,资格赛 0-1
Kards Blitz - Day II: Block A 1600,bf:5fb1e014eb92fe0475439152,资格赛 0-1
Kards Blitz - Day II: Block A 1600,bf:5f1493df1c8cdf16056f8bc9,资格赛 0-1
Kards Blitz - Day II: Block A 1600,bf:6050d9c1d164f74b8e7830c0,资格赛 0-1
Kards Blitz - Day II: Block A 1600,bf:5fbeb056698db1048d27b5bd,资格赛 0-1
Kards Blitz - Day II: Block A 1600,bf:5f0dde2dc47339351f7f7715,资格赛 0-1
Kards Blitz - Day II: Block A 1600,bf:5f32c6147bd80311ab78193f,资格赛 1-1
Kards Blitz - Day II: Block A 1600,bf:5f4318d1681ff84ab5ec92f9,资格赛 1-1
Kards Blitz - Day II: Block A 1600,bf:5f11d247160c3f2239e940a4,资格赛 1-1
Kards Blitz - Day II: Block A 1600,bf:5ec99a6d5cb5d5345c7fdf7c,资格赛 1-1
Kards Blitz - Day II: Block A 1600,bf:603cfe1ab328151e11b92549,资格赛 2-1
Kards Blitz - Day II: Block A 1600,bf:5fa3da8e11743771ade92018,资格赛 2-1
Kards Blitz - Day II: Block A 1600,bf:5dadf6683f9f8d27e2e9cc0b,资格赛 3-1
Kards Blitz - Day II: Block A 1600,bf:5eb65df574f31a11dd226b38,资格赛 4-0
Kards Blitz - Day II: Block A 1700,bf:602d5acba74cc17c31b7d9af,资格赛 0-1
Kards Blitz - Day II: Block A 1700,bf:601e60c914499975b676db49,资格赛 0-1
Kards Blitz - Day II: Block A 1700,bf:58e41837fad5530333b01b98,资格赛 0-1
Kards Blitz - Day II: Block A 1700,bf:6051fe41cbd09156d261e80c,资格赛 0-1
Kards Blitz - Day II: Block A 1700,bf:6050dd83d164f74b8e7830f8,资格赛 0-1
Kards Blitz - Day II: Block A 1700,bf:60522cf8b2e5e24b47ce504a,资格赛 0-1
Kards Blitz - Day II: Block A 1700,bf:5fb6da26eb92fe047543c823,资格赛 0-1
Kards Blitz - Day II: Block A 1700,bf:604fb066e8932017833a622b,资格赛 0-1
Kards Blitz - Day II: Block A 1700,bf:5f10c966160c3f2239e92921,资格赛 1-1
Kards Blitz - Day II: Block A 1700,bf:5fb1e014eb92fe0475439152,资格赛 1-1
Kards Blitz - Day II: Block A 1700,bf:5f4318d1681ff84ab5ec92f9,资格赛 1-1
Kards Blitz - Day II: Block A 1700,bf:5d0fba42acc6ed329c51837f,资格赛 1-1
Kards Blitz - Day II: Block A 1700,bf:5fbebdee043fd20cdf90cfaf,资格赛 2-1
Kards Blitz - Day II: Block A 1700,bf:5ec038e2256baa1d38011a05,资格赛 2-1
Kards Blitz - Day II: Block A 1700,bf:603aca86a4a3f111939e5346,资格赛 3-1
Kards Blitz - Day II: Block A 1700,bf:5ec99a6d5cb5d5345c7fdf7c,资格赛 4-0
Kards Blitz - Day II: Block B 0100,bf:5fb0acb4eb92fe047543807d,资格赛 0-1
Kards Blitz - Day II: Block B 0100,bf:5b38c676cbd82c03a4f28e8f,资格赛 0-1
Kards Blitz - Day II: Block B 0100,bf:602aa3c2a9de5d119d53bf98,资格赛 0-1
Kards Blitz - Day II: Block B 0100,bf:5f0dde2dc47339351f7f7715,资格赛 0-1
Kards Blitz - Day II: Block B 0100,bf:5f0df84e824086475be264b7,资格赛 0-1
Kards Blitz - Day II: Block B 0100,bf:601ae997fb69622ad6617823,资格赛 0-1
Kards Blitz - Day II: Block B 0100,bf:5f10c966160c3f2239e92921,资格赛 0-1
Kards Blitz - Day II: Block B 0100,bf:5fbebdee043fd20cdf90cfaf,资格赛 0-1
Kards Blitz - Day II: Block B 0100,bf:5bef1fd422a55803cb340a40,资格赛 1-1
Kards Blitz - Day II: Block B 0100,bf:5f48837c34f6ed5f7791f82a,资格赛 1-1
Kards Blitz - Day II: Block B 0100,bf:5fa27bfdf8fc171ea9f66924,资格赛 1-1
Kards Blitz - Day II: Block B 0100,bf:5ec038e2256baa1d38011a05,资格赛 2-1
Kards Blitz - Day II: Block B 0100,bf:5eeb9c3d19b81239da9496cb,资格赛 2-1
Kards Blitz - Day II: Block B 0100,bf:5f0e37b37c5e104738aebbe3,资格赛 3-1
Kards Blitz - Day II: Block B 0100,bf:5fb1e014eb92fe0475439152,资格赛 4-0
Kards Blitz - Day II: Block B 0200,bf:5f0dde2dc47339351f7f7715,资格赛 0-1
Kards Blitz - Day II: Block B 0200,bf:602aa3c2a9de5d119d53bf98,资格赛 0-1
Kards Blitz - Day II: Block B 0200,bf:601ae997fb69622ad6617823,资格赛 0-1
Kards Blitz - Day II: Block B 0200,bf:5eb598330abb797ad38acaee,资格赛 0-1
Kards Blitz - Day II: Block B 0200,bf:601d189a36ceeb11b32b81e2,资格赛 1-1
Kards Blitz - Day II: Block B 0200,bf:5fb0acb4eb92fe047543807d,资格赛 2-1
Kards Blitz - Day II: Block B 0200,bf:5b38c676cbd82c03a4f28e8f,资格赛 3-0
Kards Blitz - Day II: Block B 0300,bf:5f0e67fdf26046593189c71c,资格赛 0-1
Kards Blitz - Day II: Block B 0300,bf:602aa3c2a9de5d119d53bf98,资格赛 0-1
Kards Blitz - Day II: Block B 0300,bf:5fa27bfdf8fc171ea9f66924,资格赛 0-1
Kards Blitz - Day II: Block B 0300,bf:5eeb9c3d19b81239da9496cb,资格赛 1-1
Kards Blitz - Day II: Block B 0300,bf:5f0dde2dc47339351f7f7715,资格赛 1-1
Kards Blitz - Day II: Block B 0300,bf:57101bc80b3b0f8312f27ec5,资格赛 1-1
Kards Blitz - Day II: Block B 0300,bf:5bef1fd422a55803cb340a40,资格赛 3-0
Kards Blitz - Day II: Block B 0400,bf:5eeb9c3d19b81239da9496cb,资格赛 0-1
Kards Blitz - Day II: Block B 0400,bf:5f10c966160c3f2239e92921,资格赛 0-1
Kards Blitz - Day II: Block B 0400,bf:5fb0acb4eb92fe047543807d,资格赛 0-1
Kards Blitz - Day II: Block B 0400,bf:5fbebdee043fd20cdf90cfaf,资格赛 1-1
Kards Blitz - Day II: Block B 0400,bf:5eb598330abb797ad38acaee,资格赛 1-1
Kards Blitz - Day II: Block B 0400,bf:5ec038e2256baa1d38011a05,资格赛 2-0
Kards Blitz - Day II: Block B 0400,bf:5f0e37b37c5e104738aebbe3,资格赛 2-1
Kards Blitz - Day III: Block A 1700,bf:5fbebdee043fd20cdf90cfaf,资格赛 0-1
Kards Blitz - Day III: Block A 1700,bf:5f1493df1c8cdf16056f8bc9,资格赛 0-1
Kards Blitz - Day III: Block A 1700,bf:603aca86a4a3f111939e5346,资格赛 0-1
Kards Blitz - Day III: Block A 1700,bf:5f113e2cd04bae257fc195f6,资格赛 0-1
Kards Blitz - Day III: Block A 1700,bf:6050d3cb1ca3d756eb018d27,资格赛 0-1
Kards Blitz - Day III: Block A 1700,bf:601ae997fb69622ad6617823,资格赛 0-1
Kards Blitz - Day III: Block A 1700,bf:5f1b48d1abfcb016362ba48e,资格赛 0-1
Kards Blitz - Day III: Block A 1700,bf:5fbef0144d01f9313d135b11,资格赛 0-1
Kards Blitz - Day III: Block A 1700,bf:60512edad4a62c0ade6cde4a,资格赛 1-1
Kards Blitz - Day III: Block A 1700,bf:5f4965bb76b8305ffaa36866,资格赛 1-1
Kards Blitz - Day III: Block A 1700,bf:5fa3da8e11743771ade92018,资格赛 1-1
Kards Blitz - Day III: Block A 1700,bf:5fb6da26eb92fe047543c823,资格赛 1-1
Kards Blitz - Day III: Block A 1700,bf:6040deb7c12b5c4f046bd81a,资格赛 2-1
Kards Blitz - Day III: Block A 1700,bf:6050dd83d164f74b8e7830f8,资格赛 2-1
Kards Blitz - Day III: Block A 1700,bf:5c3b6b20304450039e51c054,资格赛 3-1
Kards Blitz - Day III: Block A 1700,bf:5f11d247160c3f2239e940a4,资格赛 4-0
Kards Blitz - Day III: Block A 1800,bf:5f32c6147bd80311ab78193f,资格赛 0-1
Kards Blitz - Day III: Block A 1800,bf:5dcafdd3c441a42c5826f5a6,资格赛 0-1
Kards Blitz - Day III: Block A 1800,bf:57a1697c8c3386280ca04b34,资格赛 0-1
Kards Blitz - Day III: Block A 1800,bf:5f11d0b0eea71b24bc30e84a,资格赛 0-1
Kards Blitz - Day III: Block A 1800,bf:5d0fba42acc6ed329c51837f,资格赛 0-1
Kards Blitz - Day III: Block A 1800,bf:603aca86a4a3f111939e5346,资格赛 0-1
Kards Blitz - Day III: Block A 1800,bf:5f10c966160c3f2239e92921,资格赛 0-1
Kards Blitz - Day III: Block A 1800,bf:5fbebdee043fd20cdf90cfaf,资格赛 0-1
Kards Blitz - Day III: Block A 1800,bf:602d5acba74cc17c31b7d9af,资格赛 1-1
Kards Blitz - Day III: Block A 1800,bf:601e60c914499975b676db49,资格赛 1-1
Kards Blitz - Day III: Block A 1800,bf:6051fe41cbd09156d261e80c,资格赛 1-1
Kards Blitz - Day III: Block A 1800,bf:60509713496ba24d0604cc08,资格赛 1-1
Kards Blitz - Day III: Block A 1800,bf:5fb3203b1632970e916b97b7,资格赛 2-1
Kards Blitz - Day III: Block A 1800,bf:5f0df84e824086475be264b7,资格赛 2-1
Kards Blitz - Day III: Block A 1800,bf:5f4318d1681ff84ab5ec92f9,资格赛 3-1
Kards Blitz - Day III: Block A 1800,bf:5dadf6683f9f8d27e2e9cc0b,资格赛 4-0
Kards Blitz - Day III: Block A 1900,bf:6050d1a6cbd09156d261d712,资格赛 0-1
Kards Blitz - Day III: Block A 1900,bf:5f32c6147bd80311ab78193f,资格赛 0-1
Kards Blitz - Day III: Block A 1900,bf:6050d3cb1ca3d756eb018d27,资格赛 0-1
Kards Blitz - Day III: Block A 1900,bf:5fbef0144d01f9313d135b11,资格赛 0-1
Kards Blitz - Day III: Block A 1900,bf:60538ebac377d13ac74753e7,资格赛 0-1
Kards Blitz - Day III: Block A 1900,bf:5f1493df1c8cdf16056f8bc9,资格赛 0-1
Kards Blitz - Day III: Block A 1900,bf:5f0dde2dc47339351f7f7715,资格赛 0-1
Kards Blitz - Day III: Block A 1900,bf:57a1697c8c3386280ca04b34,资格赛 0-1
Kards Blitz - Day III: Block A 1900,bf:601ae997fb69622ad6617823,资格赛 1-1
Kards Blitz - Day III: Block A 1900,bf:5fb6da26eb92fe047543c823,资格赛 1-1
Kards Blitz - Day III: Block A 1900,bf:603cfe1ab328151e11b92549,资格赛 1-1
Kards Blitz - Day III: Block A 1900,bf:6043da6f1fe61e118d92889d,资格赛 1-1
Kards Blitz - Day III: Block A 1900,bf:5f1b48d1abfcb016362ba48e,资格赛 2-1
Kards Blitz - Day III: Block A 1900,bf:5f4965bb76b8305ffaa36866,资格赛 2-1
Kards Blitz - Day III: Block A 1900,bf:5fa3da8e11743771ade92018,资格赛 3-1
Kards Blitz - Day III: Block A 1900,bf:5ebd9402b92b28521a098ec8,资格赛 4-0
Kards Blitz - Day III: Block A 2000,bf:5fbebdee043fd20cdf90cfaf,资格赛 0-1
Kards Blitz - Day III: Block A 2000,bf:60512edad4a62c0ade6cde4a,资格赛 0-1
Kards Blitz - Day III: Block A 2000,bf:601ae997fb69622ad6617823,资格赛 0-1
Kards Blitz - Day III: Block A 2000,bf:602aa3c2a9de5d119d53bf98,资格赛 0-1
Kards Blitz - Day III: Block A 2000,bf:601ad0d4bccfe11bd7952790,资格赛 0-1
Kards Blitz - Day III: Block A 2000,bf:604fb066e8932017833a622b,资格赛 0-1
Kards Blitz - Day III: Block A 2000,bf:5dcafdd3c441a42c5826f5a6,资格赛 0-1
Kards Blitz - Day III: Block A 2000,bf:5f32c6147bd80311ab78193f,资格赛 0-1
Kards Blitz - Day III: Block A 2000,bf:5f0df84e824086475be264b7,资格赛 1-1
Kards Blitz - Day III: Block A 2000,bf:5f10c966160c3f2239e92921,资格赛 1-1
Kards Blitz - Day III: Block A 2000,bf:603aca86a4a3f111939e5346,资格赛 1-1
Kards Blitz - Day III: Block A 2000,bf:60509713496ba24d0604cc08,资格赛 1-1
Kards Blitz - Day III: Block A 2000,bf:604e70169811de4a8929cc66,资格赛 2-1
Kards Blitz - Day III: Block A 2000,bf:57a1697c8c3386280ca04b34,资格赛 2-1
Kards Blitz - Day III: Block A 2000,bf:5f0dde2dc47339351f7f7715,资格赛 3-1
Kards Blitz - Day III: Block A 2000,bf:6051fe41cbd09156d261e80c,资格赛 4-0
Kards Blitz - Day III: Block B 0100,bf:5fb0acb4eb92fe047543807d,资格赛 0-1
Kards Blitz - Day III: Block B 0100,bf:602aa3c2a9de5d119d53bf98,资格赛 0-1
Kards Blitz - Day III: Block B 0100,bf:5f1b48d1abfcb016362ba48e,资格赛 0-1
Kards Blitz - Day III: Block B 0100,bf:5f0dde2dc47339351f7f7715,资格赛 0-1
Kards Blitz - Day III: Block B 0100,bf:5f10c966160c3f2239e92921,资格赛 1-1
Kards Blitz - Day III: Block B 0100,bf:60514c101ca3d756eb01932e,资格赛 1-1
Kards Blitz - Day III: Block B 0100,bf:5fbebdee043fd20cdf90cfaf,资格赛 2-1
Kards Blitz - Day III: Block B 0100,bf:5f32c6147bd80311ab78193f,资格赛 3-0
Kards Blitz - Day III: Block B 0200,bf:6053f002ad6ed611fc644e6c,资格赛 0-1
Kards Blitz - Day III: Block B 0200,bf:602aa3c2a9de5d119d53bf98,资格赛 0-1
Kards Blitz - Day III: Block B 0200,bf:5f1b48d1abfcb016362ba48e,资格赛 0-1
Kards Blitz - Day III: Block B 0200,bf:5f113e2cd04bae257fc195f6,资格赛 0-1
Kards Blitz - Day III: Block B 0200,bf:601ccaa7df90f911ab030712,资格赛 1-1
Kards Blitz - Day III: Block B 0200,bf:601ad0d4bccfe11bd7952790,资格赛 1-1
Kards Blitz - Day III: Block B 0200,bf:5fb0acb4eb92fe047543807d,资格赛 2-1
Kards Blitz - Day III: Block B 0200,bf:5f0e37b37c5e104738aebbe3,资格赛 3-0
Kards Blitz - Day III: Block B 2300,bf:60514c101ca3d756eb01932e,资格赛 0-1
Kards Blitz - Day III: Block B 2300,bf:60512edad4a62c0ade6cde4a,资格赛 0-1
Kards Blitz - Day III: Block B 2300,bf:5f113e2cd04bae257fc195f6,资格赛 0-1
Kards Blitz - Day III: Block B 2300,bf:5fbebdee043fd20cdf90cfaf,资格赛 0-1
Kards Blitz - Day III: Block B 2300,bf:5eeb9c3d19b81239da9496cb,资格赛 0-1
Kards Blitz - Day III: Block B 2300,bf:6050d3cb1ca3d756eb018d27,资格赛 0-1
Kards Blitz - Day III: Block B 2300,bf:601ad0d4bccfe11bd7952790,资格赛 0-1
Kards Blitz - Day III: Block B 2300,bf:5f0dde2dc47339351f7f7715,资格赛 0-1
Kards Blitz - Day III: Block B 2300,bf:603aca86a4a3f111939e5346,资格赛 1-1
Kards Blitz - Day III: Block B 2300,bf:5f10c966160c3f2239e92921,资格赛 1-1
Kards Blitz - Day III: Block B 2300,bf:5f32c6147bd80311ab78193f,资格赛 1-1
Kards Blitz - Day III: Block B 2300,bf:5f1b48d1abfcb016362ba48e,资格赛 2-1
Kards Blitz - Day III: Block B 2300,bf:6043da6f1fe61e118d92889d,资格赛 2-1
Kards Blitz - Day III: Block B 2300,bf:5fb6da26eb92fe047543c823,资格赛 3-1
Kards Blitz - Day III: Block B 2300,bf:5eb598330abb797ad38acaee,资格赛 4-0
Kards Blitz - Day III: Block B 2400,bf:5fbebdee043fd20cdf90cfaf,资格赛 0-1
Kards Blitz - Day III: Block B 2400,bf:602aa3c2a9de5d119d53bf98,资格赛 0-1
Kards Blitz - Day III: Block B 2400,bf:60514c101ca3d756eb01932e,资格赛 0-1
Kards Blitz - Day III: Block B 2400,bf:5d0fba42acc6ed329c51837f,资格赛 0-1
Kards Blitz - Day III: Block B 2400,bf:60512d0b3ae2c317e32bcf66,资格赛 1-1
Kards Blitz - Day III: Block B 2400,bf:601ad0d4bccfe11bd7952790,资格赛 1-1
Kards Blitz - Day III: Block B 2400,bf:5f113e2cd04bae257fc195f6,资格赛 2-1
Kards Blitz - Day III: Block B 2400,bf:5eeb9c3d19b81239da9496cb,资格赛 3-0
Kards Blitz - Day IV: Block A 1400,bf:602bf7e108d6c576f70885be,资格赛 0-1
Kards Blitz - Day IV: Block A 1400,bf:601ccaa7df90f911ab030712,资格赛 0-1
Kards Blitz - Day IV: Block A 1400,bf:57101bc80b3b0f8312f27ec5,资格赛 0-1
Kards Blitz - Day IV: Block A 1400,bf:5f4965bb76b8305ffaa36866,资格赛 0-1
Kards Blitz - Day IV: Block A 1400,bf:602aa3c2a9de5d119d53bf98,资格赛 0-1
Kards Blitz - Day IV: Block A 1400,bf:601ae997fb69622ad6617823,资格赛 0-1
Kards Blitz - Day IV: Block A 1400,bf:5f10c966160c3f2239e92921,资格赛 0-1
Kards Blitz - Day IV: Block A 1400,bf:601e4222507c147700ac949d,资格赛 0-1
Kards Blitz - Day IV: Block A 1400,bf:5f113e2cd04bae257fc195f6,资格赛 1-1
Kards Blitz - Day IV: Block A 1400,bf:5fa3e36b6b9c704abc3f92a0,资格赛 1-1
Kards Blitz - Day IV: Block A 1400,bf:5e889af67a9c4c10932a6ca9,资格赛 1-1
Kards Blitz - Day IV: Block A 1400,bf:604e70169811de4a8929cc66,资格赛 1-1
Kards Blitz - Day IV: Block A 1400,bf:5fa3da8e11743771ade92018,资格赛 2-1
Kards Blitz - Day IV: Block A 1400,bf:601ad0d4bccfe11bd7952790,资格赛 2-1
Kards Blitz - Day IV: Block A 1400,bf:6040deb7c12b5c4f046bd81a,资格赛 3-1
Kards Blitz - Day IV: Block A 1400,bf:603cfe1ab328151e11b92549,资格赛 4-0
Kards Blitz - Day IV: Block A 1500,bf:6050d83f99327f4b6234ea93,资格赛 0-1
Kards Blitz - Day IV: Block A 1500,bf:6050d9c1d164f74b8e7830c0,资格赛 0-1
Kards Blitz - Day IV: Block A 1500,bf:605104bbb2e5e24b47ce44f8,资格赛 0-1
Kards Blitz - Day IV: Block A 1500,bf:5f1493df1c8cdf16056f8bc9,资格赛 0-1
Kards Blitz - Day IV: Block A 1500,bf:601ae997fb69622ad6617823,资格赛 0-1
Kards Blitz - Day IV: Block A 1500,bf:5ec2a6dafd8a561535cde2a5,资格赛 0-1
Kards Blitz - Day IV: Block A 1500,bf:602d5acba74cc17c31b7d9af,资格赛 0-1
Kards Blitz - Day IV: Block A 1500,bf:601ccaa7df90f911ab030712,资格赛 1-1
Kards Blitz - Day IV: Block A 1500,bf:601e4222507c147700ac949d,资格赛 1-1
Kards Blitz - Day IV: Block A 1500,bf:603aca86a4a3f111939e5346,资格赛 1-1
Kards Blitz - Day IV: Block A 1500,bf:57101bc80b3b0f8312f27ec5,资格赛 2-1
Kards Blitz - Day IV: Block A 1500,bf:5f1b48d1abfcb016362ba48e,资格赛 3-1
Kards Blitz - Day IV: Block A 1500,bf:5fa3da8e11743771ade92018,资格赛 4-0
Kards Blitz - Day IV: Block A 1600,bf:5f113e2cd04bae257fc195f6,资格赛 0-1
Kards Blitz - Day IV: Block A 1600,bf:5f1493df1c8cdf16056f8bc9,资格赛 0-1
Kards Blitz - Day IV: Block A 1600,bf:6050d9c1d164f74b8e7830c0,资格赛 0-1
Kards Blitz - Day IV: Block A 1600,bf:5f4318d1681ff84ab5ec92f9,资格赛 0-1
Kards Blitz - Day IV: Block A 1600,bf:5f4965bb76b8305ffaa36866,资格赛 0-1
Kards Blitz - Day IV: Block A 1600,bf:5f0dde2dc47339351f7f7715,资格赛 0-1
Kards Blitz - Day IV: Block A 1600,bf:5fbebdee043fd20cdf90cfaf,资格赛 0-1
Kards Blitz - Day IV: Block A 1600,bf:5fb6da26eb92fe047543c823,资格赛 0-1
Kards Blitz - Day IV: Block A 1600,bf:5fa3e36b6b9c704abc3f92a0,资格赛 1-1
Kards Blitz - Day IV: Block A 1600,bf:604e70169811de4a8929cc66,资格赛 1-1
Kards Blitz - Day IV: Block A 1600,bf:601ad0d4bccfe11bd7952790,资格赛 1-1
Kards Blitz - Day IV: Block A 1600,bf:6050dd83d164f74b8e7830f8,资格赛 2-1
Kards Blitz - Day IV: Block A 1600,bf:601ccaa7df90f911ab030712,资格赛 2-1
Kards Blitz - Day IV: Block A 1600,bf:602d5acba74cc17c31b7d9af,资格赛 3-1
Kards Blitz - Day IV: Block A 1600,bf:601ae997fb69622ad6617823,资格赛 4-0
Kards Blitz - Day IV: Block A 1700,bf:60538ebac377d13ac74753e7,资格赛 0-1
Kards Blitz - Day IV: Block A 1700,bf:6050d9c1d164f74b8e7830c0,资格赛 0-1
Kards Blitz - Day IV: Block A 1700,bf:5f113e2cd04bae257fc195f6,资格赛 0-1
Kards Blitz - Day IV: Block A 1700,bf:5f1b48d1abfcb016362ba48e,资格赛 0-1
Kards Blitz - Day IV: Block A 1700,bf:5f4318d1681ff84ab5ec92f9,资格赛 0-1
Kards Blitz - Day IV: Block A 1700,bf:603aca86a4a3f111939e5346,资格赛 0-1
Kards Blitz - Day IV: Block A 1700,bf:5fb3203b1632970e916b97b7,资格赛 0-1
Kards Blitz - Day IV: Block A 1700,bf:5fbef0144d01f9313d135b11,资格赛 0-1
Kards Blitz - Day IV: Block A 1700,bf:5fb6da26eb92fe047543c823,资格赛 1-1
Kards Blitz - Day IV: Block A 1700,bf:5f0dde2dc47339351f7f7715,资格赛 2-0
Kards Blitz - Day IV: Block A 1700,bf:6040deb7c12b5c4f046bd81a,资格赛 2-1
Kards Blitz - Day IV: Block A 1700,bf:5fbebdee043fd20cdf90cfaf,资格赛 2-1
Kards Blitz - Day IV: Block A 1700,bf:604e70169811de4a8929cc66,资格赛 4-0
Kards Blitz - Day IV: Block B 0100,bf:5f0dde2dc47339351f7f7715,资格赛 0-1
Kards Blitz - Day IV: Block B 0100,bf:5f10c966160c3f2239e92921,资格赛 0-1
Kards Blitz - Day IV: Block B 0100,bf:60512d0b3ae2c317e32bcf66,资格赛 0-1
Kards Blitz - Day IV: Block B 0100,bf:5fbebdee043fd20cdf90cfaf,资格赛 0-1
Kards Blitz - Day IV: Block B 0100,bf:5fb0acb4eb92fe047543807d,资格赛 1-1
Kards Blitz - Day IV: Block B 0100,bf:5f1b48d1abfcb016362ba48e,资格赛 1-1
Kards Blitz - Day IV: Block B 0100,bf:5f113e2cd04bae257fc195f6,资格赛 2-1
Kards Blitz - Day IV: Block B 0100,bf:5fa31ac6f8fc171ea9f67c43,资格赛 3-0
Kards Blitz - Day IV: Block B 0200,bf:5f10c966160c3f2239e92921,资格赛 0-1
Kards Blitz - Day IV: Block B 0200,bf:60514c101ca3d756eb01932e,资格赛 0-1
Kards Blitz - Day IV: Block B 0200,bf:5f0dde2dc47339351f7f7715,资格赛 0-1
Kards Blitz - Day IV: Block B 0200,bf:5f4318d1681ff84ab5ec92f9,资格赛 1-1
Kards Blitz - Day IV: Block B 0200,bf:5fbebdee043fd20cdf90cfaf,资格赛 3-0
Kards Blitz - Day IV: Block B 0300,bf:5fa3973bf8fc171ea9f68255,资格赛 0-1
Kards Blitz - Day IV: Block B 0300,bf:5f1b48d1abfcb016362ba48e,资格赛 0-1
Kards Blitz - Day IV: Block B 0300,bf:5f10c966160c3f2239e92921,资格赛 0-1
Kards Blitz - Day IV: Block B 0300,bf:5f0dde2dc47339351f7f7715,资格赛 0-1
Kards Blitz - Day IV: Block B 0300,bf:5fb0acb4eb92fe047543807d,资格赛 1-1
Kards Blitz - Day IV: Block B 0300,bf:5f113e2cd04bae257fc195f6,资格赛 1-1
Kards Blitz - Day IV: Block B 0300,bf:601ccaa7df90f911ab030712,资格赛 2-1
Kards Blitz - Day IV: Block B 0300,bf:5fa460dac3c163598ec7e50f,资格赛 3-0
Kards Blitz - Day IV: Block B 0400,bf:6050d83f99327f4b6234ea93,资格赛 0-1
Kards Blitz - Day IV: Block B 0400,bf:5f0dde2dc47339351f7f7715,资格赛 0-1
Kards Blitz - Day IV: Block B 0400,bf:5fb0acb4eb92fe047543807d,资格赛 1-1
Kards Blitz - Day IV: Block B 0400,bf:5f1b48d1abfcb016362ba48e,资格赛 1-1
Kards Blitz - Day IV: Block B 0400,bf:5f122bf8b4738624c4273b13,资格赛 1-1
Kards Blitz - Day IV: Block B 0400,bf:5f113e2cd04bae257fc195f6,资格赛 2-0
Kards Open,bf:5f0df9d07c4df3491abfc797,瑞士轮 0-1
Kards Open,bf:5ec44a4894993372f10699b1,瑞士轮 0-1
Kards Open,bf:5f0d9e4785aa4e37e911463c,瑞士轮 0-1
Kards Open,bf:5f140d9bbcbe32117ff6b7e7,瑞士轮 0-1
Kards Open,bf:5f12f0881c8cdf16056f6224,瑞士轮 0-1
Kards Open,bf:59b91e3e40985d034416fd27,瑞士轮 0-1
Kards Open,bf:5f12f0c3abfcb016362ae526,瑞士轮 0-1
Kards Open,bf:5f15827677697711a235e95c,瑞士轮 0-1
Kards Open,bf:5f11ef33160c3f2239e942b2,瑞士轮 0-1
Kards Open,bf:5f12da838b375222593365f7,瑞士轮 0-1
Kards Open,bf:5f1229f9cf4549174336fefe,瑞士轮 0-1
Kards Open,bf:5f11ff268b375222593350d0,瑞士轮 0-2
Kards Open,bf:5f140c57341d821185ca56df,瑞士轮 0-2
Kards Open,bf:5f11ffc4eac9482569fb4f49,瑞士轮 0-3
Kards Open,bf:5f13952ceea71b24bc312529,瑞士轮 0-3
Kards Open,bf:5f15a9d0cfac0e373c616a81,瑞士轮 0-5
Kards Open,bf:5f1240f24a28711494f1b3aa,瑞士轮 1-1
Kards Open,bf:5f0f22cb85aa4e37e9115bb4,瑞士轮 1-2
Kards Open,bf:5931f755f2d1a503331ea51d,瑞士轮 1-2
Kards Open,bf:5f13fc452cba8f11c2a4298c,瑞士轮 1-2
Kards Open,bf:5f121b05d04bae257fc1a263,瑞士轮 1-3
Kards Open,bf:5f17ef0fcfac0e373c6190c4,瑞士轮 1-3
Kards Open,bf:5ee6c5f92764fc7a784c6f9e,瑞士轮 1-4
Kards Open,bf:5f12273babfcb016362ad1d0,瑞士轮 1-6
Kards Open,bf:5f12bb564a28711494f1bd8d,瑞士轮 1-6
Kards Open,bf:5f1b3f1b08ac6c1dd4d6bb23,瑞士轮 2-1
Kards Open,bf:5f0cf3becbf20c490eb4fa7d,瑞士轮 2-2
Kards Open,bf:5ebea8a9bfed616b75962b6a,瑞士轮 2-2
Kards Open,bf:57b5a7ffabd8181c0cfdf304,瑞士轮 2-2
Kards Open,bf:5f193071cfac0e373c61a11b,瑞士轮 2-2
Kards Open,bf:5e9cf8ff72e2961f747c7978,瑞士轮 2-2
Kards Open,bf:5c834379fdf5df032965d470,瑞士轮 2-2
Kards Open,bf:5f0cbd1969a363414a64af57,瑞士轮 2-2
Kards Open,bf:5f1281edb4738624c42745af,瑞士轮 2-3
Kards Open,bf:5f11e4c6160c3f2239e941f5,瑞士轮 2-3
Kards Open,bf:5784f8bcf26da72d0cd20f65,瑞士轮 2-4
Kards Open,bf:5f148273cd3934118e03b196,瑞士轮 2-4
Kards Open,bf:5f1b9f20a73922196c802448,瑞士轮 2-4
Kards Open,bf:5f0fb7319d4b3024dce6f17b,瑞士轮 2-4
Kards Open,bf:5f156d9fb4738624c42798e8,瑞士轮 2-5
Kards Open,bf:5f1086f1160c3f2239e9225b,瑞士轮 2-5
Kards Open,bf:5f10825feac9482569fb2e81,瑞士轮 2-5
Kards Open,bf:5f11ff2ec08d9224ce511d19,瑞士轮 2-6
Kards Open,bf:5f14e99eea159211b4c99eab,瑞士轮 2-6
Kards Open,bf:5f1b1546b4738624c4282183,瑞士轮 2-6
Kards Open,bf:5f0e1a20c47339351f7f7b34,瑞士轮 3-1
Kards Open,bf:5eb572f0a795290866140381,瑞士轮 3-1
Kards Open,bf:56ed79634fdf9b7e1224dddc,瑞士轮 3-2
Kards Open,bf:5eb708950fe915528f90abfd,瑞士轮 3-3
Kards Open,bf:57a1697c8c3386280ca04b34,瑞士轮 3-3
Kards Open,bf:5f12771889520148edf780af,瑞士轮 3-3
Kards Open,bf:5f0e76497c4df3491abfd06c,瑞士轮 3-3
Kards Open,bf:5f0e37b37c5e104738aebbe3,瑞士轮 3-3
Kards Open,bf:5f1566b0341d821185ca734b,瑞士轮 3-3
Kards Open,bf:5f12c35f8b375222593364f0,瑞士轮 3-4
Kards Open,bf:5f1a8cc8b4738624c42817ef,瑞士轮 3-4
Kards Open,bf:5f140ea9b4738624c4277d71,瑞士轮 3-4
Kards Open,bf:5f1539bacfac0e373c6166ce,瑞士轮 3-4
Kards Open,bf:5f1520542cba8f11c2a44c16,瑞士轮 3-4
Kards Open,bf:5f1b48d1abfcb016362ba48e,瑞士轮 3-4
Kards Open,bf:5f13f8f0381ccb11abfed78c,瑞士轮 3-4
Kards Open,bf:5f14582a341d821185ca59e8,瑞士轮 3-4
Kards Open,bf:5f11ff59eea71b24bc30ee0c,瑞士轮 3-4
Kards Open,bf:5f102c329d4b3024dce6f5dd,瑞士轮 3-4
Kards Open,bf:5f19119cb4738624c427e33c,瑞士轮 3-5
Kards Open,bf:5f153751eea71b24bc31458b,瑞士轮 3-5
Kards Open,bf:5ad6b5686a20dd03885fa1d1,瑞士轮 4-1
Kards Open,bf:5f145d63b4738624c4278122,瑞士轮 4-3
Kards Open,bf:56bf93a68b6bc7030304a789,瑞士轮 4-3
Kards Open,bf:5f0cd40c3087a65e039603f4,瑞士轮 4-3
Kards Open,bf:5f140b7f1c8cdf16056f833c,瑞士轮 4-3
Kards Open,bf:5f1220b9b4738624c4273900,瑞士轮 4-3
Kards Open,bf:5f13328d77697711a235a704,瑞士轮 4-3
Kards Open,bf:5f1660782cba8f11c2a45e9c,瑞士轮 4-3
Kards Open,bf:5a4d98c332953903641106de,瑞士轮 4-3
Kards Open,bf:5f10783cc08d9224ce50f95f,瑞士轮 4-4
Kards Open,bf:5f0f2f19ef3ab65b96797ada,瑞士轮 4-4
Kards Open,bf:564e7b5b80b8db4a00c4ff9c,瑞士轮 4-4
Kards Open,bf:5f112ee3eac9482569fb3ee6,瑞士轮 4-4
Kards Open,bf:5f11e67d85fecb25631448a0,瑞士轮 5-1
Kards Open,bf:5ec2f8632e7fb7357e7c8077,瑞士轮 5-3
Kards Open,bf:5eb598330abb797ad38acaee,瑞士轮 5-3
Kards Open,bf:572751089b61d587125da415,瑞士轮 5-3
Kards Open,bf:5f0de85b7c5e104738aeb5a8,瑞士轮 5-3
Kards Open,bf:5f103df2eac9482569fb2922,瑞士轮 5-3
Kards Open,bf:5f0db8236f4cd1393325784f,瑞士轮 5-3
Kards Open,bf:5f130139f7c29f223fd64290,瑞士轮 5-3
Kards Open,bf:596dd6d3014e6b033a8a1275,瑞士轮 6-2
Kards Open,bf:5eb65df574f31a11dd226b38,瑞士轮 6-2
Kards Open,bf:5f0d81380ffa0b49d9f58c5c,瑞士轮 6-2
Kards Open,bf:5ebd8cafb3bec004beff6eff,瑞士轮 6-2
Kards Open,bf:5f1bad8bb4738624c4283cf6,瑞士轮 6-2
Kards Open,bf:5f0dfb2c7c4df3491abfc7a6,瑞士轮 6-2
Kards Open,bf:5ebea2fd1eafc755976c161a,瑞士轮 6-2
Kards Open,bf:5f0df84e824086475be264b7,瑞士轮 6-2
Kards Open,bf:5eb7670e5e789b4b50a06de2,瑞士轮 6-2
Kards Open,bf:5f11d247160c3f2239e940a4,瑞士轮 6-2
Kards Open,bf:5ebc5c7aec210a06ae04d4d4,瑞士轮 6-2
Kards Open,bf:5b38c676cbd82c03a4f28e8f,瑞士轮 7-1
Kards Open,bf:5ec99a6d5cb5d5345c7fdf7c,瑞士轮 7-1
Kards Open #2,bf:5eb65df574f31a11dd226b38,8 强 · 第 1 名（3-0）
Kards Open #2,bf:564e7b5b80b8db4a00c4ff9c,8 强 · 第 2 名（2-1）
Kards Open #2,bf:5ec99a6d5cb5d5345c7fdf7c,8 强 · 第 3–4 名（1-2）
Kards Open #2,bf:5b38c676cbd82c03a4f28e8f,8 强 · 第 3–4 名（2-1）
Kards Open #2,bf:5ebc5c7aec210a06ae04d4d4,8 强 · 第 5–8 名（0-1）
Kards Open #2,bf:5f0e37b37c5e104738aebbe3,8 强 · 第 5–8 名（0-1）
Kards Open #2,bf:5f4536884cbe7961ba1906fa,8 强 · 第 5–8 名（0-1）
Kards Open #2,bf:5f32919a74a4bd1196ff9509,8 强 · 第 5–8 名（0-1）
Kards Open #2,bf:5ec038e2256baa1d38011a05,瑞士轮 0-1
Kards Open #2,bf:5f32224b74a4bd1196ff8e97,瑞士轮 0-1
Kards Open #2,bf:5f0f54427c4df3491abfe274,瑞士轮 0-1
Kards Open #2,bf:5f3a8d53c190e3296d7a1eef,瑞士轮 0-1
Kards Open #2,bf:5f36c30fff2e5911a44a282e,瑞士轮 0-1
Kards Open #2,bf:5f4965bb76b8305ffaa36866,瑞士轮 0-1
Kards Open #2,bf:5f47aca042aba63789789166,瑞士轮 0-1
Kards Open #2,bf:5f469fbd9f8a441a768119af,瑞士轮 0-1
Kards Open #2,bf:5f3bc9efdbf742295bce0a9d,瑞士轮 0-1
Kards Open #2,bf:5f3a8e2d33118628f2f5a7d5,瑞士轮 0-1
Kards Open #2,bf:5f3d1e45c190e3296d7a4aa5,瑞士轮 0-1
Kards Open #2,bf:5dff9d39fafe5a70cf39ed01,瑞士轮 0-1
Kards Open #2,bf:5f155f3577697711a235e552,瑞士轮 0-1
Kards Open #2,bf:5f101bc2eea71b24bc30c50e,瑞士轮 0-1
Kards Open #2,bf:5f36cca903dbcc11d58d89d8,瑞士轮 0-1
Kards Open #2,bf:5f31e6b930b92e118dbc3b00,瑞士轮 0-1
Kards Open #2,bf:5f4617f7cff9bb4e25c81a49,瑞士轮 0-1
Kards Open #2,bf:5e055721e0b14c3515213776,瑞士轮 0-2
Kards Open #2,bf:5f32e74430b92e118dbc4866,瑞士轮 0-2
Kards Open #2,bf:5e9cf8ff72e2961f747c7978,瑞士轮 0-2
Kards Open #2,bf:5f3800b06ce6de28d63de960,瑞士轮 0-2
Kards Open #2,bf:5ec2ace2fd8a561535cde2e1,瑞士轮 0-2
Kards Open #2,bf:5f4022e92736604a195ffbfb,瑞士轮 0-3
Kards Open #2,bf:5f3846d25b41bf2bd0fe2207,瑞士轮 0-3
Kards Open #2,bf:5f4a2d8c76b8305ffaa376af,瑞士轮 0-3
Kards Open #2,bf:5f3ab4ce63cc1128e5f8a327,瑞士轮 0-3
Kards Open #2,bf:5f32abe69ab87f2e0c19e0b7,瑞士轮 0-4
Kards Open #2,bf:5f176280381ccb11abff191f,瑞士轮 0-4
Kards Open #2,bf:5f1086f1160c3f2239e9225b,瑞士轮 0-5
Kards Open #2,bf:5f12273babfcb016362ad1d0,瑞士轮 0-6
Kards Open #2,bf:5f32e62750b4d02c241cb180,瑞士轮 1-0
Kards Open #2,bf:5f193071cfac0e373c61a11b,瑞士轮 1-0
Kards Open #2,bf:5f35946553b8ce11abe62c4d,瑞士轮 1-1
Kards Open #2,bf:5f140d9bbcbe32117ff6b7e7,瑞士轮 1-1
Kards Open #2,bf:5ebea2fd1eafc755976c161a,瑞士轮 1-1
Kards Open #2,bf:5f3ff2e624334d4ac794708e,瑞士轮 1-1
Kards Open #2,bf:5f318206a8e6c511a449d179,瑞士轮 1-2
Kards Open #2,bf:5b0094b93d8b3603b86987cc,瑞士轮 1-2
Kards Open #2,bf:5f3a8eb4dd76a928dcec9bec,瑞士轮 1-2
Kards Open #2,bf:5f1660782cba8f11c2a45e9c,瑞士轮 1-2
Kards Open #2,bf:5f13f8f0381ccb11abfed78c,瑞士轮 1-4
Kards Open #2,bf:5f0f2f19ef3ab65b96797ada,瑞士轮 1-4
Kards Open #2,bf:5f0eab817c4df3491abfd2e6,瑞士轮 1-4
Kards Open #2,bf:5f3e11a1a3f8871d5075e3d0,瑞士轮 1-5
Kards Open #2,bf:5f12bb564a28711494f1bd8d,瑞士轮 1-5
Kards Open #2,bf:5f3fbdaeb856d24e0965bbc4,瑞士轮 2-1
Kards Open #2,bf:5f332d0619fcf2666b2ac60a,瑞士轮 2-1
Kards Open #2,bf:5f1bad8bb4738624c4283cf6,瑞士轮 2-2
Kards Open #2,bf:5784f8bcf26da72d0cd20f65,瑞士轮 2-2
Kards Open #2,bf:5f3858c1b83d9d2bb0609265,瑞士轮 2-2
Kards Open #2,bf:5f140c57341d821185ca56df,瑞士轮 2-2
Kards Open #2,bf:5f102c329d4b3024dce6f5dd,瑞士轮 2-3
Kards Open #2,bf:5f344b7a8a94d511b1d68a96,瑞士轮 2-3
Kards Open #2,bf:5f4a66a7629c8b6045fa11b9,瑞士轮 2-3
Kards Open #2,bf:5f4318d1681ff84ab5ec92f9,瑞士轮 2-4
Kards Open #2,bf:5f369b86c897e0119e4ff6f8,瑞士轮 2-4
Kards Open #2,bf:5ee6c5f92764fc7a784c6f9e,瑞士轮 2-4
Kards Open #2,bf:5f351f60af063111a36d282b,瑞士轮 3-3
Kards Open #2,bf:5f3d19c7dd76a928dceccbcd,瑞士轮 3-3
Kards Open #2,bf:5f382e1f33118628f2f56ca7,瑞士轮 3-3
Kards Open #2,bf:5f46ff72cff9bb4e25c82ac7,瑞士轮 3-3
Kards Open #2,bf:5f354d22e4876e1184288d58,瑞士轮 3-3
Kards Open #2,bf:5f0f3d9e7c4df3491abfe047,瑞士轮 3-4
Kards Open #2,bf:5f11ff59eea71b24bc30ee0c,瑞士轮 3-4
Kards Open #2,bf:5f1539bacfac0e373c6166ce,瑞士轮 3-4
Kards Open #2,bf:5f41a73ee7543f4a0a54f568,瑞士轮 3-4
Kards Open #2,bf:5f34d3bdacefe6118a5de444,瑞士轮 3-4
Kards Open #2,bf:5f3d0646dd76a928dceccb16,瑞士轮 3-4
Kards Open #2,bf:5f38338163cc1128e5f86f97,瑞士轮 3-5
Kards Open #2,bf:5f31dbda9ab87f2e0c19cd0c,瑞士轮 4-2
Kards Open #2,bf:5f36dc4b98f0a311ad32446c,瑞士轮 4-2
Kards Open #2,bf:5f32ca9074a4bd1196ff97d9,瑞士轮 4-3
Kards Open #2,bf:5d26bcf5c9bf6055b457dfb5,瑞士轮 4-3
Kards Open #2,bf:5c4dca4fa9f6820352797666,瑞士轮 4-3
Kards Open #2,bf:5f3b1ebadd76a928dceca753,瑞士轮 4-3
Kards Open #2,bf:5eb7670e5e789b4b50a06de2,瑞士轮 4-3
Kards Open #2,bf:5f0df84e824086475be264b7,瑞士轮 4-3
Kards Open #2,bf:5f148273cd3934118e03b196,瑞士轮 4-3
Kards Open #2,bf:5f48837c34f6ed5f7791f82a,瑞士轮 4-3
Kards Open #2,bf:5f31e18d7bd80311ab780bcb,瑞士轮 4-3
Kards Open #2,bf:5f3304e930b92e118dbc4ad6,瑞士轮 4-4
Kards Open #2,bf:544fd1e1a3aee26f0b100edb,瑞士轮 4-4
Kards Open #2,bf:5f4a40fd34f6ed5f7792170c,瑞士轮 4-4
Kards Open #2,bf:5f11d0b0eea71b24bc30e84a,瑞士轮 4-4
Kards Open #2,bf:5f169f65bcbe32117ff6eb42,瑞士轮 4-4
Kards Open #2,bf:5f0e248def3ab65b96796c3f,瑞士轮 5-1
Kards Open #2,bf:5f11d247160c3f2239e940a4,瑞士轮 5-2
Kards Open #2,bf:5f12771889520148edf780af,瑞士轮 5-3
Kards Open #2,bf:5f362c8703dbcc11d58d78e3,瑞士轮 5-3
Kards Open #2,bf:5ebea8a9bfed616b75962b6a,瑞士轮 5-3
Kards Open #2,bf:5f3321d98a94d511b1d67c5b,瑞士轮 5-3
Kards Open #2,bf:5f1b48d1abfcb016362ba48e,瑞士轮 5-3
Kards Open #2,bf:5f32c6147bd80311ab78193f,瑞士轮 5-3
Kards Open #2,bf:5f464a379f8a441a7681100e,瑞士轮 5-3
Kards Open #2,bf:5f318c62af063111a36cedab,瑞士轮 5-3
Kards Open #2,bf:5f3fc42472caf64e0f2b589c,瑞士轮 6-2
Kards Open #2,bf:5f11e67d85fecb25631448a0,瑞士轮 6-2
Kards Open #2,bf:5f0cd40c3087a65e039603f4,瑞士轮 6-2
Kards Open #2,bf:5f105658eac9482569fb2be4,瑞士轮 6-2
Kards Open #3 - Swiss Weekend,bf:5fb1a2cb5caa4f5e4bc80d56,瑞士轮 0-1
Kards Open #3 - Swiss Weekend,bf:5fc06376a447ab4bb37e29a7,瑞士轮 0-1
Kards Open #3 - Swiss Weekend,bf:5fbf6f3f26ea883a515841f0,瑞士轮 0-1
Kards Open #3 - Swiss Weekend,bf:5f130139f7c29f223fd64290,瑞士轮 0-1
Kards Open #3 - Swiss Weekend,bf:5fb1143e502b9e587d1b94dc,瑞士轮 0-1
Kards Open #3 - Swiss Weekend,bf:5d6bf8a0238bc73c869e6430,瑞士轮 0-1
Kards Open #3 - Swiss Weekend,bf:5fb1316c502b9e587d1b95e6,瑞士轮 0-1
Kards Open #3 - Swiss Weekend,bf:5fc07486698db1048d27ccd5,瑞士轮 0-1
Kards Open #3 - Swiss Weekend,bf:5fbf17032dc8793ada852978,瑞士轮 0-1
Kards Open #3 - Swiss Weekend,bf:5fbe91ca26ea883a51583aa4,瑞士轮 0-1
Kards Open #3 - Swiss Weekend,bf:5f0dad9ac47339351f7f742f,瑞士轮 0-1
Kards Open #3 - Swiss Weekend,bf:5f122bf8b4738624c4273b13,瑞士轮 0-1
Kards Open #3 - Swiss Weekend,bf:5fc1647ca447ab4bb37e3019,瑞士轮 0-1
Kards Open #3 - Swiss Weekend,bf:5fb3e6ddf07fad440734f71f,瑞士轮 0-1
Kards Open #3 - Swiss Weekend,bf:5fbfa6575d320863b86f10ec,瑞士轮 0-1
Kards Open #3 - Swiss Weekend,bf:5fbfb60f1632970e916c6544,瑞士轮 0-1
Kards Open #3 - Swiss Weekend,bf:5fafe7dfe7d89a60d43336cc,瑞士轮 0-1
Kards Open #3 - Swiss Weekend,bf:5fc21ebcb0ef7749130e6b81,瑞士轮 0-1
Kards Open #3 - Swiss Weekend,bf:5fbed15626ea883a51583d3f,瑞士轮 0-1
Kards Open #3 - Swiss Weekend,bf:5fb035bf502b9e587d1b8643,瑞士轮 0-1
Kards Open #3 - Swiss Weekend,bf:5fb98c8e19c8f219d78717ac,瑞士轮 0-1
Kards Open #3 - Swiss Weekend,bf:5fc062ca3a712911d5860aac,瑞士轮 0-1
Kards Open #3 - Swiss Weekend,bf:5fc24f00971c1811b1c037b0,瑞士轮 0-1
Kards Open #3 - Swiss Weekend,bf:5fb0e0020c8f110e8a8bf3f2,瑞士轮 0-1
Kards Open #3 - Swiss Weekend,bf:5fbedfbc0f21e57963853121,瑞士轮 0-1
Kards Open #3 - Swiss Weekend,bf:5fbe83792dc8793ada85198d,瑞士轮 0-1
Kards Open #3 - Swiss Weekend,bf:5fbf32921632970e916c6301,瑞士轮 0-1
Kards Open #3 - Swiss Weekend,bf:5ec2f8632e7fb7357e7c8077,瑞士轮 0-1
Kards Open #3 - Swiss Weekend,bf:5fc134dd4a3afe55318cf5ff,瑞士轮 0-1
Kards Open #3 - Swiss Weekend,bf:5f11d247160c3f2239e940a4,瑞士轮 0-1
Kards Open #3 - Swiss Weekend,bf:5fb010199a9e750ea663b1d1,瑞士轮 0-1
Kards Open #3 - Swiss Weekend,bf:5f105658eac9482569fb2be4,瑞士轮 0-1
Kards Open #3 - Swiss Weekend,bf:5fbe8b2e5d320863b86f0330,瑞士轮 0-1
Kards Open #3 - Swiss Weekend,bf:5fc048141632970e916c6beb,瑞士轮 0-1
Kards Open #3 - Swiss Weekend,bf:5fc26afe6052f211a7127a71,瑞士轮 0-1
Kards Open #3 - Swiss Weekend,bf:5fbf8fc55d320863b86f1086,瑞士轮 0-2
Kards Open #3 - Swiss Weekend,bf:5fb3f8b3e7d89a60d4337959,瑞士轮 0-2
Kards Open #3 - Swiss Weekend,bf:5f11d03df7c29f223fd624f2,瑞士轮 0-2
Kards Open #3 - Swiss Weekend,bf:5fb02c08698db1048d26ba0d,瑞士轮 0-2
Kards Open #3 - Swiss Weekend,bf:5ec99a6d5cb5d5345c7fdf7c,瑞士轮 0-2
Kards Open #3 - Swiss Weekend,bf:5fbe970e26ea883a51583ac1,瑞士轮 0-2
Kards Open #3 - Swiss Weekend,bf:5fb6a5d3e7d89a60d4339244,瑞士轮 0-2
Kards Open #3 - Swiss Weekend,bf:5fbf28984d01f9313d135d0f,瑞士轮 0-2
Kards Open #3 - Swiss Weekend,bf:5fbe9602698db1048d27b3e0,瑞士轮 0-2
Kards Open #3 - Swiss Weekend,bf:5fbe873b4d01f9313d135045,瑞士轮 0-2
Kards Open #3 - Swiss Weekend,bf:5fb73781698db1048d271114,瑞士轮 0-2
Kards Open #3 - Swiss Weekend,bf:5fbe862ca447ab4bb37e0f77,瑞士轮 0-2
Kards Open #3 - Swiss Weekend,bf:5b499abbdbda4803ac64b712,瑞士轮 0-2
Kards Open #3 - Swiss Weekend,bf:5fc0244ca2fd34654753d0cb,瑞士轮 0-3
Kards Open #3 - Swiss Weekend,bf:5fbe8ae05d320863b86f032c,瑞士轮 0-3
Kards Open #3 - Swiss Weekend,bf:5fafeec6e7d89a60d4333722,瑞士轮 0-3
Kards Open #3 - Swiss Weekend,bf:5faffa8a502b9e587d1b7c3e,瑞士轮 0-3
Kards Open #3 - Swiss Weekend,bf:5fa2d1356b9c704abc3f86e4,瑞士轮 0-3
Kards Open #3 - Swiss Weekend,bf:5fbe96be698db1048d27b3e4,瑞士轮 0-3
Kards Open #3 - Swiss Weekend,bf:5fbe89b5043fd20cdf90cccf,瑞士轮 0-4
Kards Open #3 - Swiss Weekend,bf:5f1520542cba8f11c2a44c16,瑞士轮 0-4
Kards Open #3 - Swiss Weekend,bf:5fbc0c3e2dc8793ada84fdb3,瑞士轮 0-4
Kards Open #3 - Swiss Weekend,bf:5ec14e2baf9b8d5641b7a639,瑞士轮 0-4
Kards Open #3 - Swiss Weekend,bf:5fb719fde0bfea60c76a4f50,瑞士轮 0-7
Kards Open #3 - Swiss Weekend,bf:5fbef3ecb0ef7749130e49bc,瑞士轮 1-0
Kards Open #3 - Swiss Weekend,bf:5fbf8670698db1048d27bfda,瑞士轮 1-0
Kards Open #3 - Swiss Weekend,bf:5fa530563f52763256b7593d,瑞士轮 1-0
Kards Open #3 - Swiss Weekend,bf:5fbf174c5d320863b86f0efc,瑞士轮 1-0
Kards Open #3 - Swiss Weekend,bf:5fafaf199a9e750ea663a8e3,瑞士轮 1-0
Kards Open #3 - Swiss Weekend,bf:5fbfd4581632970e916c6699,瑞士轮 1-0
Kards Open #3 - Swiss Weekend,bf:5fbe971d0f21e57963852d08,瑞士轮 1-0
Kards Open #3 - Swiss Weekend,bf:5fbfb8692dc8793ada852b8d,瑞士轮 1-0
Kards Open #3 - Swiss Weekend,bf:5fbf62605d320863b86f0ff1,瑞士轮 1-0
Kards Open #3 - Swiss Weekend,bf:5fbfaa5d698db1048d27c161,瑞士轮 1-0
Kards Open #3 - Swiss Weekend,bf:5e7fb8e3d7ce547b37484302,瑞士轮 1-1
Kards Open #3 - Swiss Weekend,bf:5fbf7a86b0ef7749130e4dec,瑞士轮 1-1
Kards Open #3 - Swiss Weekend,bf:5fbfb4c7043fd20cdf90d6e1,瑞士轮 1-1
Kards Open #3 - Swiss Weekend,bf:5fa3973bf8fc171ea9f68255,瑞士轮 1-1
Kards Open #3 - Swiss Weekend,bf:5fbe906ba2fd34654753c0fc,瑞士轮 1-1
Kards Open #3 - Swiss Weekend,bf:5fbe830b26ea883a515839f5,瑞士轮 1-1
Kards Open #3 - Swiss Weekend,bf:5fbf97cfb0ef7749130e4e94,瑞士轮 1-1
Kards Open #3 - Swiss Weekend,bf:5fc1c2f14a3afe55318cfd98,瑞士轮 1-1
Kards Open #3 - Swiss Weekend,bf:5fbe834ea2fd34654753c095,瑞士轮 1-1
Kards Open #3 - Swiss Weekend,bf:5fc1741a4a3afe55318cf945,瑞士轮 1-1
Kards Open #3 - Swiss Weekend,bf:5fbe8afb698db1048d27b396,瑞士轮 1-1
Kards Open #3 - Swiss Weekend,bf:5fbfaa4726ea883a5158435d,瑞士轮 1-1
Kards Open #3 - Swiss Weekend,bf:5fbe848ca2fd34654753c09a,瑞士轮 1-1
Kards Open #3 - Swiss Weekend,bf:5f3bcb62c190e3296d7a2cd2,瑞士轮 1-1
Kards Open #3 - Swiss Weekend,bf:5fbe86401632970e916c599c,瑞士轮 1-1
Kards Open #3 - Swiss Weekend,bf:5fa3e36b6b9c704abc3f92a0,瑞士轮 1-2
Kards Open #3 - Swiss Weekend,bf:5fb4d729f07fad44073509e4,瑞士轮 1-2
Kards Open #3 - Swiss Weekend,bf:5fc1dd9b2dc8793ada8544a3,瑞士轮 1-2
Kards Open #3 - Swiss Weekend,bf:5fbf516e2dc8793ada852a4c,瑞士轮 1-2
Kards Open #3 - Swiss Weekend,bf:5fa2928f11743771ade9128e,瑞士轮 1-2
Kards Open #3 - Swiss Weekend,bf:5b38c676cbd82c03a4f28e8f,瑞士轮 1-2
Kards Open #3 - Swiss Weekend,bf:5fb0f0121632970e916b7856,瑞士轮 1-2
Kards Open #3 - Swiss Weekend,bf:5fbf3d90adfefd64e8c91af1,瑞士轮 1-2
Kards Open #3 - Swiss Weekend,bf:5fc241c1f1aa2511d7251933,瑞士轮 1-2
Kards Open #3 - Swiss Weekend,bf:57a1697c8c3386280ca04b34,瑞士轮 1-2
Kards Open #3 - Swiss Weekend,bf:5f404839cabbdc4a26620899,瑞士轮 1-3
Kards Open #3 - Swiss Weekend,bf:5f11ff59eea71b24bc30ee0c,瑞士轮 1-3
Kards Open #3 - Swiss Weekend,bf:5fbf3849043fd20cdf90d500,瑞士轮 1-3
Kards Open #3 - Swiss Weekend,bf:5784f8bcf26da72d0cd20f65,瑞士轮 1-3
Kards Open #3 - Swiss Weekend,bf:5fc0ff84971c1811b1c02525,瑞士轮 1-3
Kards Open #3 - Swiss Weekend,bf:5fb051789a9e750ea663bb88,瑞士轮 1-3
Kards Open #3 - Swiss Weekend,bf:5fbfb8f1043fd20cdf90d702,瑞士轮 1-4
Kards Open #3 - Swiss Weekend,bf:5fc13108a447ab4bb37e2e33,瑞士轮 1-5
Kards Open #3 - Swiss Weekend,bf:5fc1f746a2fd34654753e1ae,瑞士轮 1-5
Kards Open #3 - Swiss Weekend,bf:5f10825feac9482569fb2e81,瑞士轮 1-6
Kards Open #3 - Swiss Weekend,bf:5fb0ee1e698db1048d26c5af,瑞士轮 1-6
Kards Open #3 - Swiss Weekend,bf:5fbe8b8ea447ab4bb37e0fc8,瑞士轮 1-6
Kards Open #3 - Swiss Weekend,bf:5fb97cee0c24381d904b5447,瑞士轮 2-0
Kards Open #3 - Swiss Weekend,bf:5fb032ea502b9e587d1b85eb,瑞士轮 2-1
Kards Open #3 - Swiss Weekend,bf:5ebea8a9bfed616b75962b6a,瑞士轮 2-1
Kards Open #3 - Swiss Weekend,bf:5fb1cbe45caa4f5e4bc81377,瑞士轮 2-1
Kards Open #3 - Swiss Weekend,bf:5fb3203b1632970e916b97b7,瑞士轮 2-2
Kards Open #3 - Swiss Weekend,bf:5fb42443a2fd346547530b2e,瑞士轮 2-2
Kards Open #3 - Swiss Weekend,bf:5fb8387c1faa4843f941ba10,瑞士轮 2-2
Kards Open #3 - Swiss Weekend,bf:57101bc80b3b0f8312f27ec5,瑞士轮 2-2
Kards Open #3 - Swiss Weekend,bf:5fa5ede611743771ade94108,瑞士轮 2-2
Kards Open #3 - Swiss Weekend,bf:5fb1184c0c8f110e8a8bf660,瑞士轮 2-2
Kards Open #3 - Swiss Weekend,bf:5fc0060d698db1048d27c939,瑞士轮 2-2
Kards Open #3 - Swiss Weekend,bf:5fbc4040adfefd64e8c8fd73,瑞士轮 2-2
Kards Open #3 - Swiss Weekend,bf:5fb1db8c5caa4f5e4bc8168d,瑞士轮 2-2
Kards Open #3 - Swiss Weekend,bf:5fbf5273adfefd64e8c91b99,瑞士轮 2-2
Kards Open #3 - Swiss Weekend,bf:5fc0046a698db1048d27c912,瑞士轮 2-2
Kards Open #3 - Swiss Weekend,bf:5fb1cc6ee0bfea60c76a1385,瑞士轮 2-2
Kards Open #3 - Swiss Weekend,bf:5fbfbd51b0ef7749130e4f38,瑞士轮 2-3
Kards Open #3 - Swiss Weekend,bf:5ec2acf9a7330d091e79291a,瑞士轮 2-3
Kards Open #3 - Swiss Weekend,bf:5fb3184d9a9e750ea663e423,瑞士轮 2-3
Kards Open #3 - Swiss Weekend,bf:5fbc79591632970e916c3fe5,瑞士轮 2-3
Kards Open #3 - Swiss Weekend,bf:5fc2123f8ae4c5551e8b0129,瑞士轮 2-3
Kards Open #3 - Swiss Weekend,bf:5fb4442a9a9e750ea663ee54,瑞士轮 2-3
Kards Open #3 - Swiss Weekend,bf:5f32224b74a4bd1196ff8e97,瑞士轮 2-3
Kards Open #3 - Swiss Weekend,bf:5fb026c1502b9e587d1b838d,瑞士轮 2-3
Kards Open #3 - Swiss Weekend,bf:5fbeb056698db1048d27b5bd,瑞士轮 2-4
Kards Open #3 - Swiss Weekend,bf:5fbb03850f21e57963850470,瑞士轮 2-4
Kards Open #3 - Swiss Weekend,bf:5fbc3b8e0f21e5796385112f,瑞士轮 2-4
Kards Open #3 - Swiss Weekend,bf:5fb3df78f07fad440734f6f7,瑞士轮 2-5
Kards Open #3 - Swiss Weekend,bf:5a8879b76c3ac00358830d7c,瑞士轮 2-5
Kards Open #3 - Swiss Weekend,bf:5fbd71c2e7d89a60d43410ca,瑞士轮 2-5
Kards Open #3 - Swiss Weekend,bf:5fba777719c8f219d787247b,瑞士轮 2-5
Kards Open #3 - Swiss Weekend,bf:5fb0b189f07fad440734d338,瑞士轮 2-5
Kards Open #3 - Swiss Weekend,bf:5fbe8c402dc8793ada8519d5,瑞士轮 3-1
Kards Open #3 - Swiss Weekend,bf:5fa2992ef8fc171ea9f66a3e,瑞士轮 3-1
Kards Open #3 - Swiss Weekend,bf:5eb572f0a795290866140381,瑞士轮 3-2
Kards Open #3 - Swiss Weekend,bf:5fbdb89d26ea883a51583400,瑞士轮 3-2
Kards Open #3 - Swiss Weekend,bf:5f0df84e824086475be264b7,瑞士轮 3-2
Kards Open #3 - Swiss Weekend,bf:5fbfc2c9043fd20cdf90d720,瑞士轮 3-2
Kards Open #3 - Swiss Weekend,bf:5f11e67d85fecb25631448a0,瑞士轮 3-2
Kards Open #3 - Swiss Weekend,bf:5fa27bfdf8fc171ea9f66924,瑞士轮 3-2
Kards Open #3 - Swiss Weekend,bf:5fbebdee043fd20cdf90cfaf,瑞士轮 3-2
Kards Open #3 - Swiss Weekend,bf:5f3fc42472caf64e0f2b589c,瑞士轮 3-2
Kards Open #3 - Swiss Weekend,bf:5fa57306cc28b3594394b946,瑞士轮 3-2
Kards Open #3 - Swiss Weekend,bf:5f34d3bdacefe6118a5de444,瑞士轮 3-2
Kards Open #3 - Swiss Weekend,bf:5ec57fff74214e1748e43f56,瑞士轮 3-3
Kards Open #3 - Swiss Weekend,bf:5fbf81d4698db1048d27bf78,瑞士轮 3-3
Kards Open #3 - Swiss Weekend,bf:5fb18ed99a9e750ea663cd33,瑞士轮 3-3
Kards Open #3 - Swiss Weekend,bf:5f1b48d1abfcb016362ba48e,瑞士轮 3-4
Kards Open #3 - Swiss Weekend,bf:5c3b6b20304450039e51c054,瑞士轮 3-4
Kards Open #3 - Swiss Weekend,bf:5f0f3d9e7c4df3491abfe047,瑞士轮 3-4
Kards Open #3 - Swiss Weekend,bf:5fbf86bf2dc8793ada852abe,瑞士轮 3-4
Kards Open #3 - Swiss Weekend,bf:5fb2c8f11632970e916b926c,瑞士轮 3-4
Kards Open #3 - Swiss Weekend,bf:5fbfafde1632970e916c652e,瑞士轮 3-4
Kards Open #3 - Swiss Weekend,bf:5fc1dd90043fd20cdf90e83e,瑞士轮 3-5
Kards Open #3 - Swiss Weekend,bf:5fb43070a2fd346547530c21,瑞士轮 3-5
Kards Open #3 - Swiss Weekend,bf:5fbeb7541632970e916c5c93,瑞士轮 3-5
Kards Open #3 - Swiss Weekend,bf:5fbffbaa2dc8793ada85319e,瑞士轮 3-5
Kards Open #3 - Swiss Weekend,bf:5fbf9fa55d320863b86f10d6,瑞士轮 4-1
Kards Open #3 - Swiss Weekend,bf:5f323b2daf063111a36cffab,瑞士轮 4-1
Kards Open #3 - Swiss Weekend,bf:5fc003a1b0ef7749130e5216,瑞士轮 4-1
Kards Open #3 - Swiss Weekend,bf:5fbfa75c0f21e57963853e73,瑞士轮 4-1
Kards Open #3 - Swiss Weekend,bf:5fbeb20eb0ef7749130e452c,瑞士轮 4-2
Kards Open #3 - Swiss Weekend,bf:5fbd548d698db1048d27a866,瑞士轮 4-2
Kards Open #3 - Swiss Weekend,bf:5fbfb1ca2dc8793ada852b72,瑞士轮 4-2
Kards Open #3 - Swiss Weekend,bf:5fb666119a9e750ea664030b,瑞士轮 4-3
Kards Open #3 - Swiss Weekend,bf:5f0cd40c3087a65e039603f4,瑞士轮 4-3
Kards Open #3 - Swiss Weekend,bf:5fb249e5f07fad440734e5ea,瑞士轮 4-3
Kards Open #3 - Swiss Weekend,bf:5fafe4c9eb92fe0475436826,瑞士轮 4-3
Kards Open #3 - Swiss Weekend,bf:5fb110bd698db1048d26c5f6,瑞士轮 4-3
Kards Open #3 - Swiss Weekend,bf:5fb1bf581632970e916b85be,瑞士轮 4-3
Kards Open #3 - Swiss Weekend,bf:5f354d22e4876e1184288d58,瑞士轮 4-3
Kards Open #3 - Swiss Weekend,bf:5f46ff72cff9bb4e25c82ac7,瑞士轮 4-4
Kards Open #3 - Swiss Weekend,bf:5fbe89294d01f9313d135068,瑞士轮 4-4
Kards Open #3 - Swiss Weekend,bf:5f4965bb76b8305ffaa36866,瑞士轮 4-4
Kards Open #3 - Swiss Weekend,bf:5fbfa9f0a2fd34654753c891,瑞士轮 4-4
Kards Open #3 - Swiss Weekend,bf:5faff24f698db1048d26b032,瑞士轮 4-4
Kards Open #3 - Swiss Weekend,bf:5fbeac15a447ab4bb37e116f,瑞士轮 4-4
Kards Open #3 - Swiss Weekend,bf:5fc1760a2dc8793ada853e83,瑞士轮 5-2
Kards Open #3 - Swiss Weekend,bf:5fb1f464698db1048d26d582,瑞士轮 5-2
Kards Open #3 - Swiss Weekend,bf:5f10c966160c3f2239e92921,瑞士轮 5-3
Kards Open #3 - Swiss Weekend,bf:5f31dbda9ab87f2e0c19cd0c,瑞士轮 5-3
Kards Open #3 - Swiss Weekend,bf:5d26bcf5c9bf6055b457dfb5,瑞士轮 5-3
Kards Open #3 - Swiss Weekend,bf:5fb6da26eb92fe047543c823,瑞士轮 5-3
Kards Open #3 - Swiss Weekend,bf:5f362c8703dbcc11d58d78e3,瑞士轮 5-3
Kards Open #3 - Swiss Weekend,bf:5fbf4fe05d320863b86f0fb6,瑞士轮 5-3
Kards Open #3 - Swiss Weekend,bf:5fbe9b450f21e57963852d1e,瑞士轮 5-3
Kards Open #3 - Swiss Weekend,bf:5fbe87ea5d320863b86f031b,瑞士轮 5-3
Kards Open #3 - Swiss Weekend,bf:5fbef0144d01f9313d135b11,瑞士轮 5-3
Kards Open #3 - Swiss Weekend,bf:5ec2a6dafd8a561535cde2a5,瑞士轮 5-3
Kards Open #3 - Swiss Weekend,bf:5fb27723698db1048d26d94d,瑞士轮 5-3
Kards Open #3 - Swiss Weekend,bf:5fb02943698db1048d26b9cd,瑞士轮 5-3
Kards Open #3 - Swiss Weekend,bf:5fc017df26ea883a515847d5,瑞士轮 5-4
Kards Open #3 - Swiss Weekend,bf:5fb0eee19a9e750ea663c435,瑞士轮 5-4
Kards Open #3 - Swiss Weekend,bf:5fbfc6e15d320863b86f1193,瑞士轮 5-4
Kards Open #3 - Swiss Weekend,bf:5fb0d42e9a9e750ea663c3fc,瑞士轮 6-2
Kards Open #3 - Swiss Weekend,bf:5f109d917a5f692572240090,瑞士轮 6-2
Kards Open #3 - Swiss Weekend,bf:5f32c6147bd80311ab78193f,瑞士轮 6-2
Kards Open #3 - Swiss Weekend,bf:5f32f48419fcf2666b2abff1,瑞士轮 6-2
Kards Open #3 - Swiss Weekend,bf:5fb3f43ee0bfea60c76a2a56,瑞士轮 6-2
Kards Open #3 - Swiss Weekend,bf:5a4d98c332953903641106de,瑞士轮 6-3
Kards Open #3 - Swiss Weekend,bf:5fbf6ade2dc8793ada852a75,瑞士轮 6-3
Kards Open #3 - Swiss Weekend,bf:5ec2c1da0a4e405c2332e640,瑞士轮 6-3
Kards Open #3 - Swiss Weekend,bf:5eeb9c3d19b81239da9496cb,瑞士轮 6-3
Kards Open #3 - Swiss Weekend,bf:5f1660782cba8f11c2a45e9c,瑞士轮 6-3
Kards Open #3 - Swiss Weekend,bf:5fc133575ca52f15c00549a9,瑞士轮 6-3
Kards Open #3 - Swiss Weekend,bf:5f4318d1681ff84ab5ec92f9,瑞士轮 6-3
Kards Open #3 - Swiss Weekend,bf:5fa5397c241d875936d2c2f2,瑞士轮 6-3
Kards Open #3 - Swiss Weekend,bf:5fa2011d11743771ade90dee,瑞士轮 7-1
Kards Open #3 - Swiss Weekend,bf:5f0e37b37c5e104738aebbe3,瑞士轮 7-2
Kards Open #3 - Swiss Weekend,bf:5ec038e2256baa1d38011a05,瑞士轮 7-2
Kards Open #3 - Swiss Weekend,bf:5fbc5711a2fd34654753a8c0,瑞士轮 7-2
Kards Open #3 - Swiss Weekend,bf:5fa1ee84f8fc171ea9f66554,瑞士轮 7-2
Kards Open #3 - Swiss Weekend,bf:5ebd9402b92b28521a098ec8,瑞士轮 7-2
Kards Open #3 - Swiss Weekend,bf:5fa3da8e11743771ade92018,瑞士轮 7-2
Kards Open #3 - Swiss Weekend,bf:5fbe84641632970e916c5996,瑞士轮 7-2
Kards Open #3 - Swiss Weekend,bf:564e7b5b80b8db4a00c4ff9c,瑞士轮 8-1
Kards Open #3 - Swiss Weekend,bf:5fbfa1ec5d320863b86f10df,瑞士轮 8-1
Kards Open #3 - Swiss Weekend,bf:5fc13c6e4a99f533280c7373,瑞士轮 8-1
Kards Open IX,bf:564e7b5b80b8db4a00c4ff9c,淘汰赛 · 第 1 名（4-0）
Kards Open IX,bf:5f362c8703dbcc11d58d78e3,淘汰赛 · 第 2 名（3-1）
Kards Open IX,bf:5bef1fd422a55803cb340a40,淘汰赛 · 第 3 名（3-1）
Kards Open IX,bf:673f9930237e35004096e4ad,淘汰赛 · 第 4 名（2-2）
Kards Open IX,bf:5ec99a6d5cb5d5345c7fdf7c,淘汰赛 · 第 5–8 名（0-1）
Kards Open IX,bf:673f9c032ea3530021c8da09,淘汰赛 · 第 5–8 名（1-1）
Kards Open IX,bf:673f9eb0237e35004096e4ca,淘汰赛 · 第 5–8 名（1-1）
Kards Open IX,bf:5f109d917a5f692572240090,淘汰赛 · 第 5–8 名（1-1）
Kards Open IX,bf:5eb65df574f31a11dd226b38,淘汰赛 · 第 9–16 名（0-1）
Kards Open IX,bf:5f32f48419fcf2666b2abff1,淘汰赛 · 第 9–16 名（0-1）
Kards Open IX,bf:5fa57306cc28b3594394b946,淘汰赛 · 第 9–16 名（0-1）
Kards Open IX,bf:5f32c6147bd80311ab78193f,淘汰赛 · 第 9–16 名（0-1）
Kards Open IX,bf:60ca80ace39b28468395e0c2,淘汰赛 · 第 9–16 名（0-1）
Kards Open IX,bf:57b5a7ffabd8181c0cfdf304,淘汰赛 · 第 9–16 名（0-1）
Kards Open IX,bf:5fb3184d9a9e750ea663e423,淘汰赛 · 第 9–16 名（0-1）
Kards Open IX,sgg:2498198,瑞士轮 0-1
Kards Open IX,sgg:2505365,瑞士轮 0-2
Kards Open IX,bf:5c4d3b7150078403fe2d5308,瑞士轮 0-3
Kards Open IX,sgg:2505286,瑞士轮 0-3
Kards Open IX,sgg:2504781,瑞士轮 0-4
Kards Open IX,sgg:2485067,瑞士轮 1-2
Kards Open IX,bf:5eb62f23aefaaf170fa23f33,瑞士轮 1-2
Kards Open IX,bf:601dd93585cc4e75ecefaa9c,瑞士轮 1-3
Kards Open IX,bf:5fb038eb1632970e916b6f46,瑞士轮 1-3
Kards Open IX,bf:5f4318d1681ff84ab5ec92f9,瑞士轮 1-3
Kards Open IX,bf:60685007d0955e11e2b013f4,瑞士轮 1-6
Kards Open IX,sgg:2505109,瑞士轮 1-7
Kards Open IX,bf:57101bc80b3b0f8312f27ec5,瑞士轮 2-1
Kards Open IX,sgg:2518580,瑞士轮 2-1
Kards Open IX,sgg:2519625,瑞士轮 2-2
Kards Open IX,bf:5f11d0b0eea71b24bc30e84a,瑞士轮 2-2
Kards Open IX,bf:60509713496ba24d0604cc08,瑞士轮 2-2
Kards Open IX,bf:601d68eabf58cf5f54a82fbf,瑞士轮 2-3
Kards Open IX,bf:603cfe1ab328151e11b92549,瑞士轮 2-3
Kards Open IX,bf:5f0f3d9e7c4df3491abfe047,瑞士轮 2-3
Kards Open IX,sgg:2483766,瑞士轮 2-4
Kards Open IX,bf:5fa467df4eb3c2458669c29a,瑞士轮 2-5
Kards Open IX,sgg:2494716,瑞士轮 2-6
Kards Open IX,sgg:2520081,瑞士轮 2-7
Kards Open IX,bf:5fa3da8e11743771ade92018,瑞士轮 3-2
Kards Open IX,bf:6070a8022fd5451122c65ae8,瑞士轮 3-2
Kards Open IX,bf:5f0e37b37c5e104738aebbe3,瑞士轮 3-2
Kards Open IX,sgg:2503368,瑞士轮 3-3
Kards Open IX,sgg:2506738,瑞士轮 3-4
Kards Open IX,sgg:2504326,瑞士轮 3-6
Kards Open IX,bf:5ebd9402b92b28521a098ec8,瑞士轮 4-2
Kards Open IX,bf:5f10c966160c3f2239e92921,瑞士轮 4-4
Kards Open IX,bf:5ec2a6dafd8a561535cde2a5,瑞士轮 4-5
Kards Open IX,bf:5eeb9c3d19b81239da9496cb,瑞士轮 4-6
Kards Open IX,bf:5ec038e2256baa1d38011a05,瑞士轮 5-1
Kards Open IX,bf:5fa5397c241d875936d2c2f2,瑞士轮 6-3
Kards Open VIII,bf:5f109d917a5f692572240090,淘汰赛 · 第 1 名（4-0）
Kards Open VIII,bf:5f362c8703dbcc11d58d78e3,淘汰赛 · 第 2 名（3-1）
Kards Open VIII,bf:673f9c6789b5530023006e53,淘汰赛 · 第 3 名（3-1）
Kards Open VIII,bf:673f9e78237e35004096e4c6,淘汰赛 · 第 4 名（2-2）
Kards Open VIII,bf:5ec99a6d5cb5d5345c7fdf7c,淘汰赛 · 第 5–8 名（1-1）
Kards Open VIII,bf:5fa27bfdf8fc171ea9f66924,淘汰赛 · 第 5–8 名（1-1）
Kards Open VIII,bf:5fb7473c502b9e587d1becbe,淘汰赛 · 第 5–8 名（1-1）
Kards Open VIII,bf:5f113e2cd04bae257fc195f6,淘汰赛 · 第 5–8 名（1-1）
Kards Open VIII,bf:5f32919a74a4bd1196ff9509,淘汰赛 · 第 9–16 名（0-1）
Kards Open VIII,bf:5fa3da8e11743771ade92018,淘汰赛 · 第 9–16 名（0-1）
Kards Open VIII,bf:60ae60e26dada66f5e2a9239,淘汰赛 · 第 9–16 名（0-1）
Kards Open VIII,bf:673f9ae481b1a20036ec0786,淘汰赛 · 第 9–16 名（0-1）
Kards Open VIII,bf:6070a8022fd5451122c65ae8,淘汰赛 · 第 9–16 名（0-1）
Kards Open VIII,bf:5ec038e2256baa1d38011a05,淘汰赛 · 第 9–16 名（0-1）
Kards Open VIII,bf:5f3fc42472caf64e0f2b589c,淘汰赛 · 第 9–16 名（0-1）
Kards Open VIII,bf:673f9c032ea3530021c8da09,淘汰赛 · 第 9–16 名（0-1）
Kards Open VIII,bf:60a65e7e982b577479221d7e,瑞士轮 0-2
Kards Open VIII,sgg:2375094,瑞士轮 0-3
Kards Open VIII,sgg:2380599,瑞士轮 0-3
Kards Open VIII,sgg:2410397,瑞士轮 0-3
Kards Open VIII,bf:57101bc80b3b0f8312f27ec5,瑞士轮 0-3
Kards Open VIII,sgg:2375354,瑞士轮 0-4
Kards Open VIII,bf:60c939761fb30a26a0ea6e03,瑞士轮 1-2
Kards Open VIII,sgg:2409441,瑞士轮 1-2
Kards Open VIII,sgg:2408285,瑞士轮 1-3
Kards Open VIII,sgg:2407266,瑞士轮 1-3
Kards Open VIII,sgg:2375403,瑞士轮 1-4
Kards Open VIII,sgg:2408029,瑞士轮 1-4
Kards Open VIII,bf:5f4318d1681ff84ab5ec92f9,瑞士轮 1-4
Kards Open VIII,bf:5f1520542cba8f11c2a44c16,瑞士轮 1-5
Kards Open VIII,bf:5c7e66cd2dd6e4033a9d5fd1,瑞士轮 2-2
Kards Open VIII,sgg:2374874,瑞士轮 2-2
Kards Open VIII,bf:601d334704309b1b93074798,瑞士轮 2-2
Kards Open VIII,sgg:2410346,瑞士轮 2-3
Kards Open VIII,bf:5fb42443a2fd346547530b2e,瑞士轮 2-3
Kards Open VIII,bf:5fbef0144d01f9313d135b11,瑞士轮 2-4
Kards Open VIII,bf:602d5acba74cc17c31b7d9af,瑞士轮 2-4
Kards Open VIII,bf:5f0e37b37c5e104738aebbe3,瑞士轮 3-2
Kards Open VIII,bf:5f11d0b0eea71b24bc30e84a,瑞士轮 3-2
Kards Open VIII,bf:607823b0c75b3f32bc89dbca,瑞士轮 3-2
Kards Open VIII,sgg:2408269,瑞士轮 3-2
Kards Open VIII,bf:5fbc4040adfefd64e8c8fd73,瑞士轮 3-2
Kards Open VIII,bf:5fa5397c241d875936d2c2f2,瑞士轮 3-3
Kards Open VIII,bf:5fb038eb1632970e916b6f46,瑞士轮 3-3
Kards Open VIII,bf:5f32f48419fcf2666b2abff1,瑞士轮 3-3
Kards Open VIII,bf:564e7b5b80b8db4a00c4ff9c,瑞士轮 3-5
Kards Open VIII,bf:60721ccb5c1419118df3a796,瑞士轮 3-5
Kards Open VIII,bf:5eb65df574f31a11dd226b38,瑞士轮 4-1
Kards Open X,bf:673f9ae481b1a20036ec0786,16 强 · 第 1 名（3-0）
Kards Open X,bf:5eb65df574f31a11dd226b38,16 强 · 第 2 名（2-1）
Kards Open X,sgg:2621073,16 强 · 第 3 名（3-1）
Kards Open X,bf:5ec038e2256baa1d38011a05,16 强 · 第 4 名（2-2）
Kards Open X,bf:5ec99a6d5cb5d5345c7fdf7c,16 强 · 第 5–8 名（0-1）
Kards Open X,bf:6064772a1dc5b905e3c0ff51,16 强 · 第 5–8 名（1-1）
Kards Open X,bf:5c4dca4fa9f6820352797666,16 强 · 第 5–8 名（1-1）
Kards Open X,bf:5f109d917a5f692572240090,16 强 · 第 5–8 名（1-1）
Kards Open X,bf:5fa27bfdf8fc171ea9f66924,16 强 · 第 9–16 名（0-1）
Kards Open X,bf:6070a8022fd5451122c65ae8,16 强 · 第 9–16 名（0-1）
Kards Open X,bf:60509713496ba24d0604cc08,16 强 · 第 9–16 名（0-1）
Kards Open X,bf:5fb038eb1632970e916b6f46,16 强 · 第 9–16 名（0-1）
Kards Open X,bf:5fb3184d9a9e750ea663e423,16 强 · 第 9–16 名（0-1）
Kards Open X,sgg:2630336,资格赛 0-1
Kards Open X,sgg:2629560,资格赛 0-2
Kards Open X,bf:5ec14e2baf9b8d5641b7a639,资格赛 0-3
Kards Open X,sgg:2629300,资格赛 0-3
Kards Open X,sgg:2633871,资格赛 0-3
Kards Open X,sgg:2627200,资格赛 0-4
Kards Open X,sgg:2629235,资格赛 0-4
Kards Open X,sgg:2621899,资格赛 0-4
Kards Open X,bf:5c3b6b20304450039e51c054,资格赛 0-4
Kards Open X,sgg:2625715,资格赛 0-7
Kards Open X,sgg:2628408,资格赛 0-9
Kards Open X,sgg:2626492,资格赛 1-0
Kards Open X,bf:673f997c70390c0041722f8c,资格赛 1-2
Kards Open X,sgg:2627977,资格赛 1-2
Kards Open X,bf:5fb0b189f07fad440734d338,资格赛 1-2
Kards Open X,sgg:2353966,资格赛 1-2
Kards Open X,sgg:2616143,资格赛 1-2
Kards Open X,bf:609b70096b6b3d37fdd49225,资格赛 1-3
Kards Open X,sgg:2506738,资格赛 1-3
Kards Open X,sgg:2631910,资格赛 1-3
Kards Open X,bf:673f99d8a144d7002b2e28a0,资格赛 1-3
Kards Open X,sgg:2620886,资格赛 1-4
Kards Open X,sgg:2636686,资格赛 1-4
Kards Open X,sgg:2623677,资格赛 1-6
Kards Open X,sgg:2621386,资格赛 1-6
Kards Open X,sgg:2628704,资格赛 2-1
Kards Open X,sgg:2624669,资格赛 2-1
Kards Open X,sgg:2630473,资格赛 2-2
Kards Open X,sgg:2623660,资格赛 2-2
Kards Open X,sgg:2624037,资格赛 2-2
Kards Open X,sgg:2483766,资格赛 2-3
Kards Open X,bf:6096f16136c672120ab703d4,资格赛 2-3
Kards Open X,sgg:2624357,资格赛 2-3
Kards Open X,sgg:2633715,资格赛 2-3
Kards Open X,sgg:2624805,资格赛 2-3
Kards Open X,sgg:2630828,资格赛 2-3
Kards Open X,sgg:2630669,资格赛 2-3
Kards Open X,bf:5fbebdee043fd20cdf90cfaf,资格赛 2-3
Kards Open X,sgg:2628603,资格赛 2-4
Kards Open X,sgg:2630763,资格赛 2-4
Kards Open X,sgg:2631948,资格赛 2-4
Kards Open X,sgg:2619898,资格赛 3-1
Kards Open X,bf:5ec2a6dafd8a561535cde2a5,资格赛 3-1
Kards Open X,sgg:2616063,资格赛 3-2
Kards Open X,bf:5f11d247160c3f2239e940a4,资格赛 3-2
Kards Open X,sgg:2640557,资格赛 3-2
Kards Open X,sgg:2520081,资格赛 3-3
Kards Open X,sgg:2624640,资格赛 3-3
Kards Open X,bf:601ae997fb69622ad6617823,资格赛 3-4
Kards Open X,bf:602d5acba74cc17c31b7d9af,资格赛 3-4
Kards Open X,sgg:2498198,资格赛 3-5
Kards Open X,bf:5f0cd40c3087a65e039603f4,资格赛 3-6
Kards Open X,sgg:2625266,资格赛 4-1
Kards Open X,bf:603aca86a4a3f111939e5346,资格赛 4-2
Kards Open X,sgg:2621966,资格赛 4-2
Kards Open X,sgg:2620876,资格赛 4-4
Kards Open X,sgg:2621971,资格赛 4-5
Kards Open X,bf:673f99e1a144d7002b2e28a2,资格赛 4-5
Kards Open X,sgg:2622223,资格赛 4-5
Kards Open X,bf:564e7b5b80b8db4a00c4ff9c,资格赛 5-2
Kards Open X,bf:601ce5a78e21aa1d188c2da4,资格赛 5-2
Kards Open X,sgg:2627089,资格赛 5-4
Kards Open X,sgg:2628773,资格赛 5-5
Kards Open X,bf:5f362c8703dbcc11d58d78e3,资格赛 6-1
Kards Open X,bf:5fc1c2f14a3afe55318cfd98,资格赛 6-6
Kards Open X,bf:673f9e78237e35004096e4c6,资格赛 6-6
Kards Open X,bf:60c61341543cd91a5d592af7,资格赛 7-2
Kards Open X,sgg:2495272,资格赛 7-4
Kards Open X,bf:5f11d0b0eea71b24bc30e84a,资格赛 7-5
Kards Open X,bf:5f4318d1681ff84ab5ec92f9,资格赛 8-4
Kards Open XI,bf:673f9eb0237e35004096e4ca,16 强 · 第 1 名（3-0）
Kards Open XI,bf:601d334704309b1b93074798,16 强 · 第 12 名（0-1）
Kards Open XI,bf:5ec038e2256baa1d38011a05,16 强 · 第 13–16 名（0-1）
Kards Open XI,bf:673f9ae481b1a20036ec0786,16 强 · 第 2 名（3-1）
Kards Open XI,sgg:2388207,16 强 · 第 3 名（3-1）
Kards Open XI,sgg:2621982,16 强 · 第 4 名（2-2）
Kards Open XI,bf:5ec99a6d5cb5d5345c7fdf7c,16 强 · 第 5–7 名（0-1）
Kards Open XI,sgg:2518593,16 强 · 第 5–7 名（1-1）
Kards Open XI,bf:5fb3184d9a9e750ea663e423,16 强 · 第 5–7 名（1-1）
Kards Open XI,bf:601ccba636ceeb11b32b80ff,16 强 · 第 8–11 名（0-1）
Kards Open XI,bf:673f9e78237e35004096e4c6,16 强 · 第 8–11 名（0-1）
Kards Open XI,bf:564e7b5b80b8db4a00c4ff9c,16 强 · 第 8–11 名（0-1）
Kards Open XI,sgg:2616063,16 强 · 第 8–11 名（0-1）
Kards Open XI,sgg:2701316,资格赛 0-2
Kards Open XI,sgg:2718501,资格赛 0-2
Kards Open XI,bf:5f112ee3eac9482569fb3ee6,资格赛 0-2
Kards Open XI,bf:609b0f8f7b748611b20fea75,资格赛 0-3
Kards Open XI,bf:5f32abe69ab87f2e0c19e0b7,资格赛 0-3
Kards Open XI,sgg:2696954,资格赛 0-4
Kards Open XI,bf:601c9f9ef8251e1bb7eb0fb5,资格赛 0-4
Kards Open XI,sgg:2699470,资格赛 0-4
Kards Open XI,sgg:2624368,资格赛 1-2
Kards Open XI,sgg:2699767,资格赛 1-2
Kards Open XI,sgg:2695825,资格赛 1-2
Kards Open XI,sgg:2704861,资格赛 1-2
Kards Open XI,sgg:2695829,资格赛 1-2
Kards Open XI,sgg:2712705,资格赛 1-2
Kards Open XI,bf:5fa467df4eb3c2458669c29a,资格赛 1-2
Kards Open XI,bf:5fb038eb1632970e916b6f46,资格赛 1-2
Kards Open XI,sgg:2695609,资格赛 1-3
Kards Open XI,bf:5bef1fd422a55803cb340a40,资格赛 1-3
Kards Open XI,sgg:2636686,资格赛 1-4
Kards Open XI,sgg:2628897,资格赛 1-4
Kards Open XI,sgg:2631948,资格赛 1-5
Kards Open XI,sgg:2697202,资格赛 2-1
Kards Open XI,bf:673f99d8a144d7002b2e28a0,资格赛 2-2
Kards Open XI,sgg:2628773,资格赛 2-2
Kards Open XI,sgg:2621073,资格赛 2-2
Kards Open XI,bf:5c3b6b20304450039e51c054,资格赛 2-3
Kards Open XI,bf:5f362c8703dbcc11d58d78e3,资格赛 2-5
Kards Open XI,sgg:2624640,资格赛 2-6
Kards Open XI,sgg:2708527,资格赛 3-1
Kards Open XI,bf:673f9cc689b5530023006e64,资格赛 3-1
Kards Open XI,bf:5fbfb60f1632970e916c6544,资格赛 3-2
Kards Open XI,bf:60509713496ba24d0604cc08,资格赛 3-2
Kards Open XI,bf:6070a8022fd5451122c65ae8,资格赛 3-2
Kards Open XI,bf:57b5a7ffabd8181c0cfdf304,资格赛 3-2
Kards Open XI,bf:5f109d917a5f692572240090,资格赛 3-2
Kards Open XI,bf:5f47aca042aba63789789166,资格赛 3-2
Kards Open XI,sgg:2700939,资格赛 3-3
Kards Open XI,sgg:2630669,资格赛 3-3
Kards Open XI,bf:60685007d0955e11e2b013f4,资格赛 3-3
Kards Open XI,bf:5f101bc2eea71b24bc30c50e,资格赛 3-4
Kards Open XI,bf:5f0cd40c3087a65e039603f4,资格赛 3-6
Kards Open XI,bf:5eb65df574f31a11dd226b38,资格赛 4-0
Kards Open XI,sgg:2498198,资格赛 4-1
Kards Open XI,sgg:2709342,资格赛 4-2
Kards Open XI,sgg:2706665,资格赛 4-3
Kards Open XI,bf:5f1b48d1abfcb016362ba48e,资格赛 4-7
Kards Open XI,sgg:2621971,资格赛 6-3
Kards Open XI,bf:673f9930237e35004096e4ad,资格赛 6-4
Kards Open XII,bf:673f9eb0237e35004096e4ca,16 强 · 第 1 名（4-0）
Kards Open XII,sgg:2801104,16 强 · 第 2 名（3-1）
Kards Open XII,bf:673f9e78237e35004096e4c6,16 强 · 第 3 名（2-1）
Kards Open XII,bf:5f362c8703dbcc11d58d78e3,16 强 · 第 4 名（2-2）
Kards Open XII,bf:5fb3184d9a9e750ea663e423,16 强 · 第 5–8 名（1-1）
Kards Open XII,bf:5ec038e2256baa1d38011a05,16 强 · 第 5–8 名（1-1）
Kards Open XII,sgg:2803542,16 强 · 第 5–8 名（1-1）
Kards Open XII,bf:5b38c676cbd82c03a4f28e8f,16 强 · 第 5–8 名（1-1）
Kards Open XII,bf:673f99d8a144d7002b2e28a0,16 强 · 第 9–16 名（0-1）
Kards Open XII,bf:5fa467df4eb3c2458669c29a,16 强 · 第 9–16 名（0-1）
Kards Open XII,bf:5ec99a6d5cb5d5345c7fdf7c,16 强 · 第 9–16 名（0-1）
Kards Open XII,bf:673f9930237e35004096e4ad,16 强 · 第 9–16 名（0-1）
Kards Open XII,sgg:2621073,16 强 · 第 9–16 名（0-1）
Kards Open XII,bf:60509713496ba24d0604cc08,16 强 · 第 9–16 名（0-1）
Kards Open XII,bf:564e7b5b80b8db4a00c4ff9c,16 强 · 第 9–16 名（0-1）
Kards Open XII,bf:60c9b27ea95cd94e9dae5da2,资格赛 0-2
Kards Open XII,sgg:2800429,资格赛 0-2
Kards Open XII,sgg:2801113,资格赛 0-3
Kards Open XII,sgg:2802408,资格赛 0-3
Kards Open XII,sgg:2505316,资格赛 1-2
Kards Open XII,bf:60685007d0955e11e2b013f4,资格赛 1-2
Kards Open XII,sgg:2407984,资格赛 1-2
Kards Open XII,bf:601ad0d4bccfe11bd7952790,资格赛 1-2
Kards Open XII,sgg:2801120,资格赛 1-3
Kards Open XII,bf:5fa5397c241d875936d2c2f2,资格赛 1-3
Kards Open XII,sgg:2803048,资格赛 1-3
Kards Open XII,sgg:2408647,资格赛 1-3
Kards Open XII,sgg:2630669,资格赛 1-3
Kards Open XII,bf:5bef1fd422a55803cb340a40,资格赛 2-1
Kards Open XII,sgg:2805881,资格赛 2-2
Kards Open XII,sgg:2616063,资格赛 2-2
Kards Open XII,sgg:2706665,资格赛 2-2
Kards Open XII,bf:673f9cc689b5530023006e64,资格赛 2-2
Kards Open XII,sgg:2805740,资格赛 2-3
Kards Open XII,sgg:2793488,资格赛 2-3
Kards Open XII,bf:57b5a7ffabd8181c0cfdf304,资格赛 3-1
Kards Open XII,bf:5f32f48419fcf2666b2abff1,资格赛 3-2
Kards Open XII,bf:5f109d917a5f692572240090,资格赛 3-2
Kards Open XII,bf:5fb1e014eb92fe0475439152,资格赛 3-2
Kards Open XII,bf:601ccba636ceeb11b32b80ff,资格赛 3-3
Kards Open XII,bf:673f9c032ea3530021c8da09,资格赛 3-6
Kards Open XII,sgg:2636686,资格赛 4-4
Kards Open XIII,bf:564e7b5b80b8db4a00c4ff9c,16 强 · 第 1 名（4-0）
Kards Open XIII,sgg:2621073,16 强 · 第 2 名（3-1）
Kards Open XIII,bf:5ec038e2256baa1d38011a05,16 强 · 第 3 名（2-1）
Kards Open XIII,bf:5fb1e014eb92fe0475439152,16 强 · 第 4 名（2-2）
Kards Open XIII,bf:5f362c8703dbcc11d58d78e3,16 强 · 第 5–8 名（0-1）
Kards Open XIII,sgg:2924951,16 强 · 第 5–8 名（1-1）
Kards Open XIII,bf:673f9c032ea3530021c8da09,16 强 · 第 5–8 名（1-1）
Kards Open XIII,bf:5fa467df4eb3c2458669c29a,16 强 · 第 5–8 名（1-1）
Kards Open XIII,bf:5fb3184d9a9e750ea663e423,16 强 · 第 9–16 名（0-1）
Kards Open XIII,sgg:2805583,16 强 · 第 9–16 名（0-1）
Kards Open XIII,sgg:2931690,16 强 · 第 9–16 名（0-1）
Kards Open XIII,sgg:2938143,16 强 · 第 9–16 名（0-1）
Kards Open XIII,bf:5bef1fd422a55803cb340a40,16 强 · 第 9–16 名（0-1）
Kards Open XIII,sgg:2917562,16 强 · 第 9–16 名（0-1）
Kards Open XIII,sgg:2922940,资格赛 0-2
Kards Open XIII,bf:673f99d8a144d7002b2e28a0,资格赛 0-2
Kards Open XIII,sgg:2616063,资格赛 0-2
Kards Open XIII,sgg:2624640,资格赛 0-3
Kards Open XIII,sgg:2937394,资格赛 0-4
Kards Open XIII,sgg:2936085,资格赛 0-4
Kards Open XIII,sgg:2802408,资格赛 0-4
Kards Open XIII,sgg:2623419,资格赛 0-7
Kards Open XIII,sgg:2942421,资格赛 1-3
Kards Open XIII,sgg:2636686,资格赛 1-3
Kards Open XIII,bf:673f997c70390c0041722f8c,资格赛 1-3
Kards Open XIII,sgg:2505316,资格赛 2-1
Kards Open XIII,sgg:2938393,资格赛 2-1
Kards Open XIII,sgg:2917660,资格赛 2-2
Kards Open XIII,bf:60509713496ba24d0604cc08,资格赛 2-2
Kards Open XIII,bf:5f109d917a5f692572240090,资格赛 2-2
Kards Open XIII,bf:5fb1bf581632970e916b85be,资格赛 2-3
Kards Open XIII,sgg:2393915,资格赛 2-3
Kards Open XIII,bf:5eb598330abb797ad38acaee,资格赛 2-3
Kards Open XIII,bf:5f4318d1681ff84ab5ec92f9,资格赛 2-3
Kards Open XIII,bf:5fbebdee043fd20cdf90cfaf,资格赛 2-3
Kards Open XIII,sgg:2629560,资格赛 2-4
Kards Open XIII,sgg:2917634,资格赛 3-1
Kards Open XIII,bf:673f9e78237e35004096e4c6,资格赛 3-2
Kards Open XIII,sgg:2801104,资格赛 3-2
Kards Open XIII,bf:673f9ae481b1a20036ec0786,资格赛 3-2
Kards Open XIII,bf:5fc1c2f14a3afe55318cfd98,资格赛 3-3
Kards Open XIII,sgg:2631948,资格赛 3-6
Kards Open XIII,sgg:2622223,资格赛 4-4
Kards Open XIII,sgg:2926197,资格赛 4-5
Kards Open XIII,bf:673f9cc689b5530023006e64,资格赛 5-1
Kards Open XIII,bf:6051fe41cbd09156d261e80c,资格赛 6-3
Kards Open XIII,sgg:2509034,资格赛 6-4
Kards Open XIII,bf:673f9eb0237e35004096e4ca,资格赛 7-2
Kards Open XIV,bf:673f9ae481b1a20036ec0786,16 强 · 第 1 名（3-0）
Kards Open XIV,bf:5ec038e2256baa1d38011a05,16 强 · 第 12 名（0-1）
Kards Open XIV,bf:673f99d8a144d7002b2e28a0,16 强 · 第 2 名（3-1）
Kards Open XIV,bf:673f9c6789b5530023006e53,16 强 · 第 3 名（3-1）
Kards Open XIV,bf:5f362c8703dbcc11d58d78e3,16 强 · 第 4 名（1-2）
Kards Open XIV,sgg:2621073,16 强 · 第 5–7 名（0-1）
Kards Open XIV,bf:5f109d917a5f692572240090,16 强 · 第 5–7 名（1-1）
Kards Open XIV,bf:673f9e78237e35004096e4c6,16 强 · 第 5–7 名（1-1）
Kards Open XIV,bf:5fa57306cc28b3594394b946,16 强 · 第 8–11 名（0-1）
Kards Open XIV,bf:60509713496ba24d0604cc08,16 强 · 第 8–11 名（0-1）
Kards Open XIV,sgg:3082136,16 强 · 第 8–11 名（0-1）
Kards Open XIV,sgg:3076789,16 强 · 第 8–11 名（0-1）
Kards Open XIV,sgg:2624640,资格赛 0-2
Kards Open XIV,sgg:2802408,资格赛 0-3
Kards Open XIV,sgg:2805740,资格赛 0-3
Kards Open XIV,sgg:2631948,资格赛 0-4
Kards Open XIV,sgg:3076990,资格赛 0-4
Kards Open XIV,bf:5f0dde2dc47339351f7f7715,资格赛 1-2
Kards Open XIV,sgg:3077324,资格赛 1-2
Kards Open XIV,bf:673f97e4a144d7002b2e288b,资格赛 1-2
Kards Open XIV,sgg:2803542,资格赛 1-2
Kards Open XIV,sgg:2924228,资格赛 1-2
Kards Open XIV,bf:5fb3184d9a9e750ea663e423,资格赛 1-3
Kards Open XIV,sgg:3116938,资格赛 1-3
Kards Open XIV,bf:5eb65df574f31a11dd226b38,资格赛 2-2
Kards Open XIV,bf:5eeb9c3d19b81239da9496cb,资格赛 2-2
Kards Open XIV,bf:5ec99a6d5cb5d5345c7fdf7c,资格赛 2-2
Kards Open XIV,bf:5f32c6147bd80311ab78193f,资格赛 2-2
Kards Open XIV,bf:5a4d98c332953903641106de,资格赛 2-3
Kards Open XIV,sgg:2621966,资格赛 2-3
Kards Open XIV,bf:5f0cd40c3087a65e039603f4,资格赛 2-3
Kards Open XIV,sgg:2636686,资格赛 2-3
Kards Open XIV,sgg:2629560,资格赛 2-3
Kards Open XIV,bf:5f4318d1681ff84ab5ec92f9,资格赛 2-5
Kards Open XIV,sgg:2917660,资格赛 3-1
Kards Open XIV,sgg:2504205,资格赛 3-2
Kards Open XIV,sgg:3076346,资格赛 3-2
Kards Open XIV,sgg:3084767,资格赛 3-3
Kards Open XIV,bf:601ae997fb69622ad6617823,资格赛 3-3
Kards Open XIV,bf:57b5a7ffabd8181c0cfdf304,资格赛 4-1
Kards Open XIV,bf:673f9eb0237e35004096e4ca,资格赛 5-1
Kards Open XV,bf:5ec038e2256baa1d38011a05,16 强 · 第 1 名（4-0）
Kards Open XV,bf:673f9e78237e35004096e4c6,16 强 · 第 2 名（3-1）
Kards Open XV,bf:673f99d8a144d7002b2e28a0,16 强 · 第 3 名（3-1）
Kards Open XV,bf:5fb1e014eb92fe0475439152,16 强 · 第 4 名（2-2）
Kards Open XV,sgg:2803542,16 强 · 第 5 名（0-1）
Kards Open XV,ch:Kamavati,16 强 · 第 5 名（1-1）
Kards Open XV,bf:5ec99a6d5cb5d5345c7fdf7c,16 强 · 第 5 名（1-1）
Kards Open XV,bf:673f9b382ea3530021c8d9fd,16 强 · 第 5 名（1-1）
Kards Open XV,bf:5ebd9402b92b28521a098ec8,16 强 · 第 9 名（0-1）
Kards Open XV,bf:673f9726a144d7002b2e2888,16 强 · 第 9 名（0-1）
Kards Open XV,bf:60509713496ba24d0604cc08,16 强 · 第 9 名（0-1）
Kards Open XV,ch:再见宋哈娜,16 强 · 第 9 名（0-1）
Kards Open XV,bf:5fa467df4eb3c2458669c29a,16 强 · 第 9 名（0-1）
Kards Open XV,bf:5d4eae596c2b2139a67ce680,16 强 · 第 9 名（0-1）
Kards Open XV,ch:pytorch,16 强 · 第 9 名（0-1）
Kards Open XV,bf:607823b0c75b3f32bc89dbca,资格赛 · 第 10 名（7-5）
Kards Open XV,sgg:2917089,资格赛 · 第 100 名（3-2）
Kards Open XV,bf:5f335b3e30b92e118dbc579e,资格赛 · 第 102 名（2-3）
Kards Open XV,sgg:2621966,资格赛 · 第 103 名（1-3）
Kards Open XV,ch:Wanghongwen,资格赛 · 第 104 名（1-2）
Kards Open XV,ch:falkiusz,资格赛 · 第 105 名（0-2）
Kards Open XV,sgg:2930602,资格赛 · 第 106 名（0-2）
Kards Open XV,ch:RagingJimCramer,资格赛 · 第 11 名（4-2）
Kards Open XV,bf:5c4d3b7150078403fe2d5308,资格赛 · 第 12 名（3-3）
Kards Open XV,sgg:2616063,资格赛 · 第 13 名（3-4）
Kards Open XV,sgg:2636686,资格赛 · 第 13 名（4-2）
Kards Open XV,sgg:3082773,资格赛 · 第 14 名（3-2）
Kards Open XV,bf:5a4d98c332953903641106de,资格赛 · 第 14 名（6-5）
Kards Open XV,ch:FelixJueves,资格赛 · 第 15 名（3-3）
Kards Open XV,bf:5f362c8703dbcc11d58d78e3,资格赛 · 第 16 名（4-6）
Kards Open XV,ch:Kootail,资格赛 · 第 17 名（5-6）
Kards Open XV,bf:5fb3184d9a9e750ea663e423,资格赛 · 第 18 名（6-6）
Kards Open XV,ch:DieEiche,资格赛 · 第 19 名（2-3）
Kards Open XV,ch:Biffstudly,资格赛 · 第 20 名（1-4）
Kards Open XV,ch:Mico_Windwalker,资格赛 · 第 21 名（2-4）
Kards Open XV,ch:ForestFish,资格赛 · 第 22 名（2-4）
Kards Open XV,ch:Potatuzz,资格赛 · 第 23 名（1-4）
Kards Open XV,ch:lefarov,资格赛 · 第 24 名（3-3）
Kards Open XV,sgg:3076789,资格赛 · 第 24 名（5-7）
Kards Open XV,ch:Nasgarian,资格赛 · 第 25 名（1-5）
Kards Open XV,bf:5ec2a6dafd8a561535cde2a5,资格赛 · 第 27 名（3-3）
Kards Open XV,ch:eszemteszem,资格赛 · 第 28 名（2-3）
Kards Open XV,bf:673f97e4a144d7002b2e288b,资格赛 · 第 28 名（3-2）
Kards Open XV,ch:Gentirteen,资格赛 · 第 30 名（1-4）
Kards Open XV,ch:solarflare6041,资格赛 · 第 31 名（2-3）
Kards Open XV,ch:Starkwolfx,资格赛 · 第 31 名（2-4）
Kards Open XV,ch:lightmaily,资格赛 · 第 32 名（1-4）
Kards Open XV,ch:mlgnicex,资格赛 · 第 33 名（1-4）
Kards Open XV,ch:权游第九季,资格赛 · 第 34 名（1-0）
Kards Open XV,ch:DmSApce,资格赛 · 第 34 名（1-4）
Kards Open XV,ch:BigKraton,资格赛 · 第 35 名（0-4）
Kards Open XV,ch:Panzerwarrior,资格赛 · 第 36 名（0-5）
Kards Open XV,sgg:3076346,资格赛 · 第 40 名（2-2）
Kards Open XV,ch:七海千秋,资格赛 · 第 41 名（4-2）
Kards Open XV,ch:UwU_moi,资格赛 · 第 43 名（4-2）
Kards Open XV,sgg:2621073,资格赛 · 第 49 名（0-1）
Kards Open XV,bf:673f9ae481b1a20036ec0786,资格赛 · 第 5 名（5-1）
Kards Open XV,bf:5bef1fd422a55803cb340a40,资格赛 · 第 50 名（4-4）
Kards Open XV,ch:VM_MorS,资格赛 · 第 51 名（1-2）
Kards Open XV,bf:5f0df84e824086475be264b7,资格赛 · 第 52 名（1-2）
Kards Open XV,ch:r3p0s3,资格赛 · 第 53 名（0-2）
Kards Open XV,bf:673f9be589b5530023006e4f,资格赛 · 第 54 名（0-1）
Kards Open XV,ch:Kinimod98,资格赛 · 第 55 名（4-5）
Kards Open XV,ch:cousin_joe777,资格赛 · 第 56 名（0-3）
Kards Open XV,ch:Mikaan,资格赛 · 第 57 名（2-5）
Kards Open XV,ch:OOmmeeggaa,资格赛 · 第 58 名（0-4）
Kards Open XV,ch:rara88pl,资格赛 · 第 6 名（4-2）
Kards Open XV,sgg:2631948,资格赛 · 第 87 名（0-1）
Kards Open XV,sgg:3082136,资格赛 · 第 9 名（7-5）
Kards Open XV,ch:DKWARNING,资格赛 · 第 90 名（1-1）
Kards Open XV,ch:glock_p18c,资格赛 · 第 94 名（0-1）
Kards Open XV,ch:Hukum13,资格赛 · 第 95 名（0-1）
Kards Open XV,ch:SEPHUDEU,资格赛 · 第 97 名（0-1）
Kards Open XV,ch:TheGreenLing,资格赛 · 第 98 名（0-2）
Kards Open XV,ch:Redsui,资格赛 · 第 99 名（1-3）
Kards Open XVI,bf:673f9726a144d7002b2e2888,16 强 · 第 1 名（4-0）
Kards Open XVI,ch:七海千秋,16 强 · 第 2 名（3-1）
Kards Open XVI,sgg:2621073,16 强 · 第 3 名（3-1）
Kards Open XVI,ch:RagingJimCramer,16 强 · 第 4 名（2-2）
Kards Open XVI,bf:673f9ae481b1a20036ec0786,16 强 · 第 5 名（0-1）
Kards Open XVI,ch:leovinardo,16 强 · 第 5 名（0-1）
Kards Open XVI,sgg:2616063,16 强 · 第 5 名（1-1）
Kards Open XVI,bf:673f99d8a144d7002b2e28a0,16 强 · 第 5 名（1-1）
Kards Open XVI,ch:eszemteszem,16 强 · 第 9 名（0-1）
Kards Open XVI,ch:Wanghongwen,16 强 · 第 9 名（0-1）
Kards Open XVI,bf:673f997c70390c0041722f8c,16 强 · 第 9 名（0-1）
Kards Open XVI,ch:UwU_moi,16 强 · 第 9 名（0-1）
Kards Open XVI,bf:673f9e78237e35004096e4c6,16 强 · 第 9 名（0-1）
Kards Open XVI,ch:梓阳啊,16 强 · 第 9 名（0-1）
Kards Open XVI,bf:673f9eb0237e35004096e4ca,资格赛 · 第 10 名（3-1）
Kards Open XVI,bf:5ec038e2256baa1d38011a05,资格赛 · 第 11 名（3-2）
Kards Open XVI,sgg:3082136,资格赛 · 第 12 名（3-2）
Kards Open XVI,bf:5fb3184d9a9e750ea663e423,资格赛 · 第 13 名（3-2）
Kards Open XVI,bf:5f362c8703dbcc11d58d78e3,资格赛 · 第 14 名（3-2）
Kards Open XVI,sgg:2498198,资格赛 · 第 15 名（2-3）
Kards Open XVI,ch:童标彪,资格赛 · 第 16 名（2-3）
Kards Open XVI,bf:6051fe41cbd09156d261e80c,资格赛 · 第 17 名（2-3）
Kards Open XVI,ch:TheJohnny99_4675,资格赛 · 第 18 名（2-3）
Kards Open XVI,ch:MonsterTools,资格赛 · 第 19 名（2-3）
Kards Open XVI,bf:5d4eae596c2b2139a67ce680,资格赛 · 第 20 名（2-3）
Kards Open XVI,ch:cousin_joe777,资格赛 · 第 21 名（2-3）
Kards Open XVI,ch:DieEiche,资格赛 · 第 22 名（2-3）
Kards Open XVI,ch:mlgnicex,资格赛 · 第 23 名（0-4）
Kards Open XVI,ch:Mikaan,资格赛 · 第 24 名（1-4）
Kards Open XVI,bf:673f975070390c0041722f7a,资格赛 · 第 55 名（1-2）
Kards Open XVI,sgg:2803542,资格赛 · 第 56 名（1-2）
Kards Open XVI,bf:673f9be589b5530023006e4f,资格赛 · 第 57 名（1-2）
Kards Open XVI,bf:5fb1e014eb92fe0475439152,资格赛 · 第 58 名（0-2）
Kards Open XVI,bf:5f0df84e824086475be264b7,资格赛 · 第 59 名（0-2）
Kards Open XVI,ch:drsdrs,资格赛 · 第 60 名（0-2）
Kards Open XVI,ch:PlanD,资格赛 · 第 61 名（0-3）
Kards Open XVI,ch:Nasgarian,资格赛 · 第 9 名（3-2）
Kards Open: Singleton,bf:5f109d917a5f692572240090,16 强 · 第 1 名（4-0）
Kards Open: Singleton,bf:5f0cd40c3087a65e039603f4,16 强 · 第 2 名（3-1）
Kards Open: Singleton,bf:5fa3da8e11743771ade92018,16 强 · 第 3–4 名（2-2）
Kards Open: Singleton,bf:5dadf6683f9f8d27e2e9cc0b,16 强 · 第 3–4 名（3-1）
Kards Open: Singleton,bf:5fbc4040adfefd64e8c8fd73,16 强 · 第 5–8 名（1-1）
Kards Open: Singleton,bf:5fc13c6e4a99f533280c7373,16 强 · 第 5–8 名（1-1）
Kards Open: Singleton,bf:5ec038e2256baa1d38011a05,16 强 · 第 5–8 名（1-1）
Kards Open: Singleton,bf:602efa92d7a4147c1146d997,16 强 · 第 5–8 名（1-1）
Kards Open: Singleton,bf:5e6a39a3f1f90c345a8e7fcd,16 强 · 第 9–16 名（0-1）
Kards Open: Singleton,bf:602c0e5389472a782b9cbc26,16 强 · 第 9–16 名（0-1）
Kards Open: Singleton,bf:5eb7670e5e789b4b50a06de2,16 强 · 第 9–16 名（0-1）
Kards Open: Singleton,bf:5ebd9402b92b28521a098ec8,16 强 · 第 9–16 名（0-1）
Kards Open: Singleton,bf:601cb9e68f8ab5604536225b,16 强 · 第 9–16 名（0-1）
Kards Open: Singleton,bf:5f32c6147bd80311ab78193f,16 强 · 第 9–16 名（0-1）
Kards Open: Singleton,bf:5f0f3d9e7c4df3491abfe047,16 强 · 第 9–16 名（0-1）
Kards Open: Singleton,bf:602d5acba74cc17c31b7d9af,16 强 · 第 9–16 名（0-1）
Kards Open: Singleton,bf:5f0dde2dc47339351f7f7715,瑞士轮 0-1
Kards Open: Singleton,bf:602de8ab384ba37dec87751b,瑞士轮 0-1
Kards Open: Singleton,bf:5f32f48419fcf2666b2abff1,瑞士轮 0-1
Kards Open: Singleton,bf:602bd5d795780078daf45133,瑞士轮 0-1
Kards Open: Singleton,bf:601a74d5f4761b1d98293c14,瑞士轮 0-2
Kards Open: Singleton,bf:6030a2af3222cb45216b822e,瑞士轮 0-2
Kards Open: Singleton,bf:5f0f2f19ef3ab65b96797ada,瑞士轮 0-3
Kards Open: Singleton,bf:601e4222507c147700ac949d,瑞士轮 0-5
Kards Open: Singleton,bf:5fc2cfeb2350e111ca3e4a6e,瑞士轮 0-5
Kards Open: Singleton,bf:5fa5ede611743771ade94108,瑞士轮 1-0
Kards Open: Singleton,bf:5f32b5a5af063111a36d039f,瑞士轮 1-1
Kards Open: Singleton,bf:5e889af67a9c4c10932a6ca9,瑞士轮 1-1
Kards Open: Singleton,bf:601b5b897d76ec1b99358c6f,瑞士轮 1-2
Kards Open: Singleton,bf:5d26bcf5c9bf6055b457dfb5,瑞士轮 1-2
Kards Open: Singleton,bf:602f98dc95b59911a33166f5,瑞士轮 1-3
Kards Open: Singleton,bf:602d35b5e953470c8c2eb398,瑞士轮 1-4
Kards Open: Singleton,bf:601ae997fb69622ad6617823,瑞士轮 1-4
Kards Open: Singleton,bf:602c2018507c147700acf905,瑞士轮 2-3
Kards Open: Singleton,bf:5f0e67fdf26046593189c71c,瑞士轮 2-3
Kards Open: Singleton,bf:6019ce668e21aa1d188c190d,瑞士轮 2-4
Kards Open: Singleton,bf:601d334704309b1b93074798,瑞士轮 2-4
Kards Open: Singleton,bf:602c22cdabb67b53bb4c4954,瑞士轮 2-4
Kards Open: Singleton,bf:5f11d247160c3f2239e940a4,瑞士轮 3-3
Kards Open: Singleton,bf:5f362c8703dbcc11d58d78e3,瑞士轮 3-3
Kards Open: Singleton,bf:5ec2a6dafd8a561535cde2a5,瑞士轮 3-3
Kards Open: Singleton,bf:602bf7e108d6c576f70885be,瑞士轮 3-3
Kards Open: Singleton,bf:5f10c966160c3f2239e92921,瑞士轮 3-3
Kards Open: Singleton,bf:6030551a73965f35ae461762,瑞士轮 3-3
Kards Open: Singleton,bf:601ad0d4bccfe11bd7952790,瑞士轮 3-3
Kards Open: Singleton,bf:5bef1fd422a55803cb340a40,瑞士轮 3-3
Kards Open: Singleton,bf:601e92a7e5c01375db7f5de8,瑞士轮 3-3
Kards Open: Singleton,bf:601c9f9ef8251e1bb7eb0fb5,瑞士轮 3-3
Kards Weekday Skirmish: Pauper - Bracket A,bf:5eb65df574f31a11dd226b38,淘汰赛 · 第 1 名（6-0）
Kards Weekday Skirmish: Pauper - Bracket A,bf:5ec99a6d5cb5d5345c7fdf7c,淘汰赛 · 第 14–18 名（0-1）
Kards Weekday Skirmish: Pauper - Bracket A,bf:609a95247051842cc80eec16,淘汰赛 · 第 14–18 名（1-2）
Kards Weekday Skirmish: Pauper - Bracket A,bf:609b70096b6b3d37fdd49225,淘汰赛 · 第 14–18 名（1-2）
Kards Weekday Skirmish: Pauper - Bracket A,bf:5bef1fd422a55803cb340a40,淘汰赛 · 第 14–18 名（1-2）
Kards Weekday Skirmish: Pauper - Bracket A,bf:609b0f8f7b748611b20fea75,淘汰赛 · 第 14–18 名（5-2）
Kards Weekday Skirmish: Pauper - Bracket A,bf:609b63110a6666119d69bbb0,淘汰赛 · 第 19 名（2-2）
Kards Weekday Skirmish: Pauper - Bracket A,bf:5f1660782cba8f11c2a45e9c,淘汰赛 · 第 2 名（5-2）
Kards Weekday Skirmish: Pauper - Bracket A,bf:5f3be5186ce6de28d63e45f9,淘汰赛 · 第 20 名（2-2）
Kards Weekday Skirmish: Pauper - Bracket A,bf:60997c98fd7b226e186418a5,淘汰赛 · 第 21 名（0-2）
Kards Weekday Skirmish: Pauper - Bracket A,bf:601d189a36ceeb11b32b81e2,淘汰赛 · 第 22 名（1-2）
Kards Weekday Skirmish: Pauper - Bracket A,bf:6095471d1708cc7b8154c65c,淘汰赛 · 第 23–24 名（1-2）
Kards Weekday Skirmish: Pauper - Bracket A,bf:60952a6777979c11ca42a3af,淘汰赛 · 第 23–24 名（3-2）
Kards Weekday Skirmish: Pauper - Bracket A,bf:5f10c966160c3f2239e92921,淘汰赛 · 第 25 名（2-2）
Kards Weekday Skirmish: Pauper - Bracket A,bf:6096f16136c672120ab703d4,淘汰赛 · 第 26 名（2-2）
Kards Weekday Skirmish: Pauper - Bracket A,bf:609be9664f046a3f9fd41e7e,淘汰赛 · 第 27 名（0-2）
Kards Weekday Skirmish: Pauper - Bracket A,bf:5f3fc42472caf64e0f2b589c,淘汰赛 · 第 28 名（1-2）
Kards Weekday Skirmish: Pauper - Bracket A,bf:602d5acba74cc17c31b7d9af,淘汰赛 · 第 29–30 名（1-2）
Kards Weekday Skirmish: Pauper - Bracket A,bf:60998e378fb69037bdd8e8ec,淘汰赛 · 第 29–30 名（2-2）
Kards Weekday Skirmish: Pauper - Bracket A,bf:5f4318d1681ff84ab5ec92f9,淘汰赛 · 第 31–34 名（1-1）
Kards Weekday Skirmish: Pauper - Bracket A,bf:60522cf8b2e5e24b47ce504a,淘汰赛 · 第 31–34 名（1-2）
Kards Weekday Skirmish: Pauper - Bracket A,bf:6075a268938bed74f6ed9aee,淘汰赛 · 第 31–34 名（1-2）
Kards Weekday Skirmish: Pauper - Bracket A,bf:609bebb37051842cc80ef5cd,淘汰赛 · 第 31–34 名（2-2）
Kards Weekday Skirmish: Pauper - Bracket A,bf:609603ae60141e11d52282de,淘汰赛 · 第 35–37 名（0-1）
Kards Weekday Skirmish: Pauper - Bracket A,bf:6095dfafbc14c611ca7d00f8,淘汰赛 · 第 35–37 名（0-1）
Kards Weekday Skirmish: Pauper - Bracket A,bf:60514c101ca3d756eb01932e,淘汰赛 · 第 35–37 名（0-2）
Kards Weekday Skirmish: Pauper - Bracket A,bf:6096026d938bed74f6ee8448,淘汰赛 · 第 38–39 名（0-2）
Kards Weekday Skirmish: Pauper - Bracket A,bf:5f112ee3eac9482569fb3ee6,淘汰赛 · 第 38–39 名（5-2）
Kards Weekday Skirmish: Pauper - Bracket A,bf:6071c35b5100561142e3745f,淘汰赛 · 第 3–4 名（3-2）
Kards Weekday Skirmish: Pauper - Bracket A,bf:6095516436c672120ab6f371,淘汰赛 · 第 3–4 名（4-2）
Kards Weekday Skirmish: Pauper - Bracket A,bf:603aca86a4a3f111939e5346,淘汰赛 · 第 40–48 名（0-1）
Kards Weekday Skirmish: Pauper - Bracket A,bf:5f335b3e30b92e118dbc579e,淘汰赛 · 第 40–48 名（0-2）
Kards Weekday Skirmish: Pauper - Bracket A,bf:6050d83f99327f4b6234ea93,淘汰赛 · 第 40–48 名（0-2）
Kards Weekday Skirmish: Pauper - Bracket A,bf:5ec2a6dafd8a561535cde2a5,淘汰赛 · 第 40–48 名（0-2）
Kards Weekday Skirmish: Pauper - Bracket A,bf:5f4a2d8c76b8305ffaa376af,淘汰赛 · 第 40–48 名（0-2）
Kards Weekday Skirmish: Pauper - Bracket A,bf:60946d0dab3bf12889662245,淘汰赛 · 第 40–48 名（1-2）
Kards Weekday Skirmish: Pauper - Bracket A,bf:5ec57fff74214e1748e43f56,淘汰赛 · 第 40–48 名（1-2）
Kards Weekday Skirmish: Pauper - Bracket A,bf:5f362c8703dbcc11d58d78e3,淘汰赛 · 第 40–48 名（2-2）
Kards Weekday Skirmish: Pauper - Bracket A,bf:609ac012f8526f36fb8d7199,淘汰赛 · 第 5–8 名（2-2）
Kards Weekday Skirmish: Pauper - Bracket A,bf:5d4eae596c2b2139a67ce680,淘汰赛 · 第 5–8 名（2-2）
Kards Weekday Skirmish: Pauper - Bracket A,bf:564e7b5b80b8db4a00c4ff9c,淘汰赛 · 第 5–8 名（4-2）
Kards Weekday Skirmish: Pauper - Bracket A,bf:60509713496ba24d0604cc08,淘汰赛 · 第 5–8 名（7-2）
Kards Weekday Skirmish: Pauper - Bracket A,bf:609a7e2c4f046a3f9fd4176c,淘汰赛 · 第 9–13 名（1-2）
Kards Weekday Skirmish: Pauper - Bracket A,bf:5f11d247160c3f2239e940a4,淘汰赛 · 第 9–13 名（2-2）
Kards Weekday Skirmish: Pauper - Bracket A,bf:609582310d24dd11b0848f33,淘汰赛 · 第 9–13 名（2-2）
Kards Weekday Skirmish: Pauper - Bracket A,bf:5eeb9c3d19b81239da9496cb,淘汰赛 · 第 9–13 名（3-2）
Kards Weekday Skirmish: Pauper - Bracket A,bf:5f32f48419fcf2666b2abff1,淘汰赛 · 第 9–13 名（7-2）
Kards Weekday Skirmish: Pauper - Bracket B,bf:5f112ee3eac9482569fb3ee6,淘汰赛 · 第 1 名（4-2）
Kards Weekday Skirmish: Pauper - Bracket B,bf:602d35b5e953470c8c2eb398,淘汰赛 · 第 10–15 名（1-2）
Kards Weekday Skirmish: Pauper - Bracket B,bf:5fb038eb1632970e916b6f46,淘汰赛 · 第 10–15 名（1-2）
Kards Weekday Skirmish: Pauper - Bracket B,bf:5f10c966160c3f2239e92921,淘汰赛 · 第 10–15 名（2-2）
Kards Weekday Skirmish: Pauper - Bracket B,bf:5fa31ac6f8fc171ea9f67c43,淘汰赛 · 第 10–15 名（3-2）
Kards Weekday Skirmish: Pauper - Bracket B,bf:5fa2011d11743771ade90dee,淘汰赛 · 第 10–15 名（4-2）
Kards Weekday Skirmish: Pauper - Bracket B,bf:5bef1fd422a55803cb340a40,淘汰赛 · 第 10–15 名（9-1）
Kards Weekday Skirmish: Pauper - Bracket B,bf:5f0dde2dc47339351f7f7715,淘汰赛 · 第 16–18 名（0-2）
Kards Weekday Skirmish: Pauper - Bracket B,bf:5fb43070a2fd346547530c21,淘汰赛 · 第 16–18 名（1-2）
Kards Weekday Skirmish: Pauper - Bracket B,bf:6051fe41cbd09156d261e80c,淘汰赛 · 第 16–18 名（5-2）
Kards Weekday Skirmish: Pauper - Bracket B,bf:5c3b6b20304450039e51c054,淘汰赛 · 第 19 名（0-2）
Kards Weekday Skirmish: Pauper - Bracket B,bf:609b70096b6b3d37fdd49225,淘汰赛 · 第 2 名（4-2）
Kards Weekday Skirmish: Pauper - Bracket B,bf:60953cc936c672120ab6f2f4,淘汰赛 · 第 20–25 名（0-1）
Kards Weekday Skirmish: Pauper - Bracket B,bf:60946d0dab3bf12889662245,淘汰赛 · 第 20–25 名（0-2）
Kards Weekday Skirmish: Pauper - Bracket B,bf:609c270f11d3b1710642d8d1,淘汰赛 · 第 20–25 名（0-2）
Kards Weekday Skirmish: Pauper - Bracket B,bf:6096f16136c672120ab703d4,淘汰赛 · 第 20–25 名（0-2）
Kards Weekday Skirmish: Pauper - Bracket B,bf:6030a2af3222cb45216b822e,淘汰赛 · 第 20–25 名（0-2）
Kards Weekday Skirmish: Pauper - Bracket B,bf:60953c50980c9b122a48e011,淘汰赛 · 第 3 名（2-2）
Kards Weekday Skirmish: Pauper - Bracket B,bf:609a95247051842cc80eec16,淘汰赛 · 第 4–5 名（1-2）
Kards Weekday Skirmish: Pauper - Bracket B,bf:6096b9f1ee4adc11d83eef08,淘汰赛 · 第 4–5 名（1-2）
Kards Weekday Skirmish: Pauper - Bracket B,bf:564e7b5b80b8db4a00c4ff9c,淘汰赛 · 第 6 名（2-2）
Kards Weekday Skirmish: Pauper - Bracket B,bf:609b63110a6666119d69bbb0,淘汰赛 · 第 7 名（2-2）
Kards Weekday Skirmish: Pauper - Bracket B,bf:60514c101ca3d756eb01932e,淘汰赛 · 第 8–9 名（2-2）
Kards Weekday Skirmish: Pauper - Bracket B,bf:609ac012f8526f36fb8d7199,淘汰赛 · 第 8–9 名（2-2）
Kards World Championship 2021,bf:5fa27e32f8fc171ea9f66940,32 强 · 第 1 名（4-0）
Kards World Championship 2021,bf:5fa62937c3c163598ec80783,32 强 · 第 1 名（4-1）
Kards World Championship 2021,sgg:2486589,32 强 · 第 1 名（5-1）
Kards World Championship 2021,bf:5fb3184d9a9e750ea663e423,32 强 · 第 10 名（2-2）
Kards World Championship 2021,bf:673f9e78237e35004096e4c6,32 强 · 第 11 名（3-2）
Kards World Championship 2021,sgg:2498370,32 强 · 第 12 名（3-2）
Kards World Championship 2021,sgg:2493529,32 强 · 第 13 名（2-2）
Kards World Championship 2021,sgg:2499155,32 强 · 第 14 名（2-2）
Kards World Championship 2021,sgg:2486950,32 强 · 第 15 名（2-2）
Kards World Championship 2021,bf:5f109d917a5f692572240090,32 强 · 第 16 名（1-2）
Kards World Championship 2021,bf:673f964570390c0041722f72,32 强 · 第 17 名（1-2）
Kards World Championship 2021,bf:673f9c6789b5530023006e53,32 强 · 第 18 名（2-2）
Kards World Championship 2021,bf:5fa57306cc28b3594394b946,32 强 · 第 19 名（1-2）
Kards World Championship 2021,bf:5fbf8670698db1048d27bfda,32 强 · 第 20 名（1-2）
Kards World Championship 2021,bf:5fbf6ade2dc8793ada852a75,32 强 · 第 21 名（1-2）
Kards World Championship 2021,sgg:2493663,32 强 · 第 22 名（1-2）
Kards World Championship 2021,bf:5fa2011d11743771ade90dee,32 强 · 第 23 名（0-2）
Kards World Championship 2021,bf:5d4eae596c2b2139a67ce680,32 强 · 第 24 名（0-2）
Kards World Championship 2021,sgg:2388207,32 强 · 第 25 名（1-2）
Kards World Championship 2021,bf:5fbeb056698db1048d27b5bd,32 强 · 第 26 名（1-2）
Kards World Championship 2021,sgg:2483739,32 强 · 第 27 名（0-2）
Kards World Championship 2021,sgg:2491412,32 强 · 第 28 名（0-2）
Kards World Championship 2021,bf:5f0e37b37c5e104738aebbe3,32 强 · 第 29 名（0-2）
Kards World Championship 2021,sgg:2483698,32 强 · 第 30 名（0-2）
Kards World Championship 2021,sgg:2485339,32 强 · 第 31 名（0-2）
Kards World Championship 2021,sgg:2483766,32 强 · 第 32 名（0-2）
Kards World Championship 2021,bf:607823b0c75b3f32bc89dbca,32 强 · 第 8 名（2-2）
Kards World Championship 2021,sgg:2488448,32 强 · 第 9 名（4-2）
Kards World Championship 2021,sgg:2494779,小组赛 0-1
Kards World Championship 2021,bf:5f130139f7c29f223fd64290,小组赛 0-1
Kards World Championship 2021,bf:5ebea2fd1eafc755976c161a,小组赛 0-3
Kards World Championship 2021,sgg:2496180,小组赛 0-3
Kards World Championship 2021,sgg:2483676,小组赛 0-3
Kards World Championship 2021,sgg:2410397,小组赛 0-3
Kards World Championship 2021,bf:57101bc80b3b0f8312f27ec5,小组赛 0-4
Kards World Championship 2021,sgg:2494304,小组赛 0-4
Kards World Championship 2021,bf:5fbd548d698db1048d27a866,小组赛 0-4
Kards World Championship 2021,bf:5fa27bfdf8fc171ea9f66924,小组赛 0-4
Kards World Championship 2021,sgg:2494770,小组赛 0-4
Kards World Championship 2021,bf:6070a8022fd5451122c65ae8,小组赛 0-5
Kards World Championship 2021,bf:5f0de85b7c5e104738aeb5a8,小组赛 0-5
Kards World Championship 2021,sgg:2486878,小组赛 1-1
Kards World Championship 2021,sgg:2497727,小组赛 1-2
Kards World Championship 2021,sgg:2492394,小组赛 1-2
Kards World Championship 2021,bf:5eb7670e5e789b4b50a06de2,小组赛 1-2
Kards World Championship 2021,sgg:2486768,小组赛 1-3
Kards World Championship 2021,sgg:2494678,小组赛 1-3
Kards World Championship 2021,bf:5f11d0b0eea71b24bc30e84a,小组赛 1-3
Kards World Championship 2021,bf:5ec99a6d5cb5d5345c7fdf7c,小组赛 1-3
Kards World Championship 2021,sgg:2483756,小组赛 1-3
Kards World Championship 2021,sgg:2483661,小组赛 1-3
Kards World Championship 2021,bf:5fa3da8e11743771ade92018,小组赛 1-4
Kards World Championship 2021,bf:5f1b48d1abfcb016362ba48e,小组赛 1-4
Kards World Championship 2021,bf:673f95ef237e35004096e492,小组赛 1-4
Kards World Championship 2021,bf:5eb62f23aefaaf170fa23f33,小组赛 1-4
Kards World Championship 2021,sgg:2483808,小组赛 1-4
Kards World Championship 2021,bf:5f11e67d85fecb25631448a0,小组赛 1-4
Kards World Championship 2021,bf:6051fe41cbd09156d261e80c,小组赛 1-4
Kards World Championship 2021,sgg:2483769,小组赛 1-4
Kards World Championship 2021,sgg:2498198,小组赛 1-5
Kards World Championship 2021,bf:5f32f48419fcf2666b2abff1,小组赛 2-1
Kards World Championship 2021,sgg:2486604,小组赛 2-2
Kards World Championship 2021,bf:60509713496ba24d0604cc08,小组赛 2-2
Kards World Championship 2021,sgg:2496415,小组赛 2-2
Kards World Championship 2021,bf:673f9eb0237e35004096e4ca,小组赛 2-2
Kards World Championship 2021,sgg:2483631,小组赛 2-2
Kards World Championship 2021,bf:5c4d3b7150078403fe2d5308,小组赛 2-3
Kards World Championship 2021,sgg:2483895,小组赛 2-3
Kards World Championship 2021,bf:5ec038e2256baa1d38011a05,小组赛 2-3
Kards World Championship 2021,sgg:2319558,小组赛 2-3
Kards World Championship 2021,sgg:2491143,小组赛 2-3
Kards World Championship 2021,bf:5f11d247160c3f2239e940a4,小组赛 2-3
Kards World Championship 2021,bf:5fa3973bf8fc171ea9f68255,小组赛 2-3
Kards World Championship 2021,bf:5f3fc42472caf64e0f2b589c,小组赛 2-4
Kards World Championship 2021,bf:5fa5ede611743771ade94108,小组赛 3-1
Kards World Championship 2021,sgg:2495272,小组赛 3-2
Kards World Championship 2021,bf:5f0cd40c3087a65e039603f4,小组赛 3-2
Kards World Championship 2021,bf:5f113e2cd04bae257fc195f6,小组赛 3-2
Kards World Championship 2021,bf:5fb1cc6ee0bfea60c76a1385,小组赛 3-2
Kards World Championship 2021,sgg:2483500,小组赛 3-2
Kards World Championship 2021,bf:5f362c8703dbcc11d58d78e3,小组赛 3-2
Kards World Championship 2021,bf:5fbc4040adfefd64e8c8fd73,小组赛 3-2
Kards World Championship 2021,bf:5fa5397c241d875936d2c2f2,小组赛 3-2
Kards World Championship 2021,bf:5fa467df4eb3c2458669c29a,小组赛 3-2
Kards World Championship 2021,sgg:2485067,小组赛 3-2
Kards World Championship 2021,bf:673f9930237e35004096e4ad,小组赛 3-2
Kards World Championship 2021,bf:673f9813a144d7002b2e288d,小组赛 3-2
Kards World Championship 2021,sgg:2488469,小组赛 3-3
Kards World Championship 2021,bf:6043da6f1fe61e118d92889d,小组赛 3-3
Kards World Championship 2021,sgg:2494716,小组赛 3-3
Kards World Championship 2021,bf:601d68eabf58cf5f54a82fbf,小组赛 3-3
Kards World Championship 2021,bf:5eb65df574f31a11dd226b38,总决赛 · 第 1 名（2-1）
Kards World Championship 2021,bf:564e7b5b80b8db4a00c4ff9c,总决赛 · 第 1 名（3-1）
Kards World Championship 2021,sgg:2494008,总决赛 · 第 3 名（1-2）
Kards World Championship 2021,bf:5fb02943698db1048d26b9cd,总决赛 · 第 4 名（0-2）
Kards World Championship 2022,bf:5fb1e014eb92fe0475439152,32 强 · 第 10 名（2-2）
Kards World Championship 2022,bf:673f9e78237e35004096e4c6,32 强 · 第 11 名（2-2）
Kards World Championship 2022,bf:5eb65df574f31a11dd226b38,32 强 · 第 12 名（2-2）
Kards World Championship 2022,bf:673f98f370390c0041722f81,32 强 · 第 13 名（2-2）
Kards World Championship 2022,bf:673f9ae481b1a20036ec0786,32 强 · 第 14 名（2-2）
Kards World Championship 2022,bf:5fa62937c3c163598ec80783,32 强 · 第 15 名（1-2）
Kards World Championship 2022,sgg:3082715,32 强 · 第 16 名（1-2）
Kards World Championship 2022,sgg:2519403,32 强 · 第 17 名（2-2）
Kards World Championship 2022,bf:5fb3184d9a9e750ea663e423,32 强 · 第 18 名（1-2）
Kards World Championship 2022,bf:5fa5397c241d875936d2c2f2,32 强 · 第 19 名（1-2）
Kards World Championship 2022,sgg:3082033,32 强 · 第 20 名（1-2）
Kards World Championship 2022,bf:5fb0e0020c8f110e8a8bf3f2,32 强 · 第 21 名（0-2）
Kards World Championship 2022,bf:673f95ef237e35004096e492,32 强 · 第 22 名（1-2）
Kards World Championship 2022,sgg:2621073,32 强 · 第 23 名（0-2）
Kards World Championship 2022,sgg:2483698,32 强 · 第 24 名（1-1）
Kards World Championship 2022,sgg:2801104,32 强 · 第 25 名（1-1）
Kards World Championship 2022,bf:5fbfb60f1632970e916c6544,32 强 · 第 26 名（0-2）
Kards World Championship 2022,sgg:2504205,32 强 · 第 27 名（0-2）
Kards World Championship 2022,sgg:2930602,32 强 · 第 28 名（0-2）
Kards World Championship 2022,bf:5f32c6147bd80311ab78193f,32 强 · 第 29 名（0-2）
Kards World Championship 2022,sgg:3082387,32 强 · 第 30 名（0-2）
Kards World Championship 2022,bf:5fa27e32f8fc171ea9f66940,32 强 · 第 31 名（0-1）
Kards World Championship 2022,bf:5fa27bfdf8fc171ea9f66924,32 强 · 第 32 名（0-1）
Kards World Championship 2022,bf:5ec038e2256baa1d38011a05,32 强 · 第 5 名（5-2）
Kards World Championship 2022,bf:5f362c8703dbcc11d58d78e3,32 强 · 第 6 名（4-2）
Kards World Championship 2022,bf:5bef1fd422a55803cb340a40,32 强 · 第 7 名（3-2）
Kards World Championship 2022,bf:673f97e4a144d7002b2e288b,32 强 · 第 8 名（3-2）
Kards World Championship 2022,bf:5fa3973bf8fc171ea9f68255,32 强 · 第 9 名（3-2）
Kards World Championship 2022,sgg:2621966,小组赛 0-2
Kards World Championship 2022,bf:673f9eb0237e35004096e4ca,小组赛 0-2
Kards World Championship 2022,bf:673f9930237e35004096e4ad,小组赛 0-3
Kards World Championship 2022,sgg:3084764,小组赛 0-3
Kards World Championship 2022,sgg:3082290,小组赛 0-4
Kards World Championship 2022,sgg:3080856,小组赛 0-4
Kards World Championship 2022,sgg:2695007,小组赛 0-5
Kards World Championship 2022,sgg:3092705,小组赛 0-5
Kards World Championship 2022,sgg:3077324,小组赛 0-6
Kards World Championship 2022,sgg:3087606,小组赛 1-1
Kards World Championship 2022,bf:5ec99a6d5cb5d5345c7fdf7c,小组赛 1-2
Kards World Championship 2022,sgg:3081574,小组赛 1-2
Kards World Championship 2022,bf:5ebea2fd1eafc755976c161a,小组赛 1-2
Kards World Championship 2022,bf:601ce7017d548611be7697b6,小组赛 1-2
Kards World Championship 2022,sgg:2509034,小组赛 1-2
Kards World Championship 2022,sgg:2483676,小组赛 1-2
Kards World Championship 2022,sgg:3086985,小组赛 1-2
Kards World Championship 2022,bf:5fc0244ca2fd34654753d0cb,小组赛 1-2
Kards World Championship 2022,bf:5b38c676cbd82c03a4f28e8f,小组赛 1-2
Kards World Championship 2022,sgg:2616063,小组赛 1-2
Kards World Championship 2022,sgg:2917089,小组赛 1-3
Kards World Championship 2022,sgg:3082773,小组赛 1-3
Kards World Championship 2022,sgg:3076926,小组赛 1-3
Kards World Championship 2022,sgg:2494304,小组赛 1-3
Kards World Championship 2022,bf:5c4d3b7150078403fe2d5308,小组赛 1-3
Kards World Championship 2022,bf:673f9e8f70390c0041722fa4,小组赛 1-3
Kards World Championship 2022,sgg:2493529,小组赛 1-4
Kards World Championship 2022,sgg:3091884,小组赛 1-4
Kards World Championship 2022,bf:57b5a7ffabd8181c0cfdf304,小组赛 1-4
Kards World Championship 2022,bf:60509713496ba24d0604cc08,小组赛 1-4
Kards World Championship 2022,bf:5f0cd40c3087a65e039603f4,小组赛 1-4
Kards World Championship 2022,bf:5fbef0d92dc8793ada8527a5,小组赛 1-5
Kards World Championship 2022,sgg:3091311,小组赛 1-5
Kards World Championship 2022,sgg:2483808,小组赛 2-2
Kards World Championship 2022,sgg:3082416,小组赛 2-2
Kards World Championship 2022,bf:5f4318d1681ff84ab5ec92f9,小组赛 2-2
Kards World Championship 2022,sgg:2803542,小组赛 2-2
Kards World Championship 2022,bf:5fa57306cc28b3594394b946,小组赛 2-2
Kards World Championship 2022,bf:673f9c032ea3530021c8da09,小组赛 2-2
Kards World Championship 2022,bf:5fb02943698db1048d26b9cd,小组赛 2-2
Kards World Championship 2022,bf:5d4eae596c2b2139a67ce680,小组赛 2-2
Kards World Championship 2022,bf:603aca86a4a3f111939e5346,小组赛 2-3
Kards World Championship 2022,sgg:3090658,小组赛 2-3
Kards World Championship 2022,bf:5f3bc9efdbf742295bce0a9d,小组赛 2-3
Kards World Championship 2022,sgg:3089987,小组赛 2-4
Kards World Championship 2022,bf:673f9b382ea3530021c8d9fd,小组赛 2-4
Kards World Championship 2022,sgg:3091901,小组赛 3-2
Kards World Championship 2022,bf:5a4d98c332953903641106de,小组赛 3-2
Kards World Championship 2022,sgg:2706665,小组赛 3-2
Kards World Championship 2022,sgg:2486589,小组赛 3-2
Kards World Championship 2022,bf:601ae997fb69622ad6617823,小组赛 3-2
Kards World Championship 2022,bf:602d5acba74cc17c31b7d9af,小组赛 3-2
Kards World Championship 2022,bf:5fb42443a2fd346547530b2e,小组赛 3-3
Kards World Championship 2022,bf:5fa3da8e11743771ade92018,小组赛 3-3
Kards World Championship 2022,sgg:3082136,小组赛 4-2
Kards World Championship 2022,sgg:3081838,小组赛 4-2
Kards World Championship 2022,bf:564e7b5b80b8db4a00c4ff9c,总决赛 · 第 1 名（3-0）
Kards World Championship 2022,bf:673f99d8a144d7002b2e28a0,总决赛 · 第 2 名（2-2）
Kards World Championship 2022,bf:5fa467df4eb3c2458669c29a,总决赛 · 第 3 名（1-2）
Kards World Championship 2022,bf:673f964570390c0041722f72,总决赛 · 第 4 名（0-2）
Naval Warfare Expansion Tournament,ch:syswdsr,8 强 · 第 1 名（3-0）
Naval Warfare Expansion Tournament,bf:673f9e64237e35004096e4c4,8 强 · 第 2 名（2-1）
Naval Warfare Expansion Tournament,ch:作死的骡博,8 强 · 第 3 名（1-1）
Naval Warfare Expansion Tournament,ch:sie_,8 强 · 第 3 名（1-1）
Naval Warfare Expansion Tournament,ch:uiouuf,8 强 · 第 5 名（0-1）
Naval Warfare Expansion Tournament,bf:673f95f8744fee00353bc808,8 强 · 第 5 名（0-1）
Naval Warfare Expansion Tournament,bf:673f9e86744fee00353bc83c,8 强 · 第 5 名（0-1）
Naval Warfare Expansion Tournament,bf:673f9c8c2ea3530021c8da11,8 强 · 第 5 名（0-1）
Naval Warfare Expansion Tournament,ch:古明地恋,瑞士轮 0-2
Naval Warfare Expansion Tournament,ch:eszemteszem,瑞士轮 0-2
Naval Warfare Expansion Tournament,bf:673f9925237e35004096e4ab,瑞士轮 0-3
Naval Warfare Expansion Tournament,ch:donk,瑞士轮 0-5
Naval Warfare Expansion Tournament,bf:673f98f370390c0041722f81,瑞士轮 1-3
Naval Warfare Expansion Tournament,bf:673f9ae481b1a20036ec0786,瑞士轮 1-3
Naval Warfare Expansion Tournament,ch:070714,瑞士轮 1-3
Naval Warfare Expansion Tournament,bf:673f990470390c0041722f86,瑞士轮 2-2
Naval Warfare Expansion Tournament,ch:共和国在下雨,瑞士轮 2-2
Naval Warfare Expansion Tournament,bf:673f9e78237e35004096e4c6,瑞士轮 2-3
Naval Warfare Expansion Tournament,ch:jeo,瑞士轮 2-3
Naval Warfare Expansion Tournament,ch:没错你是对面的人,瑞士轮 2-3
Naval Warfare Expansion Tournament,bf:673f9ced89b5530023006e66,瑞士轮 2-3
Naval Warfare Expansion Tournament,bf:673f9ca92ea3530021c8da13,瑞士轮 2-3
Naval Warfare Expansion Tournament,ch:七海千秋,瑞士轮 3-2
Naval Warfare Expansion Tournament,ch:张小臣,瑞士轮 3-2
Naval Warfare Expansion Tournament,ch:jpkviii,瑞士轮 3-2
OCC 2020-06,bf:5ec99a6d5cb5d5345c7fdf7c,8 强 · 第 1 名（3-0）
OCC 2020-06,bf:5eb62f23aefaaf170fa23f33,8 强 · 第 2 名（2-1）
OCC 2020-06,bf:564e7b5b80b8db4a00c4ff9c,8 强 · 第 3 名（2-1）
OCC 2020-06,occsheet:rainzone77,8 强 · 第 4 名（1-2）
OCC 2020-06,occsheet:scientiavore,8 强 · 第 5–8 名（0-1）
OCC 2020-06,occsheet:reafer,8 强 · 第 5–8 名（0-1）
OCC 2020-06,occsheet:merlinix,8 强 · 第 5–8 名（0-1）
OCC 2020-06,bf:5eb65df574f31a11dd226b38,8 强 · 第 5–8 名（0-1）
OCC 2020-07,bf:5eb62f23aefaaf170fa23f33,8 强 · 第 1 名（3-0）
OCC 2020-07,bf:5f101bc2eea71b24bc30c50e,8 强 · 第 2 名（2-1）
OCC 2020-07,occsheet:rainzone77,8 强 · 第 3 名（2-1）
OCC 2020-07,occsheet:merlinix,8 强 · 第 4 名（1-2）
OCC 2020-07,bf:564e7b5b80b8db4a00c4ff9c,8 强 · 第 5–8 名（0-1）
OCC 2020-07,occsheet:shadowtp,8 强 · 第 5–8 名（0-1）
OCC 2020-07,bf:5ec99a6d5cb5d5345c7fdf7c,8 强 · 第 5–8 名（0-1）
OCC 2020-07,bf:5eb65df574f31a11dd226b38,8 强 · 第 5–8 名（0-1）
OCC 2020-08,occsheet:ocanadabearo,8 强 · 第 1 名（3-0）
OCC 2020-08,bf:564e7b5b80b8db4a00c4ff9c,8 强 · 第 2 名（2-1）
OCC 2020-08,bf:5eb62f23aefaaf170fa23f33,8 强 · 第 3–4 名（1-1）
OCC 2020-08,bf:5ec99a6d5cb5d5345c7fdf7c,8 强 · 第 3–4 名（1-1）
OCC 2020-08,bf:5eb65df574f31a11dd226b38,8 强 · 第 5–8 名（0-1）
OCC 2020-08,occsheet:byej,8 强 · 第 5–8 名（0-1）
OCC 2020-08,bf:5f0cd40c3087a65e039603f4,8 强 · 第 5–8 名（0-1）
OCC 2020-08,occsheet:titan,8 强 · 第 5–8 名（0-1）
OCC 2020-09,occsheet:byej,8 强 · 第 1 名（3-0）
OCC 2020-09,bf:5fa3973bf8fc171ea9f68255,8 强 · 第 2 名（2-1）
OCC 2020-09,bf:564e7b5b80b8db4a00c4ff9c,8 强 · 第 3 名（2-1）
OCC 2020-09,bf:5eb62f23aefaaf170fa23f33,8 强 · 第 4 名（1-2）
OCC 2020-09,occsheet:ocanadabearo,8 强 · 第 5–8 名（0-1）
OCC 2020-09,occsheet:michalelele,8 强 · 第 5–8 名（0-1）
OCC 2020-09,bf:5ebd9402b92b28521a098ec8,8 强 · 第 5–8 名（0-1）
OCC 2020-09,bf:5eb65df574f31a11dd226b38,8 强 · 第 5–8 名（0-1）
OCC 2020-10,bf:564e7b5b80b8db4a00c4ff9c,8 强 · 第 1 名（3-0）
OCC 2020-10,occsheet:dreamer,8 强 · 第 2 名（2-1）
OCC 2020-10,bf:5eb62f23aefaaf170fa23f33,8 强 · 第 3 名（1-1）
OCC 2020-10,bf:5fa3973bf8fc171ea9f68255,8 强 · 第 4 名（1-2）
OCC 2020-10,bf:5f0e37b37c5e104738aebbe3,8 强 · 第 5–7 名（0-1）
OCC 2020-10,bf:5ebea2fd1eafc755976c161a,8 强 · 第 5–7 名（0-1）
OCC 2020-10,occsheet:diablozhang,8 强 · 第 5–7 名（0-1）
OCC 2020-11,bf:564e7b5b80b8db4a00c4ff9c,8 强 · 第 1 名（3-0）
OCC 2020-11,bf:5eb62f23aefaaf170fa23f33,8 强 · 第 2 名（2-1）
OCC 2020-11,bf:5eb65df574f31a11dd226b38,8 强 · 第 3 名（2-1）
OCC 2020-11,bf:5f113e2cd04bae257fc195f6,8 强 · 第 4 名（1-2）
OCC 2020-11,occsheet:saria,8 强 · 第 5–8 名（0-1）
OCC 2020-11,bf:5ec99a6d5cb5d5345c7fdf7c,8 强 · 第 5–8 名（0-1）
OCC 2020-11,bf:673f9c6789b5530023006e53,8 强 · 第 5–8 名（0-1）
OCC 2020-11,bf:5f32c6147bd80311ab78193f,8 强 · 第 5–8 名（0-1）
OCC 2020-12,bf:5fa3973bf8fc171ea9f68255,8 强 · 第 1 名（3-0）
OCC 2020-12,bf:5ebd9402b92b28521a098ec8,8 强 · 第 2 名（2-1）
OCC 2020-12,bf:5fa5ede611743771ade94108,8 强 · 第 3 名（2-1）
OCC 2020-12,bf:673f9e78237e35004096e4c6,8 强 · 第 4 名（1-2）
OCC 2020-12,bf:5eb62f23aefaaf170fa23f33,8 强 · 第 5–8 名（0-1）
OCC 2020-12,bf:5eb65df574f31a11dd226b38,8 强 · 第 5–8 名（0-1）
OCC 2020-12,bf:564e7b5b80b8db4a00c4ff9c,8 强 · 第 5–8 名（0-1）
OCC 2020-12,sgg:2483500,8 强 · 第 5–8 名（0-1）
OCC 2021-01,bf:5ec99a6d5cb5d5345c7fdf7c,8 强 · 第 1 名（3-0）
OCC 2021-01,bf:5ebd9402b92b28521a098ec8,8 强 · 第 2 名（2-1）
OCC 2021-01,bf:5fa62937c3c163598ec80783,8 强 · 第 3 名（2-1）
OCC 2021-01,bf:5fa467df4eb3c2458669c29a,8 强 · 第 4 名（1-2）
OCC 2021-01,bf:564e7b5b80b8db4a00c4ff9c,8 强 · 第 5–8 名（0-1）
OCC 2021-01,occsheet:saria,8 强 · 第 5–8 名（0-1）
OCC 2021-01,bf:5fa3973bf8fc171ea9f68255,8 强 · 第 5–8 名（0-1）
OCC 2021-01,bf:5eb62f23aefaaf170fa23f33,8 强 · 第 5–8 名（0-1）
OCC 2021-02,bf:5fa467df4eb3c2458669c29a,8 强 · 第 1 名（3-0）
OCC 2021-02,bf:564e7b5b80b8db4a00c4ff9c,8 强 · 第 2 名（2-1）
OCC 2021-02,occsheet:lihifeng,8 强 · 第 3 名（2-1）
OCC 2021-02,bf:60647b02521bb713377d6f5c,8 强 · 第 4 名（1-2）
OCC 2021-02,bf:5fa5ede611743771ade94108,8 强 · 第 5–8 名（0-1）
OCC 2021-02,bf:57b5a7ffabd8181c0cfdf304,8 强 · 第 5–8 名（0-1）
OCC 2021-02,bf:5f0e37b37c5e104738aebbe3,8 强 · 第 5–8 名（0-1）
OCC 2021-02,bf:5ec99a6d5cb5d5345c7fdf7c,8 强 · 第 5–8 名（0-1）
OCC 2021-03,bf:5fa467df4eb3c2458669c29a,8 强 · 第 1 名（3-0）
OCC 2021-03,bf:601d72b8945ba61bbd9b6b3e,8 强 · 第 2 名（2-1）
OCC 2021-03,bf:5ec99a6d5cb5d5345c7fdf7c,8 强 · 第 3 名（2-1）
OCC 2021-03,bf:5ebd9402b92b28521a098ec8,8 强 · 第 4 名（1-2）
OCC 2021-03,bf:564e7b5b80b8db4a00c4ff9c,8 强 · 第 5–8 名（0-1）
OCC 2021-03,bf:5fa3973bf8fc171ea9f68255,8 强 · 第 5–8 名（0-1）
OCC 2021-03,bf:5eb65df574f31a11dd226b38,8 强 · 第 5–8 名（0-1）
OCC 2021-03,bf:5ec038e2256baa1d38011a05,8 强 · 第 5–8 名（0-1）
OCC 2021-04,bf:5fa3973bf8fc171ea9f68255,8 强 · 第 1 名（3-0）
OCC 2021-04,bf:673f9e78237e35004096e4c6,8 强 · 第 2 名（2-1）
OCC 2021-04,sgg:2519403,8 强 · 第 3 名（2-1）
OCC 2021-04,bf:564e7b5b80b8db4a00c4ff9c,8 强 · 第 4 名（1-2）
OCC 2021-04,bf:5fa3da8e11743771ade92018,8 强 · 第 5–8 名（0-1）
OCC 2021-04,bf:5fa5ede611743771ade94108,8 强 · 第 5–8 名（0-1）
OCC 2021-04,bf:5fa467df4eb3c2458669c29a,8 强 · 第 5–8 名（0-1）
OCC 2021-04,bf:601d72b8945ba61bbd9b6b3e,8 强 · 第 5–8 名（0-1）
OCC 2021-05,sgg:2493663,8 强 · 第 1 名（3-0）
OCC 2021-05,sgg:2486950,8 强 · 第 2 名（2-1）
OCC 2021-05,bf:5eb65df574f31a11dd226b38,8 强 · 第 3 名（2-1）
OCC 2021-05,bf:564e7b5b80b8db4a00c4ff9c,8 强 · 第 4 名（1-2）
OCC 2021-05,bf:673f9e78237e35004096e4c6,8 强 · 第 5 名（0-1）
OCC 2021-05,bf:5fa2011d11743771ade90dee,8 强 · 第 5 名（0-1）
OCC 2021-05,ch:柠檬突刺,8 强 · 第 5 名（0-1）
OCC 2021-05,bf:5fa467df4eb3c2458669c29a,8 强 · 第 5 名（0-1）
OCC 2021-05,sgg:2374874,淘汰赛 · 第 17 名（0-1）
OCC 2021-05,ch:rrrita,淘汰赛 · 第 17 名（0-1）
OCC 2021-05,bf:5f130139f7c29f223fd64290,淘汰赛 · 第 17 名（0-1）
OCC 2021-05,bf:60647b02521bb713377d6f5c,淘汰赛 · 第 17 名（0-1）
OCC 2021-05,bf:5f0df84e824086475be264b7,淘汰赛 · 第 17 名（0-1）
OCC 2021-05,bf:5fb42443a2fd346547530b2e,淘汰赛 · 第 17 名（0-1）
OCC 2021-05,bf:5f0cd40c3087a65e039603f4,淘汰赛 · 第 17 名（0-1）
OCC 2021-05,bf:603cfe1ab328151e11b92549,淘汰赛 · 第 17 名（0-1）
OCC 2021-05,ch:thegod,淘汰赛 · 第 17 名（0-1）
OCC 2021-05,sgg:2499155,淘汰赛 · 第 17 名（0-1）
OCC 2021-05,bf:5f32f48419fcf2666b2abff1,淘汰赛 · 第 17 名（0-1）
OCC 2021-05,bf:5fa27e32f8fc171ea9f66940,淘汰赛 · 第 17 名（0-1）
OCC 2021-05,ch:typhus,淘汰赛 · 第 17 名（0-1）
OCC 2021-05,sgg:2519403,淘汰赛 · 第 17 名（0-1）
OCC 2021-05,bf:5f109d917a5f692572240090,淘汰赛 · 第 17 名（0-1）
OCC 2021-05,bf:5ec038e2256baa1d38011a05,淘汰赛 · 第 17 名（0-1）
OCC 2021-05,bf:5fb1cc6ee0bfea60c76a1385,淘汰赛 · 第 5 名（2-1）
OCC 2021-05,bf:5fa62937c3c163598ec80783,淘汰赛 · 第 5 名（2-1）
OCC 2021-05,bf:5fa3973bf8fc171ea9f68255,淘汰赛 · 第 5 名（2-1）
OCC 2021-05,bf:5ec99a6d5cb5d5345c7fdf7c,淘汰赛 · 第 5 名（2-1）
OCC 2021-05,sgg:2483500,淘汰赛 · 第 9 名（1-1）
OCC 2021-05,bf:5fa27bfdf8fc171ea9f66924,淘汰赛 · 第 9 名（1-1）
OCC 2021-05,bf:673f9c6789b5530023006e53,淘汰赛 · 第 9 名（1-1）
OCC 2021-05,ch:897009834,淘汰赛 · 第 9 名（1-1）
OCC 2021-05,ch:robber57,淘汰赛 · 第 9 名（1-1）
OCC 2021-05,bf:601d72b8945ba61bbd9b6b3e,淘汰赛 · 第 9 名（1-1）
OCC 2021-05,bf:5f362c8703dbcc11d58d78e3,淘汰赛 · 第 9 名（1-1）
OCC 2021-06,bf:564e7b5b80b8db4a00c4ff9c,8 强 · 第 1 名（3-0）
OCC 2021-06,bf:5fa3973bf8fc171ea9f68255,8 强 · 第 2 名（2-1）
OCC 2021-06,ch:rrrita,8 强 · 第 3 名（2-1）
OCC 2021-06,bf:601d72b8945ba61bbd9b6b3e,8 强 · 第 4 名（1-2）
OCC 2021-06,bf:5fa5ede611743771ade94108,8 强 · 第 5 名（0-1）
OCC 2021-06,bf:673f9e78237e35004096e4c6,8 强 · 第 5 名（0-1）
OCC 2021-06,ch:柠檬突刺,8 强 · 第 5 名（0-1）
OCC 2021-06,bf:5fa2011d11743771ade90dee,8 强 · 第 5 名（0-1）
OCC 2021-06,bf:5f109d917a5f692572240090,资格赛 · 第 2 名（3-1）
OCC 2021-06,sgg:2483500,资格赛 · 第 2 名（3-1）
OCC 2021-06,bf:5ec038e2256baa1d38011a05,资格赛 · 第 3 名（2-1）
OCC 2021-06,sgg:2488448,资格赛 · 第 3 名（2-1）
OCC 2021-06,ch:劣质暗杀兵,资格赛 · 第 3 名（2-1）
OCC 2021-06,ch:897009834,资格赛 · 第 3 名（2-1）
OCC 2021-06,sgg:2486950,资格赛 · 第 5 名（1-1）
OCC 2021-06,bf:5ec99a6d5cb5d5345c7fdf7c,资格赛 · 第 5 名（1-1）
OCC 2021-06,bf:5fa467df4eb3c2458669c29a,资格赛 · 第 5 名（1-1）
OCC 2021-06,sgg:2351757,资格赛 · 第 5 名（1-1）
OCC 2021-06,bf:603cfe1ab328151e11b92549,资格赛 · 第 5 名（1-1）
OCC 2021-06,bf:5eb65df574f31a11dd226b38,资格赛 · 第 5 名（1-1）
OCC 2021-06,ch:typhus,资格赛 · 第 5 名（1-1）
OCC 2021-06,ch:1831680461,资格赛 · 第 5 名（1-1）
OCC 2021-06,bf:5fa62937c3c163598ec80783,资格赛 · 第 9 名（0-1）
OCC 2021-06,bf:5f0cd40c3087a65e039603f4,资格赛 · 第 9 名（0-1）
OCC 2021-06,ch:加藤惠,资格赛 · 第 9 名（0-1）
OCC 2021-06,bf:673f9ae481b1a20036ec0786,资格赛 · 第 9 名（0-1）
OCC 2021-06,bf:5fb1cc6ee0bfea60c76a1385,资格赛 · 第 9 名（0-1）
OCC 2021-06,sgg:2493663,资格赛 · 第 9 名（0-1）
OCC 2021-06,ch:tastedasrainbow,资格赛 · 第 9 名（0-1）
OCC 2021-06,sgg:2499155,资格赛 · 第 9 名（0-1）
OCC 2021-06,bf:57b5a7ffabd8181c0cfdf304,资格赛 · 第 9 名（0-1）
OCC 2021-06,bf:5f362c8703dbcc11d58d78e3,资格赛 · 第 9 名（0-1）
OCC 2021-06,ch:robber57,资格赛 · 第 9 名（0-1）
OCC 2021-06,bf:60647b02521bb713377d6f5c,资格赛 · 第 9 名（0-1）
OCC 2021-06,bf:602d5acba74cc17c31b7d9af,资格赛 · 第 9 名（0-1）
OCC 2021-06,bf:5ebea2fd1eafc755976c161a,资格赛 · 第 9 名（0-1）
OCC 2021-06,ch:alex,资格赛 · 第 9 名（0-1）
OCC 2021-07,ch:函末呀,8 强 · 第 1 名（3-0）
OCC 2021-07,bf:5ec038e2256baa1d38011a05,8 强 · 第 2 名（2-1）
OCC 2021-07,bf:5fa3973bf8fc171ea9f68255,8 强 · 第 3 名（2-1）
OCC 2021-07,bf:564e7b5b80b8db4a00c4ff9c,8 强 · 第 4 名（1-2）
OCC 2021-07,bf:5ebd9402b92b28521a098ec8,8 强 · 第 5 名（0-1）
OCC 2021-07,bf:5fa467df4eb3c2458669c29a,8 强 · 第 5 名（0-1）
OCC 2021-07,ch:rrrita,8 强 · 第 5 名（0-1）
OCC 2021-07,bf:5eb62f23aefaaf170fa23f33,8 强 · 第 5 名（0-1）
OCC 2021-07,bf:602d5acba74cc17c31b7d9af,资格赛 · 第 13 名（0-2）
OCC 2021-07,bf:5fb7473c502b9e587d1becbe,资格赛 · 第 2 名（3-2）
OCC 2021-07,bf:60647b02521bb713377d6f5c,资格赛 · 第 2 名（4-2）
OCC 2021-07,ch:robber57,资格赛 · 第 3 名（3-2）
OCC 2021-07,bf:5ec99a6d5cb5d5345c7fdf7c,资格赛 · 第 3 名（4-2）
OCC 2021-07,bf:5fa57306cc28b3594394b946,资格赛 · 第 4 名（2-2）
OCC 2021-07,bf:601d72b8945ba61bbd9b6b3e,资格赛 · 第 4 名（3-2）
OCC 2021-07,ch:tastedasrainbow,资格赛 · 第 5 名（0-2）
OCC 2021-07,bf:673f9ae481b1a20036ec0786,资格赛 · 第 5 名（1-2）
OCC 2021-07,bf:5ebea2fd1eafc755976c161a,资格赛 · 第 5 名（1-2）
OCC 2021-07,bf:5eb65df574f31a11dd226b38,资格赛 · 第 5 名（2-2）
OCC 2021-07,bf:5f362c8703dbcc11d58d78e3,资格赛 · 第 7 名（0-2）
OCC 2021-07,bf:5fa5ede611743771ade94108,资格赛 · 第 7 名（0-2）
OCC 2021-07,bf:5f32f48419fcf2666b2abff1,资格赛 · 第 7 名（1-2）
OCC 2021-07,sgg:2351757,资格赛 · 第 7 名（1-2）
OCC 2021-07,ch:apologize,资格赛 · 第 9 名（0-1）
OCC 2021-07,bf:57b5a7ffabd8181c0cfdf304,资格赛 · 第 9 名（0-1）
OCC 2021-07,sgg:2519403,资格赛 · 第 9 名（0-1）
OCC 2021-07,bf:5fa31ac6f8fc171ea9f67c43,资格赛 · 第 9 名（0-2）
OCC 2021-08,bf:5fa3973bf8fc171ea9f68255,8 强 · 第 1 名（3-0）
OCC 2021-08,bf:673f9eb0237e35004096e4ca,8 强 · 第 2 名（2-1）
OCC 2021-08,sgg:2519403,8 强 · 第 3 名（2-1）
OCC 2021-08,bf:673f9ae481b1a20036ec0786,8 强 · 第 4 名（1-2）
OCC 2021-08,sgg:2388207,8 强 · 第 5 名（0-1）
OCC 2021-08,bf:5ebd9402b92b28521a098ec8,8 强 · 第 5 名（0-1）
OCC 2021-08,bf:5ec99a6d5cb5d5345c7fdf7c,8 强 · 第 5 名（0-1）
OCC 2021-08,bf:564e7b5b80b8db4a00c4ff9c,8 强 · 第 5 名（0-1）
OCC 2021-08,bf:60647b02521bb713377d6f5c,资格赛 · 第 13 名（0-2）
OCC 2021-08,bf:673f9c6789b5530023006e53,资格赛 · 第 2 名（4-2）
OCC 2021-08,sgg:2374874,资格赛 · 第 2 名（4-2）
OCC 2021-08,bf:5f362c8703dbcc11d58d78e3,资格赛 · 第 3 名（3-2）
OCC 2021-08,bf:5ec038e2256baa1d38011a05,资格赛 · 第 3 名（4-2）
OCC 2021-08,bf:5fb7473c502b9e587d1becbe,资格赛 · 第 4 名（2-2）
OCC 2021-08,bf:5f0e37b37c5e104738aebbe3,资格赛 · 第 4 名（3-2）
OCC 2021-08,bf:5eb65df574f31a11dd226b38,资格赛 · 第 5 名（1-2）
OCC 2021-08,sgg:2351757,资格赛 · 第 5 名（1-2）
OCC 2021-08,bf:5fa31ac6f8fc171ea9f67c43,资格赛 · 第 5 名（1-2）
OCC 2021-08,sgg:2483500,资格赛 · 第 5 名（1-2）
OCC 2021-08,ch:apologize,资格赛 · 第 7 名（1-2）
OCC 2021-08,bf:5f109d917a5f692572240090,资格赛 · 第 7 名（1-2）
OCC 2021-08,bf:5fa27bfdf8fc171ea9f66924,资格赛 · 第 7 名（1-2）
OCC 2021-08,bf:673f9813a144d7002b2e288d,资格赛 · 第 7 名（1-2）
OCC 2021-08,bf:5fa467df4eb3c2458669c29a,资格赛 · 第 9 名（0-1）
OCC 2021-08,bf:5f3fc42472caf64e0f2b589c,资格赛 · 第 9 名（0-1）
OCC 2021-08,bf:601d72b8945ba61bbd9b6b3e,资格赛 · 第 9 名（0-2）
OCC 2021-08,ch:sakura,资格赛 · 第 9 名（0-2）
OCC 2021-08,bf:5fa57306cc28b3594394b946,资格赛 · 第 9 名（0-2）
OCC 2021-08,sgg:2483739,资格赛 · 第 9 名（1-2）
OCC 2021-09,bf:5fa3973bf8fc171ea9f68255,8 强 · 第 1 名（3-0）
OCC 2021-09,bf:564e7b5b80b8db4a00c4ff9c,8 强 · 第 2 名（2-1）
OCC 2021-09,ch:apologize,8 强 · 第 3 名（2-1）
OCC 2021-09,sgg:2499155,8 强 · 第 4 名（1-2）
OCC 2021-09,sgg:2483500,8 强 · 第 5 名（0-1）
OCC 2021-09,bf:5f109d917a5f692572240090,8 强 · 第 5 名（0-1）
OCC 2021-09,bf:673f9eb0237e35004096e4ca,8 强 · 第 5 名（0-1）
OCC 2021-09,bf:673f9ae481b1a20036ec0786,8 强 · 第 5 名（0-1）
OCC 2021-09,bf:673f9c032ea3530021c8da09,资格赛 · 第 13 名（0-2）
OCC 2021-09,bf:5fb7473c502b9e587d1becbe,资格赛 · 第 13 名（0-2）
OCC 2021-09,sgg:2483739,资格赛 · 第 13 名（0-2）
OCC 2021-09,sgg:2351757,资格赛 · 第 2 名（5-2）
OCC 2021-09,ch:黎星。,资格赛 · 第 2 名（5-2）
OCC 2021-09,bf:5fa2011d11743771ade90dee,资格赛 · 第 3 名（2-2）
OCC 2021-09,bf:673f9e78237e35004096e4c6,资格赛 · 第 3 名（4-2）
OCC 2021-09,sgg:2483756,资格赛 · 第 4 名（3-2）
OCC 2021-09,bf:5f0e37b37c5e104738aebbe3,资格赛 · 第 4 名（4-2）
OCC 2021-09,bf:5fa31ac6f8fc171ea9f67c43,资格赛 · 第 5 名（2-2）
OCC 2021-09,bf:5eb65df574f31a11dd226b38,资格赛 · 第 5 名（2-2）
OCC 2021-09,bf:5f362c8703dbcc11d58d78e3,资格赛 · 第 5 名（3-2）
OCC 2021-09,bf:60647b02521bb713377d6f5c,资格赛 · 第 5 名（3-2）
OCC 2021-09,bf:5ec99a6d5cb5d5345c7fdf7c,资格赛 · 第 7 名（1-2）
OCC 2021-09,bf:5ebea2fd1eafc755976c161a,资格赛 · 第 7 名（1-2）
OCC 2021-09,bf:5f113e2cd04bae257fc195f6,资格赛 · 第 7 名（1-2）
OCC 2021-09,bf:5fa5397c241d875936d2c2f2,资格赛 · 第 7 名（1-2）
OCC 2021-09,bf:673f9c6789b5530023006e53,资格赛 · 第 9 名（0-2）
OCC 2021-09,bf:5fa27bfdf8fc171ea9f66924,资格赛 · 第 9 名（0-2）
OCC 2021-09,sgg:2488448,资格赛 · 第 9 名（0-2）
OCC 2021-09,bf:5f3fc42472caf64e0f2b589c,资格赛 · 第 9 名（1-2）
OCC 2021-09,bf:5ec038e2256baa1d38011a05,资格赛 · 第 9 名（1-2）
OCC 2021-09,bf:5fb42443a2fd346547530b2e,资格赛 · 第 9 名（1-2）
OCC 2021-09,bf:5ebd9402b92b28521a098ec8,资格赛 · 第 9 名（1-2）
OCC 2021-10,bf:564e7b5b80b8db4a00c4ff9c,8 强 · 第 1 名（3-0）
OCC 2021-10,bf:5fa467df4eb3c2458669c29a,8 强 · 第 2 名（2-1）
OCC 2021-10,ch:a15159675088,8 强 · 第 3 名（2-1）
OCC 2021-10,bf:60647b02521bb713377d6f5c,8 强 · 第 4 名（1-2）
OCC 2021-10,sgg:2485067,8 强 · 第 5 名（0-1）
OCC 2021-10,bf:673f9eb0237e35004096e4ca,8 强 · 第 5 名（0-1）
OCC 2021-10,sgg:2388207,8 强 · 第 5 名（0-1）
OCC 2021-10,bf:5f362c8703dbcc11d58d78e3,8 强 · 第 5 名（0-1）
OCC 2021-10,sgg:2483500,资格赛 · 第 13 名（0-2）
OCC 2021-10,sgg:2483756,资格赛 · 第 13 名（0-2）
OCC 2021-10,bf:5f0cd40c3087a65e039603f4,资格赛 · 第 2 名（4-2）
OCC 2021-10,bf:5eb65df574f31a11dd226b38,资格赛 · 第 2 名（5-2）
OCC 2021-10,bf:5eb62f23aefaaf170fa23f33,资格赛 · 第 3 名（2-2）
OCC 2021-10,bf:5fa57306cc28b3594394b946,资格赛 · 第 3 名（2-2）
OCC 2021-10,bf:5ec038e2256baa1d38011a05,资格赛 · 第 4 名（2-2）
OCC 2021-10,ch:lappland,资格赛 · 第 4 名（2-2）
OCC 2021-10,bf:5fa5ede611743771ade94108,资格赛 · 第 5 名（1-2）
OCC 2021-10,sgg:2351757,资格赛 · 第 5 名（2-2）
OCC 2021-10,bf:5f0e37b37c5e104738aebbe3,资格赛 · 第 5 名（2-2）
OCC 2021-10,bf:5f113e2cd04bae257fc195f6,资格赛 · 第 5 名（2-2）
OCC 2021-10,bf:603cfe1ab328151e11b92549,资格赛 · 第 7 名（1-2）
OCC 2021-10,bf:5fb02943698db1048d26b9cd,资格赛 · 第 7 名（1-2）
OCC 2021-10,bf:5ebd9402b92b28521a098ec8,资格赛 · 第 7 名（2-2）
OCC 2021-10,bf:673f9e78237e35004096e4c6,资格赛 · 第 9 名（0-1）
OCC 2021-10,bf:5fa5397c241d875936d2c2f2,资格赛 · 第 9 名（0-2）
OCC 2021-10,bf:5ebea2fd1eafc755976c161a,资格赛 · 第 9 名（0-2）
OCC 2021-10,bf:5f109d917a5f692572240090,资格赛 · 第 9 名（0-2）
OCC 2021-11,bf:673f9eb0237e35004096e4ca,8 强 · 第 1 名（3-0）
OCC 2021-11,sgg:2519403,8 强 · 第 2 名（2-1）
OCC 2021-11,bf:564e7b5b80b8db4a00c4ff9c,8 强 · 第 3 名（2-1）
OCC 2021-11,bf:5eb62f23aefaaf170fa23f33,8 强 · 第 4 名（1-2）
OCC 2021-11,bf:60647b02521bb713377d6f5c,8 强 · 第 5 名（0-1）
OCC 2021-11,bf:5ec038e2256baa1d38011a05,8 强 · 第 5 名（0-1）
OCC 2021-11,bf:673f9ae481b1a20036ec0786,8 强 · 第 5 名（0-1）
OCC 2021-11,sgg:2388207,8 强 · 第 5 名（0-1）
OCC 2021-11,bf:5f109d917a5f692572240090,资格赛 · 第 13 名（0-2）
OCC 2021-11,bf:57b5a7ffabd8181c0cfdf304,资格赛 · 第 2 名（3-2）
OCC 2021-11,bf:5ec99a6d5cb5d5345c7fdf7c,资格赛 · 第 2 名（4-2）
OCC 2021-11,sgg:2483739,资格赛 · 第 3 名（2-1）
OCC 2021-11,bf:60ae60e26dada66f5e2a9239,资格赛 · 第 3 名（2-2）
OCC 2021-11,bf:5ebd9402b92b28521a098ec8,资格赛 · 第 4 名（3-2）
OCC 2021-11,bf:5eb65df574f31a11dd226b38,资格赛 · 第 4 名（4-2）
OCC 2021-11,bf:5f0cd40c3087a65e039603f4,资格赛 · 第 5 名（1-2）
OCC 2021-11,ch:vnato,资格赛 · 第 5 名（2-2）
OCC 2021-11,sgg:2494008,资格赛 · 第 5 名（2-2）
OCC 2021-11,bf:603cfe1ab328151e11b92549,资格赛 · 第 5 名（2-2）
OCC 2021-11,bf:5fa27bfdf8fc171ea9f66924,资格赛 · 第 7 名（1-1）
OCC 2021-11,bf:5f32c6147bd80311ab78193f,资格赛 · 第 7 名（1-2）
OCC 2021-11,sgg:2494770,资格赛 · 第 7 名（1-2）
OCC 2021-11,sgg:2494716,资格赛 · 第 7 名（2-2）
OCC 2021-11,bf:5f362c8703dbcc11d58d78e3,资格赛 · 第 9 名（0-2）
OCC 2021-11,sgg:2351757,资格赛 · 第 9 名（0-2）
OCC 2021-11,bf:5fa5397c241d875936d2c2f2,资格赛 · 第 9 名（0-2）
OCC 2021-11,bf:5f113e2cd04bae257fc195f6,资格赛 · 第 9 名（0-2）
OCC 2021-11,bf:5fbeb056698db1048d27b5bd,资格赛 · 第 9 名（0-2）
OCC 2021-11,sgg:2621966,资格赛 · 第 9 名（1-2）
OCC 2021-12,sgg:2519403,8 强 · 第 1 名（2-0）
OCC 2021-12,bf:5fb3184d9a9e750ea663e423,8 强 · 第 2 名（2-1）
OCC 2021-12,bf:5f362c8703dbcc11d58d78e3,8 强 · 第 3 名（2-1）
OCC 2021-12,bf:5eb62f23aefaaf170fa23f33,8 强 · 第 4 名（1-2）
OCC 2021-12,bf:673f9ae481b1a20036ec0786,8 强 · 第 5 名（0-1）
OCC 2021-12,bf:564e7b5b80b8db4a00c4ff9c,8 强 · 第 5 名（0-1）
OCC 2021-12,bf:5eb65df574f31a11dd226b38,8 强 · 第 5 名（0-1）
OCC 2021-12,sgg:2494008,资格赛 · 第 13 名（0-1）
OCC 2021-12,bf:673f9c032ea3530021c8da09,资格赛 · 第 13 名（0-2）
OCC 2021-12,bf:5fa5ede611743771ade94108,资格赛 · 第 2 名（2-2）
OCC 2021-12,bf:5fa57306cc28b3594394b946,资格赛 · 第 2 名（3-2）
OCC 2021-12,bf:5fa5397c241d875936d2c2f2,资格赛 · 第 3 名（2-2）
OCC 2021-12,bf:673f9e78237e35004096e4c6,资格赛 · 第 3 名（4-2）
OCC 2021-12,bf:5bef1fd422a55803cb340a40,资格赛 · 第 4 名（1-2）
OCC 2021-12,bf:5f109d917a5f692572240090,资格赛 · 第 4 名（3-2）
OCC 2021-12,bf:60509713496ba24d0604cc08,资格赛 · 第 5 名（1-2）
OCC 2021-12,sgg:2388207,资格赛 · 第 5 名（2-2）
OCC 2021-12,sgg:2803542,资格赛 · 第 5 名（3-2）
OCC 2021-12,bf:5fa2011d11743771ade90dee,资格赛 · 第 7 名（0-2）
OCC 2021-12,bf:5f32c6147bd80311ab78193f,资格赛 · 第 7 名（1-2）
OCC 2021-12,bf:5ec038e2256baa1d38011a05,资格赛 · 第 7 名（1-2）
OCC 2021-12,bf:57b5a7ffabd8181c0cfdf304,资格赛 · 第 9 名（0-2）
OCC 2021-12,bf:5fb42443a2fd346547530b2e,资格赛 · 第 9 名（0-2）
OCC 2021-12,bf:5fbeb056698db1048d27b5bd,资格赛 · 第 9 名（1-2）
OCC 2022-01,sgg:2621073,8 强 · 第 1 名（3-0）
OCC 2022-01,bf:564e7b5b80b8db4a00c4ff9c,8 强 · 第 2 名（2-1）
OCC 2022-01,sgg:2388207,8 强 · 第 3 名（1-1）
OCC 2022-01,bf:5f0cd40c3087a65e039603f4,8 强 · 第 4 名（1-2）
OCC 2022-01,bf:5ebea2fd1eafc755976c161a,8 强 · 第 5 名（0-1）
OCC 2022-01,bf:673f9ae481b1a20036ec0786,8 强 · 第 5 名（0-1）
OCC 2022-01,bf:5ec038e2256baa1d38011a05,8 强 · 第 5 名（0-1）
OCC 2022-01,bf:673f9930237e35004096e4ad,资格赛 · 第 2 名（4-2）
OCC 2022-01,bf:57b5a7ffabd8181c0cfdf304,资格赛 · 第 2 名（5-2）
OCC 2022-01,bf:5eb65df574f31a11dd226b38,资格赛 · 第 3 名（2-2）
OCC 2022-01,bf:60647b02521bb713377d6f5c,资格赛 · 第 3 名（3-2）
OCC 2022-01,sgg:2494770,资格赛 · 第 4 名（1-2）
OCC 2022-01,bf:5f109d917a5f692572240090,资格赛 · 第 4 名（3-2）
OCC 2022-01,bf:673f9e78237e35004096e4c6,资格赛 · 第 5 名（0-2）
OCC 2022-01,bf:5f362c8703dbcc11d58d78e3,资格赛 · 第 5 名（1-2）
OCC 2022-01,bf:5ebd9402b92b28521a098ec8,资格赛 · 第 5 名（2-2）
OCC 2022-01,sgg:2494008,资格赛 · 第 5 名（2-2）
OCC 2022-01,ch:全村我最帅,资格赛 · 第 7 名（0-1）
OCC 2022-01,bf:60509713496ba24d0604cc08,资格赛 · 第 7 名（1-2）
OCC 2022-01,bf:5fa5397c241d875936d2c2f2,资格赛 · 第 7 名（1-2）
OCC 2022-01,bf:5fa57306cc28b3594394b946,资格赛 · 第 9 名（0-1）
OCC 2022-01,bf:5fa27bfdf8fc171ea9f66924,资格赛 · 第 9 名（0-1）
OCC 2022-01,sgg:2616063,资格赛 · 第 9 名（0-2）
OCC 2022-01,bf:673f9c032ea3530021c8da09,资格赛 · 第 9 名（0-2）
OCC 2022-01,bf:5eb7670e5e789b4b50a06de2,资格赛 · 第 9 名（0-2）
OCC 2022-02,bf:564e7b5b80b8db4a00c4ff9c,8 强 · 第 1 名（3-0）
OCC 2022-02,bf:5f109d917a5f692572240090,8 强 · 第 2 名（2-1）
OCC 2022-02,bf:5f362c8703dbcc11d58d78e3,8 强 · 第 3 名（1-1）
OCC 2022-02,sgg:2621073,8 强 · 第 4 名（1-2）
OCC 2022-02,ch:加藤惠,8 强 · 第 5 名（0-1）
OCC 2022-02,bf:60509713496ba24d0604cc08,8 强 · 第 5 名（0-1）
OCC 2022-02,bf:5ec038e2256baa1d38011a05,8 强 · 第 5 名（0-1）
OCC 2022-02,bf:5f0e37b37c5e104738aebbe3,资格赛 · 第 13 名（0-2）
OCC 2022-02,bf:5fa467df4eb3c2458669c29a,资格赛 · 第 2 名（3-2）
OCC 2022-02,bf:601d8d265470fa2af29f55e8,资格赛 · 第 2 名（4-2）
OCC 2022-02,bf:5ebea2fd1eafc755976c161a,资格赛 · 第 3 名（1-1）
OCC 2022-02,bf:5fa57306cc28b3594394b946,资格赛 · 第 3 名（2-2）
OCC 2022-02,bf:5fa27bfdf8fc171ea9f66924,资格赛 · 第 4 名（2-1）
OCC 2022-02,bf:5fb3184d9a9e750ea663e423,资格赛 · 第 4 名（3-2）
OCC 2022-02,sgg:2616063,资格赛 · 第 5 名（1-2）
OCC 2022-02,bf:5fb02943698db1048d26b9cd,资格赛 · 第 5 名（1-2）
OCC 2022-02,bf:602d5acba74cc17c31b7d9af,资格赛 · 第 5 名（2-2）
OCC 2022-02,ch:evergardenxciv,资格赛 · 第 5 名（2-2）
OCC 2022-02,bf:5f0cd40c3087a65e039603f4,资格赛 · 第 7 名（0-2）
OCC 2022-02,sgg:2494770,资格赛 · 第 7 名（0-2）
OCC 2022-02,bf:673f9e78237e35004096e4c6,资格赛 · 第 7 名（1-2）
OCC 2022-02,bf:673f9930237e35004096e4ad,资格赛 · 第 9 名（0-2）
OCC 2022-02,bf:57b5a7ffabd8181c0cfdf304,资格赛 · 第 9 名（1-2）
OCC 2022-03,bf:673f9ae481b1a20036ec0786,8 强 · 第 1 名（3-0）
OCC 2022-03,bf:673f9eb0237e35004096e4ca,8 强 · 第 2 名（2-1）
OCC 2022-03,bf:564e7b5b80b8db4a00c4ff9c,8 强 · 第 3 名（2-1）
OCC 2022-03,ch:算什么男人,8 强 · 第 4 名（1-2）
OCC 2022-03,bf:5ebd9402b92b28521a098ec8,8 强 · 第 5 名（0-1）
OCC 2022-03,ch:加藤惠,8 强 · 第 5 名（0-1）
OCC 2022-03,sgg:2388207,8 强 · 第 5 名（0-1）
OCC 2022-03,sgg:2621073,8 强 · 第 5 名（0-1）
OCC 2022-03,bf:60509713496ba24d0604cc08,资格赛 · 第 13 名（0-2）
OCC 2022-03,ch:jinhao666,资格赛 · 第 2 名（3-2）
OCC 2022-03,bf:5eb65df574f31a11dd226b38,资格赛 · 第 2 名（5-2）
OCC 2022-03,sgg:2519403,资格赛 · 第 3 名（1-2）
OCC 2022-03,bf:673f9e78237e35004096e4c6,资格赛 · 第 3 名（2-2）
OCC 2022-03,bf:5f109d917a5f692572240090,资格赛 · 第 4 名（2-2）
OCC 2022-03,bf:5f0e37b37c5e104738aebbe3,资格赛 · 第 4 名（2-2）
OCC 2022-03,ch:thedevil'sahandosmeman,资格赛 · 第 5 名（1-2）
OCC 2022-03,bf:5ec038e2256baa1d38011a05,资格赛 · 第 5 名（2-2）
OCC 2022-03,ch:evergardenxciv,资格赛 · 第 5 名（2-2）
OCC 2022-03,bf:601d334704309b1b93074798,资格赛 · 第 7 名（0-2）
OCC 2022-03,bf:5fa57306cc28b3594394b946,资格赛 · 第 7 名（0-2）
OCC 2022-03,ch:artizo,资格赛 · 第 7 名（2-2）
OCC 2022-03,bf:5fb3184d9a9e750ea663e423,资格赛 · 第 9 名（0-2）
OCC 2022-04,bf:5fa3973bf8fc171ea9f68255,8 强 · 第 1 名（2-0）
OCC 2022-04,sgg:2388207,8 强 · 第 2 名（2-1）
OCC 2022-04,bf:673f9eb0237e35004096e4ca,8 强 · 第 3 名（2-1）
OCC 2022-04,bf:564e7b5b80b8db4a00c4ff9c,8 强 · 第 4 名（1-2）
OCC 2022-04,bf:5ebd9402b92b28521a098ec8,8 强 · 第 5 名（0-1）
OCC 2022-04,bf:5f362c8703dbcc11d58d78e3,8 强 · 第 5 名（0-1）
OCC 2022-04,bf:673f9ae481b1a20036ec0786,8 强 · 第 5 名（0-1）
OCC 2022-04,ch:koma,资格赛 · 第 13 名（0-2）
OCC 2022-04,bf:5eb65df574f31a11dd226b38,资格赛 · 第 13 名（0-2）
OCC 2022-04,sgg:2621982,资格赛 · 第 2 名（3-2）
OCC 2022-04,ch:evergardenxciv,资格赛 · 第 2 名（5-1）
OCC 2022-04,bf:673f9cc689b5530023006e64,资格赛 · 第 3 名（2-1）
OCC 2022-04,sgg:2616063,资格赛 · 第 3 名（3-2）
OCC 2022-04,bf:673f9e78237e35004096e4c6,资格赛 · 第 4 名（1-2）
OCC 2022-04,ch:万仇甜瓜,资格赛 · 第 4 名（2-1）
OCC 2022-04,sgg:2519403,资格赛 · 第 5 名（2-1）
OCC 2022-04,sgg:2498370,资格赛 · 第 5 名（2-2）
OCC 2022-04,bf:5ec038e2256baa1d38011a05,资格赛 · 第 5 名（2-2）
OCC 2022-04,ch:somethingodd,资格赛 · 第 5 名（2-2）
OCC 2022-04,ch:unamattina,资格赛 · 第 7 名（0-2）
OCC 2022-04,bf:5f0cd40c3087a65e039603f4,资格赛 · 第 7 名（1-2）
OCC 2022-04,bf:5fb3184d9a9e750ea663e423,资格赛 · 第 7 名（1-2）
OCC 2022-04,ch:算什么男人,资格赛 · 第 7 名（2-2）
OCC 2022-04,bf:5f0e37b37c5e104738aebbe3,资格赛 · 第 9 名（0-2）
OCC 2022-04,bf:5f109d917a5f692572240090,资格赛 · 第 9 名（0-2）
OCC 2022-04,bf:5bef1fd422a55803cb340a40,资格赛 · 第 9 名（1-2）
OCC 2022-04,bf:57b5a7ffabd8181c0cfdf304,资格赛 · 第 9 名（1-2）
OCC 2022-05,sgg:2388207,8 强 · 第 1 名（3-0）
OCC 2022-05,bf:673f9eb0237e35004096e4ca,8 强 · 第 2 名（2-1）
OCC 2022-05,bf:564e7b5b80b8db4a00c4ff9c,8 强 · 第 3 名（2-1）
OCC 2022-05,bf:673f9e78237e35004096e4c6,8 强 · 第 4 名（1-2）
OCC 2022-05,bf:57b5a7ffabd8181c0cfdf304,8 强 · 第 5 名（0-1）
OCC 2022-05,ch:evergardenxciv,8 强 · 第 5 名（0-1）
OCC 2022-05,bf:673f9ae481b1a20036ec0786,8 强 · 第 5 名（0-1）
OCC 2022-05,sgg:2519403,8 强 · 第 5 名（0-1）
OCC 2022-05,sgg:2627089,资格赛 · 第 13 名（0-1）
OCC 2022-05,sgg:2938393,资格赛 · 第 13 名（0-2）
OCC 2022-05,bf:673f98f370390c0041722f81,资格赛 · 第 2 名（4-2）
OCC 2022-05,ch:zds,资格赛 · 第 2 名（6-2）
OCC 2022-05,sgg:2706665,资格赛 · 第 3 名（3-2）
OCC 2022-05,bf:5f130139f7c29f223fd64290,资格赛 · 第 3 名（4-2）
OCC 2022-05,bf:5f0e37b37c5e104738aebbe3,资格赛 · 第 4 名（2-2）
OCC 2022-05,bf:5f362c8703dbcc11d58d78e3,资格赛 · 第 4 名（2-2）
OCC 2022-05,bf:5fb3184d9a9e750ea663e423,资格赛 · 第 5 名（0-2）
OCC 2022-05,sgg:2917089,资格赛 · 第 5 名（1-2）
OCC 2022-05,ch:万仇甜瓜,资格赛 · 第 5 名（2-2）
OCC 2022-05,bf:5eb62f23aefaaf170fa23f33,资格赛 · 第 5 名（3-2）
OCC 2022-05,ch:kdx13655350923,资格赛 · 第 7 名（0-2）
OCC 2022-05,ch:巨馍蘸酱和能持大师舌吻,资格赛 · 第 7 名（1-2）
OCC 2022-05,bf:5fa57306cc28b3594394b946,资格赛 · 第 7 名（1-2）
OCC 2022-05,ch:王牌卧底川建国,资格赛 · 第 9 名（0-2）
OCC 2022-05,sgg:2616063,资格赛 · 第 9 名（0-2）
OCC 2022-05,bf:5ec038e2256baa1d38011a05,资格赛 · 第 9 名（0-2）
OCC 2022-06,bf:673f98f370390c0041722f81,8 强 · 第 1 名（3-0）
OCC 2022-06,bf:5fb3184d9a9e750ea663e423,8 强 · 第 2 名（2-1）
OCC 2022-06,bf:673f9eb0237e35004096e4ca,8 强 · 第 3 名（2-1）
OCC 2022-06,bf:673f9ae481b1a20036ec0786,8 强 · 第 4 名（1-2）
OCC 2022-06,bf:5ec038e2256baa1d38011a05,8 强 · 第 5 名（0-1）
OCC 2022-06,bf:673f9cc689b5530023006e64,8 强 · 第 5 名（0-1）
OCC 2022-06,bf:564e7b5b80b8db4a00c4ff9c,8 强 · 第 5 名（0-1）
OCC 2022-06,sgg:2388207,8 强 · 第 5 名（0-1）
OCC 2022-06,sgg:2801104,资格赛 · 第 13 名（0-2）
OCC 2022-06,ch:мурманск,资格赛 · 第 13 名（0-2）
OCC 2022-06,sgg:2616063,资格赛 · 第 13 名（0-2）
OCC 2022-06,bf:673f9930237e35004096e4ad,资格赛 · 第 2 名（4-2）
OCC 2022-06,bf:673f997c70390c0041722f8c,资格赛 · 第 2 名（5-2）
OCC 2022-06,ch:万仇甜瓜,资格赛 · 第 3 名（3-2）
OCC 2022-06,sgg:2803542,资格赛 · 第 3 名（5-2）
OCC 2022-06,bf:673f9e78237e35004096e4c6,资格赛 · 第 4 名（2-2）
OCC 2022-06,ch:哈锣呀,资格赛 · 第 4 名（3-2）
OCC 2022-06,bf:673f99d8a144d7002b2e28a0,资格赛 · 第 5 名（0-2）
OCC 2022-06,sgg:2483698,资格赛 · 第 5 名（1-2）
OCC 2022-06,sgg:2706665,资格赛 · 第 5 名（1-2）
OCC 2022-06,sgg:2917089,资格赛 · 第 5 名（1-2）
OCC 2022-06,bf:5eb62f23aefaaf170fa23f33,资格赛 · 第 7 名（1-2）
OCC 2022-06,bf:5f113e2cd04bae257fc195f6,资格赛 · 第 7 名（1-2）
OCC 2022-06,bf:5fa467df4eb3c2458669c29a,资格赛 · 第 7 名（1-2）
OCC 2022-06,sgg:2938393,资格赛 · 第 9 名（0-1）
OCC 2022-06,ch:basilides,资格赛 · 第 9 名（1-2）
OCC 2022-06,sgg:2494779,资格赛 · 第 9 名（1-2）
OCC 2022-06,bf:57b5a7ffabd8181c0cfdf304,资格赛 · 第 9 名（1-2）
OCC 2022-07,bf:673f9ae481b1a20036ec0786,8 强 · 第 1 名（3-0）
OCC 2022-07,bf:5fb1e014eb92fe0475439152,8 强 · 第 2 名（1-1）
OCC 2022-07,bf:5fa467df4eb3c2458669c29a,8 强 · 第 3 名（2-1）
OCC 2022-07,bf:5fb3184d9a9e750ea663e423,8 强 · 第 4 名（1-2）
OCC 2022-07,bf:673f99d8a144d7002b2e28a0,8 强 · 第 5 名（0-1）
OCC 2022-07,sgg:2519403,8 强 · 第 5 名（0-1）
OCC 2022-07,bf:564e7b5b80b8db4a00c4ff9c,8 强 · 第 5 名（0-1）
OCC 2022-07,sgg:2930602,资格赛 · 第 13 名（0-2）
OCC 2022-07,sgg:2803542,资格赛 · 第 2 名（2-2）
OCC 2022-07,ch:evergardenxciv,资格赛 · 第 2 名（4-1）
OCC 2022-07,sgg:2616063,资格赛 · 第 3 名（3-2）
OCC 2022-07,bf:5eb62f23aefaaf170fa23f33,资格赛 · 第 3 名（3-2）
OCC 2022-07,bf:5ec038e2256baa1d38011a05,资格赛 · 第 4 名（2-2）
OCC 2022-07,bf:60509713496ba24d0604cc08,资格赛 · 第 4 名（3-2）
OCC 2022-07,sgg:2917562,资格赛 · 第 5 名（0-2）
OCC 2022-07,ch:zds,资格赛 · 第 5 名（1-2）
OCC 2022-07,ch:晓风残月,资格赛 · 第 5 名（1-2）
OCC 2022-07,ch:戒后余生,资格赛 · 第 5 名（1-2）
OCC 2022-07,sgg:2388207,资格赛 · 第 7 名（0-2）
OCC 2022-07,bf:673f964570390c0041722f72,资格赛 · 第 7 名（0-2）
OCC 2022-07,bf:673f9e78237e35004096e4c6,资格赛 · 第 7 名（2-2）
OCC 2022-07,bf:5fa27bfdf8fc171ea9f66924,资格赛 · 第 9 名（0-1）
OCC 2022-07,bf:572751089b61d587125da415,资格赛 · 第 9 名（0-2）
OCC 2022-08,bf:564e7b5b80b8db4a00c4ff9c,8 强 · 第 1 名（3-0）
OCC 2022-08,sgg:2930602,8 强 · 第 2 名（2-1）
OCC 2022-08,bf:673f9ae481b1a20036ec0786,8 强 · 第 3 名（2-1）
OCC 2022-08,bf:673f9e78237e35004096e4c6,8 强 · 第 4 名（1-2）
OCC 2022-08,bf:5ec038e2256baa1d38011a05,8 强 · 第 5 名（0-1）
OCC 2022-08,sgg:2917089,8 强 · 第 5 名（0-1）
OCC 2022-08,bf:5fa467df4eb3c2458669c29a,8 强 · 第 5 名（0-1）
OCC 2022-08,ch:夏浪,8 强 · 第 5 名（0-1）
OCC 2022-08,bf:673f997c70390c0041722f8c,资格赛 · 第 3 名（1-2）
OCC 2022-08,bf:673f9c032ea3530021c8da09,资格赛 · 第 3 名（2-2）
OCC 2022-08,ch:s2tlzlz,资格赛 · 第 4 名（2-2）
OCC 2022-08,bf:5fb1e014eb92fe0475439152,资格赛 · 第 4 名（3-2）
OCC 2022-08,sgg:2388207,资格赛 · 第 5 名（1-2）
OCC 2022-08,bf:5fb02943698db1048d26b9cd,资格赛 · 第 5 名（1-2）
OCC 2022-08,ch:yuri,资格赛 · 第 5 名（1-2）
OCC 2022-08,bf:673f99d8a144d7002b2e28a0,资格赛 · 第 5 名（2-2）
OCC 2022-08,sgg:2917562,资格赛 · 第 7 名（0-2）
OCC 2022-08,sgg:2216816,资格赛 · 第 7 名（0-2）
OCC 2022-08,bf:673f9cc689b5530023006e64,资格赛 · 第 7 名（1-1）
OCC 2022-08,bf:60509713496ba24d0604cc08,资格赛 · 第 7 名（1-2）
OCC 2022-08,sgg:2803542,资格赛 · 第 9 名（0-2）
OCC 2022-08,bf:5fb3184d9a9e750ea663e423,资格赛 · 第 9 名（0-2）
OCC 2022-09,sgg:2519403,8 强 · 第 1 名（3-0）
OCC 2022-09,sgg:2917089,8 强 · 第 2 名（2-1）
OCC 2022-09,bf:673f9ae481b1a20036ec0786,8 强 · 第 3 名（2-1）
OCC 2022-09,bf:5fa467df4eb3c2458669c29a,8 强 · 第 4 名（1-2）
OCC 2022-09,bf:673f99d8a144d7002b2e28a0,8 强 · 第 5 名（0-1）
OCC 2022-09,bf:5ec038e2256baa1d38011a05,8 强 · 第 5 名（0-1）
OCC 2022-09,bf:564e7b5b80b8db4a00c4ff9c,8 强 · 第 5 名（0-1）
OCC 2022-09,bf:5eb65df574f31a11dd226b38,8 强 · 第 5 名（0-1）
OCC 2022-09,bf:5fb3184d9a9e750ea663e423,资格赛 · 第 13 名（0-2）
OCC 2022-09,sgg:2930602,资格赛 · 第 2 名（3-2）
OCC 2022-09,bf:60509713496ba24d0604cc08,资格赛 · 第 2 名（5-2）
OCC 2022-09,bf:5f3fc42472caf64e0f2b589c,资格赛 · 第 3 名（2-2）
OCC 2022-09,ch:圆寂都察院,资格赛 · 第 3 名（4-2）
OCC 2022-09,bf:673f9930237e35004096e4ad,资格赛 · 第 4 名（2-2）
OCC 2022-09,ch:w,资格赛 · 第 4 名（3-2）
OCC 2022-09,ch:阔爱的汤圆酱,资格赛 · 第 5 名（0-2）
OCC 2022-09,sgg:2216816,资格赛 · 第 5 名（1-2）
OCC 2022-09,ch:s2tlzlz,资格赛 · 第 5 名（1-2）
OCC 2022-09,bf:673f997c70390c0041722f8c,资格赛 · 第 5 名（2-2）
OCC 2022-09,ch:skoomalover,资格赛 · 第 7 名（0-2）
OCC 2022-09,sgg:2616063,资格赛 · 第 7 名（0-2）
OCC 2022-09,bf:5fb1e014eb92fe0475439152,资格赛 · 第 7 名（1-2）
OCC 2022-09,bf:673f99e1a144d7002b2e28a2,资格赛 · 第 7 名（1-2）
OCC 2022-09,ch:frog,资格赛 · 第 9 名（0-2）
OCC 2022-09,sgg:2801104,资格赛 · 第 9 名（1-2）
OCC 2022-09,sgg:2624037,资格赛 · 第 9 名（1-2）
OCC 2022-10,bf:564e7b5b80b8db4a00c4ff9c,8 强 · 第 1 名（3-0）
OCC 2022-10,bf:673f9eb0237e35004096e4ca,8 强 · 第 2 名（2-1）
OCC 2022-10,bf:673f9ae481b1a20036ec0786,8 强 · 第 3 名（2-1）
OCC 2022-10,bf:5fb3184d9a9e750ea663e423,8 强 · 第 4 名（1-2）
OCC 2022-10,bf:673f9cc689b5530023006e64,8 强 · 第 5 名（0-1）
OCC 2022-10,ch:dio,8 强 · 第 5 名（0-1）
OCC 2022-10,bf:5fa467df4eb3c2458669c29a,8 强 · 第 5 名（0-1）
OCC 2022-10,bf:5ec99a6d5cb5d5345c7fdf7c,8 强 · 第 5 名（0-1）
OCC 2022-10,bf:57b5a7ffabd8181c0cfdf304,资格赛 · 第 13 名（0-2）
OCC 2022-10,bf:60509713496ba24d0604cc08,资格赛 · 第 13 名（0-2）
OCC 2022-10,ch:圆寂都察院,资格赛 · 第 13 名（0-2）
OCC 2022-10,sgg:2917089,资格赛 · 第 2 名（2-2）
OCC 2022-10,ch:a15159675088,资格赛 · 第 2 名（4-2）
OCC 2022-10,bf:673f9930237e35004096e4ad,资格赛 · 第 3 名（2-2）
OCC 2022-10,sgg:2706665,资格赛 · 第 3 名（4-2）
OCC 2022-10,ch:zds,资格赛 · 第 4 名（3-2）
OCC 2022-10,bf:5bef1fd422a55803cb340a40,资格赛 · 第 4 名（3-2）
OCC 2022-10,sgg:2930602,资格赛 · 第 5 名（1-2）
OCC 2022-10,bf:5ec038e2256baa1d38011a05,资格赛 · 第 5 名（2-2）
OCC 2022-10,sgg:2616063,资格赛 · 第 5 名（2-2）
OCC 2022-10,bf:5fb1e014eb92fe0475439152,资格赛 · 第 5 名（2-2）
OCC 2022-10,bf:5fb7473c502b9e587d1becbe,资格赛 · 第 7 名（1-2）
OCC 2022-10,bf:673f9b382ea3530021c8d9fd,资格赛 · 第 7 名（2-2）
OCC 2022-10,sgg:3076926,资格赛 · 第 7 名（2-2）
OCC 2022-10,bf:673f99d8a144d7002b2e28a0,资格赛 · 第 9 名（0-2）
OCC 2022-10,ch:樱井奏,资格赛 · 第 9 名（0-2）
OCC 2022-10,bf:5fb42443a2fd346547530b2e,资格赛 · 第 9 名（1-2）
OCC 2022-10,bf:673f9e78237e35004096e4c6,资格赛 · 第 9 名（1-2）
OCC 2022-11,sgg:2519403,8 强 · 第 1 名（3-0）
OCC 2022-11,sgg:2388207,8 强 · 第 2 名（2-1）
OCC 2022-11,bf:564e7b5b80b8db4a00c4ff9c,8 强 · 第 3 名（2-1）
OCC 2022-11,bf:673f9ae481b1a20036ec0786,8 强 · 第 4 名（1-2）
OCC 2022-11,bf:5fa27bfdf8fc171ea9f66924,8 强 · 第 5 名（0-1）
OCC 2022-11,bf:5fb42443a2fd346547530b2e,8 强 · 第 5 名（0-1）
OCC 2022-11,sgg:3076346,8 强 · 第 5 名（0-1）
OCC 2022-11,bf:673f9eb0237e35004096e4ca,8 强 · 第 5 名（0-1）
OCC 2022-11,bf:5fb7473c502b9e587d1becbe,资格赛 · 第 13 名（0-1）
OCC 2022-11,bf:5fb1e014eb92fe0475439152,资格赛 · 第 13 名（0-2）
OCC 2022-11,bf:5fb3184d9a9e750ea663e423,资格赛 · 第 2 名（4-2）
OCC 2022-11,bf:5fa62937c3c163598ec80783,资格赛 · 第 2 名（5-2）
OCC 2022-11,bf:673f9e78237e35004096e4c6,资格赛 · 第 3 名（2-1）
OCC 2022-11,ch:阔爱的汤圆酱,资格赛 · 第 3 名（3-2）
OCC 2022-11,bf:5a4d98c332953903641106de,资格赛 · 第 4 名（1-2）
OCC 2022-11,ch:a迷茫的小超梦,资格赛 · 第 4 名（4-2）
OCC 2022-11,ch:firoots,资格赛 · 第 5 名（1-2）
OCC 2022-11,sgg:2930602,资格赛 · 第 5 名（2-1）
OCC 2022-11,sgg:2616063,资格赛 · 第 5 名（2-2）
OCC 2022-11,bf:5ec038e2256baa1d38011a05,资格赛 · 第 5 名（2-2）
OCC 2022-11,bf:5fa57306cc28b3594394b946,资格赛 · 第 7 名（0-1）
OCC 2022-11,ch:yzyyyds,资格赛 · 第 7 名（0-2）
OCC 2022-11,sgg:2498198,资格赛 · 第 7 名（0-2）
OCC 2022-11,sgg:2917089,资格赛 · 第 7 名（1-2）
OCC 2022-11,ch:notdave99,资格赛 · 第 9 名（0-1）
OCC 2022-11,bf:5fa5397c241d875936d2c2f2,资格赛 · 第 9 名（0-2）
OCC 2022-11,bf:5fbe8c402dc8793ada8519d5,资格赛 · 第 9 名（1-2）
OCC 2022-11,bf:673f997c70390c0041722f8c,资格赛 · 第 9 名（1-2）
OCC 2022-12,bf:673f997c70390c0041722f8c,8 强 · 第 1 名（3-0）
OCC 2022-12,sgg:2519403,8 强 · 第 2 名（2-1）
OCC 2022-12,sgg:3076346,8 强 · 第 3 名（2-1）
OCC 2022-12,ch:evergardenxciv,8 强 · 第 4 名（0-2）
OCC 2022-12,bf:673f9c6789b5530023006e53,8 强 · 第 5 名（0-1）
OCC 2022-12,bf:673f9e78237e35004096e4c6,8 强 · 第 5 名（0-1）
OCC 2022-12,bf:673f9726a144d7002b2e2888,8 强 · 第 5 名（0-1）
OCC 2022-12,ch:阔爱的汤圆酱,资格赛 · 第 13 名（0-1）
OCC 2022-12,ch:Wanghongwen,资格赛 · 第 13 名（0-2）
OCC 2022-12,bf:5fa57306cc28b3594394b946,资格赛 · 第 2 名（3-2）
OCC 2022-12,bf:5fb02943698db1048d26b9cd,资格赛 · 第 2 名（4-2）
OCC 2022-12,bf:5f32c6147bd80311ab78193f,资格赛 · 第 3 名（3-2）
OCC 2022-12,bf:5fa27bfdf8fc171ea9f66924,资格赛 · 第 3 名（3-2）
OCC 2022-12,bf:60509713496ba24d0604cc08,资格赛 · 第 4 名（2-2）
OCC 2022-12,bf:5fb3184d9a9e750ea663e423,资格赛 · 第 4 名（3-2）
OCC 2022-12,bf:5a4d98c332953903641106de,资格赛 · 第 5 名（0-2）
OCC 2022-12,bf:5fa467df4eb3c2458669c29a,资格赛 · 第 5 名（1-2）
OCC 2022-12,ch:大帝高文,资格赛 · 第 5 名（1-2）
OCC 2022-12,sgg:2930602,资格赛 · 第 5 名（1-2）
OCC 2022-12,bf:5fb42443a2fd346547530b2e,资格赛 · 第 7 名（0-2）
OCC 2022-12,sgg:2803542,资格赛 · 第 7 名（1-2）
OCC 2022-12,ch:你算哪块小饼干,资格赛 · 第 7 名（1-2）
OCC 2022-12,bf:5ec038e2256baa1d38011a05,资格赛 · 第 9 名（0-2）
OCC 2022-12,ch:a迷茫的小超梦,资格赛 · 第 9 名（1-1）
OCC 2022-12,bf:673f9ae481b1a20036ec0786,资格赛 · 第 9 名（1-2）
OCC 2023-01,bf:673f9c6789b5530023006e53,8 强 · 第 1 名（3-0）
OCC 2023-01,bf:564e7b5b80b8db4a00c4ff9c,8 强 · 第 2 名（2-1）
OCC 2023-01,bf:673f9ae481b1a20036ec0786,8 强 · 第 3 名（2-1）
OCC 2023-01,bf:5ec038e2256baa1d38011a05,8 强 · 第 4 名（1-2）
OCC 2023-01,ch:UwU_moi,8 强 · 第 5 名（0-1）
OCC 2023-01,bf:673f9e78237e35004096e4c6,8 强 · 第 5 名（0-1）
OCC 2023-01,ch:夏浪,8 强 · 第 5 名（0-1）
OCC 2023-01,bf:5fb3184d9a9e750ea663e423,8 强 · 第 5 名（0-1）
OCC 2023-01,bf:673f964570390c0041722f72,资格赛 · 第 2 名（3-2）
OCC 2023-01,sgg:2616063,资格赛 · 第 2 名（4-2）
OCC 2023-01,bf:5fb02943698db1048d26b9cd,资格赛 · 第 3 名（1-2）
OCC 2023-01,sgg:2930602,资格赛 · 第 3 名（1-2）
OCC 2023-01,bf:673f99d8a144d7002b2e28a0,资格赛 · 第 4 名（1-2）
OCC 2023-01,sgg:2924951,资格赛 · 第 4 名（2-2）
OCC 2023-01,bf:5ec99a6d5cb5d5345c7fdf7c,资格赛 · 第 5 名（1-2）
OCC 2023-01,ch:沙耶saya,资格赛 · 第 5 名（1-2）
OCC 2023-01,sgg:2706665,资格赛 · 第 5 名（2-2）
OCC 2023-01,bf:5fb42443a2fd346547530b2e,资格赛 · 第 7 名（0-2）
OCC 2023-01,bf:5fb1e014eb92fe0475439152,资格赛 · 第 7 名（0-2）
OCC 2023-01,bf:673f9726a144d7002b2e2888,资格赛 · 第 7 名（0-2）
OCC 2023-02,bf:673f99d8a144d7002b2e28a0,8 强 · 第 1 名（3-0）
OCC 2023-02,bf:673f9e78237e35004096e4c6,8 强 · 第 2 名（1-1）
OCC 2023-02,bf:5fa467df4eb3c2458669c29a,8 强 · 第 3 名（2-1）
OCC 2023-02,bf:5a4d98c332953903641106de,8 强 · 第 4 名（1-2）
OCC 2023-02,bf:673f9ae481b1a20036ec0786,8 强 · 第 5 名（0-1）
OCC 2023-02,bf:564e7b5b80b8db4a00c4ff9c,8 强 · 第 5 名（0-1）
OCC 2023-02,ch:UwU_moi,8 强 · 第 5 名（0-1）
OCC 2023-02,bf:5ec038e2256baa1d38011a05,资格赛 · 第 2 名（3-2）
OCC 2023-02,ch:transpotting,资格赛 · 第 2 名（5-2）
OCC 2023-02,bf:5fbe8c402dc8793ada8519d5,资格赛 · 第 3 名（3-2）
OCC 2023-02,bf:5ec99a6d5cb5d5345c7fdf7c,资格赛 · 第 3 名（3-2）
OCC 2023-02,bf:673f9726a144d7002b2e2888,资格赛 · 第 4 名（3-2）
OCC 2023-02,sgg:2917089,资格赛 · 第 4 名（3-2）
OCC 2023-02,bf:673f9c6789b5530023006e53,资格赛 · 第 5 名（2-1）
OCC 2023-02,ch:权游第九季,资格赛 · 第 5 名（2-2）
OCC 2023-02,sgg:2616063,资格赛 · 第 5 名（2-2）
OCC 2023-02,bf:5ebd9402b92b28521a098ec8,资格赛 · 第 5 名（2-2）
OCC 2023-02,bf:5fb02943698db1048d26b9cd,资格赛 · 第 7 名（0-2）
OCC 2023-02,sgg:3082773,资格赛 · 第 7 名（0-2）
OCC 2023-02,bf:5fb42443a2fd346547530b2e,资格赛 · 第 7 名（1-2）
OCC 2023-02,ch:七海千秋,资格赛 · 第 7 名（2-2）
OCC 2023-02,bf:5fa27bfdf8fc171ea9f66924,资格赛 · 第 9 名（0-1）
OCC 2023-02,bf:5fb3184d9a9e750ea663e423,资格赛 · 第 9 名（0-2）
OCC 2023-02,bf:60509713496ba24d0604cc08,资格赛 · 第 9 名（0-2）
OCC 2023-02,bf:673f9a2770390c0041722f93,资格赛 · 第 9 名（0-2）
OCC 2023-02,ch:linzhixiang562,资格赛 · 第 9 名（0-2）
OCC 2023-02,ch:清残局,资格赛 · 第 9 名（0-2）
OCC 2023-03,bf:673f98f370390c0041722f81,8 强 · 第 1 名（3-0）
OCC 2023-03,ch:pytorch,8 强 · 第 2 名（1-1）
OCC 2023-03,bf:5fa467df4eb3c2458669c29a,8 强 · 第 3 名（2-1）
OCC 2023-03,bf:673f9ae481b1a20036ec0786,8 强 · 第 4 名（1-2）
OCC 2023-03,bf:564e7b5b80b8db4a00c4ff9c,8 强 · 第 5 名（0-1）
OCC 2023-03,bf:673f99d8a144d7002b2e28a0,8 强 · 第 5 名（0-1）
OCC 2023-03,sgg:2917089,8 强 · 第 5 名（0-1）
OCC 2023-03,ch:w,资格赛 · 第 13 名（0-2）
OCC 2023-03,bf:673f9cc689b5530023006e64,资格赛 · 第 2 名（4-2）
OCC 2023-03,bf:5fb3184d9a9e750ea663e423,资格赛 · 第 2 名（4-2）
OCC 2023-03,ch:再见宋哈娜,资格赛 · 第 3 名（1-2）
OCC 2023-03,ch:linzhixiang562,资格赛 · 第 3 名（2-2）
OCC 2023-03,bf:673f964570390c0041722f72,资格赛 · 第 4 名（3-2）
OCC 2023-03,ch:UwU_moi,资格赛 · 第 4 名（3-2）
OCC 2023-03,ch:清残局,资格赛 · 第 5 名（1-2）
OCC 2023-03,bf:60509713496ba24d0604cc08,资格赛 · 第 5 名（1-2）
OCC 2023-03,bf:5fb42443a2fd346547530b2e,资格赛 · 第 5 名（2-2）
OCC 2023-03,bf:673f9726a144d7002b2e2888,资格赛 · 第 5 名（2-2）
OCC 2023-03,bf:673f9c032ea3530021c8da09,资格赛 · 第 7 名（0-2）
OCC 2023-03,ch:梓阳啊,资格赛 · 第 7 名（0-2）
OCC 2023-03,bf:673f9e78237e35004096e4c6,资格赛 · 第 7 名（0-2）
OCC 2023-03,ch:solarflare6041,资格赛 · 第 7 名（0-2）
OCC 2023-03,bf:5fb1e014eb92fe0475439152,资格赛 · 第 9 名（1-2）
OCC 2023-04,sgg:2917089,8 强 · 第 1 名（2-0）
OCC 2023-04,ch:UwU_moi,8 强 · 第 2 名（2-1）
OCC 2023-04,bf:564e7b5b80b8db4a00c4ff9c,8 强 · 第 3 名（2-1）
OCC 2023-04,bf:673f9ae481b1a20036ec0786,8 强 · 第 4 名（1-2）
OCC 2023-04,bf:673f9726a144d7002b2e2888,8 强 · 第 5 名（0-1）
OCC 2023-04,bf:673f9cc689b5530023006e64,8 强 · 第 5 名（0-1）
OCC 2023-04,bf:673f99d8a144d7002b2e28a0,8 强 · 第 5 名（0-1）
OCC 2023-04,ch:懿凌,资格赛 · 第 13 名（0-2）
OCC 2023-04,bf:5ec99a6d5cb5d5345c7fdf7c,资格赛 · 第 13 名（0-2）
OCC 2023-04,bf:673f9e78237e35004096e4c6,资格赛 · 第 2 名（3-2）
OCC 2023-04,ch:chandelier,资格赛 · 第 2 名（4-2）
OCC 2023-04,bf:5fb42443a2fd346547530b2e,资格赛 · 第 3 名（1-2）
OCC 2023-04,ch:梓阳啊,资格赛 · 第 3 名（4-2）
OCC 2023-04,ch:fansmiling,资格赛 · 第 4 名（2-2）
OCC 2023-04,bf:5a4d98c332953903641106de,资格赛 · 第 4 名（2-2）
OCC 2023-04,bf:5fb3184d9a9e750ea663e423,资格赛 · 第 5 名（1-2）
OCC 2023-04,bf:5d4eae596c2b2139a67ce680,资格赛 · 第 5 名（2-2）
OCC 2023-04,bf:673f964570390c0041722f72,资格赛 · 第 5 名（2-2）
OCC 2023-04,bf:60509713496ba24d0604cc08,资格赛 · 第 5 名（2-2）
OCC 2023-04,ch:花满忘川,资格赛 · 第 7 名（0-2）
OCC 2023-04,ch:eszemteszem,资格赛 · 第 7 名（1-2）
OCC 2023-04,bf:5ebd9402b92b28521a098ec8,资格赛 · 第 9 名（1-2）
OCC 2023-04,ch:七海千秋,资格赛 · 第 9 名（1-2）
OCC 2023-04,sgg:2616063,资格赛 · 第 9 名（1-2）
OCC 2023-05,bf:673f9cc689b5530023006e64,8 强 · 第 1 名（3-0）
OCC 2023-05,bf:673f99d8a144d7002b2e28a0,8 强 · 第 2 名（2-1）
OCC 2023-05,bf:564e7b5b80b8db4a00c4ff9c,8 强 · 第 3 名（2-1）
OCC 2023-05,ch:懿凌,8 强 · 第 4 名（1-2）
OCC 2023-05,ch:eszemteszem,8 强 · 第 5 名（0-1）
OCC 2023-05,bf:673f9726a144d7002b2e2888,8 强 · 第 5 名（0-1）
OCC 2023-05,ch:梓阳啊,8 强 · 第 5 名（0-1）
OCC 2023-05,bf:673f9ae481b1a20036ec0786,8 强 · 第 5 名（0-1）
OCC 2023-05,ch:Wanghongwen,资格赛 · 第 13 名（0-2）
OCC 2023-05,bf:673f9930237e35004096e4ad,资格赛 · 第 2 名（2-2）
OCC 2023-05,bf:5fb3184d9a9e750ea663e423,资格赛 · 第 2 名（4-2）
OCC 2023-05,sgg:3082773,资格赛 · 第 3 名（1-2）
OCC 2023-05,bf:5eb62f23aefaaf170fa23f33,资格赛 · 第 3 名（4-2）
OCC 2023-05,bf:673f9be589b5530023006e4f,资格赛 · 第 4 名（2-2）
OCC 2023-05,sgg:2621073,资格赛 · 第 4 名（2-2）
OCC 2023-05,bf:673f9e78237e35004096e4c6,资格赛 · 第 5 名（1-1）
OCC 2023-05,bf:5fb02943698db1048d26b9cd,资格赛 · 第 5 名（1-2）
OCC 2023-05,bf:5fbef0d92dc8793ada8527a5,资格赛 · 第 5 名（1-2）
OCC 2023-05,ch:negada,资格赛 · 第 5 名（2-2）
OCC 2023-05,ch:choas,资格赛 · 第 7 名（0-1）
OCC 2023-05,sgg:3086985,资格赛 · 第 7 名（0-1）
OCC 2023-05,bf:60509713496ba24d0604cc08,资格赛 · 第 7 名（0-2）
OCC 2023-05,bf:5ec038e2256baa1d38011a05,资格赛 · 第 9 名（0-1）
OCC 2023-05,ch:顶级大厨,资格赛 · 第 9 名（0-2）
OCC 2023-05,bf:5fb42443a2fd346547530b2e,资格赛 · 第 9 名（1-1）
OCC 2023-06,bf:564e7b5b80b8db4a00c4ff9c,8 强 · 第 1 名（3-0）
OCC 2023-06,bf:673f9eb0237e35004096e4ca,8 强 · 第 2 名（2-1）
OCC 2023-06,ch:梓阳啊,8 强 · 第 3 名（2-1）
OCC 2023-06,bf:673f9cc689b5530023006e64,8 强 · 第 4 名（1-2）
OCC 2023-06,bf:673f9726a144d7002b2e2888,8 强 · 第 5 名（0-1）
OCC 2023-06,bf:5fbef0d92dc8793ada8527a5,8 强 · 第 5 名（0-1）
OCC 2023-06,ch:顶级大厨,8 强 · 第 5 名（0-1）
OCC 2023-06,bf:673f9ae481b1a20036ec0786,8 强 · 第 5 名（0-1）
OCC 2023-06,ch:fansmiling,资格赛 · 第 13 名（0-2）
OCC 2023-06,bf:5fb1e014eb92fe0475439152,资格赛 · 第 2 名（4-2）
OCC 2023-06,ch:eszemteszem,资格赛 · 第 2 名（4-2）
OCC 2023-06,sgg:2616063,资格赛 · 第 3 名（1-2）
OCC 2023-06,bf:5ec038e2256baa1d38011a05,资格赛 · 第 3 名（3-2）
OCC 2023-06,ch:圆寂都察院,资格赛 · 第 4 名（2-2）
OCC 2023-06,ch:choas,资格赛 · 第 4 名（4-2）
OCC 2023-06,bf:673f99d8a144d7002b2e28a0,资格赛 · 第 5 名（2-2）
OCC 2023-06,ch:七海千秋,资格赛 · 第 5 名（2-2）
OCC 2023-06,bf:5fb3184d9a9e750ea663e423,资格赛 · 第 5 名（2-2）
OCC 2023-06,bf:673f95f8744fee00353bc808,资格赛 · 第 5 名（3-2）
OCC 2023-06,ch:amatues,资格赛 · 第 7 名（0-2）
OCC 2023-06,bf:5ebd9402b92b28521a098ec8,资格赛 · 第 7 名（0-2）
OCC 2023-06,ch:Wanghongwen,资格赛 · 第 7 名（0-2）
OCC 2023-06,ch:懿凌,资格赛 · 第 7 名（1-2）
OCC 2023-06,bf:673f971770390c0041722f76,资格赛 · 第 9 名（0-2）
OCC 2023-06,ch:UwU_moi,资格赛 · 第 9 名（0-2）
OCC 2023-06,bf:673f9e78237e35004096e4c6,资格赛 · 第 9 名（0-2）
OCC 2023-06,sgg:2621073,资格赛 · 第 9 名（1-2）
OCC 2023-07,bf:5ec038e2256baa1d38011a05,8 强 · 第 1 名（3-0）
OCC 2023-07,sgg:2616063,8 强 · 第 2 名（2-1）
OCC 2023-07,bf:564e7b5b80b8db4a00c4ff9c,8 强 · 第 3 名（2-1）
OCC 2023-07,bf:60509713496ba24d0604cc08,8 强 · 第 4 名（1-2）
OCC 2023-07,bf:673f99d8a144d7002b2e28a0,8 强 · 第 5 名（0-1）
OCC 2023-07,bf:673f9eb0237e35004096e4ca,8 强 · 第 5 名（0-1）
OCC 2023-07,bf:673f9ae481b1a20036ec0786,8 强 · 第 5 名（0-1）
OCC 2023-07,ch:顶级大厨,8 强 · 第 5 名（0-1）
OCC 2023-07,bf:673f9e78237e35004096e4c6,资格赛 · 第 13 名（0-2）
OCC 2023-07,bf:673f9be589b5530023006e4f,资格赛 · 第 2 名（2-2）
OCC 2023-07,sgg:2917562,资格赛 · 第 2 名（3-2）
OCC 2023-07,ch:choas,资格赛 · 第 3 名（3-2）
OCC 2023-07,bf:673f997c70390c0041722f8c,资格赛 · 第 3 名（3-2）
OCC 2023-07,ch:eszemteszem,资格赛 · 第 4 名（2-2）
OCC 2023-07,bf:673f9726a144d7002b2e2888,资格赛 · 第 4 名（3-2）
OCC 2023-07,ch:time_swallow,资格赛 · 第 5 名（1-2）
OCC 2023-07,ch:ghost,资格赛 · 第 5 名（1-2）
OCC 2023-07,bf:5fb1e014eb92fe0475439152,资格赛 · 第 5 名（1-2）
OCC 2023-07,bf:673f95f8744fee00353bc808,资格赛 · 第 5 名（2-2）
OCC 2023-07,ch:因果交流电灯,资格赛 · 第 7 名（0-2）
OCC 2023-07,bf:673f98f370390c0041722f81,资格赛 · 第 7 名（0-2）
OCC 2023-07,ch:拿古飞,资格赛 · 第 7 名（1-2）
OCC 2023-07,bf:5fb3184d9a9e750ea663e423,资格赛 · 第 7 名（1-2）
OCC 2023-07,bf:673f9bcd89b5530023006e4d,资格赛 · 第 9 名（0-2）
OCC 2023-08,bf:673f997c70390c0041722f8c,8 强 · 第 1 名（3-0）
OCC 2023-08,bf:673f9726a144d7002b2e2888,8 强 · 第 2 名（2-1）
OCC 2023-08,bf:5bef1fd422a55803cb340a40,8 强 · 第 3 名（2-1）
OCC 2023-08,ch:拿古飞,8 强 · 第 4 名（1-2）
OCC 2023-08,bf:673f9e78237e35004096e4c6,8 强 · 第 5 名（0-1）
OCC 2023-08,bf:673f9eb0237e35004096e4ca,8 强 · 第 5 名（0-1）
OCC 2023-08,sgg:2803048,8 强 · 第 5 名（0-1）
OCC 2023-08,ch:chaos,8 强 · 第 5 名（0-1）
OCC 2023-08,ch:有猫腻,资格赛 · 第 13 名（0-2）
OCC 2023-08,bf:5fb1e014eb92fe0475439152,资格赛 · 第 2 名（4-2）
OCC 2023-08,ch:只是做了点微小的工作,资格赛 · 第 2 名（7-2）
OCC 2023-08,sgg:2917562,资格赛 · 第 3 名（3-2）
OCC 2023-08,bf:5fb3184d9a9e750ea663e423,资格赛 · 第 3 名（4-2）
OCC 2023-08,bf:5a4d98c332953903641106de,资格赛 · 第 4 名（2-2）
OCC 2023-08,bf:673f99e1a144d7002b2e28a2,资格赛 · 第 4 名（3-2）
OCC 2023-08,ch:顶级大厨,资格赛 · 第 5 名（1-1）
OCC 2023-08,bf:673f95f8744fee00353bc808,资格赛 · 第 5 名（1-2）
OCC 2023-08,ch:劣质暗杀兵,资格赛 · 第 5 名（1-2）
OCC 2023-08,bf:673f99d8a144d7002b2e28a0,资格赛 · 第 5 名（2-2）
OCC 2023-08,bf:673f9bcd89b5530023006e4d,资格赛 · 第 7 名（1-2）
OCC 2023-08,bf:60509713496ba24d0604cc08,资格赛 · 第 7 名（1-2）
OCC 2023-08,bf:564e7b5b80b8db4a00c4ff9c,资格赛 · 第 7 名（1-2）
OCC 2023-08,ch:懿凌,资格赛 · 第 9 名（0-2）
OCC 2023-08,sgg:2616063,资格赛 · 第 9 名（0-2）
OCC 2023-08,ch:ghost,资格赛 · 第 9 名（0-2）
OCC 2023-08,bf:673f9ae481b1a20036ec0786,资格赛 · 第 9 名（0-2）
OCC 2023-08,bf:673f97d94a0be0002cae45de,资格赛 · 第 9 名（0-2）
OCC 2023-08,bf:673f99e9a144d7002b2e28a4,资格赛 · 第 9 名（1-2）
OCC 2023-09,sgg:2388207,8 强 · 第 1 名（3-0）
OCC 2023-09,bf:673f9eb0237e35004096e4ca,8 强 · 第 2 名（2-1）
OCC 2023-09,bf:5fb1e014eb92fe0475439152,8 强 · 第 3 名（2-1）
OCC 2023-09,bf:564e7b5b80b8db4a00c4ff9c,8 强 · 第 4 名（1-2）
OCC 2023-09,bf:673f9bcd89b5530023006e4d,8 强 · 第 5 名（0-1）
OCC 2023-09,bf:673f997c70390c0041722f8c,8 强 · 第 5 名（0-1）
OCC 2023-09,bf:673f95f8744fee00353bc808,8 强 · 第 5 名（0-1）
OCC 2023-09,bf:673f99d8a144d7002b2e28a0,8 强 · 第 5 名（0-1）
OCC 2023-09,sgg:2616063,资格赛 · 第 2 名（3-2）
OCC 2023-09,bf:673f9726a144d7002b2e2888,资格赛 · 第 2 名（4-2）
OCC 2023-09,ch:下北泽臭小子,资格赛 · 第 3 名（1-2）
OCC 2023-09,ch:gragon123,资格赛 · 第 3 名（2-2）
OCC 2023-09,ch:chaos,资格赛 · 第 4 名（2-2）
OCC 2023-09,ch:惊鸿照影,资格赛 · 第 4 名（2-2）
OCC 2023-09,bf:5a4d98c332953903641106de,资格赛 · 第 5 名（0-2）
OCC 2023-09,ch:圆寂都察院,资格赛 · 第 5 名（1-2）
OCC 2023-09,bf:673f9e78237e35004096e4c6,资格赛 · 第 5 名（1-2）
OCC 2023-09,ch:七海千秋,资格赛 · 第 7 名（0-2）
OCC 2023-09,ch:ghost,资格赛 · 第 7 名（1-2）
OCC 2023-09,bf:5fb42443a2fd346547530b2e,资格赛 · 第 7 名（1-2）
OCC 2023-09,ch:nimo,资格赛 · 第 9 名（0-2）
OCC 2023-09,bf:5fb3184d9a9e750ea663e423,资格赛 · 第 9 名（1-1）
OCC 2023-09,ch:eszemteszem,资格赛 · 第 9 名（1-2）
OCC 2023-10,bf:564e7b5b80b8db4a00c4ff9c,8 强 · 第 1 名（3-0）
OCC 2023-10,bf:673f9c6789b5530023006e53,8 强 · 第 2 名（1-1）
OCC 2023-10,bf:673f99d8a144d7002b2e28a0,8 强 · 第 3 名（2-1）
OCC 2023-10,sgg:2388207,8 强 · 第 4 名（0-2）
OCC 2023-10,bf:673f9726a144d7002b2e2888,8 强 · 第 5 名（0-1）
OCC 2023-10,ch:恶法亦法(shawn),8 强 · 第 5 名（0-1）
OCC 2023-10,bf:5fb1e014eb92fe0475439152,资格赛 · 第 13 名（0-1）
OCC 2023-10,sgg:2616063,资格赛 · 第 13 名（0-1）
OCC 2023-10,ch:圆寂都察院,资格赛 · 第 2 名（3-2）
OCC 2023-10,ch:eszemteszem,资格赛 · 第 2 名（3-2）
OCC 2023-10,ch:gragon123,资格赛 · 第 3 名（3-2）
OCC 2023-10,bf:673f9e78237e35004096e4c6,资格赛 · 第 3 名（3-2）
OCC 2023-10,bf:673f9be589b5530023006e4f,资格赛 · 第 4 名（2-2）
OCC 2023-10,ch:七海千秋,资格赛 · 第 4 名（4-2）
OCC 2023-10,bf:60509713496ba24d0604cc08,资格赛 · 第 5 名（1-2）
OCC 2023-10,sgg:2498198,资格赛 · 第 5 名（2-2）
OCC 2023-10,ch:mrlwt,资格赛 · 第 5 名（2-2）
OCC 2023-10,bf:673f97d94a0be0002cae45de,资格赛 · 第 5 名（2-2）
OCC 2023-10,bf:673f9b982ea3530021c8da03,资格赛 · 第 7 名（0-2）
OCC 2023-10,ch:susaad,资格赛 · 第 7 名（0-2）
OCC 2023-10,ch:yaoliu,资格赛 · 第 7 名（1-2）
OCC 2023-10,ch:daizal,资格赛 · 第 9 名（0-2）
OCC 2023-10,ch:symbol,资格赛 · 第 9 名（0-2）
OCC 2023-10,ch:落寒尘,资格赛 · 第 9 名（0-2）
OCC 2023-11,bf:564e7b5b80b8db4a00c4ff9c,8 强 · 第 1 名（3-0）
OCC 2023-11,bf:5fb3184d9a9e750ea663e423,8 强 · 第 2 名（2-1）
OCC 2023-11,bf:5fa467df4eb3c2458669c29a,8 强 · 第 3 名（2-1）
OCC 2023-11,bf:673f99d8a144d7002b2e28a0,8 强 · 第 4 名（1-2）
OCC 2023-11,ch:圆寂都察院,8 强 · 第 5 名（0-1）
OCC 2023-11,ch:chaos,8 强 · 第 5 名（0-1）
OCC 2023-11,bf:673f9cc689b5530023006e64,8 强 · 第 5 名（0-1）
OCC 2023-11,bf:673f98c7237e35004096e4a4,8 强 · 第 5 名（0-1）
OCC 2023-11,ch:eszemteszem,资格赛 · 第 13 名（0-1）
OCC 2023-11,ch:haoliang,资格赛 · 第 13 名（0-2）
OCC 2023-11,bf:673f9726a144d7002b2e2888,资格赛 · 第 2 名（4-2）
OCC 2023-11,bf:673f9e78237e35004096e4c6,资格赛 · 第 2 名（5-2）
OCC 2023-11,sgg:2498198,资格赛 · 第 3 名（1-2）
OCC 2023-11,bf:673f9be589b5530023006e4f,资格赛 · 第 3 名（4-2）
OCC 2023-11,ch:leps,资格赛 · 第 4 名（3-2）
OCC 2023-11,bf:5a4d98c332953903641106de,资格赛 · 第 4 名（3-2）
OCC 2023-11,bf:673f9ac72ea3530021c8d9f2,资格赛 · 第 5 名（1-2）
OCC 2023-11,ch:dchukov,资格赛 · 第 5 名（1-2）
OCC 2023-11,bf:5ec038e2256baa1d38011a05,资格赛 · 第 5 名（1-2）
OCC 2023-11,bf:673f9e64237e35004096e4c4,资格赛 · 第 5 名（2-2）
OCC 2023-11,ch:isthisghost,资格赛 · 第 7 名（1-2）
OCC 2023-11,bf:673f964570390c0041722f72,资格赛 · 第 7 名（1-2）
OCC 2023-11,ch:woofbark,资格赛 · 第 7 名（2-2）
OCC 2023-11,sgg:2216816,资格赛 · 第 9 名（0-2）
OCC 2023-11,ch:gragon123,资格赛 · 第 9 名（0-2）
OCC 2023-11,ch:vicking,资格赛 · 第 9 名（0-2）
OCC 2023-12,bf:673f997c70390c0041722f8c,8 强 · 第 1 名（3-0）
OCC 2023-12,ch:虚竹太岁,8 强 · 第 2 名（2-1）
OCC 2023-12,bf:673f9726a144d7002b2e2888,8 强 · 第 3 名（1-1）
OCC 2023-12,bf:673f9bcd89b5530023006e4d,8 强 · 第 3 名（1-1）
OCC 2023-12,bf:5bef1fd422a55803cb340a40,8 强 · 第 5 名（0-1）
OCC 2023-12,bf:673f99e9a144d7002b2e28a4,8 强 · 第 5 名（0-1）
OCC 2023-12,ch:yaoliu,8 强 · 第 5 名（0-1）
OCC 2023-12,sgg:2930602,8 强 · 第 5 名（0-1）
OCC 2023-12,bf:673f95f8744fee00353bc808,资格赛 · 第 10 名（3-2）
OCC 2023-12,bf:5fb3184d9a9e750ea663e423,资格赛 · 第 11 名（2-3）
OCC 2023-12,ch:stormgarde,资格赛 · 第 12 名（2-3）
OCC 2023-12,bf:60509713496ba24d0604cc08,资格赛 · 第 13 名（2-3）
OCC 2023-12,ch:pytorch,资格赛 · 第 14 名（1-3）
OCC 2023-12,bf:5a4d98c332953903641106de,资格赛 · 第 15 名（1-3）
OCC 2023-12,ch:syroezhkin,资格赛 · 第 16 名（2-3）
OCC 2023-12,bf:6070a8022fd5451122c65ae8,资格赛 · 第 17 名（0-3）
OCC 2023-12,bf:673f9a2770390c0041722f93,资格赛 · 第 18 名（1-2）
OCC 2023-12,ch:天山新泰罗,资格赛 · 第 19 名（0-1）
OCC 2023-12,ch:rrrita,资格赛 · 第 20 名（0-2）
OCC 2023-12,bf:5ec038e2256baa1d38011a05,资格赛 · 第 21 名（1-3）
OCC 2023-12,ch:leps,资格赛 · 第 22 名（0-3）
OCC 2023-12,ch:七海千秋,资格赛 · 第 7 名（3-2）
OCC 2023-12,bf:673f9eb0237e35004096e4ca,资格赛 · 第 8 名（3-2）
OCC 2023-12,bf:673f9be589b5530023006e4f,资格赛 · 第 9 名（3-2）
OCC 2024-01,bf:5ebd9402b92b28521a098ec8,8 强 · 第 1 名（3-0）
OCC 2024-01,bf:673f9bcd89b5530023006e4d,8 强 · 第 2 名（2-1）
OCC 2024-01,sgg:2924951,8 强 · 第 3 名（1-1）
OCC 2024-01,bf:5fa467df4eb3c2458669c29a,8 强 · 第 3 名（1-1）
OCC 2024-01,ch:highentropybody,8 强 · 第 5 名（0-1）
OCC 2024-01,ch:七海千秋,8 强 · 第 5 名（0-1）
OCC 2024-01,bf:673f9be589b5530023006e4f,8 强 · 第 5 名（0-1）
OCC 2024-01,bf:673f9ae481b1a20036ec0786,8 强 · 第 5 名（0-1）
OCC 2024-01,bf:673f9726a144d7002b2e2888,资格赛 · 第 10 名（3-2）
OCC 2024-01,bf:57101bc80b3b0f8312f27ec5,资格赛 · 第 11 名（2-3）
OCC 2024-01,ch:sstldb,资格赛 · 第 12 名（2-3）
OCC 2024-01,bf:5fb02943698db1048d26b9cd,资格赛 · 第 13 名（2-3）
OCC 2024-01,ch:巴特勒,资格赛 · 第 14 名（1-4）
OCC 2024-01,bf:5fb42443a2fd346547530b2e,资格赛 · 第 15 名（0-4）
OCC 2024-01,bf:673f9c6789b5530023006e53,资格赛 · 第 16 名（1-1）
OCC 2024-01,bf:673f9e78237e35004096e4c6,资格赛 · 第 18 名（0-1）
OCC 2024-01,ch:eszemteszem,资格赛 · 第 19 名（0-2）
OCC 2024-01,bf:673f99d8a144d7002b2e28a0,资格赛 · 第 20 名（0-2）
OCC 2024-01,ch:下北泽臭小子,资格赛 · 第 21 名（0-2）
OCC 2024-01,bf:673f95f8744fee00353bc808,资格赛 · 第 22 名（1-3）
OCC 2024-01,ch:adorable_hunter,资格赛 · 第 7 名（3-2）
OCC 2024-01,bf:6070a8022fd5451122c65ae8,资格赛 · 第 8 名（3-2）
OCC 2024-01,ch:응애뉴비,资格赛 · 第 9 名（3-2）
OCC 2024-02,bf:673f98c7237e35004096e4a4,8 强 · 第 1 名（3-0）
OCC 2024-02,bf:673f95f8744fee00353bc808,8 强 · 第 2 名（2-1）
OCC 2024-02,ch:下北泽臭小子,8 强 · 第 3 名（1-1）
OCC 2024-02,bf:673f9ae481b1a20036ec0786,8 强 · 第 3 名（1-1）
OCC 2024-02,bf:673f964570390c0041722f72,8 强 · 第 5 名（0-1）
OCC 2024-02,bf:673f99d8a144d7002b2e28a0,8 强 · 第 5 名（0-1）
OCC 2024-02,bf:673f9eb0237e35004096e4ca,8 强 · 第 5 名（0-1）
OCC 2024-02,bf:564e7b5b80b8db4a00c4ff9c,8 强 · 第 5 名（0-1）
OCC 2024-02,bf:5ec038e2256baa1d38011a05,资格赛 · 第 10 名（3-2）
OCC 2024-02,ch:虚竹太岁,资格赛 · 第 11 名（3-2）
OCC 2024-02,ch:eszemteszem,资格赛 · 第 12 名（3-2）
OCC 2024-02,ch:玉林捕狗大队长,资格赛 · 第 13 名（2-3）
OCC 2024-02,bf:673f9be589b5530023006e4f,资格赛 · 第 14 名（2-3）
OCC 2024-02,sgg:2616063,资格赛 · 第 15 名（2-3）
OCC 2024-02,ch:被闪击的波兰,资格赛 · 第 16 名（2-3）
OCC 2024-02,ch:kris,资格赛 · 第 17 名（2-3）
OCC 2024-02,ch:风尾二胡,资格赛 · 第 18 名（1-3）
OCC 2024-02,bf:5ebd9402b92b28521a098ec8,资格赛 · 第 19 名（1-4）
OCC 2024-02,bf:5fb42443a2fd346547530b2e,资格赛 · 第 20 名（1-4）
OCC 2024-02,bf:673f9bcd89b5530023006e4d,资格赛 · 第 22 名（1-2）
OCC 2024-02,bf:673f9726a144d7002b2e2888,资格赛 · 第 23 名（1-3）
OCC 2024-02,bf:673f9c552ea3530021c8da0d,资格赛 · 第 24 名（1-3）
OCC 2024-02,bf:5fb3184d9a9e750ea663e423,资格赛 · 第 25 名（0-3）
OCC 2024-02,bf:60509713496ba24d0604cc08,资格赛 · 第 7 名（3-2）
OCC 2024-02,bf:673f997c70390c0041722f8c,资格赛 · 第 8 名（3-2）
OCC 2024-02,bf:5a4d98c332953903641106de,资格赛 · 第 9 名（3-2）
OCC 2024-03,bf:673f9bcd89b5530023006e4d,8 强 · 第 1 名（3-0）
OCC 2024-03,bf:564e7b5b80b8db4a00c4ff9c,8 强 · 第 2 名（2-1）
OCC 2024-03,bf:673f98c7237e35004096e4a4,8 强 · 第 3 名（1-1）
OCC 2024-03,bf:673f95f8744fee00353bc808,8 强 · 第 3 名（1-1）
OCC 2024-03,ch:风尾二胡,8 强 · 第 5 名（0-1）
OCC 2024-03,bf:673f9eb0237e35004096e4ca,8 强 · 第 5 名（0-1）
OCC 2024-03,sgg:2616063,8 强 · 第 5 名（0-1）
OCC 2024-03,bf:673f9ae481b1a20036ec0786,8 强 · 第 5 名（0-1）
OCC 2024-03,ch:虚竹太岁,资格赛 · 第 10 名（3-2）
OCC 2024-03,bf:673f9bee81b1a20036ec0792,资格赛 · 第 11 名（3-2）
OCC 2024-03,bf:57101bc80b3b0f8312f27ec5,资格赛 · 第 12 名（2-3）
OCC 2024-03,ch:玉林捕狗大队长,资格赛 · 第 13 名（2-3）
OCC 2024-03,ch:shadowlord69,资格赛 · 第 14 名（2-3）
OCC 2024-03,ch:neverlucky,资格赛 · 第 15 名（2-3）
OCC 2024-03,bf:5f32c6147bd80311ab78193f,资格赛 · 第 16 名（2-3）
OCC 2024-03,ch:原神启动！,资格赛 · 第 17 名（0-4）
OCC 2024-03,bf:5fb42443a2fd346547530b2e,资格赛 · 第 18 名（1-4）
OCC 2024-03,ch:lostlight-n,资格赛 · 第 19 名（0-4）
OCC 2024-03,bf:5ebd9402b92b28521a098ec8,资格赛 · 第 21 名（0-2）
OCC 2024-03,bf:673f9c552ea3530021c8da0d,资格赛 · 第 22 名（1-3）
OCC 2024-03,ch:adorable_hunter,资格赛 · 第 7 名（3-2）
OCC 2024-03,bf:673f9be589b5530023006e4f,资格赛 · 第 8 名（3-2）
OCC 2024-03,ch:即使一刹花火,资格赛 · 第 9 名（3-2）
OCC 2024-04,ch:sstldb,8 强 · 第 1 名（3-0）
OCC 2024-04,bf:5ebd9402b92b28521a098ec8,8 强 · 第 2 名（2-1）
OCC 2024-04,bf:673f95f8744fee00353bc808,8 强 · 第 3 名（1-1）
OCC 2024-04,bf:673f9be589b5530023006e4f,8 强 · 第 3 名（1-1）
OCC 2024-04,bf:673f9ae481b1a20036ec0786,8 强 · 第 5 名（0-1）
OCC 2024-04,ch:lostlight-n,8 强 · 第 5 名（0-1）
OCC 2024-04,bf:673f98fb70390c0041722f84,8 强 · 第 5 名（0-1）
OCC 2024-04,bf:673f9c552ea3530021c8da0d,8 强 · 第 5 名（0-1）
OCC 2024-05,bf:673f9bcd89b5530023006e4d,8 强 · 第 1 名（3-0）
OCC 2024-05,bf:673f9ae481b1a20036ec0786,8 强 · 第 2 名（2-1）
OCC 2024-05,ch:散失水人蝴蝶狗#4817(morphling),8 强 · 第 3 名（1-1）
OCC 2024-05,ch:咖喱鱼蛋#2218(electrophy),8 强 · 第 3 名（1-1）
OCC 2024-05,ch:风尾二胡,8 强 · 第 5 名（0-1）
OCC 2024-05,bf:673f9bee81b1a20036ec0792,8 强 · 第 5 名（0-1）
OCC 2024-05,bf:673f99d8a144d7002b2e28a0,8 强 · 第 5 名（0-1）
OCC 2024-05,bf:673f9c8c2ea3530021c8da11,8 强 · 第 5 名（0-1）
OCC 2024-06,bf:673f95f8744fee00353bc808,8 强 · 第 1 名（3-0）
OCC 2024-06,ch:散失水人蝴蝶狗#4817(morphling),8 强 · 第 2 名（2-1）
OCC 2024-06,bf:564e7b5b80b8db4a00c4ff9c,8 强 · 第 3 名（1-1）
OCC 2024-06,bf:673f99e1a144d7002b2e28a2,8 强 · 第 3 名（1-1）
OCC 2024-06,ch:顶级岛风(shimakaze),8 强 · 第 5 名（0-1）
OCC 2024-06,bf:5fa467df4eb3c2458669c29a,8 强 · 第 5 名（0-1）
OCC 2024-06,bf:673f9ae481b1a20036ec0786,8 强 · 第 5 名（0-1）
OCC 2024-06,ch:煎饼1,8 强 · 第 5 名（0-1）
OCC 2024-07,bf:673f9ae481b1a20036ec0786,8 强 · 第 1 名（3-0）
OCC 2024-07,bf:673f99d8a144d7002b2e28a0,8 强 · 第 2 名（2-1）
OCC 2024-07,sgg:2621073,8 强 · 第 3 名（1-1）
OCC 2024-07,sgg:3076346,8 强 · 第 3 名（1-1）
OCC 2024-07,bf:5fa467df4eb3c2458669c29a,8 强 · 第 5 名（0-1）
OCC 2024-07,bf:673f95f8744fee00353bc808,8 强 · 第 5 名（0-1）
OCC 2024-07,bf:673f9c8c2ea3530021c8da11,8 强 · 第 5 名（0-1）
OCC 2024-07,bf:673f9d032ea3530021c8da15,8 强 · 第 5 名（0-1）
OCC 2024-08,bf:673f99e1a144d7002b2e28a2,8 强 · 第 1 名（3-0）
OCC 2024-08,bf:673f95f8744fee00353bc808,8 强 · 第 2 名（2-1）
OCC 2024-08,ch:散失水人蝴蝶狗#4817(morphling),8 强 · 第 3 名（1-1）
OCC 2024-08,bf:673f9c8c2ea3530021c8da11,8 强 · 第 3 名（1-1）
OCC 2024-08,bf:673f9bcd89b5530023006e4d,8 强 · 第 5 名（0-1）
OCC 2024-08,bf:673f9d032ea3530021c8da15,8 强 · 第 5 名（0-1）
OCC 2024-08,bf:673f9eb0237e35004096e4ca,8 强 · 第 5 名（0-1）
OCC 2024-08,bf:673f9ae481b1a20036ec0786,8 强 · 第 5 名（0-1）
OCC 2024-09,bf:673f9ae481b1a20036ec0786,8 强 · 第 1 名（3-0）
OCC 2024-09,ch:下北泽臭小子,8 强 · 第 2 名（2-1）
OCC 2024-09,ch:m4n,8 强 · 第 3 名（1-1）
OCC 2024-09,bf:673f9bcd89b5530023006e4d,8 强 · 第 3 名（1-1）
OCC 2024-09,bf:673f9ced89b5530023006e66,8 强 · 第 5 名（0-1）
OCC 2024-09,bf:673f9e2f237e35004096e4c2,8 强 · 第 5 名（0-1）
OCC 2024-09,ch:dark,8 强 · 第 5 名（0-1）
OCC 2024-09,bf:673f99d8a144d7002b2e28a0,8 强 · 第 5 名（0-1）
OCC 2024-09,ch:随风飘散,资格赛 · 第 10 名（3-2）
OCC 2024-09,bf:673f98d9237e35004096e4a7,资格赛 · 第 11 名（2-2）
OCC 2024-09,bf:673f95f8744fee00353bc808,资格赛 · 第 12 名（3-2）
OCC 2024-09,bf:673f9bee81b1a20036ec0792,资格赛 · 第 13 名（2-3）
OCC 2024-09,bf:673f99e1a144d7002b2e28a2,资格赛 · 第 14 名（2-3）
OCC 2024-09,ch:你要变成光,资格赛 · 第 15 名（2-3）
OCC 2024-09,ch:兰音姐姐的音道真好测,资格赛 · 第 16 名（2-3）
OCC 2024-09,ch:言海诺,资格赛 · 第 17 名（1-3）
OCC 2024-09,ch:不要偷袭我的珍珠港哟,资格赛 · 第 18 名（1-4）
OCC 2024-09,ch:影依丶,资格赛 · 第 19 名（0-4）
OCC 2024-09,ch:eszemteszem,资格赛 · 第 20 名（1-2）
OCC 2024-09,bf:673f9b382ea3530021c8d9fd,资格赛 · 第 21 名（1-2）
OCC 2024-09,bf:673f98f370390c0041722f81,资格赛 · 第 22 名（2-2）
OCC 2024-09,ch:爱欣欣欣欣,资格赛 · 第 23 名（1-3）
OCC 2024-09,bf:673f9726a144d7002b2e2888,资格赛 · 第 24 名（0-3）
OCC 2024-09,bf:673f9bc489b5530023006e4b,资格赛 · 第 25 名（0-2）
OCC 2024-09,ch:一方,资格赛 · 第 7 名（3-2）
OCC 2024-09,bf:673f9c8c2ea3530021c8da11,资格赛 · 第 8 名（3-2）
OCC 2024-09,bf:673f9e64237e35004096e4c4,资格赛 · 第 9 名（3-2）
OCC 2024-10,bf:673f9ae481b1a20036ec0786,8 强 · 第 1 名（3-0）
OCC 2024-10,bf:673f9c6789b5530023006e53,8 强 · 第 2 名（2-1）
OCC 2024-10,bf:60509713496ba24d0604cc08,8 强 · 第 3 名（1-1）
OCC 2024-10,bf:673f9e64237e35004096e4c4,8 强 · 第 3 名（1-1）
OCC 2024-10,bf:673f98f370390c0041722f81,8 强 · 第 5 名（0-1）
OCC 2024-10,bf:673f9ced89b5530023006e66,8 强 · 第 5 名（0-1）
OCC 2024-10,bf:673f99d8a144d7002b2e28a0,8 强 · 第 5 名（0-1）
OCC 2024-10,bf:673f95f8744fee00353bc808,8 强 · 第 5 名（0-1）
OCC 2024-10,ch:不要偷袭我的珍珠港哟,资格赛 · 第 10 名（2-3）
OCC 2024-10,bf:673f9ac72ea3530021c8d9f2,资格赛 · 第 11 名（2-3）
OCC 2024-10,bf:673f9e2f237e35004096e4c2,资格赛 · 第 12 名（2-3）
OCC 2024-10,bf:673f9726a144d7002b2e2888,资格赛 · 第 13 名（2-3）
OCC 2024-10,ch:匆匆蜀山客,资格赛 · 第 14 名（1-3）
OCC 2024-10,bf:673f9c8c2ea3530021c8da11,资格赛 · 第 15 名（1-4）
OCC 2024-10,bf:673f997c70390c0041722f8c,资格赛 · 第 16 名（2-2）
OCC 2024-10,ch:煎饼1,资格赛 · 第 17 名（1-2）
OCC 2024-10,ch:eszemteszem,资格赛 · 第 18 名（0-2）
OCC 2024-10,ch:丸山之上缤纷彩,资格赛 · 第 19 名（0-3）
OCC 2024-10,ch:謙^睡個好覚,资格赛 · 第 20 名（0-2）
OCC 2024-10,ch:adorable_hunter,资格赛 · 第 7 名（2-2）
OCC 2024-10,bf:673f9bcd89b5530023006e4d,资格赛 · 第 8 名（3-2）
OCC 2024-10,ch:就酱晒晕风尘,资格赛 · 第 9 名（2-2）
OCC 2024-11,bf:673f9c4181b1a20036ec0796,8 强 · 第 1 名（3-0）
OCC 2024-11,bf:673f9ae481b1a20036ec0786,8 强 · 第 2 名（2-1）
OCC 2024-11,bf:673f9e64237e35004096e4c4,8 强 · 第 3 名（1-1）
OCC 2024-11,bf:673f9e78237e35004096e4c6,8 强 · 第 3 名（1-1）
OCC 2024-11,bf:673f95f8744fee00353bc808,8 强 · 第 5 名（0-1）
OCC 2024-11,bf:673f9ced89b5530023006e66,8 强 · 第 5 名（0-1）
OCC 2024-11,bf:673f99e9a144d7002b2e28a4,8 强 · 第 5 名（0-1）
OCC 2024-11,bf:673f9bc489b5530023006e4b,8 强 · 第 5 名（0-1）
OCC 2024-11,bf:673f9e3a70390c0041722fa2,资格赛 · 第 10 名（3-2）
OCC 2024-11,bf:673f9bee81b1a20036ec0792,资格赛 · 第 11 名（2-2）
OCC 2024-11,bf:673f99d8a144d7002b2e28a0,资格赛 · 第 12 名（2-3）
OCC 2024-11,bf:673f9c6789b5530023006e53,资格赛 · 第 13 名（2-3）
OCC 2024-11,bf:673f9c8c2ea3530021c8da11,资格赛 · 第 14 名（2-3）
OCC 2024-11,ch:一方,资格赛 · 第 15 名（2-3）
OCC 2024-11,bf:673f9d032ea3530021c8da15,资格赛 · 第 16 名（2-3）
OCC 2024-11,bf:673f9d60744fee00353bc82a,资格赛 · 第 17 名（1-4）
OCC 2024-11,ch:不要偷袭我的珍珠港哟,资格赛 · 第 18 名（1-2）
OCC 2024-11,ch:2598252160,资格赛 · 第 19 名（1-2）
OCC 2024-11,ch:eszemteszem,资格赛 · 第 20 名（0-2）
OCC 2024-11,bf:673f9ca92ea3530021c8da13,资格赛 · 第 21 名（1-3）
OCC 2024-11,ch:nick,资格赛 · 第 22 名（0-3）
OCC 2024-11,ch:思路决定胜负,资格赛 · 第 23 名（0-3）
OCC 2024-11,ch:jasonli,资格赛 · 第 24 名（1-3）
OCC 2024-11,bf:673f9ab081b1a20036ec0782,资格赛 · 第 7 名（3-2）
OCC 2024-11,bf:673f9a8d89b5530023006e39,资格赛 · 第 8 名（3-2）
OCC 2024-11,ch:東雪涟offical,资格赛 · 第 9 名（3-2）
OCC Ultimate I,ch:tiger,邀请赛 · 第 1 名（3-0）
OCC Ultimate I,bf:5fa467df4eb3c2458669c29a,邀请赛 · 第 2 名（2-1）
OCC Ultimate I,bf:673f9ae481b1a20036ec0786,邀请赛 · 第 3 名（2-1）
OCC Ultimate I,ch:jinlun,邀请赛 · 第 4 名（1-2）
OCC Ultimate I,bf:564e7b5b80b8db4a00c4ff9c,邀请赛 · 第 5 名（0-1）
OCC Ultimate I,bf:673f99d8a144d7002b2e28a0,邀请赛 · 第 5 名（0-1）
OCC Ultimate I,ch:UwU_moi,邀请赛 · 第 5 名（0-1）
OCC Ultimate I,bf:673f98f370390c0041722f81,邀请赛 · 第 5 名（0-1）
OCC Ultimate II,bf:673f9eb0237e35004096e4ca,邀请赛 · 第 1 名（3-0）
OCC Ultimate II,bf:673f9cc689b5530023006e64,邀请赛 · 第 2 名（1-1）
OCC Ultimate II,bf:673f9ae481b1a20036ec0786,邀请赛 · 第 3 名（2-1）
OCC Ultimate II,sgg:2616063,邀请赛 · 第 4 名（1-2）
OCC Ultimate II,bf:564e7b5b80b8db4a00c4ff9c,邀请赛 · 第 5 名（0-1）
OCC Ultimate II,bf:673f99d8a144d7002b2e28a0,邀请赛 · 第 5 名（0-1）
OCC Ultimate II,bf:5ec038e2256baa1d38011a05,邀请赛 · 第 5 名（0-1）
OCC Ultimate III,bf:673f9eb0237e35004096e4ca,邀请赛 · 第 1 名（3-0）
OCC Ultimate III,bf:673f9c6789b5530023006e53,邀请赛 · 第 2 名（2-1）
OCC Ultimate III,bf:673f9726a144d7002b2e2888,邀请赛 · 第 3 名（2-1）
OCC Ultimate III,sgg:2388207,邀请赛 · 第 4 名（1-2）
OCC Ultimate III,bf:564e7b5b80b8db4a00c4ff9c,邀请赛 · 第 5 名（0-1）
OCC Ultimate III,bf:673f99d8a144d7002b2e28a0,邀请赛 · 第 5 名（0-1）
OCC Ultimate III,bf:5fb1e014eb92fe0475439152,邀请赛 · 第 5 名（0-1）
OCC Ultimate III,bf:673f997c70390c0041722f8c,邀请赛 · 第 5 名（0-1）
Operation: Kards,bf:5ec4df5bde56fb470634c5fa,瑞士轮 0-1
Operation: Kards,bf:5eb583d54a8bea0acd7ea437,瑞士轮 0-1
Operation: Kards,bf:5ec021ae0f25781e0b5f5f43,瑞士轮 0-2
Operation: Kards,bf:5d0fba42acc6ed329c51837f,瑞士轮 0-3
Operation: Kards,bf:5ebe821bdc25e53f4d8c7446,瑞士轮 1-2
Operation: Kards,bf:5eb708950fe915528f90abfd,瑞士轮 1-2
Operation: Kards,bf:5eb6495f5d6f1b5d1c5d7d95,瑞士轮 1-3
Operation: Kards,bf:5eb664dbaefaaf170fa246f1,瑞士轮 1-3
Operation: Kards,bf:5eb7670e5e789b4b50a06de2,瑞士轮 1-3
Operation: Kards,bf:5ec2a6dafd8a561535cde2a5,瑞士轮 1-3
Operation: Kards,bf:5ec7d675f5d9bf6412138238,瑞士轮 2-2
Operation: Kards,bf:5ec2c1da0a4e405c2332e640,瑞士轮 2-2
Operation: Kards,bf:57a1697c8c3386280ca04b34,瑞士轮 2-2
Operation: Kards,bf:5eb57d1601b7fd0fe0488f0f,瑞士轮 2-3
Operation: Kards,bf:5ec2acf9a7330d091e79291a,瑞士轮 2-3
Operation: Kards,bf:544fd1e1a3aee26f0b100edb,瑞士轮 3-2
Operation: Kards,bf:5ec14e2baf9b8d5641b7a639,瑞士轮 3-2
Operation: Kards,bf:5ebc5c7aec210a06ae04d4d4,瑞士轮 4-1
Operation: Kards,bf:5ebd9402b92b28521a098ec8,瑞士轮 4-1
Operation: Kards,bf:5ec442d3b2f357511fcbf34a,瑞士轮 4-1
Operation: Kards,bf:5ebea2fd1eafc755976c161a,瑞士轮 4-1
Operation: Kards,bf:5eb65df574f31a11dd226b38,瑞士轮 5-0
United Front Expansion Tournament,ch:作死的骡博,8 强 · 第 1 名（3-0）
United Front Expansion Tournament,bf:673f9c4181b1a20036ec0796,8 强 · 第 2 名（2-1）
United Front Expansion Tournament,ch:eszemteszem,8 强 · 第 3 名（1-1）
United Front Expansion Tournament,ch:一方,8 强 · 第 4 名（1-2）
United Front Expansion Tournament,ch:顶级大厨,8 强 · 第 5 名（0-1）
United Front Expansion Tournament,bf:673f9c8c2ea3530021c8da11,8 强 · 第 5 名（0-1）
United Front Expansion Tournament,ch:sie_,8 强 · 第 5 名（0-1）
United Front Expansion Tournament,ch:七海千秋,瑞士轮 0-2
United Front Expansion Tournament,bf:673f99e9a144d7002b2e28a4,瑞士轮 0-2
United Front Expansion Tournament,ch:张清霄,瑞士轮 0-3
United Front Expansion Tournament,bf:673f9c552ea3530021c8da0d,瑞士轮 0-3
United Front Expansion Tournament,bf:673f95f8744fee00353bc808,瑞士轮 0-3
United Front Expansion Tournament,ch:落寒尘,瑞士轮 1-3
United Front Expansion Tournament,ch:张小臣,瑞士轮 1-3
United Front Expansion Tournament,bf:673f9e48744fee00353bc834,瑞士轮 1-3
United Front Expansion Tournament,bf:673f9bcd89b5530023006e4d,瑞士轮 1-3
United Front Expansion Tournament,ch:syswdsr,瑞士轮 1-3
United Front Expansion Tournament,bf:673f990470390c0041722f86,瑞士轮 2-3
United Front Expansion Tournament,bf:673f9925237e35004096e4ab,瑞士轮 2-3
United Front Expansion Tournament,bf:673f9e86744fee00353bc83c,瑞士轮 2-3
United Front Expansion Tournament,bf:673f9ae481b1a20036ec0786,瑞士轮 2-3
United Front Expansion Tournament,ch:拉菲艾拉,瑞士轮 3-2
United Front Expansion Tournament,ch:cilly,瑞士轮 3-2
United Front Expansion Tournament,bf:673f99e1a144d7002b2e28a2,瑞士轮 3-2
United Front Expansion Tournament,bf:673f996f70390c0041722f8a,瑞士轮 3-2
United Front Expansion Tournament,bf:673f9e64237e35004096e4c4,瑞士轮 3-2
United Front Expansion Tournament,ch:伤心河,瑞士轮 3-2
United Front Expansion Tournament,bf:5fa467df4eb3c2458669c29a,瑞士轮 3-2
United Front Expansion Tournament,ch:琪露诺,瑞士轮 4-1
