date,event,player_id,name,elo,se,results,eff_results,last_played
2020-05-23,Operation: Kards,bf:544fd1e1a3aee26f0b100edb,121,1533.9,106.6,5,5.0,2020-05-23
2020-05-23,Operation: Kards,bf:57a1697c8c3386280ca04b34,batis,1547.0,107.3,5,5.0,2020-05-23
2020-05-23,Operation: Kards,bf:5d0fba42acc6ed329c51837f,Rokeiro,1369.6,117.2,3,3.0,2020-05-23
2020-05-23,Operation: Kards,bf:5eb57d1601b7fd0fe0488f0f,Astral,1497.3,106.9,5,5.0,2020-05-23
2020-05-23,Operation: Kards,bf:5eb583d54a8bea0acd7ea437,SharkPup,1411.3,123.0,2,2.0,2020-05-23
2020-05-23,Operation: Kards,bf:5eb6495f5d6f1b5d1c5d7d95,kenny,1467.9,107.3,5,5.0,2020-05-23
2020-05-23,Operation: Kards,bf:5eb65df574f31a11dd226b38,Darkness,1673.8,109.7,5,5.0,2020-05-23
2020-05-23,Operation: Kards,bf:5eb664dbaefaaf170fa246f1,RookVenturer1313,1458.6,107.8,5,5.0,2020-05-23
2020-05-23,Operation: Kards,bf:5eb708950fe915528f90abfd,Donald Trump,1496.9,111.5,4,4.0,2020-05-23
2020-05-23,Operation: Kards,bf:5eb7670e5e789b4b50a06de2,WHEEL3R,1459.1,107.0,5,5.0,2020-05-23
2020-05-23,Operation: Kards,bf:5ebc5c7aec210a06ae04d4d4,Snefru,1585.6,108.2,5,5.0,2020-05-23
2020-05-23,Operation: Kards,bf:5ebd9402b92b28521a098ec8,Bubbles,1612.0,107.8,5,5.0,2020-05-23
2020-05-23,Operation: Kards,bf:5ebe821bdc25e53f4d8c7446,ForeverFox,1391.4,107.7,5,5.0,2020-05-23
2020-05-23,Operation: Kards,bf:5ebea2fd1eafc755976c161a,Drogear,1607.9,108.0,5,5.0,2020-05-23
2020-05-23,Operation: Kards,bf:5ec021ae0f25781e0b5f5f43,AlexRises,1438.1,125.0,2,2.0,2020-05-23
2020-05-23,Operation: Kards,bf:5ec14e2baf9b8d5641b7a639,handor95,1545.6,106.6,5,5.0,2020-05-23
2020-05-23,Operation: Kards,bf:5ec2a6dafd8a561535cde2a5,V0R0N92,1458.7,112.9,4,4.0,2020-05-23
2020-05-23,Operation: Kards,bf:5ec2acf9a7330d091e79291a,lucencan,1468.1,106.4,5,5.0,2020-05-23
2020-05-23,Operation: Kards,bf:5ec2c1da0a4e405c2332e640,Chip-Filled Adam,1492.4,111.5,4,4.0,2020-05-23
2020-05-23,Operation: Kards,bf:5ec3fe380be5fa28e9946104,Sertma,1458.3,130.3,1,1.0,2020-05-23
2020-05-23,Operation: Kards,bf:5ec442d3b2f357511fcbf34a,skzeman,1599.1,107.9,5,5.0,2020-05-23
2020-05-23,Operation: Kards,bf:5ec4df5bde56fb470634c5fa,barboza,1427.7,124.9,2,2.0,2020-05-23
2020-05-23,Operation: Kards,bf:5ec7d675f5d9bf6412138238,Hahn,1499.9,111.2,4,4.0,2020-05-23
2020-07-26,Kards Open,bf:544fd1e1a3aee26f0b100edb,121,1538.4,109.1,5,4.43,2020-05-23
2020-07-26,Kards Open,bf:564e7b5b80b8db4a00c4ff9c,Jking7,1493.7,98.5,7,6.99,2020-07-26
2020-07-26,Kards Open,bf:56bf93a68b6bc7030304a789,Kynio,1488.6,98.6,7,6.99,2020-07-26
2020-07-26,Kards Open,bf:56ed79634fdf9b7e1224dddc,[DB] Praetorian,1574.7,112.6,4,3.99,2020-07-25
2020-07-26,Kards Open,bf:572751089b61d587125da415,Pad,1564.5,94.8,8,7.99,2020-07-26
2020-07-26,Kards Open,bf:5784f8bcf26da72d0cd20f65,LuckyLuke,1483.5,98.8,7,6.99,2020-07-26
2020-07-26,Kards Open,bf:57a1697c8c3386280ca04b34,batis,1537.5,86.9,12,11.42,2020-07-26
2020-07-26,Kards Open,bf:57b5a7ffabd8181c0cfdf304,CaptainA,1484.4,108.7,5,4.99,2020-07-26
2020-07-26,Kards Open,bf:5931f755f2d1a503331ea51d,Chrisca,1501.7,124.4,2,2.0,2020-07-25
2020-07-26,Kards Open,bf:596dd6d3014e6b033a8a1275,RainZone,1630.9,96.3,8,7.99,2020-07-26
2020-07-26,Kards Open,bf:59b91e3e40985d034416fd27,Isenberg,1476.3,123.1,2,2.0,2020-07-25
2020-07-26,Kards Open,bf:5a4d98c332953903641106de,Freddie,1552.7,95.3,8,7.99,2020-07-26
2020-07-26,Kards Open,bf:5ad6b5686a20dd03885fa1d1,Jugador,1523.4,108.9,5,4.99,2020-07-26
2020-07-26,Kards Open,bf:5b38c676cbd82c03a4f28e8f,doge34,1721.8,97.0,8,7.99,2020-07-26
2020-07-26,Kards Open,bf:5c834379fdf5df032965d470,Johnny,1534.3,116.4,3,2.99,2020-07-25
2020-07-26,Kards Open,bf:5d0fba42acc6ed329c51837f,Rokeiro,1383.9,118.9,3,2.66,2020-05-23
2020-07-26,Kards Open,bf:5e9cf8ff72e2961f747c7978,DARKCA5TLE,1511.1,124.5,2,2.0,2020-07-25
2020-07-26,Kards Open,bf:5eb572f0a795290866140381,rdbigdog,1619.4,117.7,3,2.99,2020-07-25
2020-07-26,Kards Open,bf:5eb57d1601b7fd0fe0488f0f,Astral,1503.1,109.4,5,4.43,2020-05-23
2020-07-26,Kards Open,bf:5eb583d54a8bea0acd7ea437,SharkPup,1420.9,124.2,2,1.77,2020-05-23
2020-07-26,Kards Open,bf:5eb598330abb797ad38acaee,NonGMOSalt,1595.9,95.4,8,7.99,2020-07-26
2020-07-26,Kards Open,bf:5eb6495f5d6f1b5d1c5d7d95,kenny,1473.9,109.6,5,4.43,2020-05-23
2020-07-26,Kards Open,bf:5eb65df574f31a11dd226b38,Darkness,1716.2,87.6,13,12.42,2020-07-26
2020-07-26,Kards Open,bf:5eb664dbaefaaf170fa246f1,RookVenturer1313,1468.9,110.4,5,4.43,2020-05-23
2020-07-26,Kards Open,bf:5eb708950fe915528f90abfd,Donald Trump,1506.5,90.8,10,9.54,2020-07-26
2020-07-26,Kards Open,bf:5eb7670e5e789b4b50a06de2,WHEEL3R,1585.8,85.6,13,12.42,2020-07-26
2020-07-26,Kards Open,bf:5ebc5c7aec210a06ae04d4d4,Snefru,1656.7,86.7,13,12.42,2020-07-26
2020-07-26,Kards Open,bf:5ebd8cafb3bec004beff6eff,[AAA] Caps04,1613.7,98.7,7,6.99,2020-07-26
2020-07-26,Kards Open,bf:5ebd9402b92b28521a098ec8,Bubbles,1618.3,109.5,5,4.43,2020-05-23
2020-07-26,Kards Open,bf:5ebe821bdc25e53f4d8c7446,ForeverFox,1415.5,110.9,5,4.43,2020-05-23
2020-07-26,Kards Open,bf:5ebea2fd1eafc755976c161a,Drogear,1664.5,87.0,13,12.42,2020-07-26
2020-07-26,Kards Open,bf:5ebea8a9bfed616b75962b6a,Forgestryker,1481.5,117.8,3,2.99,2020-07-25
2020-07-26,Kards Open,bf:5ec021ae0f25781e0b5f5f43,AlexRises,1448.4,126.6,2,1.77,2020-05-23
2020-07-26,Kards Open,bf:5ec14e2baf9b8d5641b7a639,handor95,1547.9,109.1,5,4.43,2020-05-23
2020-07-26,Kards Open,bf:5ec2a6dafd8a561535cde2a5,V0R0N92,1472.2,115.6,4,3.54,2020-05-23
2020-07-26,Kards Open,bf:5ec2acf9a7330d091e79291a,lucencan,1481.3,108.7,5,4.43,2020-05-23
2020-07-26,Kards Open,bf:5ec2c1da0a4e405c2332e640,Chip-Filled Adam,1495.9,113.6,4,3.54,2020-05-23
2020-07-26,Kards Open,bf:5ec2f8632e7fb7357e7c8077,SCARED MOKEY,1573.8,95.8,8,7.99,2020-07-26
2020-07-26,Kards Open,bf:5ec3fe380be5fa28e9946104,Sertma,1461.4,130.9,1,0.89,2020-05-23
2020-07-26,Kards Open,bf:5ec442d3b2f357511fcbf34a,skzeman,1595.4,109.8,5,4.43,2020-05-23
2020-07-26,Kards Open,bf:5ec44a4894993372f10699b1,Adrián7,1461.8,130.5,1,1.0,2020-07-25
2020-07-26,Kards Open,bf:5ec4df5bde56fb470634c5fa,barboza,1451.3,127.0,2,1.77,2020-05-23
2020-07-26,Kards Open,bf:5ec7d675f5d9bf6412138238,Hahn,1508.7,113.5,4,3.54,2020-05-23
2020-07-26,Kards Open,bf:5ec99a6d5cb5d5345c7fdf7c,AriBigBehn,1692.1,99.8,7,6.99,2020-07-26
2020-07-26,Kards Open,bf:5ee6c5f92764fc7a784c6f9e,BirdLaw,1454.4,104.1,6,6.0,2020-07-26
2020-07-26,Kards Open,bf:5f0cbd1969a363414a64af57,agent_182,1554.9,116.4,3,2.99,2020-07-25
2020-07-26,Kards Open,bf:5f0cd40c3087a65e039603f4,wild_eyes,1522.0,98.2,7,6.99,2020-07-26
2020-07-26,Kards Open,bf:5f0cf3becbf20c490eb4fa7d,T0M,1504.1,107.7,5,4.99,2020-07-26
2020-07-26,Kards Open,bf:5f0d81380ffa0b49d9f58c5c,Nerf,1658.4,95.9,8,7.99,2020-07-26
2020-07-26,Kards Open,bf:5f0d9e4785aa4e37e911463c,You Need Jesus Christ,1398.5,122.8,2,2.0,2020-07-25
2020-07-26,Kards Open,bf:5f0db8236f4cd1393325784f,Hazeltails,1560.2,99.2,7,6.99,2020-07-26
2020-07-26,Kards Open,bf:5f0dc882f26046593189ba9f,SALUTE06,1476.9,132.5,1,1.0,2020-07-25
2020-07-26,Kards Open,bf:5f0de85b7c5e104738aeb5a8,benc,1569.3,95.4,8,7.99,2020-07-26
2020-07-26,Kards Open,bf:5f0df84e824086475be264b7,Terror_de,1650.1,95.7,8,7.99,2020-07-26
2020-07-26,Kards Open,bf:5f0df9d07c4df3491abfc797,RMISE,1432.1,124.1,2,2.0,2020-07-25
2020-07-26,Kards Open,bf:5f0dfb2c7c4df3491abfc7a6,zhen,1637.6,95.8,8,7.99,2020-07-26
2020-07-26,Kards Open,bf:5f0e1a20c47339351f7f7b34,Ouchmaster,1505.1,110.7,4,3.99,2020-07-26
2020-07-26,Kards Open,bf:5f0e37b37c5e104738aebbe3,toDIEisGAIN,1574.9,95.5,8,7.99,2020-07-26
2020-07-26,Kards Open,bf:5f0e76497c4df3491abfd06c,rocksopimppo,1518.7,99.5,7,6.99,2020-07-26
2020-07-26,Kards Open,bf:5f0f22cb85aa4e37e9115bb4,madisek,1492.6,122.3,2,2.0,2020-07-25
2020-07-26,Kards Open,bf:5f0f2f19ef3ab65b96797ada,kramedogg,1496.6,95.6,8,7.99,2020-07-26
2020-07-26,Kards Open,bf:5f0fb7319d4b3024dce6f17b,The_Advocator,1440.6,95.6,8,7.99,2020-07-26
2020-07-26,Kards Open,bf:5f102c329d4b3024dce6f5dd,Malovato_Budet,1468.9,98.5,7,6.99,2020-07-26
2020-07-26,Kards Open,bf:5f103df2eac9482569fb2922,phasermind,1534.3,95.8,8,7.99,2020-07-26
2020-07-26,Kards Open,bf:5f10783cc08d9224ce50f95f,bob42,1503.4,96.0,8,7.99,2020-07-26
2020-07-26,Kards Open,bf:5f10825feac9482569fb2e81,SquareGrouper,1415.3,102.3,6,5.99,2020-07-26
2020-07-26,Kards Open,bf:5f1086f1160c3f2239e9225b,lt.blueberry,1372.0,98.8,7,6.99,2020-07-26
2020-07-26,Kards Open,bf:5f112ee3eac9482569fb3ee6,Pert,1532.8,96.4,8,7.99,2020-07-26
2020-07-26,Kards Open,bf:5f11d247160c3f2239e940a4,LuckySpike,1632.4,96.2,8,7.99,2020-07-26
2020-07-26,Kards Open,bf:5f11e4c6160c3f2239e941f5,trevorj,1479.7,111.7,4,3.99,2020-07-25
2020-07-26,Kards Open,bf:5f11e67d85fecb25631448a0,yufzsy,1708.7,97.6,8,7.99,2020-07-26
2020-07-26,Kards Open,bf:5f11ef33160c3f2239e942b2,Starkiller30001,1415.4,111.0,4,3.99,2020-07-25
2020-07-26,Kards Open,bf:5f11ff268b375222593350d0,Lobby Boy Lettuce,1426.0,112.4,4,3.99,2020-07-25
2020-07-26,Kards Open,bf:5f11ff2ec08d9224ce511d19,Dangerexx,1380.8,96.9,8,7.99,2020-07-26
2020-07-26,Kards Open,bf:5f11ff59eea71b24bc30ee0c,Hyo,1455.1,95.5,8,7.99,2020-07-26
2020-07-26,Kards Open,bf:5f11ffc4eac9482569fb4f49,MrNejcKing,1360.5,113.5,4,3.99,2020-07-26
2020-07-26,Kards Open,bf:5f121b05d04bae257fc1a263,biasedeyes,1414.6,107.7,5,4.99,2020-07-26
2020-07-26,Kards Open,bf:5f1220b9b4738624c4273900,KEV1NJ,1548.5,99.0,7,6.99,2020-07-26
2020-07-26,Kards Open,bf:5f12273babfcb016362ad1d0,beeman,1323.8,100.1,7,6.99,2020-07-26
2020-07-26,Kards Open,bf:5f1229f9cf4549174336fefe,JSL112,1457.2,130.4,1,1.0,2020-07-25
2020-07-26,Kards Open,bf:5f1240f24a28711494f1b3aa,CaptainTchaikovsky,1478.1,111.6,4,3.99,2020-07-25
2020-07-26,Kards Open,bf:5f12771889520148edf780af,mbilsel,1550.8,95.5,8,7.99,2020-07-26
2020-07-26,Kards Open,bf:5f1281edb4738624c42745af,ptreey,1414.2,101.8,6,5.99,2020-07-26
2020-07-26,Kards Open,bf:5f12bb564a28711494f1bd8d,NeriUwU,1335.7,100.6,7,6.99,2020-07-26
2020-07-26,Kards Open,bf:5f12c35f8b375222593364f0,xareh90,1507.5,95.0,8,7.99,2020-07-26
2020-07-26,Kards Open,bf:5f12da838b375222593365f7,Burremans,1419.6,123.5,2,2.0,2020-07-25
2020-07-26,Kards Open,bf:5f12f0881c8cdf16056f6224,RaPaulke,1413.4,123.7,2,2.0,2020-07-25
2020-07-26,Kards Open,bf:5f12f0c3abfcb016362ae526,mon.mgs,1445.9,129.7,1,1.0,2020-07-25
2020-07-26,Kards Open,bf:5f130139f7c29f223fd64290,fenrir,1589.6,95.0,8,7.99,2020-07-26
2020-07-26,Kards Open,bf:5f13328d77697711a235a704,TomatoMato,1552.2,95.6,8,7.99,2020-07-26
2020-07-26,Kards Open,bf:5f13952ceea71b24bc312529,Limitless Beast,1332.0,111.8,4,3.99,2020-07-25
2020-07-26,Kards Open,bf:5f13f8f0381ccb11abfed78c,Behemothus,1486.8,99.2,7,6.99,2020-07-26
2020-07-26,Kards Open,bf:5f13fc452cba8f11c2a4298c,DarkMatterYT,1484.9,122.7,2,2.0,2020-07-25
2020-07-26,Kards Open,bf:5f140b7f1c8cdf16056f833c,foreverlimon,1548.5,99.1,7,6.99,2020-07-26
2020-07-26,Kards Open,bf:5f140c57341d821185ca56df,BarndoorRoge,1496.7,122.7,2,2.0,2020-07-25
2020-07-26,Kards Open,bf:5f140d9bbcbe32117ff6b7e7,Snakii0,1411.4,123.1,2,2.0,2020-07-25
2020-07-26,Kards Open,bf:5f140ea9b4738624c4277d71,Heist,1436.2,98.5,7,6.99,2020-07-26
2020-07-26,Kards Open,bf:5f14582a341d821185ca59e8,TheStray,1467.8,96.2,8,7.99,2020-07-26
2020-07-26,Kards Open,bf:5f145d63b4738624c4278122,Jotora,1573.8,95.9,8,7.99,2020-07-26
2020-07-26,Kards Open,bf:5f148273cd3934118e03b196,Shaemas,1454.7,95.9,8,7.99,2020-07-26
2020-07-26,Kards Open,bf:5f14e99eea159211b4c99eab,Jacob,1369.4,96.4,8,7.99,2020-07-26
2020-07-26,Kards Open,bf:5f1520542cba8f11c2a44c16,DarkMist,1458.1,99.1,7,6.99,2020-07-26
2020-07-26,Kards Open,bf:5f153751eea71b24bc31458b,VLAD420,1430.9,95.4,8,7.99,2020-07-26
2020-07-26,Kards Open,bf:5f1539bacfac0e373c6166ce,donigi,1468.2,95.7,8,7.99,2020-07-26
2020-07-26,Kards Open,bf:5f1566b0341d821185ca734b,Юрий,1462.6,98.8,7,6.99,2020-07-26
2020-07-26,Kards Open,bf:5f156d9fb4738624c42798e8,Evilmunki,1396.7,98.7,7,6.99,2020-07-26
2020-07-26,Kards Open,bf:5f15827677697711a235e95c,ACOG,1471.6,131.6,1,1.0,2020-07-25
2020-07-26,Kards Open,bf:5f15a9d0cfac0e373c616a81,gteacher12 (cst),1342.4,112.4,4,3.99,2020-07-26
2020-07-26,Kards Open,bf:5f1660782cba8f11c2a45e9c,Lolofy44,1497.7,99.3,7,6.99,2020-07-26
2020-07-26,Kards Open,bf:5f17d573bcbe32117ff6fd03,Vitaly Gorbunov,1451.7,130.3,1,1.0,2020-07-25
2020-07-26,Kards Open,bf:5f17ef0fcfac0e373c6190c4,[REDi]1R COL ANZAC_Ace,1457.3,115.9,3,2.99,2020-07-25
2020-07-26,Kards Open,bf:5f19119cb4738624c427e33c,SA-GR,1403.6,99.7,7,6.99,2020-07-26
2020-07-26,Kards Open,bf:5f193071cfac0e373c61a11b,PetitPoney,1553.7,117.1,3,2.99,2020-07-25
2020-07-26,Kards Open,bf:5f1a8cc8b4738624c42817ef,Tigerkater,1457.5,99.2,7,6.99,2020-07-26
2020-07-26,Kards Open,bf:5f1b1546b4738624c4282183,Skunk,1352.2,95.9,8,7.99,2020-07-26
2020-07-26,Kards Open,bf:5f1b3f1b08ac6c1dd4d6bb23,brienoconan,1538.2,117.6,3,2.99,2020-07-25
2020-07-26,Kards Open,bf:5f1b48d1abfcb016362ba48e,Berni de Balle,1520.8,96.0,8,7.99,2020-07-26
2020-07-26,Kards Open,bf:5f1b9f20a73922196c802448,Gamesite,1451.4,106.9,5,4.99,2020-07-26
2020-07-26,Kards Open,bf:5f1bad8bb4738624c4283cf6,Filpa,1606.9,98.6,7,6.99,2020-07-26
2020-09-05,Kards Open #2,bf:544fd1e1a3aee26f0b100edb,121,1528.4,85.1,13,12.0,2020-08-30
2020-09-05,Kards Open #2,bf:564e7b5b80b8db4a00c4ff9c,Jking7,1631.9,75.9,18,17.37,2020-09-05
2020-09-05,Kards Open #2,bf:56bf93a68b6bc7030304a789,Kynio,1495.5,100.5,7,6.47,2020-07-26
2020-09-05,Kards Open #2,bf:56ed79634fdf9b7e1224dddc,[DB] Praetorian,1580.5,114.2,4,3.69,2020-07-25
2020-09-05,Kards Open #2,bf:572751089b61d587125da415,Pad,1569.2,96.6,8,7.39,2020-07-26
2020-09-05,Kards Open #2,bf:5784f8bcf26da72d0cd20f65,LuckyLuke,1466.7,87.4,12,11.4,2020-08-30
2020-09-05,Kards Open #2,bf:57a1697c8c3386280ca04b34,batis,1547.0,89.3,12,10.56,2020-07-26
2020-09-05,Kards Open #2,bf:57b5a7ffabd8181c0cfdf304,CaptainA,1490.2,110.6,5,4.62,2020-07-26
2020-09-05,Kards Open #2,bf:5931f755f2d1a503331ea51d,Chrisca,1503.4,125.5,2,1.85,2020-07-25
2020-09-05,Kards Open #2,bf:596dd6d3014e6b033a8a1275,RainZone,1630.2,98.1,8,7.39,2020-07-26
2020-09-05,Kards Open #2,bf:59b91e3e40985d034416fd27,Isenberg,1478.4,124.0,2,1.85,2020-07-25
2020-09-05,Kards Open #2,bf:5a4d98c332953903641106de,Freddie,1555.3,96.8,8,7.39,2020-07-26
2020-09-05,Kards Open #2,bf:5ad6b5686a20dd03885fa1d1,Jugador,1522.5,110.6,5,4.62,2020-07-26
2020-09-05,Kards Open #2,bf:5b0094b93d8b3603b86987cc,Bob the Tomato,1466.7,113.4,4,3.95,2020-08-30
2020-09-05,Kards Open #2,bf:5b38c676cbd82c03a4f28e8f,doge34,1780.6,80.1,18,17.3,2020-09-05
2020-09-05,Kards Open #2,bf:5c4dca4fa9f6820352797666,VildeScarz,1577.7,96.2,8,7.9,2020-08-30
2020-09-05,Kards Open #2,bf:5c834379fdf5df032965d470,Johnny,1533.1,117.4,3,2.77,2020-07-25
2020-09-05,Kards Open #2,bf:5d0fba42acc6ed329c51837f,Rokeiro,1391.8,120.0,3,2.46,2020-05-23
2020-09-05,Kards Open #2,bf:5d26bcf5c9bf6055b457dfb5,UkrainianKing,1572.5,97.2,8,7.9,2020-08-30
2020-09-05,Kards Open #2,bf:5dff9d39fafe5a70cf39ed01,Time to harsh your buzz!,1406.7,122.7,2,1.97,2020-08-29
2020-09-05,Kards Open #2,bf:5e055721e0b14c3515213776,sk1091,1467.1,131.1,1,0.99,2020-08-29
2020-09-05,Kards Open #2,bf:5e9cf8ff72e2961f747c7978,DARKCA5TLE,1470.8,119.3,3,2.83,2020-08-29
2020-09-05,Kards Open #2,bf:5eb572f0a795290866140381,rdbigdog,1613.5,118.7,3,2.77,2020-07-25
2020-09-05,Kards Open #2,bf:5eb57d1601b7fd0fe0488f0f,Astral,1505.0,110.9,5,4.1,2020-05-23
2020-09-05,Kards Open #2,bf:5eb583d54a8bea0acd7ea437,SharkPup,1425.7,125.0,2,1.64,2020-05-23
2020-09-05,Kards Open #2,bf:5eb598330abb797ad38acaee,NonGMOSalt,1596.3,96.9,8,7.39,2020-07-26
2020-09-05,Kards Open #2,bf:5eb6495f5d6f1b5d1c5d7d95,kenny,1475.4,110.8,5,4.1,2020-05-23
2020-09-05,Kards Open #2,bf:5eb65df574f31a11dd226b38,Darkness,1836.0,78.6,23,21.4,2020-09-05
2020-09-05,Kards Open #2,bf:5eb664dbaefaaf170fa246f1,RookVenturer1313,1477.1,112.8,5,4.1,2020-05-23
2020-09-05,Kards Open #2,bf:5eb708950fe915528f90abfd,Donald Trump,1506.0,92.5,10,8.82,2020-07-26
2020-09-05,Kards Open #2,bf:5eb7670e5e789b4b50a06de2,WHEEL3R,1599.5,75.3,20,18.4,2020-08-30
2020-09-05,Kards Open #2,bf:5ebc5c7aec210a06ae04d4d4,Snefru,1686.9,73.2,22,20.39,2020-09-05
2020-09-05,Kards Open #2,bf:5ebd8cafb3bec004beff6eff,[AAA] Caps04,1611.5,100.4,7,6.47,2020-07-26
2020-09-05,Kards Open #2,bf:5ebd9402b92b28521a098ec8,Bubbles,1621.8,111.8,5,4.1,2020-05-23
2020-09-05,Kards Open #2,bf:5ebe821bdc25e53f4d8c7446,ForeverFox,1423.4,112.5,5,4.1,2020-05-23
2020-09-05,Kards Open #2,bf:5ebea2fd1eafc755976c161a,Drogear,1678.6,88.3,14,12.47,2020-08-29
2020-09-05,Kards Open #2,bf:5ebea8a9bfed616b75962b6a,Forgestryker,1544.0,91.2,10,9.68,2020-08-30
2020-09-05,Kards Open #2,bf:5ec021ae0f25781e0b5f5f43,AlexRises,1452.3,127.5,2,1.64,2020-05-23
2020-09-05,Kards Open #2,bf:5ec038e2256baa1d38011a05,Vinny,1375.5,119.1,3,2.96,2020-08-29
2020-09-05,Kards Open #2,bf:5ec14e2baf9b8d5641b7a639,handor95,1546.7,110.6,5,4.1,2020-05-23
2020-09-05,Kards Open #2,bf:5ec2a6dafd8a561535cde2a5,V0R0N92,1476.5,117.1,4,3.28,2020-05-23
2020-09-05,Kards Open #2,bf:5ec2ace2fd8a561535cde2e1,MJT,1487.0,122.7,2,1.97,2020-08-29
2020-09-05,Kards Open #2,bf:5ec2acf9a7330d091e79291a,lucencan,1483.8,110.1,5,4.1,2020-05-23
2020-09-05,Kards Open #2,bf:5ec2c1da0a4e405c2332e640,Chip-Filled Adam,1496.0,114.6,4,3.28,2020-05-23
2020-09-05,Kards Open #2,bf:5ec2f8632e7fb7357e7c8077,SCARED MOKEY,1574.1,97.6,8,7.39,2020-07-26
2020-09-05,Kards Open #2,bf:5ec3fe380be5fa28e9946104,Sertma,1465.0,131.5,1,0.82,2020-05-23
2020-09-05,Kards Open #2,bf:5ec442d3b2f357511fcbf34a,skzeman,1591.7,111.2,5,4.1,2020-05-23
2020-09-05,Kards Open #2,bf:5ec44a4894993372f10699b1,Adrián7,1464.2,131.0,1,0.92,2020-07-25
2020-09-05,Kards Open #2,bf:5ec4df5bde56fb470634c5fa,barboza,1462.1,129.2,2,1.64,2020-05-23
2020-09-05,Kards Open #2,bf:5ec7d675f5d9bf6412138238,Hahn,1511.5,115.1,4,3.28,2020-05-23
2020-09-05,Kards Open #2,bf:5ec99a6d5cb5d5345c7fdf7c,AriBigBehn,1742.1,78.2,18,17.37,2020-09-05
2020-09-05,Kards Open #2,bf:5ee6c5f92764fc7a784c6f9e,BirdLaw,1436.8,84.9,13,12.46,2020-08-30
2020-09-05,Kards Open #2,bf:5f0cbd1969a363414a64af57,agent_182,1550.8,117.6,3,2.77,2020-07-25
2020-09-05,Kards Open #2,bf:5f0cd40c3087a65e039603f4,wild_eyes,1600.4,80.4,15,14.37,2020-08-30
2020-09-05,Kards Open #2,bf:5f0cf3becbf20c490eb4fa7d,T0M,1518.3,110.2,5,4.62,2020-07-26
2020-09-05,Kards Open #2,bf:5f0d81380ffa0b49d9f58c5c,Nerf,1663.9,97.7,8,7.39,2020-07-26
2020-09-05,Kards Open #2,bf:5f0d9e4785aa4e37e911463c,You Need Jesus Christ,1405.0,123.7,2,1.85,2020-07-25
2020-09-05,Kards Open #2,bf:5f0db8236f4cd1393325784f,Hazeltails,1558.0,100.8,7,6.47,2020-07-26
2020-09-05,Kards Open #2,bf:5f0dc882f26046593189ba9f,SALUTE06,1479.8,133.1,1,0.92,2020-07-25
2020-09-05,Kards Open #2,bf:5f0de85b7c5e104738aeb5a8,benc,1571.2,97.0,8,7.39,2020-07-26
2020-09-05,Kards Open #2,bf:5f0df84e824086475be264b7,Terror_de,1629.8,79.1,16,15.29,2020-08-30
2020-09-05,Kards Open #2,bf:5f0df9d07c4df3491abfc797,RMISE,1444.4,125.9,2,1.85,2020-07-25
2020-09-05,Kards Open #2,bf:5f0dfb2c7c4df3491abfc7a6,zhen,1636.7,97.4,8,7.39,2020-07-26
2020-09-05,Kards Open #2,bf:5f0e1a20c47339351f7f7b34,Ouchmaster,1506.4,112.2,4,3.69,2020-07-26
2020-09-05,Kards Open #2,bf:5f0e248def3ab65b96796c3f,frenchcook,1643.9,95.8,8,7.9,2020-08-30
2020-09-05,Kards Open #2,bf:5f0e37b37c5e104738aebbe3,toDIEisGAIN,1663.8,78.0,17,16.29,2020-09-05
2020-09-05,Kards Open #2,bf:5f0e76497c4df3491abfd06c,rocksopimppo,1513.5,101.0,7,6.47,2020-07-26
2020-09-05,Kards Open #2,bf:5f0eab817c4df3491abfd2e6,hilmank,1458.0,98.3,7,6.91,2020-08-30
2020-09-05,Kards Open #2,bf:5f0f22cb85aa4e37e9115bb4,madisek,1495.2,123.3,2,1.85,2020-07-25
2020-09-05,Kards Open #2,bf:5f0f2f19ef3ab65b96797ada,kramedogg,1479.8,84.4,13,12.33,2020-08-30
2020-09-05,Kards Open #2,bf:5f0f3d9e7c4df3491abfe047,Snooginz,1505.3,95.8,8,7.9,2020-08-30
2020-09-05,Kards Open #2,bf:5f0f54427c4df3491abfe274,djdado,1462.7,130.6,1,0.99,2020-08-29
2020-09-05,Kards Open #2,bf:5f0fb7319d4b3024dce6f17b,The_Advocator,1445.5,97.5,8,7.39,2020-07-26
2020-09-05,Kards Open #2,bf:5f101bc2eea71b24bc30c50e,Hubblebub,1417.1,123.3,2,1.97,2020-08-29
2020-09-05,Kards Open #2,bf:5f102c329d4b3024dce6f5dd,Malovato_Budet,1472.3,88.5,11,10.41,2020-08-29
2020-09-05,Kards Open #2,bf:5f103df2eac9482569fb2922,phasermind,1538.9,97.2,8,7.39,2020-07-26
2020-09-05,Kards Open #2,bf:5f105658eac9482569fb2be4,张大彪,1629.1,95.8,8,7.9,2020-08-30
2020-09-05,Kards Open #2,bf:5f10783cc08d9224ce50f95f,bob42,1507.1,97.9,8,7.39,2020-07-26
2020-09-05,Kards Open #2,bf:5f10825feac9482569fb2e81,SquareGrouper,1419.2,103.8,6,5.54,2020-07-26
2020-09-05,Kards Open #2,bf:5f1086f1160c3f2239e9225b,lt.blueberry,1331.8,86.6,13,12.39,2020-08-30
2020-09-05,Kards Open #2,bf:5f112ee3eac9482569fb3ee6,Pert,1548.8,99.4,8,7.39,2020-07-26
2020-09-05,Kards Open #2,bf:5f11d0b0eea71b24bc30e84a,BUCKY,1491.1,95.5,8,7.9,2020-08-30
2020-09-05,Kards Open #2,bf:5f11d247160c3f2239e940a4,LuckySpike,1681.3,81.4,16,15.29,2020-08-30
2020-09-05,Kards Open #2,bf:5f11e4c6160c3f2239e941f5,trevorj,1483.3,113.2,4,3.69,2020-07-25
2020-09-05,Kards Open #2,bf:5f11e67d85fecb25631448a0,yufzsy,1723.6,83.2,16,15.29,2020-08-30
2020-09-05,Kards Open #2,bf:5f11ef33160c3f2239e942b2,Starkiller30001,1420.5,112.2,4,3.69,2020-07-25
2020-09-05,Kards Open #2,bf:5f11ff268b375222593350d0,Lobby Boy Lettuce,1433.4,113.8,4,3.69,2020-07-25
2020-09-05,Kards Open #2,bf:5f11ff2ec08d9224ce511d19,Dangerexx,1384.0,98.7,8,7.39,2020-07-26
2020-09-05,Kards Open #2,bf:5f11ff59eea71b24bc30ee0c,Hyo,1440.7,78.8,16,15.29,2020-08-30
2020-09-05,Kards Open #2,bf:5f11ffc4eac9482569fb4f49,MrNejcKing,1371.2,115.0,4,3.69,2020-07-26
2020-09-05,Kards Open #2,bf:5f121b05d04bae257fc1a263,biasedeyes,1426.7,109.5,5,4.62,2020-07-26
2020-09-05,Kards Open #2,bf:5f1220b9b4738624c4273900,KEV1NJ,1555.3,101.7,7,6.47,2020-07-26
2020-09-05,Kards Open #2,bf:5f12273babfcb016362ad1d0,beeman,1281.2,86.6,14,13.38,2020-08-30
2020-09-05,Kards Open #2,bf:5f1229f9cf4549174336fefe,JSL112,1459.8,130.9,1,0.92,2020-07-25
2020-09-05,Kards Open #2,bf:5f1240f24a28711494f1b3aa,CaptainTchaikovsky,1479.4,113.4,4,3.69,2020-07-25
2020-09-05,Kards Open #2,bf:5f12771889520148edf780af,mbilsel,1588.7,78.9,16,15.29,2020-08-30
2020-09-05,Kards Open #2,bf:5f1281edb4738624c42745af,ptreey,1417.7,103.4,6,5.54,2020-07-26
2020-09-05,Kards Open #2,bf:5f12bb564a28711494f1bd8d,NeriUwU,1316.0,90.8,12,11.41,2020-08-30
2020-09-05,Kards Open #2,bf:5f12c35f8b375222593364f0,xareh90,1520.4,96.9,8,7.39,2020-07-26
2020-09-05,Kards Open #2,bf:5f12da838b375222593365f7,Burremans,1424.9,124.4,2,1.85,2020-07-25
2020-09-05,Kards Open #2,bf:5f12f0881c8cdf16056f6224,RaPaulke,1419.7,124.6,2,1.85,2020-07-25
2020-09-05,Kards Open #2,bf:5f12f0c3abfcb016362ae526,mon.mgs,1451.9,130.2,1,0.92,2020-07-25
2020-09-05,Kards Open #2,bf:5f130139f7c29f223fd64290,fenrir,1600.9,96.6,8,7.39,2020-07-26
2020-09-05,Kards Open #2,bf:5f13328d77697711a235a704,TomatoMato,1558.1,97.0,8,7.39,2020-07-26
2020-09-05,Kards Open #2,bf:5f13952ceea71b24bc312529,Limitless Beast,1342.1,113.1,4,3.69,2020-07-25
2020-09-05,Kards Open #2,bf:5f13f8f0381ccb11abfed78c,Behemothus,1496.0,80.0,15,14.37,2020-08-30
2020-09-05,Kards Open #2,bf:5f13fc452cba8f11c2a4298c,DarkMatterYT,1484.8,123.5,2,1.85,2020-07-25
2020-09-05,Kards Open #2,bf:5f140b7f1c8cdf16056f833c,foreverlimon,1550.8,101.0,7,6.47,2020-07-26
2020-09-05,Kards Open #2,bf:5f140c57341d821185ca56df,BarndoorRoge,1520.3,107.0,5,4.81,2020-08-29
2020-09-05,Kards Open #2,bf:5f140d9bbcbe32117ff6b7e7,Snakii0,1408.4,107.9,5,4.81,2020-08-29
2020-09-05,Kards Open #2,bf:5f140ea9b4738624c4277d71,Heist,1437.7,100.3,7,6.47,2020-07-26
2020-09-05,Kards Open #2,bf:5f14582a341d821185ca59e8,TheStray,1472.1,98.5,8,7.39,2020-07-26
2020-09-05,Kards Open #2,bf:5f145d63b4738624c4278122,Jotora,1572.8,97.6,8,7.39,2020-07-26
2020-09-05,Kards Open #2,bf:5f148273cd3934118e03b196,Shaemas,1473.5,80.5,15,14.3,2020-08-30
2020-09-05,Kards Open #2,bf:5f14e99eea159211b4c99eab,Jacob,1373.3,98.0,8,7.39,2020-07-26
2020-09-05,Kards Open #2,bf:5f1520542cba8f11c2a44c16,DarkMist,1469.6,101.3,7,6.47,2020-07-26
2020-09-05,Kards Open #2,bf:5f153751eea71b24bc31458b,VLAD420,1436.8,97.1,8,7.39,2020-07-26
2020-09-05,Kards Open #2,bf:5f1539bacfac0e373c6166ce,donigi,1468.0,79.0,16,15.29,2020-08-30
2020-09-05,Kards Open #2,bf:5f155f3577697711a235e552,total,1472.6,131.7,1,0.99,2020-08-29
2020-09-05,Kards Open #2,bf:5f1566b0341d821185ca734b,Юрий,1466.1,100.8,7,6.47,2020-07-26
2020-09-05,Kards Open #2,bf:5f156d9fb4738624c42798e8,Evilmunki,1401.5,100.2,7,6.47,2020-07-26
2020-09-05,Kards Open #2,bf:5f15827677697711a235e95c,ACOG,1476.5,132.4,1,0.92,2020-07-25
2020-09-05,Kards Open #2,bf:5f15a9d0cfac0e373c616a81,gteacher12 (cst),1352.3,113.7,4,3.69,2020-07-26
2020-09-05,Kards Open #2,bf:5f1660782cba8f11c2a45e9c,Lolofy44,1486.8,92.1,10,9.43,2020-08-29
2020-09-05,Kards Open #2,bf:5f169f65bcbe32117ff6eb42,Lykas_OMES,1502.6,95.3,8,7.9,2020-08-30
2020-09-05,Kards Open #2,bf:5f176280381ccb11abff191f,terminetorK56,1481.0,98.6,7,6.91,2020-08-30
2020-09-05,Kards Open #2,bf:5f17d573bcbe32117ff6fd03,Vitaly Gorbunov,1457.8,130.7,1,0.92,2020-07-25
2020-09-05,Kards Open #2,bf:5f17ef0fcfac0e373c6190c4,[REDi]1R COL ANZAC_Ace,1459.1,116.8,3,2.77,2020-07-25
2020-09-05,Kards Open #2,bf:5f19119cb4738624c427e33c,SA-GR,1403.0,101.5,7,6.47,2020-07-26
2020-09-05,Kards Open #2,bf:5f193071cfac0e373c61a11b,PetitPoney,1536.3,108.7,5,4.74,2020-08-29
2020-09-05,Kards Open #2,bf:5f1a8cc8b4738624c42817ef,Tigerkater,1468.5,101.7,7,6.47,2020-07-26
2020-09-05,Kards Open #2,bf:5f1b1546b4738624c4282183,Skunk,1356.8,97.7,8,7.39,2020-07-26
2020-09-05,Kards Open #2,bf:5f1b3f1b08ac6c1dd4d6bb23,brienoconan,1536.5,118.6,3,2.77,2020-07-25
2020-09-05,Kards Open #2,bf:5f1b48d1abfcb016362ba48e,Berni de Balle,1551.9,82.1,15,14.31,2020-08-30
2020-09-05,Kards Open #2,bf:5f1b9f20a73922196c802448,Gamesite,1455.4,108.4,5,4.62,2020-07-26
2020-09-05,Kards Open #2,bf:5f1bad8bb4738624c4283cf6,Filpa,1566.6,85.5,12,11.4,2020-08-30
2020-09-05,Kards Open #2,bf:5f318206a8e6c511a449d179,0CanadaBear0,1459.9,106.5,5,4.93,2020-08-30
2020-09-05,Kards Open #2,bf:5f318c62af063111a36cedab,aa,1552.7,96.6,8,7.9,2020-08-30
2020-09-05,Kards Open #2,bf:5f31dbda9ab87f2e0c19cd0c,RNGek,1559.9,95.7,8,7.9,2020-08-30
2020-09-05,Kards Open #2,bf:5f31e18d7bd80311ab780bcb,天之子将军,1564.9,103.1,6,5.93,2020-08-30
2020-09-05,Kards Open #2,bf:5f31e6b930b92e118dbc3b00,r3in0r,1410.7,123.0,2,1.97,2020-08-29
2020-09-05,Kards Open #2,bf:5f32224b74a4bd1196ff8e97,yourBRO,1434.0,124.2,2,1.97,2020-08-29
2020-09-05,Kards Open #2,bf:5f32755630b92e118dbc4132,Joeybag0doughnuts,1444.0,129.7,1,0.99,2020-08-29
2020-09-05,Kards Open #2,bf:5f32919a74a4bd1196ff9509,wydsxl,1675.4,92.5,9,8.9,2020-09-05
2020-09-05,Kards Open #2,bf:5f32abe69ab87f2e0c19e0b7,"Oh, Pretty Woman",1305.1,107.9,5,4.94,2020-08-30
2020-09-05,Kards Open #2,bf:5f32b5a5af063111a36d039f,Spartan,1450.9,130.3,1,0.99,2020-08-29
2020-09-05,Kards Open #2,bf:5f32c6147bd80311ab78193f,petriachor,1585.6,95.4,8,7.9,2020-08-30
2020-09-05,Kards Open #2,bf:5f32ca9074a4bd1196ff97d9,Sirbol,1524.4,94.8,8,7.9,2020-08-30
2020-09-05,Kards Open #2,bf:5f32e74430b92e118dbc4866,alan1957,1456.4,130.0,1,0.99,2020-08-29
2020-09-05,Kards Open #2,bf:5f3304e930b92e118dbc4ad6,maxterGIO,1519.8,95.4,8,7.9,2020-08-30
2020-09-05,Kards Open #2,bf:5f3321d98a94d511b1d67c5b,ExpelliarmusA,1584.0,95.8,8,7.9,2020-08-30
2020-09-05,Kards Open #2,bf:5f332d0619fcf2666b2ac60a,comrade nicky,1540.5,117.0,3,2.96,2020-08-29
2020-09-05,Kards Open #2,bf:5f344b7a8a94d511b1d68a96,John™,1418.3,103.6,7,6.91,2020-08-30
2020-09-05,Kards Open #2,bf:5f34d3bdacefe6118a5de444,Ottotheblue,1501.1,96.3,8,7.9,2020-08-30
2020-09-05,Kards Open #2,bf:5f351f60af063111a36d282b,Sadrik,1570.0,96.2,8,7.9,2020-08-30
2020-09-05,Kards Open #2,bf:5f354d22e4876e1184288d58,Ripoff,1485.9,107.1,5,4.93,2020-08-30
2020-09-05,Kards Open #2,bf:5f35946553b8ce11abe62c4d,FRIKAZOID,1470.8,116.4,3,2.96,2020-08-29
2020-09-05,Kards Open #2,bf:5f362c8703dbcc11d58d78e3,Kolbasnik,1614.4,96.3,8,7.9,2020-08-30
2020-09-05,Kards Open #2,bf:5f369b86c897e0119e4ff6f8,PatsenBR,1474.7,99.0,7,6.91,2020-08-30
2020-09-05,Kards Open #2,bf:5f36c30fff2e5911a44a282e,Józef Piłsudski,1413.6,122.9,2,1.97,2020-08-29
2020-09-05,Kards Open #2,bf:5f36cca903dbcc11d58d89d8,Wolnigree,1409.5,122.6,2,1.97,2020-08-29
2020-09-05,Kards Open #2,bf:5f36dc4b98f0a311ad32446c,Zig_Zag,1532.4,96.9,8,7.9,2020-08-30
2020-09-05,Kards Open #2,bf:5f37cf6b6ce6de28d63de407,Ailoyros,1446.2,130.1,1,0.99,2020-08-29
2020-09-05,Kards Open #2,bf:5f3800b06ce6de28d63de960,RicardoTamanini,1404.4,119.7,3,2.96,2020-08-29
2020-09-05,Kards Open #2,bf:5f382e1f33118628f2f56ca7,Dash_ek,1519.7,98.6,7,6.91,2020-08-30
2020-09-05,Kards Open #2,bf:5f38338163cc1128e5f86f97,Brendan,1446.4,96.3,8,7.9,2020-08-30
2020-09-05,Kards Open #2,bf:5f3846d25b41bf2bd0fe2207,Spooky Time,1398.0,119.0,3,2.96,2020-08-29
2020-09-05,Kards Open #2,bf:5f3858c1b83d9d2bb0609265,wdhtu,1479.0,107.5,5,4.93,2020-08-30
2020-09-05,Kards Open #2,bf:5f3a8d53c190e3296d7a1eef,nagymaciii,1423.4,123.5,2,1.97,2020-08-29
2020-09-05,Kards Open #2,bf:5f3a8e2d33118628f2f5a7d5,Goltz,1463.5,130.7,1,0.99,2020-08-29
2020-09-05,Kards Open #2,bf:5f3a8eb4dd76a928dcec9bec,Coronel_Mostarda,1433.0,112.0,4,3.95,2020-08-29
2020-09-05,Kards Open #2,bf:5f3ab4ce63cc1128e5f8a327,DrTacos,1365.6,116.9,3,2.96,2020-08-30
2020-09-05,Kards Open #2,bf:5f3b1ebadd76a928dceca753,ZackXue,1530.6,96.9,8,7.9,2020-08-30
2020-09-05,Kards Open #2,bf:5f3bc9efdbf742295bce0a9d,黑森公爵,1455.2,130.1,1,0.99,2020-08-29
2020-09-05,Kards Open #2,bf:5f3d0646dd76a928dceccb16,Ertugrul Gazi,1529.2,95.8,8,7.9,2020-08-30
2020-09-05,Kards Open #2,bf:5f3d19c7dd76a928dceccbcd,HaxBaba,1544.8,99.5,7,6.91,2020-08-30
2020-09-05,Kards Open #2,bf:5f3d1e45c190e3296d7a4aa5,Barton,1450.8,129.8,1,0.99,2020-08-29
2020-09-05,Kards Open #2,bf:5f3e11a1a3f8871d5075e3d0,Valar,1381.4,105.5,6,5.92,2020-08-30
2020-09-05,Kards Open #2,bf:5f3fbdaeb856d24e0965bbc4,Stluvik,1499.4,108.8,5,4.93,2020-08-30
2020-09-05,Kards Open #2,bf:5f3fc42472caf64e0f2b589c,Shiva's,1615.3,97.6,8,7.9,2020-08-30
2020-09-05,Kards Open #2,bf:5f3ff2e624334d4ac794708e,FearlessFreep2,1492.7,111.4,4,3.95,2020-08-30
2020-09-05,Kards Open #2,bf:5f4022e92736604a195ffbfb,Ol'Red,1395.3,118.3,3,2.96,2020-08-29
2020-09-05,Kards Open #2,bf:5f41a73ee7543f4a0a54f568,Kipahigan,1539.1,99.0,7,6.91,2020-08-30
2020-09-05,Kards Open #2,bf:5f4318d1681ff84ab5ec92f9,Sidecrawler,1461.2,99.4,7,6.91,2020-08-30
2020-09-05,Kards Open #2,bf:5f4536884cbe7961ba1906fa,Zanderson30,1633.2,94.0,9,8.9,2020-09-05
2020-09-05,Kards Open #2,bf:5f4617f7cff9bb4e25c81a49,Daccro,1452.8,116.6,3,2.96,2020-08-29
2020-09-05,Kards Open #2,bf:5f464a379f8a441a7681100e,Grarivier,1569.2,96.2,8,7.9,2020-08-30
2020-09-05,Kards Open #2,bf:5f469fbd9f8a441a768119af,yura,1443.5,130.1,1,0.99,2020-08-29
2020-09-05,Kards Open #2,bf:5f46ff72cff9bb4e25c82ac7,hartmanator1,1477.5,107.3,5,4.94,2020-08-30
2020-09-05,Kards Open #2,bf:5f47aca042aba63789789166,UBCers,1427.3,124.0,2,1.97,2020-08-29
2020-09-05,Kards Open #2,bf:5f48837c34f6ed5f7791f82a,RIBO,1560.1,99.5,7,6.91,2020-08-30
2020-09-05,Kards Open #2,bf:5f4965bb76b8305ffaa36866,Ernst1871,1453.4,126.9,2,1.97,2020-08-29
2020-09-05,Kards Open #2,bf:5f49b691c955654e18759c1e,Ryestye,1566.8,130.2,1,0.99,2020-08-29
2020-09-05,Kards Open #2,bf:5f4a2d8c76b8305ffaa376af,smerch,1451.5,116.5,3,2.96,2020-08-29
2020-09-05,Kards Open #2,bf:5f4a40fd34f6ed5f7792170c,LemonShark,1467.1,99.0,7,6.91,2020-08-30
2020-09-05,Kards Open #2,bf:5f4a66a7629c8b6045fa11b9,Сэм,1468.0,96.5,8,7.9,2020-08-30
2020-11-29,Kards Open #3 - Swiss Weekend,bf:544fd1e1a3aee26f0b100edb,121,1529.7,88.9,13,10.21,2020-08-30
2020-11-29,Kards Open #3 - Swiss Weekend,bf:564e7b5b80b8db4a00c4ff9c,Jking7,1715.3,68.9,27,23.77,2020-11-29
2020-11-29,Kards Open #3 - Swiss Weekend,bf:56bf93a68b6bc7030304a789,Kynio,1495.3,103.9,7,5.5,2020-07-26
2020-11-29,Kards Open #3 - Swiss Weekend,bf:56ed79634fdf9b7e1224dddc,[DB] Praetorian,1574.7,116.9,4,3.14,2020-07-25
2020-11-29,Kards Open #3 - Swiss Weekend,bf:57101bc80b3b0f8312f27ec5,Socialist,1534.1,116.4,3,2.99,2020-11-28
2020-11-29,Kards Open #3 - Swiss Weekend,bf:572751089b61d587125da415,Pad,1558.3,100.3,8,6.29,2020-07-26
2020-11-29,Kards Open #3 - Swiss Weekend,bf:5784f8bcf26da72d0cd20f65,LuckyLuke,1463.6,80.3,17,14.69,2020-11-28
2020-11-29,Kards Open #3 - Swiss Weekend,bf:57a1697c8c3386280ca04b34,batis,1556.4,85.4,15,11.98,2020-11-28
2020-11-29,Kards Open #3 - Swiss Weekend,bf:57b5a7ffabd8181c0cfdf304,CaptainA,1492.3,113.0,5,3.93,2020-07-26
2020-11-29,Kards Open #3 - Swiss Weekend,bf:5931f755f2d1a503331ea51d,Chrisca,1502.2,126.8,2,1.57,2020-07-25
2020-11-29,Kards Open #3 - Swiss Weekend,bf:596dd6d3014e6b033a8a1275,RainZone,1615.2,101.2,8,6.29,2020-07-26
2020-11-29,Kards Open #3 - Swiss Weekend,bf:59b91e3e40985d034416fd27,Isenberg,1483.2,125.7,2,1.57,2020-07-25
2020-11-29,Kards Open #3 - Swiss Weekend,bf:5a4d98c332953903641106de,Freddie,1589.6,78.4,17,15.28,2020-11-29
2020-11-29,Kards Open #3 - Swiss Weekend,bf:5a8879b76c3ac00358830d7c,Benji,1462.5,91.9,9,8.99,2020-11-29
2020-11-29,Kards Open #3 - Swiss Weekend,bf:5ad6b5686a20dd03885fa1d1,Jugador,1521.6,113.2,5,3.93,2020-07-26
2020-11-29,Kards Open #3 - Swiss Weekend,bf:5b0094b93d8b3603b86987cc,Bob the Tomato,1470.1,115.9,4,3.36,2020-08-30
2020-11-29,Kards Open #3 - Swiss Weekend,bf:5b38c676cbd82c03a4f28e8f,doge34,1737.3,79.6,20,16.72,2020-11-28
2020-11-29,Kards Open #3 - Swiss Weekend,bf:5b499abbdbda4803ac64b712,SdCorpse,1545.2,117.2,3,2.99,2020-11-28
2020-11-29,Kards Open #3 - Swiss Weekend,bf:5c3b6b20304450039e51c054,Yorrit,1496.6,94.7,8,7.99,2020-11-29
2020-11-29,Kards Open #3 - Swiss Weekend,bf:5c4dca4fa9f6820352797666,VildeScarz,1572.3,99.8,8,6.72,2020-08-30
2020-11-29,Kards Open #3 - Swiss Weekend,bf:5c834379fdf5df032965d470,Johnny,1529.8,119.8,3,2.36,2020-07-25
2020-11-29,Kards Open #3 - Swiss Weekend,bf:5d0fba42acc6ed329c51837f,Rokeiro,1412.8,122.7,3,2.09,2020-05-23
2020-11-29,Kards Open #3 - Swiss Weekend,bf:5d26bcf5c9bf6055b457dfb5,UkrainianKing,1582.0,86.1,13,11.72,2020-11-29
2020-11-29,Kards Open #3 - Swiss Weekend,bf:5d6bf8a0238bc73c869e6430,Niemand,1414.7,123.4,2,2.0,2020-11-28
2020-11-29,Kards Open #3 - Swiss Weekend,bf:5dff9d39fafe5a70cf39ed01,Time to harsh your buzz!,1418.7,124.5,2,1.68,2020-08-29
2020-11-29,Kards Open #3 - Swiss Weekend,bf:5e055721e0b14c3515213776,sk1091,1471.6,131.9,1,0.84,2020-08-29
2020-11-29,Kards Open #3 - Swiss Weekend,bf:5e7fb8e3d7ce547b37484302,jaja,1523.1,122.9,2,2.0,2020-11-28
2020-11-29,Kards Open #3 - Swiss Weekend,bf:5e9cf8ff72e2961f747c7978,DARKCA5TLE,1472.5,121.0,3,2.41,2020-08-29
2020-11-29,Kards Open #3 - Swiss Weekend,bf:5eb572f0a795290866140381,rdbigdog,1645.1,102.9,7,6.35,2020-11-28
2020-11-29,Kards Open #3 - Swiss Weekend,bf:5eb57d1601b7fd0fe0488f0f,Astral,1500.5,114.6,5,3.49,2020-05-23
2020-11-29,Kards Open #3 - Swiss Weekend,bf:5eb583d54a8bea0acd7ea437,SharkPup,1434.6,126.7,2,1.39,2020-05-23
2020-11-29,Kards Open #3 - Swiss Weekend,bf:5eb598330abb797ad38acaee,NonGMOSalt,1586.4,100.4,8,6.29,2020-07-26
2020-11-29,Kards Open #3 - Swiss Weekend,bf:5eb6495f5d6f1b5d1c5d7d95,kenny,1474.3,114.3,5,3.49,2020-05-23
2020-11-29,Kards Open #3 - Swiss Weekend,bf:5eb65df574f31a11dd226b38,Darkness,1816.4,81.2,23,18.21,2020-09-05
2020-11-29,Kards Open #3 - Swiss Weekend,bf:5eb664dbaefaaf170fa246f1,RookVenturer1313,1480.3,115.3,5,3.48,2020-05-23
2020-11-29,Kards Open #3 - Swiss Weekend,bf:5eb708950fe915528f90abfd,Donald Trump,1504.1,96.3,10,7.51,2020-07-26
2020-11-29,Kards Open #3 - Swiss Weekend,bf:5eb7670e5e789b4b50a06de2,WHEEL3R,1590.5,79.0,20,15.66,2020-08-30
2020-11-29,Kards Open #3 - Swiss Weekend,bf:5ebc5c7aec210a06ae04d4d4,Snefru,1681.9,76.6,22,17.35,2020-09-05
2020-11-29,Kards Open #3 - Swiss Weekend,bf:5ebd8cafb3bec004beff6eff,[AAA] Caps04,1599.9,103.8,7,5.5,2020-07-26
2020-11-29,Kards Open #3 - Swiss Weekend,bf:5ebd9402b92b28521a098ec8,Bubbles,1707.3,86.8,13,11.48,2020-11-29
2020-11-29,Kards Open #3 - Swiss Weekend,bf:5ebe821bdc25e53f4d8c7446,ForeverFox,1432.1,115.0,5,3.48,2020-05-23
2020-11-29,Kards Open #3 - Swiss Weekend,bf:5ebea2fd1eafc755976c161a,Drogear,1658.5,91.5,14,10.61,2020-08-29
2020-11-29,Kards Open #3 - Swiss Weekend,bf:5ebea8a9bfed616b75962b6a,Forgestryker,1576.3,90.0,12,10.24,2020-11-28
2020-11-29,Kards Open #3 - Swiss Weekend,bf:5ec021ae0f25781e0b5f5f43,AlexRises,1456.6,128.5,2,1.39,2020-05-23
2020-11-29,Kards Open #3 - Swiss Weekend,bf:5ec038e2256baa1d38011a05,Vinny,1556.2,88.5,11,10.51,2020-11-29
2020-11-29,Kards Open #3 - Swiss Weekend,bf:5ec14e2baf9b8d5641b7a639,handor95,1414.4,98.2,9,7.48,2020-11-28
2020-11-29,Kards Open #3 - Swiss Weekend,bf:5ec2a6dafd8a561535cde2a5,V0R0N92,1560.1,88.0,12,10.78,2020-11-29
2020-11-29,Kards Open #3 - Swiss Weekend,bf:5ec2ace2fd8a561535cde2e1,MJT,1487.4,124.7,2,1.68,2020-08-29
2020-11-29,Kards Open #3 - Swiss Weekend,bf:5ec2acf9a7330d091e79291a,lucencan,1469.5,93.8,10,8.48,2020-11-28
2020-11-29,Kards Open #3 - Swiss Weekend,bf:5ec2c1da0a4e405c2332e640,Chip-Filled Adam,1603.9,86.7,13,11.78,2020-11-29
2020-11-29,Kards Open #3 - Swiss Weekend,bf:5ec2f8632e7fb7357e7c8077,SCARED MOKEY,1516.8,94.6,10,8.29,2020-11-28
2020-11-29,Kards Open #3 - Swiss Weekend,bf:5ec3fe380be5fa28e9946104,Sertma,1470.6,132.5,1,0.7,2020-05-23
2020-11-29,Kards Open #3 - Swiss Weekend,bf:5ec442d3b2f357511fcbf34a,skzeman,1585.9,114.5,5,3.49,2020-05-23
2020-11-29,Kards Open #3 - Swiss Weekend,bf:5ec44a4894993372f10699b1,Adrián7,1468.2,132.0,1,0.79,2020-07-25
2020-11-29,Kards Open #3 - Swiss Weekend,bf:5ec4df5bde56fb470634c5fa,barboza,1465.5,130.1,2,1.39,2020-05-23
2020-11-29,Kards Open #3 - Swiss Weekend,bf:5ec57fff74214e1748e43f56,dasolli,1463.9,98.3,7,6.99,2020-11-29
2020-11-29,Kards Open #3 - Swiss Weekend,bf:5ec7d675f5d9bf6412138238,Hahn,1516.6,117.5,4,2.79,2020-05-23
2020-11-29,Kards Open #3 - Swiss Weekend,bf:5ec99a6d5cb5d5345c7fdf7c,AriBigBehn,1697.0,79.3,19,15.78,2020-11-28
2020-11-29,Kards Open #3 - Swiss Weekend,bf:5ee6c5f92764fc7a784c6f9e,BirdLaw,1445.0,88.5,13,10.6,2020-08-30
2020-11-29,Kards Open #3 - Swiss Weekend,bf:5eeb9c3d19b81239da9496cb,Kosaroli,1582.0,95.0,8,7.99,2020-11-29
2020-11-29,Kards Open #3 - Swiss Weekend,bf:5f0cbd1969a363414a64af57,agent_182,1547.9,120.1,3,2.36,2020-07-25
2020-11-29,Kards Open #3 - Swiss Weekend,bf:5f0cd40c3087a65e039603f4,wild_eyes,1597.4,69.6,24,21.22,2020-11-29
2020-11-29,Kards Open #3 - Swiss Weekend,bf:5f0cf3becbf20c490eb4fa7d,T0M,1516.7,113.1,5,3.93,2020-07-26
2020-11-29,Kards Open #3 - Swiss Weekend,bf:5f0d81380ffa0b49d9f58c5c,Nerf,1643.9,101.0,8,6.29,2020-07-26
2020-11-29,Kards Open #3 - Swiss Weekend,bf:5f0d9e4785aa4e37e911463c,You Need Jesus Christ,1417.7,125.5,2,1.57,2020-07-25
2020-11-29,Kards Open #3 - Swiss Weekend,bf:5f0dad9ac47339351f7f742f,RipperJim,1456.9,116.5,3,2.99,2020-11-28
2020-11-29,Kards Open #3 - Swiss Weekend,bf:5f0db8236f4cd1393325784f,Hazeltails,1549.3,104.1,7,5.5,2020-07-26
2020-11-29,Kards Open #3 - Swiss Weekend,bf:5f0dc882f26046593189ba9f,SALUTE06,1481.8,133.7,1,0.79,2020-07-25
2020-11-29,Kards Open #3 - Swiss Weekend,bf:5f0de85b7c5e104738aeb5a8,benc,1562.7,100.4,8,6.29,2020-07-26
2020-11-29,Kards Open #3 - Swiss Weekend,bf:5f0df84e824086475be264b7,Terror_de,1616.8,74.5,21,18.0,2020-11-28
2020-11-29,Kards Open #3 - Swiss Weekend,bf:5f0df9d07c4df3491abfc797,RMISE,1448.2,127.4,2,1.57,2020-07-25
2020-11-29,Kards Open #3 - Swiss Weekend,bf:5f0dfb2c7c4df3491abfc7a6,zhen,1624.8,101.0,8,6.29,2020-07-26
2020-11-29,Kards Open #3 - Swiss Weekend,bf:5f0e1a20c47339351f7f7b34,Ouchmaster,1504.5,115.0,4,3.14,2020-07-26
2020-11-29,Kards Open #3 - Swiss Weekend,bf:5f0e248def3ab65b96796c3f,frenchcook,1636.8,99.1,8,6.72,2020-08-30
2020-11-29,Kards Open #3 - Swiss Weekend,bf:5f0e37b37c5e104738aebbe3,toDIEisGAIN,1698.9,70.1,26,22.85,2020-11-29
2020-11-29,Kards Open #3 - Swiss Weekend,bf:5f0e76497c4df3491abfd06c,rocksopimppo,1513.0,104.2,7,5.5,2020-07-26
2020-11-29,Kards Open #3 - Swiss Weekend,bf:5f0eab817c4df3491abfd2e6,hilmank,1459.7,101.8,7,5.88,2020-08-30
2020-11-29,Kards Open #3 - Swiss Weekend,bf:5f0f22cb85aa4e37e9115bb4,madisek,1496.1,125.2,2,1.57,2020-07-25
2020-11-29,Kards Open #3 - Swiss Weekend,bf:5f0f2f19ef3ab65b96797ada,kramedogg,1481.9,88.6,13,10.49,2020-08-30
2020-11-29,Kards Open #3 - Swiss Weekend,bf:5f0f3d9e7c4df3491abfe047,Snooginz,1488.3,81.6,15,13.72,2020-11-29
2020-11-29,Kards Open #3 - Swiss Weekend,bf:5f0f54427c4df3491abfe274,djdado,1467.1,131.6,1,0.84,2020-08-29
2020-11-29,Kards Open #3 - Swiss Weekend,bf:5f0fb7319d4b3024dce6f17b,The_Advocator,1449.5,101.0,8,6.29,2020-07-26
2020-11-29,Kards Open #3 - Swiss Weekend,bf:5f101bc2eea71b24bc30c50e,Hubblebub,1427.3,125.1,2,1.68,2020-08-29
2020-11-29,Kards Open #3 - Swiss Weekend,bf:5f102c329d4b3024dce6f5dd,Malovato_Budet,1476.0,92.3,11,8.86,2020-08-29
2020-11-29,Kards Open #3 - Swiss Weekend,bf:5f103df2eac9482569fb2922,phasermind,1530.6,101.2,8,6.29,2020-07-26
2020-11-29,Kards Open #3 - Swiss Weekend,bf:5f105658eac9482569fb2be4,张大彪,1611.1,93.1,10,8.72,2020-11-28
2020-11-29,Kards Open #3 - Swiss Weekend,bf:5f10783cc08d9224ce50f95f,bob42,1506.0,101.4,8,6.29,2020-07-26
2020-11-29,Kards Open #3 - Swiss Weekend,bf:5f10825feac9482569fb2e81,SquareGrouper,1334.6,87.3,13,11.71,2020-11-29
2020-11-29,Kards Open #3 - Swiss Weekend,bf:5f1086f1160c3f2239e9225b,lt.blueberry,1344.6,89.8,13,10.55,2020-08-30
2020-11-29,Kards Open #3 - Swiss Weekend,bf:5f109d917a5f692572240090,John_Px,1637.5,95.2,8,7.99,2020-11-29
2020-11-29,Kards Open #3 - Swiss Weekend,bf:5f10c966160c3f2239e92921,ColdCarl,1570.0,95.5,8,7.99,2020-11-29
2020-11-29,Kards Open #3 - Swiss Weekend,bf:5f112ee3eac9482569fb3ee6,Pert,1546.8,103.1,8,6.29,2020-07-26
2020-11-29,Kards Open #3 - Swiss Weekend,bf:5f11d03df7c29f223fd624f2,Groddur,1452.1,116.3,3,2.99,2020-11-28
2020-11-29,Kards Open #3 - Swiss Weekend,bf:5f11d0b0eea71b24bc30e84a,BUCKY,1497.8,99.0,8,6.72,2020-08-30
2020-11-29,Kards Open #3 - Swiss Weekend,bf:5f11d247160c3f2239e940a4,LuckySpike,1665.2,84.8,16,13.01,2020-08-30
2020-11-29,Kards Open #3 - Swiss Weekend,bf:5f11e4c6160c3f2239e941f5,trevorj,1475.5,115.9,4,3.14,2020-07-25
2020-11-29,Kards Open #3 - Swiss Weekend,bf:5f11e67d85fecb25631448a0,yufzsy,1713.5,79.3,20,17.0,2020-11-28
2020-11-29,Kards Open #3 - Swiss Weekend,bf:5f11ef33160c3f2239e942b2,Starkiller30001,1430.2,115.0,4,3.14,2020-07-25
2020-11-29,Kards Open #3 - Swiss Weekend,bf:5f11ff268b375222593350d0,Lobby Boy Lettuce,1441.1,116.3,4,3.14,2020-07-25
2020-11-29,Kards Open #3 - Swiss Weekend,bf:5f11ff2ec08d9224ce511d19,Dangerexx,1392.5,101.7,8,6.29,2020-07-26
2020-11-29,Kards Open #3 - Swiss Weekend,bf:5f11ff59eea71b24bc30ee0c,Hyo,1422.6,76.5,20,17.0,2020-11-28
2020-11-29,Kards Open #3 - Swiss Weekend,bf:5f11ffc4eac9482569fb4f49,MrNejcKing,1384.4,117.2,4,3.14,2020-07-26
2020-11-29,Kards Open #3 - Swiss Weekend,bf:5f121b05d04bae257fc1a263,biasedeyes,1432.9,112.2,5,3.93,2020-07-26
2020-11-29,Kards Open #3 - Swiss Weekend,bf:5f1220b9b4738624c4273900,KEV1NJ,1546.0,104.9,7,5.5,2020-07-26
2020-11-29,Kards Open #3 - Swiss Weekend,bf:5f12273babfcb016362ad1d0,beeman,1310.4,90.5,14,11.39,2020-08-30
2020-11-29,Kards Open #3 - Swiss Weekend,bf:5f1229f9cf4549174336fefe,JSL112,1465.2,131.9,1,0.79,2020-07-25
2020-11-29,Kards Open #3 - Swiss Weekend,bf:5f122bf8b4738624c4273b13,VLTØR,1404.1,122.8,2,2.0,2020-11-28
2020-11-29,Kards Open #3 - Swiss Weekend,bf:5f1240f24a28711494f1b3aa,CaptainTchaikovsky,1482.4,115.8,4,3.14,2020-07-25
2020-11-29,Kards Open #3 - Swiss Weekend,bf:5f12771889520148edf780af,mbilsel,1581.9,82.8,16,13.01,2020-08-30
2020-11-29,Kards Open #3 - Swiss Weekend,bf:5f1281edb4738624c42745af,ptreey,1423.8,106.7,6,4.72,2020-07-26
2020-11-29,Kards Open #3 - Swiss Weekend,bf:5f12bb564a28711494f1bd8d,NeriUwU,1330.4,93.8,12,9.71,2020-08-30
2020-11-29,Kards Open #3 - Swiss Weekend,bf:5f12c35f8b375222593364f0,xareh90,1520.8,100.4,8,6.29,2020-07-26
2020-11-29,Kards Open #3 - Swiss Weekend,bf:5f12da838b375222593365f7,Burremans,1433.8,126.0,2,1.57,2020-07-25
2020-11-29,Kards Open #3 - Swiss Weekend,bf:5f12f0881c8cdf16056f6224,RaPaulke,1429.9,126.2,2,1.57,2020-07-25
2020-11-29,Kards Open #3 - Swiss Weekend,bf:5f12f0c3abfcb016362ae526,mon.mgs,1458.6,131.3,1,0.79,2020-07-25
2020-11-29,Kards Open #3 - Swiss Weekend,bf:5f130139f7c29f223fd64290,fenrir,1546.8,94.2,10,8.29,2020-11-28
2020-11-29,Kards Open #3 - Swiss Weekend,bf:5f13328d77697711a235a704,TomatoMato,1555.5,101.1,8,6.29,2020-07-26
2020-11-29,Kards Open #3 - Swiss Weekend,bf:5f13952ceea71b24bc312529,Limitless Beast,1360.2,115.7,4,3.14,2020-07-25
2020-11-29,Kards Open #3 - Swiss Weekend,bf:5f13f8f0381ccb11abfed78c,Behemothus,1498.6,83.9,15,12.23,2020-08-30
2020-11-29,Kards Open #3 - Swiss Weekend,bf:5f13fc452cba8f11c2a4298c,DarkMatterYT,1485.7,125.4,2,1.57,2020-07-25
2020-11-29,Kards Open #3 - Swiss Weekend,bf:5f140b7f1c8cdf16056f833c,foreverlimon,1543.9,104.3,7,5.5,2020-07-26
2020-11-29,Kards Open #3 - Swiss Weekend,bf:5f140c57341d821185ca56df,BarndoorRoge,1518.1,110.0,5,4.09,2020-08-29
2020-11-29,Kards Open #3 - Swiss Weekend,bf:5f140d9bbcbe32117ff6b7e7,Snakii0,1417.6,110.9,5,4.09,2020-08-29
2020-11-29,Kards Open #3 - Swiss Weekend,bf:5f140ea9b4738624c4277d71,Heist,1445.1,103.8,7,5.5,2020-07-26
2020-11-29,Kards Open #3 - Swiss Weekend,bf:5f14582a341d821185ca59e8,TheStray,1477.0,101.8,8,6.29,2020-07-26
2020-11-29,Kards Open #3 - Swiss Weekend,bf:5f145d63b4738624c4278122,Jotora,1565.4,101.1,8,6.29,2020-07-26
2020-11-29,Kards Open #3 - Swiss Weekend,bf:5f148273cd3934118e03b196,Shaemas,1477.0,84.4,15,12.17,2020-08-30
2020-11-29,Kards Open #3 - Swiss Weekend,bf:5f14e99eea159211b4c99eab,Jacob,1379.4,101.4,8,6.29,2020-07-26
2020-11-29,Kards Open #3 - Swiss Weekend,bf:5f1520542cba8f11c2a44c16,DarkMist,1455.2,92.7,11,9.5,2020-11-29
2020-11-29,Kards Open #3 - Swiss Weekend,bf:5f153751eea71b24bc31458b,VLAD420,1439.9,101.0,8,6.29,2020-07-26
2020-11-29,Kards Open #3 - Swiss Weekend,bf:5f1539bacfac0e373c6166ce,donigi,1473.3,82.7,16,13.01,2020-08-30
2020-11-29,Kards Open #3 - Swiss Weekend,bf:5f155f3577697711a235e552,total,1479.4,133.1,1,0.84,2020-08-29
2020-11-29,Kards Open #3 - Swiss Weekend,bf:5f1566b0341d821185ca734b,Юрий,1467.6,104.1,7,5.5,2020-07-26
2020-11-29,Kards Open #3 - Swiss Weekend,bf:5f156d9fb4738624c42798e8,Evilmunki,1410.0,103.6,7,5.5,2020-07-26
2020-11-29,Kards Open #3 - Swiss Weekend,bf:5f15827677697711a235e95c,ACOG,1479.3,133.2,1,0.79,2020-07-25
2020-11-29,Kards Open #3 - Swiss Weekend,bf:5f15a9d0cfac0e373c616a81,gteacher12 (cst),1366.3,116.0,4,3.14,2020-07-26
2020-11-29,Kards Open #3 - Swiss Weekend,bf:5f1660782cba8f11c2a45e9c,Lolofy44,1531.2,79.3,17,15.01,2020-11-29
2020-11-29,Kards Open #3 - Swiss Weekend,bf:5f169f65bcbe32117ff6eb42,Lykas_OMES,1504.6,99.0,8,6.72,2020-08-30
2020-11-29,Kards Open #3 - Swiss Weekend,bf:5f176280381ccb11abff191f,terminetorK56,1483.8,102.1,7,5.88,2020-08-30
2020-11-29,Kards Open #3 - Swiss Weekend,bf:5f17d573bcbe32117ff6fd03,Vitaly Gorbunov,1463.2,131.7,1,0.79,2020-07-25
2020-11-29,Kards Open #3 - Swiss Weekend,bf:5f17ef0fcfac0e373c6190c4,[REDi]1R COL ANZAC_Ace,1464.3,119.3,3,2.36,2020-07-25
2020-11-29,Kards Open #3 - Swiss Weekend,bf:5f19119cb4738624c427e33c,SA-GR,1413.4,104.6,7,5.5,2020-07-26
2020-11-29,Kards Open #3 - Swiss Weekend,bf:5f193071cfac0e373c61a11b,PetitPoney,1529.8,111.4,5,4.04,2020-08-29
2020-11-29,Kards Open #3 - Swiss Weekend,bf:5f1a8cc8b4738624c42817ef,Tigerkater,1476.1,105.6,7,5.5,2020-07-26
2020-11-29,Kards Open #3 - Swiss Weekend,bf:5f1b1546b4738624c4282183,Skunk,1367.0,101.1,8,6.29,2020-07-26
2020-11-29,Kards Open #3 - Swiss Weekend,bf:5f1b3f1b08ac6c1dd4d6bb23,brienoconan,1536.4,120.9,3,2.36,2020-07-25
2020-11-29,Kards Open #3 - Swiss Weekend,bf:5f1b48d1abfcb016362ba48e,Berni de Balle,1531.5,73.3,22,19.17,2020-11-29
2020-11-29,Kards Open #3 - Swiss Weekend,bf:5f1b9f20a73922196c802448,Gamesite,1460.7,111.4,5,3.93,2020-07-26
2020-11-29,Kards Open #3 - Swiss Weekend,bf:5f1bad8bb4738624c4283cf6,Filpa,1566.3,89.6,12,9.7,2020-08-30
2020-11-29,Kards Open #3 - Swiss Weekend,bf:5f318206a8e6c511a449d179,0CanadaBear0,1460.2,109.3,5,4.2,2020-08-30
2020-11-29,Kards Open #3 - Swiss Weekend,bf:5f318c62af063111a36cedab,aa,1553.6,100.1,8,6.72,2020-08-30
2020-11-29,Kards Open #3 - Swiss Weekend,bf:5f31dbda9ab87f2e0c19cd0c,RNGek,1584.0,79.5,16,14.71,2020-11-29
2020-11-29,Kards Open #3 - Swiss Weekend,bf:5f31e18d7bd80311ab780bcb,天之子将军,1559.9,106.6,6,5.04,2020-08-30
2020-11-29,Kards Open #3 - Swiss Weekend,bf:5f31e6b930b92e118dbc3b00,r3in0r,1422.0,124.9,2,1.68,2020-08-29
2020-11-29,Kards Open #3 - Swiss Weekend,bf:5f32224b74a4bd1196ff8e97,yourBRO,1425.7,100.8,7,6.67,2020-11-28
2020-11-29,Kards Open #3 - Swiss Weekend,bf:5f323b2daf063111a36cffab,chmy426,1596.3,110.9,4,3.99,2020-11-28
2020-11-29,Kards Open #3 - Swiss Weekend,bf:5f32755630b92e118dbc4132,Joeybag0doughnuts,1452.4,130.9,1,0.84,2020-08-29
2020-11-29,Kards Open #3 - Swiss Weekend,bf:5f32919a74a4bd1196ff9509,wydsxl,1656.5,96.2,9,7.57,2020-09-05
2020-11-29,Kards Open #3 - Swiss Weekend,bf:5f32abe69ab87f2e0c19e0b7,"Oh, Pretty Woman",1327.1,110.7,5,4.2,2020-08-30
2020-11-29,Kards Open #3 - Swiss Weekend,bf:5f32b5a5af063111a36d039f,Spartan,1457.4,131.4,1,0.84,2020-08-29
2020-11-29,Kards Open #3 - Swiss Weekend,bf:5f32c6147bd80311ab78193f,petriachor,1634.9,81.8,15,13.71,2020-11-29
2020-11-29,Kards Open #3 - Swiss Weekend,bf:5f32ca9074a4bd1196ff97d9,Sirbol,1522.0,98.5,8,6.72,2020-08-30
2020-11-29,Kards Open #3 - Swiss Weekend,bf:5f32e74430b92e118dbc4866,alan1957,1462.3,131.2,1,0.84,2020-08-29
2020-11-29,Kards Open #3 - Swiss Weekend,bf:5f32f48419fcf2666b2abff1,kowalski,1647.3,96.4,8,7.99,2020-11-29
2020-11-29,Kards Open #3 - Swiss Weekend,bf:5f3304e930b92e118dbc4ad6,maxterGIO,1518.3,99.0,8,6.72,2020-08-30
2020-11-29,Kards Open #3 - Swiss Weekend,bf:5f3321d98a94d511b1d67c5b,ExpelliarmusA,1581.7,98.8,8,6.72,2020-08-30
2020-11-29,Kards Open #3 - Swiss Weekend,bf:5f332d0619fcf2666b2ac60a,comrade nicky,1537.2,119.3,3,2.52,2020-08-29
2020-11-29,Kards Open #3 - Swiss Weekend,bf:5f344b7a8a94d511b1d68a96,John™,1433.5,106.2,7,5.88,2020-08-30
2020-11-29,Kards Open #3 - Swiss Weekend,bf:5f34d3bdacefe6118a5de444,Ottotheblue,1465.6,77.6,17,15.71,2020-11-29
2020-11-29,Kards Open #3 - Swiss Weekend,bf:5f351f60af063111a36d282b,Sadrik,1574.1,98.9,8,6.72,2020-08-30
2020-11-29,Kards Open #3 - Swiss Weekend,bf:5f354d22e4876e1184288d58,Ripoff,1551.5,89.1,11,10.19,2020-11-29
2020-11-29,Kards Open #3 - Swiss Weekend,bf:5f35946553b8ce11abe62c4d,FRIKAZOID,1477.2,119.1,3,2.52,2020-08-29
2020-11-29,Kards Open #3 - Swiss Weekend,bf:5f362c8703dbcc11d58d78e3,Kolbasnik,1615.7,79.4,16,14.71,2020-11-29
2020-11-29,Kards Open #3 - Swiss Weekend,bf:5f369b86c897e0119e4ff6f8,PatsenBR,1475.8,102.3,7,5.88,2020-08-30
2020-11-29,Kards Open #3 - Swiss Weekend,bf:5f36c30fff2e5911a44a282e,Józef Piłsudski,1422.1,124.8,2,1.68,2020-08-29
2020-11-29,Kards Open #3 - Swiss Weekend,bf:5f36cca903dbcc11d58d89d8,Wolnigree,1421.3,124.5,2,1.68,2020-08-29
2020-11-29,Kards Open #3 - Swiss Weekend,bf:5f36dc4b98f0a311ad32446c,Zig_Zag,1537.8,100.1,8,6.72,2020-08-30
2020-11-29,Kards Open #3 - Swiss Weekend,bf:5f37cf6b6ce6de28d63de407,Ailoyros,1453.6,131.2,1,0.84,2020-08-29
2020-11-29,Kards Open #3 - Swiss Weekend,bf:5f3800b06ce6de28d63de960,RicardoTamanini,1414.3,121.5,3,2.52,2020-08-29
2020-11-29,Kards Open #3 - Swiss Weekend,bf:5f382e1f33118628f2f56ca7,Dash_ek,1525.3,102.0,7,5.88,2020-08-30
2020-11-29,Kards Open #3 - Swiss Weekend,bf:5f38338163cc1128e5f86f97,Brendan,1454.0,99.7,8,6.72,2020-08-30
2020-11-29,Kards Open #3 - Swiss Weekend,bf:5f3846d25b41bf2bd0fe2207,Spooky Time,1409.2,120.9,3,2.52,2020-08-29
2020-11-29,Kards Open #3 - Swiss Weekend,bf:5f3858c1b83d9d2bb0609265,wdhtu,1480.9,110.5,5,4.2,2020-08-30
2020-11-29,Kards Open #3 - Swiss Weekend,bf:5f3a8d53c190e3296d7a1eef,nagymaciii,1432.6,125.2,2,1.68,2020-08-29
2020-11-29,Kards Open #3 - Swiss Weekend,bf:5f3a8e2d33118628f2f5a7d5,Goltz,1468.1,131.7,1,0.84,2020-08-29
2020-11-29,Kards Open #3 - Swiss Weekend,bf:5f3a8eb4dd76a928dcec9bec,Coronel_Mostarda,1440.8,114.7,4,3.36,2020-08-29
2020-11-29,Kards Open #3 - Swiss Weekend,bf:5f3ab4ce63cc1128e5f8a327,DrTacos,1382.2,119.3,3,2.52,2020-08-30
2020-11-29,Kards Open #3 - Swiss Weekend,bf:5f3b1ebadd76a928dceca753,ZackXue,1525.3,100.4,8,6.72,2020-08-30
2020-11-29,Kards Open #3 - Swiss Weekend,bf:5f3bc9efdbf742295bce0a9d,黑森公爵,1461.0,131.2,1,0.84,2020-08-29
2020-11-29,Kards Open #3 - Swiss Weekend,bf:5f3bcb62c190e3296d7a2cd2,abandon,1499.3,123.1,2,2.0,2020-11-28
2020-11-29,Kards Open #3 - Swiss Weekend,bf:5f3d0646dd76a928dceccb16,Ertugrul Gazi,1532.9,99.2,8,6.72,2020-08-30
2020-11-29,Kards Open #3 - Swiss Weekend,bf:5f3d19c7dd76a928dceccbcd,HaxBaba,1550.2,103.5,7,5.88,2020-08-30
2020-11-29,Kards Open #3 - Swiss Weekend,bf:5f3d1e45c190e3296d7a4aa5,Barton,1462.4,131.1,1,0.84,2020-08-29
2020-11-29,Kards Open #3 - Swiss Weekend,bf:5f3e11a1a3f8871d5075e3d0,Valar,1393.0,108.2,6,5.04,2020-08-30
2020-11-29,Kards Open #3 - Swiss Weekend,bf:5f3fbdaeb856d24e0965bbc4,Stluvik,1511.6,112.2,5,4.2,2020-08-30
2020-11-29,Kards Open #3 - Swiss Weekend,bf:5f3fc42472caf64e0f2b589c,Shiva's,1644.6,90.0,12,10.71,2020-11-28
2020-11-29,Kards Open #3 - Swiss Weekend,bf:5f3ff2e624334d4ac794708e,FearlessFreep2,1499.2,114.5,4,3.36,2020-08-30
2020-11-29,Kards Open #3 - Swiss Weekend,bf:5f4022e92736604a195ffbfb,Ol'Red,1407.0,120.4,3,2.52,2020-08-29
2020-11-29,Kards Open #3 - Swiss Weekend,bf:5f404839cabbdc4a26620899,sNapple,1387.9,117.7,3,2.99,2020-11-28
2020-11-29,Kards Open #3 - Swiss Weekend,bf:5f41a73ee7543f4a0a54f568,Kipahigan,1540.8,102.2,7,5.88,2020-08-30
2020-11-29,Kards Open #3 - Swiss Weekend,bf:5f4318d1681ff84ab5ec92f9,Sidecrawler,1539.8,81.5,15,13.87,2020-11-29
2020-11-29,Kards Open #3 - Swiss Weekend,bf:5f4536884cbe7961ba1906fa,Zanderson30,1618.5,97.3,9,7.57,2020-09-05
2020-11-29,Kards Open #3 - Swiss Weekend,bf:5f4617f7cff9bb4e25c81a49,Daccro,1455.2,118.8,3,2.52,2020-08-29
2020-11-29,Kards Open #3 - Swiss Weekend,bf:5f464a379f8a441a7681100e,Grarivier,1567.6,99.6,8,6.72,2020-08-30
2020-11-29,Kards Open #3 - Swiss Weekend,bf:5f469fbd9f8a441a768119af,yura,1451.9,131.2,1,0.84,2020-08-29
2020-11-29,Kards Open #3 - Swiss Weekend,bf:5f46ff72cff9bb4e25c82ac7,hartmanator1,1537.5,82.1,14,13.19,2020-11-29
2020-11-29,Kards Open #3 - Swiss Weekend,bf:5f47aca042aba63789789166,UBCers,1435.3,125.6,2,1.68,2020-08-29
2020-11-29,Kards Open #3 - Swiss Weekend,bf:5f48837c34f6ed5f7791f82a,RIBO,1558.9,103.2,7,5.88,2020-08-30
2020-11-29,Kards Open #3 - Swiss Weekend,bf:5f4965bb76b8305ffaa36866,Ernst1871,1496.1,88.3,11,10.67,2020-11-29
2020-11-29,Kards Open #3 - Swiss Weekend,bf:5f49b691c955654e18759c1e,Ryestye,1557.2,131.4,1,0.84,2020-08-29
2020-11-29,Kards Open #3 - Swiss Weekend,bf:5f4a2d8c76b8305ffaa376af,smerch,1464.2,119.1,3,2.52,2020-08-29
2020-11-29,Kards Open #3 - Swiss Weekend,bf:5f4a40fd34f6ed5f7792170c,LemonShark,1477.1,102.9,7,5.88,2020-08-30
2020-11-29,Kards Open #3 - Swiss Weekend,bf:5f4a66a7629c8b6045fa11b9,Сэм,1471.7,99.9,8,6.72,2020-08-30
2020-11-29,Kards Open #3 - Swiss Weekend,bf:5fa1ee84f8fc171ea9f66554,El Chickenrice,1659.6,95.3,8,7.99,2020-11-29
2020-11-29,Kards Open #3 - Swiss Weekend,bf:5fa2011d11743771ade90dee,testo,1703.8,95.4,9,8.99,2020-11-29
2020-11-29,Kards Open #3 - Swiss Weekend,bf:5fa27bfdf8fc171ea9f66924,CalinBZ,1569.1,113.6,4,3.99,2020-11-28
2020-11-29,Kards Open #3 - Swiss Weekend,bf:5fa2928f11743771ade9128e,Ax,1510.5,122.5,2,2.0,2020-11-28
2020-11-29,Kards Open #3 - Swiss Weekend,bf:5fa2992ef8fc171ea9f66a3e,犹似深闺梦中人,1555.6,106.2,5,4.99,2020-11-28
2020-11-29,Kards Open #3 - Swiss Weekend,bf:5fa2d1356b9c704abc3f86e4,MoncherFrag,1470.2,107.5,5,4.99,2020-11-28
2020-11-29,Kards Open #3 - Swiss Weekend,bf:5fa3973bf8fc171ea9f68255,辉辉呀,1468.3,116.7,3,2.99,2020-11-28
2020-11-29,Kards Open #3 - Swiss Weekend,bf:5fa3da8e11743771ade92018,Spooz,1663.2,93.2,9,8.99,2020-11-29
2020-11-29,Kards Open #3 - Swiss Weekend,bf:5fa3e36b6b9c704abc3f92a0,bruki,1509.5,123.6,2,2.0,2020-11-28
2020-11-29,Kards Open #3 - Swiss Weekend,bf:5fa4097911743771ade92145,David Lynch,1466.4,130.9,1,1.0,2020-11-28
2020-11-29,Kards Open #3 - Swiss Weekend,bf:5fa530563f52763256b7593d,Civlj,1503.5,122.2,2,2.0,2020-11-28
2020-11-29,Kards Open #3 - Swiss Weekend,bf:5fa5397c241d875936d2c2f2,Vadim,1572.1,95.9,8,7.99,2020-11-29
2020-11-29,Kards Open #3 - Swiss Weekend,bf:5fa57306cc28b3594394b946,Liszt,1562.8,112.7,4,3.99,2020-11-28
2020-11-29,Kards Open #3 - Swiss Weekend,bf:5fa5ede611743771ade94108,comtruise,1556.7,117.6,3,2.99,2020-11-28
2020-11-29,Kards Open #3 - Swiss Weekend,bf:5fafaf199a9e750ea663a8e3,发牌员没马,1507.9,123.4,2,2.0,2020-11-28
2020-11-29,Kards Open #3 - Swiss Weekend,bf:5fafe4c9eb92fe0475436826,TheMiltonBradley,1521.6,91.5,9,8.99,2020-11-29
2020-11-29,Kards Open #3 - Swiss Weekend,bf:5fafe7dfe7d89a60d43336cc,Primal,1421.0,123.8,2,2.0,2020-11-28
2020-11-29,Kards Open #3 - Swiss Weekend,bf:5fafeec6e7d89a60d4333722,wodandos,1442.1,116.3,3,2.99,2020-11-28
2020-11-29,Kards Open #3 - Swiss Weekend,bf:5faff24f698db1048d26b032,Stenli72,1469.8,98.5,7,6.99,2020-11-29
2020-11-29,Kards Open #3 - Swiss Weekend,bf:5faffa8a502b9e587d1b7c3e,"Alexandre ""Mainovski"" Mainaud",1427.2,111.8,4,3.99,2020-11-28
2020-11-29,Kards Open #3 - Swiss Weekend,bf:5faffbe71632970e916b602a,xceroks,1427.2,130.5,1,1.0,2020-11-28
2020-11-29,Kards Open #3 - Swiss Weekend,bf:5fb026c1502b9e587d1b838d,Anklestina,1496.6,110.8,4,3.99,2020-11-28
2020-11-29,Kards Open #3 - Swiss Weekend,bf:5fb02943698db1048d26b9cd,Bison,1582.1,95.1,8,7.99,2020-11-29
2020-11-29,Kards Open #3 - Swiss Weekend,bf:5fb02c08698db1048d26ba0d,VReznov2137,1459.7,130.3,1,1.0,2020-11-28
2020-11-29,Kards Open #3 - Swiss Weekend,bf:5fb032ea502b9e587d1b85eb,Secret Deadbeat,1612.4,118.4,3,2.99,2020-11-28
2020-11-29,Kards Open #3 - Swiss Weekend,bf:5fb035bf502b9e587d1b8643,Annki,1379.7,117.9,3,2.99,2020-11-28
2020-11-29,Kards Open #3 - Swiss Weekend,bf:5fb051789a9e750ea663bb88,Khal Drogo,1487.2,117.3,3,2.99,2020-11-28
2020-11-29,Kards Open #3 - Swiss Weekend,bf:5fb0b189f07fad440734d338,IWS2000,1407.1,93.1,9,8.99,2020-11-29
2020-11-29,Kards Open #3 - Swiss Weekend,bf:5fb0d42e9a9e750ea663c3fc,[V_M]_MorS_{B},1628.7,96.6,8,7.99,2020-11-29
2020-11-29,Kards Open #3 - Swiss Weekend,bf:5fb0e0020c8f110e8a8bf3f2,Krieger,1447.5,130.1,1,1.0,2020-11-28
2020-11-29,Kards Open #3 - Swiss Weekend,bf:5fb0ee1e698db1048d26c5af,Eirik II,1383.0,95.8,8,7.99,2020-11-29
2020-11-29,Kards Open #3 - Swiss Weekend,bf:5fb0eee19a9e750ea663c435,player1,1513.0,95.0,8,7.99,2020-11-29
2020-11-29,Kards Open #3 - Swiss Weekend,bf:5fb0f0121632970e916b7856,panzer_398,1384.1,106.9,5,4.99,2020-11-29
2020-11-29,Kards Open #3 - Swiss Weekend,bf:5fb110bd698db1048d26c5f6,Aksara,1552.3,102.9,6,5.99,2020-11-29
2020-11-29,Kards Open #3 - Swiss Weekend,bf:5fb1143e502b9e587d1b94dc,KillerQueenS,1425.1,124.7,2,2.0,2020-11-28
2020-11-29,Kards Open #3 - Swiss Weekend,bf:5fb1184c0c8f110e8a8bf660,only_,1534.7,112.5,4,3.99,2020-11-28
2020-11-29,Kards Open #3 - Swiss Weekend,bf:5fb1316c502b9e587d1b95e6,Bartkopolus123,1438.4,129.9,1,1.0,2020-11-28
2020-11-29,Kards Open #3 - Swiss Weekend,bf:5fb18ed99a9e750ea663cd33,Vitzekk,1565.9,107.3,5,4.99,2020-11-29
2020-11-29,Kards Open #3 - Swiss Weekend,bf:5fb1a2cb5caa4f5e4bc80d56,SpaceCowboy,1438.7,125.0,2,2.0,2020-11-28
2020-11-29,Kards Open #3 - Swiss Weekend,bf:5fb1bf581632970e916b85be,nolans34,1587.1,92.7,9,8.99,2020-11-29
2020-11-29,Kards Open #3 - Swiss Weekend,bf:5fb1cbe45caa4f5e4bc81377,Beefy 109,1561.2,125.0,2,2.0,2020-11-28
2020-11-29,Kards Open #3 - Swiss Weekend,bf:5fb1cc6ee0bfea60c76a1385,Tenstrovski,1513.3,101.9,6,5.99,2020-11-29
2020-11-29,Kards Open #3 - Swiss Weekend,bf:5fb1db8c5caa4f5e4bc8168d,Poochies,1513.2,110.9,4,3.99,2020-11-28
2020-11-29,Kards Open #3 - Swiss Weekend,bf:5fb1f464698db1048d26d582,Morsimos,1629.5,96.6,8,7.99,2020-11-29
2020-11-29,Kards Open #3 - Swiss Weekend,bf:5fb249e5f07fad440734e5ea,SirFragir,1478.1,95.4,8,7.99,2020-11-29
2020-11-29,Kards Open #3 - Swiss Weekend,bf:5fb27723698db1048d26d94d,StabKingPro,1589.7,92.6,9,8.99,2020-11-29
2020-11-29,Kards Open #3 - Swiss Weekend,bf:5fb2c8f11632970e916b926c,Drake/Fabi,1504.4,99.4,7,6.99,2020-11-29
2020-11-29,Kards Open #3 - Swiss Weekend,bf:5fb3184d9a9e750ea663e423,killswitch,1470.9,96.5,8,7.99,2020-11-29
2020-11-29,Kards Open #3 - Swiss Weekend,bf:5fb3203b1632970e916b97b7,chr1st0ph3r,1470.4,116.9,3,2.99,2020-11-28
2020-11-29,Kards Open #3 - Swiss Weekend,bf:5fb3df78f07fad440734f6f7,slameo,1400.2,99.3,7,6.99,2020-11-29
2020-11-29,Kards Open #3 - Swiss Weekend,bf:5fb3e6ddf07fad440734f71f,tr4cker,1428.4,123.9,2,2.0,2020-11-28
2020-11-29,Kards Open #3 - Swiss Weekend,bf:5fb3f43ee0bfea60c76a2a56,General E. Drunk,1635.4,96.2,8,7.99,2020-11-29
2020-11-29,Kards Open #3 - Swiss Weekend,bf:5fb3f8b3e7d89a60d4337959,Kn1ghT,1439.8,116.3,3,2.99,2020-11-28
2020-11-29,Kards Open #3 - Swiss Weekend,bf:5fb42443a2fd346547530b2e,RED SUN,1539.5,117.8,3,2.99,2020-11-28
2020-11-29,Kards Open #3 - Swiss Weekend,bf:5fb43070a2fd346547530c21,[14e]tuveuxdugateaux,1472.1,92.6,9,8.99,2020-11-29
2020-11-29,Kards Open #3 - Swiss Weekend,bf:5fb4442a9a9e750ea663ee54,Scythe,1455.9,107.6,5,4.99,2020-11-28
2020-11-29,Kards Open #3 - Swiss Weekend,bf:5fb4d729f07fad44073509e4,Victrix,1471.6,113.6,4,3.99,2020-11-28
2020-11-29,Kards Open #3 - Swiss Weekend,bf:5fb666119a9e750ea664030b,Setteduetto,1544.1,95.4,8,7.99,2020-11-29
2020-11-29,Kards Open #3 - Swiss Weekend,bf:5fb6a5d3e7d89a60d4339244,kingsharaman,1460.4,130.6,1,1.0,2020-11-28
2020-11-29,Kards Open #3 - Swiss Weekend,bf:5fb6da26eb92fe047543c823,rostigerloeffel,1574.9,92.5,9,8.99,2020-11-29
2020-11-29,Kards Open #3 - Swiss Weekend,bf:5fb719fde0bfea60c76a4f50,rayko,1314.7,98.0,8,7.99,2020-11-29
2020-11-29,Kards Open #3 - Swiss Weekend,bf:5fb73781698db1048d271114,Lazer Wolf,1372.5,116.8,3,2.99,2020-11-28
2020-11-29,Kards Open #3 - Swiss Weekend,bf:5fb8387c1faa4843f941ba10,Álmos,1543.2,116.9,3,2.99,2020-11-28
2020-11-29,Kards Open #3 - Swiss Weekend,bf:5fb97cee0c24381d904b5447,bengui,1547.9,116.1,3,2.99,2020-11-28
2020-11-29,Kards Open #3 - Swiss Weekend,bf:5fb98c8e19c8f219d78717ac,DrQuencher,1413.9,123.0,2,2.0,2020-11-28
2020-11-29,Kards Open #3 - Swiss Weekend,bf:5fba777719c8f219d787247b,roberto7208,1447.7,92.5,9,8.99,2020-11-29
2020-11-29,Kards Open #3 - Swiss Weekend,bf:5fbb03850f21e57963850470,Pie4155,1399.5,99.2,7,6.99,2020-11-29
2020-11-29,Kards Open #3 - Swiss Weekend,bf:5fbc0c3e2dc8793ada84fdb3,Mark2020,1418.0,99.8,7,6.99,2020-11-29
2020-11-29,Kards Open #3 - Swiss Weekend,bf:5fbc3b8e0f21e5796385112f,spambox9,1486.3,99.1,7,6.99,2020-11-29
2020-11-29,Kards Open #3 - Swiss Weekend,bf:5fbc4040adfefd64e8c8fd73,Diogenesis,1557.8,107.0,5,4.99,2020-11-28
2020-11-29,Kards Open #3 - Swiss Weekend,bf:5fbc5711a2fd34654753a8c0,Magister Erik,1627.6,96.3,8,7.99,2020-11-29
2020-11-29,Kards Open #3 - Swiss Weekend,bf:5fbc79591632970e916c3fe5,Breich,1471.4,106.5,5,4.99,2020-11-28
2020-11-29,Kards Open #3 - Swiss Weekend,bf:5fbd548d698db1048d27a866,Citrons,1545.5,95.2,8,7.99,2020-11-29
2020-11-29,Kards Open #3 - Swiss Weekend,bf:5fbd71c2e7d89a60d43410ca,lean87ki,1473.4,92.0,9,8.99,2020-11-29
2020-11-29,Kards Open #3 - Swiss Weekend,bf:5fbdb89d26ea883a51583400,Kongo,1565.6,105.8,5,4.99,2020-11-28
2020-11-29,Kards Open #3 - Swiss Weekend,bf:5fbe830b26ea883a515839f5,炮灰no1,1431.9,112.4,4,3.99,2020-11-28
2020-11-29,Kards Open #3 - Swiss Weekend,bf:5fbe834ea2fd34654753c095,Hans Friderich R,1501.1,122.0,2,2.0,2020-11-28
2020-11-29,Kards Open #3 - Swiss Weekend,bf:5fbe83792dc8793ada85198d,pilotttt(Илья),1405.3,122.8,2,2.0,2020-11-28
2020-11-29,Kards Open #3 - Swiss Weekend,bf:5fbe84641632970e916c5996,unclefox,1664.3,94.0,9,8.99,2020-11-29
2020-11-29,Kards Open #3 - Swiss Weekend,bf:5fbe848ca2fd34654753c09a,Future,1458.3,116.9,3,2.99,2020-11-28
2020-11-29,Kards Open #3 - Swiss Weekend,bf:5fbe860ca2fd34654753c09d,正宗重庆老友粉,1418.1,123.0,2,2.0,2020-11-28
2020-11-29,Kards Open #3 - Swiss Weekend,bf:5fbe862ca447ab4bb37e0f77,meistermiagi,1410.2,123.1,2,2.0,2020-11-28
2020-11-29,Kards Open #3 - Swiss Weekend,bf:5fbe86401632970e916c599c,JamesBoned,1532.8,106.7,5,4.99,2020-11-28
2020-11-29,Kards Open #3 - Swiss Weekend,bf:5fbe873b4d01f9313d135045,KrisKrinkel,1435.2,124.6,2,2.0,2020-11-28
2020-11-29,Kards Open #3 - Swiss Weekend,bf:5fbe87ea5d320863b86f031b,Hydrogen,1545.2,95.7,8,7.99,2020-11-29
2020-11-29,Kards Open #3 - Swiss Weekend,bf:5fbe89294d01f9313d135068,MrMolotoff,1508.0,94.9,8,7.99,2020-11-29
2020-11-29,Kards Open #3 - Swiss Weekend,bf:5fbe89b5043fd20cdf90cccf,tonywan,1340.4,112.2,4,3.99,2020-11-28
2020-11-29,Kards Open #3 - Swiss Weekend,bf:5fbe8ae05d320863b86f032c,Anto,1439.2,112.3,4,3.99,2020-11-28
2020-11-29,Kards Open #3 - Swiss Weekend,bf:5fbe8afb698db1048d27b396,SkittleSabot,1537.5,130.9,1,1.0,2020-11-28
2020-11-29,Kards Open #3 - Swiss Weekend,bf:5fbe8b8ea447ab4bb37e0fc8,päpä,1430.7,93.9,9,8.99,2020-11-29
2020-11-29,Kards Open #3 - Swiss Weekend,bf:5fbe8c402dc8793ada8519d5,Der_Admiral,1544.3,106.3,5,4.99,2020-11-28
2020-11-29,Kards Open #3 - Swiss Weekend,bf:5fbe906ba2fd34654753c0fc,captain.pothead,1482.0,117.3,3,2.99,2020-11-28
2020-11-29,Kards Open #3 - Swiss Weekend,bf:5fbe91ca26ea883a51583aa4,yra111,1468.6,118.2,3,2.99,2020-11-28
2020-11-29,Kards Open #3 - Swiss Weekend,bf:5fbe9602698db1048d27b3e0,Rumfart,1427.4,123.6,2,2.0,2020-11-28
2020-11-29,Kards Open #3 - Swiss Weekend,bf:5fbe96be698db1048d27b3e4,Youmu_chan,1486.9,107.4,5,4.99,2020-11-28
2020-11-29,Kards Open #3 - Swiss Weekend,bf:5fbe970e26ea883a51583ac1,UnbearableMe,1448.2,129.8,1,1.0,2020-11-28
2020-11-29,Kards Open #3 - Swiss Weekend,bf:5fbe971d0f21e57963852d08,牛头人杀手,1499.8,123.2,2,2.0,2020-11-28
2020-11-29,Kards Open #3 - Swiss Weekend,bf:5fbe9b450f21e57963852d1e,garygo,1521.1,95.3,8,7.99,2020-11-29
2020-11-29,Kards Open #3 - Swiss Weekend,bf:5fbeac15a447ab4bb37e116f,ThuggerJuice,1541.5,91.6,9,8.99,2020-11-29
2020-11-29,Kards Open #3 - Swiss Weekend,bf:5fbeb056698db1048d27b5bd,Stuie,1450.3,95.5,8,7.99,2020-11-29
2020-11-29,Kards Open #3 - Swiss Weekend,bf:5fbeb20eb0ef7749130e452c,Dawn,1547.8,95.5,8,7.99,2020-11-29
2020-11-29,Kards Open #3 - Swiss Weekend,bf:5fbeb7541632970e916c5c93,finny,1473.0,92.7,9,8.99,2020-11-29
2020-11-29,Kards Open #3 - Swiss Weekend,bf:5fbebdee043fd20cdf90cfaf,GM_Logan,1556.9,98.5,7,6.99,2020-11-29
2020-11-29,Kards Open #3 - Swiss Weekend,bf:5fbed15626ea883a51583d3f,Empyreal,1406.5,122.4,2,2.0,2020-11-28
2020-11-29,Kards Open #3 - Swiss Weekend,bf:5fbedfbc0f21e57963853121,Raswar47,1408.6,123.2,2,2.0,2020-11-28
2020-11-29,Kards Open #3 - Swiss Weekend,bf:5fbef0144d01f9313d135b11,Geezer,1622.3,92.1,9,8.99,2020-11-29
2020-11-29,Kards Open #3 - Swiss Weekend,bf:5fbef0d92dc8793ada8527a5,嘤嘤嘤,1410.5,122.8,2,2.0,2020-11-28
2020-11-29,Kards Open #3 - Swiss Weekend,bf:5fbef3ecb0ef7749130e49bc,MaskedMarvel,1492.5,122.8,2,2.0,2020-11-28
2020-11-29,Kards Open #3 - Swiss Weekend,bf:5fbf17032dc8793ada852978,UltramanT80,1407.3,123.4,2,2.0,2020-11-28
2020-11-29,Kards Open #3 - Swiss Weekend,bf:5fbf174c5d320863b86f0efc,如临深渊,1507.0,122.5,2,2.0,2020-11-28
2020-11-29,Kards Open #3 - Swiss Weekend,bf:5fbf1ad71632970e916c627a,TowerNumberNine,1418.3,123.3,2,2.0,2020-11-28
2020-11-29,Kards Open #3 - Swiss Weekend,bf:5fbf28984d01f9313d135d0f,Ayako,1452.1,130.3,1,1.0,2020-11-28
2020-11-29,Kards Open #3 - Swiss Weekend,bf:5fbf30a2a447ab4bb37e1b38,1330775381,1438.1,125.5,2,2.0,2020-11-28
2020-11-29,Kards Open #3 - Swiss Weekend,bf:5fbf32921632970e916c6301,Paddy,1411.9,123.3,2,2.0,2020-11-28
2020-11-29,Kards Open #3 - Swiss Weekend,bf:5fbf3849043fd20cdf90d500,Dirty Jon,1473.8,97.8,7,6.99,2020-11-29
2020-11-29,Kards Open #3 - Swiss Weekend,bf:5fbf3d90adfefd64e8c91af1,tortunbator,1460.0,117.7,3,2.99,2020-11-28
2020-11-29,Kards Open #3 - Swiss Weekend,bf:5fbf4b25698db1048d27bdc9,白皮猪杀手,1407.4,123.1,2,2.0,2020-11-28
2020-11-29,Kards Open #3 - Swiss Weekend,bf:5fbf4fe05d320863b86f0fb6,Kimssa,1573.2,95.3,8,7.99,2020-11-29
2020-11-29,Kards Open #3 - Swiss Weekend,bf:5fbf516e2dc8793ada852a4c,VitalkaFS,1510.9,111.6,4,3.99,2020-11-28
2020-11-29,Kards Open #3 - Swiss Weekend,bf:5fbf5273adfefd64e8c91b99,crazymonkey,1539.1,106.8,5,4.99,2020-11-28
2020-11-29,Kards Open #3 - Swiss Weekend,bf:5fbf62605d320863b86f0ff1,梁家河扛麦郎,1498.5,122.2,2,2.0,2020-11-28
2020-11-29,Kards Open #3 - Swiss Weekend,bf:5fbf6ade2dc8793ada852a75,Maty,1577.5,95.3,8,7.99,2020-11-29
2020-11-29,Kards Open #3 - Swiss Weekend,bf:5fbf6f3f26ea883a515841f0,Wuhu_Airline,1425.3,124.2,2,2.0,2020-11-28
2020-11-29,Kards Open #3 - Swiss Weekend,bf:5fbf7a86b0ef7749130e4dec,ID由于太昭和无法显示,1455.9,116.8,3,2.99,2020-11-28
2020-11-29,Kards Open #3 - Swiss Weekend,bf:5fbf81d4698db1048d27bf78,Andrewkaiyan,1522.5,92.1,9,8.99,2020-11-29
2020-11-29,Kards Open #3 - Swiss Weekend,bf:5fbf8670698db1048d27bfda,zadkiel0508,1499.7,123.1,2,2.0,2020-11-28
2020-11-29,Kards Open #3 - Swiss Weekend,bf:5fbf86bf2dc8793ada852abe,Kiertscher,1517.5,95.3,8,7.99,2020-11-29
2020-11-29,Kards Open #3 - Swiss Weekend,bf:5fbf8fc55d320863b86f1086,共和国荣光,1470.5,117.5,3,2.99,2020-11-28
2020-11-29,Kards Open #3 - Swiss Weekend,bf:5fbf97cfb0ef7749130e4e94,AndyNing,1466.4,118.0,3,2.99,2020-11-28
2020-11-29,Kards Open #3 - Swiss Weekend,bf:5fbf9fa55d320863b86f10d6,watchmen,1642.8,105.9,5,4.99,2020-11-28
2020-11-29,Kards Open #3 - Swiss Weekend,bf:5fbfa1ec5d320863b86f10df,s8130662,1730.0,94.2,9,8.99,2020-11-29
2020-11-29,Kards Open #3 - Swiss Weekend,bf:5fbfa6575d320863b86f10ec,think,1418.1,123.4,2,2.0,2020-11-28
2020-11-29,Kards Open #3 - Swiss Weekend,bf:5fbfa75c0f21e57963853e73,2057458491@qq.com,1616.8,107.0,5,4.99,2020-11-28
2020-11-29,Kards Open #3 - Swiss Weekend,bf:5fbfa9f0a2fd34654753c891,Wizard,1570.6,91.8,9,8.99,2020-11-29
2020-11-29,Kards Open #3 - Swiss Weekend,bf:5fbfaa4726ea883a5158435d,UnhappyRefrain,1449.7,116.9,3,2.99,2020-11-28
2020-11-29,Kards Open #3 - Swiss Weekend,bf:5fbfaa5d698db1048d27c161,Feiron,1466.5,131.2,1,1.0,2020-11-28
2020-11-29,Kards Open #3 - Swiss Weekend,bf:5fbfafde1632970e916c652e,Non-motorized,1514.4,95.1,8,7.99,2020-11-29
2020-11-29,Kards Open #3 - Swiss Weekend,bf:5fbfb1ca2dc8793ada852b72,Satomi_ren,1635.5,99.2,7,6.99,2020-11-29
2020-11-29,Kards Open #3 - Swiss Weekend,bf:5fbfb4c7043fd20cdf90d6e1,唐努图什么,1500.4,123.1,2,2.0,2020-11-28
2020-11-29,Kards Open #3 - Swiss Weekend,bf:5fbfb60f1632970e916c6544,rayson366458,1434.3,124.7,2,2.0,2020-11-28
2020-11-29,Kards Open #3 - Swiss Weekend,bf:5fbfb8692dc8793ada852b8d,为啥起的名字都无效,1501.1,123.1,2,2.0,2020-11-28
2020-11-29,Kards Open #3 - Swiss Weekend,bf:5fbfb8f1043fd20cdf90d702,James Patterson,1420.6,111.3,4,3.99,2020-11-28
2020-11-29,Kards Open #3 - Swiss Weekend,bf:5fbfba184d01f9313d135f37,Simple One,1458.1,130.5,1,1.0,2020-11-28
2020-11-29,Kards Open #3 - Swiss Weekend,bf:5fbfbd51b0ef7749130e4f38,MC_Shiro,1532.7,106.7,5,4.99,2020-11-28
2020-11-29,Kards Open #3 - Swiss Weekend,bf:5fbfc2c9043fd20cdf90d720,bushirenchou,1560.8,106.6,5,4.99,2020-11-28
2020-11-29,Kards Open #3 - Swiss Weekend,bf:5fbfc6e15d320863b86f1193,李鸿章,1552.2,92.9,9,8.99,2020-11-29
2020-11-29,Kards Open #3 - Swiss Weekend,bf:5fbfd4581632970e916c6699,Claris,1466.3,116.9,3,2.99,2020-11-28
2020-11-29,Kards Open #3 - Swiss Weekend,bf:5fbffbaa2dc8793ada85319e,MeRRoR,1456.3,95.9,8,7.99,2020-11-29
2020-11-29,Kards Open #3 - Swiss Weekend,bf:5fc003a1b0ef7749130e5216,Zuasfadas,1554.4,113.1,4,3.99,2020-11-28
2020-11-29,Kards Open #3 - Swiss Weekend,bf:5fc0046a698db1048d27c912,ChariotBlitz,1523.3,106.6,5,4.99,2020-11-28
2020-11-29,Kards Open #3 - Swiss Weekend,bf:5fc0060d698db1048d27c939,machue,1449.4,116.0,3,2.99,2020-11-28
2020-11-29,Kards Open #3 - Swiss Weekend,bf:5fc017df26ea883a515847d5,Nikica,1546.6,91.7,9,8.99,2020-11-29
2020-11-29,Kards Open #3 - Swiss Weekend,bf:5fc0244ca2fd34654753d0cb,Bjelke666,1448.3,113.3,4,3.99,2020-11-28
2020-11-29,Kards Open #3 - Swiss Weekend,bf:5fc048141632970e916c6beb,Jannik,1491.6,122.8,2,2.0,2020-11-28
2020-11-29,Kards Open #3 - Swiss Weekend,bf:5fc062ca3a712911d5860aac,Chimpu,1414.8,123.3,2,2.0,2020-11-28
2020-11-29,Kards Open #3 - Swiss Weekend,bf:5fc06376a447ab4bb37e29a7,西域战神阿凡提,1451.1,130.3,1,1.0,2020-11-28
2020-11-29,Kards Open #3 - Swiss Weekend,bf:5fc07486698db1048d27ccd5,hj123c,1411.1,123.2,2,2.0,2020-11-28
2020-11-29,Kards Open #3 - Swiss Weekend,bf:5fc0ff84971c1811b1c02525,lapotNIK,1463.6,117.5,3,2.99,2020-11-28
2020-11-29,Kards Open #3 - Swiss Weekend,bf:5fc13108a447ab4bb37e2e33,Az4zel,1461.6,103.9,6,5.99,2020-11-29
2020-11-29,Kards Open #3 - Swiss Weekend,bf:5fc133575ca52f15c00549a9,Legio_Victrix,1613.6,92.6,9,8.99,2020-11-29
2020-11-29,Kards Open #3 - Swiss Weekend,bf:5fc13c125d320863b86f1d60,聖訷殺,1418.7,123.7,2,2.0,2020-11-28
2020-11-29,Kards Open #3 - Swiss Weekend,bf:5fc13c6e4a99f533280c7373,Vavilon6,1715.2,95.1,9,8.99,2020-11-29
2020-11-29,Kards Open #3 - Swiss Weekend,bf:5fc1647ca447ab4bb37e3019,Lampround,1424.3,123.4,2,2.0,2020-11-28
2020-11-29,Kards Open #3 - Swiss Weekend,bf:5fc1741a4a3afe55318cf945,Waldemaras,1490.5,123.2,2,2.0,2020-11-28
2020-11-29,Kards Open #3 - Swiss Weekend,bf:5fc1760a2dc8793ada853e83,Thetankman3,1651.5,103.9,6,5.99,2020-11-29
2020-11-29,Kards Open #3 - Swiss Weekend,bf:5fc1c2f14a3afe55318cfd98,RudyFlyer,1448.2,129.9,1,1.0,2020-11-28
2020-11-29,Kards Open #3 - Swiss Weekend,bf:5fc1dd90043fd20cdf90e83e,BADmuji,1454.5,96.2,8,7.99,2020-11-29
2020-11-29,Kards Open #3 - Swiss Weekend,bf:5fc1dd9b2dc8793ada8544a3,GeneralMaximus_5,1424.4,111.3,4,3.99,2020-11-28
2020-11-29,Kards Open #3 - Swiss Weekend,bf:5fc1f746a2fd34654753e1ae,GearWolf1991,1445.4,94.9,8,7.99,2020-11-29
2020-11-29,Kards Open #3 - Swiss Weekend,bf:5fc2123f8ae4c5551e8b0129,Agent007,1467.2,107.0,5,4.99,2020-11-28
2020-11-29,Kards Open #3 - Swiss Weekend,bf:5fc21ebcb0ef7749130e6b81,Agumonster,1429.0,123.8,2,2.0,2020-11-28
2020-11-29,Kards Open #3 - Swiss Weekend,bf:5fc241c1f1aa2511d7251933,Reaper,1393.5,118.3,3,2.99,2020-11-28
2020-11-29,Kards Open #3 - Swiss Weekend,bf:5fc24f00971c1811b1c037b0,Wladca,1417.8,123.5,2,2.0,2020-11-28
2020-11-29,Kards Open #3 - Swiss Weekend,bf:5fc26afe6052f211a7127a71,yahya94,1455.9,106.4,5,4.99,2020-11-29
2021-02-15,KARDS Open IV - Swiss Weekend,bf:544fd1e1a3aee26f0b100edb,121,1526.0,92.5,13,8.81,2020-08-30
2021-02-15,KARDS Open IV - Swiss Weekend,bf:55a9e6f380ec56430032820c,swigmonkey,1426.2,112.1,4,3.93,2021-02-06
2021-02-15,KARDS Open IV - Swiss Weekend,bf:564e7b5b80b8db4a00c4ff9c,Jking7,1767.0,65.0,36,29.39,2021-02-13
2021-02-15,KARDS Open IV - Swiss Weekend,bf:56bf93a68b6bc7030304a789,Kynio,1496.9,107.2,7,4.75,2020-07-26
2021-02-15,KARDS Open IV - Swiss Weekend,bf:56ed79634fdf9b7e1224dddc,[DB] Praetorian,1566.7,119.0,4,2.71,2020-07-25
2021-02-15,KARDS Open IV - Swiss Weekend,bf:57101bc80b3b0f8312f27ec5,Socialist,1530.6,118.7,3,2.58,2020-11-28
2021-02-15,KARDS Open IV - Swiss Weekend,bf:572751089b61d587125da415,Pad,1555.4,103.7,8,5.43,2020-07-26
2021-02-15,KARDS Open IV - Swiss Weekend,bf:5784f8bcf26da72d0cd20f65,LuckyLuke,1468.2,84.1,17,12.68,2020-11-28
2021-02-15,KARDS Open IV - Swiss Weekend,bf:57a1697c8c3386280ca04b34,batis,1549.8,88.8,15,10.34,2020-11-28
2021-02-15,KARDS Open IV - Swiss Weekend,bf:57b5a7ffabd8181c0cfdf304,CaptainA,1502.8,98.7,9,7.32,2021-02-06
2021-02-15,KARDS Open IV - Swiss Weekend,bf:5931f755f2d1a503331ea51d,Chrisca,1501.7,128.0,2,1.36,2020-07-25
2021-02-15,KARDS Open IV - Swiss Weekend,bf:596dd6d3014e6b033a8a1275,RainZone,1603.8,104.2,8,5.43,2020-07-26
2021-02-15,KARDS Open IV - Swiss Weekend,bf:59b91e3e40985d034416fd27,Isenberg,1486.4,127.2,2,1.36,2020-07-25
2021-02-15,KARDS Open IV - Swiss Weekend,bf:5a4d98c332953903641106de,Freddie,1586.4,82.0,17,13.18,2020-11-29
2021-02-15,KARDS Open IV - Swiss Weekend,bf:5a58cabb82c7de043a3c289b,[TNT] marvin_the_imp,1508.3,123.7,2,1.97,2021-02-06
2021-02-15,KARDS Open IV - Swiss Weekend,bf:5a8879b76c3ac00358830d7c,Benji,1528.3,80.1,16,14.65,2021-02-07
2021-02-15,KARDS Open IV - Swiss Weekend,bf:5ad6b5686a20dd03885fa1d1,Jugador,1517.6,115.6,5,3.39,2020-07-26
2021-02-15,KARDS Open IV - Swiss Weekend,bf:5b0094b93d8b3603b86987cc,Bob the Tomato,1474.8,118.4,4,2.9,2020-08-30
2021-02-15,KARDS Open IV - Swiss Weekend,bf:5b38c676cbd82c03a4f28e8f,doge34,1689.4,76.9,23,17.38,2021-02-06
2021-02-15,KARDS Open IV - Swiss Weekend,bf:5b499abbdbda4803ac64b712,SdCorpse,1540.1,119.3,3,2.58,2020-11-28
2021-02-15,KARDS Open IV - Swiss Weekend,bf:5c3b6b20304450039e51c054,Yorrit,1499.3,98.1,8,6.89,2020-11-29
2021-02-15,KARDS Open IV - Swiss Weekend,bf:5c4dca4fa9f6820352797666,VildeScarz,1568.2,102.8,8,5.8,2020-08-30
2021-02-15,KARDS Open IV - Swiss Weekend,bf:5c7e66cd2dd6e4033a9d5fd1,Elikur,1438.0,112.5,4,3.93,2021-02-06
2021-02-15,KARDS Open IV - Swiss Weekend,bf:5c834379fdf5df032965d470,Johnny,1526.7,121.9,3,2.03,2020-07-25
2021-02-15,KARDS Open IV - Swiss Weekend,bf:5d0fba42acc6ed329c51837f,Rokeiro,1422.3,124.4,3,1.8,2020-05-23
2021-02-15,KARDS Open IV - Swiss Weekend,bf:5d26bcf5c9bf6055b457dfb5,UkrainianKing,1575.9,89.6,13,10.11,2020-11-29
2021-02-15,KARDS Open IV - Swiss Weekend,bf:5d47ab5c0451666910e5c0af,Joshua12450,1456.3,117.6,3,2.95,2021-02-06
2021-02-15,KARDS Open IV - Swiss Weekend,bf:5d6bf8a0238bc73c869e6430,Niemand,1424.8,125.0,2,1.72,2020-11-28
2021-02-15,KARDS Open IV - Swiss Weekend,bf:5dadf6683f9f8d27e2e9cc0b,GKZhukov,1568.6,98.8,7,6.89,2021-02-07
2021-02-15,KARDS Open IV - Swiss Weekend,bf:5dff9d39fafe5a70cf39ed01,Time to harsh your buzz!,1428.6,126.1,2,1.45,2020-08-29
2021-02-15,KARDS Open IV - Swiss Weekend,bf:5e055721e0b14c3515213776,sk1091,1474.1,132.6,1,0.72,2020-08-29
2021-02-15,KARDS Open IV - Swiss Weekend,bf:5e7fb8e3d7ce547b37484302,jaja,1518.1,124.6,2,1.72,2020-11-28
2021-02-15,KARDS Open IV - Swiss Weekend,bf:5e889af67a9c4c10932a6ca9,usp45master,1448.8,130.2,1,0.98,2021-02-06
2021-02-15,KARDS Open IV - Swiss Weekend,bf:5e9cf8ff72e2961f747c7978,DARKCA5TLE,1475.3,122.8,3,2.08,2020-08-29
2021-02-15,KARDS Open IV - Swiss Weekend,bf:5eb572f0a795290866140381,rdbigdog,1629.1,105.6,7,5.48,2020-11-28
2021-02-15,KARDS Open IV - Swiss Weekend,bf:5eb57d1601b7fd0fe0488f0f,Astral,1496.8,116.7,5,3.01,2020-05-23
2021-02-15,KARDS Open IV - Swiss Weekend,bf:5eb583d54a8bea0acd7ea437,SharkPup,1442.1,128.0,2,1.2,2020-05-23
2021-02-15,KARDS Open IV - Swiss Weekend,bf:5eb598330abb797ad38acaee,NonGMOSalt,1573.6,96.3,10,7.39,2021-02-06
2021-02-15,KARDS Open IV - Swiss Weekend,bf:5eb6495f5d6f1b5d1c5d7d95,kenny,1475.4,116.3,5,3.01,2020-05-23
2021-02-15,KARDS Open IV - Swiss Weekend,bf:5eb65df574f31a11dd226b38,Darkness,1777.1,74.2,30,22.6,2021-02-07
2021-02-15,KARDS Open IV - Swiss Weekend,bf:5eb664dbaefaaf170fa246f1,RookVenturer1313,1481.6,117.3,5,3.01,2020-05-23
2021-02-15,KARDS Open IV - Swiss Weekend,bf:5eb708950fe915528f90abfd,Donald Trump,1502.1,99.5,10,6.48,2020-07-26
2021-02-15,KARDS Open IV - Swiss Weekend,bf:5eb7670e5e789b4b50a06de2,WHEEL3R,1563.3,71.6,27,20.4,2021-02-07
2021-02-15,KARDS Open IV - Swiss Weekend,bf:5ebc5c7aec210a06ae04d4d4,Snefru,1666.1,80.1,22,14.97,2020-09-05
2021-02-15,KARDS Open IV - Swiss Weekend,bf:5ebd8cafb3bec004beff6eff,[AAA] Caps04,1601.0,88.0,13,10.65,2021-02-07
2021-02-15,KARDS Open IV - Swiss Weekend,bf:5ebd9402b92b28521a098ec8,Bubbles,1659.1,81.8,17,13.84,2021-02-06
2021-02-15,KARDS Open IV - Swiss Weekend,bf:5ebe821bdc25e53f4d8c7446,ForeverFox,1437.1,117.0,5,3.01,2020-05-23
2021-02-15,KARDS Open IV - Swiss Weekend,bf:5ebea2fd1eafc755976c161a,Drogear,1641.9,94.4,14,9.16,2020-08-29
2021-02-15,KARDS Open IV - Swiss Weekend,bf:5ebea8a9bfed616b75962b6a,Forgestryker,1577.9,93.5,12,8.83,2020-11-28
2021-02-15,KARDS Open IV - Swiss Weekend,bf:5ec021ae0f25781e0b5f5f43,AlexRises,1459.7,129.4,2,1.2,2020-05-23
2021-02-15,KARDS Open IV - Swiss Weekend,bf:5ec038e2256baa1d38011a05,Vinny,1555.6,92.0,11,9.07,2020-11-29
2021-02-15,KARDS Open IV - Swiss Weekend,bf:5ec14e2baf9b8d5641b7a639,handor95,1420.2,101.2,9,6.45,2020-11-28
2021-02-15,KARDS Open IV - Swiss Weekend,bf:5ec2a6dafd8a561535cde2a5,V0R0N92,1527.0,84.4,15,12.25,2021-02-06
2021-02-15,KARDS Open IV - Swiss Weekend,bf:5ec2ace2fd8a561535cde2e1,MJT,1489.4,126.3,2,1.45,2020-08-29
2021-02-15,KARDS Open IV - Swiss Weekend,bf:5ec2acf9a7330d091e79291a,lucencan,1470.9,97.1,10,7.31,2020-11-28
2021-02-15,KARDS Open IV - Swiss Weekend,bf:5ec2c1da0a4e405c2332e640,Chip-Filled Adam,1596.9,90.0,13,10.16,2020-11-29
2021-02-15,KARDS Open IV - Swiss Weekend,bf:5ec2f8632e7fb7357e7c8077,SCARED MOKEY,1511.3,97.9,10,7.15,2020-11-28
2021-02-15,KARDS Open IV - Swiss Weekend,bf:5ec3fe380be5fa28e9946104,Sertma,1473.8,133.2,1,0.6,2020-05-23
2021-02-15,KARDS Open IV - Swiss Weekend,bf:5ec442d3b2f357511fcbf34a,skzeman,1573.0,116.5,5,3.01,2020-05-23
2021-02-15,KARDS Open IV - Swiss Weekend,bf:5ec44a4894993372f10699b1,Adrián7,1471.6,132.7,1,0.68,2020-07-25
2021-02-15,KARDS Open IV - Swiss Weekend,bf:5ec4df5bde56fb470634c5fa,barboza,1466.1,130.5,2,1.2,2020-05-23
2021-02-15,KARDS Open IV - Swiss Weekend,bf:5ec57fff74214e1748e43f56,dasolli,1467.8,101.5,7,6.03,2020-11-29
2021-02-15,KARDS Open IV - Swiss Weekend,bf:5ec5e7746951c62d86f53235,FL1ppY | エワウト,1615.1,96.3,8,7.89,2021-02-13
2021-02-15,KARDS Open IV - Swiss Weekend,bf:5ec7d675f5d9bf6412138238,Hahn,1511.6,119.6,4,2.41,2020-05-23
2021-02-15,KARDS Open IV - Swiss Weekend,bf:5ec99a6d5cb5d5345c7fdf7c,AriBigBehn,1686.4,74.5,24,18.53,2021-02-07
2021-02-15,KARDS Open IV - Swiss Weekend,bf:5ee6022292efc00faf652a7e,Esthete,1470.7,99.1,7,6.89,2021-02-07
2021-02-15,KARDS Open IV - Swiss Weekend,bf:5ee6c5f92764fc7a784c6f9e,BirdLaw,1412.2,79.1,19,15.05,2021-02-07
2021-02-15,KARDS Open IV - Swiss Weekend,bf:5eeb9c3d19b81239da9496cb,Kosaroli,1603.4,83.2,14,12.8,2021-02-07
2021-02-15,KARDS Open IV - Swiss Weekend,bf:5f0cbd1969a363414a64af57,agent_182,1537.4,122.2,3,2.03,2020-07-25
2021-02-15,KARDS Open IV - Swiss Weekend,bf:5f0cd40c3087a65e039603f4,wild_eyes,1649.1,65.1,32,26.19,2021-02-13
2021-02-15,KARDS Open IV - Swiss Weekend,bf:5f0cf3becbf20c490eb4fa7d,T0M,1511.8,115.3,5,3.39,2020-07-26
2021-02-15,KARDS Open IV - Swiss Weekend,bf:5f0d81380ffa0b49d9f58c5c,Nerf,1625.6,104.0,8,5.43,2020-07-26
2021-02-15,KARDS Open IV - Swiss Weekend,bf:5f0d9e4785aa4e37e911463c,You Need Jesus Christ,1427.8,127.0,2,1.36,2020-07-25
2021-02-15,KARDS Open IV - Swiss Weekend,bf:5f0dad9ac47339351f7f742f,RipperJim,1462.2,118.8,3,2.58,2020-11-28
2021-02-15,KARDS Open IV - Swiss Weekend,bf:5f0db8236f4cd1393325784f,Hazeltails,1539.2,107.0,7,4.75,2020-07-26
2021-02-15,KARDS Open IV - Swiss Weekend,bf:5f0dc882f26046593189ba9f,SALUTE06,1482.9,134.1,1,0.68,2020-07-25
2021-02-15,KARDS Open IV - Swiss Weekend,bf:5f0de85b7c5e104738aeb5a8,benc,1555.3,103.7,8,5.43,2020-07-26
2021-02-15,KARDS Open IV - Swiss Weekend,bf:5f0df6196f4cd13933257c2a,COOLJ007,1551.4,100.9,7,6.89,2021-02-07
2021-02-15,KARDS Open IV - Swiss Weekend,bf:5f0df84e824086475be264b7,Terror_de,1551.8,68.4,28,22.42,2021-02-07
2021-02-15,KARDS Open IV - Swiss Weekend,bf:5f0df9d07c4df3491abfc797,RMISE,1453.6,128.6,2,1.36,2020-07-25
2021-02-15,KARDS Open IV - Swiss Weekend,bf:5f0dfb2c7c4df3491abfc7a6,zhen,1610.2,104.1,8,5.43,2020-07-26
2021-02-15,KARDS Open IV - Swiss Weekend,bf:5f0e1a20c47339351f7f7b34,Ouchmaster,1504.2,117.4,4,2.71,2020-07-26
2021-02-15,KARDS Open IV - Swiss Weekend,bf:5f0e248def3ab65b96796c3f,frenchcook,1713.8,81.0,17,14.68,2021-02-13
2021-02-15,KARDS Open IV - Swiss Weekend,bf:5f0e37b37c5e104738aebbe3,toDIEisGAIN,1697.2,64.9,34,27.6,2021-02-13
2021-02-15,KARDS Open IV - Swiss Weekend,bf:5f0e76497c4df3491abfd06c,rocksopimppo,1464.2,92.9,11,8.68,2021-02-06
2021-02-15,KARDS Open IV - Swiss Weekend,bf:5f0eab817c4df3491abfd2e6,hilmank,1444.0,101.4,8,6.06,2021-02-06
2021-02-15,KARDS Open IV - Swiss Weekend,bf:5f0f22cb85aa4e37e9115bb4,madisek,1497.1,126.8,2,1.36,2020-07-25
2021-02-15,KARDS Open IV - Swiss Weekend,bf:5f0f2f19ef3ab65b96797ada,kramedogg,1481.9,92.2,13,9.05,2020-08-30
2021-02-15,KARDS Open IV - Swiss Weekend,bf:5f0f3d9e7c4df3491abfe047,Snooginz,1544.2,72.1,23,19.72,2021-02-13
2021-02-15,KARDS Open IV - Swiss Weekend,bf:5f0f54427c4df3491abfe274,djdado,1470.7,132.4,1,0.72,2020-08-29
2021-02-15,KARDS Open IV - Swiss Weekend,bf:5f0fb7319d4b3024dce6f17b,The_Advocator,1453.5,104.1,8,5.43,2020-07-26
2021-02-15,KARDS Open IV - Swiss Weekend,bf:5f101bc2eea71b24bc30c50e,Hubblebub,1433.6,126.5,2,1.45,2020-08-29
2021-02-15,KARDS Open IV - Swiss Weekend,bf:5f102c329d4b3024dce6f5dd,Malovato_Budet,1477.8,95.7,11,7.65,2020-08-29
2021-02-15,KARDS Open IV - Swiss Weekend,bf:5f103df2eac9482569fb2922,phasermind,1526.2,104.5,8,5.43,2020-07-26
2021-02-15,KARDS Open IV - Swiss Weekend,bf:5f105658eac9482569fb2be4,张大彪,1601.8,96.5,10,7.52,2020-11-28
2021-02-15,KARDS Open IV - Swiss Weekend,bf:5f10783cc08d9224ce50f95f,bob42,1504.3,104.5,8,5.43,2020-07-26
2021-02-15,KARDS Open IV - Swiss Weekend,bf:5f10825feac9482569fb2e81,SquareGrouper,1347.7,90.6,13,10.1,2020-11-29
2021-02-15,KARDS Open IV - Swiss Weekend,bf:5f1086f1160c3f2239e9225b,lt.blueberry,1301.5,86.6,17,13.04,2021-02-07
2021-02-15,KARDS Open IV - Swiss Weekend,bf:5f109d917a5f692572240090,John_Px,1652.1,82.8,15,13.78,2021-02-07
2021-02-15,KARDS Open IV - Swiss Weekend,bf:5f10c966160c3f2239e92921,ColdCarl,1586.4,81.9,15,13.78,2021-02-07
2021-02-15,KARDS Open IV - Swiss Weekend,bf:5f112ee3eac9482569fb3ee6,Pert,1543.3,106.3,8,5.43,2020-07-26
2021-02-15,KARDS Open IV - Swiss Weekend,bf:5f113e2cd04bae257fc195f6,RafcKen7,1639.2,98.1,7,6.89,2021-02-07
2021-02-15,KARDS Open IV - Swiss Weekend,bf:5f11d03df7c29f223fd624f2,Groddur,1457.9,118.6,3,2.58,2020-11-28
2021-02-15,KARDS Open IV - Swiss Weekend,bf:5f11d0b0eea71b24bc30e84a,BUCKY,1499.7,102.4,8,5.8,2020-08-30
2021-02-15,KARDS Open IV - Swiss Weekend,bf:5f11d247160c3f2239e940a4,LuckySpike,1664.6,74.0,24,19.11,2021-02-13
2021-02-15,KARDS Open IV - Swiss Weekend,bf:5f11e4c6160c3f2239e941f5,trevorj,1479.3,118.1,4,2.71,2020-07-25
2021-02-15,KARDS Open IV - Swiss Weekend,bf:5f11e67d85fecb25631448a0,yufzsy,1695.3,82.4,20,14.67,2020-11-28
2021-02-15,KARDS Open IV - Swiss Weekend,bf:5f11ef33160c3f2239e942b2,Starkiller30001,1438.4,117.4,4,2.71,2020-07-25
2021-02-15,KARDS Open IV - Swiss Weekend,bf:5f11ff268b375222593350d0,Lobby Boy Lettuce,1447.0,118.4,4,2.71,2020-07-25
2021-02-15,KARDS Open IV - Swiss Weekend,bf:5f11ff2ec08d9224ce511d19,Dangerexx,1398.2,104.8,8,5.43,2020-07-26
2021-02-15,KARDS Open IV - Swiss Weekend,bf:5f11ff59eea71b24bc30ee0c,Hyo,1424.2,79.9,20,14.67,2020-11-28
2021-02-15,KARDS Open IV - Swiss Weekend,bf:5f11ffc4eac9482569fb4f49,MrNejcKing,1368.9,114.6,5,3.7,2021-02-06
2021-02-15,KARDS Open IV - Swiss Weekend,bf:5f121b05d04bae257fc1a263,biasedeyes,1440.9,115.0,5,3.39,2020-07-26
2021-02-15,KARDS Open IV - Swiss Weekend,bf:5f1220b9b4738624c4273900,KEV1NJ,1539.7,107.7,7,4.75,2020-07-26
2021-02-15,KARDS Open IV - Swiss Weekend,bf:5f12273babfcb016362ad1d0,beeman,1317.7,93.5,14,9.82,2020-08-30
2021-02-15,KARDS Open IV - Swiss Weekend,bf:5f1229f9cf4549174336fefe,JSL112,1469.1,132.7,1,0.68,2020-07-25
2021-02-15,KARDS Open IV - Swiss Weekend,bf:5f122bf8b4738624c4273b13,VLTØR,1415.7,124.5,2,1.72,2020-11-28
2021-02-15,KARDS Open IV - Swiss Weekend,bf:5f1240f24a28711494f1b3aa,CaptainTchaikovsky,1488.1,118.3,4,2.71,2020-07-25
2021-02-15,KARDS Open IV - Swiss Weekend,bf:5f12771889520148edf780af,mbilsel,1575.8,86.4,16,11.23,2020-08-30
2021-02-15,KARDS Open IV - Swiss Weekend,bf:5f1281edb4738624c42745af,ptreey,1425.4,109.4,6,4.07,2020-07-26
2021-02-15,KARDS Open IV - Swiss Weekend,bf:5f12bb564a28711494f1bd8d,NeriUwU,1313.6,86.2,17,13.29,2021-02-07
2021-02-15,KARDS Open IV - Swiss Weekend,bf:5f12c35f8b375222593364f0,xareh90,1521.0,103.9,8,5.43,2020-07-26
2021-02-15,KARDS Open IV - Swiss Weekend,bf:5f12da838b375222593365f7,Burremans,1441.3,127.4,2,1.36,2020-07-25
2021-02-15,KARDS Open IV - Swiss Weekend,bf:5f12f0881c8cdf16056f6224,RaPaulke,1438.0,127.5,2,1.36,2020-07-25
2021-02-15,KARDS Open IV - Swiss Weekend,bf:5f12f0c3abfcb016362ae526,mon.mgs,1463.7,132.3,1,0.68,2020-07-25
2021-02-15,KARDS Open IV - Swiss Weekend,bf:5f130139f7c29f223fd64290,fenrir,1539.3,97.8,10,7.15,2020-11-28
2021-02-15,KARDS Open IV - Swiss Weekend,bf:5f13328d77697711a235a704,TomatoMato,1551.3,104.8,8,5.43,2020-07-26
2021-02-15,KARDS Open IV - Swiss Weekend,bf:5f13952ceea71b24bc312529,Limitless Beast,1375.9,117.9,4,2.71,2020-07-25
2021-02-15,KARDS Open IV - Swiss Weekend,bf:5f13f8f0381ccb11abfed78c,Behemothus,1496.5,87.5,15,10.55,2020-08-30
2021-02-15,KARDS Open IV - Swiss Weekend,bf:5f13fc452cba8f11c2a4298c,DarkMatterYT,1488.1,127.0,2,1.36,2020-07-25
2021-02-15,KARDS Open IV - Swiss Weekend,bf:5f140b7f1c8cdf16056f833c,foreverlimon,1536.7,107.3,7,4.75,2020-07-26
2021-02-15,KARDS Open IV - Swiss Weekend,bf:5f140c57341d821185ca56df,BarndoorRoge,1520.6,112.8,5,3.53,2020-08-29
2021-02-15,KARDS Open IV - Swiss Weekend,bf:5f140d9bbcbe32117ff6b7e7,Snakii0,1422.4,113.5,5,3.53,2020-08-29
2021-02-15,KARDS Open IV - Swiss Weekend,bf:5f140ea9b4738624c4277d71,Heist,1450.0,107.0,7,4.75,2020-07-26
2021-02-15,KARDS Open IV - Swiss Weekend,bf:5f14582a341d821185ca59e8,TheStray,1480.6,104.9,8,5.43,2020-07-26
2021-02-15,KARDS Open IV - Swiss Weekend,bf:5f145d63b4738624c4278122,Jotora,1559.3,104.1,8,5.43,2020-07-26
2021-02-15,KARDS Open IV - Swiss Weekend,bf:5f148273cd3934118e03b196,Shaemas,1476.5,87.7,15,10.5,2020-08-30
2021-02-15,KARDS Open IV - Swiss Weekend,bf:5f1493df1c8cdf16056f8bc9,CheL_oFF,1506.9,99.0,7,6.89,2021-02-07
2021-02-15,KARDS Open IV - Swiss Weekend,bf:5f14e99eea159211b4c99eab,Jacob,1387.1,104.6,8,5.43,2020-07-26
2021-02-15,KARDS Open IV - Swiss Weekend,bf:5f1520542cba8f11c2a44c16,DarkMist,1411.8,89.8,14,11.15,2021-02-07
2021-02-15,KARDS Open IV - Swiss Weekend,bf:5f153751eea71b24bc31458b,VLAD420,1445.8,104.1,8,5.43,2020-07-26
2021-02-15,KARDS Open IV - Swiss Weekend,bf:5f1539bacfac0e373c6166ce,donigi,1477.5,86.8,16,11.23,2020-08-30
2021-02-15,KARDS Open IV - Swiss Weekend,bf:5f155f3577697711a235e552,total,1481.9,133.8,1,0.72,2020-08-29
2021-02-15,KARDS Open IV - Swiss Weekend,bf:5f1566b0341d821185ca734b,Юрий,1472.7,107.6,7,4.75,2020-07-26
2021-02-15,KARDS Open IV - Swiss Weekend,bf:5f156d9fb4738624c42798e8,Evilmunki,1411.4,106.5,7,4.75,2020-07-26
2021-02-15,KARDS Open IV - Swiss Weekend,bf:5f15827677697711a235e95c,ACOG,1480.7,133.7,1,0.68,2020-07-25
2021-02-15,KARDS Open IV - Swiss Weekend,bf:5f159e62ea159211b4c9a50e,scorp1one,1485.0,118.3,3,2.95,2021-02-06
2021-02-15,KARDS Open IV - Swiss Weekend,bf:5f15a9d0cfac0e373c616a81,gteacher12 (cst),1377.7,118.0,4,2.71,2020-07-26
2021-02-15,KARDS Open IV - Swiss Weekend,bf:5f1660782cba8f11c2a45e9c,Lolofy44,1521.6,83.1,17,12.95,2020-11-29
2021-02-15,KARDS Open IV - Swiss Weekend,bf:5f169f65bcbe32117ff6eb42,Lykas_OMES,1503.5,102.2,8,5.8,2020-08-30
2021-02-15,KARDS Open IV - Swiss Weekend,bf:5f176280381ccb11abff191f,terminetorK56,1484.5,105.3,7,5.08,2020-08-30
2021-02-15,KARDS Open IV - Swiss Weekend,bf:5f17d573bcbe32117ff6fd03,Vitaly Gorbunov,1468.0,132.6,1,0.68,2020-07-25
2021-02-15,KARDS Open IV - Swiss Weekend,bf:5f17ef0fcfac0e373c6190c4,[REDi]1R COL ANZAC_Ace,1468.0,121.5,3,2.03,2020-07-25
2021-02-15,KARDS Open IV - Swiss Weekend,bf:5f19119cb4738624c427e33c,SA-GR,1418.2,107.5,7,4.75,2020-07-26
2021-02-15,KARDS Open IV - Swiss Weekend,bf:5f193071cfac0e373c61a11b,PetitPoney,1526.7,113.9,5,3.48,2020-08-29
2021-02-15,KARDS Open IV - Swiss Weekend,bf:5f1a8cc8b4738624c42817ef,Tigerkater,1478.6,109.1,7,4.75,2020-07-26
2021-02-15,KARDS Open IV - Swiss Weekend,bf:5f1b1546b4738624c4282183,Skunk,1380.0,104.2,8,5.43,2020-07-26
2021-02-15,KARDS Open IV - Swiss Weekend,bf:5f1b3f1b08ac6c1dd4d6bb23,brienoconan,1532.1,122.6,3,2.03,2020-07-25
2021-02-15,KARDS Open IV - Swiss Weekend,bf:5f1b48d1abfcb016362ba48e,Berni de Balle,1571.1,68.5,29,23.42,2021-02-07
2021-02-15,KARDS Open IV - Swiss Weekend,bf:5f1b9f20a73922196c802448,Gamesite,1463.6,113.8,5,3.39,2020-07-26
2021-02-15,KARDS Open IV - Swiss Weekend,bf:5f1bad8bb4738624c4283cf6,Filpa,1557.7,93.4,12,8.37,2020-08-30
2021-02-15,KARDS Open IV - Swiss Weekend,bf:5f318206a8e6c511a449d179,0CanadaBear0,1469.5,112.2,5,3.62,2020-08-30
2021-02-15,KARDS Open IV - Swiss Weekend,bf:5f318c62af063111a36cedab,aa,1549.2,103.6,8,5.8,2020-08-30
2021-02-15,KARDS Open IV - Swiss Weekend,bf:5f31dbda9ab87f2e0c19cd0c,RNGek,1577.5,83.2,16,12.69,2020-11-29
2021-02-15,KARDS Open IV - Swiss Weekend,bf:5f31e18d7bd80311ab780bcb,天之子将军,1552.1,109.7,6,4.35,2020-08-30
2021-02-15,KARDS Open IV - Swiss Weekend,bf:5f31e6b930b92e118dbc3b00,r3in0r,1431.5,126.4,2,1.45,2020-08-29
2021-02-15,KARDS Open IV - Swiss Weekend,bf:5f32224b74a4bd1196ff8e97,yourBRO,1431.9,103.8,7,5.75,2020-11-28
2021-02-15,KARDS Open IV - Swiss Weekend,bf:5f323b2daf063111a36cffab,chmy426,1590.2,113.4,4,3.44,2020-11-28
2021-02-15,KARDS Open IV - Swiss Weekend,bf:5f32755630b92e118dbc4132,Joeybag0doughnuts,1454.8,131.9,1,0.72,2020-08-29
2021-02-15,KARDS Open IV - Swiss Weekend,bf:5f32919a74a4bd1196ff9509,wydsxl,1637.9,99.3,9,6.53,2020-09-05
2021-02-15,KARDS Open IV - Swiss Weekend,bf:5f32abe69ab87f2e0c19e0b7,"Oh, Pretty Woman",1342.4,113.2,5,3.62,2020-08-30
2021-02-15,KARDS Open IV - Swiss Weekend,bf:5f32b5a5af063111a36d039f,Spartan,1462.8,132.2,1,0.72,2020-08-29
2021-02-15,KARDS Open IV - Swiss Weekend,bf:5f32c6147bd80311ab78193f,petriachor,1609.0,74.6,21,17.74,2021-02-07
2021-02-15,KARDS Open IV - Swiss Weekend,bf:5f32ca9074a4bd1196ff97d9,Sirbol,1520.7,101.9,8,5.8,2020-08-30
2021-02-15,KARDS Open IV - Swiss Weekend,bf:5f32e74430b92e118dbc4866,alan1957,1466.6,132.1,1,0.72,2020-08-29
2021-02-15,KARDS Open IV - Swiss Weekend,bf:5f32f48419fcf2666b2abff1,kowalski,1665.8,80.6,16,14.78,2021-02-13
2021-02-15,KARDS Open IV - Swiss Weekend,bf:5f3304e930b92e118dbc4ad6,maxterGIO,1515.6,102.3,8,5.8,2020-08-30
2021-02-15,KARDS Open IV - Swiss Weekend,bf:5f3321d98a94d511b1d67c5b,ExpelliarmusA,1572.1,102.1,8,5.8,2020-08-30
2021-02-15,KARDS Open IV - Swiss Weekend,bf:5f332d0619fcf2666b2ac60a,comrade nicky,1532.6,121.3,3,2.17,2020-08-29
2021-02-15,KARDS Open IV - Swiss Weekend,bf:5f344b7a8a94d511b1d68a96,John™,1435.2,108.4,7,5.07,2020-08-30
2021-02-15,KARDS Open IV - Swiss Weekend,bf:5f34d3bdacefe6118a5de444,Ottotheblue,1475.0,81.3,17,13.56,2020-11-29
2021-02-15,KARDS Open IV - Swiss Weekend,bf:5f351f60af063111a36d282b,Sadrik,1568.6,102.4,8,5.8,2020-08-30
2021-02-15,KARDS Open IV - Swiss Weekend,bf:5f354d22e4876e1184288d58,Ripoff,1546.8,92.5,11,8.79,2020-11-29
2021-02-15,KARDS Open IV - Swiss Weekend,bf:5f35946553b8ce11abe62c4d,FRIKAZOID,1479.0,121.2,3,2.17,2020-08-29
2021-02-15,KARDS Open IV - Swiss Weekend,bf:5f362c8703dbcc11d58d78e3,Kolbasnik,1603.6,72.0,23,19.58,2021-02-07
2021-02-15,KARDS Open IV - Swiss Weekend,bf:5f369b86c897e0119e4ff6f8,PatsenBR,1484.0,106.2,7,5.08,2020-08-30
2021-02-15,KARDS Open IV - Swiss Weekend,bf:5f36c30fff2e5911a44a282e,Józef Piłsudski,1430.2,126.3,2,1.45,2020-08-29
2021-02-15,KARDS Open IV - Swiss Weekend,bf:5f36cca903dbcc11d58d89d8,Wolnigree,1430.0,126.1,2,1.45,2020-08-29
2021-02-15,KARDS Open IV - Swiss Weekend,bf:5f36dc4b98f0a311ad32446c,Zig_Zag,1544.9,96.7,10,7.77,2021-02-06
2021-02-15,KARDS Open IV - Swiss Weekend,bf:5f37cf6b6ce6de28d63de407,Ailoyros,1460.0,132.2,1,0.72,2020-08-29
2021-02-15,KARDS Open IV - Swiss Weekend,bf:5f3800b06ce6de28d63de960,RicardoTamanini,1421.4,123.1,3,2.17,2020-08-29
2021-02-15,KARDS Open IV - Swiss Weekend,bf:5f382e1f33118628f2f56ca7,Dash_ek,1520.4,105.1,7,5.07,2020-08-30
2021-02-15,KARDS Open IV - Swiss Weekend,bf:5f38338163cc1128e5f86f97,Brendan,1455.3,102.9,8,5.8,2020-08-30
2021-02-15,KARDS Open IV - Swiss Weekend,bf:5f3846d25b41bf2bd0fe2207,Spooky Time,1418.2,122.6,3,2.17,2020-08-29
2021-02-15,KARDS Open IV - Swiss Weekend,bf:5f3858c1b83d9d2bb0609265,wdhtu,1482.0,113.0,5,3.62,2020-08-30
2021-02-15,KARDS Open IV - Swiss Weekend,bf:5f3a8d53c190e3296d7a1eef,nagymaciii,1440.3,126.7,2,1.45,2020-08-29
2021-02-15,KARDS Open IV - Swiss Weekend,bf:5f3a8e2d33118628f2f5a7d5,Goltz,1471.1,132.5,1,0.72,2020-08-29
2021-02-15,KARDS Open IV - Swiss Weekend,bf:5f3a8eb4dd76a928dcec9bec,Coronel_Mostarda,1446.7,117.0,4,2.9,2020-08-29
2021-02-15,KARDS Open IV - Swiss Weekend,bf:5f3ab4ce63cc1128e5f8a327,DrTacos,1390.9,121.5,3,2.17,2020-08-30
2021-02-15,KARDS Open IV - Swiss Weekend,bf:5f3b1ebadd76a928dceca753,ZackXue,1519.6,103.4,8,5.8,2020-08-30
2021-02-15,KARDS Open IV - Swiss Weekend,bf:5f3bc9efdbf742295bce0a9d,黑森公爵,1465.5,132.1,1,0.72,2020-08-29
2021-02-15,KARDS Open IV - Swiss Weekend,bf:5f3bcb62c190e3296d7a2cd2,abandon,1499.8,124.7,2,1.72,2020-11-28
2021-02-15,KARDS Open IV - Swiss Weekend,bf:5f3d0646dd76a928dceccb16,Ertugrul Gazi,1526.8,102.5,8,5.8,2020-08-30
2021-02-15,KARDS Open IV - Swiss Weekend,bf:5f3d19c7dd76a928dceccbcd,HaxBaba,1545.6,107.1,7,5.08,2020-08-30
2021-02-15,KARDS Open IV - Swiss Weekend,bf:5f3d1e45c190e3296d7a4aa5,Barton,1466.1,132.0,1,0.72,2020-08-29
2021-02-15,KARDS Open IV - Swiss Weekend,bf:5f3e11a1a3f8871d5075e3d0,Valar,1402.8,110.7,6,4.35,2020-08-30
2021-02-15,KARDS Open IV - Swiss Weekend,bf:5f3fbdaeb856d24e0965bbc4,Stluvik,1509.0,114.9,5,3.62,2020-08-30
2021-02-15,KARDS Open IV - Swiss Weekend,bf:5f3fc42472caf64e0f2b589c,Shiva's,1639.1,93.5,12,9.24,2020-11-28
2021-02-15,KARDS Open IV - Swiss Weekend,bf:5f3ff2e624334d4ac794708e,FearlessFreep2,1498.5,116.7,4,2.9,2020-08-30
2021-02-15,KARDS Open IV - Swiss Weekend,bf:5f4022e92736604a195ffbfb,Ol'Red,1414.6,121.9,3,2.17,2020-08-29
2021-02-15,KARDS Open IV - Swiss Weekend,bf:5f404839cabbdc4a26620899,sNapple,1399.3,119.6,3,2.58,2020-11-28
2021-02-15,KARDS Open IV - Swiss Weekend,bf:5f41a73ee7543f4a0a54f568,Kipahigan,1531.4,105.3,7,5.08,2020-08-30
2021-02-15,KARDS Open IV - Swiss Weekend,bf:5f4318d1681ff84ab5ec92f9,Sidecrawler,1504.7,74.1,21,17.87,2021-02-07
2021-02-15,KARDS Open IV - Swiss Weekend,bf:5f4536884cbe7961ba1906fa,Zanderson30,1605.0,100.3,9,6.53,2020-09-05
2021-02-15,KARDS Open IV - Swiss Weekend,bf:5f4617f7cff9bb4e25c81a49,Daccro,1461.9,120.9,3,2.17,2020-08-29
2021-02-15,KARDS Open IV - Swiss Weekend,bf:5f464a379f8a441a7681100e,Grarivier,1560.5,102.7,8,5.8,2020-08-30
2021-02-15,KARDS Open IV - Swiss Weekend,bf:5f469fbd9f8a441a768119af,yura,1458.4,132.1,1,0.72,2020-08-29
2021-02-15,KARDS Open IV - Swiss Weekend,bf:5f46ff72cff9bb4e25c82ac7,hartmanator1,1536.9,85.7,14,11.38,2020-11-29
2021-02-15,KARDS Open IV - Swiss Weekend,bf:5f47aca042aba63789789166,UBCers,1437.4,126.3,2,1.45,2020-08-29
2021-02-15,KARDS Open IV - Swiss Weekend,bf:5f48837c34f6ed5f7791f82a,RIBO,1557.4,106.6,7,5.07,2020-08-30
2021-02-15,KARDS Open IV - Swiss Weekend,bf:5f4965bb76b8305ffaa36866,Ernst1871,1504.6,92.0,11,9.2,2020-11-29
2021-02-15,KARDS Open IV - Swiss Weekend,bf:5f49b691c955654e18759c1e,Ryestye,1557.3,133.0,1,0.72,2020-08-29
2021-02-15,KARDS Open IV - Swiss Weekend,bf:5f4a2d8c76b8305ffaa376af,smerch,1468.2,121.1,3,2.17,2020-08-29
2021-02-15,KARDS Open IV - Swiss Weekend,bf:5f4a40fd34f6ed5f7792170c,LemonShark,1472.6,106.2,7,5.07,2020-08-30
2021-02-15,KARDS Open IV - Swiss Weekend,bf:5f4a66a7629c8b6045fa11b9,Сэм,1471.7,102.9,8,5.8,2020-08-30
2021-02-15,KARDS Open IV - Swiss Weekend,bf:5f908c01a261b945b6c471e8,OliRoB,1307.2,106.2,6,5.91,2021-02-07
2021-02-15,KARDS Open IV - Swiss Weekend,bf:5fa1ee84f8fc171ea9f66554,El Chickenrice,1649.9,98.4,8,6.89,2020-11-29
2021-02-15,KARDS Open IV - Swiss Weekend,bf:5fa2011d11743771ade90dee,testo,1732.9,77.1,19,17.65,2021-02-15
2021-02-15,KARDS Open IV - Swiss Weekend,bf:5fa27bfdf8fc171ea9f66924,CalinBZ,1565.3,115.9,4,3.44,2020-11-28
2021-02-15,KARDS Open IV - Swiss Weekend,bf:5fa27e32f8fc171ea9f66940,vegetable,1603.1,99.9,7,6.89,2021-02-07
2021-02-15,KARDS Open IV - Swiss Weekend,bf:5fa2928f11743771ade9128e,Ax,1510.7,123.7,2,1.72,2020-11-28
2021-02-15,KARDS Open IV - Swiss Weekend,bf:5fa2992ef8fc171ea9f66a3e,犹似深闺梦中人,1549.6,109.0,5,4.31,2020-11-28
2021-02-15,KARDS Open IV - Swiss Weekend,bf:5fa2d1356b9c704abc3f86e4,MoncherFrag,1475.4,110.4,5,4.31,2020-11-28
2021-02-15,KARDS Open IV - Swiss Weekend,bf:5fa3973bf8fc171ea9f68255,辉辉呀,1415.2,109.8,5,4.55,2021-02-06
2021-02-15,KARDS Open IV - Swiss Weekend,bf:5fa3da8e11743771ade92018,Spooz,1632.0,79.7,16,14.65,2021-02-07
2021-02-15,KARDS Open IV - Swiss Weekend,bf:5fa3e36b6b9c704abc3f92a0,bruki,1508.2,125.2,2,1.72,2020-11-28
2021-02-15,KARDS Open IV - Swiss Weekend,bf:5fa4097911743771ade92145,David Lynch,1469.5,131.7,1,0.86,2020-11-28
2021-02-15,KARDS Open IV - Swiss Weekend,bf:5fa467df4eb3c2458669c29a,Berto Burrito,1760.0,92.4,10,9.9,2021-02-15
2021-02-15,KARDS Open IV - Swiss Weekend,bf:5fa530563f52763256b7593d,Civlj,1510.1,124.1,2,1.72,2020-11-28
2021-02-15,KARDS Open IV - Swiss Weekend,bf:5fa5397c241d875936d2c2f2,Vadim,1607.1,83.6,14,12.8,2021-02-07
2021-02-15,KARDS Open IV - Swiss Weekend,bf:5fa57306cc28b3594394b946,Liszt,1541.6,110.9,5,4.43,2021-02-06
2021-02-15,KARDS Open IV - Swiss Weekend,bf:5fa5ede611743771ade94108,comtruise,1713.1,85.4,13,12.46,2021-02-13
2021-02-15,KARDS Open IV - Swiss Weekend,bf:5fa62937c3c163598ec80783,CCMS-031,1580.8,103.3,6,5.9,2021-02-07
2021-02-15,KARDS Open IV - Swiss Weekend,bf:5fafaf199a9e750ea663a8e3,发牌员没马,1507.1,125.0,2,1.72,2020-11-28
2021-02-15,KARDS Open IV - Swiss Weekend,bf:5fafe4c9eb92fe0475436826,TheMiltonBradley,1526.9,95.1,9,7.76,2020-11-29
2021-02-15,KARDS Open IV - Swiss Weekend,bf:5fafe7dfe7d89a60d43336cc,Primal,1429.9,125.3,2,1.72,2020-11-28
2021-02-15,KARDS Open IV - Swiss Weekend,bf:5fafeec6e7d89a60d4333722,wodandos,1449.9,118.6,3,2.58,2020-11-28
2021-02-15,KARDS Open IV - Swiss Weekend,bf:5faff24f698db1048d26b032,Stenli72,1471.0,101.7,7,6.03,2020-11-29
2021-02-15,KARDS Open IV - Swiss Weekend,bf:5faffa8a502b9e587d1b7c3e,"Alexandre ""Mainovski"" Mainaud",1437.0,114.1,4,3.44,2020-11-28
2021-02-15,KARDS Open IV - Swiss Weekend,bf:5faffbe71632970e916b602a,xceroks,1438.0,131.5,1,0.86,2020-11-28
2021-02-15,KARDS Open IV - Swiss Weekend,bf:5fb026c1502b9e587d1b838d,Anklestina,1493.8,113.3,4,3.44,2020-11-28
2021-02-15,KARDS Open IV - Swiss Weekend,bf:5fb02943698db1048d26b9cd,Bison,1587.3,98.6,8,6.89,2020-11-29
2021-02-15,KARDS Open IV - Swiss Weekend,bf:5fb02c08698db1048d26ba0d,VReznov2137,1463.4,131.1,1,0.86,2020-11-28
2021-02-15,KARDS Open IV - Swiss Weekend,bf:5fb032ea502b9e587d1b85eb,Secret Deadbeat,1601.1,120.2,3,2.58,2020-11-28
2021-02-15,KARDS Open IV - Swiss Weekend,bf:5fb035bf502b9e587d1b8643,Annki,1415.6,109.7,5,4.55,2021-02-06
2021-02-15,KARDS Open IV - Swiss Weekend,bf:5fb051789a9e750ea663bb88,Khal Drogo,1487.2,119.4,3,2.58,2020-11-28
2021-02-15,KARDS Open IV - Swiss Weekend,bf:5fb0acb4eb92fe047543807d,MagiC,1503.3,111.2,4,3.93,2021-02-06
2021-02-15,KARDS Open IV - Swiss Weekend,bf:5fb0b189f07fad440734d338,IWS2000,1418.7,96.5,9,7.76,2020-11-29
2021-02-15,KARDS Open IV - Swiss Weekend,bf:5fb0d42e9a9e750ea663c3fc,[V_M]_MorS_{B},1614.7,100.0,8,6.89,2020-11-29
2021-02-15,KARDS Open IV - Swiss Weekend,bf:5fb0e0020c8f110e8a8bf3f2,Krieger,1454.3,131.1,1,0.86,2020-11-28
2021-02-15,KARDS Open IV - Swiss Weekend,bf:5fb0ee1e698db1048d26c5af,Eirik II,1393.8,99.1,8,6.89,2020-11-29
2021-02-15,KARDS Open IV - Swiss Weekend,bf:5fb0eee19a9e750ea663c435,player1,1512.1,98.4,8,6.89,2020-11-29
2021-02-15,KARDS Open IV - Swiss Weekend,bf:5fb0f0121632970e916b7856,panzer_398,1397.2,109.7,5,4.31,2020-11-29
2021-02-15,KARDS Open IV - Swiss Weekend,bf:5fb110bd698db1048d26c5f6,Aksara,1548.9,105.9,6,5.17,2020-11-29
2021-02-15,KARDS Open IV - Swiss Weekend,bf:5fb1143e502b9e587d1b94dc,KillerQueenS,1433.0,126.0,2,1.72,2020-11-28
2021-02-15,KARDS Open IV - Swiss Weekend,bf:5fb1184c0c8f110e8a8bf660,only_,1533.5,115.3,4,3.44,2020-11-28
2021-02-15,KARDS Open IV - Swiss Weekend,bf:5fb1316c502b9e587d1b95e6,Bartkopolus123,1447.7,130.9,1,0.86,2020-11-28
2021-02-15,KARDS Open IV - Swiss Weekend,bf:5fb18ed99a9e750ea663cd33,Vitzekk,1555.7,110.0,5,4.31,2020-11-29
2021-02-15,KARDS Open IV - Swiss Weekend,bf:5fb1a2cb5caa4f5e4bc80d56,SpaceCowboy,1449.7,126.7,2,1.72,2020-11-28
2021-02-15,KARDS Open IV - Swiss Weekend,bf:5fb1bf581632970e916b85be,nolans34,1579.1,96.0,9,7.76,2020-11-29
2021-02-15,KARDS Open IV - Swiss Weekend,bf:5fb1cbe45caa4f5e4bc81377,Beefy 109,1558.7,125.9,2,1.72,2020-11-28
2021-02-15,KARDS Open IV - Swiss Weekend,bf:5fb1cc6ee0bfea60c76a1385,Tenstrovski,1512.8,105.0,6,5.17,2020-11-29
2021-02-15,KARDS Open IV - Swiss Weekend,bf:5fb1db8c5caa4f5e4bc8168d,Poochies,1510.8,113.6,4,3.44,2020-11-28
2021-02-15,KARDS Open IV - Swiss Weekend,bf:5fb1f464698db1048d26d582,Morsimos,1622.9,99.7,8,6.89,2020-11-29
2021-02-15,KARDS Open IV - Swiss Weekend,bf:5fb249e5f07fad440734e5ea,SirFragir,1481.7,98.8,8,6.89,2020-11-29
2021-02-15,KARDS Open IV - Swiss Weekend,bf:5fb27723698db1048d26d94d,StabKingPro,1584.6,96.0,9,7.76,2020-11-29
2021-02-15,KARDS Open IV - Swiss Weekend,bf:5fb2c8f11632970e916b926c,Drake/Fabi,1504.7,102.7,7,6.03,2020-11-29
2021-02-15,KARDS Open IV - Swiss Weekend,bf:5fb3184d9a9e750ea663e423,killswitch,1473.7,100.0,8,6.89,2020-11-29
2021-02-15,KARDS Open IV - Swiss Weekend,bf:5fb3203b1632970e916b97b7,chr1st0ph3r,1475.4,119.1,3,2.58,2020-11-28
2021-02-15,KARDS Open IV - Swiss Weekend,bf:5fb3df78f07fad440734f6f7,slameo,1415.5,102.8,7,6.03,2020-11-29
2021-02-15,KARDS Open IV - Swiss Weekend,bf:5fb3e6ddf07fad440734f71f,tr4cker,1436.0,125.4,2,1.72,2020-11-28
2021-02-15,KARDS Open IV - Swiss Weekend,bf:5fb3f43ee0bfea60c76a2a56,General E. Drunk,1627.8,99.8,8,6.89,2020-11-29
2021-02-15,KARDS Open IV - Swiss Weekend,bf:5fb3f8b3e7d89a60d4337959,Kn1ghT,1448.1,118.6,3,2.58,2020-11-28
2021-02-15,KARDS Open IV - Swiss Weekend,bf:5fb42443a2fd346547530b2e,RED SUN,1536.0,119.8,3,2.58,2020-11-28
2021-02-15,KARDS Open IV - Swiss Weekend,bf:5fb43070a2fd346547530c21,[14e]tuveuxdugateaux,1477.2,96.0,9,7.76,2020-11-29
2021-02-15,KARDS Open IV - Swiss Weekend,bf:5fb4442a9a9e750ea663ee54,Scythe,1461.8,110.2,5,4.31,2020-11-28
2021-02-15,KARDS Open IV - Swiss Weekend,bf:5fb4d729f07fad44073509e4,Victrix,1484.5,116.7,4,3.44,2020-11-28
2021-02-15,KARDS Open IV - Swiss Weekend,bf:5fb666119a9e750ea664030b,Setteduetto,1542.9,98.7,8,6.89,2020-11-29
2021-02-15,KARDS Open IV - Swiss Weekend,bf:5fb6a5d3e7d89a60d4339244,kingsharaman,1462.8,131.3,1,0.86,2020-11-28
2021-02-15,KARDS Open IV - Swiss Weekend,bf:5fb6da26eb92fe047543c823,rostigerloeffel,1570.3,96.1,9,7.76,2020-11-29
2021-02-15,KARDS Open IV - Swiss Weekend,bf:5fb719fde0bfea60c76a4f50,rayko,1332.0,100.9,8,6.89,2020-11-29
2021-02-15,KARDS Open IV - Swiss Weekend,bf:5fb73781698db1048d271114,Lazer Wolf,1387.1,119.0,3,2.58,2020-11-28
2021-02-15,KARDS Open IV - Swiss Weekend,bf:5fb7473c502b9e587d1becbe,ILoveMooncake,1690.3,93.4,9,8.88,2021-02-13
2021-02-15,KARDS Open IV - Swiss Weekend,bf:5fb8387c1faa4843f941ba10,Álmos,1540.9,119.2,3,2.58,2020-11-28
2021-02-15,KARDS Open IV - Swiss Weekend,bf:5fb97cee0c24381d904b5447,bengui,1537.3,118.7,3,2.58,2020-11-28
2021-02-15,KARDS Open IV - Swiss Weekend,bf:5fb98c8e19c8f219d78717ac,DrQuencher,1422.9,124.6,2,1.72,2020-11-28
2021-02-15,KARDS Open IV - Swiss Weekend,bf:5fba777719c8f219d787247b,roberto7208,1459.0,96.0,9,7.76,2020-11-29
2021-02-15,KARDS Open IV - Swiss Weekend,bf:5fbb03850f21e57963850470,Pie4155,1414.0,102.5,7,6.03,2020-11-29
2021-02-15,KARDS Open IV - Swiss Weekend,bf:5fbc0c3e2dc8793ada84fdb3,Mark2020,1429.6,103.0,7,6.03,2020-11-29
2021-02-15,KARDS Open IV - Swiss Weekend,bf:5fbc3b8e0f21e5796385112f,spambox9,1501.9,102.8,7,6.03,2020-11-29
2021-02-15,KARDS Open IV - Swiss Weekend,bf:5fbc4040adfefd64e8c8fd73,Diogenesis,1559.7,109.8,5,4.31,2020-11-28
2021-02-15,KARDS Open IV - Swiss Weekend,bf:5fbc5711a2fd34654753a8c0,Magister Erik,1616.0,99.4,8,6.89,2020-11-29
2021-02-15,KARDS Open IV - Swiss Weekend,bf:5fbc79591632970e916c3fe5,Breich,1475.5,109.4,5,4.31,2020-11-28
2021-02-15,KARDS Open IV - Swiss Weekend,bf:5fbd548d698db1048d27a866,Citrons,1547.2,98.6,8,6.89,2020-11-29
2021-02-15,KARDS Open IV - Swiss Weekend,bf:5fbd71c2e7d89a60d43410ca,lean87ki,1548.1,80.0,16,14.65,2021-02-07
2021-02-15,KARDS Open IV - Swiss Weekend,bf:5fbdb89d26ea883a51583400,Kongo,1556.6,108.6,5,4.31,2020-11-28
2021-02-15,KARDS Open IV - Swiss Weekend,bf:5fbe830b26ea883a515839f5,炮灰no1,1438.9,114.8,4,3.44,2020-11-28
2021-02-15,KARDS Open IV - Swiss Weekend,bf:5fbe834ea2fd34654753c095,Hans Friderich R,1501.5,123.9,2,1.72,2020-11-28
2021-02-15,KARDS Open IV - Swiss Weekend,bf:5fbe83792dc8793ada85198d,pilotttt(Илья),1416.5,124.4,2,1.72,2020-11-28
2021-02-15,KARDS Open IV - Swiss Weekend,bf:5fbe84641632970e916c5996,unclefox,1657.1,97.6,9,7.76,2020-11-29
2021-02-15,KARDS Open IV - Swiss Weekend,bf:5fbe848ca2fd34654753c09a,Future,1463.3,119.1,3,2.58,2020-11-28
2021-02-15,KARDS Open IV - Swiss Weekend,bf:5fbe860ca2fd34654753c09d,正宗重庆老友粉,1434.4,125.0,2,1.72,2020-11-28
2021-02-15,KARDS Open IV - Swiss Weekend,bf:5fbe862ca447ab4bb37e0f77,meistermiagi,1420.6,124.7,2,1.72,2020-11-28
2021-02-15,KARDS Open IV - Swiss Weekend,bf:5fbe86401632970e916c599c,JamesBoned,1530.2,109.4,5,4.31,2020-11-28
2021-02-15,KARDS Open IV - Swiss Weekend,bf:5fbe873b4d01f9313d135045,KrisKrinkel,1441.5,126.0,2,1.72,2020-11-28
2021-02-15,KARDS Open IV - Swiss Weekend,bf:5fbe87ea5d320863b86f031b,Hydrogen,1544.6,99.5,8,6.9,2020-11-29
2021-02-15,KARDS Open IV - Swiss Weekend,bf:5fbe89294d01f9313d135068,MrMolotoff,1507.2,98.2,8,6.89,2020-11-29
2021-02-15,KARDS Open IV - Swiss Weekend,bf:5fbe89b5043fd20cdf90cccf,tonywan,1357.2,114.5,4,3.44,2020-11-28
2021-02-15,KARDS Open IV - Swiss Weekend,bf:5fbe8ae05d320863b86f032c,Anto,1444.8,114.6,4,3.44,2020-11-28
2021-02-15,KARDS Open IV - Swiss Weekend,bf:5fbe8afb698db1048d27b396,SkittleSabot,1533.9,131.7,1,0.86,2020-11-28
2021-02-15,KARDS Open IV - Swiss Weekend,bf:5fbe8b8ea447ab4bb37e0fc8,päpä,1440.5,97.1,9,7.76,2020-11-29
2021-02-15,KARDS Open IV - Swiss Weekend,bf:5fbe8c402dc8793ada8519d5,Der_Admiral,1539.7,109.1,5,4.31,2020-11-28
2021-02-15,KARDS Open IV - Swiss Weekend,bf:5fbe906ba2fd34654753c0fc,captain.pothead,1488.3,119.2,3,2.58,2020-11-28
2021-02-15,KARDS Open IV - Swiss Weekend,bf:5fbe91ca26ea883a51583aa4,yra111,1473.9,120.3,3,2.58,2020-11-28
2021-02-15,KARDS Open IV - Swiss Weekend,bf:5fbe9602698db1048d27b3e0,Rumfart,1432.3,124.9,2,1.72,2020-11-28
2021-02-15,KARDS Open IV - Swiss Weekend,bf:5fbe96be698db1048d27b3e4,Youmu_chan,1486.5,110.0,5,4.31,2020-11-28
2021-02-15,KARDS Open IV - Swiss Weekend,bf:5fbe970e26ea883a51583ac1,UnbearableMe,1454.7,130.9,1,0.86,2020-11-28
2021-02-15,KARDS Open IV - Swiss Weekend,bf:5fbe971d0f21e57963852d08,牛头人杀手,1500.4,124.9,2,1.72,2020-11-28
2021-02-15,KARDS Open IV - Swiss Weekend,bf:5fbe9b450f21e57963852d1e,garygo,1517.9,98.5,8,6.9,2020-11-29
2021-02-15,KARDS Open IV - Swiss Weekend,bf:5fbeac15a447ab4bb37e116f,ThuggerJuice,1541.6,95.3,9,7.76,2020-11-29
2021-02-15,KARDS Open IV - Swiss Weekend,bf:5fbeb056698db1048d27b5bd,Stuie,1454.6,98.8,8,6.89,2020-11-29
2021-02-15,KARDS Open IV - Swiss Weekend,bf:5fbeb20eb0ef7749130e452c,Dawn,1551.6,98.6,8,6.89,2020-11-29
2021-02-15,KARDS Open IV - Swiss Weekend,bf:5fbeb7541632970e916c5c93,finny,1479.7,96.3,9,7.76,2020-11-29
2021-02-15,KARDS Open IV - Swiss Weekend,bf:5fbebdee043fd20cdf90cfaf,GM_Logan,1546.7,88.7,11,9.97,2021-02-07
2021-02-15,KARDS Open IV - Swiss Weekend,bf:5fbed15626ea883a51583d3f,Empyreal,1417.8,124.2,2,1.72,2020-11-28
2021-02-15,KARDS Open IV - Swiss Weekend,bf:5fbedfbc0f21e57963853121,Raswar47,1419.4,124.8,2,1.72,2020-11-28
2021-02-15,KARDS Open IV - Swiss Weekend,bf:5fbef0144d01f9313d135b11,Geezer,1614.9,95.9,9,7.76,2020-11-29
2021-02-15,KARDS Open IV - Swiss Weekend,bf:5fbef0d92dc8793ada8527a5,嘤嘤嘤,1421.5,124.5,2,1.72,2020-11-28
2021-02-15,KARDS Open IV - Swiss Weekend,bf:5fbef3ecb0ef7749130e49bc,MaskedMarvel,1493.9,124.5,2,1.72,2020-11-28
2021-02-15,KARDS Open IV - Swiss Weekend,bf:5fbf17032dc8793ada852978,UltramanT80,1418.3,124.9,2,1.72,2020-11-28
2021-02-15,KARDS Open IV - Swiss Weekend,bf:5fbf174c5d320863b86f0efc,如临深渊,1505.9,124.3,2,1.72,2020-11-28
2021-02-15,KARDS Open IV - Swiss Weekend,bf:5fbf1ad71632970e916c627a,TowerNumberNine,1433.3,125.0,2,1.72,2020-11-28
2021-02-15,KARDS Open IV - Swiss Weekend,bf:5fbf28984d01f9313d135d0f,Ayako,1457.9,131.3,1,0.86,2020-11-28
2021-02-15,KARDS Open IV - Swiss Weekend,bf:5fbf30a2a447ab4bb37e1b38,1330775381,1446.8,127.2,2,1.72,2020-11-28
2021-02-15,KARDS Open IV - Swiss Weekend,bf:5fbf32921632970e916c6301,Paddy,1422.7,124.9,2,1.72,2020-11-28
2021-02-15,KARDS Open IV - Swiss Weekend,bf:5fbf3849043fd20cdf90d500,Dirty Jon,1477.9,101.2,7,6.03,2020-11-29
2021-02-15,KARDS Open IV - Swiss Weekend,bf:5fbf3d90adfefd64e8c91af1,tortunbator,1464.6,119.7,3,2.58,2020-11-28
2021-02-15,KARDS Open IV - Swiss Weekend,bf:5fbf4b25698db1048d27bdc9,白皮猪杀手,1418.6,124.8,2,1.72,2020-11-28
2021-02-15,KARDS Open IV - Swiss Weekend,bf:5fbf4fe05d320863b86f0fb6,Kimssa,1573.3,98.5,8,6.89,2020-11-29
2021-02-15,KARDS Open IV - Swiss Weekend,bf:5fbf516e2dc8793ada852a4c,VitalkaFS,1516.6,114.0,4,3.44,2020-11-28
2021-02-15,KARDS Open IV - Swiss Weekend,bf:5fbf5273adfefd64e8c91b99,crazymonkey,1538.2,109.7,5,4.31,2020-11-28
2021-02-15,KARDS Open IV - Swiss Weekend,bf:5fbf62605d320863b86f0ff1,梁家河扛麦郎,1498.4,124.0,2,1.72,2020-11-28
2021-02-15,KARDS Open IV - Swiss Weekend,bf:5fbf6ade2dc8793ada852a75,Maty,1573.1,98.6,8,6.89,2020-11-29
2021-02-15,KARDS Open IV - Swiss Weekend,bf:5fbf6f3f26ea883a515841f0,Wuhu_Airline,1433.2,125.6,2,1.72,2020-11-28
2021-02-15,KARDS Open IV - Swiss Weekend,bf:5fbf7a86b0ef7749130e4dec,ID由于太昭和无法显示,1456.3,118.4,3,2.58,2020-11-28
2021-02-15,KARDS Open IV - Swiss Weekend,bf:5fbf81d4698db1048d27bf78,Andrewkaiyan,1526.5,95.6,9,7.76,2020-11-29
2021-02-15,KARDS Open IV - Swiss Weekend,bf:5fbf8670698db1048d27bfda,zadkiel0508,1499.8,124.7,2,1.72,2020-11-28
2021-02-15,KARDS Open IV - Swiss Weekend,bf:5fbf86bf2dc8793ada852abe,Kiertscher,1516.9,98.7,8,6.89,2020-11-29
2021-02-15,KARDS Open IV - Swiss Weekend,bf:5fbf8fc55d320863b86f1086,共和国荣光,1472.9,119.5,3,2.58,2020-11-28
2021-02-15,KARDS Open IV - Swiss Weekend,bf:5fbf97cfb0ef7749130e4e94,AndyNing,1470.5,120.0,3,2.58,2020-11-28
2021-02-15,KARDS Open IV - Swiss Weekend,bf:5fbf9fa55d320863b86f10d6,watchmen,1624.6,108.7,5,4.31,2020-11-28
2021-02-15,KARDS Open IV - Swiss Weekend,bf:5fbfa1ec5d320863b86f10df,s8130662,1724.6,96.8,9,7.76,2020-11-29
2021-02-15,KARDS Open IV - Swiss Weekend,bf:5fbfa6575d320863b86f10ec,think,1430.3,125.2,2,1.72,2020-11-28
2021-02-15,KARDS Open IV - Swiss Weekend,bf:5fbfa75c0f21e57963853e73,2057458491@qq.com,1606.3,109.7,5,4.31,2020-11-28
2021-02-15,KARDS Open IV - Swiss Weekend,bf:5fbfa9f0a2fd34654753c891,Wizard,1565.2,95.4,9,7.76,2020-11-29
2021-02-15,KARDS Open IV - Swiss Weekend,bf:5fbfaa4726ea883a5158435d,UnhappyRefrain,1454.8,118.9,3,2.58,2020-11-28
2021-02-15,KARDS Open IV - Swiss Weekend,bf:5fbfaa5d698db1048d27c161,Feiron,1469.4,132.0,1,0.86,2020-11-28
2021-02-15,KARDS Open IV - Swiss Weekend,bf:5fbfafde1632970e916c652e,Non-motorized,1517.6,98.3,8,6.89,2020-11-29
2021-02-15,KARDS Open IV - Swiss Weekend,bf:5fbfb1ca2dc8793ada852b72,Satomi_ren,1622.5,102.3,7,6.03,2020-11-29
2021-02-15,KARDS Open IV - Swiss Weekend,bf:5fbfb4c7043fd20cdf90d6e1,唐努图什么,1501.1,124.7,2,1.72,2020-11-28
2021-02-15,KARDS Open IV - Swiss Weekend,bf:5fbfb60f1632970e916c6544,rayson366458,1441.0,126.1,2,1.72,2020-11-28
2021-02-15,KARDS Open IV - Swiss Weekend,bf:5fbfb8692dc8793ada852b8d,为啥起的名字都无效,1507.1,125.3,2,1.72,2020-11-28
2021-02-15,KARDS Open IV - Swiss Weekend,bf:5fbfb8f1043fd20cdf90d702,James Patterson,1429.4,113.9,4,3.44,2020-11-28
2021-02-15,KARDS Open IV - Swiss Weekend,bf:5fbfba184d01f9313d135f37,Simple One,1462.6,131.4,1,0.86,2020-11-28
2021-02-15,KARDS Open IV - Swiss Weekend,bf:5fbfbd51b0ef7749130e4f38,MC_Shiro,1590.1,88.3,12,11.19,2021-02-07
2021-02-15,KARDS Open IV - Swiss Weekend,bf:5fbfc2c9043fd20cdf90d720,bushirenchou,1554.4,109.4,5,4.31,2020-11-28
2021-02-15,KARDS Open IV - Swiss Weekend,bf:5fbfc6e15d320863b86f1193,李鸿章,1547.6,96.3,9,7.76,2020-11-29
2021-02-15,KARDS Open IV - Swiss Weekend,bf:5fbfd4581632970e916c6699,Claris,1470.2,119.1,3,2.58,2020-11-28
2021-02-15,KARDS Open IV - Swiss Weekend,bf:5fbffbaa2dc8793ada85319e,MeRRoR,1460.8,99.2,8,6.9,2020-11-29
2021-02-15,KARDS Open IV - Swiss Weekend,bf:5fc003a1b0ef7749130e5216,Zuasfadas,1550.9,115.3,4,3.44,2020-11-28
2021-02-15,KARDS Open IV - Swiss Weekend,bf:5fc0046a698db1048d27c912,ChariotBlitz,1521.7,109.4,5,4.31,2020-11-28
2021-02-15,KARDS Open IV - Swiss Weekend,bf:5fc0060d698db1048d27c939,machue,1450.5,118.4,3,2.58,2020-11-28
2021-02-15,KARDS Open IV - Swiss Weekend,bf:5fc017df26ea883a515847d5,Nikica,1542.5,95.2,9,7.76,2020-11-29
2021-02-15,KARDS Open IV - Swiss Weekend,bf:5fc0244ca2fd34654753d0cb,Bjelke666,1350.9,94.6,10,9.35,2021-02-07
2021-02-15,KARDS Open IV - Swiss Weekend,bf:5fc048141632970e916c6beb,Jannik,1494.2,124.5,2,1.72,2020-11-28
2021-02-15,KARDS Open IV - Swiss Weekend,bf:5fc062ca3a712911d5860aac,Chimpu,1425.1,125.0,2,1.72,2020-11-28
2021-02-15,KARDS Open IV - Swiss Weekend,bf:5fc06376a447ab4bb37e29a7,西域战神阿凡提,1457.2,131.2,1,0.86,2020-11-28
2021-02-15,KARDS Open IV - Swiss Weekend,bf:5fc07486698db1048d27ccd5,hj123c,1421.2,124.8,2,1.72,2020-11-28
2021-02-15,KARDS Open IV - Swiss Weekend,bf:5fc0ff84971c1811b1c02525,lapotNIK,1470.2,119.8,3,2.58,2020-11-28
2021-02-15,KARDS Open IV - Swiss Weekend,bf:5fc13108a447ab4bb37e2e33,Az4zel,1467.3,107.3,6,5.17,2020-11-29
2021-02-15,KARDS Open IV - Swiss Weekend,bf:5fc133575ca52f15c00549a9,Legio_Victrix,1601.6,96.0,9,7.76,2020-11-29
2021-02-15,KARDS Open IV - Swiss Weekend,bf:5fc13c125d320863b86f1d60,聖訷殺,1416.3,125.3,2,1.72,2020-11-28
2021-02-15,KARDS Open IV - Swiss Weekend,bf:5fc13c6e4a99f533280c7373,Vavilon6,1724.9,78.5,18,16.64,2021-02-13
2021-02-15,KARDS Open IV - Swiss Weekend,bf:5fc1647ca447ab4bb37e3019,Lampround,1431.6,124.9,2,1.72,2020-11-28
2021-02-15,KARDS Open IV - Swiss Weekend,bf:5fc1741a4a3afe55318cf945,Waldemaras,1492.4,124.8,2,1.72,2020-11-28
2021-02-15,KARDS Open IV - Swiss Weekend,bf:5fc1760a2dc8793ada853e83,Thetankman3,1637.8,106.4,6,5.17,2020-11-29
2021-02-15,KARDS Open IV - Swiss Weekend,bf:5fc1c2f14a3afe55318cfd98,RudyFlyer,1455.0,131.0,1,0.86,2020-11-28
2021-02-15,KARDS Open IV - Swiss Weekend,bf:5fc1dd90043fd20cdf90e83e,BADmuji,1453.2,90.8,11,9.84,2021-02-06
2021-02-15,KARDS Open IV - Swiss Weekend,bf:5fc1dd9b2dc8793ada8544a3,GeneralMaximus_5,1432.6,113.8,4,3.44,2020-11-28
2021-02-15,KARDS Open IV - Swiss Weekend,bf:5fc1f746a2fd34654753e1ae,GearWolf1991,1457.0,98.5,8,6.89,2020-11-29
2021-02-15,KARDS Open IV - Swiss Weekend,bf:5fc2123f8ae4c5551e8b0129,Agent007,1477.7,109.9,5,4.31,2020-11-28
2021-02-15,KARDS Open IV - Swiss Weekend,bf:5fc21ebcb0ef7749130e6b81,Agumonster,1436.9,125.4,2,1.72,2020-11-28
2021-02-15,KARDS Open IV - Swiss Weekend,bf:5fc241c1f1aa2511d7251933,Reaper,1401.3,119.8,3,2.58,2020-11-28
2021-02-15,KARDS Open IV - Swiss Weekend,bf:5fc24f00971c1811b1c037b0,Wladca,1426.6,125.0,2,1.72,2020-11-28
2021-02-15,KARDS Open IV - Swiss Weekend,bf:5fc26afe6052f211a7127a71,yahya94,1463.0,109.1,5,4.31,2020-11-29
2021-02-15,KARDS Open IV - Swiss Weekend,bf:5fc2cfeb2350e111ca3e4a6e,Lan,1394.9,100.2,7,6.89,2021-02-07
2021-02-15,KARDS Open IV - Swiss Weekend,bf:5fd0f538f2b2ef0cb211c66d,winman82,1483.3,111.1,4,3.93,2021-02-06
2021-02-15,KARDS Open IV - Swiss Weekend,bf:6018722f6b7a4c1c7ef01779,"Котейка ПочтаЛион ""Каратель""",1446.7,107.0,5,4.92,2021-02-07
2021-02-15,KARDS Open IV - Swiss Weekend,bf:601995acbe9b881d09177a3a,Berserker,1397.3,119.0,3,2.95,2021-02-07
2021-02-15,KARDS Open IV - Swiss Weekend,bf:601a74d5f4761b1d98293c14,gardr,1390.9,119.4,3,2.95,2021-02-06
2021-02-15,KARDS Open IV - Swiss Weekend,bf:601ad0d4bccfe11bd7952790,Bubblebox,1583.6,102.0,6,5.9,2021-02-07
2021-02-15,KARDS Open IV - Swiss Weekend,bf:601aface2eb6151da1f9651f,Amarok,1460.8,117.2,3,2.95,2021-02-06
2021-02-15,KARDS Open IV - Swiss Weekend,bf:601afc674443111ba564023d,RTylerW,1433.9,113.6,4,3.93,2021-02-06
2021-02-15,KARDS Open IV - Swiss Weekend,bf:601b5b897d76ec1b99358c6f,IMStarker,1446.7,125.8,2,1.97,2021-02-07
2021-02-15,KARDS Open IV - Swiss Weekend,bf:601c0e79b125d31d258fd278,Ish,1469.0,108.5,5,4.92,2021-02-07
2021-02-15,KARDS Open IV - Swiss Weekend,bf:601c4a12e848ea2ae5565fa7,UappaSguappa,1533.9,116.6,3,2.95,2021-02-06
2021-02-15,KARDS Open IV - Swiss Weekend,bf:601c52cb2eb6151da1f96ccf,Asarnil,1493.0,123.6,2,1.97,2021-02-06
2021-02-15,KARDS Open IV - Swiss Weekend,bf:601c5640242f461d92104636,Flironic,1453.1,130.0,1,0.98,2021-02-06
2021-02-15,KARDS Open IV - Swiss Weekend,bf:601c5831f4761b1d98294688,gillis,1454.3,130.2,1,0.98,2021-02-06
2021-02-15,KARDS Open IV - Swiss Weekend,bf:601c5d21bccfe11bd79533ba,NikitoSNaz,1473.4,107.3,5,4.92,2021-02-07
2021-02-15,KARDS Open IV - Swiss Weekend,bf:601c602c8989bb1d0ffd2d60,Boom Stand,1444.6,103.5,6,5.9,2021-02-07
2021-02-15,KARDS Open IV - Swiss Weekend,bf:601c66707d76ec1b99359336,Uncle_Gags,1432.7,124.7,2,1.97,2021-02-06
2021-02-15,KARDS Open IV - Swiss Weekend,bf:601c6d39ce01411daff6ce45,Ludo,1514.6,99.8,7,6.89,2021-02-07
2021-02-15,KARDS Open IV - Swiss Weekend,bf:601c71455470fa2af29f5034,Sebastianhenry,1416.1,103.2,6,5.9,2021-02-07
2021-02-15,KARDS Open IV - Swiss Weekend,bf:601c7bb24443111ba5640e9a,sleppy,1383.0,104.1,6,5.91,2021-02-07
2021-02-15,KARDS Open IV - Swiss Weekend,bf:601c9026bf58cf5f54a82622,adriano.rln2,1482.1,102.3,6,5.91,2021-02-07
2021-02-15,KARDS Open IV - Swiss Weekend,bf:601c914f7d548611be769699,Chippendale,1550.8,118.1,3,2.95,2021-02-06
2021-02-15,KARDS Open IV - Swiss Weekend,bf:601c994b3b155711d4677d1b,Thunderhide Alpha,1437.5,103.7,6,5.91,2021-02-07
2021-02-15,KARDS Open IV - Swiss Weekend,bf:601c9b3d2a229411c4dec493,JackaL,1475.9,116.8,3,2.95,2021-02-06
2021-02-15,KARDS Open IV - Swiss Weekend,bf:601c9f9ef8251e1bb7eb0fb5,PainmakeR,1504.5,104.6,6,5.9,2021-02-07
2021-02-15,KARDS Open IV - Swiss Weekend,bf:601cafe1bb724711bbdc0e41,diablojoker,1608.4,96.2,8,7.89,2021-02-13
2021-02-15,KARDS Open IV - Swiss Weekend,bf:601cb9e68f8ab5604536225b,xialang,1532.4,117.1,3,2.95,2021-02-06
2021-02-15,KARDS Open IV - Swiss Weekend,bf:601ccaa7df90f911ab030712,Smoky,1462.3,103.1,6,5.91,2021-02-07
2021-02-15,KARDS Open IV - Swiss Weekend,bf:601ccba636ceeb11b32b80ff,清水晴政,1511.1,113.6,4,3.93,2021-02-06
2021-02-15,KARDS Open IV - Swiss Weekend,bf:601cf711ce01411daff6d2c9,The Ice Baron,1522.9,111.9,4,3.93,2021-02-06
2021-02-15,KARDS Open IV - Swiss Weekend,bf:601d189a36ceeb11b32b81e2,MR.p,1441.3,130.1,1,0.98,2021-02-06
2021-02-15,KARDS Open IV - Swiss Weekend,bf:601d204cab29fd2adcd79a2d,Juliuspluvius,1459.9,130.5,1,0.98,2021-02-06
2021-02-15,KARDS Open IV - Swiss Weekend,bf:601d2fa3242f461d92104ad0,tief-pass,1477.9,107.4,5,4.92,2021-02-07
2021-02-15,KARDS Open IV - Swiss Weekend,bf:601d4daaa3a63111ba7f6ad7,0331,1511.9,108.1,5,4.92,2021-02-07
2021-02-15,KARDS Open IV - Swiss Weekend,bf:601d68eabf58cf5f54a82fbf,LeeandGarros,1455.0,114.3,4,3.93,2021-02-06
2021-02-15,KARDS Open IV - Swiss Weekend,bf:601d6a1959fc1e11b57d5700,binhpac,1494.0,117.5,3,2.95,2021-02-06
2021-02-15,KARDS Open IV - Swiss Weekend,bf:601d724003f1bc1bc847aa4d,WarCrow,1480.1,103.0,6,5.9,2021-02-07
2021-02-15,KARDS Open IV - Swiss Weekend,bf:601d72b8945ba61bbd9b6b3e,JamesJimRaynor,1727.0,90.4,10,9.88,2021-02-13
2021-02-15,KARDS Open IV - Swiss Weekend,bf:601d8327ce01411daff6dde0,zvezda,1589.4,100.5,7,6.89,2021-02-07
2021-02-15,KARDS Open IV - Swiss Weekend,bf:601d841d36ceeb11b32b8857,Чайный Игрок,1422.0,124.1,2,1.97,2021-02-06
2021-02-15,KARDS Open IV - Swiss Weekend,bf:601d8d265470fa2af29f55e8,Bronzeguy,1497.0,112.1,4,3.93,2021-02-06
2021-02-15,KARDS Open IV - Swiss Weekend,bf:601dacd85156047698264137,pelota,1628.7,99.9,7,6.9,2021-02-13
2021-02-15,KARDS Open IV - Swiss Weekend,bf:601dd93585cc4e75ecefaa9c,X_predator,1471.0,117.9,3,2.95,2021-02-06
2021-02-15,KARDS Open IV - Swiss Weekend,bf:601ddad214499975b676d714,Autisticles,1472.6,112.8,4,3.93,2021-02-06
2021-02-15,KARDS Open IV - Swiss Weekend,bf:601dff5114499975b676d7fb,Vladimir_the_Great,1426.5,103.9,6,5.9,2021-02-07
2021-02-15,KARDS Open IV - Swiss Weekend,bf:601e170e8b295778d1474505,TriggerMcHappy,1481.3,123.7,2,1.97,2021-02-06
2021-02-15,KARDS Open IV - Swiss Weekend,bf:601e1a04b66ee1767c0f19bf,metaman0,1510.1,104.1,6,5.9,2021-02-07
2021-02-15,KARDS Open IV - Swiss Weekend,bf:601e4222507c147700ac949d,Bishamon,1509.3,102.5,6,5.9,2021-02-07
2021-02-15,KARDS Open IV - Swiss Weekend,bf:601e45ae6c6f1475e154a175,cws1968,1468.9,106.9,5,4.92,2021-02-07
2021-02-15,KARDS Open IV - Swiss Weekend,bf:601e5d325156047698264588,idslksyllbls,1564.1,99.3,7,6.89,2021-02-07
2021-02-15,KARDS Open IV - Swiss Weekend,bf:601e60c914499975b676db49,Agasfer88,1489.7,103.2,6,5.9,2021-02-07
2021-02-15,KARDS Open IV - Swiss Weekend,bf:601e734995780078daf3e9cf,Budark,1506.5,122.2,2,1.97,2021-02-06
2021-02-15,KARDS Open IV - Swiss Weekend,bf:601e77957e074a75c3e36c24,Drazer,1509.0,110.8,4,3.94,2021-02-07
2021-02-15,KARDS Open IV - Swiss Weekend,bf:601e7dd895780078daf3ed80,VadimPoltava,1428.9,111.8,4,3.93,2021-02-06
2021-02-15,KARDS Open IV - Swiss Weekend,bf:601e7e5af38de8768ef0dbdf,Funnies,1478.7,132.8,1,0.98,2021-02-06
2021-02-15,KARDS Open IV - Swiss Weekend,bf:601e92a7e5c01375db7f5de8,stevenj21,1428.4,109.8,5,4.92,2021-02-07
2021-02-15,KARDS Open IV - Swiss Weekend,bf:601e9b8beae820768baef5db,Csasz74,1356.2,113.4,4,3.93,2021-02-06
2021-02-15,KARDS Open IV - Swiss Weekend,bf:601e9c49e5c01375db7f5e53,Heliks,1554.6,103.9,6,5.91,2021-02-07
2021-02-15,KARDS Open IV - Swiss Weekend,bf:601e9d308392ff75fb351ffc,Хлебный Игрок,1461.1,130.5,1,0.98,2021-02-06
2021-02-15,KARDS Open IV - Swiss Weekend,bf:601ea179eae820768baef620,notturno68,1404.3,123.0,2,1.97,2021-02-06
2021-02-15,KARDS Open IV - Swiss Weekend,bf:601ea84d2cdc35768253b653,pablonsky,1448.5,126.4,2,1.97,2021-02-06
2021-02-27,Kards Open: Singleton,bf:544fd1e1a3aee26f0b100edb,121,1526.0,93.1,13,8.6,2020-08-30
2021-02-27,Kards Open: Singleton,bf:55a9e6f380ec56430032820c,swigmonkey,1431.3,112.6,4,3.84,2021-02-06
2021-02-27,Kards Open: Singleton,bf:564e7b5b80b8db4a00c4ff9c,Jking7,1767.8,65.5,36,28.71,2021-02-13
2021-02-27,Kards Open: Singleton,bf:56bf93a68b6bc7030304a789,Kynio,1498.7,107.9,7,4.64,2020-07-26
2021-02-27,Kards Open: Singleton,bf:56ed79634fdf9b7e1224dddc,[DB] Praetorian,1565.8,119.3,4,2.65,2020-07-25
2021-02-27,Kards Open: Singleton,bf:57101bc80b3b0f8312f27ec5,Socialist,1530.1,119.0,3,2.52,2020-11-28
2021-02-27,Kards Open: Singleton,bf:572751089b61d587125da415,Pad,1556.5,104.4,8,5.3,2020-07-26
2021-02-27,Kards Open: Singleton,bf:5784f8bcf26da72d0cd20f65,LuckyLuke,1468.9,84.6,17,12.38,2020-11-28
2021-02-27,Kards Open: Singleton,bf:57a1697c8c3386280ca04b34,batis,1549.2,89.3,15,10.1,2020-11-28
2021-02-27,Kards Open: Singleton,bf:57b5a7ffabd8181c0cfdf304,CaptainA,1508.3,99.4,9,7.15,2021-02-06
2021-02-27,Kards Open: Singleton,bf:5931f755f2d1a503331ea51d,Chrisca,1501.8,128.2,2,1.32,2020-07-25
2021-02-27,Kards Open: Singleton,bf:596dd6d3014e6b033a8a1275,RainZone,1603.4,104.6,8,5.3,2020-07-26
2021-02-27,Kards Open: Singleton,bf:59b91e3e40985d034416fd27,Isenberg,1486.7,127.4,2,1.32,2020-07-25
2021-02-27,Kards Open: Singleton,bf:5a4d98c332953903641106de,Freddie,1585.7,82.5,17,12.88,2020-11-29
2021-02-27,Kards Open: Singleton,bf:5a58cabb82c7de043a3c289b,[TNT] marvin_the_imp,1505.2,123.7,2,1.92,2021-02-06
2021-02-27,Kards Open: Singleton,bf:5a8879b76c3ac00358830d7c,Benji,1530.2,80.8,16,14.31,2021-02-07
2021-02-27,Kards Open: Singleton,bf:5ad6b5686a20dd03885fa1d1,Jugador,1517.5,116.0,5,3.31,2020-07-26
2021-02-27,Kards Open: Singleton,bf:5b0094b93d8b3603b86987cc,Bob the Tomato,1477.4,119.1,4,2.83,2020-08-30
2021-02-27,Kards Open: Singleton,bf:5b38c676cbd82c03a4f28e8f,doge34,1686.4,77.4,23,16.97,2021-02-06
2021-02-27,Kards Open: Singleton,bf:5b499abbdbda4803ac64b712,SdCorpse,1539.4,119.6,3,2.52,2020-11-28
2021-02-27,Kards Open: Singleton,bf:5bef1fd422a55803cb340a40,OHxCORNGUY,1516.5,102.9,6,5.93,2021-02-21
2021-02-27,Kards Open: Singleton,bf:5c3b6b20304450039e51c054,Yorrit,1499.5,98.7,8,6.73,2020-11-29
2021-02-27,Kards Open: Singleton,bf:5c4dca4fa9f6820352797666,VildeScarz,1567.8,103.2,8,5.67,2020-08-30
2021-02-27,Kards Open: Singleton,bf:5c7e66cd2dd6e4033a9d5fd1,Elikur,1442.9,113.8,4,3.84,2021-02-06
2021-02-27,Kards Open: Singleton,bf:5c834379fdf5df032965d470,Johnny,1526.4,122.1,3,1.99,2020-07-25
2021-02-27,Kards Open: Singleton,bf:5d0fba42acc6ed329c51837f,Rokeiro,1424.0,124.6,3,1.76,2020-05-23
2021-02-27,Kards Open: Singleton,bf:5d26bcf5c9bf6055b457dfb5,UkrainianKing,1593.0,88.4,14,10.86,2021-02-20
2021-02-27,Kards Open: Singleton,bf:5d47ab5c0451666910e5c0af,Joshua12450,1461.3,118.0,3,2.88,2021-02-06
2021-02-27,Kards Open: Singleton,bf:5d6bf8a0238bc73c869e6430,Niemand,1426.1,125.2,2,1.68,2020-11-28
2021-02-27,Kards Open: Singleton,bf:5dadf6683f9f8d27e2e9cc0b,GKZhukov,1647.6,76.5,17,16.66,2021-02-27
2021-02-27,Kards Open: Singleton,bf:5dff9d39fafe5a70cf39ed01,Time to harsh your buzz!,1430.1,126.4,2,1.42,2020-08-29
2021-02-27,Kards Open: Singleton,bf:5e055721e0b14c3515213776,sk1091,1472.4,132.5,1,0.71,2020-08-29
2021-02-27,Kards Open: Singleton,bf:5e6a39a3f1f90c345a8e7fcd,Yakin,1564.5,99.5,7,6.92,2021-02-27
2021-02-27,Kards Open: Singleton,bf:5e7fb8e3d7ce547b37484302,jaja,1517.3,124.8,2,1.68,2020-11-28
2021-02-27,Kards Open: Singleton,bf:5e889af67a9c4c10932a6ca9,usp45master,1453.6,113.2,4,3.92,2021-02-20
2021-02-27,Kards Open: Singleton,bf:5e9cf8ff72e2961f747c7978,DARKCA5TLE,1475.7,123.1,3,2.03,2020-08-29
2021-02-27,Kards Open: Singleton,bf:5eb572f0a795290866140381,rdbigdog,1626.8,106.1,7,5.35,2020-11-28
2021-02-27,Kards Open: Singleton,bf:5eb57d1601b7fd0fe0488f0f,Astral,1498.0,117.2,5,2.94,2020-05-23
2021-02-27,Kards Open: Singleton,bf:5eb583d54a8bea0acd7ea437,SharkPup,1443.4,128.3,2,1.17,2020-05-23
2021-02-27,Kards Open: Singleton,bf:5eb598330abb797ad38acaee,NonGMOSalt,1577.5,97.1,10,7.22,2021-02-06
2021-02-27,Kards Open: Singleton,bf:5eb6495f5d6f1b5d1c5d7d95,kenny,1477.2,116.9,5,2.94,2020-05-23
2021-02-27,Kards Open: Singleton,bf:5eb65df574f31a11dd226b38,Darkness,1777.0,74.6,30,22.08,2021-02-07
2021-02-27,Kards Open: Singleton,bf:5eb664dbaefaaf170fa246f1,RookVenturer1313,1482.4,117.7,5,2.94,2020-05-23
2021-02-27,Kards Open: Singleton,bf:5eb708950fe915528f90abfd,Donald Trump,1502.9,100.1,10,6.33,2020-07-26
2021-02-27,Kards Open: Singleton,bf:5eb7670e5e789b4b50a06de2,WHEEL3R,1578.3,64.6,34,26.85,2021-02-27
2021-02-27,Kards Open: Singleton,bf:5ebc5c7aec210a06ae04d4d4,Snefru,1663.9,80.6,22,14.62,2020-09-05
2021-02-27,Kards Open: Singleton,bf:5ebd8cafb3bec004beff6eff,[AAA] Caps04,1596.1,88.3,13,10.41,2021-02-07
2021-02-27,Kards Open: Singleton,bf:5ebd9402b92b28521a098ec8,Bubbles,1681.9,72.0,24,20.44,2021-02-27
2021-02-27,Kards Open: Singleton,bf:5ebe821bdc25e53f4d8c7446,ForeverFox,1439.2,117.4,5,2.94,2020-05-23
2021-02-27,Kards Open: Singleton,bf:5ebea2fd1eafc755976c161a,Drogear,1640.9,94.9,14,8.95,2020-08-29
2021-02-27,Kards Open: Singleton,bf:5ebea8a9bfed616b75962b6a,Forgestryker,1578.2,94.1,12,8.63,2020-11-28
2021-02-27,Kards Open: Singleton,bf:5ec021ae0f25781e0b5f5f43,AlexRises,1460.6,129.6,2,1.17,2020-05-23
2021-02-27,Kards Open: Singleton,bf:5ec038e2256baa1d38011a05,Vinny,1599.4,79.3,17,14.81,2021-02-27
2021-02-27,Kards Open: Singleton,bf:5ec14e2baf9b8d5641b7a639,handor95,1421.6,101.7,9,6.3,2020-11-28
2021-02-27,Kards Open: Singleton,bf:5ec2a6dafd8a561535cde2a5,V0R0N92,1537.4,74.9,21,17.89,2021-02-21
2021-02-27,Kards Open: Singleton,bf:5ec2ace2fd8a561535cde2e1,MJT,1492.1,126.4,2,1.42,2020-08-29
2021-02-27,Kards Open: Singleton,bf:5ec2acf9a7330d091e79291a,lucencan,1474.7,97.8,10,7.14,2020-11-28
2021-02-27,Kards Open: Singleton,bf:5ec2c1da0a4e405c2332e640,Chip-Filled Adam,1597.4,90.6,13,9.93,2020-11-29
2021-02-27,Kards Open: Singleton,bf:5ec2f8632e7fb7357e7c8077,SCARED MOKEY,1516.5,99.0,10,6.98,2020-11-28
2021-02-27,Kards Open: Singleton,bf:5ec3fe380be5fa28e9946104,Sertma,1474.3,133.3,1,0.59,2020-05-23
2021-02-27,Kards Open: Singleton,bf:5ec442d3b2f357511fcbf34a,skzeman,1574.0,116.9,5,2.94,2020-05-23
2021-02-27,Kards Open: Singleton,bf:5ec44a4894993372f10699b1,Adrián7,1472.2,132.9,1,0.66,2020-07-25
2021-02-27,Kards Open: Singleton,bf:5ec4df5bde56fb470634c5fa,barboza,1468.0,130.8,2,1.17,2020-05-23
2021-02-27,Kards Open: Singleton,bf:5ec57fff74214e1748e43f56,dasolli,1466.9,101.9,7,5.89,2020-11-29
2021-02-27,Kards Open: Singleton,bf:5ec5e7746951c62d86f53235,FL1ppY | エワウト,1617.6,96.9,8,7.7,2021-02-13
2021-02-27,Kards Open: Singleton,bf:5ec7d675f5d9bf6412138238,Hahn,1512.1,119.9,4,2.35,2020-05-23
2021-02-27,Kards Open: Singleton,bf:5ec99a6d5cb5d5345c7fdf7c,AriBigBehn,1684.3,75.0,24,18.1,2021-02-07
2021-02-27,Kards Open: Singleton,bf:5ee6022292efc00faf652a7e,Esthete,1470.5,99.7,7,6.73,2021-02-07
2021-02-27,Kards Open: Singleton,bf:5ee6c5f92764fc7a784c6f9e,BirdLaw,1412.0,79.7,19,14.7,2021-02-07
2021-02-27,Kards Open: Singleton,bf:5eeb9c3d19b81239da9496cb,Kosaroli,1607.0,83.9,14,12.51,2021-02-07
2021-02-27,Kards Open: Singleton,bf:5f0cbd1969a363414a64af57,agent_182,1536.7,122.4,3,1.99,2020-07-25
2021-02-27,Kards Open: Singleton,bf:5f0cd40c3087a65e039603f4,wild_eyes,1690.0,58.9,42,35.51,2021-02-27
2021-02-27,Kards Open: Singleton,bf:5f0cf3becbf20c490eb4fa7d,T0M,1511.6,115.7,5,3.31,2020-07-26
2021-02-27,Kards Open: Singleton,bf:5f0d81380ffa0b49d9f58c5c,Nerf,1624.6,104.4,8,5.3,2020-07-26
2021-02-27,Kards Open: Singleton,bf:5f0d9e4785aa4e37e911463c,You Need Jesus Christ,1429.4,127.2,2,1.32,2020-07-25
2021-02-27,Kards Open: Singleton,bf:5f0dad9ac47339351f7f742f,RipperJim,1463.0,119.1,3,2.52,2020-11-28
2021-02-27,Kards Open: Singleton,bf:5f0db8236f4cd1393325784f,Hazeltails,1538.8,107.4,7,4.64,2020-07-26
2021-02-27,Kards Open: Singleton,bf:5f0dc882f26046593189ba9f,SALUTE06,1483.1,134.2,1,0.66,2020-07-25
2021-02-27,Kards Open: Singleton,bf:5f0de85b7c5e104738aeb5a8,benc,1555.0,104.1,8,5.3,2020-07-26
2021-02-27,Kards Open: Singleton,bf:5f0df6196f4cd13933257c2a,COOLJ007,1550.4,101.4,7,6.73,2021-02-07
2021-02-27,Kards Open: Singleton,bf:5f0df84e824086475be264b7,Terror_de,1551.9,68.9,28,21.9,2021-02-07
2021-02-27,Kards Open: Singleton,bf:5f0df9d07c4df3491abfc797,RMISE,1455.3,128.9,2,1.32,2020-07-25
2021-02-27,Kards Open: Singleton,bf:5f0dfb2c7c4df3491abfc7a6,zhen,1608.8,104.6,8,5.3,2020-07-26
2021-02-27,Kards Open: Singleton,bf:5f0e1a20c47339351f7f7b34,Ouchmaster,1504.3,117.8,4,2.65,2020-07-26
2021-02-27,Kards Open: Singleton,bf:5f0e248def3ab65b96796c3f,frenchcook,1712.3,81.4,17,14.34,2021-02-13
2021-02-27,Kards Open: Singleton,bf:5f0e37b37c5e104738aebbe3,toDIEisGAIN,1701.9,65.4,34,26.97,2021-02-13
2021-02-27,Kards Open: Singleton,bf:5f0e67fdf26046593189c71c,B_O_R_U_T_O_1,1487.0,107.1,5,4.94,2021-02-21
2021-02-27,Kards Open: Singleton,bf:5f0e76497c4df3491abfd06c,rocksopimppo,1465.1,93.5,11,8.48,2021-02-06
2021-02-27,Kards Open: Singleton,bf:5f0eab817c4df3491abfd2e6,hilmank,1444.8,101.9,8,5.92,2021-02-06
2021-02-27,Kards Open: Singleton,bf:5f0f22cb85aa4e37e9115bb4,madisek,1497.3,127.0,2,1.32,2020-07-25
2021-02-27,Kards Open: Singleton,bf:5f0f2f19ef3ab65b96797ada,kramedogg,1439.8,87.9,15,10.81,2021-02-20
2021-02-27,Kards Open: Singleton,bf:5f0f3d9e7c4df3491abfe047,Snooginz,1550.7,64.7,30,26.19,2021-02-27
2021-02-27,Kards Open: Singleton,bf:5f0f54427c4df3491abfe274,djdado,1471.3,132.6,1,0.71,2020-08-29
2021-02-27,Kards Open: Singleton,bf:5f0fb7319d4b3024dce6f17b,The_Advocator,1454.4,104.6,8,5.3,2020-07-26
2021-02-27,Kards Open: Singleton,bf:5f101bc2eea71b24bc30c50e,Hubblebub,1434.9,126.7,2,1.42,2020-08-29
2021-02-27,Kards Open: Singleton,bf:5f102c329d4b3024dce6f5dd,Malovato_Budet,1478.2,96.3,11,7.47,2020-08-29
2021-02-27,Kards Open: Singleton,bf:5f103df2eac9482569fb2922,phasermind,1525.8,104.9,8,5.3,2020-07-26
2021-02-27,Kards Open: Singleton,bf:5f105658eac9482569fb2be4,张大彪,1602.5,97.2,10,7.35,2020-11-28
2021-02-27,Kards Open: Singleton,bf:5f10783cc08d9224ce50f95f,bob42,1504.1,105.0,8,5.3,2020-07-26
2021-02-27,Kards Open: Singleton,bf:5f10825feac9482569fb2e81,SquareGrouper,1348.1,91.1,13,9.87,2020-11-29
2021-02-27,Kards Open: Singleton,bf:5f1086f1160c3f2239e9225b,lt.blueberry,1303.7,87.0,17,12.74,2021-02-07
2021-02-27,Kards Open: Singleton,bf:5f109d917a5f692572240090,John_Px,1740.0,72.3,24,22.4,2021-02-27
2021-02-27,Kards Open: Singleton,bf:5f10c966160c3f2239e92921,ColdCarl,1556.4,74.2,20,18.4,2021-02-21
2021-02-27,Kards Open: Singleton,bf:5f112ee3eac9482569fb3ee6,Pert,1541.1,106.6,8,5.3,2020-07-26
2021-02-27,Kards Open: Singleton,bf:5f113e2cd04bae257fc195f6,RafcKen7,1637.6,98.5,7,6.73,2021-02-07
2021-02-27,Kards Open: Singleton,bf:5f11d03df7c29f223fd624f2,Groddur,1458.9,118.9,3,2.52,2020-11-28
2021-02-27,Kards Open: Singleton,bf:5f11d0b0eea71b24bc30e84a,BUCKY,1500.1,102.9,8,5.67,2020-08-30
2021-02-27,Kards Open: Singleton,bf:5f11d247160c3f2239e940a4,LuckySpike,1638.2,67.3,30,24.6,2021-02-21
2021-02-27,Kards Open: Singleton,bf:5f11e4c6160c3f2239e941f5,trevorj,1479.7,118.5,4,2.65,2020-07-25
2021-02-27,Kards Open: Singleton,bf:5f11e67d85fecb25631448a0,yufzsy,1693.5,82.9,20,14.33,2020-11-28
2021-02-27,Kards Open: Singleton,bf:5f11ef33160c3f2239e942b2,Starkiller30001,1439.7,117.8,4,2.65,2020-07-25
2021-02-27,Kards Open: Singleton,bf:5f11ff268b375222593350d0,Lobby Boy Lettuce,1447.8,118.7,4,2.65,2020-07-25
2021-02-27,Kards Open: Singleton,bf:5f11ff2ec08d9224ce511d19,Dangerexx,1401.0,105.3,8,5.3,2020-07-26
2021-02-27,Kards Open: Singleton,bf:5f11ff59eea71b24bc30ee0c,Hyo,1424.7,80.5,20,14.33,2020-11-28
2021-02-27,Kards Open: Singleton,bf:5f11ffc4eac9482569fb4f49,MrNejcKing,1371.6,115.0,5,3.61,2021-02-06
2021-02-27,Kards Open: Singleton,bf:5f121b05d04bae257fc1a263,biasedeyes,1444.1,115.7,5,3.31,2020-07-26
2021-02-27,Kards Open: Singleton,bf:5f1220b9b4738624c4273900,KEV1NJ,1538.8,108.2,7,4.64,2020-07-26
2021-02-27,Kards Open: Singleton,bf:5f12273babfcb016362ad1d0,beeman,1321.3,94.1,14,9.6,2020-08-30
2021-02-27,Kards Open: Singleton,bf:5f1229f9cf4549174336fefe,JSL112,1469.7,132.8,1,0.66,2020-07-25
2021-02-27,Kards Open: Singleton,bf:5f122bf8b4738624c4273b13,VLTØR,1417.6,124.8,2,1.68,2020-11-28
2021-02-27,Kards Open: Singleton,bf:5f1240f24a28711494f1b3aa,CaptainTchaikovsky,1488.7,118.6,4,2.65,2020-07-25
2021-02-27,Kards Open: Singleton,bf:5f12771889520148edf780af,mbilsel,1572.6,87.0,16,10.97,2020-08-30
2021-02-27,Kards Open: Singleton,bf:5f1281edb4738624c42745af,ptreey,1426.5,109.9,6,3.98,2020-07-26
2021-02-27,Kards Open: Singleton,bf:5f12bb564a28711494f1bd8d,NeriUwU,1315.7,86.7,17,12.99,2021-02-07
2021-02-27,Kards Open: Singleton,bf:5f12c35f8b375222593364f0,xareh90,1521.5,104.5,8,5.3,2020-07-26
2021-02-27,Kards Open: Singleton,bf:5f12da838b375222593365f7,Burremans,1442.4,127.6,2,1.32,2020-07-25
2021-02-27,Kards Open: Singleton,bf:5f12f0881c8cdf16056f6224,RaPaulke,1439.3,127.7,2,1.32,2020-07-25
2021-02-27,Kards Open: Singleton,bf:5f12f0c3abfcb016362ae526,mon.mgs,1464.5,132.4,1,0.66,2020-07-25
2021-02-27,Kards Open: Singleton,bf:5f130139f7c29f223fd64290,fenrir,1537.0,98.2,10,6.98,2020-11-28
2021-02-27,Kards Open: Singleton,bf:5f13328d77697711a235a704,TomatoMato,1550.9,105.3,8,5.3,2020-07-26
2021-02-27,Kards Open: Singleton,bf:5f13952ceea71b24bc312529,Limitless Beast,1378.2,118.2,4,2.65,2020-07-25
2021-02-27,Kards Open: Singleton,bf:5f13f8f0381ccb11abfed78c,Behemothus,1497.0,88.1,15,10.3,2020-08-30
2021-02-27,Kards Open: Singleton,bf:5f13fc452cba8f11c2a4298c,DarkMatterYT,1488.5,127.2,2,1.32,2020-07-25
2021-02-27,Kards Open: Singleton,bf:5f140b7f1c8cdf16056f833c,foreverlimon,1535.6,107.6,7,4.64,2020-07-26
2021-02-27,Kards Open: Singleton,bf:5f140c57341d821185ca56df,BarndoorRoge,1520.6,113.2,5,3.45,2020-08-29
2021-02-27,Kards Open: Singleton,bf:5f140d9bbcbe32117ff6b7e7,Snakii0,1423.6,113.9,5,3.45,2020-08-29
2021-02-27,Kards Open: Singleton,bf:5f140ea9b4738624c4277d71,Heist,1448.6,107.4,7,4.64,2020-07-26
2021-02-27,Kards Open: Singleton,bf:5f14582a341d821185ca59e8,TheStray,1480.3,105.1,8,5.3,2020-07-26
2021-02-27,Kards Open: Singleton,bf:5f145d63b4738624c4278122,Jotora,1558.5,104.6,8,5.3,2020-07-26
2021-02-27,Kards Open: Singleton,bf:5f148273cd3934118e03b196,Shaemas,1477.1,88.3,15,10.26,2020-08-30
2021-02-27,Kards Open: Singleton,bf:5f1493df1c8cdf16056f8bc9,CheL_oFF,1506.5,99.5,7,6.73,2021-02-07
2021-02-27,Kards Open: Singleton,bf:5f14e99eea159211b4c99eab,Jacob,1388.8,105.1,8,5.3,2020-07-26
2021-02-27,Kards Open: Singleton,bf:5f1520542cba8f11c2a44c16,DarkMist,1410.0,90.1,14,10.89,2021-02-07
2021-02-27,Kards Open: Singleton,bf:5f153751eea71b24bc31458b,VLAD420,1446.8,104.6,8,5.3,2020-07-26
2021-02-27,Kards Open: Singleton,bf:5f1539bacfac0e373c6166ce,donigi,1479.6,87.5,16,10.97,2020-08-30
2021-02-27,Kards Open: Singleton,bf:5f155f3577697711a235e552,total,1482.6,133.9,1,0.71,2020-08-29
2021-02-27,Kards Open: Singleton,bf:5f1566b0341d821185ca734b,Юрий,1475.0,108.3,7,4.64,2020-07-26
2021-02-27,Kards Open: Singleton,bf:5f156d9fb4738624c42798e8,Evilmunki,1412.9,107.0,7,4.64,2020-07-26
2021-02-27,Kards Open: Singleton,bf:5f15827677697711a235e95c,ACOG,1481.0,133.8,1,0.66,2020-07-25
2021-02-27,Kards Open: Singleton,bf:5f159e62ea159211b4c9a50e,scorp1one,1485.4,118.6,3,2.88,2021-02-06
2021-02-27,Kards Open: Singleton,bf:5f15a9d0cfac0e373c616a81,gteacher12 (cst),1380.1,118.3,4,2.65,2020-07-26
2021-02-27,Kards Open: Singleton,bf:5f1660782cba8f11c2a45e9c,Lolofy44,1524.6,83.9,17,12.66,2020-11-29
2021-02-27,Kards Open: Singleton,bf:5f169f65bcbe32117ff6eb42,Lykas_OMES,1501.8,102.9,8,5.67,2020-08-30
2021-02-27,Kards Open: Singleton,bf:5f176280381ccb11abff191f,terminetorK56,1484.9,105.8,7,4.96,2020-08-30
2021-02-27,Kards Open: Singleton,bf:5f17d573bcbe32117ff6fd03,Vitaly Gorbunov,1468.7,132.7,1,0.66,2020-07-25
2021-02-27,Kards Open: Singleton,bf:5f17ef0fcfac0e373c6190c4,[REDi]1R COL ANZAC_Ace,1465.2,121.8,3,1.99,2020-07-25
2021-02-27,Kards Open: Singleton,bf:5f19119cb4738624c427e33c,SA-GR,1416.9,107.9,7,4.64,2020-07-26
2021-02-27,Kards Open: Singleton,bf:5f193071cfac0e373c61a11b,PetitPoney,1526.2,114.3,5,3.4,2020-08-29
2021-02-27,Kards Open: Singleton,bf:5f1a8cc8b4738624c42817ef,Tigerkater,1479.6,109.5,7,4.64,2020-07-26
2021-02-27,Kards Open: Singleton,bf:5f1b1546b4738624c4282183,Skunk,1382.1,104.7,8,5.3,2020-07-26
2021-02-27,Kards Open: Singleton,bf:5f1b3f1b08ac6c1dd4d6bb23,brienoconan,1531.5,122.9,3,1.99,2020-07-25
2021-02-27,Kards Open: Singleton,bf:5f1b48d1abfcb016362ba48e,Berni de Balle,1571.6,69.1,29,22.88,2021-02-07
2021-02-27,Kards Open: Singleton,bf:5f1b9f20a73922196c802448,Gamesite,1465.2,114.3,5,3.31,2020-07-26
2021-02-27,Kards Open: Singleton,bf:5f1bad8bb4738624c4283cf6,Filpa,1553.9,94.0,12,8.18,2020-08-30
2021-02-27,Kards Open: Singleton,bf:5f318206a8e6c511a449d179,0CanadaBear0,1470.5,112.6,5,3.54,2020-08-30
2021-02-27,Kards Open: Singleton,bf:5f318c62af063111a36cedab,aa,1549.2,104.2,8,5.67,2020-08-30
2021-02-27,Kards Open: Singleton,bf:5f31dbda9ab87f2e0c19cd0c,RNGek,1582.4,83.9,16,12.4,2020-11-29
2021-02-27,Kards Open: Singleton,bf:5f31e18d7bd80311ab780bcb,天之子将军,1551.1,110.2,6,4.25,2020-08-30
2021-02-27,Kards Open: Singleton,bf:5f31e6b930b92e118dbc3b00,r3in0r,1432.9,126.6,2,1.42,2020-08-29
2021-02-27,Kards Open: Singleton,bf:5f32224b74a4bd1196ff8e97,yourBRO,1433.5,104.4,7,5.62,2020-11-28
2021-02-27,Kards Open: Singleton,bf:5f323b2daf063111a36cffab,chmy426,1588.4,113.8,4,3.36,2020-11-28
2021-02-27,Kards Open: Singleton,bf:5f32755630b92e118dbc4132,Joeybag0doughnuts,1455.7,132.1,1,0.71,2020-08-29
2021-02-27,Kards Open: Singleton,bf:5f32919a74a4bd1196ff9509,wydsxl,1634.4,99.9,9,6.38,2020-09-05
2021-02-27,Kards Open: Singleton,bf:5f32abe69ab87f2e0c19e0b7,"Oh, Pretty Woman",1345.4,113.6,5,3.54,2020-08-30
2021-02-27,Kards Open: Singleton,bf:5f32b5a5af063111a36d039f,Spartan,1488.6,118.2,3,2.68,2021-02-20
2021-02-27,Kards Open: Singleton,bf:5f32c6147bd80311ab78193f,petriachor,1604.2,67.5,27,23.27,2021-02-27
2021-02-27,Kards Open: Singleton,bf:5f32ca9074a4bd1196ff97d9,Sirbol,1521.5,102.4,8,5.67,2020-08-30
2021-02-27,Kards Open: Singleton,bf:5f32e74430b92e118dbc4866,alan1957,1467.3,132.2,1,0.71,2020-08-29
2021-02-27,Kards Open: Singleton,bf:5f32f48419fcf2666b2abff1,kowalski,1663.4,81.1,16,14.44,2021-02-13
2021-02-27,Kards Open: Singleton,bf:5f3304e930b92e118dbc4ad6,maxterGIO,1514.9,102.6,8,5.67,2020-08-30
2021-02-27,Kards Open: Singleton,bf:5f3321d98a94d511b1d67c5b,ExpelliarmusA,1573.0,102.6,8,5.67,2020-08-30
2021-02-27,Kards Open: Singleton,bf:5f332d0619fcf2666b2ac60a,comrade nicky,1530.0,121.4,3,2.12,2020-08-29
2021-02-27,Kards Open: Singleton,bf:5f344b7a8a94d511b1d68a96,John™,1437.4,108.9,7,4.96,2020-08-30
2021-02-27,Kards Open: Singleton,bf:5f34d3bdacefe6118a5de444,Ottotheblue,1473.5,81.7,17,13.24,2020-11-29
2021-02-27,Kards Open: Singleton,bf:5f351f60af063111a36d282b,Sadrik,1570.5,102.9,8,5.67,2020-08-30
2021-02-27,Kards Open: Singleton,bf:5f354d22e4876e1184288d58,Ripoff,1546.2,93.1,11,8.59,2020-11-29
2021-02-27,Kards Open: Singleton,bf:5f35946553b8ce11abe62c4d,FRIKAZOID,1479.2,121.5,3,2.12,2020-08-29
2021-02-27,Kards Open: Singleton,bf:5f362c8703dbcc11d58d78e3,Kolbasnik,1579.0,65.9,29,25.06,2021-02-21
2021-02-27,Kards Open: Singleton,bf:5f369b86c897e0119e4ff6f8,PatsenBR,1486.8,107.0,7,4.96,2020-08-30
2021-02-27,Kards Open: Singleton,bf:5f36c30fff2e5911a44a282e,Józef Piłsudski,1431.6,126.5,2,1.42,2020-08-29
2021-02-27,Kards Open: Singleton,bf:5f36cca903dbcc11d58d89d8,Wolnigree,1431.4,126.3,2,1.42,2020-08-29
2021-02-27,Kards Open: Singleton,bf:5f36dc4b98f0a311ad32446c,Zig_Zag,1546.5,97.4,10,7.59,2021-02-06
2021-02-27,Kards Open: Singleton,bf:5f37cf6b6ce6de28d63de407,Ailoyros,1460.9,132.3,1,0.71,2020-08-29
2021-02-27,Kards Open: Singleton,bf:5f3800b06ce6de28d63de960,RicardoTamanini,1421.3,123.1,3,2.12,2020-08-29
2021-02-27,Kards Open: Singleton,bf:5f382e1f33118628f2f56ca7,Dash_ek,1520.3,105.6,7,4.96,2020-08-30
2021-02-27,Kards Open: Singleton,bf:5f38338163cc1128e5f86f97,Brendan,1455.7,103.4,8,5.67,2020-08-30
2021-02-27,Kards Open: Singleton,bf:5f3846d25b41bf2bd0fe2207,Spooky Time,1419.7,122.8,3,2.12,2020-08-29
2021-02-27,Kards Open: Singleton,bf:5f3858c1b83d9d2bb0609265,wdhtu,1482.5,113.5,5,3.54,2020-08-30
2021-02-27,Kards Open: Singleton,bf:5f3a8d53c190e3296d7a1eef,nagymaciii,1441.5,126.9,2,1.42,2020-08-29
2021-02-27,Kards Open: Singleton,bf:5f3a8e2d33118628f2f5a7d5,Goltz,1471.8,132.6,1,0.71,2020-08-29
2021-02-27,Kards Open: Singleton,bf:5f3a8eb4dd76a928dcec9bec,Coronel_Mostarda,1447.7,117.4,4,2.83,2020-08-29
2021-02-27,Kards Open: Singleton,bf:5f3ab4ce63cc1128e5f8a327,DrTacos,1393.1,121.8,3,2.12,2020-08-30
2021-02-27,Kards Open: Singleton,bf:5f3b1ebadd76a928dceca753,ZackXue,1519.0,103.9,8,5.67,2020-08-30
2021-02-27,Kards Open: Singleton,bf:5f3bc9efdbf742295bce0a9d,黑森公爵,1466.2,132.2,1,0.71,2020-08-29
2021-02-27,Kards Open: Singleton,bf:5f3bcb62c190e3296d7a2cd2,abandon,1500.5,125.0,2,1.68,2020-11-28
2021-02-27,Kards Open: Singleton,bf:5f3d0646dd76a928dceccb16,Ertugrul Gazi,1525.6,102.8,8,5.67,2020-08-30
2021-02-27,Kards Open: Singleton,bf:5f3d19c7dd76a928dceccbcd,HaxBaba,1545.1,107.6,7,4.96,2020-08-30
2021-02-27,Kards Open: Singleton,bf:5f3d1e45c190e3296d7a4aa5,Barton,1467.1,132.2,1,0.71,2020-08-29
2021-02-27,Kards Open: Singleton,bf:5f3e11a1a3f8871d5075e3d0,Valar,1404.2,111.1,6,4.25,2020-08-30
2021-02-27,Kards Open: Singleton,bf:5f3fbdaeb856d24e0965bbc4,Stluvik,1509.2,115.4,5,3.54,2020-08-30
2021-02-27,Kards Open: Singleton,bf:5f3fc42472caf64e0f2b589c,Shiva's,1637.9,94.0,12,9.03,2020-11-28
2021-02-27,Kards Open: Singleton,bf:5f3ff2e624334d4ac794708e,FearlessFreep2,1498.4,117.0,4,2.83,2020-08-30
2021-02-27,Kards Open: Singleton,bf:5f4022e92736604a195ffbfb,Ol'Red,1417.2,122.3,3,2.12,2020-08-29
2021-02-27,Kards Open: Singleton,bf:5f404839cabbdc4a26620899,sNapple,1401.8,120.0,3,2.52,2020-11-28
2021-02-27,Kards Open: Singleton,bf:5f41a73ee7543f4a0a54f568,Kipahigan,1531.9,105.8,7,4.96,2020-08-30
2021-02-27,Kards Open: Singleton,bf:5f4318d1681ff84ab5ec92f9,Sidecrawler,1505.4,74.6,21,17.46,2021-02-07
2021-02-27,Kards Open: Singleton,bf:5f4536884cbe7961ba1906fa,Zanderson30,1601.8,100.8,9,6.38,2020-09-05
2021-02-27,Kards Open: Singleton,bf:5f4617f7cff9bb4e25c81a49,Daccro,1462.6,121.2,3,2.12,2020-08-29
2021-02-27,Kards Open: Singleton,bf:5f464a379f8a441a7681100e,Grarivier,1559.3,103.2,8,5.67,2020-08-30
2021-02-27,Kards Open: Singleton,bf:5f469fbd9f8a441a768119af,yura,1459.4,132.3,1,0.71,2020-08-29
2021-02-27,Kards Open: Singleton,bf:5f46ff72cff9bb4e25c82ac7,hartmanator1,1532.7,86.2,14,11.12,2020-11-29
2021-02-27,Kards Open: Singleton,bf:5f47aca042aba63789789166,UBCers,1434.7,126.5,2,1.42,2020-08-29
2021-02-27,Kards Open: Singleton,bf:5f48837c34f6ed5f7791f82a,RIBO,1559.0,107.3,7,4.96,2020-08-30
2021-02-27,Kards Open: Singleton,bf:5f4965bb76b8305ffaa36866,Ernst1871,1504.6,92.6,11,8.99,2020-11-29
2021-02-27,Kards Open: Singleton,bf:5f49b691c955654e18759c1e,Ryestye,1555.9,133.1,1,0.71,2020-08-29
2021-02-27,Kards Open: Singleton,bf:5f4a2d8c76b8305ffaa376af,smerch,1468.7,121.4,3,2.12,2020-08-29
2021-02-27,Kards Open: Singleton,bf:5f4a40fd34f6ed5f7792170c,LemonShark,1472.8,106.7,7,4.96,2020-08-30
2021-02-27,Kards Open: Singleton,bf:5f4a66a7629c8b6045fa11b9,Сэм,1472.5,103.4,8,5.67,2020-08-30
2021-02-27,Kards Open: Singleton,bf:5f908c01a261b945b6c471e8,OliRoB,1306.2,106.4,6,5.77,2021-02-07
2021-02-27,Kards Open: Singleton,bf:5fa1ee84f8fc171ea9f66554,El Chickenrice,1644.9,98.9,8,6.74,2020-11-29
2021-02-27,Kards Open: Singleton,bf:5fa2011d11743771ade90dee,testo,1730.9,77.6,19,17.24,2021-02-15
2021-02-27,Kards Open: Singleton,bf:5fa27bfdf8fc171ea9f66924,CalinBZ,1563.4,116.0,4,3.36,2020-11-28
2021-02-27,Kards Open: Singleton,bf:5fa27e32f8fc171ea9f66940,vegetable,1607.3,100.9,7,6.73,2021-02-07
2021-02-27,Kards Open: Singleton,bf:5fa2928f11743771ade9128e,Ax,1510.1,124.0,2,1.68,2020-11-28
2021-02-27,Kards Open: Singleton,bf:5fa2992ef8fc171ea9f66a3e,犹似深闺梦中人,1548.6,109.5,5,4.21,2020-11-28
2021-02-27,Kards Open: Singleton,bf:5fa2d1356b9c704abc3f86e4,MoncherFrag,1476.6,110.8,5,4.21,2020-11-28
2021-02-27,Kards Open: Singleton,bf:5fa3973bf8fc171ea9f68255,辉辉呀,1417.7,110.3,5,4.44,2021-02-06
2021-02-27,Kards Open: Singleton,bf:5fa3da8e11743771ade92018,Spooz,1703.5,68.8,26,24.23,2021-02-27
2021-02-27,Kards Open: Singleton,bf:5fa3e36b6b9c704abc3f92a0,bruki,1507.7,125.4,2,1.68,2020-11-28
2021-02-27,Kards Open: Singleton,bf:5fa4097911743771ade92145,David Lynch,1470.2,131.9,1,0.84,2020-11-28
2021-02-27,Kards Open: Singleton,bf:5fa467df4eb3c2458669c29a,Berto Burrito,1753.5,93.0,10,9.67,2021-02-15
2021-02-27,Kards Open: Singleton,bf:5fa530563f52763256b7593d,Civlj,1509.9,124.4,2,1.68,2020-11-28
2021-02-27,Kards Open: Singleton,bf:5fa5397c241d875936d2c2f2,Vadim,1610.1,84.1,14,12.5,2021-02-07
2021-02-27,Kards Open: Singleton,bf:5fa57306cc28b3594394b946,Liszt,1540.7,111.2,5,4.33,2021-02-06
2021-02-27,Kards Open: Singleton,bf:5fa5ede611743771ade94108,comtruise,1710.6,85.9,13,12.17,2021-02-13
2021-02-27,Kards Open: Singleton,bf:5fa62937c3c163598ec80783,CCMS-031,1569.9,104.2,6,5.77,2021-02-07
2021-02-27,Kards Open: Singleton,bf:5fafaf199a9e750ea663a8e3,发牌员没马,1507.1,125.3,2,1.68,2020-11-28
2021-02-27,Kards Open: Singleton,bf:5fafe4c9eb92fe0475436826,TheMiltonBradley,1527.4,95.6,9,7.58,2020-11-29
2021-02-27,Kards Open: Singleton,bf:5fafe7dfe7d89a60d43336cc,Primal,1431.1,125.5,2,1.68,2020-11-28
2021-02-27,Kards Open: Singleton,bf:5fafeec6e7d89a60d4333722,wodandos,1451.2,118.9,3,2.52,2020-11-28
2021-02-27,Kards Open: Singleton,bf:5faff24f698db1048d26b032,Stenli72,1472.2,102.2,7,5.89,2020-11-29
2021-02-27,Kards Open: Singleton,bf:5faffa8a502b9e587d1b7c3e,"Alexandre ""Mainovski"" Mainaud",1441.4,114.8,4,3.36,2020-11-28
2021-02-27,Kards Open: Singleton,bf:5faffbe71632970e916b602a,xceroks,1439.6,131.6,1,0.84,2020-11-28
2021-02-27,Kards Open: Singleton,bf:5fb026c1502b9e587d1b838d,Anklestina,1494.4,113.7,4,3.36,2020-11-28
2021-02-27,Kards Open: Singleton,bf:5fb02943698db1048d26b9cd,Bison,1589.5,99.2,8,6.73,2020-11-29
2021-02-27,Kards Open: Singleton,bf:5fb02c08698db1048d26ba0d,VReznov2137,1464.0,131.3,1,0.84,2020-11-28
2021-02-27,Kards Open: Singleton,bf:5fb032ea502b9e587d1b85eb,Secret Deadbeat,1599.4,120.4,3,2.52,2020-11-28
2021-02-27,Kards Open: Singleton,bf:5fb035bf502b9e587d1b8643,Annki,1415.4,109.9,5,4.44,2021-02-06
2021-02-27,Kards Open: Singleton,bf:5fb051789a9e750ea663bb88,Khal Drogo,1486.9,119.8,3,2.52,2020-11-28
2021-02-27,Kards Open: Singleton,bf:5fb0acb4eb92fe047543807d,MagiC,1503.5,111.7,4,3.84,2021-02-06
2021-02-27,Kards Open: Singleton,bf:5fb0b189f07fad440734d338,IWS2000,1419.8,97.0,9,7.58,2020-11-29
2021-02-27,Kards Open: Singleton,bf:5fb0d42e9a9e750ea663c3fc,[V_M]_MorS_{B},1611.5,100.4,8,6.74,2020-11-29
2021-02-27,Kards Open: Singleton,bf:5fb0e0020c8f110e8a8bf3f2,Krieger,1455.7,131.3,1,0.84,2020-11-28
2021-02-27,Kards Open: Singleton,bf:5fb0ee1e698db1048d26c5af,Eirik II,1395.3,99.6,8,6.73,2020-11-29
2021-02-27,Kards Open: Singleton,bf:5fb0eee19a9e750ea663c435,player1,1512.6,99.0,8,6.73,2020-11-29
2021-02-27,Kards Open: Singleton,bf:5fb0f0121632970e916b7856,panzer_398,1399.0,110.1,5,4.21,2020-11-29
2021-02-27,Kards Open: Singleton,bf:5fb110bd698db1048d26c5f6,Aksara,1548.9,106.3,6,5.05,2020-11-29
2021-02-27,Kards Open: Singleton,bf:5fb1143e502b9e587d1b94dc,KillerQueenS,1435.1,126.3,2,1.68,2020-11-28
2021-02-27,Kards Open: Singleton,bf:5fb1184c0c8f110e8a8bf660,only_,1533.5,115.7,4,3.36,2020-11-28
2021-02-27,Kards Open: Singleton,bf:5fb1316c502b9e587d1b95e6,Bartkopolus123,1449.0,131.1,1,0.84,2020-11-28
2021-02-27,Kards Open: Singleton,bf:5fb18ed99a9e750ea663cd33,Vitzekk,1553.6,110.3,5,4.21,2020-11-29
2021-02-27,Kards Open: Singleton,bf:5fb1a2cb5caa4f5e4bc80d56,SpaceCowboy,1451.0,127.0,2,1.68,2020-11-28
2021-02-27,Kards Open: Singleton,bf:5fb1bf581632970e916b85be,nolans34,1582.1,96.5,9,7.58,2020-11-29
2021-02-27,Kards Open: Singleton,bf:5fb1cbe45caa4f5e4bc81377,Beefy 109,1557.7,126.1,2,1.68,2020-11-28
2021-02-27,Kards Open: Singleton,bf:5fb1cc6ee0bfea60c76a1385,Tenstrovski,1514.0,105.6,6,5.05,2020-11-29
2021-02-27,Kards Open: Singleton,bf:5fb1db8c5caa4f5e4bc8168d,Poochies,1510.8,114.0,4,3.36,2020-11-28
2021-02-27,Kards Open: Singleton,bf:5fb1f464698db1048d26d582,Morsimos,1624.4,100.3,8,6.73,2020-11-29
2021-02-27,Kards Open: Singleton,bf:5fb249e5f07fad440734e5ea,SirFragir,1482.5,99.3,8,6.73,2020-11-29
2021-02-27,Kards Open: Singleton,bf:5fb27723698db1048d26d94d,StabKingPro,1592.3,97.0,9,7.58,2020-11-29
2021-02-27,Kards Open: Singleton,bf:5fb2c8f11632970e916b926c,Drake/Fabi,1508.2,103.2,7,5.89,2020-11-29
2021-02-27,Kards Open: Singleton,bf:5fb3184d9a9e750ea663e423,killswitch,1475.1,100.5,8,6.73,2020-11-29
2021-02-27,Kards Open: Singleton,bf:5fb3203b1632970e916b97b7,chr1st0ph3r,1473.2,119.2,3,2.52,2020-11-28
2021-02-27,Kards Open: Singleton,bf:5fb3df78f07fad440734f6f7,slameo,1417.6,103.3,7,5.89,2020-11-29
2021-02-27,Kards Open: Singleton,bf:5fb3e6ddf07fad440734f71f,tr4cker,1437.3,125.6,2,1.68,2020-11-28
2021-02-27,Kards Open: Singleton,bf:5fb3f43ee0bfea60c76a2a56,General E. Drunk,1632.9,100.7,8,6.74,2020-11-29
2021-02-27,Kards Open: Singleton,bf:5fb3f8b3e7d89a60d4337959,Kn1ghT,1449.3,119.0,3,2.52,2020-11-28
2021-02-27,Kards Open: Singleton,bf:5fb42443a2fd346547530b2e,RED SUN,1539.7,120.2,3,2.52,2020-11-28
2021-02-27,Kards Open: Singleton,bf:5fb43070a2fd346547530c21,[14e]tuveuxdugateaux,1477.7,96.6,9,7.58,2020-11-29
2021-02-27,Kards Open: Singleton,bf:5fb4442a9a9e750ea663ee54,Scythe,1462.9,110.7,5,4.21,2020-11-28
2021-02-27,Kards Open: Singleton,bf:5fb4d729f07fad44073509e4,Victrix,1484.6,117.0,4,3.36,2020-11-28
2021-02-27,Kards Open: Singleton,bf:5fb666119a9e750ea664030b,Setteduetto,1542.9,99.2,8,6.73,2020-11-29
2021-02-27,Kards Open: Singleton,bf:5fb6a5d3e7d89a60d4339244,kingsharaman,1463.5,131.5,1,0.84,2020-11-28
2021-02-27,Kards Open: Singleton,bf:5fb6da26eb92fe047543c823,rostigerloeffel,1569.8,96.6,9,7.58,2020-11-29
2021-02-27,Kards Open: Singleton,bf:5fb719fde0bfea60c76a4f50,rayko,1334.7,101.4,8,6.73,2020-11-29
2021-02-27,Kards Open: Singleton,bf:5fb73781698db1048d271114,Lazer Wolf,1389.1,119.3,3,2.52,2020-11-28
2021-02-27,Kards Open: Singleton,bf:5fb7473c502b9e587d1becbe,ILoveMooncake,1686.7,93.9,9,8.68,2021-02-13
2021-02-27,Kards Open: Singleton,bf:5fb8387c1faa4843f941ba10,Álmos,1540.5,119.5,3,2.52,2020-11-28
2021-02-27,Kards Open: Singleton,bf:5fb97cee0c24381d904b5447,bengui,1536.7,119.0,3,2.52,2020-11-28
2021-02-27,Kards Open: Singleton,bf:5fb98c8e19c8f219d78717ac,DrQuencher,1424.7,124.9,2,1.68,2020-11-28
2021-02-27,Kards Open: Singleton,bf:5fba777719c8f219d787247b,roberto7208,1459.5,96.5,9,7.58,2020-11-29
2021-02-27,Kards Open: Singleton,bf:5fbb03850f21e57963850470,Pie4155,1415.6,103.0,7,5.89,2020-11-29
2021-02-27,Kards Open: Singleton,bf:5fbc0c3e2dc8793ada84fdb3,Mark2020,1432.6,103.8,7,5.89,2020-11-29
2021-02-27,Kards Open: Singleton,bf:5fbc3b8e0f21e5796385112f,spambox9,1501.7,103.3,7,5.89,2020-11-29
2021-02-27,Kards Open: Singleton,bf:5fbc4040adfefd64e8c8fd73,Diogenesis,1600.5,84.8,13,12.13,2021-02-27
2021-02-27,Kards Open: Singleton,bf:5fbc5711a2fd34654753a8c0,Magister Erik,1614.5,99.9,8,6.73,2020-11-29
2021-02-27,Kards Open: Singleton,bf:5fbc79591632970e916c3fe5,Breich,1476.3,109.9,5,4.21,2020-11-28
2021-02-27,Kards Open: Singleton,bf:5fbd548d698db1048d27a866,Citrons,1547.1,99.1,8,6.74,2020-11-29
2021-02-27,Kards Open: Singleton,bf:5fbd71c2e7d89a60d43410ca,lean87ki,1543.4,80.8,16,14.31,2021-02-07
2021-02-27,Kards Open: Singleton,bf:5fbdb89d26ea883a51583400,Kongo,1561.7,109.5,5,4.21,2020-11-28
2021-02-27,Kards Open: Singleton,bf:5fbe830b26ea883a515839f5,炮灰no1,1440.9,115.3,4,3.36,2020-11-28
2021-02-27,Kards Open: Singleton,bf:5fbe834ea2fd34654753c095,Hans Friderich R,1501.1,124.2,2,1.68,2020-11-28
2021-02-27,Kards Open: Singleton,bf:5fbe83792dc8793ada85198d,pilotttt(Илья),1418.5,124.7,2,1.68,2020-11-28
2021-02-27,Kards Open: Singleton,bf:5fbe84641632970e916c5996,unclefox,1655.6,98.0,9,7.58,2020-11-29
2021-02-27,Kards Open: Singleton,bf:5fbe848ca2fd34654753c09a,Future,1464.5,119.4,3,2.52,2020-11-28
2021-02-27,Kards Open: Singleton,bf:5fbe860ca2fd34654753c09d,正宗重庆老友粉,1435.1,125.2,2,1.68,2020-11-28
2021-02-27,Kards Open: Singleton,bf:5fbe862ca447ab4bb37e0f77,meistermiagi,1422.3,125.0,2,1.68,2020-11-28
2021-02-27,Kards Open: Singleton,bf:5fbe86401632970e916c599c,JamesBoned,1527.9,109.7,5,4.21,2020-11-28
2021-02-27,Kards Open: Singleton,bf:5fbe873b4d01f9313d135045,KrisKrinkel,1442.8,126.2,2,1.68,2020-11-28
2021-02-27,Kards Open: Singleton,bf:5fbe87ea5d320863b86f031b,Hydrogen,1546.9,100.3,8,6.74,2020-11-29
2021-02-27,Kards Open: Singleton,bf:5fbe89294d01f9313d135068,MrMolotoff,1507.5,98.8,8,6.73,2020-11-29
2021-02-27,Kards Open: Singleton,bf:5fbe89b5043fd20cdf90cccf,tonywan,1360.1,114.9,4,3.36,2020-11-28
2021-02-27,Kards Open: Singleton,bf:5fbe8ae05d320863b86f032c,Anto,1447.4,115.2,4,3.36,2020-11-28
2021-02-27,Kards Open: Singleton,bf:5fbe8afb698db1048d27b396,SkittleSabot,1533.4,131.8,1,0.84,2020-11-28
2021-02-27,Kards Open: Singleton,bf:5fbe8b8ea447ab4bb37e0fc8,päpä,1441.2,97.6,9,7.58,2020-11-29
2021-02-27,Kards Open: Singleton,bf:5fbe8c402dc8793ada8519d5,Der_Admiral,1538.9,109.6,5,4.21,2020-11-28
2021-02-27,Kards Open: Singleton,bf:5fbe906ba2fd34654753c0fc,captain.pothead,1488.7,119.5,3,2.52,2020-11-28
2021-02-27,Kards Open: Singleton,bf:5fbe91ca26ea883a51583aa4,yra111,1473.5,120.4,3,2.52,2020-11-28
2021-02-27,Kards Open: Singleton,bf:5fbe9602698db1048d27b3e0,Rumfart,1434.6,125.2,2,1.68,2020-11-28
2021-02-27,Kards Open: Singleton,bf:5fbe96be698db1048d27b3e4,Youmu_chan,1486.6,110.4,5,4.21,2020-11-28
2021-02-27,Kards Open: Singleton,bf:5fbe970e26ea883a51583ac1,UnbearableMe,1455.8,131.0,1,0.84,2020-11-28
2021-02-27,Kards Open: Singleton,bf:5fbe971d0f21e57963852d08,牛头人杀手,1501.4,125.2,2,1.68,2020-11-28
2021-02-27,Kards Open: Singleton,bf:5fbe9b450f21e57963852d1e,garygo,1517.4,99.0,8,6.74,2020-11-29
2021-02-27,Kards Open: Singleton,bf:5fbeac15a447ab4bb37e116f,ThuggerJuice,1543.9,96.1,9,7.58,2020-11-29
2021-02-27,Kards Open: Singleton,bf:5fbeb056698db1048d27b5bd,Stuie,1455.8,99.4,8,6.73,2020-11-29
2021-02-27,Kards Open: Singleton,bf:5fbeb20eb0ef7749130e452c,Dawn,1549.2,99.0,8,6.74,2020-11-29
2021-02-27,Kards Open: Singleton,bf:5fbeb7541632970e916c5c93,finny,1482.1,97.1,9,7.58,2020-11-29
2021-02-27,Kards Open: Singleton,bf:5fbebdee043fd20cdf90cfaf,GM_Logan,1545.4,89.2,11,9.74,2021-02-07
2021-02-27,Kards Open: Singleton,bf:5fbed15626ea883a51583d3f,Empyreal,1419.6,124.5,2,1.68,2020-11-28
2021-02-27,Kards Open: Singleton,bf:5fbedfbc0f21e57963853121,Raswar47,1421.1,125.0,2,1.68,2020-11-28
2021-02-27,Kards Open: Singleton,bf:5fbef0144d01f9313d135b11,Geezer,1613.9,96.5,9,7.58,2020-11-29
2021-02-27,Kards Open: Singleton,bf:5fbef0d92dc8793ada8527a5,嘤嘤嘤,1423.1,124.8,2,1.68,2020-11-28
2021-02-27,Kards Open: Singleton,bf:5fbef3ecb0ef7749130e49bc,MaskedMarvel,1494.1,124.8,2,1.68,2020-11-28
2021-02-27,Kards Open: Singleton,bf:5fbf17032dc8793ada852978,UltramanT80,1419.9,125.2,2,1.68,2020-11-28
2021-02-27,Kards Open: Singleton,bf:5fbf174c5d320863b86f0efc,如临深渊,1505.9,124.6,2,1.68,2020-11-28
2021-02-27,Kards Open: Singleton,bf:5fbf1ad71632970e916c627a,TowerNumberNine,1434.5,125.3,2,1.68,2020-11-28
2021-02-27,Kards Open: Singleton,bf:5fbf28984d01f9313d135d0f,Ayako,1458.7,131.4,1,0.84,2020-11-28
2021-02-27,Kards Open: Singleton,bf:5fbf30a2a447ab4bb37e1b38,1330775381,1447.7,127.4,2,1.68,2020-11-28
2021-02-27,Kards Open: Singleton,bf:5fbf32921632970e916c6301,Paddy,1424.4,125.2,2,1.68,2020-11-28
2021-02-27,Kards Open: Singleton,bf:5fbf3849043fd20cdf90d500,Dirty Jon,1477.8,101.8,7,5.89,2020-11-29
2021-02-27,Kards Open: Singleton,bf:5fbf3d90adfefd64e8c91af1,tortunbator,1465.3,120.0,3,2.52,2020-11-28
2021-02-27,Kards Open: Singleton,bf:5fbf4b25698db1048d27bdc9,白皮猪杀手,1420.2,125.0,2,1.68,2020-11-28
2021-02-27,Kards Open: Singleton,bf:5fbf4fe05d320863b86f0fb6,Kimssa,1570.7,99.0,8,6.73,2020-11-29
2021-02-27,Kards Open: Singleton,bf:5fbf516e2dc8793ada852a4c,VitalkaFS,1516.2,114.4,4,3.36,2020-11-28
2021-02-27,Kards Open: Singleton,bf:5fbf5273adfefd64e8c91b99,crazymonkey,1543.8,110.8,5,4.21,2020-11-28
2021-02-27,Kards Open: Singleton,bf:5fbf62605d320863b86f0ff1,梁家河扛麦郎,1499.1,124.3,2,1.68,2020-11-28
2021-02-27,Kards Open: Singleton,bf:5fbf6ade2dc8793ada852a75,Maty,1576.1,99.6,8,6.74,2020-11-29
2021-02-27,Kards Open: Singleton,bf:5fbf6f3f26ea883a515841f0,Wuhu_Airline,1434.4,125.8,2,1.68,2020-11-28
2021-02-27,Kards Open: Singleton,bf:5fbf7a86b0ef7749130e4dec,ID由于太昭和无法显示,1457.5,118.8,3,2.52,2020-11-28
2021-02-27,Kards Open: Singleton,bf:5fbf81d4698db1048d27bf78,Andrewkaiyan,1526.8,96.1,9,7.58,2020-11-29
2021-02-27,Kards Open: Singleton,bf:5fbf8670698db1048d27bfda,zadkiel0508,1499.8,124.9,2,1.68,2020-11-28
2021-02-27,Kards Open: Singleton,bf:5fbf86bf2dc8793ada852abe,Kiertscher,1517.7,99.3,8,6.74,2020-11-29
2021-02-27,Kards Open: Singleton,bf:5fbf8fc55d320863b86f1086,共和国荣光,1473.4,119.8,3,2.52,2020-11-28
2021-02-27,Kards Open: Singleton,bf:5fbf97cfb0ef7749130e4e94,AndyNing,1471.5,120.4,3,2.52,2020-11-28
2021-02-27,Kards Open: Singleton,bf:5fbf9fa55d320863b86f10d6,watchmen,1626.1,109.1,5,4.21,2020-11-28
2021-02-27,Kards Open: Singleton,bf:5fbfa1ec5d320863b86f10df,s8130662,1723.3,97.3,9,7.58,2020-11-29
2021-02-27,Kards Open: Singleton,bf:5fbfa6575d320863b86f10ec,think,1431.9,125.5,2,1.68,2020-11-28
2021-02-27,Kards Open: Singleton,bf:5fbfa75c0f21e57963853e73,2057458491@qq.com,1604.4,110.1,5,4.21,2020-11-28
2021-02-27,Kards Open: Singleton,bf:5fbfa9f0a2fd34654753c891,Wizard,1564.2,95.9,9,7.58,2020-11-29
2021-02-27,Kards Open: Singleton,bf:5fbfaa4726ea883a5158435d,UnhappyRefrain,1455.7,119.2,3,2.52,2020-11-28
2021-02-27,Kards Open: Singleton,bf:5fbfaa5d698db1048d27c161,Feiron,1469.9,132.1,1,0.84,2020-11-28
2021-02-27,Kards Open: Singleton,bf:5fbfafde1632970e916c652e,Non-motorized,1518.2,98.9,8,6.73,2020-11-29
2021-02-27,Kards Open: Singleton,bf:5fbfb1ca2dc8793ada852b72,Satomi_ren,1620.7,102.8,7,5.89,2020-11-29
2021-02-27,Kards Open: Singleton,bf:5fbfb4c7043fd20cdf90d6e1,唐努图什么,1501.3,125.0,2,1.68,2020-11-28
2021-02-27,Kards Open: Singleton,bf:5fbfb60f1632970e916c6544,rayson366458,1442.1,126.3,2,1.68,2020-11-28
2021-02-27,Kards Open: Singleton,bf:5fbfb8692dc8793ada852b8d,为啥起的名字都无效,1510.8,126.0,2,1.68,2020-11-28
2021-02-27,Kards Open: Singleton,bf:5fbfb8f1043fd20cdf90d702,James Patterson,1430.4,114.3,4,3.36,2020-11-28
2021-02-27,Kards Open: Singleton,bf:5fbfba184d01f9313d135f37,Simple One,1463.3,131.5,1,0.84,2020-11-28
2021-02-27,Kards Open: Singleton,bf:5fbfbd51b0ef7749130e4f38,MC_Shiro,1590.3,88.9,12,10.94,2021-02-07
2021-02-27,Kards Open: Singleton,bf:5fbfc2c9043fd20cdf90d720,bushirenchou,1554.2,109.8,5,4.21,2020-11-28
2021-02-27,Kards Open: Singleton,bf:5fbfc6e15d320863b86f1193,李鸿章,1548.9,96.8,9,7.58,2020-11-29
2021-02-27,Kards Open: Singleton,bf:5fbfd4581632970e916c6699,Claris,1474.2,119.5,3,2.52,2020-11-28
2021-02-27,Kards Open: Singleton,bf:5fbffbaa2dc8793ada85319e,MeRRoR,1461.7,99.7,8,6.74,2020-11-29
2021-02-27,Kards Open: Singleton,bf:5fc003a1b0ef7749130e5216,Zuasfadas,1550.3,115.7,4,3.36,2020-11-28
2021-02-27,Kards Open: Singleton,bf:5fc0046a698db1048d27c912,ChariotBlitz,1521.8,109.8,5,4.21,2020-11-28
2021-02-27,Kards Open: Singleton,bf:5fc0060d698db1048d27c939,machue,1451.7,118.7,3,2.52,2020-11-28
2021-02-27,Kards Open: Singleton,bf:5fc017df26ea883a515847d5,Nikica,1539.8,95.6,9,7.58,2020-11-29
2021-02-27,Kards Open: Singleton,bf:5fc0244ca2fd34654753d0cb,Bjelke666,1350.2,95.1,10,9.13,2021-02-07
2021-02-27,Kards Open: Singleton,bf:5fc048141632970e916c6beb,Jannik,1494.6,124.8,2,1.68,2020-11-28
2021-02-27,Kards Open: Singleton,bf:5fc062ca3a712911d5860aac,Chimpu,1426.3,125.2,2,1.68,2020-11-28
2021-02-27,Kards Open: Singleton,bf:5fc06376a447ab4bb37e29a7,西域战神阿凡提,1458.1,131.4,1,0.84,2020-11-28
2021-02-27,Kards Open: Singleton,bf:5fc07486698db1048d27ccd5,hj123c,1422.7,125.0,2,1.68,2020-11-28
2021-02-27,Kards Open: Singleton,bf:5fc0ff84971c1811b1c02525,lapotNIK,1470.7,120.1,3,2.52,2020-11-28
2021-02-27,Kards Open: Singleton,bf:5fc13108a447ab4bb37e2e33,Az4zel,1467.7,107.7,6,5.05,2020-11-29
2021-02-27,Kards Open: Singleton,bf:5fc133575ca52f15c00549a9,Legio_Victrix,1605.5,96.7,9,7.58,2020-11-29
2021-02-27,Kards Open: Singleton,bf:5fc13c125d320863b86f1d60,聖訷殺,1418.0,125.6,2,1.68,2020-11-28
2021-02-27,Kards Open: Singleton,bf:5fc13c6e4a99f533280c7373,Vavilon6,1707.1,69.0,25,23.19,2021-02-27
2021-02-27,Kards Open: Singleton,bf:5fc1647ca447ab4bb37e3019,Lampround,1432.8,125.1,2,1.68,2020-11-28
2021-02-27,Kards Open: Singleton,bf:5fc1741a4a3afe55318cf945,Waldemaras,1492.7,125.0,2,1.68,2020-11-28
2021-02-27,Kards Open: Singleton,bf:5fc1760a2dc8793ada853e83,Thetankman3,1647.2,107.1,6,5.05,2020-11-29
2021-02-27,Kards Open: Singleton,bf:5fc1c2f14a3afe55318cfd98,RudyFlyer,1456.0,131.1,1,0.84,2020-11-28
2021-02-27,Kards Open: Singleton,bf:5fc1dd90043fd20cdf90e83e,BADmuji,1457.1,91.7,11,9.62,2021-02-06
2021-02-27,Kards Open: Singleton,bf:5fc1dd9b2dc8793ada8544a3,GeneralMaximus_5,1434.3,114.3,4,3.36,2020-11-28
2021-02-27,Kards Open: Singleton,bf:5fc1f746a2fd34654753e1ae,GearWolf1991,1458.1,99.1,8,6.73,2020-11-29
2021-02-27,Kards Open: Singleton,bf:5fc2123f8ae4c5551e8b0129,Agent007,1479.6,110.4,5,4.21,2020-11-28
2021-02-27,Kards Open: Singleton,bf:5fc21ebcb0ef7749130e6b81,Agumonster,1438.1,125.6,2,1.68,2020-11-28
2021-02-27,Kards Open: Singleton,bf:5fc241c1f1aa2511d7251933,Reaper,1403.0,120.1,3,2.52,2020-11-28
2021-02-27,Kards Open: Singleton,bf:5fc24f00971c1811b1c037b0,Wladca,1428.2,125.3,2,1.68,2020-11-28
2021-02-27,Kards Open: Singleton,bf:5fc26afe6052f211a7127a71,yahya94,1463.6,109.6,5,4.21,2020-11-29
2021-02-27,Kards Open: Singleton,bf:5fc2cfeb2350e111ca3e4a6e,Lan,1351.1,87.2,13,12.66,2021-02-21
2021-02-27,Kards Open: Singleton,bf:5fd0f538f2b2ef0cb211c66d,winman82,1473.3,111.5,4,3.84,2021-02-06
2021-02-27,Kards Open: Singleton,bf:6018722f6b7a4c1c7ef01779,"Котейка ПочтаЛион ""Каратель""",1448.0,107.6,5,4.81,2021-02-07
2021-02-27,Kards Open: Singleton,bf:601995acbe9b881d09177a3a,Berserker,1400.4,119.5,3,2.88,2021-02-07
2021-02-27,Kards Open: Singleton,bf:6019ce668e21aa1d188c190d,DJSF,1445.6,103.6,6,5.93,2021-02-21
2021-02-27,Kards Open: Singleton,bf:601a74d5f4761b1d98293c14,gardr,1383.8,105.9,6,5.84,2021-02-20
2021-02-27,Kards Open: Singleton,bf:601ad0d4bccfe11bd7952790,Bubblebox,1564.6,85.6,12,11.69,2021-02-21
2021-02-27,Kards Open: Singleton,bf:601ae997fb69622ad6617823,Lord Zarax,1456.1,103.6,6,5.93,2021-02-21
2021-02-27,Kards Open: Singleton,bf:601aface2eb6151da1f9651f,Amarok,1459.4,117.3,3,2.88,2021-02-06
2021-02-27,Kards Open: Singleton,bf:601afc674443111ba564023d,RTylerW,1435.6,113.8,4,3.84,2021-02-06
2021-02-27,Kards Open: Singleton,bf:601b5b897d76ec1b99358c6f,IMStarker,1432.8,109.5,5,4.88,2021-02-20
2021-02-27,Kards Open: Singleton,bf:601c0e79b125d31d258fd278,Ish,1468.8,109.0,5,4.81,2021-02-07
2021-02-27,Kards Open: Singleton,bf:601c4a12e848ea2ae5565fa7,UappaSguappa,1533.6,116.9,3,2.88,2021-02-06
2021-02-27,Kards Open: Singleton,bf:601c52cb2eb6151da1f96ccf,Asarnil,1502.0,124.5,2,1.92,2021-02-06
2021-02-27,Kards Open: Singleton,bf:601c5640242f461d92104636,Flironic,1454.8,130.2,1,0.96,2021-02-06
2021-02-27,Kards Open: Singleton,bf:601c5831f4761b1d98294688,gillis,1455.3,130.4,1,0.96,2021-02-06
2021-02-27,Kards Open: Singleton,bf:601c5d21bccfe11bd79533ba,NikitoSNaz,1472.5,108.4,5,4.81,2021-02-07
2021-02-27,Kards Open: Singleton,bf:601c602c8989bb1d0ffd2d60,Boom Stand,1446.5,104.0,6,5.77,2021-02-07
2021-02-27,Kards Open: Singleton,bf:601c66707d76ec1b99359336,Uncle_Gags,1440.5,126.1,2,1.92,2021-02-06
2021-02-27,Kards Open: Singleton,bf:601c6d39ce01411daff6ce45,Ludo,1510.6,101.4,7,6.73,2021-02-07
2021-02-27,Kards Open: Singleton,bf:601c71455470fa2af29f5034,Sebastianhenry,1417.5,103.6,6,5.77,2021-02-07
2021-02-27,Kards Open: Singleton,bf:601c7bb24443111ba5640e9a,sleppy,1375.6,104.3,6,5.77,2021-02-07
2021-02-27,Kards Open: Singleton,bf:601c9026bf58cf5f54a82622,adriano.rln2,1482.8,102.9,6,5.77,2021-02-07
2021-02-27,Kards Open: Singleton,bf:601c914f7d548611be769699,Chippendale,1550.6,118.4,3,2.88,2021-02-06
2021-02-27,Kards Open: Singleton,bf:601c994b3b155711d4677d1b,Thunderhide Alpha,1436.2,104.0,6,5.77,2021-02-07
2021-02-27,Kards Open: Singleton,bf:601c9b3d2a229411c4dec493,JackaL,1476.2,117.2,3,2.88,2021-02-06
2021-02-27,Kards Open: Singleton,bf:601c9f9ef8251e1bb7eb0fb5,PainmakeR,1492.6,86.3,12,11.69,2021-02-21
2021-02-27,Kards Open: Singleton,bf:601cafe1bb724711bbdc0e41,diablojoker,1614.1,96.7,8,7.7,2021-02-13
2021-02-27,Kards Open: Singleton,bf:601cb9e68f8ab5604536225b,xialang,1573.2,91.0,10,9.81,2021-02-27
2021-02-27,Kards Open: Singleton,bf:601ccaa7df90f911ab030712,Smoky,1460.4,103.5,6,5.77,2021-02-07
2021-02-27,Kards Open: Singleton,bf:601ccba636ceeb11b32b80ff,清水晴政,1511.5,113.9,4,3.84,2021-02-06
2021-02-27,Kards Open: Singleton,bf:601cf711ce01411daff6d2c9,The Ice Baron,1521.8,112.3,4,3.84,2021-02-06
2021-02-27,Kards Open: Singleton,bf:601d189a36ceeb11b32b81e2,MR.p,1442.5,130.3,1,0.96,2021-02-06
2021-02-27,Kards Open: Singleton,bf:601d204cab29fd2adcd79a2d,Juliuspluvius,1461.0,130.7,1,0.96,2021-02-06
2021-02-27,Kards Open: Singleton,bf:601d2fa3242f461d92104ad0,tief-pass,1484.2,108.7,5,4.81,2021-02-07
2021-02-27,Kards Open: Singleton,bf:601d334704309b1b93074798,Jashin,1440.8,103.2,6,5.93,2021-02-21
2021-02-27,Kards Open: Singleton,bf:601d4daaa3a63111ba7f6ad7,0331,1512.3,108.6,5,4.81,2021-02-07
2021-02-27,Kards Open: Singleton,bf:601d68eabf58cf5f54a82fbf,LeeandGarros,1455.5,114.7,4,3.84,2021-02-06
2021-02-27,Kards Open: Singleton,bf:601d6a1959fc1e11b57d5700,binhpac,1491.8,117.6,3,2.88,2021-02-06
2021-02-27,Kards Open: Singleton,bf:601d724003f1bc1bc847aa4d,WarCrow,1480.8,103.3,6,5.77,2021-02-07
2021-02-27,Kards Open: Singleton,bf:601d72b8945ba61bbd9b6b3e,JamesJimRaynor,1723.8,90.8,10,9.65,2021-02-13
2021-02-27,Kards Open: Singleton,bf:601d8327ce01411daff6dde0,zvezda,1586.4,100.7,7,6.73,2021-02-07
2021-02-27,Kards Open: Singleton,bf:601d841d36ceeb11b32b8857,Чайный Игрок,1423.9,124.4,2,1.92,2021-02-06
2021-02-27,Kards Open: Singleton,bf:601d8d265470fa2af29f55e8,Bronzeguy,1491.7,112.5,4,3.84,2021-02-06
2021-02-27,Kards Open: Singleton,bf:601dacd85156047698264137,pelota,1624.6,100.3,7,6.74,2021-02-13
2021-02-27,Kards Open: Singleton,bf:601dd93585cc4e75ecefaa9c,X_predator,1473.9,118.3,3,2.88,2021-02-06
2021-02-27,Kards Open: Singleton,bf:601ddad214499975b676d714,Autisticles,1472.9,113.3,4,3.84,2021-02-06
2021-02-27,Kards Open: Singleton,bf:601dff5114499975b676d7fb,Vladimir_the_Great,1426.6,104.3,6,5.77,2021-02-07
2021-02-27,Kards Open: Singleton,bf:601e170e8b295778d1474505,TriggerMcHappy,1482.1,124.0,2,1.92,2021-02-06
2021-02-27,Kards Open: Singleton,bf:601e1a04b66ee1767c0f19bf,metaman0,1509.3,104.5,6,5.77,2021-02-07
2021-02-27,Kards Open: Singleton,bf:601e4222507c147700ac949d,Bishamon,1396.4,90.2,11,10.7,2021-02-21
2021-02-27,Kards Open: Singleton,bf:601e45ae6c6f1475e154a175,cws1968,1469.1,107.4,5,4.81,2021-02-07
2021-02-27,Kards Open: Singleton,bf:601e5d325156047698264588,idslksyllbls,1563.0,99.8,7,6.73,2021-02-07
2021-02-27,Kards Open: Singleton,bf:601e60c914499975b676db49,Agasfer88,1488.7,103.5,6,5.77,2021-02-07
2021-02-27,Kards Open: Singleton,bf:601e734995780078daf3e9cf,Budark,1507.0,122.5,2,1.92,2021-02-06
2021-02-27,Kards Open: Singleton,bf:601e77957e074a75c3e36c24,Drazer,1506.2,111.1,4,3.84,2021-02-07
2021-02-27,Kards Open: Singleton,bf:601e7dd895780078daf3ed80,VadimPoltava,1429.5,112.1,4,3.84,2021-02-06
2021-02-27,Kards Open: Singleton,bf:601e7e5af38de8768ef0dbdf,Funnies,1477.5,132.5,1,0.96,2021-02-06
2021-02-27,Kards Open: Singleton,bf:601e92a7e5c01375db7f5de8,stevenj21,1436.3,89.0,11,10.73,2021-02-21
2021-02-27,Kards Open: Singleton,bf:601e9b8beae820768baef5db,Csasz74,1358.5,113.7,4,3.84,2021-02-06
2021-02-27,Kards Open: Singleton,bf:601e9c49e5c01375db7f5e53,Heliks,1557.1,104.7,6,5.77,2021-02-07
2021-02-27,Kards Open: Singleton,bf:601e9d308392ff75fb351ffc,Хлебный Игрок,1461.7,130.7,1,0.96,2021-02-06
2021-02-27,Kards Open: Singleton,bf:601ea179eae820768baef620,notturno68,1400.9,123.3,2,1.92,2021-02-06
2021-02-27,Kards Open: Singleton,bf:601ea84d2cdc35768253b653,pablonsky,1449.1,126.6,2,1.92,2021-02-06
2021-02-27,Kards Open: Singleton,bf:602bf7e108d6c576f70885be,ACE YUR FACE,1535.7,102.5,6,5.93,2021-02-21
2021-02-27,Kards Open: Singleton,bf:602c0e5389472a782b9cbc26,Shockwave750,1577.3,102.5,6,5.94,2021-02-27
2021-02-27,Kards Open: Singleton,bf:602c2018507c147700acf905,Bomber_Harris,1435.6,104.1,6,5.93,2021-02-21
2021-02-27,Kards Open: Singleton,bf:602c22cdabb67b53bb4c4954,Haruna Izumi,1409.5,108.0,5,4.94,2021-02-21
2021-02-27,Kards Open: Singleton,bf:602d35b5e953470c8c2eb398,skippu_white,1421.4,108.4,5,4.94,2021-02-21
2021-02-27,Kards Open: Singleton,bf:602d5acba74cc17c31b7d9af,Nyarlathotep,1498.5,103.9,6,5.94,2021-02-27
2021-02-27,Kards Open: Singleton,bf:602efa92d7a4147c1146d997,Dynamo D,1589.0,95.2,8,7.92,2021-02-27
2021-02-27,Kards Open: Singleton,bf:602f98dc95b59911a33166f5,Craylight,1377.4,106.6,5,4.94,2021-02-21
2021-02-27,Kards Open: Singleton,bf:6030551a73965f35ae461762,log1c,1493.8,102.9,6,5.93,2021-02-21
2021-02-27,Kards Open: Singleton,bf:6030a2af3222cb45216b822e,DarkwingedTrumpeter,1369.7,117.4,3,2.96,2021-02-20
2021-04-10,KARDS Open V,bf:544fd1e1a3aee26f0b100edb,121,1524.5,94.9,13,7.94,2020-08-30
2021-04-10,KARDS Open V,bf:55a9e6f380ec56430032820c,swigmonkey,1436.0,114.0,4,3.55,2021-02-06
2021-04-10,KARDS Open V,bf:564e7b5b80b8db4a00c4ff9c,Jking7,1762.9,60.2,45,35.42,2021-04-10
2021-04-10,KARDS Open V,bf:56bf93a68b6bc7030304a789,Kynio,1500.1,109.7,7,4.28,2020-07-26
2021-04-10,KARDS Open V,bf:56ed79634fdf9b7e1224dddc,[DB] Praetorian,1561.6,120.3,4,2.45,2020-07-25
2021-04-10,KARDS Open V,bf:57101bc80b3b0f8312f27ec5,Socialist,1547.4,90.9,10,9.24,2021-04-04
2021-04-10,KARDS Open V,bf:572751089b61d587125da415,Pad,1555.8,106.3,8,4.9,2020-07-26
2021-04-10,KARDS Open V,bf:5784f8bcf26da72d0cd20f65,LuckyLuke,1470.1,86.5,17,11.43,2020-11-28
2021-04-10,KARDS Open V,bf:57a1697c8c3386280ca04b34,batis,1548.5,78.5,21,15.25,2021-04-04
2021-04-10,KARDS Open V,bf:57b5a7ffabd8181c0cfdf304,CaptainA,1506.4,100.9,9,6.61,2021-02-06
2021-04-10,KARDS Open V,bf:5931f755f2d1a503331ea51d,Chrisca,1501.9,128.8,2,1.22,2020-07-25
2021-04-10,KARDS Open V,bf:596dd6d3014e6b033a8a1275,RainZone,1596.5,106.2,8,4.9,2020-07-26
2021-04-10,KARDS Open V,bf:59b91e3e40985d034416fd27,Isenberg,1488.4,128.1,2,1.22,2020-07-25
2021-04-10,KARDS Open V,bf:5a4d98c332953903641106de,Freddie,1581.9,84.5,17,11.89,2020-11-29
2021-04-10,KARDS Open V,bf:5a58cabb82c7de043a3c289b,[TNT] marvin_the_imp,1507.4,124.8,2,1.77,2021-02-06
2021-04-10,KARDS Open V,bf:5a8879b76c3ac00358830d7c,Benji,1531.3,83.1,16,13.21,2021-02-07
2021-04-10,KARDS Open V,bf:5ad6b5686a20dd03885fa1d1,Jugador,1517.4,117.2,5,3.06,2020-07-26
2021-04-10,KARDS Open V,bf:5b0094b93d8b3603b86987cc,Bob the Tomato,1480.0,120.5,4,2.61,2020-08-30
2021-04-10,KARDS Open V,bf:5b38c676cbd82c03a4f28e8f,doge34,1662.5,70.6,29,21.6,2021-04-04
2021-04-10,KARDS Open V,bf:5b499abbdbda4803ac64b712,SdCorpse,1536.8,120.6,3,2.33,2020-11-28
2021-04-10,KARDS Open V,bf:5bef1fd422a55803cb340a40,OHxCORNGUY,1525.4,104.8,6,5.47,2021-02-21
2021-04-10,KARDS Open V,bf:5c3b6b20304450039e51c054,Yorrit,1499.9,100.5,8,6.22,2020-11-29
2021-04-10,KARDS Open V,bf:5c4dca4fa9f6820352797666,VildeScarz,1564.9,104.9,8,5.23,2020-08-30
2021-04-10,KARDS Open V,bf:5c7e66cd2dd6e4033a9d5fd1,Elikur,1464.7,97.4,8,7.49,2021-04-03
2021-04-10,KARDS Open V,bf:5c834379fdf5df032965d470,Johnny,1525.3,123.2,3,1.83,2020-07-25
2021-04-10,KARDS Open V,bf:5d0fba42acc6ed329c51837f,Rokeiro,1429.1,125.4,3,1.63,2020-05-23
2021-04-10,KARDS Open V,bf:5d26bcf5c9bf6055b457dfb5,UkrainianKing,1586.0,90.3,14,10.03,2021-02-20
2021-04-10,KARDS Open V,bf:5d47ab5c0451666910e5c0af,Joshua12450,1460.8,119.3,3,2.66,2021-02-06
2021-04-10,KARDS Open V,bf:5d6bf8a0238bc73c869e6430,Niemand,1430.5,126.0,2,1.55,2020-11-28
2021-04-10,KARDS Open V,bf:5dadf6683f9f8d27e2e9cc0b,GKZhukov,1651.0,78.2,17,15.38,2021-02-27
2021-04-10,KARDS Open V,bf:5dff9d39fafe5a70cf39ed01,Time to harsh your buzz!,1434.8,127.2,2,1.31,2020-08-29
2021-04-10,KARDS Open V,bf:5e055721e0b14c3515213776,sk1091,1477.8,133.3,1,0.65,2020-08-29
2021-04-10,KARDS Open V,bf:5e6a39a3f1f90c345a8e7fcd,Yakin,1566.1,101.2,7,6.39,2021-02-27
2021-04-10,KARDS Open V,bf:5e7e00974f03651058bba114,Camm,1526.9,102.9,6,5.92,2021-04-04
2021-04-10,KARDS Open V,bf:5e7fb8e3d7ce547b37484302,jaja,1516.2,125.7,2,1.55,2020-11-28
2021-04-10,KARDS Open V,bf:5e889af67a9c4c10932a6ca9,usp45master,1587.7,87.0,12,11.53,2021-04-10
2021-04-10,KARDS Open V,bf:5e9cf8ff72e2961f747c7978,DARKCA5TLE,1615.7,91.5,11,9.79,2021-04-10
2021-04-10,KARDS Open V,bf:5eb572f0a795290866140381,rdbigdog,1623.0,107.7,7,4.94,2020-11-28
2021-04-10,KARDS Open V,bf:5eb57d1601b7fd0fe0488f0f,Astral,1499.4,118.6,5,2.71,2020-05-23
2021-04-10,KARDS Open V,bf:5eb583d54a8bea0acd7ea437,SharkPup,1447.3,129.0,2,1.08,2020-05-23
2021-04-10,KARDS Open V,bf:5eb598330abb797ad38acaee,NonGMOSalt,1553.7,95.6,11,7.66,2021-04-03
2021-04-10,KARDS Open V,bf:5eb6495f5d6f1b5d1c5d7d95,kenny,1480.3,118.3,5,2.71,2020-05-23
2021-04-10,KARDS Open V,bf:5eb65df574f31a11dd226b38,Darkness,1861.7,70.2,41,31.3,2021-04-10
2021-04-10,KARDS Open V,bf:5eb664dbaefaaf170fa246f1,RookVenturer1313,1486.7,119.5,5,2.71,2020-05-23
2021-04-10,KARDS Open V,bf:5eb708950fe915528f90abfd,Donald Trump,1503.2,101.9,10,5.84,2020-07-26
2021-04-10,KARDS Open V,bf:5eb7670e5e789b4b50a06de2,WHEEL3R,1583.6,66.8,34,24.79,2021-02-27
2021-04-10,KARDS Open V,bf:5ebc5c7aec210a06ae04d4d4,Snefru,1663.9,82.7,22,13.5,2020-09-05
2021-04-10,KARDS Open V,bf:5ebd8cafb3bec004beff6eff,[AAA] Caps04,1595.9,90.4,13,9.61,2021-02-07
2021-04-10,KARDS Open V,bf:5ebd9402b92b28521a098ec8,Bubbles,1707.5,71.9,26,20.85,2021-04-03
2021-04-10,KARDS Open V,bf:5ebe821bdc25e53f4d8c7446,ForeverFox,1443.6,118.7,5,2.71,2020-05-23
2021-04-10,KARDS Open V,bf:5ebea2fd1eafc755976c161a,Drogear,1636.8,96.9,14,8.26,2020-08-29
2021-04-10,KARDS Open V,bf:5ebea8a9bfed616b75962b6a,Forgestryker,1580.5,96.5,12,7.97,2020-11-28
2021-04-10,KARDS Open V,bf:5ec021ae0f25781e0b5f5f43,AlexRises,1462.8,130.1,2,1.08,2020-05-23
2021-04-10,KARDS Open V,bf:5ec038e2256baa1d38011a05,Vinny,1676.7,69.5,26,22.58,2021-04-10
2021-04-10,KARDS Open V,bf:5ec14e2baf9b8d5641b7a639,handor95,1425.6,103.4,9,5.82,2020-11-28
2021-04-10,KARDS Open V,bf:5ec2a6dafd8a561535cde2a5,V0R0N92,1534.8,74.0,23,18.49,2021-04-03
2021-04-10,KARDS Open V,bf:5ec2ace2fd8a561535cde2e1,MJT,1493.0,127.2,2,1.31,2020-08-29
2021-04-10,KARDS Open V,bf:5ec2acf9a7330d091e79291a,lucencan,1480.1,100.0,10,6.6,2020-11-28
2021-04-10,KARDS Open V,bf:5ec2c1da0a4e405c2332e640,Chip-Filled Adam,1594.8,92.5,13,9.17,2020-11-29
2021-04-10,KARDS Open V,bf:5ec2f8632e7fb7357e7c8077,SCARED MOKEY,1514.7,100.6,10,6.45,2020-11-28
2021-04-10,KARDS Open V,bf:5ec3fe380be5fa28e9946104,Sertma,1476.0,133.7,1,0.54,2020-05-23
2021-04-10,KARDS Open V,bf:5ec442d3b2f357511fcbf34a,skzeman,1571.6,118.3,5,2.71,2020-05-23
2021-04-10,KARDS Open V,bf:5ec44a4894993372f10699b1,Adrián7,1473.8,133.3,1,0.61,2020-07-25
2021-04-10,KARDS Open V,bf:5ec4df5bde56fb470634c5fa,barboza,1473.3,132.1,2,1.08,2020-05-23
2021-04-10,KARDS Open V,bf:5ec57fff74214e1748e43f56,dasolli,1471.1,103.9,7,5.44,2020-11-29
2021-04-10,KARDS Open V,bf:5ec5e7746951c62d86f53235,FL1ppY | エワウト,1617.4,98.7,8,7.11,2021-02-13
2021-04-10,KARDS Open V,bf:5ec7d675f5d9bf6412138238,Hahn,1511.6,121.1,4,2.17,2020-05-23
2021-04-10,KARDS Open V,bf:5ec99a6d5cb5d5345c7fdf7c,AriBigBehn,1673.3,73.1,27,19.67,2021-04-03
2021-04-10,KARDS Open V,bf:5ee6022292efc00faf652a7e,Esthete,1473.9,101.5,7,6.21,2021-02-07
2021-04-10,KARDS Open V,bf:5ee6c5f92764fc7a784c6f9e,BirdLaw,1413.0,81.9,19,13.58,2021-02-07
2021-04-10,KARDS Open V,bf:5eeb9c3d19b81239da9496cb,Kosaroli,1617.9,73.6,21,18.46,2021-04-04
2021-04-10,KARDS Open V,bf:5f0cbd1969a363414a64af57,agent_182,1534.3,123.4,3,1.83,2020-07-25
2021-04-10,KARDS Open V,bf:5f0cd40c3087a65e039603f4,wild_eyes,1719.7,55.2,53,43.7,2021-04-10
2021-04-10,KARDS Open V,bf:5f0cf3becbf20c490eb4fa7d,T0M,1509.5,116.8,5,3.06,2020-07-26
2021-04-10,KARDS Open V,bf:5f0d81380ffa0b49d9f58c5c,Nerf,1616.1,106.0,8,4.9,2020-07-26
2021-04-10,KARDS Open V,bf:5f0d9e4785aa4e37e911463c,You Need Jesus Christ,1434.6,128.0,2,1.22,2020-07-25
2021-04-10,KARDS Open V,bf:5f0dad9ac47339351f7f742f,RipperJim,1465.4,120.2,3,2.33,2020-11-28
2021-04-10,KARDS Open V,bf:5f0db8236f4cd1393325784f,Hazeltails,1539.4,109.1,7,4.28,2020-07-26
2021-04-10,KARDS Open V,bf:5f0dc882f26046593189ba9f,SALUTE06,1484.2,134.5,1,0.61,2020-07-25
2021-04-10,KARDS Open V,bf:5f0de85b7c5e104738aeb5a8,benc,1552.2,105.8,8,4.9,2020-07-26
2021-04-10,KARDS Open V,bf:5f0df6196f4cd13933257c2a,COOLJ007,1554.2,103.7,7,6.21,2021-02-07
2021-04-10,KARDS Open V,bf:5f0df84e824086475be264b7,Terror_de,1600.0,62.7,37,29.14,2021-04-10
2021-04-10,KARDS Open V,bf:5f0df9d07c4df3491abfc797,RMISE,1457.7,129.4,2,1.22,2020-07-25
2021-04-10,KARDS Open V,bf:5f0dfb2c7c4df3491abfc7a6,zhen,1606.1,106.2,8,4.9,2020-07-26
2021-04-10,KARDS Open V,bf:5f0e1a20c47339351f7f7b34,Ouchmaster,1504.5,119.0,4,2.45,2020-07-26
2021-04-10,KARDS Open V,bf:5f0e248def3ab65b96796c3f,frenchcook,1694.9,74.0,23,19.17,2021-04-04
2021-04-10,KARDS Open V,bf:5f0e37b37c5e104738aebbe3,toDIEisGAIN,1694.8,60.5,42,32.81,2021-04-10
2021-04-10,KARDS Open V,bf:5f0e67fdf26046593189c71c,B_O_R_U_T_O_1,1484.2,108.9,5,4.56,2021-02-21
2021-04-10,KARDS Open V,bf:5f0e76497c4df3491abfd06c,rocksopimppo,1467.4,95.3,11,7.83,2021-02-06
2021-04-10,KARDS Open V,bf:5f0eab817c4df3491abfd2e6,hilmank,1444.6,103.5,8,5.46,2021-02-06
2021-04-10,KARDS Open V,bf:5f0f22cb85aa4e37e9115bb4,madisek,1497.8,127.8,2,1.22,2020-07-25
2021-04-10,KARDS Open V,bf:5f0f2f19ef3ab65b96797ada,kramedogg,1443.8,89.8,15,9.99,2021-02-20
2021-04-10,KARDS Open V,bf:5f0f3d9e7c4df3491abfe047,Snooginz,1556.0,66.5,30,24.18,2021-02-27
2021-04-10,KARDS Open V,bf:5f0f54427c4df3491abfe274,djdado,1473.1,133.0,1,0.65,2020-08-29
2021-04-10,KARDS Open V,bf:5f0fb7319d4b3024dce6f17b,The_Advocator,1457.4,106.3,8,4.9,2020-07-26
2021-04-10,KARDS Open V,bf:5f101bc2eea71b24bc30c50e,Hubblebub,1439.3,127.5,2,1.31,2020-08-29
2021-04-10,KARDS Open V,bf:5f102c329d4b3024dce6f5dd,Malovato_Budet,1479.4,98.1,11,6.9,2020-08-29
2021-04-10,KARDS Open V,bf:5f103df2eac9482569fb2922,phasermind,1525.3,106.6,8,4.9,2020-07-26
2021-04-10,KARDS Open V,bf:5f105658eac9482569fb2be4,张大彪,1602.5,99.0,10,6.78,2020-11-28
2021-04-10,KARDS Open V,bf:5f10783cc08d9224ce50f95f,bob42,1504.8,106.6,8,4.9,2020-07-26
2021-04-10,KARDS Open V,bf:5f10825feac9482569fb2e81,SquareGrouper,1355.0,92.8,13,9.11,2020-11-29
2021-04-10,KARDS Open V,bf:5f1086f1160c3f2239e9225b,lt.blueberry,1309.0,88.6,17,11.76,2021-02-07
2021-04-10,KARDS Open V,bf:5f109d917a5f692572240090,John_Px,1712.7,69.2,27,23.65,2021-04-04
2021-04-10,KARDS Open V,bf:5f10c966160c3f2239e92921,ColdCarl,1557.4,76.1,20,16.99,2021-02-21
2021-04-10,KARDS Open V,bf:5f112ee3eac9482569fb3ee6,Pert,1543.1,108.8,8,4.9,2020-07-26
2021-04-10,KARDS Open V,bf:5f113e2cd04bae257fc195f6,RafcKen7,1634.7,100.4,7,6.21,2021-02-07
2021-04-10,KARDS Open V,bf:5f11d03df7c29f223fd624f2,Groddur,1461.5,120.1,3,2.33,2020-11-28
2021-04-10,KARDS Open V,bf:5f11d0b0eea71b24bc30e84a,BUCKY,1444.8,89.5,13,10.17,2021-04-04
2021-04-10,KARDS Open V,bf:5f11d247160c3f2239e940a4,LuckySpike,1658.0,62.1,38,30.62,2021-04-10
2021-04-10,KARDS Open V,bf:5f11e4c6160c3f2239e941f5,trevorj,1482.1,119.6,4,2.45,2020-07-25
2021-04-10,KARDS Open V,bf:5f11e67d85fecb25631448a0,yufzsy,1692.0,84.9,20,13.23,2020-11-28
2021-04-10,KARDS Open V,bf:5f11ef33160c3f2239e942b2,Starkiller30001,1443.8,119.0,4,2.45,2020-07-25
2021-04-10,KARDS Open V,bf:5f11ff268b375222593350d0,Lobby Boy Lettuce,1451.0,119.8,4,2.45,2020-07-25
2021-04-10,KARDS Open V,bf:5f11ff2ec08d9224ce511d19,Dangerexx,1406.8,106.9,8,4.9,2020-07-26
2021-04-10,KARDS Open V,bf:5f11ff59eea71b24bc30ee0c,Hyo,1428.1,82.4,20,13.23,2020-11-28
2021-04-10,KARDS Open V,bf:5f11ffc4eac9482569fb4f49,MrNejcKing,1378.8,116.1,5,3.33,2021-02-06
2021-04-10,KARDS Open V,bf:5f121b05d04bae257fc1a263,biasedeyes,1446.8,117.0,5,3.06,2020-07-26
2021-04-10,KARDS Open V,bf:5f1220b9b4738624c4273900,KEV1NJ,1540.3,110.4,7,4.28,2020-07-26
2021-04-10,KARDS Open V,bf:5f12273babfcb016362ad1d0,beeman,1331.1,96.0,14,8.86,2020-08-30
2021-04-10,KARDS Open V,bf:5f1229f9cf4549174336fefe,JSL112,1471.6,133.2,1,0.61,2020-07-25
2021-04-10,KARDS Open V,bf:5f122bf8b4738624c4273b13,VLTØR,1422.6,125.6,2,1.55,2020-11-28
2021-04-10,KARDS Open V,bf:5f1240f24a28711494f1b3aa,CaptainTchaikovsky,1490.1,119.7,4,2.45,2020-07-25
2021-04-10,KARDS Open V,bf:5f12771889520148edf780af,mbilsel,1571.5,88.9,16,10.13,2020-08-30
2021-04-10,KARDS Open V,bf:5f1281edb4738624c42745af,ptreey,1431.7,111.4,6,3.67,2020-07-26
2021-04-10,KARDS Open V,bf:5f12bb564a28711494f1bd8d,NeriUwU,1324.2,88.6,17,11.99,2021-02-07
2021-04-10,KARDS Open V,bf:5f12bb99cf45491743370da4,Headcrasher,1488.5,135.1,1,0.99,2021-04-03
2021-04-10,KARDS Open V,bf:5f12c35f8b375222593364f0,xareh90,1522.6,106.5,8,4.9,2020-07-26
2021-04-10,KARDS Open V,bf:5f12da838b375222593365f7,Burremans,1446.0,128.3,2,1.22,2020-07-25
2021-04-10,KARDS Open V,bf:5f12f0881c8cdf16056f6224,RaPaulke,1443.2,128.3,2,1.22,2020-07-25
2021-04-10,KARDS Open V,bf:5f12f0c3abfcb016362ae526,mon.mgs,1466.9,132.9,1,0.61,2020-07-25
2021-04-10,KARDS Open V,bf:5f130139f7c29f223fd64290,fenrir,1538.7,100.2,10,6.45,2020-11-28
2021-04-10,KARDS Open V,bf:5f13328d77697711a235a704,TomatoMato,1548.7,106.9,8,4.9,2020-07-26
2021-04-10,KARDS Open V,bf:5f13952ceea71b24bc312529,Limitless Beast,1386.1,119.4,4,2.45,2020-07-25
2021-04-10,KARDS Open V,bf:5f13f8f0381ccb11abfed78c,Behemothus,1494.6,90.0,15,9.51,2020-08-30
2021-04-10,KARDS Open V,bf:5f13fc452cba8f11c2a4298c,DarkMatterYT,1489.8,127.9,2,1.22,2020-07-25
2021-04-10,KARDS Open V,bf:5f140b7f1c8cdf16056f833c,foreverlimon,1535.6,109.3,7,4.28,2020-07-26
2021-04-10,KARDS Open V,bf:5f140c57341d821185ca56df,BarndoorRoge,1520.2,114.6,5,3.18,2020-08-29
2021-04-10,KARDS Open V,bf:5f140d9bbcbe32117ff6b7e7,Snakii0,1307.0,98.6,10,8.12,2021-04-04
2021-04-10,KARDS Open V,bf:5f140ea9b4738624c4277d71,Heist,1452.7,109.0,7,4.28,2020-07-26
2021-04-10,KARDS Open V,bf:5f14582a341d821185ca59e8,TheStray,1483.5,106.9,8,4.9,2020-07-26
2021-04-10,KARDS Open V,bf:5f145d63b4738624c4278122,Jotora,1554.9,106.2,8,4.9,2020-07-26
2021-04-10,KARDS Open V,bf:5f145fa11c8cdf16056f8757,Kerwer,1448.8,130.2,1,0.99,2021-04-03
2021-04-10,KARDS Open V,bf:5f148273cd3934118e03b196,Shaemas,1475.7,90.6,15,9.47,2020-08-30
2021-04-10,KARDS Open V,bf:5f1493df1c8cdf16056f8bc9,CheL_oFF,1509.9,101.2,7,6.21,2021-02-07
2021-04-10,KARDS Open V,bf:5f14e99eea159211b4c99eab,Jacob,1395.2,106.7,8,4.9,2020-07-26
2021-04-10,KARDS Open V,bf:5f1520542cba8f11c2a44c16,DarkMist,1415.8,92.1,14,10.05,2021-02-07
2021-04-10,KARDS Open V,bf:5f153751eea71b24bc31458b,VLAD420,1449.8,106.3,8,4.9,2020-07-26
2021-04-10,KARDS Open V,bf:5f1539bacfac0e373c6166ce,donigi,1482.8,89.5,16,10.13,2020-08-30
2021-04-10,KARDS Open V,bf:5f155f3577697711a235e552,total,1483.4,134.2,1,0.65,2020-08-29
2021-04-10,KARDS Open V,bf:5f1566b0341d821185ca734b,Юрий,1478.2,110.1,7,4.28,2020-07-26
2021-04-10,KARDS Open V,bf:5f156d9fb4738624c42798e8,Evilmunki,1418.3,108.6,7,4.28,2020-07-26
2021-04-10,KARDS Open V,bf:5f15827677697711a235e95c,ACOG,1482.3,134.1,1,0.61,2020-07-25
2021-04-10,KARDS Open V,bf:5f159e62ea159211b4c9a50e,scorp1one,1474.2,116.3,4,3.65,2021-04-03
2021-04-10,KARDS Open V,bf:5f15a9d0cfac0e373c616a81,gteacher12 (cst),1387.7,119.5,4,2.45,2020-07-26
2021-04-10,KARDS Open V,bf:5f1660782cba8f11c2a45e9c,Lolofy44,1523.6,85.8,17,11.69,2020-11-29
2021-04-10,KARDS Open V,bf:5f169f65bcbe32117ff6eb42,Lykas_OMES,1501.6,104.6,8,5.23,2020-08-30
2021-04-10,KARDS Open V,bf:5f176280381ccb11abff191f,terminetorK56,1486.1,107.5,7,4.58,2020-08-30
2021-04-10,KARDS Open V,bf:5f17d573bcbe32117ff6fd03,Vitaly Gorbunov,1470.8,133.1,1,0.61,2020-07-25
2021-04-10,KARDS Open V,bf:5f17ef0fcfac0e373c6190c4,[REDi]1R COL ANZAC_Ace,1467.5,122.9,3,1.83,2020-07-25
2021-04-10,KARDS Open V,bf:5f19119cb4738624c427e33c,SA-GR,1421.9,109.4,7,4.28,2020-07-26
2021-04-10,KARDS Open V,bf:5f191b72abfcb016362b6974,Suchy,1508.2,102.9,6,5.92,2021-04-04
2021-04-10,KARDS Open V,bf:5f193071cfac0e373c61a11b,PetitPoney,1524.9,115.6,5,3.14,2020-08-29
2021-04-10,KARDS Open V,bf:5f1a8cc8b4738624c42817ef,Tigerkater,1480.8,110.9,7,4.28,2020-07-26
2021-04-10,KARDS Open V,bf:5f1b1546b4738624c4282183,Skunk,1389.4,106.3,8,4.9,2020-07-26
2021-04-10,KARDS Open V,bf:5f1b3f1b08ac6c1dd4d6bb23,brienoconan,1529.7,123.8,3,1.83,2020-07-25
2021-04-10,KARDS Open V,bf:5f1b48d1abfcb016362ba48e,Berni de Balle,1570.3,64.2,36,28.04,2021-04-04
2021-04-10,KARDS Open V,bf:5f1b9f20a73922196c802448,Gamesite,1468.4,115.7,5,3.06,2020-07-26
2021-04-10,KARDS Open V,bf:5f1bad8bb4738624c4283cf6,Filpa,1556.2,96.0,12,7.55,2020-08-30
2021-04-10,KARDS Open V,bf:5f318206a8e6c511a449d179,0CanadaBear0,1472.9,114.1,5,3.27,2020-08-30
2021-04-10,KARDS Open V,bf:5f318c62af063111a36cedab,aa,1552.1,106.1,8,5.23,2020-08-30
2021-04-10,KARDS Open V,bf:5f31dbda9ab87f2e0c19cd0c,RNGek,1579.6,86.0,16,11.45,2020-11-29
2021-04-10,KARDS Open V,bf:5f31e18d7bd80311ab780bcb,天之子将军,1546.4,111.6,6,3.93,2020-08-30
2021-04-10,KARDS Open V,bf:5f31e6b930b92e118dbc3b00,r3in0r,1437.4,127.4,2,1.31,2020-08-29
2021-04-10,KARDS Open V,bf:5f32224b74a4bd1196ff8e97,yourBRO,1436.3,105.9,7,5.19,2020-11-28
2021-04-10,KARDS Open V,bf:5f323b2daf063111a36cffab,chmy426,1579.5,115.1,4,3.11,2020-11-28
2021-04-10,KARDS Open V,bf:5f32755630b92e118dbc4132,Joeybag0doughnuts,1458.9,132.6,1,0.65,2020-08-29
2021-04-10,KARDS Open V,bf:5f32919a74a4bd1196ff9509,wydsxl,1631.0,102.1,9,5.89,2020-09-05
2021-04-10,KARDS Open V,bf:5f32abe69ab87f2e0c19e0b7,"Oh, Pretty Woman",1354.6,114.9,5,3.27,2020-08-30
2021-04-10,KARDS Open V,bf:5f32b5a5af063111a36d039f,Spartan,1490.5,119.5,3,2.48,2021-02-20
2021-04-10,KARDS Open V,bf:5f32c6147bd80311ab78193f,petriachor,1607.7,67.5,29,23.46,2021-04-03
2021-04-10,KARDS Open V,bf:5f32ca9074a4bd1196ff97d9,Sirbol,1520.9,104.2,8,5.23,2020-08-30
2021-04-10,KARDS Open V,bf:5f32e74430b92e118dbc4866,alan1957,1469.4,132.7,1,0.65,2020-08-29
2021-04-10,KARDS Open V,bf:5f32f48419fcf2666b2abff1,kowalski,1650.6,76.0,20,17.28,2021-04-03
2021-04-10,KARDS Open V,bf:5f3304e930b92e118dbc4ad6,maxterGIO,1515.9,104.5,8,5.23,2020-08-30
2021-04-10,KARDS Open V,bf:5f3321d98a94d511b1d67c5b,ExpelliarmusA,1569.1,104.3,8,5.23,2020-08-30
2021-04-10,KARDS Open V,bf:5f332d0619fcf2666b2ac60a,comrade nicky,1523.7,123.7,3,1.96,2020-08-29
2021-04-10,KARDS Open V,bf:5f344b7a8a94d511b1d68a96,John™,1440.2,110.1,7,4.58,2020-08-30
2021-04-10,KARDS Open V,bf:5f34d3bdacefe6118a5de444,Ottotheblue,1475.9,83.7,17,12.23,2020-11-29
2021-04-10,KARDS Open V,bf:5f351f60af063111a36d282b,Sadrik,1574.3,104.7,8,5.23,2020-08-30
2021-04-10,KARDS Open V,bf:5f354d22e4876e1184288d58,Ripoff,1544.7,94.8,11,7.93,2020-11-29
2021-04-10,KARDS Open V,bf:5f35946553b8ce11abe62c4d,FRIKAZOID,1480.8,122.6,3,1.96,2020-08-29
2021-04-10,KARDS Open V,bf:5f362c8703dbcc11d58d78e3,Kolbasnik,1620.1,59.1,40,34.04,2021-04-10
2021-04-10,KARDS Open V,bf:5f369b86c897e0119e4ff6f8,PatsenBR,1489.6,108.8,7,4.58,2020-08-30
2021-04-10,KARDS Open V,bf:5f36c30fff2e5911a44a282e,Józef Piłsudski,1436.2,127.3,2,1.31,2020-08-29
2021-04-10,KARDS Open V,bf:5f36cca903dbcc11d58d89d8,Wolnigree,1435.7,127.1,2,1.31,2020-08-29
2021-04-10,KARDS Open V,bf:5f36dc4b98f0a311ad32446c,Zig_Zag,1547.1,99.4,10,7.01,2021-02-06
2021-04-10,KARDS Open V,bf:5f37cf6b6ce6de28d63de407,Ailoyros,1463.9,132.7,1,0.65,2020-08-29
2021-04-10,KARDS Open V,bf:5f3800b06ce6de28d63de960,RicardoTamanini,1427.0,124.2,3,1.96,2020-08-29
2021-04-10,KARDS Open V,bf:5f382e1f33118628f2f56ca7,Dash_ek,1520.0,107.3,7,4.58,2020-08-30
2021-04-10,KARDS Open V,bf:5f38338163cc1128e5f86f97,Brendan,1457.7,105.1,8,5.23,2020-08-30
2021-04-10,KARDS Open V,bf:5f3846d25b41bf2bd0fe2207,Spooky Time,1419.9,123.5,3,1.96,2020-08-29
2021-04-10,KARDS Open V,bf:5f3858c1b83d9d2bb0609265,wdhtu,1493.4,115.0,5,3.27,2020-08-30
2021-04-10,KARDS Open V,bf:5f3a8d53c190e3296d7a1eef,nagymaciii,1445.4,127.6,2,1.31,2020-08-29
2021-04-10,KARDS Open V,bf:5f3a8e2d33118628f2f5a7d5,Goltz,1473.4,133.0,1,0.65,2020-08-29
2021-04-10,KARDS Open V,bf:5f3a8eb4dd76a928dcec9bec,Coronel_Mostarda,1451.0,118.6,4,2.61,2020-08-29
2021-04-10,KARDS Open V,bf:5f3ab4ce63cc1128e5f8a327,DrTacos,1395.5,122.5,3,1.96,2020-08-30
2021-04-10,KARDS Open V,bf:5f3aef3e6ce6de28d63e3425,Alexandre,1405.5,119.6,3,2.96,2021-04-03
2021-04-10,KARDS Open V,bf:5f3b1ebadd76a928dceca753,ZackXue,1520.4,106.2,8,5.23,2020-08-30
2021-04-10,KARDS Open V,bf:5f3bc9efdbf742295bce0a9d,黑森公爵,1468.6,132.7,1,0.65,2020-08-29
2021-04-10,KARDS Open V,bf:5f3bcb62c190e3296d7a2cd2,abandon,1500.7,125.8,2,1.55,2020-11-28
2021-04-10,KARDS Open V,bf:5f3d0646dd76a928dceccb16,Ertugrul Gazi,1525.6,104.7,8,5.23,2020-08-30
2021-04-10,KARDS Open V,bf:5f3d19c7dd76a928dceccbcd,HaxBaba,1542.8,109.1,7,4.58,2020-08-30
2021-04-10,KARDS Open V,bf:5f3d1e45c190e3296d7a4aa5,Barton,1469.3,132.6,1,0.65,2020-08-29
2021-04-10,KARDS Open V,bf:5f3e11a1a3f8871d5075e3d0,Valar,1410.2,112.4,6,3.92,2020-08-30
2021-04-10,KARDS Open V,bf:5f3fbdaeb856d24e0965bbc4,Stluvik,1511.8,117.3,5,3.27,2020-08-30
2021-04-10,KARDS Open V,bf:5f3fc42472caf64e0f2b589c,Shiva's,1630.9,95.7,12,8.34,2020-11-28
2021-04-10,KARDS Open V,bf:5f3ff2e624334d4ac794708e,FearlessFreep2,1499.1,118.3,4,2.61,2020-08-30
2021-04-10,KARDS Open V,bf:5f4022e92736604a195ffbfb,Ol'Red,1422.6,123.3,3,1.96,2020-08-29
2021-04-10,KARDS Open V,bf:5f404839cabbdc4a26620899,sNapple,1407.6,121.0,3,2.33,2020-11-28
2021-04-10,KARDS Open V,bf:5f41a73ee7543f4a0a54f568,Kipahigan,1530.9,107.5,7,4.58,2020-08-30
2021-04-10,KARDS Open V,bf:5f4318d1681ff84ab5ec92f9,Sidecrawler,1506.6,76.5,21,16.12,2021-02-07
2021-04-10,KARDS Open V,bf:5f4536884cbe7961ba1906fa,Zanderson30,1602.5,103.1,9,5.89,2020-09-05
2021-04-10,KARDS Open V,bf:5f4617f7cff9bb4e25c81a49,Daccro,1465.4,122.3,3,1.96,2020-08-29
2021-04-10,KARDS Open V,bf:5f464a379f8a441a7681100e,Grarivier,1557.3,104.9,8,5.23,2020-08-30
2021-04-10,KARDS Open V,bf:5f469fbd9f8a441a768119af,yura,1462.5,132.7,1,0.65,2020-08-29
2021-04-10,KARDS Open V,bf:5f46ff72cff9bb4e25c82ac7,hartmanator1,1529.3,88.2,14,10.26,2020-11-29
2021-04-10,KARDS Open V,bf:5f47aca042aba63789789166,UBCers,1442.9,127.7,2,1.31,2020-08-29
2021-04-10,KARDS Open V,bf:5f48837c34f6ed5f7791f82a,RIBO,1547.3,109.9,7,4.58,2020-08-30
2021-04-10,KARDS Open V,bf:5f4965bb76b8305ffaa36866,Ernst1871,1500.2,94.3,11,8.3,2020-11-29
2021-04-10,KARDS Open V,bf:5f49b691c955654e18759c1e,Ryestye,1550.6,133.3,1,0.65,2020-08-29
2021-04-10,KARDS Open V,bf:5f4a2d8c76b8305ffaa376af,smerch,1470.8,122.5,3,1.96,2020-08-29
2021-04-10,KARDS Open V,bf:5f4a40fd34f6ed5f7792170c,LemonShark,1474.7,108.3,7,4.58,2020-08-30
2021-04-10,KARDS Open V,bf:5f4a66a7629c8b6045fa11b9,Сэм,1472.9,105.0,8,5.23,2020-08-30
2021-04-10,KARDS Open V,bf:5f908c01a261b945b6c471e8,OliRoB,1317.0,107.8,6,5.33,2021-02-07
2021-04-10,KARDS Open V,bf:5fa1ee84f8fc171ea9f66554,El Chickenrice,1636.2,100.6,8,6.22,2020-11-29
2021-04-10,KARDS Open V,bf:5fa2011d11743771ade90dee,testo,1728.2,79.6,19,15.92,2021-02-15
2021-04-10,KARDS Open V,bf:5fa27bfdf8fc171ea9f66924,CalinBZ,1559.5,117.0,4,3.11,2020-11-28
2021-04-10,KARDS Open V,bf:5fa27e32f8fc171ea9f66940,vegetable,1597.7,102.6,7,6.21,2021-02-07
2021-04-10,KARDS Open V,bf:5fa2928f11743771ade9128e,Ax,1514.1,125.2,2,1.55,2020-11-28
2021-04-10,KARDS Open V,bf:5fa2992ef8fc171ea9f66a3e,犹似深闺梦中人,1546.8,110.9,5,3.88,2020-11-28
2021-04-10,KARDS Open V,bf:5fa2d1356b9c704abc3f86e4,MoncherFrag,1477.9,112.1,5,3.88,2020-11-28
2021-04-10,KARDS Open V,bf:5fa3973bf8fc171ea9f68255,辉辉呀,1421.7,111.7,5,4.1,2021-02-06
2021-04-10,KARDS Open V,bf:5fa3da8e11743771ade92018,Spooz,1704.3,70.4,26,22.37,2021-02-27
2021-04-10,KARDS Open V,bf:5fa3e36b6b9c704abc3f92a0,bruki,1506.7,126.2,2,1.55,2020-11-28
2021-04-10,KARDS Open V,bf:5fa4097911743771ade92145,David Lynch,1472.3,132.4,1,0.78,2020-11-28
2021-04-10,KARDS Open V,bf:5fa467df4eb3c2458669c29a,Berto Burrito,1800.5,77.1,20,18.85,2021-04-10
2021-04-10,KARDS Open V,bf:5fa530563f52763256b7593d,Civlj,1508.9,125.4,2,1.55,2020-11-28
2021-04-10,KARDS Open V,bf:5fa5397c241d875936d2c2f2,Vadim,1569.9,73.6,21,18.46,2021-04-04
2021-04-10,KARDS Open V,bf:5fa57306cc28b3594394b946,Liszt,1541.9,113.0,5,3.99,2021-02-06
2021-04-10,KARDS Open V,bf:5fa5ede611743771ade94108,comtruise,1750.6,73.5,22,20.15,2021-04-10
2021-04-10,KARDS Open V,bf:5fa62937c3c163598ec80783,CCMS-031,1569.3,105.7,6,5.33,2021-02-07
2021-04-10,KARDS Open V,bf:5fafaf199a9e750ea663a8e3,发牌员没马,1506.3,126.1,2,1.55,2020-11-28
2021-04-10,KARDS Open V,bf:5fafe4c9eb92fe0475436826,TheMiltonBradley,1526.8,97.5,9,7.0,2020-11-29
2021-04-10,KARDS Open V,bf:5fafe7dfe7d89a60d43336cc,Primal,1434.6,126.2,2,1.55,2020-11-28
2021-04-10,KARDS Open V,bf:5fafeec6e7d89a60d4333722,wodandos,1454.6,120.1,3,2.33,2020-11-28
2021-04-10,KARDS Open V,bf:5faff24f698db1048d26b032,Stenli72,1472.4,103.9,7,5.44,2020-11-29
2021-04-10,KARDS Open V,bf:5faffa8a502b9e587d1b7c3e,"Alexandre ""Mainovski"" Mainaud",1449.7,116.8,4,3.11,2020-11-28
2021-04-10,KARDS Open V,bf:5faffbe71632970e916b602a,xceroks,1444.6,132.1,1,0.78,2020-11-28
2021-04-10,KARDS Open V,bf:5fb026c1502b9e587d1b838d,Anklestina,1495.2,115.1,4,3.11,2020-11-28
2021-04-10,KARDS Open V,bf:5fb02943698db1048d26b9cd,Bison,1524.5,94.9,10,8.19,2021-04-03
2021-04-10,KARDS Open V,bf:5fb02c08698db1048d26ba0d,VReznov2137,1469.7,131.9,1,0.78,2020-11-28
2021-04-10,KARDS Open V,bf:5fb032ea502b9e587d1b85eb,Secret Deadbeat,1593.7,121.4,3,2.33,2020-11-28
2021-04-10,KARDS Open V,bf:5fb035bf502b9e587d1b8643,Annki,1425.5,111.5,5,4.1,2021-02-06
2021-04-10,KARDS Open V,bf:5fb051789a9e750ea663bb88,Khal Drogo,1486.8,120.8,3,2.33,2020-11-28
2021-04-10,KARDS Open V,bf:5fb0acb4eb92fe047543807d,MagiC,1504.5,113.1,4,3.55,2021-02-06
2021-04-10,KARDS Open V,bf:5fb0b189f07fad440734d338,IWS2000,1424.3,98.8,9,7.0,2020-11-29
2021-04-10,KARDS Open V,bf:5fb0d42e9a9e750ea663c3fc,[V_M]_MorS_{B},1611.5,102.0,8,6.22,2020-11-29
2021-04-10,KARDS Open V,bf:5fb0e0020c8f110e8a8bf3f2,Krieger,1458.9,131.8,1,0.78,2020-11-28
2021-04-10,KARDS Open V,bf:5fb0ee1e698db1048d26c5af,Eirik II,1400.5,101.3,8,6.22,2020-11-29
2021-04-10,KARDS Open V,bf:5fb0eee19a9e750ea663c435,player1,1512.1,100.8,8,6.22,2020-11-29
2021-04-10,KARDS Open V,bf:5fb0f0121632970e916b7856,panzer_398,1404.6,111.5,5,3.88,2020-11-29
2021-04-10,KARDS Open V,bf:5fb110bd698db1048d26c5f6,Aksara,1546.9,107.9,6,4.66,2020-11-29
2021-04-10,KARDS Open V,bf:5fb1143e502b9e587d1b94dc,KillerQueenS,1439.3,127.0,2,1.55,2020-11-28
2021-04-10,KARDS Open V,bf:5fb1184c0c8f110e8a8bf660,only_,1531.5,116.9,4,3.11,2020-11-28
2021-04-10,KARDS Open V,bf:5fb1316c502b9e587d1b95e6,Bartkopolus123,1452.8,131.6,1,0.78,2020-11-28
2021-04-10,KARDS Open V,bf:5fb18ed99a9e750ea663cd33,Vitzekk,1553.3,111.6,5,3.88,2020-11-29
2021-04-10,KARDS Open V,bf:5fb1a2cb5caa4f5e4bc80d56,SpaceCowboy,1453.6,127.6,2,1.55,2020-11-28
2021-04-10,KARDS Open V,bf:5fb1bf581632970e916b85be,nolans34,1579.2,98.5,9,7.0,2020-11-29
2021-04-10,KARDS Open V,bf:5fb1cbe45caa4f5e4bc81377,Beefy 109,1555.4,126.7,2,1.55,2020-11-28
2021-04-10,KARDS Open V,bf:5fb1cc6ee0bfea60c76a1385,Tenstrovski,1512.7,107.2,6,4.66,2020-11-29
2021-04-10,KARDS Open V,bf:5fb1db8c5caa4f5e4bc8168d,Poochies,1509.5,115.3,4,3.11,2020-11-28
2021-04-10,KARDS Open V,bf:5fb1f464698db1048d26d582,Morsimos,1620.9,102.2,8,6.22,2020-11-29
2021-04-10,KARDS Open V,bf:5fb249e5f07fad440734e5ea,SirFragir,1481.6,100.8,8,6.22,2020-11-29
2021-04-10,KARDS Open V,bf:5fb27723698db1048d26d94d,StabKingPro,1591.8,98.8,9,7.0,2020-11-29
2021-04-10,KARDS Open V,bf:5fb2c8f11632970e916b926c,Drake/Fabi,1502.6,104.7,7,5.44,2020-11-29
2021-04-10,KARDS Open V,bf:5fb3184d9a9e750ea663e423,killswitch,1475.2,102.2,8,6.22,2020-11-29
2021-04-10,KARDS Open V,bf:5fb3203b1632970e916b97b7,chr1st0ph3r,1474.8,120.3,3,2.33,2020-11-28
2021-04-10,KARDS Open V,bf:5fb3df78f07fad440734f6f7,slameo,1420.2,104.7,7,5.44,2020-11-29
2021-04-10,KARDS Open V,bf:5fb3e6ddf07fad440734f71f,tr4cker,1440.6,126.4,2,1.55,2020-11-28
2021-04-10,KARDS Open V,bf:5fb3f43ee0bfea60c76a2a56,General E. Drunk,1625.3,102.2,8,6.22,2020-11-29
2021-04-10,KARDS Open V,bf:5fb3f8b3e7d89a60d4337959,Kn1ghT,1453.1,120.1,3,2.33,2020-11-28
2021-04-10,KARDS Open V,bf:5fb42443a2fd346547530b2e,RED SUN,1544.3,121.7,3,2.33,2020-11-28
2021-04-10,KARDS Open V,bf:5fb43070a2fd346547530c21,[14e]tuveuxdugateaux,1476.9,98.2,9,7.0,2020-11-29
2021-04-10,KARDS Open V,bf:5fb4442a9a9e750ea663ee54,Scythe,1467.0,112.1,5,3.88,2020-11-28
2021-04-10,KARDS Open V,bf:5fb4d729f07fad44073509e4,Victrix,1486.4,118.5,4,3.11,2020-11-28
2021-04-10,KARDS Open V,bf:5fb666119a9e750ea664030b,Setteduetto,1541.4,101.0,8,6.22,2020-11-29
2021-04-10,KARDS Open V,bf:5fb6a5d3e7d89a60d4339244,kingsharaman,1466.1,131.9,1,0.78,2020-11-28
2021-04-10,KARDS Open V,bf:5fb6da26eb92fe047543c823,rostigerloeffel,1577.9,82.9,15,12.92,2021-04-04
2021-04-10,KARDS Open V,bf:5fb719fde0bfea60c76a4f50,rayko,1343.3,103.0,8,6.22,2020-11-29
2021-04-10,KARDS Open V,bf:5fb73781698db1048d271114,Lazer Wolf,1396.1,120.4,3,2.33,2020-11-28
2021-04-10,KARDS Open V,bf:5fb7473c502b9e587d1becbe,ILoveMooncake,1684.4,95.7,9,8.01,2021-02-13
2021-04-10,KARDS Open V,bf:5fb8387c1faa4843f941ba10,Álmos,1536.0,120.6,3,2.33,2020-11-28
2021-04-10,KARDS Open V,bf:5fb97cee0c24381d904b5447,bengui,1534.7,120.1,3,2.33,2020-11-28
2021-04-10,KARDS Open V,bf:5fb98c8e19c8f219d78717ac,DrQuencher,1429.5,125.7,2,1.55,2020-11-28
2021-04-10,KARDS Open V,bf:5fba777719c8f219d787247b,roberto7208,1462.9,98.3,9,7.0,2020-11-29
2021-04-10,KARDS Open V,bf:5fbb03850f21e57963850470,Pie4155,1420.2,104.6,7,5.44,2020-11-29
2021-04-10,KARDS Open V,bf:5fbc0c3e2dc8793ada84fdb3,Mark2020,1437.3,105.4,7,5.44,2020-11-29
2021-04-10,KARDS Open V,bf:5fbc3b8e0f21e5796385112f,spambox9,1504.6,105.2,7,5.44,2020-11-29
2021-04-10,KARDS Open V,bf:5fbc4040adfefd64e8c8fd73,Diogenesis,1596.3,86.6,13,11.2,2021-02-27
2021-04-10,KARDS Open V,bf:5fbc5711a2fd34654753a8c0,Magister Erik,1610.9,101.5,8,6.22,2020-11-29
2021-04-10,KARDS Open V,bf:5fbc79591632970e916c3fe5,Breich,1472.5,111.1,5,3.88,2020-11-28
2021-04-10,KARDS Open V,bf:5fbd548d698db1048d27a866,Citrons,1545.3,100.9,8,6.22,2020-11-29
2021-04-10,KARDS Open V,bf:5fbd71c2e7d89a60d43410ca,lean87ki,1543.8,83.0,16,13.21,2021-02-07
2021-04-10,KARDS Open V,bf:5fbdb89d26ea883a51583400,Kongo,1557.8,111.1,5,3.88,2020-11-28
2021-04-10,KARDS Open V,bf:5fbe830b26ea883a515839f5,炮灰no1,1444.1,116.5,4,3.11,2020-11-28
2021-04-10,KARDS Open V,bf:5fbe834ea2fd34654753c095,Hans Friderich R,1500.6,125.1,2,1.55,2020-11-28
2021-04-10,KARDS Open V,bf:5fbe83792dc8793ada85198d,pilotttt(Илья),1424.0,125.6,2,1.55,2020-11-28
2021-04-10,KARDS Open V,bf:5fbe84641632970e916c5996,unclefox,1645.2,99.9,9,7.0,2020-11-29
2021-04-10,KARDS Open V,bf:5fbe848ca2fd34654753c09a,Future,1466.7,120.5,3,2.33,2020-11-28
2021-04-10,KARDS Open V,bf:5fbe860ca2fd34654753c09d,正宗重庆老友粉,1439.0,126.0,2,1.55,2020-11-28
2021-04-10,KARDS Open V,bf:5fbe862ca447ab4bb37e0f77,meistermiagi,1427.5,125.8,2,1.55,2020-11-28
2021-04-10,KARDS Open V,bf:5fbe86401632970e916c599c,JamesBoned,1529.8,111.4,5,3.88,2020-11-28
2021-04-10,KARDS Open V,bf:5fbe873b4d01f9313d135045,KrisKrinkel,1445.9,126.9,2,1.55,2020-11-28
2021-04-10,KARDS Open V,bf:5fbe87ea5d320863b86f031b,Hydrogen,1545.9,102.3,8,6.22,2020-11-29
2021-04-10,KARDS Open V,bf:5fbe89294d01f9313d135068,MrMolotoff,1510.2,100.6,8,6.22,2020-11-29
2021-04-10,KARDS Open V,bf:5fbe89b5043fd20cdf90cccf,tonywan,1368.2,116.1,4,3.11,2020-11-28
2021-04-10,KARDS Open V,bf:5fbe8ae05d320863b86f032c,Anto,1445.4,116.0,4,3.11,2020-11-28
2021-04-10,KARDS Open V,bf:5fbe8afb698db1048d27b396,SkittleSabot,1531.4,132.3,1,0.78,2020-11-28
2021-04-10,KARDS Open V,bf:5fbe8b8ea447ab4bb37e0fc8,päpä,1443.0,99.2,9,7.0,2020-11-29
2021-04-10,KARDS Open V,bf:5fbe8c402dc8793ada8519d5,Der_Admiral,1539.5,111.0,5,3.88,2020-11-28
2021-04-10,KARDS Open V,bf:5fbe906ba2fd34654753c0fc,captain.pothead,1488.9,120.6,3,2.33,2020-11-28
2021-04-10,KARDS Open V,bf:5fbe91ca26ea883a51583aa4,yra111,1474.4,121.3,3,2.33,2020-11-28
2021-04-10,KARDS Open V,bf:5fbe9602698db1048d27b3e0,Rumfart,1438.3,125.9,2,1.55,2020-11-28
2021-04-10,KARDS Open V,bf:5fbe96be698db1048d27b3e4,Youmu_chan,1487.1,111.9,5,3.88,2020-11-28
2021-04-10,KARDS Open V,bf:5fbe970e26ea883a51583ac1,UnbearableMe,1458.9,131.6,1,0.78,2020-11-28
2021-04-10,KARDS Open V,bf:5fbe971d0f21e57963852d08,牛头人杀手,1501.7,126.0,2,1.55,2020-11-28
2021-04-10,KARDS Open V,bf:5fbe9b450f21e57963852d1e,garygo,1517.2,100.8,8,6.22,2020-11-29
2021-04-10,KARDS Open V,bf:5fbeac15a447ab4bb37e116f,ThuggerJuice,1538.5,98.1,9,7.0,2020-11-29
2021-04-10,KARDS Open V,bf:5fbeb056698db1048d27b5bd,Stuie,1441.3,98.2,9,7.2,2021-04-03
2021-04-10,KARDS Open V,bf:5fbeb20eb0ef7749130e452c,Dawn,1547.0,100.8,8,6.22,2020-11-29
2021-04-10,KARDS Open V,bf:5fbeb7541632970e916c5c93,finny,1485.0,99.0,9,7.0,2020-11-29
2021-04-10,KARDS Open V,bf:5fbebdee043fd20cdf90cfaf,GM_Logan,1576.2,77.3,18,15.9,2021-04-04
2021-04-10,KARDS Open V,bf:5fbed15626ea883a51583d3f,Empyreal,1423.4,125.3,2,1.55,2020-11-28
2021-04-10,KARDS Open V,bf:5fbedfbc0f21e57963853121,Raswar47,1426.4,125.9,2,1.55,2020-11-28
2021-04-10,KARDS Open V,bf:5fbef0144d01f9313d135b11,Geezer,1608.5,98.3,9,7.0,2020-11-29
2021-04-10,KARDS Open V,bf:5fbef0d92dc8793ada8527a5,嘤嘤嘤,1428.0,125.6,2,1.55,2020-11-28
2021-04-10,KARDS Open V,bf:5fbef3ecb0ef7749130e49bc,MaskedMarvel,1494.8,125.6,2,1.55,2020-11-28
2021-04-10,KARDS Open V,bf:5fbf17032dc8793ada852978,UltramanT80,1425.3,126.0,2,1.55,2020-11-28
2021-04-10,KARDS Open V,bf:5fbf174c5d320863b86f0efc,如临深渊,1505.5,125.5,2,1.55,2020-11-28
2021-04-10,KARDS Open V,bf:5fbf1ad71632970e916c627a,TowerNumberNine,1438.7,126.1,2,1.55,2020-11-28
2021-04-10,KARDS Open V,bf:5fbf28984d01f9313d135d0f,Ayako,1461.6,131.9,1,0.78,2020-11-28
2021-04-10,KARDS Open V,bf:5fbf30a2a447ab4bb37e1b38,1330775381,1451.1,128.0,2,1.55,2020-11-28
2021-04-10,KARDS Open V,bf:5fbf32921632970e916c6301,Paddy,1429.4,126.0,2,1.55,2020-11-28
2021-04-10,KARDS Open V,bf:5fbf3849043fd20cdf90d500,Dirty Jon,1478.3,103.5,7,5.44,2020-11-29
2021-04-10,KARDS Open V,bf:5fbf3d90adfefd64e8c91af1,tortunbator,1467.5,121.0,3,2.33,2020-11-28
2021-04-10,KARDS Open V,bf:5fbf4b25698db1048d27bdc9,白皮猪杀手,1425.6,125.8,2,1.55,2020-11-28
2021-04-10,KARDS Open V,bf:5fbf4fe05d320863b86f0fb6,Kimssa,1586.6,81.9,15,13.13,2021-04-04
2021-04-10,KARDS Open V,bf:5fbf516e2dc8793ada852a4c,VitalkaFS,1510.0,115.5,4,3.11,2020-11-28
2021-04-10,KARDS Open V,bf:5fbf5273adfefd64e8c91b99,crazymonkey,1540.4,112.0,5,3.88,2020-11-28
2021-04-10,KARDS Open V,bf:5fbf62605d320863b86f0ff1,梁家河扛麦郎,1499.0,125.2,2,1.55,2020-11-28
2021-04-10,KARDS Open V,bf:5fbf6ade2dc8793ada852a75,Maty,1514.9,88.8,12,10.17,2021-04-03
2021-04-10,KARDS Open V,bf:5fbf6f3f26ea883a515841f0,Wuhu_Airline,1438.4,126.6,2,1.55,2020-11-28
2021-04-10,KARDS Open V,bf:5fbf7a86b0ef7749130e4dec,ID由于太昭和无法显示,1464.6,120.3,3,2.33,2020-11-28
2021-04-10,KARDS Open V,bf:5fbf81d4698db1048d27bf78,Andrewkaiyan,1526.8,98.0,9,7.0,2020-11-29
2021-04-10,KARDS Open V,bf:5fbf8670698db1048d27bfda,zadkiel0508,1499.8,125.8,2,1.55,2020-11-28
2021-04-10,KARDS Open V,bf:5fbf86bf2dc8793ada852abe,Kiertscher,1515.5,101.1,8,6.22,2020-11-29
2021-04-10,KARDS Open V,bf:5fbf8fc55d320863b86f1086,共和国荣光,1474.5,120.8,3,2.33,2020-11-28
2021-04-10,KARDS Open V,bf:5fbf97cfb0ef7749130e4e94,AndyNing,1473.3,121.4,3,2.33,2020-11-28
2021-04-10,KARDS Open V,bf:5fbf9fa55d320863b86f10d6,watchmen,1620.5,110.8,5,3.88,2020-11-28
2021-04-10,KARDS Open V,bf:5fbfa1ec5d320863b86f10df,s8130662,1717.6,99.0,9,7.0,2020-11-29
2021-04-10,KARDS Open V,bf:5fbfa6575d320863b86f10ec,think,1437.4,126.4,2,1.55,2020-11-28
2021-04-10,KARDS Open V,bf:5fbfa75c0f21e57963853e73,2057458491@qq.com,1600.0,111.4,5,3.88,2020-11-28
2021-04-10,KARDS Open V,bf:5fbfa9f0a2fd34654753c891,Wizard,1561.7,97.7,9,7.0,2020-11-29
2021-04-10,KARDS Open V,bf:5fbfaa4726ea883a5158435d,UnhappyRefrain,1459.1,120.3,3,2.33,2020-11-28
2021-04-10,KARDS Open V,bf:5fbfaa5d698db1048d27c161,Feiron,1471.4,132.5,1,0.78,2020-11-28
2021-04-10,KARDS Open V,bf:5fbfafde1632970e916c652e,Non-motorized,1513.4,100.6,8,6.22,2020-11-29
2021-04-10,KARDS Open V,bf:5fbfb1ca2dc8793ada852b72,Satomi_ren,1613.1,104.4,7,5.44,2020-11-29
2021-04-10,KARDS Open V,bf:5fbfb4c7043fd20cdf90d6e1,唐努图什么,1501.4,125.8,2,1.55,2020-11-28
2021-04-10,KARDS Open V,bf:5fbfb60f1632970e916c6544,rayson366458,1444.8,127.0,2,1.55,2020-11-28
2021-04-10,KARDS Open V,bf:5fbfb8692dc8793ada852b8d,为啥起的名字都无效,1512.9,127.2,2,1.55,2020-11-28
2021-04-10,KARDS Open V,bf:5fbfb8f1043fd20cdf90d702,James Patterson,1434.6,115.6,4,3.11,2020-11-28
2021-04-10,KARDS Open V,bf:5fbfba184d01f9313d135f37,Simple One,1465.6,132.0,1,0.78,2020-11-28
2021-04-10,KARDS Open V,bf:5fbfbd51b0ef7749130e4f38,MC_Shiro,1590.6,91.0,12,10.1,2021-02-07
2021-04-10,KARDS Open V,bf:5fbfc2c9043fd20cdf90d720,bushirenchou,1550.6,111.4,5,3.88,2020-11-28
2021-04-10,KARDS Open V,bf:5fbfc6e15d320863b86f1193,李鸿章,1545.2,98.6,9,7.0,2020-11-29
2021-04-10,KARDS Open V,bf:5fbfd4581632970e916c6699,Claris,1475.8,120.6,3,2.33,2020-11-28
2021-04-10,KARDS Open V,bf:5fbffbaa2dc8793ada85319e,MeRRoR,1463.0,101.4,8,6.22,2020-11-29
2021-04-10,KARDS Open V,bf:5fc003a1b0ef7749130e5216,Zuasfadas,1548.2,116.8,4,3.11,2020-11-28
2021-04-10,KARDS Open V,bf:5fc0046a698db1048d27c912,ChariotBlitz,1523.6,111.3,5,3.88,2020-11-28
2021-04-10,KARDS Open V,bf:5fc0060d698db1048d27c939,machue,1454.8,119.9,3,2.33,2020-11-28
2021-04-10,KARDS Open V,bf:5fc017df26ea883a515847d5,Nikica,1537.4,97.6,9,7.0,2020-11-29
2021-04-10,KARDS Open V,bf:5fc0244ca2fd34654753d0cb,Bjelke666,1358.1,96.8,10,8.43,2021-02-07
2021-04-10,KARDS Open V,bf:5fc048141632970e916c6beb,Jannik,1495.3,125.6,2,1.55,2020-11-28
2021-04-10,KARDS Open V,bf:5fc062ca3a712911d5860aac,Chimpu,1431.0,126.0,2,1.55,2020-11-28
2021-04-10,KARDS Open V,bf:5fc06376a447ab4bb37e29a7,西域战神阿凡提,1461.0,131.9,1,0.78,2020-11-28
2021-04-10,KARDS Open V,bf:5fc07486698db1048d27ccd5,hj123c,1428.0,125.9,2,1.55,2020-11-28
2021-04-10,KARDS Open V,bf:5fc0ff84971c1811b1c02525,lapotNIK,1471.9,121.0,3,2.33,2020-11-28
2021-04-10,KARDS Open V,bf:5fc13108a447ab4bb37e2e33,Az4zel,1468.9,109.2,6,4.66,2020-11-29
2021-04-10,KARDS Open V,bf:5fc133575ca52f15c00549a9,Legio_Victrix,1605.0,98.5,9,7.0,2020-11-29
2021-04-10,KARDS Open V,bf:5fc13c125d320863b86f1d60,聖訷殺,1423.7,126.3,2,1.55,2020-11-28
2021-04-10,KARDS Open V,bf:5fc13c6e4a99f533280c7373,Vavilon6,1688.4,63.3,33,29.33,2021-04-10
2021-04-10,KARDS Open V,bf:5fc1647ca447ab4bb37e3019,Lampround,1436.9,125.9,2,1.55,2020-11-28
2021-04-10,KARDS Open V,bf:5fc1741a4a3afe55318cf945,Waldemaras,1495.4,125.7,2,1.55,2020-11-28
2021-04-10,KARDS Open V,bf:5fc1760a2dc8793ada853e83,Thetankman3,1644.9,108.8,6,4.66,2020-11-29
2021-04-10,KARDS Open V,bf:5fc1c2f14a3afe55318cfd98,RudyFlyer,1458.6,131.7,1,0.78,2020-11-28
2021-04-10,KARDS Open V,bf:5fc1dd90043fd20cdf90e83e,BADmuji,1458.8,93.6,11,8.88,2021-02-06
2021-04-10,KARDS Open V,bf:5fc1dd9b2dc8793ada8544a3,GeneralMaximus_5,1437.8,115.6,4,3.11,2020-11-28
2021-04-10,KARDS Open V,bf:5fc1f746a2fd34654753e1ae,GearWolf1991,1460.5,100.8,8,6.22,2020-11-29
2021-04-10,KARDS Open V,bf:5fc2123f8ae4c5551e8b0129,Agent007,1479.1,111.6,5,3.88,2020-11-28
2021-04-10,KARDS Open V,bf:5fc21ebcb0ef7749130e6b81,Agumonster,1442.0,126.4,2,1.55,2020-11-28
2021-04-10,KARDS Open V,bf:5fc241c1f1aa2511d7251933,Reaper,1408.5,121.1,3,2.33,2020-11-28
2021-04-10,KARDS Open V,bf:5fc24f00971c1811b1c037b0,Wladca,1432.4,126.0,2,1.55,2020-11-28
2021-04-10,KARDS Open V,bf:5fc26afe6052f211a7127a71,yahya94,1466.5,111.1,5,3.88,2020-11-29
2021-04-10,KARDS Open V,bf:5fc2cfeb2350e111ca3e4a6e,Lan,1360.4,89.1,13,11.69,2021-02-21
2021-04-10,KARDS Open V,bf:5fd0f538f2b2ef0cb211c66d,winman82,1481.2,112.8,4,3.55,2021-02-06
2021-04-10,KARDS Open V,bf:6018722f6b7a4c1c7ef01779,"Котейка ПочтаЛион ""Каратель""",1452.6,109.1,5,4.44,2021-02-07
2021-04-10,KARDS Open V,bf:601995acbe9b881d09177a3a,Berserker,1402.6,120.7,3,2.66,2021-02-07
2021-04-10,KARDS Open V,bf:6019ce668e21aa1d188c190d,DJSF,1455.3,106.0,6,5.47,2021-02-21
2021-04-10,KARDS Open V,bf:601a74d5f4761b1d98293c14,gardr,1390.8,107.4,6,5.39,2021-02-20
2021-04-10,KARDS Open V,bf:601ad0d4bccfe11bd7952790,Bubblebox,1564.8,87.6,12,10.8,2021-02-21
2021-04-10,KARDS Open V,bf:601ae997fb69622ad6617823,Lord Zarax,1455.8,105.5,6,5.47,2021-02-21
2021-04-10,KARDS Open V,bf:601aface2eb6151da1f9651f,Amarok,1456.8,118.4,3,2.66,2021-02-06
2021-04-10,KARDS Open V,bf:601afc674443111ba564023d,RTylerW,1443.1,115.9,4,3.55,2021-02-06
2021-04-10,KARDS Open V,bf:601b5b897d76ec1b99358c6f,IMStarker,1438.7,111.2,5,4.51,2021-02-20
2021-04-10,KARDS Open V,bf:601c0e79b125d31d258fd278,Ish,1471.1,110.3,5,4.44,2021-02-07
2021-04-10,KARDS Open V,bf:601c4a12e848ea2ae5565fa7,UappaSguappa,1532.7,118.2,3,2.66,2021-02-06
2021-04-10,KARDS Open V,bf:601c52cb2eb6151da1f96ccf,Asarnil,1502.9,125.4,2,1.77,2021-02-06
2021-04-10,KARDS Open V,bf:601c5640242f461d92104636,Flironic,1457.6,130.8,1,0.89,2021-02-06
2021-04-10,KARDS Open V,bf:601c5831f4761b1d98294688,gillis,1458.2,130.9,1,0.89,2021-02-06
2021-04-10,KARDS Open V,bf:601c5d21bccfe11bd79533ba,NikitoSNaz,1475.3,109.9,5,4.44,2021-02-07
2021-04-10,KARDS Open V,bf:601c602c8989bb1d0ffd2d60,Boom Stand,1451.7,105.6,6,5.33,2021-02-07
2021-04-10,KARDS Open V,bf:601c66707d76ec1b99359336,Uncle_Gags,1442.9,126.5,2,1.77,2021-02-06
2021-04-10,KARDS Open V,bf:601c6d39ce01411daff6ce45,Ludo,1514.7,103.1,7,6.21,2021-02-07
2021-04-10,KARDS Open V,bf:601c71455470fa2af29f5034,Sebastianhenry,1420.5,105.4,6,5.33,2021-02-07
2021-04-10,KARDS Open V,bf:601c7bb24443111ba5640e9a,sleppy,1383.0,105.8,6,5.33,2021-02-07
2021-04-10,KARDS Open V,bf:601c9026bf58cf5f54a82622,adriano.rln2,1482.1,104.3,6,5.33,2021-02-07
2021-04-10,KARDS Open V,bf:601c914f7d548611be769699,Chippendale,1547.1,119.5,3,2.66,2021-02-06
2021-04-10,KARDS Open V,bf:601c994b3b155711d4677d1b,Thunderhide Alpha,1443.3,105.9,6,5.33,2021-02-07
2021-04-10,KARDS Open V,bf:601c9b3d2a229411c4dec493,JackaL,1474.6,118.0,3,2.66,2021-02-06
2021-04-10,KARDS Open V,bf:601c9f9ef8251e1bb7eb0fb5,PainmakeR,1437.1,80.7,16,14.74,2021-04-04
2021-04-10,KARDS Open V,bf:601cafe1bb724711bbdc0e41,diablojoker,1613.7,98.5,8,7.11,2021-02-13
2021-04-10,KARDS Open V,bf:601cb9e68f8ab5604536225b,xialang,1569.2,93.0,10,9.06,2021-02-27
2021-04-10,KARDS Open V,bf:601ccaa7df90f911ab030712,Smoky,1495.6,100.6,7,6.31,2021-04-03
2021-04-10,KARDS Open V,bf:601ccba636ceeb11b32b80ff,清水晴政,1515.6,116.2,4,3.55,2021-02-06
2021-04-10,KARDS Open V,bf:601cf711ce01411daff6d2c9,The Ice Baron,1521.0,113.7,4,3.55,2021-02-06
2021-04-10,KARDS Open V,bf:601d189a36ceeb11b32b81e2,MR.p,1471.6,118.8,3,2.86,2021-04-03
2021-04-10,KARDS Open V,bf:601d204cab29fd2adcd79a2d,Juliuspluvius,1464.2,131.2,1,0.89,2021-02-06
2021-04-10,KARDS Open V,bf:601d2fa3242f461d92104ad0,tief-pass,1487.3,109.9,5,4.44,2021-02-07
2021-04-10,KARDS Open V,bf:601d334704309b1b93074798,Jashin,1402.5,92.6,10,9.42,2021-04-03
2021-04-10,KARDS Open V,bf:601d4daaa3a63111ba7f6ad7,0331,1511.5,110.0,5,4.44,2021-02-07
2021-04-10,KARDS Open V,bf:601d68eabf58cf5f54a82fbf,LeeandGarros,1459.5,116.2,4,3.55,2021-02-06
2021-04-10,KARDS Open V,bf:601d6a1959fc1e11b57d5700,binhpac,1491.7,118.8,3,2.66,2021-02-06
2021-04-10,KARDS Open V,bf:601d6e10dca2311bb626f1d2,giannikas,1477.9,118.4,3,2.96,2021-04-03
2021-04-10,KARDS Open V,bf:601d724003f1bc1bc847aa4d,WarCrow,1483.9,105.0,6,5.33,2021-02-07
2021-04-10,KARDS Open V,bf:601d72b8945ba61bbd9b6b3e,JamesJimRaynor,1714.7,92.7,10,8.91,2021-02-13
2021-04-10,KARDS Open V,bf:601d8327ce01411daff6dde0,zvezda,1585.1,102.4,7,6.21,2021-02-07
2021-04-10,KARDS Open V,bf:601d841d36ceeb11b32b8857,Чайный Игрок,1428.1,125.2,2,1.77,2021-02-06
2021-04-10,KARDS Open V,bf:601d8d265470fa2af29f55e8,Bronzeguy,1496.7,113.9,4,3.55,2021-02-06
2021-04-10,KARDS Open V,bf:601dacd85156047698264137,pelota,1617.7,101.9,7,6.23,2021-02-13
2021-04-10,KARDS Open V,bf:601dd93585cc4e75ecefaa9c,X_predator,1489.5,119.7,3,2.66,2021-02-06
2021-04-10,KARDS Open V,bf:601ddad214499975b676d714,Autisticles,1475.3,114.5,4,3.55,2021-02-06
2021-04-10,KARDS Open V,bf:601dff5114499975b676d7fb,Vladimir_the_Great,1431.4,105.9,6,5.33,2021-02-07
2021-04-10,KARDS Open V,bf:601e170e8b295778d1474505,TriggerMcHappy,1483.8,124.9,2,1.77,2021-02-06
2021-04-10,KARDS Open V,bf:601e1a04b66ee1767c0f19bf,metaman0,1510.3,106.7,6,5.33,2021-02-07
2021-04-10,KARDS Open V,bf:601e4222507c147700ac949d,Bishamon,1410.1,78.0,18,16.8,2021-04-04
2021-04-10,KARDS Open V,bf:601e45ae6c6f1475e154a175,cws1968,1474.9,109.2,5,4.44,2021-02-07
2021-04-10,KARDS Open V,bf:601e5d325156047698264588,idslksyllbls,1560.8,101.3,7,6.21,2021-02-07
2021-04-10,KARDS Open V,bf:601e60c914499975b676db49,Agasfer88,1488.2,105.1,6,5.33,2021-02-07
2021-04-10,KARDS Open V,bf:601e734995780078daf3e9cf,Budark,1507.3,123.6,2,1.77,2021-02-06
2021-04-10,KARDS Open V,bf:601e77957e074a75c3e36c24,Drazer,1510.4,112.8,4,3.55,2021-02-07
2021-04-10,KARDS Open V,bf:601e7dd895780078daf3ed80,VadimPoltava,1437.8,113.8,4,3.55,2021-02-06
2021-04-10,KARDS Open V,bf:601e7e5af38de8768ef0dbdf,Funnies,1477.4,132.6,1,0.89,2021-02-06
2021-04-10,KARDS Open V,bf:601e92a7e5c01375db7f5de8,stevenj21,1444.2,91.1,11,9.91,2021-02-21
2021-04-10,KARDS Open V,bf:601e9b8beae820768baef5db,Csasz74,1337.5,108.8,6,5.52,2021-04-03
2021-04-10,KARDS Open V,bf:601e9c49e5c01375db7f5e53,Heliks,1561.6,106.6,6,5.33,2021-02-07
2021-04-10,KARDS Open V,bf:601e9d308392ff75fb351ffc,Хлебный Игрок,1464.1,131.2,1,0.89,2021-02-06
2021-04-10,KARDS Open V,bf:601ea179eae820768baef620,notturno68,1408.0,124.2,2,1.77,2021-02-06
2021-04-10,KARDS Open V,bf:601ea84d2cdc35768253b653,pablonsky,1452.0,127.3,2,1.77,2021-02-06
2021-04-10,KARDS Open V,bf:602bf7e108d6c576f70885be,ACE YUR FACE,1530.4,104.5,6,5.47,2021-02-21
2021-04-10,KARDS Open V,bf:602c0e5389472a782b9cbc26,Shockwave750,1584.2,103.6,6,5.48,2021-02-27
2021-04-10,KARDS Open V,bf:602c2018507c147700acf905,Bomber_Harris,1439.8,105.4,6,5.47,2021-02-21
2021-04-10,KARDS Open V,bf:602c22cdabb67b53bb4c4954,Haruna Izumi,1416.8,109.7,5,4.56,2021-02-21
2021-04-10,KARDS Open V,bf:602d35b5e953470c8c2eb398,skippu_white,1432.4,110.1,5,4.56,2021-02-21
2021-04-10,KARDS Open V,bf:602d5acba74cc17c31b7d9af,Nyarlathotep,1496.5,89.6,11,10.42,2021-04-04
2021-04-10,KARDS Open V,bf:602efa92d7a4147c1146d997,Dynamo D,1589.4,97.2,8,7.32,2021-02-27
2021-04-10,KARDS Open V,bf:602f98dc95b59911a33166f5,Craylight,1385.8,108.1,5,4.56,2021-02-21
2021-04-10,KARDS Open V,bf:6030551a73965f35ae461762,log1c,1581.6,85.6,13,12.4,2021-04-10
2021-04-10,KARDS Open V,bf:6030a2af3222cb45216b822e,DarkwingedTrumpeter,1378.3,118.5,3,2.73,2021-02-20
2021-04-10,KARDS Open V,bf:6039135967b58f1e04196610,CEO of Racism,1511.7,102.8,6,5.92,2021-04-04
2021-04-10,KARDS Open V,bf:604e70169811de4a8929cc66,chrasi,1506.6,107.7,5,4.93,2021-04-04
2021-04-10,KARDS Open V,bf:60509713496ba24d0604cc08,TreePipit,1530.8,102.3,6,5.92,2021-04-04
2021-04-10,KARDS Open V,bf:6050d9c1d164f74b8e7830c0,AnTeallach,1514.4,111.9,4,3.95,2021-04-03
2021-04-10,KARDS Open V,bf:6050dd83d164f74b8e7830f8,VyC,1531.6,103.4,6,5.92,2021-04-04
2021-04-10,KARDS Open V,bf:6051fe41cbd09156d261e80c,Io de Scylla,1510.3,102.1,6,5.92,2021-04-04
2021-04-10,KARDS Open V,bf:60520c7e3ae2c317e32bd629,Grenadier Gomby,1510.7,102.5,6,5.92,2021-04-04
2021-04-10,KARDS Open V,bf:6061f0d91d5ed13ba0590c8c,NikolaTesla,1453.7,130.1,1,0.99,2021-04-03
2021-04-10,KARDS Open V,bf:606205aa77b5c319f9259197,Spaghetti Dan,1407.7,100.4,7,6.91,2021-04-04
2021-04-10,KARDS Open V,bf:60620a3ddb064f11ae99a9cc,BlatherskiteChannel,1435.4,124.8,2,1.97,2021-04-03
2021-04-10,KARDS Open V,bf:60623bfcfe869e359192bdb3,Richard Zorge ( tfcvgy),1440.9,129.9,1,0.99,2021-04-03
2021-04-10,KARDS Open V,bf:60624761e23edf11a8fbebab,Eric Haas,1414.1,100.6,7,6.91,2021-04-04
2021-04-10,KARDS Open V,bf:6062d422fe869e359192c071,rezvuhin.dmitrij,1459.0,130.1,1,0.99,2021-04-03
2021-04-10,KARDS Open V,bf:60631191ef449e2156a5adf9,saiko,1531.0,99.8,7,6.91,2021-04-04
2021-04-10,KARDS Open V,bf:6064433143507c17f08ff721,lutherizz,1468.3,113.9,4,3.95,2021-04-03
2021-04-10,KARDS Open V,bf:60644d12bea76d63440e66db,casatron,1483.0,118.3,3,2.96,2021-04-03
2021-04-10,KARDS Open V,bf:6064772a1dc5b905e3c0ff51,repose,1481.1,105.1,6,5.92,2021-04-04
2021-04-10,KARDS Open V,bf:60647b02521bb713377d6f5c,Zilda,1589.7,97.9,8,7.91,2021-04-10
2021-04-10,KARDS Open V,bf:60649133d9c5a005c360423e,Rusl,1398.9,119.4,3,2.96,2021-04-03
2021-04-10,KARDS Open V,bf:6064975b99c79405c943b28f,#romano737,1449.6,106.3,5,4.93,2021-04-04
2021-04-10,KARDS Open V,bf:6064b09a65d11d138804412a,ttolpann,1466.2,106.7,5,4.94,2021-04-04
2021-04-10,KARDS Open V,bf:6064c336521bb713377d7223,Bazsi500,1362.1,116.6,3,2.96,2021-04-03
2021-04-10,KARDS Open V,bf:6065dd291b083505d3f69759,kusanagui2501,1445.1,129.7,1,0.99,2021-04-03
2021-04-10,KARDS Open V,bf:6065e506c75b3f32bc8957c9,Fortress,1441.1,112.7,4,3.95,2021-04-03
2021-04-10,KARDS Open V,bf:60665059bea76d63440e763f,ethen,1515.2,109.3,5,4.94,2021-04-04
2021-04-10,KARDS Open V,bf:60674f097230f532c22615b9,dodos,1532.2,103.7,6,5.92,2021-04-04
2021-04-10,KARDS Open V,bf:60676fb11d5ed13ba0593743,marcelinovegaviejo,1480.8,133.2,1,0.99,2021-04-03
2021-04-10,KARDS Open V,bf:60677695fe869e359192e820,benny,1512.1,124.9,2,1.97,2021-04-03
2021-04-10,KARDS Open V,bf:6068332c521bb713377d8fdf,melenkurion,1457.2,129.9,1,0.99,2021-04-03
2021-04-10,KARDS Open V,bf:60685007d0955e11e2b013f4,germanicus438,1463.8,98.7,7,6.91,2021-04-04
2021-04-10,KARDS Open V,bf:606854ffd0955e11e2b01407,Magnus_Aurel,1541.2,103.5,6,5.94,2021-04-10
2021-04-10,KARDS Open V,bf:60687ce718f0251191ca9656,Gagarinyasha,1413.4,111.6,4,3.95,2021-04-03
2021-04-10,KARDS Open V,bf:60687eb5eea041235d6db8aa,#nini,1399.7,108.5,5,4.94,2021-04-04
2021-05-30,KARDS Open VI,bf:544fd1e1a3aee26f0b100edb,121,1522.9,97.0,13,7.23,2020-08-30
2021-05-30,KARDS Open VI,bf:55a9e6f380ec56430032820c,swigmonkey,1440.5,115.5,4,3.23,2021-02-06
2021-05-30,KARDS Open VI,bf:564e7b5b80b8db4a00c4ff9c,Jking7,1806.2,57.5,55,42.2,2021-05-30
2021-05-30,KARDS Open VI,bf:56bf93a68b6bc7030304a789,Kynio,1499.3,111.4,7,3.9,2020-07-26
2021-05-30,KARDS Open VI,bf:56ed79634fdf9b7e1224dddc,[DB] Praetorian,1557.8,121.6,4,2.22,2020-07-25
2021-05-30,KARDS Open VI,bf:57101bc80b3b0f8312f27ec5,Socialist,1547.1,93.1,10,8.41,2021-04-04
2021-05-30,KARDS Open VI,bf:572751089b61d587125da415,Pad,1551.9,108.2,8,4.45,2020-07-26
2021-05-30,KARDS Open VI,bf:5784f8bcf26da72d0cd20f65,LuckyLuke,1470.5,88.7,17,10.4,2020-11-28
2021-05-30,KARDS Open VI,bf:57a1697c8c3386280ca04b34,batis,1545.4,80.8,21,13.87,2021-04-04
2021-05-30,KARDS Open VI,bf:57b5a7ffabd8181c0cfdf304,CaptainA,1505.8,102.9,9,6.01,2021-02-06
2021-05-30,KARDS Open VI,bf:5931f755f2d1a503331ea51d,Chrisca,1501.9,129.5,2,1.11,2020-07-25
2021-05-30,KARDS Open VI,bf:596dd6d3014e6b033a8a1275,RainZone,1594.2,108.1,8,4.45,2020-07-26
2021-05-30,KARDS Open VI,bf:59b91e3e40985d034416fd27,Isenberg,1490.1,128.9,2,1.11,2020-07-25
2021-05-30,KARDS Open VI,bf:5a4d98c332953903641106de,Freddie,1580.0,86.8,17,10.82,2020-11-29
2021-05-30,KARDS Open VI,bf:5a58cabb82c7de043a3c289b,[TNT] marvin_the_imp,1504.3,125.5,2,1.61,2021-02-06
2021-05-30,KARDS Open VI,bf:5a8879b76c3ac00358830d7c,Benji,1529.5,85.3,16,12.02,2021-02-07
2021-05-30,KARDS Open VI,bf:5ad6b5686a20dd03885fa1d1,Jugador,1516.6,118.5,5,2.78,2020-07-26
2021-05-30,KARDS Open VI,bf:5b0094b93d8b3603b86987cc,Bob the Tomato,1480.1,121.7,4,2.38,2020-08-30
2021-05-30,KARDS Open VI,bf:5b38c676cbd82c03a4f28e8f,doge34,1656.5,72.8,29,19.64,2021-04-04
2021-05-30,KARDS Open VI,bf:5b499abbdbda4803ac64b712,SdCorpse,1534.0,121.8,3,2.12,2020-11-28
2021-05-30,KARDS Open VI,bf:5bef1fd422a55803cb340a40,OHxCORNGUY,1533.0,91.9,10,8.97,2021-05-29
2021-05-30,KARDS Open VI,bf:5c3b6b20304450039e51c054,Yorrit,1499.8,102.6,8,5.66,2020-11-29
2021-05-30,KARDS Open VI,bf:5c4d3b7150078403fe2d5308,龍槍雷斯林(raslin2006),1559.6,99.7,7,6.99,2021-05-30
2021-05-30,KARDS Open VI,bf:5c4dca4fa9f6820352797666,VildeScarz,1560.3,106.9,8,4.76,2020-08-30
2021-05-30,KARDS Open VI,bf:5c7e66cd2dd6e4033a9d5fd1,Elikur,1470.2,99.9,8,6.82,2021-04-03
2021-05-30,KARDS Open VI,bf:5c834379fdf5df032965d470,Johnny,1523.5,124.3,3,1.67,2020-07-25
2021-05-30,KARDS Open VI,bf:5d0fba42acc6ed329c51837f,Rokeiro,1434.3,126.4,3,1.48,2020-05-23
2021-05-30,KARDS Open VI,bf:5d26bcf5c9bf6055b457dfb5,UkrainianKing,1589.9,77.1,21,16.11,2021-05-30
2021-05-30,KARDS Open VI,bf:5d47ab5c0451666910e5c0af,Joshua12450,1464.1,120.5,3,2.42,2021-02-06
2021-05-30,KARDS Open VI,bf:5d4eae596c2b2139a67ce680,Punpun,1474.9,106.8,5,4.99,2021-05-29
2021-05-30,KARDS Open VI,bf:5d6bf8a0238bc73c869e6430,Niemand,1434.9,126.8,2,1.41,2020-11-28
2021-05-30,KARDS Open VI,bf:5dadf6683f9f8d27e2e9cc0b,GKZhukov,1643.4,80.6,17,13.99,2021-02-27
2021-05-30,KARDS Open VI,bf:5dff9d39fafe5a70cf39ed01,Time to harsh your buzz!,1440.0,128.0,2,1.19,2020-08-29
2021-05-30,KARDS Open VI,bf:5e055721e0b14c3515213776,sk1091,1479.9,133.8,1,0.59,2020-08-29
2021-05-30,KARDS Open VI,bf:5e47e9a0f854af105e7ca35f,tominkorea,1439.4,102.7,6,5.99,2021-05-29
2021-05-30,KARDS Open VI,bf:5e6a39a3f1f90c345a8e7fcd,Yakin,1563.3,103.6,7,5.82,2021-02-27
2021-05-30,KARDS Open VI,bf:5e7e00974f03651058bba114,Camm,1524.7,104.9,6,5.39,2021-04-04
2021-05-30,KARDS Open VI,bf:5e7fb8e3d7ce547b37484302,jaja,1514.3,126.7,2,1.41,2020-11-28
2021-05-30,KARDS Open VI,bf:5e889af67a9c4c10932a6ca9,usp45master,1576.9,77.4,18,16.47,2021-05-29
2021-05-30,KARDS Open VI,bf:5e9cf8ff72e2961f747c7978,DARKCA5TLE,1612.2,93.8,11,8.9,2021-04-10
2021-05-30,KARDS Open VI,bf:5eb572f0a795290866140381,rdbigdog,1612.5,109.3,7,4.49,2020-11-28
2021-05-30,KARDS Open VI,bf:5eb57d1601b7fd0fe0488f0f,Astral,1497.9,119.8,5,2.47,2020-05-23
2021-05-30,KARDS Open VI,bf:5eb583d54a8bea0acd7ea437,SharkPup,1452.3,129.7,2,0.99,2020-05-23
2021-05-30,KARDS Open VI,bf:5eb598330abb797ad38acaee,NonGMOSalt,1622.8,80.3,18,13.95,2021-05-30
2021-05-30,KARDS Open VI,bf:5eb6495f5d6f1b5d1c5d7d95,kenny,1493.3,94.9,11,8.45,2021-05-29
2021-05-30,KARDS Open VI,bf:5eb65df574f31a11dd226b38,Darkness,1845.2,68.2,46,33.46,2021-05-29
2021-05-30,KARDS Open VI,bf:5eb664dbaefaaf170fa246f1,RookVenturer1313,1487.7,120.7,5,2.47,2020-05-23
2021-05-30,KARDS Open VI,bf:5eb708950fe915528f90abfd,Donald Trump,1503.1,103.9,10,5.31,2020-07-26
2021-05-30,KARDS Open VI,bf:5eb7670e5e789b4b50a06de2,WHEEL3R,1580.9,68.8,34,22.55,2021-02-27
2021-05-30,KARDS Open VI,bf:5ebc5c7aec210a06ae04d4d4,Snefru,1660.2,85.0,22,12.28,2020-09-05
2021-05-30,KARDS Open VI,bf:5ebd8cafb3bec004beff6eff,[AAA] Caps04,1589.7,92.7,13,8.74,2021-02-07
2021-05-30,KARDS Open VI,bf:5ebd9402b92b28521a098ec8,Bubbles,1676.3,66.7,32,24.95,2021-05-29
2021-05-30,KARDS Open VI,bf:5ebe821bdc25e53f4d8c7446,ForeverFox,1448.2,119.9,5,2.47,2020-05-23
2021-05-30,KARDS Open VI,bf:5ebea2fd1eafc755976c161a,Drogear,1629.8,98.8,14,7.51,2020-08-29
2021-05-30,KARDS Open VI,bf:5ebea8a9bfed616b75962b6a,Forgestryker,1576.1,98.7,12,7.25,2020-11-28
2021-05-30,KARDS Open VI,bf:5ec021ae0f25781e0b5f5f43,AlexRises,1465.0,130.7,2,0.99,2020-05-23
2021-05-30,KARDS Open VI,bf:5ec038e2256baa1d38011a05,Vinny,1671.9,71.9,26,20.54,2021-04-10
2021-05-30,KARDS Open VI,bf:5ec14e2baf9b8d5641b7a639,handor95,1430.0,105.2,9,5.29,2020-11-28
2021-05-30,KARDS Open VI,bf:5ec2a6dafd8a561535cde2a5,V0R0N92,1532.7,68.1,29,22.81,2021-05-29
2021-05-30,KARDS Open VI,bf:5ec2ace2fd8a561535cde2e1,MJT,1493.8,128.1,2,1.19,2020-08-29
2021-05-30,KARDS Open VI,bf:5ec2acf9a7330d091e79291a,lucencan,1480.6,102.0,10,6.0,2020-11-28
2021-05-30,KARDS Open VI,bf:5ec2c1da0a4e405c2332e640,Chip-Filled Adam,1587.2,94.4,13,8.34,2020-11-29
2021-05-30,KARDS Open VI,bf:5ec2f8632e7fb7357e7c8077,SCARED MOKEY,1515.3,102.9,10,5.87,2020-11-28
2021-05-30,KARDS Open VI,bf:5ec3fe380be5fa28e9946104,Sertma,1477.8,134.1,1,0.49,2020-05-23
2021-05-30,KARDS Open VI,bf:5ec442d3b2f357511fcbf34a,skzeman,1565.4,119.5,5,2.47,2020-05-23
2021-05-30,KARDS Open VI,bf:5ec44a4894993372f10699b1,Adrián7,1476.0,133.7,1,0.56,2020-07-25
2021-05-30,KARDS Open VI,bf:5ec4df5bde56fb470634c5fa,barboza,1474.9,132.5,2,0.99,2020-05-23
2021-05-30,KARDS Open VI,bf:5ec57fff74214e1748e43f56,dasolli,1473.5,105.9,7,4.95,2020-11-29
2021-05-30,KARDS Open VI,bf:5ec5e7746951c62d86f53235,FL1ppY | エワウト,1609.8,100.7,8,6.47,2021-02-13
2021-05-30,KARDS Open VI,bf:5ec7d675f5d9bf6412138238,Hahn,1510.5,122.3,4,1.97,2020-05-23
2021-05-30,KARDS Open VI,bf:5ec99a6d5cb5d5345c7fdf7c,AriBigBehn,1666.1,75.5,27,17.9,2021-04-03
2021-05-30,KARDS Open VI,bf:5ee6022292efc00faf652a7e,Esthete,1475.8,103.6,7,5.65,2021-02-07
2021-05-30,KARDS Open VI,bf:5ee6c5f92764fc7a784c6f9e,BirdLaw,1417.3,84.1,19,12.35,2021-02-07
2021-05-30,KARDS Open VI,bf:5eeb9c3d19b81239da9496cb,Kosaroli,1615.3,76.1,21,16.79,2021-04-04
2021-05-30,KARDS Open VI,bf:5f0cbd1969a363414a64af57,agent_182,1531.2,124.5,3,1.67,2020-07-25
2021-05-30,KARDS Open VI,bf:5f0cd40c3087a65e039603f4,wild_eyes,1708.5,55.9,55,41.74,2021-05-29
2021-05-30,KARDS Open VI,bf:5f0cf3becbf20c490eb4fa7d,T0M,1508.3,118.3,5,2.78,2020-07-26
2021-05-30,KARDS Open VI,bf:5f0d81380ffa0b49d9f58c5c,Nerf,1612.3,107.8,8,4.45,2020-07-26
2021-05-30,KARDS Open VI,bf:5f0d9e4785aa4e37e911463c,You Need Jesus Christ,1440.2,128.8,2,1.11,2020-07-25
2021-05-30,KARDS Open VI,bf:5f0dad9ac47339351f7f742f,RipperJim,1467.9,121.5,3,2.12,2020-11-28
2021-05-30,KARDS Open VI,bf:5f0db8236f4cd1393325784f,Hazeltails,1536.5,110.9,7,3.9,2020-07-26
2021-05-30,KARDS Open VI,bf:5f0dc882f26046593189ba9f,SALUTE06,1485.1,134.8,1,0.56,2020-07-25
2021-05-30,KARDS Open VI,bf:5f0de85b7c5e104738aeb5a8,benc,1548.8,107.8,8,4.45,2020-07-26
2021-05-30,KARDS Open VI,bf:5f0df6196f4cd13933257c2a,COOLJ007,1552.3,105.5,7,5.65,2021-02-07
2021-05-30,KARDS Open VI,bf:5f0df84e824086475be264b7,Terror_de,1599.4,64.9,37,26.5,2021-04-10
2021-05-30,KARDS Open VI,bf:5f0df9d07c4df3491abfc797,RMISE,1461.2,130.2,2,1.11,2020-07-25
2021-05-30,KARDS Open VI,bf:5f0dfb2c7c4df3491abfc7a6,zhen,1599.6,108.1,8,4.45,2020-07-26
2021-05-30,KARDS Open VI,bf:5f0e1a20c47339351f7f7b34,Ouchmaster,1503.8,120.4,4,2.23,2020-07-26
2021-05-30,KARDS Open VI,bf:5f0e248def3ab65b96796c3f,frenchcook,1687.2,76.3,23,17.43,2021-04-04
2021-05-30,KARDS Open VI,bf:5f0e37b37c5e104738aebbe3,toDIEisGAIN,1696.3,62.7,42,29.84,2021-04-10
2021-05-30,KARDS Open VI,bf:5f0e67fdf26046593189c71c,B_O_R_U_T_O_1,1540.1,87.5,12,11.13,2021-05-30
2021-05-30,KARDS Open VI,bf:5f0e76497c4df3491abfd06c,rocksopimppo,1469.2,97.5,11,7.12,2021-02-06
2021-05-30,KARDS Open VI,bf:5f0eab817c4df3491abfd2e6,hilmank,1445.0,105.4,8,4.97,2021-02-06
2021-05-30,KARDS Open VI,bf:5f0f22cb85aa4e37e9115bb4,madisek,1498.0,128.7,2,1.11,2020-07-25
2021-05-30,KARDS Open VI,bf:5f0f2f19ef3ab65b96797ada,kramedogg,1446.0,92.0,15,9.08,2021-02-20
2021-05-30,KARDS Open VI,bf:5f0f3d9e7c4df3491abfe047,Snooginz,1552.7,68.8,30,21.99,2021-02-27
2021-05-30,KARDS Open VI,bf:5f0f54427c4df3491abfe274,djdado,1474.9,133.4,1,0.59,2020-08-29
2021-05-30,KARDS Open VI,bf:5f0fb7319d4b3024dce6f17b,The_Advocator,1460.2,108.2,8,4.45,2020-07-26
2021-05-30,KARDS Open VI,bf:5f101bc2eea71b24bc30c50e,Hubblebub,1443.8,128.4,2,1.19,2020-08-29
2021-05-30,KARDS Open VI,bf:5f102c329d4b3024dce6f5dd,Malovato_Budet,1480.8,100.2,11,6.27,2020-08-29
2021-05-30,KARDS Open VI,bf:5f103df2eac9482569fb2922,phasermind,1524.4,108.4,8,4.45,2020-07-26
2021-05-30,KARDS Open VI,bf:5f105658eac9482569fb2be4,张大彪,1596.1,101.1,10,6.17,2020-11-28
2021-05-30,KARDS Open VI,bf:5f10783cc08d9224ce50f95f,bob42,1504.7,108.5,8,4.45,2020-07-26
2021-05-30,KARDS Open VI,bf:5f10825feac9482569fb2e81,SquareGrouper,1362.7,94.9,13,8.29,2020-11-29
2021-05-30,KARDS Open VI,bf:5f1086f1160c3f2239e9225b,lt.blueberry,1314.3,90.5,17,10.7,2021-02-07
2021-05-30,KARDS Open VI,bf:5f109d917a5f692572240090,John_Px,1750.2,63.5,37,31.5,2021-05-30
2021-05-30,KARDS Open VI,bf:5f10c966160c3f2239e92921,ColdCarl,1534.5,76.6,21,16.45,2021-05-29
2021-05-30,KARDS Open VI,bf:5f112ee3eac9482569fb3ee6,Pert,1539.8,110.7,8,4.45,2020-07-26
2021-05-30,KARDS Open VI,bf:5f113e2cd04bae257fc195f6,RafcKen7,1629.2,102.7,7,5.65,2021-02-07
2021-05-30,KARDS Open VI,bf:5f11d03df7c29f223fd624f2,Groddur,1464.7,121.4,3,2.12,2020-11-28
2021-05-30,KARDS Open VI,bf:5f11d0b0eea71b24bc30e84a,BUCKY,1412.0,87.7,15,11.24,2021-05-29
2021-05-30,KARDS Open VI,bf:5f11d247160c3f2239e940a4,LuckySpike,1627.0,62.1,40,29.85,2021-05-29
2021-05-30,KARDS Open VI,bf:5f11e4c6160c3f2239e941f5,trevorj,1484.3,120.9,4,2.22,2020-07-25
2021-05-30,KARDS Open VI,bf:5f11e67d85fecb25631448a0,yufzsy,1683.8,87.0,20,12.04,2020-11-28
2021-05-30,KARDS Open VI,bf:5f11ef33160c3f2239e942b2,Starkiller30001,1448.0,120.4,4,2.22,2020-07-25
2021-05-30,KARDS Open VI,bf:5f11ff268b375222593350d0,Lobby Boy Lettuce,1454.5,121.0,4,2.22,2020-07-25
2021-05-30,KARDS Open VI,bf:5f11ff2ec08d9224ce511d19,Dangerexx,1412.9,108.8,8,4.45,2020-07-26
2021-05-30,KARDS Open VI,bf:5f11ff59eea71b24bc30ee0c,Hyo,1430.9,84.7,20,12.04,2020-11-28
2021-05-30,KARDS Open VI,bf:5f11ffc4eac9482569fb4f49,MrNejcKing,1386.4,117.4,5,3.03,2021-02-06
2021-05-30,KARDS Open VI,bf:5f121b05d04bae257fc1a263,biasedeyes,1453.7,118.7,5,2.78,2020-07-26
2021-05-30,KARDS Open VI,bf:5f1220b9b4738624c4273900,KEV1NJ,1537.2,112.0,7,3.9,2020-07-26
2021-05-30,KARDS Open VI,bf:5f12273babfcb016362ad1d0,beeman,1339.7,97.9,14,8.06,2020-08-30
2021-05-30,KARDS Open VI,bf:5f1229f9cf4549174336fefe,JSL112,1473.8,133.7,1,0.56,2020-07-25
2021-05-30,KARDS Open VI,bf:5f122bf8b4738624c4273b13,VLTØR,1429.1,126.6,2,1.41,2020-11-28
2021-05-30,KARDS Open VI,bf:5f1240f24a28711494f1b3aa,CaptainTchaikovsky,1490.4,120.9,4,2.22,2020-07-25
2021-05-30,KARDS Open VI,bf:5f12771889520148edf780af,mbilsel,1567.1,91.2,16,9.21,2020-08-30
2021-05-30,KARDS Open VI,bf:5f1281edb4738624c42745af,ptreey,1437.0,113.2,6,3.34,2020-07-26
2021-05-30,KARDS Open VI,bf:5f12bb564a28711494f1bd8d,NeriUwU,1332.6,90.6,17,10.91,2021-02-07
2021-05-30,KARDS Open VI,bf:5f12bb99cf45491743370da4,Headcrasher,1488.6,135.2,1,0.9,2021-04-03
2021-05-30,KARDS Open VI,bf:5f12c35f8b375222593364f0,xareh90,1519.3,108.2,8,4.45,2020-07-26
2021-05-30,KARDS Open VI,bf:5f12da838b375222593365f7,Burremans,1450.3,129.1,2,1.11,2020-07-25
2021-05-30,KARDS Open VI,bf:5f12f0881c8cdf16056f6224,RaPaulke,1447.7,129.1,2,1.11,2020-07-25
2021-05-30,KARDS Open VI,bf:5f12f0c3abfcb016362ae526,mon.mgs,1469.8,133.4,1,0.56,2020-07-25
2021-05-30,KARDS Open VI,bf:5f130139f7c29f223fd64290,fenrir,1536.0,102.5,10,5.87,2020-11-28
2021-05-30,KARDS Open VI,bf:5f13328d77697711a235a704,TomatoMato,1547.9,109.1,8,4.45,2020-07-26
2021-05-30,KARDS Open VI,bf:5f13952ceea71b24bc312529,Limitless Beast,1394.8,120.7,4,2.22,2020-07-25
2021-05-30,KARDS Open VI,bf:5f13f8f0381ccb11abfed78c,Behemothus,1493.5,92.4,15,8.65,2020-08-30
2021-05-30,KARDS Open VI,bf:5f13fc452cba8f11c2a4298c,DarkMatterYT,1491.1,128.8,2,1.11,2020-07-25
2021-05-30,KARDS Open VI,bf:5f140b7f1c8cdf16056f833c,foreverlimon,1531.6,111.0,7,3.9,2020-07-26
2021-05-30,KARDS Open VI,bf:5f140c57341d821185ca56df,BarndoorRoge,1518.3,116.1,5,2.89,2020-08-29
2021-05-30,KARDS Open VI,bf:5f140d9bbcbe32117ff6b7e7,Snakii0,1317.3,100.4,10,7.38,2021-04-04
2021-05-30,KARDS Open VI,bf:5f140ea9b4738624c4277d71,Heist,1456.8,110.8,7,3.9,2020-07-26
2021-05-30,KARDS Open VI,bf:5f14582a341d821185ca59e8,TheStray,1484.6,108.5,8,4.45,2020-07-26
2021-05-30,KARDS Open VI,bf:5f145d63b4738624c4278122,Jotora,1554.9,108.2,8,4.45,2020-07-26
2021-05-30,KARDS Open VI,bf:5f145fa11c8cdf16056f8757,Kerwer,1468.3,131.5,1,0.9,2021-04-03
2021-05-30,KARDS Open VI,bf:5f148273cd3934118e03b196,Shaemas,1477.8,92.9,15,8.62,2020-08-30
2021-05-30,KARDS Open VI,bf:5f1493df1c8cdf16056f8bc9,CheL_oFF,1510.3,103.3,7,5.65,2021-02-07
2021-05-30,KARDS Open VI,bf:5f14e99eea159211b4c99eab,Jacob,1402.2,108.5,8,4.45,2020-07-26
2021-05-30,KARDS Open VI,bf:5f1520542cba8f11c2a44c16,DarkMist,1418.4,94.2,14,9.15,2021-02-07
2021-05-30,KARDS Open VI,bf:5f153751eea71b24bc31458b,VLAD420,1453.5,108.2,8,4.45,2020-07-26
2021-05-30,KARDS Open VI,bf:5f1539bacfac0e373c6166ce,donigi,1483.7,91.7,16,9.21,2020-08-30
2021-05-30,KARDS Open VI,bf:5f155f3577697711a235e552,total,1484.9,134.6,1,0.59,2020-08-29
2021-05-30,KARDS Open VI,bf:5f1566b0341d821185ca734b,Юрий,1479.5,111.8,7,3.9,2020-07-26
2021-05-30,KARDS Open VI,bf:5f156d9fb4738624c42798e8,Evilmunki,1423.9,110.4,7,3.9,2020-07-26
2021-05-30,KARDS Open VI,bf:5f15827677697711a235e95c,ACOG,1483.6,134.5,1,0.56,2020-07-25
2021-05-30,KARDS Open VI,bf:5f159e62ea159211b4c9a50e,scorp1one,1477.2,118.1,4,3.32,2021-04-03
2021-05-30,KARDS Open VI,bf:5f15a9d0cfac0e373c616a81,gteacher12 (cst),1396.0,120.8,4,2.23,2020-07-26
2021-05-30,KARDS Open VI,bf:5f1660782cba8f11c2a45e9c,Lolofy44,1521.5,88.1,17,10.63,2020-11-29
2021-05-30,KARDS Open VI,bf:5f169f65bcbe32117ff6eb42,Lykas_OMES,1501.8,106.5,8,4.76,2020-08-30
2021-05-30,KARDS Open VI,bf:5f176280381ccb11abff191f,terminetorK56,1486.6,109.3,7,4.16,2020-08-30
2021-05-30,KARDS Open VI,bf:5f17d573bcbe32117ff6fd03,Vitaly Gorbunov,1473.1,133.6,1,0.56,2020-07-25
2021-05-30,KARDS Open VI,bf:5f17ef0fcfac0e373c6190c4,[REDi]1R COL ANZAC_Ace,1470.0,124.1,3,1.67,2020-07-25
2021-05-30,KARDS Open VI,bf:5f19119cb4738624c427e33c,SA-GR,1427.2,111.1,7,3.9,2020-07-26
2021-05-30,KARDS Open VI,bf:5f191b72abfcb016362b6974,Suchy,1509.5,104.7,6,5.39,2021-04-04
2021-05-30,KARDS Open VI,bf:5f193071cfac0e373c61a11b,PetitPoney,1523.2,117.1,5,2.86,2020-08-29
2021-05-30,KARDS Open VI,bf:5f1a8cc8b4738624c42817ef,Tigerkater,1483.6,112.9,7,3.9,2020-07-26
2021-05-30,KARDS Open VI,bf:5f1b1546b4738624c4282183,Skunk,1397.4,108.2,8,4.45,2020-07-26
2021-05-30,KARDS Open VI,bf:5f1b3f1b08ac6c1dd4d6bb23,brienoconan,1527.2,124.8,3,1.67,2020-07-25
2021-05-30,KARDS Open VI,bf:5f1b48d1abfcb016362ba48e,Berni de Balle,1553.6,61.0,42,31.49,2021-05-29
2021-05-30,KARDS Open VI,bf:5f1b9f20a73922196c802448,Gamesite,1471.2,117.2,5,2.78,2020-07-26
2021-05-30,KARDS Open VI,bf:5f1bad8bb4738624c4283cf6,Filpa,1554.7,98.5,12,6.87,2020-08-30
2021-05-30,KARDS Open VI,bf:5f318206a8e6c511a449d179,0CanadaBear0,1474.7,115.7,5,2.97,2020-08-30
2021-05-30,KARDS Open VI,bf:5f318c62af063111a36cedab,aa,1549.2,108.0,8,4.76,2020-08-30
2021-05-30,KARDS Open VI,bf:5f31dbda9ab87f2e0c19cd0c,RNGek,1575.5,88.6,16,10.42,2020-11-29
2021-05-30,KARDS Open VI,bf:5f31e18d7bd80311ab780bcb,天之子将军,1543.7,113.7,6,3.57,2020-08-30
2021-05-30,KARDS Open VI,bf:5f31e6b930b92e118dbc3b00,r3in0r,1442.4,128.2,2,1.19,2020-08-29
2021-05-30,KARDS Open VI,bf:5f32224b74a4bd1196ff8e97,yourBRO,1440.1,107.8,7,4.72,2020-11-28
2021-05-30,KARDS Open VI,bf:5f323b2daf063111a36cffab,chmy426,1573.1,116.6,4,2.83,2020-11-28
2021-05-30,KARDS Open VI,bf:5f32755630b92e118dbc4132,Joeybag0doughnuts,1462.7,133.1,1,0.59,2020-08-29
2021-05-30,KARDS Open VI,bf:5f32919a74a4bd1196ff9509,wydsxl,1620.7,104.2,9,5.36,2020-09-05
2021-05-30,KARDS Open VI,bf:5f32abe69ab87f2e0c19e0b7,"Oh, Pretty Woman",1365.1,116.3,5,2.97,2020-08-30
2021-05-30,KARDS Open VI,bf:5f32b5a5af063111a36d039f,Spartan,1490.6,120.8,3,2.25,2021-02-20
2021-05-30,KARDS Open VI,bf:5f32c6147bd80311ab78193f,petriachor,1604.0,69.9,29,21.33,2021-04-03
2021-05-30,KARDS Open VI,bf:5f32ca9074a4bd1196ff97d9,Sirbol,1518.1,106.2,8,4.76,2020-08-30
2021-05-30,KARDS Open VI,bf:5f32e74430b92e118dbc4866,alan1957,1471.8,133.2,1,0.59,2020-08-29
2021-05-30,KARDS Open VI,bf:5f32f48419fcf2666b2abff1,kowalski,1679.1,68.3,28,23.7,2021-05-30
2021-05-30,KARDS Open VI,bf:5f3304e930b92e118dbc4ad6,maxterGIO,1513.3,106.4,8,4.76,2020-08-30
2021-05-30,KARDS Open VI,bf:5f3321d98a94d511b1d67c5b,ExpelliarmusA,1564.6,106.3,8,4.76,2020-08-30
2021-05-30,KARDS Open VI,bf:5f332d0619fcf2666b2ac60a,comrade nicky,1522.8,124.7,3,1.78,2020-08-29
2021-05-30,KARDS Open VI,bf:5f335b3e30b92e118dbc579e,WorldWarWhale,1466.8,116.9,3,2.99,2021-05-29
2021-05-30,KARDS Open VI,bf:5f344b7a8a94d511b1d68a96,John™,1444.4,111.7,7,4.16,2020-08-30
2021-05-30,KARDS Open VI,bf:5f34d3bdacefe6118a5de444,Ottotheblue,1475.8,85.9,17,11.12,2020-11-29
2021-05-30,KARDS Open VI,bf:5f351f60af063111a36d282b,Sadrik,1569.1,106.7,8,4.76,2020-08-30
2021-05-30,KARDS Open VI,bf:5f354d22e4876e1184288d58,Ripoff,1541.6,97.0,11,7.21,2020-11-29
2021-05-30,KARDS Open VI,bf:5f35946553b8ce11abe62c4d,FRIKAZOID,1481.8,123.8,3,1.78,2020-08-29
2021-05-30,KARDS Open VI,bf:5f362c8703dbcc11d58d78e3,Kolbasnik,1622.9,56.3,47,37.95,2021-05-30
2021-05-30,KARDS Open VI,bf:5f369b86c897e0119e4ff6f8,PatsenBR,1488.8,110.5,7,4.16,2020-08-30
2021-05-30,KARDS Open VI,bf:5f36c30fff2e5911a44a282e,Józef Piłsudski,1441.1,128.2,2,1.19,2020-08-29
2021-05-30,KARDS Open VI,bf:5f36cca903dbcc11d58d89d8,Wolnigree,1440.7,128.0,2,1.19,2020-08-29
2021-05-30,KARDS Open VI,bf:5f36dc4b98f0a311ad32446c,Zig_Zag,1544.1,101.3,10,6.37,2021-02-06
2021-05-30,KARDS Open VI,bf:5f37cf6b6ce6de28d63de407,Ailoyros,1467.1,133.2,1,0.59,2020-08-29
2021-05-30,KARDS Open VI,bf:5f3800b06ce6de28d63de960,RicardoTamanini,1430.4,124.9,3,1.78,2020-08-29
2021-05-30,KARDS Open VI,bf:5f382e1f33118628f2f56ca7,Dash_ek,1519.0,109.2,7,4.16,2020-08-30
2021-05-30,KARDS Open VI,bf:5f38338163cc1128e5f86f97,Brendan,1460.1,107.0,8,4.76,2020-08-30
2021-05-30,KARDS Open VI,bf:5f3846d25b41bf2bd0fe2207,Spooky Time,1422.9,124.5,3,1.78,2020-08-29
2021-05-30,KARDS Open VI,bf:5f3858c1b83d9d2bb0609265,wdhtu,1492.9,116.5,5,2.97,2020-08-30
2021-05-30,KARDS Open VI,bf:5f3a8d53c190e3296d7a1eef,nagymaciii,1449.2,128.5,2,1.19,2020-08-29
2021-05-30,KARDS Open VI,bf:5f3a8e2d33118628f2f5a7d5,Goltz,1475.3,133.5,1,0.59,2020-08-29
2021-05-30,KARDS Open VI,bf:5f3a8eb4dd76a928dcec9bec,Coronel_Mostarda,1454.2,119.9,4,2.38,2020-08-29
2021-05-30,KARDS Open VI,bf:5f3ab4ce63cc1128e5f8a327,DrTacos,1401.0,123.6,3,1.78,2020-08-30
2021-05-30,KARDS Open VI,bf:5f3aef3e6ce6de28d63e3425,Alexandre,1410.0,120.5,3,2.69,2021-04-03
2021-05-30,KARDS Open VI,bf:5f3b1ebadd76a928dceca753,ZackXue,1518.5,108.0,8,4.76,2020-08-30
2021-05-30,KARDS Open VI,bf:5f3bc9efdbf742295bce0a9d,黑森公爵,1471.0,133.2,1,0.59,2020-08-29
2021-05-30,KARDS Open VI,bf:5f3bcb62c190e3296d7a2cd2,abandon,1500.8,126.7,2,1.41,2020-11-28
2021-05-30,KARDS Open VI,bf:5f3d0646dd76a928dceccb16,Ertugrul Gazi,1522.1,106.6,8,4.76,2020-08-30
2021-05-30,KARDS Open VI,bf:5f3d19c7dd76a928dceccbcd,HaxBaba,1541.9,111.2,7,4.16,2020-08-30
2021-05-30,KARDS Open VI,bf:5f3d1e45c190e3296d7a4aa5,Barton,1471.7,133.1,1,0.59,2020-08-29
2021-05-30,KARDS Open VI,bf:5f3e11a1a3f8871d5075e3d0,Valar,1415.6,113.9,6,3.57,2020-08-30
2021-05-30,KARDS Open VI,bf:5f3fbdaeb856d24e0965bbc4,Stluvik,1512.2,119.1,5,2.97,2020-08-30
2021-05-30,KARDS Open VI,bf:5f3fc42472caf64e0f2b589c,Shiva's,1624.2,97.8,12,7.58,2020-11-28
2021-05-30,KARDS Open VI,bf:5f3ff2e624334d4ac794708e,FearlessFreep2,1499.4,119.7,4,2.38,2020-08-30
2021-05-30,KARDS Open VI,bf:5f4022e92736604a195ffbfb,Ol'Red,1428.0,124.3,3,1.78,2020-08-29
2021-05-30,KARDS Open VI,bf:5f404839cabbdc4a26620899,sNapple,1413.9,122.2,3,2.12,2020-11-28
2021-05-30,KARDS Open VI,bf:5f41a73ee7543f4a0a54f568,Kipahigan,1528.7,109.3,7,4.16,2020-08-30
2021-05-30,KARDS Open VI,bf:5f4318d1681ff84ab5ec92f9,Sidecrawler,1507.3,78.9,21,14.66,2021-02-07
2021-05-30,KARDS Open VI,bf:5f4536884cbe7961ba1906fa,Zanderson30,1595.5,105.0,9,5.36,2020-09-05
2021-05-30,KARDS Open VI,bf:5f4617f7cff9bb4e25c81a49,Daccro,1468.2,123.5,3,1.78,2020-08-29
2021-05-30,KARDS Open VI,bf:5f464a379f8a441a7681100e,Grarivier,1553.3,106.8,8,4.76,2020-08-30
2021-05-30,KARDS Open VI,bf:5f469fbd9f8a441a768119af,yura,1465.9,133.2,1,0.59,2020-08-29
2021-05-30,KARDS Open VI,bf:5f46ff72cff9bb4e25c82ac7,hartmanator1,1525.1,90.6,14,9.34,2020-11-29
2021-05-30,KARDS Open VI,bf:5f47aca042aba63789789166,UBCers,1447.4,128.6,2,1.19,2020-08-29
2021-05-30,KARDS Open VI,bf:5f48837c34f6ed5f7791f82a,RIBO,1543.8,112.1,7,4.16,2020-08-30
2021-05-30,KARDS Open VI,bf:5f4965bb76b8305ffaa36866,Ernst1871,1499.9,96.4,11,7.55,2020-11-29
2021-05-30,KARDS Open VI,bf:5f49b691c955654e18759c1e,Ryestye,1545.8,133.8,1,0.59,2020-08-29
2021-05-30,KARDS Open VI,bf:5f4a2d8c76b8305ffaa376af,smerch,1473.0,123.6,3,1.78,2020-08-29
2021-05-30,KARDS Open VI,bf:5f4a40fd34f6ed5f7792170c,LemonShark,1476.2,110.1,7,4.16,2020-08-30
2021-05-30,KARDS Open VI,bf:5f4a66a7629c8b6045fa11b9,Сэм,1473.6,107.0,8,4.76,2020-08-30
2021-05-30,KARDS Open VI,bf:5f908c01a261b945b6c471e8,OliRoB,1328.4,109.4,6,4.85,2021-02-07
2021-05-30,KARDS Open VI,bf:5fa1ee84f8fc171ea9f66554,El Chickenrice,1628.2,102.8,8,5.66,2020-11-29
2021-05-30,KARDS Open VI,bf:5fa2011d11743771ade90dee,testo,1698.6,71.6,26,21.47,2021-05-30
2021-05-30,KARDS Open VI,bf:5fa27bfdf8fc171ea9f66924,CalinBZ,1546.5,107.2,6,4.82,2021-05-29
2021-05-30,KARDS Open VI,bf:5fa27e32f8fc171ea9f66940,vegetable,1591.5,105.2,7,5.65,2021-02-07
2021-05-30,KARDS Open VI,bf:5fa2928f11743771ade9128e,Ax,1512.9,126.3,2,1.41,2020-11-28
2021-05-30,KARDS Open VI,bf:5fa2992ef8fc171ea9f66a3e,犹似深闺梦中人,1542.9,112.7,5,3.53,2020-11-28
2021-05-30,KARDS Open VI,bf:5fa2d1356b9c704abc3f86e4,MoncherFrag,1481.4,114.0,5,3.53,2020-11-28
2021-05-30,KARDS Open VI,bf:5fa3973bf8fc171ea9f68255,辉辉呀,1425.9,113.2,5,3.73,2021-02-06
2021-05-30,KARDS Open VI,bf:5fa3da8e11743771ade92018,Spooz,1700.5,72.5,26,20.35,2021-02-27
2021-05-30,KARDS Open VI,bf:5fa3e36b6b9c704abc3f92a0,bruki,1505.9,127.0,2,1.41,2020-11-28
2021-05-30,KARDS Open VI,bf:5fa4097911743771ade92145,David Lynch,1474.0,132.8,1,0.71,2020-11-28
2021-05-30,KARDS Open VI,bf:5fa467df4eb3c2458669c29a,Berto Burrito,1790.3,79.1,20,17.14,2021-04-10
2021-05-30,KARDS Open VI,bf:5fa530563f52763256b7593d,Civlj,1507.9,126.4,2,1.41,2020-11-28
2021-05-30,KARDS Open VI,bf:5fa5397c241d875936d2c2f2,Vadim,1564.3,67.7,27,22.77,2021-05-29
2021-05-30,KARDS Open VI,bf:5fa57306cc28b3594394b946,Liszt,1539.1,114.5,5,3.63,2021-02-06
2021-05-30,KARDS Open VI,bf:5fa5ede611743771ade94108,comtruise,1780.7,65.9,32,28.32,2021-05-30
2021-05-30,KARDS Open VI,bf:5fa62937c3c163598ec80783,CCMS-031,1564.1,107.5,6,4.84,2021-02-07
2021-05-30,KARDS Open VI,bf:5fafaf199a9e750ea663a8e3,发牌员没马,1505.6,127.0,2,1.41,2020-11-28
2021-05-30,KARDS Open VI,bf:5fafe4c9eb92fe0475436826,TheMiltonBradley,1524.5,99.6,9,6.36,2020-11-29
2021-05-30,KARDS Open VI,bf:5fafe7dfe7d89a60d43336cc,Primal,1439.2,127.1,2,1.41,2020-11-28
2021-05-30,KARDS Open VI,bf:5fafeec6e7d89a60d4333722,wodandos,1458.7,121.4,3,2.12,2020-11-28
2021-05-30,KARDS Open VI,bf:5faff24f698db1048d26b032,Stenli72,1476.3,105.8,7,4.95,2020-11-29
2021-05-30,KARDS Open VI,bf:5faffa8a502b9e587d1b7c3e,"Alexandre ""Mainovski"" Mainaud",1396.0,94.1,10,8.81,2021-05-29
2021-05-30,KARDS Open VI,bf:5faffbe71632970e916b602a,xceroks,1450.0,132.6,1,0.71,2020-11-28
2021-05-30,KARDS Open VI,bf:5fb026c1502b9e587d1b838d,Anklestina,1495.8,116.6,4,2.83,2020-11-28
2021-05-30,KARDS Open VI,bf:5fb02943698db1048d26b9cd,Bison,1521.6,97.0,10,7.45,2021-04-03
2021-05-30,KARDS Open VI,bf:5fb02c08698db1048d26ba0d,VReznov2137,1475.5,132.8,1,0.71,2020-11-28
2021-05-30,KARDS Open VI,bf:5fb032ea502b9e587d1b85eb,Secret Deadbeat,1587.2,122.5,3,2.12,2020-11-28
2021-05-30,KARDS Open VI,bf:5fb035bf502b9e587d1b8643,Annki,1436.0,113.6,5,3.73,2021-02-06
2021-05-30,KARDS Open VI,bf:5fb038eb1632970e916b6f46,DerNem,1572.0,103.0,6,5.99,2021-05-29
2021-05-30,KARDS Open VI,bf:5fb051789a9e750ea663bb88,Khal Drogo,1486.9,122.0,3,2.12,2020-11-28
2021-05-30,KARDS Open VI,bf:5fb0acb4eb92fe047543807d,MagiC,1504.3,114.8,4,3.23,2021-02-06
2021-05-30,KARDS Open VI,bf:5fb0b189f07fad440734d338,IWS2000,1428.7,100.8,9,6.36,2020-11-29
2021-05-30,KARDS Open VI,bf:5fb0d42e9a9e750ea663c3fc,[V_M]_MorS_{B},1607.7,103.9,8,5.66,2020-11-29
2021-05-30,KARDS Open VI,bf:5fb0e0020c8f110e8a8bf3f2,Krieger,1462.5,132.3,1,0.71,2020-11-28
2021-05-30,KARDS Open VI,bf:5fb0ee1e698db1048d26c5af,Eirik II,1406.2,103.3,8,5.66,2020-11-29
2021-05-30,KARDS Open VI,bf:5fb0eee19a9e750ea663c435,player1,1511.0,102.9,8,5.66,2020-11-29
2021-05-30,KARDS Open VI,bf:5fb0f0121632970e916b7856,panzer_398,1411.2,113.2,5,3.53,2020-11-29
2021-05-30,KARDS Open VI,bf:5fb110bd698db1048d26c5f6,Aksara,1544.4,109.7,6,4.24,2020-11-29
2021-05-30,KARDS Open VI,bf:5fb1143e502b9e587d1b94dc,KillerQueenS,1443.5,127.8,2,1.41,2020-11-28
2021-05-30,KARDS Open VI,bf:5fb1184c0c8f110e8a8bf660,only_,1527.7,118.2,4,2.83,2020-11-28
2021-05-30,KARDS Open VI,bf:5fb1316c502b9e587d1b95e6,Bartkopolus123,1457.1,132.2,1,0.71,2020-11-28
2021-05-30,KARDS Open VI,bf:5fb18ed99a9e750ea663cd33,Vitzekk,1549.6,113.3,5,3.53,2020-11-29
2021-05-30,KARDS Open VI,bf:5fb1a2cb5caa4f5e4bc80d56,SpaceCowboy,1455.8,128.3,2,1.41,2020-11-28
2021-05-30,KARDS Open VI,bf:5fb1bf581632970e916b85be,nolans34,1574.5,100.6,9,6.36,2020-11-29
2021-05-30,KARDS Open VI,bf:5fb1cbe45caa4f5e4bc81377,Beefy 109,1552.4,127.4,2,1.41,2020-11-28
2021-05-30,KARDS Open VI,bf:5fb1cc6ee0bfea60c76a1385,Tenstrovski,1512.1,109.1,6,4.24,2020-11-29
2021-05-30,KARDS Open VI,bf:5fb1db8c5caa4f5e4bc8168d,Poochies,1508.3,116.8,4,2.83,2020-11-28
2021-05-30,KARDS Open VI,bf:5fb1f464698db1048d26d582,Morsimos,1613.3,104.1,8,5.66,2020-11-29
2021-05-30,KARDS Open VI,bf:5fb249e5f07fad440734e5ea,SirFragir,1483.7,102.9,8,5.66,2020-11-29
2021-05-30,KARDS Open VI,bf:5fb27723698db1048d26d94d,StabKingPro,1588.9,101.1,9,6.36,2020-11-29
2021-05-30,KARDS Open VI,bf:5fb2c8f11632970e916b926c,Drake/Fabi,1502.3,106.7,7,4.95,2020-11-29
2021-05-30,KARDS Open VI,bf:5fb3184d9a9e750ea663e423,killswitch,1477.3,104.4,8,5.66,2020-11-29
2021-05-30,KARDS Open VI,bf:5fb3203b1632970e916b97b7,chr1st0ph3r,1474.9,121.5,3,2.12,2020-11-28
2021-05-30,KARDS Open VI,bf:5fb3df78f07fad440734f6f7,slameo,1425.0,106.5,7,4.95,2020-11-29
2021-05-30,KARDS Open VI,bf:5fb3e6ddf07fad440734f71f,tr4cker,1444.3,127.2,2,1.41,2020-11-28
2021-05-30,KARDS Open VI,bf:5fb3f43ee0bfea60c76a2a56,General E. Drunk,1623.0,104.7,8,5.66,2020-11-29
2021-05-30,KARDS Open VI,bf:5fb3f8b3e7d89a60d4337959,Kn1ghT,1457.4,121.4,3,2.12,2020-11-28
2021-05-30,KARDS Open VI,bf:5fb42443a2fd346547530b2e,RED SUN,1541.0,122.8,3,2.12,2020-11-28
2021-05-30,KARDS Open VI,bf:5fb43070a2fd346547530c21,[14e]tuveuxdugateaux,1478.2,100.3,9,6.36,2020-11-29
2021-05-30,KARDS Open VI,bf:5fb4442a9a9e750ea663ee54,Scythe,1469.6,113.7,5,3.53,2020-11-28
2021-05-30,KARDS Open VI,bf:5fb4d729f07fad44073509e4,Victrix,1487.4,120.1,4,2.83,2020-11-28
2021-05-30,KARDS Open VI,bf:5fb666119a9e750ea664030b,Setteduetto,1539.7,103.0,8,5.66,2020-11-29
2021-05-30,KARDS Open VI,bf:5fb6a5d3e7d89a60d4339244,kingsharaman,1468.6,132.5,1,0.71,2020-11-28
2021-05-30,KARDS Open VI,bf:5fb6da26eb92fe047543c823,rostigerloeffel,1571.2,85.6,15,11.75,2021-04-04
2021-05-30,KARDS Open VI,bf:5fb719fde0bfea60c76a4f50,rayko,1352.6,104.8,8,5.66,2020-11-29
2021-05-30,KARDS Open VI,bf:5fb73781698db1048d271114,Lazer Wolf,1403.7,121.6,3,2.12,2020-11-28
2021-05-30,KARDS Open VI,bf:5fb7473c502b9e587d1becbe,ILoveMooncake,1672.3,97.7,9,7.29,2021-02-13
2021-05-30,KARDS Open VI,bf:5fb8387c1faa4843f941ba10,Álmos,1538.5,121.8,3,2.12,2020-11-28
2021-05-30,KARDS Open VI,bf:5fb97cee0c24381d904b5447,bengui,1532.0,121.4,3,2.12,2020-11-28
2021-05-30,KARDS Open VI,bf:5fb98c8e19c8f219d78717ac,DrQuencher,1434.8,126.6,2,1.41,2020-11-28
2021-05-30,KARDS Open VI,bf:5fba777719c8f219d787247b,roberto7208,1465.4,100.4,9,6.36,2020-11-29
2021-05-30,KARDS Open VI,bf:5fbb03850f21e57963850470,Pie4155,1424.9,106.5,7,4.95,2020-11-29
2021-05-30,KARDS Open VI,bf:5fbc0c3e2dc8793ada84fdb3,Mark2020,1439.5,107.2,7,4.95,2020-11-29
2021-05-30,KARDS Open VI,bf:5fbc3b8e0f21e5796385112f,spambox9,1505.2,107.3,7,4.95,2020-11-29
2021-05-30,KARDS Open VI,bf:5fbc4040adfefd64e8c8fd73,Diogenesis,1596.2,88.8,13,10.19,2021-02-27
2021-05-30,KARDS Open VI,bf:5fbc5711a2fd34654753a8c0,Magister Erik,1606.6,103.4,8,5.66,2020-11-29
2021-05-30,KARDS Open VI,bf:5fbc79591632970e916c3fe5,Breich,1474.3,112.8,5,3.53,2020-11-28
2021-05-30,KARDS Open VI,bf:5fbd548d698db1048d27a866,Citrons,1542.4,102.9,8,5.66,2020-11-29
2021-05-30,KARDS Open VI,bf:5fbd71c2e7d89a60d43410ca,lean87ki,1542.0,85.2,16,12.02,2021-02-07
2021-05-30,KARDS Open VI,bf:5fbdb89d26ea883a51583400,Kongo,1553.4,112.9,5,3.53,2020-11-28
2021-05-30,KARDS Open VI,bf:5fbe830b26ea883a515839f5,炮灰no1,1447.7,117.8,4,2.83,2020-11-28
2021-05-30,KARDS Open VI,bf:5fbe834ea2fd34654753c095,Hans Friderich R,1500.3,126.2,2,1.41,2020-11-28
2021-05-30,KARDS Open VI,bf:5fbe83792dc8793ada85198d,pilotttt(Илья),1429.9,126.5,2,1.41,2020-11-28
2021-05-30,KARDS Open VI,bf:5fbe84641632970e916c5996,unclefox,1638.0,102.1,9,6.36,2020-11-29
2021-05-30,KARDS Open VI,bf:5fbe848ca2fd34654753c09a,Future,1469.3,121.7,3,2.12,2020-11-28
2021-05-30,KARDS Open VI,bf:5fbe860ca2fd34654753c09d,正宗重庆老友粉,1443.2,126.9,2,1.41,2020-11-28
2021-05-30,KARDS Open VI,bf:5fbe862ca447ab4bb37e0f77,meistermiagi,1433.1,126.7,2,1.41,2020-11-28
2021-05-30,KARDS Open VI,bf:5fbe86401632970e916c599c,JamesBoned,1528.5,113.1,5,3.53,2020-11-28
2021-05-30,KARDS Open VI,bf:5fbe873b4d01f9313d135045,KrisKrinkel,1449.2,127.7,2,1.41,2020-11-28
2021-05-30,KARDS Open VI,bf:5fbe87ea5d320863b86f031b,Hydrogen,1545.1,104.0,8,5.66,2020-11-29
2021-05-30,KARDS Open VI,bf:5fbe89294d01f9313d135068,MrMolotoff,1511.8,102.8,8,5.66,2020-11-29
2021-05-30,KARDS Open VI,bf:5fbe89b5043fd20cdf90cccf,tonywan,1377.4,117.5,4,2.83,2020-11-28
2021-05-30,KARDS Open VI,bf:5fbe8ae05d320863b86f032c,Anto,1449.6,117.4,4,2.83,2020-11-28
2021-05-30,KARDS Open VI,bf:5fbe8afb698db1048d27b396,SkittleSabot,1529.3,132.7,1,0.71,2020-11-28
2021-05-30,KARDS Open VI,bf:5fbe8b8ea447ab4bb37e0fc8,päpä,1445.9,101.2,9,6.36,2020-11-29
2021-05-30,KARDS Open VI,bf:5fbe8c402dc8793ada8519d5,Der_Admiral,1539.5,112.9,5,3.53,2020-11-28
2021-05-30,KARDS Open VI,bf:5fbe906ba2fd34654753c0fc,captain.pothead,1488.4,121.9,3,2.12,2020-11-28
2021-05-30,KARDS Open VI,bf:5fbe91ca26ea883a51583aa4,yra111,1476.4,122.4,3,2.12,2020-11-28
2021-05-30,KARDS Open VI,bf:5fbe9602698db1048d27b3e0,Rumfart,1442.4,126.8,2,1.41,2020-11-28
2021-05-30,KARDS Open VI,bf:5fbe96be698db1048d27b3e4,Youmu_chan,1487.2,113.5,5,3.53,2020-11-28
2021-05-30,KARDS Open VI,bf:5fbe970e26ea883a51583ac1,UnbearableMe,1462.4,132.2,1,0.71,2020-11-28
2021-05-30,KARDS Open VI,bf:5fbe971d0f21e57963852d08,牛头人杀手,1501.9,126.9,2,1.41,2020-11-28
2021-05-30,KARDS Open VI,bf:5fbe9b450f21e57963852d1e,garygo,1515.9,102.9,8,5.66,2020-11-29
2021-05-30,KARDS Open VI,bf:5fbeac15a447ab4bb37e116f,ThuggerJuice,1537.3,100.1,9,6.36,2020-11-29
2021-05-30,KARDS Open VI,bf:5fbeb056698db1048d27b5bd,Stuie,1474.2,85.9,14,11.54,2021-05-29
2021-05-30,KARDS Open VI,bf:5fbeb20eb0ef7749130e452c,Dawn,1543.2,102.8,8,5.66,2020-11-29
2021-05-30,KARDS Open VI,bf:5fbeb7541632970e916c5c93,finny,1485.4,101.0,9,6.36,2020-11-29
2021-05-30,KARDS Open VI,bf:5fbebdee043fd20cdf90cfaf,GM_Logan,1612.6,68.8,26,22.45,2021-05-30
2021-05-30,KARDS Open VI,bf:5fbed15626ea883a51583d3f,Empyreal,1432.2,126.3,2,1.41,2020-11-28
2021-05-30,KARDS Open VI,bf:5fbedfbc0f21e57963853121,Raswar47,1432.2,126.8,2,1.41,2020-11-28
2021-05-30,KARDS Open VI,bf:5fbef0144d01f9313d135b11,Geezer,1603.6,100.7,9,6.36,2020-11-29
2021-05-30,KARDS Open VI,bf:5fbef0d92dc8793ada8527a5,嘤嘤嘤,1433.4,126.6,2,1.41,2020-11-28
2021-05-30,KARDS Open VI,bf:5fbef3ecb0ef7749130e49bc,MaskedMarvel,1495.5,126.6,2,1.41,2020-11-28
2021-05-30,KARDS Open VI,bf:5fbf17032dc8793ada852978,UltramanT80,1431.1,126.9,2,1.41,2020-11-28
2021-05-30,KARDS Open VI,bf:5fbf174c5d320863b86f0efc,如临深渊,1504.9,126.5,2,1.41,2020-11-28
2021-05-30,KARDS Open VI,bf:5fbf1ad71632970e916c627a,TowerNumberNine,1442.8,127.0,2,1.41,2020-11-28
2021-05-30,KARDS Open VI,bf:5fbf28984d01f9313d135d0f,Ayako,1464.7,132.4,1,0.71,2020-11-28
2021-05-30,KARDS Open VI,bf:5fbf30a2a447ab4bb37e1b38,1330775381,1453.4,128.5,2,1.41,2020-11-28
2021-05-30,KARDS Open VI,bf:5fbf32921632970e916c6301,Paddy,1434.7,126.9,2,1.41,2020-11-28
2021-05-30,KARDS Open VI,bf:5fbf3849043fd20cdf90d500,Dirty Jon,1479.2,105.5,7,4.95,2020-11-29
2021-05-30,KARDS Open VI,bf:5fbf3d90adfefd64e8c91af1,tortunbator,1470.0,122.1,3,2.12,2020-11-28
2021-05-30,KARDS Open VI,bf:5fbf4b25698db1048d27bdc9,白皮猪杀手,1431.6,126.7,2,1.41,2020-11-28
2021-05-30,KARDS Open VI,bf:5fbf4fe05d320863b86f0fb6,Kimssa,1586.9,84.3,15,11.94,2021-04-04
2021-05-30,KARDS Open VI,bf:5fbf516e2dc8793ada852a4c,VitalkaFS,1508.9,117.0,4,2.83,2020-11-28
2021-05-30,KARDS Open VI,bf:5fbf5273adfefd64e8c91b99,crazymonkey,1540.0,114.0,5,3.53,2020-11-28
2021-05-30,KARDS Open VI,bf:5fbf62605d320863b86f0ff1,梁家河扛麦郎,1499.3,126.3,2,1.41,2020-11-28
2021-05-30,KARDS Open VI,bf:5fbf6ade2dc8793ada852a75,Maty,1512.0,91.6,12,9.25,2021-04-03
2021-05-30,KARDS Open VI,bf:5fbf6f3f26ea883a515841f0,Wuhu_Airline,1443.0,127.4,2,1.41,2020-11-28
2021-05-30,KARDS Open VI,bf:5fbf7a86b0ef7749130e4dec,ID由于太昭和无法显示,1467.6,121.6,3,2.12,2020-11-28
2021-05-30,KARDS Open VI,bf:5fbf81d4698db1048d27bf78,Andrewkaiyan,1525.0,100.1,9,6.36,2020-11-29
2021-05-30,KARDS Open VI,bf:5fbf8670698db1048d27bfda,zadkiel0508,1499.9,126.7,2,1.41,2020-11-28
2021-05-30,KARDS Open VI,bf:5fbf86bf2dc8793ada852abe,Kiertscher,1516.6,103.1,8,5.66,2020-11-29
2021-05-30,KARDS Open VI,bf:5fbf8fc55d320863b86f1086,共和国荣光,1476.2,122.0,3,2.12,2020-11-28
2021-05-30,KARDS Open VI,bf:5fbf97cfb0ef7749130e4e94,AndyNing,1475.3,122.6,3,2.12,2020-11-28
2021-05-30,KARDS Open VI,bf:5fbf9fa55d320863b86f10d6,watchmen,1610.4,112.4,5,3.53,2020-11-28
2021-05-30,KARDS Open VI,bf:5fbfa1ec5d320863b86f10df,s8130662,1707.6,101.4,9,6.36,2020-11-29
2021-05-30,KARDS Open VI,bf:5fbfa6575d320863b86f10ec,think,1442.2,127.3,2,1.41,2020-11-28
2021-05-30,KARDS Open VI,bf:5fbfa75c0f21e57963853e73,2057458491@qq.com,1593.6,113.1,5,3.53,2020-11-28
2021-05-30,KARDS Open VI,bf:5fbfa9f0a2fd34654753c891,Wizard,1556.9,99.9,9,6.36,2020-11-29
2021-05-30,KARDS Open VI,bf:5fbfaa4726ea883a5158435d,UnhappyRefrain,1462.5,121.6,3,2.12,2020-11-28
2021-05-30,KARDS Open VI,bf:5fbfaa5d698db1048d27c161,Feiron,1473.2,132.9,1,0.71,2020-11-28
2021-05-30,KARDS Open VI,bf:5fbfafde1632970e916c652e,Non-motorized,1512.2,102.7,8,5.66,2020-11-29
2021-05-30,KARDS Open VI,bf:5fbfb1ca2dc8793ada852b72,Satomi_ren,1604.3,106.2,7,4.95,2020-11-29
2021-05-30,KARDS Open VI,bf:5fbfb4c7043fd20cdf90d6e1,唐努图什么,1501.1,126.8,2,1.41,2020-11-28
2021-05-30,KARDS Open VI,bf:5fbfb60f1632970e916c6544,rayson366458,1448.6,127.7,2,1.41,2020-11-28
2021-05-30,KARDS Open VI,bf:5fbfb8692dc8793ada852b8d,为啥起的名字都无效,1511.6,127.9,2,1.41,2020-11-28
2021-05-30,KARDS Open VI,bf:5fbfb8f1043fd20cdf90d702,James Patterson,1439.3,117.1,4,2.83,2020-11-28
2021-05-30,KARDS Open VI,bf:5fbfba184d01f9313d135f37,Simple One,1468.1,132.5,1,0.71,2020-11-28
2021-05-30,KARDS Open VI,bf:5fbfbd51b0ef7749130e4f38,MC_Shiro,1587.0,93.2,12,9.18,2021-02-07
2021-05-30,KARDS Open VI,bf:5fbfc2c9043fd20cdf90d720,bushirenchou,1546.8,113.1,5,3.53,2020-11-28
2021-05-30,KARDS Open VI,bf:5fbfc6e15d320863b86f1193,李鸿章,1544.5,100.7,9,6.36,2020-11-29
2021-05-30,KARDS Open VI,bf:5fbfd4581632970e916c6699,Claris,1477.6,121.9,3,2.12,2020-11-28
2021-05-30,KARDS Open VI,bf:5fbffbaa2dc8793ada85319e,MeRRoR,1464.8,103.4,8,5.66,2020-11-29
2021-05-30,KARDS Open VI,bf:5fc003a1b0ef7749130e5216,Zuasfadas,1545.6,118.1,4,2.83,2020-11-28
2021-05-30,KARDS Open VI,bf:5fc0046a698db1048d27c912,ChariotBlitz,1525.2,113.2,5,3.53,2020-11-28
2021-05-30,KARDS Open VI,bf:5fc0060d698db1048d27c939,machue,1458.5,121.2,3,2.12,2020-11-28
2021-05-30,KARDS Open VI,bf:5fc017df26ea883a515847d5,Nikica,1535.6,99.6,9,6.36,2020-11-29
2021-05-30,KARDS Open VI,bf:5fc0244ca2fd34654753d0cb,Bjelke666,1365.8,98.7,10,7.67,2021-02-07
2021-05-30,KARDS Open VI,bf:5fc048141632970e916c6beb,Jannik,1496.0,126.6,2,1.41,2020-11-28
2021-05-30,KARDS Open VI,bf:5fc062ca3a712911d5860aac,Chimpu,1436.2,126.9,2,1.41,2020-11-28
2021-05-30,KARDS Open VI,bf:5fc06376a447ab4bb37e29a7,西域战神阿凡提,1464.3,132.4,1,0.71,2020-11-28
2021-05-30,KARDS Open VI,bf:5fc07486698db1048d27ccd5,hj123c,1433.5,126.8,2,1.41,2020-11-28
2021-05-30,KARDS Open VI,bf:5fc0ff84971c1811b1c02525,lapotNIK,1476.4,122.5,3,2.12,2020-11-28
2021-05-30,KARDS Open VI,bf:5fc13108a447ab4bb37e2e33,Az4zel,1472.2,111.3,6,4.24,2020-11-29
2021-05-30,KARDS Open VI,bf:5fc133575ca52f15c00549a9,Legio_Victrix,1598.3,100.4,9,6.36,2020-11-29
2021-05-30,KARDS Open VI,bf:5fc13c125d320863b86f1d60,聖訷殺,1429.8,127.2,2,1.41,2020-11-28
2021-05-30,KARDS Open VI,bf:5fc13c6e4a99f533280c7373,Vavilon6,1684.0,65.7,33,26.67,2021-04-10
2021-05-30,KARDS Open VI,bf:5fc1647ca447ab4bb37e3019,Lampround,1441.2,126.8,2,1.41,2020-11-28
2021-05-30,KARDS Open VI,bf:5fc1741a4a3afe55318cf945,Waldemaras,1496.3,126.6,2,1.41,2020-11-28
2021-05-30,KARDS Open VI,bf:5fc1760a2dc8793ada853e83,Thetankman3,1633.7,110.4,6,4.24,2020-11-29
2021-05-30,KARDS Open VI,bf:5fc1c2f14a3afe55318cfd98,RudyFlyer,1462.1,132.2,1,0.71,2020-11-28
2021-05-30,KARDS Open VI,bf:5fc1dd90043fd20cdf90e83e,BADmuji,1460.6,95.7,11,8.08,2021-02-06
2021-05-30,KARDS Open VI,bf:5fc1dd9b2dc8793ada8544a3,GeneralMaximus_5,1442.2,117.1,4,2.83,2020-11-28
2021-05-30,KARDS Open VI,bf:5fc1f746a2fd34654753e1ae,GearWolf1991,1461.5,102.8,8,5.66,2020-11-29
2021-05-30,KARDS Open VI,bf:5fc2123f8ae4c5551e8b0129,Agent007,1479.9,113.2,5,3.53,2020-11-28
2021-05-30,KARDS Open VI,bf:5fc21ebcb0ef7749130e6b81,Agumonster,1445.9,127.3,2,1.41,2020-11-28
2021-05-30,KARDS Open VI,bf:5fc241c1f1aa2511d7251933,Reaper,1414.2,122.1,3,2.12,2020-11-28
2021-05-30,KARDS Open VI,bf:5fc24f00971c1811b1c037b0,Wladca,1437.5,126.9,2,1.41,2020-11-28
2021-05-30,KARDS Open VI,bf:5fc26afe6052f211a7127a71,yahya94,1469.4,112.8,5,3.53,2020-11-29
2021-05-30,KARDS Open VI,bf:5fc2cfeb2350e111ca3e4a6e,Lan,1366.7,91.1,13,10.63,2021-02-21
2021-05-30,KARDS Open VI,bf:5fd0f538f2b2ef0cb211c66d,winman82,1483.5,114.4,4,3.23,2021-02-06
2021-05-30,KARDS Open VI,bf:6018722f6b7a4c1c7ef01779,"Котейка ПочтаЛион ""Каратель""",1456.5,110.9,5,4.04,2021-02-07
2021-05-30,KARDS Open VI,bf:601995acbe9b881d09177a3a,Berserker,1403.1,121.8,3,2.42,2021-02-07
2021-05-30,KARDS Open VI,bf:6019ce668e21aa1d188c190d,DJSF,1456.2,107.6,6,4.98,2021-02-21
2021-05-30,KARDS Open VI,bf:601a74d5f4761b1d98293c14,gardr,1395.8,108.8,6,4.91,2021-02-20
2021-05-30,KARDS Open VI,bf:601ad0d4bccfe11bd7952790,Bubblebox,1561.5,89.9,12,9.82,2021-02-21
2021-05-30,KARDS Open VI,bf:601ae997fb69622ad6617823,Lord Zarax,1452.5,107.5,6,4.98,2021-02-21
2021-05-30,KARDS Open VI,bf:601aface2eb6151da1f9651f,Amarok,1454.4,120.0,3,2.42,2021-02-06
2021-05-30,KARDS Open VI,bf:601afc674443111ba564023d,RTylerW,1446.7,117.3,4,3.23,2021-02-06
2021-05-30,KARDS Open VI,bf:601b5b897d76ec1b99358c6f,IMStarker,1440.6,112.4,5,4.1,2021-02-20
2021-05-30,KARDS Open VI,bf:601c0e79b125d31d258fd278,Ish,1473.6,112.0,5,4.04,2021-02-07
2021-05-30,KARDS Open VI,bf:601c4a12e848ea2ae5565fa7,UappaSguappa,1530.7,119.6,3,2.42,2021-02-06
2021-05-30,KARDS Open VI,bf:601c52cb2eb6151da1f96ccf,Asarnil,1502.7,126.2,2,1.61,2021-02-06
2021-05-30,KARDS Open VI,bf:601c5640242f461d92104636,Flironic,1460.9,131.4,1,0.81,2021-02-06
2021-05-30,KARDS Open VI,bf:601c5831f4761b1d98294688,gillis,1461.7,131.5,1,0.81,2021-02-06
2021-05-30,KARDS Open VI,bf:601c5d21bccfe11bd79533ba,NikitoSNaz,1475.4,111.6,5,4.04,2021-02-07
2021-05-30,KARDS Open VI,bf:601c602c8989bb1d0ffd2d60,Boom Stand,1454.8,107.4,6,4.84,2021-02-07
2021-05-30,KARDS Open VI,bf:601c66707d76ec1b99359336,Uncle_Gags,1449.4,127.8,2,1.61,2021-02-06
2021-05-30,KARDS Open VI,bf:601c6d39ce01411daff6ce45,Ludo,1519.3,105.8,7,5.65,2021-02-07
2021-05-30,KARDS Open VI,bf:601c71455470fa2af29f5034,Sebastianhenry,1425.7,107.2,6,4.84,2021-02-07
2021-05-30,KARDS Open VI,bf:601c7bb24443111ba5640e9a,sleppy,1389.2,107.5,6,4.85,2021-02-07
2021-05-30,KARDS Open VI,bf:601c9026bf58cf5f54a82622,adriano.rln2,1484.0,106.2,6,4.85,2021-02-07
2021-05-30,KARDS Open VI,bf:601c914f7d548611be769699,Chippendale,1543.7,120.7,3,2.42,2021-02-06
2021-05-30,KARDS Open VI,bf:601c994b3b155711d4677d1b,Thunderhide Alpha,1447.4,107.7,6,4.85,2021-02-07
2021-05-30,KARDS Open VI,bf:601c9b3d2a229411c4dec493,JackaL,1476.2,119.4,3,2.42,2021-02-06
2021-05-30,KARDS Open VI,bf:601c9f9ef8251e1bb7eb0fb5,PainmakeR,1378.5,76.4,21,18.4,2021-05-29
2021-05-30,KARDS Open VI,bf:601cafe1bb724711bbdc0e41,diablojoker,1604.8,100.4,8,6.47,2021-02-13
2021-05-30,KARDS Open VI,bf:601cb9e68f8ab5604536225b,xialang,1572.4,94.9,10,8.24,2021-02-27
2021-05-30,KARDS Open VI,bf:601ccaa7df90f911ab030712,Smoky,1494.2,102.6,7,5.74,2021-04-03
2021-05-30,KARDS Open VI,bf:601ccba636ceeb11b32b80ff,清水晴政,1514.6,117.5,4,3.23,2021-02-06
2021-05-30,KARDS Open VI,bf:601cf711ce01411daff6d2c9,The Ice Baron,1518.9,115.3,4,3.23,2021-02-06
2021-05-30,KARDS Open VI,bf:601d189a36ceeb11b32b81e2,MR.p,1601.4,91.7,10,9.59,2021-05-30
2021-05-30,KARDS Open VI,bf:601d204cab29fd2adcd79a2d,Juliuspluvius,1497.4,100.3,7,6.79,2021-05-29
2021-05-30,KARDS Open VI,bf:601d2fa3242f461d92104ad0,tief-pass,1489.7,112.0,5,4.04,2021-02-07
2021-05-30,KARDS Open VI,bf:601d334704309b1b93074798,Jashin,1407.6,95.0,10,8.57,2021-04-03
2021-05-30,KARDS Open VI,bf:601d4daaa3a63111ba7f6ad7,0331,1512.6,112.0,5,4.04,2021-02-07
2021-05-30,KARDS Open VI,bf:601d68eabf58cf5f54a82fbf,LeeandGarros,1466.4,118.2,4,3.23,2021-02-06
2021-05-30,KARDS Open VI,bf:601d6a1959fc1e11b57d5700,binhpac,1491.0,120.1,3,2.42,2021-02-06
2021-05-30,KARDS Open VI,bf:601d6e10dca2311bb626f1d2,giannikas,1478.7,119.6,3,2.69,2021-04-03
2021-05-30,KARDS Open VI,bf:601d724003f1bc1bc847aa4d,WarCrow,1485.4,106.9,6,4.84,2021-02-07
2021-05-30,KARDS Open VI,bf:601d72b8945ba61bbd9b6b3e,JamesJimRaynor,1705.4,95.1,10,8.1,2021-02-13
2021-05-30,KARDS Open VI,bf:601d8327ce01411daff6dde0,zvezda,1578.4,104.2,7,5.65,2021-02-07
2021-05-30,KARDS Open VI,bf:601d841d36ceeb11b32b8857,Чайный Игрок,1433.6,126.1,2,1.61,2021-02-06
2021-05-30,KARDS Open VI,bf:601d8d265470fa2af29f55e8,Bronzeguy,1495.7,115.2,4,3.23,2021-02-06
2021-05-30,KARDS Open VI,bf:601dacd85156047698264137,pelota,1610.0,103.9,7,5.66,2021-02-13
2021-05-30,KARDS Open VI,bf:601dd93585cc4e75ecefaa9c,X_predator,1487.4,120.6,3,2.42,2021-02-06
2021-05-30,KARDS Open VI,bf:601ddad214499975b676d714,Autisticles,1478.0,115.9,4,3.23,2021-02-06
2021-05-30,KARDS Open VI,bf:601dff5114499975b676d7fb,Vladimir_the_Great,1435.7,107.7,6,4.84,2021-02-07
2021-05-30,KARDS Open VI,bf:601e170e8b295778d1474505,TriggerMcHappy,1485.2,125.9,2,1.61,2021-02-06
2021-05-30,KARDS Open VI,bf:601e1a04b66ee1767c0f19bf,metaman0,1509.7,108.5,6,4.84,2021-02-07
2021-05-30,KARDS Open VI,bf:601e4222507c147700ac949d,Bishamon,1414.2,80.2,18,15.28,2021-04-04
2021-05-30,KARDS Open VI,bf:601e45ae6c6f1475e154a175,cws1968,1476.0,111.0,5,4.04,2021-02-07
2021-05-30,KARDS Open VI,bf:601e5d325156047698264588,idslksyllbls,1558.7,103.4,7,5.65,2021-02-07
2021-05-30,KARDS Open VI,bf:601e60c914499975b676db49,Agasfer88,1494.6,107.3,6,4.84,2021-02-07
2021-05-30,KARDS Open VI,bf:601e734995780078daf3e9cf,Budark,1506.4,124.7,2,1.61,2021-02-06
2021-05-30,KARDS Open VI,bf:601e77957e074a75c3e36c24,Drazer,1510.6,114.5,4,3.23,2021-02-07
2021-05-30,KARDS Open VI,bf:601e7dd895780078daf3ed80,VadimPoltava,1442.1,115.4,4,3.23,2021-02-06
2021-05-30,KARDS Open VI,bf:601e7e5af38de8768ef0dbdf,Funnies,1478.9,133.1,1,0.81,2021-02-06
2021-05-30,KARDS Open VI,bf:601e92a7e5c01375db7f5de8,stevenj21,1445.1,93.7,11,9.01,2021-02-21
2021-05-30,KARDS Open VI,bf:601e9b8beae820768baef5db,Csasz74,1346.0,110.1,6,5.02,2021-04-03
2021-05-30,KARDS Open VI,bf:601e9c49e5c01375db7f5e53,Heliks,1560.7,108.0,6,4.85,2021-02-07
2021-05-30,KARDS Open VI,bf:601e9d308392ff75fb351ffc,Хлебный Игрок,1466.8,131.8,1,0.81,2021-02-06
2021-05-30,KARDS Open VI,bf:601ea179eae820768baef620,notturno68,1415.3,125.3,2,1.61,2021-02-06
2021-05-30,KARDS Open VI,bf:601ea84d2cdc35768253b653,pablonsky,1453.1,127.6,2,1.61,2021-02-06
2021-05-30,KARDS Open VI,bf:602bf7e108d6c576f70885be,ACE YUR FACE,1520.2,106.7,6,4.98,2021-02-21
2021-05-30,KARDS Open VI,bf:602c0e5389472a782b9cbc26,Shockwave750,1580.7,105.4,6,4.99,2021-02-27
2021-05-30,KARDS Open VI,bf:602c2018507c147700acf905,Bomber_Harris,1443.5,107.5,6,4.98,2021-02-21
2021-05-30,KARDS Open VI,bf:602c22cdabb67b53bb4c4954,Haruna Izumi,1426.3,111.4,5,4.15,2021-02-21
2021-05-30,KARDS Open VI,bf:602d35b5e953470c8c2eb398,skippu_white,1436.0,111.7,5,4.15,2021-02-21
2021-05-30,KARDS Open VI,bf:602d5acba74cc17c31b7d9af,Nyarlathotep,1529.7,78.5,17,15.46,2021-05-29
2021-05-30,KARDS Open VI,bf:602efa92d7a4147c1146d997,Dynamo D,1584.4,99.2,8,6.66,2021-02-27
2021-05-30,KARDS Open VI,bf:602f98dc95b59911a33166f5,Craylight,1393.5,109.8,5,4.15,2021-02-21
2021-05-30,KARDS Open VI,bf:6030551a73965f35ae461762,log1c,1583.0,88.3,13,11.27,2021-04-10
2021-05-30,KARDS Open VI,bf:6030a2af3222cb45216b822e,DarkwingedTrumpeter,1385.6,119.6,3,2.49,2021-02-20
2021-05-30,KARDS Open VI,bf:6039135967b58f1e04196610,CEO of Racism,1514.7,104.8,6,5.39,2021-04-04
2021-05-30,KARDS Open VI,bf:604e70169811de4a8929cc66,chrasi,1503.0,109.4,5,4.49,2021-04-04
2021-05-30,KARDS Open VI,bf:60509713496ba24d0604cc08,TreePipit,1528.9,104.4,6,5.39,2021-04-04
2021-05-30,KARDS Open VI,bf:6050d9c1d164f74b8e7830c0,AnTeallach,1513.6,113.6,4,3.59,2021-04-03
2021-05-30,KARDS Open VI,bf:6050dd83d164f74b8e7830f8,VyC,1531.8,105.7,6,5.39,2021-04-04
2021-05-30,KARDS Open VI,bf:6051fe41cbd09156d261e80c,Io de Scylla,1509.9,104.2,6,5.39,2021-04-04
2021-05-30,KARDS Open VI,bf:60520c7e3ae2c317e32bd629,Grenadier Gomby,1508.0,104.8,6,5.39,2021-04-04
2021-05-30,KARDS Open VI,bf:6061f0d91d5ed13ba0590c8c,NikolaTesla,1457.5,130.8,1,0.9,2021-04-03
2021-05-30,KARDS Open VI,bf:606205aa77b5c319f9259197,Spaghetti Dan,1415.0,102.4,7,6.29,2021-04-04
2021-05-30,KARDS Open VI,bf:60620a3ddb064f11ae99a9cc,BlatherskiteChannel,1437.3,125.3,2,1.79,2021-04-03
2021-05-30,KARDS Open VI,bf:60623bfcfe869e359192bdb3,Richard Zorge ( tfcvgy),1446.3,130.6,1,0.9,2021-04-03
2021-05-30,KARDS Open VI,bf:60624761e23edf11a8fbebab,Eric Haas,1419.6,102.5,7,6.29,2021-04-04
2021-05-30,KARDS Open VI,bf:6062d422fe869e359192c071,rezvuhin.dmitrij,1461.9,130.8,1,0.9,2021-04-03
2021-05-30,KARDS Open VI,bf:60631191ef449e2156a5adf9,saiko,1528.9,101.8,7,6.29,2021-04-04
2021-05-30,KARDS Open VI,bf:6064433143507c17f08ff721,lutherizz,1468.9,115.4,4,3.59,2021-04-03
2021-05-30,KARDS Open VI,bf:60644d12bea76d63440e66db,casatron,1483.9,119.6,3,2.69,2021-04-03
2021-05-30,KARDS Open VI,bf:6064772a1dc5b905e3c0ff51,repose,1481.2,106.9,6,5.39,2021-04-04
2021-05-30,KARDS Open VI,bf:60647b02521bb713377d6f5c,Zilda,1638.4,80.7,16,15.18,2021-05-30
2021-05-30,KARDS Open VI,bf:60649133d9c5a005c360423e,Rusl,1407.1,120.5,3,2.69,2021-04-03
2021-05-30,KARDS Open VI,bf:6064975b99c79405c943b28f,#romano737,1456.8,108.5,5,4.49,2021-04-04
2021-05-30,KARDS Open VI,bf:6064b09a65d11d138804412a,ttolpann,1472.8,108.8,5,4.49,2021-04-04
2021-05-30,KARDS Open VI,bf:6064c336521bb713377d7223,Bazsi500,1372.4,118.1,3,2.69,2021-04-03
2021-05-30,KARDS Open VI,bf:6065dd291b083505d3f69759,kusanagui2501,1445.4,130.5,1,0.9,2021-04-03
2021-05-30,KARDS Open VI,bf:6065e506c75b3f32bc8957c9,Fortress,1444.2,114.1,4,3.59,2021-04-03
2021-05-30,KARDS Open VI,bf:60665059bea76d63440e763f,ethen,1507.2,111.3,5,4.49,2021-04-04
2021-05-30,KARDS Open VI,bf:60674f097230f532c22615b9,dodos,1529.7,105.4,6,5.39,2021-04-04
2021-05-30,KARDS Open VI,bf:60676fb11d5ed13ba0593743,marcelinovegaviejo,1484.6,134.1,1,0.9,2021-04-03
2021-05-30,KARDS Open VI,bf:60677695fe869e359192e820,benny,1511.1,125.7,2,1.79,2021-04-03
2021-05-30,KARDS Open VI,bf:6068332c521bb713377d8fdf,melenkurion,1460.4,130.6,1,0.9,2021-04-03
2021-05-30,KARDS Open VI,bf:60685007d0955e11e2b013f4,germanicus438,1482.5,88.0,12,11.28,2021-05-29
2021-05-30,KARDS Open VI,bf:606854ffd0955e11e2b01407,Magnus_Aurel,1538.8,105.8,6,5.4,2021-04-10
2021-05-30,KARDS Open VI,bf:60687ce718f0251191ca9656,Gagarinyasha,1420.2,113.3,4,3.59,2021-04-03
2021-05-30,KARDS Open VI,bf:60687eb5eea041235d6db8aa,#nini,1404.2,109.8,5,4.49,2021-04-04
2021-05-30,KARDS Open VI,bf:6070a8022fd5451122c65ae8,apara,1521.9,103.0,6,5.99,2021-05-29
2021-05-30,KARDS Open VI,bf:60721ccb5c1419118df3a796,OOUTAIWAN,1534.9,104.1,6,5.99,2021-05-29
2021-05-30,KARDS Open VI,bf:607823b0c75b3f32bc89dbca,White Eagle,1651.2,101.3,7,6.99,2021-05-30
2021-05-30,KARDS Open VI,bf:60946d0dab3bf12889662245,VikingClog,1439.9,102.6,6,5.99,2021-05-29
2021-05-30,KARDS Open VI,bf:60953c50980c9b122a48e011,#magnetto_man,1469.2,103.6,6,5.99,2021-05-29
2021-05-30,KARDS Open VI,bf:60a356b944cea86cbcb2d935,Rngesus,1408.8,108.7,5,4.99,2021-05-29
2021-05-30,KARDS Open VI,bf:60a3bf649226326cec5f141a,SkillKill,1391.7,118.7,3,2.99,2021-05-29
2021-05-30,KARDS Open VI,bf:60a3f0a911d3b171064316ce,Obristan,1441.6,116.3,3,2.99,2021-05-29
2021-05-30,KARDS Open VI,bf:60a432af9226326cec5f185b,MeRoll,1503.7,104.5,6,5.99,2021-05-29
2021-05-30,KARDS Open VI,bf:60a503770ee905712684a97d,Leichelot1,1409.4,109.2,5,4.99,2021-05-29
2021-05-30,KARDS Open VI,bf:60a543cc9c13276cd6914076,#MrEcho,1465.2,106.1,5,4.99,2021-05-29
2021-05-30,KARDS Open VI,bf:60a5955444cea86cbcb2ebc2,Tanner,1447.4,125.9,2,2.0,2021-05-29
2021-05-30,KARDS Open VI,bf:60a61caf0327e8746992e60b,estienne2,1452.1,105.3,6,5.99,2021-05-29
2021-05-30,KARDS Open VI,bf:60a6368e0072106f76db29dd,Skiller,1326.3,109.3,5,4.99,2021-05-29
2021-05-30,KARDS Open VI,bf:60a65e7e982b577479221d7e,Hackfresse,1474.1,102.2,6,5.99,2021-05-29
2021-05-30,KARDS Open VI,bf:60a67f38000fb03f36004b2c,Dindalian,1524.1,105.4,6,5.99,2021-05-29
2021-05-30,KARDS Open VI,bf:60a685a99c13276cd691508d,loud and clear,1508.5,102.9,6,5.99,2021-05-29
2021-05-30,KARDS Open VI,bf:60a7c75f9c13276cd691586e,devil,1596.9,101.2,7,6.99,2021-05-30
2021-05-30,KARDS Open VI,bf:60a9f588982b57747922392a,Marek,1554.3,103.2,6,5.99,2021-05-29
2021-05-30,KARDS Open VI,bf:60aaf2216dada66f5e2a839e,ChemistryMaster,1443.8,129.8,1,1.0,2021-05-29
2021-05-30,KARDS Open VI,bf:60abd00e9226326cec5f56e5,Garand Конституції,1423.2,112.6,4,3.99,2021-05-29
2021-05-30,KARDS Open VI,bf:60ae026e000fb03f36007a83,EcholoQE,1473.7,131.8,1,1.0,2021-05-29
2021-05-30,KARDS Open VI,bf:60ae60e26dada66f5e2a9239,ERB0L,1666.5,90.9,10,9.99,2021-05-30
2021-05-30,KARDS Open VI,bf:60b0a4d9835684119d3312d6,Bob1974,1406.4,108.2,5,4.99,2021-05-29
2021-05-30,KARDS Open VI,bf:60b1d9960072106f76db7938,FrosT_NF,1363.8,103.2,6,5.99,2021-05-29
2021-05-30,KARDS Open VI,bf:60b2450639bdbb113a68b017,*UBI_ghost,1426.8,108.2,5,4.99,2021-05-29
2021-06-27,KARDS Open VII,bf:544fd1e1a3aee26f0b100edb,121,1521.8,98.3,13,6.85,2020-08-30
2021-06-27,KARDS Open VII,bf:55a9e6f380ec56430032820c,swigmonkey,1443.6,116.4,4,3.06,2021-02-06
2021-06-27,KARDS Open VII,bf:564e7b5b80b8db4a00c4ff9c,Jking7,1791.2,54.2,63,48.01,2021-06-27
2021-06-27,KARDS Open VII,bf:56bf93a68b6bc7030304a789,Kynio,1499.2,112.4,7,3.7,2020-07-26
2021-06-27,KARDS Open VII,bf:56ed79634fdf9b7e1224dddc,[DB] Praetorian,1555.0,122.2,4,2.11,2020-07-25
2021-06-27,KARDS Open VII,bf:57101bc80b3b0f8312f27ec5,Socialist,1545.7,94.5,10,7.97,2021-04-04
2021-06-27,KARDS Open VII,bf:572751089b61d587125da415,Pad,1550.1,109.3,8,4.22,2020-07-26
2021-06-27,KARDS Open VII,bf:5784f8bcf26da72d0cd20f65,LuckyLuke,1472.7,90.1,17,9.86,2020-11-28
2021-06-27,KARDS Open VII,bf:57a1697c8c3386280ca04b34,batis,1544.1,82.2,21,13.15,2021-04-04
2021-06-27,KARDS Open VII,bf:57b5a7ffabd8181c0cfdf304,CaptainA,1504.4,103.8,9,5.7,2021-02-06
2021-06-27,KARDS Open VII,bf:5931f755f2d1a503331ea51d,Chrisca,1502.1,129.9,2,1.05,2020-07-25
2021-06-27,KARDS Open VII,bf:596dd6d3014e6b033a8a1275,RainZone,1593.5,109.4,8,4.22,2020-07-26
2021-06-27,KARDS Open VII,bf:59b91e3e40985d034416fd27,Isenberg,1490.9,129.3,2,1.05,2020-07-25
2021-06-27,KARDS Open VII,bf:5a4d98c332953903641106de,Freddie,1578.1,88.1,17,10.26,2020-11-29
2021-06-27,KARDS Open VII,bf:5a58cabb82c7de043a3c289b,[TNT] marvin_the_imp,1504.4,126.0,2,1.53,2021-02-06
2021-06-27,KARDS Open VII,bf:5a8879b76c3ac00358830d7c,Benji,1530.2,86.8,16,11.39,2021-02-07
2021-06-27,KARDS Open VII,bf:5ad6b5686a20dd03885fa1d1,Jugador,1516.6,119.2,5,2.64,2020-07-26
2021-06-27,KARDS Open VII,bf:5b0094b93d8b3603b86987cc,Bob the Tomato,1481.1,122.4,4,2.26,2020-08-30
2021-06-27,KARDS Open VII,bf:5b38c676cbd82c03a4f28e8f,doge34,1661.8,74.4,29,18.63,2021-04-04
2021-06-27,KARDS Open VII,bf:5b499abbdbda4803ac64b712,SdCorpse,1532.5,122.5,3,2.01,2020-11-28
2021-06-27,KARDS Open VII,bf:5bef1fd422a55803cb340a40,OHxCORNGUY,1526.9,93.4,10,8.5,2021-05-29
2021-06-27,KARDS Open VII,bf:5c3b6b20304450039e51c054,Yorrit,1499.9,103.8,8,5.36,2020-11-29
2021-06-27,KARDS Open VII,bf:5c4d3b7150078403fe2d5308,龍槍雷斯林(raslin2006),1547.8,88.9,11,10.62,2021-06-26
2021-06-27,KARDS Open VII,bf:5c4dca4fa9f6820352797666,VildeScarz,1558.6,108.0,8,4.51,2020-08-30
2021-06-27,KARDS Open VII,bf:5c7e66cd2dd6e4033a9d5fd1,Elikur,1467.9,100.8,8,6.46,2021-04-03
2021-06-27,KARDS Open VII,bf:5c834379fdf5df032965d470,Johnny,1522.7,124.9,3,1.58,2020-07-25
2021-06-27,KARDS Open VII,bf:5d0fba42acc6ed329c51837f,Rokeiro,1437.2,126.9,3,1.4,2020-05-23
2021-06-27,KARDS Open VII,bf:5d26bcf5c9bf6055b457dfb5,UkrainianKing,1593.2,78.4,21,15.28,2021-05-30
2021-06-27,KARDS Open VII,bf:5d47ab5c0451666910e5c0af,Joshua12450,1466.1,121.2,3,2.3,2021-02-06
2021-06-27,KARDS Open VII,bf:5d4eae596c2b2139a67ce680,Punpun,1474.6,107.8,5,4.73,2021-05-29
2021-06-27,KARDS Open VII,bf:5d6bf8a0238bc73c869e6430,Niemand,1437.8,127.3,2,1.34,2020-11-28
2021-06-27,KARDS Open VII,bf:5dadf6683f9f8d27e2e9cc0b,GKZhukov,1638.1,81.8,17,13.26,2021-02-27
2021-06-27,KARDS Open VII,bf:5dff9d39fafe5a70cf39ed01,Time to harsh your buzz!,1442.9,128.5,2,1.13,2020-08-29
2021-06-27,KARDS Open VII,bf:5e055721e0b14c3515213776,sk1091,1484.4,134.5,1,0.56,2020-08-29
2021-06-27,KARDS Open VII,bf:5e47e9a0f854af105e7ca35f,tominkorea,1445.0,103.8,6,5.68,2021-05-29
2021-06-27,KARDS Open VII,bf:5e6a39a3f1f90c345a8e7fcd,Yakin,1566.3,104.7,7,5.52,2021-02-27
2021-06-27,KARDS Open VII,bf:5e7e00974f03651058bba114,Camm,1524.9,106.0,6,5.11,2021-04-04
2021-06-27,KARDS Open VII,bf:5e7fb8e3d7ce547b37484302,jaja,1513.5,127.3,2,1.34,2020-11-28
2021-06-27,KARDS Open VII,bf:5e889af67a9c4c10932a6ca9,usp45master,1551.4,77.2,19,16.62,2021-06-26
2021-06-27,KARDS Open VII,bf:5e9cf8ff72e2961f747c7978,DARKCA5TLE,1617.1,95.1,11,8.44,2021-04-10
2021-06-27,KARDS Open VII,bf:5eb572f0a795290866140381,rdbigdog,1611.0,110.2,7,4.26,2020-11-28
2021-06-27,KARDS Open VII,bf:5eb57d1601b7fd0fe0488f0f,Astral,1497.8,120.5,5,2.34,2020-05-23
2021-06-27,KARDS Open VII,bf:5eb583d54a8bea0acd7ea437,SharkPup,1454.2,130.1,2,0.94,2020-05-23
2021-06-27,KARDS Open VII,bf:5eb598330abb797ad38acaee,NonGMOSalt,1617.2,81.7,18,13.23,2021-05-30
2021-06-27,KARDS Open VII,bf:5eb6495f5d6f1b5d1c5d7d95,kenny,1488.6,96.0,11,8.02,2021-05-29
2021-06-27,KARDS Open VII,bf:5eb65df574f31a11dd226b38,Darkness,1897.2,66.0,56,41.71,2021-06-27
2021-06-27,KARDS Open VII,bf:5eb664dbaefaaf170fa246f1,RookVenturer1313,1489.4,121.7,5,2.34,2020-05-23
2021-06-27,KARDS Open VII,bf:5eb708950fe915528f90abfd,Donald Trump,1503.4,105.1,10,5.04,2020-07-26
2021-06-27,KARDS Open VII,bf:5eb7670e5e789b4b50a06de2,WHEEL3R,1584.0,70.3,34,21.39,2021-02-27
2021-06-27,KARDS Open VII,bf:5ebc5c7aec210a06ae04d4d4,Snefru,1659.8,86.5,22,11.65,2020-09-05
2021-06-27,KARDS Open VII,bf:5ebd8cafb3bec004beff6eff,[AAA] Caps04,1587.1,94.0,13,8.29,2021-02-07
2021-06-27,KARDS Open VII,bf:5ebd9402b92b28521a098ec8,Bubbles,1674.1,68.0,32,23.66,2021-05-29
2021-06-27,KARDS Open VII,bf:5ebe821bdc25e53f4d8c7446,ForeverFox,1450.3,120.7,5,2.34,2020-05-23
2021-06-27,KARDS Open VII,bf:5ebea2fd1eafc755976c161a,Drogear,1630.5,100.4,14,7.13,2020-08-29
2021-06-27,KARDS Open VII,bf:5ebea8a9bfed616b75962b6a,Forgestryker,1575.1,100.1,12,6.87,2020-11-28
2021-06-27,KARDS Open VII,bf:5ec021ae0f25781e0b5f5f43,AlexRises,1466.5,131.1,2,0.94,2020-05-23
2021-06-27,KARDS Open VII,bf:5ec038e2256baa1d38011a05,Vinny,1634.3,66.1,32,25.47,2021-06-27
2021-06-27,KARDS Open VII,bf:5ec14e2baf9b8d5641b7a639,handor95,1432.2,106.3,9,5.02,2020-11-28
2021-06-27,KARDS Open VII,bf:5ec2a6dafd8a561535cde2a5,V0R0N92,1531.1,69.2,29,21.63,2021-05-29
2021-06-27,KARDS Open VII,bf:5ec2ace2fd8a561535cde2e1,MJT,1494.2,128.6,2,1.13,2020-08-29
2021-06-27,KARDS Open VII,bf:5ec2acf9a7330d091e79291a,lucencan,1479.4,103.0,10,5.69,2020-11-28
2021-06-27,KARDS Open VII,bf:5ec2c1da0a4e405c2332e640,Chip-Filled Adam,1584.0,95.6,13,7.91,2020-11-29
2021-06-27,KARDS Open VII,bf:5ec2f8632e7fb7357e7c8077,SCARED MOKEY,1514.5,104.0,10,5.56,2020-11-28
2021-06-27,KARDS Open VII,bf:5ec3fe380be5fa28e9946104,Sertma,1478.8,134.3,1,0.47,2020-05-23
2021-06-27,KARDS Open VII,bf:5ec442d3b2f357511fcbf34a,skzeman,1562.9,120.2,5,2.34,2020-05-23
2021-06-27,KARDS Open VII,bf:5ec44a4894993372f10699b1,Adrián7,1477.0,133.9,1,0.53,2020-07-25
2021-06-27,KARDS Open VII,bf:5ec4df5bde56fb470634c5fa,barboza,1477.5,133.1,2,0.94,2020-05-23
2021-06-27,KARDS Open VII,bf:5ec57fff74214e1748e43f56,dasolli,1477.3,107.4,7,4.69,2020-11-29
2021-06-27,KARDS Open VII,bf:5ec5e7746951c62d86f53235,FL1ppY | エワウト,1605.0,101.8,8,6.14,2021-02-13
2021-06-27,KARDS Open VII,bf:5ec7d675f5d9bf6412138238,Hahn,1510.1,123.0,4,1.87,2020-05-23
2021-06-27,KARDS Open VII,bf:5ec99a6d5cb5d5345c7fdf7c,AriBigBehn,1722.0,66.7,37,26.96,2021-06-27
2021-06-27,KARDS Open VII,bf:5ee6022292efc00faf652a7e,Esthete,1477.1,104.6,7,5.36,2021-02-07
2021-06-27,KARDS Open VII,bf:5ee6c5f92764fc7a784c6f9e,BirdLaw,1420.5,85.4,19,11.71,2021-02-07
2021-06-27,KARDS Open VII,bf:5eeb9c3d19b81239da9496cb,Kosaroli,1612.0,77.3,21,15.92,2021-04-04
2021-06-27,KARDS Open VII,bf:5f0cbd1969a363414a64af57,agent_182,1529.9,125.1,3,1.58,2020-07-25
2021-06-27,KARDS Open VII,bf:5f0cd40c3087a65e039603f4,wild_eyes,1708.1,57.2,55,39.58,2021-05-29
2021-06-27,KARDS Open VII,bf:5f0cf3becbf20c490eb4fa7d,T0M,1507.7,119.1,5,2.64,2020-07-26
2021-06-27,KARDS Open VII,bf:5f0d81380ffa0b49d9f58c5c,Nerf,1611.4,109.1,8,4.22,2020-07-26
2021-06-27,KARDS Open VII,bf:5f0d9e4785aa4e37e911463c,You Need Jesus Christ,1443.2,129.2,2,1.05,2020-07-25
2021-06-27,KARDS Open VII,bf:5f0dad9ac47339351f7f742f,RipperJim,1469.3,122.2,3,2.01,2020-11-28
2021-06-27,KARDS Open VII,bf:5f0db8236f4cd1393325784f,Hazeltails,1535.7,111.9,7,3.7,2020-07-26
2021-06-27,KARDS Open VII,bf:5f0dc882f26046593189ba9f,SALUTE06,1485.9,135.0,1,0.53,2020-07-25
2021-06-27,KARDS Open VII,bf:5f0de85b7c5e104738aeb5a8,benc,1547.4,108.9,8,4.22,2020-07-26
2021-06-27,KARDS Open VII,bf:5f0df6196f4cd13933257c2a,COOLJ007,1551.6,106.9,7,5.36,2021-02-07
2021-06-27,KARDS Open VII,bf:5f0df84e824086475be264b7,Terror_de,1611.3,60.3,44,32.12,2021-06-27
2021-06-27,KARDS Open VII,bf:5f0df9d07c4df3491abfc797,RMISE,1462.2,130.4,2,1.05,2020-07-25
2021-06-27,KARDS Open VII,bf:5f0dfb2c7c4df3491abfc7a6,zhen,1596.3,109.1,8,4.22,2020-07-26
2021-06-27,KARDS Open VII,bf:5f0e1a20c47339351f7f7b34,Ouchmaster,1503.7,121.2,4,2.11,2020-07-26
2021-06-27,KARDS Open VII,bf:5f0e248def3ab65b96796c3f,frenchcook,1657.3,68.2,30,23.52,2021-06-27
2021-06-27,KARDS Open VII,bf:5f0e37b37c5e104738aebbe3,toDIEisGAIN,1683.5,58.6,49,35.29,2021-06-27
2021-06-27,KARDS Open VII,bf:5f0e67fdf26046593189c71c,B_O_R_U_T_O_1,1519.4,86.4,13,11.56,2021-06-26
2021-06-27,KARDS Open VII,bf:5f0e76497c4df3491abfd06c,rocksopimppo,1470.5,98.7,11,6.75,2021-02-06
2021-06-27,KARDS Open VII,bf:5f0eab817c4df3491abfd2e6,hilmank,1447.3,106.6,8,4.71,2021-02-06
2021-06-27,KARDS Open VII,bf:5f0f22cb85aa4e37e9115bb4,madisek,1498.2,129.1,2,1.05,2020-07-25
2021-06-27,KARDS Open VII,bf:5f0f2f19ef3ab65b96797ada,kramedogg,1447.7,93.2,15,8.61,2021-02-20
2021-06-27,KARDS Open VII,bf:5f0f3d9e7c4df3491abfe047,Snooginz,1555.6,70.1,30,20.86,2021-02-27
2021-06-27,KARDS Open VII,bf:5f0f54427c4df3491abfe274,djdado,1476.0,133.7,1,0.56,2020-08-29
2021-06-27,KARDS Open VII,bf:5f0fb7319d4b3024dce6f17b,The_Advocator,1461.9,109.2,8,4.22,2020-07-26
2021-06-27,KARDS Open VII,bf:5f101bc2eea71b24bc30c50e,Hubblebub,1446.5,128.8,2,1.13,2020-08-29
2021-06-27,KARDS Open VII,bf:5f102c329d4b3024dce6f5dd,Malovato_Budet,1481.6,101.4,11,5.95,2020-08-29
2021-06-27,KARDS Open VII,bf:5f103df2eac9482569fb2922,phasermind,1524.3,109.4,8,4.22,2020-07-26
2021-06-27,KARDS Open VII,bf:5f105658eac9482569fb2be4,张大彪,1593.6,102.3,10,5.85,2020-11-28
2021-06-27,KARDS Open VII,bf:5f10783cc08d9224ce50f95f,bob42,1504.8,109.5,8,4.22,2020-07-26
2021-06-27,KARDS Open VII,bf:5f10825feac9482569fb2e81,SquareGrouper,1367.1,96.1,13,7.86,2020-11-29
2021-06-27,KARDS Open VII,bf:5f1086f1160c3f2239e9225b,lt.blueberry,1319.7,91.6,17,10.14,2021-02-07
2021-06-27,KARDS Open VII,bf:5f109d917a5f692572240090,John_Px,1734.7,58.9,44,36.86,2021-06-27
2021-06-27,KARDS Open VII,bf:5f10c966160c3f2239e92921,ColdCarl,1566.7,67.4,29,23.59,2021-06-27
2021-06-27,KARDS Open VII,bf:5f112ee3eac9482569fb3ee6,Pert,1539.1,111.9,8,4.22,2020-07-26
2021-06-27,KARDS Open VII,bf:5f113e2cd04bae257fc195f6,RafcKen7,1627.6,103.9,7,5.36,2021-02-07
2021-06-27,KARDS Open VII,bf:5f11d03df7c29f223fd624f2,Groddur,1466.3,122.1,3,2.01,2020-11-28
2021-06-27,KARDS Open VII,bf:5f11d0b0eea71b24bc30e84a,BUCKY,1413.4,88.9,15,10.66,2021-05-29
2021-06-27,KARDS Open VII,bf:5f11d247160c3f2239e940a4,LuckySpike,1624.4,63.3,40,28.31,2021-05-29
2021-06-27,KARDS Open VII,bf:5f11e4c6160c3f2239e941f5,trevorj,1485.5,121.6,4,2.11,2020-07-25
2021-06-27,KARDS Open VII,bf:5f11e67d85fecb25631448a0,yufzsy,1686.1,88.4,20,11.41,2020-11-28
2021-06-27,KARDS Open VII,bf:5f11ef33160c3f2239e942b2,Starkiller30001,1450.3,121.1,4,2.11,2020-07-25
2021-06-27,KARDS Open VII,bf:5f11ff268b375222593350d0,Lobby Boy Lettuce,1456.4,121.7,4,2.11,2020-07-25
2021-06-27,KARDS Open VII,bf:5f11ff2ec08d9224ce511d19,Dangerexx,1416.5,109.8,8,4.22,2020-07-26
2021-06-27,KARDS Open VII,bf:5f11ff59eea71b24bc30ee0c,Hyo,1432.9,86.0,20,11.41,2020-11-28
2021-06-27,KARDS Open VII,bf:5f11ffc4eac9482569fb4f49,MrNejcKing,1390.7,118.1,5,2.88,2021-02-06
2021-06-27,KARDS Open VII,bf:5f121b05d04bae257fc1a263,biasedeyes,1455.2,119.5,5,2.64,2020-07-26
2021-06-27,KARDS Open VII,bf:5f1220b9b4738624c4273900,KEV1NJ,1537.2,113.3,7,3.7,2020-07-26
2021-06-27,KARDS Open VII,bf:5f12273babfcb016362ad1d0,beeman,1347.1,99.1,14,7.64,2020-08-30
2021-06-27,KARDS Open VII,bf:5f1229f9cf4549174336fefe,JSL112,1475.0,133.9,1,0.53,2020-07-25
2021-06-27,KARDS Open VII,bf:5f122bf8b4738624c4273b13,VLTØR,1432.4,127.1,2,1.34,2020-11-28
2021-06-27,KARDS Open VII,bf:5f1240f24a28711494f1b3aa,CaptainTchaikovsky,1491.2,121.6,4,2.11,2020-07-25
2021-06-27,KARDS Open VII,bf:5f12771889520148edf780af,mbilsel,1565.5,92.4,16,8.73,2020-08-30
2021-06-27,KARDS Open VII,bf:5f1281edb4738624c42745af,ptreey,1440.2,114.2,6,3.17,2020-07-26
2021-06-27,KARDS Open VII,bf:5f12bb564a28711494f1bd8d,NeriUwU,1337.9,91.8,17,10.34,2021-02-07
2021-06-27,KARDS Open VII,bf:5f12bb99cf45491743370da4,Headcrasher,1491.6,136.1,1,0.85,2021-04-03
2021-06-27,KARDS Open VII,bf:5f12c35f8b375222593364f0,xareh90,1518.8,109.3,8,4.22,2020-07-26
2021-06-27,KARDS Open VII,bf:5f12da838b375222593365f7,Burremans,1452.4,129.5,2,1.05,2020-07-25
2021-06-27,KARDS Open VII,bf:5f12f0881c8cdf16056f6224,RaPaulke,1450.0,129.5,2,1.05,2020-07-25
2021-06-27,KARDS Open VII,bf:5f12f0c3abfcb016362ae526,mon.mgs,1471.4,133.7,1,0.53,2020-07-25
2021-06-27,KARDS Open VII,bf:5f130139f7c29f223fd64290,fenrir,1534.7,103.7,10,5.56,2020-11-28
2021-06-27,KARDS Open VII,bf:5f13328d77697711a235a704,TomatoMato,1546.2,110.0,8,4.22,2020-07-26
2021-06-27,KARDS Open VII,bf:5f13952ceea71b24bc312529,Limitless Beast,1399.5,121.4,4,2.11,2020-07-25
2021-06-27,KARDS Open VII,bf:5f13f8f0381ccb11abfed78c,Behemothus,1494.1,93.7,15,8.21,2020-08-30
2021-06-27,KARDS Open VII,bf:5f13fc452cba8f11c2a4298c,DarkMatterYT,1491.8,129.2,2,1.05,2020-07-25
2021-06-27,KARDS Open VII,bf:5f140b7f1c8cdf16056f833c,foreverlimon,1530.7,112.0,7,3.69,2020-07-26
2021-06-27,KARDS Open VII,bf:5f140c57341d821185ca56df,BarndoorRoge,1518.0,117.0,5,2.75,2020-08-29
2021-06-27,KARDS Open VII,bf:5f140d9bbcbe32117ff6b7e7,Snakii0,1324.8,101.5,10,7.0,2021-04-04
2021-06-27,KARDS Open VII,bf:5f140ea9b4738624c4277d71,Heist,1459.1,111.8,7,3.7,2020-07-26
2021-06-27,KARDS Open VII,bf:5f14582a341d821185ca59e8,TheStray,1485.9,109.5,8,4.22,2020-07-26
2021-06-27,KARDS Open VII,bf:5f145d63b4738624c4278122,Jotora,1553.0,109.3,8,4.22,2020-07-26
2021-06-27,KARDS Open VII,bf:5f145fa11c8cdf16056f8757,Kerwer,1469.4,131.7,1,0.85,2021-04-03
2021-06-27,KARDS Open VII,bf:5f148273cd3934118e03b196,Shaemas,1479.6,94.1,15,8.17,2020-08-30
2021-06-27,KARDS Open VII,bf:5f1493df1c8cdf16056f8bc9,CheL_oFF,1510.9,104.4,7,5.36,2021-02-07
2021-06-27,KARDS Open VII,bf:5f14e99eea159211b4c99eab,Jacob,1406.3,109.5,8,4.22,2020-07-26
2021-06-27,KARDS Open VII,bf:5f1520542cba8f11c2a44c16,DarkMist,1423.9,95.6,14,8.67,2021-02-07
2021-06-27,KARDS Open VII,bf:5f153751eea71b24bc31458b,VLAD420,1455.4,109.2,8,4.22,2020-07-26
2021-06-27,KARDS Open VII,bf:5f1539bacfac0e373c6166ce,donigi,1485.1,92.9,16,8.74,2020-08-30
2021-06-27,KARDS Open VII,bf:5f155f3577697711a235e552,total,1484.9,134.6,1,0.56,2020-08-29
2021-06-27,KARDS Open VII,bf:5f1566b0341d821185ca734b,Юрий,1480.6,112.7,7,3.69,2020-07-26
2021-06-27,KARDS Open VII,bf:5f156d9fb4738624c42798e8,Evilmunki,1427.3,111.4,7,3.7,2020-07-26
2021-06-27,KARDS Open VII,bf:5f15827677697711a235e95c,ACOG,1484.3,134.7,1,0.53,2020-07-25
2021-06-27,KARDS Open VII,bf:5f159e62ea159211b4c9a50e,scorp1one,1475.2,118.5,4,3.15,2021-04-03
2021-06-27,KARDS Open VII,bf:5f15a9d0cfac0e373c616a81,gteacher12 (cst),1400.6,121.5,4,2.11,2020-07-26
2021-06-27,KARDS Open VII,bf:5f1660782cba8f11c2a45e9c,Lolofy44,1524.4,89.3,17,10.08,2020-11-29
2021-06-27,KARDS Open VII,bf:5f169f65bcbe32117ff6eb42,Lykas_OMES,1502.6,107.6,8,4.51,2020-08-30
2021-06-27,KARDS Open VII,bf:5f176280381ccb11abff191f,terminetorK56,1488.0,110.4,7,3.95,2020-08-30
2021-06-27,KARDS Open VII,bf:5f17d573bcbe32117ff6fd03,Vitaly Gorbunov,1474.4,133.8,1,0.53,2020-07-25
2021-06-27,KARDS Open VII,bf:5f17ef0fcfac0e373c6190c4,[REDi]1R COL ANZAC_Ace,1471.5,124.7,3,1.58,2020-07-25
2021-06-27,KARDS Open VII,bf:5f19119cb4738624c427e33c,SA-GR,1430.4,112.1,7,3.69,2020-07-26
2021-06-27,KARDS Open VII,bf:5f191b72abfcb016362b6974,Suchy,1509.4,105.8,6,5.11,2021-04-04
2021-06-27,KARDS Open VII,bf:5f193071cfac0e373c61a11b,PetitPoney,1525.6,118.3,5,2.71,2020-08-29
2021-06-27,KARDS Open VII,bf:5f1a8cc8b4738624c42817ef,Tigerkater,1484.2,113.7,7,3.69,2020-07-26
2021-06-27,KARDS Open VII,bf:5f1b1546b4738624c4282183,Skunk,1401.9,109.2,8,4.22,2020-07-26
2021-06-27,KARDS Open VII,bf:5f1b3f1b08ac6c1dd4d6bb23,brienoconan,1526.2,125.4,3,1.58,2020-07-25
2021-06-27,KARDS Open VII,bf:5f1b48d1abfcb016362ba48e,Berni de Balle,1551.4,62.0,42,29.86,2021-05-29
2021-06-27,KARDS Open VII,bf:5f1b9f20a73922196c802448,Gamesite,1472.9,118.0,5,2.64,2020-07-26
2021-06-27,KARDS Open VII,bf:5f1bad8bb4738624c4283cf6,Filpa,1555.7,99.8,12,6.51,2020-08-30
2021-06-27,KARDS Open VII,bf:5f318206a8e6c511a449d179,0CanadaBear0,1474.6,116.6,5,2.82,2020-08-30
2021-06-27,KARDS Open VII,bf:5f318c62af063111a36cedab,aa,1550.7,109.2,8,4.51,2020-08-30
2021-06-27,KARDS Open VII,bf:5f31dbda9ab87f2e0c19cd0c,RNGek,1571.3,89.7,16,9.88,2020-11-29
2021-06-27,KARDS Open VII,bf:5f31e18d7bd80311ab780bcb,天之子将军,1541.8,114.6,6,3.39,2020-08-30
2021-06-27,KARDS Open VII,bf:5f31e6b930b92e118dbc3b00,r3in0r,1444.9,128.7,2,1.13,2020-08-29
2021-06-27,KARDS Open VII,bf:5f32224b74a4bd1196ff8e97,yourBRO,1442.2,108.8,7,4.48,2020-11-28
2021-06-27,KARDS Open VII,bf:5f323b2daf063111a36cffab,chmy426,1570.1,117.5,4,2.68,2020-11-28
2021-06-27,KARDS Open VII,bf:5f32755630b92e118dbc4132,Joeybag0doughnuts,1464.7,133.4,1,0.56,2020-08-29
2021-06-27,KARDS Open VII,bf:5f32919a74a4bd1196ff9509,wydsxl,1621.1,105.8,9,5.08,2020-09-05
2021-06-27,KARDS Open VII,bf:5f32abe69ab87f2e0c19e0b7,"Oh, Pretty Woman",1371.2,117.2,5,2.82,2020-08-30
2021-06-27,KARDS Open VII,bf:5f32b5a5af063111a36d039f,Spartan,1491.2,121.6,3,2.13,2021-02-20
2021-06-27,KARDS Open VII,bf:5f32c6147bd80311ab78193f,petriachor,1601.6,71.0,29,20.23,2021-04-03
2021-06-27,KARDS Open VII,bf:5f32ca9074a4bd1196ff97d9,Sirbol,1517.3,107.3,8,4.51,2020-08-30
2021-06-27,KARDS Open VII,bf:5f32e74430b92e118dbc4866,alan1957,1473.0,133.4,1,0.56,2020-08-29
2021-06-27,KARDS Open VII,bf:5f32f48419fcf2666b2abff1,kowalski,1679.3,69.4,28,22.48,2021-05-30
2021-06-27,KARDS Open VII,bf:5f3304e930b92e118dbc4ad6,maxterGIO,1513.3,107.5,8,4.51,2020-08-30
2021-06-27,KARDS Open VII,bf:5f3321d98a94d511b1d67c5b,ExpelliarmusA,1565.7,107.7,8,4.51,2020-08-30
2021-06-27,KARDS Open VII,bf:5f332d0619fcf2666b2ac60a,comrade nicky,1525.7,125.7,3,1.69,2020-08-29
2021-06-27,KARDS Open VII,bf:5f335b3e30b92e118dbc579e,WorldWarWhale,1461.7,117.3,3,2.84,2021-05-29
2021-06-27,KARDS Open VII,bf:5f344b7a8a94d511b1d68a96,John™,1452.3,113.0,7,3.95,2020-08-30
2021-06-27,KARDS Open VII,bf:5f34d3bdacefe6118a5de444,Ottotheblue,1477.3,87.3,17,10.55,2020-11-29
2021-06-27,KARDS Open VII,bf:5f351f60af063111a36d282b,Sadrik,1564.6,107.5,8,4.51,2020-08-30
2021-06-27,KARDS Open VII,bf:5f354d22e4876e1184288d58,Ripoff,1540.0,98.2,11,6.84,2020-11-29
2021-06-27,KARDS Open VII,bf:5f35946553b8ce11abe62c4d,FRIKAZOID,1482.6,124.4,3,1.69,2020-08-29
2021-06-27,KARDS Open VII,bf:5f362c8703dbcc11d58d78e3,Kolbasnik,1675.6,53.5,56,44.98,2021-06-27
2021-06-27,KARDS Open VII,bf:5f369b86c897e0119e4ff6f8,PatsenBR,1489.9,111.5,7,3.95,2020-08-30
2021-06-27,KARDS Open VII,bf:5f36c30fff2e5911a44a282e,Józef Piłsudski,1444.2,128.7,2,1.13,2020-08-29
2021-06-27,KARDS Open VII,bf:5f36cca903dbcc11d58d89d8,Wolnigree,1443.7,128.5,2,1.13,2020-08-29
2021-06-27,KARDS Open VII,bf:5f36dc4b98f0a311ad32446c,Zig_Zag,1547.4,102.4,10,6.04,2021-02-06
2021-06-27,KARDS Open VII,bf:5f37cf6b6ce6de28d63de407,Ailoyros,1466.8,133.5,1,0.56,2020-08-29
2021-06-27,KARDS Open VII,bf:5f3800b06ce6de28d63de960,RicardoTamanini,1433.2,125.4,3,1.69,2020-08-29
2021-06-27,KARDS Open VII,bf:5f382e1f33118628f2f56ca7,Dash_ek,1524.3,110.3,7,3.95,2020-08-30
2021-06-27,KARDS Open VII,bf:5f38338163cc1128e5f86f97,Brendan,1463.9,108.4,8,4.51,2020-08-30
2021-06-27,KARDS Open VII,bf:5f3846d25b41bf2bd0fe2207,Spooky Time,1426.3,125.1,3,1.69,2020-08-29
2021-06-27,KARDS Open VII,bf:5f3858c1b83d9d2bb0609265,wdhtu,1493.2,117.4,5,2.82,2020-08-30
2021-06-27,KARDS Open VII,bf:5f3a8d53c190e3296d7a1eef,nagymaciii,1451.8,128.9,2,1.13,2020-08-29
2021-06-27,KARDS Open VII,bf:5f3a8e2d33118628f2f5a7d5,Goltz,1476.5,133.7,1,0.56,2020-08-29
2021-06-27,KARDS Open VII,bf:5f3a8eb4dd76a928dcec9bec,Coronel_Mostarda,1456.1,120.6,4,2.25,2020-08-29
2021-06-27,KARDS Open VII,bf:5f3ab4ce63cc1128e5f8a327,DrTacos,1405.6,124.2,3,1.69,2020-08-30
2021-06-27,KARDS Open VII,bf:5f3aef3e6ce6de28d63e3425,Alexandre,1413.8,121.2,3,2.55,2021-04-03
2021-06-27,KARDS Open VII,bf:5f3b1ebadd76a928dceca753,ZackXue,1519.8,109.4,8,4.51,2020-08-30
2021-06-27,KARDS Open VII,bf:5f3bc9efdbf742295bce0a9d,黑森公爵,1472.4,133.5,1,0.56,2020-08-29
2021-06-27,KARDS Open VII,bf:5f3bcb62c190e3296d7a2cd2,abandon,1500.6,127.2,2,1.34,2020-11-28
2021-06-27,KARDS Open VII,bf:5f3d0646dd76a928dceccb16,Ertugrul Gazi,1525.8,107.7,8,4.51,2020-08-30
2021-06-27,KARDS Open VII,bf:5f3d19c7dd76a928dceccbcd,HaxBaba,1540.1,112.1,7,3.95,2020-08-30
2021-06-27,KARDS Open VII,bf:5f3d1e45c190e3296d7a4aa5,Barton,1473.3,133.4,1,0.56,2020-08-29
2021-06-27,KARDS Open VII,bf:5f3e11a1a3f8871d5075e3d0,Valar,1419.5,114.8,6,3.38,2020-08-30
2021-06-27,KARDS Open VII,bf:5f3fbdaeb856d24e0965bbc4,Stluvik,1518.8,120.2,5,2.82,2020-08-30
2021-06-27,KARDS Open VII,bf:5f3fc42472caf64e0f2b589c,Shiva's,1618.6,98.7,12,7.19,2020-11-28
2021-06-27,KARDS Open VII,bf:5f3ff2e624334d4ac794708e,FearlessFreep2,1499.6,120.4,4,2.26,2020-08-30
2021-06-27,KARDS Open VII,bf:5f4022e92736604a195ffbfb,Ol'Red,1431.6,124.9,3,1.69,2020-08-29
2021-06-27,KARDS Open VII,bf:5f404839cabbdc4a26620899,sNapple,1417.0,122.8,3,2.01,2020-11-28
2021-06-27,KARDS Open VII,bf:5f41a73ee7543f4a0a54f568,Kipahigan,1533.7,110.5,7,3.95,2020-08-30
2021-06-27,KARDS Open VII,bf:5f4318d1681ff84ab5ec92f9,Sidecrawler,1595.8,66.7,31,23.89,2021-06-27
2021-06-27,KARDS Open VII,bf:5f4536884cbe7961ba1906fa,Zanderson30,1599.9,106.8,9,5.08,2020-09-05
2021-06-27,KARDS Open VII,bf:5f4617f7cff9bb4e25c81a49,Daccro,1445.3,118.4,4,2.69,2021-06-26
2021-06-27,KARDS Open VII,bf:5f464a379f8a441a7681100e,Grarivier,1551.7,107.9,8,4.51,2020-08-30
2021-06-27,KARDS Open VII,bf:5f469fbd9f8a441a768119af,yura,1467.6,133.5,1,0.56,2020-08-29
2021-06-27,KARDS Open VII,bf:5f46ff72cff9bb4e25c82ac7,hartmanator1,1526.2,92.0,14,8.85,2020-11-29
2021-06-27,KARDS Open VII,bf:5f47aca042aba63789789166,UBCers,1450.6,129.1,2,1.13,2020-08-29
2021-06-27,KARDS Open VII,bf:5f48837c34f6ed5f7791f82a,RIBO,1542.4,113.0,7,3.95,2020-08-30
2021-06-27,KARDS Open VII,bf:5f4965bb76b8305ffaa36866,Ernst1871,1498.8,97.6,11,7.16,2020-11-29
2021-06-27,KARDS Open VII,bf:5f49b691c955654e18759c1e,Ryestye,1541.4,133.8,1,0.56,2020-08-29
2021-06-27,KARDS Open VII,bf:5f4a2d8c76b8305ffaa376af,smerch,1474.3,124.3,3,1.69,2020-08-29
2021-06-27,KARDS Open VII,bf:5f4a40fd34f6ed5f7792170c,LemonShark,1477.3,111.1,7,3.95,2020-08-30
2021-06-27,KARDS Open VII,bf:5f4a66a7629c8b6045fa11b9,Сэм,1474.5,108.1,8,4.51,2020-08-30
2021-06-27,KARDS Open VII,bf:5f908c01a261b945b6c471e8,OliRoB,1336.0,110.3,6,4.6,2021-02-07
2021-06-27,KARDS Open VII,bf:5fa1ee84f8fc171ea9f66554,El Chickenrice,1625.8,103.9,8,5.36,2020-11-29
2021-06-27,KARDS Open VII,bf:5fa2011d11743771ade90dee,testo,1691.7,72.7,26,20.36,2021-05-30
2021-06-27,KARDS Open VII,bf:5fa27bfdf8fc171ea9f66924,CalinBZ,1545.9,108.3,6,4.57,2021-05-29
2021-06-27,KARDS Open VII,bf:5fa27e32f8fc171ea9f66940,vegetable,1593.8,105.9,7,5.36,2021-02-07
2021-06-27,KARDS Open VII,bf:5fa2928f11743771ade9128e,Ax,1513.3,126.9,2,1.34,2020-11-28
2021-06-27,KARDS Open VII,bf:5fa2992ef8fc171ea9f66a3e,犹似深闺梦中人,1541.1,113.7,5,3.35,2020-11-28
2021-06-27,KARDS Open VII,bf:5fa2d1356b9c704abc3f86e4,MoncherFrag,1482.6,114.9,5,3.35,2020-11-28
2021-06-27,KARDS Open VII,bf:5fa3973bf8fc171ea9f68255,辉辉呀,1428.4,114.0,5,3.54,2021-02-06
2021-06-27,KARDS Open VII,bf:5fa3da8e11743771ade92018,Spooz,1695.1,73.7,26,19.3,2021-02-27
2021-06-27,KARDS Open VII,bf:5fa3e36b6b9c704abc3f92a0,bruki,1505.7,127.5,2,1.34,2020-11-28
2021-06-27,KARDS Open VII,bf:5fa4097911743771ade92145,David Lynch,1475.0,133.1,1,0.67,2020-11-28
2021-06-27,KARDS Open VII,bf:5fa467df4eb3c2458669c29a,Berto Burrito,1787.8,80.4,20,16.26,2021-04-10
2021-06-27,KARDS Open VII,bf:5fa530563f52763256b7593d,Civlj,1507.3,126.9,2,1.34,2020-11-28
2021-06-27,KARDS Open VII,bf:5fa5397c241d875936d2c2f2,Vadim,1561.2,62.4,34,28.59,2021-06-27
2021-06-27,KARDS Open VII,bf:5fa57306cc28b3594394b946,Liszt,1537.7,115.4,5,3.44,2021-02-06
2021-06-27,KARDS Open VII,bf:5fa5ede611743771ade94108,comtruise,1775.7,66.9,32,26.85,2021-05-30
2021-06-27,KARDS Open VII,bf:5fa62937c3c163598ec80783,CCMS-031,1562.4,108.3,6,4.59,2021-02-07
2021-06-27,KARDS Open VII,bf:5fafaf199a9e750ea663a8e3,发牌员没马,1505.1,127.5,2,1.34,2020-11-28
2021-06-27,KARDS Open VII,bf:5fafe4c9eb92fe0475436826,TheMiltonBradley,1523.1,100.8,9,6.03,2020-11-29
2021-06-27,KARDS Open VII,bf:5fafe7dfe7d89a60d43336cc,Primal,1441.7,127.5,2,1.34,2020-11-28
2021-06-27,KARDS Open VII,bf:5fafeec6e7d89a60d4333722,wodandos,1460.8,122.1,3,2.01,2020-11-28
2021-06-27,KARDS Open VII,bf:5faff24f698db1048d26b032,Stenli72,1482.4,107.1,7,4.69,2020-11-29
2021-06-27,KARDS Open VII,bf:5faffa8a502b9e587d1b7c3e,"Alexandre ""Mainovski"" Mainaud",1392.7,95.0,10,8.36,2021-05-29
2021-06-27,KARDS Open VII,bf:5faffbe71632970e916b602a,xceroks,1452.8,132.9,1,0.67,2020-11-28
2021-06-27,KARDS Open VII,bf:5fb026c1502b9e587d1b838d,Anklestina,1503.1,117.8,4,2.68,2020-11-28
2021-06-27,KARDS Open VII,bf:5fb02943698db1048d26b9cd,Bison,1520.0,98.2,10,7.07,2021-04-03
2021-06-27,KARDS Open VII,bf:5fb02c08698db1048d26ba0d,VReznov2137,1475.5,133.0,1,0.67,2020-11-28
2021-06-27,KARDS Open VII,bf:5fb032ea502b9e587d1b85eb,Secret Deadbeat,1583.8,123.1,3,2.01,2020-11-28
2021-06-27,KARDS Open VII,bf:5fb035bf502b9e587d1b8643,Annki,1440.8,114.9,5,3.54,2021-02-06
2021-06-27,KARDS Open VII,bf:5fb038eb1632970e916b6f46,DerNem,1566.8,104.2,6,5.68,2021-05-29
2021-06-27,KARDS Open VII,bf:5fb051789a9e750ea663bb88,Khal Drogo,1487.4,122.7,3,2.01,2020-11-28
2021-06-27,KARDS Open VII,bf:5fb0acb4eb92fe047543807d,MagiC,1504.8,115.7,4,3.06,2021-02-06
2021-06-27,KARDS Open VII,bf:5fb0b189f07fad440734d338,IWS2000,1431.2,101.9,9,6.03,2020-11-29
2021-06-27,KARDS Open VII,bf:5fb0d42e9a9e750ea663c3fc,[V_M]_MorS_{B},1606.5,105.1,8,5.36,2020-11-29
2021-06-27,KARDS Open VII,bf:5fb0e0020c8f110e8a8bf3f2,Krieger,1464.3,132.6,1,0.67,2020-11-28
2021-06-27,KARDS Open VII,bf:5fb0ee1e698db1048d26c5af,Eirik II,1409.8,104.4,8,5.36,2020-11-29
2021-06-27,KARDS Open VII,bf:5fb0eee19a9e750ea663c435,player1,1510.4,104.0,8,5.36,2020-11-29
2021-06-27,KARDS Open VII,bf:5fb0f0121632970e916b7856,panzer_398,1408.5,113.8,5,3.35,2020-11-29
2021-06-27,KARDS Open VII,bf:5fb110bd698db1048d26c5f6,Aksara,1543.1,110.7,6,4.02,2020-11-29
2021-06-27,KARDS Open VII,bf:5fb1143e502b9e587d1b94dc,KillerQueenS,1445.7,128.2,2,1.34,2020-11-28
2021-06-27,KARDS Open VII,bf:5fb1184c0c8f110e8a8bf660,only_,1525.3,118.9,4,2.68,2020-11-28
2021-06-27,KARDS Open VII,bf:5fb1316c502b9e587d1b95e6,Bartkopolus123,1459.4,132.5,1,0.67,2020-11-28
2021-06-27,KARDS Open VII,bf:5fb18ed99a9e750ea663cd33,Vitzekk,1548.7,114.3,5,3.35,2020-11-29
2021-06-27,KARDS Open VII,bf:5fb1a2cb5caa4f5e4bc80d56,SpaceCowboy,1456.8,128.6,2,1.34,2020-11-28
2021-06-27,KARDS Open VII,bf:5fb1bf581632970e916b85be,nolans34,1570.2,101.6,9,6.03,2020-11-29
2021-06-27,KARDS Open VII,bf:5fb1cbe45caa4f5e4bc81377,Beefy 109,1550.7,127.9,2,1.34,2020-11-28
2021-06-27,KARDS Open VII,bf:5fb1cc6ee0bfea60c76a1385,Tenstrovski,1511.8,110.1,6,4.02,2020-11-29
2021-06-27,KARDS Open VII,bf:5fb1db8c5caa4f5e4bc8168d,Poochies,1508.0,117.7,4,2.68,2020-11-28
2021-06-27,KARDS Open VII,bf:5fb1f464698db1048d26d582,Morsimos,1609.9,105.2,8,5.36,2020-11-29
2021-06-27,KARDS Open VII,bf:5fb249e5f07fad440734e5ea,SirFragir,1484.9,104.1,8,5.36,2020-11-29
2021-06-27,KARDS Open VII,bf:5fb27723698db1048d26d94d,StabKingPro,1583.7,102.0,9,6.03,2020-11-29
2021-06-27,KARDS Open VII,bf:5fb2c8f11632970e916b926c,Drake/Fabi,1500.1,107.7,7,4.69,2020-11-29
2021-06-27,KARDS Open VII,bf:5fb3184d9a9e750ea663e423,killswitch,1462.4,93.5,12,9.36,2021-06-26
2021-06-27,KARDS Open VII,bf:5fb3203b1632970e916b97b7,chr1st0ph3r,1478.5,122.3,3,2.01,2020-11-28
2021-06-27,KARDS Open VII,bf:5fb3df78f07fad440734f6f7,slameo,1428.2,107.5,7,4.69,2020-11-29
2021-06-27,KARDS Open VII,bf:5fb3e6ddf07fad440734f71f,tr4cker,1446.5,127.6,2,1.34,2020-11-28
2021-06-27,KARDS Open VII,bf:5fb3f43ee0bfea60c76a2a56,General E. Drunk,1623.0,105.4,8,5.36,2020-11-29
2021-06-27,KARDS Open VII,bf:5fb3f8b3e7d89a60d4337959,Kn1ghT,1459.6,122.1,3,2.01,2020-11-28
2021-06-27,KARDS Open VII,bf:5fb42443a2fd346547530b2e,RED SUN,1536.5,123.1,3,2.01,2020-11-28
2021-06-27,KARDS Open VII,bf:5fb43070a2fd346547530c21,[14e]tuveuxdugateaux,1478.6,101.4,9,6.03,2020-11-29
2021-06-27,KARDS Open VII,bf:5fb4442a9a9e750ea663ee54,Scythe,1471.4,114.6,5,3.35,2020-11-28
2021-06-27,KARDS Open VII,bf:5fb4d729f07fad44073509e4,Victrix,1490.5,121.2,4,2.68,2020-11-28
2021-06-27,KARDS Open VII,bf:5fb666119a9e750ea664030b,Setteduetto,1538.6,104.2,8,5.36,2020-11-29
2021-06-27,KARDS Open VII,bf:5fb6a5d3e7d89a60d4339244,kingsharaman,1469.9,132.8,1,0.67,2020-11-28
2021-06-27,KARDS Open VII,bf:5fb6da26eb92fe047543c823,rostigerloeffel,1569.3,86.8,15,11.14,2021-04-04
2021-06-27,KARDS Open VII,bf:5fb719fde0bfea60c76a4f50,rayko,1357.6,105.8,8,5.36,2020-11-29
2021-06-27,KARDS Open VII,bf:5fb73781698db1048d271114,Lazer Wolf,1407.8,122.3,3,2.01,2020-11-28
2021-06-27,KARDS Open VII,bf:5fb7473c502b9e587d1becbe,ILoveMooncake,1670.2,98.8,9,6.91,2021-02-13
2021-06-27,KARDS Open VII,bf:5fb8387c1faa4843f941ba10,Álmos,1537.1,122.6,3,2.01,2020-11-28
2021-06-27,KARDS Open VII,bf:5fb97cee0c24381d904b5447,bengui,1530.6,122.1,3,2.01,2020-11-28
2021-06-27,KARDS Open VII,bf:5fb98c8e19c8f219d78717ac,DrQuencher,1438.0,127.2,2,1.34,2020-11-28
2021-06-27,KARDS Open VII,bf:5fba777719c8f219d787247b,roberto7208,1466.6,101.5,9,6.03,2020-11-29
2021-06-27,KARDS Open VII,bf:5fbb03850f21e57963850470,Pie4155,1427.6,107.5,7,4.69,2020-11-29
2021-06-27,KARDS Open VII,bf:5fbc0c3e2dc8793ada84fdb3,Mark2020,1444.0,108.3,7,4.69,2020-11-29
2021-06-27,KARDS Open VII,bf:5fbc3b8e0f21e5796385112f,spambox9,1504.8,108.3,7,4.69,2020-11-29
2021-06-27,KARDS Open VII,bf:5fbc4040adfefd64e8c8fd73,Diogenesis,1592.6,90.1,13,9.66,2021-02-27
2021-06-27,KARDS Open VII,bf:5fbc5711a2fd34654753a8c0,Magister Erik,1602.3,104.5,8,5.36,2020-11-29
2021-06-27,KARDS Open VII,bf:5fbc79591632970e916c3fe5,Breich,1475.1,113.7,5,3.35,2020-11-28
2021-06-27,KARDS Open VII,bf:5fbd548d698db1048d27a866,Citrons,1541.2,104.0,8,5.36,2020-11-29
2021-06-27,KARDS Open VII,bf:5fbd71c2e7d89a60d43410ca,lean87ki,1542.1,86.5,16,11.39,2021-02-07
2021-06-27,KARDS Open VII,bf:5fbdb89d26ea883a51583400,Kongo,1550.7,113.8,5,3.35,2020-11-28
2021-06-27,KARDS Open VII,bf:5fbe830b26ea883a515839f5,炮灰no1,1449.5,118.6,4,2.68,2020-11-28
2021-06-27,KARDS Open VII,bf:5fbe834ea2fd34654753c095,Hans Friderich R,1500.4,126.7,2,1.34,2020-11-28
2021-06-27,KARDS Open VII,bf:5fbe83792dc8793ada85198d,pilotttt(Илья),1433.9,127.1,2,1.34,2020-11-28
2021-06-27,KARDS Open VII,bf:5fbe84641632970e916c5996,unclefox,1632.5,103.0,9,6.03,2020-11-29
2021-06-27,KARDS Open VII,bf:5fbe848ca2fd34654753c09a,Future,1470.6,122.4,3,2.01,2020-11-28
2021-06-27,KARDS Open VII,bf:5fbe860ca2fd34654753c09d,正宗重庆老友粉,1445.5,127.4,2,1.34,2020-11-28
2021-06-27,KARDS Open VII,bf:5fbe862ca447ab4bb37e0f77,meistermiagi,1436.1,127.2,2,1.34,2020-11-28
2021-06-27,KARDS Open VII,bf:5fbe86401632970e916c599c,JamesBoned,1531.2,114.4,5,3.35,2020-11-28
2021-06-27,KARDS Open VII,bf:5fbe873b4d01f9313d135045,KrisKrinkel,1451.1,128.1,2,1.34,2020-11-28
2021-06-27,KARDS Open VII,bf:5fbe87ea5d320863b86f031b,Hydrogen,1543.9,105.1,8,5.36,2020-11-29
2021-06-27,KARDS Open VII,bf:5fbe89294d01f9313d135068,MrMolotoff,1511.1,103.9,8,5.36,2020-11-29
2021-06-27,KARDS Open VII,bf:5fbe89b5043fd20cdf90cccf,tonywan,1381.9,118.3,4,2.68,2020-11-28
2021-06-27,KARDS Open VII,bf:5fbe8ae05d320863b86f032c,Anto,1451.7,118.3,4,2.68,2020-11-28
2021-06-27,KARDS Open VII,bf:5fbe8afb698db1048d27b396,SkittleSabot,1528.2,133.0,1,0.67,2020-11-28
2021-06-27,KARDS Open VII,bf:5fbe8b8ea447ab4bb37e0fc8,päpä,1448.2,102.4,9,6.03,2020-11-29
2021-06-27,KARDS Open VII,bf:5fbe8c402dc8793ada8519d5,Der_Admiral,1537.0,113.8,5,3.35,2020-11-28
2021-06-27,KARDS Open VII,bf:5fbe906ba2fd34654753c0fc,captain.pothead,1488.4,122.5,3,2.01,2020-11-28
2021-06-27,KARDS Open VII,bf:5fbe91ca26ea883a51583aa4,yra111,1477.9,123.1,3,2.01,2020-11-28
2021-06-27,KARDS Open VII,bf:5fbe9602698db1048d27b3e0,Rumfart,1444.7,127.3,2,1.34,2020-11-28
2021-06-27,KARDS Open VII,bf:5fbe96be698db1048d27b3e4,Youmu_chan,1487.9,114.4,5,3.35,2020-11-28
2021-06-27,KARDS Open VII,bf:5fbe970e26ea883a51583ac1,UnbearableMe,1462.7,132.4,1,0.67,2020-11-28
2021-06-27,KARDS Open VII,bf:5fbe971d0f21e57963852d08,牛头人杀手,1501.6,127.4,2,1.34,2020-11-28
2021-06-27,KARDS Open VII,bf:5fbe9b450f21e57963852d1e,garygo,1515.1,104.0,8,5.36,2020-11-29
2021-06-27,KARDS Open VII,bf:5fbeac15a447ab4bb37e116f,ThuggerJuice,1536.2,101.3,9,6.03,2020-11-29
2021-06-27,KARDS Open VII,bf:5fbeb056698db1048d27b5bd,Stuie,1474.9,87.2,14,10.95,2021-05-29
2021-06-27,KARDS Open VII,bf:5fbeb20eb0ef7749130e452c,Dawn,1544.0,104.0,8,5.36,2020-11-29
2021-06-27,KARDS Open VII,bf:5fbeb7541632970e916c5c93,finny,1486.2,102.1,9,6.03,2020-11-29
2021-06-27,KARDS Open VII,bf:5fbebdee043fd20cdf90cfaf,GM_Logan,1599.2,65.6,30,25.28,2021-06-26
2021-06-27,KARDS Open VII,bf:5fbed15626ea883a51583d3f,Empyreal,1435.2,126.8,2,1.34,2020-11-28
2021-06-27,KARDS Open VII,bf:5fbedfbc0f21e57963853121,Raswar47,1435.3,127.3,2,1.34,2020-11-28
2021-06-27,KARDS Open VII,bf:5fbef0144d01f9313d135b11,Geezer,1599.2,101.8,9,6.03,2020-11-29
2021-06-27,KARDS Open VII,bf:5fbef0d92dc8793ada8527a5,嘤嘤嘤,1436.3,127.1,2,1.34,2020-11-28
2021-06-27,KARDS Open VII,bf:5fbef3ecb0ef7749130e49bc,MaskedMarvel,1495.9,127.1,2,1.34,2020-11-28
2021-06-27,KARDS Open VII,bf:5fbf17032dc8793ada852978,UltramanT80,1434.3,127.4,2,1.34,2020-11-28
2021-06-27,KARDS Open VII,bf:5fbf174c5d320863b86f0efc,如临深渊,1504.3,127.0,2,1.34,2020-11-28
2021-06-27,KARDS Open VII,bf:5fbf1ad71632970e916c627a,TowerNumberNine,1445.2,127.5,2,1.34,2020-11-28
2021-06-27,KARDS Open VII,bf:5fbf28984d01f9313d135d0f,Ayako,1466.4,132.7,1,0.67,2020-11-28
2021-06-27,KARDS Open VII,bf:5fbf30a2a447ab4bb37e1b38,1330775381,1454.9,128.8,2,1.34,2020-11-28
2021-06-27,KARDS Open VII,bf:5fbf32921632970e916c6301,Paddy,1437.6,127.4,2,1.34,2020-11-28
2021-06-27,KARDS Open VII,bf:5fbf3849043fd20cdf90d500,Dirty Jon,1480.2,106.6,7,4.69,2020-11-29
2021-06-27,KARDS Open VII,bf:5fbf3d90adfefd64e8c91af1,tortunbator,1471.2,122.8,3,2.01,2020-11-28
2021-06-27,KARDS Open VII,bf:5fbf4b25698db1048d27bdc9,白皮猪杀手,1434.7,127.2,2,1.34,2020-11-28
2021-06-27,KARDS Open VII,bf:5fbf4fe05d320863b86f0fb6,Kimssa,1587.8,85.9,15,11.32,2021-04-04
2021-06-27,KARDS Open VII,bf:5fbf516e2dc8793ada852a4c,VitalkaFS,1508.3,117.9,4,2.68,2020-11-28
2021-06-27,KARDS Open VII,bf:5fbf5273adfefd64e8c91b99,crazymonkey,1537.9,114.8,5,3.35,2020-11-28
2021-06-27,KARDS Open VII,bf:5fbf62605d320863b86f0ff1,梁家河扛麦郎,1498.0,126.8,2,1.34,2020-11-28
2021-06-27,KARDS Open VII,bf:5fbf6ade2dc8793ada852a75,Maty,1511.0,92.9,12,8.77,2021-04-03
2021-06-27,KARDS Open VII,bf:5fbf6f3f26ea883a515841f0,Wuhu_Airline,1445.3,127.8,2,1.34,2020-11-28
2021-06-27,KARDS Open VII,bf:5fbf7a86b0ef7749130e4dec,ID由于太昭和无法显示,1470.2,122.4,3,2.01,2020-11-28
2021-06-27,KARDS Open VII,bf:5fbf81d4698db1048d27bf78,Andrewkaiyan,1524.1,101.3,9,6.03,2020-11-29
2021-06-27,KARDS Open VII,bf:5fbf8670698db1048d27bfda,zadkiel0508,1499.9,127.2,2,1.34,2020-11-28
2021-06-27,KARDS Open VII,bf:5fbf86bf2dc8793ada852abe,Kiertscher,1515.2,104.2,8,5.36,2020-11-29
2021-06-27,KARDS Open VII,bf:5fbf8fc55d320863b86f1086,共和国荣光,1476.9,122.7,3,2.01,2020-11-28
2021-06-27,KARDS Open VII,bf:5fbf97cfb0ef7749130e4e94,AndyNing,1476.5,123.2,3,2.01,2020-11-28
2021-06-27,KARDS Open VII,bf:5fbf9fa55d320863b86f10d6,watchmen,1606.0,113.4,5,3.35,2020-11-28
2021-06-27,KARDS Open VII,bf:5fbfa1ec5d320863b86f10df,s8130662,1699.9,102.4,9,6.03,2020-11-29
2021-06-27,KARDS Open VII,bf:5fbfa6575d320863b86f10ec,think,1444.6,127.7,2,1.34,2020-11-28
2021-06-27,KARDS Open VII,bf:5fbfa75c0f21e57963853e73,2057458491@qq.com,1590.0,114.0,5,3.35,2020-11-28
2021-06-27,KARDS Open VII,bf:5fbfa9f0a2fd34654753c891,Wizard,1554.4,101.1,9,6.03,2020-11-29
2021-06-27,KARDS Open VII,bf:5fbfaa4726ea883a5158435d,UnhappyRefrain,1464.3,122.3,3,2.01,2020-11-28
2021-06-27,KARDS Open VII,bf:5fbfaa5d698db1048d27c161,Feiron,1474.1,133.1,1,0.67,2020-11-28
2021-06-27,KARDS Open VII,bf:5fbfafde1632970e916c652e,Non-motorized,1511.8,103.9,8,5.36,2020-11-29
2021-06-27,KARDS Open VII,bf:5fbfb1ca2dc8793ada852b72,Satomi_ren,1599.7,107.3,7,4.69,2020-11-29
2021-06-27,KARDS Open VII,bf:5fbfb4c7043fd20cdf90d6e1,唐努图什么,1501.0,127.3,2,1.34,2020-11-28
2021-06-27,KARDS Open VII,bf:5fbfb60f1632970e916c6544,rayson366458,1450.3,128.1,2,1.34,2020-11-28
2021-06-27,KARDS Open VII,bf:5fbfb8692dc8793ada852b8d,为啥起的名字都无效,1511.3,128.4,2,1.34,2020-11-28
2021-06-27,KARDS Open VII,bf:5fbfb8f1043fd20cdf90d702,James Patterson,1441.9,117.9,4,2.68,2020-11-28
2021-06-27,KARDS Open VII,bf:5fbfba184d01f9313d135f37,Simple One,1469.4,132.8,1,0.67,2020-11-28
2021-06-27,KARDS Open VII,bf:5fbfbd51b0ef7749130e4f38,MC_Shiro,1585.1,94.4,12,8.71,2021-02-07
2021-06-27,KARDS Open VII,bf:5fbfc2c9043fd20cdf90d720,bushirenchou,1545.2,114.0,5,3.35,2020-11-28
2021-06-27,KARDS Open VII,bf:5fbfc6e15d320863b86f1193,李鸿章,1543.1,101.9,9,6.03,2020-11-29
2021-06-27,KARDS Open VII,bf:5fbfd4581632970e916c6699,Claris,1478.6,122.5,3,2.01,2020-11-28
2021-06-27,KARDS Open VII,bf:5fbffbaa2dc8793ada85319e,MeRRoR,1465.8,104.5,8,5.36,2020-11-29
2021-06-27,KARDS Open VII,bf:5fc003a1b0ef7749130e5216,Zuasfadas,1544.2,118.9,4,2.68,2020-11-28
2021-06-27,KARDS Open VII,bf:5fc0046a698db1048d27c912,ChariotBlitz,1523.6,114.0,5,3.35,2020-11-28
2021-06-27,KARDS Open VII,bf:5fc0060d698db1048d27c939,machue,1460.4,121.9,3,2.01,2020-11-28
2021-06-27,KARDS Open VII,bf:5fc017df26ea883a515847d5,Nikica,1536.3,100.8,9,6.03,2020-11-29
2021-06-27,KARDS Open VII,bf:5fc0244ca2fd34654753d0cb,Bjelke666,1370.7,99.8,10,7.27,2021-02-07
2021-06-27,KARDS Open VII,bf:5fc048141632970e916c6beb,Jannik,1496.3,127.1,2,1.34,2020-11-28
2021-06-27,KARDS Open VII,bf:5fc062ca3a712911d5860aac,Chimpu,1439.1,127.4,2,1.34,2020-11-28
2021-06-27,KARDS Open VII,bf:5fc06376a447ab4bb37e29a7,西域战神阿凡提,1466.0,132.7,1,0.67,2020-11-28
2021-06-27,KARDS Open VII,bf:5fc07486698db1048d27ccd5,hj123c,1436.8,127.3,2,1.34,2020-11-28
2021-06-27,KARDS Open VII,bf:5fc0ff84971c1811b1c02525,lapotNIK,1477.7,123.2,3,2.01,2020-11-28
2021-06-27,KARDS Open VII,bf:5fc13108a447ab4bb37e2e33,Az4zel,1472.7,112.1,6,4.02,2020-11-29
2021-06-27,KARDS Open VII,bf:5fc133575ca52f15c00549a9,Legio_Victrix,1600.5,101.4,9,6.03,2020-11-29
2021-06-27,KARDS Open VII,bf:5fc13c125d320863b86f1d60,聖訷殺,1432.9,127.6,2,1.34,2020-11-28
2021-06-27,KARDS Open VII,bf:5fc13c6e4a99f533280c7373,Vavilon6,1686.4,66.7,33,25.29,2021-04-10
2021-06-27,KARDS Open VII,bf:5fc1647ca447ab4bb37e3019,Lampround,1443.6,127.3,2,1.34,2020-11-28
2021-06-27,KARDS Open VII,bf:5fc1741a4a3afe55318cf945,Waldemaras,1409.5,102.0,7,6.33,2021-06-26
2021-06-27,KARDS Open VII,bf:5fc1760a2dc8793ada853e83,Thetankman3,1628.7,111.4,6,4.02,2020-11-29
2021-06-27,KARDS Open VII,bf:5fc1c2f14a3afe55318cfd98,RudyFlyer,1464.0,132.5,1,0.67,2020-11-28
2021-06-27,KARDS Open VII,bf:5fc1dd90043fd20cdf90e83e,BADmuji,1461.3,96.9,11,7.66,2021-02-06
2021-06-27,KARDS Open VII,bf:5fc1dd9b2dc8793ada8544a3,GeneralMaximus_5,1444.4,117.9,4,2.68,2020-11-28
2021-06-27,KARDS Open VII,bf:5fc1f746a2fd34654753e1ae,GearWolf1991,1462.1,104.0,8,5.36,2020-11-29
2021-06-27,KARDS Open VII,bf:5fc2123f8ae4c5551e8b0129,Agent007,1480.9,114.1,5,3.35,2020-11-28
2021-06-27,KARDS Open VII,bf:5fc21ebcb0ef7749130e6b81,Agumonster,1448.1,127.7,2,1.34,2020-11-28
2021-06-27,KARDS Open VII,bf:5fc241c1f1aa2511d7251933,Reaper,1424.1,123.3,3,2.01,2020-11-28
2021-06-27,KARDS Open VII,bf:5fc24f00971c1811b1c037b0,Wladca,1440.2,127.4,2,1.34,2020-11-28
2021-06-27,KARDS Open VII,bf:5fc26afe6052f211a7127a71,yahya94,1470.8,113.7,5,3.35,2020-11-29
2021-06-27,KARDS Open VII,bf:5fc2cfeb2350e111ca3e4a6e,Lan,1375.5,92.2,13,10.08,2021-02-21
2021-06-27,KARDS Open VII,bf:5fd0f538f2b2ef0cb211c66d,winman82,1485.0,115.3,4,3.06,2021-02-06
2021-06-27,KARDS Open VII,bf:6018722f6b7a4c1c7ef01779,"Котейка ПочтаЛион ""Каратель""",1465.6,112.3,5,3.83,2021-02-07
2021-06-27,KARDS Open VII,bf:601995acbe9b881d09177a3a,Berserker,1407.2,122.4,3,2.3,2021-02-07
2021-06-27,KARDS Open VII,bf:6019ce668e21aa1d188c190d,DJSF,1456.1,108.3,6,4.72,2021-02-21
2021-06-27,KARDS Open VII,bf:601a74d5f4761b1d98293c14,gardr,1399.9,109.8,6,4.65,2021-02-20
2021-06-27,KARDS Open VII,bf:601ad0d4bccfe11bd7952790,Bubblebox,1561.7,91.1,12,9.31,2021-02-21
2021-06-27,KARDS Open VII,bf:601ae997fb69622ad6617823,Lord Zarax,1454.5,108.5,6,4.72,2021-02-21
2021-06-27,KARDS Open VII,bf:601aface2eb6151da1f9651f,Amarok,1456.4,120.7,3,2.3,2021-02-06
2021-06-27,KARDS Open VII,bf:601afc674443111ba564023d,RTylerW,1450.8,118.5,4,3.06,2021-02-06
2021-06-27,KARDS Open VII,bf:601b5b897d76ec1b99358c6f,IMStarker,1442.0,113.3,5,3.89,2021-02-20
2021-06-27,KARDS Open VII,bf:601c0e79b125d31d258fd278,Ish,1481.1,113.1,5,3.83,2021-02-07
2021-06-27,KARDS Open VII,bf:601c4a12e848ea2ae5565fa7,UappaSguappa,1530.0,120.3,3,2.3,2021-02-06
2021-06-27,KARDS Open VII,bf:601c52cb2eb6151da1f96ccf,Asarnil,1502.6,126.7,2,1.53,2021-02-06
2021-06-27,KARDS Open VII,bf:601c5640242f461d92104636,Flironic,1462.6,131.8,1,0.77,2021-02-06
2021-06-27,KARDS Open VII,bf:601c5831f4761b1d98294688,gillis,1463.3,131.9,1,0.77,2021-02-06
2021-06-27,KARDS Open VII,bf:601c5d21bccfe11bd79533ba,NikitoSNaz,1479.4,112.5,5,3.83,2021-02-07
2021-06-27,KARDS Open VII,bf:601c602c8989bb1d0ffd2d60,Boom Stand,1456.3,108.5,6,4.59,2021-02-07
2021-06-27,KARDS Open VII,bf:601c66707d76ec1b99359336,Uncle_Gags,1450.9,128.1,2,1.53,2021-02-06
2021-06-27,KARDS Open VII,bf:601c6d39ce01411daff6ce45,Ludo,1519.5,106.7,7,5.36,2021-02-07
2021-06-27,KARDS Open VII,bf:601c71455470fa2af29f5034,Sebastianhenry,1429.0,108.2,6,4.59,2021-02-07
2021-06-27,KARDS Open VII,bf:601c7bb24443111ba5640e9a,sleppy,1394.0,108.5,6,4.6,2021-02-07
2021-06-27,KARDS Open VII,bf:601c9026bf58cf5f54a82622,adriano.rln2,1485.2,107.3,6,4.6,2021-02-07
2021-06-27,KARDS Open VII,bf:601c914f7d548611be769699,Chippendale,1541.7,121.3,3,2.3,2021-02-06
2021-06-27,KARDS Open VII,bf:601c994b3b155711d4677d1b,Thunderhide Alpha,1452.5,109.1,6,4.6,2021-02-07
2021-06-27,KARDS Open VII,bf:601c9b3d2a229411c4dec493,JackaL,1476.9,120.2,3,2.3,2021-02-06
2021-06-27,KARDS Open VII,bf:601c9f9ef8251e1bb7eb0fb5,PainmakeR,1379.1,69.8,27,23.44,2021-06-26
2021-06-27,KARDS Open VII,bf:601cafe1bb724711bbdc0e41,diablojoker,1602.6,101.6,8,6.14,2021-02-13
2021-06-27,KARDS Open VII,bf:601cb9e68f8ab5604536225b,xialang,1575.5,95.5,10,7.81,2021-02-27
2021-06-27,KARDS Open VII,bf:601ccaa7df90f911ab030712,Smoky,1496.3,103.8,7,5.45,2021-04-03
2021-06-27,KARDS Open VII,bf:601ccba636ceeb11b32b80ff,清水晴政,1516.4,118.8,4,3.06,2021-02-06
2021-06-27,KARDS Open VII,bf:601ce5a78e21aa1d188c2da4,scarecrow,1461.5,130.6,1,1.0,2021-06-26
2021-06-27,KARDS Open VII,bf:601cf711ce01411daff6d2c9,The Ice Baron,1518.1,116.1,4,3.06,2021-02-06
2021-06-27,KARDS Open VII,bf:601d189a36ceeb11b32b81e2,MR.p,1597.7,93.0,10,9.09,2021-05-30
2021-06-27,KARDS Open VII,bf:601d204cab29fd2adcd79a2d,Juliuspluvius,1498.4,101.4,7,6.44,2021-05-29
2021-06-27,KARDS Open VII,bf:601d2fa3242f461d92104ad0,tief-pass,1489.7,112.8,5,3.83,2021-02-07
2021-06-27,KARDS Open VII,bf:601d334704309b1b93074798,Jashin,1501.4,80.7,17,15.11,2021-06-27
2021-06-27,KARDS Open VII,bf:601d4daaa3a63111ba7f6ad7,0331,1511.2,112.8,5,3.83,2021-02-07
2021-06-27,KARDS Open VII,bf:601d68eabf58cf5f54a82fbf,LeeandGarros,1467.8,118.9,4,3.06,2021-02-06
2021-06-27,KARDS Open VII,bf:601d6a1959fc1e11b57d5700,binhpac,1490.9,120.8,3,2.3,2021-02-06
2021-06-27,KARDS Open VII,bf:601d6e10dca2311bb626f1d2,giannikas,1479.8,120.4,3,2.55,2021-04-03
2021-06-27,KARDS Open VII,bf:601d724003f1bc1bc847aa4d,WarCrow,1486.9,107.9,6,4.59,2021-02-07
2021-06-27,KARDS Open VII,bf:601d72b8945ba61bbd9b6b3e,JamesJimRaynor,1698.2,96.2,10,7.69,2021-02-13
2021-06-27,KARDS Open VII,bf:601d8327ce01411daff6dde0,zvezda,1576.0,105.2,7,5.36,2021-02-07
2021-06-27,KARDS Open VII,bf:601d841d36ceeb11b32b8857,Чайный Игрок,1436.7,126.6,2,1.53,2021-02-06
2021-06-27,KARDS Open VII,bf:601d8d265470fa2af29f55e8,Bronzeguy,1496.2,116.0,4,3.06,2021-02-06
2021-06-27,KARDS Open VII,bf:601dacd85156047698264137,pelota,1605.8,105.0,7,5.37,2021-02-13
2021-06-27,KARDS Open VII,bf:601dd93585cc4e75ecefaa9c,X_predator,1485.3,121.2,3,2.3,2021-02-06
2021-06-27,KARDS Open VII,bf:601ddad214499975b676d714,Autisticles,1480.1,116.7,4,3.06,2021-02-06
2021-06-27,KARDS Open VII,bf:601dff5114499975b676d7fb,Vladimir_the_Great,1438.7,108.7,6,4.59,2021-02-07
2021-06-27,KARDS Open VII,bf:601e170e8b295778d1474505,TriggerMcHappy,1486.4,126.4,2,1.53,2021-02-06
2021-06-27,KARDS Open VII,bf:601e1a04b66ee1767c0f19bf,metaman0,1510.0,109.5,6,4.59,2021-02-07
2021-06-27,KARDS Open VII,bf:601e4222507c147700ac949d,Bishamon,1423.3,81.6,18,14.49,2021-04-04
2021-06-27,KARDS Open VII,bf:601e45ae6c6f1475e154a175,cws1968,1478.0,112.0,5,3.83,2021-02-07
2021-06-27,KARDS Open VII,bf:601e5d325156047698264588,idslksyllbls,1554.3,104.3,7,5.36,2021-02-07
2021-06-27,KARDS Open VII,bf:601e60c914499975b676db49,Agasfer88,1495.0,108.3,6,4.59,2021-02-07
2021-06-27,KARDS Open VII,bf:601e734995780078daf3e9cf,Budark,1506.4,125.3,2,1.53,2021-02-06
2021-06-27,KARDS Open VII,bf:601e77957e074a75c3e36c24,Drazer,1514.2,115.9,4,3.06,2021-02-07
2021-06-27,KARDS Open VII,bf:601e7dd895780078daf3ed80,VadimPoltava,1445.3,116.3,4,3.06,2021-02-06
2021-06-27,KARDS Open VII,bf:601e7e5af38de8768ef0dbdf,Funnies,1480.1,133.4,1,0.77,2021-02-06
2021-06-27,KARDS Open VII,bf:601e92a7e5c01375db7f5de8,stevenj21,1447.1,94.8,11,8.55,2021-02-21
2021-06-27,KARDS Open VII,bf:601e9b8beae820768baef5db,Csasz74,1351.9,110.9,6,4.76,2021-04-03
2021-06-27,KARDS Open VII,bf:601e9c49e5c01375db7f5e53,Heliks,1560.2,109.0,6,4.59,2021-02-07
2021-06-27,KARDS Open VII,bf:601e9d308392ff75fb351ffc,Хлебный Игрок,1467.8,132.0,1,0.77,2021-02-06
2021-06-27,KARDS Open VII,bf:601ea179eae820768baef620,notturno68,1419.8,125.8,2,1.53,2021-02-06
2021-06-27,KARDS Open VII,bf:601ea84d2cdc35768253b653,pablonsky,1454.5,128.0,2,1.53,2021-02-06
2021-06-27,KARDS Open VII,bf:602bf7e108d6c576f70885be,ACE YUR FACE,1521.9,107.8,6,4.72,2021-02-21
2021-06-27,KARDS Open VII,bf:602c0e5389472a782b9cbc26,Shockwave750,1579.2,106.4,6,4.73,2021-02-27
2021-06-27,KARDS Open VII,bf:602c2018507c147700acf905,Bomber_Harris,1448.3,108.5,6,4.72,2021-02-21
2021-06-27,KARDS Open VII,bf:602c22cdabb67b53bb4c4954,Haruna Izumi,1430.4,112.7,5,3.93,2021-02-21
2021-06-27,KARDS Open VII,bf:602d35b5e953470c8c2eb398,skippu_white,1437.7,112.6,5,3.93,2021-02-21
2021-06-27,KARDS Open VII,bf:602d5acba74cc17c31b7d9af,Nyarlathotep,1575.1,67.8,25,22.65,2021-06-27
2021-06-27,KARDS Open VII,bf:602efa92d7a4147c1146d997,Dynamo D,1581.6,100.4,8,6.31,2021-02-27
2021-06-27,KARDS Open VII,bf:602f98dc95b59911a33166f5,Craylight,1398.3,110.8,5,3.93,2021-02-21
2021-06-27,KARDS Open VII,bf:6030551a73965f35ae461762,log1c,1578.1,89.3,13,10.69,2021-04-10
2021-06-27,KARDS Open VII,bf:6030a2af3222cb45216b822e,DarkwingedTrumpeter,1393.6,120.6,3,2.36,2021-02-20
2021-06-27,KARDS Open VII,bf:6039135967b58f1e04196610,CEO of Racism,1524.2,105.4,6,5.11,2021-04-04
2021-06-27,KARDS Open VII,bf:604e70169811de4a8929cc66,chrasi,1560.4,94.2,9,8.25,2021-06-26
2021-06-27,KARDS Open VII,bf:60509713496ba24d0604cc08,TreePipit,1492.2,92.6,10,9.1,2021-06-26
2021-06-27,KARDS Open VII,bf:6050d9c1d164f74b8e7830c0,AnTeallach,1512.6,114.4,4,3.4,2021-04-03
2021-06-27,KARDS Open VII,bf:6050dd83d164f74b8e7830f8,VyC,1528.2,106.6,6,5.11,2021-04-04
2021-06-27,KARDS Open VII,bf:60512d0b3ae2c317e32bcf66,Ace29,1501.4,102.7,6,5.99,2021-06-26
2021-06-27,KARDS Open VII,bf:6051fe41cbd09156d261e80c,Io de Scylla,1510.5,105.3,6,5.11,2021-04-04
2021-06-27,KARDS Open VII,bf:60520c7e3ae2c317e32bd629,Grenadier Gomby,1507.3,105.8,6,5.11,2021-04-04
2021-06-27,KARDS Open VII,bf:6061f0d91d5ed13ba0590c8c,NikolaTesla,1459.5,131.1,1,0.85,2021-04-03
2021-06-27,KARDS Open VII,bf:606205aa77b5c319f9259197,Spaghetti Dan,1427.8,103.8,7,5.96,2021-04-04
2021-06-27,KARDS Open VII,bf:60620a3ddb064f11ae99a9cc,BlatherskiteChannel,1439.8,125.8,2,1.7,2021-04-03
2021-06-27,KARDS Open VII,bf:60623bfcfe869e359192bdb3,Richard Zorge ( tfcvgy),1449.4,131.0,1,0.85,2021-04-03
2021-06-27,KARDS Open VII,bf:60624761e23edf11a8fbebab,Eric Haas,1424.9,103.9,7,5.96,2021-04-04
2021-06-27,KARDS Open VII,bf:6062d422fe869e359192c071,rezvuhin.dmitrij,1463.5,131.1,1,0.85,2021-04-03
2021-06-27,KARDS Open VII,bf:60631191ef449e2156a5adf9,saiko,1535.9,103.2,7,5.96,2021-04-04
2021-06-27,KARDS Open VII,bf:6064433143507c17f08ff721,lutherizz,1473.9,115.9,4,3.4,2021-04-03
2021-06-27,KARDS Open VII,bf:60644d12bea76d63440e66db,casatron,1482.4,120.0,3,2.55,2021-04-03
2021-06-27,KARDS Open VII,bf:6064772a1dc5b905e3c0ff51,repose,1481.0,107.7,6,5.11,2021-04-04
2021-06-27,KARDS Open VII,bf:60647b02521bb713377d6f5c,Zilda,1639.0,81.8,16,14.4,2021-05-30
2021-06-27,KARDS Open VII,bf:60649133d9c5a005c360423e,Rusl,1413.9,121.7,3,2.55,2021-04-03
2021-06-27,KARDS Open VII,bf:6064975b99c79405c943b28f,#romano737,1459.0,109.4,5,4.26,2021-04-04
2021-06-27,KARDS Open VII,bf:6064b09a65d11d138804412a,ttolpann,1475.6,109.8,5,4.26,2021-04-04
2021-06-27,KARDS Open VII,bf:6064c336521bb713377d7223,Bazsi500,1386.3,119.2,3,2.55,2021-04-03
2021-06-27,KARDS Open VII,bf:6065dd291b083505d3f69759,kusanagui2501,1448.0,130.9,1,0.85,2021-04-03
2021-06-27,KARDS Open VII,bf:6065e506c75b3f32bc8957c9,Fortress,1445.1,114.7,4,3.4,2021-04-03
2021-06-27,KARDS Open VII,bf:60665059bea76d63440e763f,ethen,1504.3,112.3,5,4.26,2021-04-04
2021-06-27,KARDS Open VII,bf:60674f097230f532c22615b9,dodos,1530.1,106.9,6,5.11,2021-04-04
2021-06-27,KARDS Open VII,bf:60676fb11d5ed13ba0593743,marcelinovegaviejo,1485.0,134.3,1,0.85,2021-04-03
2021-06-27,KARDS Open VII,bf:60677695fe869e359192e820,benny,1511.3,126.2,2,1.7,2021-04-03
2021-06-27,KARDS Open VII,bf:6068332c521bb713377d8fdf,melenkurion,1462.0,130.9,1,0.85,2021-04-03
2021-06-27,KARDS Open VII,bf:60685007d0955e11e2b013f4,germanicus438,1483.0,77.2,18,16.68,2021-06-26
2021-06-27,KARDS Open VII,bf:606854ffd0955e11e2b01407,Magnus_Aurel,1533.8,106.6,6,5.12,2021-04-10
2021-06-27,KARDS Open VII,bf:60687ce718f0251191ca9656,Gagarinyasha,1424.2,114.1,4,3.4,2021-04-03
2021-06-27,KARDS Open VII,bf:60687eb5eea041235d6db8aa,#nini,1406.5,110.5,5,4.26,2021-04-04
2021-06-27,KARDS Open VII,bf:6070a8022fd5451122c65ae8,apara,1520.0,104.0,6,5.68,2021-05-29
2021-06-27,KARDS Open VII,bf:60721ccb5c1419118df3a796,OOUTAIWAN,1475.4,87.6,12,11.67,2021-06-26
2021-06-27,KARDS Open VII,bf:60763581b7083a45e0c65882,Thunder,1418.4,123.3,2,2.0,2021-06-26
2021-06-27,KARDS Open VII,bf:607823b0c75b3f32bc89dbca,White Eagle,1623.8,85.0,13,12.62,2021-06-27
2021-06-27,KARDS Open VII,bf:60946d0dab3bf12889662245,VikingClog,1439.7,103.5,6,5.68,2021-05-29
2021-06-27,KARDS Open VII,bf:60953c50980c9b122a48e011,#magnetto_man,1465.4,104.5,6,5.68,2021-05-29
2021-06-27,KARDS Open VII,bf:609b70096b6b3d37fdd49225,TheFrenchHolyTemplar,1539.3,116.8,3,2.99,2021-06-26
2021-06-27,KARDS Open VII,bf:60a356b944cea86cbcb2d935,Rngesus,1402.0,108.9,5,4.73,2021-05-29
2021-06-27,KARDS Open VII,bf:60a3bf649226326cec5f141a,SkillKill,1396.2,119.4,3,2.84,2021-05-29
2021-06-27,KARDS Open VII,bf:60a3f0a911d3b171064316ce,Obristan,1444.1,117.1,3,2.84,2021-05-29
2021-06-27,KARDS Open VII,bf:60a432af9226326cec5f185b,MeRoll,1434.6,95.4,9,8.67,2021-06-26
2021-06-27,KARDS Open VII,bf:60a503770ee905712684a97d,Leichelot1,1407.0,110.2,5,4.73,2021-05-29
2021-06-27,KARDS Open VII,bf:60a543cc9c13276cd6914076,#MrEcho,1459.6,106.9,5,4.73,2021-05-29
2021-06-27,KARDS Open VII,bf:60a5955444cea86cbcb2ebc2,Tanner,1449.2,126.4,2,1.89,2021-05-29
2021-06-27,KARDS Open VII,bf:60a61caf0327e8746992e60b,estienne2,1408.5,90.9,11,10.67,2021-06-26
2021-06-27,KARDS Open VII,bf:60a6368e0072106f76db29dd,Skiller,1321.8,109.3,5,4.73,2021-05-29
2021-06-27,KARDS Open VII,bf:60a65e7e982b577479221d7e,Hackfresse,1468.1,103.1,6,5.68,2021-05-29
2021-06-27,KARDS Open VII,bf:60a67f38000fb03f36004b2c,Dindalian,1586.4,85.7,13,12.67,2021-06-27
2021-06-27,KARDS Open VII,bf:60a685a99c13276cd691508d,loud and clear,1436.6,88.6,11,10.67,2021-06-26
2021-06-27,KARDS Open VII,bf:60a7c75f9c13276cd691586e,devil,1560.7,99.2,8,7.62,2021-06-26
2021-06-27,KARDS Open VII,bf:60a9f588982b57747922392a,Marek,1527.6,88.8,11,10.67,2021-06-26
2021-06-27,KARDS Open VII,bf:60aaf2216dada66f5e2a839e,ChemistryMaster,1447.1,130.2,1,0.95,2021-05-29
2021-06-27,KARDS Open VII,bf:60abd00e9226326cec5f56e5,Garand Конституції,1421.6,113.3,4,3.79,2021-05-29
2021-06-27,KARDS Open VII,bf:60ae026e000fb03f36007a83,EcholoQE,1474.7,132.0,1,0.95,2021-05-29
2021-06-27,KARDS Open VII,bf:60ae60e26dada66f5e2a9239,ERB0L,1653.6,92.7,10,9.47,2021-05-30
2021-06-27,KARDS Open VII,bf:60b0a4d9835684119d3312d6,Bob1974,1414.4,109.4,5,4.73,2021-05-29
2021-06-27,KARDS Open VII,bf:60b1d9960072106f76db7938,FrosT_NF,1368.8,104.5,6,5.68,2021-05-29
2021-06-27,KARDS Open VII,bf:60b2450639bdbb113a68b017,*UBI_ghost,1431.9,109.3,5,4.73,2021-05-29
2021-06-27,KARDS Open VII,bf:60c514950332eb573b6ef25d,polancowoods45,1395.7,108.3,5,4.99,2021-06-26
2021-06-27,KARDS Open VII,bf:60c929871a01bf49674e1815,HW Plainview,1339.7,110.8,5,4.99,2021-06-26
2021-06-27,KARDS Open VII,bf:60c9b27ea95cd94e9dae5da2,虚无主义,1547.6,104.4,6,5.99,2021-06-26
2021-06-27,KARDS Open VII,bf:60ca4cb5a95cd94e9dae6026,Kindero,1473.6,131.7,1,1.0,2021-06-26
2021-06-27,KARDS Open VII,bf:60ca80ace39b28468395e0c2,PAGMARE,1571.3,106.9,5,4.99,2021-06-26
2021-06-27,KARDS Open VII,bf:60cb505451487a4eb2227f1a,Vector,1463.9,121.2,3,2.99,2021-06-26
2021-06-27,KARDS Open VII,bf:60d7295878f6123d75383e7c,Unskilz,1479.3,102.4,6,5.99,2021-06-26
2021-09-07,Kards Open VIII,bf:544fd1e1a3aee26f0b100edb,121,1519.6,101.3,13,5.98,2020-08-30
2021-09-07,Kards Open VIII,bf:55a9e6f380ec56430032820c,swigmonkey,1448.3,118.4,4,2.67,2021-02-06
2021-09-07,Kards Open VIII,bf:564e7b5b80b8db4a00c4ff9c,Jking7,1740.1,51.7,71,49.51,2021-08-21
2021-09-07,Kards Open VIII,bf:56bf93a68b6bc7030304a789,Kynio,1498.0,114.7,7,3.22,2020-07-26
2021-09-07,Kards Open VIII,bf:56ed79634fdf9b7e1224dddc,[DB] Praetorian,1549.1,123.8,4,1.84,2020-07-25
2021-09-07,Kards Open VIII,bf:57101bc80b3b0f8312f27ec5,Socialist,1494.6,90.5,13,9.86,2021-08-21
2021-09-07,Kards Open VIII,bf:572751089b61d587125da415,Pad,1544.5,111.9,8,3.68,2020-07-26
2021-09-07,Kards Open VIII,bf:5784f8bcf26da72d0cd20f65,LuckyLuke,1473.4,93.2,17,8.61,2020-11-28
2021-09-07,Kards Open VIII,bf:57a1697c8c3386280ca04b34,batis,1537.9,85.5,21,11.48,2021-04-04
2021-09-07,Kards Open VIII,bf:57b5a7ffabd8181c0cfdf304,CaptainA,1502.6,106.5,9,4.97,2021-02-06
2021-09-07,Kards Open VIII,bf:5931f755f2d1a503331ea51d,Chrisca,1501.9,130.8,2,0.92,2020-07-25
2021-09-07,Kards Open VIII,bf:596dd6d3014e6b033a8a1275,RainZone,1583.8,111.9,8,3.68,2020-07-26
2021-09-07,Kards Open VIII,bf:59b91e3e40985d034416fd27,Isenberg,1492.8,130.4,2,0.92,2020-07-25
2021-09-07,Kards Open VIII,bf:5a4d98c332953903641106de,Freddie,1570.5,91.3,17,8.95,2020-11-29
2021-09-07,Kards Open VIII,bf:5a58cabb82c7de043a3c289b,[TNT] marvin_the_imp,1499.5,127.7,2,1.34,2021-02-06
2021-09-07,Kards Open VIII,bf:5a8879b76c3ac00358830d7c,Benji,1526.8,90.0,16,9.94,2021-02-07
2021-09-07,Kards Open VIII,bf:5ad6b5686a20dd03885fa1d1,Jugador,1515.3,121.0,5,2.3,2020-07-26
2021-09-07,Kards Open VIII,bf:5b0094b93d8b3603b86987cc,Bob the Tomato,1481.2,123.9,4,1.97,2020-08-30
2021-09-07,Kards Open VIII,bf:5b38c676cbd82c03a4f28e8f,doge34,1650.6,77.5,29,16.25,2021-04-04
2021-09-07,Kards Open VIII,bf:5b499abbdbda4803ac64b712,SdCorpse,1528.9,124.1,3,1.75,2020-11-28
2021-09-07,Kards Open VIII,bf:5bef1fd422a55803cb340a40,OHxCORNGUY,1522.7,96.5,10,7.42,2021-05-29
2021-09-07,Kards Open VIII,bf:5c3b6b20304450039e51c054,Yorrit,1499.8,106.6,8,4.68,2020-11-29
2021-09-07,Kards Open VIII,bf:5c4d3b7150078403fe2d5308,龍槍雷斯林(raslin2006),1543.2,92.0,11,9.26,2021-06-26
2021-09-07,Kards Open VIII,bf:5c4dca4fa9f6820352797666,VildeScarz,1552.1,110.6,8,3.94,2020-08-30
2021-09-07,Kards Open VIII,bf:5c7e66cd2dd6e4033a9d5fd1,Elikur,1505.9,91.3,12,9.41,2021-08-07
2021-09-07,Kards Open VIII,bf:5c834379fdf5df032965d470,Johnny,1520.4,126.4,3,1.38,2020-07-25
2021-09-07,Kards Open VIII,bf:5d0fba42acc6ed329c51837f,Rokeiro,1443.9,128.1,3,1.22,2020-05-23
2021-09-07,Kards Open VIII,bf:5d26bcf5c9bf6055b457dfb5,UkrainianKing,1586.9,81.7,21,13.33,2021-05-30
2021-09-07,Kards Open VIII,bf:5d47ab5c0451666910e5c0af,Joshua12450,1469.4,122.9,3,2.0,2021-02-06
2021-09-07,Kards Open VIII,bf:5d4eae596c2b2139a67ce680,Punpun,1476.4,110.2,5,4.13,2021-05-29
2021-09-07,Kards Open VIII,bf:5d6bf8a0238bc73c869e6430,Niemand,1448.5,128.8,2,1.17,2020-11-28
2021-09-07,Kards Open VIII,bf:5dadf6683f9f8d27e2e9cc0b,GKZhukov,1626.0,85.1,17,11.57,2021-02-27
2021-09-07,Kards Open VIII,bf:5dff9d39fafe5a70cf39ed01,Time to harsh your buzz!,1449.4,129.7,2,0.98,2020-08-29
2021-09-07,Kards Open VIII,bf:5e055721e0b14c3515213776,sk1091,1486.1,135.0,1,0.49,2020-08-29
2021-09-07,Kards Open VIII,bf:5e47e9a0f854af105e7ca35f,tominkorea,1447.3,106.5,6,4.95,2021-05-29
2021-09-07,Kards Open VIII,bf:5e6a39a3f1f90c345a8e7fcd,Yakin,1561.6,107.6,7,4.81,2021-02-27
2021-09-07,Kards Open VIII,bf:5e7e00974f03651058bba114,Camm,1517.9,108.7,6,4.46,2021-04-04
2021-09-07,Kards Open VIII,bf:5e7fb8e3d7ce547b37484302,jaja,1510.4,128.5,2,1.17,2020-11-28
2021-09-07,Kards Open VIII,bf:5e889af67a9c4c10932a6ca9,usp45master,1546.6,80.4,19,14.5,2021-06-26
2021-09-07,Kards Open VIII,bf:5e9cf8ff72e2961f747c7978,DARKCA5TLE,1607.0,98.0,11,7.37,2021-04-10
2021-09-07,Kards Open VIII,bf:5eb572f0a795290866140381,rdbigdog,1598.7,112.8,7,3.72,2020-11-28
2021-09-07,Kards Open VIII,bf:5eb57d1601b7fd0fe0488f0f,Astral,1496.8,122.3,5,2.04,2020-05-23
2021-09-07,Kards Open VIII,bf:5eb583d54a8bea0acd7ea437,SharkPup,1459.5,131.1,2,0.82,2020-05-23
2021-09-07,Kards Open VIII,bf:5eb598330abb797ad38acaee,NonGMOSalt,1606.1,84.9,18,11.54,2021-05-30
2021-09-07,Kards Open VIII,bf:5eb6495f5d6f1b5d1c5d7d95,kenny,1490.7,99.2,11,7.0,2021-05-29
2021-09-07,Kards Open VIII,bf:5eb65df574f31a11dd226b38,Darkness,1871.2,65.1,61,41.24,2021-08-21
2021-09-07,Kards Open VIII,bf:5eb664dbaefaaf170fa246f1,RookVenturer1313,1490.5,123.3,5,2.04,2020-05-23
2021-09-07,Kards Open VIII,bf:5eb708950fe915528f90abfd,Donald Trump,1502.7,107.9,10,4.4,2020-07-26
2021-09-07,Kards Open VIII,bf:5eb7670e5e789b4b50a06de2,WHEEL3R,1577.3,73.4,34,18.66,2021-02-27
2021-09-07,Kards Open VIII,bf:5ebc5c7aec210a06ae04d4d4,Snefru,1647.0,89.5,22,10.16,2020-09-05
2021-09-07,Kards Open VIII,bf:5ebd8cafb3bec004beff6eff,[AAA] Caps04,1580.0,97.2,13,7.23,2021-02-07
2021-09-07,Kards Open VIII,bf:5ebd9402b92b28521a098ec8,Bubbles,1661.2,71.0,32,20.64,2021-05-29
2021-09-07,Kards Open VIII,bf:5ebe821bdc25e53f4d8c7446,ForeverFox,1454.9,122.4,5,2.04,2020-05-23
2021-09-07,Kards Open VIII,bf:5ebea2fd1eafc755976c161a,Drogear,1620.4,102.9,14,6.22,2020-08-29
2021-09-07,Kards Open VIII,bf:5ebea8a9bfed616b75962b6a,Forgestryker,1566.8,102.8,12,6.0,2020-11-28
2021-09-07,Kards Open VIII,bf:5ec021ae0f25781e0b5f5f43,AlexRises,1469.5,131.8,2,0.82,2020-05-23
2021-09-07,Kards Open VIII,bf:5ec038e2256baa1d38011a05,Vinny,1617.4,63.3,38,27.93,2021-09-04
2021-09-07,Kards Open VIII,bf:5ec14e2baf9b8d5641b7a639,handor95,1437.5,108.9,9,4.38,2020-11-28
2021-09-07,Kards Open VIII,bf:5ec2a6dafd8a561535cde2a5,V0R0N92,1529.9,72.5,29,18.87,2021-05-29
2021-09-07,Kards Open VIII,bf:5ec2ace2fd8a561535cde2e1,MJT,1495.0,129.7,2,0.98,2020-08-29
2021-09-07,Kards Open VIII,bf:5ec2acf9a7330d091e79291a,lucencan,1479.5,105.8,10,4.96,2020-11-28
2021-09-07,Kards Open VIII,bf:5ec2c1da0a4e405c2332e640,Chip-Filled Adam,1575.7,98.6,13,6.9,2020-11-29
2021-09-07,Kards Open VIII,bf:5ec2f8632e7fb7357e7c8077,SCARED MOKEY,1512.7,106.9,10,4.85,2020-11-28
2021-09-07,Kards Open VIII,bf:5ec3fe380be5fa28e9946104,Sertma,1481.0,134.9,1,0.41,2020-05-23
2021-09-07,Kards Open VIII,bf:5ec442d3b2f357511fcbf34a,skzeman,1556.5,122.0,5,2.04,2020-05-23
2021-09-07,Kards Open VIII,bf:5ec44a4894993372f10699b1,Adrián7,1479.4,134.5,1,0.46,2020-07-25
2021-09-07,Kards Open VIII,bf:5ec4df5bde56fb470634c5fa,barboza,1479.2,133.6,2,0.82,2020-05-23
2021-09-07,Kards Open VIII,bf:5ec57fff74214e1748e43f56,dasolli,1479.6,110.1,7,4.1,2020-11-29
2021-09-07,Kards Open VIII,bf:5ec5e7746951c62d86f53235,FL1ppY | エワウト,1590.8,104.6,8,5.35,2021-02-13
2021-09-07,Kards Open VIII,bf:5ec7d675f5d9bf6412138238,Hahn,1508.5,124.6,4,1.63,2020-05-23
2021-09-07,Kards Open VIII,bf:5ec99a6d5cb5d5345c7fdf7c,AriBigBehn,1705.8,58.6,51,36.98,2021-09-04
2021-09-07,Kards Open VIII,bf:5ee6022292efc00faf652a7e,Esthete,1478.5,107.4,7,4.68,2021-02-07
2021-09-07,Kards Open VIII,bf:5ee6c5f92764fc7a784c6f9e,BirdLaw,1425.5,88.6,19,10.22,2021-02-07
2021-09-07,Kards Open VIII,bf:5eeb9c3d19b81239da9496cb,Kosaroli,1601.9,80.5,21,13.89,2021-04-04
2021-09-07,Kards Open VIII,bf:5f0cbd1969a363414a64af57,agent_182,1526.1,126.6,3,1.38,2020-07-25
2021-09-07,Kards Open VIII,bf:5f0cd40c3087a65e039603f4,wild_eyes,1696.2,59.9,55,34.54,2021-05-29
2021-09-07,Kards Open VIII,bf:5f0cf3becbf20c490eb4fa7d,T0M,1505.5,121.0,5,2.3,2020-07-26
2021-09-07,Kards Open VIII,bf:5f0d81380ffa0b49d9f58c5c,Nerf,1599.3,111.7,8,3.68,2020-07-26
2021-09-07,Kards Open VIII,bf:5f0d9e4785aa4e37e911463c,You Need Jesus Christ,1450.1,130.3,2,0.92,2020-07-25
2021-09-07,Kards Open VIII,bf:5f0dad9ac47339351f7f742f,RipperJim,1472.6,123.9,3,1.75,2020-11-28
2021-09-07,Kards Open VIII,bf:5f0db8236f4cd1393325784f,Hazeltails,1530.9,114.3,7,3.22,2020-07-26
2021-09-07,Kards Open VIII,bf:5f0dc882f26046593189ba9f,SALUTE06,1486.9,135.3,1,0.46,2020-07-25
2021-09-07,Kards Open VIII,bf:5f0de85b7c5e104738aeb5a8,benc,1542.4,111.5,8,3.68,2020-07-26
2021-09-07,Kards Open VIII,bf:5f0df6196f4cd13933257c2a,COOLJ007,1547.3,109.4,7,4.68,2021-02-07
2021-09-07,Kards Open VIII,bf:5f0df84e824086475be264b7,Terror_de,1600.1,63.2,44,28.03,2021-06-27
2021-09-07,Kards Open VIII,bf:5f0df9d07c4df3491abfc797,RMISE,1466.0,131.3,2,0.92,2020-07-25
2021-09-07,Kards Open VIII,bf:5f0dfb2c7c4df3491abfc7a6,zhen,1586.4,111.7,8,3.68,2020-07-26
2021-09-07,Kards Open VIII,bf:5f0e1a20c47339351f7f7b34,Ouchmaster,1502.9,123.0,4,1.84,2020-07-26
2021-09-07,Kards Open VIII,bf:5f0e248def3ab65b96796c3f,frenchcook,1645.2,71.2,30,20.52,2021-06-27
2021-09-07,Kards Open VIII,bf:5f0e37b37c5e104738aebbe3,toDIEisGAIN,1675.4,57.9,54,35.51,2021-08-07
2021-09-07,Kards Open VIII,bf:5f0e67fdf26046593189c71c,B_O_R_U_T_O_1,1515.0,89.5,13,10.08,2021-06-26
2021-09-07,Kards Open VIII,bf:5f0e76497c4df3491abfd06c,rocksopimppo,1472.3,101.7,11,5.89,2021-02-06
2021-09-07,Kards Open VIII,bf:5f0eab817c4df3491abfd2e6,hilmank,1455.3,109.3,8,4.11,2021-02-06
2021-09-07,Kards Open VIII,bf:5f0f22cb85aa4e37e9115bb4,madisek,1498.5,130.2,2,0.92,2020-07-25
2021-09-07,Kards Open VIII,bf:5f0f2f19ef3ab65b96797ada,kramedogg,1451.3,96.3,15,7.51,2021-02-20
2021-09-07,Kards Open VIII,bf:5f0f3d9e7c4df3491abfe047,Snooginz,1547.8,73.2,30,18.2,2021-02-27
2021-09-07,Kards Open VIII,bf:5f0f54427c4df3491abfe274,djdado,1478.4,134.2,1,0.49,2020-08-29
2021-09-07,Kards Open VIII,bf:5f0fb7319d4b3024dce6f17b,The_Advocator,1465.3,111.8,8,3.68,2020-07-26
2021-09-07,Kards Open VIII,bf:5f101bc2eea71b24bc30c50e,Hubblebub,1452.7,129.9,2,0.98,2020-08-29
2021-09-07,Kards Open VIII,bf:5f102c329d4b3024dce6f5dd,Malovato_Budet,1483.1,104.3,11,5.19,2020-08-29
2021-09-07,Kards Open VIII,bf:5f103df2eac9482569fb2922,phasermind,1521.0,112.1,8,3.68,2020-07-26
2021-09-07,Kards Open VIII,bf:5f105658eac9482569fb2be4,张大彪,1584.1,105.1,10,5.11,2020-11-28
2021-09-07,Kards Open VIII,bf:5f10783cc08d9224ce50f95f,bob42,1504.1,112.0,8,3.68,2020-07-26
2021-09-07,Kards Open VIII,bf:5f10825feac9482569fb2e81,SquareGrouper,1377.4,99.1,13,6.86,2020-11-29
2021-09-07,Kards Open VIII,bf:5f1086f1160c3f2239e9225b,lt.blueberry,1332.3,94.5,17,8.85,2021-02-07
2021-09-07,Kards Open VIII,bf:5f109d917a5f692572240090,John_Px,1743.4,54.1,58,45.7,2021-09-05
2021-09-07,Kards Open VIII,bf:5f10c966160c3f2239e92921,ColdCarl,1561.2,70.7,29,20.58,2021-06-27
2021-09-07,Kards Open VIII,bf:5f112ee3eac9482569fb3ee6,Pert,1532.5,113.9,8,3.68,2020-07-26
2021-09-07,Kards Open VIII,bf:5f113e2cd04bae257fc195f6,RafcKen7,1650.9,83.5,15,12.48,2021-09-04
2021-09-07,Kards Open VIII,bf:5f11d03df7c29f223fd624f2,Groddur,1470.0,123.8,3,1.75,2020-11-28
2021-09-07,Kards Open VIII,bf:5f11d0b0eea71b24bc30e84a,BUCKY,1484.8,81.0,20,14.02,2021-08-07
2021-09-07,Kards Open VIII,bf:5f11d247160c3f2239e940a4,LuckySpike,1616.9,66.4,40,24.7,2021-05-29
2021-09-07,Kards Open VIII,bf:5f11e4c6160c3f2239e941f5,trevorj,1487.7,123.3,4,1.84,2020-07-25
2021-09-07,Kards Open VIII,bf:5f11e67d85fecb25631448a0,yufzsy,1672.1,91.4,20,9.96,2020-11-28
2021-09-07,Kards Open VIII,bf:5f11ef33160c3f2239e942b2,Starkiller30001,1455.8,122.9,4,1.84,2020-07-25
2021-09-07,Kards Open VIII,bf:5f11ff268b375222593350d0,Lobby Boy Lettuce,1460.8,123.4,4,1.84,2020-07-25
2021-09-07,Kards Open VIII,bf:5f11ff2ec08d9224ce511d19,Dangerexx,1424.5,112.2,8,3.68,2020-07-26
2021-09-07,Kards Open VIII,bf:5f11ff59eea71b24bc30ee0c,Hyo,1434.7,89.2,20,9.96,2020-11-28
2021-09-07,Kards Open VIII,bf:5f11ffc4eac9482569fb4f49,MrNejcKing,1400.7,119.9,5,2.51,2021-02-06
2021-09-07,Kards Open VIII,bf:5f121b05d04bae257fc1a263,biasedeyes,1458.6,121.2,5,2.3,2020-07-26
2021-09-07,Kards Open VIII,bf:5f1220b9b4738624c4273900,KEV1NJ,1532.8,115.6,7,3.22,2020-07-26
2021-09-07,Kards Open VIII,bf:5f12273babfcb016362ad1d0,beeman,1357.0,101.6,14,6.67,2020-08-30
2021-09-07,Kards Open VIII,bf:5f1229f9cf4549174336fefe,JSL112,1477.8,134.5,1,0.46,2020-07-25
2021-09-07,Kards Open VIII,bf:5f122bf8b4738624c4273b13,VLTØR,1440.0,128.3,2,1.17,2020-11-28
2021-09-07,Kards Open VIII,bf:5f1240f24a28711494f1b3aa,CaptainTchaikovsky,1492.7,123.3,4,1.84,2020-07-25
2021-09-07,Kards Open VIII,bf:5f12771889520148edf780af,mbilsel,1560.5,95.6,16,7.62,2020-08-30
2021-09-07,Kards Open VIII,bf:5f1281edb4738624c42745af,ptreey,1444.2,116.6,6,2.76,2020-07-26
2021-09-07,Kards Open VIII,bf:5f12bb564a28711494f1bd8d,NeriUwU,1349.0,94.7,17,9.02,2021-02-07
2021-09-07,Kards Open VIII,bf:5f12bb99cf45491743370da4,Headcrasher,1491.6,136.1,1,0.74,2021-04-03
2021-09-07,Kards Open VIII,bf:5f12c35f8b375222593364f0,xareh90,1515.9,111.9,8,3.68,2020-07-26
2021-09-07,Kards Open VIII,bf:5f12da838b375222593365f7,Burremans,1457.5,130.5,2,0.92,2020-07-25
2021-09-07,Kards Open VIII,bf:5f12f0881c8cdf16056f6224,RaPaulke,1455.6,130.5,2,0.92,2020-07-25
2021-09-07,Kards Open VIII,bf:5f12f0c3abfcb016362ae526,mon.mgs,1474.9,134.3,1,0.46,2020-07-25
2021-09-07,Kards Open VIII,bf:5f130139f7c29f223fd64290,fenrir,1528.1,106.4,10,4.85,2020-11-28
2021-09-07,Kards Open VIII,bf:5f13328d77697711a235a704,TomatoMato,1540.6,112.3,8,3.68,2020-07-26
2021-09-07,Kards Open VIII,bf:5f13952ceea71b24bc312529,Limitless Beast,1410.7,123.1,4,1.84,2020-07-25
2021-09-07,Kards Open VIII,bf:5f13f8f0381ccb11abfed78c,Behemothus,1496.4,96.7,15,7.16,2020-08-30
2021-09-07,Kards Open VIII,bf:5f13fc452cba8f11c2a4298c,DarkMatterYT,1493.1,130.3,2,0.92,2020-07-25
2021-09-07,Kards Open VIII,bf:5f140b7f1c8cdf16056f833c,foreverlimon,1527.1,114.4,7,3.22,2020-07-26
2021-09-07,Kards Open VIII,bf:5f140c57341d821185ca56df,BarndoorRoge,1516.7,119.1,5,2.4,2020-08-29
2021-09-07,Kards Open VIII,bf:5f140d9bbcbe32117ff6b7e7,Snakii0,1338.2,104.0,10,6.11,2021-04-04
2021-09-07,Kards Open VIII,bf:5f140ea9b4738624c4277d71,Heist,1464.2,114.2,7,3.22,2020-07-26
2021-09-07,Kards Open VIII,bf:5f14582a341d821185ca59e8,TheStray,1488.2,112.1,8,3.68,2020-07-26
2021-09-07,Kards Open VIII,bf:5f145d63b4738624c4278122,Jotora,1547.1,111.8,8,3.68,2020-07-26
2021-09-07,Kards Open VIII,bf:5f145fa11c8cdf16056f8757,Kerwer,1472.3,132.5,1,0.74,2021-04-03
2021-09-07,Kards Open VIII,bf:5f148273cd3934118e03b196,Shaemas,1481.2,97.2,15,7.13,2020-08-30
2021-09-07,Kards Open VIII,bf:5f1493df1c8cdf16056f8bc9,CheL_oFF,1511.0,107.2,7,4.68,2021-02-07
2021-09-07,Kards Open VIII,bf:5f14e99eea159211b4c99eab,Jacob,1415.5,112.0,8,3.68,2020-07-26
2021-09-07,Kards Open VIII,bf:5f1520542cba8f11c2a44c16,DarkMist,1376.6,85.7,20,13.38,2021-08-21
2021-09-07,Kards Open VIII,bf:5f153751eea71b24bc31458b,VLAD420,1459.8,111.7,8,3.68,2020-07-26
2021-09-07,Kards Open VIII,bf:5f1539bacfac0e373c6166ce,donigi,1487.1,96.0,16,7.62,2020-08-30
2021-09-07,Kards Open VIII,bf:5f155f3577697711a235e552,total,1486.2,135.1,1,0.49,2020-08-29
2021-09-07,Kards Open VIII,bf:5f1566b0341d821185ca734b,Юрий,1482.2,115.0,7,3.22,2020-07-26
2021-09-07,Kards Open VIII,bf:5f156d9fb4738624c42798e8,Evilmunki,1432.2,114.0,7,3.22,2020-07-26
2021-09-07,Kards Open VIII,bf:5f15827677697711a235e95c,ACOG,1485.5,135.1,1,0.46,2020-07-25
2021-09-07,Kards Open VIII,bf:5f159e62ea159211b4c9a50e,scorp1one,1474.1,119.8,4,2.75,2021-04-03
2021-09-07,Kards Open VIII,bf:5f15a9d0cfac0e373c616a81,gteacher12 (cst),1408.3,123.2,4,1.84,2020-07-26
2021-09-07,Kards Open VIII,bf:5f1660782cba8f11c2a45e9c,Lolofy44,1517.1,92.5,17,8.79,2020-11-29
2021-09-07,Kards Open VIII,bf:5f169f65bcbe32117ff6eb42,Lykas_OMES,1502.0,110.3,8,3.94,2020-08-30
2021-09-07,Kards Open VIII,bf:5f176280381ccb11abff191f,terminetorK56,1487.9,112.9,7,3.45,2020-08-30
2021-09-07,Kards Open VIII,bf:5f17d573bcbe32117ff6fd03,Vitaly Gorbunov,1477.3,134.4,1,0.46,2020-07-25
2021-09-07,Kards Open VIII,bf:5f17ef0fcfac0e373c6190c4,[REDi]1R COL ANZAC_Ace,1474.9,126.2,3,1.38,2020-07-25
2021-09-07,Kards Open VIII,bf:5f19119cb4738624c427e33c,SA-GR,1437.0,114.4,7,3.22,2020-07-26
2021-09-07,Kards Open VIII,bf:5f191b72abfcb016362b6974,Suchy,1507.9,108.4,6,4.46,2021-04-04
2021-09-07,Kards Open VIII,bf:5f193071cfac0e373c61a11b,PetitPoney,1522.5,120.2,5,2.36,2020-08-29
2021-09-07,Kards Open VIII,bf:5f1a8cc8b4738624c42817ef,Tigerkater,1484.6,115.6,7,3.22,2020-07-26
2021-09-07,Kards Open VIII,bf:5f1b1546b4738624c4282183,Skunk,1412.1,111.8,8,3.68,2020-07-26
2021-09-07,Kards Open VIII,bf:5f1b3f1b08ac6c1dd4d6bb23,brienoconan,1523.2,126.8,3,1.38,2020-07-25
2021-09-07,Kards Open VIII,bf:5f1b48d1abfcb016362ba48e,Berni de Balle,1549.0,64.9,42,26.06,2021-05-29
2021-09-07,Kards Open VIII,bf:5f1b9f20a73922196c802448,Gamesite,1476.1,120.0,5,2.3,2020-07-26
2021-09-07,Kards Open VIII,bf:5f1bad8bb4738624c4283cf6,Filpa,1549.3,102.7,12,5.68,2020-08-30
2021-09-07,Kards Open VIII,bf:5f318206a8e6c511a449d179,0CanadaBear0,1477.1,118.7,5,2.46,2020-08-30
2021-09-07,Kards Open VIII,bf:5f318c62af063111a36cedab,aa,1546.1,111.7,8,3.94,2020-08-30
2021-09-07,Kards Open VIII,bf:5f31dbda9ab87f2e0c19cd0c,RNGek,1562.0,92.6,16,8.62,2020-11-29
2021-09-07,Kards Open VIII,bf:5f31e18d7bd80311ab780bcb,天之子将军,1535.2,116.6,6,2.95,2020-08-30
2021-09-07,Kards Open VIII,bf:5f31e6b930b92e118dbc3b00,r3in0r,1451.2,129.8,2,0.98,2020-08-29
2021-09-07,Kards Open VIII,bf:5f32224b74a4bd1196ff8e97,yourBRO,1446.8,111.3,7,3.91,2020-11-28
2021-09-07,Kards Open VIII,bf:5f323b2daf063111a36cffab,chmy426,1561.6,119.5,4,2.34,2020-11-28
2021-09-07,Kards Open VIII,bf:5f32755630b92e118dbc4132,Joeybag0doughnuts,1469.3,134.0,1,0.49,2020-08-29
2021-09-07,Kards Open VIII,bf:5f32919a74a4bd1196ff9509,wydsxl,1633.4,89.1,15,10.15,2021-09-04
2021-09-07,Kards Open VIII,bf:5f32abe69ab87f2e0c19e0b7,"Oh, Pretty Woman",1384.4,119.2,5,2.46,2020-08-30
2021-09-07,Kards Open VIII,bf:5f32b5a5af063111a36d039f,Spartan,1490.9,123.3,3,1.86,2021-02-20
2021-09-07,Kards Open VIII,bf:5f32c6147bd80311ab78193f,petriachor,1592.0,74.1,29,17.65,2021-04-03
2021-09-07,Kards Open VIII,bf:5f32ca9074a4bd1196ff97d9,Sirbol,1514.5,110.1,8,3.94,2020-08-30
2021-09-07,Kards Open VIII,bf:5f32e74430b92e118dbc4866,alan1957,1476.1,134.1,1,0.49,2020-08-29
2021-09-07,Kards Open VIII,bf:5f32f48419fcf2666b2abff1,kowalski,1634.5,66.0,34,25.42,2021-08-21
2021-09-07,Kards Open VIII,bf:5f3304e930b92e118dbc4ad6,maxterGIO,1511.4,110.2,8,3.94,2020-08-30
2021-09-07,Kards Open VIII,bf:5f3321d98a94d511b1d67c5b,ExpelliarmusA,1557.9,110.4,8,3.94,2020-08-30
2021-09-07,Kards Open VIII,bf:5f332d0619fcf2666b2ac60a,comrade nicky,1523.4,127.0,3,1.48,2020-08-29
2021-09-07,Kards Open VIII,bf:5f335b3e30b92e118dbc579e,WorldWarWhale,1464.8,119.3,3,2.48,2021-05-29
2021-09-07,Kards Open VIII,bf:5f344b7a8a94d511b1d68a96,John™,1453.7,114.8,7,3.44,2020-08-30
2021-09-07,Kards Open VIII,bf:5f34d3bdacefe6118a5de444,Ottotheblue,1479.2,90.6,17,9.2,2020-11-29
2021-09-07,Kards Open VIII,bf:5f351f60af063111a36d282b,Sadrik,1556.6,110.2,8,3.94,2020-08-30
2021-09-07,Kards Open VIII,bf:5f354d22e4876e1184288d58,Ripoff,1533.6,101.3,11,5.97,2020-11-29
2021-09-07,Kards Open VIII,bf:5f35946553b8ce11abe62c4d,FRIKAZOID,1483.6,125.9,3,1.48,2020-08-29
2021-09-07,Kards Open VIII,bf:5f362c8703dbcc11d58d78e3,Kolbasnik,1673.5,50.1,69,51.85,2021-09-05
2021-09-07,Kards Open VIII,bf:5f369b86c897e0119e4ff6f8,PatsenBR,1489.8,113.9,7,3.45,2020-08-30
2021-09-07,Kards Open VIII,bf:5f36c30fff2e5911a44a282e,Józef Piłsudski,1450.1,129.8,2,0.98,2020-08-29
2021-09-07,Kards Open VIII,bf:5f36cca903dbcc11d58d89d8,Wolnigree,1450.2,129.7,2,0.98,2020-08-29
2021-09-07,Kards Open VIII,bf:5f36dc4b98f0a311ad32446c,Zig_Zag,1541.8,105.2,10,5.27,2021-02-06
2021-09-07,Kards Open VIII,bf:5f37cf6b6ce6de28d63de407,Ailoyros,1471.0,134.1,1,0.49,2020-08-29
2021-09-07,Kards Open VIII,bf:5f3800b06ce6de28d63de960,RicardoTamanini,1440.2,126.7,3,1.48,2020-08-29
2021-09-07,Kards Open VIII,bf:5f382e1f33118628f2f56ca7,Dash_ek,1519.0,112.8,7,3.44,2020-08-30
2021-09-07,Kards Open VIII,bf:5f38338163cc1128e5f86f97,Brendan,1466.8,110.9,8,3.94,2020-08-30
2021-09-07,Kards Open VIII,bf:5f3846d25b41bf2bd0fe2207,Spooky Time,1438.3,126.5,3,1.48,2020-08-29
2021-09-07,Kards Open VIII,bf:5f3858c1b83d9d2bb0609265,wdhtu,1492.5,119.4,5,2.46,2020-08-30
2021-09-07,Kards Open VIII,bf:5f3a8d53c190e3296d7a1eef,nagymaciii,1456.6,130.0,2,0.98,2020-08-29
2021-09-07,Kards Open VIII,bf:5f3a8e2d33118628f2f5a7d5,Goltz,1478.8,134.3,1,0.49,2020-08-29
2021-09-07,Kards Open VIII,bf:5f3a8eb4dd76a928dcec9bec,Coronel_Mostarda,1460.3,122.4,4,1.97,2020-08-29
2021-09-07,Kards Open VIII,bf:5f3ab4ce63cc1128e5f8a327,DrTacos,1420.8,125.9,3,1.48,2020-08-30
2021-09-07,Kards Open VIII,bf:5f3aef3e6ce6de28d63e3425,Alexandre,1421.5,122.6,3,2.23,2021-04-03
2021-09-07,Kards Open VIII,bf:5f3b1ebadd76a928dceca753,ZackXue,1517.1,111.8,8,3.94,2020-08-30
2021-09-07,Kards Open VIII,bf:5f3bc9efdbf742295bce0a9d,黑森公爵,1475.5,134.1,1,0.49,2020-08-29
2021-09-07,Kards Open VIII,bf:5f3bcb62c190e3296d7a2cd2,abandon,1500.4,128.4,2,1.17,2020-11-28
2021-09-07,Kards Open VIII,bf:5f3d0646dd76a928dceccb16,Ertugrul Gazi,1519.3,110.3,8,3.94,2020-08-30
2021-09-07,Kards Open VIII,bf:5f3d19c7dd76a928dceccbcd,HaxBaba,1534.6,114.1,7,3.45,2020-08-30
2021-09-07,Kards Open VIII,bf:5f3d1e45c190e3296d7a4aa5,Barton,1475.9,134.0,1,0.49,2020-08-29
2021-09-07,Kards Open VIII,bf:5f3e11a1a3f8871d5075e3d0,Valar,1426.4,116.9,6,2.95,2020-08-30
2021-09-07,Kards Open VIII,bf:5f3fbdaeb856d24e0965bbc4,Stluvik,1510.9,121.5,5,2.46,2020-08-30
2021-09-07,Kards Open VIII,bf:5f3fc42472caf64e0f2b589c,Shiva's,1615.4,85.7,18,12.11,2021-09-04
2021-09-07,Kards Open VIII,bf:5f3ff2e624334d4ac794708e,FearlessFreep2,1499.9,122.2,4,1.97,2020-08-30
2021-09-07,Kards Open VIII,bf:5f4022e92736604a195ffbfb,Ol'Red,1438.2,126.3,3,1.48,2020-08-29
2021-09-07,Kards Open VIII,bf:5f404839cabbdc4a26620899,sNapple,1424.9,124.3,3,1.75,2020-11-28
2021-09-07,Kards Open VIII,bf:5f41a73ee7543f4a0a54f568,Kipahigan,1527.3,112.9,7,3.45,2020-08-30
2021-09-07,Kards Open VIII,bf:5f4318d1681ff84ab5ec92f9,Sidecrawler,1540.2,64.6,36,25.69,2021-08-21
2021-09-07,Kards Open VIII,bf:5f4536884cbe7961ba1906fa,Zanderson30,1590.5,109.3,9,4.44,2020-09-05
2021-09-07,Kards Open VIII,bf:5f4617f7cff9bb4e25c81a49,Daccro,1450.0,120.3,4,2.35,2021-06-26
2021-09-07,Kards Open VIII,bf:5f464a379f8a441a7681100e,Grarivier,1547.3,110.6,8,3.94,2020-08-30
2021-09-07,Kards Open VIII,bf:5f469fbd9f8a441a768119af,yura,1471.8,134.1,1,0.49,2020-08-29
2021-09-07,Kards Open VIII,bf:5f46ff72cff9bb4e25c82ac7,hartmanator1,1524.8,95.0,14,7.73,2020-11-29
2021-09-07,Kards Open VIII,bf:5f47aca042aba63789789166,UBCers,1455.7,130.1,2,0.98,2020-08-29
2021-09-07,Kards Open VIII,bf:5f48837c34f6ed5f7791f82a,RIBO,1539.6,114.6,7,3.44,2020-08-30
2021-09-07,Kards Open VIII,bf:5f4965bb76b8305ffaa36866,Ernst1871,1498.3,100.6,11,6.25,2020-11-29
2021-09-07,Kards Open VIII,bf:5f49b691c955654e18759c1e,Ryestye,1535.7,134.4,1,0.49,2020-08-29
2021-09-07,Kards Open VIII,bf:5f4a2d8c76b8305ffaa376af,smerch,1476.9,125.8,3,1.48,2020-08-29
2021-09-07,Kards Open VIII,bf:5f4a40fd34f6ed5f7792170c,LemonShark,1478.9,113.5,7,3.44,2020-08-30
2021-09-07,Kards Open VIII,bf:5f4a66a7629c8b6045fa11b9,Сэм,1475.6,110.7,8,3.94,2020-08-30
2021-09-07,Kards Open VIII,bf:5f908c01a261b945b6c471e8,OliRoB,1350.1,112.4,6,4.01,2021-02-07
2021-09-07,Kards Open VIII,bf:5fa1ee84f8fc171ea9f66554,El Chickenrice,1608.2,106.7,8,4.68,2020-11-29
2021-09-07,Kards Open VIII,bf:5fa2011d11743771ade90dee,testo,1680.2,75.5,26,17.76,2021-05-30
2021-09-07,Kards Open VIII,bf:5fa27bfdf8fc171ea9f66924,CalinBZ,1597.8,77.0,19,16.51,2021-09-04
2021-09-07,Kards Open VIII,bf:5fa27e32f8fc171ea9f66940,vegetable,1584.2,108.7,7,4.68,2021-02-07
2021-09-07,Kards Open VIII,bf:5fa2928f11743771ade9128e,Ax,1510.8,128.2,2,1.17,2020-11-28
2021-09-07,Kards Open VIII,bf:5fa2992ef8fc171ea9f66a3e,犹似深闺梦中人,1535.7,116.0,5,2.92,2020-11-28
2021-09-07,Kards Open VIII,bf:5fa2d1356b9c704abc3f86e4,MoncherFrag,1482.4,116.7,5,2.92,2020-11-28
2021-09-07,Kards Open VIII,bf:5fa3973bf8fc171ea9f68255,辉辉呀,1434.4,116.1,5,3.09,2021-02-06
2021-09-07,Kards Open VIII,bf:5fa3da8e11743771ade92018,Spooz,1678.4,68.1,33,23.49,2021-09-04
2021-09-07,Kards Open VIII,bf:5fa3e36b6b9c704abc3f92a0,bruki,1504.1,128.6,2,1.17,2020-11-28
2021-09-07,Kards Open VIII,bf:5fa4097911743771ade92145,David Lynch,1477.2,133.7,1,0.58,2020-11-28
2021-09-07,Kards Open VIII,bf:5fa467df4eb3c2458669c29a,Berto Burrito,1767.4,83.2,20,14.19,2021-04-10
2021-09-07,Kards Open VIII,bf:5fa530563f52763256b7593d,Civlj,1506.0,128.2,2,1.17,2020-11-28
2021-09-07,Kards Open VIII,bf:5fa5397c241d875936d2c2f2,Vadim,1555.6,60.4,40,30.6,2021-08-07
2021-09-07,Kards Open VIII,bf:5fa57306cc28b3594394b946,Liszt,1533.6,117.3,5,3.01,2021-02-06
2021-09-07,Kards Open VIII,bf:5fa5ede611743771ade94108,comtruise,1759.1,69.8,32,23.43,2021-05-30
2021-09-07,Kards Open VIII,bf:5fa62937c3c163598ec80783,CCMS-031,1556.6,110.9,6,4.01,2021-02-07
2021-09-07,Kards Open VIII,bf:5fafaf199a9e750ea663a8e3,发牌员没马,1504.7,128.6,2,1.17,2020-11-28
2021-09-07,Kards Open VIII,bf:5fafe4c9eb92fe0475436826,TheMiltonBradley,1520.6,103.9,9,5.27,2020-11-29
2021-09-07,Kards Open VIII,bf:5fafe7dfe7d89a60d43336cc,Primal,1447.7,128.7,2,1.17,2020-11-28
2021-09-07,Kards Open VIII,bf:5fafeec6e7d89a60d4333722,wodandos,1465.8,123.8,3,1.75,2020-11-28
2021-09-07,Kards Open VIII,bf:5faff24f698db1048d26b032,Stenli72,1480.9,109.6,7,4.1,2020-11-29
2021-09-07,Kards Open VIII,bf:5faffa8a502b9e587d1b7c3e,"Alexandre ""Mainovski"" Mainaud",1401.7,97.9,10,7.29,2021-05-29
2021-09-07,Kards Open VIII,bf:5faffbe71632970e916b602a,xceroks,1459.3,133.5,1,0.58,2020-11-28
2021-09-07,Kards Open VIII,bf:5fb026c1502b9e587d1b838d,Anklestina,1499.1,119.6,4,2.34,2020-11-28
2021-09-07,Kards Open VIII,bf:5fb02943698db1048d26b9cd,Bison,1519.0,101.1,10,6.16,2021-04-03
2021-09-07,Kards Open VIII,bf:5fb02c08698db1048d26ba0d,VReznov2137,1477.7,133.6,1,0.58,2020-11-28
2021-09-07,Kards Open VIII,bf:5fb032ea502b9e587d1b85eb,Secret Deadbeat,1575.3,124.5,3,1.75,2020-11-28
2021-09-07,Kards Open VIII,bf:5fb035bf502b9e587d1b8643,Annki,1446.0,117.0,5,3.09,2021-02-06
2021-09-07,Kards Open VIII,bf:5fb038eb1632970e916b6f46,DerNem,1558.7,88.0,12,10.77,2021-08-21
2021-09-07,Kards Open VIII,bf:5fb051789a9e750ea663bb88,Khal Drogo,1487.2,124.2,3,1.75,2020-11-28
2021-09-07,Kards Open VIII,bf:5fb0acb4eb92fe047543807d,MagiC,1503.9,117.8,4,2.67,2021-02-06
2021-09-07,Kards Open VIII,bf:5fb0b189f07fad440734d338,IWS2000,1437.1,104.8,9,5.27,2020-11-29
2021-09-07,Kards Open VIII,bf:5fb0d42e9a9e750ea663c3fc,[V_M]_MorS_{B},1594.3,108.0,8,4.68,2020-11-29
2021-09-07,Kards Open VIII,bf:5fb0e0020c8f110e8a8bf3f2,Krieger,1468.7,133.3,1,0.58,2020-11-28
2021-09-07,Kards Open VIII,bf:5fb0ee1e698db1048d26c5af,Eirik II,1417.3,107.2,8,4.68,2020-11-29
2021-09-07,Kards Open VIII,bf:5fb0eee19a9e750ea663c435,player1,1508.5,106.8,8,4.68,2020-11-29
2021-09-07,Kards Open VIII,bf:5fb0f0121632970e916b7856,panzer_398,1417.9,116.1,5,2.92,2020-11-29
2021-09-07,Kards Open VIII,bf:5fb110bd698db1048d26c5f6,Aksara,1539.5,113.1,6,3.51,2020-11-29
2021-09-07,Kards Open VIII,bf:5fb1143e502b9e587d1b94dc,KillerQueenS,1451.1,129.1,2,1.17,2020-11-28
2021-09-07,Kards Open VIII,bf:5fb1184c0c8f110e8a8bf660,only_,1521.7,120.8,4,2.34,2020-11-28
2021-09-07,Kards Open VIII,bf:5fb1316c502b9e587d1b95e6,Bartkopolus123,1464.7,133.3,1,0.58,2020-11-28
2021-09-07,Kards Open VIII,bf:5fb18ed99a9e750ea663cd33,Vitzekk,1539.0,116.4,5,2.92,2020-11-29
2021-09-07,Kards Open VIII,bf:5fb1a2cb5caa4f5e4bc80d56,SpaceCowboy,1460.9,129.6,2,1.17,2020-11-28
2021-09-07,Kards Open VIII,bf:5fb1bf581632970e916b85be,nolans34,1563.8,104.4,9,5.27,2020-11-29
2021-09-07,Kards Open VIII,bf:5fb1cbe45caa4f5e4bc81377,Beefy 109,1546.0,128.9,2,1.17,2020-11-28
2021-09-07,Kards Open VIII,bf:5fb1cc6ee0bfea60c76a1385,Tenstrovski,1510.0,112.7,6,3.51,2020-11-29
2021-09-07,Kards Open VIII,bf:5fb1db8c5caa4f5e4bc8168d,Poochies,1506.1,119.7,4,2.34,2020-11-28
2021-09-07,Kards Open VIII,bf:5fb1f464698db1048d26d582,Morsimos,1596.4,107.8,8,4.68,2020-11-29
2021-09-07,Kards Open VIII,bf:5fb249e5f07fad440734e5ea,SirFragir,1486.7,106.9,8,4.68,2020-11-29
2021-09-07,Kards Open VIII,bf:5fb27723698db1048d26d94d,StabKingPro,1576.3,105.0,9,5.27,2020-11-29
2021-09-07,Kards Open VIII,bf:5fb2c8f11632970e916b926c,Drake/Fabi,1499.8,110.3,7,4.1,2020-11-29
2021-09-07,Kards Open VIII,bf:5fb3184d9a9e750ea663e423,killswitch,1460.3,96.2,12,8.16,2021-06-26
2021-09-07,Kards Open VIII,bf:5fb3203b1632970e916b97b7,chr1st0ph3r,1480.2,124.0,3,1.75,2020-11-28
2021-09-07,Kards Open VIII,bf:5fb3df78f07fad440734f6f7,slameo,1434.1,110.1,7,4.1,2020-11-29
2021-09-07,Kards Open VIII,bf:5fb3e6ddf07fad440734f71f,tr4cker,1451.5,128.7,2,1.17,2020-11-28
2021-09-07,Kards Open VIII,bf:5fb3f43ee0bfea60c76a2a56,General E. Drunk,1607.5,108.0,8,4.68,2020-11-29
2021-09-07,Kards Open VIII,bf:5fb3f8b3e7d89a60d4337959,Kn1ghT,1464.6,123.8,3,1.75,2020-11-28
2021-09-07,Kards Open VIII,bf:5fb42443a2fd346547530b2e,RED SUN,1527.7,124.4,3,1.75,2020-11-28
2021-09-07,Kards Open VIII,bf:5fb43070a2fd346547530c21,[14e]tuveuxdugateaux,1480.2,104.3,9,5.27,2020-11-29
2021-09-07,Kards Open VIII,bf:5fb4442a9a9e750ea663ee54,Scythe,1474.1,116.7,5,2.92,2020-11-28
2021-09-07,Kards Open VIII,bf:5fb4d729f07fad44073509e4,Victrix,1488.7,122.7,4,2.34,2020-11-28
2021-09-07,Kards Open VIII,bf:5fb666119a9e750ea664030b,Setteduetto,1535.4,107.0,8,4.68,2020-11-29
2021-09-07,Kards Open VIII,bf:5fb6a5d3e7d89a60d4339244,kingsharaman,1473.1,133.4,1,0.58,2020-11-28
2021-09-07,Kards Open VIII,bf:5fb6da26eb92fe047543c823,rostigerloeffel,1563.3,89.8,15,9.72,2021-04-04
2021-09-07,Kards Open VIII,bf:5fb719fde0bfea60c76a4f50,rayko,1369.9,108.3,8,4.68,2020-11-29
2021-09-07,Kards Open VIII,bf:5fb73781698db1048d271114,Lazer Wolf,1417.2,123.9,3,1.75,2020-11-28
2021-09-07,Kards Open VIII,bf:5fb7473c502b9e587d1becbe,ILoveMooncake,1677.7,86.7,14,10.85,2021-09-04
2021-09-07,Kards Open VIII,bf:5fb8387c1faa4843f941ba10,Álmos,1530.7,123.9,3,1.75,2020-11-28
2021-09-07,Kards Open VIII,bf:5fb97cee0c24381d904b5447,bengui,1526.8,123.8,3,1.75,2020-11-28
2021-09-07,Kards Open VIII,bf:5fb98c8e19c8f219d78717ac,DrQuencher,1444.4,128.4,2,1.17,2020-11-28
2021-09-07,Kards Open VIII,bf:5fba777719c8f219d787247b,roberto7208,1470.1,104.4,9,5.27,2020-11-29
2021-09-07,Kards Open VIII,bf:5fbb03850f21e57963850470,Pie4155,1434.0,110.1,7,4.1,2020-11-29
2021-09-07,Kards Open VIII,bf:5fbc0c3e2dc8793ada84fdb3,Mark2020,1444.8,110.9,7,4.09,2020-11-29
2021-09-07,Kards Open VIII,bf:5fbc3b8e0f21e5796385112f,spambox9,1502.8,110.9,7,4.1,2020-11-29
2021-09-07,Kards Open VIII,bf:5fbc4040adfefd64e8c8fd73,Diogenesis,1600.7,82.2,18,13.27,2021-08-21
2021-09-07,Kards Open VIII,bf:5fbc5711a2fd34654753a8c0,Magister Erik,1592.1,107.2,8,4.68,2020-11-29
2021-09-07,Kards Open VIII,bf:5fbc79591632970e916c3fe5,Breich,1477.3,116.0,5,2.92,2020-11-28
2021-09-07,Kards Open VIII,bf:5fbd548d698db1048d27a866,Citrons,1538.1,106.9,8,4.68,2020-11-29
2021-09-07,Kards Open VIII,bf:5fbd71c2e7d89a60d43410ca,lean87ki,1539.3,89.7,16,9.94,2021-02-07
2021-09-07,Kards Open VIII,bf:5fbdb89d26ea883a51583400,Kongo,1543.9,116.1,5,2.92,2020-11-28
2021-09-07,Kards Open VIII,bf:5fbe830b26ea883a515839f5,炮灰no1,1454.2,120.4,4,2.34,2020-11-28
2021-09-07,Kards Open VIII,bf:5fbe834ea2fd34654753c095,Hans Friderich R,1500.4,128.1,2,1.17,2020-11-28
2021-09-07,Kards Open VIII,bf:5fbe83792dc8793ada85198d,pilotttt(Илья),1440.8,128.3,2,1.17,2020-11-28
2021-09-07,Kards Open VIII,bf:5fbe84641632970e916c5996,unclefox,1618.6,105.5,9,5.27,2020-11-29
2021-09-07,Kards Open VIII,bf:5fbe848ca2fd34654753c09a,Future,1473.5,124.0,3,1.75,2020-11-28
2021-09-07,Kards Open VIII,bf:5fbe860ca2fd34654753c09d,正宗重庆老友粉,1450.7,128.6,2,1.17,2020-11-28
2021-09-07,Kards Open VIII,bf:5fbe862ca447ab4bb37e0f77,meistermiagi,1443.2,128.4,2,1.17,2020-11-28
2021-09-07,Kards Open VIII,bf:5fbe86401632970e916c599c,JamesBoned,1528.8,116.6,5,2.92,2020-11-28
2021-09-07,Kards Open VIII,bf:5fbe873b4d01f9313d135045,KrisKrinkel,1455.3,129.1,2,1.17,2020-11-28
2021-09-07,Kards Open VIII,bf:5fbe87ea5d320863b86f031b,Hydrogen,1540.3,107.8,8,4.68,2020-11-29
2021-09-07,Kards Open VIII,bf:5fbe89294d01f9313d135068,MrMolotoff,1509.0,106.8,8,4.68,2020-11-29
2021-09-07,Kards Open VIII,bf:5fbe89b5043fd20cdf90cccf,tonywan,1393.7,120.1,4,2.34,2020-11-28
2021-09-07,Kards Open VIII,bf:5fbe8ae05d320863b86f032c,Anto,1456.0,120.2,4,2.34,2020-11-28
2021-09-07,Kards Open VIII,bf:5fbe8afb698db1048d27b396,SkittleSabot,1525.3,133.6,1,0.58,2020-11-28
2021-09-07,Kards Open VIII,bf:5fbe8b8ea447ab4bb37e0fc8,päpä,1451.9,105.2,9,5.27,2020-11-29
2021-09-07,Kards Open VIII,bf:5fbe8c402dc8793ada8519d5,Der_Admiral,1532.6,116.1,5,2.92,2020-11-28
2021-09-07,Kards Open VIII,bf:5fbe906ba2fd34654753c0fc,captain.pothead,1488.1,124.1,3,1.75,2020-11-28
2021-09-07,Kards Open VIII,bf:5fbe91ca26ea883a51583aa4,yra111,1480.0,124.6,3,1.75,2020-11-28
2021-09-07,Kards Open VIII,bf:5fbe9602698db1048d27b3e0,Rumfart,1450.4,128.5,2,1.17,2020-11-28
2021-09-07,Kards Open VIII,bf:5fbe96be698db1048d27b3e4,Youmu_chan,1487.6,116.6,5,2.92,2020-11-28
2021-09-07,Kards Open VIII,bf:5fbe970e26ea883a51583ac1,UnbearableMe,1466.9,133.2,1,0.58,2020-11-28
2021-09-07,Kards Open VIII,bf:5fbe971d0f21e57963852d08,牛头人杀手,1501.5,128.6,2,1.17,2020-11-28
2021-09-07,Kards Open VIII,bf:5fbe9b450f21e57963852d1e,garygo,1512.3,106.8,8,4.68,2020-11-29
2021-09-07,Kards Open VIII,bf:5fbeac15a447ab4bb37e116f,ThuggerJuice,1532.1,104.3,9,5.27,2020-11-29
2021-09-07,Kards Open VIII,bf:5fbeb056698db1048d27b5bd,Stuie,1478.6,90.5,14,9.55,2021-05-29
2021-09-07,Kards Open VIII,bf:5fbeb20eb0ef7749130e452c,Dawn,1540.2,106.8,8,4.68,2020-11-29
2021-09-07,Kards Open VIII,bf:5fbeb7541632970e916c5c93,finny,1489.8,105.0,9,5.27,2020-11-29
2021-09-07,Kards Open VIII,bf:5fbebdee043fd20cdf90cfaf,GM_Logan,1590.0,68.5,30,22.06,2021-06-26
2021-09-07,Kards Open VIII,bf:5fbed15626ea883a51583d3f,Empyreal,1442.7,128.2,2,1.17,2020-11-28
2021-09-07,Kards Open VIII,bf:5fbedfbc0f21e57963853121,Raswar47,1442.6,128.5,2,1.17,2020-11-28
2021-09-07,Kards Open VIII,bf:5fbef0144d01f9313d135b11,Geezer,1535.9,87.1,15,10.92,2021-08-07
2021-09-07,Kards Open VIII,bf:5fbef0d92dc8793ada8527a5,嘤嘤嘤,1443.2,128.3,2,1.17,2020-11-28
2021-09-07,Kards Open VIII,bf:5fbef3ecb0ef7749130e49bc,MaskedMarvel,1496.7,128.3,2,1.17,2020-11-28
2021-09-07,Kards Open VIII,bf:5fbf17032dc8793ada852978,UltramanT80,1441.7,128.6,2,1.17,2020-11-28
2021-09-07,Kards Open VIII,bf:5fbf174c5d320863b86f0efc,如临深渊,1503.4,128.3,2,1.17,2020-11-28
2021-09-07,Kards Open VIII,bf:5fbf1ad71632970e916c627a,TowerNumberNine,1450.2,128.6,2,1.17,2020-11-28
2021-09-07,Kards Open VIII,bf:5fbf28984d01f9313d135d0f,Ayako,1470.3,133.4,1,0.58,2020-11-28
2021-09-07,Kards Open VIII,bf:5fbf30a2a447ab4bb37e1b38,1330775381,1459.1,129.7,2,1.17,2020-11-28
2021-09-07,Kards Open VIII,bf:5fbf32921632970e916c6301,Paddy,1444.4,128.5,2,1.17,2020-11-28
2021-09-07,Kards Open VIII,bf:5fbf3849043fd20cdf90d500,Dirty Jon,1481.5,109.4,7,4.09,2020-11-29
2021-09-07,Kards Open VIII,bf:5fbf3d90adfefd64e8c91af1,tortunbator,1470.4,123.9,3,1.75,2020-11-28
2021-09-07,Kards Open VIII,bf:5fbf4b25698db1048d27bdc9,白皮猪杀手,1442.2,128.5,2,1.17,2020-11-28
2021-09-07,Kards Open VIII,bf:5fbf4fe05d320863b86f0fb6,Kimssa,1579.9,89.1,15,9.88,2021-04-04
2021-09-07,Kards Open VIII,bf:5fbf516e2dc8793ada852a4c,VitalkaFS,1507.2,119.9,4,2.34,2020-11-28
2021-09-07,Kards Open VIII,bf:5fbf5273adfefd64e8c91b99,crazymonkey,1535.0,117.1,5,2.92,2020-11-28
2021-09-07,Kards Open VIII,bf:5fbf62605d320863b86f0ff1,梁家河扛麦郎,1497.9,128.1,2,1.17,2020-11-28
2021-09-07,Kards Open VIII,bf:5fbf6ade2dc8793ada852a75,Maty,1506.9,96.2,12,7.65,2021-04-03
2021-09-07,Kards Open VIII,bf:5fbf6f3f26ea883a515841f0,Wuhu_Airline,1450.5,128.9,2,1.17,2020-11-28
2021-09-07,Kards Open VIII,bf:5fbf7a86b0ef7749130e4dec,ID由于太昭和无法显示,1473.0,124.0,3,1.75,2020-11-28
2021-09-07,Kards Open VIII,bf:5fbf81d4698db1048d27bf78,Andrewkaiyan,1521.9,104.2,9,5.27,2020-11-29
2021-09-07,Kards Open VIII,bf:5fbf8670698db1048d27bfda,zadkiel0508,1499.9,128.4,2,1.17,2020-11-28
2021-09-07,Kards Open VIII,bf:5fbf86bf2dc8793ada852abe,Kiertscher,1513.2,107.0,8,4.68,2020-11-29
2021-09-07,Kards Open VIII,bf:5fbf8fc55d320863b86f1086,共和国荣光,1478.7,124.2,3,1.75,2020-11-28
2021-09-07,Kards Open VIII,bf:5fbf97cfb0ef7749130e4e94,AndyNing,1478.0,124.6,3,1.75,2020-11-28
2021-09-07,Kards Open VIII,bf:5fbf9fa55d320863b86f10d6,watchmen,1594.1,115.8,5,2.92,2020-11-28
2021-09-07,Kards Open VIII,bf:5fbfa1ec5d320863b86f10df,s8130662,1679.4,105.0,9,5.27,2020-11-29
2021-09-07,Kards Open VIII,bf:5fbfa6575d320863b86f10ec,think,1450.2,128.8,2,1.17,2020-11-28
2021-09-07,Kards Open VIII,bf:5fbfa75c0f21e57963853e73,2057458491@qq.com,1580.4,116.3,5,2.92,2020-11-28
2021-09-07,Kards Open VIII,bf:5fbfa9f0a2fd34654753c891,Wizard,1544.7,104.0,9,5.27,2020-11-29
2021-09-07,Kards Open VIII,bf:5fbfaa4726ea883a5158435d,UnhappyRefrain,1468.5,123.9,3,1.75,2020-11-28
2021-09-07,Kards Open VIII,bf:5fbfaa5d698db1048d27c161,Feiron,1476.5,133.7,1,0.58,2020-11-28
2021-09-07,Kards Open VIII,bf:5fbfafde1632970e916c652e,Non-motorized,1509.4,106.7,8,4.68,2020-11-29
2021-09-07,Kards Open VIII,bf:5fbfb1ca2dc8793ada852b72,Satomi_ren,1588.8,110.0,7,4.1,2020-11-29
2021-09-07,Kards Open VIII,bf:5fbfb4c7043fd20cdf90d6e1,唐努图什么,1500.7,128.5,2,1.17,2020-11-28
2021-09-07,Kards Open VIII,bf:5fbfb60f1632970e916c6544,rayson366458,1454.7,129.1,2,1.17,2020-11-28
2021-09-07,Kards Open VIII,bf:5fbfb8692dc8793ada852b8d,为啥起的名字都无效,1509.9,129.4,2,1.17,2020-11-28
2021-09-07,Kards Open VIII,bf:5fbfb8f1043fd20cdf90d702,James Patterson,1447.8,119.9,4,2.34,2020-11-28
2021-09-07,Kards Open VIII,bf:5fbfba184d01f9313d135f37,Simple One,1472.7,133.4,1,0.58,2020-11-28
2021-09-07,Kards Open VIII,bf:5fbfbd51b0ef7749130e4f38,MC_Shiro,1578.9,97.3,12,7.6,2021-02-07
2021-09-07,Kards Open VIII,bf:5fbfc2c9043fd20cdf90d720,bushirenchou,1539.2,116.3,5,2.92,2020-11-28
2021-09-07,Kards Open VIII,bf:5fbfc6e15d320863b86f1193,李鸿章,1536.8,104.6,9,5.27,2020-11-29
2021-09-07,Kards Open VIII,bf:5fbfd4581632970e916c6699,Claris,1481.5,124.2,3,1.75,2020-11-28
2021-09-07,Kards Open VIII,bf:5fbffbaa2dc8793ada85319e,MeRRoR,1467.9,107.3,8,4.68,2020-11-29
2021-09-07,Kards Open VIII,bf:5fc003a1b0ef7749130e5216,Zuasfadas,1540.5,120.7,4,2.34,2020-11-28
2021-09-07,Kards Open VIII,bf:5fc0046a698db1048d27c912,ChariotBlitz,1521.4,116.3,5,2.92,2020-11-28
2021-09-07,Kards Open VIII,bf:5fc0060d698db1048d27c939,machue,1465.1,123.7,3,1.75,2020-11-28
2021-09-07,Kards Open VIII,bf:5fc017df26ea883a515847d5,Nikica,1531.7,103.8,9,5.27,2020-11-29
2021-09-07,Kards Open VIII,bf:5fc0244ca2fd34654753d0cb,Bjelke666,1380.8,102.5,10,6.35,2021-02-07
2021-09-07,Kards Open VIII,bf:5fc048141632970e916c6beb,Jannik,1497.1,128.3,2,1.17,2020-11-28
2021-09-07,Kards Open VIII,bf:5fc062ca3a712911d5860aac,Chimpu,1445.8,128.6,2,1.17,2020-11-28
2021-09-07,Kards Open VIII,bf:5fc06376a447ab4bb37e29a7,西域战神阿凡提,1470.0,133.4,1,0.58,2020-11-28
2021-09-07,Kards Open VIII,bf:5fc07486698db1048d27ccd5,hj123c,1443.8,128.5,2,1.17,2020-11-28
2021-09-07,Kards Open VIII,bf:5fc0ff84971c1811b1c02525,lapotNIK,1478.0,124.4,3,1.75,2020-11-28
2021-09-07,Kards Open VIII,bf:5fc13108a447ab4bb37e2e33,Az4zel,1473.2,114.1,6,3.51,2020-11-29
2021-09-07,Kards Open VIII,bf:5fc133575ca52f15c00549a9,Legio_Victrix,1587.3,104.3,9,5.27,2020-11-29
2021-09-07,Kards Open VIII,bf:5fc13c125d320863b86f1d60,聖訷殺,1440.5,128.7,2,1.17,2020-11-28
2021-09-07,Kards Open VIII,bf:5fc13c6e4a99f533280c7373,Vavilon6,1672.6,69.6,33,22.07,2021-04-10
2021-09-07,Kards Open VIII,bf:5fc1647ca447ab4bb37e3019,Lampround,1449.0,128.5,2,1.17,2020-11-28
2021-09-07,Kards Open VIII,bf:5fc1741a4a3afe55318cf945,Waldemaras,1415.0,104.6,7,5.52,2021-06-26
2021-09-07,Kards Open VIII,bf:5fc1760a2dc8793ada853e83,Thetankman3,1615.4,113.7,6,3.51,2020-11-29
2021-09-07,Kards Open VIII,bf:5fc1c2f14a3afe55318cfd98,RudyFlyer,1468.4,133.3,1,0.58,2020-11-28
2021-09-07,Kards Open VIII,bf:5fc1dd90043fd20cdf90e83e,BADmuji,1462.2,99.8,11,6.68,2021-02-06
2021-09-07,Kards Open VIII,bf:5fc1dd9b2dc8793ada8544a3,GeneralMaximus_5,1449.9,119.9,4,2.34,2020-11-28
2021-09-07,Kards Open VIII,bf:5fc1f746a2fd34654753e1ae,GearWolf1991,1464.4,106.8,8,4.68,2020-11-29
2021-09-07,Kards Open VIII,bf:5fc2123f8ae4c5551e8b0129,Agent007,1481.7,116.3,5,2.92,2020-11-28
2021-09-07,Kards Open VIII,bf:5fc21ebcb0ef7749130e6b81,Agumonster,1452.9,128.8,2,1.17,2020-11-28
2021-09-07,Kards Open VIII,bf:5fc241c1f1aa2511d7251933,Reaper,1431.5,124.7,3,1.75,2020-11-28
2021-09-07,Kards Open VIII,bf:5fc24f00971c1811b1c037b0,Wladca,1446.3,128.6,2,1.17,2020-11-28
2021-09-07,Kards Open VIII,bf:5fc26afe6052f211a7127a71,yahya94,1473.6,116.0,5,2.92,2020-11-29
2021-09-07,Kards Open VIII,bf:5fc2cfeb2350e111ca3e4a6e,Lan,1383.3,95.0,13,8.79,2021-02-21
2021-09-07,Kards Open VIII,bf:5fd0f538f2b2ef0cb211c66d,winman82,1490.0,117.5,4,2.67,2021-02-06
2021-09-07,Kards Open VIII,bf:6018722f6b7a4c1c7ef01779,"Котейка ПочтаЛион ""Каратель""",1466.1,114.3,5,3.34,2021-02-07
2021-09-07,Kards Open VIII,bf:601995acbe9b881d09177a3a,Berserker,1416.3,123.9,3,2.0,2021-02-07
2021-09-07,Kards Open VIII,bf:6019ce668e21aa1d188c190d,DJSF,1459.1,110.7,6,4.12,2021-02-21
2021-09-07,Kards Open VIII,bf:601a74d5f4761b1d98293c14,gardr,1408.7,112.1,6,4.06,2021-02-20
2021-09-07,Kards Open VIII,bf:601ad0d4bccfe11bd7952790,Bubblebox,1556.9,94.4,12,8.13,2021-02-21
2021-09-07,Kards Open VIII,bf:601ae997fb69622ad6617823,Lord Zarax,1457.4,111.0,6,4.12,2021-02-21
2021-09-07,Kards Open VIII,bf:601aface2eb6151da1f9651f,Amarok,1461.1,122.5,3,2.0,2021-02-06
2021-09-07,Kards Open VIII,bf:601afc674443111ba564023d,RTylerW,1455.5,120.3,4,2.67,2021-02-06
2021-09-07,Kards Open VIII,bf:601b5b897d76ec1b99358c6f,IMStarker,1445.3,115.4,5,3.39,2021-02-20
2021-09-07,Kards Open VIII,bf:601c0e79b125d31d258fd278,Ish,1479.4,115.0,5,3.34,2021-02-07
2021-09-07,Kards Open VIII,bf:601c4a12e848ea2ae5565fa7,UappaSguappa,1527.1,122.1,3,2.0,2021-02-06
2021-09-07,Kards Open VIII,bf:601c52cb2eb6151da1f96ccf,Asarnil,1502.2,127.8,2,1.34,2021-02-06
2021-09-07,Kards Open VIII,bf:601c5640242f461d92104636,Flironic,1466.7,132.6,1,0.67,2021-02-06
2021-09-07,Kards Open VIII,bf:601c5831f4761b1d98294688,gillis,1467.1,132.6,1,0.67,2021-02-06
2021-09-07,Kards Open VIII,bf:601c5d21bccfe11bd79533ba,NikitoSNaz,1480.7,114.8,5,3.34,2021-02-07
2021-09-07,Kards Open VIII,bf:601c602c8989bb1d0ffd2d60,Boom Stand,1461.8,110.9,6,4.01,2021-02-07
2021-09-07,Kards Open VIII,bf:601c66707d76ec1b99359336,Uncle_Gags,1456.7,129.3,2,1.34,2021-02-06
2021-09-07,Kards Open VIII,bf:601c6d39ce01411daff6ce45,Ludo,1514.7,109.2,7,4.68,2021-02-07
2021-09-07,Kards Open VIII,bf:601c71455470fa2af29f5034,Sebastianhenry,1436.4,110.8,6,4.01,2021-02-07
2021-09-07,Kards Open VIII,bf:601c7bb24443111ba5640e9a,sleppy,1402.9,111.0,6,4.01,2021-02-07
2021-09-07,Kards Open VIII,bf:601c9026bf58cf5f54a82622,adriano.rln2,1487.6,110.0,6,4.01,2021-02-07
2021-09-07,Kards Open VIII,bf:601c914f7d548611be769699,Chippendale,1536.6,122.9,3,2.0,2021-02-06
2021-09-07,Kards Open VIII,bf:601c994b3b155711d4677d1b,Thunderhide Alpha,1456.9,111.6,6,4.01,2021-02-07
2021-09-07,Kards Open VIII,bf:601c9b3d2a229411c4dec493,JackaL,1478.3,122.0,3,2.0,2021-02-06
2021-09-07,Kards Open VIII,bf:601c9f9ef8251e1bb7eb0fb5,PainmakeR,1381.1,72.8,27,20.45,2021-06-26
2021-09-07,Kards Open VIII,bf:601cafe1bb724711bbdc0e41,diablojoker,1593.3,104.5,8,5.35,2021-02-13
2021-09-07,Kards Open VIII,bf:601cb9e68f8ab5604536225b,xialang,1568.3,98.7,10,6.82,2021-02-27
2021-09-07,Kards Open VIII,bf:601ccaa7df90f911ab030712,Smoky,1495.6,106.7,7,4.75,2021-04-03
2021-09-07,Kards Open VIII,bf:601ccba636ceeb11b32b80ff,清水晴政,1514.7,120.5,4,2.67,2021-02-06
2021-09-07,Kards Open VIII,bf:601ce5a78e21aa1d188c2da4,scarecrow,1464.5,131.4,1,0.87,2021-06-26
2021-09-07,Kards Open VIII,bf:601cf711ce01411daff6d2c9,The Ice Baron,1516.6,118.3,4,2.67,2021-02-06
2021-09-07,Kards Open VIII,bf:601d189a36ceeb11b32b81e2,MR.p,1590.8,96.2,10,7.93,2021-05-30
2021-09-07,Kards Open VIII,bf:601d204cab29fd2adcd79a2d,Juliuspluvius,1498.4,104.3,7,5.62,2021-05-29
2021-09-07,Kards Open VIII,bf:601d2fa3242f461d92104ad0,tief-pass,1490.8,115.2,5,3.34,2021-02-07
2021-09-07,Kards Open VIII,bf:601d334704309b1b93074798,Jashin,1493.6,76.8,21,17.06,2021-08-21
2021-09-07,Kards Open VIII,bf:601d4daaa3a63111ba7f6ad7,0331,1506.2,114.9,5,3.34,2021-02-07
2021-09-07,Kards Open VIII,bf:601d68eabf58cf5f54a82fbf,LeeandGarros,1467.9,120.3,4,2.67,2021-02-06
2021-09-07,Kards Open VIII,bf:601d6a1959fc1e11b57d5700,binhpac,1490.0,122.6,3,2.0,2021-02-06
2021-09-07,Kards Open VIII,bf:601d6e10dca2311bb626f1d2,giannikas,1481.1,122.0,3,2.23,2021-04-03
2021-09-07,Kards Open VIII,bf:601d724003f1bc1bc847aa4d,WarCrow,1488.4,110.5,6,4.01,2021-02-07
2021-09-07,Kards Open VIII,bf:601d72b8945ba61bbd9b6b3e,JamesJimRaynor,1679.0,99.1,10,6.71,2021-02-13
2021-09-07,Kards Open VIII,bf:601d8327ce01411daff6dde0,zvezda,1566.7,108.1,7,4.68,2021-02-07
2021-09-07,Kards Open VIII,bf:601d841d36ceeb11b32b8857,Чайный Игрок,1442.8,127.7,2,1.34,2021-02-06
2021-09-07,Kards Open VIII,bf:601d8d265470fa2af29f55e8,Bronzeguy,1499.6,118.0,4,2.67,2021-02-06
2021-09-07,Kards Open VIII,bf:601dacd85156047698264137,pelota,1594.2,107.6,7,4.69,2021-02-13
2021-09-07,Kards Open VIII,bf:601dd93585cc4e75ecefaa9c,X_predator,1485.4,122.8,3,2.0,2021-02-06
2021-09-07,Kards Open VIII,bf:601ddad214499975b676d714,Autisticles,1483.3,118.7,4,2.67,2021-02-06
2021-09-07,Kards Open VIII,bf:601dff5114499975b676d7fb,Vladimir_the_Great,1444.0,111.1,6,4.01,2021-02-07
2021-09-07,Kards Open VIII,bf:601e170e8b295778d1474505,TriggerMcHappy,1488.4,127.7,2,1.34,2021-02-06
2021-09-07,Kards Open VIII,bf:601e1a04b66ee1767c0f19bf,metaman0,1508.9,111.8,6,4.01,2021-02-07
2021-09-07,Kards Open VIII,bf:601e4222507c147700ac949d,Bishamon,1426.9,84.7,18,12.64,2021-04-04
2021-09-07,Kards Open VIII,bf:601e45ae6c6f1475e154a175,cws1968,1479.4,114.3,5,3.34,2021-02-07
2021-09-07,Kards Open VIII,bf:601e5d325156047698264588,idslksyllbls,1547.4,107.1,7,4.68,2021-02-07
2021-09-07,Kards Open VIII,bf:601e60c914499975b676db49,Agasfer88,1495.2,110.8,6,4.01,2021-02-07
2021-09-07,Kards Open VIII,bf:601e734995780078daf3e9cf,Budark,1505.0,126.8,2,1.34,2021-02-06
2021-09-07,Kards Open VIII,bf:601e77957e074a75c3e36c24,Drazer,1512.5,118.1,4,2.67,2021-02-07
2021-09-07,Kards Open VIII,bf:601e7dd895780078daf3ed80,VadimPoltava,1450.1,118.3,4,2.67,2021-02-06
2021-09-07,Kards Open VIII,bf:601e7e5af38de8768ef0dbdf,Funnies,1481.5,133.8,1,0.67,2021-02-06
2021-09-07,Kards Open VIII,bf:601e92a7e5c01375db7f5de8,stevenj21,1448.9,97.6,11,7.46,2021-02-21
2021-09-07,Kards Open VIII,bf:601e9b8beae820768baef5db,Csasz74,1364.0,112.9,6,4.16,2021-04-03
2021-09-07,Kards Open VIII,bf:601e9c49e5c01375db7f5e53,Heliks,1554.6,111.4,6,4.01,2021-02-07
2021-09-07,Kards Open VIII,bf:601e9d308392ff75fb351ffc,Хлебный Игрок,1470.9,132.8,1,0.67,2021-02-06
2021-09-07,Kards Open VIII,bf:601ea179eae820768baef620,notturno68,1428.8,127.2,2,1.34,2021-02-06
2021-09-07,Kards Open VIII,bf:601ea84d2cdc35768253b653,pablonsky,1458.0,128.9,2,1.34,2021-02-06
2021-09-07,Kards Open VIII,bf:602bf7e108d6c576f70885be,ACE YUR FACE,1518.2,110.4,6,4.12,2021-02-21
2021-09-07,Kards Open VIII,bf:602c0e5389472a782b9cbc26,Shockwave750,1570.3,109.2,6,4.13,2021-02-27
2021-09-07,Kards Open VIII,bf:602c2018507c147700acf905,Bomber_Harris,1453.8,111.2,6,4.12,2021-02-21
2021-09-07,Kards Open VIII,bf:602c22cdabb67b53bb4c4954,Haruna Izumi,1436.3,114.9,5,3.43,2021-02-21
2021-09-07,Kards Open VIII,bf:602d35b5e953470c8c2eb398,skippu_white,1442.2,114.8,5,3.43,2021-02-21
2021-09-07,Kards Open VIII,bf:602d5acba74cc17c31b7d9af,Nyarlathotep,1548.1,65.0,31,25.53,2021-08-21
2021-09-07,Kards Open VIII,bf:602efa92d7a4147c1146d997,Dynamo D,1574.2,103.4,8,5.51,2021-02-27
2021-09-07,Kards Open VIII,bf:602f98dc95b59911a33166f5,Craylight,1408.2,113.3,5,3.43,2021-02-21
2021-09-07,Kards Open VIII,bf:6030551a73965f35ae461762,log1c,1565.1,92.0,13,9.33,2021-04-10
2021-09-07,Kards Open VIII,bf:6030a2af3222cb45216b822e,DarkwingedTrumpeter,1404.7,122.3,3,2.06,2021-02-20
2021-09-07,Kards Open VIII,bf:6039135967b58f1e04196610,CEO of Racism,1518.9,108.1,6,4.46,2021-04-04
2021-09-07,Kards Open VIII,bf:604e70169811de4a8929cc66,chrasi,1553.9,97.3,9,7.2,2021-06-26
2021-09-07,Kards Open VIII,bf:60509713496ba24d0604cc08,TreePipit,1491.3,95.5,10,7.94,2021-06-26
2021-09-07,Kards Open VIII,bf:6050d9c1d164f74b8e7830c0,AnTeallach,1510.8,116.6,4,2.97,2021-04-03
2021-09-07,Kards Open VIII,bf:6050dd83d164f74b8e7830f8,VyC,1525.4,109.4,6,4.46,2021-04-04
2021-09-07,Kards Open VIII,bf:60512d0b3ae2c317e32bcf66,Ace29,1502.4,105.4,6,5.23,2021-06-26
2021-09-07,Kards Open VIII,bf:6051fe41cbd09156d261e80c,Io de Scylla,1508.2,108.0,6,4.46,2021-04-04
2021-09-07,Kards Open VIII,bf:60520c7e3ae2c317e32bd629,Grenadier Gomby,1510.7,108.2,6,4.46,2021-04-04
2021-09-07,Kards Open VIII,bf:6061f0d91d5ed13ba0590c8c,NikolaTesla,1463.9,132.0,1,0.74,2021-04-03
2021-09-07,Kards Open VIII,bf:606205aa77b5c319f9259197,Spaghetti Dan,1432.9,106.4,7,5.2,2021-04-04
2021-09-07,Kards Open VIII,bf:60620a3ddb064f11ae99a9cc,BlatherskiteChannel,1444.9,127.0,2,1.48,2021-04-03
2021-09-07,Kards Open VIII,bf:60623bfcfe869e359192bdb3,Richard Zorge ( tfcvgy),1455.8,131.9,1,0.74,2021-04-03
2021-09-07,Kards Open VIII,bf:60624761e23edf11a8fbebab,Eric Haas,1431.2,106.5,7,5.2,2021-04-04
2021-09-07,Kards Open VIII,bf:6062d422fe869e359192c071,rezvuhin.dmitrij,1467.0,132.0,1,0.74,2021-04-03
2021-09-07,Kards Open VIII,bf:60631191ef449e2156a5adf9,saiko,1532.1,105.9,7,5.2,2021-04-04
2021-09-07,Kards Open VIII,bf:6064433143507c17f08ff721,lutherizz,1473.8,117.9,4,2.97,2021-04-03
2021-09-07,Kards Open VIII,bf:60644d12bea76d63440e66db,casatron,1483.2,121.6,3,2.23,2021-04-03
2021-09-07,Kards Open VIII,bf:6064772a1dc5b905e3c0ff51,repose,1480.4,110.1,6,4.46,2021-04-04
2021-09-07,Kards Open VIII,bf:60647b02521bb713377d6f5c,Zilda,1630.3,84.2,16,12.56,2021-05-30
2021-09-07,Kards Open VIII,bf:60649133d9c5a005c360423e,Rusl,1421.6,123.0,3,2.23,2021-04-03
2021-09-07,Kards Open VIII,bf:6064975b99c79405c943b28f,#romano737,1463.2,111.9,5,3.71,2021-04-04
2021-09-07,Kards Open VIII,bf:6064b09a65d11d138804412a,ttolpann,1477.6,112.3,5,3.72,2021-04-04
2021-09-07,Kards Open VIII,bf:6064c336521bb713377d7223,Bazsi500,1397.5,120.9,3,2.23,2021-04-03
2021-09-07,Kards Open VIII,bf:6065dd291b083505d3f69759,kusanagui2501,1461.5,131.7,1,0.74,2021-04-03
2021-09-07,Kards Open VIII,bf:6065e506c75b3f32bc8957c9,Fortress,1449.6,116.8,4,2.97,2021-04-03
2021-09-07,Kards Open VIII,bf:60665059bea76d63440e763f,ethen,1502.0,114.6,5,3.72,2021-04-04
2021-09-07,Kards Open VIII,bf:60674f097230f532c22615b9,dodos,1525.8,109.5,6,4.46,2021-04-04
2021-09-07,Kards Open VIII,bf:60676fb11d5ed13ba0593743,marcelinovegaviejo,1485.8,134.6,1,0.74,2021-04-03
2021-09-07,Kards Open VIII,bf:60677695fe869e359192e820,benny,1509.9,127.4,2,1.48,2021-04-03
2021-09-07,Kards Open VIII,bf:6068332c521bb713377d8fdf,melenkurion,1466.2,131.8,1,0.74,2021-04-03
2021-09-07,Kards Open VIII,bf:60685007d0955e11e2b013f4,germanicus438,1483.7,80.3,18,14.56,2021-06-26
2021-09-07,Kards Open VIII,bf:606854ffd0955e11e2b01407,Magnus_Aurel,1529.5,108.8,6,4.47,2021-04-10
2021-09-07,Kards Open VIII,bf:60687ce718f0251191ca9656,Gagarinyasha,1432.0,116.3,4,2.97,2021-04-03
2021-09-07,Kards Open VIII,bf:60687eb5eea041235d6db8aa,#nini,1414.7,112.8,5,3.72,2021-04-04
2021-09-07,Kards Open VIII,bf:6070a8022fd5451122c65ae8,apara,1568.7,86.3,13,11.61,2021-09-04
2021-09-07,Kards Open VIII,bf:60721ccb5c1419118df3a796,OOUTAIWAN,1486.0,77.0,20,17.83,2021-08-21
2021-09-07,Kards Open VIII,bf:60763581b7083a45e0c65882,Thunder,1426.1,124.7,2,1.74,2021-06-26
2021-09-07,Kards Open VIII,bf:607823b0c75b3f32bc89dbca,White Eagle,1628.3,78.2,18,15.85,2021-08-21
2021-09-07,Kards Open VIII,bf:60946d0dab3bf12889662245,VikingClog,1447.7,106.4,6,4.95,2021-05-29
2021-09-07,Kards Open VIII,bf:60953c50980c9b122a48e011,#magnetto_man,1463.9,106.9,6,4.95,2021-05-29
2021-09-07,Kards Open VIII,bf:609b70096b6b3d37fdd49225,TheFrenchHolyTemplar,1536.8,118.9,3,2.61,2021-06-26
2021-09-07,Kards Open VIII,bf:60a356b944cea86cbcb2d935,Rngesus,1411.1,111.3,5,4.13,2021-05-29
2021-09-07,Kards Open VIII,bf:60a3bf649226326cec5f141a,SkillKill,1406.2,121.0,3,2.48,2021-05-29
2021-09-07,Kards Open VIII,bf:60a3f0a911d3b171064316ce,Obristan,1451.1,119.2,3,2.48,2021-05-29
2021-09-07,Kards Open VIII,bf:60a432af9226326cec5f185b,MeRoll,1439.3,98.3,9,7.57,2021-06-26
2021-09-07,Kards Open VIII,bf:60a503770ee905712684a97d,Leichelot1,1416.6,112.5,5,4.13,2021-05-29
2021-09-07,Kards Open VIII,bf:60a543cc9c13276cd6914076,#MrEcho,1464.4,109.5,5,4.13,2021-05-29
2021-09-07,Kards Open VIII,bf:60a5955444cea86cbcb2ebc2,Tanner,1453.2,127.4,2,1.65,2021-05-29
2021-09-07,Kards Open VIII,bf:60a61caf0327e8746992e60b,estienne2,1414.1,93.9,11,9.31,2021-06-26
2021-09-07,Kards Open VIII,bf:60a6368e0072106f76db29dd,Skiller,1337.8,111.4,5,4.13,2021-05-29
2021-09-07,Kards Open VIII,bf:60a65e7e982b577479221d7e,Hackfresse,1450.6,100.2,8,6.84,2021-08-07
2021-09-07,Kards Open VIII,bf:60a67f38000fb03f36004b2c,Dindalian,1572.6,88.6,13,11.05,2021-06-27
2021-09-07,Kards Open VIII,bf:60a685a99c13276cd691508d,loud and clear,1438.3,91.6,11,9.31,2021-06-26
2021-09-07,Kards Open VIII,bf:60a7c75f9c13276cd691586e,devil,1550.6,101.6,8,6.65,2021-06-26
2021-09-07,Kards Open VIII,bf:60a9f588982b57747922392a,Marek,1518.5,91.7,11,9.31,2021-06-26
2021-09-07,Kards Open VIII,bf:60aaf2216dada66f5e2a839e,ChemistryMaster,1453.3,131.2,1,0.83,2021-05-29
2021-09-07,Kards Open VIII,bf:60abd00e9226326cec5f56e5,Garand Конституції,1429.6,115.5,4,3.3,2021-05-29
2021-09-07,Kards Open VIII,bf:60ae026e000fb03f36007a83,EcholoQE,1476.4,132.6,1,0.83,2021-05-29
2021-09-07,Kards Open VIII,bf:60ae60e26dada66f5e2a9239,ERB0L,1641.4,79.7,17,14.92,2021-09-04
2021-09-07,Kards Open VIII,bf:60b0a4d9835684119d3312d6,Bob1974,1420.8,111.6,5,4.13,2021-05-29
2021-09-07,Kards Open VIII,bf:60b1d9960072106f76db7938,FrosT_NF,1377.8,106.8,6,4.95,2021-05-29
2021-09-07,Kards Open VIII,bf:60b2450639bdbb113a68b017,*UBI_ghost,1434.8,111.6,5,4.13,2021-05-29
2021-09-07,Kards Open VIII,bf:60c514950332eb573b6ef25d,polancowoods45,1404.6,110.6,5,4.35,2021-06-26
2021-09-07,Kards Open VIII,bf:60c929871a01bf49674e1815,HW Plainview,1354.3,112.7,5,4.35,2021-06-26
2021-09-07,Kards Open VIII,bf:60c939761fb30a26a0ea6e03,Dindomir,1485.9,117.9,3,2.83,2021-08-07
2021-09-07,Kards Open VIII,bf:60c9b27ea95cd94e9dae5da2,虚无主义,1539.2,106.7,6,5.23,2021-06-26
2021-09-07,Kards Open VIII,bf:60ca4cb5a95cd94e9dae6026,Kindero,1476.4,132.4,1,0.87,2021-06-26
2021-09-07,Kards Open VIII,bf:60ca80ace39b28468395e0c2,PAGMARE,1559.7,109.5,5,4.35,2021-06-26
2021-09-07,Kards Open VIII,bf:60cb505451487a4eb2227f1a,Vector,1468.5,122.6,3,2.61,2021-06-26
2021-09-07,Kards Open VIII,bf:60d7295878f6123d75383e7c,Unskilz,1481.4,105.2,6,5.23,2021-06-26
2021-09-07,Kards Open VIII,sgg:2374874,Hayboza,1539.6,112.2,4,3.77,2021-08-07
2021-09-07,Kards Open VIII,sgg:2375094,Krch,1429.6,122.0,3,2.83,2021-08-07
2021-09-07,Kards Open VIII,sgg:2375354,Brightstar,1409.7,118.0,4,3.77,2021-08-07
2021-09-07,Kards Open VIII,sgg:2375403,Tofisow,1427.9,110.1,5,4.72,2021-08-07
2021-09-07,Kards Open VIII,sgg:2375442,Noein5,1660.1,98.8,7,6.65,2021-09-04
2021-09-07,Kards Open VIII,sgg:2380599,TheArticle,1402.6,120.3,3,2.83,2021-08-07
2021-09-07,Kards Open VIII,sgg:2382579,xyloser,1726.4,96.5,8,7.76,2021-09-07
2021-09-07,Kards Open VIII,sgg:2386070,,1506.9,107.3,5,4.84,2021-08-21
2021-09-07,Kards Open VIII,sgg:2407266,BEATWELL,1463.7,114.6,4,3.87,2021-08-21
2021-09-07,Kards Open VIII,sgg:2408029,Nanohard,1406.2,108.1,5,4.84,2021-08-21
2021-09-07,Kards Open VIII,sgg:2408269,常凯申队长,1552.9,107.1,5,4.84,2021-08-21
2021-09-07,Kards Open VIII,sgg:2408285,Surcouf,1449.6,113.5,4,3.87,2021-08-21
2021-09-07,Kards Open VIII,sgg:2409441,0944,1472.2,116.4,3,2.91,2021-08-21
2021-09-07,Kards Open VIII,sgg:2409467,老虎不发猫,1706.4,92.1,9,8.83,2021-09-07
2021-09-07,Kards Open VIII,sgg:2410346,Kevin Wu,1500.6,108.3,5,4.84,2021-08-21
2021-09-07,Kards Open VIII,sgg:2410397,BurningLAN,1423.1,121.2,3,2.91,2021-08-21
2021-09-07,Kards Open VIII,sgg:375061,Thanatron,1552.5,100.3,7,6.81,2021-09-04
2021-11-28,Kards Open IX,bf:544fd1e1a3aee26f0b100edb,121,1517.1,104.7,13,5.11,2020-08-30
2021-11-28,Kards Open IX,bf:55a9e6f380ec56430032820c,swigmonkey,1453.0,120.5,4,2.28,2021-02-06
2021-11-28,Kards Open IX,bf:564e7b5b80b8db4a00c4ff9c,Jking7,1742.7,49.8,84,55.14,2021-11-28
2021-11-28,Kards Open IX,bf:56bf93a68b6bc7030304a789,Kynio,1497.3,117.3,7,2.76,2020-07-26
2021-11-28,Kards Open IX,bf:56ed79634fdf9b7e1224dddc,[DB] Praetorian,1543.1,125.5,4,1.57,2020-07-25
2021-11-28,Kards Open IX,bf:57101bc80b3b0f8312f27ec5,Socialist,1537.9,86.4,16,11.31,2021-11-06
2021-11-28,Kards Open IX,bf:572751089b61d587125da415,Pad,1539.4,114.7,8,3.15,2020-07-26
2021-11-28,Kards Open IX,bf:5784f8bcf26da72d0cd20f65,LuckyLuke,1473.8,96.7,17,7.36,2020-11-28
2021-11-28,Kards Open IX,bf:57a1697c8c3386280ca04b34,batis,1535.3,89.2,21,9.82,2021-04-04
2021-11-28,Kards Open IX,bf:57b5a7ffabd8181c0cfdf304,CaptainA,1623.8,89.0,15,10.18,2021-11-27
2021-11-28,Kards Open IX,bf:5931f755f2d1a503331ea51d,Chrisca,1501.7,131.7,2,0.79,2020-07-25
2021-11-28,Kards Open IX,bf:596dd6d3014e6b033a8a1275,RainZone,1578.4,114.5,8,3.15,2020-07-26
2021-11-28,Kards Open IX,bf:59b91e3e40985d034416fd27,Isenberg,1494.5,131.4,2,0.79,2020-07-25
2021-11-28,Kards Open IX,bf:5a4d98c332953903641106de,Freddie,1568.5,95.1,17,7.66,2020-11-29
2021-11-28,Kards Open IX,bf:5a58cabb82c7de043a3c289b,[TNT] marvin_the_imp,1499.4,129.0,2,1.14,2021-02-06
2021-11-28,Kards Open IX,bf:5a8879b76c3ac00358830d7c,Benji,1523.7,93.6,16,8.51,2021-02-07
2021-11-28,Kards Open IX,bf:5ad6b5686a20dd03885fa1d1,Jugador,1513.9,122.9,5,1.97,2020-07-26
2021-11-28,Kards Open IX,bf:5b0094b93d8b3603b86987cc,Bob the Tomato,1482.0,125.5,4,1.68,2020-08-30
2021-11-28,Kards Open IX,bf:5b38c676cbd82c03a4f28e8f,doge34,1639.6,80.9,29,13.9,2021-04-04
2021-11-28,Kards Open IX,bf:5b499abbdbda4803ac64b712,SdCorpse,1525.2,125.8,3,1.5,2020-11-28
2021-11-28,Kards Open IX,bf:5bef1fd422a55803cb340a40,OHxCORNGUY,1671.1,74.4,22,18.12,2021-11-28
2021-11-28,Kards Open IX,bf:5c3b6b20304450039e51c054,Yorrit,1499.8,109.8,8,4.0,2020-11-29
2021-11-28,Kards Open IX,bf:5c4d3b7150078403fe2d5308,龍槍雷斯林(raslin2006),1538.4,95.6,11,7.93,2021-06-26
2021-11-28,Kards Open IX,bf:5c4dca4fa9f6820352797666,VildeScarz,1544.7,113.4,8,3.37,2020-08-30
2021-11-28,Kards Open IX,bf:5c7e66cd2dd6e4033a9d5fd1,Elikur,1504.8,95.0,12,8.05,2021-08-07
2021-11-28,Kards Open IX,bf:5c834379fdf5df032965d470,Johnny,1518.0,127.9,3,1.18,2020-07-25
2021-11-28,Kards Open IX,bf:5d0fba42acc6ed329c51837f,Rokeiro,1450.9,129.3,3,1.05,2020-05-23
2021-11-28,Kards Open IX,bf:5d26bcf5c9bf6055b457dfb5,UkrainianKing,1579.7,85.5,21,11.4,2021-05-30
2021-11-28,Kards Open IX,bf:5d47ab5c0451666910e5c0af,Joshua12450,1473.5,124.6,3,1.71,2021-02-06
2021-11-28,Kards Open IX,bf:5d4eae596c2b2139a67ce680,Punpun,1475.0,112.9,5,3.53,2021-05-29
2021-11-28,Kards Open IX,bf:5d6bf8a0238bc73c869e6430,Niemand,1454.9,130.0,2,1.0,2020-11-28
2021-11-28,Kards Open IX,bf:5dadf6683f9f8d27e2e9cc0b,GKZhukov,1620.8,88.7,17,9.9,2021-02-27
2021-11-28,Kards Open IX,bf:5dff9d39fafe5a70cf39ed01,Time to harsh your buzz!,1456.0,130.8,2,0.84,2020-08-29
2021-11-28,Kards Open IX,bf:5e055721e0b14c3515213776,sk1091,1487.6,135.5,1,0.42,2020-08-29
2021-11-28,Kards Open IX,bf:5e47e9a0f854af105e7ca35f,tominkorea,1452.8,109.5,6,4.24,2021-05-29
2021-11-28,Kards Open IX,bf:5e6a39a3f1f90c345a8e7fcd,Yakin,1555.4,110.6,7,4.12,2021-02-27
2021-11-28,Kards Open IX,bf:5e7e00974f03651058bba114,Camm,1518.1,111.6,6,3.81,2021-04-04
2021-11-28,Kards Open IX,bf:5e7fb8e3d7ce547b37484302,jaja,1508.0,129.7,2,1.0,2020-11-28
2021-11-28,Kards Open IX,bf:5e889af67a9c4c10932a6ca9,usp45master,1537.9,84.0,19,12.41,2021-06-26
2021-11-28,Kards Open IX,bf:5e9cf8ff72e2961f747c7978,DARKCA5TLE,1596.3,101.3,11,6.3,2021-04-10
2021-11-28,Kards Open IX,bf:5eb572f0a795290866140381,rdbigdog,1588.7,115.4,7,3.18,2020-11-28
2021-11-28,Kards Open IX,bf:5eb57d1601b7fd0fe0488f0f,Astral,1496.8,124.2,5,1.75,2020-05-23
2021-11-28,Kards Open IX,bf:5eb583d54a8bea0acd7ea437,SharkPup,1464.9,132.1,2,0.7,2020-05-23
2021-11-28,Kards Open IX,bf:5eb598330abb797ad38acaee,NonGMOSalt,1595.5,88.7,18,9.87,2021-05-30
2021-11-28,Kards Open IX,bf:5eb62f23aefaaf170fa23f33,Blue_Blast,1484.2,117.0,3,2.95,2021-11-20
2021-11-28,Kards Open IX,bf:5eb6495f5d6f1b5d1c5d7d95,kenny,1493.2,102.6,11,5.98,2021-05-29
2021-11-28,Kards Open IX,bf:5eb65df574f31a11dd226b38,Darkness,1840.0,62.6,67,41.07,2021-11-27
2021-11-28,Kards Open IX,bf:5eb664dbaefaaf170fa246f1,RookVenturer1313,1491.6,125.0,5,1.75,2020-05-23
2021-11-28,Kards Open IX,bf:5eb708950fe915528f90abfd,Donald Trump,1502.4,111.0,10,3.76,2020-07-26
2021-11-28,Kards Open IX,bf:5eb7670e5e789b4b50a06de2,WHEEL3R,1571.6,77.1,34,15.96,2021-02-27
2021-11-28,Kards Open IX,bf:5ebc5c7aec210a06ae04d4d4,Snefru,1635.0,93.1,22,8.69,2020-09-05
2021-11-28,Kards Open IX,bf:5ebd8cafb3bec004beff6eff,[AAA] Caps04,1570.8,100.7,13,6.19,2021-02-07
2021-11-28,Kards Open IX,bf:5ebd9402b92b28521a098ec8,Bubbles,1662.6,68.3,38,23.41,2021-11-06
2021-11-28,Kards Open IX,bf:5ebe821bdc25e53f4d8c7446,ForeverFox,1459.9,124.2,5,1.75,2020-05-23
2021-11-28,Kards Open IX,bf:5ebea2fd1eafc755976c161a,Drogear,1608.4,105.8,14,5.32,2020-08-29
2021-11-28,Kards Open IX,bf:5ebea8a9bfed616b75962b6a,Forgestryker,1559.3,106.0,12,5.13,2020-11-28
2021-11-28,Kards Open IX,bf:5ec021ae0f25781e0b5f5f43,AlexRises,1472.6,132.6,2,0.7,2020-05-23
2021-11-28,Kards Open IX,bf:5ec038e2256baa1d38011a05,Vinny,1637.6,60.8,45,30.65,2021-11-27
2021-11-28,Kards Open IX,bf:5ec14e2baf9b8d5641b7a639,handor95,1443.6,111.8,9,3.75,2020-11-28
2021-11-28,Kards Open IX,bf:5ec2a6dafd8a561535cde2a5,V0R0N92,1519.1,65.4,38,24.91,2021-11-20
2021-11-28,Kards Open IX,bf:5ec2ace2fd8a561535cde2e1,MJT,1496.0,130.9,2,0.84,2020-08-29
2021-11-28,Kards Open IX,bf:5ec2acf9a7330d091e79291a,lucencan,1481.8,109.0,10,4.25,2020-11-28
2021-11-28,Kards Open IX,bf:5ec2c1da0a4e405c2332e640,Chip-Filled Adam,1568.1,102.0,13,5.9,2020-11-29
2021-11-28,Kards Open IX,bf:5ec2f8632e7fb7357e7c8077,SCARED MOKEY,1511.3,110.0,10,4.15,2020-11-28
2021-11-28,Kards Open IX,bf:5ec3fe380be5fa28e9946104,Sertma,1483.5,135.4,1,0.35,2020-05-23
2021-11-28,Kards Open IX,bf:5ec442d3b2f357511fcbf34a,skzeman,1550.0,123.9,5,1.75,2020-05-23
2021-11-28,Kards Open IX,bf:5ec44a4894993372f10699b1,Adrián7,1481.8,135.1,1,0.39,2020-07-25
2021-11-28,Kards Open IX,bf:5ec4df5bde56fb470634c5fa,barboza,1481.2,134.1,2,0.7,2020-05-23
2021-11-28,Kards Open IX,bf:5ec57fff74214e1748e43f56,dasolli,1482.0,113.0,7,3.5,2020-11-29
2021-11-28,Kards Open IX,bf:5ec5e7746951c62d86f53235,FL1ppY | エワウト,1581.0,107.9,8,4.58,2021-02-13
2021-11-28,Kards Open IX,bf:5ec7d675f5d9bf6412138238,Hahn,1506.5,126.3,4,1.4,2020-05-23
2021-11-28,Kards Open IX,bf:5ec99a6d5cb5d5345c7fdf7c,AriBigBehn,1672.0,55.1,60,40.45,2021-11-27
2021-11-28,Kards Open IX,bf:5ee6022292efc00faf652a7e,Esthete,1478.9,110.2,7,4.0,2021-02-07
2021-11-28,Kards Open IX,bf:5ee6c5f92764fc7a784c6f9e,BirdLaw,1435.9,92.6,19,8.74,2021-02-07
2021-11-28,Kards Open IX,bf:5eeb9c3d19b81239da9496cb,Kosaroli,1559.3,69.0,31,21.58,2021-11-20
2021-11-28,Kards Open IX,bf:5f0cbd1969a363414a64af57,agent_182,1522.5,128.1,3,1.18,2020-07-25
2021-11-28,Kards Open IX,bf:5f0cd40c3087a65e039603f4,wild_eyes,1687.8,63.1,55,29.55,2021-05-29
2021-11-28,Kards Open IX,bf:5f0cf3becbf20c490eb4fa7d,T0M,1503.7,123.0,5,1.97,2020-07-26
2021-11-28,Kards Open IX,bf:5f0d81380ffa0b49d9f58c5c,Nerf,1586.5,114.4,8,3.15,2020-07-26
2021-11-28,Kards Open IX,bf:5f0d9e4785aa4e37e911463c,You Need Jesus Christ,1457.1,131.4,2,0.79,2020-07-25
2021-11-28,Kards Open IX,bf:5f0dad9ac47339351f7f742f,RipperJim,1475.9,125.6,3,1.5,2020-11-28
2021-11-28,Kards Open IX,bf:5f0db8236f4cd1393325784f,Hazeltails,1526.4,116.9,7,2.76,2020-07-26
2021-11-28,Kards Open IX,bf:5f0dc882f26046593189ba9f,SALUTE06,1487.9,135.7,1,0.39,2020-07-25
2021-11-28,Kards Open IX,bf:5f0de85b7c5e104738aeb5a8,benc,1537.3,114.3,8,3.15,2020-07-26
2021-11-28,Kards Open IX,bf:5f0df6196f4cd13933257c2a,COOLJ007,1541.2,112.1,7,4.0,2021-02-07
2021-11-28,Kards Open IX,bf:5f0df84e824086475be264b7,Terror_de,1593.1,66.6,44,23.97,2021-06-27
2021-11-28,Kards Open IX,bf:5f0df9d07c4df3491abfc797,RMISE,1470.2,132.2,2,0.79,2020-07-25
2021-11-28,Kards Open IX,bf:5f0dfb2c7c4df3491abfc7a6,zhen,1576.5,114.5,8,3.15,2020-07-26
2021-11-28,Kards Open IX,bf:5f0e1a20c47339351f7f7b34,Ouchmaster,1502.3,124.8,4,1.58,2020-07-26
2021-11-28,Kards Open IX,bf:5f0e248def3ab65b96796c3f,frenchcook,1637.6,74.9,30,17.56,2021-06-27
2021-11-28,Kards Open IX,bf:5f0e37b37c5e104738aebbe3,toDIEisGAIN,1670.6,57.8,59,35.3,2021-11-20
2021-11-28,Kards Open IX,bf:5f0e67fdf26046593189c71c,B_O_R_U_T_O_1,1514.5,93.3,13,8.63,2021-06-26
2021-11-28,Kards Open IX,bf:5f0e76497c4df3491abfd06c,rocksopimppo,1474.8,105.1,11,5.04,2021-02-06
2021-11-28,Kards Open IX,bf:5f0eab817c4df3491abfd2e6,hilmank,1460.2,112.3,8,3.52,2021-02-06
2021-11-28,Kards Open IX,bf:5f0f22cb85aa4e37e9115bb4,madisek,1498.8,131.3,2,0.79,2020-07-25
2021-11-28,Kards Open IX,bf:5f0f2f19ef3ab65b96797ada,kramedogg,1455.7,99.9,15,6.43,2021-02-20
2021-11-28,Kards Open IX,bf:5f0f3d9e7c4df3491abfe047,Snooginz,1523.1,69.9,35,20.49,2021-11-20
2021-11-28,Kards Open IX,bf:5f0f54427c4df3491abfe274,djdado,1480.9,134.8,1,0.42,2020-08-29
2021-11-28,Kards Open IX,bf:5f0fb7319d4b3024dce6f17b,The_Advocator,1469.1,114.6,8,3.15,2020-07-26
2021-11-28,Kards Open IX,bf:5f101bc2eea71b24bc30c50e,Hubblebub,1458.9,131.0,2,0.84,2020-08-29
2021-11-28,Kards Open IX,bf:5f102c329d4b3024dce6f5dd,Malovato_Budet,1484.9,107.6,11,4.44,2020-08-29
2021-11-28,Kards Open IX,bf:5f103df2eac9482569fb2922,phasermind,1519.8,114.9,8,3.15,2020-07-26
2021-11-28,Kards Open IX,bf:5f105658eac9482569fb2be4,张大彪,1575.1,108.3,10,4.37,2020-11-28
2021-11-28,Kards Open IX,bf:5f10783cc08d9224ce50f95f,bob42,1503.5,114.7,8,3.15,2020-07-26
2021-11-28,Kards Open IX,bf:5f10825feac9482569fb2e81,SquareGrouper,1389.0,102.4,13,5.87,2020-11-29
2021-11-28,Kards Open IX,bf:5f1086f1160c3f2239e9225b,lt.blueberry,1346.5,97.7,17,7.57,2021-02-07
2021-11-28,Kards Open IX,bf:5f109d917a5f692572240090,John_Px,1745.3,53.6,66,46.84,2021-11-27
2021-11-28,Kards Open IX,bf:5f10c966160c3f2239e92921,ColdCarl,1554.8,65.0,37,25.36,2021-11-20
2021-11-28,Kards Open IX,bf:5f112ee3eac9482569fb3ee6,Pert,1527.6,116.5,8,3.15,2020-07-26
2021-11-28,Kards Open IX,bf:5f113e2cd04bae257fc195f6,RafcKen7,1638.3,87.4,15,10.67,2021-09-04
2021-11-28,Kards Open IX,bf:5f11d03df7c29f223fd624f2,Groddur,1474.0,125.6,3,1.5,2020-11-28
2021-11-28,Kards Open IX,bf:5f11d0b0eea71b24bc30e84a,BUCKY,1485.6,76.8,24,15.93,2021-11-20
2021-11-28,Kards Open IX,bf:5f11d247160c3f2239e940a4,LuckySpike,1607.8,69.9,40,21.13,2021-05-29
2021-11-28,Kards Open IX,bf:5f11e4c6160c3f2239e941f5,trevorj,1490.6,125.1,4,1.57,2020-07-25
2021-11-28,Kards Open IX,bf:5f11e67d85fecb25631448a0,yufzsy,1656.0,94.8,20,8.52,2020-11-28
2021-11-28,Kards Open IX,bf:5f11ef33160c3f2239e942b2,Starkiller30001,1461.5,124.8,4,1.57,2020-07-25
2021-11-28,Kards Open IX,bf:5f11ff268b375222593350d0,Lobby Boy Lettuce,1465.5,125.2,4,1.57,2020-07-25
2021-11-28,Kards Open IX,bf:5f11ff2ec08d9224ce511d19,Dangerexx,1433.1,114.9,8,3.15,2020-07-26
2021-11-28,Kards Open IX,bf:5f11ff59eea71b24bc30ee0c,Hyo,1441.4,93.0,20,8.52,2020-11-28
2021-11-28,Kards Open IX,bf:5f11ffc4eac9482569fb4f49,MrNejcKing,1411.6,121.8,5,2.15,2021-02-06
2021-11-28,Kards Open IX,bf:5f121b05d04bae257fc1a263,biasedeyes,1462.5,123.1,5,1.97,2020-07-26
2021-11-28,Kards Open IX,bf:5f1220b9b4738624c4273900,KEV1NJ,1528.5,118.0,7,2.76,2020-07-26
2021-11-28,Kards Open IX,bf:5f12273babfcb016362ad1d0,beeman,1370.1,104.6,14,5.7,2020-08-30
2021-11-28,Kards Open IX,bf:5f1229f9cf4549174336fefe,JSL112,1480.6,135.1,1,0.39,2020-07-25
2021-11-28,Kards Open IX,bf:5f122bf8b4738624c4273b13,VLTØR,1448.1,129.6,2,1.0,2020-11-28
2021-11-28,Kards Open IX,bf:5f1240f24a28711494f1b3aa,CaptainTchaikovsky,1494.3,125.1,4,1.57,2020-07-25
2021-11-28,Kards Open IX,bf:5f12771889520148edf780af,mbilsel,1555.2,99.2,16,6.52,2020-08-30
2021-11-28,Kards Open IX,bf:5f1281edb4738624c42745af,ptreey,1451.8,119.1,6,2.36,2020-07-26
2021-11-28,Kards Open IX,bf:5f12bb564a28711494f1bd8d,NeriUwU,1361.7,97.9,17,7.72,2021-02-07
2021-11-28,Kards Open IX,bf:5f12bb99cf45491743370da4,Headcrasher,1491.6,136.1,1,0.64,2021-04-03
2021-11-28,Kards Open IX,bf:5f12c35f8b375222593364f0,xareh90,1513.7,114.7,8,3.15,2020-07-26
2021-11-28,Kards Open IX,bf:5f12da838b375222593365f7,Burremans,1462.8,131.5,2,0.79,2020-07-25
2021-11-28,Kards Open IX,bf:5f12f0881c8cdf16056f6224,RaPaulke,1461.3,131.5,2,0.79,2020-07-25
2021-11-28,Kards Open IX,bf:5f12f0c3abfcb016362ae526,mon.mgs,1478.5,134.9,1,0.39,2020-07-25
2021-11-28,Kards Open IX,bf:5f130139f7c29f223fd64290,fenrir,1525.3,109.6,10,4.15,2020-11-28
2021-11-28,Kards Open IX,bf:5f13328d77697711a235a704,TomatoMato,1537.0,115.1,8,3.15,2020-07-26
2021-11-28,Kards Open IX,bf:5f13952ceea71b24bc312529,Limitless Beast,1422.2,125.0,4,1.57,2020-07-25
2021-11-28,Kards Open IX,bf:5f13f8f0381ccb11abfed78c,Behemothus,1496.3,100.3,15,6.13,2020-08-30
2021-11-28,Kards Open IX,bf:5f13fc452cba8f11c2a4298c,DarkMatterYT,1494.7,131.4,2,0.79,2020-07-25
2021-11-28,Kards Open IX,bf:5f140b7f1c8cdf16056f833c,foreverlimon,1523.5,116.9,7,2.76,2020-07-26
2021-11-28,Kards Open IX,bf:5f140c57341d821185ca56df,BarndoorRoge,1515.4,121.4,5,2.05,2020-08-29
2021-11-28,Kards Open IX,bf:5f140d9bbcbe32117ff6b7e7,Snakii0,1353.2,106.8,10,5.23,2021-04-04
2021-11-28,Kards Open IX,bf:5f140ea9b4738624c4277d71,Heist,1469.6,116.8,7,2.76,2020-07-26
2021-11-28,Kards Open IX,bf:5f14582a341d821185ca59e8,TheStray,1490.5,114.8,8,3.15,2020-07-26
2021-11-28,Kards Open IX,bf:5f145d63b4738624c4278122,Jotora,1541.0,114.6,8,3.15,2020-07-26
2021-11-28,Kards Open IX,bf:5f145fa11c8cdf16056f8757,Kerwer,1476.0,133.3,1,0.64,2021-04-03
2021-11-28,Kards Open IX,bf:5f148273cd3934118e03b196,Shaemas,1483.8,100.7,15,6.1,2020-08-30
2021-11-28,Kards Open IX,bf:5f1493df1c8cdf16056f8bc9,CheL_oFF,1510.6,110.2,7,4.0,2021-02-07
2021-11-28,Kards Open IX,bf:5f14e99eea159211b4c99eab,Jacob,1425.8,114.7,8,3.15,2020-07-26
2021-11-28,Kards Open IX,bf:5f1520542cba8f11c2a44c16,DarkMist,1383.7,89.1,20,11.44,2021-08-21
2021-11-28,Kards Open IX,bf:5f153751eea71b24bc31458b,VLAD420,1464.9,114.5,8,3.15,2020-07-26
2021-11-28,Kards Open IX,bf:5f1539bacfac0e373c6166ce,donigi,1489.5,99.6,16,6.52,2020-08-30
2021-11-28,Kards Open IX,bf:5f155f3577697711a235e552,total,1487.9,135.5,1,0.42,2020-08-29
2021-11-28,Kards Open IX,bf:5f1566b0341d821185ca734b,Юрий,1484.4,117.5,7,2.76,2020-07-26
2021-11-28,Kards Open IX,bf:5f156d9fb4738624c42798e8,Evilmunki,1440.3,116.7,7,2.76,2020-07-26
2021-11-28,Kards Open IX,bf:5f15827677697711a235e95c,ACOG,1486.9,135.5,1,0.39,2020-07-25
2021-11-28,Kards Open IX,bf:5f159e62ea159211b4c9a50e,scorp1one,1472.5,122.0,4,2.35,2021-04-03
2021-11-28,Kards Open IX,bf:5f15a9d0cfac0e373c616a81,gteacher12 (cst),1425.2,125.6,4,1.58,2020-07-26
2021-11-28,Kards Open IX,bf:5f1660782cba8f11c2a45e9c,Lolofy44,1513.6,96.2,17,7.52,2020-11-29
2021-11-28,Kards Open IX,bf:5f169f65bcbe32117ff6eb42,Lykas_OMES,1501.6,113.2,8,3.37,2020-08-30
2021-11-28,Kards Open IX,bf:5f176280381ccb11abff191f,terminetorK56,1488.4,115.6,7,2.95,2020-08-30
2021-11-28,Kards Open IX,bf:5f17d573bcbe32117ff6fd03,Vitaly Gorbunov,1480.3,135.0,1,0.39,2020-07-25
2021-11-28,Kards Open IX,bf:5f17ef0fcfac0e373c6190c4,[REDi]1R COL ANZAC_Ace,1478.3,127.8,3,1.18,2020-07-25
2021-11-28,Kards Open IX,bf:5f19119cb4738624c427e33c,SA-GR,1444.6,117.0,7,2.76,2020-07-26
2021-11-28,Kards Open IX,bf:5f191b72abfcb016362b6974,Suchy,1502.4,111.3,6,3.81,2021-04-04
2021-11-28,Kards Open IX,bf:5f193071cfac0e373c61a11b,PetitPoney,1519.2,122.1,5,2.02,2020-08-29
2021-11-28,Kards Open IX,bf:5f1a8cc8b4738624c42817ef,Tigerkater,1492.1,118.4,7,2.76,2020-07-26
2021-11-28,Kards Open IX,bf:5f1b1546b4738624c4282183,Skunk,1423.1,114.6,8,3.15,2020-07-26
2021-11-28,Kards Open IX,bf:5f1b3f1b08ac6c1dd4d6bb23,brienoconan,1520.2,128.2,3,1.18,2020-07-25
2021-11-28,Kards Open IX,bf:5f1b48d1abfcb016362ba48e,Berni de Balle,1548.9,68.5,42,22.29,2021-05-29
2021-11-28,Kards Open IX,bf:5f1b9f20a73922196c802448,Gamesite,1479.5,122.1,5,1.97,2020-07-26
2021-11-28,Kards Open IX,bf:5f1bad8bb4738624c4283cf6,Filpa,1544.3,106.1,12,4.86,2020-08-30
2021-11-28,Kards Open IX,bf:5f318206a8e6c511a449d179,0CanadaBear0,1478.9,120.9,5,2.1,2020-08-30
2021-11-28,Kards Open IX,bf:5f318c62af063111a36cedab,aa,1542.7,114.4,8,3.37,2020-08-30
2021-11-28,Kards Open IX,bf:5f31dbda9ab87f2e0c19cd0c,RNGek,1557.4,96.4,16,7.37,2020-11-29
2021-11-28,Kards Open IX,bf:5f31e18d7bd80311ab780bcb,天之子将军,1529.5,119.2,6,2.53,2020-08-30
2021-11-28,Kards Open IX,bf:5f31e6b930b92e118dbc3b00,r3in0r,1457.6,130.9,2,0.84,2020-08-29
2021-11-28,Kards Open IX,bf:5f32224b74a4bd1196ff8e97,yourBRO,1451.9,114.0,7,3.34,2020-11-28
2021-11-28,Kards Open IX,bf:5f323b2daf063111a36cffab,chmy426,1554.7,121.7,4,2.0,2020-11-28
2021-11-28,Kards Open IX,bf:5f32755630b92e118dbc4132,Joeybag0doughnuts,1474.1,134.7,1,0.42,2020-08-29
2021-11-28,Kards Open IX,bf:5f32919a74a4bd1196ff9509,wydsxl,1619.8,92.7,15,8.68,2021-09-04
2021-11-28,Kards Open IX,bf:5f32abe69ab87f2e0c19e0b7,"Oh, Pretty Woman",1398.5,121.3,5,2.1,2020-08-30
2021-11-28,Kards Open IX,bf:5f32b5a5af063111a36d039f,Spartan,1491.0,125.1,3,1.59,2021-02-20
2021-11-28,Kards Open IX,bf:5f32c6147bd80311ab78193f,petriachor,1616.0,64.2,41,26.78,2021-11-27
2021-11-28,Kards Open IX,bf:5f32ca9074a4bd1196ff97d9,Sirbol,1512.0,113.0,8,3.37,2020-08-30
2021-11-28,Kards Open IX,bf:5f32e74430b92e118dbc4866,alan1957,1479.2,134.7,1,0.42,2020-08-29
2021-11-28,Kards Open IX,bf:5f32f48419fcf2666b2abff1,kowalski,1642.4,63.3,41,28.5,2021-11-27
2021-11-28,Kards Open IX,bf:5f3304e930b92e118dbc4ad6,maxterGIO,1509.6,113.1,8,3.37,2020-08-30
2021-11-28,Kards Open IX,bf:5f3321d98a94d511b1d67c5b,ExpelliarmusA,1549.8,113.2,8,3.37,2020-08-30
2021-11-28,Kards Open IX,bf:5f332d0619fcf2666b2ac60a,comrade nicky,1520.8,128.3,3,1.26,2020-08-29
2021-11-28,Kards Open IX,bf:5f335b3e30b92e118dbc579e,WorldWarWhale,1468.8,121.4,3,2.12,2021-05-29
2021-11-28,Kards Open IX,bf:5f344b7a8a94d511b1d68a96,John™,1457.4,117.1,7,2.95,2020-08-30
2021-11-28,Kards Open IX,bf:5f34d3bdacefe6118a5de444,Ottotheblue,1481.3,94.3,17,7.87,2020-11-29
2021-11-28,Kards Open IX,bf:5f351f60af063111a36d282b,Sadrik,1550.7,113.2,8,3.37,2020-08-30
2021-11-28,Kards Open IX,bf:5f354d22e4876e1184288d58,Ripoff,1531.3,104.6,11,5.11,2020-11-29
2021-11-28,Kards Open IX,bf:5f35946553b8ce11abe62c4d,FRIKAZOID,1485.0,127.4,3,1.26,2020-08-29
2021-11-28,Kards Open IX,bf:5f362c8703dbcc11d58d78e3,Kolbasnik,1664.4,48.2,81,56.12,2021-11-28
2021-11-28,Kards Open IX,bf:5f369b86c897e0119e4ff6f8,PatsenBR,1489.7,116.4,7,2.95,2020-08-30
2021-11-28,Kards Open IX,bf:5f36c30fff2e5911a44a282e,Józef Piłsudski,1456.6,130.9,2,0.84,2020-08-29
2021-11-28,Kards Open IX,bf:5f36cca903dbcc11d58d89d8,Wolnigree,1456.8,130.8,2,0.84,2020-08-29
2021-11-28,Kards Open IX,bf:5f36dc4b98f0a311ad32446c,Zig_Zag,1536.6,108.3,10,4.51,2021-02-06
2021-11-28,Kards Open IX,bf:5f37cf6b6ce6de28d63de407,Ailoyros,1475.3,134.8,1,0.42,2020-08-29
2021-11-28,Kards Open IX,bf:5f3800b06ce6de28d63de960,RicardoTamanini,1447.1,128.0,3,1.26,2020-08-29
2021-11-28,Kards Open IX,bf:5f382e1f33118628f2f56ca7,Dash_ek,1515.9,115.5,7,2.95,2020-08-30
2021-11-28,Kards Open IX,bf:5f38338163cc1128e5f86f97,Brendan,1469.9,113.6,8,3.37,2020-08-30
2021-11-28,Kards Open IX,bf:5f3846d25b41bf2bd0fe2207,Spooky Time,1445.4,127.9,3,1.26,2020-08-29
2021-11-28,Kards Open IX,bf:5f3858c1b83d9d2bb0609265,wdhtu,1492.2,121.5,5,2.1,2020-08-30
2021-11-28,Kards Open IX,bf:5f3a8d53c190e3296d7a1eef,nagymaciii,1461.7,131.0,2,0.84,2020-08-29
2021-11-28,Kards Open IX,bf:5f3a8e2d33118628f2f5a7d5,Goltz,1481.2,134.9,1,0.42,2020-08-29
2021-11-28,Kards Open IX,bf:5f3a8eb4dd76a928dcec9bec,Coronel_Mostarda,1464.9,124.3,4,1.68,2020-08-29
2021-11-28,Kards Open IX,bf:5f3ab4ce63cc1128e5f8a327,DrTacos,1431.3,127.4,3,1.26,2020-08-30
2021-11-28,Kards Open IX,bf:5f3aef3e6ce6de28d63e3425,Alexandre,1430.1,124.3,3,1.91,2021-04-03
2021-11-28,Kards Open IX,bf:5f3b1ebadd76a928dceca753,ZackXue,1514.5,114.5,8,3.37,2020-08-30
2021-11-28,Kards Open IX,bf:5f3bc9efdbf742295bce0a9d,黑森公爵,1478.7,134.7,1,0.42,2020-08-29
2021-11-28,Kards Open IX,bf:5f3bcb62c190e3296d7a2cd2,abandon,1500.5,129.7,2,1.0,2020-11-28
2021-11-28,Kards Open IX,bf:5f3d0646dd76a928dceccb16,Ertugrul Gazi,1515.2,113.3,8,3.37,2020-08-30
2021-11-28,Kards Open IX,bf:5f3d19c7dd76a928dceccbcd,HaxBaba,1531.0,116.7,7,2.95,2020-08-30
2021-11-28,Kards Open IX,bf:5f3d1e45c190e3296d7a4aa5,Barton,1478.9,134.7,1,0.42,2020-08-29
2021-11-28,Kards Open IX,bf:5f3e11a1a3f8871d5075e3d0,Valar,1433.9,119.1,6,2.53,2020-08-30
2021-11-28,Kards Open IX,bf:5f3fbdaeb856d24e0965bbc4,Stluvik,1507.7,123.4,5,2.1,2020-08-30
2021-11-28,Kards Open IX,bf:5f3fc42472caf64e0f2b589c,Shiva's,1604.4,89.2,18,10.36,2021-09-04
2021-11-28,Kards Open IX,bf:5f3ff2e624334d4ac794708e,FearlessFreep2,1501.6,124.3,4,1.68,2020-08-30
2021-11-28,Kards Open IX,bf:5f4022e92736604a195ffbfb,Ol'Red,1445.3,127.7,3,1.26,2020-08-29
2021-11-28,Kards Open IX,bf:5f404839cabbdc4a26620899,sNapple,1433.8,125.9,3,1.5,2020-11-28
2021-11-28,Kards Open IX,bf:5f41a73ee7543f4a0a54f568,Kipahigan,1522.8,115.6,7,2.95,2020-08-30
2021-11-28,Kards Open IX,bf:5f4318d1681ff84ab5ec92f9,Sidecrawler,1517.4,64.1,40,25.92,2021-11-20
2021-11-28,Kards Open IX,bf:5f4536884cbe7961ba1906fa,Zanderson30,1578.4,112.1,9,3.79,2020-09-05
2021-11-28,Kards Open IX,bf:5f4617f7cff9bb4e25c81a49,Daccro,1455.5,122.3,4,2.01,2021-06-26
2021-11-28,Kards Open IX,bf:5f464a379f8a441a7681100e,Grarivier,1541.6,113.4,8,3.37,2020-08-30
2021-11-28,Kards Open IX,bf:5f469fbd9f8a441a768119af,yura,1475.9,134.8,1,0.42,2020-08-29
2021-11-28,Kards Open IX,bf:5f46ff72cff9bb4e25c82ac7,hartmanator1,1519.9,98.6,14,6.61,2020-11-29
2021-11-28,Kards Open IX,bf:5f47aca042aba63789789166,UBCers,1461.3,131.2,2,0.84,2020-08-29
2021-11-28,Kards Open IX,bf:5f48837c34f6ed5f7791f82a,RIBO,1535.2,117.2,7,2.95,2020-08-30
2021-11-28,Kards Open IX,bf:5f4965bb76b8305ffaa36866,Ernst1871,1497.9,104.0,11,5.35,2020-11-29
2021-11-28,Kards Open IX,bf:5f49b691c955654e18759c1e,Ryestye,1530.4,135.0,1,0.42,2020-08-29
2021-11-28,Kards Open IX,bf:5f4a2d8c76b8305ffaa376af,smerch,1479.9,127.4,3,1.26,2020-08-29
2021-11-28,Kards Open IX,bf:5f4a40fd34f6ed5f7792170c,LemonShark,1482.6,116.2,7,2.95,2020-08-30
2021-11-28,Kards Open IX,bf:5f4a66a7629c8b6045fa11b9,Сэм,1477.3,113.5,8,3.37,2020-08-30
2021-11-28,Kards Open IX,bf:5f908c01a261b945b6c471e8,OliRoB,1365.9,114.8,6,3.43,2021-02-07
2021-11-28,Kards Open IX,bf:5fa1ee84f8fc171ea9f66554,El Chickenrice,1596.7,109.8,8,4.0,2020-11-29
2021-11-28,Kards Open IX,bf:5fa2011d11743771ade90dee,testo,1663.9,79.1,26,15.2,2021-05-30
2021-11-28,Kards Open IX,bf:5fa27bfdf8fc171ea9f66924,CalinBZ,1590.9,80.7,19,14.12,2021-09-04
2021-11-28,Kards Open IX,bf:5fa27e32f8fc171ea9f66940,vegetable,1574.4,111.6,7,4.0,2021-02-07
2021-11-28,Kards Open IX,bf:5fa2928f11743771ade9128e,Ax,1508.6,129.5,2,1.0,2020-11-28
2021-11-28,Kards Open IX,bf:5fa2992ef8fc171ea9f66a3e,犹似深闺梦中人,1530.7,118.5,5,2.5,2020-11-28
2021-11-28,Kards Open IX,bf:5fa2d1356b9c704abc3f86e4,MoncherFrag,1485.1,119.2,5,2.5,2020-11-28
2021-11-28,Kards Open IX,bf:5fa3973bf8fc171ea9f68255,辉辉呀,1440.3,118.4,5,2.64,2021-02-06
2021-11-28,Kards Open IX,bf:5fa3da8e11743771ade92018,Spooz,1667.0,66.2,38,24.89,2021-11-06
2021-11-28,Kards Open IX,bf:5fa3e36b6b9c704abc3f92a0,bruki,1503.2,129.9,2,1.0,2020-11-28
2021-11-28,Kards Open IX,bf:5fa4097911743771ade92145,David Lynch,1479.7,134.3,1,0.5,2020-11-28
2021-11-28,Kards Open IX,bf:5fa467df4eb3c2458669c29a,Berto Burrito,1671.9,72.6,27,18.93,2021-11-20
2021-11-28,Kards Open IX,bf:5fa530563f52763256b7593d,Civlj,1504.8,129.6,2,1.0,2020-11-28
2021-11-28,Kards Open IX,bf:5fa5397c241d875936d2c2f2,Vadim,1570.3,57.5,49,34.89,2021-11-20
2021-11-28,Kards Open IX,bf:5fa57306cc28b3594394b946,Liszt,1620.3,92.8,12,9.32,2021-11-27
2021-11-28,Kards Open IX,bf:5fa5ede611743771ade94108,comtruise,1742.7,73.2,32,20.04,2021-05-30
2021-11-28,Kards Open IX,bf:5fa62937c3c163598ec80783,CCMS-031,1551.0,113.7,6,3.43,2021-02-07
2021-11-28,Kards Open IX,bf:5fafaf199a9e750ea663a8e3,发牌员没马,1503.7,129.8,2,1.0,2020-11-28
2021-11-28,Kards Open IX,bf:5fafe4c9eb92fe0475436826,TheMiltonBradley,1520.2,107.1,9,4.5,2020-11-29
2021-11-28,Kards Open IX,bf:5fafe7dfe7d89a60d43336cc,Primal,1453.9,129.9,2,1.0,2020-11-28
2021-11-28,Kards Open IX,bf:5fafeec6e7d89a60d4333722,wodandos,1470.8,125.6,3,1.5,2020-11-28
2021-11-28,Kards Open IX,bf:5faff24f698db1048d26b032,Stenli72,1481.7,112.5,7,3.5,2020-11-29
2021-11-28,Kards Open IX,bf:5faffa8a502b9e587d1b7c3e,"Alexandre ""Mainovski"" Mainaud",1412.6,101.4,10,6.24,2021-05-29
2021-11-28,Kards Open IX,bf:5faffbe71632970e916b602a,xceroks,1465.8,134.2,1,0.5,2020-11-28
2021-11-28,Kards Open IX,bf:5fb026c1502b9e587d1b838d,Anklestina,1498.0,121.7,4,2.0,2020-11-28
2021-11-28,Kards Open IX,bf:5fb02943698db1048d26b9cd,Bison,1514.3,104.4,10,5.27,2021-04-03
2021-11-28,Kards Open IX,bf:5fb02c08698db1048d26ba0d,VReznov2137,1480.1,134.2,1,0.5,2020-11-28
2021-11-28,Kards Open IX,bf:5fb032ea502b9e587d1b85eb,Secret Deadbeat,1566.5,126.1,3,1.5,2020-11-28
2021-11-28,Kards Open IX,bf:5fb035bf502b9e587d1b8643,Annki,1451.9,119.2,5,2.64,2021-02-06
2021-11-28,Kards Open IX,bf:5fb038eb1632970e916b6f46,DerNem,1503.5,82.9,16,13.05,2021-11-06
2021-11-28,Kards Open IX,bf:5fb051789a9e750ea663bb88,Khal Drogo,1487.7,125.9,3,1.5,2020-11-28
2021-11-28,Kards Open IX,bf:5fb0acb4eb92fe047543807d,MagiC,1503.2,120.1,4,2.28,2021-02-06
2021-11-28,Kards Open IX,bf:5fb0b189f07fad440734d338,IWS2000,1447.6,108.2,9,4.5,2020-11-29
2021-11-28,Kards Open IX,bf:5fb0d42e9a9e750ea663c3fc,[V_M]_MorS_{B},1584.0,110.9,8,4.0,2020-11-29
2021-11-28,Kards Open IX,bf:5fb0e0020c8f110e8a8bf3f2,Krieger,1473.0,134.1,1,0.5,2020-11-28
2021-11-28,Kards Open IX,bf:5fb0ee1e698db1048d26c5af,Eirik II,1425.4,110.2,8,4.0,2020-11-29
2021-11-28,Kards Open IX,bf:5fb0eee19a9e750ea663c435,player1,1507.2,109.9,8,4.0,2020-11-29
2021-11-28,Kards Open IX,bf:5fb0f0121632970e916b7856,panzer_398,1428.0,118.6,5,2.5,2020-11-29
2021-11-28,Kards Open IX,bf:5fb110bd698db1048d26c5f6,Aksara,1535.7,115.8,6,3.0,2020-11-29
2021-11-28,Kards Open IX,bf:5fb1143e502b9e587d1b94dc,KillerQueenS,1456.8,130.2,2,1.0,2020-11-28
2021-11-28,Kards Open IX,bf:5fb1184c0c8f110e8a8bf660,only_,1518.3,122.8,4,2.0,2020-11-28
2021-11-28,Kards Open IX,bf:5fb1316c502b9e587d1b95e6,Bartkopolus123,1469.9,134.0,1,0.5,2020-11-28
2021-11-28,Kards Open IX,bf:5fb18ed99a9e750ea663cd33,Vitzekk,1533.8,118.8,5,2.5,2020-11-29
2021-11-28,Kards Open IX,bf:5fb1a2cb5caa4f5e4bc80d56,SpaceCowboy,1465.7,130.7,2,1.0,2020-11-28
2021-11-28,Kards Open IX,bf:5fb1bf581632970e916b85be,nolans34,1558.3,107.7,9,4.5,2020-11-29
2021-11-28,Kards Open IX,bf:5fb1cbe45caa4f5e4bc81377,Beefy 109,1541.3,130.1,2,1.0,2020-11-28
2021-11-28,Kards Open IX,bf:5fb1cc6ee0bfea60c76a1385,Tenstrovski,1508.5,115.4,6,3.0,2020-11-29
2021-11-28,Kards Open IX,bf:5fb1db8c5caa4f5e4bc8168d,Poochies,1504.8,121.9,4,2.0,2020-11-28
2021-11-28,Kards Open IX,bf:5fb1f464698db1048d26d582,Morsimos,1586.2,110.7,8,4.0,2020-11-29
2021-11-28,Kards Open IX,bf:5fb249e5f07fad440734e5ea,SirFragir,1489.4,110.0,8,4.0,2020-11-29
2021-11-28,Kards Open IX,bf:5fb27723698db1048d26d94d,StabKingPro,1570.2,108.2,9,4.5,2020-11-29
2021-11-28,Kards Open IX,bf:5fb2c8f11632970e916b926c,Drake/Fabi,1501.4,113.1,7,3.5,2020-11-29
2021-11-28,Kards Open IX,bf:5fb3184d9a9e750ea663e423,killswitch,1513.0,81.6,19,13.89,2021-11-27
2021-11-28,Kards Open IX,bf:5fb3203b1632970e916b97b7,chr1st0ph3r,1482.4,125.7,3,1.5,2020-11-28
2021-11-28,Kards Open IX,bf:5fb3df78f07fad440734f6f7,slameo,1441.0,112.9,7,3.5,2020-11-29
2021-11-28,Kards Open IX,bf:5fb3e6ddf07fad440734f71f,tr4cker,1457.0,129.9,2,1.0,2020-11-28
2021-11-28,Kards Open IX,bf:5fb3f43ee0bfea60c76a2a56,General E. Drunk,1596.1,111.1,8,4.0,2020-11-29
2021-11-28,Kards Open IX,bf:5fb3f8b3e7d89a60d4337959,Kn1ghT,1469.8,125.6,3,1.5,2020-11-28
2021-11-28,Kards Open IX,bf:5fb42443a2fd346547530b2e,RED SUN,1526.2,126.2,3,1.5,2020-11-28
2021-11-28,Kards Open IX,bf:5fb43070a2fd346547530c21,[14e]tuveuxdugateaux,1483.3,107.6,9,4.5,2020-11-29
2021-11-28,Kards Open IX,bf:5fb4442a9a9e750ea663ee54,Scythe,1477.3,119.0,5,2.5,2020-11-28
2021-11-28,Kards Open IX,bf:5fb4d729f07fad44073509e4,Victrix,1486.8,124.2,4,2.0,2020-11-28
2021-11-28,Kards Open IX,bf:5fb666119a9e750ea664030b,Setteduetto,1532.3,110.1,8,4.0,2020-11-29
2021-11-28,Kards Open IX,bf:5fb6a5d3e7d89a60d4339244,kingsharaman,1482.7,134.6,1,0.5,2020-11-28
2021-11-28,Kards Open IX,bf:5fb6da26eb92fe047543c823,rostigerloeffel,1558.9,93.6,15,8.32,2021-04-04
2021-11-28,Kards Open IX,bf:5fb719fde0bfea60c76a4f50,rayko,1383.7,111.1,8,4.0,2020-11-29
2021-11-28,Kards Open IX,bf:5fb73781698db1048d271114,Lazer Wolf,1427.5,125.7,3,1.5,2020-11-28
2021-11-28,Kards Open IX,bf:5fb7473c502b9e587d1becbe,ILoveMooncake,1658.1,90.4,14,9.28,2021-09-04
2021-11-28,Kards Open IX,bf:5fb8387c1faa4843f941ba10,Álmos,1527.9,125.8,3,1.5,2020-11-28
2021-11-28,Kards Open IX,bf:5fb97cee0c24381d904b5447,bengui,1523.3,125.6,3,1.5,2020-11-28
2021-11-28,Kards Open IX,bf:5fb98c8e19c8f219d78717ac,DrQuencher,1451.3,129.6,2,1.0,2020-11-28
2021-11-28,Kards Open IX,bf:5fba777719c8f219d787247b,roberto7208,1474.0,107.6,9,4.5,2020-11-29
2021-11-28,Kards Open IX,bf:5fbb03850f21e57963850470,Pie4155,1441.1,112.9,7,3.5,2020-11-29
2021-11-28,Kards Open IX,bf:5fbc0c3e2dc8793ada84fdb3,Mark2020,1448.9,113.5,7,3.5,2020-11-29
2021-11-28,Kards Open IX,bf:5fbc3b8e0f21e5796385112f,spambox9,1501.6,113.6,7,3.5,2020-11-29
2021-11-28,Kards Open IX,bf:5fbc4040adfefd64e8c8fd73,Diogenesis,1594.4,85.9,18,11.35,2021-08-21
2021-11-28,Kards Open IX,bf:5fbc5711a2fd34654753a8c0,Magister Erik,1582.2,110.2,8,4.0,2020-11-29
2021-11-28,Kards Open IX,bf:5fbc79591632970e916c3fe5,Breich,1479.6,118.5,5,2.5,2020-11-28
2021-11-28,Kards Open IX,bf:5fbd548d698db1048d27a866,Citrons,1534.8,110.0,8,4.0,2020-11-29
2021-11-28,Kards Open IX,bf:5fbd71c2e7d89a60d43410ca,lean87ki,1534.0,93.0,16,8.51,2021-02-07
2021-11-28,Kards Open IX,bf:5fbdb89d26ea883a51583400,Kongo,1537.7,118.6,5,2.5,2020-11-28
2021-11-28,Kards Open IX,bf:5fbe830b26ea883a515839f5,炮灰no1,1459.4,122.4,4,2.0,2020-11-28
2021-11-28,Kards Open IX,bf:5fbe834ea2fd34654753c095,Hans Friderich R,1500.2,129.5,2,1.0,2020-11-28
2021-11-28,Kards Open IX,bf:5fbe83792dc8793ada85198d,pilotttt(Илья),1448.4,129.6,2,1.0,2020-11-28
2021-11-28,Kards Open IX,bf:5fbe84641632970e916c5996,unclefox,1607.1,108.6,9,4.5,2020-11-29
2021-11-28,Kards Open IX,bf:5fbe848ca2fd34654753c09a,Future,1476.9,125.7,3,1.5,2020-11-28
2021-11-28,Kards Open IX,bf:5fbe860ca2fd34654753c09d,正宗重庆老友粉,1456.4,129.8,2,1.0,2020-11-28
2021-11-28,Kards Open IX,bf:5fbe862ca447ab4bb37e0f77,meistermiagi,1450.5,129.7,2,1.0,2020-11-28
2021-11-28,Kards Open IX,bf:5fbe86401632970e916c599c,JamesBoned,1525.6,119.0,5,2.5,2020-11-28
2021-11-28,Kards Open IX,bf:5fbe873b4d01f9313d135045,KrisKrinkel,1460.0,130.2,2,1.0,2020-11-28
2021-11-28,Kards Open IX,bf:5fbe87ea5d320863b86f031b,Hydrogen,1536.6,110.7,8,4.0,2020-11-29
2021-11-28,Kards Open IX,bf:5fbe89294d01f9313d135068,MrMolotoff,1507.4,109.9,8,4.0,2020-11-29
2021-11-28,Kards Open IX,bf:5fbe89b5043fd20cdf90cccf,tonywan,1406.5,122.2,4,2.0,2020-11-28
2021-11-28,Kards Open IX,bf:5fbe8ae05d320863b86f032c,Anto,1461.0,122.2,4,2.0,2020-11-28
2021-11-28,Kards Open IX,bf:5fbe8afb698db1048d27b396,SkittleSabot,1522.4,134.2,1,0.5,2020-11-28
2021-11-28,Kards Open IX,bf:5fbe8b8ea447ab4bb37e0fc8,päpä,1455.9,108.2,9,4.5,2020-11-29
2021-11-28,Kards Open IX,bf:5fbe8c402dc8793ada8519d5,Der_Admiral,1528.3,118.5,5,2.5,2020-11-28
2021-11-28,Kards Open IX,bf:5fbe906ba2fd34654753c0fc,captain.pothead,1488.4,125.8,3,1.5,2020-11-28
2021-11-28,Kards Open IX,bf:5fbe91ca26ea883a51583aa4,yra111,1482.1,126.2,3,1.5,2020-11-28
2021-11-28,Kards Open IX,bf:5fbe9602698db1048d27b3e0,Rumfart,1455.7,129.7,2,1.0,2020-11-28
2021-11-28,Kards Open IX,bf:5fbe96be698db1048d27b3e4,Youmu_chan,1488.0,118.9,5,2.5,2020-11-28
2021-11-28,Kards Open IX,bf:5fbe970e26ea883a51583ac1,UnbearableMe,1475.2,133.9,1,0.5,2020-11-28
2021-11-28,Kards Open IX,bf:5fbe971d0f21e57963852d08,牛头人杀手,1501.4,129.8,2,1.0,2020-11-28
2021-11-28,Kards Open IX,bf:5fbe9b450f21e57963852d1e,garygo,1511.7,110.0,8,4.0,2020-11-29
2021-11-28,Kards Open IX,bf:5fbeac15a447ab4bb37e116f,ThuggerJuice,1528.5,107.6,9,4.5,2020-11-29
2021-11-28,Kards Open IX,bf:5fbeb056698db1048d27b5bd,Stuie,1480.2,94.1,14,8.17,2021-05-29
2021-11-28,Kards Open IX,bf:5fbeb20eb0ef7749130e452c,Dawn,1536.4,109.9,8,4.0,2020-11-29
2021-11-28,Kards Open IX,bf:5fbeb7541632970e916c5c93,finny,1491.1,108.2,9,4.5,2020-11-29
2021-11-28,Kards Open IX,bf:5fbebdee043fd20cdf90cfaf,GM_Logan,1581.4,72.1,30,18.87,2021-06-26
2021-11-28,Kards Open IX,bf:5fbed15626ea883a51583d3f,Empyreal,1450.1,129.5,2,1.0,2020-11-28
2021-11-28,Kards Open IX,bf:5fbedfbc0f21e57963853121,Raswar47,1450.1,129.7,2,1.0,2020-11-28
2021-11-28,Kards Open IX,bf:5fbef0144d01f9313d135b11,Geezer,1533.4,91.0,15,9.34,2021-08-07
2021-11-28,Kards Open IX,bf:5fbef0d92dc8793ada8527a5,嘤嘤嘤,1450.5,129.6,2,1.0,2020-11-28
2021-11-28,Kards Open IX,bf:5fbef3ecb0ef7749130e49bc,MaskedMarvel,1497.4,129.6,2,1.0,2020-11-28
2021-11-28,Kards Open IX,bf:5fbf17032dc8793ada852978,UltramanT80,1449.3,129.8,2,1.0,2020-11-28
2021-11-28,Kards Open IX,bf:5fbf174c5d320863b86f0efc,如临深渊,1502.6,129.6,2,1.0,2020-11-28
2021-11-28,Kards Open IX,bf:5fbf1ad71632970e916c627a,TowerNumberNine,1455.9,129.8,2,1.0,2020-11-28
2021-11-28,Kards Open IX,bf:5fbf28984d01f9313d135d0f,Ayako,1474.3,134.1,1,0.5,2020-11-28
2021-11-28,Kards Open IX,bf:5fbf30a2a447ab4bb37e1b38,1330775381,1463.3,130.7,2,1.0,2020-11-28
2021-11-28,Kards Open IX,bf:5fbf32921632970e916c6301,Paddy,1451.4,129.8,2,1.0,2020-11-28
2021-11-28,Kards Open IX,bf:5fbf3849043fd20cdf90d500,Dirty Jon,1483.2,112.4,7,3.5,2020-11-29
2021-11-28,Kards Open IX,bf:5fbf3d90adfefd64e8c91af1,tortunbator,1474.5,125.7,3,1.5,2020-11-28
2021-11-28,Kards Open IX,bf:5fbf4b25698db1048d27bdc9,白皮猪杀手,1449.8,129.7,2,1.0,2020-11-28
2021-11-28,Kards Open IX,bf:5fbf4fe05d320863b86f0fb6,Kimssa,1574.7,92.8,15,8.45,2021-04-04
2021-11-28,Kards Open IX,bf:5fbf516e2dc8793ada852a4c,VitalkaFS,1506.0,122.0,4,2.0,2020-11-28
2021-11-28,Kards Open IX,bf:5fbf5273adfefd64e8c91b99,crazymonkey,1531.6,119.5,5,2.5,2020-11-28
2021-11-28,Kards Open IX,bf:5fbf62605d320863b86f0ff1,梁家河扛麦郎,1501.7,129.4,2,1.0,2020-11-28
2021-11-28,Kards Open IX,bf:5fbf6ade2dc8793ada852a75,Maty,1509.2,99.8,12,6.54,2021-04-03
2021-11-28,Kards Open IX,bf:5fbf6f3f26ea883a515841f0,Wuhu_Airline,1456.4,130.0,2,1.0,2020-11-28
2021-11-28,Kards Open IX,bf:5fbf7a86b0ef7749130e4dec,ID由于太昭和无法显示,1476.4,125.8,3,1.5,2020-11-28
2021-11-28,Kards Open IX,bf:5fbf81d4698db1048d27bf78,Andrewkaiyan,1518.7,107.4,9,4.5,2020-11-29
2021-11-28,Kards Open IX,bf:5fbf8670698db1048d27bfda,zadkiel0508,1500.0,129.7,2,1.0,2020-11-28
2021-11-28,Kards Open IX,bf:5fbf86bf2dc8793ada852abe,Kiertscher,1511.6,110.1,8,4.0,2020-11-29
2021-11-28,Kards Open IX,bf:5fbf8fc55d320863b86f1086,共和国荣光,1480.8,125.9,3,1.5,2020-11-28
2021-11-28,Kards Open IX,bf:5fbf97cfb0ef7749130e4e94,AndyNing,1480.2,126.2,3,1.5,2020-11-28
2021-11-28,Kards Open IX,bf:5fbf9fa55d320863b86f10d6,watchmen,1583.1,118.4,5,2.5,2020-11-28
2021-11-28,Kards Open IX,bf:5fbfa1ec5d320863b86f10df,s8130662,1661.5,108.1,9,4.5,2020-11-29
2021-11-28,Kards Open IX,bf:5fbfa6575d320863b86f10ec,think,1454.2,129.7,2,1.0,2020-11-28
2021-11-28,Kards Open IX,bf:5fbfa75c0f21e57963853e73,2057458491@qq.com,1576.1,118.6,5,2.5,2020-11-28
2021-11-28,Kards Open IX,bf:5fbfa9f0a2fd34654753c891,Wizard,1536.9,107.3,9,4.5,2020-11-29
2021-11-28,Kards Open IX,bf:5fbfaa4726ea883a5158435d,UnhappyRefrain,1478.5,126.1,3,1.5,2020-11-28
2021-11-28,Kards Open IX,bf:5fbfaa5d698db1048d27c161,Feiron,1479.1,134.3,1,0.5,2020-11-28
2021-11-28,Kards Open IX,bf:5fbfafde1632970e916c652e,Non-motorized,1507.8,109.9,8,4.0,2020-11-29
2021-11-28,Kards Open IX,bf:5fbfb1ca2dc8793ada852b72,Satomi_ren,1580.6,112.6,7,3.5,2020-11-29
2021-11-28,Kards Open IX,bf:5fbfb4c7043fd20cdf90d6e1,唐努图什么,1500.6,129.7,2,1.0,2020-11-28
2021-11-28,Kards Open IX,bf:5fbfb60f1632970e916c6544,rayson366458,1459.7,130.2,2,1.0,2020-11-28
2021-11-28,Kards Open IX,bf:5fbfb8692dc8793ada852b8d,为啥起的名字都无效,1508.6,130.5,2,1.0,2020-11-28
2021-11-28,Kards Open IX,bf:5fbfb8f1043fd20cdf90d702,James Patterson,1454.0,122.0,4,2.0,2020-11-28
2021-11-28,Kards Open IX,bf:5fbfba184d01f9313d135f37,Simple One,1476.1,134.1,1,0.5,2020-11-28
2021-11-28,Kards Open IX,bf:5fbfbd51b0ef7749130e4f38,MC_Shiro,1572.9,100.7,12,6.5,2021-02-07
2021-11-28,Kards Open IX,bf:5fbfc2c9043fd20cdf90d720,bushirenchou,1533.4,118.8,5,2.5,2020-11-28
2021-11-28,Kards Open IX,bf:5fbfc6e15d320863b86f1193,李鸿章,1532.6,107.8,9,4.5,2020-11-29
2021-11-28,Kards Open IX,bf:5fbfd4581632970e916c6699,Claris,1483.3,125.9,3,1.5,2020-11-28
2021-11-28,Kards Open IX,bf:5fbffbaa2dc8793ada85319e,MeRRoR,1470.6,110.3,8,4.0,2020-11-29
2021-11-28,Kards Open IX,bf:5fc003a1b0ef7749130e5216,Zuasfadas,1536.6,122.6,4,2.0,2020-11-28
2021-11-28,Kards Open IX,bf:5fc0046a698db1048d27c912,ChariotBlitz,1519.3,118.7,5,2.5,2020-11-28
2021-11-28,Kards Open IX,bf:5fc0060d698db1048d27c939,machue,1470.0,125.5,3,1.5,2020-11-28
2021-11-28,Kards Open IX,bf:5fc017df26ea883a515847d5,Nikica,1529.3,107.2,9,4.5,2020-11-29
2021-11-28,Kards Open IX,bf:5fc0244ca2fd34654753d0cb,Bjelke666,1391.8,105.5,10,5.43,2021-02-07
2021-11-28,Kards Open IX,bf:5fc048141632970e916c6beb,Jannik,1498.0,129.6,2,1.0,2020-11-28
2021-11-28,Kards Open IX,bf:5fc062ca3a712911d5860aac,Chimpu,1453.0,129.8,2,1.0,2020-11-28
2021-11-28,Kards Open IX,bf:5fc06376a447ab4bb37e29a7,西域战神阿凡提,1474.1,134.1,1,0.5,2020-11-28
2021-11-28,Kards Open IX,bf:5fc07486698db1048d27ccd5,hj123c,1451.0,129.8,2,1.0,2020-11-28
2021-11-28,Kards Open IX,bf:5fc0ff84971c1811b1c02525,lapotNIK,1481.7,126.1,3,1.5,2020-11-28
2021-11-28,Kards Open IX,bf:5fc13108a447ab4bb37e2e33,Az4zel,1475.9,116.8,6,3.0,2020-11-29
2021-11-28,Kards Open IX,bf:5fc133575ca52f15c00549a9,Legio_Victrix,1574.8,107.6,9,4.5,2020-11-29
2021-11-28,Kards Open IX,bf:5fc13c125d320863b86f1d60,聖訷殺,1448.4,129.9,2,1.0,2020-11-28
2021-11-28,Kards Open IX,bf:5fc13c6e4a99f533280c7373,Vavilon6,1659.1,73.2,33,18.88,2021-04-10
2021-11-28,Kards Open IX,bf:5fc1647ca447ab4bb37e3019,Lampround,1455.2,129.7,2,1.0,2020-11-28
2021-11-28,Kards Open IX,bf:5fc1741a4a3afe55318cf945,Waldemaras,1422.6,107.8,7,4.72,2021-06-26
2021-11-28,Kards Open IX,bf:5fc1760a2dc8793ada853e83,Thetankman3,1603.0,116.2,6,3.0,2020-11-29
2021-11-28,Kards Open IX,bf:5fc1c2f14a3afe55318cfd98,RudyFlyer,1472.8,134.0,1,0.5,2020-11-28
2021-11-28,Kards Open IX,bf:5fc1dd90043fd20cdf90e83e,BADmuji,1464.7,103.1,11,5.72,2021-02-06
2021-11-28,Kards Open IX,bf:5fc1dd9b2dc8793ada8544a3,GeneralMaximus_5,1455.7,122.0,4,2.0,2020-11-28
2021-11-28,Kards Open IX,bf:5fc1f746a2fd34654753e1ae,GearWolf1991,1469.2,109.9,8,4.0,2020-11-29
2021-11-28,Kards Open IX,bf:5fc2123f8ae4c5551e8b0129,Agent007,1483.2,118.7,5,2.5,2020-11-28
2021-11-28,Kards Open IX,bf:5fc21ebcb0ef7749130e6b81,Agumonster,1458.1,130.0,2,1.0,2020-11-28
2021-11-28,Kards Open IX,bf:5fc241c1f1aa2511d7251933,Reaper,1438.1,126.2,3,1.5,2020-11-28
2021-11-28,Kards Open IX,bf:5fc24f00971c1811b1c037b0,Wladca,1452.9,129.8,2,1.0,2020-11-28
2021-11-28,Kards Open IX,bf:5fc26afe6052f211a7127a71,yahya94,1476.7,118.5,5,2.5,2020-11-29
2021-11-28,Kards Open IX,bf:5fc2cfeb2350e111ca3e4a6e,Lan,1393.5,98.3,13,7.52,2021-02-21
2021-11-28,Kards Open IX,bf:5fd0f538f2b2ef0cb211c66d,winman82,1491.7,119.9,4,2.28,2021-02-06
2021-11-28,Kards Open IX,bf:6018722f6b7a4c1c7ef01779,"Котейка ПочтаЛион ""Каратель""",1469.5,116.7,5,2.86,2021-02-07
2021-11-28,Kards Open IX,bf:601995acbe9b881d09177a3a,Berserker,1426.3,125.6,3,1.71,2021-02-07
2021-11-28,Kards Open IX,bf:6019ce668e21aa1d188c190d,DJSF,1465.0,113.6,6,3.52,2021-02-21
2021-11-28,Kards Open IX,bf:601a74d5f4761b1d98293c14,gardr,1418.3,114.6,6,3.47,2021-02-20
2021-11-28,Kards Open IX,bf:601ad0d4bccfe11bd7952790,Bubblebox,1551.4,98.1,12,6.95,2021-02-21
2021-11-28,Kards Open IX,bf:601ae997fb69622ad6617823,Lord Zarax,1463.7,113.9,6,3.52,2021-02-21
2021-11-28,Kards Open IX,bf:601aface2eb6151da1f9651f,Amarok,1466.2,124.4,3,1.71,2021-02-06
2021-11-28,Kards Open IX,bf:601afc674443111ba564023d,RTylerW,1461.3,122.2,4,2.28,2021-02-06
2021-11-28,Kards Open IX,bf:601b5b897d76ec1b99358c6f,IMStarker,1458.7,118.5,5,2.9,2021-02-20
2021-11-28,Kards Open IX,bf:601c0e79b125d31d258fd278,Ish,1480.8,117.4,5,2.86,2021-02-07
2021-11-28,Kards Open IX,bf:601c4a12e848ea2ae5565fa7,UappaSguappa,1524.0,124.1,3,1.71,2021-02-06
2021-11-28,Kards Open IX,bf:601c52cb2eb6151da1f96ccf,Asarnil,1502.3,129.1,2,1.14,2021-02-06
2021-11-28,Kards Open IX,bf:601c5640242f461d92104636,Flironic,1480.6,134.0,1,0.57,2021-02-06
2021-11-28,Kards Open IX,bf:601c5831f4761b1d98294688,gillis,1471.2,133.4,1,0.57,2021-02-06
2021-11-28,Kards Open IX,bf:601c5d21bccfe11bd79533ba,NikitoSNaz,1482.4,117.2,5,2.86,2021-02-07
2021-11-28,Kards Open IX,bf:601c602c8989bb1d0ffd2d60,Boom Stand,1466.9,113.8,6,3.43,2021-02-07
2021-11-28,Kards Open IX,bf:601c66707d76ec1b99359336,Uncle_Gags,1462.2,130.5,2,1.14,2021-02-06
2021-11-28,Kards Open IX,bf:601c6d39ce01411daff6ce45,Ludo,1513.3,112.1,7,4.0,2021-02-07
2021-11-28,Kards Open IX,bf:601c71455470fa2af29f5034,Sebastianhenry,1443.6,113.5,6,3.43,2021-02-07
2021-11-28,Kards Open IX,bf:601c7bb24443111ba5640e9a,sleppy,1413.0,113.7,6,3.43,2021-02-07
2021-11-28,Kards Open IX,bf:601c9026bf58cf5f54a82622,adriano.rln2,1491.4,113.0,6,3.43,2021-02-07
2021-11-28,Kards Open IX,bf:601c914f7d548611be769699,Chippendale,1531.5,124.6,3,1.71,2021-02-06
2021-11-28,Kards Open IX,bf:601c994b3b155711d4677d1b,Thunderhide Alpha,1463.2,114.4,6,3.43,2021-02-07
2021-11-28,Kards Open IX,bf:601c9b3d2a229411c4dec493,JackaL,1481.7,124.0,3,1.71,2021-02-06
2021-11-28,Kards Open IX,bf:601c9f9ef8251e1bb7eb0fb5,PainmakeR,1385.9,76.4,27,17.49,2021-06-26
2021-11-28,Kards Open IX,bf:601cafe1bb724711bbdc0e41,diablojoker,1582.2,107.8,8,4.58,2021-02-13
2021-11-28,Kards Open IX,bf:601cb9e68f8ab5604536225b,xialang,1570.0,102.5,10,5.83,2021-02-27
2021-11-28,Kards Open IX,bf:601ccaa7df90f911ab030712,Smoky,1493.0,109.6,7,4.06,2021-04-03
2021-11-28,Kards Open IX,bf:601ccba636ceeb11b32b80ff,清水晴政,1512.8,122.3,4,2.28,2021-02-06
2021-11-28,Kards Open IX,bf:601ce5a78e21aa1d188c2da4,scarecrow,1475.1,132.7,1,0.74,2021-06-26
2021-11-28,Kards Open IX,bf:601cf711ce01411daff6d2c9,The Ice Baron,1513.2,120.5,4,2.28,2021-02-06
2021-11-28,Kards Open IX,bf:601d189a36ceeb11b32b81e2,MR.p,1591.2,99.7,10,6.79,2021-05-30
2021-11-28,Kards Open IX,bf:601d204cab29fd2adcd79a2d,Juliuspluvius,1498.4,107.5,7,4.81,2021-05-29
2021-11-28,Kards Open IX,bf:601d2fa3242f461d92104ad0,tief-pass,1491.5,117.7,5,2.86,2021-02-07
2021-11-28,Kards Open IX,bf:601d334704309b1b93074798,Jashin,1492.0,80.6,21,14.59,2021-08-21
2021-11-28,Kards Open IX,bf:601d4daaa3a63111ba7f6ad7,0331,1503.0,117.3,5,2.86,2021-02-07
2021-11-28,Kards Open IX,bf:601d68eabf58cf5f54a82fbf,LeeandGarros,1460.4,100.4,9,7.08,2021-11-06
2021-11-28,Kards Open IX,bf:601d6a1959fc1e11b57d5700,binhpac,1489.6,124.4,3,1.71,2021-02-06
2021-11-28,Kards Open IX,bf:601d6e10dca2311bb626f1d2,giannikas,1483.3,123.9,3,1.91,2021-04-03
2021-11-28,Kards Open IX,bf:601d724003f1bc1bc847aa4d,WarCrow,1492.5,113.5,6,3.43,2021-02-07
2021-11-28,Kards Open IX,bf:601d72b8945ba61bbd9b6b3e,JamesJimRaynor,1657.3,102.3,10,5.74,2021-02-13
2021-11-28,Kards Open IX,bf:601d8327ce01411daff6dde0,zvezda,1560.4,111.0,7,4.0,2021-02-07
2021-11-28,Kards Open IX,bf:601d841d36ceeb11b32b8857,Чайный Игрок,1448.6,128.9,2,1.14,2021-02-06
2021-11-28,Kards Open IX,bf:601d8d265470fa2af29f55e8,Bronzeguy,1499.9,120.3,4,2.28,2021-02-06
2021-11-28,Kards Open IX,bf:601dacd85156047698264137,pelota,1583.2,110.5,7,4.01,2021-02-13
2021-11-28,Kards Open IX,bf:601dd93585cc4e75ecefaa9c,X_predator,1431.2,105.0,7,5.55,2021-11-06
2021-11-28,Kards Open IX,bf:601ddad214499975b676d714,Autisticles,1486.5,120.8,4,2.28,2021-02-06
2021-11-28,Kards Open IX,bf:601dff5114499975b676d7fb,Vladimir_the_Great,1450.0,113.8,6,3.43,2021-02-07
2021-11-28,Kards Open IX,bf:601e170e8b295778d1474505,TriggerMcHappy,1490.6,129.0,2,1.14,2021-02-06
2021-11-28,Kards Open IX,bf:601e1a04b66ee1767c0f19bf,metaman0,1504.2,113.9,6,3.43,2021-02-07
2021-11-28,Kards Open IX,bf:601e4222507c147700ac949d,Bishamon,1433.5,88.4,18,10.81,2021-04-04
2021-11-28,Kards Open IX,bf:601e45ae6c6f1475e154a175,cws1968,1481.5,116.8,5,2.86,2021-02-07
2021-11-28,Kards Open IX,bf:601e5d325156047698264588,idslksyllbls,1541.0,110.2,7,4.0,2021-02-07
2021-11-28,Kards Open IX,bf:601e60c914499975b676db49,Agasfer88,1495.4,113.5,6,3.43,2021-02-07
2021-11-28,Kards Open IX,bf:601e734995780078daf3e9cf,Budark,1502.1,128.2,2,1.14,2021-02-06
2021-11-28,Kards Open IX,bf:601e77957e074a75c3e36c24,Drazer,1510.6,120.4,4,2.29,2021-02-07
2021-11-28,Kards Open IX,bf:601e7dd895780078daf3ed80,VadimPoltava,1455.4,120.5,4,2.28,2021-02-06
2021-11-28,Kards Open IX,bf:601e7e5af38de8768ef0dbdf,Funnies,1483.1,134.4,1,0.57,2021-02-06
2021-11-28,Kards Open IX,bf:601e92a7e5c01375db7f5de8,stevenj21,1460.3,101.6,11,6.38,2021-02-21
2021-11-28,Kards Open IX,bf:601e9b8beae820768baef5db,Csasz74,1377.2,115.1,6,3.55,2021-04-03
2021-11-28,Kards Open IX,bf:601e9c49e5c01375db7f5e53,Heliks,1549.2,114.1,6,3.43,2021-02-07
2021-11-28,Kards Open IX,bf:601e9d308392ff75fb351ffc,Хлебный Игрок,1474.3,133.5,1,0.57,2021-02-06
2021-11-28,Kards Open IX,bf:601ea179eae820768baef620,notturno68,1438.3,128.6,2,1.14,2021-02-06
2021-11-28,Kards Open IX,bf:601ea84d2cdc35768253b653,pablonsky,1461.9,129.9,2,1.14,2021-02-06
2021-11-28,Kards Open IX,bf:602bf7e108d6c576f70885be,ACE YUR FACE,1516.9,113.3,6,3.52,2021-02-21
2021-11-28,Kards Open IX,bf:602c0e5389472a782b9cbc26,Shockwave750,1561.9,112.2,6,3.53,2021-02-27
2021-11-28,Kards Open IX,bf:602c2018507c147700acf905,Bomber_Harris,1459.8,114.0,6,3.52,2021-02-21
2021-11-28,Kards Open IX,bf:602c22cdabb67b53bb4c4954,Haruna Izumi,1442.1,117.2,5,2.93,2021-02-21
2021-11-28,Kards Open IX,bf:602d35b5e953470c8c2eb398,skippu_white,1447.6,117.2,5,2.93,2021-02-21
2021-11-28,Kards Open IX,bf:602d5acba74cc17c31b7d9af,Nyarlathotep,1543.0,68.7,31,21.84,2021-08-21
2021-11-28,Kards Open IX,bf:602efa92d7a4147c1146d997,Dynamo D,1574.0,106.8,8,4.71,2021-02-27
2021-11-28,Kards Open IX,bf:602f98dc95b59911a33166f5,Craylight,1418.8,115.9,5,2.93,2021-02-21
2021-11-28,Kards Open IX,bf:6030551a73965f35ae461762,log1c,1564.2,95.5,13,7.98,2021-04-10
2021-11-28,Kards Open IX,bf:6030a2af3222cb45216b822e,DarkwingedTrumpeter,1416.4,124.1,3,1.76,2021-02-20
2021-11-28,Kards Open IX,bf:6039135967b58f1e04196610,CEO of Racism,1516.1,111.2,6,3.81,2021-04-04
2021-11-28,Kards Open IX,bf:603cfe1ab328151e11b92549,buzzAldrin,1489.1,108.0,5,4.8,2021-11-06
2021-11-28,Kards Open IX,bf:604e70169811de4a8929cc66,chrasi,1545.0,100.8,9,6.16,2021-06-26
2021-11-28,Kards Open IX,bf:60509713496ba24d0604cc08,TreePipit,1516.0,87.5,14,10.73,2021-11-20
2021-11-28,Kards Open IX,bf:6050d9c1d164f74b8e7830c0,AnTeallach,1509.6,119.0,4,2.54,2021-04-03
2021-11-28,Kards Open IX,bf:6050dd83d164f74b8e7830f8,VyC,1523.8,112.3,6,3.81,2021-04-04
2021-11-28,Kards Open IX,bf:60512d0b3ae2c317e32bcf66,Ace29,1506.5,108.6,6,4.47,2021-06-26
2021-11-28,Kards Open IX,bf:6051fe41cbd09156d261e80c,Io de Scylla,1504.8,110.9,6,3.81,2021-04-04
2021-11-28,Kards Open IX,bf:60520c7e3ae2c317e32bd629,Grenadier Gomby,1509.3,111.3,6,3.81,2021-04-04
2021-11-28,Kards Open IX,bf:6061f0d91d5ed13ba0590c8c,NikolaTesla,1468.2,132.9,1,0.64,2021-04-03
2021-11-28,Kards Open IX,bf:606205aa77b5c319f9259197,Spaghetti Dan,1436.8,109.3,7,4.45,2021-04-04
2021-11-28,Kards Open IX,bf:60620a3ddb064f11ae99a9cc,BlatherskiteChannel,1451.0,128.3,2,1.27,2021-04-03
2021-11-28,Kards Open IX,bf:60623bfcfe869e359192bdb3,Richard Zorge ( tfcvgy),1462.3,132.8,1,0.64,2021-04-03
2021-11-28,Kards Open IX,bf:60624761e23edf11a8fbebab,Eric Haas,1439.1,109.5,7,4.45,2021-04-04
2021-11-28,Kards Open IX,bf:6062d422fe869e359192c071,rezvuhin.dmitrij,1471.1,132.9,1,0.64,2021-04-03
2021-11-28,Kards Open IX,bf:60631191ef449e2156a5adf9,saiko,1527.5,108.8,7,4.45,2021-04-04
2021-11-28,Kards Open IX,bf:6064433143507c17f08ff721,lutherizz,1474.4,120.0,4,2.54,2021-04-03
2021-11-28,Kards Open IX,bf:60644d12bea76d63440e66db,casatron,1486.9,123.7,3,1.91,2021-04-03
2021-11-28,Kards Open IX,bf:6064772a1dc5b905e3c0ff51,repose,1482.2,113.0,6,3.81,2021-04-04
2021-11-28,Kards Open IX,bf:60647b02521bb713377d6f5c,Zilda,1618.3,88.0,16,10.75,2021-05-30
2021-11-28,Kards Open IX,bf:60649133d9c5a005c360423e,Rusl,1426.2,124.3,3,1.91,2021-04-03
2021-11-28,Kards Open IX,bf:6064975b99c79405c943b28f,#romano737,1467.9,114.7,5,3.18,2021-04-04
2021-11-28,Kards Open IX,bf:6064b09a65d11d138804412a,ttolpann,1479.4,115.0,5,3.18,2021-04-04
2021-11-28,Kards Open IX,bf:6064c336521bb713377d7223,Bazsi500,1410.0,122.9,3,1.91,2021-04-03
2021-11-28,Kards Open IX,bf:6065dd291b083505d3f69759,kusanagui2501,1466.6,132.6,1,0.64,2021-04-03
2021-11-28,Kards Open IX,bf:6065e506c75b3f32bc8957c9,Fortress,1455.8,119.1,4,2.54,2021-04-03
2021-11-28,Kards Open IX,bf:60665059bea76d63440e763f,ethen,1499.4,116.9,5,3.18,2021-04-04
2021-11-28,Kards Open IX,bf:60674f097230f532c22615b9,dodos,1520.4,112.5,6,3.81,2021-04-04
2021-11-28,Kards Open IX,bf:60676fb11d5ed13ba0593743,marcelinovegaviejo,1486.8,134.9,1,0.64,2021-04-03
2021-11-28,Kards Open IX,bf:60677695fe869e359192e820,benny,1508.5,128.7,2,1.27,2021-04-03
2021-11-28,Kards Open IX,bf:6068332c521bb713377d8fdf,melenkurion,1469.7,132.7,1,0.64,2021-04-03
2021-11-28,Kards Open IX,bf:60685007d0955e11e2b013f4,germanicus438,1450.2,74.5,25,19.24,2021-11-20
2021-11-28,Kards Open IX,bf:606854ffd0955e11e2b01407,Magnus_Aurel,1525.4,111.3,6,3.82,2021-04-10
2021-11-28,Kards Open IX,bf:60687ce718f0251191ca9656,Gagarinyasha,1440.1,118.7,4,2.54,2021-04-03
2021-11-28,Kards Open IX,bf:60687eb5eea041235d6db8aa,#nini,1424.9,115.4,5,3.18,2021-04-04
2021-11-28,Kards Open IX,bf:6070a8022fd5451122c65ae8,apara,1561.1,79.3,18,14.85,2021-11-20
2021-11-28,Kards Open IX,bf:60721ccb5c1419118df3a796,OOUTAIWAN,1484.3,80.4,20,15.25,2021-08-21
2021-11-28,Kards Open IX,bf:60763581b7083a45e0c65882,Thunder,1434.9,126.3,2,1.49,2021-06-26
2021-11-28,Kards Open IX,bf:607823b0c75b3f32bc89dbca,White Eagle,1617.8,81.9,18,13.56,2021-08-21
2021-11-28,Kards Open IX,bf:60946d0dab3bf12889662245,VikingClog,1452.2,109.3,6,4.24,2021-05-29
2021-11-28,Kards Open IX,bf:60953c50980c9b122a48e011,#magnetto_man,1466.1,110.0,6,4.24,2021-05-29
2021-11-28,Kards Open IX,bf:609b70096b6b3d37fdd49225,TheFrenchHolyTemplar,1532.6,121.1,3,2.23,2021-06-26
2021-11-28,Kards Open IX,bf:60a356b944cea86cbcb2d935,Rngesus,1420.3,113.9,5,3.53,2021-05-29
2021-11-28,Kards Open IX,bf:60a3bf649226326cec5f141a,SkillKill,1416.5,122.8,3,2.12,2021-05-29
2021-11-28,Kards Open IX,bf:60a3f0a911d3b171064316ce,Obristan,1457.5,121.4,3,2.12,2021-05-29
2021-11-28,Kards Open IX,bf:60a432af9226326cec5f185b,MeRoll,1447.1,101.6,9,6.47,2021-06-26
2021-11-28,Kards Open IX,bf:60a503770ee905712684a97d,Leichelot1,1425.3,114.9,5,3.53,2021-05-29
2021-11-28,Kards Open IX,bf:60a543cc9c13276cd6914076,#MrEcho,1468.3,112.5,5,3.53,2021-05-29
2021-11-28,Kards Open IX,bf:60a5955444cea86cbcb2ebc2,Tanner,1458.5,128.6,2,1.41,2021-05-29
2021-11-28,Kards Open IX,bf:60a61caf0327e8746992e60b,estienne2,1415.9,97.1,11,7.96,2021-06-26
2021-11-28,Kards Open IX,bf:60a6368e0072106f76db29dd,Skiller,1352.3,113.6,5,3.53,2021-05-29
2021-11-28,Kards Open IX,bf:60a65e7e982b577479221d7e,Hackfresse,1457.2,103.7,8,5.85,2021-08-07
2021-11-28,Kards Open IX,bf:60a67f38000fb03f36004b2c,Dindalian,1568.3,91.9,13,9.46,2021-06-27
2021-11-28,Kards Open IX,bf:60a685a99c13276cd691508d,loud and clear,1447.4,95.7,11,7.96,2021-06-26
2021-11-28,Kards Open IX,bf:60a7c75f9c13276cd691586e,devil,1543.9,104.8,8,5.69,2021-06-26
2021-11-28,Kards Open IX,bf:60a9f588982b57747922392a,Marek,1514.9,95.5,11,7.96,2021-06-26
2021-11-28,Kards Open IX,bf:60aaf2216dada66f5e2a839e,ChemistryMaster,1459.9,132.2,1,0.71,2021-05-29
2021-11-28,Kards Open IX,bf:60abd00e9226326cec5f56e5,Garand Конституції,1437.7,117.9,4,2.83,2021-05-29
2021-11-28,Kards Open IX,bf:60ae026e000fb03f36007a83,EcholoQE,1479.7,133.4,1,0.71,2021-05-29
2021-11-28,Kards Open IX,bf:60ae60e26dada66f5e2a9239,ERB0L,1628.7,83.5,17,12.76,2021-09-04
2021-11-28,Kards Open IX,bf:60b0a4d9835684119d3312d6,Bob1974,1429.4,114.3,5,3.53,2021-05-29
2021-11-28,Kards Open IX,bf:60b1d9960072106f76db7938,FrosT_NF,1390.6,109.8,6,4.24,2021-05-29
2021-11-28,Kards Open IX,bf:60b2450639bdbb113a68b017,*UBI_ghost,1440.2,114.2,5,3.53,2021-05-29
2021-11-28,Kards Open IX,bf:60c514950332eb573b6ef25d,polancowoods45,1414.7,113.2,5,3.72,2021-06-26
2021-11-28,Kards Open IX,bf:60c929871a01bf49674e1815,HW Plainview,1368.6,114.8,5,3.72,2021-06-26
2021-11-28,Kards Open IX,bf:60c939761fb30a26a0ea6e03,Dindomir,1486.2,120.1,3,2.42,2021-08-07
2021-11-28,Kards Open IX,bf:60c9b27ea95cd94e9dae5da2,虚无主义,1533.9,109.6,6,4.47,2021-06-26
2021-11-28,Kards Open IX,bf:60ca4cb5a95cd94e9dae6026,Kindero,1478.8,133.1,1,0.74,2021-06-26
2021-11-28,Kards Open IX,bf:60ca80ace39b28468395e0c2,PAGMARE,1621.5,89.0,12,10.48,2021-11-27
2021-11-28,Kards Open IX,bf:60cb505451487a4eb2227f1a,Vector,1473.0,124.1,3,2.23,2021-06-26
2021-11-28,Kards Open IX,bf:60d7295878f6123d75383e7c,Unskilz,1487.7,108.3,6,4.47,2021-06-26
2021-11-28,Kards Open IX,sgg:2374037,Raslin2006,1433.6,122.9,3,2.88,2021-11-06
2021-11-28,Kards Open IX,sgg:2374874,Hayboza,1536.9,115.3,4,3.23,2021-08-07
2021-11-28,Kards Open IX,sgg:2375094,Krch,1434.1,123.1,3,2.42,2021-08-07
2021-11-28,Kards Open IX,sgg:2375354,Brightstar,1419.6,119.9,4,3.23,2021-08-07
2021-11-28,Kards Open IX,sgg:2375403,Tofisow,1433.2,112.6,5,4.03,2021-08-07
2021-11-28,Kards Open IX,sgg:2375442,Noein5,1641.2,102.3,7,5.69,2021-09-04
2021-11-28,Kards Open IX,sgg:2380599,TheArticle,1411.8,121.8,3,2.42,2021-08-07
2021-11-28,Kards Open IX,sgg:2382579,xyloser,1708.4,99.6,8,6.64,2021-09-07
2021-11-28,Kards Open IX,sgg:2386070,,1508.0,110.3,5,4.14,2021-08-21
2021-11-28,Kards Open IX,sgg:2407266,BEATWELL,1468.1,117.2,4,3.31,2021-08-21
2021-11-28,Kards Open IX,sgg:2408029,Nanohard,1413.0,110.7,5,4.14,2021-08-21
2021-11-28,Kards Open IX,sgg:2408269,常凯申队长,1552.4,109.9,5,4.14,2021-08-21
2021-11-28,Kards Open IX,sgg:2408285,Surcouf,1448.8,115.6,4,3.31,2021-08-21
2021-11-28,Kards Open IX,sgg:2409441,0944,1472.8,118.8,3,2.49,2021-08-21
2021-11-28,Kards Open IX,sgg:2409467,老虎不发猫,1687.0,95.6,9,7.55,2021-09-07
2021-11-28,Kards Open IX,sgg:2410346,Kevin Wu,1498.4,111.1,5,4.14,2021-08-21
2021-11-28,Kards Open IX,sgg:2410397,BurningLAN,1434.3,122.9,3,2.49,2021-08-21
2021-11-28,Kards Open IX,sgg:2483760,钟离梓,1565.2,106.2,5,4.87,2021-11-27
2021-11-28,Kards Open IX,sgg:2483766,black_nao,1454.6,102.9,6,5.83,2021-11-20
2021-11-28,Kards Open IX,sgg:2485067,敦刻尔克没有白色,1501.2,118.3,3,2.88,2021-11-06
2021-11-28,Kards Open IX,sgg:2489723,Gat0,1615.7,81.4,14,13.72,2021-11-28
2021-11-28,Kards Open IX,sgg:2494716,gotoh,1438.1,98.4,8,7.8,2021-11-20
2021-11-28,Kards Open IX,sgg:2498198,Casti,1455.7,129.8,1,0.98,2021-11-20
2021-11-28,Kards Open IX,sgg:2503368,Carolus_Rex,1530.3,103.0,6,5.75,2021-11-06
2021-11-28,Kards Open IX,sgg:2504326,Caspian44,1462.6,94.4,9,8.73,2021-11-20
2021-11-28,Kards Open IX,sgg:2504781,Xalulay Toddy,1369.3,114.6,4,3.84,2021-11-06
2021-11-28,Kards Open IX,sgg:2505109,Wyatt Durp,1344.9,100.8,8,7.75,2021-11-20
2021-11-28,Kards Open IX,sgg:2505286,HRG Surplus,1383.2,119.5,3,2.88,2021-11-06
2021-11-28,Kards Open IX,sgg:2505365,bruce,1412.7,123.3,2,1.92,2021-11-06
2021-11-28,Kards Open IX,sgg:2506738,Pete2019,1479.4,99.8,7,6.76,2021-11-20
2021-11-28,Kards Open IX,sgg:2518580,TheBearJew212,1511.4,117.4,3,2.95,2021-11-20
2021-11-28,Kards Open IX,sgg:2519625,Tibetan Sunshine,1473.0,111.9,4,3.84,2021-11-06
2021-11-28,Kards Open IX,sgg:2520081,Wastecan,1392.8,97.2,9,8.76,2021-11-20
2021-11-28,Kards Open IX,sgg:375061,Thanatron,1599.6,81.4,15,13.57,2021-11-27
2022-02-27,Kards Open X,bf:544fd1e1a3aee26f0b100edb,121,1514.6,108.3,13,4.3,2020-08-30
2022-02-27,Kards Open X,bf:55a9e6f380ec56430032820c,swigmonkey,1459.2,122.7,4,1.92,2021-02-06
2022-02-27,Kards Open X,bf:564e7b5b80b8db4a00c4ff9c,Jking7,1736.4,50.4,91,53.1,2022-02-05
2022-02-27,Kards Open X,bf:56bf93a68b6bc7030304a789,Kynio,1495.3,119.7,7,2.32,2020-07-26
2022-02-27,Kards Open X,bf:56ed79634fdf9b7e1224dddc,[DB] Praetorian,1537.3,127.2,4,1.32,2020-07-25
2022-02-27,Kards Open X,bf:57101bc80b3b0f8312f27ec5,Socialist,1535.0,90.8,16,9.52,2021-11-06
2022-02-27,Kards Open X,bf:572751089b61d587125da415,Pad,1532.6,117.4,8,2.65,2020-07-26
2022-02-27,Kards Open X,bf:5784f8bcf26da72d0cd20f65,LuckyLuke,1476.5,100.7,17,6.19,2020-11-28
2022-02-27,Kards Open X,bf:57a1697c8c3386280ca04b34,batis,1532.9,93.5,21,8.26,2021-04-04
2022-02-27,Kards Open X,bf:57b5a7ffabd8181c0cfdf304,CaptainA,1617.4,93.1,15,8.56,2021-11-27
2022-02-27,Kards Open X,bf:5931f755f2d1a503331ea51d,Chrisca,1501.5,132.7,2,0.66,2020-07-25
2022-02-27,Kards Open X,bf:596dd6d3014e6b033a8a1275,RainZone,1569.3,117.5,8,2.65,2020-07-26
2022-02-27,Kards Open X,bf:59b91e3e40985d034416fd27,Isenberg,1496.0,132.5,2,0.66,2020-07-25
2022-02-27,Kards Open X,bf:5a4d98c332953903641106de,Freddie,1562.1,99.2,17,6.44,2020-11-29
2022-02-27,Kards Open X,bf:5a58cabb82c7de043a3c289b,[TNT] marvin_the_imp,1500.4,130.4,2,0.96,2021-02-06
2022-02-27,Kards Open X,bf:5a8879b76c3ac00358830d7c,Benji,1521.4,97.7,16,7.16,2021-02-07
2022-02-27,Kards Open X,bf:5ad6b5686a20dd03885fa1d1,Jugador,1512.6,124.9,5,1.66,2020-07-26
2022-02-27,Kards Open X,bf:5b0094b93d8b3603b86987cc,Bob the Tomato,1481.6,126.9,4,1.42,2020-08-30
2022-02-27,Kards Open X,bf:5b38c676cbd82c03a4f28e8f,doge34,1632.0,85.3,29,11.7,2021-04-04
2022-02-27,Kards Open X,bf:5b499abbdbda4803ac64b712,SdCorpse,1521.5,127.5,3,1.26,2020-11-28
2022-02-27,Kards Open X,bf:5bef1fd422a55803cb340a40,OHxCORNGUY,1663.9,78.6,22,15.24,2021-11-28
2022-02-27,Kards Open X,bf:5c3b6b20304450039e51c054,Yorrit,1392.1,98.2,12,7.2,2022-02-05
2022-02-27,Kards Open X,bf:5c4d3b7150078403fe2d5308,龍槍雷斯林(raslin2006),1534.9,99.5,11,6.67,2021-06-26
2022-02-27,Kards Open X,bf:5c4dca4fa9f6820352797666,VildeScarz,1638.9,88.6,16,10.51,2022-02-26
2022-02-27,Kards Open X,bf:5c7e66cd2dd6e4033a9d5fd1,Elikur,1511.4,99.3,12,6.77,2021-08-07
2022-02-27,Kards Open X,bf:5c834379fdf5df032965d470,Johnny,1515.6,129.5,3,0.99,2020-07-25
2022-02-27,Kards Open X,bf:5d0fba42acc6ed329c51837f,Rokeiro,1457.6,130.6,3,0.88,2020-05-23
2022-02-27,Kards Open X,bf:5d26bcf5c9bf6055b457dfb5,UkrainianKing,1574.3,89.9,21,9.59,2021-05-30
2022-02-27,Kards Open X,bf:5d47ab5c0451666910e5c0af,Joshua12450,1477.1,126.4,3,1.44,2021-02-06
2022-02-27,Kards Open X,bf:5d4eae596c2b2139a67ce680,Punpun,1483.4,116.0,5,2.97,2021-05-29
2022-02-27,Kards Open X,bf:5d6bf8a0238bc73c869e6430,Niemand,1463.7,131.5,2,0.84,2020-11-28
2022-02-27,Kards Open X,bf:5dadf6683f9f8d27e2e9cc0b,GKZhukov,1609.5,92.9,17,8.33,2021-02-27
2022-02-27,Kards Open X,bf:5dff9d39fafe5a70cf39ed01,Time to harsh your buzz!,1462.6,132.0,2,0.71,2020-08-29
2022-02-27,Kards Open X,bf:5e055721e0b14c3515213776,sk1091,1490.1,136.1,1,0.35,2020-08-29
2022-02-27,Kards Open X,bf:5e47e9a0f854af105e7ca35f,tominkorea,1458.8,112.7,6,3.57,2021-05-29
2022-02-27,Kards Open X,bf:5e6a39a3f1f90c345a8e7fcd,Yakin,1547.3,113.8,7,3.46,2021-02-27
2022-02-27,Kards Open X,bf:5e7e00974f03651058bba114,Camm,1513.2,114.4,6,3.21,2021-04-04
2022-02-27,Kards Open X,bf:5e7fb8e3d7ce547b37484302,jaja,1506.1,131.0,2,0.84,2020-11-28
2022-02-27,Kards Open X,bf:5e889af67a9c4c10932a6ca9,usp45master,1537.1,88.1,19,10.44,2021-06-26
2022-02-27,Kards Open X,bf:5e9cf8ff72e2961f747c7978,DARKCA5TLE,1593.1,104.9,11,5.3,2021-04-10
2022-02-27,Kards Open X,bf:5eb572f0a795290866140381,rdbigdog,1578.5,118.0,7,2.68,2020-11-28
2022-02-27,Kards Open X,bf:5eb57d1601b7fd0fe0488f0f,Astral,1494.5,126.3,5,1.47,2020-05-23
2022-02-27,Kards Open X,bf:5eb583d54a8bea0acd7ea437,SharkPup,1470.0,133.1,2,0.59,2020-05-23
2022-02-27,Kards Open X,bf:5eb598330abb797ad38acaee,NonGMOSalt,1586.5,93.0,18,8.31,2021-05-30
2022-02-27,Kards Open X,bf:5eb62f23aefaaf170fa23f33,Blue_Blast,1488.1,119.5,3,2.49,2021-11-20
2022-02-27,Kards Open X,bf:5eb6495f5d6f1b5d1c5d7d95,kenny,1494.0,106.3,11,5.03,2021-05-29
2022-02-27,Kards Open X,bf:5eb65df574f31a11dd226b38,Darkness,1850.7,61.6,76,43.28,2022-02-27
2022-02-27,Kards Open X,bf:5eb664dbaefaaf170fa246f1,RookVenturer1313,1493.5,126.9,5,1.47,2020-05-23
2022-02-27,Kards Open X,bf:5eb708950fe915528f90abfd,Donald Trump,1502.4,114.2,10,3.16,2020-07-26
2022-02-27,Kards Open X,bf:5eb7670e5e789b4b50a06de2,WHEEL3R,1568.5,81.6,34,13.43,2021-02-27
2022-02-27,Kards Open X,bf:5ebc5c7aec210a06ae04d4d4,Snefru,1623.9,97.2,22,7.31,2020-09-05
2022-02-27,Kards Open X,bf:5ebd8cafb3bec004beff6eff,[AAA] Caps04,1563.3,104.6,13,5.21,2021-02-07
2022-02-27,Kards Open X,bf:5ebd9402b92b28521a098ec8,Bubbles,1655.7,72.5,38,19.7,2021-11-06
2022-02-27,Kards Open X,bf:5ebe821bdc25e53f4d8c7446,ForeverFox,1465.1,126.1,5,1.47,2020-05-23
2022-02-27,Kards Open X,bf:5ebea2fd1eafc755976c161a,Drogear,1598.2,109.3,14,4.47,2020-08-29
2022-02-27,Kards Open X,bf:5ebea8a9bfed616b75962b6a,Forgestryker,1552.3,109.4,12,4.31,2020-11-28
2022-02-27,Kards Open X,bf:5ec021ae0f25781e0b5f5f43,AlexRises,1475.9,133.5,2,0.59,2020-05-23
2022-02-27,Kards Open X,bf:5ec038e2256baa1d38011a05,Vinny,1669.4,57.8,55,35.46,2022-02-27
2022-02-27,Kards Open X,bf:5ec14e2baf9b8d5641b7a639,handor95,1390.4,104.8,12,5.99,2022-01-29
2022-02-27,Kards Open X,bf:5ec2a6dafd8a561535cde2a5,V0R0N92,1539.7,65.5,42,24.79,2022-02-05
2022-02-27,Kards Open X,bf:5ec2ace2fd8a561535cde2e1,MJT,1497.0,132.0,2,0.71,2020-08-29
2022-02-27,Kards Open X,bf:5ec2acf9a7330d091e79291a,lucencan,1484.6,112.5,10,3.57,2020-11-28
2022-02-27,Kards Open X,bf:5ec2c1da0a4e405c2332e640,Chip-Filled Adam,1558.6,105.8,13,4.96,2020-11-29
2022-02-27,Kards Open X,bf:5ec2f8632e7fb7357e7c8077,SCARED MOKEY,1509.6,113.2,10,3.49,2020-11-28
2022-02-27,Kards Open X,bf:5ec3fe380be5fa28e9946104,Sertma,1485.9,135.9,1,0.29,2020-05-23
2022-02-27,Kards Open X,bf:5ec442d3b2f357511fcbf34a,skzeman,1542.4,126.1,5,1.47,2020-05-23
2022-02-27,Kards Open X,bf:5ec44a4894993372f10699b1,Adrián7,1484.3,135.6,1,0.33,2020-07-25
2022-02-27,Kards Open X,bf:5ec4df5bde56fb470634c5fa,barboza,1484.0,134.9,2,0.59,2020-05-23
2022-02-27,Kards Open X,bf:5ec57fff74214e1748e43f56,dasolli,1485.0,116.1,7,2.95,2020-11-29
2022-02-27,Kards Open X,bf:5ec5e7746951c62d86f53235,FL1ppY | エワウト,1568.3,111.1,8,3.85,2021-02-13
2022-02-27,Kards Open X,bf:5ec7d675f5d9bf6412138238,Hahn,1506.1,128.1,4,1.18,2020-05-23
2022-02-27,Kards Open X,bf:5ec99a6d5cb5d5345c7fdf7c,AriBigBehn,1690.8,52.2,73,46.51,2022-02-26
2022-02-27,Kards Open X,bf:5ee6022292efc00faf652a7e,Esthete,1481.6,113.4,7,3.37,2021-02-07
2022-02-27,Kards Open X,bf:5ee6c5f92764fc7a784c6f9e,BirdLaw,1442.4,96.6,19,7.35,2021-02-07
2022-02-27,Kards Open X,bf:5eeb9c3d19b81239da9496cb,Kosaroli,1560.6,73.2,31,18.15,2021-11-20
2022-02-27,Kards Open X,bf:5f0cbd1969a363414a64af57,agent_182,1519.0,129.5,3,0.99,2020-07-25
2022-02-27,Kards Open X,bf:5f0cd40c3087a65e039603f4,wild_eyes,1628.2,58.6,64,33.44,2022-02-05
2022-02-27,Kards Open X,bf:5f0cf3becbf20c490eb4fa7d,T0M,1502.4,125.0,5,1.66,2020-07-26
2022-02-27,Kards Open X,bf:5f0d81380ffa0b49d9f58c5c,Nerf,1576.0,117.4,8,2.65,2020-07-26
2022-02-27,Kards Open X,bf:5f0d9e4785aa4e37e911463c,You Need Jesus Christ,1463.7,132.5,2,0.66,2020-07-25
2022-02-27,Kards Open X,bf:5f0dad9ac47339351f7f742f,RipperJim,1479.4,127.4,3,1.26,2020-11-28
2022-02-27,Kards Open X,bf:5f0db8236f4cd1393325784f,Hazeltails,1522.3,119.6,7,2.32,2020-07-26
2022-02-27,Kards Open X,bf:5f0dc882f26046593189ba9f,SALUTE06,1489.4,136.1,1,0.33,2020-07-25
2022-02-27,Kards Open X,bf:5f0de85b7c5e104738aeb5a8,benc,1532.4,117.3,8,2.65,2020-07-26
2022-02-27,Kards Open X,bf:5f0df6196f4cd13933257c2a,COOLJ007,1536.2,115.1,7,3.37,2021-02-07
2022-02-27,Kards Open X,bf:5f0df84e824086475be264b7,Terror_de,1589.9,70.8,44,20.17,2021-06-27
2022-02-27,Kards Open X,bf:5f0df9d07c4df3491abfc797,RMISE,1474.3,133.1,2,0.66,2020-07-25
2022-02-27,Kards Open X,bf:5f0dfb2c7c4df3491abfc7a6,zhen,1566.8,117.5,8,2.65,2020-07-26
2022-02-27,Kards Open X,bf:5f0e1a20c47339351f7f7b34,Ouchmaster,1501.7,126.7,4,1.33,2020-07-26
2022-02-27,Kards Open X,bf:5f0e248def3ab65b96796c3f,frenchcook,1631.3,79.1,30,14.77,2021-06-27
2022-02-27,Kards Open X,bf:5f0e37b37c5e104738aebbe3,toDIEisGAIN,1666.8,61.5,59,29.7,2021-11-20
2022-02-27,Kards Open X,bf:5f0e67fdf26046593189c71c,B_O_R_U_T_O_1,1513.0,97.3,13,7.26,2021-06-26
2022-02-27,Kards Open X,bf:5f0e76497c4df3491abfd06c,rocksopimppo,1477.6,108.6,11,4.24,2021-02-06
2022-02-27,Kards Open X,bf:5f0eab817c4df3491abfd2e6,hilmank,1466.3,115.4,8,2.96,2021-02-06
2022-02-27,Kards Open X,bf:5f0f22cb85aa4e37e9115bb4,madisek,1499.0,132.4,2,0.66,2020-07-25
2022-02-27,Kards Open X,bf:5f0f2f19ef3ab65b96797ada,kramedogg,1460.6,103.7,15,5.41,2021-02-20
2022-02-27,Kards Open X,bf:5f0f3d9e7c4df3491abfe047,Snooginz,1527.1,74.1,35,17.24,2021-11-20
2022-02-27,Kards Open X,bf:5f0f54427c4df3491abfe274,djdado,1488.4,135.9,1,0.35,2020-08-29
2022-02-27,Kards Open X,bf:5f0fb7319d4b3024dce6f17b,The_Advocator,1473.0,117.4,8,2.65,2020-07-26
2022-02-27,Kards Open X,bf:5f101bc2eea71b24bc30c50e,Hubblebub,1464.8,132.1,2,0.71,2020-08-29
2022-02-27,Kards Open X,bf:5f102c329d4b3024dce6f5dd,Malovato_Budet,1490.2,111.2,11,3.74,2020-08-29
2022-02-27,Kards Open X,bf:5f103df2eac9482569fb2922,phasermind,1518.4,117.7,8,2.65,2020-07-26
2022-02-27,Kards Open X,bf:5f105658eac9482569fb2be4,张大彪,1564.4,111.5,10,3.68,2020-11-28
2022-02-27,Kards Open X,bf:5f10783cc08d9224ce50f95f,bob42,1503.0,117.6,8,2.65,2020-07-26
2022-02-27,Kards Open X,bf:5f10825feac9482569fb2e81,SquareGrouper,1400.7,105.9,13,4.94,2020-11-29
2022-02-27,Kards Open X,bf:5f1086f1160c3f2239e9225b,lt.blueberry,1361.8,101.3,17,6.37,2021-02-07
2022-02-27,Kards Open X,bf:5f109d917a5f692572240090,John_Px,1743.7,52.1,77,49.99,2022-02-26
2022-02-27,Kards Open X,bf:5f10c966160c3f2239e92921,ColdCarl,1556.8,69.2,37,21.33,2021-11-20
2022-02-27,Kards Open X,bf:5f112ee3eac9482569fb3ee6,Pert,1524.3,119.3,8,2.65,2020-07-26
2022-02-27,Kards Open X,bf:5f113e2cd04bae257fc195f6,RafcKen7,1629.6,91.5,15,8.98,2021-09-04
2022-02-27,Kards Open X,bf:5f11d03df7c29f223fd624f2,Groddur,1477.4,127.3,3,1.26,2020-11-28
2022-02-27,Kards Open X,bf:5f11d0b0eea71b24bc30e84a,BUCKY,1515.5,65.7,36,24.82,2022-02-05
2022-02-27,Kards Open X,bf:5f11d247160c3f2239e940a4,LuckySpike,1613.4,68.7,45,22.51,2022-01-29
2022-02-27,Kards Open X,bf:5f11e4c6160c3f2239e941f5,trevorj,1492.7,126.9,4,1.32,2020-07-25
2022-02-27,Kards Open X,bf:5f11e67d85fecb25631448a0,yufzsy,1646.4,98.6,20,7.17,2020-11-28
2022-02-27,Kards Open X,bf:5f11ef33160c3f2239e942b2,Starkiller30001,1467.2,126.7,4,1.32,2020-07-25
2022-02-27,Kards Open X,bf:5f11ff268b375222593350d0,Lobby Boy Lettuce,1470.1,126.9,4,1.32,2020-07-25
2022-02-27,Kards Open X,bf:5f11ff2ec08d9224ce511d19,Dangerexx,1441.8,117.7,8,2.65,2020-07-26
2022-02-27,Kards Open X,bf:5f11ff59eea71b24bc30ee0c,Hyo,1448.6,97.2,20,7.17,2020-11-28
2022-02-27,Kards Open X,bf:5f11ffc4eac9482569fb4f49,MrNejcKing,1422.7,123.8,5,1.81,2021-02-06
2022-02-27,Kards Open X,bf:5f121b05d04bae257fc1a263,biasedeyes,1465.1,124.8,5,1.66,2020-07-26
2022-02-27,Kards Open X,bf:5f1220b9b4738624c4273900,KEV1NJ,1525.2,120.6,7,2.32,2020-07-26
2022-02-27,Kards Open X,bf:5f12273babfcb016362ad1d0,beeman,1386.1,108.1,14,4.8,2020-08-30
2022-02-27,Kards Open X,bf:5f1229f9cf4549174336fefe,JSL112,1483.4,135.6,1,0.33,2020-07-25
2022-02-27,Kards Open X,bf:5f122bf8b4738624c4273b13,VLTØR,1455.8,130.9,2,0.84,2020-11-28
2022-02-27,Kards Open X,bf:5f1240f24a28711494f1b3aa,CaptainTchaikovsky,1495.8,126.9,4,1.32,2020-07-25
2022-02-27,Kards Open X,bf:5f12771889520148edf780af,mbilsel,1550.4,103.1,16,5.49,2020-08-30
2022-02-27,Kards Open X,bf:5f1281edb4738624c42745af,ptreey,1459.3,121.6,6,1.99,2020-07-26
2022-02-27,Kards Open X,bf:5f12bb564a28711494f1bd8d,NeriUwU,1375.2,101.5,17,6.49,2021-02-07
2022-02-27,Kards Open X,bf:5f12bb99cf45491743370da4,Headcrasher,1493.3,136.7,1,0.53,2021-04-03
2022-02-27,Kards Open X,bf:5f12c35f8b375222593364f0,xareh90,1510.4,117.4,8,2.65,2020-07-26
2022-02-27,Kards Open X,bf:5f12da838b375222593365f7,Burremans,1468.1,132.5,2,0.66,2020-07-25
2022-02-27,Kards Open X,bf:5f12f0881c8cdf16056f6224,RaPaulke,1466.9,132.5,2,0.66,2020-07-25
2022-02-27,Kards Open X,bf:5f12f0c3abfcb016362ae526,mon.mgs,1481.8,135.5,1,0.33,2020-07-25
2022-02-27,Kards Open X,bf:5f130139f7c29f223fd64290,fenrir,1521.5,113.0,10,3.49,2020-11-28
2022-02-27,Kards Open X,bf:5f13328d77697711a235a704,TomatoMato,1532.9,117.9,8,2.65,2020-07-26
2022-02-27,Kards Open X,bf:5f13952ceea71b24bc312529,Limitless Beast,1433.4,126.8,4,1.32,2020-07-25
2022-02-27,Kards Open X,bf:5f13f8f0381ccb11abfed78c,Behemothus,1497.3,104.1,15,5.15,2020-08-30
2022-02-27,Kards Open X,bf:5f13fc452cba8f11c2a4298c,DarkMatterYT,1496.0,132.5,2,0.66,2020-07-25
2022-02-27,Kards Open X,bf:5f140b7f1c8cdf16056f833c,foreverlimon,1520.7,119.6,7,2.32,2020-07-26
2022-02-27,Kards Open X,bf:5f140c57341d821185ca56df,BarndoorRoge,1513.9,123.6,5,1.72,2020-08-29
2022-02-27,Kards Open X,bf:5f140d9bbcbe32117ff6b7e7,Snakii0,1370.0,109.9,10,4.4,2021-04-04
2022-02-27,Kards Open X,bf:5f140ea9b4738624c4277d71,Heist,1474.6,119.5,7,2.32,2020-07-26
2022-02-27,Kards Open X,bf:5f14582a341d821185ca59e8,TheStray,1493.2,117.6,8,2.65,2020-07-26
2022-02-27,Kards Open X,bf:5f145d63b4738624c4278122,Jotora,1535.7,117.5,8,2.65,2020-07-26
2022-02-27,Kards Open X,bf:5f145fa11c8cdf16056f8757,Kerwer,1478.9,134.0,1,0.53,2021-04-03
2022-02-27,Kards Open X,bf:5f148273cd3934118e03b196,Shaemas,1486.3,104.5,15,5.13,2020-08-30
2022-02-27,Kards Open X,bf:5f1493df1c8cdf16056f8bc9,CheL_oFF,1510.5,113.4,7,3.37,2021-02-07
2022-02-27,Kards Open X,bf:5f14e99eea159211b4c99eab,Jacob,1435.9,117.5,8,2.65,2020-07-26
2022-02-27,Kards Open X,bf:5f1520542cba8f11c2a44c16,DarkMist,1393.3,93.0,20,9.63,2021-08-21
2022-02-27,Kards Open X,bf:5f153751eea71b24bc31458b,VLAD420,1469.6,117.4,8,2.65,2020-07-26
2022-02-27,Kards Open X,bf:5f1539bacfac0e373c6166ce,donigi,1490.7,103.2,16,5.49,2020-08-30
2022-02-27,Kards Open X,bf:5f155f3577697711a235e552,total,1489.6,136.0,1,0.35,2020-08-29
2022-02-27,Kards Open X,bf:5f1566b0341d821185ca734b,Юрий,1485.1,119.9,7,2.32,2020-07-26
2022-02-27,Kards Open X,bf:5f156d9fb4738624c42798e8,Evilmunki,1448.7,119.4,7,2.32,2020-07-26
2022-02-27,Kards Open X,bf:5f15827677697711a235e95c,ACOG,1488.4,136.0,1,0.33,2020-07-25
2022-02-27,Kards Open X,bf:5f159e62ea159211b4c9a50e,scorp1one,1475.5,124.0,4,1.98,2021-04-03
2022-02-27,Kards Open X,bf:5f15a9d0cfac0e373c616a81,gteacher12 (cst),1435.9,127.3,4,1.33,2020-07-26
2022-02-27,Kards Open X,bf:5f1660782cba8f11c2a45e9c,Lolofy44,1513.2,100.1,17,6.33,2020-11-29
2022-02-27,Kards Open X,bf:5f169f65bcbe32117ff6eb42,Lykas_OMES,1501.5,116.2,8,2.83,2020-08-30
2022-02-27,Kards Open X,bf:5f176280381ccb11abff191f,terminetorK56,1489.5,118.4,7,2.48,2020-08-30
2022-02-27,Kards Open X,bf:5f17d573bcbe32117ff6fd03,Vitaly Gorbunov,1483.2,135.6,1,0.33,2020-07-25
2022-02-27,Kards Open X,bf:5f17ef0fcfac0e373c6190c4,[REDi]1R COL ANZAC_Ace,1481.7,129.4,3,0.99,2020-07-25
2022-02-27,Kards Open X,bf:5f19119cb4738624c427e33c,SA-GR,1452.1,119.6,7,2.32,2020-07-26
2022-02-27,Kards Open X,bf:5f191b72abfcb016362b6974,Suchy,1503.0,114.4,6,3.21,2021-04-04
2022-02-27,Kards Open X,bf:5f193071cfac0e373c61a11b,PetitPoney,1518.0,124.4,5,1.7,2020-08-29
2022-02-27,Kards Open X,bf:5f1a8cc8b4738624c42817ef,Tigerkater,1493.3,120.8,7,2.32,2020-07-26
2022-02-27,Kards Open X,bf:5f1b1546b4738624c4282183,Skunk,1433.8,117.4,8,2.65,2020-07-26
2022-02-27,Kards Open X,bf:5f1b3f1b08ac6c1dd4d6bb23,brienoconan,1517.3,129.6,3,0.99,2020-07-25
2022-02-27,Kards Open X,bf:5f1b48d1abfcb016362ba48e,Berni de Balle,1546.5,72.6,42,18.75,2021-05-29
2022-02-27,Kards Open X,bf:5f1b9f20a73922196c802448,Gamesite,1482.9,124.3,5,1.66,2020-07-26
2022-02-27,Kards Open X,bf:5f1bad8bb4738624c4283cf6,Filpa,1539.9,109.7,12,4.09,2020-08-30
2022-02-27,Kards Open X,bf:5f318206a8e6c511a449d179,0CanadaBear0,1482.1,123.3,5,1.77,2020-08-30
2022-02-27,Kards Open X,bf:5f318c62af063111a36cedab,aa,1536.8,117.1,8,2.83,2020-08-30
2022-02-27,Kards Open X,bf:5f31dbda9ab87f2e0c19cd0c,RNGek,1555.9,100.5,16,6.2,2020-11-29
2022-02-27,Kards Open X,bf:5f31e18d7bd80311ab780bcb,天之子将军,1524.3,121.7,6,2.13,2020-08-30
2022-02-27,Kards Open X,bf:5f31e6b930b92e118dbc3b00,r3in0r,1463.8,132.1,2,0.71,2020-08-29
2022-02-27,Kards Open X,bf:5f32224b74a4bd1196ff8e97,yourBRO,1457.3,116.8,7,2.81,2020-11-28
2022-02-27,Kards Open X,bf:5f323b2daf063111a36cffab,chmy426,1547.0,124.0,4,1.68,2020-11-28
2022-02-27,Kards Open X,bf:5f32755630b92e118dbc4132,Joeybag0doughnuts,1478.3,135.3,1,0.35,2020-08-29
2022-02-27,Kards Open X,bf:5f32919a74a4bd1196ff9509,wydsxl,1611.8,96.8,15,7.3,2021-09-04
2022-02-27,Kards Open X,bf:5f32abe69ab87f2e0c19e0b7,"Oh, Pretty Woman",1412.5,123.5,5,1.77,2020-08-30
2022-02-27,Kards Open X,bf:5f32b5a5af063111a36d039f,Spartan,1491.5,126.9,3,1.34,2021-02-20
2022-02-27,Kards Open X,bf:5f32c6147bd80311ab78193f,petriachor,1612.3,68.1,41,22.53,2021-11-27
2022-02-27,Kards Open X,bf:5f32ca9074a4bd1196ff97d9,Sirbol,1509.8,116.1,8,2.83,2020-08-30
2022-02-27,Kards Open X,bf:5f32e74430b92e118dbc4866,alan1957,1482.2,135.4,1,0.35,2020-08-29
2022-02-27,Kards Open X,bf:5f32f48419fcf2666b2abff1,kowalski,1639.3,67.2,41,23.98,2021-11-27
2022-02-27,Kards Open X,bf:5f3304e930b92e118dbc4ad6,maxterGIO,1508.6,116.2,8,2.83,2020-08-30
2022-02-27,Kards Open X,bf:5f3321d98a94d511b1d67c5b,ExpelliarmusA,1544.1,116.3,8,2.83,2020-08-30
2022-02-27,Kards Open X,bf:5f332d0619fcf2666b2ac60a,comrade nicky,1519.2,129.8,3,1.06,2020-08-29
2022-02-27,Kards Open X,bf:5f335b3e30b92e118dbc579e,WorldWarWhale,1473.0,123.6,3,1.78,2021-05-29
2022-02-27,Kards Open X,bf:5f344b7a8a94d511b1d68a96,John™,1464.7,119.7,7,2.48,2020-08-30
2022-02-27,Kards Open X,bf:5f34d3bdacefe6118a5de444,Ottotheblue,1480.0,98.5,17,6.62,2020-11-29
2022-02-27,Kards Open X,bf:5f351f60af063111a36d282b,Sadrik,1545.4,116.4,8,2.83,2020-08-30
2022-02-27,Kards Open X,bf:5f354d22e4876e1184288d58,Ripoff,1527.0,108.2,11,4.3,2020-11-29
2022-02-27,Kards Open X,bf:5f35946553b8ce11abe62c4d,FRIKAZOID,1486.6,129.0,3,1.06,2020-08-29
2022-02-27,Kards Open X,bf:5f362c8703dbcc11d58d78e3,Kolbasnik,1678.9,48.9,89,54.84,2022-02-26
2022-02-27,Kards Open X,bf:5f369b86c897e0119e4ff6f8,PatsenBR,1489.4,118.8,7,2.48,2020-08-30
2022-02-27,Kards Open X,bf:5f36c30fff2e5911a44a282e,Józef Piłsudski,1463.1,132.0,2,0.71,2020-08-29
2022-02-27,Kards Open X,bf:5f36cca903dbcc11d58d89d8,Wolnigree,1463.2,132.0,2,0.71,2020-08-29
2022-02-27,Kards Open X,bf:5f36dc4b98f0a311ad32446c,Zig_Zag,1533.0,111.4,10,3.79,2021-02-06
2022-02-27,Kards Open X,bf:5f37cf6b6ce6de28d63de407,Ailoyros,1479.3,135.4,1,0.35,2020-08-29
2022-02-27,Kards Open X,bf:5f3800b06ce6de28d63de960,RicardoTamanini,1454.6,129.5,3,1.06,2020-08-29
2022-02-27,Kards Open X,bf:5f382e1f33118628f2f56ca7,Dash_ek,1516.2,118.4,7,2.48,2020-08-30
2022-02-27,Kards Open X,bf:5f38338163cc1128e5f86f97,Brendan,1474.3,116.7,8,2.83,2020-08-30
2022-02-27,Kards Open X,bf:5f3846d25b41bf2bd0fe2207,Spooky Time,1454.2,129.3,3,1.06,2020-08-29
2022-02-27,Kards Open X,bf:5f3858c1b83d9d2bb0609265,wdhtu,1492.5,123.7,5,1.77,2020-08-30
2022-02-27,Kards Open X,bf:5f3a8d53c190e3296d7a1eef,nagymaciii,1466.9,132.1,2,0.71,2020-08-29
2022-02-27,Kards Open X,bf:5f3a8e2d33118628f2f5a7d5,Goltz,1483.7,135.4,1,0.35,2020-08-29
2022-02-27,Kards Open X,bf:5f3a8eb4dd76a928dcec9bec,Coronel_Mostarda,1469.4,126.2,4,1.42,2020-08-29
2022-02-27,Kards Open X,bf:5f3ab4ce63cc1128e5f8a327,DrTacos,1442.9,129.0,3,1.06,2020-08-30
2022-02-27,Kards Open X,bf:5f3aef3e6ce6de28d63e3425,Alexandre,1438.6,126.0,3,1.6,2021-04-03
2022-02-27,Kards Open X,bf:5f3b1ebadd76a928dceca753,ZackXue,1513.0,117.4,8,2.83,2020-08-30
2022-02-27,Kards Open X,bf:5f3bc9efdbf742295bce0a9d,黑森公爵,1481.8,135.4,1,0.35,2020-08-29
2022-02-27,Kards Open X,bf:5f3bcb62c190e3296d7a2cd2,abandon,1500.8,131.0,2,0.84,2020-11-28
2022-02-27,Kards Open X,bf:5f3d0646dd76a928dceccb16,Ertugrul Gazi,1514.9,116.3,8,2.83,2020-08-30
2022-02-27,Kards Open X,bf:5f3d19c7dd76a928dceccbcd,HaxBaba,1527.1,119.4,7,2.48,2020-08-30
2022-02-27,Kards Open X,bf:5f3d1e45c190e3296d7a4aa5,Barton,1482.1,135.3,1,0.35,2020-08-29
2022-02-27,Kards Open X,bf:5f3e11a1a3f8871d5075e3d0,Valar,1442.1,121.4,6,2.12,2020-08-30
2022-02-27,Kards Open X,bf:5f3fbdaeb856d24e0965bbc4,Stluvik,1508.8,125.6,5,1.77,2020-08-30
2022-02-27,Kards Open X,bf:5f3fc42472caf64e0f2b589c,Shiva's,1599.5,93.1,18,8.72,2021-09-04
2022-02-27,Kards Open X,bf:5f3ff2e624334d4ac794708e,FearlessFreep2,1501.8,126.2,4,1.42,2020-08-30
2022-02-27,Kards Open X,bf:5f4022e92736604a195ffbfb,Ol'Red,1452.9,129.2,3,1.06,2020-08-29
2022-02-27,Kards Open X,bf:5f404839cabbdc4a26620899,sNapple,1442.8,127.6,3,1.26,2020-11-28
2022-02-27,Kards Open X,bf:5f41a73ee7543f4a0a54f568,Kipahigan,1522.1,118.4,7,2.48,2020-08-30
2022-02-27,Kards Open X,bf:5f4318d1681ff84ab5ec92f9,Sidecrawler,1563.5,58.2,52,33.25,2022-02-05
2022-02-27,Kards Open X,bf:5f4536884cbe7961ba1906fa,Zanderson30,1574.7,115.4,9,3.19,2020-09-05
2022-02-27,Kards Open X,bf:5f4617f7cff9bb4e25c81a49,Daccro,1461.1,124.4,4,1.69,2021-06-26
2022-02-27,Kards Open X,bf:5f464a379f8a441a7681100e,Grarivier,1536.3,116.4,8,2.83,2020-08-30
2022-02-27,Kards Open X,bf:5f469fbd9f8a441a768119af,yura,1479.7,135.4,1,0.35,2020-08-29
2022-02-27,Kards Open X,bf:5f46ff72cff9bb4e25c82ac7,hartmanator1,1514.9,102.8,14,5.56,2020-11-29
2022-02-27,Kards Open X,bf:5f47aca042aba63789789166,UBCers,1467.0,132.3,2,0.71,2020-08-29
2022-02-27,Kards Open X,bf:5f48837c34f6ed5f7791f82a,RIBO,1530.0,119.5,7,2.48,2020-08-30
2022-02-27,Kards Open X,bf:5f4965bb76b8305ffaa36866,Ernst1871,1497.6,107.6,11,4.5,2020-11-29
2022-02-27,Kards Open X,bf:5f49b691c955654e18759c1e,Ryestye,1525.5,135.6,1,0.35,2020-08-29
2022-02-27,Kards Open X,bf:5f4a2d8c76b8305ffaa376af,smerch,1482.7,128.9,3,1.06,2020-08-29
2022-02-27,Kards Open X,bf:5f4a40fd34f6ed5f7792170c,LemonShark,1485.0,118.9,7,2.48,2020-08-30
2022-02-27,Kards Open X,bf:5f4a66a7629c8b6045fa11b9,Сэм,1479.5,116.5,8,2.83,2020-08-30
2022-02-27,Kards Open X,bf:5f908c01a261b945b6c471e8,OliRoB,1382.2,117.3,6,2.89,2021-02-07
2022-02-27,Kards Open X,bf:5fa1ee84f8fc171ea9f66554,El Chickenrice,1585.2,113.1,8,3.37,2020-11-29
2022-02-27,Kards Open X,bf:5fa2011d11743771ade90dee,testo,1651.7,83.2,26,12.78,2021-05-30
2022-02-27,Kards Open X,bf:5fa27bfdf8fc171ea9f66924,CalinBZ,1634.5,75.2,25,17.61,2022-02-26
2022-02-27,Kards Open X,bf:5fa27e32f8fc171ea9f66940,vegetable,1568.8,114.6,7,3.37,2021-02-07
2022-02-27,Kards Open X,bf:5fa2928f11743771ade9128e,Ax,1507.1,130.9,2,0.84,2020-11-28
2022-02-27,Kards Open X,bf:5fa2992ef8fc171ea9f66a3e,犹似深闺梦中人,1526.1,121.0,5,2.1,2020-11-28
2022-02-27,Kards Open X,bf:5fa2d1356b9c704abc3f86e4,MoncherFrag,1487.2,121.6,5,2.1,2020-11-28
2022-02-27,Kards Open X,bf:5fa3973bf8fc171ea9f68255,辉辉呀,1447.9,120.8,5,2.22,2021-02-06
2022-02-27,Kards Open X,bf:5fa3da8e11743771ade92018,Spooz,1658.0,70.2,38,20.94,2021-11-06
2022-02-27,Kards Open X,bf:5fa3e36b6b9c704abc3f92a0,bruki,1502.4,131.1,2,0.84,2020-11-28
2022-02-27,Kards Open X,bf:5fa4097911743771ade92145,David Lynch,1482.1,134.9,1,0.42,2020-11-28
2022-02-27,Kards Open X,bf:5fa467df4eb3c2458669c29a,Berto Burrito,1660.0,76.9,27,15.92,2021-11-20
2022-02-27,Kards Open X,bf:5fa530563f52763256b7593d,Civlj,1503.7,130.9,2,0.84,2020-11-28
2022-02-27,Kards Open X,bf:5fa5397c241d875936d2c2f2,Vadim,1573.8,61.3,49,29.35,2021-11-20
2022-02-27,Kards Open X,bf:5fa57306cc28b3594394b946,Liszt,1613.0,96.8,12,7.84,2021-11-27
2022-02-27,Kards Open X,bf:5fa5ede611743771ade94108,comtruise,1728.5,77.2,32,16.86,2021-05-30
2022-02-27,Kards Open X,bf:5fa62937c3c163598ec80783,CCMS-031,1546.3,116.6,6,2.88,2021-02-07
2022-02-27,Kards Open X,bf:5fafaf199a9e750ea663a8e3,发牌员没马,1503.2,131.1,2,0.84,2020-11-28
2022-02-27,Kards Open X,bf:5fafe4c9eb92fe0475436826,TheMiltonBradley,1519.3,110.6,9,3.79,2020-11-29
2022-02-27,Kards Open X,bf:5fafe7dfe7d89a60d43336cc,Primal,1460.2,131.1,2,0.84,2020-11-28
2022-02-27,Kards Open X,bf:5fafeec6e7d89a60d4333722,wodandos,1475.4,127.3,3,1.26,2020-11-28
2022-02-27,Kards Open X,bf:5faff24f698db1048d26b032,Stenli72,1485.6,115.7,7,2.95,2020-11-29
2022-02-27,Kards Open X,bf:5faffa8a502b9e587d1b7c3e,"Alexandre ""Mainovski"" Mainaud",1424.7,105.2,10,5.25,2021-05-29
2022-02-27,Kards Open X,bf:5faffbe71632970e916b602a,xceroks,1471.6,134.9,1,0.42,2020-11-28
2022-02-27,Kards Open X,bf:5fb026c1502b9e587d1b838d,Anklestina,1501.1,124.0,4,1.68,2020-11-28
2022-02-27,Kards Open X,bf:5fb02943698db1048d26b9cd,Bison,1510.4,107.8,10,4.44,2021-04-03
2022-02-27,Kards Open X,bf:5fb02c08698db1048d26ba0d,VReznov2137,1481.6,134.8,1,0.42,2020-11-28
2022-02-27,Kards Open X,bf:5fb032ea502b9e587d1b85eb,Secret Deadbeat,1557.7,127.7,3,1.26,2020-11-28
2022-02-27,Kards Open X,bf:5fb035bf502b9e587d1b8643,Annki,1458.3,121.6,5,2.22,2021-02-06
2022-02-27,Kards Open X,bf:5fb038eb1632970e916b6f46,DerNem,1584.0,69.9,27,21.51,2022-02-26
2022-02-27,Kards Open X,bf:5fb051789a9e750ea663bb88,Khal Drogo,1488.4,127.6,3,1.26,2020-11-28
2022-02-27,Kards Open X,bf:5fb0acb4eb92fe047543807d,MagiC,1502.6,122.4,4,1.92,2021-02-06
2022-02-27,Kards Open X,bf:5fb0b189f07fad440734d338,IWS2000,1433.7,99.2,12,6.67,2022-02-05
2022-02-27,Kards Open X,bf:5fb0d42e9a9e750ea663c3fc,[V_M]_MorS_{B},1573.8,114.0,8,3.37,2020-11-29
2022-02-27,Kards Open X,bf:5fb0e0020c8f110e8a8bf3f2,Krieger,1477.2,134.8,1,0.42,2020-11-28
2022-02-27,Kards Open X,bf:5fb0ee1e698db1048d26c5af,Eirik II,1433.9,113.4,8,3.37,2020-11-29
2022-02-27,Kards Open X,bf:5fb0eee19a9e750ea663c435,player1,1505.6,113.2,8,3.37,2020-11-29
2022-02-27,Kards Open X,bf:5fb0f0121632970e916b7856,panzer_398,1437.9,121.1,5,2.1,2020-11-29
2022-02-27,Kards Open X,bf:5fb110bd698db1048d26c5f6,Aksara,1531.8,118.5,6,2.52,2020-11-29
2022-02-27,Kards Open X,bf:5fb1143e502b9e587d1b94dc,KillerQueenS,1462.3,131.3,2,0.84,2020-11-28
2022-02-27,Kards Open X,bf:5fb1184c0c8f110e8a8bf660,only_,1515.3,124.8,4,1.68,2020-11-28
2022-02-27,Kards Open X,bf:5fb1316c502b9e587d1b95e6,Bartkopolus123,1474.5,134.8,1,0.42,2020-11-28
2022-02-27,Kards Open X,bf:5fb18ed99a9e750ea663cd33,Vitzekk,1529.7,121.3,5,2.1,2020-11-29
2022-02-27,Kards Open X,bf:5fb1a2cb5caa4f5e4bc80d56,SpaceCowboy,1470.3,131.8,2,0.84,2020-11-28
2022-02-27,Kards Open X,bf:5fb1bf581632970e916b85be,nolans34,1553.9,111.2,9,3.79,2020-11-29
2022-02-27,Kards Open X,bf:5fb1cbe45caa4f5e4bc81377,Beefy 109,1535.1,131.3,2,0.84,2020-11-28
2022-02-27,Kards Open X,bf:5fb1cc6ee0bfea60c76a1385,Tenstrovski,1507.0,118.2,6,2.52,2020-11-29
2022-02-27,Kards Open X,bf:5fb1db8c5caa4f5e4bc8168d,Poochies,1503.8,124.1,4,1.68,2020-11-28
2022-02-27,Kards Open X,bf:5fb1f464698db1048d26d582,Morsimos,1574.0,113.6,8,3.37,2020-11-29
2022-02-27,Kards Open X,bf:5fb249e5f07fad440734e5ea,SirFragir,1489.4,113.4,8,3.37,2020-11-29
2022-02-27,Kards Open X,bf:5fb27723698db1048d26d94d,StabKingPro,1559.6,112.1,9,3.79,2020-11-29
2022-02-27,Kards Open X,bf:5fb2c8f11632970e916b926c,Drake/Fabi,1501.6,116.1,7,2.95,2020-11-29
2022-02-27,Kards Open X,bf:5fb3184d9a9e750ea663e423,killswitch,1541.3,79.3,23,15.52,2022-02-26
2022-02-27,Kards Open X,bf:5fb3203b1632970e916b97b7,chr1st0ph3r,1484.8,127.5,3,1.26,2020-11-28
2022-02-27,Kards Open X,bf:5fb3df78f07fad440734f6f7,slameo,1443.6,115.9,7,2.95,2020-11-29
2022-02-27,Kards Open X,bf:5fb3e6ddf07fad440734f71f,tr4cker,1462.5,131.1,2,0.84,2020-11-28
2022-02-27,Kards Open X,bf:5fb3f43ee0bfea60c76a2a56,General E. Drunk,1587.5,114.2,8,3.37,2020-11-29
2022-02-27,Kards Open X,bf:5fb3f8b3e7d89a60d4337959,Kn1ghT,1474.7,127.4,3,1.26,2020-11-28
2022-02-27,Kards Open X,bf:5fb42443a2fd346547530b2e,RED SUN,1524.9,128.0,3,1.26,2020-11-28
2022-02-27,Kards Open X,bf:5fb43070a2fd346547530c21,[14e]tuveuxdugateaux,1485.5,111.0,9,3.79,2020-11-29
2022-02-27,Kards Open X,bf:5fb4442a9a9e750ea663ee54,Scythe,1480.5,121.4,5,2.1,2020-11-28
2022-02-27,Kards Open X,bf:5fb4d729f07fad44073509e4,Victrix,1487.9,126.1,4,1.68,2020-11-28
2022-02-27,Kards Open X,bf:5fb666119a9e750ea664030b,Setteduetto,1529.0,113.3,8,3.37,2020-11-29
2022-02-27,Kards Open X,bf:5fb6a5d3e7d89a60d4339244,kingsharaman,1484.9,135.2,1,0.42,2020-11-28
2022-02-27,Kards Open X,bf:5fb6da26eb92fe047543c823,rostigerloeffel,1555.7,97.6,15,7.0,2021-04-04
2022-02-27,Kards Open X,bf:5fb719fde0bfea60c76a4f50,rayko,1396.4,114.0,8,3.37,2020-11-29
2022-02-27,Kards Open X,bf:5fb73781698db1048d271114,Lazer Wolf,1437.6,127.4,3,1.26,2020-11-28
2022-02-27,Kards Open X,bf:5fb7473c502b9e587d1becbe,ILoveMooncake,1648.1,94.7,14,7.81,2021-09-04
2022-02-27,Kards Open X,bf:5fb8387c1faa4843f941ba10,Álmos,1524.3,127.6,3,1.26,2020-11-28
2022-02-27,Kards Open X,bf:5fb97cee0c24381d904b5447,bengui,1520.2,127.4,3,1.26,2020-11-28
2022-02-27,Kards Open X,bf:5fb98c8e19c8f219d78717ac,DrQuencher,1458.3,130.9,2,0.84,2020-11-28
2022-02-27,Kards Open X,bf:5fba777719c8f219d787247b,roberto7208,1477.0,111.0,9,3.79,2020-11-29
2022-02-27,Kards Open X,bf:5fbb03850f21e57963850470,Pie4155,1447.1,115.9,7,2.95,2020-11-29
2022-02-27,Kards Open X,bf:5fbc0c3e2dc8793ada84fdb3,Mark2020,1455.3,116.4,7,2.95,2020-11-29
2022-02-27,Kards Open X,bf:5fbc3b8e0f21e5796385112f,spambox9,1500.4,116.5,7,2.95,2020-11-29
2022-02-27,Kards Open X,bf:5fbc4040adfefd64e8c8fd73,Diogenesis,1584.4,89.9,18,9.55,2021-08-21
2022-02-27,Kards Open X,bf:5fbc5711a2fd34654753a8c0,Magister Erik,1571.4,113.4,8,3.37,2020-11-29
2022-02-27,Kards Open X,bf:5fbc79591632970e916c3fe5,Breich,1481.0,120.9,5,2.1,2020-11-28
2022-02-27,Kards Open X,bf:5fbd548d698db1048d27a866,Citrons,1531.1,113.2,8,3.37,2020-11-29
2022-02-27,Kards Open X,bf:5fbd71c2e7d89a60d43410ca,lean87ki,1530.6,96.9,16,7.16,2021-02-07
2022-02-27,Kards Open X,bf:5fbdb89d26ea883a51583400,Kongo,1532.1,121.2,5,2.1,2020-11-28
2022-02-27,Kards Open X,bf:5fbe830b26ea883a515839f5,炮灰no1,1464.3,124.4,4,1.68,2020-11-28
2022-02-27,Kards Open X,bf:5fbe834ea2fd34654753c095,Hans Friderich R,1500.0,130.8,2,0.84,2020-11-28
2022-02-27,Kards Open X,bf:5fbe83792dc8793ada85198d,pilotttt(Илья),1456.2,130.9,2,0.84,2020-11-28
2022-02-27,Kards Open X,bf:5fbe84641632970e916c5996,unclefox,1594.8,111.8,9,3.79,2020-11-29
2022-02-27,Kards Open X,bf:5fbe848ca2fd34654753c09a,Future,1480.1,127.5,3,1.26,2020-11-28
2022-02-27,Kards Open X,bf:5fbe860ca2fd34654753c09d,正宗重庆老友粉,1462.1,131.0,2,0.84,2020-11-28
2022-02-27,Kards Open X,bf:5fbe862ca447ab4bb37e0f77,meistermiagi,1457.7,131.0,2,0.84,2020-11-28
2022-02-27,Kards Open X,bf:5fbe86401632970e916c599c,JamesBoned,1523.4,121.6,5,2.1,2020-11-28
2022-02-27,Kards Open X,bf:5fbe873b4d01f9313d135045,KrisKrinkel,1464.8,131.3,2,0.84,2020-11-28
2022-02-27,Kards Open X,bf:5fbe87ea5d320863b86f031b,Hydrogen,1531.0,113.6,8,3.37,2020-11-29
2022-02-27,Kards Open X,bf:5fbe89294d01f9313d135068,MrMolotoff,1500.9,113.3,8,3.37,2020-11-29
2022-02-27,Kards Open X,bf:5fbe89b5043fd20cdf90cccf,tonywan,1419.3,124.3,4,1.68,2020-11-28
2022-02-27,Kards Open X,bf:5fbe8ae05d320863b86f032c,Anto,1466.1,124.3,4,1.68,2020-11-28
2022-02-27,Kards Open X,bf:5fbe8afb698db1048d27b396,SkittleSabot,1519.4,134.9,1,0.42,2020-11-28
2022-02-27,Kards Open X,bf:5fbe8b8ea447ab4bb37e0fc8,päpä,1460.2,111.5,9,3.79,2020-11-29
2022-02-27,Kards Open X,bf:5fbe8c402dc8793ada8519d5,Der_Admiral,1523.3,121.0,5,2.1,2020-11-28
2022-02-27,Kards Open X,bf:5fbe906ba2fd34654753c0fc,captain.pothead,1489.0,127.6,3,1.26,2020-11-28
2022-02-27,Kards Open X,bf:5fbe91ca26ea883a51583aa4,yra111,1484.9,127.9,3,1.26,2020-11-28
2022-02-27,Kards Open X,bf:5fbe9602698db1048d27b3e0,Rumfart,1462.9,131.0,2,0.84,2020-11-28
2022-02-27,Kards Open X,bf:5fbe96be698db1048d27b3e4,Youmu_chan,1488.8,121.3,5,2.1,2020-11-28
2022-02-27,Kards Open X,bf:5fbe970e26ea883a51583ac1,UnbearableMe,1480.7,134.7,1,0.42,2020-11-28
2022-02-27,Kards Open X,bf:5fbe971d0f21e57963852d08,牛头人杀手,1501.0,131.0,2,0.84,2020-11-28
2022-02-27,Kards Open X,bf:5fbe9b450f21e57963852d1e,garygo,1509.7,113.3,8,3.37,2020-11-29
2022-02-27,Kards Open X,bf:5fbeac15a447ab4bb37e116f,ThuggerJuice,1523.2,110.8,9,3.79,2020-11-29
2022-02-27,Kards Open X,bf:5fbeb056698db1048d27b5bd,Stuie,1484.3,98.3,14,6.87,2021-05-29
2022-02-27,Kards Open X,bf:5fbeb20eb0ef7749130e452c,Dawn,1528.0,113.4,8,3.37,2020-11-29
2022-02-27,Kards Open X,bf:5fbeb7541632970e916c5c93,finny,1492.1,111.4,9,3.79,2020-11-29
2022-02-27,Kards Open X,bf:5fbebdee043fd20cdf90cfaf,GM_Logan,1556.4,69.5,35,20.67,2022-02-05
2022-02-27,Kards Open X,bf:5fbed15626ea883a51583d3f,Empyreal,1457.4,130.8,2,0.84,2020-11-28
2022-02-27,Kards Open X,bf:5fbedfbc0f21e57963853121,Raswar47,1457.4,131.0,2,0.84,2020-11-28
2022-02-27,Kards Open X,bf:5fbef0144d01f9313d135b11,Geezer,1533.7,95.2,15,7.86,2021-08-07
2022-02-27,Kards Open X,bf:5fbef0d92dc8793ada8527a5,嘤嘤嘤,1457.3,130.9,2,0.84,2020-11-28
2022-02-27,Kards Open X,bf:5fbef3ecb0ef7749130e49bc,MaskedMarvel,1498.0,130.9,2,0.84,2020-11-28
2022-02-27,Kards Open X,bf:5fbf17032dc8793ada852978,UltramanT80,1456.7,131.0,2,0.84,2020-11-28
2022-02-27,Kards Open X,bf:5fbf174c5d320863b86f0efc,如临深渊,1501.9,130.9,2,0.84,2020-11-28
2022-02-27,Kards Open X,bf:5fbf1ad71632970e916c627a,TowerNumberNine,1461.7,131.0,2,0.84,2020-11-28
2022-02-27,Kards Open X,bf:5fbf28984d01f9313d135d0f,Ayako,1478.1,134.8,1,0.42,2020-11-28
2022-02-27,Kards Open X,bf:5fbf30a2a447ab4bb37e1b38,1330775381,1467.8,131.7,2,0.84,2020-11-28
2022-02-27,Kards Open X,bf:5fbf32921632970e916c6301,Paddy,1458.2,131.0,2,0.84,2020-11-28
2022-02-27,Kards Open X,bf:5fbf3849043fd20cdf90d500,Dirty Jon,1484.7,115.5,7,2.95,2020-11-29
2022-02-27,Kards Open X,bf:5fbf3d90adfefd64e8c91af1,tortunbator,1478.5,127.4,3,1.26,2020-11-28
2022-02-27,Kards Open X,bf:5fbf4b25698db1048d27bdc9,白皮猪杀手,1457.2,131.0,2,0.84,2020-11-28
2022-02-27,Kards Open X,bf:5fbf4fe05d320863b86f0fb6,Kimssa,1572.4,97.1,15,7.11,2021-04-04
2022-02-27,Kards Open X,bf:5fbf516e2dc8793ada852a4c,VitalkaFS,1505.3,124.2,4,1.68,2020-11-28
2022-02-27,Kards Open X,bf:5fbf5273adfefd64e8c91b99,crazymonkey,1527.6,122.0,5,2.1,2020-11-28
2022-02-27,Kards Open X,bf:5fbf62605d320863b86f0ff1,梁家河扛麦郎,1503.0,130.8,2,0.84,2020-11-28
2022-02-27,Kards Open X,bf:5fbf6ade2dc8793ada852a75,Maty,1512.6,103.8,12,5.51,2021-04-03
2022-02-27,Kards Open X,bf:5fbf6f3f26ea883a515841f0,Wuhu_Airline,1462.1,131.2,2,0.84,2020-11-28
2022-02-27,Kards Open X,bf:5fbf7a86b0ef7749130e4dec,ID由于太昭和无法显示,1476.8,127.7,3,1.26,2020-11-28
2022-02-27,Kards Open X,bf:5fbf81d4698db1048d27bf78,Andrewkaiyan,1516.8,110.8,9,3.79,2020-11-29
2022-02-27,Kards Open X,bf:5fbf8670698db1048d27bfda,zadkiel0508,1500.0,131.0,2,0.84,2020-11-28
2022-02-27,Kards Open X,bf:5fbf86bf2dc8793ada852abe,Kiertscher,1510.0,113.4,8,3.37,2020-11-29
2022-02-27,Kards Open X,bf:5fbf8fc55d320863b86f1086,共和国荣光,1483.1,127.6,3,1.26,2020-11-28
2022-02-27,Kards Open X,bf:5fbf97cfb0ef7749130e4e94,AndyNing,1482.7,127.8,3,1.26,2020-11-28
2022-02-27,Kards Open X,bf:5fbf9fa55d320863b86f10d6,watchmen,1571.7,121.0,5,2.1,2020-11-28
2022-02-27,Kards Open X,bf:5fbfa1ec5d320863b86f10df,s8130662,1642.6,111.4,9,3.79,2020-11-29
2022-02-27,Kards Open X,bf:5fbfa6575d320863b86f10ec,think,1460.9,131.0,2,0.84,2020-11-28
2022-02-27,Kards Open X,bf:5fbfa75c0f21e57963853e73,2057458491@qq.com,1566.0,121.1,5,2.1,2020-11-28
2022-02-27,Kards Open X,bf:5fbfa9f0a2fd34654753c891,Wizard,1531.6,110.7,9,3.79,2020-11-29
2022-02-27,Kards Open X,bf:5fbfaa4726ea883a5158435d,UnhappyRefrain,1480.5,127.7,3,1.26,2020-11-28
2022-02-27,Kards Open X,bf:5fbfaa5d698db1048d27c161,Feiron,1481.7,134.9,1,0.42,2020-11-28
2022-02-27,Kards Open X,bf:5fbfafde1632970e916c652e,Non-motorized,1506.2,113.1,8,3.37,2020-11-29
2022-02-27,Kards Open X,bf:5fbfb1ca2dc8793ada852b72,Satomi_ren,1571.0,115.6,7,2.95,2020-11-29
2022-02-27,Kards Open X,bf:5fbfb4c7043fd20cdf90d6e1,唐努图什么,1500.3,131.0,2,0.84,2020-11-28
2022-02-27,Kards Open X,bf:5fbfb60f1632970e916c6544,rayson366458,1464.6,131.3,2,0.84,2020-11-28
2022-02-27,Kards Open X,bf:5fbfb8692dc8793ada852b8d,为啥起的名字都无效,1504.8,131.3,2,0.84,2020-11-28
2022-02-27,Kards Open X,bf:5fbfb8f1043fd20cdf90d702,James Patterson,1460.1,124.2,4,1.68,2020-11-28
2022-02-27,Kards Open X,bf:5fbfba184d01f9313d135f37,Simple One,1479.4,134.8,1,0.42,2020-11-28
2022-02-27,Kards Open X,bf:5fbfbd51b0ef7749130e4f38,MC_Shiro,1565.7,104.3,12,5.47,2021-02-07
2022-02-27,Kards Open X,bf:5fbfc2c9043fd20cdf90d720,bushirenchou,1528.3,121.3,5,2.1,2020-11-28
2022-02-27,Kards Open X,bf:5fbfc6e15d320863b86f1193,李鸿章,1529.3,111.2,9,3.79,2020-11-29
2022-02-27,Kards Open X,bf:5fbfd4581632970e916c6699,Claris,1485.1,127.6,3,1.26,2020-11-28
2022-02-27,Kards Open X,bf:5fbffbaa2dc8793ada85319e,MeRRoR,1468.5,113.6,8,3.37,2020-11-29
2022-02-27,Kards Open X,bf:5fc003a1b0ef7749130e5216,Zuasfadas,1532.5,124.6,4,1.68,2020-11-28
2022-02-27,Kards Open X,bf:5fc0046a698db1048d27c912,ChariotBlitz,1516.4,121.1,5,2.1,2020-11-28
2022-02-27,Kards Open X,bf:5fc0060d698db1048d27c939,machue,1471.4,127.4,3,1.26,2020-11-28
2022-02-27,Kards Open X,bf:5fc017df26ea883a515847d5,Nikica,1525.8,110.7,9,3.79,2020-11-29
2022-02-27,Kards Open X,bf:5fc0244ca2fd34654753d0cb,Bjelke666,1403.5,108.7,10,4.57,2021-02-07
2022-02-27,Kards Open X,bf:5fc048141632970e916c6beb,Jannik,1498.6,130.9,2,0.84,2020-11-28
2022-02-27,Kards Open X,bf:5fc062ca3a712911d5860aac,Chimpu,1459.2,131.0,2,0.84,2020-11-28
2022-02-27,Kards Open X,bf:5fc06376a447ab4bb37e29a7,西域战神阿凡提,1478.0,134.8,1,0.42,2020-11-28
2022-02-27,Kards Open X,bf:5fc07486698db1048d27ccd5,hj123c,1458.0,131.0,2,0.84,2020-11-28
2022-02-27,Kards Open X,bf:5fc0ff84971c1811b1c02525,lapotNIK,1484.5,127.8,3,1.26,2020-11-28
2022-02-27,Kards Open X,bf:5fc13108a447ab4bb37e2e33,Az4zel,1478.3,119.4,6,2.53,2020-11-29
2022-02-27,Kards Open X,bf:5fc133575ca52f15c00549a9,Legio_Victrix,1567.9,110.9,9,3.79,2020-11-29
2022-02-27,Kards Open X,bf:5fc13c125d320863b86f1d60,聖訷殺,1456.1,131.1,2,0.84,2020-11-28
2022-02-27,Kards Open X,bf:5fc13c6e4a99f533280c7373,Vavilon6,1655.6,77.3,33,15.88,2021-04-10
2022-02-27,Kards Open X,bf:5fc1647ca447ab4bb37e3019,Lampround,1461.2,131.0,2,0.84,2020-11-28
2022-02-27,Kards Open X,bf:5fc1741a4a3afe55318cf945,Waldemaras,1432.2,111.1,7,3.97,2021-06-26
2022-02-27,Kards Open X,bf:5fc1760a2dc8793ada853e83,Thetankman3,1587.5,118.8,6,2.52,2020-11-29
2022-02-27,Kards Open X,bf:5fc1c2f14a3afe55318cfd98,RudyFlyer,1456.9,85.7,13,11.85,2022-02-05
2022-02-27,Kards Open X,bf:5fc1dd90043fd20cdf90e83e,BADmuji,1467.1,106.7,11,4.81,2021-02-06
2022-02-27,Kards Open X,bf:5fc1dd9b2dc8793ada8544a3,GeneralMaximus_5,1461.4,124.2,4,1.68,2020-11-28
2022-02-27,Kards Open X,bf:5fc1f746a2fd34654753e1ae,GearWolf1991,1469.0,113.3,8,3.37,2020-11-29
2022-02-27,Kards Open X,bf:5fc2123f8ae4c5551e8b0129,Agent007,1486.0,121.2,5,2.1,2020-11-28
2022-02-27,Kards Open X,bf:5fc21ebcb0ef7749130e6b81,Agumonster,1463.4,131.2,2,0.84,2020-11-28
2022-02-27,Kards Open X,bf:5fc241c1f1aa2511d7251933,Reaper,1450.9,128.3,3,1.26,2020-11-28
2022-02-27,Kards Open X,bf:5fc24f00971c1811b1c037b0,Wladca,1459.5,131.0,2,0.84,2020-11-28
2022-02-27,Kards Open X,bf:5fc26afe6052f211a7127a71,yahya94,1479.6,121.0,5,2.1,2020-11-29
2022-02-27,Kards Open X,bf:5fc2cfeb2350e111ca3e4a6e,Lan,1404.0,101.9,13,6.33,2021-02-21
2022-02-27,Kards Open X,bf:5fd0f538f2b2ef0cb211c66d,winman82,1494.0,122.3,4,1.92,2021-02-06
2022-02-27,Kards Open X,bf:6018722f6b7a4c1c7ef01779,"Котейка ПочтаЛион ""Каратель""",1476.9,119.5,5,2.4,2021-02-07
2022-02-27,Kards Open X,bf:601995acbe9b881d09177a3a,Berserker,1434.1,126.8,3,1.44,2021-02-07
2022-02-27,Kards Open X,bf:6019ce668e21aa1d188c190d,DJSF,1471.3,116.7,6,2.96,2021-02-21
2022-02-27,Kards Open X,bf:601a74d5f4761b1d98293c14,gardr,1429.0,117.3,6,2.92,2021-02-20
2022-02-27,Kards Open X,bf:601ad0d4bccfe11bd7952790,Bubblebox,1547.2,102.0,12,5.85,2021-02-21
2022-02-27,Kards Open X,bf:601ae997fb69622ad6617823,Lord Zarax,1452.5,91.1,13,9.64,2022-02-05
2022-02-27,Kards Open X,bf:601aface2eb6151da1f9651f,Amarok,1471.3,126.3,3,1.44,2021-02-06
2022-02-27,Kards Open X,bf:601afc674443111ba564023d,RTylerW,1467.2,124.5,4,1.92,2021-02-06
2022-02-27,Kards Open X,bf:601b5b897d76ec1b99358c6f,IMStarker,1462.4,120.8,5,2.44,2021-02-20
2022-02-27,Kards Open X,bf:601c0e79b125d31d258fd278,Ish,1486.3,120.0,5,2.4,2021-02-07
2022-02-27,Kards Open X,bf:601c4a12e848ea2ae5565fa7,UappaSguappa,1521.1,126.0,3,1.44,2021-02-06
2022-02-27,Kards Open X,bf:601c52cb2eb6151da1f96ccf,Asarnil,1502.0,130.4,2,0.96,2021-02-06
2022-02-27,Kards Open X,bf:601c5640242f461d92104636,Flironic,1483.1,134.7,1,0.48,2021-02-06
2022-02-27,Kards Open X,bf:601c5831f4761b1d98294688,gillis,1475.4,134.2,1,0.48,2021-02-06
2022-02-27,Kards Open X,bf:601c5d21bccfe11bd79533ba,NikitoSNaz,1485.0,119.8,5,2.4,2021-02-07
2022-02-27,Kards Open X,bf:601c602c8989bb1d0ffd2d60,Boom Stand,1471.0,116.7,6,2.88,2021-02-07
2022-02-27,Kards Open X,bf:601c66707d76ec1b99359336,Uncle_Gags,1467.5,131.6,2,0.96,2021-02-06
2022-02-27,Kards Open X,bf:601c6d39ce01411daff6ce45,Ludo,1511.4,115.2,7,3.37,2021-02-07
2022-02-27,Kards Open X,bf:601c71455470fa2af29f5034,Sebastianhenry,1452.5,116.4,6,2.88,2021-02-07
2022-02-27,Kards Open X,bf:601c7bb24443111ba5640e9a,sleppy,1423.5,116.6,6,2.89,2021-02-07
2022-02-27,Kards Open X,bf:601c9026bf58cf5f54a82622,adriano.rln2,1494.0,116.0,6,2.89,2021-02-07
2022-02-27,Kards Open X,bf:601c914f7d548611be769699,Chippendale,1526.8,126.4,3,1.44,2021-02-06
2022-02-27,Kards Open X,bf:601c994b3b155711d4677d1b,Thunderhide Alpha,1468.9,117.3,6,2.89,2021-02-07
2022-02-27,Kards Open X,bf:601c9b3d2a229411c4dec493,JackaL,1484.1,126.0,3,1.44,2021-02-06
2022-02-27,Kards Open X,bf:601c9f9ef8251e1bb7eb0fb5,PainmakeR,1393.9,80.5,27,14.72,2021-06-26
2022-02-27,Kards Open X,bf:601cafe1bb724711bbdc0e41,diablojoker,1570.3,111.1,8,3.85,2021-02-13
2022-02-27,Kards Open X,bf:601cb9e68f8ab5604536225b,xialang,1562.4,106.2,10,4.9,2021-02-27
2022-02-27,Kards Open X,bf:601ccaa7df90f911ab030712,Smoky,1493.7,112.9,7,3.42,2021-04-03
2022-02-27,Kards Open X,bf:601ccba636ceeb11b32b80ff,清水晴政,1512.2,124.5,4,1.92,2021-02-06
2022-02-27,Kards Open X,bf:601ce5a78e21aa1d188c2da4,scarecrow,1566.4,98.2,8,7.34,2022-02-05
2022-02-27,Kards Open X,bf:601cf711ce01411daff6d2c9,The Ice Baron,1510.9,122.8,4,1.92,2021-02-06
2022-02-27,Kards Open X,bf:601d189a36ceeb11b32b81e2,MR.p,1583.1,103.6,10,5.71,2021-05-30
2022-02-27,Kards Open X,bf:601d204cab29fd2adcd79a2d,Juliuspluvius,1498.8,110.9,7,4.05,2021-05-29
2022-02-27,Kards Open X,bf:601d2fa3242f461d92104ad0,tief-pass,1492.3,120.3,5,2.4,2021-02-07
2022-02-27,Kards Open X,bf:601d334704309b1b93074798,Jashin,1495.0,84.9,21,12.28,2021-08-21
2022-02-27,Kards Open X,bf:601d4daaa3a63111ba7f6ad7,0331,1502.3,120.0,5,2.4,2021-02-07
2022-02-27,Kards Open X,bf:601d68eabf58cf5f54a82fbf,LeeandGarros,1470.4,104.0,9,5.96,2021-11-06
2022-02-27,Kards Open X,bf:601d6a1959fc1e11b57d5700,binhpac,1489.7,126.3,3,1.44,2021-02-06
2022-02-27,Kards Open X,bf:601d6e10dca2311bb626f1d2,giannikas,1482.6,125.3,3,1.6,2021-04-03
2022-02-27,Kards Open X,bf:601d724003f1bc1bc847aa4d,WarCrow,1494.6,116.5,6,2.88,2021-02-07
2022-02-27,Kards Open X,bf:601d72b8945ba61bbd9b6b3e,JamesJimRaynor,1640.5,106.0,10,4.83,2021-02-13
2022-02-27,Kards Open X,bf:601d8327ce01411daff6dde0,zvezda,1554.3,114.0,7,3.37,2021-02-07
2022-02-27,Kards Open X,bf:601d841d36ceeb11b32b8857,Чайный Игрок,1456.1,130.2,2,0.96,2021-02-06
2022-02-27,Kards Open X,bf:601d8d265470fa2af29f55e8,Bronzeguy,1501.3,122.7,4,1.92,2021-02-06
2022-02-27,Kards Open X,bf:601dacd85156047698264137,pelota,1572.4,113.7,7,3.37,2021-02-13
2022-02-27,Kards Open X,bf:601dd93585cc4e75ecefaa9c,X_predator,1439.3,108.4,7,4.67,2021-11-06
2022-02-27,Kards Open X,bf:601ddad214499975b676d714,Autisticles,1489.7,123.0,4,1.92,2021-02-06
2022-02-27,Kards Open X,bf:601dff5114499975b676d7fb,Vladimir_the_Great,1456.4,116.6,6,2.88,2021-02-07
2022-02-27,Kards Open X,bf:601e170e8b295778d1474505,TriggerMcHappy,1492.6,130.3,2,0.96,2021-02-06
2022-02-27,Kards Open X,bf:601e1a04b66ee1767c0f19bf,metaman0,1503.9,116.7,6,2.88,2021-02-07
2022-02-27,Kards Open X,bf:601e4222507c147700ac949d,Bishamon,1440.5,92.5,18,9.1,2021-04-04
2022-02-27,Kards Open X,bf:601e45ae6c6f1475e154a175,cws1968,1483.8,119.4,5,2.4,2021-02-07
2022-02-27,Kards Open X,bf:601e5d325156047698264588,idslksyllbls,1534.4,113.4,7,3.37,2021-02-07
2022-02-27,Kards Open X,bf:601e60c914499975b676db49,Agasfer88,1496.6,116.4,6,2.88,2021-02-07
2022-02-27,Kards Open X,bf:601e734995780078daf3e9cf,Budark,1502.1,129.7,2,0.96,2021-02-06
2022-02-27,Kards Open X,bf:601e77957e074a75c3e36c24,Drazer,1510.0,122.9,4,1.92,2021-02-07
2022-02-27,Kards Open X,bf:601e7dd895780078daf3ed80,VadimPoltava,1461.2,122.8,4,1.92,2021-02-06
2022-02-27,Kards Open X,bf:601e7e5af38de8768ef0dbdf,Funnies,1485.4,135.0,1,0.48,2021-02-06
2022-02-27,Kards Open X,bf:601e92a7e5c01375db7f5de8,stevenj21,1464.1,105.1,11,5.37,2021-02-21
2022-02-27,Kards Open X,bf:601e9b8beae820768baef5db,Csasz74,1391.2,117.5,6,2.99,2021-04-03
2022-02-27,Kards Open X,bf:601e9c49e5c01375db7f5e53,Heliks,1541.5,116.6,6,2.89,2021-02-07
2022-02-27,Kards Open X,bf:601e9d308392ff75fb351ffc,Хлебный Игрок,1477.6,134.3,1,0.48,2021-02-06
2022-02-27,Kards Open X,bf:601ea179eae820768baef620,notturno68,1447.5,130.0,2,0.96,2021-02-06
2022-02-27,Kards Open X,bf:601ea84d2cdc35768253b653,pablonsky,1466.2,131.0,2,0.96,2021-02-06
2022-02-27,Kards Open X,bf:602bf7e108d6c576f70885be,ACE YUR FACE,1514.9,116.3,6,2.96,2021-02-21
2022-02-27,Kards Open X,bf:602c0e5389472a782b9cbc26,Shockwave750,1553.9,115.3,6,2.97,2021-02-27
2022-02-27,Kards Open X,bf:602c2018507c147700acf905,Bomber_Harris,1465.1,116.8,6,2.96,2021-02-21
2022-02-27,Kards Open X,bf:602c22cdabb67b53bb4c4954,Haruna Izumi,1451.0,119.9,5,2.47,2021-02-21
2022-02-27,Kards Open X,bf:602d35b5e953470c8c2eb398,skippu_white,1452.3,119.7,5,2.47,2021-02-21
2022-02-27,Kards Open X,bf:602d5acba74cc17c31b7d9af,Nyarlathotep,1543.1,65.2,38,25.03,2022-02-05
2022-02-27,Kards Open X,bf:602efa92d7a4147c1146d997,Dynamo D,1563.5,110.1,8,3.96,2021-02-27
2022-02-27,Kards Open X,bf:602f98dc95b59911a33166f5,Craylight,1430.9,118.7,5,2.47,2021-02-21
2022-02-27,Kards Open X,bf:6030551a73965f35ae461762,log1c,1559.3,99.6,13,6.71,2021-04-10
2022-02-27,Kards Open X,bf:6030a2af3222cb45216b822e,DarkwingedTrumpeter,1428.4,126.0,3,1.48,2021-02-20
2022-02-27,Kards Open X,bf:6039135967b58f1e04196610,CEO of Racism,1514.5,114.4,6,3.21,2021-04-04
2022-02-27,Kards Open X,bf:603aca86a4a3f111939e5346,Druso,1572.0,101.3,7,6.75,2022-02-26
2022-02-27,Kards Open X,bf:603cfe1ab328151e11b92549,buzzAldrin,1491.1,111.3,5,4.03,2021-11-06
2022-02-27,Kards Open X,bf:604e70169811de4a8929cc66,chrasi,1542.7,104.8,9,5.18,2021-06-26
2022-02-27,Kards Open X,bf:60509713496ba24d0604cc08,TreePipit,1607.8,69.8,27,21.46,2022-02-26
2022-02-27,Kards Open X,bf:6050d9c1d164f74b8e7830c0,AnTeallach,1508.2,121.5,4,2.14,2021-04-03
2022-02-27,Kards Open X,bf:6050dd83d164f74b8e7830f8,VyC,1527.1,115.4,6,3.21,2021-04-04
2022-02-27,Kards Open X,bf:60512d0b3ae2c317e32bcf66,Ace29,1507.5,111.9,6,3.76,2021-06-26
2022-02-27,Kards Open X,bf:6051fe41cbd09156d261e80c,Io de Scylla,1505.0,114.1,6,3.21,2021-04-04
2022-02-27,Kards Open X,bf:60520c7e3ae2c317e32bd629,Grenadier Gomby,1519.0,114.6,6,3.21,2021-04-04
2022-02-27,Kards Open X,bf:6061f0d91d5ed13ba0590c8c,NikolaTesla,1472.9,133.7,1,0.53,2021-04-03
2022-02-27,Kards Open X,bf:606205aa77b5c319f9259197,Spaghetti Dan,1453.3,113.1,7,3.74,2021-04-04
2022-02-27,Kards Open X,bf:60620a3ddb064f11ae99a9cc,BlatherskiteChannel,1457.8,129.7,2,1.07,2021-04-03
2022-02-27,Kards Open X,bf:60623bfcfe869e359192bdb3,Richard Zorge ( tfcvgy),1468.5,133.7,1,0.53,2021-04-03
2022-02-27,Kards Open X,bf:60624761e23edf11a8fbebab,Eric Haas,1447.5,112.7,7,3.74,2021-04-04
2022-02-27,Kards Open X,bf:6062d422fe869e359192c071,rezvuhin.dmitrij,1475.2,133.7,1,0.53,2021-04-03
2022-02-27,Kards Open X,bf:60631191ef449e2156a5adf9,saiko,1535.1,112.3,7,3.74,2021-04-04
2022-02-27,Kards Open X,bf:6064433143507c17f08ff721,lutherizz,1477.4,122.3,4,2.14,2021-04-03
2022-02-27,Kards Open X,bf:60644d12bea76d63440e66db,casatron,1488.6,125.6,3,1.6,2021-04-03
2022-02-27,Kards Open X,bf:6064772a1dc5b905e3c0ff51,repose,1645.3,76.2,20,16.65,2022-02-26
2022-02-27,Kards Open X,bf:60647b02521bb713377d6f5c,Zilda,1607.4,92.0,16,9.04,2021-05-30
2022-02-27,Kards Open X,bf:60649133d9c5a005c360423e,Rusl,1436.8,126.3,3,1.6,2021-04-03
2022-02-27,Kards Open X,bf:6064975b99c79405c943b28f,#romano737,1471.7,117.4,5,2.67,2021-04-04
2022-02-27,Kards Open X,bf:6064b09a65d11d138804412a,ttolpann,1482.8,117.7,5,2.67,2021-04-04
2022-02-27,Kards Open X,bf:6064c336521bb713377d7223,Bazsi500,1422.6,124.9,3,1.6,2021-04-03
2022-02-27,Kards Open X,bf:6065dd291b083505d3f69759,kusanagui2501,1473.8,133.6,1,0.53,2021-04-03
2022-02-27,Kards Open X,bf:6065e506c75b3f32bc8957c9,Fortress,1461.9,121.5,4,2.14,2021-04-03
2022-02-27,Kards Open X,bf:60665059bea76d63440e763f,ethen,1501.1,119.7,5,2.67,2021-04-04
2022-02-27,Kards Open X,bf:60674f097230f532c22615b9,dodos,1518.8,115.6,6,3.21,2021-04-04
2022-02-27,Kards Open X,bf:60676fb11d5ed13ba0593743,marcelinovegaviejo,1488.1,135.4,1,0.53,2021-04-03
2022-02-27,Kards Open X,bf:60677695fe869e359192e820,benny,1504.4,129.5,2,1.07,2021-04-03
2022-02-27,Kards Open X,bf:6068332c521bb713377d8fdf,melenkurion,1475.7,133.7,1,0.53,2021-04-03
2022-02-27,Kards Open X,bf:60685007d0955e11e2b013f4,germanicus438,1456.6,78.8,25,16.19,2021-11-20
2022-02-27,Kards Open X,bf:606854ffd0955e11e2b01407,Magnus_Aurel,1523.9,114.5,6,3.22,2021-04-10
2022-02-27,Kards Open X,bf:60687ce718f0251191ca9656,Gagarinyasha,1448.4,121.1,4,2.14,2021-04-03
2022-02-27,Kards Open X,bf:60687eb5eea041235d6db8aa,#nini,1434.9,118.1,5,2.67,2021-04-04
2022-02-27,Kards Open X,bf:6070a8022fd5451122c65ae8,apara,1589.4,73.9,24,18.23,2022-02-26
2022-02-27,Kards Open X,bf:60721ccb5c1419118df3a796,OOUTAIWAN,1490.7,85.0,20,12.83,2021-08-21
2022-02-27,Kards Open X,bf:60763581b7083a45e0c65882,Thunder,1443.4,127.9,2,1.25,2021-06-26
2022-02-27,Kards Open X,bf:607823b0c75b3f32bc89dbca,White Eagle,1610.8,86.3,18,11.41,2021-08-21
2022-02-27,Kards Open X,bf:60946d0dab3bf12889662245,VikingClog,1461.2,112.7,6,3.57,2021-05-29
2022-02-27,Kards Open X,bf:60953c50980c9b122a48e011,#magnetto_man,1471.2,113.2,6,3.57,2021-05-29
2022-02-27,Kards Open X,bf:6096f16136c672120ab703d4,DdE,1480.4,108.5,5,4.73,2022-01-29
2022-02-27,Kards Open X,bf:609b70096b6b3d37fdd49225,TheFrenchHolyTemplar,1490.4,104.1,7,5.67,2022-01-29
2022-02-27,Kards Open X,bf:60a356b944cea86cbcb2d935,Rngesus,1430.6,116.6,5,2.97,2021-05-29
2022-02-27,Kards Open X,bf:60a3bf649226326cec5f141a,SkillKill,1427.0,124.6,3,1.78,2021-05-29
2022-02-27,Kards Open X,bf:60a3f0a911d3b171064316ce,Obristan,1464.8,123.6,3,1.78,2021-05-29
2022-02-27,Kards Open X,bf:60a432af9226326cec5f185b,MeRoll,1457.6,105.5,9,5.45,2021-06-26
2022-02-27,Kards Open X,bf:60a503770ee905712684a97d,Leichelot1,1436.7,117.6,5,2.97,2021-05-29
2022-02-27,Kards Open X,bf:60a543cc9c13276cd6914076,#MrEcho,1473.0,115.5,5,2.97,2021-05-29
2022-02-27,Kards Open X,bf:60a5955444cea86cbcb2ebc2,Tanner,1460.0,129.3,2,1.19,2021-05-29
2022-02-27,Kards Open X,bf:60a61caf0327e8746992e60b,estienne2,1422.1,100.7,11,6.7,2021-06-26
2022-02-27,Kards Open X,bf:60a6368e0072106f76db29dd,Skiller,1374.9,116.8,5,2.97,2021-05-29
2022-02-27,Kards Open X,bf:60a65e7e982b577479221d7e,Hackfresse,1466.0,107.5,8,4.92,2021-08-07
2022-02-27,Kards Open X,bf:60a67f38000fb03f36004b2c,Dindalian,1569.1,96.3,13,7.96,2021-06-27
2022-02-27,Kards Open X,bf:60a685a99c13276cd691508d,loud and clear,1453.8,99.6,11,6.7,2021-06-26
2022-02-27,Kards Open X,bf:60a7c75f9c13276cd691586e,devil,1539.9,108.4,8,4.79,2021-06-26
2022-02-27,Kards Open X,bf:60a9f588982b57747922392a,Marek,1518.1,99.6,11,6.7,2021-06-26
2022-02-27,Kards Open X,bf:60aaf2216dada66f5e2a839e,ChemistryMaster,1466.3,133.2,1,0.59,2021-05-29
2022-02-27,Kards Open X,bf:60abd00e9226326cec5f56e5,Garand Конституції,1446.3,120.3,4,2.38,2021-05-29
2022-02-27,Kards Open X,bf:60ae026e000fb03f36007a83,EcholoQE,1482.2,134.1,1,0.59,2021-05-29
2022-02-27,Kards Open X,bf:60ae60e26dada66f5e2a9239,ERB0L,1626.4,87.8,17,10.74,2021-09-04
2022-02-27,Kards Open X,bf:60b0a4d9835684119d3312d6,Bob1974,1438.2,117.0,5,2.97,2021-05-29
2022-02-27,Kards Open X,bf:60b1d9960072106f76db7938,FrosT_NF,1404.3,112.9,6,3.57,2021-05-29
2022-02-27,Kards Open X,bf:60b2450639bdbb113a68b017,*UBI_ghost,1446.2,116.9,5,2.97,2021-05-29
2022-02-27,Kards Open X,bf:60c514950332eb573b6ef25d,polancowoods45,1425.7,116.0,5,3.13,2021-06-26
2022-02-27,Kards Open X,bf:60c61341543cd91a5d592af7,Hispano,1604.0,96.5,9,8.59,2022-02-05
2022-02-27,Kards Open X,bf:60c929871a01bf49674e1815,HW Plainview,1385.5,117.5,5,3.13,2021-06-26
2022-02-27,Kards Open X,bf:60c939761fb30a26a0ea6e03,Dindomir,1490.4,122.6,3,2.04,2021-08-07
2022-02-27,Kards Open X,bf:60c9b27ea95cd94e9dae5da2,虚无主义,1530.1,112.9,6,3.76,2021-06-26
2022-02-27,Kards Open X,bf:60ca4cb5a95cd94e9dae6026,Kindero,1483.0,134.1,1,0.63,2021-06-26
2022-02-27,Kards Open X,bf:60ca80ace39b28468395e0c2,PAGMARE,1620.6,92.6,12,8.81,2021-11-27
2022-02-27,Kards Open X,bf:60cb505451487a4eb2227f1a,Vector,1478.9,126.0,3,1.88,2021-06-26
2022-02-27,Kards Open X,bf:60d7295878f6123d75383e7c,Unskilz,1489.5,111.5,6,3.76,2021-06-26
2022-02-27,Kards Open X,sgg:2353966,ㅡㅠ,1479.0,117.2,3,2.88,2022-02-05
2022-02-27,Kards Open X,sgg:2374037,Raslin2006,1443.9,125.1,3,2.42,2021-11-06
2022-02-27,Kards Open X,sgg:2374874,Hayboza,1534.5,118.3,4,2.72,2021-08-07
2022-02-27,Kards Open X,sgg:2375094,Krch,1445.2,125.2,3,2.04,2021-08-07
2022-02-27,Kards Open X,sgg:2375354,Brightstar,1433.2,122.4,4,2.71,2021-08-07
2022-02-27,Kards Open X,sgg:2375403,Tofisow,1443.8,115.7,5,3.39,2021-08-07
2022-02-27,Kards Open X,sgg:2375442,Noein5,1721.7,74.7,21,18.32,2022-02-27
2022-02-27,Kards Open X,sgg:2380599,TheArticle,1424.7,124.0,3,2.04,2021-08-07
2022-02-27,Kards Open X,sgg:2382579,xyloser,1690.7,103.0,8,5.58,2021-09-07
2022-02-27,Kards Open X,sgg:2386070,,1510.3,113.9,5,3.49,2021-08-21
2022-02-27,Kards Open X,sgg:2407266,BEATWELL,1476.1,119.9,4,2.79,2021-08-21
2022-02-27,Kards Open X,sgg:2408029,Nanohard,1431.4,114.3,5,3.49,2021-08-21
2022-02-27,Kards Open X,sgg:2408269,常凯申队长,1545.8,112.7,5,3.49,2021-08-21
2022-02-27,Kards Open X,sgg:2408285,Surcouf,1460.5,118.5,4,2.79,2021-08-21
2022-02-27,Kards Open X,sgg:2409441,0944,1479.5,121.4,3,2.09,2021-08-21
2022-02-27,Kards Open X,sgg:2409467,老虎不发猫,1621.9,74.2,21,17.77,2022-02-05
2022-02-27,Kards Open X,sgg:2410346,Kevin Wu,1499.1,114.3,5,3.49,2021-08-21
2022-02-27,Kards Open X,sgg:2410397,BurningLAN,1443.1,124.8,3,2.09,2021-08-21
2022-02-27,Kards Open X,sgg:2483760,钟离梓,1560.4,110.0,5,4.1,2021-11-27
2022-02-27,Kards Open X,sgg:2483766,black_nao,1463.5,90.6,11,9.64,2022-01-29
2022-02-27,Kards Open X,sgg:2485067,敦刻尔克没有白色,1499.8,120.8,3,2.42,2021-11-06
2022-02-27,Kards Open X,sgg:2489723,Gat0,1615.6,85.7,14,11.54,2021-11-28
2022-02-27,Kards Open X,sgg:2494716,gotoh,1447.0,102.1,8,6.56,2021-11-20
2022-02-27,Kards Open X,sgg:2495272,General Winter,1603.6,88.7,11,10.47,2022-02-05
2022-02-27,Kards Open X,sgg:2498198,Casti,1444.9,94.2,9,8.45,2022-02-05
2022-02-27,Kards Open X,sgg:2503368,Carolus_Rex,1524.4,106.9,6,4.84,2021-11-06
2022-02-27,Kards Open X,sgg:2504326,Caspian44,1468.8,98.5,9,7.35,2021-11-20
2022-02-27,Kards Open X,sgg:2504781,Xalulay Toddy,1385.1,117.0,4,3.23,2021-11-06
2022-02-27,Kards Open X,sgg:2505109,Wyatt Durp,1369.9,103.9,8,6.52,2021-11-20
2022-02-27,Kards Open X,sgg:2505286,HRG Surplus,1399.8,121.5,3,2.42,2021-11-06
2022-02-27,Kards Open X,sgg:2505365,bruce,1420.0,125.0,2,1.61,2021-11-06
2022-02-27,Kards Open X,sgg:2506738,Pete2019,1436.6,91.6,11,9.53,2022-02-05
2022-02-27,Kards Open X,sgg:2518580,TheBearJew212,1513.5,119.8,3,2.49,2021-11-20
2022-02-27,Kards Open X,sgg:2519625,Tibetan Sunshine,1479.1,114.8,4,3.23,2021-11-06
2022-02-27,Kards Open X,sgg:2520081,Wastecan,1438.3,84.3,15,13.05,2022-01-29
2022-02-27,Kards Open X,sgg:2616063,Baron Von Glower,1518.5,109.0,5,4.73,2022-01-29
2022-02-27,Kards Open X,sgg:2616143,Austerlitz,1478.2,117.5,3,2.88,2022-02-05
2022-02-27,Kards Open X,sgg:2619898,たかみや なほ,1563.8,112.2,4,3.79,2022-01-29
2022-02-27,Kards Open X,sgg:2620876,我是抖m,1483.9,96.4,8,7.65,2022-02-05
2022-02-27,Kards Open X,sgg:2620886,KARAKATITSA,1416.1,109.2,5,4.79,2022-02-05
2022-02-27,Kards Open X,sgg:2621073,dian,1683.1,83.6,14,13.52,2022-02-27
2022-02-27,Kards Open X,sgg:2621386,rodrigofeija,1373.1,102.7,7,6.68,2022-02-05
2022-02-27,Kards Open X,sgg:2621899,JLukeSkywalker,1380.1,116.0,4,3.79,2022-01-29
2022-02-27,Kards Open X,sgg:2621966,Vanguard,1581.5,103.2,6,5.75,2022-02-05
2022-02-27,Kards Open X,sgg:2621971,Seberty,1450.4,95.7,9,8.57,2022-02-05
2022-02-27,Kards Open X,sgg:2622223,Robko,1484.8,93.5,9,8.58,2022-02-05
2022-02-27,Kards Open X,sgg:2623660,ShutzStaffel,1494.3,111.4,4,3.84,2022-02-05
2022-02-27,Kards Open X,sgg:2623677,Karra_Chr,1365.9,102.3,7,6.68,2022-02-05
2022-02-27,Kards Open X,sgg:2624037,Chavi,1500.2,111.5,4,3.84,2022-02-05
2022-02-27,Kards Open X,sgg:2624357,DanielD,1483.6,109.5,5,4.73,2022-01-29
2022-02-27,Kards Open X,sgg:2624640,maximuswdead,1457.3,104.0,6,5.73,2022-02-05
2022-02-27,Kards Open X,sgg:2624669,李秀佛,1544.2,117.1,3,2.88,2022-02-05
2022-02-27,Kards Open X,sgg:2624691,guorq123456,1462.1,117.3,3,2.84,2022-01-29
2022-02-27,Kards Open X,sgg:2624728,henry449856878,1482.0,93.9,9,8.59,2022-02-05
2022-02-27,Kards Open X,sgg:2624805,Dutang Clem,1480.2,109.2,5,4.8,2022-02-05
2022-02-27,Kards Open X,sgg:2625266,Waifu no Mikoto,1616.7,104.9,6,5.73,2022-02-26
2022-02-27,Kards Open X,sgg:2625715,Hell the Rubbish Server,1309.6,104.9,7,6.67,2022-02-05
2022-02-27,Kards Open X,sgg:2626492,Turkish_Panzer,1529.7,131.7,1,0.95,2022-01-29
2022-02-27,Kards Open X,sgg:2627089,Dragoncall,1519.5,95.1,9,8.58,2022-02-05
2022-02-27,Kards Open X,sgg:2627200,Mavzoley30,1367.8,114.0,4,3.79,2022-01-29
2022-02-27,Kards Open X,sgg:2627360,Head,1405.8,112.4,4,3.84,2022-02-05
2022-02-27,Kards Open X,sgg:2627977,Civsully1,1452.0,117.1,3,2.84,2022-01-29
2022-02-27,Kards Open X,sgg:2628408,Suicidal,1279.9,101.6,9,8.58,2022-02-05
2022-02-27,Kards Open X,sgg:2628603,Meteor,1465.5,105.2,6,5.75,2022-02-05
2022-02-27,Kards Open X,sgg:2628704,Dolohov Paulus,1504.8,118.3,3,2.84,2022-01-29
2022-02-27,Kards Open X,sgg:2628773,freddy-marty,1540.0,93.3,10,9.53,2022-02-05
2022-02-27,Kards Open X,sgg:2629235,Adrian,1374.2,114.8,4,3.79,2022-01-29
2022-02-27,Kards Open X,sgg:2629300,BogdanCojo,1389.4,118.1,3,2.84,2022-01-29
2022-02-27,Kards Open X,sgg:2629560,Nahot,1421.6,123.6,2,1.89,2022-01-29
2022-02-27,Kards Open X,sgg:2630336,Ghazus,1448.6,130.0,1,0.95,2022-01-29
2022-02-27,Kards Open X,sgg:2630473,MorS,1534.3,114.5,4,3.79,2022-01-29
2022-02-27,Kards Open X,sgg:2630669,True_North,1486.2,109.0,5,4.8,2022-02-05
2022-02-27,Kards Open X,sgg:2630763,Munson,1423.0,104.3,6,5.75,2022-02-05
2022-02-27,Kards Open X,sgg:2630828,Bad Wulf,1481.3,108.0,5,4.8,2022-02-05
2022-02-27,Kards Open X,sgg:2631910,WarHammer,1426.1,113.6,4,3.84,2022-02-05
2022-02-27,Kards Open X,sgg:2631948,Easy_101,1448.3,103.8,6,5.75,2022-02-05
2022-02-27,Kards Open X,sgg:2633715,JanlandMapper,1473.5,108.6,5,4.79,2022-02-05
2022-02-27,Kards Open X,sgg:2633871,Gaijin,1384.1,118.9,3,2.88,2022-02-05
2022-02-27,Kards Open X,sgg:2636686,Radziszcze,1392.4,107.4,5,4.8,2022-02-05
2022-02-27,Kards Open X,sgg:2640557,astrobooey,1554.1,107.0,5,4.8,2022-02-05
2022-02-27,Kards Open X,sgg:375061,Thanatron,1593.5,85.8,15,11.42,2021-11-27
2022-05-01,Kards Open XI,bf:544fd1e1a3aee26f0b100edb,121,1512.9,110.6,13,3.82,2020-08-30
2022-05-01,Kards Open XI,bf:55a9e6f380ec56430032820c,swigmonkey,1466.4,124.3,4,1.71,2021-02-06
2022-05-01,Kards Open XI,bf:564e7b5b80b8db4a00c4ff9c,Jking7,1727.0,50.4,97,52.78,2022-04-30
2022-05-01,Kards Open XI,bf:56bf93a68b6bc7030304a789,Kynio,1493.9,121.3,7,2.06,2020-07-26
2022-05-01,Kards Open XI,bf:56ed79634fdf9b7e1224dddc,[DB] Praetorian,1533.3,128.3,4,1.18,2020-07-25
2022-05-01,Kards Open XI,bf:57101bc80b3b0f8312f27ec5,Socialist,1530.8,93.7,16,8.44,2021-11-06
2022-05-01,Kards Open XI,bf:572751089b61d587125da415,Pad,1526.1,119.2,8,2.35,2020-07-26
2022-05-01,Kards Open XI,bf:5784f8bcf26da72d0cd20f65,LuckyLuke,1476.9,103.2,17,5.5,2020-11-28
2022-05-01,Kards Open XI,bf:57a1697c8c3386280ca04b34,batis,1529.3,96.4,21,7.33,2021-04-04
2022-05-01,Kards Open XI,bf:57b5a7ffabd8181c0cfdf304,CaptainA,1638.2,83.4,20,12.27,2022-03-26
2022-05-01,Kards Open XI,bf:5931f755f2d1a503331ea51d,Chrisca,1501.3,133.3,2,0.59,2020-07-25
2022-05-01,Kards Open XI,bf:596dd6d3014e6b033a8a1275,RainZone,1562.7,119.4,8,2.35,2020-07-26
2022-05-01,Kards Open XI,bf:59b91e3e40985d034416fd27,Isenberg,1496.8,133.1,2,0.59,2020-07-25
2022-05-01,Kards Open XI,bf:5a4d98c332953903641106de,Freddie,1557.2,101.9,17,5.72,2020-11-29
2022-05-01,Kards Open XI,bf:5a58cabb82c7de043a3c289b,[TNT] marvin_the_imp,1500.3,131.2,2,0.85,2021-02-06
2022-05-01,Kards Open XI,bf:5a8879b76c3ac00358830d7c,Benji,1519.6,100.5,16,6.35,2021-02-07
2022-05-01,Kards Open XI,bf:5ad6b5686a20dd03885fa1d1,Jugador,1511.5,126.1,5,1.47,2020-07-26
2022-05-01,Kards Open XI,bf:5b0094b93d8b3603b86987cc,Bob the Tomato,1481.2,127.8,4,1.26,2020-08-30
2022-05-01,Kards Open XI,bf:5b38c676cbd82c03a4f28e8f,doge34,1620.9,88.2,29,10.38,2021-04-04
2022-05-01,Kards Open XI,bf:5b499abbdbda4803ac64b712,SdCorpse,1519.3,128.6,3,1.12,2020-11-28
2022-05-01,Kards Open XI,bf:5bef1fd422a55803cb340a40,OHxCORNGUY,1599.1,75.2,26,17.36,2022-04-09
2022-05-01,Kards Open XI,bf:5c3b6b20304450039e51c054,Yorrit,1412.1,87.8,17,11.19,2022-04-09
2022-05-01,Kards Open XI,bf:5c4d3b7150078403fe2d5308,龍槍雷斯林(raslin2006),1529.2,102.3,11,5.92,2021-06-26
2022-05-01,Kards Open XI,bf:5c4dca4fa9f6820352797666,VildeScarz,1631.9,91.3,16,9.32,2022-02-26
2022-05-01,Kards Open XI,bf:5c7e66cd2dd6e4033a9d5fd1,Elikur,1509.0,101.9,12,6.01,2021-08-07
2022-05-01,Kards Open XI,bf:5c834379fdf5df032965d470,Johnny,1513.9,130.4,3,0.88,2020-07-25
2022-05-01,Kards Open XI,bf:5d0fba42acc6ed329c51837f,Rokeiro,1461.9,131.4,3,0.78,2020-05-23
2022-05-01,Kards Open XI,bf:5d26bcf5c9bf6055b457dfb5,UkrainianKing,1569.4,92.6,21,8.51,2021-05-30
2022-05-01,Kards Open XI,bf:5d47ab5c0451666910e5c0af,Joshua12450,1479.1,127.5,3,1.28,2021-02-06
2022-05-01,Kards Open XI,bf:5d4eae596c2b2139a67ce680,Punpun,1483.5,117.8,5,2.64,2021-05-29
2022-05-01,Kards Open XI,bf:5d6bf8a0238bc73c869e6430,Niemand,1467.1,132.2,2,0.75,2020-11-28
2022-05-01,Kards Open XI,bf:5dadf6683f9f8d27e2e9cc0b,GKZhukov,1599.7,95.8,17,7.39,2021-02-27
2022-05-01,Kards Open XI,bf:5dff9d39fafe5a70cf39ed01,Time to harsh your buzz!,1466.5,132.7,2,0.63,2020-08-29
2022-05-01,Kards Open XI,bf:5e055721e0b14c3515213776,sk1091,1489.9,136.2,1,0.31,2020-08-29
2022-05-01,Kards Open XI,bf:5e47e9a0f854af105e7ca35f,tominkorea,1459.5,114.6,6,3.16,2021-05-29
2022-05-01,Kards Open XI,bf:5e6a39a3f1f90c345a8e7fcd,Yakin,1539.5,115.6,7,3.07,2021-02-27
2022-05-01,Kards Open XI,bf:5e7e00974f03651058bba114,Camm,1509.6,116.3,6,2.85,2021-04-04
2022-05-01,Kards Open XI,bf:5e7fb8e3d7ce547b37484302,jaja,1504.9,131.8,2,0.75,2020-11-28
2022-05-01,Kards Open XI,bf:5e889af67a9c4c10932a6ca9,usp45master,1529.7,90.9,19,9.26,2021-06-26
2022-05-01,Kards Open XI,bf:5e9cf8ff72e2961f747c7978,DARKCA5TLE,1583.0,107.1,11,4.7,2021-04-10
2022-05-01,Kards Open XI,bf:5eb572f0a795290866140381,rdbigdog,1571.5,119.7,7,2.37,2020-11-28
2022-05-01,Kards Open XI,bf:5eb57d1601b7fd0fe0488f0f,Astral,1494.5,127.4,5,1.3,2020-05-23
2022-05-01,Kards Open XI,bf:5eb583d54a8bea0acd7ea437,SharkPup,1473.1,133.7,2,0.52,2020-05-23
2022-05-01,Kards Open XI,bf:5eb598330abb797ad38acaee,NonGMOSalt,1578.0,95.9,18,7.37,2021-05-30
2022-05-01,Kards Open XI,bf:5eb62f23aefaaf170fa23f33,Blue_Blast,1486.0,121.0,3,2.21,2021-11-20
2022-05-01,Kards Open XI,bf:5eb6495f5d6f1b5d1c5d7d95,kenny,1494.6,108.7,11,4.47,2021-05-29
2022-05-01,Kards Open XI,bf:5eb65df574f31a11dd226b38,Darkness,1854.9,62.8,80,42.14,2022-03-26
2022-05-01,Kards Open XI,bf:5eb664dbaefaaf170fa246f1,RookVenturer1313,1494.4,128.1,5,1.3,2020-05-23
2022-05-01,Kards Open XI,bf:5eb708950fe915528f90abfd,Donald Trump,1501.9,116.2,10,2.81,2020-07-26
2022-05-01,Kards Open XI,bf:5eb7670e5e789b4b50a06de2,WHEEL3R,1562.4,84.5,34,11.92,2021-02-27
2022-05-01,Kards Open XI,bf:5ebc5c7aec210a06ae04d4d4,Snefru,1614.2,99.9,22,6.49,2020-09-05
2022-05-01,Kards Open XI,bf:5ebd8cafb3bec004beff6eff,[AAA] Caps04,1554.8,107.1,13,4.62,2021-02-07
2022-05-01,Kards Open XI,bf:5ebd9402b92b28521a098ec8,Bubbles,1646.0,75.3,38,17.48,2021-11-06
2022-05-01,Kards Open XI,bf:5ebe821bdc25e53f4d8c7446,ForeverFox,1468.1,127.2,5,1.3,2020-05-23
2022-05-01,Kards Open XI,bf:5ebea2fd1eafc755976c161a,Drogear,1590.3,111.5,14,3.97,2020-08-29
2022-05-01,Kards Open XI,bf:5ebea8a9bfed616b75962b6a,Forgestryker,1546.8,111.7,12,3.83,2020-11-28
2022-05-01,Kards Open XI,bf:5ec021ae0f25781e0b5f5f43,AlexRises,1478.0,134.0,2,0.52,2020-05-23
2022-05-01,Kards Open XI,bf:5ec038e2256baa1d38011a05,Vinny,1662.3,56.7,61,37.13,2022-04-30
2022-05-01,Kards Open XI,bf:5ec14e2baf9b8d5641b7a639,handor95,1397.1,106.9,12,5.32,2022-01-29
2022-05-01,Kards Open XI,bf:5ec2a6dafd8a561535cde2a5,V0R0N92,1537.7,68.3,42,22.0,2022-02-05
2022-05-01,Kards Open XI,bf:5ec2ace2fd8a561535cde2e1,MJT,1497.4,132.7,2,0.63,2020-08-29
2022-05-01,Kards Open XI,bf:5ec2acf9a7330d091e79291a,lucencan,1485.2,114.6,10,3.17,2020-11-28
2022-05-01,Kards Open XI,bf:5ec2c1da0a4e405c2332e640,Chip-Filled Adam,1553.1,108.2,13,4.41,2020-11-29
2022-05-01,Kards Open XI,bf:5ec2f8632e7fb7357e7c8077,SCARED MOKEY,1508.1,115.3,10,3.1,2020-11-28
2022-05-01,Kards Open XI,bf:5ec3fe380be5fa28e9946104,Sertma,1487.3,136.3,1,0.26,2020-05-23
2022-05-01,Kards Open XI,bf:5ec442d3b2f357511fcbf34a,skzeman,1538.2,127.3,5,1.3,2020-05-23
2022-05-01,Kards Open XI,bf:5ec44a4894993372f10699b1,Adrián7,1485.7,136.0,1,0.29,2020-07-25
2022-05-01,Kards Open XI,bf:5ec4df5bde56fb470634c5fa,barboza,1485.6,135.3,2,0.52,2020-05-23
2022-05-01,Kards Open XI,bf:5ec57fff74214e1748e43f56,dasolli,1485.5,117.9,7,2.62,2020-11-29
2022-05-01,Kards Open XI,bf:5ec5e7746951c62d86f53235,FL1ppY | エワウト,1559.5,113.3,8,3.42,2021-02-13
2022-05-01,Kards Open XI,bf:5ec7d675f5d9bf6412138238,Hahn,1505.2,129.1,4,1.04,2020-05-23
2022-05-01,Kards Open XI,bf:5ec99a6d5cb5d5345c7fdf7c,AriBigBehn,1663.4,50.5,81,48.96,2022-04-30
2022-05-01,Kards Open XI,bf:5ee6022292efc00faf652a7e,Esthete,1482.6,115.4,7,2.99,2021-02-07
2022-05-01,Kards Open XI,bf:5ee6c5f92764fc7a784c6f9e,BirdLaw,1446.8,99.4,19,6.52,2021-02-07
2022-05-01,Kards Open XI,bf:5eeb9c3d19b81239da9496cb,Kosaroli,1551.7,76.1,31,16.11,2021-11-20
2022-05-01,Kards Open XI,bf:5f0cbd1969a363414a64af57,agent_182,1516.8,130.5,3,0.88,2020-07-25
2022-05-01,Kards Open XI,bf:5f0cd40c3087a65e039603f4,wild_eyes,1587.9,55.2,73,38.18,2022-04-09
2022-05-01,Kards Open XI,bf:5f0cf3becbf20c490eb4fa7d,T0M,1501.0,126.2,5,1.47,2020-07-26
2022-05-01,Kards Open XI,bf:5f0d81380ffa0b49d9f58c5c,Nerf,1567.5,119.2,8,2.35,2020-07-26
2022-05-01,Kards Open XI,bf:5f0d9e4785aa4e37e911463c,You Need Jesus Christ,1467.8,133.1,2,0.59,2020-07-25
2022-05-01,Kards Open XI,bf:5f0dad9ac47339351f7f742f,RipperJim,1481.4,128.5,3,1.12,2020-11-28
2022-05-01,Kards Open XI,bf:5f0db8236f4cd1393325784f,Hazeltails,1519.5,121.3,7,2.06,2020-07-26
2022-05-01,Kards Open XI,bf:5f0dc882f26046593189ba9f,SALUTE06,1490.1,136.3,1,0.29,2020-07-25
2022-05-01,Kards Open XI,bf:5f0de85b7c5e104738aeb5a8,benc,1529.1,119.1,8,2.35,2020-07-26
2022-05-01,Kards Open XI,bf:5f0df6196f4cd13933257c2a,COOLJ007,1531.2,117.1,7,2.99,2021-02-07
2022-05-01,Kards Open XI,bf:5f0df84e824086475be264b7,Terror_de,1584.6,73.6,44,17.9,2021-06-27
2022-05-01,Kards Open XI,bf:5f0df9d07c4df3491abfc797,RMISE,1476.6,133.7,2,0.59,2020-07-25
2022-05-01,Kards Open XI,bf:5f0dfb2c7c4df3491abfc7a6,zhen,1560.1,119.3,8,2.35,2020-07-26
2022-05-01,Kards Open XI,bf:5f0e1a20c47339351f7f7b34,Ouchmaster,1501.0,127.9,4,1.18,2020-07-26
2022-05-01,Kards Open XI,bf:5f0e248def3ab65b96796c3f,frenchcook,1623.6,81.9,30,13.11,2021-06-27
2022-05-01,Kards Open XI,bf:5f0e37b37c5e104738aebbe3,toDIEisGAIN,1656.0,64.1,59,26.35,2021-11-20
2022-05-01,Kards Open XI,bf:5f0e67fdf26046593189c71c,B_O_R_U_T_O_1,1508.7,100.1,13,6.44,2021-06-26
2022-05-01,Kards Open XI,bf:5f0e76497c4df3491abfd06c,rocksopimppo,1479.0,111.0,11,3.76,2021-02-06
2022-05-01,Kards Open XI,bf:5f0eab817c4df3491abfd2e6,hilmank,1467.4,117.2,8,2.63,2021-02-06
2022-05-01,Kards Open XI,bf:5f0f22cb85aa4e37e9115bb4,madisek,1499.2,133.1,2,0.59,2020-07-25
2022-05-01,Kards Open XI,bf:5f0f2f19ef3ab65b96797ada,kramedogg,1465.0,106.2,15,4.8,2021-02-20
2022-05-01,Kards Open XI,bf:5f0f3d9e7c4df3491abfe047,Snooginz,1527.5,77.0,35,15.3,2021-11-20
2022-05-01,Kards Open XI,bf:5f0f54427c4df3491abfe274,djdado,1489.3,136.2,1,0.31,2020-08-29
2022-05-01,Kards Open XI,bf:5f0fb7319d4b3024dce6f17b,The_Advocator,1475.3,119.3,8,2.35,2020-07-26
2022-05-01,Kards Open XI,bf:5f101bc2eea71b24bc30c50e,Hubblebub,1469.4,97.8,9,7.22,2022-04-09
2022-05-01,Kards Open XI,bf:5f102c329d4b3024dce6f5dd,Malovato_Budet,1490.8,113.4,11,3.31,2020-08-29
2022-05-01,Kards Open XI,bf:5f103df2eac9482569fb2922,phasermind,1517.1,119.5,8,2.35,2020-07-26
2022-05-01,Kards Open XI,bf:5f105658eac9482569fb2be4,张大彪,1557.3,113.6,10,3.26,2020-11-28
2022-05-01,Kards Open XI,bf:5f10783cc08d9224ce50f95f,bob42,1502.3,119.4,8,2.35,2020-07-26
2022-05-01,Kards Open XI,bf:5f10825feac9482569fb2e81,SquareGrouper,1408.5,108.3,13,4.38,2020-11-29
2022-05-01,Kards Open XI,bf:5f1086f1160c3f2239e9225b,lt.blueberry,1368.3,103.6,17,5.65,2021-02-07
2022-05-01,Kards Open XI,bf:5f109d917a5f692572240090,John_Px,1733.5,52.0,82,49.15,2022-04-09
2022-05-01,Kards Open XI,bf:5f10c966160c3f2239e92921,ColdCarl,1553.1,71.9,37,18.93,2021-11-20
2022-05-01,Kards Open XI,bf:5f112ee3eac9482569fb3ee6,Pert,1458.0,110.9,10,4.27,2022-04-09
2022-05-01,Kards Open XI,bf:5f113e2cd04bae257fc195f6,RafcKen7,1617.6,94.3,15,7.97,2021-09-04
2022-05-01,Kards Open XI,bf:5f11d03df7c29f223fd624f2,Groddur,1479.9,128.5,3,1.12,2020-11-28
2022-05-01,Kards Open XI,bf:5f11d0b0eea71b24bc30e84a,BUCKY,1513.6,68.4,36,22.03,2022-02-05
2022-05-01,Kards Open XI,bf:5f11d247160c3f2239e940a4,LuckySpike,1604.8,71.6,45,19.97,2022-01-29
2022-05-01,Kards Open XI,bf:5f11e4c6160c3f2239e941f5,trevorj,1494.0,128.1,4,1.18,2020-07-25
2022-05-01,Kards Open XI,bf:5f11e67d85fecb25631448a0,yufzsy,1634.8,101.1,20,6.36,2020-11-28
2022-05-01,Kards Open XI,bf:5f11ef33160c3f2239e942b2,Starkiller30001,1470.3,127.9,4,1.18,2020-07-25
2022-05-01,Kards Open XI,bf:5f11ff268b375222593350d0,Lobby Boy Lettuce,1473.0,128.1,4,1.18,2020-07-25
2022-05-01,Kards Open XI,bf:5f11ff2ec08d9224ce511d19,Dangerexx,1446.8,119.5,8,2.35,2020-07-26
2022-05-01,Kards Open XI,bf:5f11ff59eea71b24bc30ee0c,Hyo,1451.2,99.9,20,6.36,2020-11-28
2022-05-01,Kards Open XI,bf:5f11ffc4eac9482569fb4f49,MrNejcKing,1429.6,125.1,5,1.6,2021-02-06
2022-05-01,Kards Open XI,bf:5f121b05d04bae257fc1a263,biasedeyes,1466.6,125.9,5,1.47,2020-07-26
2022-05-01,Kards Open XI,bf:5f1220b9b4738624c4273900,KEV1NJ,1520.6,122.3,7,2.06,2020-07-26
2022-05-01,Kards Open XI,bf:5f12273babfcb016362ad1d0,beeman,1392.6,110.1,14,4.26,2020-08-30
2022-05-01,Kards Open XI,bf:5f1229f9cf4549174336fefe,JSL112,1485.1,136.0,1,0.29,2020-07-25
2022-05-01,Kards Open XI,bf:5f122bf8b4738624c4273b13,VLTØR,1460.5,131.7,2,0.75,2020-11-28
2022-05-01,Kards Open XI,bf:5f1240f24a28711494f1b3aa,CaptainTchaikovsky,1494.9,128.0,4,1.18,2020-07-25
2022-05-01,Kards Open XI,bf:5f12771889520148edf780af,mbilsel,1546.3,105.6,16,4.87,2020-08-30
2022-05-01,Kards Open XI,bf:5f1281edb4738624c42745af,ptreey,1463.7,123.2,6,1.76,2020-07-26
2022-05-01,Kards Open XI,bf:5f12bb564a28711494f1bd8d,NeriUwU,1381.8,104.0,17,5.76,2021-02-07
2022-05-01,Kards Open XI,bf:5f12bb99cf45491743370da4,Headcrasher,1494.1,136.9,1,0.47,2021-04-03
2022-05-01,Kards Open XI,bf:5f12c35f8b375222593364f0,xareh90,1507.7,119.2,8,2.35,2020-07-26
2022-05-01,Kards Open XI,bf:5f12da838b375222593365f7,Burremans,1471.3,133.2,2,0.59,2020-07-25
2022-05-01,Kards Open XI,bf:5f12f0881c8cdf16056f6224,RaPaulke,1470.3,133.2,2,0.59,2020-07-25
2022-05-01,Kards Open XI,bf:5f12f0c3abfcb016362ae526,mon.mgs,1483.8,135.9,1,0.29,2020-07-25
2022-05-01,Kards Open XI,bf:5f130139f7c29f223fd64290,fenrir,1518.2,115.1,10,3.1,2020-11-28
2022-05-01,Kards Open XI,bf:5f13328d77697711a235a704,TomatoMato,1529.7,119.7,8,2.35,2020-07-26
2022-05-01,Kards Open XI,bf:5f13952ceea71b24bc312529,Limitless Beast,1440.2,128.0,4,1.18,2020-07-25
2022-05-01,Kards Open XI,bf:5f13f8f0381ccb11abfed78c,Behemothus,1496.8,106.7,15,4.57,2020-08-30
2022-05-01,Kards Open XI,bf:5f13fc452cba8f11c2a4298c,DarkMatterYT,1496.7,133.1,2,0.59,2020-07-25
2022-05-01,Kards Open XI,bf:5f140b7f1c8cdf16056f833c,foreverlimon,1518.2,121.3,7,2.06,2020-07-26
2022-05-01,Kards Open XI,bf:5f140c57341d821185ca56df,BarndoorRoge,1511.1,125.0,5,1.53,2020-08-29
2022-05-01,Kards Open XI,bf:5f140d9bbcbe32117ff6b7e7,Snakii0,1379.6,111.9,10,3.9,2021-04-04
2022-05-01,Kards Open XI,bf:5f140ea9b4738624c4277d71,Heist,1477.6,121.2,7,2.06,2020-07-26
2022-05-01,Kards Open XI,bf:5f14582a341d821185ca59e8,TheStray,1494.2,119.4,8,2.35,2020-07-26
2022-05-01,Kards Open XI,bf:5f145d63b4738624c4278122,Jotora,1529.6,119.4,8,2.35,2020-07-26
2022-05-01,Kards Open XI,bf:5f145fa11c8cdf16056f8757,Kerwer,1480.4,134.5,1,0.47,2021-04-03
2022-05-01,Kards Open XI,bf:5f148273cd3934118e03b196,Shaemas,1485.4,107.1,15,4.55,2020-08-30
2022-05-01,Kards Open XI,bf:5f1493df1c8cdf16056f8bc9,CheL_oFF,1510.0,115.5,7,2.99,2021-02-07
2022-05-01,Kards Open XI,bf:5f14e99eea159211b4c99eab,Jacob,1442.0,119.4,8,2.35,2020-07-26
2022-05-01,Kards Open XI,bf:5f1520542cba8f11c2a44c16,DarkMist,1400.0,95.6,20,8.54,2021-08-21
2022-05-01,Kards Open XI,bf:5f153751eea71b24bc31458b,VLAD420,1472.4,119.2,8,2.35,2020-07-26
2022-05-01,Kards Open XI,bf:5f1539bacfac0e373c6166ce,donigi,1487.9,105.7,16,4.87,2020-08-30
2022-05-01,Kards Open XI,bf:5f155f3577697711a235e552,total,1490.3,136.3,1,0.31,2020-08-29
2022-05-01,Kards Open XI,bf:5f1566b0341d821185ca734b,Юрий,1485.2,121.4,7,2.06,2020-07-26
2022-05-01,Kards Open XI,bf:5f156d9fb4738624c42798e8,Evilmunki,1453.8,121.1,7,2.06,2020-07-26
2022-05-01,Kards Open XI,bf:5f15827677697711a235e95c,ACOG,1489.3,136.2,1,0.29,2020-07-25
2022-05-01,Kards Open XI,bf:5f159e62ea159211b4c9a50e,scorp1one,1477.0,125.3,4,1.75,2021-04-03
2022-05-01,Kards Open XI,bf:5f15a9d0cfac0e373c616a81,gteacher12 (cst),1443.2,128.5,4,1.18,2020-07-26
2022-05-01,Kards Open XI,bf:5f1660782cba8f11c2a45e9c,Lolofy44,1511.0,102.7,17,5.62,2020-11-29
2022-05-01,Kards Open XI,bf:5f169f65bcbe32117ff6eb42,Lykas_OMES,1501.2,118.2,8,2.51,2020-08-30
2022-05-01,Kards Open XI,bf:5f176280381ccb11abff191f,terminetorK56,1489.7,120.2,7,2.2,2020-08-30
2022-05-01,Kards Open XI,bf:5f17d573bcbe32117ff6fd03,Vitaly Gorbunov,1484.9,136.0,1,0.29,2020-07-25
2022-05-01,Kards Open XI,bf:5f17ef0fcfac0e373c6190c4,[REDi]1R COL ANZAC_Ace,1483.7,130.3,3,0.88,2020-07-25
2022-05-01,Kards Open XI,bf:5f19119cb4738624c427e33c,SA-GR,1456.6,121.3,7,2.06,2020-07-26
2022-05-01,Kards Open XI,bf:5f191b72abfcb016362b6974,Suchy,1502.8,116.3,6,2.85,2021-04-04
2022-05-01,Kards Open XI,bf:5f193071cfac0e373c61a11b,PetitPoney,1515.6,125.6,5,1.51,2020-08-29
2022-05-01,Kards Open XI,bf:5f1a8cc8b4738624c42817ef,Tigerkater,1494.4,122.4,7,2.06,2020-07-26
2022-05-01,Kards Open XI,bf:5f1b1546b4738624c4282183,Skunk,1440.3,119.3,8,2.35,2020-07-26
2022-05-01,Kards Open XI,bf:5f1b3f1b08ac6c1dd4d6bb23,brienoconan,1515.5,130.5,3,0.88,2020-07-25
2022-05-01,Kards Open XI,bf:5f1b48d1abfcb016362ba48e,Berni de Balle,1505.2,63.3,53,27.07,2022-04-09
2022-05-01,Kards Open XI,bf:5f1b9f20a73922196c802448,Gamesite,1484.7,125.6,5,1.47,2020-07-26
2022-05-01,Kards Open XI,bf:5f1bad8bb4738624c4283cf6,Filpa,1535.2,111.9,12,3.63,2020-08-30
2022-05-01,Kards Open XI,bf:5f318206a8e6c511a449d179,0CanadaBear0,1483.9,124.7,5,1.57,2020-08-30
2022-05-01,Kards Open XI,bf:5f318c62af063111a36cedab,aa,1531.4,118.7,8,2.51,2020-08-30
2022-05-01,Kards Open XI,bf:5f31dbda9ab87f2e0c19cd0c,RNGek,1550.4,103.2,16,5.5,2020-11-29
2022-05-01,Kards Open XI,bf:5f31e18d7bd80311ab780bcb,天之子将军,1520.7,123.2,6,1.89,2020-08-30
2022-05-01,Kards Open XI,bf:5f31e6b930b92e118dbc3b00,r3in0r,1467.6,132.8,2,0.63,2020-08-29
2022-05-01,Kards Open XI,bf:5f32224b74a4bd1196ff8e97,yourBRO,1460.6,118.7,7,2.49,2020-11-28
2022-05-01,Kards Open XI,bf:5f323b2daf063111a36cffab,chmy426,1541.9,125.4,4,1.49,2020-11-28
2022-05-01,Kards Open XI,bf:5f32755630b92e118dbc4132,Joeybag0doughnuts,1480.9,135.7,1,0.31,2020-08-29
2022-05-01,Kards Open XI,bf:5f32919a74a4bd1196ff9509,wydsxl,1603.1,99.6,15,6.48,2021-09-04
2022-05-01,Kards Open XI,bf:5f32abe69ab87f2e0c19e0b7,"Oh, Pretty Woman",1348.1,111.4,8,4.45,2022-04-09
2022-05-01,Kards Open XI,bf:5f32b5a5af063111a36d039f,Spartan,1491.6,128.0,3,1.19,2021-02-20
2022-05-01,Kards Open XI,bf:5f32c6147bd80311ab78193f,petriachor,1609.6,71.0,41,19.99,2021-11-27
2022-05-01,Kards Open XI,bf:5f32ca9074a4bd1196ff97d9,Sirbol,1506.8,118.0,8,2.51,2020-08-30
2022-05-01,Kards Open XI,bf:5f32e74430b92e118dbc4866,alan1957,1484.0,135.7,1,0.31,2020-08-29
2022-05-01,Kards Open XI,bf:5f32f48419fcf2666b2abff1,kowalski,1631.6,70.0,41,21.27,2021-11-27
2022-05-01,Kards Open XI,bf:5f3304e930b92e118dbc4ad6,maxterGIO,1507.1,118.1,8,2.51,2020-08-30
2022-05-01,Kards Open XI,bf:5f3321d98a94d511b1d67c5b,ExpelliarmusA,1538.8,118.2,8,2.51,2020-08-30
2022-05-01,Kards Open XI,bf:5f332d0619fcf2666b2ac60a,comrade nicky,1516.3,130.5,3,0.94,2020-08-29
2022-05-01,Kards Open XI,bf:5f335b3e30b92e118dbc579e,WorldWarWhale,1475.3,125.0,3,1.58,2021-05-29
2022-05-01,Kards Open XI,bf:5f344b7a8a94d511b1d68a96,John™,1464.8,121.5,7,2.2,2020-08-30
2022-05-01,Kards Open XI,bf:5f34d3bdacefe6118a5de444,Ottotheblue,1481.9,101.2,17,5.88,2020-11-29
2022-05-01,Kards Open XI,bf:5f351f60af063111a36d282b,Sadrik,1540.6,118.3,8,2.51,2020-08-30
2022-05-01,Kards Open XI,bf:5f354d22e4876e1184288d58,Ripoff,1524.1,110.6,11,3.81,2020-11-29
2022-05-01,Kards Open XI,bf:5f35946553b8ce11abe62c4d,FRIKAZOID,1487.5,130.0,3,0.94,2020-08-29
2022-05-01,Kards Open XI,bf:5f362c8703dbcc11d58d78e3,Kolbasnik,1644.8,47.9,96,55.27,2022-04-09
2022-05-01,Kards Open XI,bf:5f369b86c897e0119e4ff6f8,PatsenBR,1487.4,120.4,7,2.2,2020-08-30
2022-05-01,Kards Open XI,bf:5f36c30fff2e5911a44a282e,Józef Piłsudski,1466.9,132.7,2,0.63,2020-08-29
2022-05-01,Kards Open XI,bf:5f36cca903dbcc11d58d89d8,Wolnigree,1467.0,132.7,2,0.63,2020-08-29
2022-05-01,Kards Open XI,bf:5f36dc4b98f0a311ad32446c,Zig_Zag,1528.8,113.4,10,3.37,2021-02-06
2022-05-01,Kards Open XI,bf:5f37cf6b6ce6de28d63de407,Ailoyros,1481.7,135.8,1,0.31,2020-08-29
2022-05-01,Kards Open XI,bf:5f3800b06ce6de28d63de960,RicardoTamanini,1458.7,130.4,3,0.94,2020-08-29
2022-05-01,Kards Open XI,bf:5f382e1f33118628f2f56ca7,Dash_ek,1514.8,120.2,7,2.2,2020-08-30
2022-05-01,Kards Open XI,bf:5f38338163cc1128e5f86f97,Brendan,1475.8,118.5,8,2.51,2020-08-30
2022-05-01,Kards Open XI,bf:5f3846d25b41bf2bd0fe2207,Spooky Time,1458.3,130.2,3,0.94,2020-08-29
2022-05-01,Kards Open XI,bf:5f3858c1b83d9d2bb0609265,wdhtu,1492.2,125.0,5,1.57,2020-08-30
2022-05-01,Kards Open XI,bf:5f3a8d53c190e3296d7a1eef,nagymaciii,1470.1,132.8,2,0.63,2020-08-29
2022-05-01,Kards Open XI,bf:5f3a8e2d33118628f2f5a7d5,Goltz,1485.2,135.8,1,0.31,2020-08-29
2022-05-01,Kards Open XI,bf:5f3a8eb4dd76a928dcec9bec,Coronel_Mostarda,1472.0,127.4,4,1.26,2020-08-29
2022-05-01,Kards Open XI,bf:5f3ab4ce63cc1128e5f8a327,DrTacos,1448.7,130.0,3,0.94,2020-08-30
2022-05-01,Kards Open XI,bf:5f3aef3e6ce6de28d63e3425,Alexandre,1441.3,126.9,3,1.42,2021-04-03
2022-05-01,Kards Open XI,bf:5f3b1ebadd76a928dceca753,ZackXue,1511.6,119.3,8,2.51,2020-08-30
2022-05-01,Kards Open XI,bf:5f3bc9efdbf742295bce0a9d,黑森公爵,1483.7,135.7,1,0.31,2020-08-29
2022-05-01,Kards Open XI,bf:5f3bcb62c190e3296d7a2cd2,abandon,1500.7,131.8,2,0.75,2020-11-28
2022-05-01,Kards Open XI,bf:5f3d0646dd76a928dceccb16,Ertugrul Gazi,1512.5,118.3,8,2.51,2020-08-30
2022-05-01,Kards Open XI,bf:5f3d19c7dd76a928dceccbcd,HaxBaba,1524.2,121.0,7,2.2,2020-08-30
2022-05-01,Kards Open XI,bf:5f3d1e45c190e3296d7a4aa5,Barton,1483.9,135.7,1,0.31,2020-08-29
2022-05-01,Kards Open XI,bf:5f3e11a1a3f8871d5075e3d0,Valar,1444.2,123.1,6,1.89,2020-08-30
2022-05-01,Kards Open XI,bf:5f3fbdaeb856d24e0965bbc4,Stluvik,1507.6,126.8,5,1.57,2020-08-30
2022-05-01,Kards Open XI,bf:5f3fc42472caf64e0f2b589c,Shiva's,1590.8,95.9,18,7.73,2021-09-04
2022-05-01,Kards Open XI,bf:5f3ff2e624334d4ac794708e,FearlessFreep2,1501.8,127.4,4,1.26,2020-08-30
2022-05-01,Kards Open XI,bf:5f4022e92736604a195ffbfb,Ol'Red,1457.3,130.1,3,0.94,2020-08-29
2022-05-01,Kards Open XI,bf:5f404839cabbdc4a26620899,sNapple,1448.2,128.7,3,1.12,2020-11-28
2022-05-01,Kards Open XI,bf:5f41a73ee7543f4a0a54f568,Kipahigan,1519.6,120.2,7,2.2,2020-08-30
2022-05-01,Kards Open XI,bf:5f4318d1681ff84ab5ec92f9,Sidecrawler,1562.9,60.7,52,29.5,2022-02-05
2022-05-01,Kards Open XI,bf:5f4536884cbe7961ba1906fa,Zanderson30,1566.0,117.3,9,2.83,2020-09-05
2022-05-01,Kards Open XI,bf:5f4617f7cff9bb4e25c81a49,Daccro,1464.6,125.7,4,1.5,2021-06-26
2022-05-01,Kards Open XI,bf:5f464a379f8a441a7681100e,Grarivier,1532.6,118.3,8,2.51,2020-08-30
2022-05-01,Kards Open XI,bf:5f469fbd9f8a441a768119af,yura,1482.1,135.7,1,0.31,2020-08-29
2022-05-01,Kards Open XI,bf:5f46ff72cff9bb4e25c82ac7,hartmanator1,1513.1,105.3,14,4.93,2020-11-29
2022-05-01,Kards Open XI,bf:5f47aca042aba63789789166,UBCers,1532.3,103.6,7,5.42,2022-04-09
2022-05-01,Kards Open XI,bf:5f48837c34f6ed5f7791f82a,RIBO,1525.5,121.0,7,2.2,2020-08-30
2022-05-01,Kards Open XI,bf:5f4965bb76b8305ffaa36866,Ernst1871,1497.2,110.0,11,3.99,2020-11-29
2022-05-01,Kards Open XI,bf:5f49b691c955654e18759c1e,Ryestye,1522.4,135.9,1,0.31,2020-08-29
2022-05-01,Kards Open XI,bf:5f4a2d8c76b8305ffaa376af,smerch,1484.5,129.9,3,0.94,2020-08-29
2022-05-01,Kards Open XI,bf:5f4a40fd34f6ed5f7792170c,LemonShark,1486.3,120.6,7,2.2,2020-08-30
2022-05-01,Kards Open XI,bf:5f4a66a7629c8b6045fa11b9,Сэм,1480.4,118.4,8,2.51,2020-08-30
2022-05-01,Kards Open XI,bf:5f908c01a261b945b6c471e8,OliRoB,1392.3,119.0,6,2.56,2021-02-07
2022-05-01,Kards Open XI,bf:5fa1ee84f8fc171ea9f66554,El Chickenrice,1576.9,115.2,8,2.99,2020-11-29
2022-05-01,Kards Open XI,bf:5fa2011d11743771ade90dee,testo,1641.0,86.0,26,11.34,2021-05-30
2022-05-01,Kards Open XI,bf:5fa27bfdf8fc171ea9f66924,CalinBZ,1624.9,77.9,25,15.62,2022-02-26
2022-05-01,Kards Open XI,bf:5fa27e32f8fc171ea9f66940,vegetable,1561.1,116.7,7,2.99,2021-02-07
2022-05-01,Kards Open XI,bf:5fa2928f11743771ade9128e,Ax,1505.9,131.7,2,0.75,2020-11-28
2022-05-01,Kards Open XI,bf:5fa2992ef8fc171ea9f66a3e,犹似深闺梦中人,1523.0,122.6,5,1.87,2020-11-28
2022-05-01,Kards Open XI,bf:5fa2d1356b9c704abc3f86e4,MoncherFrag,1488.2,123.1,5,1.87,2020-11-28
2022-05-01,Kards Open XI,bf:5fa3973bf8fc171ea9f68255,辉辉呀,1452.0,122.4,5,1.97,2021-02-06
2022-05-01,Kards Open XI,bf:5fa3da8e11743771ade92018,Spooz,1645.7,73.0,38,18.58,2021-11-06
2022-05-01,Kards Open XI,bf:5fa3e36b6b9c704abc3f92a0,bruki,1501.9,131.8,2,0.75,2020-11-28
2022-05-01,Kards Open XI,bf:5fa4097911743771ade92145,David Lynch,1483.6,135.3,1,0.37,2020-11-28
2022-05-01,Kards Open XI,bf:5fa467df4eb3c2458669c29a,Berto Burrito,1629.8,74.8,30,17.01,2022-04-09
2022-05-01,Kards Open XI,bf:5fa530563f52763256b7593d,Civlj,1503.0,131.7,2,0.75,2020-11-28
2022-05-01,Kards Open XI,bf:5fa5397c241d875936d2c2f2,Vadim,1567.8,64.0,49,26.04,2021-11-20
2022-05-01,Kards Open XI,bf:5fa57306cc28b3594394b946,Liszt,1601.2,99.2,12,6.96,2021-11-27
2022-05-01,Kards Open XI,bf:5fa5ede611743771ade94108,comtruise,1713.0,79.9,32,14.96,2021-05-30
2022-05-01,Kards Open XI,bf:5fa62937c3c163598ec80783,CCMS-031,1542.0,118.4,6,2.56,2021-02-07
2022-05-01,Kards Open XI,bf:5fafaf199a9e750ea663a8e3,发牌员没马,1502.6,131.9,2,0.75,2020-11-28
2022-05-01,Kards Open XI,bf:5fafe4c9eb92fe0475436826,TheMiltonBradley,1517.8,112.9,9,3.36,2020-11-29
2022-05-01,Kards Open XI,bf:5fafe7dfe7d89a60d43336cc,Primal,1464.1,131.8,2,0.75,2020-11-28
2022-05-01,Kards Open XI,bf:5fafeec6e7d89a60d4333722,wodandos,1478.2,128.5,3,1.12,2020-11-28
2022-05-01,Kards Open XI,bf:5faff24f698db1048d26b032,Stenli72,1486.8,117.6,7,2.62,2020-11-29
2022-05-01,Kards Open XI,bf:5faffa8a502b9e587d1b7c3e,"Alexandre ""Mainovski"" Mainaud",1430.9,107.5,10,4.66,2021-05-29
2022-05-01,Kards Open XI,bf:5faffbe71632970e916b602a,xceroks,1475.2,135.3,1,0.37,2020-11-28
2022-05-01,Kards Open XI,bf:5fb026c1502b9e587d1b838d,Anklestina,1501.1,125.4,4,1.49,2020-11-28
2022-05-01,Kards Open XI,bf:5fb02943698db1048d26b9cd,Bison,1507.2,110.1,10,3.94,2021-04-03
2022-05-01,Kards Open XI,bf:5fb02c08698db1048d26ba0d,VReznov2137,1483.3,135.2,1,0.37,2020-11-28
2022-05-01,Kards Open XI,bf:5fb032ea502b9e587d1b85eb,Secret Deadbeat,1552.2,128.7,3,1.12,2020-11-28
2022-05-01,Kards Open XI,bf:5fb035bf502b9e587d1b8643,Annki,1460.3,122.9,5,1.97,2021-02-06
2022-05-01,Kards Open XI,bf:5fb038eb1632970e916b6f46,DerNem,1564.5,68.9,30,21.97,2022-04-09
2022-05-01,Kards Open XI,bf:5fb051789a9e750ea663bb88,Khal Drogo,1488.9,128.7,3,1.12,2020-11-28
2022-05-01,Kards Open XI,bf:5fb0acb4eb92fe047543807d,MagiC,1502.1,123.9,4,1.71,2021-02-06
2022-05-01,Kards Open XI,bf:5fb0b189f07fad440734d338,IWS2000,1437.8,101.8,12,5.92,2022-02-05
2022-05-01,Kards Open XI,bf:5fb0d42e9a9e750ea663c3fc,[V_M]_MorS_{B},1566.1,115.9,8,2.99,2020-11-29
2022-05-01,Kards Open XI,bf:5fb0e0020c8f110e8a8bf3f2,Krieger,1479.7,135.2,1,0.37,2020-11-28
2022-05-01,Kards Open XI,bf:5fb0ee1e698db1048d26c5af,Eirik II,1439.3,115.4,8,2.99,2020-11-29
2022-05-01,Kards Open XI,bf:5fb0eee19a9e750ea663c435,player1,1504.6,115.3,8,2.99,2020-11-29
2022-05-01,Kards Open XI,bf:5fb0f0121632970e916b7856,panzer_398,1444.0,122.7,5,1.87,2020-11-29
2022-05-01,Kards Open XI,bf:5fb110bd698db1048d26c5f6,Aksara,1529.1,120.2,6,2.24,2020-11-29
2022-05-01,Kards Open XI,bf:5fb1143e502b9e587d1b94dc,KillerQueenS,1465.8,132.0,2,0.75,2020-11-28
2022-05-01,Kards Open XI,bf:5fb1184c0c8f110e8a8bf660,only_,1513.0,126.1,4,1.49,2020-11-28
2022-05-01,Kards Open XI,bf:5fb1316c502b9e587d1b95e6,Bartkopolus123,1477.6,135.2,1,0.37,2020-11-28
2022-05-01,Kards Open XI,bf:5fb18ed99a9e750ea663cd33,Vitzekk,1526.2,122.9,5,1.87,2020-11-29
2022-05-01,Kards Open XI,bf:5fb1a2cb5caa4f5e4bc80d56,SpaceCowboy,1470.7,132.3,2,0.75,2020-11-28
2022-05-01,Kards Open XI,bf:5fb1bf581632970e916b85be,nolans34,1549.3,113.4,9,3.36,2020-11-29
2022-05-01,Kards Open XI,bf:5fb1cbe45caa4f5e4bc81377,Beefy 109,1531.8,132.0,2,0.75,2020-11-28
2022-05-01,Kards Open XI,bf:5fb1cc6ee0bfea60c76a1385,Tenstrovski,1505.8,120.0,6,2.24,2020-11-29
2022-05-01,Kards Open XI,bf:5fb1db8c5caa4f5e4bc8168d,Poochies,1503.0,125.5,4,1.49,2020-11-28
2022-05-01,Kards Open XI,bf:5fb1f464698db1048d26d582,Morsimos,1565.9,115.6,8,2.99,2020-11-29
2022-05-01,Kards Open XI,bf:5fb249e5f07fad440734e5ea,SirFragir,1490.6,115.4,8,2.99,2020-11-29
2022-05-01,Kards Open XI,bf:5fb27723698db1048d26d94d,StabKingPro,1554.9,114.1,9,3.36,2020-11-29
2022-05-01,Kards Open XI,bf:5fb2c8f11632970e916b926c,Drake/Fabi,1501.9,118.1,7,2.62,2020-11-29
2022-05-01,Kards Open XI,bf:5fb3184d9a9e750ea663e423,killswitch,1581.0,65.9,35,25.24,2022-04-30
2022-05-01,Kards Open XI,bf:5fb3203b1632970e916b97b7,chr1st0ph3r,1486.1,128.5,3,1.12,2020-11-28
2022-05-01,Kards Open XI,bf:5fb3df78f07fad440734f6f7,slameo,1449.5,117.8,7,2.62,2020-11-29
2022-05-01,Kards Open XI,bf:5fb3e6ddf07fad440734f71f,tr4cker,1465.9,131.9,2,0.75,2020-11-28
2022-05-01,Kards Open XI,bf:5fb3f43ee0bfea60c76a2a56,General E. Drunk,1579.6,116.1,8,2.99,2020-11-29
2022-05-01,Kards Open XI,bf:5fb3f8b3e7d89a60d4337959,Kn1ghT,1477.6,128.5,3,1.12,2020-11-28
2022-05-01,Kards Open XI,bf:5fb42443a2fd346547530b2e,RED SUN,1522.4,129.0,3,1.12,2020-11-28
2022-05-01,Kards Open XI,bf:5fb43070a2fd346547530c21,[14e]tuveuxdugateaux,1486.6,113.2,9,3.36,2020-11-29
2022-05-01,Kards Open XI,bf:5fb4442a9a9e750ea663ee54,Scythe,1482.3,122.9,5,1.87,2020-11-28
2022-05-01,Kards Open XI,bf:5fb4d729f07fad44073509e4,Victrix,1487.0,127.0,4,1.49,2020-11-28
2022-05-01,Kards Open XI,bf:5fb666119a9e750ea664030b,Setteduetto,1526.8,115.4,8,2.99,2020-11-29
2022-05-01,Kards Open XI,bf:5fb6a5d3e7d89a60d4339244,kingsharaman,1485.9,135.5,1,0.37,2020-11-28
2022-05-01,Kards Open XI,bf:5fb6da26eb92fe047543c823,rostigerloeffel,1550.7,100.4,15,6.21,2021-04-04
2022-05-01,Kards Open XI,bf:5fb719fde0bfea60c76a4f50,rayko,1405.4,115.9,8,2.99,2020-11-29
2022-05-01,Kards Open XI,bf:5fb73781698db1048d271114,Lazer Wolf,1443.8,128.5,3,1.12,2020-11-28
2022-05-01,Kards Open XI,bf:5fb7473c502b9e587d1becbe,ILoveMooncake,1634.9,97.6,14,6.93,2021-09-04
2022-05-01,Kards Open XI,bf:5fb8387c1faa4843f941ba10,Álmos,1521.7,128.7,3,1.12,2020-11-28
2022-05-01,Kards Open XI,bf:5fb97cee0c24381d904b5447,bengui,1518.1,128.5,3,1.12,2020-11-28
2022-05-01,Kards Open XI,bf:5fb98c8e19c8f219d78717ac,DrQuencher,1462.5,131.7,2,0.75,2020-11-28
2022-05-01,Kards Open XI,bf:5fba777719c8f219d787247b,roberto7208,1479.3,113.2,9,3.36,2020-11-29
2022-05-01,Kards Open XI,bf:5fbb03850f21e57963850470,Pie4155,1451.6,117.8,7,2.62,2020-11-29
2022-05-01,Kards Open XI,bf:5fbc0c3e2dc8793ada84fdb3,Mark2020,1458.9,118.2,7,2.61,2020-11-29
2022-05-01,Kards Open XI,bf:5fbc3b8e0f21e5796385112f,spambox9,1499.2,118.3,7,2.62,2020-11-29
2022-05-01,Kards Open XI,bf:5fbc4040adfefd64e8c8fd73,Diogenesis,1576.9,92.8,18,8.48,2021-08-21
2022-05-01,Kards Open XI,bf:5fbc5711a2fd34654753a8c0,Magister Erik,1565.2,115.4,8,2.99,2020-11-29
2022-05-01,Kards Open XI,bf:5fbc79591632970e916c3fe5,Breich,1482.8,122.6,5,1.87,2020-11-28
2022-05-01,Kards Open XI,bf:5fbd548d698db1048d27a866,Citrons,1527.0,115.3,8,2.99,2020-11-29
2022-05-01,Kards Open XI,bf:5fbd71c2e7d89a60d43410ca,lean87ki,1527.1,99.5,16,6.35,2021-02-07
2022-05-01,Kards Open XI,bf:5fbdb89d26ea883a51583400,Kongo,1528.1,122.8,5,1.87,2020-11-28
2022-05-01,Kards Open XI,bf:5fbe830b26ea883a515839f5,炮灰no1,1467.4,125.7,4,1.49,2020-11-28
2022-05-01,Kards Open XI,bf:5fbe834ea2fd34654753c095,Hans Friderich R,1500.0,131.6,2,0.75,2020-11-28
2022-05-01,Kards Open XI,bf:5fbe83792dc8793ada85198d,pilotttt(Илья),1460.8,131.7,2,0.75,2020-11-28
2022-05-01,Kards Open XI,bf:5fbe84641632970e916c5996,unclefox,1588.6,113.7,9,3.36,2020-11-29
2022-05-01,Kards Open XI,bf:5fbe848ca2fd34654753c09a,Future,1482.0,128.5,3,1.12,2020-11-28
2022-05-01,Kards Open XI,bf:5fbe860ca2fd34654753c09d,正宗重庆老友粉,1465.6,131.8,2,0.75,2020-11-28
2022-05-01,Kards Open XI,bf:5fbe862ca447ab4bb37e0f77,meistermiagi,1462.0,131.8,2,0.75,2020-11-28
2022-05-01,Kards Open XI,bf:5fbe86401632970e916c599c,JamesBoned,1520.2,123.0,5,1.87,2020-11-28
2022-05-01,Kards Open XI,bf:5fbe873b4d01f9313d135045,KrisKrinkel,1467.8,132.0,2,0.75,2020-11-28
2022-05-01,Kards Open XI,bf:5fbe87ea5d320863b86f031b,Hydrogen,1527.3,115.5,8,2.99,2020-11-29
2022-05-01,Kards Open XI,bf:5fbe89294d01f9313d135068,MrMolotoff,1501.0,115.3,8,2.99,2020-11-29
2022-05-01,Kards Open XI,bf:5fbe89b5043fd20cdf90cccf,tonywan,1427.2,125.6,4,1.49,2020-11-28
2022-05-01,Kards Open XI,bf:5fbe8ae05d320863b86f032c,Anto,1468.9,125.7,4,1.49,2020-11-28
2022-05-01,Kards Open XI,bf:5fbe8afb698db1048d27b396,SkittleSabot,1517.6,135.3,1,0.37,2020-11-28
2022-05-01,Kards Open XI,bf:5fbe8b8ea447ab4bb37e0fc8,päpä,1462.9,113.6,9,3.36,2020-11-29
2022-05-01,Kards Open XI,bf:5fbe8c402dc8793ada8519d5,Der_Admiral,1520.8,122.6,5,1.87,2020-11-28
2022-05-01,Kards Open XI,bf:5fbe906ba2fd34654753c0fc,captain.pothead,1489.4,128.6,3,1.12,2020-11-28
2022-05-01,Kards Open XI,bf:5fbe91ca26ea883a51583aa4,yra111,1486.1,128.9,3,1.12,2020-11-28
2022-05-01,Kards Open XI,bf:5fbe9602698db1048d27b3e0,Rumfart,1466.3,131.8,2,0.75,2020-11-28
2022-05-01,Kards Open XI,bf:5fbe96be698db1048d27b3e4,Youmu_chan,1489.3,122.9,5,1.87,2020-11-28
2022-05-01,Kards Open XI,bf:5fbe970e26ea883a51583ac1,UnbearableMe,1484.9,135.3,1,0.37,2020-11-28
2022-05-01,Kards Open XI,bf:5fbe971d0f21e57963852d08,牛头人杀手,1500.9,131.8,2,0.75,2020-11-28
2022-05-01,Kards Open XI,bf:5fbe9b450f21e57963852d1e,garygo,1508.3,115.4,8,2.99,2020-11-29
2022-05-01,Kards Open XI,bf:5fbeac15a447ab4bb37e116f,ThuggerJuice,1519.4,113.0,9,3.36,2020-11-29
2022-05-01,Kards Open XI,bf:5fbeb056698db1048d27b5bd,Stuie,1484.9,100.9,14,6.1,2021-05-29
2022-05-01,Kards Open XI,bf:5fbeb20eb0ef7749130e452c,Dawn,1526.4,115.4,8,2.99,2020-11-29
2022-05-01,Kards Open XI,bf:5fbeb7541632970e916c5c93,finny,1491.3,113.4,9,3.36,2020-11-29
2022-05-01,Kards Open XI,bf:5fbebdee043fd20cdf90cfaf,GM_Logan,1552.7,72.3,35,18.34,2022-02-05
2022-05-01,Kards Open XI,bf:5fbed15626ea883a51583d3f,Empyreal,1461.7,131.6,2,0.75,2020-11-28
2022-05-01,Kards Open XI,bf:5fbedfbc0f21e57963853121,Raswar47,1461.8,131.8,2,0.75,2020-11-28
2022-05-01,Kards Open XI,bf:5fbef0144d01f9313d135b11,Geezer,1529.6,98.0,15,6.98,2021-08-07
2022-05-01,Kards Open XI,bf:5fbef0d92dc8793ada8527a5,嘤嘤嘤,1461.7,131.7,2,0.75,2020-11-28
2022-05-01,Kards Open XI,bf:5fbef3ecb0ef7749130e49bc,MaskedMarvel,1498.4,131.7,2,0.75,2020-11-28
2022-05-01,Kards Open XI,bf:5fbf17032dc8793ada852978,UltramanT80,1461.2,131.8,2,0.75,2020-11-28
2022-05-01,Kards Open XI,bf:5fbf174c5d320863b86f0efc,如临深渊,1501.5,131.7,2,0.75,2020-11-28
2022-05-01,Kards Open XI,bf:5fbf1ad71632970e916c627a,TowerNumberNine,1465.3,131.8,2,0.75,2020-11-28
2022-05-01,Kards Open XI,bf:5fbf28984d01f9313d135d0f,Ayako,1480.4,135.2,1,0.37,2020-11-28
2022-05-01,Kards Open XI,bf:5fbf30a2a447ab4bb37e1b38,1330775381,1470.6,132.4,2,0.75,2020-11-28
2022-05-01,Kards Open XI,bf:5fbf32921632970e916c6301,Paddy,1462.3,131.8,2,0.75,2020-11-28
2022-05-01,Kards Open XI,bf:5fbf3849043fd20cdf90d500,Dirty Jon,1485.8,117.5,7,2.61,2020-11-29
2022-05-01,Kards Open XI,bf:5fbf3d90adfefd64e8c91af1,tortunbator,1480.6,128.5,3,1.12,2020-11-28
2022-05-01,Kards Open XI,bf:5fbf4b25698db1048d27bdc9,白皮猪杀手,1461.7,131.8,2,0.75,2020-11-28
2022-05-01,Kards Open XI,bf:5fbf4fe05d320863b86f0fb6,Kimssa,1563.2,99.7,15,6.31,2021-04-04
2022-05-01,Kards Open XI,bf:5fbf516e2dc8793ada852a4c,VitalkaFS,1504.3,125.5,4,1.49,2020-11-28
2022-05-01,Kards Open XI,bf:5fbf5273adfefd64e8c91b99,crazymonkey,1524.9,123.4,5,1.87,2020-11-28
2022-05-01,Kards Open XI,bf:5fbf62605d320863b86f0ff1,梁家河扛麦郎,1504.7,131.7,2,0.75,2020-11-28
2022-05-01,Kards Open XI,bf:5fbf6ade2dc8793ada852a75,Maty,1508.4,106.4,12,4.89,2021-04-03
2022-05-01,Kards Open XI,bf:5fbf6f3f26ea883a515841f0,Wuhu_Airline,1465.6,131.9,2,0.75,2020-11-28
2022-05-01,Kards Open XI,bf:5fbf7a86b0ef7749130e4dec,ID由于太昭和无法显示,1479.3,128.7,3,1.12,2020-11-28
2022-05-01,Kards Open XI,bf:5fbf81d4698db1048d27bf78,Andrewkaiyan,1513.8,113.0,9,3.36,2020-11-29
2022-05-01,Kards Open XI,bf:5fbf8670698db1048d27bfda,zadkiel0508,1500.0,131.7,2,0.75,2020-11-28
2022-05-01,Kards Open XI,bf:5fbf86bf2dc8793ada852abe,Kiertscher,1511.0,115.4,8,2.99,2020-11-29
2022-05-01,Kards Open XI,bf:5fbf8fc55d320863b86f1086,共和国荣光,1484.5,128.6,3,1.12,2020-11-28
2022-05-01,Kards Open XI,bf:5fbf97cfb0ef7749130e4e94,AndyNing,1484.1,128.8,3,1.12,2020-11-28
2022-05-01,Kards Open XI,bf:5fbf9fa55d320863b86f10d6,watchmen,1564.2,122.6,5,1.87,2020-11-28
2022-05-01,Kards Open XI,bf:5fbfa1ec5d320863b86f10df,s8130662,1628.1,113.7,9,3.36,2020-11-29
2022-05-01,Kards Open XI,bf:5fbfa6575d320863b86f10ec,think,1464.5,131.8,2,0.75,2020-11-28
2022-05-01,Kards Open XI,bf:5fbfa75c0f21e57963853e73,2057458491@qq.com,1559.0,122.7,5,1.87,2020-11-28
2022-05-01,Kards Open XI,bf:5fbfa9f0a2fd34654753c891,Wizard,1527.5,113.0,9,3.36,2020-11-29
2022-05-01,Kards Open XI,bf:5fbfaa4726ea883a5158435d,UnhappyRefrain,1482.3,128.8,3,1.12,2020-11-28
2022-05-01,Kards Open XI,bf:5fbfaa5d698db1048d27c161,Feiron,1483.3,135.3,1,0.37,2020-11-28
2022-05-01,Kards Open XI,bf:5fbfafde1632970e916c652e,Non-motorized,1505.1,115.2,8,2.99,2020-11-29
2022-05-01,Kards Open XI,bf:5fbfb1ca2dc8793ada852b72,Satomi_ren,1565.4,117.6,7,2.62,2020-11-29
2022-05-01,Kards Open XI,bf:5fbfb4c7043fd20cdf90d6e1,唐努图什么,1500.2,131.8,2,0.75,2020-11-28
2022-05-01,Kards Open XI,bf:5fbfb60f1632970e916c6544,rayson366458,1528.8,104.1,7,5.42,2022-03-26
2022-05-01,Kards Open XI,bf:5fbfb8692dc8793ada852b8d,为啥起的名字都无效,1502.6,131.8,2,0.75,2020-11-28
2022-05-01,Kards Open XI,bf:5fbfb8f1043fd20cdf90d702,James Patterson,1463.9,125.5,4,1.49,2020-11-28
2022-05-01,Kards Open XI,bf:5fbfba184d01f9313d135f37,Simple One,1481.5,135.2,1,0.37,2020-11-28
2022-05-01,Kards Open XI,bf:5fbfbd51b0ef7749130e4f38,MC_Shiro,1560.5,106.7,12,4.85,2021-02-07
2022-05-01,Kards Open XI,bf:5fbfc2c9043fd20cdf90d720,bushirenchou,1524.8,122.8,5,1.87,2020-11-28
2022-05-01,Kards Open XI,bf:5fbfc6e15d320863b86f1193,李鸿章,1526.2,113.3,9,3.36,2020-11-29
2022-05-01,Kards Open XI,bf:5fbfd4581632970e916c6699,Claris,1486.2,128.6,3,1.12,2020-11-28
2022-05-01,Kards Open XI,bf:5fbffbaa2dc8793ada85319e,MeRRoR,1471.5,115.6,8,2.99,2020-11-29
2022-05-01,Kards Open XI,bf:5fc003a1b0ef7749130e5216,Zuasfadas,1529.8,125.8,4,1.49,2020-11-28
2022-05-01,Kards Open XI,bf:5fc0046a698db1048d27c912,ChariotBlitz,1515.0,122.7,5,1.87,2020-11-28
2022-05-01,Kards Open XI,bf:5fc0060d698db1048d27c939,machue,1474.7,128.5,3,1.12,2020-11-28
2022-05-01,Kards Open XI,bf:5fc017df26ea883a515847d5,Nikica,1523.2,113.0,9,3.36,2020-11-29
2022-05-01,Kards Open XI,bf:5fc0244ca2fd34654753d0cb,Bjelke666,1410.8,110.8,10,4.05,2021-02-07
2022-05-01,Kards Open XI,bf:5fc048141632970e916c6beb,Jannik,1498.9,131.7,2,0.75,2020-11-28
2022-05-01,Kards Open XI,bf:5fc062ca3a712911d5860aac,Chimpu,1463.4,131.8,2,0.75,2020-11-28
2022-05-01,Kards Open XI,bf:5fc06376a447ab4bb37e29a7,西域战神阿凡提,1480.4,135.2,1,0.37,2020-11-28
2022-05-01,Kards Open XI,bf:5fc07486698db1048d27ccd5,hj123c,1462.3,131.8,2,0.75,2020-11-28
2022-05-01,Kards Open XI,bf:5fc0ff84971c1811b1c02525,lapotNIK,1486.0,128.9,3,1.12,2020-11-28
2022-05-01,Kards Open XI,bf:5fc13108a447ab4bb37e2e33,Az4zel,1479.8,121.0,6,2.24,2020-11-29
2022-05-01,Kards Open XI,bf:5fc133575ca52f15c00549a9,Legio_Victrix,1561.3,113.1,9,3.36,2020-11-29
2022-05-01,Kards Open XI,bf:5fc13c125d320863b86f1d60,聖訷殺,1460.7,131.9,2,0.75,2020-11-28
2022-05-01,Kards Open XI,bf:5fc13c6e4a99f533280c7373,Vavilon6,1642.9,80.2,33,14.09,2021-04-10
2022-05-01,Kards Open XI,bf:5fc1647ca447ab4bb37e3019,Lampround,1464.9,131.8,2,0.75,2020-11-28
2022-05-01,Kards Open XI,bf:5fc1741a4a3afe55318cf945,Waldemaras,1436.0,113.3,7,3.53,2021-06-26
2022-05-01,Kards Open XI,bf:5fc1760a2dc8793ada853e83,Thetankman3,1577.5,120.4,6,2.24,2020-11-29
2022-05-01,Kards Open XI,bf:5fc1c2f14a3afe55318cfd98,RudyFlyer,1463.8,88.4,13,10.52,2022-02-05
2022-05-01,Kards Open XI,bf:5fc1dd90043fd20cdf90e83e,BADmuji,1468.6,109.0,11,4.27,2021-02-06
2022-05-01,Kards Open XI,bf:5fc1dd9b2dc8793ada8544a3,GeneralMaximus_5,1465.0,125.5,4,1.49,2020-11-28
2022-05-01,Kards Open XI,bf:5fc1f746a2fd34654753e1ae,GearWolf1991,1472.1,115.3,8,2.99,2020-11-29
2022-05-01,Kards Open XI,bf:5fc2123f8ae4c5551e8b0129,Agent007,1487.1,122.8,5,1.87,2020-11-28
2022-05-01,Kards Open XI,bf:5fc21ebcb0ef7749130e6b81,Agumonster,1466.8,131.9,2,0.75,2020-11-28
2022-05-01,Kards Open XI,bf:5fc241c1f1aa2511d7251933,Reaper,1455.3,129.2,3,1.12,2020-11-28
2022-05-01,Kards Open XI,bf:5fc24f00971c1811b1c037b0,Wladca,1463.5,131.8,2,0.75,2020-11-28
2022-05-01,Kards Open XI,bf:5fc26afe6052f211a7127a71,yahya94,1481.5,122.6,5,1.87,2020-11-29
2022-05-01,Kards Open XI,bf:5fc2cfeb2350e111ca3e4a6e,Lan,1410.7,104.2,13,5.62,2021-02-21
2022-05-01,Kards Open XI,bf:5fd0f538f2b2ef0cb211c66d,winman82,1495.0,123.8,4,1.71,2021-02-06
2022-05-01,Kards Open XI,bf:6018722f6b7a4c1c7ef01779,"Котейка ПочтаЛион ""Каратель""",1479.3,121.1,5,2.13,2021-02-07
2022-05-01,Kards Open XI,bf:601995acbe9b881d09177a3a,Berserker,1436.6,127.8,3,1.28,2021-02-07
2022-05-01,Kards Open XI,bf:6019ce668e21aa1d188c190d,DJSF,1473.2,118.5,6,2.63,2021-02-21
2022-05-01,Kards Open XI,bf:601a74d5f4761b1d98293c14,gardr,1434.7,118.9,6,2.59,2021-02-20
2022-05-01,Kards Open XI,bf:601ad0d4bccfe11bd7952790,Bubblebox,1543.2,104.6,12,5.19,2021-02-21
2022-05-01,Kards Open XI,bf:601ae997fb69622ad6617823,Lord Zarax,1453.9,93.8,13,8.55,2022-02-05
2022-05-01,Kards Open XI,bf:601aface2eb6151da1f9651f,Amarok,1472.1,127.6,3,1.28,2021-02-06
2022-05-01,Kards Open XI,bf:601afc674443111ba564023d,RTylerW,1470.5,125.8,4,1.71,2021-02-06
2022-05-01,Kards Open XI,bf:601b5b897d76ec1b99358c6f,IMStarker,1461.8,121.9,5,2.17,2021-02-20
2022-05-01,Kards Open XI,bf:601c0e79b125d31d258fd278,Ish,1487.5,121.6,5,2.13,2021-02-07
2022-05-01,Kards Open XI,bf:601c4a12e848ea2ae5565fa7,UappaSguappa,1523.1,127.2,3,1.28,2021-02-06
2022-05-01,Kards Open XI,bf:601c52cb2eb6151da1f96ccf,Asarnil,1501.7,131.1,2,0.85,2021-02-06
2022-05-01,Kards Open XI,bf:601c5640242f461d92104636,Flironic,1486.1,135.3,1,0.43,2021-02-06
2022-05-01,Kards Open XI,bf:601c5831f4761b1d98294688,gillis,1477.9,134.7,1,0.43,2021-02-06
2022-05-01,Kards Open XI,bf:601c5d21bccfe11bd79533ba,NikitoSNaz,1486.0,121.4,5,2.13,2021-02-07
2022-05-01,Kards Open XI,bf:601c602c8989bb1d0ffd2d60,Boom Stand,1473.0,118.5,6,2.56,2021-02-07
2022-05-01,Kards Open XI,bf:601c66707d76ec1b99359336,Uncle_Gags,1470.4,132.2,2,0.85,2021-02-06
2022-05-01,Kards Open XI,bf:601c6d39ce01411daff6ce45,Ludo,1509.2,117.0,7,2.99,2021-02-07
2022-05-01,Kards Open XI,bf:601c71455470fa2af29f5034,Sebastianhenry,1460.1,118.5,6,2.56,2021-02-07
2022-05-01,Kards Open XI,bf:601c7bb24443111ba5640e9a,sleppy,1428.2,118.2,6,2.56,2021-02-07
2022-05-01,Kards Open XI,bf:601c9026bf58cf5f54a82622,adriano.rln2,1495.0,118.0,6,2.56,2021-02-07
2022-05-01,Kards Open XI,bf:601c914f7d548611be769699,Chippendale,1523.8,127.5,3,1.28,2021-02-06
2022-05-01,Kards Open XI,bf:601c994b3b155711d4677d1b,Thunderhide Alpha,1470.7,118.9,6,2.56,2021-02-07
2022-05-01,Kards Open XI,bf:601c9b3d2a229411c4dec493,JackaL,1485.2,127.2,3,1.28,2021-02-06
2022-05-01,Kards Open XI,bf:601c9f9ef8251e1bb7eb0fb5,PainmakeR,1358.2,79.0,31,16.9,2022-04-09
2022-05-01,Kards Open XI,bf:601cafe1bb724711bbdc0e41,diablojoker,1560.3,113.1,8,3.42,2021-02-13
2022-05-01,Kards Open XI,bf:601cb9e68f8ab5604536225b,xialang,1556.5,108.4,10,4.35,2021-02-27
2022-05-01,Kards Open XI,bf:601ccaa7df90f911ab030712,Smoky,1493.3,115.0,7,3.03,2021-04-03
2022-05-01,Kards Open XI,bf:601ccba636ceeb11b32b80ff,清水晴政,1579.7,95.3,11,8.31,2022-04-30
2022-05-01,Kards Open XI,bf:601ce5a78e21aa1d188c2da4,scarecrow,1561.1,100.6,8,6.51,2022-02-05
2022-05-01,Kards Open XI,bf:601cf711ce01411daff6d2c9,The Ice Baron,1508.9,124.2,4,1.71,2021-02-06
2022-05-01,Kards Open XI,bf:601d189a36ceeb11b32b81e2,MR.p,1571.3,105.9,10,5.07,2021-05-30
2022-05-01,Kards Open XI,bf:601d204cab29fd2adcd79a2d,Juliuspluvius,1498.0,113.1,7,3.59,2021-05-29
2022-05-01,Kards Open XI,bf:601d2fa3242f461d92104ad0,tief-pass,1492.4,121.9,5,2.13,2021-02-07
2022-05-01,Kards Open XI,bf:601d334704309b1b93074798,Jashin,1553.7,70.9,31,20.45,2022-04-30
2022-05-01,Kards Open XI,bf:601d4daaa3a63111ba7f6ad7,0331,1500.7,121.6,5,2.13,2021-02-07
2022-05-01,Kards Open XI,bf:601d68eabf58cf5f54a82fbf,LeeandGarros,1471.4,106.3,9,5.28,2021-11-06
2022-05-01,Kards Open XI,bf:601d6a1959fc1e11b57d5700,binhpac,1489.7,127.4,3,1.28,2021-02-06
2022-05-01,Kards Open XI,bf:601d6e10dca2311bb626f1d2,giannikas,1481.9,126.3,3,1.42,2021-04-03
2022-05-01,Kards Open XI,bf:601d724003f1bc1bc847aa4d,WarCrow,1495.3,118.4,6,2.56,2021-02-07
2022-05-01,Kards Open XI,bf:601d72b8945ba61bbd9b6b3e,JamesJimRaynor,1626.8,108.5,10,4.28,2021-02-13
2022-05-01,Kards Open XI,bf:601d8327ce01411daff6dde0,zvezda,1549.5,116.0,7,2.99,2021-02-07
2022-05-01,Kards Open XI,bf:601d841d36ceeb11b32b8857,Чайный Игрок,1460.1,131.0,2,0.85,2021-02-06
2022-05-01,Kards Open XI,bf:601d8d265470fa2af29f55e8,Bronzeguy,1501.0,124.1,4,1.71,2021-02-06
2022-05-01,Kards Open XI,bf:601dacd85156047698264137,pelota,1564.8,115.7,7,2.99,2021-02-13
2022-05-01,Kards Open XI,bf:601dd93585cc4e75ecefaa9c,X_predator,1443.0,110.5,7,4.14,2021-11-06
2022-05-01,Kards Open XI,bf:601ddad214499975b676d714,Autisticles,1491.2,124.3,4,1.71,2021-02-06
2022-05-01,Kards Open XI,bf:601dff5114499975b676d7fb,Vladimir_the_Great,1460.3,118.4,6,2.56,2021-02-07
2022-05-01,Kards Open XI,bf:601e170e8b295778d1474505,TriggerMcHappy,1493.6,131.1,2,0.85,2021-02-06
2022-05-01,Kards Open XI,bf:601e1a04b66ee1767c0f19bf,metaman0,1502.4,118.4,6,2.56,2021-02-07
2022-05-01,Kards Open XI,bf:601e4222507c147700ac949d,Bishamon,1443.8,95.2,18,8.07,2021-04-04
2022-05-01,Kards Open XI,bf:601e45ae6c6f1475e154a175,cws1968,1484.8,121.1,5,2.13,2021-02-07
2022-05-01,Kards Open XI,bf:601e5d325156047698264588,idslksyllbls,1530.4,115.5,7,2.99,2021-02-07
2022-05-01,Kards Open XI,bf:601e60c914499975b676db49,Agasfer88,1496.8,118.3,6,2.56,2021-02-07
2022-05-01,Kards Open XI,bf:601e734995780078daf3e9cf,Budark,1501.8,130.7,2,0.85,2021-02-06
2022-05-01,Kards Open XI,bf:601e77957e074a75c3e36c24,Drazer,1507.5,124.2,4,1.71,2021-02-07
2022-05-01,Kards Open XI,bf:601e7dd895780078daf3ed80,VadimPoltava,1464.5,124.2,4,1.71,2021-02-06
2022-05-01,Kards Open XI,bf:601e7e5af38de8768ef0dbdf,Funnies,1486.3,135.3,1,0.43,2021-02-06
2022-05-01,Kards Open XI,bf:601e92a7e5c01375db7f5de8,stevenj21,1462.8,107.4,11,4.76,2021-02-21
2022-05-01,Kards Open XI,bf:601e9b8beae820768baef5db,Csasz74,1398.2,118.9,6,2.65,2021-04-03
2022-05-01,Kards Open XI,bf:601e9c49e5c01375db7f5e53,Heliks,1536.4,118.3,6,2.56,2021-02-07
2022-05-01,Kards Open XI,bf:601e9d308392ff75fb351ffc,Хлебный Игрок,1479.7,134.7,1,0.43,2021-02-06
2022-05-01,Kards Open XI,bf:601ea179eae820768baef620,notturno68,1453.1,130.9,2,0.85,2021-02-06
2022-05-01,Kards Open XI,bf:601ea84d2cdc35768253b653,pablonsky,1468.9,131.6,2,0.85,2021-02-06
2022-05-01,Kards Open XI,bf:602bf7e108d6c576f70885be,ACE YUR FACE,1510.9,118.4,6,2.63,2021-02-21
2022-05-01,Kards Open XI,bf:602c0e5389472a782b9cbc26,Shockwave750,1547.9,117.3,6,2.64,2021-02-27
2022-05-01,Kards Open XI,bf:602c2018507c147700acf905,Bomber_Harris,1468.1,118.6,6,2.63,2021-02-21
2022-05-01,Kards Open XI,bf:602c22cdabb67b53bb4c4954,Haruna Izumi,1453.7,121.3,5,2.19,2021-02-21
2022-05-01,Kards Open XI,bf:602d35b5e953470c8c2eb398,skippu_white,1454.9,121.2,5,2.19,2021-02-21
2022-05-01,Kards Open XI,bf:602d5acba74cc17c31b7d9af,Nyarlathotep,1537.3,68.1,38,22.21,2022-02-05
2022-05-01,Kards Open XI,bf:602efa92d7a4147c1146d997,Dynamo D,1552.9,112.2,8,3.52,2021-02-27
2022-05-01,Kards Open XI,bf:602f98dc95b59911a33166f5,Craylight,1437.1,120.5,5,2.19,2021-02-21
2022-05-01,Kards Open XI,bf:6030551a73965f35ae461762,log1c,1550.7,102.1,13,5.96,2021-04-10
2022-05-01,Kards Open XI,bf:6030a2af3222cb45216b822e,DarkwingedTrumpeter,1435.5,127.2,3,1.31,2021-02-20
2022-05-01,Kards Open XI,bf:6039135967b58f1e04196610,CEO of Racism,1515.2,116.4,6,2.85,2021-04-04
2022-05-01,Kards Open XI,bf:603aca86a4a3f111939e5346,Druso,1565.5,103.9,7,5.99,2022-02-26
2022-05-01,Kards Open XI,bf:603cfe1ab328151e11b92549,buzzAldrin,1490.6,113.4,5,3.58,2021-11-06
2022-05-01,Kards Open XI,bf:604e70169811de4a8929cc66,chrasi,1537.9,107.1,9,4.6,2021-06-26
2022-05-01,Kards Open XI,bf:60509713496ba24d0604cc08,TreePipit,1602.8,67.3,32,23.71,2022-03-26
2022-05-01,Kards Open XI,bf:6050d9c1d164f74b8e7830c0,AnTeallach,1506.7,123.0,4,1.9,2021-04-03
2022-05-01,Kards Open XI,bf:6050dd83d164f74b8e7830f8,VyC,1523.4,117.3,6,2.85,2021-04-04
2022-05-01,Kards Open XI,bf:60512d0b3ae2c317e32bcf66,Ace29,1506.1,113.9,6,3.34,2021-06-26
2022-05-01,Kards Open XI,bf:6051fe41cbd09156d261e80c,Io de Scylla,1503.7,116.2,6,2.85,2021-04-04
2022-05-01,Kards Open XI,bf:60520c7e3ae2c317e32bd629,Grenadier Gomby,1516.2,116.6,6,2.85,2021-04-04
2022-05-01,Kards Open XI,bf:6061f0d91d5ed13ba0590c8c,NikolaTesla,1475.7,134.3,1,0.47,2021-04-03
2022-05-01,Kards Open XI,bf:606205aa77b5c319f9259197,Spaghetti Dan,1458.9,114.9,7,3.32,2021-04-04
2022-05-01,Kards Open XI,bf:60620a3ddb064f11ae99a9cc,BlatherskiteChannel,1461.2,130.5,2,0.95,2021-04-03
2022-05-01,Kards Open XI,bf:60623bfcfe869e359192bdb3,Richard Zorge ( tfcvgy),1472.0,134.2,1,0.47,2021-04-03
2022-05-01,Kards Open XI,bf:60624761e23edf11a8fbebab,Eric Haas,1450.6,114.5,7,3.32,2021-04-04
2022-05-01,Kards Open XI,bf:6062d422fe869e359192c071,rezvuhin.dmitrij,1477.6,134.3,1,0.47,2021-04-03
2022-05-01,Kards Open XI,bf:60631191ef449e2156a5adf9,saiko,1530.5,114.2,7,3.32,2021-04-04
2022-05-01,Kards Open XI,bf:6064433143507c17f08ff721,lutherizz,1477.9,123.7,4,1.9,2021-04-03
2022-05-01,Kards Open XI,bf:60644d12bea76d63440e66db,casatron,1489.4,126.8,3,1.42,2021-04-03
2022-05-01,Kards Open XI,bf:6064772a1dc5b905e3c0ff51,repose,1634.7,79.0,20,14.77,2022-02-26
2022-05-01,Kards Open XI,bf:60647b02521bb713377d6f5c,Zilda,1600.0,94.7,16,8.02,2021-05-30
2022-05-01,Kards Open XI,bf:60649133d9c5a005c360423e,Rusl,1442.4,127.2,3,1.42,2021-04-03
2022-05-01,Kards Open XI,bf:6064975b99c79405c943b28f,#romano737,1474.5,119.3,5,2.37,2021-04-04
2022-05-01,Kards Open XI,bf:6064b09a65d11d138804412a,ttolpann,1484.2,119.5,5,2.37,2021-04-04
2022-05-01,Kards Open XI,bf:6064c336521bb713377d7223,Bazsi500,1433.6,126.4,3,1.42,2021-04-03
2022-05-01,Kards Open XI,bf:6065dd291b083505d3f69759,kusanagui2501,1476.5,134.1,1,0.47,2021-04-03
2022-05-01,Kards Open XI,bf:6065e506c75b3f32bc8957c9,Fortress,1464.7,123.0,4,1.9,2021-04-03
2022-05-01,Kards Open XI,bf:60665059bea76d63440e763f,ethen,1498.4,121.6,5,2.37,2021-04-04
2022-05-01,Kards Open XI,bf:60674f097230f532c22615b9,dodos,1515.3,117.6,6,2.85,2021-04-04
2022-05-01,Kards Open XI,bf:60676fb11d5ed13ba0593743,marcelinovegaviejo,1488.6,135.6,1,0.47,2021-04-03
2022-05-01,Kards Open XI,bf:60677695fe869e359192e820,benny,1501.9,130.2,2,0.95,2021-04-03
2022-05-01,Kards Open XI,bf:6068332c521bb713377d8fdf,melenkurion,1478.1,134.2,1,0.47,2021-04-03
2022-05-01,Kards Open XI,bf:60685007d0955e11e2b013f4,germanicus438,1470.6,72.5,31,20.12,2022-04-09
2022-05-01,Kards Open XI,bf:606854ffd0955e11e2b01407,Magnus_Aurel,1519.8,116.4,6,2.85,2021-04-10
2022-05-01,Kards Open XI,bf:60687ce718f0251191ca9656,Gagarinyasha,1453.7,122.7,4,1.9,2021-04-03
2022-05-01,Kards Open XI,bf:60687eb5eea041235d6db8aa,#nini,1438.1,119.6,5,2.37,2021-04-04
2022-05-01,Kards Open XI,bf:6070a8022fd5451122c65ae8,apara,1611.2,70.5,29,20.84,2022-03-26
2022-05-01,Kards Open XI,bf:60721ccb5c1419118df3a796,OOUTAIWAN,1493.2,87.7,20,11.38,2021-08-21
2022-05-01,Kards Open XI,bf:60763581b7083a45e0c65882,Thunder,1448.6,128.9,2,1.11,2021-06-26
2022-05-01,Kards Open XI,bf:607823b0c75b3f32bc89dbca,White Eagle,1598.6,89.0,18,10.12,2021-08-21
2022-05-01,Kards Open XI,bf:60946d0dab3bf12889662245,VikingClog,1463.3,114.8,6,3.16,2021-05-29
2022-05-01,Kards Open XI,bf:60953c50980c9b122a48e011,#magnetto_man,1470.1,115.4,6,3.16,2021-05-29
2022-05-01,Kards Open XI,bf:6096f16136c672120ab703d4,DdE,1481.1,110.6,5,4.2,2022-01-29
2022-05-01,Kards Open XI,bf:609b0f8f7b748611b20fea75,Niebieski,1373.3,117.9,3,2.8,2022-03-26
2022-05-01,Kards Open XI,bf:609b70096b6b3d37fdd49225,TheFrenchHolyTemplar,1487.6,106.2,7,5.03,2022-01-29
2022-05-01,Kards Open XI,bf:60a356b944cea86cbcb2d935,Rngesus,1435.9,118.4,5,2.64,2021-05-29
2022-05-01,Kards Open XI,bf:60a3bf649226326cec5f141a,SkillKill,1433.5,125.8,3,1.58,2021-05-29
2022-05-01,Kards Open XI,bf:60a3f0a911d3b171064316ce,Obristan,1468.6,125.0,3,1.58,2021-05-29
2022-05-01,Kards Open XI,bf:60a432af9226326cec5f185b,MeRoll,1460.5,107.9,9,4.83,2021-06-26
2022-05-01,Kards Open XI,bf:60a503770ee905712684a97d,Leichelot1,1440.6,119.1,5,2.64,2021-05-29
2022-05-01,Kards Open XI,bf:60a543cc9c13276cd6914076,#MrEcho,1475.4,117.5,5,2.64,2021-05-29
2022-05-01,Kards Open XI,bf:60a5955444cea86cbcb2ebc2,Tanner,1460.7,129.8,2,1.05,2021-05-29
2022-05-01,Kards Open XI,bf:60a61caf0327e8746992e60b,estienne2,1427.6,103.1,11,5.94,2021-06-26
2022-05-01,Kards Open XI,bf:60a6368e0072106f76db29dd,Skiller,1385.1,118.4,5,2.64,2021-05-29
2022-05-01,Kards Open XI,bf:60a65e7e982b577479221d7e,Hackfresse,1465.9,109.9,8,4.37,2021-08-07
2022-05-01,Kards Open XI,bf:60a67f38000fb03f36004b2c,Dindalian,1563.8,99.2,13,7.06,2021-06-27
2022-05-01,Kards Open XI,bf:60a685a99c13276cd691508d,loud and clear,1452.7,102.1,11,5.94,2021-06-26
2022-05-01,Kards Open XI,bf:60a7c75f9c13276cd691586e,devil,1535.7,110.8,8,4.25,2021-06-26
2022-05-01,Kards Open XI,bf:60a9f588982b57747922392a,Marek,1514.2,102.1,11,5.94,2021-06-26
2022-05-01,Kards Open XI,bf:60aaf2216dada66f5e2a839e,ChemistryMaster,1469.8,133.8,1,0.53,2021-05-29
2022-05-01,Kards Open XI,bf:60abd00e9226326cec5f56e5,Garand Конституції,1451.5,121.8,4,2.11,2021-05-29
2022-05-01,Kards Open XI,bf:60ae026e000fb03f36007a83,EcholoQE,1483.5,134.5,1,0.53,2021-05-29
2022-05-01,Kards Open XI,bf:60ae60e26dada66f5e2a9239,ERB0L,1617.1,90.6,17,9.53,2021-09-04
2022-05-01,Kards Open XI,bf:60b0a4d9835684119d3312d6,Bob1974,1442.9,118.8,5,2.64,2021-05-29
2022-05-01,Kards Open XI,bf:60b1d9960072106f76db7938,FrosT_NF,1412.1,114.9,6,3.16,2021-05-29
2022-05-01,Kards Open XI,bf:60b2450639bdbb113a68b017,*UBI_ghost,1447.4,118.5,5,2.64,2021-05-29
2022-05-01,Kards Open XI,bf:60c514950332eb573b6ef25d,polancowoods45,1429.5,118.0,5,2.78,2021-06-26
2022-05-01,Kards Open XI,bf:60c61341543cd91a5d592af7,Hispano,1599.0,98.9,9,7.62,2022-02-05
2022-05-01,Kards Open XI,bf:60c929871a01bf49674e1815,HW Plainview,1394.4,118.9,5,2.78,2021-06-26
2022-05-01,Kards Open XI,bf:60c939761fb30a26a0ea6e03,Dindomir,1492.3,124.1,3,1.81,2021-08-07
2022-05-01,Kards Open XI,bf:60c9b27ea95cd94e9dae5da2,虚无主义,1525.6,114.8,6,3.34,2021-06-26
2022-05-01,Kards Open XI,bf:60ca4cb5a95cd94e9dae6026,Kindero,1482.6,134.3,1,0.56,2021-06-26
2022-05-01,Kards Open XI,bf:60ca80ace39b28468395e0c2,PAGMARE,1607.1,95.2,12,7.82,2021-11-27
2022-05-01,Kards Open XI,bf:60cb505451487a4eb2227f1a,Vector,1481.9,127.2,3,1.67,2021-06-26
2022-05-01,Kards Open XI,bf:60d7295878f6123d75383e7c,Unskilz,1490.7,114.0,6,3.34,2021-06-26
2022-05-01,Kards Open XI,sgg:2353966,ㅡㅠ,1480.7,119.0,3,2.55,2022-02-05
2022-05-01,Kards Open XI,sgg:2374037,Raslin2006,1447.2,126.0,3,2.15,2021-11-06
2022-05-01,Kards Open XI,sgg:2374874,Hayboza,1530.0,120.1,4,2.41,2021-08-07
2022-05-01,Kards Open XI,sgg:2375094,Krch,1449.6,126.2,3,1.81,2021-08-07
2022-05-01,Kards Open XI,sgg:2375354,Brightstar,1436.0,123.3,4,2.41,2021-08-07
2022-05-01,Kards Open XI,sgg:2375403,Tofisow,1447.3,117.3,5,3.01,2021-08-07
2022-05-01,Kards Open XI,sgg:2375442,Noein5,1733.6,66.1,31,25.98,2022-05-01
2022-05-01,Kards Open XI,sgg:2380599,TheArticle,1430.1,124.9,3,1.81,2021-08-07
2022-05-01,Kards Open XI,sgg:2382579,xyloser,1675.2,105.6,8,4.95,2021-09-07
2022-05-01,Kards Open XI,sgg:2386070,,1509.7,115.6,5,3.09,2021-08-21
2022-05-01,Kards Open XI,sgg:2388207,百里蒿,1719.4,89.7,10,9.75,2022-05-01
2022-05-01,Kards Open XI,sgg:2407266,BEATWELL,1476.9,121.4,4,2.47,2021-08-21
2022-05-01,Kards Open XI,sgg:2408029,Nanohard,1435.7,116.1,5,3.09,2021-08-21
2022-05-01,Kards Open XI,sgg:2408269,常凯申队长,1541.0,114.8,5,3.09,2021-08-21
2022-05-01,Kards Open XI,sgg:2408285,Surcouf,1461.8,120.0,4,2.47,2021-08-21
2022-05-01,Kards Open XI,sgg:2409441,0944,1485.3,123.1,3,1.86,2021-08-21
2022-05-01,Kards Open XI,sgg:2409467,老虎不发猫,1606.8,71.2,25,19.57,2022-04-30
2022-05-01,Kards Open XI,sgg:2410346,Kevin Wu,1495.8,116.0,5,3.09,2021-08-21
2022-05-01,Kards Open XI,sgg:2410397,BurningLAN,1445.9,125.7,3,1.86,2021-08-21
2022-05-01,Kards Open XI,sgg:2483760,钟离梓,1705.2,87.0,13,11.3,2022-05-01
2022-05-01,Kards Open XI,sgg:2483766,black_nao,1470.8,93.4,11,8.55,2022-01-29
2022-05-01,Kards Open XI,sgg:2485067,敦刻尔克没有白色,1505.3,122.7,3,2.15,2021-11-06
2022-05-01,Kards Open XI,sgg:2489723,Gat0,1596.9,72.5,24,19.68,2022-04-09
2022-05-01,Kards Open XI,sgg:2494716,gotoh,1447.0,104.3,8,5.82,2021-11-20
2022-05-01,Kards Open XI,sgg:2495272,General Winter,1591.2,91.6,11,9.29,2022-02-05
2022-05-01,Kards Open XI,sgg:2498198,Casti,1523.2,83.6,14,12.29,2022-04-09
2022-05-01,Kards Open XI,sgg:2503368,Carolus_Rex,1527.1,109.5,6,4.3,2021-11-06
2022-05-01,Kards Open XI,sgg:2504326,Caspian44,1468.5,101.0,9,6.52,2021-11-20
2022-05-01,Kards Open XI,sgg:2504781,Xalulay Toddy,1393.5,118.5,4,2.86,2021-11-06
2022-05-01,Kards Open XI,sgg:2505109,Wyatt Durp,1377.2,105.9,8,5.78,2021-11-20
2022-05-01,Kards Open XI,sgg:2505286,HRG Surplus,1408.9,122.8,3,2.15,2021-11-06
2022-05-01,Kards Open XI,sgg:2505365,bruce,1428.0,126.3,2,1.43,2021-11-06
2022-05-01,Kards Open XI,sgg:2506738,Pete2019,1439.8,94.1,11,8.45,2022-02-05
2022-05-01,Kards Open XI,sgg:2518580,TheBearJew212,1512.9,121.4,3,2.21,2021-11-20
2022-05-01,Kards Open XI,sgg:2518593,dsada,1673.7,98.0,8,7.6,2022-04-30
2022-05-01,Kards Open XI,sgg:2519625,Tibetan Sunshine,1482.5,116.7,4,2.86,2021-11-06
2022-05-01,Kards Open XI,sgg:2520081,Wastecan,1440.3,86.9,15,11.58,2022-01-29
2022-05-01,Kards Open XI,sgg:2616063,Baron Von Glower,1599.5,89.7,11,9.99,2022-04-30
2022-05-01,Kards Open XI,sgg:2616143,Austerlitz,1481.4,118.7,3,2.55,2022-02-05
2022-05-01,Kards Open XI,sgg:2619898,たかみや なほ,1564.5,113.8,4,3.36,2022-01-29
2022-05-01,Kards Open XI,sgg:2620876,我是抖m,1486.8,99.0,8,6.78,2022-02-05
2022-05-01,Kards Open XI,sgg:2620886,KARAKATITSA,1410.4,111.0,5,4.25,2022-02-05
2022-05-01,Kards Open XI,sgg:2621073,dian,1655.1,79.0,18,15.84,2022-04-09
2022-05-01,Kards Open XI,sgg:2621386,rodrigofeija,1381.3,104.9,7,5.92,2022-02-05
2022-05-01,Kards Open XI,sgg:2621899,JLukeSkywalker,1392.9,117.3,4,3.36,2022-01-29
2022-05-01,Kards Open XI,sgg:2621966,Vanguard,1571.9,105.5,6,5.11,2022-02-05
2022-05-01,Kards Open XI,sgg:2621971,Seberty,1507.0,78.2,18,16.11,2022-04-09
2022-05-01,Kards Open XI,sgg:2621982,norouisd,1642.9,82.3,14,13.46,2022-05-01
2022-05-01,Kards Open XI,sgg:2622223,Robko,1475.2,96.2,9,7.61,2022-02-05
2022-05-01,Kards Open XI,sgg:2623660,ShutzStaffel,1494.7,113.6,4,3.4,2022-02-05
2022-05-01,Kards Open XI,sgg:2623677,Karra_Chr,1372.1,104.4,7,5.92,2022-02-05
2022-05-01,Kards Open XI,sgg:2624037,Chavi,1495.3,113.8,4,3.4,2022-02-05
2022-05-01,Kards Open XI,sgg:2624357,DanielD,1484.5,111.4,5,4.2,2022-01-29
2022-05-01,Kards Open XI,sgg:2624368,Graptolith,1483.3,118.5,3,2.8,2022-03-26
2022-05-01,Kards Open XI,sgg:2624640,maximuswdead,1397.6,84.4,14,12.66,2022-04-09
2022-05-01,Kards Open XI,sgg:2624669,李秀佛,1537.0,118.7,3,2.55,2022-02-05
2022-05-01,Kards Open XI,sgg:2624691,guorq123456,1465.8,119.0,3,2.52,2022-01-29
2022-05-01,Kards Open XI,sgg:2624728,henry449856878,1482.4,96.7,9,7.62,2022-02-05
2022-05-01,Kards Open XI,sgg:2624805,Dutang Clem,1477.2,111.4,5,4.25,2022-02-05
2022-05-01,Kards Open XI,sgg:2625266,Waifu no Mikoto,1609.6,107.4,6,5.08,2022-02-26
2022-05-01,Kards Open XI,sgg:2625715,Hell the Rubbish Server,1330.4,107.3,7,5.92,2022-02-05
2022-05-01,Kards Open XI,sgg:2626492,Turkish_Panzer,1527.7,132.3,1,0.84,2022-01-29
2022-05-01,Kards Open XI,sgg:2627089,Dragoncall,1515.1,97.5,9,7.61,2022-02-05
2022-05-01,Kards Open XI,sgg:2627200,Mavzoley30,1377.4,115.7,4,3.36,2022-01-29
2022-05-01,Kards Open XI,sgg:2627360,Head,1442.3,98.5,8,7.14,2022-03-26
2022-05-01,Kards Open XI,sgg:2627977,Civsully1,1456.8,119.0,3,2.52,2022-01-29
2022-05-01,Kards Open XI,sgg:2628408,Suicidal,1295.4,103.3,9,7.61,2022-02-05
2022-05-01,Kards Open XI,sgg:2628603,Meteor,1465.9,107.3,6,5.11,2022-02-05
2022-05-01,Kards Open XI,sgg:2628704,Dolohov Paulus,1506.8,119.9,3,2.52,2022-01-29
2022-05-01,Kards Open XI,sgg:2628773,freddy-marty,1552.5,85.3,14,12.19,2022-03-26
2022-05-01,Kards Open XI,sgg:2628897,Neal,1416.3,109.4,5,4.67,2022-03-26
2022-05-01,Kards Open XI,sgg:2629235,Adrian,1391.6,117.2,4,3.36,2022-01-29
2022-05-01,Kards Open XI,sgg:2629300,BogdanCojo,1392.2,119.4,3,2.52,2022-01-29
2022-05-01,Kards Open XI,sgg:2629560,Nahot,1432.6,125.2,2,1.68,2022-01-29
2022-05-01,Kards Open XI,sgg:2630336,Ghazus,1454.6,130.9,1,0.84,2022-01-29
2022-05-01,Kards Open XI,sgg:2630473,MorS,1537.8,116.1,4,3.36,2022-01-29
2022-05-01,Kards Open XI,sgg:2630669,True_North,1525.5,91.4,11,9.86,2022-03-26
2022-05-01,Kards Open XI,sgg:2630763,Munson,1427.6,106.4,6,5.11,2022-02-05
2022-05-01,Kards Open XI,sgg:2630828,Bad Wulf,1481.8,110.2,5,4.25,2022-02-05
2022-05-01,Kards Open XI,sgg:2631910,WarHammer,1429.9,115.1,4,3.4,2022-02-05
2022-05-01,Kards Open XI,sgg:2631948,Easy_101,1394.2,90.1,12,10.81,2022-04-09
2022-05-01,Kards Open XI,sgg:2633715,JanlandMapper,1471.6,111.0,5,4.25,2022-02-05
2022-05-01,Kards Open XI,sgg:2633871,Gaijin,1391.6,120.0,3,2.55,2022-02-05
2022-05-01,Kards Open XI,sgg:2636686,Radziszcze,1359.8,94.7,10,8.92,2022-03-26
2022-05-01,Kards Open XI,sgg:2640557,astrobooey,1550.7,109.0,5,4.25,2022-02-05
2022-05-01,Kards Open XI,sgg:2695609,Canis1641,1437.5,113.7,4,3.74,2022-03-26
2022-05-01,Kards Open XI,sgg:2695825,Renivius,1448.4,117.5,3,2.8,2022-03-26
2022-05-01,Kards Open XI,sgg:2695829,ION,1452.1,117.9,3,2.8,2022-03-26
2022-05-01,Kards Open XI,sgg:2696041,变成光守护阿梓公主,1582.9,112.9,4,3.84,2022-04-09
2022-05-01,Kards Open XI,sgg:2696954,ROBERTKRYT,1372.6,114.7,4,3.74,2022-03-26
2022-05-01,Kards Open XI,sgg:2697202,Theresomthinginthedoor,1533.6,118.7,3,2.8,2022-03-26
2022-05-01,Kards Open XI,sgg:2699470,ccgacc75,1363.9,113.9,4,3.84,2022-04-09
2022-05-01,Kards Open XI,sgg:2699767,星熊勇儀,1464.1,118.2,3,2.8,2022-03-26
2022-05-01,Kards Open XI,sgg:2700939,Nguyenmi7,1503.6,103.8,6,5.6,2022-03-26
2022-05-01,Kards Open XI,sgg:2701316,drs,1391.7,122.9,2,1.87,2022-03-26
2022-05-01,Kards Open XI,sgg:2704861,Catosoup,1460.4,117.5,3,2.8,2022-03-26
2022-05-01,Kards Open XI,sgg:2706665,Emil,1550.5,99.5,7,6.61,2022-04-09
2022-05-01,Kards Open XI,sgg:2708527,JQueen7,1548.2,113.4,4,3.84,2022-04-09
2022-05-01,Kards Open XI,sgg:2709342,MoERo,1576.9,103.1,6,5.76,2022-04-09
2022-05-01,Kards Open XI,sgg:2712705,albertaenterprises,1487.9,119.6,3,2.88,2022-04-09
2022-05-01,Kards Open XI,sgg:2718501,melog1,1408.6,122.9,2,1.92,2022-04-09
2022-05-01,Kards Open XI,sgg:375061,Thanatron,1586.1,88.6,15,10.13,2021-11-27
2022-06-26,Kards Open XII,bf:544fd1e1a3aee26f0b100edb,121,1511.7,112.6,13,3.43,2020-08-30
2022-06-26,Kards Open XII,bf:55a9e6f380ec56430032820c,swigmonkey,1469.0,125.5,4,1.53,2021-02-06
2022-06-26,Kards Open XII,bf:564e7b5b80b8db4a00c4ff9c,Jking7,1723.2,50.4,102,52.24,2022-06-25
2022-06-26,Kards Open XII,bf:56bf93a68b6bc7030304a789,Kynio,1494.0,122.7,7,1.85,2020-07-26
2022-06-26,Kards Open XII,bf:56ed79634fdf9b7e1224dddc,[DB] Praetorian,1530.2,129.2,4,1.06,2020-07-25
2022-06-26,Kards Open XII,bf:57101bc80b3b0f8312f27ec5,Socialist,1527.5,96.3,16,7.59,2021-11-06
2022-06-26,Kards Open XII,bf:572751089b61d587125da415,Pad,1524.0,120.8,8,2.12,2020-07-26
2022-06-26,Kards Open XII,bf:5784f8bcf26da72d0cd20f65,LuckyLuke,1478.2,105.5,17,4.94,2020-11-28
2022-06-26,Kards Open XII,bf:57a1697c8c3386280ca04b34,batis,1526.9,98.8,21,6.59,2021-04-04
2022-06-26,Kards Open XII,bf:57b5a7ffabd8181c0cfdf304,CaptainA,1661.5,79.0,24,14.81,2022-05-28
2022-06-26,Kards Open XII,bf:5931f755f2d1a503331ea51d,Chrisca,1501.1,133.8,2,0.53,2020-07-25
2022-06-26,Kards Open XII,bf:596dd6d3014e6b033a8a1275,RainZone,1558.3,121.0,8,2.12,2020-07-26
2022-06-26,Kards Open XII,bf:59b91e3e40985d034416fd27,Isenberg,1497.3,133.7,2,0.53,2020-07-25
2022-06-26,Kards Open XII,bf:5a4d98c332953903641106de,Freddie,1554.1,104.3,17,5.14,2020-11-29
2022-06-26,Kards Open XII,bf:5a58cabb82c7de043a3c289b,[TNT] marvin_the_imp,1500.2,131.8,2,0.77,2021-02-06
2022-06-26,Kards Open XII,bf:5a8879b76c3ac00358830d7c,Benji,1518.0,102.8,16,5.71,2021-02-07
2022-06-26,Kards Open XII,bf:5ad6b5686a20dd03885fa1d1,Jugador,1510.7,127.1,5,1.32,2020-07-26
2022-06-26,Kards Open XII,bf:5b0094b93d8b3603b86987cc,Bob the Tomato,1482.3,128.8,4,1.13,2020-08-30
2022-06-26,Kards Open XII,bf:5b38c676cbd82c03a4f28e8f,doge34,1602.3,78.0,35,15.17,2022-06-25
2022-06-26,Kards Open XII,bf:5b499abbdbda4803ac64b712,SdCorpse,1517.5,129.5,3,1.01,2020-11-28
2022-06-26,Kards Open XII,bf:5bef1fd422a55803cb340a40,OHxCORNGUY,1607.5,73.1,29,18.45,2022-05-28
2022-06-26,Kards Open XII,bf:5c3b6b20304450039e51c054,Yorrit,1416.1,90.2,17,10.06,2022-04-09
2022-06-26,Kards Open XII,bf:5c4d3b7150078403fe2d5308,龍槍雷斯林(raslin2006),1526.9,104.5,11,5.32,2021-06-26
2022-06-26,Kards Open XII,bf:5c4dca4fa9f6820352797666,VildeScarz,1624.6,93.8,16,8.38,2022-02-26
2022-06-26,Kards Open XII,bf:5c7e66cd2dd6e4033a9d5fd1,Elikur,1507.1,104.2,12,5.4,2021-08-07
2022-06-26,Kards Open XII,bf:5c834379fdf5df032965d470,Johnny,1512.7,131.2,3,0.79,2020-07-25
2022-06-26,Kards Open XII,bf:5d26bcf5c9bf6055b457dfb5,UkrainianKing,1565.3,95.1,21,7.65,2021-05-30
2022-06-26,Kards Open XII,bf:5d47ab5c0451666910e5c0af,Joshua12450,1480.9,128.5,3,1.15,2021-02-06
2022-06-26,Kards Open XII,bf:5d4eae596c2b2139a67ce680,Punpun,1484.7,119.5,5,2.37,2021-05-29
2022-06-26,Kards Open XII,bf:5d6bf8a0238bc73c869e6430,Niemand,1469.9,132.7,2,0.67,2020-11-28
2022-06-26,Kards Open XII,bf:5dadf6683f9f8d27e2e9cc0b,GKZhukov,1592.9,98.3,17,6.65,2021-02-27
2022-06-26,Kards Open XII,bf:5dff9d39fafe5a70cf39ed01,Time to harsh your buzz!,1469.7,133.3,2,0.56,2020-08-29
2022-06-26,Kards Open XII,bf:5e055721e0b14c3515213776,sk1091,1490.9,136.5,1,0.28,2020-08-29
2022-06-26,Kards Open XII,bf:5e47e9a0f854af105e7ca35f,tominkorea,1462.7,116.4,6,2.84,2021-05-29
2022-06-26,Kards Open XII,bf:5e6a39a3f1f90c345a8e7fcd,Yakin,1536.0,117.3,7,2.76,2021-02-27
2022-06-26,Kards Open XII,bf:5e7e00974f03651058bba114,Camm,1508.4,118.0,6,2.56,2021-04-04
2022-06-26,Kards Open XII,bf:5e7fb8e3d7ce547b37484302,jaja,1504.0,132.4,2,0.67,2020-11-28
2022-06-26,Kards Open XII,bf:5e889af67a9c4c10932a6ca9,usp45master,1526.2,93.3,19,8.33,2021-06-26
2022-06-26,Kards Open XII,bf:5e9cf8ff72e2961f747c7978,DARKCA5TLE,1576.5,109.2,11,4.23,2021-04-10
2022-06-26,Kards Open XII,bf:5eb572f0a795290866140381,rdbigdog,1565.7,121.2,7,2.14,2020-11-28
2022-06-26,Kards Open XII,bf:5eb598330abb797ad38acaee,NonGMOSalt,1572.5,98.4,18,6.63,2021-05-30
2022-06-26,Kards Open XII,bf:5eb62f23aefaaf170fa23f33,Blue_Blast,1483.8,122.1,3,1.98,2021-11-20
2022-06-26,Kards Open XII,bf:5eb6495f5d6f1b5d1c5d7d95,kenny,1495.1,110.6,11,4.02,2021-05-29
2022-06-26,Kards Open XII,bf:5eb65df574f31a11dd226b38,Darkness,1844.3,64.8,80,37.89,2022-03-26
2022-06-26,Kards Open XII,bf:5eb708950fe915528f90abfd,Donald Trump,1501.6,118.0,10,2.52,2020-07-26
2022-06-26,Kards Open XII,bf:5eb7670e5e789b4b50a06de2,WHEEL3R,1557.8,87.1,34,10.71,2021-02-27
2022-06-26,Kards Open XII,bf:5ebc5c7aec210a06ae04d4d4,Snefru,1606.7,102.2,22,5.83,2020-09-05
2022-06-26,Kards Open XII,bf:5ebd8cafb3bec004beff6eff,[AAA] Caps04,1549.9,109.2,13,4.15,2021-02-07
2022-06-26,Kards Open XII,bf:5ebd9402b92b28521a098ec8,Bubbles,1638.6,77.9,38,15.72,2021-11-06
2022-06-26,Kards Open XII,bf:5ebea2fd1eafc755976c161a,Drogear,1583.8,113.3,14,3.57,2020-08-29
2022-06-26,Kards Open XII,bf:5ebea8a9bfed616b75962b6a,Forgestryker,1543.2,113.6,12,3.44,2020-11-28
2022-06-26,Kards Open XII,bf:5ec038e2256baa1d38011a05,Vinny,1653.6,55.3,67,39.17,2022-06-25
2022-06-26,Kards Open XII,bf:5ec14e2baf9b8d5641b7a639,handor95,1403.0,108.8,12,4.78,2022-01-29
2022-06-26,Kards Open XII,bf:5ec2a6dafd8a561535cde2a5,V0R0N92,1535.9,70.9,42,19.78,2022-02-05
2022-06-26,Kards Open XII,bf:5ec2ace2fd8a561535cde2e1,MJT,1497.8,133.3,2,0.56,2020-08-29
2022-06-26,Kards Open XII,bf:5ec2acf9a7330d091e79291a,lucencan,1485.7,116.4,10,2.85,2020-11-28
2022-06-26,Kards Open XII,bf:5ec2c1da0a4e405c2332e640,Chip-Filled Adam,1548.7,110.2,13,3.96,2020-11-29
2022-06-26,Kards Open XII,bf:5ec2f8632e7fb7357e7c8077,SCARED MOKEY,1506.7,117.0,10,2.79,2020-11-28
2022-06-26,Kards Open XII,bf:5ec44a4894993372f10699b1,Adrián7,1487.0,136.2,1,0.26,2020-07-25
2022-06-26,Kards Open XII,bf:5ec57fff74214e1748e43f56,dasolli,1486.9,119.5,7,2.35,2020-11-29
2022-06-26,Kards Open XII,bf:5ec5e7746951c62d86f53235,FL1ppY | エワウト,1554.0,115.1,8,3.07,2021-02-13
2022-06-26,Kards Open XII,bf:5ec99a6d5cb5d5345c7fdf7c,AriBigBehn,1664.4,50.1,87,49.8,2022-06-25
2022-06-26,Kards Open XII,bf:5ee6022292efc00faf652a7e,Esthete,1483.9,117.2,7,2.69,2021-02-07
2022-06-26,Kards Open XII,bf:5ee6c5f92764fc7a784c6f9e,BirdLaw,1450.8,101.8,19,5.87,2021-02-07
2022-06-26,Kards Open XII,bf:5eeb9c3d19b81239da9496cb,Kosaroli,1548.2,78.7,31,14.48,2021-11-20
2022-06-26,Kards Open XII,bf:5f0cbd1969a363414a64af57,agent_182,1515.2,131.2,3,0.79,2020-07-25
2022-06-26,Kards Open XII,bf:5f0cd40c3087a65e039603f4,wild_eyes,1584.8,57.4,73,34.33,2022-04-09
2022-06-26,Kards Open XII,bf:5f0cf3becbf20c490eb4fa7d,T0M,1499.9,127.2,5,1.32,2020-07-26
2022-06-26,Kards Open XII,bf:5f0d81380ffa0b49d9f58c5c,Nerf,1561.1,120.8,8,2.12,2020-07-26
2022-06-26,Kards Open XII,bf:5f0d9e4785aa4e37e911463c,You Need Jesus Christ,1470.9,133.7,2,0.53,2020-07-25
2022-06-26,Kards Open XII,bf:5f0dad9ac47339351f7f742f,RipperJim,1483.1,129.4,3,1.01,2020-11-28
2022-06-26,Kards Open XII,bf:5f0db8236f4cd1393325784f,Hazeltails,1517.4,122.7,7,1.85,2020-07-26
2022-06-26,Kards Open XII,bf:5f0dc882f26046593189ba9f,SALUTE06,1490.8,136.6,1,0.26,2020-07-25
2022-06-26,Kards Open XII,bf:5f0de85b7c5e104738aeb5a8,benc,1526.5,120.7,8,2.12,2020-07-26
2022-06-26,Kards Open XII,bf:5f0df6196f4cd13933257c2a,COOLJ007,1528.7,118.6,7,2.69,2021-02-07
2022-06-26,Kards Open XII,bf:5f0df84e824086475be264b7,Terror_de,1579.4,76.2,44,16.09,2021-06-27
2022-06-26,Kards Open XII,bf:5f0df9d07c4df3491abfc797,RMISE,1478.5,134.1,2,0.53,2020-07-25
2022-06-26,Kards Open XII,bf:5f0dfb2c7c4df3491abfc7a6,zhen,1554.8,120.8,8,2.12,2020-07-26
2022-06-26,Kards Open XII,bf:5f0e1a20c47339351f7f7b34,Ouchmaster,1500.9,128.9,4,1.06,2020-07-26
2022-06-26,Kards Open XII,bf:5f0e248def3ab65b96796c3f,frenchcook,1616.7,84.6,30,11.78,2021-06-27
2022-06-26,Kards Open XII,bf:5f0e37b37c5e104738aebbe3,toDIEisGAIN,1649.1,66.6,59,23.69,2021-11-20
2022-06-26,Kards Open XII,bf:5f0e67fdf26046593189c71c,B_O_R_U_T_O_1,1507.0,102.5,13,5.79,2021-06-26
2022-06-26,Kards Open XII,bf:5f0e76497c4df3491abfd06c,rocksopimppo,1480.4,112.9,11,3.38,2021-02-06
2022-06-26,Kards Open XII,bf:5f0eab817c4df3491abfd2e6,hilmank,1470.1,118.9,8,2.36,2021-02-06
2022-06-26,Kards Open XII,bf:5f0f22cb85aa4e37e9115bb4,madisek,1499.3,133.6,2,0.53,2020-07-25
2022-06-26,Kards Open XII,bf:5f0f2f19ef3ab65b96797ada,kramedogg,1466.2,108.3,15,4.31,2021-02-20
2022-06-26,Kards Open XII,bf:5f0f3d9e7c4df3491abfe047,Snooginz,1524.5,79.6,35,13.75,2021-11-20
2022-06-26,Kards Open XII,bf:5f0f54427c4df3491abfe274,djdado,1490.1,136.4,1,0.28,2020-08-29
2022-06-26,Kards Open XII,bf:5f0fb7319d4b3024dce6f17b,The_Advocator,1477.3,120.8,8,2.12,2020-07-26
2022-06-26,Kards Open XII,bf:5f101bc2eea71b24bc30c50e,Hubblebub,1470.6,100.0,9,6.49,2022-04-09
2022-06-26,Kards Open XII,bf:5f102c329d4b3024dce6f5dd,Malovato_Budet,1491.5,115.3,11,2.98,2020-08-29
2022-06-26,Kards Open XII,bf:5f103df2eac9482569fb2922,phasermind,1516.2,121.0,8,2.12,2020-07-26
2022-06-26,Kards Open XII,bf:5f105658eac9482569fb2be4,张大彪,1552.6,115.5,10,2.93,2020-11-28
2022-06-26,Kards Open XII,bf:5f10783cc08d9224ce50f95f,bob42,1502.0,120.9,8,2.12,2020-07-26
2022-06-26,Kards Open XII,bf:5f10825feac9482569fb2e81,SquareGrouper,1415.1,110.4,13,3.94,2020-11-29
2022-06-26,Kards Open XII,bf:5f1086f1160c3f2239e9225b,lt.blueberry,1377.3,105.7,17,5.08,2021-02-07
2022-06-26,Kards Open XII,bf:5f109d917a5f692572240090,John_Px,1718.9,51.7,87,48.92,2022-05-28
2022-06-26,Kards Open XII,bf:5f10c966160c3f2239e92921,ColdCarl,1550.2,74.4,37,17.02,2021-11-20
2022-06-26,Kards Open XII,bf:5f112ee3eac9482569fb3ee6,Pert,1460.0,112.8,10,3.84,2022-04-09
2022-06-26,Kards Open XII,bf:5f113e2cd04bae257fc195f6,RafcKen7,1609.1,96.9,15,7.16,2021-09-04
2022-06-26,Kards Open XII,bf:5f11d03df7c29f223fd624f2,Groddur,1481.8,129.4,3,1.01,2020-11-28
2022-06-26,Kards Open XII,bf:5f11d0b0eea71b24bc30e84a,BUCKY,1513.1,70.9,36,19.8,2022-02-05
2022-06-26,Kards Open XII,bf:5f11d247160c3f2239e940a4,LuckySpike,1598.7,74.1,45,17.96,2022-01-29
2022-06-26,Kards Open XII,bf:5f11e4c6160c3f2239e941f5,trevorj,1494.9,129.0,4,1.06,2020-07-25
2022-06-26,Kards Open XII,bf:5f11e67d85fecb25631448a0,yufzsy,1626.0,103.3,20,5.72,2020-11-28
2022-06-26,Kards Open XII,bf:5f11ef33160c3f2239e942b2,Starkiller30001,1473.1,128.9,4,1.06,2020-07-25
2022-06-26,Kards Open XII,bf:5f11ff268b375222593350d0,Lobby Boy Lettuce,1475.3,129.0,4,1.06,2020-07-25
2022-06-26,Kards Open XII,bf:5f11ff2ec08d9224ce511d19,Dangerexx,1451.3,121.0,8,2.12,2020-07-26
2022-06-26,Kards Open XII,bf:5f11ff59eea71b24bc30ee0c,Hyo,1453.8,102.3,20,5.72,2020-11-28
2022-06-26,Kards Open XII,bf:5f11ffc4eac9482569fb4f49,MrNejcKing,1435.4,126.2,5,1.44,2021-02-06
2022-06-26,Kards Open XII,bf:5f121b05d04bae257fc1a263,biasedeyes,1469.1,127.0,5,1.32,2020-07-26
2022-06-26,Kards Open XII,bf:5f1220b9b4738624c4273900,KEV1NJ,1518.9,123.7,7,1.85,2020-07-26
2022-06-26,Kards Open XII,bf:5f12273babfcb016362ad1d0,beeman,1400.3,111.9,14,3.83,2020-08-30
2022-06-26,Kards Open XII,bf:5f1229f9cf4549174336fefe,JSL112,1486.5,136.2,1,0.26,2020-07-25
2022-06-26,Kards Open XII,bf:5f122bf8b4738624c4273b13,VLTØR,1464.3,132.4,2,0.67,2020-11-28
2022-06-26,Kards Open XII,bf:5f1240f24a28711494f1b3aa,CaptainTchaikovsky,1495.8,129.0,4,1.06,2020-07-25
2022-06-26,Kards Open XII,bf:5f12771889520148edf780af,mbilsel,1543.0,107.8,16,4.38,2020-08-30
2022-06-26,Kards Open XII,bf:5f1281edb4738624c42745af,ptreey,1467.3,124.5,6,1.59,2020-07-26
2022-06-26,Kards Open XII,bf:5f12bb564a28711494f1bd8d,NeriUwU,1389.7,106.1,17,5.18,2021-02-07
2022-06-26,Kards Open XII,bf:5f12bb99cf45491743370da4,Headcrasher,1494.4,137.1,1,0.43,2021-04-03
2022-06-26,Kards Open XII,bf:5f12c35f8b375222593364f0,xareh90,1506.8,120.8,8,2.12,2020-07-26
2022-06-26,Kards Open XII,bf:5f12da838b375222593365f7,Burremans,1473.9,133.7,2,0.53,2020-07-25
2022-06-26,Kards Open XII,bf:5f12f0881c8cdf16056f6224,RaPaulke,1473.0,133.7,2,0.53,2020-07-25
2022-06-26,Kards Open XII,bf:5f12f0c3abfcb016362ae526,mon.mgs,1485.4,136.2,1,0.26,2020-07-25
2022-06-26,Kards Open XII,bf:5f130139f7c29f223fd64290,fenrir,1516.0,116.9,10,2.79,2020-11-28
2022-06-26,Kards Open XII,bf:5f13328d77697711a235a704,TomatoMato,1527.4,121.2,8,2.12,2020-07-26
2022-06-26,Kards Open XII,bf:5f13952ceea71b24bc312529,Limitless Beast,1445.8,128.9,4,1.06,2020-07-25
2022-06-26,Kards Open XII,bf:5f13f8f0381ccb11abfed78c,Behemothus,1496.7,108.9,15,4.11,2020-08-30
2022-06-26,Kards Open XII,bf:5f13fc452cba8f11c2a4298c,DarkMatterYT,1497.2,133.7,2,0.53,2020-07-25
2022-06-26,Kards Open XII,bf:5f140b7f1c8cdf16056f833c,foreverlimon,1516.4,122.7,7,1.85,2020-07-26
2022-06-26,Kards Open XII,bf:5f140c57341d821185ca56df,BarndoorRoge,1510.6,126.2,5,1.38,2020-08-29
2022-06-26,Kards Open XII,bf:5f140d9bbcbe32117ff6b7e7,Snakii0,1388.1,113.6,10,3.51,2021-04-04
2022-06-26,Kards Open XII,bf:5f140ea9b4738624c4277d71,Heist,1480.0,122.7,7,1.85,2020-07-26
2022-06-26,Kards Open XII,bf:5f14582a341d821185ca59e8,TheStray,1495.1,121.0,8,2.12,2020-07-26
2022-06-26,Kards Open XII,bf:5f145d63b4738624c4278122,Jotora,1526.9,120.9,8,2.12,2020-07-26
2022-06-26,Kards Open XII,bf:5f145fa11c8cdf16056f8757,Kerwer,1481.9,134.9,1,0.43,2021-04-03
2022-06-26,Kards Open XII,bf:5f148273cd3934118e03b196,Shaemas,1486.8,109.3,15,4.09,2020-08-30
2022-06-26,Kards Open XII,bf:5f1493df1c8cdf16056f8bc9,CheL_oFF,1509.6,117.2,7,2.69,2021-02-07
2022-06-26,Kards Open XII,bf:5f14e99eea159211b4c99eab,Jacob,1447.2,120.9,8,2.12,2020-07-26
2022-06-26,Kards Open XII,bf:5f1520542cba8f11c2a44c16,DarkMist,1404.9,97.9,20,7.68,2021-08-21
2022-06-26,Kards Open XII,bf:5f153751eea71b24bc31458b,VLAD420,1474.8,120.8,8,2.12,2020-07-26
2022-06-26,Kards Open XII,bf:5f1539bacfac0e373c6166ce,donigi,1489.6,107.9,16,4.38,2020-08-30
2022-06-26,Kards Open XII,bf:5f155f3577697711a235e552,total,1491.0,136.5,1,0.28,2020-08-29
2022-06-26,Kards Open XII,bf:5f1566b0341d821185ca734b,Юрий,1486.5,122.8,7,1.85,2020-07-26
2022-06-26,Kards Open XII,bf:5f156d9fb4738624c42798e8,Evilmunki,1457.9,122.6,7,1.85,2020-07-26
2022-06-26,Kards Open XII,bf:5f15827677697711a235e95c,ACOG,1490.1,136.5,1,0.26,2020-07-25
2022-06-26,Kards Open XII,bf:5f159e62ea159211b4c9a50e,scorp1one,1478.5,126.3,4,1.58,2021-04-03
2022-06-26,Kards Open XII,bf:5f15a9d0cfac0e373c616a81,gteacher12 (cst),1449.2,129.5,4,1.06,2020-07-26
2022-06-26,Kards Open XII,bf:5f1660782cba8f11c2a45e9c,Lolofy44,1509.5,105.0,17,5.05,2020-11-29
2022-06-26,Kards Open XII,bf:5f169f65bcbe32117ff6eb42,Lykas_OMES,1501.0,119.8,8,2.26,2020-08-30
2022-06-26,Kards Open XII,bf:5f176280381ccb11abff191f,terminetorK56,1490.3,121.7,7,1.98,2020-08-30
2022-06-26,Kards Open XII,bf:5f17d573bcbe32117ff6fd03,Vitaly Gorbunov,1486.3,136.2,1,0.26,2020-07-25
2022-06-26,Kards Open XII,bf:5f17ef0fcfac0e373c6190c4,[REDi]1R COL ANZAC_Ace,1485.3,131.1,3,0.79,2020-07-25
2022-06-26,Kards Open XII,bf:5f19119cb4738624c427e33c,SA-GR,1460.4,122.7,7,1.85,2020-07-26
2022-06-26,Kards Open XII,bf:5f191b72abfcb016362b6974,Suchy,1503.1,118.0,6,2.56,2021-04-04
2022-06-26,Kards Open XII,bf:5f193071cfac0e373c61a11b,PetitPoney,1514.5,126.8,5,1.36,2020-08-29
2022-06-26,Kards Open XII,bf:5f1a8cc8b4738624c42817ef,Tigerkater,1495.7,123.8,7,1.85,2020-07-26
2022-06-26,Kards Open XII,bf:5f1b1546b4738624c4282183,Skunk,1445.8,120.8,8,2.12,2020-07-26
2022-06-26,Kards Open XII,bf:5f1b3f1b08ac6c1dd4d6bb23,brienoconan,1514.1,131.3,3,0.79,2020-07-25
2022-06-26,Kards Open XII,bf:5f1b48d1abfcb016362ba48e,Berni de Balle,1508.5,65.8,53,24.34,2022-04-09
2022-06-26,Kards Open XII,bf:5f1b9f20a73922196c802448,Gamesite,1486.2,126.7,5,1.32,2020-07-26
2022-06-26,Kards Open XII,bf:5f1bad8bb4738624c4283cf6,Filpa,1532.4,113.9,12,3.26,2020-08-30
2022-06-26,Kards Open XII,bf:5f318206a8e6c511a449d179,0CanadaBear0,1485.4,125.9,5,1.41,2020-08-30
2022-06-26,Kards Open XII,bf:5f318c62af063111a36cedab,aa,1529.2,120.3,8,2.26,2020-08-30
2022-06-26,Kards Open XII,bf:5f31dbda9ab87f2e0c19cd0c,RNGek,1546.1,105.5,16,4.95,2020-11-29
2022-06-26,Kards Open XII,bf:5f31e18d7bd80311ab780bcb,天之子将军,1517.7,124.4,6,1.7,2020-08-30
2022-06-26,Kards Open XII,bf:5f31e6b930b92e118dbc3b00,r3in0r,1470.7,133.3,2,0.56,2020-08-29
2022-06-26,Kards Open XII,bf:5f32224b74a4bd1196ff8e97,yourBRO,1463.6,120.2,7,2.24,2020-11-28
2022-06-26,Kards Open XII,bf:5f323b2daf063111a36cffab,chmy426,1537.3,126.5,4,1.34,2020-11-28
2022-06-26,Kards Open XII,bf:5f32755630b92e118dbc4132,Joeybag0doughnuts,1482.9,136.0,1,0.28,2020-08-29
2022-06-26,Kards Open XII,bf:5f32919a74a4bd1196ff9509,wydsxl,1595.2,101.9,15,5.83,2021-09-04
2022-06-26,Kards Open XII,bf:5f32abe69ab87f2e0c19e0b7,"Oh, Pretty Woman",1360.2,113.2,8,4.0,2022-04-09
2022-06-26,Kards Open XII,bf:5f32b5a5af063111a36d039f,Spartan,1491.8,129.0,3,1.07,2021-02-20
2022-06-26,Kards Open XII,bf:5f32c6147bd80311ab78193f,petriachor,1608.4,73.8,41,17.97,2021-11-27
2022-06-26,Kards Open XII,bf:5f32ca9074a4bd1196ff97d9,Sirbol,1505.9,119.7,8,2.26,2020-08-30
2022-06-26,Kards Open XII,bf:5f32e74430b92e118dbc4866,alan1957,1485.5,136.0,1,0.28,2020-08-29
2022-06-26,Kards Open XII,bf:5f32f48419fcf2666b2abff1,kowalski,1632.6,66.9,46,23.86,2022-05-28
2022-06-26,Kards Open XII,bf:5f3304e930b92e118dbc4ad6,maxterGIO,1506.2,119.8,8,2.26,2020-08-30
2022-06-26,Kards Open XII,bf:5f3321d98a94d511b1d67c5b,ExpelliarmusA,1535.3,119.9,8,2.26,2020-08-30
2022-06-26,Kards Open XII,bf:5f332d0619fcf2666b2ac60a,comrade nicky,1515.2,131.2,3,0.85,2020-08-29
2022-06-26,Kards Open XII,bf:5f335b3e30b92e118dbc579e,WorldWarWhale,1477.3,126.2,3,1.42,2021-05-29
2022-06-26,Kards Open XII,bf:5f344b7a8a94d511b1d68a96,John™,1467.2,122.7,7,1.98,2020-08-30
2022-06-26,Kards Open XII,bf:5f34d3bdacefe6118a5de444,Ottotheblue,1483.3,103.6,17,5.28,2020-11-29
2022-06-26,Kards Open XII,bf:5f351f60af063111a36d282b,Sadrik,1536.6,119.9,8,2.26,2020-08-30
2022-06-26,Kards Open XII,bf:5f354d22e4876e1184288d58,Ripoff,1521.7,112.6,11,3.43,2020-11-29
2022-06-26,Kards Open XII,bf:5f35946553b8ce11abe62c4d,FRIKAZOID,1488.4,130.8,3,0.85,2020-08-29
2022-06-26,Kards Open XII,bf:5f362c8703dbcc11d58d78e3,Kolbasnik,1645.1,45.9,108,61.32,2022-06-26
2022-06-26,Kards Open XII,bf:5f369b86c897e0119e4ff6f8,PatsenBR,1488.5,121.9,7,1.98,2020-08-30
2022-06-26,Kards Open XII,bf:5f36c30fff2e5911a44a282e,Józef Piłsudski,1470.0,133.3,2,0.56,2020-08-29
2022-06-26,Kards Open XII,bf:5f36cca903dbcc11d58d89d8,Wolnigree,1470.2,133.3,2,0.56,2020-08-29
2022-06-26,Kards Open XII,bf:5f36dc4b98f0a311ad32446c,Zig_Zag,1526.5,115.3,10,3.03,2021-02-06
2022-06-26,Kards Open XII,bf:5f37cf6b6ce6de28d63de407,Ailoyros,1483.6,136.1,1,0.28,2020-08-29
2022-06-26,Kards Open XII,bf:5f3800b06ce6de28d63de960,RicardoTamanini,1462.2,131.1,3,0.85,2020-08-29
2022-06-26,Kards Open XII,bf:5f382e1f33118628f2f56ca7,Dash_ek,1513.6,121.7,7,1.98,2020-08-30
2022-06-26,Kards Open XII,bf:5f38338163cc1128e5f86f97,Brendan,1478.0,120.1,8,2.26,2020-08-30
2022-06-26,Kards Open XII,bf:5f3846d25b41bf2bd0fe2207,Spooky Time,1461.8,131.0,3,0.85,2020-08-29
2022-06-26,Kards Open XII,bf:5f3858c1b83d9d2bb0609265,wdhtu,1492.4,126.2,5,1.41,2020-08-30
2022-06-26,Kards Open XII,bf:5f3a8d53c190e3296d7a1eef,nagymaciii,1472.7,133.4,2,0.56,2020-08-29
2022-06-26,Kards Open XII,bf:5f3a8e2d33118628f2f5a7d5,Goltz,1486.5,136.1,1,0.28,2020-08-29
2022-06-26,Kards Open XII,bf:5f3a8eb4dd76a928dcec9bec,Coronel_Mostarda,1474.4,128.4,4,1.13,2020-08-29
2022-06-26,Kards Open XII,bf:5f3ab4ce63cc1128e5f8a327,DrTacos,1453.6,130.8,3,0.85,2020-08-30
2022-06-26,Kards Open XII,bf:5f3aef3e6ce6de28d63e3425,Alexandre,1445.7,127.7,3,1.28,2021-04-03
2022-06-26,Kards Open XII,bf:5f3b1ebadd76a928dceca753,ZackXue,1510.4,120.8,8,2.26,2020-08-30
2022-06-26,Kards Open XII,bf:5f3bc9efdbf742295bce0a9d,黑森公爵,1485.3,136.0,1,0.28,2020-08-29
2022-06-26,Kards Open XII,bf:5f3bcb62c190e3296d7a2cd2,abandon,1500.6,132.4,2,0.67,2020-11-28
2022-06-26,Kards Open XII,bf:5f3d0646dd76a928dceccb16,Ertugrul Gazi,1510.9,119.9,8,2.26,2020-08-30
2022-06-26,Kards Open XII,bf:5f3d19c7dd76a928dceccbcd,HaxBaba,1522.0,122.4,7,1.98,2020-08-30
2022-06-26,Kards Open XII,bf:5f3d1e45c190e3296d7a4aa5,Barton,1485.4,136.0,1,0.28,2020-08-29
2022-06-26,Kards Open XII,bf:5f3e11a1a3f8871d5075e3d0,Valar,1448.8,124.3,6,1.7,2020-08-30
2022-06-26,Kards Open XII,bf:5f3fbdaeb856d24e0965bbc4,Stluvik,1506.7,127.8,5,1.41,2020-08-30
2022-06-26,Kards Open XII,bf:5f3fc42472caf64e0f2b589c,Shiva's,1585.3,98.4,18,6.95,2021-09-04
2022-06-26,Kards Open XII,bf:5f3ff2e624334d4ac794708e,FearlessFreep2,1501.8,128.4,4,1.13,2020-08-30
2022-06-26,Kards Open XII,bf:5f4022e92736604a195ffbfb,Ol'Red,1460.9,130.9,3,0.85,2020-08-29
2022-06-26,Kards Open XII,bf:5f404839cabbdc4a26620899,sNapple,1452.6,129.5,3,1.01,2020-11-28
2022-06-26,Kards Open XII,bf:5f41a73ee7543f4a0a54f568,Kipahigan,1517.7,121.7,7,1.98,2020-08-30
2022-06-26,Kards Open XII,bf:5f4318d1681ff84ab5ec92f9,Sidecrawler,1561.7,63.2,52,26.53,2022-02-05
2022-06-26,Kards Open XII,bf:5f4536884cbe7961ba1906fa,Zanderson30,1560.5,119.0,9,2.55,2020-09-05
2022-06-26,Kards Open XII,bf:5f4617f7cff9bb4e25c81a49,Daccro,1467.4,126.8,4,1.35,2021-06-26
2022-06-26,Kards Open XII,bf:5f464a379f8a441a7681100e,Grarivier,1529.6,119.9,8,2.26,2020-08-30
2022-06-26,Kards Open XII,bf:5f469fbd9f8a441a768119af,yura,1483.9,136.1,1,0.28,2020-08-29
2022-06-26,Kards Open XII,bf:5f46ff72cff9bb4e25c82ac7,hartmanator1,1511.6,107.5,14,4.44,2020-11-29
2022-06-26,Kards Open XII,bf:5f47aca042aba63789789166,UBCers,1530.7,105.7,7,4.88,2022-04-09
2022-06-26,Kards Open XII,bf:5f48837c34f6ed5f7791f82a,RIBO,1522.8,122.4,7,1.98,2020-08-30
2022-06-26,Kards Open XII,bf:5f4965bb76b8305ffaa36866,Ernst1871,1497.0,112.0,11,3.59,2020-11-29
2022-06-26,Kards Open XII,bf:5f49b691c955654e18759c1e,Ryestye,1519.9,136.2,1,0.28,2020-08-29
2022-06-26,Kards Open XII,bf:5f4a2d8c76b8305ffaa376af,smerch,1485.9,130.7,3,0.85,2020-08-29
2022-06-26,Kards Open XII,bf:5f4a40fd34f6ed5f7792170c,LemonShark,1487.6,122.1,7,1.98,2020-08-30
2022-06-26,Kards Open XII,bf:5f4a66a7629c8b6045fa11b9,Сэм,1481.2,119.9,8,2.26,2020-08-30
2022-06-26,Kards Open XII,bf:5f908c01a261b945b6c471e8,OliRoB,1400.8,120.4,6,2.3,2021-02-07
2022-06-26,Kards Open XII,bf:5fa1ee84f8fc171ea9f66554,El Chickenrice,1570.4,117.0,8,2.69,2020-11-29
2022-06-26,Kards Open XII,bf:5fa2011d11743771ade90dee,testo,1632.1,88.5,26,10.2,2021-05-30
2022-06-26,Kards Open XII,bf:5fa27bfdf8fc171ea9f66924,CalinBZ,1617.6,80.3,25,14.05,2022-02-26
2022-06-26,Kards Open XII,bf:5fa27e32f8fc171ea9f66940,vegetable,1556.0,118.2,7,2.69,2021-02-07
2022-06-26,Kards Open XII,bf:5fa2928f11743771ade9128e,Ax,1504.9,132.4,2,0.67,2020-11-28
2022-06-26,Kards Open XII,bf:5fa2992ef8fc171ea9f66a3e,犹似深闺梦中人,1520.6,124.0,5,1.68,2020-11-28
2022-06-26,Kards Open XII,bf:5fa2d1356b9c704abc3f86e4,MoncherFrag,1489.3,124.4,5,1.68,2020-11-28
2022-06-26,Kards Open XII,bf:5fa3973bf8fc171ea9f68255,辉辉呀,1455.6,123.7,5,1.77,2021-02-06
2022-06-26,Kards Open XII,bf:5fa3da8e11743771ade92018,Spooz,1638.2,75.6,38,16.71,2021-11-06
2022-06-26,Kards Open XII,bf:5fa3e36b6b9c704abc3f92a0,bruki,1501.6,132.5,2,0.67,2020-11-28
2022-06-26,Kards Open XII,bf:5fa4097911743771ade92145,David Lynch,1484.9,135.6,1,0.34,2020-11-28
2022-06-26,Kards Open XII,bf:5fa467df4eb3c2458669c29a,Berto Burrito,1587.8,67.4,38,22.96,2022-06-25
2022-06-26,Kards Open XII,bf:5fa530563f52763256b7593d,Civlj,1502.6,132.4,2,0.67,2020-11-28
2022-06-26,Kards Open XII,bf:5fa5397c241d875936d2c2f2,Vadim,1552.6,62.7,53,27.2,2022-05-28
2022-06-26,Kards Open XII,bf:5fa57306cc28b3594394b946,Liszt,1594.0,101.4,12,6.26,2021-11-27
2022-06-26,Kards Open XII,bf:5fa5ede611743771ade94108,comtruise,1701.5,82.4,32,13.45,2021-05-30
2022-06-26,Kards Open XII,bf:5fa62937c3c163598ec80783,CCMS-031,1538.5,120.0,6,2.3,2021-02-07
2022-06-26,Kards Open XII,bf:5fafaf199a9e750ea663a8e3,发牌员没马,1502.3,132.5,2,0.67,2020-11-28
2022-06-26,Kards Open XII,bf:5fafe4c9eb92fe0475436826,TheMiltonBradley,1516.5,114.8,9,3.02,2020-11-29
2022-06-26,Kards Open XII,bf:5fafe7dfe7d89a60d43336cc,Primal,1467.2,132.5,2,0.67,2020-11-28
2022-06-26,Kards Open XII,bf:5fafeec6e7d89a60d4333722,wodandos,1480.5,129.4,3,1.01,2020-11-28
2022-06-26,Kards Open XII,bf:5faff24f698db1048d26b032,Stenli72,1487.7,119.3,7,2.35,2020-11-29
2022-06-26,Kards Open XII,bf:5faffa8a502b9e587d1b7c3e,"Alexandre ""Mainovski"" Mainaud",1436.1,109.6,10,4.19,2021-05-29
2022-06-26,Kards Open XII,bf:5faffbe71632970e916b602a,xceroks,1477.9,135.6,1,0.34,2020-11-28
2022-06-26,Kards Open XII,bf:5fb026c1502b9e587d1b838d,Anklestina,1501.1,126.6,4,1.34,2020-11-28
2022-06-26,Kards Open XII,bf:5fb02943698db1048d26b9cd,Bison,1505.9,112.2,10,3.54,2021-04-03
2022-06-26,Kards Open XII,bf:5fb02c08698db1048d26ba0d,VReznov2137,1484.7,135.6,1,0.34,2020-11-28
2022-06-26,Kards Open XII,bf:5fb032ea502b9e587d1b85eb,Secret Deadbeat,1547.7,129.6,3,1.01,2020-11-28
2022-06-26,Kards Open XII,bf:5fb035bf502b9e587d1b8643,Annki,1463.5,124.1,5,1.77,2021-02-06
2022-06-26,Kards Open XII,bf:5fb038eb1632970e916b6f46,DerNem,1562.7,71.4,30,19.75,2022-04-09
2022-06-26,Kards Open XII,bf:5fb051789a9e750ea663bb88,Khal Drogo,1489.4,129.6,3,1.01,2020-11-28
2022-06-26,Kards Open XII,bf:5fb0acb4eb92fe047543807d,MagiC,1501.8,125.2,4,1.53,2021-02-06
2022-06-26,Kards Open XII,bf:5fb0b189f07fad440734d338,IWS2000,1441.7,104.1,12,5.32,2022-02-05
2022-06-26,Kards Open XII,bf:5fb0d42e9a9e750ea663c3fc,[V_M]_MorS_{B},1560.9,117.6,8,2.69,2020-11-29
2022-06-26,Kards Open XII,bf:5fb0e0020c8f110e8a8bf3f2,Krieger,1481.7,135.5,1,0.34,2020-11-28
2022-06-26,Kards Open XII,bf:5fb0ee1e698db1048d26c5af,Eirik II,1443.9,117.2,8,2.69,2020-11-29
2022-06-26,Kards Open XII,bf:5fb0eee19a9e750ea663c435,player1,1503.9,117.0,8,2.69,2020-11-29
2022-06-26,Kards Open XII,bf:5fb0f0121632970e916b7856,panzer_398,1449.1,124.0,5,1.68,2020-11-29
2022-06-26,Kards Open XII,bf:5fb110bd698db1048d26c5f6,Aksara,1527.0,121.7,6,2.01,2020-11-29
2022-06-26,Kards Open XII,bf:5fb1143e502b9e587d1b94dc,KillerQueenS,1468.7,132.6,2,0.67,2020-11-28
2022-06-26,Kards Open XII,bf:5fb1184c0c8f110e8a8bf660,only_,1511.3,127.1,4,1.34,2020-11-28
2022-06-26,Kards Open XII,bf:5fb1316c502b9e587d1b95e6,Bartkopolus123,1479.9,135.5,1,0.34,2020-11-28
2022-06-26,Kards Open XII,bf:5fb18ed99a9e750ea663cd33,Vitzekk,1523.5,124.2,5,1.68,2020-11-29
2022-06-26,Kards Open XII,bf:5fb1a2cb5caa4f5e4bc80d56,SpaceCowboy,1473.3,132.9,2,0.67,2020-11-28
2022-06-26,Kards Open XII,bf:5fb1bf581632970e916b85be,nolans34,1545.4,115.2,9,3.02,2020-11-29
2022-06-26,Kards Open XII,bf:5fb1cbe45caa4f5e4bc81377,Beefy 109,1529.2,132.6,2,0.67,2020-11-28
2022-06-26,Kards Open XII,bf:5fb1cc6ee0bfea60c76a1385,Tenstrovski,1505.1,121.6,6,2.01,2020-11-29
2022-06-26,Kards Open XII,bf:5fb1db8c5caa4f5e4bc8168d,Poochies,1502.5,126.6,4,1.34,2020-11-28
2022-06-26,Kards Open XII,bf:5fb1e014eb92fe0475439152,TB273,1538.8,103.0,6,5.79,2022-06-25
2022-06-26,Kards Open XII,bf:5fb1f464698db1048d26d582,Morsimos,1560.6,117.3,8,2.69,2020-11-29
2022-06-26,Kards Open XII,bf:5fb249e5f07fad440734e5ea,SirFragir,1491.8,117.2,8,2.69,2020-11-29
2022-06-26,Kards Open XII,bf:5fb27723698db1048d26d94d,StabKingPro,1550.2,115.8,9,3.02,2020-11-29
2022-06-26,Kards Open XII,bf:5fb2c8f11632970e916b926c,Drake/Fabi,1501.2,119.7,7,2.35,2020-11-29
2022-06-26,Kards Open XII,bf:5fb3184d9a9e750ea663e423,killswitch,1579.9,59.6,45,32.31,2022-06-25
2022-06-26,Kards Open XII,bf:5fb3203b1632970e916b97b7,chr1st0ph3r,1487.2,129.4,3,1.01,2020-11-28
2022-06-26,Kards Open XII,bf:5fb3df78f07fad440734f6f7,slameo,1453.2,119.3,7,2.35,2020-11-29
2022-06-26,Kards Open XII,bf:5fb3e6ddf07fad440734f71f,tr4cker,1468.8,132.5,2,0.67,2020-11-28
2022-06-26,Kards Open XII,bf:5fb3f43ee0bfea60c76a2a56,General E. Drunk,1572.9,117.8,8,2.69,2020-11-29
2022-06-26,Kards Open XII,bf:5fb3f8b3e7d89a60d4337959,Kn1ghT,1479.9,129.4,3,1.01,2020-11-28
2022-06-26,Kards Open XII,bf:5fb42443a2fd346547530b2e,RED SUN,1520.2,129.8,3,1.01,2020-11-28
2022-06-26,Kards Open XII,bf:5fb43070a2fd346547530c21,[14e]tuveuxdugateaux,1487.2,115.0,9,3.02,2020-11-29
2022-06-26,Kards Open XII,bf:5fb4442a9a9e750ea663ee54,Scythe,1483.9,124.2,5,1.68,2020-11-28
2022-06-26,Kards Open XII,bf:5fb4d729f07fad44073509e4,Victrix,1487.4,128.0,4,1.34,2020-11-28
2022-06-26,Kards Open XII,bf:5fb666119a9e750ea664030b,Setteduetto,1524.9,117.1,8,2.69,2020-11-29
2022-06-26,Kards Open XII,bf:5fb6a5d3e7d89a60d4339244,kingsharaman,1486.9,135.8,1,0.34,2020-11-28
2022-06-26,Kards Open XII,bf:5fb6da26eb92fe047543c823,rostigerloeffel,1546.3,102.7,15,5.58,2021-04-04
2022-06-26,Kards Open XII,bf:5fb719fde0bfea60c76a4f50,rayko,1412.8,117.6,8,2.69,2020-11-29
2022-06-26,Kards Open XII,bf:5fb73781698db1048d271114,Lazer Wolf,1448.8,129.4,3,1.01,2020-11-28
2022-06-26,Kards Open XII,bf:5fb7473c502b9e587d1becbe,ILoveMooncake,1623.7,100.1,14,6.23,2021-09-04
2022-06-26,Kards Open XII,bf:5fb8387c1faa4843f941ba10,Álmos,1520.0,129.6,3,1.01,2020-11-28
2022-06-26,Kards Open XII,bf:5fb97cee0c24381d904b5447,bengui,1516.4,129.4,3,1.01,2020-11-28
2022-06-26,Kards Open XII,bf:5fb98c8e19c8f219d78717ac,DrQuencher,1465.9,132.4,2,0.67,2020-11-28
2022-06-26,Kards Open XII,bf:5fba777719c8f219d787247b,roberto7208,1481.1,115.1,9,3.02,2020-11-29
2022-06-26,Kards Open XII,bf:5fbb03850f21e57963850470,Pie4155,1455.4,119.4,7,2.35,2020-11-29
2022-06-26,Kards Open XII,bf:5fbc0c3e2dc8793ada84fdb3,Mark2020,1461.8,119.8,7,2.35,2020-11-29
2022-06-26,Kards Open XII,bf:5fbc3b8e0f21e5796385112f,spambox9,1498.5,119.9,7,2.35,2020-11-29
2022-06-26,Kards Open XII,bf:5fbc4040adfefd64e8c8fd73,Diogenesis,1573.9,95.4,18,7.62,2021-08-21
2022-06-26,Kards Open XII,bf:5fbc5711a2fd34654753a8c0,Magister Erik,1559.8,117.2,8,2.69,2020-11-29
2022-06-26,Kards Open XII,bf:5fbc79591632970e916c3fe5,Breich,1484.2,123.9,5,1.68,2020-11-28
2022-06-26,Kards Open XII,bf:5fbd548d698db1048d27a866,Citrons,1525.3,117.1,8,2.69,2020-11-29
2022-06-26,Kards Open XII,bf:5fbd71c2e7d89a60d43410ca,lean87ki,1523.4,101.8,16,5.71,2021-02-07
2022-06-26,Kards Open XII,bf:5fbdb89d26ea883a51583400,Kongo,1525.1,124.1,5,1.68,2020-11-28
2022-06-26,Kards Open XII,bf:5fbe830b26ea883a515839f5,炮灰no1,1470.1,126.8,4,1.34,2020-11-28
2022-06-26,Kards Open XII,bf:5fbe834ea2fd34654753c095,Hans Friderich R,1499.9,132.3,2,0.67,2020-11-28
2022-06-26,Kards Open XII,bf:5fbe83792dc8793ada85198d,pilotttt(Илья),1464.5,132.4,2,0.67,2020-11-28
2022-06-26,Kards Open XII,bf:5fbe84641632970e916c5996,unclefox,1581.4,115.5,9,3.02,2020-11-29
2022-06-26,Kards Open XII,bf:5fbe848ca2fd34654753c09a,Future,1483.6,129.4,3,1.01,2020-11-28
2022-06-26,Kards Open XII,bf:5fbe860ca2fd34654753c09d,正宗重庆老友粉,1468.5,132.4,2,0.67,2020-11-28
2022-06-26,Kards Open XII,bf:5fbe862ca447ab4bb37e0f77,meistermiagi,1465.6,132.4,2,0.67,2020-11-28
2022-06-26,Kards Open XII,bf:5fbe86401632970e916c599c,JamesBoned,1518.7,124.3,5,1.68,2020-11-28
2022-06-26,Kards Open XII,bf:5fbe873b4d01f9313d135045,KrisKrinkel,1470.4,132.6,2,0.67,2020-11-28
2022-06-26,Kards Open XII,bf:5fbe87ea5d320863b86f031b,Hydrogen,1525.4,117.3,8,2.69,2020-11-29
2022-06-26,Kards Open XII,bf:5fbe89294d01f9313d135068,MrMolotoff,1500.7,117.1,8,2.69,2020-11-29
2022-06-26,Kards Open XII,bf:5fbe89b5043fd20cdf90cccf,tonywan,1433.6,126.7,4,1.34,2020-11-28
2022-06-26,Kards Open XII,bf:5fbe8ae05d320863b86f032c,Anto,1471.4,126.8,4,1.34,2020-11-28
2022-06-26,Kards Open XII,bf:5fbe8afb698db1048d27b396,SkittleSabot,1516.1,135.6,1,0.34,2020-11-28
2022-06-26,Kards Open XII,bf:5fbe8b8ea447ab4bb37e0fc8,päpä,1464.9,115.4,9,3.02,2020-11-29
2022-06-26,Kards Open XII,bf:5fbe8c402dc8793ada8519d5,Der_Admiral,1518.7,124.0,5,1.68,2020-11-28
2022-06-26,Kards Open XII,bf:5fbe906ba2fd34654753c0fc,captain.pothead,1489.8,129.5,3,1.01,2020-11-28
2022-06-26,Kards Open XII,bf:5fbe91ca26ea883a51583aa4,yra111,1487.2,129.7,3,1.01,2020-11-28
2022-06-26,Kards Open XII,bf:5fbe9602698db1048d27b3e0,Rumfart,1469.2,132.4,2,0.67,2020-11-28
2022-06-26,Kards Open XII,bf:5fbe96be698db1048d27b3e4,Youmu_chan,1489.8,124.2,5,1.68,2020-11-28
2022-06-26,Kards Open XII,bf:5fbe970e26ea883a51583ac1,UnbearableMe,1486.3,135.7,1,0.34,2020-11-28
2022-06-26,Kards Open XII,bf:5fbe971d0f21e57963852d08,牛头人杀手,1500.8,132.4,2,0.67,2020-11-28
2022-06-26,Kards Open XII,bf:5fbe9b450f21e57963852d1e,garygo,1507.4,117.2,8,2.69,2020-11-29
2022-06-26,Kards Open XII,bf:5fbeac15a447ab4bb37e116f,ThuggerJuice,1517.7,114.9,9,3.02,2020-11-29
2022-06-26,Kards Open XII,bf:5fbeb056698db1048d27b5bd,Stuie,1485.6,103.2,14,5.48,2021-05-29
2022-06-26,Kards Open XII,bf:5fbeb20eb0ef7749130e452c,Dawn,1524.6,117.2,8,2.69,2020-11-29
2022-06-26,Kards Open XII,bf:5fbeb7541632970e916c5c93,finny,1491.8,115.3,9,3.02,2020-11-29
2022-06-26,Kards Open XII,bf:5fbebdee043fd20cdf90cfaf,GM_Logan,1548.1,75.0,35,16.49,2022-02-05
2022-06-26,Kards Open XII,bf:5fbed15626ea883a51583d3f,Empyreal,1465.2,132.3,2,0.67,2020-11-28
2022-06-26,Kards Open XII,bf:5fbedfbc0f21e57963853121,Raswar47,1465.4,132.4,2,0.67,2020-11-28
2022-06-26,Kards Open XII,bf:5fbef0144d01f9313d135b11,Geezer,1525.9,100.4,15,6.27,2021-08-07
2022-06-26,Kards Open XII,bf:5fbef0d92dc8793ada8527a5,嘤嘤嘤,1465.3,132.4,2,0.67,2020-11-28
2022-06-26,Kards Open XII,bf:5fbef3ecb0ef7749130e49bc,MaskedMarvel,1498.6,132.4,2,0.67,2020-11-28
2022-06-26,Kards Open XII,bf:5fbf17032dc8793ada852978,UltramanT80,1464.9,132.4,2,0.67,2020-11-28
2022-06-26,Kards Open XII,bf:5fbf174c5d320863b86f0efc,如临深渊,1501.2,132.4,2,0.67,2020-11-28
2022-06-26,Kards Open XII,bf:5fbf1ad71632970e916c627a,TowerNumberNine,1468.3,132.4,2,0.67,2020-11-28
2022-06-26,Kards Open XII,bf:5fbf28984d01f9313d135d0f,Ayako,1482.3,135.6,1,0.34,2020-11-28
2022-06-26,Kards Open XII,bf:5fbf30a2a447ab4bb37e1b38,1330775381,1472.9,132.9,2,0.67,2020-11-28
2022-06-26,Kards Open XII,bf:5fbf32921632970e916c6301,Paddy,1465.8,132.4,2,0.67,2020-11-28
2022-06-26,Kards Open XII,bf:5fbf3849043fd20cdf90d500,Dirty Jon,1486.8,119.2,7,2.35,2020-11-29
2022-06-26,Kards Open XII,bf:5fbf3d90adfefd64e8c91af1,tortunbator,1482.4,129.4,3,1.01,2020-11-28
2022-06-26,Kards Open XII,bf:5fbf4b25698db1048d27bdc9,白皮猪杀手,1465.3,132.4,2,0.67,2020-11-28
2022-06-26,Kards Open XII,bf:5fbf4fe05d320863b86f0fb6,Kimssa,1559.2,102.1,15,5.67,2021-04-04
2022-06-26,Kards Open XII,bf:5fbf516e2dc8793ada852a4c,VitalkaFS,1503.6,126.7,4,1.34,2020-11-28
2022-06-26,Kards Open XII,bf:5fbf5273adfefd64e8c91b99,crazymonkey,1522.5,124.6,5,1.68,2020-11-28
2022-06-26,Kards Open XII,bf:5fbf62605d320863b86f0ff1,梁家河扛麦郎,1504.1,132.4,2,0.67,2020-11-28
2022-06-26,Kards Open XII,bf:5fbf6ade2dc8793ada852a75,Maty,1507.3,108.5,12,4.39,2021-04-03
2022-06-26,Kards Open XII,bf:5fbf6f3f26ea883a515841f0,Wuhu_Airline,1468.6,132.5,2,0.67,2020-11-28
2022-06-26,Kards Open XII,bf:5fbf7a86b0ef7749130e4dec,ID由于太昭和无法显示,1481.3,129.6,3,1.01,2020-11-28
2022-06-26,Kards Open XII,bf:5fbf81d4698db1048d27bf78,Andrewkaiyan,1513.0,114.9,9,3.02,2020-11-29
2022-06-26,Kards Open XII,bf:5fbf8670698db1048d27bfda,zadkiel0508,1500.0,132.4,2,0.67,2020-11-28
2022-06-26,Kards Open XII,bf:5fbf86bf2dc8793ada852abe,Kiertscher,1509.6,117.2,8,2.69,2020-11-29
2022-06-26,Kards Open XII,bf:5fbf8fc55d320863b86f1086,共和国荣光,1485.7,129.5,3,1.01,2020-11-28
2022-06-26,Kards Open XII,bf:5fbf97cfb0ef7749130e4e94,AndyNing,1485.3,129.7,3,1.01,2020-11-28
2022-06-26,Kards Open XII,bf:5fbf9fa55d320863b86f10d6,watchmen,1558.0,124.0,5,1.68,2020-11-28
2022-06-26,Kards Open XII,bf:5fbfa1ec5d320863b86f10df,s8130662,1617.8,115.5,9,3.02,2020-11-29
2022-06-26,Kards Open XII,bf:5fbfa6575d320863b86f10ec,think,1467.7,132.4,2,0.67,2020-11-28
2022-06-26,Kards Open XII,bf:5fbfa75c0f21e57963853e73,2057458491@qq.com,1553.5,124.0,5,1.68,2020-11-28
2022-06-26,Kards Open XII,bf:5fbfa9f0a2fd34654753c891,Wizard,1524.5,114.9,9,3.02,2020-11-29
2022-06-26,Kards Open XII,bf:5fbfaa4726ea883a5158435d,UnhappyRefrain,1483.9,129.6,3,1.01,2020-11-28
2022-06-26,Kards Open XII,bf:5fbfaa5d698db1048d27c161,Feiron,1484.7,135.6,1,0.34,2020-11-28
2022-06-26,Kards Open XII,bf:5fbfafde1632970e916c652e,Non-motorized,1504.3,117.0,8,2.69,2020-11-29
2022-06-26,Kards Open XII,bf:5fbfb1ca2dc8793ada852b72,Satomi_ren,1559.0,119.2,7,2.35,2020-11-29
2022-06-26,Kards Open XII,bf:5fbfb4c7043fd20cdf90d6e1,唐努图什么,1500.2,132.4,2,0.67,2020-11-28
2022-06-26,Kards Open XII,bf:5fbfb60f1632970e916c6544,rayson366458,1526.5,106.3,7,4.87,2022-03-26
2022-06-26,Kards Open XII,bf:5fbfb8692dc8793ada852b8d,为啥起的名字都无效,1502.4,132.5,2,0.67,2020-11-28
2022-06-26,Kards Open XII,bf:5fbfb8f1043fd20cdf90d702,James Patterson,1467.1,126.6,4,1.34,2020-11-28
2022-06-26,Kards Open XII,bf:5fbfba184d01f9313d135f37,Simple One,1483.2,135.6,1,0.34,2020-11-28
2022-06-26,Kards Open XII,bf:5fbfbd51b0ef7749130e4f38,MC_Shiro,1556.4,108.8,12,4.36,2021-02-07
2022-06-26,Kards Open XII,bf:5fbfc2c9043fd20cdf90d720,bushirenchou,1522.2,124.1,5,1.68,2020-11-28
2022-06-26,Kards Open XII,bf:5fbfc6e15d320863b86f1193,李鸿章,1524.0,115.2,9,3.02,2020-11-29
2022-06-26,Kards Open XII,bf:5fbfd4581632970e916c6699,Claris,1487.3,129.5,3,1.01,2020-11-28
2022-06-26,Kards Open XII,bf:5fbffbaa2dc8793ada85319e,MeRRoR,1473.5,117.3,8,2.69,2020-11-29
2022-06-26,Kards Open XII,bf:5fc003a1b0ef7749130e5216,Zuasfadas,1527.6,126.9,4,1.34,2020-11-28
2022-06-26,Kards Open XII,bf:5fc0046a698db1048d27c912,ChariotBlitz,1513.9,124.0,5,1.68,2020-11-28
2022-06-26,Kards Open XII,bf:5fc0060d698db1048d27c939,machue,1477.3,129.4,3,1.01,2020-11-28
2022-06-26,Kards Open XII,bf:5fc017df26ea883a515847d5,Nikica,1521.2,114.9,9,3.02,2020-11-29
2022-06-26,Kards Open XII,bf:5fc0244ca2fd34654753d0cb,Bjelke666,1417.1,112.7,10,3.64,2021-02-07
2022-06-26,Kards Open XII,bf:5fc048141632970e916c6beb,Jannik,1499.1,132.4,2,0.67,2020-11-28
2022-06-26,Kards Open XII,bf:5fc062ca3a712911d5860aac,Chimpu,1466.7,132.4,2,0.67,2020-11-28
2022-06-26,Kards Open XII,bf:5fc06376a447ab4bb37e29a7,西域战神阿凡提,1482.2,135.6,1,0.34,2020-11-28
2022-06-26,Kards Open XII,bf:5fc07486698db1048d27ccd5,hj123c,1465.7,132.4,2,0.67,2020-11-28
2022-06-26,Kards Open XII,bf:5fc0ff84971c1811b1c02525,lapotNIK,1487.4,129.7,3,1.01,2020-11-28
2022-06-26,Kards Open XII,bf:5fc13108a447ab4bb37e2e33,Az4zel,1481.1,122.4,6,2.02,2020-11-29
2022-06-26,Kards Open XII,bf:5fc133575ca52f15c00549a9,Legio_Victrix,1556.0,115.0,9,3.02,2020-11-29
2022-06-26,Kards Open XII,bf:5fc13c125d320863b86f1d60,聖訷殺,1464.4,132.5,2,0.67,2020-11-28
2022-06-26,Kards Open XII,bf:5fc13c6e4a99f533280c7373,Vavilon6,1634.9,82.8,33,12.67,2021-04-10
2022-06-26,Kards Open XII,bf:5fc1647ca447ab4bb37e3019,Lampround,1467.9,132.4,2,0.67,2020-11-28
2022-06-26,Kards Open XII,bf:5fc1741a4a3afe55318cf945,Waldemaras,1441.6,115.1,7,3.17,2021-06-26
2022-06-26,Kards Open XII,bf:5fc1760a2dc8793ada853e83,Thetankman3,1570.8,121.8,6,2.01,2020-11-29
2022-06-26,Kards Open XII,bf:5fc1c2f14a3afe55318cfd98,RudyFlyer,1465.9,90.8,13,9.46,2022-02-05
2022-06-26,Kards Open XII,bf:5fc1dd90043fd20cdf90e83e,BADmuji,1470.2,111.0,11,3.84,2021-02-06
2022-06-26,Kards Open XII,bf:5fc1dd9b2dc8793ada8544a3,GeneralMaximus_5,1468.0,126.6,4,1.34,2020-11-28
2022-06-26,Kards Open XII,bf:5fc1f746a2fd34654753e1ae,GearWolf1991,1474.3,117.1,8,2.69,2020-11-29
2022-06-26,Kards Open XII,bf:5fc2123f8ae4c5551e8b0129,Agent007,1487.5,124.0,5,1.68,2020-11-28
2022-06-26,Kards Open XII,bf:5fc21ebcb0ef7749130e6b81,Agumonster,1469.5,132.5,2,0.67,2020-11-28
2022-06-26,Kards Open XII,bf:5fc241c1f1aa2511d7251933,Reaper,1459.0,130.0,3,1.01,2020-11-28
2022-06-26,Kards Open XII,bf:5fc24f00971c1811b1c037b0,Wladca,1466.7,132.4,2,0.67,2020-11-28
2022-06-26,Kards Open XII,bf:5fc26afe6052f211a7127a71,yahya94,1483.1,124.0,5,1.68,2020-11-29
2022-06-26,Kards Open XII,bf:5fc2cfeb2350e111ca3e4a6e,Lan,1416.5,106.3,13,5.05,2021-02-21
2022-06-26,Kards Open XII,bf:5fd0f538f2b2ef0cb211c66d,winman82,1495.6,125.1,4,1.53,2021-02-06
2022-06-26,Kards Open XII,bf:6018722f6b7a4c1c7ef01779,"Котейка ПочтаЛион ""Каратель""",1481.4,122.5,5,1.92,2021-02-07
2022-06-26,Kards Open XII,bf:601995acbe9b881d09177a3a,Berserker,1442.3,128.7,3,1.15,2021-02-07
2022-06-26,Kards Open XII,bf:6019ce668e21aa1d188c190d,DJSF,1473.9,119.9,6,2.36,2021-02-21
2022-06-26,Kards Open XII,bf:601a74d5f4761b1d98293c14,gardr,1439.2,120.3,6,2.33,2021-02-20
2022-06-26,Kards Open XII,bf:601ad0d4bccfe11bd7952790,Bubblebox,1516.3,95.8,15,7.5,2022-05-28
2022-06-26,Kards Open XII,bf:601ae997fb69622ad6617823,Lord Zarax,1456.8,96.2,13,7.69,2022-02-05
2022-06-26,Kards Open XII,bf:601aface2eb6151da1f9651f,Amarok,1474.9,128.6,3,1.15,2021-02-06
2022-06-26,Kards Open XII,bf:601afc674443111ba564023d,RTylerW,1473.2,126.9,4,1.53,2021-02-06
2022-06-26,Kards Open XII,bf:601b5b897d76ec1b99358c6f,IMStarker,1464.5,123.2,5,1.95,2021-02-20
2022-06-26,Kards Open XII,bf:601c0e79b125d31d258fd278,Ish,1488.5,122.9,5,1.92,2021-02-07
2022-06-26,Kards Open XII,bf:601c4a12e848ea2ae5565fa7,UappaSguappa,1521.0,128.2,3,1.15,2021-02-06
2022-06-26,Kards Open XII,bf:601c52cb2eb6151da1f96ccf,Asarnil,1501.5,131.8,2,0.77,2021-02-06
2022-06-26,Kards Open XII,bf:601c5640242f461d92104636,Flironic,1488.5,135.8,1,0.38,2021-02-06
2022-06-26,Kards Open XII,bf:601c5831f4761b1d98294688,gillis,1479.9,135.1,1,0.38,2021-02-06
2022-06-26,Kards Open XII,bf:601c5d21bccfe11bd79533ba,NikitoSNaz,1487.0,122.7,5,1.92,2021-02-07
2022-06-26,Kards Open XII,bf:601c602c8989bb1d0ffd2d60,Boom Stand,1474.8,120.1,6,2.3,2021-02-07
2022-06-26,Kards Open XII,bf:601c66707d76ec1b99359336,Uncle_Gags,1472.6,132.7,2,0.77,2021-02-06
2022-06-26,Kards Open XII,bf:601c6d39ce01411daff6ce45,Ludo,1507.6,118.6,7,2.69,2021-02-07
2022-06-26,Kards Open XII,bf:601c71455470fa2af29f5034,Sebastianhenry,1463.6,120.0,6,2.3,2021-02-07
2022-06-26,Kards Open XII,bf:601c7bb24443111ba5640e9a,sleppy,1434.0,119.8,6,2.3,2021-02-07
2022-06-26,Kards Open XII,bf:601c9026bf58cf5f54a82622,adriano.rln2,1495.3,119.6,6,2.3,2021-02-07
2022-06-26,Kards Open XII,bf:601c914f7d548611be769699,Chippendale,1521.3,128.5,3,1.15,2021-02-06
2022-06-26,Kards Open XII,bf:601c994b3b155711d4677d1b,Thunderhide Alpha,1473.4,120.4,6,2.3,2021-02-07
2022-06-26,Kards Open XII,bf:601c9b3d2a229411c4dec493,JackaL,1485.6,128.2,3,1.15,2021-02-06
2022-06-26,Kards Open XII,bf:601c9f9ef8251e1bb7eb0fb5,PainmakeR,1365.1,81.4,31,15.19,2022-04-09
2022-06-26,Kards Open XII,bf:601cafe1bb724711bbdc0e41,diablojoker,1554.8,115.0,8,3.07,2021-02-13
2022-06-26,Kards Open XII,bf:601cb9e68f8ab5604536225b,xialang,1552.3,110.4,10,3.91,2021-02-27
2022-06-26,Kards Open XII,bf:601ccaa7df90f911ab030712,Smoky,1493.3,116.8,7,2.73,2021-04-03
2022-06-26,Kards Open XII,bf:601ccba636ceeb11b32b80ff,清水晴政,1576.1,82.8,17,13.15,2022-05-28
2022-06-26,Kards Open XII,bf:601ce5a78e21aa1d188c2da4,scarecrow,1558.9,102.8,8,5.86,2022-02-05
2022-06-26,Kards Open XII,bf:601cf711ce01411daff6d2c9,The Ice Baron,1507.5,125.4,4,1.53,2021-02-06
2022-06-26,Kards Open XII,bf:601d189a36ceeb11b32b81e2,MR.p,1566.2,108.0,10,4.56,2021-05-30
2022-06-26,Kards Open XII,bf:601d204cab29fd2adcd79a2d,Juliuspluvius,1497.6,114.8,7,3.23,2021-05-29
2022-06-26,Kards Open XII,bf:601d2fa3242f461d92104ad0,tief-pass,1492.4,123.2,5,1.92,2021-02-07
2022-06-26,Kards Open XII,bf:601d334704309b1b93074798,Jashin,1556.1,73.7,31,18.39,2022-04-30
2022-06-26,Kards Open XII,bf:601d4daaa3a63111ba7f6ad7,0331,1500.2,123.0,5,1.92,2021-02-07
2022-06-26,Kards Open XII,bf:601d68eabf58cf5f54a82fbf,LeeandGarros,1472.9,108.3,9,4.75,2021-11-06
2022-06-26,Kards Open XII,bf:601d6a1959fc1e11b57d5700,binhpac,1488.7,128.3,3,1.15,2021-02-06
2022-06-26,Kards Open XII,bf:601d6e10dca2311bb626f1d2,giannikas,1483.4,127.4,3,1.28,2021-04-03
2022-06-26,Kards Open XII,bf:601d724003f1bc1bc847aa4d,WarCrow,1496.2,119.9,6,2.3,2021-02-07
2022-06-26,Kards Open XII,bf:601d72b8945ba61bbd9b6b3e,JamesJimRaynor,1614.9,110.6,10,3.85,2021-02-13
2022-06-26,Kards Open XII,bf:601d8327ce01411daff6dde0,zvezda,1545.8,117.7,7,2.69,2021-02-07
2022-06-26,Kards Open XII,bf:601d841d36ceeb11b32b8857,Чайный Игрок,1463.5,131.7,2,0.77,2021-02-06
2022-06-26,Kards Open XII,bf:601d8d265470fa2af29f55e8,Bronzeguy,1500.9,125.3,4,1.53,2021-02-06
2022-06-26,Kards Open XII,bf:601dacd85156047698264137,pelota,1558.9,117.4,7,2.69,2021-02-13
2022-06-26,Kards Open XII,bf:601dd93585cc4e75ecefaa9c,X_predator,1445.8,112.3,7,3.72,2021-11-06
2022-06-26,Kards Open XII,bf:601ddad214499975b676d714,Autisticles,1492.5,125.5,4,1.53,2021-02-06
2022-06-26,Kards Open XII,bf:601dff5114499975b676d7fb,Vladimir_the_Great,1463.6,120.0,6,2.3,2021-02-07
2022-06-26,Kards Open XII,bf:601e170e8b295778d1474505,TriggerMcHappy,1494.5,131.8,2,0.77,2021-02-06
2022-06-26,Kards Open XII,bf:601e1a04b66ee1767c0f19bf,metaman0,1500.7,119.8,6,2.3,2021-02-07
2022-06-26,Kards Open XII,bf:601e4222507c147700ac949d,Bishamon,1446.8,97.6,18,7.26,2021-04-04
2022-06-26,Kards Open XII,bf:601e45ae6c6f1475e154a175,cws1968,1485.9,122.5,5,1.92,2021-02-07
2022-06-26,Kards Open XII,bf:601e5d325156047698264588,idslksyllbls,1527.3,117.2,7,2.69,2021-02-07
2022-06-26,Kards Open XII,bf:601e60c914499975b676db49,Agasfer88,1496.1,119.8,6,2.3,2021-02-07
2022-06-26,Kards Open XII,bf:601e734995780078daf3e9cf,Budark,1501.4,131.4,2,0.77,2021-02-06
2022-06-26,Kards Open XII,bf:601e77957e074a75c3e36c24,Drazer,1506.9,125.4,4,1.53,2021-02-07
2022-06-26,Kards Open XII,bf:601e7dd895780078daf3ed80,VadimPoltava,1467.3,125.4,4,1.53,2021-02-06
2022-06-26,Kards Open XII,bf:601e7e5af38de8768ef0dbdf,Funnies,1487.2,135.6,1,0.38,2021-02-06
2022-06-26,Kards Open XII,bf:601e92a7e5c01375db7f5de8,stevenj21,1465.7,109.5,11,4.28,2021-02-21
2022-06-26,Kards Open XII,bf:601e9b8beae820768baef5db,Csasz74,1405.8,120.3,6,2.39,2021-04-03
2022-06-26,Kards Open XII,bf:601e9c49e5c01375db7f5e53,Heliks,1533.7,119.9,6,2.3,2021-02-07
2022-06-26,Kards Open XII,bf:601e9d308392ff75fb351ffc,Хлебный Игрок,1481.5,135.1,1,0.38,2021-02-06
2022-06-26,Kards Open XII,bf:601ea179eae820768baef620,notturno68,1457.6,131.6,2,0.77,2021-02-06
2022-06-26,Kards Open XII,bf:601ea84d2cdc35768253b653,pablonsky,1471.1,132.2,2,0.77,2021-02-06
2022-06-26,Kards Open XII,bf:602bf7e108d6c576f70885be,ACE YUR FACE,1509.7,119.9,6,2.36,2021-02-21
2022-06-26,Kards Open XII,bf:602c0e5389472a782b9cbc26,Shockwave750,1542.5,119.0,6,2.37,2021-02-27
2022-06-26,Kards Open XII,bf:602c2018507c147700acf905,Bomber_Harris,1470.6,120.1,6,2.36,2021-02-21
2022-06-26,Kards Open XII,bf:602c22cdabb67b53bb4c4954,Haruna Izumi,1456.1,122.6,5,1.97,2021-02-21
2022-06-26,Kards Open XII,bf:602d35b5e953470c8c2eb398,skippu_white,1457.8,122.5,5,1.97,2021-02-21
2022-06-26,Kards Open XII,bf:602d5acba74cc17c31b7d9af,Nyarlathotep,1536.0,70.7,38,19.97,2022-02-05
2022-06-26,Kards Open XII,bf:602efa92d7a4147c1146d997,Dynamo D,1548.8,114.2,8,3.16,2021-02-27
2022-06-26,Kards Open XII,bf:602f98dc95b59911a33166f5,Craylight,1442.5,121.9,5,1.97,2021-02-21
2022-06-26,Kards Open XII,bf:6030551a73965f35ae461762,log1c,1546.0,104.4,13,5.36,2021-04-10
2022-06-26,Kards Open XII,bf:6030a2af3222cb45216b822e,DarkwingedTrumpeter,1441.3,128.1,3,1.18,2021-02-20
2022-06-26,Kards Open XII,bf:6039135967b58f1e04196610,CEO of Racism,1513.7,118.1,6,2.56,2021-04-04
2022-06-26,Kards Open XII,bf:603aca86a4a3f111939e5346,Druso,1560.6,106.0,7,5.39,2022-02-26
2022-06-26,Kards Open XII,bf:603cfe1ab328151e11b92549,buzzAldrin,1490.2,115.2,5,3.22,2021-11-06
2022-06-26,Kards Open XII,bf:604e70169811de4a8929cc66,chrasi,1535.6,109.3,9,4.13,2021-06-26
2022-06-26,Kards Open XII,bf:60509713496ba24d0604cc08,TreePipit,1599.6,64.8,37,26.1,2022-06-25
2022-06-26,Kards Open XII,bf:6050d9c1d164f74b8e7830c0,AnTeallach,1505.9,124.3,4,1.71,2021-04-03
2022-06-26,Kards Open XII,bf:6050dd83d164f74b8e7830f8,VyC,1520.7,118.9,6,2.56,2021-04-04
2022-06-26,Kards Open XII,bf:60512d0b3ae2c317e32bcf66,Ace29,1505.5,115.7,6,3.0,2021-06-26
2022-06-26,Kards Open XII,bf:6051fe41cbd09156d261e80c,Io de Scylla,1503.1,117.9,6,2.56,2021-04-04
2022-06-26,Kards Open XII,bf:60520c7e3ae2c317e32bd629,Grenadier Gomby,1514.4,118.3,6,2.56,2021-04-04
2022-06-26,Kards Open XII,bf:6061f0d91d5ed13ba0590c8c,NikolaTesla,1478.0,134.7,1,0.43,2021-04-03
2022-06-26,Kards Open XII,bf:606205aa77b5c319f9259197,Spaghetti Dan,1462.8,116.6,7,2.99,2021-04-04
2022-06-26,Kards Open XII,bf:60620a3ddb064f11ae99a9cc,BlatherskiteChannel,1464.3,131.2,2,0.85,2021-04-03
2022-06-26,Kards Open XII,bf:60623bfcfe869e359192bdb3,Richard Zorge ( tfcvgy),1474.9,134.7,1,0.43,2021-04-03
2022-06-26,Kards Open XII,bf:60624761e23edf11a8fbebab,Eric Haas,1453.8,116.2,7,2.99,2021-04-04
2022-06-26,Kards Open XII,bf:6062d422fe869e359192c071,rezvuhin.dmitrij,1479.5,134.7,1,0.43,2021-04-03
2022-06-26,Kards Open XII,bf:60631191ef449e2156a5adf9,saiko,1528.2,116.0,7,2.99,2021-04-04
2022-06-26,Kards Open XII,bf:6064433143507c17f08ff721,lutherizz,1478.7,124.8,4,1.71,2021-04-03
2022-06-26,Kards Open XII,bf:60644d12bea76d63440e66db,casatron,1490.1,127.8,3,1.28,2021-04-03
2022-06-26,Kards Open XII,bf:6064772a1dc5b905e3c0ff51,repose,1629.8,81.6,20,13.28,2022-02-26
2022-06-26,Kards Open XII,bf:60647b02521bb713377d6f5c,Zilda,1593.5,97.1,16,7.21,2021-05-30
2022-06-26,Kards Open XII,bf:60649133d9c5a005c360423e,Rusl,1448.4,128.2,3,1.28,2021-04-03
2022-06-26,Kards Open XII,bf:6064975b99c79405c943b28f,#romano737,1476.8,120.8,5,2.13,2021-04-04
2022-06-26,Kards Open XII,bf:6064b09a65d11d138804412a,ttolpann,1485.3,121.0,5,2.13,2021-04-04
2022-06-26,Kards Open XII,bf:6064c336521bb713377d7223,Bazsi500,1439.6,127.5,3,1.28,2021-04-03
2022-06-26,Kards Open XII,bf:6065dd291b083505d3f69759,kusanagui2501,1478.7,134.6,1,0.43,2021-04-03
2022-06-26,Kards Open XII,bf:6065e506c75b3f32bc8957c9,Fortress,1466.7,124.2,4,1.71,2021-04-03
2022-06-26,Kards Open XII,bf:60665059bea76d63440e763f,ethen,1498.0,122.9,5,2.13,2021-04-04
2022-06-26,Kards Open XII,bf:60674f097230f532c22615b9,dodos,1514.8,119.2,6,2.56,2021-04-04
2022-06-26,Kards Open XII,bf:60676fb11d5ed13ba0593743,marcelinovegaviejo,1489.2,135.8,1,0.43,2021-04-03
2022-06-26,Kards Open XII,bf:60677695fe869e359192e820,benny,1501.9,130.9,2,0.85,2021-04-03
2022-06-26,Kards Open XII,bf:6068332c521bb713377d8fdf,melenkurion,1480.1,134.6,1,0.43,2021-04-03
2022-06-26,Kards Open XII,bf:60685007d0955e11e2b013f4,germanicus438,1489.0,70.1,35,21.88,2022-05-28
2022-06-26,Kards Open XII,bf:606854ffd0955e11e2b01407,Magnus_Aurel,1515.7,118.0,6,2.57,2021-04-10
2022-06-26,Kards Open XII,bf:60687ce718f0251191ca9656,Gagarinyasha,1457.9,124.0,4,1.71,2021-04-03
2022-06-26,Kards Open XII,bf:60687eb5eea041235d6db8aa,#nini,1442.7,121.1,5,2.13,2021-04-04
2022-06-26,Kards Open XII,bf:6070a8022fd5451122c65ae8,apara,1606.5,73.0,29,18.74,2022-03-26
2022-06-26,Kards Open XII,bf:60721ccb5c1419118df3a796,OOUTAIWAN,1493.1,90.2,20,10.24,2021-08-21
2022-06-26,Kards Open XII,bf:60763581b7083a45e0c65882,Thunder,1449.6,129.6,2,1.0,2021-06-26
2022-06-26,Kards Open XII,bf:607823b0c75b3f32bc89dbca,White Eagle,1593.1,91.5,18,9.1,2021-08-21
2022-06-26,Kards Open XII,bf:60946d0dab3bf12889662245,VikingClog,1466.2,116.6,6,2.84,2021-05-29
2022-06-26,Kards Open XII,bf:60953c50980c9b122a48e011,#magnetto_man,1472.0,117.2,6,2.84,2021-05-29
2022-06-26,Kards Open XII,bf:6096f16136c672120ab703d4,DdE,1485.8,112.9,5,3.78,2022-01-29
2022-06-26,Kards Open XII,bf:609b0f8f7b748611b20fea75,Niebieski,1383.9,119.4,3,2.52,2022-03-26
2022-06-26,Kards Open XII,bf:609b70096b6b3d37fdd49225,TheFrenchHolyTemplar,1492.0,108.7,7,4.52,2022-01-29
2022-06-26,Kards Open XII,bf:60a356b944cea86cbcb2d935,Rngesus,1440.9,119.9,5,2.37,2021-05-29
2022-06-26,Kards Open XII,bf:60a3bf649226326cec5f141a,SkillKill,1438.8,126.8,3,1.42,2021-05-29
2022-06-26,Kards Open XII,bf:60a3f0a911d3b171064316ce,Obristan,1471.7,126.1,3,1.42,2021-05-29
2022-06-26,Kards Open XII,bf:60a432af9226326cec5f185b,MeRoll,1462.5,109.9,9,4.34,2021-06-26
2022-06-26,Kards Open XII,bf:60a503770ee905712684a97d,Leichelot1,1445.5,120.5,5,2.37,2021-05-29
2022-06-26,Kards Open XII,bf:60a543cc9c13276cd6914076,#MrEcho,1477.4,119.2,5,2.37,2021-05-29
2022-06-26,Kards Open XII,bf:60a5955444cea86cbcb2ebc2,Tanner,1463.7,130.5,2,0.95,2021-05-29
2022-06-26,Kards Open XII,bf:60a61caf0327e8746992e60b,estienne2,1433.1,105.2,11,5.34,2021-06-26
2022-06-26,Kards Open XII,bf:60a6368e0072106f76db29dd,Skiller,1394.4,119.9,5,2.37,2021-05-29
2022-06-26,Kards Open XII,bf:60a65e7e982b577479221d7e,Hackfresse,1468.2,111.8,8,3.93,2021-08-07
2022-06-26,Kards Open XII,bf:60a67f38000fb03f36004b2c,Dindalian,1559.0,101.6,13,6.35,2021-06-27
2022-06-26,Kards Open XII,bf:60a685a99c13276cd691508d,loud and clear,1453.9,104.3,11,5.34,2021-06-26
2022-06-26,Kards Open XII,bf:60a7c75f9c13276cd691586e,devil,1532.4,112.7,8,3.82,2021-06-26
2022-06-26,Kards Open XII,bf:60a9f588982b57747922392a,Marek,1512.7,104.4,11,5.34,2021-06-26
2022-06-26,Kards Open XII,bf:60aaf2216dada66f5e2a839e,ChemistryMaster,1472.9,134.2,1,0.47,2021-05-29
2022-06-26,Kards Open XII,bf:60abd00e9226326cec5f56e5,Garand Конституції,1455.7,123.1,4,1.9,2021-05-29
2022-06-26,Kards Open XII,bf:60ae026e000fb03f36007a83,EcholoQE,1484.6,134.9,1,0.47,2021-05-29
2022-06-26,Kards Open XII,bf:60ae60e26dada66f5e2a9239,ERB0L,1609.9,93.1,17,8.56,2021-09-04
2022-06-26,Kards Open XII,bf:60b0a4d9835684119d3312d6,Bob1974,1447.1,120.2,5,2.37,2021-05-29
2022-06-26,Kards Open XII,bf:60b1d9960072106f76db7938,FrosT_NF,1419.0,116.6,6,2.84,2021-05-29
2022-06-26,Kards Open XII,bf:60b2450639bdbb113a68b017,*UBI_ghost,1451.0,120.0,5,2.37,2021-05-29
2022-06-26,Kards Open XII,bf:60c514950332eb573b6ef25d,polancowoods45,1435.2,119.5,5,2.5,2021-06-26
2022-06-26,Kards Open XII,bf:60c61341543cd91a5d592af7,Hispano,1594.4,101.0,9,6.86,2022-02-05
2022-06-26,Kards Open XII,bf:60c929871a01bf49674e1815,HW Plainview,1402.8,120.3,5,2.5,2021-06-26
2022-06-26,Kards Open XII,bf:60c939761fb30a26a0ea6e03,Dindomir,1492.3,125.3,3,1.62,2021-08-07
2022-06-26,Kards Open XII,bf:60c9b27ea95cd94e9dae5da2,虚无主义,1471.8,108.2,8,4.89,2022-05-28
2022-06-26,Kards Open XII,bf:60ca4cb5a95cd94e9dae6026,Kindero,1484.2,134.7,1,0.5,2021-06-26
2022-06-26,Kards Open XII,bf:60ca80ace39b28468395e0c2,PAGMARE,1600.4,97.7,12,7.03,2021-11-27
2022-06-26,Kards Open XII,bf:60cb505451487a4eb2227f1a,Vector,1484.0,128.1,3,1.5,2021-06-26
2022-06-26,Kards Open XII,bf:60d7295878f6123d75383e7c,Unskilz,1492.0,115.8,6,3.0,2021-06-26
2022-06-26,Kards Open XII,sgg:2353966,ㅡㅠ,1481.5,120.5,3,2.3,2022-02-05
2022-06-26,Kards Open XII,sgg:2374037,Raslin2006,1451.2,126.9,3,1.93,2021-11-06
2022-06-26,Kards Open XII,sgg:2374874,Hayboza,1526.7,121.6,4,2.17,2021-08-07
2022-06-26,Kards Open XII,sgg:2375094,Krch,1453.2,127.1,3,1.62,2021-08-07
2022-06-26,Kards Open XII,sgg:2375354,Brightstar,1439.4,124.2,4,2.17,2021-08-07
2022-06-26,Kards Open XII,sgg:2375403,Tofisow,1450.4,118.8,5,2.71,2021-08-07
2022-06-26,Kards Open XII,sgg:2375442,Noein5,1727.3,68.5,31,23.36,2022-05-01
2022-06-26,Kards Open XII,sgg:2380599,TheArticle,1435.9,126.0,3,1.62,2021-08-07
2022-06-26,Kards Open XII,sgg:2382579,xyloser,1663.2,107.8,8,4.45,2021-09-07
2022-06-26,Kards Open XII,sgg:2386070,,1505.9,117.3,5,2.78,2021-08-21
2022-06-26,Kards Open XII,sgg:2388207,百里蒿,1712.4,92.5,10,8.77,2022-05-01
2022-06-26,Kards Open XII,sgg:2407266,BEATWELL,1477.9,122.6,4,2.22,2021-08-21
2022-06-26,Kards Open XII,sgg:2407984,ChikadoZ,1460.9,118.2,3,2.84,2022-05-28
2022-06-26,Kards Open XII,sgg:2408029,Nanohard,1438.2,117.5,5,2.78,2021-08-21
2022-06-26,Kards Open XII,sgg:2408269,常凯申队长,1538.3,116.8,5,2.78,2021-08-21
2022-06-26,Kards Open XII,sgg:2408285,Surcouf,1464.1,121.4,4,2.22,2021-08-21
2022-06-26,Kards Open XII,sgg:2408647,Magman,1451.3,113.3,4,3.84,2022-06-04
2022-06-26,Kards Open XII,sgg:2409441,0944,1486.4,124.4,3,1.67,2021-08-21
2022-06-26,Kards Open XII,sgg:2409467,老虎不发猫,1660.0,64.9,34,26.32,2022-06-26
2022-06-26,Kards Open XII,sgg:2410346,Kevin Wu,1495.6,117.7,5,2.78,2021-08-21
2022-06-26,Kards Open XII,sgg:2410397,BurningLAN,1447.8,126.4,3,1.67,2021-08-21
2022-06-26,Kards Open XII,sgg:2483760,钟离梓,1807.6,78.2,22,18.89,2022-06-26
2022-06-26,Kards Open XII,sgg:2483766,black_nao,1469.9,95.8,11,7.69,2022-01-29
2022-06-26,Kards Open XII,sgg:2485067,敦刻尔克没有白色,1510.8,125.1,3,1.93,2021-11-06
2022-06-26,Kards Open XII,sgg:2489723,Gat0,1619.7,67.6,30,23.42,2022-06-25
2022-06-26,Kards Open XII,sgg:2494716,gotoh,1449.3,106.5,8,5.24,2021-11-20
2022-06-26,Kards Open XII,sgg:2495272,General Winter,1589.4,94.1,11,8.36,2022-02-05
2022-06-26,Kards Open XII,sgg:2498198,Casti,1521.2,86.2,14,11.05,2022-04-09
2022-06-26,Kards Open XII,sgg:2503368,Carolus_Rex,1529.6,112.4,6,3.86,2021-11-06
2022-06-26,Kards Open XII,sgg:2504326,Caspian44,1469.9,103.3,9,5.86,2021-11-20
2022-06-26,Kards Open XII,sgg:2504781,Xalulay Toddy,1401.1,119.8,4,2.57,2021-11-06
2022-06-26,Kards Open XII,sgg:2505109,Wyatt Durp,1384.1,107.7,8,5.2,2021-11-20
2022-06-26,Kards Open XII,sgg:2505286,HRG Surplus,1416.5,124.0,3,1.93,2021-11-06
2022-06-26,Kards Open XII,sgg:2505316,link2sth,1461.1,117.8,3,2.84,2022-05-28
2022-06-26,Kards Open XII,sgg:2505365,bruce,1434.2,127.3,2,1.29,2021-11-06
2022-06-26,Kards Open XII,sgg:2506738,Pete2019,1440.4,96.3,11,7.6,2022-02-05
2022-06-26,Kards Open XII,sgg:2518580,TheBearJew212,1512.6,122.8,3,1.98,2021-11-20
2022-06-26,Kards Open XII,sgg:2518593,dsada,1666.0,99.8,8,6.83,2022-04-30
2022-06-26,Kards Open XII,sgg:2519625,Tibetan Sunshine,1484.8,118.4,4,2.57,2021-11-06
2022-06-26,Kards Open XII,sgg:2520081,Wastecan,1443.3,89.4,15,10.41,2022-01-29
2022-06-26,Kards Open XII,sgg:2616063,Baron Von Glower,1573.0,83.5,15,12.77,2022-05-28
2022-06-26,Kards Open XII,sgg:2616143,Austerlitz,1482.8,120.3,3,2.3,2022-02-05
2022-06-26,Kards Open XII,sgg:2619898,たかみや なほ,1560.1,115.6,4,3.02,2022-01-29
2022-06-26,Kards Open XII,sgg:2620876,我是抖m,1488.0,101.4,8,6.1,2022-02-05
2022-06-26,Kards Open XII,sgg:2620886,KARAKATITSA,1417.8,112.7,5,3.83,2022-02-05
2022-06-26,Kards Open XII,sgg:2621073,dian,1639.9,72.1,24,19.97,2022-06-25
2022-06-26,Kards Open XII,sgg:2621386,rodrigofeija,1389.1,106.8,7,5.33,2022-02-05
2022-06-26,Kards Open XII,sgg:2621899,JLukeSkywalker,1400.3,118.6,4,3.02,2022-01-29
2022-06-26,Kards Open XII,sgg:2621966,Vanguard,1567.7,107.7,6,4.59,2022-02-05
2022-06-26,Kards Open XII,sgg:2621971,Seberty,1514.2,80.6,18,14.48,2022-04-09
2022-06-26,Kards Open XII,sgg:2621982,norouisd,1643.3,85.2,14,12.1,2022-05-01
2022-06-26,Kards Open XII,sgg:2622223,Robko,1481.4,98.8,9,6.85,2022-02-05
2022-06-26,Kards Open XII,sgg:2623660,ShutzStaffel,1496.0,115.4,4,3.06,2022-02-05
2022-06-26,Kards Open XII,sgg:2623677,Karra_Chr,1378.7,106.2,7,5.33,2022-02-05
2022-06-26,Kards Open XII,sgg:2624037,Chavi,1495.9,115.6,4,3.06,2022-02-05
2022-06-26,Kards Open XII,sgg:2624357,DanielD,1485.4,113.2,5,3.78,2022-01-29
2022-06-26,Kards Open XII,sgg:2624368,Graptolith,1483.8,119.8,3,2.52,2022-03-26
2022-06-26,Kards Open XII,sgg:2624640,maximuswdead,1413.5,86.8,14,11.38,2022-04-09
2022-06-26,Kards Open XII,sgg:2624669,李秀佛,1534.2,120.2,3,2.3,2022-02-05
2022-06-26,Kards Open XII,sgg:2624691,guorq123456,1468.8,120.6,3,2.27,2022-01-29
2022-06-26,Kards Open XII,sgg:2624728,henry449856878,1492.3,98.6,9,6.86,2022-02-05
2022-06-26,Kards Open XII,sgg:2624805,Dutang Clem,1485.0,112.7,5,3.83,2022-02-05
2022-06-26,Kards Open XII,sgg:2625266,Waifu no Mikoto,1605.4,109.5,6,4.57,2022-02-26
2022-06-26,Kards Open XII,sgg:2625715,Hell the Rubbish Server,1339.9,108.8,7,5.33,2022-02-05
2022-06-26,Kards Open XII,sgg:2626492,Turkish_Panzer,1526.0,132.8,1,0.76,2022-01-29
2022-06-26,Kards Open XII,sgg:2627089,Dragoncall,1521.3,99.6,9,6.85,2022-02-05
2022-06-26,Kards Open XII,sgg:2627200,Mavzoley30,1386.6,117.2,4,3.02,2022-01-29
2022-06-26,Kards Open XII,sgg:2627360,Head,1516.4,87.1,13,11.2,2022-06-25
2022-06-26,Kards Open XII,sgg:2627977,Civsully1,1460.8,120.5,3,2.27,2022-01-29
2022-06-26,Kards Open XII,sgg:2628408,Suicidal,1313.6,105.3,9,6.85,2022-02-05
2022-06-26,Kards Open XII,sgg:2628603,Meteor,1467.3,109.3,6,4.59,2022-02-05
2022-06-26,Kards Open XII,sgg:2628704,Dolohov Paulus,1507.6,121.3,3,2.27,2022-01-29
2022-06-26,Kards Open XII,sgg:2628773,freddy-marty,1550.7,87.9,14,10.96,2022-03-26
2022-06-26,Kards Open XII,sgg:2628897,Neal,1422.6,111.2,5,4.2,2022-03-26
2022-06-26,Kards Open XII,sgg:2629235,Adrian,1397.5,118.3,4,3.02,2022-01-29
2022-06-26,Kards Open XII,sgg:2629300,BogdanCojo,1402.2,120.9,3,2.27,2022-01-29
2022-06-26,Kards Open XII,sgg:2629560,Nahot,1438.2,126.2,2,1.51,2022-01-29
2022-06-26,Kards Open XII,sgg:2630336,Ghazus,1458.9,131.6,1,0.76,2022-01-29
2022-06-26,Kards Open XII,sgg:2630473,MorS,1534.4,117.8,4,3.02,2022-01-29
2022-06-26,Kards Open XII,sgg:2630669,True_North,1486.9,85.1,15,12.7,2022-06-04
2022-06-26,Kards Open XII,sgg:2630763,Munson,1444.3,108.1,6,4.59,2022-02-05
2022-06-26,Kards Open XII,sgg:2630828,Bad Wulf,1483.5,112.1,5,3.83,2022-02-05
2022-06-26,Kards Open XII,sgg:2631910,WarHammer,1436.2,116.7,4,3.06,2022-02-05
2022-06-26,Kards Open XII,sgg:2631948,Easy_101,1402.0,92.6,12,9.72,2022-04-09
2022-06-26,Kards Open XII,sgg:2633715,JanlandMapper,1480.1,112.4,5,3.83,2022-02-05
2022-06-26,Kards Open XII,sgg:2633871,Gaijin,1400.4,121.3,3,2.3,2022-02-05
2022-06-26,Kards Open XII,sgg:2636686,Radziszcze,1445.8,76.8,19,16.59,2022-06-04
2022-06-26,Kards Open XII,sgg:2640557,astrobooey,1543.6,111.0,5,3.83,2022-02-05
2022-06-26,Kards Open XII,sgg:2695609,Canis1641,1441.7,115.4,4,3.36,2022-03-26
2022-06-26,Kards Open XII,sgg:2695825,Renivius,1453.8,119.1,3,2.52,2022-03-26
2022-06-26,Kards Open XII,sgg:2695829,ION,1455.2,119.2,3,2.52,2022-03-26
2022-06-26,Kards Open XII,sgg:2696041,变成光守护阿梓公主,1564.3,97.4,8,7.29,2022-06-04
2022-06-26,Kards Open XII,sgg:2696954,ROBERTKRYT,1379.1,116.0,4,3.36,2022-03-26
2022-06-26,Kards Open XII,sgg:2697202,Theresomthinginthedoor,1531.6,120.0,3,2.52,2022-03-26
2022-06-26,Kards Open XII,sgg:2699470,ccgacc75,1376.6,115.6,4,3.45,2022-04-09
2022-06-26,Kards Open XII,sgg:2699767,星熊勇儀,1475.6,119.2,3,2.52,2022-03-26
2022-06-26,Kards Open XII,sgg:2700939,Nguyenmi7,1510.4,105.8,6,5.04,2022-03-26
2022-06-26,Kards Open XII,sgg:2701316,drs,1410.3,124.1,2,1.68,2022-03-26
2022-06-26,Kards Open XII,sgg:2704861,Catosoup,1463.4,119.1,3,2.52,2022-03-26
2022-06-26,Kards Open XII,sgg:2706665,Emil,1532.7,90.0,11,9.78,2022-06-04
2022-06-26,Kards Open XII,sgg:2708527,JQueen7,1546.5,115.0,4,3.45,2022-04-09
2022-06-26,Kards Open XII,sgg:2709342,MoERo,1570.6,105.1,6,5.18,2022-04-09
2022-06-26,Kards Open XII,sgg:2712705,albertaenterprises,1490.0,120.9,3,2.59,2022-04-09
2022-06-26,Kards Open XII,sgg:2718501,melog1,1417.0,124.2,2,1.72,2022-04-09
2022-06-26,Kards Open XII,sgg:2793488,Raine,1487.6,107.3,5,4.8,2022-06-04
2022-06-26,Kards Open XII,sgg:2800429,Air,1416.0,123.5,2,1.92,2022-06-04
2022-06-26,Kards Open XII,sgg:2801104,Chistyi,1654.5,90.0,10,9.74,2022-06-26
2022-06-26,Kards Open XII,sgg:2801113,Advance,1389.1,118.7,3,2.84,2022-05-28
2022-06-26,Kards Open XII,sgg:2801120,Murzov/Twitch,1462.2,115.1,4,3.79,2022-05-28
2022-06-26,Kards Open XII,sgg:2802408,Deacon Zarathos,1377.8,117.2,3,2.88,2022-06-04
2022-06-26,Kards Open XII,sgg:2803048,老毛eee,1445.6,112.4,4,3.84,2022-06-04
2022-06-26,Kards Open XII,sgg:2803366,Foreign Ginger,1395.8,118.7,3,2.84,2022-05-28
2022-06-26,Kards Open XII,sgg:2803542,Kumashin76,1562.4,89.9,10,9.63,2022-06-25
2022-06-26,Kards Open XII,sgg:2805740,Silvio,1452.0,107.1,5,4.8,2022-06-04
2022-06-26,Kards Open XII,sgg:2805881,SaitovRus,1514.4,112.5,4,3.79,2022-05-28
2022-06-26,Kards Open XII,sgg:375061,Thanatron,1544.1,74.1,24,17.68,2022-06-04
2022-08-28,Kards Open XIII,bf:544fd1e1a3aee26f0b100edb,121,1510.5,114.8,13,3.05,2020-08-30
2022-08-28,Kards Open XIII,bf:55a9e6f380ec56430032820c,swigmonkey,1471.6,126.7,4,1.36,2021-02-06
2022-08-28,Kards Open XIII,bf:564e7b5b80b8db4a00c4ff9c,Jking7,1727.8,48.6,113,57.04,2022-08-28
2022-08-28,Kards Open XIII,bf:57101bc80b3b0f8312f27ec5,Socialist,1525.0,99.1,16,6.74,2021-11-06
2022-08-28,Kards Open XIII,bf:5784f8bcf26da72d0cd20f65,LuckyLuke,1479.5,108.0,17,4.38,2020-11-28
2022-08-28,Kards Open XIII,bf:57a1697c8c3386280ca04b34,batis,1524.5,101.6,21,5.85,2021-04-04
2022-08-28,Kards Open XIII,bf:57b5a7ffabd8181c0cfdf304,CaptainA,1655.8,81.8,24,13.14,2022-05-28
2022-08-28,Kards Open XIII,bf:5a4d98c332953903641106de,Freddie,1549.3,106.8,17,4.56,2020-11-29
2022-08-28,Kards Open XIII,bf:5a58cabb82c7de043a3c289b,[TNT] marvin_the_imp,1500.2,132.5,2,0.68,2021-02-06
2022-08-28,Kards Open XIII,bf:5a8879b76c3ac00358830d7c,Benji,1516.2,105.4,16,5.07,2021-02-07
2022-08-28,Kards Open XIII,bf:5b0094b93d8b3603b86987cc,Bob the Tomato,1483.5,129.7,4,1.0,2020-08-30
2022-08-28,Kards Open XIII,bf:5b38c676cbd82c03a4f28e8f,doge34,1595.6,81.0,35,13.46,2022-06-25
2022-08-28,Kards Open XIII,bf:5b499abbdbda4803ac64b712,SdCorpse,1515.6,130.4,3,0.89,2020-11-28
2022-08-28,Kards Open XIII,bf:5bef1fd422a55803cb340a40,OHxCORNGUY,1647.3,70.0,34,21.16,2022-08-27
2022-08-28,Kards Open XIII,bf:5c3b6b20304450039e51c054,Yorrit,1425.1,93.2,17,8.93,2022-04-09
2022-08-28,Kards Open XIII,bf:5c4d3b7150078403fe2d5308,龍槍雷斯林(raslin2006),1522.9,106.9,11,4.72,2021-06-26
2022-08-28,Kards Open XIII,bf:5c4dca4fa9f6820352797666,VildeScarz,1614.3,96.5,16,7.44,2022-02-26
2022-08-28,Kards Open XIII,bf:5c7e66cd2dd6e4033a9d5fd1,Elikur,1504.2,106.6,12,4.8,2021-08-07
2022-08-28,Kards Open XIII,bf:5d26bcf5c9bf6055b457dfb5,UkrainianKing,1558.8,97.9,21,6.79,2021-05-30
2022-08-28,Kards Open XIII,bf:5d47ab5c0451666910e5c0af,Joshua12450,1482.9,129.5,3,1.02,2021-02-06
2022-08-28,Kards Open XIII,bf:5d4eae596c2b2139a67ce680,Punpun,1485.9,121.1,5,2.1,2021-05-29
2022-08-28,Kards Open XIII,bf:5d6bf8a0238bc73c869e6430,Niemand,1473.0,133.4,2,0.6,2020-11-28
2022-08-28,Kards Open XIII,bf:5dadf6683f9f8d27e2e9cc0b,GKZhukov,1586.0,101.1,17,5.9,2021-02-27
2022-08-28,Kards Open XIII,bf:5dff9d39fafe5a70cf39ed01,Time to harsh your buzz!,1473.0,133.9,2,0.5,2020-08-29
2022-08-28,Kards Open XIII,bf:5e055721e0b14c3515213776,sk1091,1491.7,136.7,1,0.25,2020-08-29
2022-08-28,Kards Open XIII,bf:5e47e9a0f854af105e7ca35f,tominkorea,1465.7,118.3,6,2.52,2021-05-29
2022-08-28,Kards Open XIII,bf:5e6a39a3f1f90c345a8e7fcd,Yakin,1532.3,119.1,7,2.45,2021-02-27
2022-08-28,Kards Open XIII,bf:5e7e00974f03651058bba114,Camm,1507.3,119.8,6,2.27,2021-04-04
2022-08-28,Kards Open XIII,bf:5e7fb8e3d7ce547b37484302,jaja,1503.3,133.1,2,0.6,2020-11-28
2022-08-28,Kards Open XIII,bf:5e889af67a9c4c10932a6ca9,usp45master,1524.0,96.2,19,7.39,2021-06-26
2022-08-28,Kards Open XIII,bf:5e9cf8ff72e2961f747c7978,DARKCA5TLE,1569.3,111.5,11,3.75,2021-04-10
2022-08-28,Kards Open XIII,bf:5eb572f0a795290866140381,rdbigdog,1559.6,122.7,7,1.89,2020-11-28
2022-08-28,Kards Open XIII,bf:5eb598330abb797ad38acaee,NonGMOSalt,1532.5,87.2,23,10.68,2022-08-06
2022-08-28,Kards Open XIII,bf:5eb62f23aefaaf170fa23f33,Blue_Blast,1485.3,123.7,3,1.76,2021-11-20
2022-08-28,Kards Open XIII,bf:5eb6495f5d6f1b5d1c5d7d95,kenny,1495.5,112.8,11,3.56,2021-05-29
2022-08-28,Kards Open XIII,bf:5eb65df574f31a11dd226b38,Darkness,1833.5,67.0,80,33.62,2022-03-26
2022-08-28,Kards Open XIII,bf:5eb7670e5e789b4b50a06de2,WHEEL3R,1554.0,90.0,34,9.51,2021-02-27
2022-08-28,Kards Open XIII,bf:5ebc5c7aec210a06ae04d4d4,Snefru,1597.8,104.8,22,5.18,2020-09-05
2022-08-28,Kards Open XIII,bf:5ebd8cafb3bec004beff6eff,[AAA] Caps04,1544.9,111.6,13,3.68,2021-02-07
2022-08-28,Kards Open XIII,bf:5ebd9402b92b28521a098ec8,Bubbles,1631.1,80.8,38,13.94,2021-11-06
2022-08-28,Kards Open XIII,bf:5ebea2fd1eafc755976c161a,Drogear,1577.1,115.3,14,3.17,2020-08-29
2022-08-28,Kards Open XIII,bf:5ebea8a9bfed616b75962b6a,Forgestryker,1539.6,115.7,12,3.05,2020-11-28
2022-08-28,Kards Open XIII,bf:5ec038e2256baa1d38011a05,Vinny,1663.2,54.0,74,41.53,2022-08-28
2022-08-28,Kards Open XIII,bf:5ec14e2baf9b8d5641b7a639,handor95,1409.2,110.8,12,4.24,2022-01-29
2022-08-28,Kards Open XIII,bf:5ec2a6dafd8a561535cde2a5,V0R0N92,1532.9,73.8,42,17.55,2022-02-05
2022-08-28,Kards Open XIII,bf:5ec2ace2fd8a561535cde2e1,MJT,1498.1,133.9,2,0.5,2020-08-29
2022-08-28,Kards Open XIII,bf:5ec2acf9a7330d091e79291a,lucencan,1487.0,118.3,10,2.53,2020-11-28
2022-08-28,Kards Open XIII,bf:5ec2c1da0a4e405c2332e640,Chip-Filled Adam,1544.1,112.4,13,3.51,2020-11-29
2022-08-28,Kards Open XIII,bf:5ec2f8632e7fb7357e7c8077,SCARED MOKEY,1505.5,118.8,10,2.47,2020-11-28
2022-08-28,Kards Open XIII,bf:5ec57fff74214e1748e43f56,dasolli,1488.3,121.2,7,2.09,2020-11-29
2022-08-28,Kards Open XIII,bf:5ec5e7746951c62d86f53235,FL1ppY | エワウト,1548.4,117.1,8,2.73,2021-02-13
2022-08-28,Kards Open XIII,bf:5ec99a6d5cb5d5345c7fdf7c,AriBigBehn,1660.8,52.5,87,44.19,2022-06-25
2022-08-28,Kards Open XIII,bf:5ee6022292efc00faf652a7e,Esthete,1485.4,119.1,7,2.38,2021-02-07
2022-08-28,Kards Open XIII,bf:5ee6c5f92764fc7a784c6f9e,BirdLaw,1454.5,104.4,19,5.21,2021-02-07
2022-08-28,Kards Open XIII,bf:5eeb9c3d19b81239da9496cb,Kosaroli,1548.3,81.8,31,12.85,2021-11-20
2022-08-28,Kards Open XIII,bf:5f0cd40c3087a65e039603f4,wild_eyes,1580.6,60.1,73,30.46,2022-04-09
2022-08-28,Kards Open XIII,bf:5f0dad9ac47339351f7f742f,RipperJim,1484.8,130.3,3,0.89,2020-11-28
2022-08-28,Kards Open XIII,bf:5f0df6196f4cd13933257c2a,COOLJ007,1525.1,120.3,7,2.38,2021-02-07
2022-08-28,Kards Open XIII,bf:5f0df84e824086475be264b7,Terror_de,1574.7,79.2,44,14.28,2021-06-27
2022-08-28,Kards Open XIII,bf:5f0e248def3ab65b96796c3f,frenchcook,1610.0,87.6,30,10.46,2021-06-27
2022-08-28,Kards Open XIII,bf:5f0e37b37c5e104738aebbe3,toDIEisGAIN,1644.3,69.5,59,21.02,2021-11-20
2022-08-28,Kards Open XIII,bf:5f0e67fdf26046593189c71c,B_O_R_U_T_O_1,1505.6,105.0,13,5.14,2021-06-26
2022-08-28,Kards Open XIII,bf:5f0e76497c4df3491abfd06c,rocksopimppo,1482.0,115.1,11,3.0,2021-02-06
2022-08-28,Kards Open XIII,bf:5f0eab817c4df3491abfd2e6,hilmank,1473.0,120.7,8,2.09,2021-02-06
2022-08-28,Kards Open XIII,bf:5f0f2f19ef3ab65b96797ada,kramedogg,1468.8,110.7,15,3.83,2021-02-20
2022-08-28,Kards Open XIII,bf:5f0f3d9e7c4df3491abfe047,Snooginz,1522.5,82.7,35,12.2,2021-11-20
2022-08-28,Kards Open XIII,bf:5f0f54427c4df3491abfe274,djdado,1490.8,136.6,1,0.25,2020-08-29
2022-08-28,Kards Open XIII,bf:5f101bc2eea71b24bc30c50e,Hubblebub,1480.4,103.2,9,5.76,2022-04-09
2022-08-28,Kards Open XIII,bf:5f102c329d4b3024dce6f5dd,Malovato_Budet,1492.1,117.3,11,2.64,2020-08-29
2022-08-28,Kards Open XIII,bf:5f105658eac9482569fb2be4,张大彪,1547.7,117.5,10,2.6,2020-11-28
2022-08-28,Kards Open XIII,bf:5f10825feac9482569fb2e81,SquareGrouper,1422.2,112.6,13,3.49,2020-11-29
2022-08-28,Kards Open XIII,bf:5f1086f1160c3f2239e9225b,lt.blueberry,1386.7,108.0,17,4.51,2021-02-07
2022-08-28,Kards Open XIII,bf:5f109d917a5f692572240090,John_Px,1706.4,52.0,91,47.19,2022-07-30
2022-08-28,Kards Open XIII,bf:5f10c966160c3f2239e92921,ColdCarl,1547.2,77.4,37,15.1,2021-11-20
2022-08-28,Kards Open XIII,bf:5f112ee3eac9482569fb3ee6,Pert,1462.5,114.8,10,3.41,2022-04-09
2022-08-28,Kards Open XIII,bf:5f113e2cd04bae257fc195f6,RafcKen7,1600.6,99.7,15,6.36,2021-09-04
2022-08-28,Kards Open XIII,bf:5f11d03df7c29f223fd624f2,Groddur,1483.8,130.3,3,0.89,2020-11-28
2022-08-28,Kards Open XIII,bf:5f11d0b0eea71b24bc30e84a,BUCKY,1511.9,73.8,36,17.57,2022-02-05
2022-08-28,Kards Open XIII,bf:5f11d247160c3f2239e940a4,LuckySpike,1593.7,77.0,45,15.93,2022-01-29
2022-08-28,Kards Open XIII,bf:5f11e67d85fecb25631448a0,yufzsy,1616.5,105.7,20,5.07,2020-11-28
2022-08-28,Kards Open XIII,bf:5f11ff59eea71b24bc30ee0c,Hyo,1456.5,104.8,20,5.07,2020-11-28
2022-08-28,Kards Open XIII,bf:5f11ffc4eac9482569fb4f49,MrNejcKing,1441.5,127.4,5,1.28,2021-02-06
2022-08-28,Kards Open XIII,bf:5f12273babfcb016362ad1d0,beeman,1408.4,114.0,14,3.4,2020-08-30
2022-08-28,Kards Open XIII,bf:5f122bf8b4738624c4273b13,VLTØR,1468.2,133.0,2,0.6,2020-11-28
2022-08-28,Kards Open XIII,bf:5f12771889520148edf780af,mbilsel,1539.6,110.2,16,3.88,2020-08-30
2022-08-28,Kards Open XIII,bf:5f12bb564a28711494f1bd8d,NeriUwU,1398.1,108.3,17,4.6,2021-02-07
2022-08-28,Kards Open XIII,bf:5f12bb99cf45491743370da4,Headcrasher,1494.8,137.2,1,0.38,2021-04-03
2022-08-28,Kards Open XIII,bf:5f130139f7c29f223fd64290,fenrir,1513.9,118.8,10,2.47,2020-11-28
2022-08-28,Kards Open XIII,bf:5f13f8f0381ccb11abfed78c,Behemothus,1496.5,111.2,15,3.65,2020-08-30
2022-08-28,Kards Open XIII,bf:5f140c57341d821185ca56df,BarndoorRoge,1509.7,127.4,5,1.22,2020-08-29
2022-08-28,Kards Open XIII,bf:5f140d9bbcbe32117ff6b7e7,Snakii0,1397.2,115.5,10,3.11,2021-04-04
2022-08-28,Kards Open XIII,bf:5f145fa11c8cdf16056f8757,Kerwer,1483.6,135.3,1,0.38,2021-04-03
2022-08-28,Kards Open XIII,bf:5f148273cd3934118e03b196,Shaemas,1488.0,111.6,15,3.63,2020-08-30
2022-08-28,Kards Open XIII,bf:5f1493df1c8cdf16056f8bc9,CheL_oFF,1509.3,119.1,7,2.38,2021-02-07
2022-08-28,Kards Open XIII,bf:5f1520542cba8f11c2a44c16,DarkMist,1410.2,100.4,20,6.82,2021-08-21
2022-08-28,Kards Open XIII,bf:5f1539bacfac0e373c6166ce,donigi,1491.1,110.3,16,3.88,2020-08-30
2022-08-28,Kards Open XIII,bf:5f155f3577697711a235e552,total,1491.8,136.7,1,0.25,2020-08-29
2022-08-28,Kards Open XIII,bf:5f159e62ea159211b4c9a50e,scorp1one,1480.4,127.5,4,1.4,2021-04-03
2022-08-28,Kards Open XIII,bf:5f1660782cba8f11c2a45e9c,Lolofy44,1507.6,107.5,17,4.48,2020-11-29
2022-08-28,Kards Open XIII,bf:5f169f65bcbe32117ff6eb42,Lykas_OMES,1500.8,121.5,8,2.01,2020-08-30
2022-08-28,Kards Open XIII,bf:5f176280381ccb11abff191f,terminetorK56,1490.9,123.3,7,1.76,2020-08-30
2022-08-28,Kards Open XIII,bf:5f191b72abfcb016362b6974,Suchy,1502.8,119.8,6,2.27,2021-04-04
2022-08-28,Kards Open XIII,bf:5f193071cfac0e373c61a11b,PetitPoney,1513.2,127.9,5,1.2,2020-08-29
2022-08-28,Kards Open XIII,bf:5f1b48d1abfcb016362ba48e,Berni de Balle,1506.0,68.6,53,21.59,2022-04-09
2022-08-28,Kards Open XIII,bf:5f1bad8bb4738624c4283cf6,Filpa,1529.6,116.0,12,2.9,2020-08-30
2022-08-28,Kards Open XIII,bf:5f318206a8e6c511a449d179,0CanadaBear0,1486.9,127.2,5,1.25,2020-08-30
2022-08-28,Kards Open XIII,bf:5f318c62af063111a36cedab,aa,1526.8,121.9,8,2.01,2020-08-30
2022-08-28,Kards Open XIII,bf:5f31dbda9ab87f2e0c19cd0c,RNGek,1542.0,108.0,16,4.39,2020-11-29
2022-08-28,Kards Open XIII,bf:5f31e18d7bd80311ab780bcb,天之子将军,1515.4,125.8,6,1.5,2020-08-30
2022-08-28,Kards Open XIII,bf:5f31e6b930b92e118dbc3b00,r3in0r,1473.8,133.9,2,0.5,2020-08-29
2022-08-28,Kards Open XIII,bf:5f32224b74a4bd1196ff8e97,yourBRO,1466.7,121.9,7,1.99,2020-11-28
2022-08-28,Kards Open XIII,bf:5f323b2daf063111a36cffab,chmy426,1533.4,127.7,4,1.19,2020-11-28
2022-08-28,Kards Open XIII,bf:5f32755630b92e118dbc4132,Joeybag0doughnuts,1484.9,136.3,1,0.25,2020-08-29
2022-08-28,Kards Open XIII,bf:5f32919a74a4bd1196ff9509,wydsxl,1586.9,104.6,15,5.17,2021-09-04
2022-08-28,Kards Open XIII,bf:5f32abe69ab87f2e0c19e0b7,"Oh, Pretty Woman",1371.7,115.0,8,3.55,2022-04-09
2022-08-28,Kards Open XIII,bf:5f32b5a5af063111a36d039f,Spartan,1492.3,129.9,3,0.95,2021-02-20
2022-08-28,Kards Open XIII,bf:5f32c6147bd80311ab78193f,petriachor,1602.8,76.7,41,15.95,2021-11-27
2022-08-28,Kards Open XIII,bf:5f32ca9074a4bd1196ff97d9,Sirbol,1504.9,121.4,8,2.01,2020-08-30
2022-08-28,Kards Open XIII,bf:5f32e74430b92e118dbc4866,alan1957,1487.0,136.4,1,0.25,2020-08-29
2022-08-28,Kards Open XIII,bf:5f32f48419fcf2666b2abff1,kowalski,1628.7,69.8,46,21.17,2022-05-28
2022-08-28,Kards Open XIII,bf:5f3304e930b92e118dbc4ad6,maxterGIO,1505.4,121.5,8,2.01,2020-08-30
2022-08-28,Kards Open XIII,bf:5f3321d98a94d511b1d67c5b,ExpelliarmusA,1531.6,121.6,8,2.01,2020-08-30
2022-08-28,Kards Open XIII,bf:5f332d0619fcf2666b2ac60a,comrade nicky,1513.8,132.0,3,0.75,2020-08-29
2022-08-28,Kards Open XIII,bf:5f335b3e30b92e118dbc579e,WorldWarWhale,1479.4,127.4,3,1.26,2021-05-29
2022-08-28,Kards Open XIII,bf:5f344b7a8a94d511b1d68a96,John™,1469.8,124.0,7,1.75,2020-08-30
2022-08-28,Kards Open XIII,bf:5f34d3bdacefe6118a5de444,Ottotheblue,1485.0,106.1,17,4.69,2020-11-29
2022-08-28,Kards Open XIII,bf:5f351f60af063111a36d282b,Sadrik,1533.2,121.7,8,2.01,2020-08-30
2022-08-28,Kards Open XIII,bf:5f354d22e4876e1184288d58,Ripoff,1519.4,114.8,11,3.04,2020-11-29
2022-08-28,Kards Open XIII,bf:5f35946553b8ce11abe62c4d,FRIKAZOID,1489.4,131.6,3,0.75,2020-08-29
2022-08-28,Kards Open XIII,bf:5f362c8703dbcc11d58d78e3,Kolbasnik,1641.0,46.4,113,59.19,2022-08-27
2022-08-28,Kards Open XIII,bf:5f369b86c897e0119e4ff6f8,PatsenBR,1489.5,123.4,7,1.76,2020-08-30
2022-08-28,Kards Open XIII,bf:5f36c30fff2e5911a44a282e,Józef Piłsudski,1473.2,133.9,2,0.5,2020-08-29
2022-08-28,Kards Open XIII,bf:5f36cca903dbcc11d58d89d8,Wolnigree,1473.4,133.9,2,0.5,2020-08-29
2022-08-28,Kards Open XIII,bf:5f36dc4b98f0a311ad32446c,Zig_Zag,1523.9,117.2,10,2.69,2021-02-06
2022-08-28,Kards Open XIII,bf:5f37cf6b6ce6de28d63de407,Ailoyros,1485.5,136.4,1,0.25,2020-08-29
2022-08-28,Kards Open XIII,bf:5f3800b06ce6de28d63de960,RicardoTamanini,1465.8,131.8,3,0.75,2020-08-29
2022-08-28,Kards Open XIII,bf:5f382e1f33118628f2f56ca7,Dash_ek,1512.0,123.3,7,1.75,2020-08-30
2022-08-28,Kards Open XIII,bf:5f38338163cc1128e5f86f97,Brendan,1480.1,121.8,8,2.01,2020-08-30
2022-08-28,Kards Open XIII,bf:5f3846d25b41bf2bd0fe2207,Spooky Time,1465.5,131.7,3,0.75,2020-08-29
2022-08-28,Kards Open XIII,bf:5f3858c1b83d9d2bb0609265,wdhtu,1492.7,127.4,5,1.25,2020-08-30
2022-08-28,Kards Open XIII,bf:5f3a8d53c190e3296d7a1eef,nagymaciii,1475.4,133.9,2,0.5,2020-08-29
2022-08-28,Kards Open XIII,bf:5f3a8e2d33118628f2f5a7d5,Goltz,1487.8,136.4,1,0.25,2020-08-29
2022-08-28,Kards Open XIII,bf:5f3a8eb4dd76a928dcec9bec,Coronel_Mostarda,1476.8,129.4,4,1.0,2020-08-29
2022-08-28,Kards Open XIII,bf:5f3ab4ce63cc1128e5f8a327,DrTacos,1458.6,131.6,3,0.75,2020-08-30
2022-08-28,Kards Open XIII,bf:5f3aef3e6ce6de28d63e3425,Alexandre,1450.6,128.7,3,1.13,2021-04-03
2022-08-28,Kards Open XIII,bf:5f3b1ebadd76a928dceca753,ZackXue,1509.2,122.4,8,2.01,2020-08-30
2022-08-28,Kards Open XIII,bf:5f3bc9efdbf742295bce0a9d,黑森公爵,1486.8,136.4,1,0.25,2020-08-29
2022-08-28,Kards Open XIII,bf:5f3bcb62c190e3296d7a2cd2,abandon,1500.5,133.1,2,0.6,2020-11-28
2022-08-28,Kards Open XIII,bf:5f3d0646dd76a928dceccb16,Ertugrul Gazi,1509.0,121.6,8,2.01,2020-08-30
2022-08-28,Kards Open XIII,bf:5f3d19c7dd76a928dceccbcd,HaxBaba,1520.0,124.0,7,1.76,2020-08-30
2022-08-28,Kards Open XIII,bf:5f3d1e45c190e3296d7a4aa5,Barton,1486.9,136.3,1,0.25,2020-08-29
2022-08-28,Kards Open XIII,bf:5f3e11a1a3f8871d5075e3d0,Valar,1453.5,125.6,6,1.5,2020-08-30
2022-08-28,Kards Open XIII,bf:5f3fbdaeb856d24e0965bbc4,Stluvik,1505.5,128.9,5,1.25,2020-08-30
2022-08-28,Kards Open XIII,bf:5f3fc42472caf64e0f2b589c,Shiva's,1579.2,101.0,18,6.17,2021-09-04
2022-08-28,Kards Open XIII,bf:5f3ff2e624334d4ac794708e,FearlessFreep2,1501.6,129.5,4,1.0,2020-08-30
2022-08-28,Kards Open XIII,bf:5f4022e92736604a195ffbfb,Ol'Red,1464.7,131.7,3,0.75,2020-08-29
2022-08-28,Kards Open XIII,bf:5f404839cabbdc4a26620899,sNapple,1457.2,130.4,3,0.89,2020-11-28
2022-08-28,Kards Open XIII,bf:5f41a73ee7543f4a0a54f568,Kipahigan,1515.5,123.3,7,1.76,2020-08-30
2022-08-28,Kards Open XIII,bf:5f4318d1681ff84ab5ec92f9,Sidecrawler,1549.0,62.1,57,28.33,2022-08-06
2022-08-28,Kards Open XIII,bf:5f4536884cbe7961ba1906fa,Zanderson30,1554.3,120.7,9,2.26,2020-09-05
2022-08-28,Kards Open XIII,bf:5f4617f7cff9bb4e25c81a49,Daccro,1470.4,128.0,4,1.2,2021-06-26
2022-08-28,Kards Open XIII,bf:5f464a379f8a441a7681100e,Grarivier,1526.5,121.6,8,2.01,2020-08-30
2022-08-28,Kards Open XIII,bf:5f469fbd9f8a441a768119af,yura,1485.7,136.4,1,0.25,2020-08-29
2022-08-28,Kards Open XIII,bf:5f46ff72cff9bb4e25c82ac7,hartmanator1,1510.3,109.9,14,3.94,2020-11-29
2022-08-28,Kards Open XIII,bf:5f47aca042aba63789789166,UBCers,1529.7,108.4,7,4.33,2022-04-09
2022-08-28,Kards Open XIII,bf:5f48837c34f6ed5f7791f82a,RIBO,1520.7,124.0,7,1.75,2020-08-30
2022-08-28,Kards Open XIII,bf:5f4965bb76b8305ffaa36866,Ernst1871,1497.0,114.1,11,3.18,2020-11-29
2022-08-28,Kards Open XIII,bf:5f49b691c955654e18759c1e,Ryestye,1517.5,136.5,1,0.25,2020-08-29
2022-08-28,Kards Open XIII,bf:5f4a2d8c76b8305ffaa376af,smerch,1487.3,131.6,3,0.75,2020-08-29
2022-08-28,Kards Open XIII,bf:5f4a40fd34f6ed5f7792170c,LemonShark,1488.8,123.6,7,1.75,2020-08-30
2022-08-28,Kards Open XIII,bf:5f4a66a7629c8b6045fa11b9,Сэм,1482.5,121.6,8,2.01,2020-08-30
2022-08-28,Kards Open XIII,bf:5f908c01a261b945b6c471e8,OliRoB,1409.7,122.0,6,2.04,2021-02-07
2022-08-28,Kards Open XIII,bf:5fa1ee84f8fc171ea9f66554,El Chickenrice,1563.5,118.9,8,2.38,2020-11-29
2022-08-28,Kards Open XIII,bf:5fa2011d11743771ade90dee,testo,1623.9,91.4,26,9.05,2021-05-30
2022-08-28,Kards Open XIII,bf:5fa27bfdf8fc171ea9f66924,CalinBZ,1612.7,83.3,25,12.46,2022-02-26
2022-08-28,Kards Open XIII,bf:5fa27e32f8fc171ea9f66940,vegetable,1550.2,119.9,7,2.38,2021-02-07
2022-08-28,Kards Open XIII,bf:5fa2928f11743771ade9128e,Ax,1504.2,133.0,2,0.6,2020-11-28
2022-08-28,Kards Open XIII,bf:5fa2992ef8fc171ea9f66a3e,犹似深闺梦中人,1518.3,125.4,5,1.49,2020-11-28
2022-08-28,Kards Open XIII,bf:5fa2d1356b9c704abc3f86e4,MoncherFrag,1490.2,125.7,5,1.49,2020-11-28
2022-08-28,Kards Open XIII,bf:5fa3973bf8fc171ea9f68255,辉辉呀,1459.3,125.0,5,1.57,2021-02-06
2022-08-28,Kards Open XIII,bf:5fa3da8e11743771ade92018,Spooz,1630.9,78.5,38,14.82,2021-11-06
2022-08-28,Kards Open XIII,bf:5fa3e36b6b9c704abc3f92a0,bruki,1501.3,133.1,2,0.6,2020-11-28
2022-08-28,Kards Open XIII,bf:5fa4097911743771ade92145,David Lynch,1486.3,136.0,1,0.3,2020-11-28
2022-08-28,Kards Open XIII,bf:5fa467df4eb3c2458669c29a,Berto Burrito,1589.9,60.1,49,30.97,2022-08-27
2022-08-28,Kards Open XIII,bf:5fa530563f52763256b7593d,Civlj,1502.1,133.0,2,0.6,2020-11-28
2022-08-28,Kards Open XIII,bf:5fa5397c241d875936d2c2f2,Vadim,1551.6,65.5,53,24.13,2022-05-28
2022-08-28,Kards Open XIII,bf:5fa57306cc28b3594394b946,Liszt,1587.2,103.9,12,5.55,2021-11-27
2022-08-28,Kards Open XIII,bf:5fa5ede611743771ade94108,comtruise,1689.3,85.3,32,11.94,2021-05-30
2022-08-28,Kards Open XIII,bf:5fa62937c3c163598ec80783,CCMS-031,1535.1,121.7,6,2.04,2021-02-07
2022-08-28,Kards Open XIII,bf:5fafaf199a9e750ea663a8e3,发牌员没马,1501.9,133.1,2,0.6,2020-11-28
2022-08-28,Kards Open XIII,bf:5fafe4c9eb92fe0475436826,TheMiltonBradley,1515.7,116.9,9,2.68,2020-11-29
2022-08-28,Kards Open XIII,bf:5fafe7dfe7d89a60d43336cc,Primal,1470.5,133.1,2,0.6,2020-11-28
2022-08-28,Kards Open XIII,bf:5fafeec6e7d89a60d4333722,wodandos,1482.7,130.3,3,0.89,2020-11-28
2022-08-28,Kards Open XIII,bf:5faff24f698db1048d26b032,Stenli72,1488.4,121.0,7,2.09,2020-11-29
2022-08-28,Kards Open XIII,bf:5faffa8a502b9e587d1b7c3e,"Alexandre ""Mainovski"" Mainaud",1441.9,111.9,10,3.72,2021-05-29
2022-08-28,Kards Open XIII,bf:5faffbe71632970e916b602a,xceroks,1480.6,136.0,1,0.3,2020-11-28
2022-08-28,Kards Open XIII,bf:5fb026c1502b9e587d1b838d,Anklestina,1500.6,127.7,4,1.19,2020-11-28
2022-08-28,Kards Open XIII,bf:5fb02943698db1048d26b9cd,Bison,1503.7,114.3,10,3.14,2021-04-03
2022-08-28,Kards Open XIII,bf:5fb02c08698db1048d26ba0d,VReznov2137,1485.3,135.9,1,0.3,2020-11-28
2022-08-28,Kards Open XIII,bf:5fb032ea502b9e587d1b85eb,Secret Deadbeat,1543.0,130.5,3,0.89,2020-11-28
2022-08-28,Kards Open XIII,bf:5fb035bf502b9e587d1b8643,Annki,1466.7,125.4,5,1.57,2021-02-06
2022-08-28,Kards Open XIII,bf:5fb038eb1632970e916b6f46,DerNem,1561.8,74.4,30,17.52,2022-04-09
2022-08-28,Kards Open XIII,bf:5fb051789a9e750ea663bb88,Khal Drogo,1490.0,130.5,3,0.89,2020-11-28
2022-08-28,Kards Open XIII,bf:5fb0acb4eb92fe047543807d,MagiC,1501.5,126.5,4,1.36,2021-02-06
2022-08-28,Kards Open XIII,bf:5fb0b189f07fad440734d338,IWS2000,1446.0,106.6,12,4.72,2022-02-05
2022-08-28,Kards Open XIII,bf:5fb0d42e9a9e750ea663c3fc,[V_M]_MorS_{B},1554.6,119.4,8,2.38,2020-11-29
2022-08-28,Kards Open XIII,bf:5fb0e0020c8f110e8a8bf3f2,Krieger,1483.7,135.9,1,0.3,2020-11-28
2022-08-28,Kards Open XIII,bf:5fb0ee1e698db1048d26c5af,Eirik II,1448.8,119.0,8,2.38,2020-11-29
2022-08-28,Kards Open XIII,bf:5fb0eee19a9e750ea663c435,player1,1503.3,118.9,8,2.38,2020-11-29
2022-08-28,Kards Open XIII,bf:5fb0f0121632970e916b7856,panzer_398,1454.3,125.4,5,1.49,2020-11-29
2022-08-28,Kards Open XIII,bf:5fb110bd698db1048d26c5f6,Aksara,1523.5,123.2,6,1.79,2020-11-29
2022-08-28,Kards Open XIII,bf:5fb1143e502b9e587d1b94dc,KillerQueenS,1471.8,133.2,2,0.6,2020-11-28
2022-08-28,Kards Open XIII,bf:5fb1184c0c8f110e8a8bf660,only_,1509.8,128.3,4,1.19,2020-11-28
2022-08-28,Kards Open XIII,bf:5fb1316c502b9e587d1b95e6,Bartkopolus123,1482.3,135.9,1,0.3,2020-11-28
2022-08-28,Kards Open XIII,bf:5fb18ed99a9e750ea663cd33,Vitzekk,1520.9,125.6,5,1.49,2020-11-29
2022-08-28,Kards Open XIII,bf:5fb1a2cb5caa4f5e4bc80d56,SpaceCowboy,1475.8,133.5,2,0.6,2020-11-28
2022-08-28,Kards Open XIII,bf:5fb1bf581632970e916b85be,nolans34,1509.7,97.4,14,7.41,2022-07-30
2022-08-28,Kards Open XIII,bf:5fb1cbe45caa4f5e4bc81377,Beefy 109,1526.5,133.2,2,0.6,2020-11-28
2022-08-28,Kards Open XIII,bf:5fb1cc6ee0bfea60c76a1385,Tenstrovski,1504.2,123.1,6,1.79,2020-11-29
2022-08-28,Kards Open XIII,bf:5fb1db8c5caa4f5e4bc8168d,Poochies,1502.0,127.8,4,1.19,2020-11-28
2022-08-28,Kards Open XIII,bf:5fb1e014eb92fe0475439152,TB273,1639.4,79.1,16,14.89,2022-08-28
2022-08-28,Kards Open XIII,bf:5fb1f464698db1048d26d582,Morsimos,1555.1,119.2,8,2.38,2020-11-29
2022-08-28,Kards Open XIII,bf:5fb249e5f07fad440734e5ea,SirFragir,1493.0,119.1,8,2.38,2020-11-29
2022-08-28,Kards Open XIII,bf:5fb27723698db1048d26d94d,StabKingPro,1546.2,117.7,9,2.68,2020-11-29
2022-08-28,Kards Open XIII,bf:5fb2c8f11632970e916b926c,Drake/Fabi,1501.1,121.4,7,2.09,2020-11-29
2022-08-28,Kards Open XIII,bf:5fb3184d9a9e750ea663e423,killswitch,1601.0,58.0,51,34.4,2022-08-27
2022-08-28,Kards Open XIII,bf:5fb3203b1632970e916b97b7,chr1st0ph3r,1488.3,130.4,3,0.89,2020-11-28
2022-08-28,Kards Open XIII,bf:5fb3df78f07fad440734f6f7,slameo,1457.8,121.1,7,2.09,2020-11-29
2022-08-28,Kards Open XIII,bf:5fb3e6ddf07fad440734f71f,tr4cker,1471.8,133.1,2,0.6,2020-11-28
2022-08-28,Kards Open XIII,bf:5fb3f43ee0bfea60c76a2a56,General E. Drunk,1565.9,119.7,8,2.38,2020-11-29
2022-08-28,Kards Open XIII,bf:5fb3f8b3e7d89a60d4337959,Kn1ghT,1482.3,130.3,3,0.89,2020-11-28
2022-08-28,Kards Open XIII,bf:5fb42443a2fd346547530b2e,RED SUN,1518.7,130.8,3,0.89,2020-11-28
2022-08-28,Kards Open XIII,bf:5fb43070a2fd346547530c21,[14e]tuveuxdugateaux,1488.3,117.0,9,2.68,2020-11-29
2022-08-28,Kards Open XIII,bf:5fb4442a9a9e750ea663ee54,Scythe,1485.5,125.6,5,1.49,2020-11-28
2022-08-28,Kards Open XIII,bf:5fb4d729f07fad44073509e4,Victrix,1487.8,129.0,4,1.19,2020-11-28
2022-08-28,Kards Open XIII,bf:5fb666119a9e750ea664030b,Setteduetto,1522.9,119.0,8,2.38,2020-11-29
2022-08-28,Kards Open XIII,bf:5fb6a5d3e7d89a60d4339244,kingsharaman,1488.0,136.1,1,0.3,2020-11-28
2022-08-28,Kards Open XIII,bf:5fb6da26eb92fe047543c823,rostigerloeffel,1543.0,105.3,15,4.95,2021-04-04
2022-08-28,Kards Open XIII,bf:5fb719fde0bfea60c76a4f50,rayko,1420.7,119.3,8,2.38,2020-11-29
2022-08-28,Kards Open XIII,bf:5fb73781698db1048d271114,Lazer Wolf,1454.0,130.3,3,0.89,2020-11-28
2022-08-28,Kards Open XIII,bf:5fb7473c502b9e587d1becbe,ILoveMooncake,1613.2,102.7,14,5.53,2021-09-04
2022-08-28,Kards Open XIII,bf:5fb8387c1faa4843f941ba10,Álmos,1517.9,130.5,3,0.89,2020-11-28
2022-08-28,Kards Open XIII,bf:5fb97cee0c24381d904b5447,bengui,1514.7,130.3,3,0.89,2020-11-28
2022-08-28,Kards Open XIII,bf:5fb98c8e19c8f219d78717ac,DrQuencher,1469.4,133.0,2,0.6,2020-11-28
2022-08-28,Kards Open XIII,bf:5fba777719c8f219d787247b,roberto7208,1483.2,117.1,9,2.68,2020-11-29
2022-08-28,Kards Open XIII,bf:5fbb03850f21e57963850470,Pie4155,1459.5,121.1,7,2.09,2020-11-29
2022-08-28,Kards Open XIII,bf:5fbc0c3e2dc8793ada84fdb3,Mark2020,1465.0,121.4,7,2.09,2020-11-29
2022-08-28,Kards Open XIII,bf:5fbc3b8e0f21e5796385112f,spambox9,1497.9,121.5,7,2.09,2020-11-29
2022-08-28,Kards Open XIII,bf:5fbc4040adfefd64e8c8fd73,Diogenesis,1567.7,98.2,18,6.76,2021-08-21
2022-08-28,Kards Open XIII,bf:5fbc5711a2fd34654753a8c0,Magister Erik,1553.5,119.0,8,2.38,2020-11-29
2022-08-28,Kards Open XIII,bf:5fbc79591632970e916c3fe5,Breich,1486.0,125.3,5,1.49,2020-11-28
2022-08-28,Kards Open XIII,bf:5fbd548d698db1048d27a866,Citrons,1523.2,118.9,8,2.38,2020-11-29
2022-08-28,Kards Open XIII,bf:5fbd71c2e7d89a60d43410ca,lean87ki,1522.4,104.5,16,5.07,2021-02-07
2022-08-28,Kards Open XIII,bf:5fbdb89d26ea883a51583400,Kongo,1522.1,125.5,5,1.49,2020-11-28
2022-08-28,Kards Open XIII,bf:5fbe830b26ea883a515839f5,炮灰no1,1472.9,127.9,4,1.19,2020-11-28
2022-08-28,Kards Open XIII,bf:5fbe834ea2fd34654753c095,Hans Friderich R,1499.9,133.0,2,0.6,2020-11-28
2022-08-28,Kards Open XIII,bf:5fbe83792dc8793ada85198d,pilotttt(Илья),1468.3,133.0,2,0.6,2020-11-28
2022-08-28,Kards Open XIII,bf:5fbe84641632970e916c5996,unclefox,1574.2,117.5,9,2.68,2020-11-29
2022-08-28,Kards Open XIII,bf:5fbe848ca2fd34654753c09a,Future,1485.2,130.4,3,0.89,2020-11-28
2022-08-28,Kards Open XIII,bf:5fbe860ca2fd34654753c09d,正宗重庆老友粉,1471.6,133.1,2,0.6,2020-11-28
2022-08-28,Kards Open XIII,bf:5fbe862ca447ab4bb37e0f77,meistermiagi,1469.2,133.1,2,0.6,2020-11-28
2022-08-28,Kards Open XIII,bf:5fbe86401632970e916c599c,JamesBoned,1517.0,125.6,5,1.49,2020-11-28
2022-08-28,Kards Open XIII,bf:5fbe873b4d01f9313d135045,KrisKrinkel,1473.1,133.2,2,0.6,2020-11-28
2022-08-28,Kards Open XIII,bf:5fbe87ea5d320863b86f031b,Hydrogen,1523.3,119.1,8,2.38,2020-11-29
2022-08-28,Kards Open XIII,bf:5fbe89294d01f9313d135068,MrMolotoff,1499.9,118.9,8,2.38,2020-11-29
2022-08-28,Kards Open XIII,bf:5fbe89b5043fd20cdf90cccf,tonywan,1440.3,127.9,4,1.19,2020-11-28
2022-08-28,Kards Open XIII,bf:5fbe8ae05d320863b86f032c,Anto,1473.9,127.9,4,1.19,2020-11-28
2022-08-28,Kards Open XIII,bf:5fbe8afb698db1048d27b396,SkittleSabot,1514.5,136.0,1,0.3,2020-11-28
2022-08-28,Kards Open XIII,bf:5fbe8b8ea447ab4bb37e0fc8,päpä,1467.6,117.3,9,2.68,2020-11-29
2022-08-28,Kards Open XIII,bf:5fbe8c402dc8793ada8519d5,Der_Admiral,1515.9,125.3,5,1.49,2020-11-28
2022-08-28,Kards Open XIII,bf:5fbe906ba2fd34654753c0fc,captain.pothead,1489.0,130.4,3,0.89,2020-11-28
2022-08-28,Kards Open XIII,bf:5fbe91ca26ea883a51583aa4,yra111,1488.4,130.6,3,0.89,2020-11-28
2022-08-28,Kards Open XIII,bf:5fbe9602698db1048d27b3e0,Rumfart,1472.2,133.1,2,0.6,2020-11-28
2022-08-28,Kards Open XIII,bf:5fbe96be698db1048d27b3e4,Youmu_chan,1490.3,125.5,5,1.49,2020-11-28
2022-08-28,Kards Open XIII,bf:5fbe970e26ea883a51583ac1,UnbearableMe,1488.6,136.1,1,0.3,2020-11-28
2022-08-28,Kards Open XIII,bf:5fbe971d0f21e57963852d08,牛头人杀手,1500.7,133.1,2,0.6,2020-11-28
2022-08-28,Kards Open XIII,bf:5fbe9b450f21e57963852d1e,garygo,1506.3,119.0,8,2.38,2020-11-29
2022-08-28,Kards Open XIII,bf:5fbeac15a447ab4bb37e116f,ThuggerJuice,1515.8,116.9,9,2.68,2020-11-29
2022-08-28,Kards Open XIII,bf:5fbeb056698db1048d27b5bd,Stuie,1485.2,105.7,14,4.87,2021-05-29
2022-08-28,Kards Open XIII,bf:5fbeb20eb0ef7749130e452c,Dawn,1522.7,119.0,8,2.38,2020-11-29
2022-08-28,Kards Open XIII,bf:5fbeb7541632970e916c5c93,finny,1492.4,117.3,9,2.68,2020-11-29
2022-08-28,Kards Open XIII,bf:5fbebdee043fd20cdf90cfaf,GM_Logan,1524.9,70.8,40,19.43,2022-08-06
2022-08-28,Kards Open XIII,bf:5fbed15626ea883a51583d3f,Empyreal,1468.8,133.0,2,0.6,2020-11-28
2022-08-28,Kards Open XIII,bf:5fbedfbc0f21e57963853121,Raswar47,1469.1,133.1,2,0.6,2020-11-28
2022-08-28,Kards Open XIII,bf:5fbef0144d01f9313d135b11,Geezer,1523.2,103.0,15,5.57,2021-08-07
2022-08-28,Kards Open XIII,bf:5fbef0d92dc8793ada8527a5,嘤嘤嘤,1469.0,133.0,2,0.6,2020-11-28
2022-08-28,Kards Open XIII,bf:5fbef3ecb0ef7749130e49bc,MaskedMarvel,1498.9,133.0,2,0.6,2020-11-28
2022-08-28,Kards Open XIII,bf:5fbf17032dc8793ada852978,UltramanT80,1468.6,133.1,2,0.6,2020-11-28
2022-08-28,Kards Open XIII,bf:5fbf174c5d320863b86f0efc,如临深渊,1500.9,133.0,2,0.6,2020-11-28
2022-08-28,Kards Open XIII,bf:5fbf1ad71632970e916c627a,TowerNumberNine,1471.4,133.1,2,0.6,2020-11-28
2022-08-28,Kards Open XIII,bf:5fbf28984d01f9313d135d0f,Ayako,1484.2,135.9,1,0.3,2020-11-28
2022-08-28,Kards Open XIII,bf:5fbf30a2a447ab4bb37e1b38,1330775381,1475.3,133.4,2,0.6,2020-11-28
2022-08-28,Kards Open XIII,bf:5fbf32921632970e916c6301,Paddy,1469.4,133.1,2,0.6,2020-11-28
2022-08-28,Kards Open XIII,bf:5fbf3849043fd20cdf90d500,Dirty Jon,1487.9,120.9,7,2.09,2020-11-29
2022-08-28,Kards Open XIII,bf:5fbf3d90adfefd64e8c91af1,tortunbator,1484.3,130.4,3,0.89,2020-11-28
2022-08-28,Kards Open XIII,bf:5fbf4b25698db1048d27bdc9,白皮猪杀手,1469.0,133.1,2,0.6,2020-11-28
2022-08-28,Kards Open XIII,bf:5fbf4fe05d320863b86f0fb6,Kimssa,1553.9,104.8,15,5.03,2021-04-04
2022-08-28,Kards Open XIII,bf:5fbf516e2dc8793ada852a4c,VitalkaFS,1503.1,127.8,4,1.19,2020-11-28
2022-08-28,Kards Open XIII,bf:5fbf5273adfefd64e8c91b99,crazymonkey,1520.2,125.9,5,1.49,2020-11-28
2022-08-28,Kards Open XIII,bf:5fbf62605d320863b86f0ff1,梁家河扛麦郎,1504.5,133.1,2,0.6,2020-11-28
2022-08-28,Kards Open XIII,bf:5fbf6ade2dc8793ada852a75,Maty,1505.7,110.8,12,3.9,2021-04-03
2022-08-28,Kards Open XIII,bf:5fbf6f3f26ea883a515841f0,Wuhu_Airline,1471.6,133.2,2,0.6,2020-11-28
2022-08-28,Kards Open XIII,bf:5fbf7a86b0ef7749130e4dec,ID由于太昭和无法显示,1483.3,130.5,3,0.89,2020-11-28
2022-08-28,Kards Open XIII,bf:5fbf81d4698db1048d27bf78,Andrewkaiyan,1512.0,117.0,9,2.68,2020-11-29
2022-08-28,Kards Open XIII,bf:5fbf8670698db1048d27bfda,zadkiel0508,1500.0,133.1,2,0.6,2020-11-28
2022-08-28,Kards Open XIII,bf:5fbf86bf2dc8793ada852abe,Kiertscher,1508.3,119.1,8,2.38,2020-11-29
2022-08-28,Kards Open XIII,bf:5fbf8fc55d320863b86f1086,共和国荣光,1486.9,130.4,3,0.89,2020-11-28
2022-08-28,Kards Open XIII,bf:5fbf97cfb0ef7749130e4e94,AndyNing,1486.6,130.5,3,0.89,2020-11-28
2022-08-28,Kards Open XIII,bf:5fbf9fa55d320863b86f10d6,watchmen,1550.5,125.4,5,1.49,2020-11-28
2022-08-28,Kards Open XIII,bf:5fbfa1ec5d320863b86f10df,s8130662,1607.1,117.5,9,2.68,2020-11-29
2022-08-28,Kards Open XIII,bf:5fbfa6575d320863b86f10ec,think,1471.1,133.1,2,0.6,2020-11-28
2022-08-28,Kards Open XIII,bf:5fbfa75c0f21e57963853e73,2057458491@qq.com,1547.9,125.4,5,1.49,2020-11-28
2022-08-28,Kards Open XIII,bf:5fbfa9f0a2fd34654753c891,Wizard,1521.7,116.9,9,2.68,2020-11-29
2022-08-28,Kards Open XIII,bf:5fbfaa4726ea883a5158435d,UnhappyRefrain,1485.5,130.5,3,0.89,2020-11-28
2022-08-28,Kards Open XIII,bf:5fbfaa5d698db1048d27c161,Feiron,1486.1,136.0,1,0.3,2020-11-28
2022-08-28,Kards Open XIII,bf:5fbfafde1632970e916c652e,Non-motorized,1502.4,118.9,8,2.38,2020-11-29
2022-08-28,Kards Open XIII,bf:5fbfb1ca2dc8793ada852b72,Satomi_ren,1553.6,121.0,7,2.09,2020-11-29
2022-08-28,Kards Open XIII,bf:5fbfb4c7043fd20cdf90d6e1,唐努图什么,1500.2,133.1,2,0.6,2020-11-28
2022-08-28,Kards Open XIII,bf:5fbfb60f1632970e916c6544,rayson366458,1525.3,108.8,7,4.32,2022-03-26
2022-08-28,Kards Open XIII,bf:5fbfb8692dc8793ada852b8d,为啥起的名字都无效,1502.1,133.1,2,0.6,2020-11-28
2022-08-28,Kards Open XIII,bf:5fbfb8f1043fd20cdf90d702,James Patterson,1470.3,127.8,4,1.19,2020-11-28
2022-08-28,Kards Open XIII,bf:5fbfba184d01f9313d135f37,Simple One,1484.9,135.9,1,0.3,2020-11-28
2022-08-28,Kards Open XIII,bf:5fbfbd51b0ef7749130e4f38,MC_Shiro,1552.1,111.0,12,3.87,2021-02-07
2022-08-28,Kards Open XIII,bf:5fbfc2c9043fd20cdf90d720,bushirenchou,1519.6,125.5,5,1.49,2020-11-28
2022-08-28,Kards Open XIII,bf:5fbfc6e15d320863b86f1193,李鸿章,1521.4,117.2,9,2.68,2020-11-29
2022-08-28,Kards Open XIII,bf:5fbfd4581632970e916c6699,Claris,1488.3,130.4,3,0.89,2020-11-28
2022-08-28,Kards Open XIII,bf:5fbffbaa2dc8793ada85319e,MeRRoR,1474.7,119.1,8,2.38,2020-11-29
2022-08-28,Kards Open XIII,bf:5fc003a1b0ef7749130e5216,Zuasfadas,1525.2,128.0,4,1.19,2020-11-28
2022-08-28,Kards Open XIII,bf:5fc0046a698db1048d27c912,ChariotBlitz,1511.9,125.4,5,1.49,2020-11-28
2022-08-28,Kards Open XIII,bf:5fc0060d698db1048d27c939,machue,1480.0,130.4,3,0.89,2020-11-28
2022-08-28,Kards Open XIII,bf:5fc017df26ea883a515847d5,Nikica,1518.9,117.0,9,2.68,2020-11-29
2022-08-28,Kards Open XIII,bf:5fc0244ca2fd34654753d0cb,Bjelke666,1423.8,114.7,10,3.23,2021-02-07
2022-08-28,Kards Open XIII,bf:5fc048141632970e916c6beb,Jannik,1499.3,133.0,2,0.6,2020-11-28
2022-08-28,Kards Open XIII,bf:5fc062ca3a712911d5860aac,Chimpu,1470.1,133.1,2,0.6,2020-11-28
2022-08-28,Kards Open XIII,bf:5fc06376a447ab4bb37e29a7,西域战神阿凡提,1484.2,135.9,1,0.3,2020-11-28
2022-08-28,Kards Open XIII,bf:5fc07486698db1048d27ccd5,hj123c,1469.3,133.1,2,0.6,2020-11-28
2022-08-28,Kards Open XIII,bf:5fc0ff84971c1811b1c02525,lapotNIK,1488.8,130.6,3,0.89,2020-11-28
2022-08-28,Kards Open XIII,bf:5fc13108a447ab4bb37e2e33,Az4zel,1482.8,123.9,6,1.79,2020-11-29
2022-08-28,Kards Open XIII,bf:5fc133575ca52f15c00549a9,Legio_Victrix,1550.3,117.0,9,2.68,2020-11-29
2022-08-28,Kards Open XIII,bf:5fc13c125d320863b86f1d60,聖訷殺,1466.9,133.0,2,0.6,2020-11-28
2022-08-28,Kards Open XIII,bf:5fc13c6e4a99f533280c7373,Vavilon6,1627.0,85.8,33,11.24,2021-04-10
2022-08-28,Kards Open XIII,bf:5fc1647ca447ab4bb37e3019,Lampround,1471.1,133.1,2,0.6,2020-11-28
2022-08-28,Kards Open XIII,bf:5fc1741a4a3afe55318cf945,Waldemaras,1446.5,117.1,7,2.81,2021-06-26
2022-08-28,Kards Open XIII,bf:5fc1760a2dc8793ada853e83,Thetankman3,1563.9,123.4,6,1.79,2020-11-29
2022-08-28,Kards Open XIII,bf:5fc1c2f14a3afe55318cfd98,RudyFlyer,1478.5,80.1,19,14.15,2022-08-06
2022-08-28,Kards Open XIII,bf:5fc1dd90043fd20cdf90e83e,BADmuji,1472.0,113.2,11,3.4,2021-02-06
2022-08-28,Kards Open XIII,bf:5fc1dd9b2dc8793ada8544a3,GeneralMaximus_5,1471.1,127.8,4,1.19,2020-11-28
2022-08-28,Kards Open XIII,bf:5fc1f746a2fd34654753e1ae,GearWolf1991,1477.3,119.1,8,2.38,2020-11-29
2022-08-28,Kards Open XIII,bf:5fc2123f8ae4c5551e8b0129,Agent007,1488.6,125.4,5,1.49,2020-11-28
2022-08-28,Kards Open XIII,bf:5fc21ebcb0ef7749130e6b81,Agumonster,1472.4,133.1,2,0.6,2020-11-28
2022-08-28,Kards Open XIII,bf:5fc241c1f1aa2511d7251933,Reaper,1462.4,130.8,3,0.89,2020-11-28
2022-08-28,Kards Open XIII,bf:5fc24f00971c1811b1c037b0,Wladca,1470.1,133.1,2,0.6,2020-11-28
2022-08-28,Kards Open XIII,bf:5fc26afe6052f211a7127a71,yahya94,1484.8,125.4,5,1.49,2020-11-29
2022-08-28,Kards Open XIII,bf:5fc2cfeb2350e111ca3e4a6e,Lan,1422.6,108.6,13,4.48,2021-02-21
2022-08-28,Kards Open XIII,bf:5fd0f538f2b2ef0cb211c66d,winman82,1496.4,126.4,4,1.36,2021-02-06
2022-08-28,Kards Open XIII,bf:6018722f6b7a4c1c7ef01779,"Котейка ПочтаЛион ""Каратель""",1483.0,124.0,5,1.7,2021-02-07
2022-08-28,Kards Open XIII,bf:601995acbe9b881d09177a3a,Berserker,1448.1,129.6,3,1.02,2021-02-07
2022-08-28,Kards Open XIII,bf:6019ce668e21aa1d188c190d,DJSF,1476.7,121.6,6,2.1,2021-02-21
2022-08-28,Kards Open XIII,bf:601a74d5f4761b1d98293c14,gardr,1444.6,121.9,6,2.07,2021-02-20
2022-08-28,Kards Open XIII,bf:601ad0d4bccfe11bd7952790,Bubblebox,1514.6,98.6,15,6.66,2022-05-28
2022-08-28,Kards Open XIII,bf:601ae997fb69622ad6617823,Lord Zarax,1460.7,98.9,13,6.82,2022-02-05
2022-08-28,Kards Open XIII,bf:601aface2eb6151da1f9651f,Amarok,1477.7,129.6,3,1.02,2021-02-06
2022-08-28,Kards Open XIII,bf:601afc674443111ba564023d,RTylerW,1476.0,128.0,4,1.36,2021-02-06
2022-08-28,Kards Open XIII,bf:601b5b897d76ec1b99358c6f,IMStarker,1468.6,124.7,5,1.73,2021-02-20
2022-08-28,Kards Open XIII,bf:601c0e79b125d31d258fd278,Ish,1489.2,124.3,5,1.7,2021-02-07
2022-08-28,Kards Open XIII,bf:601c4a12e848ea2ae5565fa7,UappaSguappa,1518.7,129.3,3,1.02,2021-02-06
2022-08-28,Kards Open XIII,bf:601c52cb2eb6151da1f96ccf,Asarnil,1501.3,132.5,2,0.68,2021-02-06
2022-08-28,Kards Open XIII,bf:601c5640242f461d92104636,Flironic,1489.5,136.1,1,0.34,2021-02-06
2022-08-28,Kards Open XIII,bf:601c5831f4761b1d98294688,gillis,1482.1,135.5,1,0.34,2021-02-06
2022-08-28,Kards Open XIII,bf:601c5d21bccfe11bd79533ba,NikitoSNaz,1488.2,124.2,5,1.7,2021-02-07
2022-08-28,Kards Open XIII,bf:601c602c8989bb1d0ffd2d60,Boom Stand,1476.6,121.7,6,2.04,2021-02-07
2022-08-28,Kards Open XIII,bf:601c66707d76ec1b99359336,Uncle_Gags,1475.1,133.3,2,0.68,2021-02-06
2022-08-28,Kards Open XIII,bf:601c6d39ce01411daff6ce45,Ludo,1506.1,120.3,7,2.38,2021-02-07
2022-08-28,Kards Open XIII,bf:601c71455470fa2af29f5034,Sebastianhenry,1467.1,121.6,6,2.04,2021-02-07
2022-08-28,Kards Open XIII,bf:601c7bb24443111ba5640e9a,sleppy,1439.9,121.5,6,2.04,2021-02-07
2022-08-28,Kards Open XIII,bf:601c9026bf58cf5f54a82622,adriano.rln2,1496.2,121.3,6,2.04,2021-02-07
2022-08-28,Kards Open XIII,bf:601c914f7d548611be769699,Chippendale,1519.0,129.5,3,1.02,2021-02-06
2022-08-28,Kards Open XIII,bf:601c994b3b155711d4677d1b,Thunderhide Alpha,1475.8,122.0,6,2.04,2021-02-07
2022-08-28,Kards Open XIII,bf:601c9b3d2a229411c4dec493,JackaL,1486.8,129.3,3,1.02,2021-02-06
2022-08-28,Kards Open XIII,bf:601c9f9ef8251e1bb7eb0fb5,PainmakeR,1371.7,84.3,31,13.48,2022-04-09
2022-08-28,Kards Open XIII,bf:601cafe1bb724711bbdc0e41,diablojoker,1549.1,117.0,8,2.73,2021-02-13
2022-08-28,Kards Open XIII,bf:601cb9e68f8ab5604536225b,xialang,1548.6,112.8,10,3.47,2021-02-27
2022-08-28,Kards Open XIII,bf:601ccaa7df90f911ab030712,Smoky,1496.2,118.8,7,2.42,2021-04-03
2022-08-28,Kards Open XIII,bf:601ccba636ceeb11b32b80ff,清水晴政,1569.3,85.8,17,11.67,2022-05-28
2022-08-28,Kards Open XIII,bf:601ce5a78e21aa1d188c2da4,scarecrow,1553.3,105.3,8,5.2,2022-02-05
2022-08-28,Kards Open XIII,bf:601cf711ce01411daff6d2c9,The Ice Baron,1506.1,126.6,4,1.36,2021-02-06
2022-08-28,Kards Open XIII,bf:601d189a36ceeb11b32b81e2,MR.p,1562.1,110.4,10,4.04,2021-05-30
2022-08-28,Kards Open XIII,bf:601d204cab29fd2adcd79a2d,Juliuspluvius,1497.1,116.8,7,2.86,2021-05-29
2022-08-28,Kards Open XIII,bf:601d2fa3242f461d92104ad0,tief-pass,1492.8,124.5,5,1.7,2021-02-07
2022-08-28,Kards Open XIII,bf:601d334704309b1b93074798,Jashin,1553.7,76.7,31,16.31,2022-04-30
2022-08-28,Kards Open XIII,bf:601d4daaa3a63111ba7f6ad7,0331,1499.7,124.4,5,1.7,2021-02-07
2022-08-28,Kards Open XIII,bf:601d68eabf58cf5f54a82fbf,LeeandGarros,1474.6,110.5,9,4.22,2021-11-06
2022-08-28,Kards Open XIII,bf:601d6a1959fc1e11b57d5700,binhpac,1489.3,129.4,3,1.02,2021-02-06
2022-08-28,Kards Open XIII,bf:601d6e10dca2311bb626f1d2,giannikas,1484.9,128.5,3,1.13,2021-04-03
2022-08-28,Kards Open XIII,bf:601d724003f1bc1bc847aa4d,WarCrow,1497.0,121.6,6,2.04,2021-02-07
2022-08-28,Kards Open XIII,bf:601d72b8945ba61bbd9b6b3e,JamesJimRaynor,1605.2,112.9,10,3.42,2021-02-13
2022-08-28,Kards Open XIII,bf:601d8327ce01411daff6dde0,zvezda,1541.9,119.4,7,2.38,2021-02-07
2022-08-28,Kards Open XIII,bf:601d841d36ceeb11b32b8857,Чайный Игрок,1467.0,132.4,2,0.68,2021-02-06
2022-08-28,Kards Open XIII,bf:601d8d265470fa2af29f55e8,Bronzeguy,1500.7,126.6,4,1.36,2021-02-06
2022-08-28,Kards Open XIII,bf:601dacd85156047698264137,pelota,1553.0,119.2,7,2.39,2021-02-13
2022-08-28,Kards Open XIII,bf:601dd93585cc4e75ecefaa9c,X_predator,1450.0,114.4,7,3.3,2021-11-06
2022-08-28,Kards Open XIII,bf:601ddad214499975b676d714,Autisticles,1493.8,126.7,4,1.36,2021-02-06
2022-08-28,Kards Open XIII,bf:601dff5114499975b676d7fb,Vladimir_the_Great,1467.0,121.6,6,2.04,2021-02-07
2022-08-28,Kards Open XIII,bf:601e170e8b295778d1474505,TriggerMcHappy,1495.4,132.5,2,0.68,2021-02-06
2022-08-28,Kards Open XIII,bf:601e1a04b66ee1767c0f19bf,metaman0,1501.0,121.5,6,2.04,2021-02-07
2022-08-28,Kards Open XIII,bf:601e4222507c147700ac949d,Bishamon,1451.6,100.3,18,6.44,2021-04-04
2022-08-28,Kards Open XIII,bf:601e45ae6c6f1475e154a175,cws1968,1487.1,124.0,5,1.7,2021-02-07
2022-08-28,Kards Open XIII,bf:601e5d325156047698264588,idslksyllbls,1523.4,119.1,7,2.38,2021-02-07
2022-08-28,Kards Open XIII,bf:601e60c914499975b676db49,Agasfer88,1495.2,121.4,6,2.04,2021-02-07
2022-08-28,Kards Open XIII,bf:601e734995780078daf3e9cf,Budark,1501.2,132.2,2,0.68,2021-02-06
2022-08-28,Kards Open XIII,bf:601e77957e074a75c3e36c24,Drazer,1506.0,126.7,4,1.36,2021-02-07
2022-08-28,Kards Open XIII,bf:601e7dd895780078daf3ed80,VadimPoltava,1470.3,126.6,4,1.36,2021-02-06
2022-08-28,Kards Open XIII,bf:601e7e5af38de8768ef0dbdf,Funnies,1488.3,135.9,1,0.34,2021-02-06
2022-08-28,Kards Open XIII,bf:601e92a7e5c01375db7f5de8,stevenj21,1470.1,111.9,11,3.8,2021-02-21
2022-08-28,Kards Open XIII,bf:601e9b8beae820768baef5db,Csasz74,1413.8,121.8,6,2.12,2021-04-03
2022-08-28,Kards Open XIII,bf:601e9c49e5c01375db7f5e53,Heliks,1530.8,121.6,6,2.04,2021-02-07
2022-08-28,Kards Open XIII,bf:601e9d308392ff75fb351ffc,Хлебный Игрок,1483.3,135.5,1,0.34,2021-02-06
2022-08-28,Kards Open XIII,bf:601ea179eae820768baef620,notturno68,1462.2,132.3,2,0.68,2021-02-06
2022-08-28,Kards Open XIII,bf:601ea84d2cdc35768253b653,pablonsky,1473.6,132.8,2,0.68,2021-02-06
2022-08-28,Kards Open XIII,bf:602bf7e108d6c576f70885be,ACE YUR FACE,1508.5,121.6,6,2.1,2021-02-21
2022-08-28,Kards Open XIII,bf:602c0e5389472a782b9cbc26,Shockwave750,1538.0,120.8,6,2.1,2021-02-27
2022-08-28,Kards Open XIII,bf:602c2018507c147700acf905,Bomber_Harris,1473.4,121.7,6,2.1,2021-02-21
2022-08-28,Kards Open XIII,bf:602c22cdabb67b53bb4c4954,Haruna Izumi,1459.9,124.0,5,1.75,2021-02-21
2022-08-28,Kards Open XIII,bf:602d35b5e953470c8c2eb398,skippu_white,1461.1,124.0,5,1.75,2021-02-21
2022-08-28,Kards Open XIII,bf:602d5acba74cc17c31b7d9af,Nyarlathotep,1530.8,73.6,38,17.72,2022-02-05
2022-08-28,Kards Open XIII,bf:602efa92d7a4147c1146d997,Dynamo D,1545.5,116.4,8,2.81,2021-02-27
2022-08-28,Kards Open XIII,bf:602f98dc95b59911a33166f5,Craylight,1448.3,123.5,5,1.75,2021-02-21
2022-08-28,Kards Open XIII,bf:6030551a73965f35ae461762,log1c,1546.8,107.0,13,4.75,2021-04-10
2022-08-28,Kards Open XIII,bf:6030a2af3222cb45216b822e,DarkwingedTrumpeter,1447.3,129.2,3,1.05,2021-02-20
2022-08-28,Kards Open XIII,bf:6039135967b58f1e04196610,CEO of Racism,1514.5,119.9,6,2.27,2021-04-04
2022-08-28,Kards Open XIII,bf:603aca86a4a3f111939e5346,Druso,1555.2,108.3,7,4.78,2022-02-26
2022-08-28,Kards Open XIII,bf:603cfe1ab328151e11b92549,buzzAldrin,1490.7,117.1,5,2.86,2021-11-06
2022-08-28,Kards Open XIII,bf:604e70169811de4a8929cc66,chrasi,1532.2,111.6,9,3.67,2021-06-26
2022-08-28,Kards Open XIII,bf:60509713496ba24d0604cc08,TreePipit,1583.2,64.3,41,26.95,2022-07-30
2022-08-28,Kards Open XIII,bf:6050d9c1d164f74b8e7830c0,AnTeallach,1505.2,125.6,4,1.51,2021-04-03
2022-08-28,Kards Open XIII,bf:6050dd83d164f74b8e7830f8,VyC,1517.5,120.6,6,2.27,2021-04-04
2022-08-28,Kards Open XIII,bf:60512d0b3ae2c317e32bcf66,Ace29,1504.8,117.6,6,2.66,2021-06-26
2022-08-28,Kards Open XIII,bf:6051fe41cbd09156d261e80c,Io de Scylla,1563.1,87.8,15,10.85,2022-08-06
2022-08-28,Kards Open XIII,bf:60520c7e3ae2c317e32bd629,Grenadier Gomby,1515.3,120.1,6,2.27,2021-04-04
2022-08-28,Kards Open XIII,bf:6061f0d91d5ed13ba0590c8c,NikolaTesla,1480.3,135.1,1,0.38,2021-04-03
2022-08-28,Kards Open XIII,bf:606205aa77b5c319f9259197,Spaghetti Dan,1465.5,118.4,7,2.65,2021-04-04
2022-08-28,Kards Open XIII,bf:60620a3ddb064f11ae99a9cc,BlatherskiteChannel,1467.6,131.9,2,0.76,2021-04-03
2022-08-28,Kards Open XIII,bf:60623bfcfe869e359192bdb3,Richard Zorge ( tfcvgy),1477.8,135.1,1,0.38,2021-04-03
2022-08-28,Kards Open XIII,bf:60624761e23edf11a8fbebab,Eric Haas,1457.8,118.1,7,2.65,2021-04-04
2022-08-28,Kards Open XIII,bf:6062d422fe869e359192c071,rezvuhin.dmitrij,1481.6,135.1,1,0.38,2021-04-03
2022-08-28,Kards Open XIII,bf:60631191ef449e2156a5adf9,saiko,1525.5,118.0,7,2.65,2021-04-04
2022-08-28,Kards Open XIII,bf:6064433143507c17f08ff721,lutherizz,1479.8,126.1,4,1.51,2021-04-03
2022-08-28,Kards Open XIII,bf:60644d12bea76d63440e66db,casatron,1490.7,128.8,3,1.13,2021-04-03
2022-08-28,Kards Open XIII,bf:6064772a1dc5b905e3c0ff51,repose,1623.9,84.5,20,11.79,2022-02-26
2022-08-28,Kards Open XIII,bf:60647b02521bb713377d6f5c,Zilda,1585.1,99.9,16,6.4,2021-05-30
2022-08-28,Kards Open XIII,bf:60649133d9c5a005c360423e,Rusl,1453.3,129.1,3,1.13,2021-04-03
2022-08-28,Kards Open XIII,bf:6064975b99c79405c943b28f,#romano737,1478.4,122.4,5,1.89,2021-04-04
2022-08-28,Kards Open XIII,bf:6064b09a65d11d138804412a,ttolpann,1486.5,122.6,5,1.89,2021-04-04
2022-08-28,Kards Open XIII,bf:6064c336521bb713377d7223,Bazsi500,1445.7,128.5,3,1.13,2021-04-03
2022-08-28,Kards Open XIII,bf:6065dd291b083505d3f69759,kusanagui2501,1480.8,135.0,1,0.38,2021-04-03
2022-08-28,Kards Open XIII,bf:6065e506c75b3f32bc8957c9,Fortress,1469.6,125.5,4,1.51,2021-04-03
2022-08-28,Kards Open XIII,bf:60665059bea76d63440e763f,ethen,1497.7,124.3,5,1.89,2021-04-04
2022-08-28,Kards Open XIII,bf:60674f097230f532c22615b9,dodos,1512.9,120.9,6,2.27,2021-04-04
2022-08-28,Kards Open XIII,bf:60676fb11d5ed13ba0593743,marcelinovegaviejo,1489.9,136.0,1,0.38,2021-04-03
2022-08-28,Kards Open XIII,bf:60677695fe869e359192e820,benny,1501.8,131.7,2,0.76,2021-04-03
2022-08-28,Kards Open XIII,bf:6068332c521bb713377d8fdf,melenkurion,1482.0,135.1,1,0.38,2021-04-03
2022-08-28,Kards Open XIII,bf:60685007d0955e11e2b013f4,germanicus438,1489.4,73.1,35,19.41,2022-05-28
2022-08-28,Kards Open XIII,bf:606854ffd0955e11e2b01407,Magnus_Aurel,1513.6,119.9,6,2.28,2021-04-10
2022-08-28,Kards Open XIII,bf:60687ce718f0251191ca9656,Gagarinyasha,1462.1,125.4,4,1.51,2021-04-03
2022-08-28,Kards Open XIII,bf:60687eb5eea041235d6db8aa,#nini,1448.1,122.6,5,1.89,2021-04-04
2022-08-28,Kards Open XIII,bf:6070a8022fd5451122c65ae8,apara,1599.4,75.9,29,16.63,2022-03-26
2022-08-28,Kards Open XIII,bf:60721ccb5c1419118df3a796,OOUTAIWAN,1492.0,93.0,20,9.08,2021-08-21
2022-08-28,Kards Open XIII,bf:60763581b7083a45e0c65882,Thunder,1454.8,130.5,2,0.89,2021-06-26
2022-08-28,Kards Open XIII,bf:607823b0c75b3f32bc89dbca,White Eagle,1586.5,94.4,18,8.08,2021-08-21
2022-08-28,Kards Open XIII,bf:60946d0dab3bf12889662245,VikingClog,1468.8,118.4,6,2.52,2021-05-29
2022-08-28,Kards Open XIII,bf:60953c50980c9b122a48e011,#magnetto_man,1473.8,119.0,6,2.52,2021-05-29
2022-08-28,Kards Open XIII,bf:6096f16136c672120ab703d4,DdE,1485.8,114.8,5,3.35,2022-01-29
2022-08-28,Kards Open XIII,bf:609b0f8f7b748611b20fea75,Niebieski,1395.1,121.0,3,2.24,2022-03-26
2022-08-28,Kards Open XIII,bf:609b70096b6b3d37fdd49225,TheFrenchHolyTemplar,1490.9,110.9,7,4.01,2022-01-29
2022-08-28,Kards Open XIII,bf:60a356b944cea86cbcb2d935,Rngesus,1446.1,121.5,5,2.1,2021-05-29
2022-08-28,Kards Open XIII,bf:60a3bf649226326cec5f141a,SkillKill,1444.4,127.9,3,1.26,2021-05-29
2022-08-28,Kards Open XIII,bf:60a3f0a911d3b171064316ce,Obristan,1474.9,127.4,3,1.26,2021-05-29
2022-08-28,Kards Open XIII,bf:60a432af9226326cec5f185b,MeRoll,1464.0,112.0,9,3.85,2021-06-26
2022-08-28,Kards Open XIII,bf:60a503770ee905712684a97d,Leichelot1,1450.4,122.0,5,2.1,2021-05-29
2022-08-28,Kards Open XIII,bf:60a543cc9c13276cd6914076,#MrEcho,1479.3,120.9,5,2.1,2021-05-29
2022-08-28,Kards Open XIII,bf:60a5955444cea86cbcb2ebc2,Tanner,1466.9,131.3,2,0.84,2021-05-29
2022-08-28,Kards Open XIII,bf:60a61caf0327e8746992e60b,estienne2,1436.5,107.5,11,4.74,2021-06-26
2022-08-28,Kards Open XIII,bf:60a6368e0072106f76db29dd,Skiller,1404.4,121.5,5,2.1,2021-05-29
2022-08-28,Kards Open XIII,bf:60a65e7e982b577479221d7e,Hackfresse,1471.9,114.1,8,3.48,2021-08-07
2022-08-28,Kards Open XIII,bf:60a67f38000fb03f36004b2c,Dindalian,1554.6,104.2,13,5.63,2021-06-27
2022-08-28,Kards Open XIII,bf:60a685a99c13276cd691508d,loud and clear,1458.5,106.9,11,4.74,2021-06-26
2022-08-28,Kards Open XIII,bf:60a7c75f9c13276cd691586e,devil,1529.0,114.8,8,3.39,2021-06-26
2022-08-28,Kards Open XIII,bf:60a9f588982b57747922392a,Marek,1510.7,107.0,11,4.74,2021-06-26
2022-08-28,Kards Open XIII,bf:60aaf2216dada66f5e2a839e,ChemistryMaster,1475.9,134.7,1,0.42,2021-05-29
2022-08-28,Kards Open XIII,bf:60abd00e9226326cec5f56e5,Garand Конституції,1460.1,124.5,4,1.68,2021-05-29
2022-08-28,Kards Open XIII,bf:60ae026e000fb03f36007a83,EcholoQE,1485.9,135.3,1,0.42,2021-05-29
2022-08-28,Kards Open XIII,bf:60ae60e26dada66f5e2a9239,ERB0L,1602.2,96.0,17,7.6,2021-09-04
2022-08-28,Kards Open XIII,bf:60b0a4d9835684119d3312d6,Bob1974,1451.5,121.8,5,2.1,2021-05-29
2022-08-28,Kards Open XIII,bf:60b1d9960072106f76db7938,FrosT_NF,1426.2,118.4,6,2.52,2021-05-29
2022-08-28,Kards Open XIII,bf:60b2450639bdbb113a68b017,*UBI_ghost,1454.5,121.6,5,2.1,2021-05-29
2022-08-28,Kards Open XIII,bf:60c514950332eb573b6ef25d,polancowoods45,1441.2,121.1,5,2.22,2021-06-26
2022-08-28,Kards Open XIII,bf:60c61341543cd91a5d592af7,Hispano,1588.3,103.4,9,6.08,2022-02-05
2022-08-28,Kards Open XIII,bf:60c929871a01bf49674e1815,HW Plainview,1411.3,121.8,5,2.22,2021-06-26
2022-08-28,Kards Open XIII,bf:60c939761fb30a26a0ea6e03,Dindomir,1492.3,126.6,3,1.44,2021-08-07
2022-08-28,Kards Open XIII,bf:60c9b27ea95cd94e9dae5da2,虚无主义,1473.4,110.5,8,4.34,2022-05-28
2022-08-28,Kards Open XIII,bf:60ca4cb5a95cd94e9dae6026,Kindero,1485.7,135.1,1,0.44,2021-06-26
2022-08-28,Kards Open XIII,bf:60ca80ace39b28468395e0c2,PAGMARE,1595.8,100.4,12,6.24,2021-11-27
2022-08-28,Kards Open XIII,bf:60cb505451487a4eb2227f1a,Vector,1486.1,129.0,3,1.33,2021-06-26
2022-08-28,Kards Open XIII,bf:60d7295878f6123d75383e7c,Unskilz,1494.3,117.8,6,2.66,2021-06-26
2022-08-28,Kards Open XIII,sgg:2353966,ㅡㅠ,1482.2,122.1,3,2.04,2022-02-05
2022-08-28,Kards Open XIII,sgg:2374037,Raslin2006,1455.1,127.9,3,1.71,2021-11-06
2022-08-28,Kards Open XIII,sgg:2374874,Hayboza,1524.6,123.4,4,1.92,2021-08-07
2022-08-28,Kards Open XIII,sgg:2375094,Krch,1456.7,128.0,3,1.44,2021-08-07
2022-08-28,Kards Open XIII,sgg:2375354,Brightstar,1444.0,125.3,4,1.92,2021-08-07
2022-08-28,Kards Open XIII,sgg:2375403,Tofisow,1453.8,120.4,5,2.4,2021-08-07
2022-08-28,Kards Open XIII,sgg:2375442,Noein5,1712.3,66.1,36,25.53,2022-08-06
2022-08-28,Kards Open XIII,sgg:2380599,TheArticle,1441.9,127.1,3,1.44,2021-08-07
2022-08-28,Kards Open XIII,sgg:2382579,xyloser,1649.7,110.0,8,3.95,2021-09-07
2022-08-28,Kards Open XIII,sgg:2386070,,1505.6,119.2,5,2.47,2021-08-21
2022-08-28,Kards Open XIII,sgg:2388207,百里蒿,1702.0,94.9,10,7.78,2022-05-01
2022-08-28,Kards Open XIII,sgg:2393915,P2N,1462.9,106.9,5,4.76,2022-08-06
2022-08-28,Kards Open XIII,sgg:2407266,BEATWELL,1479.3,123.9,4,1.97,2021-08-21
2022-08-28,Kards Open XIII,sgg:2407984,ChikadoZ,1464.9,119.9,3,2.52,2022-05-28
2022-08-28,Kards Open XIII,sgg:2408029,Nanohard,1444.0,119.3,5,2.47,2021-08-21
2022-08-28,Kards Open XIII,sgg:2408269,常凯申队长,1534.8,118.6,5,2.47,2021-08-21
2022-08-28,Kards Open XIII,sgg:2408285,Surcouf,1466.7,122.8,4,1.97,2021-08-21
2022-08-28,Kards Open XIII,sgg:2408647,Magman,1455.9,115.2,4,3.4,2022-06-04
2022-08-28,Kards Open XIII,sgg:2409441,0944,1486.5,125.7,3,1.48,2021-08-21
2022-08-28,Kards Open XIII,sgg:2409467,老虎不发猫,1645.7,63.3,39,28.15,2022-08-06
2022-08-28,Kards Open XIII,sgg:2410346,Kevin Wu,1494.9,119.4,5,2.47,2021-08-21
2022-08-28,Kards Open XIII,sgg:2410397,BurningLAN,1453.7,127.6,3,1.48,2021-08-21
2022-08-28,Kards Open XIII,sgg:2483760,钟离梓,1791.8,71.3,31,25.32,2022-08-06
2022-08-28,Kards Open XIII,sgg:2483766,black_nao,1472.1,98.6,11,6.82,2022-01-29
2022-08-28,Kards Open XIII,sgg:2485067,敦刻尔克没有白色,1511.6,126.5,3,1.71,2021-11-06
2022-08-28,Kards Open XIII,sgg:2489723,Gat0,1613.9,70.6,30,20.78,2022-06-25
2022-08-28,Kards Open XIII,sgg:2494716,gotoh,1451.5,108.7,8,4.65,2021-11-20
2022-08-28,Kards Open XIII,sgg:2495272,General Winter,1581.8,96.8,11,7.41,2022-02-05
2022-08-28,Kards Open XIII,sgg:2498198,Casti,1518.1,89.2,14,9.81,2022-04-09
2022-08-28,Kards Open XIII,sgg:2503368,Carolus_Rex,1529.1,114.6,6,3.43,2021-11-06
2022-08-28,Kards Open XIII,sgg:2504326,Caspian44,1471.7,105.9,9,5.2,2021-11-20
2022-08-28,Kards Open XIII,sgg:2504781,Xalulay Toddy,1409.6,121.3,4,2.28,2021-11-06
2022-08-28,Kards Open XIII,sgg:2505109,Wyatt Durp,1392.4,109.8,8,4.61,2021-11-20
2022-08-28,Kards Open XIII,sgg:2505286,HRG Surplus,1424.5,125.2,3,1.71,2021-11-06
2022-08-28,Kards Open XIII,sgg:2505316,link2sth,1495.7,104.4,6,5.36,2022-07-30
2022-08-28,Kards Open XIII,sgg:2505365,bruce,1441.1,128.4,2,1.14,2021-11-06
2022-08-28,Kards Open XIII,sgg:2506738,Pete2019,1445.0,99.0,11,6.74,2022-02-05
2022-08-28,Kards Open XIII,sgg:2509034,JHugs,1548.7,91.6,10,9.53,2022-08-06
2022-08-28,Kards Open XIII,sgg:2518580,TheBearJew212,1512.3,124.2,3,1.76,2021-11-20
2022-08-28,Kards Open XIII,sgg:2518593,dsada,1649.1,102.6,8,6.06,2022-04-30
2022-08-28,Kards Open XIII,sgg:2519625,Tibetan Sunshine,1487.3,120.1,4,2.28,2021-11-06
2022-08-28,Kards Open XIII,sgg:2520081,Wastecan,1447.4,92.2,15,9.24,2022-01-29
2022-08-28,Kards Open XIII,sgg:2616063,Baron Von Glower,1534.4,82.2,17,13.22,2022-07-30
2022-08-28,Kards Open XIII,sgg:2616143,Austerlitz,1483.5,121.9,3,2.04,2022-02-05
2022-08-28,Kards Open XIII,sgg:2619898,たかみや なほ,1555.2,117.6,4,2.68,2022-01-29
2022-08-28,Kards Open XIII,sgg:2620876,我是抖m,1488.5,103.9,8,5.41,2022-02-05
2022-08-28,Kards Open XIII,sgg:2620886,KARAKATITSA,1422.5,115.0,5,3.39,2022-02-05
2022-08-28,Kards Open XIII,sgg:2621073,dian,1670.1,64.3,34,27.47,2022-08-28
2022-08-28,Kards Open XIII,sgg:2621386,rodrigofeija,1396.5,108.8,7,4.73,2022-02-05
2022-08-28,Kards Open XIII,sgg:2621899,JLukeSkywalker,1409.8,120.3,4,2.68,2022-01-29
2022-08-28,Kards Open XIII,sgg:2621966,Vanguard,1561.2,110.0,6,4.07,2022-02-05
2022-08-28,Kards Open XIII,sgg:2621971,Seberty,1513.7,83.4,18,12.85,2022-04-09
2022-08-28,Kards Open XIII,sgg:2621982,norouisd,1632.9,88.0,14,10.74,2022-05-01
2022-08-28,Kards Open XIII,sgg:2622223,Robko,1482.2,82.0,17,13.7,2022-08-06
2022-08-28,Kards Open XIII,sgg:2623419,Gussev79,1320.1,106.2,7,6.68,2022-08-06
2022-08-28,Kards Open XIII,sgg:2623660,ShutzStaffel,1496.2,117.4,4,2.72,2022-02-05
2022-08-28,Kards Open XIII,sgg:2623677,Karra_Chr,1384.7,108.3,7,4.73,2022-02-05
2022-08-28,Kards Open XIII,sgg:2624037,Chavi,1496.3,117.5,4,2.72,2022-02-05
2022-08-28,Kards Open XIII,sgg:2624357,DanielD,1487.0,115.2,5,3.35,2022-01-29
2022-08-28,Kards Open XIII,sgg:2624368,Graptolith,1485.7,121.5,3,2.24,2022-03-26
2022-08-28,Kards Open XIII,sgg:2624640,maximuswdead,1374.4,84.7,17,12.98,2022-08-06
2022-08-28,Kards Open XIII,sgg:2624669,李秀佛,1531.3,121.9,3,2.04,2022-02-05
2022-08-28,Kards Open XIII,sgg:2624691,guorq123456,1468.6,105.7,7,5.85,2022-08-06
2022-08-28,Kards Open XIII,sgg:2624728,henry449856878,1488.2,101.2,9,6.08,2022-02-05
2022-08-28,Kards Open XIII,sgg:2624805,Dutang Clem,1484.9,114.9,5,3.39,2022-02-05
2022-08-28,Kards Open XIII,sgg:2625266,Waifu no Mikoto,1596.1,111.7,6,4.06,2022-02-26
2022-08-28,Kards Open XIII,sgg:2625715,Hell the Rubbish Server,1350.0,110.4,7,4.72,2022-02-05
2022-08-28,Kards Open XIII,sgg:2626492,Turkish_Panzer,1524.1,133.3,1,0.67,2022-01-29
2022-08-28,Kards Open XIII,sgg:2627089,Dragoncall,1517.1,102.4,9,6.07,2022-02-05
2022-08-28,Kards Open XIII,sgg:2627200,Mavzoley30,1395.6,118.8,4,2.68,2022-01-29
2022-08-28,Kards Open XIII,sgg:2627360,Head,1475.6,86.1,15,11.83,2022-07-30
2022-08-28,Kards Open XIII,sgg:2627977,Civsully1,1464.1,122.0,3,2.01,2022-01-29
2022-08-28,Kards Open XIII,sgg:2628408,Suicidal,1321.9,106.9,9,6.07,2022-02-05
2022-08-28,Kards Open XIII,sgg:2628603,Meteor,1471.8,111.8,6,4.07,2022-02-05
2022-08-28,Kards Open XIII,sgg:2628704,Dolohov Paulus,1508.3,122.8,3,2.01,2022-01-29
2022-08-28,Kards Open XIII,sgg:2628773,freddy-marty,1547.1,90.8,14,9.72,2022-03-26
2022-08-28,Kards Open XIII,sgg:2628897,Neal,1429.4,113.3,5,3.73,2022-03-26
2022-08-28,Kards Open XIII,sgg:2629235,Adrian,1403.2,119.5,4,2.68,2022-01-29
2022-08-28,Kards Open XIII,sgg:2629300,BogdanCojo,1407.1,122.4,3,2.01,2022-01-29
2022-08-28,Kards Open XIII,sgg:2629560,Nahot,1423.2,101.5,8,7.07,2022-08-06
2022-08-28,Kards Open XIII,sgg:2630336,Ghazus,1464.3,132.3,1,0.67,2022-01-29
2022-08-28,Kards Open XIII,sgg:2630473,MorS,1530.4,119.6,4,2.68,2022-01-29
2022-08-28,Kards Open XIII,sgg:2630669,True_North,1484.4,88.2,15,11.27,2022-06-04
2022-08-28,Kards Open XIII,sgg:2630763,Munson,1444.1,110.3,6,4.07,2022-02-05
2022-08-28,Kards Open XIII,sgg:2630828,Bad Wulf,1484.3,114.1,5,3.39,2022-02-05
2022-08-28,Kards Open XIII,sgg:2631910,WarHammer,1441.5,118.4,4,2.72,2022-02-05
2022-08-28,Kards Open XIII,sgg:2631948,Easy_101,1405.5,77.6,21,17.19,2022-08-06
2022-08-28,Kards Open XIII,sgg:2633715,JanlandMapper,1479.0,114.5,5,3.39,2022-02-05
2022-08-28,Kards Open XIII,sgg:2633871,Gaijin,1409.4,122.7,3,2.04,2022-02-05
2022-08-28,Kards Open XIII,sgg:2636686,Radziszcze,1423.8,74.4,23,18.56,2022-08-06
2022-08-28,Kards Open XIII,sgg:2640557,astrobooey,1539.8,113.4,5,3.39,2022-02-05
2022-08-28,Kards Open XIII,sgg:2695609,Canis1641,1448.2,117.3,4,2.98,2022-03-26
2022-08-28,Kards Open XIII,sgg:2695825,Renivius,1459.0,120.7,3,2.24,2022-03-26
2022-08-28,Kards Open XIII,sgg:2695829,ION,1460.6,120.9,3,2.24,2022-03-26
2022-08-28,Kards Open XIII,sgg:2696041,变成光守护阿梓公主,1650.9,85.3,14,12.14,2022-07-30
2022-08-28,Kards Open XIII,sgg:2696954,ROBERTKRYT,1388.1,117.5,4,2.98,2022-03-26
2022-08-28,Kards Open XIII,sgg:2697202,Theresomthinginthedoor,1530.5,121.7,3,2.24,2022-03-26
2022-08-28,Kards Open XIII,sgg:2699470,ccgacc75,1382.4,117.3,4,3.06,2022-04-09
2022-08-28,Kards Open XIII,sgg:2699767,星熊勇儀,1475.4,121.0,3,2.24,2022-03-26
2022-08-28,Kards Open XIII,sgg:2700939,Nguyenmi7,1504.1,108.4,6,4.47,2022-03-26
2022-08-28,Kards Open XIII,sgg:2701316,drs,1416.7,125.3,2,1.49,2022-03-26
2022-08-28,Kards Open XIII,sgg:2704861,Catosoup,1466.9,120.8,3,2.24,2022-03-26
2022-08-28,Kards Open XIII,sgg:2706665,Emil,1536.9,92.9,11,8.68,2022-06-04
2022-08-28,Kards Open XIII,sgg:2708527,JQueen7,1545.8,116.9,4,3.06,2022-04-09
2022-08-28,Kards Open XIII,sgg:2709342,MoERo,1563.3,107.8,6,4.59,2022-04-09
2022-08-28,Kards Open XIII,sgg:2712705,albertaenterprises,1485.7,122.6,3,2.3,2022-04-09
2022-08-28,Kards Open XIII,sgg:2718501,melog1,1425.4,125.5,2,1.53,2022-04-09
2022-08-28,Kards Open XIII,sgg:2793488,Raine,1488.2,109.6,5,4.26,2022-06-04
2022-08-28,Kards Open XIII,sgg:2800429,Air,1424.4,124.9,2,1.7,2022-06-04
2022-08-28,Kards Open XIII,sgg:2801104,Chistyi,1653.0,82.1,15,13.44,2022-08-06
2022-08-28,Kards Open XIII,sgg:2801113,Advance,1398.8,119.9,3,2.52,2022-05-28
2022-08-28,Kards Open XIII,sgg:2801120,Murzov/Twitch,1463.6,116.7,4,3.36,2022-05-28
2022-08-28,Kards Open XIII,sgg:2802408,Deacon Zarathos,1317.0,106.0,7,6.39,2022-08-06
2022-08-28,Kards Open XIII,sgg:2803048,老毛eee,1457.2,115.1,4,3.4,2022-06-04
2022-08-28,Kards Open XIII,sgg:2803366,Foreign Ginger,1402.2,120.2,3,2.52,2022-05-28
2022-08-28,Kards Open XIII,sgg:2803542,Kumashin76,1564.7,92.8,10,8.55,2022-06-25
2022-08-28,Kards Open XIII,sgg:2805583,Probe,1476.9,104.2,6,5.74,2022-08-27
2022-08-28,Kards Open XIII,sgg:2805740,Silvio,1457.1,110.4,5,4.26,2022-06-04
2022-08-28,Kards Open XIII,sgg:2805881,SaitovRus,1515.5,114.3,4,3.36,2022-05-28
2022-08-28,Kards Open XIII,sgg:2917562,General Ganja,1528.3,112.8,4,3.84,2022-08-27
2022-08-28,Kards Open XIII,sgg:2917634,Mina OvO,1562.6,112.3,4,3.79,2022-07-30
2022-08-28,Kards Open XIII,sgg:2917660,themaruthnuts,1483.0,112.7,4,3.79,2022-07-30
2022-08-28,Kards Open XIII,sgg:2922940,#3346???,1422.2,123.9,2,1.89,2022-07-30
2022-08-28,Kards Open XIII,sgg:2924951,AndYetItMoves,1589.9,93.6,9,8.67,2022-08-27
2022-08-28,Kards Open XIII,sgg:2926197,patmyhead,1466.0,94.0,9,8.57,2022-08-06
2022-08-28,Kards Open XIII,sgg:2931690,CHNCWY,1578.1,104.4,6,5.73,2022-08-27
2022-08-28,Kards Open XIII,sgg:2936085,gutar1st,1368.9,114.6,4,3.79,2022-07-30
2022-08-28,Kards Open XIII,sgg:2937394,Miltiades,1367.9,114.0,4,3.79,2022-07-30
2022-08-28,Kards Open XIII,sgg:2938143,狐总命令往下传,1547.2,102.4,6,5.73,2022-08-27
2022-08-28,Kards Open XIII,sgg:2938393,cococino,1562.6,117.5,3,2.88,2022-08-06
2022-08-28,Kards Open XIII,sgg:2942421,PrairiePirates#1825dicrd,1425.2,112.9,4,3.84,2022-08-06
2022-08-28,Kards Open XIII,sgg:375061,Thanatron,1565.3,69.3,30,21.51,2022-08-27
2022-11-27,Kards Open XIV,bf:55a9e6f380ec56430032820c,swigmonkey,1475.4,128.3,4,1.14,2021-02-06
2022-11-27,Kards Open XIV,bf:564e7b5b80b8db4a00c4ff9c,Jking7,1713.7,52.0,113,47.98,2022-08-28
2022-11-27,Kards Open XIV,bf:57101bc80b3b0f8312f27ec5,Socialist,1519.8,102.9,16,5.67,2021-11-06
2022-11-27,Kards Open XIV,bf:5784f8bcf26da72d0cd20f65,LuckyLuke,1480.4,111.3,17,3.69,2020-11-28
2022-11-27,Kards Open XIV,bf:57a1697c8c3386280ca04b34,batis,1520.5,105.3,21,4.92,2021-04-04
2022-11-27,Kards Open XIV,bf:57b5a7ffabd8181c0cfdf304,CaptainA,1662.6,78.0,29,15.74,2022-10-23
2022-11-27,Kards Open XIV,bf:5a4d98c332953903641106de,Freddie,1516.9,92.9,22,8.51,2022-10-23
2022-11-27,Kards Open XIV,bf:5a58cabb82c7de043a3c289b,[TNT] marvin_the_imp,1500.1,133.4,2,0.57,2021-02-06
2022-11-27,Kards Open XIV,bf:5a8879b76c3ac00358830d7c,Benji,1513.5,108.8,16,4.26,2021-02-07
2022-11-27,Kards Open XIV,bf:5b38c676cbd82c03a4f28e8f,doge34,1584.0,85.2,35,11.32,2022-06-25
2022-11-27,Kards Open XIV,bf:5b499abbdbda4803ac64b712,SdCorpse,1513.3,131.6,3,0.75,2020-11-28
2022-11-27,Kards Open XIV,bf:5bef1fd422a55803cb340a40,OHxCORNGUY,1634.2,74.2,34,17.8,2022-08-27
2022-11-27,Kards Open XIV,bf:5c3b6b20304450039e51c054,Yorrit,1431.3,97.0,17,7.51,2022-04-09
2022-11-27,Kards Open XIV,bf:5c4d3b7150078403fe2d5308,龍槍雷斯林(raslin2006),1519.3,110.3,11,3.97,2021-06-26
2022-11-27,Kards Open XIV,bf:5c4dca4fa9f6820352797666,VildeScarz,1601.2,100.5,16,6.26,2022-02-26
2022-11-27,Kards Open XIV,bf:5c7e66cd2dd6e4033a9d5fd1,Elikur,1500.9,110.0,12,4.03,2021-08-07
2022-11-27,Kards Open XIV,bf:5d26bcf5c9bf6055b457dfb5,UkrainianKing,1552.1,101.8,21,5.71,2021-05-30
2022-11-27,Kards Open XIV,bf:5d47ab5c0451666910e5c0af,Joshua12450,1485.3,130.8,3,0.86,2021-02-06
2022-11-27,Kards Open XIV,bf:5d4eae596c2b2139a67ce680,Punpun,1487.3,123.4,5,1.77,2021-05-29
2022-11-27,Kards Open XIV,bf:5d6bf8a0238bc73c869e6430,Niemand,1476.7,134.1,2,0.5,2020-11-28
2022-11-27,Kards Open XIV,bf:5dadf6683f9f8d27e2e9cc0b,GKZhukov,1575.6,105.0,17,4.96,2021-02-27
2022-11-27,Kards Open XIV,bf:5e47e9a0f854af105e7ca35f,tominkorea,1469.7,120.8,6,2.12,2021-05-29
2022-11-27,Kards Open XIV,bf:5e6a39a3f1f90c345a8e7fcd,Yakin,1526.6,121.6,7,2.06,2021-02-27
2022-11-27,Kards Open XIV,bf:5e7e00974f03651058bba114,Camm,1505.0,122.2,6,1.91,2021-04-04
2022-11-27,Kards Open XIV,bf:5e7fb8e3d7ce547b37484302,jaja,1502.4,133.9,2,0.5,2020-11-28
2022-11-27,Kards Open XIV,bf:5e889af67a9c4c10932a6ca9,usp45master,1520.4,100.1,19,6.22,2021-06-26
2022-11-27,Kards Open XIV,bf:5e9cf8ff72e2961f747c7978,DARKCA5TLE,1558.5,114.5,11,3.16,2021-04-10
2022-11-27,Kards Open XIV,bf:5eb572f0a795290866140381,rdbigdog,1551.5,124.8,7,1.59,2020-11-28
2022-11-27,Kards Open XIV,bf:5eb598330abb797ad38acaee,NonGMOSalt,1529.6,91.5,23,8.98,2022-08-06
2022-11-27,Kards Open XIV,bf:5eb62f23aefaaf170fa23f33,Blue_Blast,1485.9,125.6,3,1.48,2021-11-20
2022-11-27,Kards Open XIV,bf:5eb6495f5d6f1b5d1c5d7d95,kenny,1496.3,115.8,11,3.0,2021-05-29
2022-11-27,Kards Open XIV,bf:5eb65df574f31a11dd226b38,Darkness,1793.5,65.6,84,32.02,2022-10-23
2022-11-27,Kards Open XIV,bf:5eb7670e5e789b4b50a06de2,WHEEL3R,1547.4,94.1,34,8.0,2021-02-27
2022-11-27,Kards Open XIV,bf:5ebd8cafb3bec004beff6eff,[AAA] Caps04,1538.2,114.7,13,3.1,2021-02-07
2022-11-27,Kards Open XIV,bf:5ebd9402b92b28521a098ec8,Bubbles,1618.4,84.9,38,11.73,2021-11-06
2022-11-27,Kards Open XIV,bf:5ebea8a9bfed616b75962b6a,Forgestryker,1533.6,118.4,12,2.57,2020-11-28
2022-11-27,Kards Open XIV,bf:5ec038e2256baa1d38011a05,Vinny,1669.2,55.0,79,39.83,2022-11-26
2022-11-27,Kards Open XIV,bf:5ec14e2baf9b8d5641b7a639,handor95,1418.1,113.7,12,3.57,2022-01-29
2022-11-27,Kards Open XIV,bf:5ec2a6dafd8a561535cde2a5,V0R0N92,1529.4,78.1,42,14.76,2022-02-05
2022-11-27,Kards Open XIV,bf:5ec2acf9a7330d091e79291a,lucencan,1488.4,120.9,10,2.13,2020-11-28
2022-11-27,Kards Open XIV,bf:5ec2c1da0a4e405c2332e640,Chip-Filled Adam,1538.0,115.5,13,2.96,2020-11-29
2022-11-27,Kards Open XIV,bf:5ec2f8632e7fb7357e7c8077,SCARED MOKEY,1504.2,121.3,10,2.08,2020-11-28
2022-11-27,Kards Open XIV,bf:5ec57fff74214e1748e43f56,dasolli,1489.7,123.5,7,1.76,2020-11-29
2022-11-27,Kards Open XIV,bf:5ec5e7746951c62d86f53235,FL1ppY | エワウト,1540.2,119.8,8,2.29,2021-02-13
2022-11-27,Kards Open XIV,bf:5ec99a6d5cb5d5345c7fdf7c,AriBigBehn,1640.1,53.8,91,41.07,2022-11-13
2022-11-27,Kards Open XIV,bf:5ee6022292efc00faf652a7e,Esthete,1487.0,121.5,7,2.0,2021-02-07
2022-11-27,Kards Open XIV,bf:5ee6c5f92764fc7a784c6f9e,BirdLaw,1459.6,108.0,19,4.38,2021-02-07
2022-11-27,Kards Open XIV,bf:5eeb9c3d19b81239da9496cb,Kosaroli,1536.8,78.8,35,14.55,2022-10-23
2022-11-27,Kards Open XIV,bf:5f0cd40c3087a65e039603f4,wild_eyes,1559.5,60.2,78,30.3,2022-10-23
2022-11-27,Kards Open XIV,bf:5f0dad9ac47339351f7f742f,RipperJim,1487.0,131.6,3,0.75,2020-11-28
2022-11-27,Kards Open XIV,bf:5f0dde2dc47339351f7f7715,Dubba Roll,1471.2,119.5,3,2.81,2022-10-23
2022-11-27,Kards Open XIV,bf:5f0df6196f4cd13933257c2a,COOLJ007,1521.0,122.5,7,2.0,2021-02-07
2022-11-27,Kards Open XIV,bf:5f0df84e824086475be264b7,Terror_de,1565.3,83.5,44,12.01,2021-06-27
2022-11-27,Kards Open XIV,bf:5f0e248def3ab65b96796c3f,frenchcook,1598.8,91.8,30,8.8,2021-06-27
2022-11-27,Kards Open XIV,bf:5f0e37b37c5e104738aebbe3,toDIEisGAIN,1633.8,73.8,59,17.68,2021-11-20
2022-11-27,Kards Open XIV,bf:5f0e67fdf26046593189c71c,B_O_R_U_T_O_1,1503.3,108.5,13,4.32,2021-06-26
2022-11-27,Kards Open XIV,bf:5f0e76497c4df3491abfd06c,rocksopimppo,1484.1,117.9,11,2.53,2021-02-06
2022-11-27,Kards Open XIV,bf:5f0eab817c4df3491abfd2e6,hilmank,1476.3,123.1,8,1.76,2021-02-06
2022-11-27,Kards Open XIV,bf:5f0f2f19ef3ab65b96797ada,kramedogg,1472.0,113.9,15,3.22,2021-02-20
2022-11-27,Kards Open XIV,bf:5f0f3d9e7c4df3491abfe047,Snooginz,1516.6,87.0,35,10.27,2021-11-20
2022-11-27,Kards Open XIV,bf:5f101bc2eea71b24bc30c50e,Hubblebub,1478.9,106.5,9,4.84,2022-04-09
2022-11-27,Kards Open XIV,bf:5f105658eac9482569fb2be4,张大彪,1540.7,120.1,10,2.19,2020-11-28
2022-11-27,Kards Open XIV,bf:5f10825feac9482569fb2e81,SquareGrouper,1431.6,115.6,13,2.94,2020-11-29
2022-11-27,Kards Open XIV,bf:5f1086f1160c3f2239e9225b,lt.blueberry,1399.2,111.3,17,3.79,2021-02-07
2022-11-27,Kards Open XIV,bf:5f109d917a5f692572240090,John_Px,1699.6,52.6,97,45.44,2022-11-26
2022-11-27,Kards Open XIV,bf:5f10c966160c3f2239e92921,ColdCarl,1540.9,81.7,37,12.7,2021-11-20
2022-11-27,Kards Open XIV,bf:5f112ee3eac9482569fb3ee6,Pert,1464.7,117.5,10,2.87,2022-04-09
2022-11-27,Kards Open XIV,bf:5f113e2cd04bae257fc195f6,RafcKen7,1590.4,103.7,15,5.35,2021-09-04
2022-11-27,Kards Open XIV,bf:5f11d03df7c29f223fd624f2,Groddur,1486.3,131.5,3,0.75,2020-11-28
2022-11-27,Kards Open XIV,bf:5f11d0b0eea71b24bc30e84a,BUCKY,1511.3,78.2,36,14.78,2022-02-05
2022-11-27,Kards Open XIV,bf:5f11d247160c3f2239e940a4,LuckySpike,1584.8,81.1,45,13.4,2022-01-29
2022-11-27,Kards Open XIV,bf:5f11e67d85fecb25631448a0,yufzsy,1602.4,109.0,20,4.27,2020-11-28
2022-11-27,Kards Open XIV,bf:5f11ff59eea71b24bc30ee0c,Hyo,1460.2,108.4,20,4.27,2020-11-28
2022-11-27,Kards Open XIV,bf:5f11ffc4eac9482569fb4f49,MrNejcKing,1449.4,128.9,5,1.08,2021-02-06
2022-11-27,Kards Open XIV,bf:5f122bf8b4738624c4273b13,VLTØR,1473.0,133.9,2,0.5,2020-11-28
2022-11-27,Kards Open XIV,bf:5f12bb564a28711494f1bd8d,NeriUwU,1409.3,111.5,17,3.87,2021-02-07
2022-11-27,Kards Open XIV,bf:5f12bb99cf45491743370da4,Headcrasher,1494.6,137.2,1,0.32,2021-04-03
2022-11-27,Kards Open XIV,bf:5f130139f7c29f223fd64290,fenrir,1509.8,121.3,10,2.08,2020-11-28
2022-11-27,Kards Open XIV,bf:5f140d9bbcbe32117ff6b7e7,Snakii0,1409.2,118.1,10,2.62,2021-04-04
2022-11-27,Kards Open XIV,bf:5f145fa11c8cdf16056f8757,Kerwer,1485.7,135.8,1,0.32,2021-04-03
2022-11-27,Kards Open XIV,bf:5f1493df1c8cdf16056f8bc9,CheL_oFF,1508.6,121.6,7,2.0,2021-02-07
2022-11-27,Kards Open XIV,bf:5f1520542cba8f11c2a44c16,DarkMist,1416.9,103.9,20,5.73,2021-08-21
2022-11-27,Kards Open XIV,bf:5f159e62ea159211b4c9a50e,scorp1one,1482.4,129.0,4,1.18,2021-04-03
2022-11-27,Kards Open XIV,bf:5f1660782cba8f11c2a45e9c,Lolofy44,1504.8,110.9,17,3.77,2020-11-29
2022-11-27,Kards Open XIV,bf:5f191b72abfcb016362b6974,Suchy,1501.7,122.2,6,1.91,2021-04-04
2022-11-27,Kards Open XIV,bf:5f1b48d1abfcb016362ba48e,Berni de Balle,1503.1,72.9,53,18.16,2022-04-09
2022-11-27,Kards Open XIV,bf:5f31dbda9ab87f2e0c19cd0c,RNGek,1535.9,111.5,16,3.69,2020-11-29
2022-11-27,Kards Open XIV,bf:5f32224b74a4bd1196ff8e97,yourBRO,1470.8,124.0,7,1.67,2020-11-28
2022-11-27,Kards Open XIV,bf:5f323b2daf063111a36cffab,chmy426,1528.1,129.3,4,1.0,2020-11-28
2022-11-27,Kards Open XIV,bf:5f32919a74a4bd1196ff9509,wydsxl,1575.1,108.1,15,4.35,2021-09-04
2022-11-27,Kards Open XIV,bf:5f32abe69ab87f2e0c19e0b7,"Oh, Pretty Woman",1386.2,117.4,8,2.99,2022-04-09
2022-11-27,Kards Open XIV,bf:5f32b5a5af063111a36d039f,Spartan,1492.9,131.2,3,0.8,2021-02-20
2022-11-27,Kards Open XIV,bf:5f32c6147bd80311ab78193f,petriachor,1588.5,74.3,45,17.31,2022-11-13
2022-11-27,Kards Open XIV,bf:5f32f48419fcf2666b2abff1,kowalski,1618.4,73.9,46,17.81,2022-05-28
2022-11-27,Kards Open XIV,bf:5f335b3e30b92e118dbc579e,WorldWarWhale,1482.2,128.9,3,1.06,2021-05-29
2022-11-27,Kards Open XIV,bf:5f34d3bdacefe6118a5de444,Ottotheblue,1487.0,109.7,17,3.94,2020-11-29
2022-11-27,Kards Open XIV,bf:5f354d22e4876e1184288d58,Ripoff,1516.3,117.7,11,2.56,2020-11-29
2022-11-27,Kards Open XIV,bf:5f362c8703dbcc11d58d78e3,Kolbasnik,1624.7,45.5,125,61.36,2022-11-27
2022-11-27,Kards Open XIV,bf:5f36dc4b98f0a311ad32446c,Zig_Zag,1519.5,119.8,10,2.26,2021-02-06
2022-11-27,Kards Open XIV,bf:5f3aef3e6ce6de28d63e3425,Alexandre,1457.0,130.1,3,0.95,2021-04-03
2022-11-27,Kards Open XIV,bf:5f3bcb62c190e3296d7a2cd2,abandon,1500.4,133.9,2,0.5,2020-11-28
2022-11-27,Kards Open XIV,bf:5f3fc42472caf64e0f2b589c,Shiva's,1570.2,104.7,18,5.19,2021-09-04
2022-11-27,Kards Open XIV,bf:5f404839cabbdc4a26620899,sNapple,1463.2,131.6,3,0.75,2020-11-28
2022-11-27,Kards Open XIV,bf:5f4318d1681ff84ab5ec92f9,Sidecrawler,1511.4,60.3,64,30.5,2022-11-13
2022-11-27,Kards Open XIV,bf:5f4617f7cff9bb4e25c81a49,Daccro,1474.2,129.4,4,1.01,2021-06-26
2022-11-27,Kards Open XIV,bf:5f46ff72cff9bb4e25c82ac7,hartmanator1,1507.4,113.1,14,3.31,2020-11-29
2022-11-27,Kards Open XIV,bf:5f47aca042aba63789789166,UBCers,1523.6,111.7,7,3.64,2022-04-09
2022-11-27,Kards Open XIV,bf:5f4965bb76b8305ffaa36866,Ernst1871,1496.9,117.1,11,2.68,2020-11-29
2022-11-27,Kards Open XIV,bf:5f908c01a261b945b6c471e8,OliRoB,1421.4,124.0,6,1.72,2021-02-07
2022-11-27,Kards Open XIV,bf:5fa1ee84f8fc171ea9f66554,El Chickenrice,1554.3,121.5,8,2.01,2020-11-29
2022-11-27,Kards Open XIV,bf:5fa2011d11743771ade90dee,testo,1610.7,95.5,26,7.61,2021-05-30
2022-11-27,Kards Open XIV,bf:5fa27bfdf8fc171ea9f66924,CalinBZ,1601.9,87.5,25,10.49,2022-02-26
2022-11-27,Kards Open XIV,bf:5fa27e32f8fc171ea9f66940,vegetable,1542.3,122.3,7,2.0,2021-02-07
2022-11-27,Kards Open XIV,bf:5fa2928f11743771ade9128e,Ax,1503.1,133.9,2,0.5,2020-11-28
2022-11-27,Kards Open XIV,bf:5fa2992ef8fc171ea9f66a3e,犹似深闺梦中人,1515.3,127.2,5,1.25,2020-11-28
2022-11-27,Kards Open XIV,bf:5fa2d1356b9c704abc3f86e4,MoncherFrag,1491.3,127.5,5,1.25,2020-11-28
2022-11-27,Kards Open XIV,bf:5fa3973bf8fc171ea9f68255,辉辉呀,1464.4,126.8,5,1.32,2021-02-06
2022-11-27,Kards Open XIV,bf:5fa3da8e11743771ade92018,Spooz,1621.2,82.8,38,12.47,2021-11-06
2022-11-27,Kards Open XIV,bf:5fa3e36b6b9c704abc3f92a0,bruki,1500.9,133.9,2,0.5,2020-11-28
2022-11-27,Kards Open XIV,bf:5fa4097911743771ade92145,David Lynch,1488.2,136.4,1,0.25,2020-11-28
2022-11-27,Kards Open XIV,bf:5fa467df4eb3c2458669c29a,Berto Burrito,1581.0,64.1,49,26.05,2022-08-27
2022-11-27,Kards Open XIV,bf:5fa530563f52763256b7593d,Civlj,1501.6,133.9,2,0.5,2020-11-28
2022-11-27,Kards Open XIV,bf:5fa5397c241d875936d2c2f2,Vadim,1544.2,69.7,53,20.3,2022-05-28
2022-11-27,Kards Open XIV,bf:5fa57306cc28b3594394b946,Liszt,1613.8,86.6,19,11.28,2022-11-26
2022-11-27,Kards Open XIV,bf:5fa5ede611743771ade94108,comtruise,1671.8,89.4,32,10.04,2021-05-30
2022-11-27,Kards Open XIV,bf:5fa62937c3c163598ec80783,CCMS-031,1530.2,123.9,6,1.72,2021-02-07
2022-11-27,Kards Open XIV,bf:5fafaf199a9e750ea663a8e3,发牌员没马,1501.5,134.0,2,0.5,2020-11-28
2022-11-27,Kards Open XIV,bf:5fafe4c9eb92fe0475436826,TheMiltonBradley,1512.8,119.6,9,2.26,2020-11-29
2022-11-27,Kards Open XIV,bf:5fafe7dfe7d89a60d43336cc,Primal,1474.8,133.9,2,0.5,2020-11-28
2022-11-27,Kards Open XIV,bf:5fafeec6e7d89a60d4333722,wodandos,1485.6,131.6,3,0.75,2020-11-28
2022-11-27,Kards Open XIV,bf:5faff24f698db1048d26b032,Stenli72,1488.7,123.3,7,1.76,2020-11-29
2022-11-27,Kards Open XIV,bf:5faffa8a502b9e587d1b7c3e,"Alexandre ""Mainovski"" Mainaud",1449.5,114.9,10,3.13,2021-05-29
2022-11-27,Kards Open XIV,bf:5faffbe71632970e916b602a,xceroks,1484.0,136.4,1,0.25,2020-11-28
2022-11-27,Kards Open XIV,bf:5fb026c1502b9e587d1b838d,Anklestina,1499.3,129.3,4,1.0,2020-11-28
2022-11-27,Kards Open XIV,bf:5fb02943698db1048d26b9cd,Bison,1501.6,117.2,10,2.64,2021-04-03
2022-11-27,Kards Open XIV,bf:5fb02c08698db1048d26ba0d,VReznov2137,1487.4,136.3,1,0.25,2020-11-28
2022-11-27,Kards Open XIV,bf:5fb032ea502b9e587d1b85eb,Secret Deadbeat,1537.0,131.7,3,0.75,2020-11-28
2022-11-27,Kards Open XIV,bf:5fb035bf502b9e587d1b8643,Annki,1470.5,127.1,5,1.32,2021-02-06
2022-11-27,Kards Open XIV,bf:5fb038eb1632970e916b6f46,DerNem,1554.9,78.6,30,14.74,2022-04-09
2022-11-27,Kards Open XIV,bf:5fb051789a9e750ea663bb88,Khal Drogo,1490.9,131.6,3,0.75,2020-11-28
2022-11-27,Kards Open XIV,bf:5fb0acb4eb92fe047543807d,MagiC,1501.1,128.2,4,1.14,2021-02-06
2022-11-27,Kards Open XIV,bf:5fb0b189f07fad440734d338,IWS2000,1452.8,110.1,12,3.97,2022-02-05
2022-11-27,Kards Open XIV,bf:5fb0d42e9a9e750ea663c3fc,[V_M]_MorS_{B},1547.0,121.8,8,2.01,2020-11-29
2022-11-27,Kards Open XIV,bf:5fb0e0020c8f110e8a8bf3f2,Krieger,1486.2,136.4,1,0.25,2020-11-28
2022-11-27,Kards Open XIV,bf:5fb0ee1e698db1048d26c5af,Eirik II,1455.2,121.5,8,2.01,2020-11-29
2022-11-27,Kards Open XIV,bf:5fb0eee19a9e750ea663c435,player1,1502.4,121.5,8,2.01,2020-11-29
2022-11-27,Kards Open XIV,bf:5fb0f0121632970e916b7856,panzer_398,1461.0,127.2,5,1.25,2020-11-29
2022-11-27,Kards Open XIV,bf:5fb110bd698db1048d26c5f6,Aksara,1520.6,125.3,6,1.5,2020-11-29
2022-11-27,Kards Open XIV,bf:5fb1143e502b9e587d1b94dc,KillerQueenS,1475.7,134.0,2,0.5,2020-11-28
2022-11-27,Kards Open XIV,bf:5fb1184c0c8f110e8a8bf660,only_,1507.8,129.7,4,1.0,2020-11-28
2022-11-27,Kards Open XIV,bf:5fb1316c502b9e587d1b95e6,Bartkopolus123,1485.2,136.4,1,0.25,2020-11-28
2022-11-27,Kards Open XIV,bf:5fb18ed99a9e750ea663cd33,Vitzekk,1517.4,127.3,5,1.25,2020-11-29
2022-11-27,Kards Open XIV,bf:5fb1a2cb5caa4f5e4bc80d56,SpaceCowboy,1478.9,134.2,2,0.5,2020-11-28
2022-11-27,Kards Open XIV,bf:5fb1bf581632970e916b85be,nolans34,1506.5,101.5,14,6.24,2022-07-30
2022-11-27,Kards Open XIV,bf:5fb1cbe45caa4f5e4bc81377,Beefy 109,1523.0,134.0,2,0.5,2020-11-28
2022-11-27,Kards Open XIV,bf:5fb1cc6ee0bfea60c76a1385,Tenstrovski,1502.4,125.2,6,1.5,2020-11-29
2022-11-27,Kards Open XIV,bf:5fb1db8c5caa4f5e4bc8168d,Poochies,1501.4,129.3,4,1.0,2020-11-28
2022-11-27,Kards Open XIV,bf:5fb1e014eb92fe0475439152,TB273,1624.9,83.9,16,12.53,2022-08-28
2022-11-27,Kards Open XIV,bf:5fb1f464698db1048d26d582,Morsimos,1547.2,121.6,8,2.01,2020-11-29
2022-11-27,Kards Open XIV,bf:5fb249e5f07fad440734e5ea,SirFragir,1494.4,121.6,8,2.01,2020-11-29
2022-11-27,Kards Open XIV,bf:5fb27723698db1048d26d94d,StabKingPro,1540.5,120.4,9,2.26,2020-11-29
2022-11-27,Kards Open XIV,bf:5fb2c8f11632970e916b926c,Drake/Fabi,1499.3,123.6,7,1.76,2020-11-29
2022-11-27,Kards Open XIV,bf:5fb3184d9a9e750ea663e423,killswitch,1571.9,58.7,55,32.83,2022-11-13
2022-11-27,Kards Open XIV,bf:5fb3203b1632970e916b97b7,chr1st0ph3r,1488.7,131.5,3,0.75,2020-11-28
2022-11-27,Kards Open XIV,bf:5fb3df78f07fad440734f6f7,slameo,1463.4,123.3,7,1.75,2020-11-29
2022-11-27,Kards Open XIV,bf:5fb3e6ddf07fad440734f71f,tr4cker,1475.7,134.0,2,0.5,2020-11-28
2022-11-27,Kards Open XIV,bf:5fb3f43ee0bfea60c76a2a56,General E. Drunk,1555.9,122.1,8,2.01,2020-11-29
2022-11-27,Kards Open XIV,bf:5fb3f8b3e7d89a60d4337959,Kn1ghT,1485.2,131.6,3,0.75,2020-11-28
2022-11-27,Kards Open XIV,bf:5fb42443a2fd346547530b2e,RED SUN,1516.4,132.0,3,0.75,2020-11-28
2022-11-27,Kards Open XIV,bf:5fb43070a2fd346547530c21,[14e]tuveuxdugateaux,1489.7,119.7,9,2.26,2020-11-29
2022-11-27,Kards Open XIV,bf:5fb4442a9a9e750ea663ee54,Scythe,1487.4,127.3,5,1.25,2020-11-28
2022-11-27,Kards Open XIV,bf:5fb4d729f07fad44073509e4,Victrix,1488.1,130.2,4,1.0,2020-11-28
2022-11-27,Kards Open XIV,bf:5fb666119a9e750ea664030b,Setteduetto,1520.1,121.5,8,2.01,2020-11-29
2022-11-27,Kards Open XIV,bf:5fb6a5d3e7d89a60d4339244,kingsharaman,1490.8,136.6,1,0.25,2020-11-28
2022-11-27,Kards Open XIV,bf:5fb6da26eb92fe047543c823,rostigerloeffel,1537.4,108.9,15,4.17,2021-04-04
2022-11-27,Kards Open XIV,bf:5fb719fde0bfea60c76a4f50,rayko,1431.1,121.7,8,2.01,2020-11-29
2022-11-27,Kards Open XIV,bf:5fb73781698db1048d271114,Lazer Wolf,1460.7,131.6,3,0.75,2020-11-28
2022-11-27,Kards Open XIV,bf:5fb7473c502b9e587d1becbe,ILoveMooncake,1600.1,106.6,14,4.65,2021-09-04
2022-11-27,Kards Open XIV,bf:5fb8387c1faa4843f941ba10,Álmos,1515.2,131.7,3,0.75,2020-11-28
2022-11-27,Kards Open XIV,bf:5fb97cee0c24381d904b5447,bengui,1512.5,131.6,3,0.75,2020-11-28
2022-11-27,Kards Open XIV,bf:5fb98c8e19c8f219d78717ac,DrQuencher,1473.9,133.9,2,0.5,2020-11-28
2022-11-27,Kards Open XIV,bf:5fba777719c8f219d787247b,roberto7208,1485.7,119.8,9,2.26,2020-11-29
2022-11-27,Kards Open XIV,bf:5fbb03850f21e57963850470,Pie4155,1464.8,123.4,7,1.75,2020-11-29
2022-11-27,Kards Open XIV,bf:5fbc0c3e2dc8793ada84fdb3,Mark2020,1469.2,123.6,7,1.75,2020-11-29
2022-11-27,Kards Open XIV,bf:5fbc3b8e0f21e5796385112f,spambox9,1497.3,123.7,7,1.76,2020-11-29
2022-11-27,Kards Open XIV,bf:5fbc4040adfefd64e8c8fd73,Diogenesis,1560.6,102.2,18,5.69,2021-08-21
2022-11-27,Kards Open XIV,bf:5fbc5711a2fd34654753a8c0,Magister Erik,1546.2,121.5,8,2.01,2020-11-29
2022-11-27,Kards Open XIV,bf:5fbc79591632970e916c3fe5,Breich,1487.8,127.2,5,1.25,2020-11-28
2022-11-27,Kards Open XIV,bf:5fbd548d698db1048d27a866,Citrons,1520.3,121.5,8,2.01,2020-11-29
2022-11-27,Kards Open XIV,bf:5fbd71c2e7d89a60d43410ca,lean87ki,1519.8,108.1,16,4.26,2021-02-07
2022-11-27,Kards Open XIV,bf:5fbdb89d26ea883a51583400,Kongo,1518.4,127.3,5,1.25,2020-11-28
2022-11-27,Kards Open XIV,bf:5fbe830b26ea883a515839f5,炮灰no1,1476.4,129.4,4,1.0,2020-11-28
2022-11-27,Kards Open XIV,bf:5fbe834ea2fd34654753c095,Hans Friderich R,1499.9,133.9,2,0.5,2020-11-28
2022-11-27,Kards Open XIV,bf:5fbe83792dc8793ada85198d,pilotttt(Илья),1473.1,133.9,2,0.5,2020-11-28
2022-11-27,Kards Open XIV,bf:5fbe84641632970e916c5996,unclefox,1564.0,120.1,9,2.26,2020-11-29
2022-11-27,Kards Open XIV,bf:5fbe848ca2fd34654753c09a,Future,1487.4,131.6,3,0.75,2020-11-28
2022-11-27,Kards Open XIV,bf:5fbe860ca2fd34654753c09d,正宗重庆老友粉,1475.5,133.9,2,0.5,2020-11-28
2022-11-27,Kards Open XIV,bf:5fbe862ca447ab4bb37e0f77,meistermiagi,1473.8,133.9,2,0.5,2020-11-28
2022-11-27,Kards Open XIV,bf:5fbe86401632970e916c599c,JamesBoned,1514.4,127.4,5,1.25,2020-11-28
2022-11-27,Kards Open XIV,bf:5fbe873b4d01f9313d135045,KrisKrinkel,1476.7,134.0,2,0.5,2020-11-28
2022-11-27,Kards Open XIV,bf:5fbe87ea5d320863b86f031b,Hydrogen,1520.1,121.6,8,2.01,2020-11-29
2022-11-27,Kards Open XIV,bf:5fbe89294d01f9313d135068,MrMolotoff,1499.6,121.5,8,2.01,2020-11-29
2022-11-27,Kards Open XIV,bf:5fbe89b5043fd20cdf90cccf,tonywan,1448.9,129.4,4,1.0,2020-11-28
2022-11-27,Kards Open XIV,bf:5fbe8ae05d320863b86f032c,Anto,1477.3,129.4,4,1.0,2020-11-28
2022-11-27,Kards Open XIV,bf:5fbe8afb698db1048d27b396,SkittleSabot,1512.4,136.4,1,0.25,2020-11-28
2022-11-27,Kards Open XIV,bf:5fbe8b8ea447ab4bb37e0fc8,päpä,1471.1,119.9,9,2.26,2020-11-29
2022-11-27,Kards Open XIV,bf:5fbe8c402dc8793ada8519d5,Der_Admiral,1513.4,127.2,5,1.25,2020-11-28
2022-11-27,Kards Open XIV,bf:5fbe906ba2fd34654753c0fc,captain.pothead,1490.1,131.6,3,0.75,2020-11-28
2022-11-27,Kards Open XIV,bf:5fbe91ca26ea883a51583aa4,yra111,1489.8,131.8,3,0.75,2020-11-28
2022-11-27,Kards Open XIV,bf:5fbe9602698db1048d27b3e0,Rumfart,1476.0,133.9,2,0.5,2020-11-28
2022-11-27,Kards Open XIV,bf:5fbe96be698db1048d27b3e4,Youmu_chan,1491.1,127.3,5,1.25,2020-11-28
2022-11-27,Kards Open XIV,bf:5fbe970e26ea883a51583ac1,UnbearableMe,1489.3,136.4,1,0.25,2020-11-28
2022-11-27,Kards Open XIV,bf:5fbe971d0f21e57963852d08,牛头人杀手,1500.5,133.9,2,0.5,2020-11-28
2022-11-27,Kards Open XIV,bf:5fbe9b450f21e57963852d1e,garygo,1504.7,121.5,8,2.01,2020-11-29
2022-11-27,Kards Open XIV,bf:5fbeac15a447ab4bb37e116f,ThuggerJuice,1513.0,119.6,9,2.26,2020-11-29
2022-11-27,Kards Open XIV,bf:5fbeb056698db1048d27b5bd,Stuie,1486.4,109.2,14,4.09,2021-05-29
2022-11-27,Kards Open XIV,bf:5fbeb20eb0ef7749130e452c,Dawn,1519.9,121.5,8,2.01,2020-11-29
2022-11-27,Kards Open XIV,bf:5fbeb7541632970e916c5c93,finny,1491.9,119.8,9,2.26,2020-11-29
2022-11-27,Kards Open XIV,bf:5fbebdee043fd20cdf90cfaf,GM_Logan,1519.9,75.3,40,16.34,2022-08-06
2022-11-27,Kards Open XIV,bf:5fbed15626ea883a51583d3f,Empyreal,1473.4,133.9,2,0.5,2020-11-28
2022-11-27,Kards Open XIV,bf:5fbedfbc0f21e57963853121,Raswar47,1473.7,133.9,2,0.5,2020-11-28
2022-11-27,Kards Open XIV,bf:5fbef0144d01f9313d135b11,Geezer,1518.6,106.7,15,4.68,2021-08-07
2022-11-27,Kards Open XIV,bf:5fbef0d92dc8793ada8527a5,嘤嘤嘤,1473.5,133.9,2,0.5,2020-11-28
2022-11-27,Kards Open XIV,bf:5fbef3ecb0ef7749130e49bc,MaskedMarvel,1499.2,133.9,2,0.5,2020-11-28
2022-11-27,Kards Open XIV,bf:5fbf17032dc8793ada852978,UltramanT80,1473.4,133.9,2,0.5,2020-11-28
2022-11-27,Kards Open XIV,bf:5fbf174c5d320863b86f0efc,如临深渊,1500.7,133.9,2,0.5,2020-11-28
2022-11-27,Kards Open XIV,bf:5fbf1ad71632970e916c627a,TowerNumberNine,1475.4,133.9,2,0.5,2020-11-28
2022-11-27,Kards Open XIV,bf:5fbf28984d01f9313d135d0f,Ayako,1486.6,136.4,1,0.25,2020-11-28
2022-11-27,Kards Open XIV,bf:5fbf30a2a447ab4bb37e1b38,1330775381,1478.5,134.2,2,0.5,2020-11-28
2022-11-27,Kards Open XIV,bf:5fbf32921632970e916c6301,Paddy,1473.9,133.9,2,0.5,2020-11-28
2022-11-27,Kards Open XIV,bf:5fbf3849043fd20cdf90d500,Dirty Jon,1489.3,123.2,7,1.75,2020-11-29
2022-11-27,Kards Open XIV,bf:5fbf3d90adfefd64e8c91af1,tortunbator,1486.6,131.6,3,0.75,2020-11-28
2022-11-27,Kards Open XIV,bf:5fbf4b25698db1048d27bdc9,白皮猪杀手,1473.7,133.9,2,0.5,2020-11-28
2022-11-27,Kards Open XIV,bf:5fbf4fe05d320863b86f0fb6,Kimssa,1545.7,108.4,15,4.23,2021-04-04
2022-11-27,Kards Open XIV,bf:5fbf516e2dc8793ada852a4c,VitalkaFS,1502.3,129.4,4,1.0,2020-11-28
2022-11-27,Kards Open XIV,bf:5fbf5273adfefd64e8c91b99,crazymonkey,1517.4,127.7,5,1.25,2020-11-28
2022-11-27,Kards Open XIV,bf:5fbf62605d320863b86f0ff1,梁家河扛麦郎,1502.8,133.9,2,0.5,2020-11-28
2022-11-27,Kards Open XIV,bf:5fbf6ade2dc8793ada852a75,Maty,1503.2,113.9,12,3.28,2021-04-03
2022-11-27,Kards Open XIV,bf:5fbf6f3f26ea883a515841f0,Wuhu_Airline,1475.6,134.0,2,0.5,2020-11-28
2022-11-27,Kards Open XIV,bf:5fbf7a86b0ef7749130e4dec,ID由于太昭和无法显示,1485.9,131.7,3,0.75,2020-11-28
2022-11-27,Kards Open XIV,bf:5fbf81d4698db1048d27bf78,Andrewkaiyan,1509.5,119.6,9,2.26,2020-11-29
2022-11-27,Kards Open XIV,bf:5fbf8670698db1048d27bfda,zadkiel0508,1500.0,133.9,2,0.5,2020-11-28
2022-11-27,Kards Open XIV,bf:5fbf86bf2dc8793ada852abe,Kiertscher,1506.6,121.6,8,2.01,2020-11-29
2022-11-27,Kards Open XIV,bf:5fbf8fc55d320863b86f1086,共和国荣光,1488.6,131.6,3,0.75,2020-11-28
2022-11-27,Kards Open XIV,bf:5fbf97cfb0ef7749130e4e94,AndyNing,1488.3,131.7,3,0.75,2020-11-28
2022-11-27,Kards Open XIV,bf:5fbf9fa55d320863b86f10d6,watchmen,1542.7,127.2,5,1.25,2020-11-28
2022-11-27,Kards Open XIV,bf:5fbfa1ec5d320863b86f10df,s8130662,1592.2,120.1,9,2.26,2020-11-29
2022-11-27,Kards Open XIV,bf:5fbfa6575d320863b86f10ec,think,1475.0,133.9,2,0.5,2020-11-28
2022-11-27,Kards Open XIV,bf:5fbfa75c0f21e57963853e73,2057458491@qq.com,1541.8,127.3,5,1.25,2020-11-28
2022-11-27,Kards Open XIV,bf:5fbfa9f0a2fd34654753c891,Wizard,1517.7,119.7,9,2.26,2020-11-29
2022-11-27,Kards Open XIV,bf:5fbfaa4726ea883a5158435d,UnhappyRefrain,1488.9,131.8,3,0.75,2020-11-28
2022-11-27,Kards Open XIV,bf:5fbfaa5d698db1048d27c161,Feiron,1488.0,136.4,1,0.25,2020-11-28
2022-11-27,Kards Open XIV,bf:5fbfafde1632970e916c652e,Non-motorized,1501.6,121.4,8,2.01,2020-11-29
2022-11-27,Kards Open XIV,bf:5fbfb1ca2dc8793ada852b72,Satomi_ren,1543.8,123.3,7,1.76,2020-11-29
2022-11-27,Kards Open XIV,bf:5fbfb4c7043fd20cdf90d6e1,唐努图什么,1500.1,133.9,2,0.5,2020-11-28
2022-11-27,Kards Open XIV,bf:5fbfb60f1632970e916c6544,rayson366458,1521.9,112.2,7,3.63,2022-03-26
2022-11-27,Kards Open XIV,bf:5fbfb8692dc8793ada852b8d,为啥起的名字都无效,1501.2,133.9,2,0.5,2020-11-28
2022-11-27,Kards Open XIV,bf:5fbfb8f1043fd20cdf90d702,James Patterson,1474.6,129.3,4,1.0,2020-11-28
2022-11-27,Kards Open XIV,bf:5fbfba184d01f9313d135f37,Simple One,1487.1,136.4,1,0.25,2020-11-28
2022-11-27,Kards Open XIV,bf:5fbfbd51b0ef7749130e4f38,MC_Shiro,1545.9,114.1,12,3.26,2021-02-07
2022-11-27,Kards Open XIV,bf:5fbfc2c9043fd20cdf90d720,bushirenchou,1516.2,127.3,5,1.25,2020-11-28
2022-11-27,Kards Open XIV,bf:5fbfc6e15d320863b86f1193,李鸿章,1517.9,119.8,9,2.26,2020-11-29
2022-11-27,Kards Open XIV,bf:5fbfd4581632970e916c6699,Claris,1489.7,131.6,3,0.75,2020-11-28
2022-11-27,Kards Open XIV,bf:5fbffbaa2dc8793ada85319e,MeRRoR,1476.9,121.5,8,2.01,2020-11-29
2022-11-27,Kards Open XIV,bf:5fc003a1b0ef7749130e5216,Zuasfadas,1522.0,129.5,4,1.0,2020-11-28
2022-11-27,Kards Open XIV,bf:5fc0046a698db1048d27c912,ChariotBlitz,1510.4,127.2,5,1.25,2020-11-28
2022-11-27,Kards Open XIV,bf:5fc0060d698db1048d27c939,machue,1483.3,131.6,3,0.75,2020-11-28
2022-11-27,Kards Open XIV,bf:5fc017df26ea883a515847d5,Nikica,1514.9,119.6,9,2.26,2020-11-29
2022-11-27,Kards Open XIV,bf:5fc0244ca2fd34654753d0cb,Bjelke666,1432.8,117.4,10,2.72,2021-02-07
2022-11-27,Kards Open XIV,bf:5fc048141632970e916c6beb,Jannik,1499.5,133.9,2,0.5,2020-11-28
2022-11-27,Kards Open XIV,bf:5fc062ca3a712911d5860aac,Chimpu,1474.5,133.9,2,0.5,2020-11-28
2022-11-27,Kards Open XIV,bf:5fc06376a447ab4bb37e29a7,西域战神阿凡提,1486.6,136.4,1,0.25,2020-11-28
2022-11-27,Kards Open XIV,bf:5fc07486698db1048d27ccd5,hj123c,1473.9,133.9,2,0.5,2020-11-28
2022-11-27,Kards Open XIV,bf:5fc0ff84971c1811b1c02525,lapotNIK,1490.3,131.8,3,0.75,2020-11-28
2022-11-27,Kards Open XIV,bf:5fc13108a447ab4bb37e2e33,Az4zel,1484.5,125.9,6,1.5,2020-11-29
2022-11-27,Kards Open XIV,bf:5fc133575ca52f15c00549a9,Legio_Victrix,1541.8,119.8,9,2.26,2020-11-29
2022-11-27,Kards Open XIV,bf:5fc13c125d320863b86f1d60,聖訷殺,1472.0,133.9,2,0.5,2020-11-28
2022-11-27,Kards Open XIV,bf:5fc13c6e4a99f533280c7373,Vavilon6,1613.9,90.0,33,9.46,2021-04-10
2022-11-27,Kards Open XIV,bf:5fc1647ca447ab4bb37e3019,Lampround,1475.1,133.9,2,0.5,2020-11-28
2022-11-27,Kards Open XIV,bf:5fc1741a4a3afe55318cf945,Waldemaras,1452.7,119.7,7,2.37,2021-06-26
2022-11-27,Kards Open XIV,bf:5fc1760a2dc8793ada853e83,Thetankman3,1554.4,125.4,6,1.5,2020-11-29
2022-11-27,Kards Open XIV,bf:5fc1c2f14a3afe55318cfd98,RudyFlyer,1479.8,84.3,19,11.9,2022-08-06
2022-11-27,Kards Open XIV,bf:5fc1dd90043fd20cdf90e83e,BADmuji,1474.6,116.2,11,2.86,2021-02-06
2022-11-27,Kards Open XIV,bf:5fc1dd9b2dc8793ada8544a3,GeneralMaximus_5,1475.2,129.4,4,1.0,2020-11-28
2022-11-27,Kards Open XIV,bf:5fc1f746a2fd34654753e1ae,GearWolf1991,1479.2,121.5,8,2.01,2020-11-29
2022-11-27,Kards Open XIV,bf:5fc2123f8ae4c5551e8b0129,Agent007,1489.7,127.2,5,1.25,2020-11-28
2022-11-27,Kards Open XIV,bf:5fc21ebcb0ef7749130e6b81,Agumonster,1476.2,134.0,2,0.5,2020-11-28
2022-11-27,Kards Open XIV,bf:5fc241c1f1aa2511d7251933,Reaper,1466.2,131.8,3,0.75,2020-11-28
2022-11-27,Kards Open XIV,bf:5fc24f00971c1811b1c037b0,Wladca,1474.5,133.9,2,0.5,2020-11-28
2022-11-27,Kards Open XIV,bf:5fc26afe6052f211a7127a71,yahya94,1487.0,127.2,5,1.25,2020-11-29
2022-11-27,Kards Open XIV,bf:5fc2cfeb2350e111ca3e4a6e,Lan,1430.5,111.7,13,3.77,2021-02-21
2022-11-27,Kards Open XIV,bf:5fd0f538f2b2ef0cb211c66d,winman82,1497.0,128.1,4,1.14,2021-02-06
2022-11-27,Kards Open XIV,bf:6018722f6b7a4c1c7ef01779,"Котейка ПочтаЛион ""Каратель""",1484.3,125.9,5,1.43,2021-02-07
2022-11-27,Kards Open XIV,bf:601995acbe9b881d09177a3a,Berserker,1455.0,130.8,3,0.86,2021-02-07
2022-11-27,Kards Open XIV,bf:6019ce668e21aa1d188c190d,DJSF,1479.9,123.9,6,1.76,2021-02-21
2022-11-27,Kards Open XIV,bf:601a74d5f4761b1d98293c14,gardr,1451.6,124.0,6,1.74,2021-02-20
2022-11-27,Kards Open XIV,bf:601ad0d4bccfe11bd7952790,Bubblebox,1512.4,102.5,15,5.6,2022-05-28
2022-11-27,Kards Open XIV,bf:601ae997fb69622ad6617823,Lord Zarax,1493.6,85.8,19,11.35,2022-10-23
2022-11-27,Kards Open XIV,bf:601aface2eb6151da1f9651f,Amarok,1481.1,130.9,3,0.86,2021-02-06
2022-11-27,Kards Open XIV,bf:601afc674443111ba564023d,RTylerW,1479.0,129.3,4,1.14,2021-02-06
2022-11-27,Kards Open XIV,bf:601b5b897d76ec1b99358c6f,IMStarker,1471.6,126.5,5,1.45,2021-02-20
2022-11-27,Kards Open XIV,bf:601c0e79b125d31d258fd278,Ish,1489.3,126.2,5,1.43,2021-02-07
2022-11-27,Kards Open XIV,bf:601c4a12e848ea2ae5565fa7,UappaSguappa,1516.3,130.6,3,0.86,2021-02-06
2022-11-27,Kards Open XIV,bf:601c52cb2eb6151da1f96ccf,Asarnil,1501.0,133.4,2,0.57,2021-02-06
2022-11-27,Kards Open XIV,bf:601c5640242f461d92104636,Flironic,1491.4,136.6,1,0.29,2021-02-06
2022-11-27,Kards Open XIV,bf:601c5831f4761b1d98294688,gillis,1484.7,136.0,1,0.29,2021-02-06
2022-11-27,Kards Open XIV,bf:601c5d21bccfe11bd79533ba,NikitoSNaz,1489.6,126.1,5,1.43,2021-02-07
2022-11-27,Kards Open XIV,bf:601c602c8989bb1d0ffd2d60,Boom Stand,1478.9,123.9,6,1.72,2021-02-07
2022-11-27,Kards Open XIV,bf:601c66707d76ec1b99359336,Uncle_Gags,1478.5,134.0,2,0.57,2021-02-06
2022-11-27,Kards Open XIV,bf:601c6d39ce01411daff6ce45,Ludo,1504.2,122.6,7,2.0,2021-02-07
2022-11-27,Kards Open XIV,bf:601c71455470fa2af29f5034,Sebastianhenry,1472.1,123.9,6,1.72,2021-02-07
2022-11-27,Kards Open XIV,bf:601c7bb24443111ba5640e9a,sleppy,1447.6,123.7,6,1.72,2021-02-07
2022-11-27,Kards Open XIV,bf:601c9026bf58cf5f54a82622,adriano.rln2,1497.1,123.6,6,1.72,2021-02-07
2022-11-27,Kards Open XIV,bf:601c914f7d548611be769699,Chippendale,1516.0,130.8,3,0.86,2021-02-06
2022-11-27,Kards Open XIV,bf:601c994b3b155711d4677d1b,Thunderhide Alpha,1478.5,124.1,6,1.72,2021-02-07
2022-11-27,Kards Open XIV,bf:601c9b3d2a229411c4dec493,JackaL,1488.3,130.6,3,0.86,2021-02-06
2022-11-27,Kards Open XIV,bf:601c9f9ef8251e1bb7eb0fb5,PainmakeR,1378.9,88.1,31,11.34,2022-04-09
2022-11-27,Kards Open XIV,bf:601cafe1bb724711bbdc0e41,diablojoker,1540.7,119.7,8,2.29,2021-02-13
2022-11-27,Kards Open XIV,bf:601cb9e68f8ab5604536225b,xialang,1541.3,115.9,10,2.92,2021-02-27
2022-11-27,Kards Open XIV,bf:601ccaa7df90f911ab030712,Smoky,1495.6,121.3,7,2.04,2021-04-03
2022-11-27,Kards Open XIV,bf:601ccba636ceeb11b32b80ff,清水晴政,1572.4,89.8,17,9.81,2022-05-28
2022-11-27,Kards Open XIV,bf:601ce5a78e21aa1d188c2da4,scarecrow,1545.7,108.6,8,4.37,2022-02-05
2022-11-27,Kards Open XIV,bf:601cf711ce01411daff6d2c9,The Ice Baron,1504.7,128.3,4,1.14,2021-02-06
2022-11-27,Kards Open XIV,bf:601d189a36ceeb11b32b81e2,MR.p,1553.4,113.5,10,3.4,2021-05-30
2022-11-27,Kards Open XIV,bf:601d204cab29fd2adcd79a2d,Juliuspluvius,1497.0,119.4,7,2.41,2021-05-29
2022-11-27,Kards Open XIV,bf:601d2fa3242f461d92104ad0,tief-pass,1493.5,126.4,5,1.43,2021-02-07
2022-11-27,Kards Open XIV,bf:601d334704309b1b93074798,Jashin,1546.1,81.0,31,13.72,2022-04-30
2022-11-27,Kards Open XIV,bf:601d4daaa3a63111ba7f6ad7,0331,1498.5,126.3,5,1.43,2021-02-07
2022-11-27,Kards Open XIV,bf:601d68eabf58cf5f54a82fbf,LeeandGarros,1476.6,113.5,9,3.55,2021-11-06
2022-11-27,Kards Open XIV,bf:601d6a1959fc1e11b57d5700,binhpac,1490.1,130.7,3,0.86,2021-02-06
2022-11-27,Kards Open XIV,bf:601d6e10dca2311bb626f1d2,giannikas,1486.2,129.8,3,0.95,2021-04-03
2022-11-27,Kards Open XIV,bf:601d724003f1bc1bc847aa4d,WarCrow,1497.5,123.8,6,1.72,2021-02-07
2022-11-27,Kards Open XIV,bf:601d72b8945ba61bbd9b6b3e,JamesJimRaynor,1590.8,115.9,10,2.87,2021-02-13
2022-11-27,Kards Open XIV,bf:601d8327ce01411daff6dde0,zvezda,1536.6,121.8,7,2.0,2021-02-07
2022-11-27,Kards Open XIV,bf:601d841d36ceeb11b32b8857,Чайный Игрок,1471.6,133.3,2,0.57,2021-02-06
2022-11-27,Kards Open XIV,bf:601d8d265470fa2af29f55e8,Bronzeguy,1500.5,128.3,4,1.14,2021-02-06
2022-11-27,Kards Open XIV,bf:601dacd85156047698264137,pelota,1545.2,121.7,7,2.01,2021-02-13
2022-11-27,Kards Open XIV,bf:601dd93585cc4e75ecefaa9c,X_predator,1455.2,117.1,7,2.78,2021-11-06
2022-11-27,Kards Open XIV,bf:601ddad214499975b676d714,Autisticles,1495.2,128.3,4,1.14,2021-02-06
2022-11-27,Kards Open XIV,bf:601dff5114499975b676d7fb,Vladimir_the_Great,1471.4,123.8,6,1.72,2021-02-07
2022-11-27,Kards Open XIV,bf:601e170e8b295778d1474505,TriggerMcHappy,1496.4,133.4,2,0.57,2021-02-06
2022-11-27,Kards Open XIV,bf:601e1a04b66ee1767c0f19bf,metaman0,1500.9,123.7,6,1.72,2021-02-07
2022-11-27,Kards Open XIV,bf:601e4222507c147700ac949d,Bishamon,1454.9,103.9,18,5.42,2021-04-04
2022-11-27,Kards Open XIV,bf:601e45ae6c6f1475e154a175,cws1968,1488.5,125.9,5,1.43,2021-02-07
2022-11-27,Kards Open XIV,bf:601e5d325156047698264588,idslksyllbls,1519.5,121.6,7,2.0,2021-02-07
2022-11-27,Kards Open XIV,bf:601e60c914499975b676db49,Agasfer88,1496.2,123.6,6,1.72,2021-02-07
2022-11-27,Kards Open XIV,bf:601e734995780078daf3e9cf,Budark,1500.7,133.2,2,0.57,2021-02-06
2022-11-27,Kards Open XIV,bf:601e77957e074a75c3e36c24,Drazer,1504.6,128.3,4,1.14,2021-02-07
2022-11-27,Kards Open XIV,bf:601e7dd895780078daf3ed80,VadimPoltava,1474.2,128.3,4,1.14,2021-02-06
2022-11-27,Kards Open XIV,bf:601e7e5af38de8768ef0dbdf,Funnies,1489.6,136.3,1,0.29,2021-02-06
2022-11-27,Kards Open XIV,bf:601e92a7e5c01375db7f5de8,stevenj21,1473.9,114.9,11,3.2,2021-02-21
2022-11-27,Kards Open XIV,bf:601e9b8beae820768baef5db,Csasz74,1424.4,123.8,6,1.78,2021-04-03
2022-11-27,Kards Open XIV,bf:601e9c49e5c01375db7f5e53,Heliks,1526.2,123.7,6,1.72,2021-02-07
2022-11-27,Kards Open XIV,bf:601e9d308392ff75fb351ffc,Хлебный Игрок,1485.6,136.0,1,0.29,2021-02-06
2022-11-27,Kards Open XIV,bf:601ea179eae820768baef620,notturno68,1468.0,133.3,2,0.57,2021-02-06
2022-11-27,Kards Open XIV,bf:601ea84d2cdc35768253b653,pablonsky,1476.7,133.6,2,0.57,2021-02-06
2022-11-27,Kards Open XIV,bf:602bf7e108d6c576f70885be,ACE YUR FACE,1507.4,123.7,6,1.76,2021-02-21
2022-11-27,Kards Open XIV,bf:602c0e5389472a782b9cbc26,Shockwave750,1532.2,123.1,6,1.77,2021-02-27
2022-11-27,Kards Open XIV,bf:602c2018507c147700acf905,Bomber_Harris,1478.1,123.9,6,1.76,2021-02-21
2022-11-27,Kards Open XIV,bf:602c22cdabb67b53bb4c4954,Haruna Izumi,1464.6,125.9,5,1.47,2021-02-21
2022-11-27,Kards Open XIV,bf:602d35b5e953470c8c2eb398,skippu_white,1465.3,125.9,5,1.47,2021-02-21
2022-11-27,Kards Open XIV,bf:602d5acba74cc17c31b7d9af,Nyarlathotep,1523.0,78.0,38,14.91,2022-02-05
2022-11-27,Kards Open XIV,bf:602efa92d7a4147c1146d997,Dynamo D,1538.1,119.1,8,2.36,2021-02-27
2022-11-27,Kards Open XIV,bf:602f98dc95b59911a33166f5,Craylight,1455.5,125.5,5,1.47,2021-02-21
2022-11-27,Kards Open XIV,bf:6030551a73965f35ae461762,log1c,1540.2,110.5,13,4.0,2021-04-10
2022-11-27,Kards Open XIV,bf:6030a2af3222cb45216b822e,DarkwingedTrumpeter,1454.9,130.5,3,0.88,2021-02-20
2022-11-27,Kards Open XIV,bf:6039135967b58f1e04196610,CEO of Racism,1511.2,122.3,6,1.91,2021-04-04
2022-11-27,Kards Open XIV,bf:603aca86a4a3f111939e5346,Druso,1547.4,111.4,7,4.02,2022-02-26
2022-11-27,Kards Open XIV,bf:603cfe1ab328151e11b92549,buzzAldrin,1490.7,119.7,5,2.4,2021-11-06
2022-11-27,Kards Open XIV,bf:604e70169811de4a8929cc66,chrasi,1526.9,114.7,9,3.08,2021-06-26
2022-11-27,Kards Open XIV,bf:60509713496ba24d0604cc08,TreePipit,1551.4,61.1,49,30.37,2022-11-26
2022-11-27,Kards Open XIV,bf:6050d9c1d164f74b8e7830c0,AnTeallach,1504.1,127.4,4,1.27,2021-04-03
2022-11-27,Kards Open XIV,bf:6050dd83d164f74b8e7830f8,VyC,1513.3,122.8,6,1.91,2021-04-04
2022-11-27,Kards Open XIV,bf:60512d0b3ae2c317e32bcf66,Ace29,1503.4,120.2,6,2.24,2021-06-26
2022-11-27,Kards Open XIV,bf:6051fe41cbd09156d261e80c,Io de Scylla,1554.9,92.0,15,9.13,2022-08-06
2022-11-27,Kards Open XIV,bf:60520c7e3ae2c317e32bd629,Grenadier Gomby,1512.3,122.5,6,1.91,2021-04-04
2022-11-27,Kards Open XIV,bf:6061f0d91d5ed13ba0590c8c,NikolaTesla,1483.3,135.7,1,0.32,2021-04-03
2022-11-27,Kards Open XIV,bf:606205aa77b5c319f9259197,Spaghetti Dan,1468.5,120.8,7,2.23,2021-04-04
2022-11-27,Kards Open XIV,bf:60620a3ddb064f11ae99a9cc,BlatherskiteChannel,1471.9,132.9,2,0.64,2021-04-03
2022-11-27,Kards Open XIV,bf:60623bfcfe869e359192bdb3,Richard Zorge ( tfcvgy),1481.4,135.7,1,0.32,2021-04-03
2022-11-27,Kards Open XIV,bf:60624761e23edf11a8fbebab,Eric Haas,1462.5,120.5,7,2.23,2021-04-04
2022-11-27,Kards Open XIV,bf:6062d422fe869e359192c071,rezvuhin.dmitrij,1484.2,135.7,1,0.32,2021-04-03
2022-11-27,Kards Open XIV,bf:60631191ef449e2156a5adf9,saiko,1521.3,120.4,7,2.23,2021-04-04
2022-11-27,Kards Open XIV,bf:6064433143507c17f08ff721,lutherizz,1481.2,127.7,4,1.27,2021-04-03
2022-11-27,Kards Open XIV,bf:60644d12bea76d63440e66db,casatron,1491.2,130.1,3,0.95,2021-04-03
2022-11-27,Kards Open XIV,bf:6064772a1dc5b905e3c0ff51,repose,1613.6,88.9,20,9.91,2022-02-26
2022-11-27,Kards Open XIV,bf:60647b02521bb713377d6f5c,Zilda,1573.2,103.7,16,5.38,2021-05-30
2022-11-27,Kards Open XIV,bf:60649133d9c5a005c360423e,Rusl,1458.9,130.4,3,0.95,2021-04-03
2022-11-27,Kards Open XIV,bf:6064975b99c79405c943b28f,#romano737,1481.6,124.5,5,1.59,2021-04-04
2022-11-27,Kards Open XIV,bf:6064b09a65d11d138804412a,ttolpann,1487.7,124.7,5,1.59,2021-04-04
2022-11-27,Kards Open XIV,bf:6064c336521bb713377d7223,Bazsi500,1453.3,129.9,3,0.95,2021-04-03
2022-11-27,Kards Open XIV,bf:6065dd291b083505d3f69759,kusanagui2501,1483.7,135.6,1,0.32,2021-04-03
2022-11-27,Kards Open XIV,bf:6065e506c75b3f32bc8957c9,Fortress,1473.2,127.3,4,1.27,2021-04-03
2022-11-27,Kards Open XIV,bf:60665059bea76d63440e763f,ethen,1496.7,126.0,5,1.59,2021-04-04
2022-11-27,Kards Open XIV,bf:60674f097230f532c22615b9,dodos,1509.9,123.1,6,1.91,2021-04-04
2022-11-27,Kards Open XIV,bf:60676fb11d5ed13ba0593743,marcelinovegaviejo,1490.8,136.4,1,0.32,2021-04-03
2022-11-27,Kards Open XIV,bf:60677695fe869e359192e820,benny,1500.8,132.7,2,0.64,2021-04-03
2022-11-27,Kards Open XIV,bf:6068332c521bb713377d8fdf,melenkurion,1484.6,135.7,1,0.32,2021-04-03
2022-11-27,Kards Open XIV,bf:60685007d0955e11e2b013f4,germanicus438,1486.3,77.1,35,16.33,2022-05-28
2022-11-27,Kards Open XIV,bf:606854ffd0955e11e2b01407,Magnus_Aurel,1511.3,122.4,6,1.92,2021-04-10
2022-11-27,Kards Open XIV,bf:60687ce718f0251191ca9656,Gagarinyasha,1467.6,127.2,4,1.27,2021-04-03
2022-11-27,Kards Open XIV,bf:60687eb5eea041235d6db8aa,#nini,1454.8,124.7,5,1.59,2021-04-04
2022-11-27,Kards Open XIV,bf:6070a8022fd5451122c65ae8,apara,1589.8,80.2,29,13.99,2022-03-26
2022-11-27,Kards Open XIV,bf:60721ccb5c1419118df3a796,OOUTAIWAN,1489.9,96.8,20,7.64,2021-08-21
2022-11-27,Kards Open XIV,bf:60763581b7083a45e0c65882,Thunder,1461.3,131.7,2,0.75,2021-06-26
2022-11-27,Kards Open XIV,bf:607823b0c75b3f32bc89dbca,White Eagle,1575.7,98.4,18,6.79,2021-08-21
2022-11-27,Kards Open XIV,bf:60946d0dab3bf12889662245,VikingClog,1472.2,120.9,6,2.12,2021-05-29
2022-11-27,Kards Open XIV,bf:60953c50980c9b122a48e011,#magnetto_man,1476.1,121.4,6,2.12,2021-05-29
2022-11-27,Kards Open XIV,bf:6096f16136c672120ab703d4,DdE,1488.1,117.7,5,2.82,2022-01-29
2022-11-27,Kards Open XIV,bf:609b0f8f7b748611b20fea75,Niebieski,1409.2,123.2,3,1.88,2022-03-26
2022-11-27,Kards Open XIV,bf:609b70096b6b3d37fdd49225,TheFrenchHolyTemplar,1491.9,114.1,7,3.37,2022-01-29
2022-11-27,Kards Open XIV,bf:60a356b944cea86cbcb2d935,Rngesus,1452.9,123.6,5,1.77,2021-05-29
2022-11-27,Kards Open XIV,bf:60a3bf649226326cec5f141a,SkillKill,1451.7,129.3,3,1.06,2021-05-29
2022-11-27,Kards Open XIV,bf:60a3f0a911d3b171064316ce,Obristan,1478.9,128.9,3,1.06,2021-05-29
2022-11-27,Kards Open XIV,bf:60a432af9226326cec5f185b,MeRoll,1466.4,114.8,9,3.24,2021-06-26
2022-11-27,Kards Open XIV,bf:60a503770ee905712684a97d,Leichelot1,1456.4,124.0,5,1.77,2021-05-29
2022-11-27,Kards Open XIV,bf:60a543cc9c13276cd6914076,#MrEcho,1482.1,123.2,5,1.77,2021-05-29
2022-11-27,Kards Open XIV,bf:60a5955444cea86cbcb2ebc2,Tanner,1470.2,132.3,2,0.71,2021-05-29
2022-11-27,Kards Open XIV,bf:60a61caf0327e8746992e60b,estienne2,1442.3,110.8,11,3.99,2021-06-26
2022-11-27,Kards Open XIV,bf:60a6368e0072106f76db29dd,Skiller,1417.1,123.7,5,1.77,2021-05-29
2022-11-27,Kards Open XIV,bf:60a65e7e982b577479221d7e,Hackfresse,1475.6,117.0,8,2.93,2021-08-07
2022-11-27,Kards Open XIV,bf:60a67f38000fb03f36004b2c,Dindalian,1544.3,107.6,13,4.74,2021-06-27
2022-11-27,Kards Open XIV,bf:60a685a99c13276cd691508d,loud and clear,1462.0,110.2,11,3.99,2021-06-26
2022-11-27,Kards Open XIV,bf:60a7c75f9c13276cd691586e,devil,1523.3,117.5,8,2.85,2021-06-26
2022-11-27,Kards Open XIV,bf:60a9f588982b57747922392a,Marek,1506.4,110.4,11,3.99,2021-06-26
2022-11-27,Kards Open XIV,bf:60aaf2216dada66f5e2a839e,ChemistryMaster,1479.8,135.4,1,0.35,2021-05-29
2022-11-27,Kards Open XIV,bf:60abd00e9226326cec5f56e5,Garand Конституції,1465.7,126.4,4,1.42,2021-05-29
2022-11-27,Kards Open XIV,bf:60ae026e000fb03f36007a83,EcholoQE,1487.4,135.7,1,0.35,2021-05-29
2022-11-27,Kards Open XIV,bf:60ae60e26dada66f5e2a9239,ERB0L,1591.1,100.0,17,6.39,2021-09-04
2022-11-27,Kards Open XIV,bf:60b0a4d9835684119d3312d6,Bob1974,1457.2,123.9,5,1.77,2021-05-29
2022-11-27,Kards Open XIV,bf:60b1d9960072106f76db7938,FrosT_NF,1435.6,120.9,6,2.12,2021-05-29
2022-11-27,Kards Open XIV,bf:60b2450639bdbb113a68b017,*UBI_ghost,1459.3,123.7,5,1.77,2021-05-29
2022-11-27,Kards Open XIV,bf:60c514950332eb573b6ef25d,polancowoods45,1448.6,123.2,5,1.87,2021-06-26
2022-11-27,Kards Open XIV,bf:60c61341543cd91a5d592af7,Hispano,1578.8,106.7,9,5.12,2022-02-05
2022-11-27,Kards Open XIV,bf:60c929871a01bf49674e1815,HW Plainview,1422.0,123.7,5,1.87,2021-06-26
2022-11-27,Kards Open XIV,bf:60c939761fb30a26a0ea6e03,Dindomir,1492.2,128.2,3,1.21,2021-08-07
2022-11-27,Kards Open XIV,bf:60c9b27ea95cd94e9dae5da2,虚无主义,1475.2,113.6,8,3.65,2022-05-28
2022-11-27,Kards Open XIV,bf:60ca4cb5a95cd94e9dae6026,Kindero,1487.1,135.6,1,0.37,2021-06-26
2022-11-27,Kards Open XIV,bf:60ca80ace39b28468395e0c2,PAGMARE,1583.3,104.3,12,5.25,2021-11-27
2022-11-27,Kards Open XIV,bf:60cb505451487a4eb2227f1a,Vector,1487.9,130.1,3,1.12,2021-06-26
2022-11-27,Kards Open XIV,bf:60d7295878f6123d75383e7c,Unskilz,1494.5,120.3,6,2.24,2021-06-26
2022-11-27,Kards Open XIV,sgg:2353966,ㅡㅠ,1483.0,124.2,3,1.71,2022-02-05
2022-11-27,Kards Open XIV,sgg:2374037,Raslin2006,1458.8,128.8,3,1.44,2021-11-06
2022-11-27,Kards Open XIV,sgg:2374874,Hayboza,1520.5,125.5,4,1.62,2021-08-07
2022-11-27,Kards Open XIV,sgg:2375094,Krch,1460.9,129.2,3,1.21,2021-08-07
2022-11-27,Kards Open XIV,sgg:2375354,Brightstar,1449.7,126.8,4,1.62,2021-08-07
2022-11-27,Kards Open XIV,sgg:2375403,Tofisow,1458.3,122.5,5,2.02,2021-08-07
2022-11-27,Kards Open XIV,sgg:2375442,Noein5,1735.5,64.0,44,29.15,2022-11-27
2022-11-27,Kards Open XIV,sgg:2380599,TheArticle,1448.9,128.5,3,1.21,2021-08-07
2022-11-27,Kards Open XIV,sgg:2382579,xyloser,1709.9,87.2,16,11.06,2022-11-27
2022-11-27,Kards Open XIV,sgg:2386070,,1502.6,121.6,5,2.08,2021-08-21
2022-11-27,Kards Open XIV,sgg:2388207,百里蒿,1683.4,99.2,10,6.54,2022-05-01
2022-11-27,Kards Open XIV,sgg:2393915,P2N,1472.9,110.4,5,4.0,2022-08-06
2022-11-27,Kards Open XIV,sgg:2407266,BEATWELL,1481.0,125.7,4,1.66,2021-08-21
2022-11-27,Kards Open XIV,sgg:2407984,ChikadoZ,1469.6,122.1,3,2.12,2022-05-28
2022-11-27,Kards Open XIV,sgg:2408029,Nanohard,1448.9,121.5,5,2.08,2021-08-21
2022-11-27,Kards Open XIV,sgg:2408269,常凯申队长,1529.2,121.3,5,2.08,2021-08-21
2022-11-27,Kards Open XIV,sgg:2408285,Surcouf,1470.0,124.8,4,1.66,2021-08-21
2022-11-27,Kards Open XIV,sgg:2408647,Magman,1457.4,117.6,4,2.86,2022-06-04
2022-11-27,Kards Open XIV,sgg:2409441,0944,1485.5,127.4,3,1.25,2021-08-21
2022-11-27,Kards Open XIV,sgg:2409467,老虎不发猫,1668.4,62.0,46,30.36,2022-11-26
2022-11-27,Kards Open XIV,sgg:2410346,Kevin Wu,1493.8,121.8,5,2.08,2021-08-21
2022-11-27,Kards Open XIV,sgg:2410397,BurningLAN,1458.4,128.8,3,1.25,2021-08-21
2022-11-27,Kards Open XIV,sgg:2483760,钟离梓,1800.9,69.8,37,26.91,2022-10-23
2022-11-27,Kards Open XIV,sgg:2483766,black_nao,1471.6,102.4,11,5.74,2022-01-29
2022-11-27,Kards Open XIV,sgg:2485067,敦刻尔克没有白色,1509.0,128.2,3,1.44,2021-11-06
2022-11-27,Kards Open XIV,sgg:2489723,Gat0,1605.6,74.7,30,17.48,2022-06-25
2022-11-27,Kards Open XIV,sgg:2494716,gotoh,1454.1,111.8,8,3.91,2021-11-20
2022-11-27,Kards Open XIV,sgg:2495272,General Winter,1572.6,101.0,11,6.24,2022-02-05
2022-11-27,Kards Open XIV,sgg:2498198,Casti,1510.1,93.4,14,8.25,2022-04-09
2022-11-27,Kards Open XIV,sgg:2503368,Carolus_Rex,1524.8,117.5,6,2.88,2021-11-06
2022-11-27,Kards Open XIV,sgg:2504205,1,1580.2,110.2,5,4.68,2022-10-23
2022-11-27,Kards Open XIV,sgg:2504326,Caspian44,1472.3,109.2,9,4.38,2021-11-20
2022-11-27,Kards Open XIV,sgg:2504781,Xalulay Toddy,1421.8,123.5,4,1.92,2021-11-06
2022-11-27,Kards Open XIV,sgg:2505109,Wyatt Durp,1404.1,112.7,8,3.88,2021-11-20
2022-11-27,Kards Open XIV,sgg:2505286,HRG Surplus,1434.7,126.8,3,1.44,2021-11-06
2022-11-27,Kards Open XIV,sgg:2505316,link2sth,1493.9,108.2,6,4.51,2022-07-30
2022-11-27,Kards Open XIV,sgg:2505365,bruce,1449.6,129.9,2,0.96,2021-11-06
2022-11-27,Kards Open XIV,sgg:2506738,Pete2019,1448.2,102.7,11,5.67,2022-02-05
2022-11-27,Kards Open XIV,sgg:2509034,JHugs,1543.6,95.7,10,8.02,2022-08-06
2022-11-27,Kards Open XIV,sgg:2518580,TheBearJew212,1511.6,126.0,3,1.48,2021-11-20
2022-11-27,Kards Open XIV,sgg:2518593,dsada,1636.9,106.1,8,5.1,2022-04-30
2022-11-27,Kards Open XIV,sgg:2519625,Tibetan Sunshine,1489.9,122.5,4,1.92,2021-11-06
2022-11-27,Kards Open XIV,sgg:2520081,Wastecan,1449.7,96.0,15,7.77,2022-01-29
2022-11-27,Kards Open XIV,sgg:2616063,Baron Von Glower,1529.2,86.3,17,11.12,2022-07-30
2022-11-27,Kards Open XIV,sgg:2616143,Austerlitz,1483.7,124.0,3,1.71,2022-02-05
2022-11-27,Kards Open XIV,sgg:2619898,たかみや なほ,1547.8,120.2,4,2.25,2022-01-29
2022-11-27,Kards Open XIV,sgg:2620876,我是抖m,1489.5,107.5,8,4.55,2022-02-05
2022-11-27,Kards Open XIV,sgg:2620886,KARAKATITSA,1427.3,117.7,5,2.86,2022-02-05
2022-11-27,Kards Open XIV,sgg:2621073,dian,1646.0,59.5,44,32.68,2022-11-26
2022-11-27,Kards Open XIV,sgg:2621386,rodrigofeija,1405.7,111.7,7,3.98,2022-02-05
2022-11-27,Kards Open XIV,sgg:2621899,JLukeSkywalker,1419.5,122.1,4,2.25,2022-01-29
2022-11-27,Kards Open XIV,sgg:2621966,Vanguard,1551.8,94.7,11,8.1,2022-10-23
2022-11-27,Kards Open XIV,sgg:2621971,Seberty,1514.9,87.8,18,10.81,2022-04-09
2022-11-27,Kards Open XIV,sgg:2621982,norouisd,1624.3,92.4,14,9.03,2022-05-01
2022-11-27,Kards Open XIV,sgg:2622223,Robko,1482.9,86.3,17,11.52,2022-08-06
2022-11-27,Kards Open XIV,sgg:2623419,Gussev79,1336.6,108.8,7,5.62,2022-08-06
2022-11-27,Kards Open XIV,sgg:2623660,ShutzStaffel,1499.2,119.9,4,2.28,2022-02-05
2022-11-27,Kards Open XIV,sgg:2623677,Karra_Chr,1394.8,111.2,7,3.97,2022-02-05
2022-11-27,Kards Open XIV,sgg:2624037,Chavi,1493.9,120.3,4,2.28,2022-02-05
2022-11-27,Kards Open XIV,sgg:2624357,DanielD,1488.9,117.9,5,2.82,2022-01-29
2022-11-27,Kards Open XIV,sgg:2624368,Graptolith,1488.4,123.8,3,1.88,2022-03-26
2022-11-27,Kards Open XIV,sgg:2624640,maximuswdead,1372.0,86.1,19,12.79,2022-10-23
2022-11-27,Kards Open XIV,sgg:2624669,李秀佛,1526.2,124.0,3,1.71,2022-02-05
2022-11-27,Kards Open XIV,sgg:2624691,guorq123456,1470.1,109.3,7,4.92,2022-08-06
2022-11-27,Kards Open XIV,sgg:2624728,henry449856878,1494.8,105.0,9,5.12,2022-02-05
2022-11-27,Kards Open XIV,sgg:2624805,Dutang Clem,1487.0,117.5,5,2.86,2022-02-05
2022-11-27,Kards Open XIV,sgg:2625266,Waifu no Mikoto,1587.0,114.9,6,3.41,2022-02-26
2022-11-27,Kards Open XIV,sgg:2625715,Hell the Rubbish Server,1365.2,113.0,7,3.97,2022-02-05
2022-11-27,Kards Open XIV,sgg:2626492,Turkish_Panzer,1521.6,133.9,1,0.56,2022-01-29
2022-11-27,Kards Open XIV,sgg:2627089,Dragoncall,1521.6,106.0,9,5.11,2022-02-05
2022-11-27,Kards Open XIV,sgg:2627200,Mavzoley30,1410.3,121.1,4,2.25,2022-01-29
2022-11-27,Kards Open XIV,sgg:2627360,Head,1593.0,69.8,27,21.59,2022-11-27
2022-11-27,Kards Open XIV,sgg:2627977,Civsully1,1469.0,124.0,3,1.69,2022-01-29
2022-11-27,Kards Open XIV,sgg:2628408,Suicidal,1344.5,110.0,9,5.11,2022-02-05
2022-11-27,Kards Open XIV,sgg:2628603,Meteor,1475.4,114.5,6,3.43,2022-02-05
2022-11-27,Kards Open XIV,sgg:2628704,Dolohov Paulus,1508.7,124.8,3,1.69,2022-01-29
2022-11-27,Kards Open XIV,sgg:2628773,freddy-marty,1539.6,94.8,14,8.18,2022-03-26
2022-11-27,Kards Open XIV,sgg:2628897,Neal,1434.2,115.7,5,3.13,2022-03-26
2022-11-27,Kards Open XIV,sgg:2629235,Adrian,1414.2,121.6,4,2.25,2022-01-29
2022-11-27,Kards Open XIV,sgg:2629300,BogdanCojo,1418.9,124.5,3,1.69,2022-01-29
2022-11-27,Kards Open XIV,sgg:2629560,Nahot,1415.2,90.7,13,10.82,2022-11-13
2022-11-27,Kards Open XIV,sgg:2630336,Ghazus,1469.6,133.3,1,0.56,2022-01-29
2022-11-27,Kards Open XIV,sgg:2630473,MorS,1524.1,121.7,4,2.25,2022-01-29
2022-11-27,Kards Open XIV,sgg:2630669,True_North,1478.1,92.2,15,9.48,2022-06-04
2022-11-27,Kards Open XIV,sgg:2630763,Munson,1458.3,113.7,6,3.43,2022-02-05
2022-11-27,Kards Open XIV,sgg:2630828,Bad Wulf,1485.5,116.9,5,2.86,2022-02-05
2022-11-27,Kards Open XIV,sgg:2631910,WarHammer,1448.9,120.6,4,2.28,2022-02-05
2022-11-27,Kards Open XIV,sgg:2631948,Easy_101,1366.6,77.4,25,18.21,2022-10-23
2022-11-27,Kards Open XIV,sgg:2633715,JanlandMapper,1482.2,117.3,5,2.86,2022-02-05
2022-11-27,Kards Open XIV,sgg:2633871,Gaijin,1420.4,124.5,3,1.71,2022-02-05
2022-11-27,Kards Open XIV,sgg:2636686,Radziszcze,1446.3,72.6,28,20.29,2022-10-23
2022-11-27,Kards Open XIV,sgg:2640557,astrobooey,1533.3,116.3,5,2.86,2022-02-05
2022-11-27,Kards Open XIV,sgg:2695609,Canis1641,1454.7,119.9,4,2.51,2022-03-26
2022-11-27,Kards Open XIV,sgg:2695825,Renivius,1465.4,123.0,3,1.88,2022-03-26
2022-11-27,Kards Open XIV,sgg:2695829,ION,1466.4,123.1,3,1.88,2022-03-26
2022-11-27,Kards Open XIV,sgg:2696041,变成光守护阿梓公主,1635.2,89.7,14,10.22,2022-07-30
2022-11-27,Kards Open XIV,sgg:2696954,ROBERTKRYT,1399.4,119.6,4,2.51,2022-03-26
2022-11-27,Kards Open XIV,sgg:2697202,Theresomthinginthedoor,1524.8,124.2,3,1.88,2022-03-26
2022-11-27,Kards Open XIV,sgg:2699470,ccgacc75,1395.1,119.6,4,2.58,2022-04-09
2022-11-27,Kards Open XIV,sgg:2699767,星熊勇儀,1479.2,123.1,3,1.88,2022-03-26
2022-11-27,Kards Open XIV,sgg:2700939,Nguyenmi7,1510.0,111.9,6,3.76,2022-03-26
2022-11-27,Kards Open XIV,sgg:2701316,drs,1426.4,127.3,2,1.25,2022-03-26
2022-11-27,Kards Open XIV,sgg:2704861,Catosoup,1471.4,123.0,3,1.88,2022-03-26
2022-11-27,Kards Open XIV,sgg:2706665,Emil,1531.9,96.9,11,7.3,2022-06-04
2022-11-27,Kards Open XIV,sgg:2708527,JQueen7,1536.9,119.5,4,2.58,2022-04-09
2022-11-27,Kards Open XIV,sgg:2709342,MoERo,1554.1,111.2,6,3.86,2022-04-09
2022-11-27,Kards Open XIV,sgg:2712705,albertaenterprises,1488.0,124.9,3,1.93,2022-04-09
2022-11-27,Kards Open XIV,sgg:2718501,melog1,1435.9,127.3,2,1.29,2022-04-09
2022-11-27,Kards Open XIV,sgg:2793488,Raine,1481.5,113.1,5,3.58,2022-06-04
2022-11-27,Kards Open XIV,sgg:2800429,Air,1434.0,126.6,2,1.43,2022-06-04
2022-11-27,Kards Open XIV,sgg:2801104,Chistyi,1636.8,86.6,15,11.3,2022-08-06
2022-11-27,Kards Open XIV,sgg:2801113,Advance,1410.9,122.0,3,2.12,2022-05-28
2022-11-27,Kards Open XIV,sgg:2801120,Murzov/Twitch,1466.1,119.2,4,2.83,2022-05-28
2022-11-27,Kards Open XIV,sgg:2802408,Deacon Zarathos,1278.5,101.3,10,8.3,2022-11-13
2022-11-27,Kards Open XIV,sgg:2803048,老毛eee,1454.1,117.9,4,2.86,2022-06-04
2022-11-27,Kards Open XIV,sgg:2803366,Foreign Ginger,1414.9,122.2,3,2.12,2022-05-28
2022-11-27,Kards Open XIV,sgg:2803542,Kumashin76,1530.4,88.8,13,10.11,2022-11-13
2022-11-27,Kards Open XIV,sgg:2805583,Probe,1485.2,107.6,6,4.83,2022-08-27
2022-11-27,Kards Open XIV,sgg:2805740,Silvio,1383.2,102.1,8,6.5,2022-11-13
2022-11-27,Kards Open XIV,sgg:2805881,SaitovRus,1514.5,117.3,4,2.83,2022-05-28
2022-11-27,Kards Open XIV,sgg:2917562,General Ganja,1525.0,116.0,4,3.23,2022-08-27
2022-11-27,Kards Open XIV,sgg:2917634,Mina OvO,1563.1,115.0,4,3.18,2022-07-30
2022-11-27,Kards Open XIV,sgg:2917660,themaruthnuts,1564.9,98.1,8,7.08,2022-11-13
2022-11-27,Kards Open XIV,sgg:2922940,#3346???,1439.6,126.0,2,1.59,2022-07-30
2022-11-27,Kards Open XIV,sgg:2924228,kezpar,1451.3,118.1,3,2.92,2022-11-13
2022-11-27,Kards Open XIV,sgg:2924951,AndYetItMoves,1578.7,97.8,9,7.3,2022-08-27
2022-11-27,Kards Open XIV,sgg:2926197,patmyhead,1468.7,97.8,9,7.21,2022-08-06
2022-11-27,Kards Open XIV,sgg:2931690,CHNCWY,1578.1,107.3,6,4.82,2022-08-27
2022-11-27,Kards Open XIV,sgg:2936085,gutar1st,1384.1,117.3,4,3.18,2022-07-30
2022-11-27,Kards Open XIV,sgg:2937394,Miltiades,1381.9,116.4,4,3.18,2022-07-30
2022-11-27,Kards Open XIV,sgg:2938143,狐总命令往下传,1536.7,106.2,6,4.82,2022-08-27
2022-11-27,Kards Open XIV,sgg:2938393,cococino,1553.6,119.7,3,2.42,2022-08-06
2022-11-27,Kards Open XIV,sgg:2942421,PrairiePirates#1825dicrd,1431.7,115.4,4,3.23,2022-08-06
2022-11-27,Kards Open XIV,sgg:3076346,冲矢猫,1558.2,107.5,5,4.68,2022-10-23
2022-11-27,Kards Open XIV,sgg:3076789,Skyrif,1551.1,107.5,5,4.89,2022-11-26
2022-11-27,Kards Open XIV,sgg:3076990,Grok,1378.6,115.0,4,3.74,2022-10-23
2022-11-27,Kards Open XIV,sgg:3077324,TEME,1459.4,117.5,3,2.81,2022-10-23
2022-11-27,Kards Open XIV,sgg:3081183,citrus,1484.5,117.2,3,2.92,2022-11-13
2022-11-27,Kards Open XIV,sgg:3082136,Sgt_Stupidity,1536.4,102.3,6,5.87,2022-11-26
2022-11-27,Kards Open XIV,sgg:3084767,WobbleTea,1520.8,103.7,6,5.61,2022-10-23
2022-11-27,Kards Open XIV,sgg:3116938,Gambit1286,1444.3,112.9,4,3.9,2022-11-13
2022-11-27,Kards Open XIV,sgg:375061,Thanatron,1560.1,73.6,30,18.09,2022-08-27
