11 3 2 2 2
11 4 2 2 2 10
11 5 2 2 2 10 10
11 6 2 2 2 10 10 10
11 7 2 2 2 10 10 10 10
11 8 2 2 2 10 10 10 10 10
11 9 2 2 2 10 10 10 10 10 10
11 10 2 2 2 10 10 10 10 10 10 10
11 11 2 2 2 10 10 10 10 10 10 10 10
11 12 2 2 2 10 10 10 10 10 10 10 10 10
11 13 2 2 2 10 10 10 10 10 10 10 10 10 10
11 14 2 2 2 10 10 10 10 10 10 10 10 10 10 10
11 15 2 2 2 10 10 10 10 10 10 10 10 10 10 10 10
11 16 2 2 2 10 10 10 10 10 10 10 10 10 10 10 10 10
11 17 2 2 2 10 10 10 10 10 10 10 10 10 10 10 10 10 10
11 18 2 2 2 10 10 10 10 10 10 10 10 10 10 10 10 10 10 10
11 19 2 2 2 10 10 10 10 10 10 10 10 10 10 10 10 10 10 10 10
11 20 2 2 2 10 10 10 10 10 10 10 10 10 10 10 10 10 10 10 10 10
11 21 2 2 2 10 10 10 10 10 10 10 10 10 10 10 10 10 10 10 10 10 10
11 22 2 2 2 10 10 10 10 10 10 10 10 10 10 10 10 10 10 10 10 10 10 10
11 23 2 2 2 10 10 10 10 10 10 10 10 10 10 10 10 10 10 10 10 10 10 10 10
11 24 2 2 2 10 10 10 10 10 10 10 10 10 10 10 10 10 10 10 10 10 10 10 10 10
11 25 2 2 2 10 10 10 10 10 10 10 10 10 10 10 10 10 10 10 10 10 10 10 10 10 10
11 26 2 2 2 10 10 10 10 10 10 10 10 10 10 10 10 10 10 10 10 10 10 10 10 10 10 10
11 27 2 2 2 10 10 10 10 10 10 10 10 10 10 10 10 10 10 10 10 10 10 10 10 10 10 10 10
11 28 2 2 2 10 10 10 10 10 10 10 10 10 10 10 10 10 10 10 10 10 10 10 10 10 10 10 10 10
11 29 2 2 2 10 10 10 10 10 10 10 10 10 10 10 10 10 10 10 10 10 10 10 10 10 10 10 10 10 10
11 30 2 2 2 10 10 10 10 10 10 10 10 10 10 10 10 10 10 10 10 10 10 10 10 10 10 10 10 10 10 10
11 31 2 2 2 10 10 10 10 10 10 10 10 10 10 10 10 10 10 10 10 10 10 10 10 10 10 10 10 10 10 10 10
11 32 2 2 2 10 10 10 10 10 10 10 10 10 10 10 10 10 10 10 10 10 10 10 10 10 10 10 10 10 10 10 10 10
11 33 2 2 2 10 10 10 10 10 10 10 10 10 10 10 10 10 10 10 10 10 10 10 10 10 10 10 10 10 10 10 10 10 10
11 34 2 2 2 10 10 10 10 10 10 10 10 10 10 10 10 10 10 10 10 10 10 10 10 10 10 10 10 10 10 10 10 10 10 10
11 35 2 2 2 10 10 10 10 10 10 10 10 10 10 10 10 10 10 10 10 10 10 10 10 10 10 10 10 10 10 10 10 10 10 10 10
11 36 2 2 2 10 10 10 10 10 10 10 10 10 10 10 10 10 10 10 10 10 10 10 10 10 10 10 10 10 10 10 10 10 10 10 10 10
11 37 2 2 2 10 10 10 10 10 10 10 10 10 10 10 10 10 10 10 10 10 10 10 10 10 10 10 10 10 10 10 10 10 10 10 10 10 10
11 38 2 2 2 10 10 10 10 10 10 10 10 10 10 10 10 10 10 10 10 10 10 10 10 10 10 10 10 10 10 10 10 10 10 10 10 10 10 10
11 39 2 2 2 10 10 10 10 10 10 10 10 10 10 10 10 10 10 10 10 10 10 10 10 10 10 10 10 10 10 10 10 10 10 10 10 10 10 10 10
11 40 2 2 2 10 10 10 10 10 10 10 10 10 10 10 10 10 10 10 10 10 10 10 10 10 10 10 10 10 10 10 10 10 10 10 10 10 10 10 10 10
11 3 2 2 3
11 4 2 2 3 10
11 5 2 2 3 10 10
11 6 2 2 3 10 10 10
11 7 2 2 3 10 10 10 10
11 8 2 2 3 10 10 10 10 10
11 9 2 2 3 10 10 10 10 10 10
11 10 2 2 3 10 10 10 10 10 10 10
11 11 2 2 3 10 10 10 10 10 10 10 10
11 12 2 2 3 10 10 10 10 10 10 10 10 10
11 13 2 2 3 10 10 10 10 10 10 10 10 10 10
11 14 2 2 3 10 10 10 10 10 10 10 10 10 10 10
11 15 2 2 3 10 10 10 10 10 10 10 10 10 10 10 10
11 16 2 2 3 10 10 10 10 10 10 10 10 10 10 10 10 10
11 17 2 2 3 10 10 10 10 10 10 10 10 10 10 10 10 10 10
11 18 2 2 3 10 10 10 10 10 10 10 10 10 10 10 10 10 10 10
11 19 2 2 3 10 10 10 10 10 10 10 10 10 10 10 10 10 10 10 10
11 20 2 2 3 10 10 10 10 10 10 10 10 10 10 10 10 10 10 10 10 10
11 21 2 2 3 10 10 10 10 10 10 10 10 10 10 10 10 10 10 10 10 10 10
11 22 2 2 3 10 10 10 10 10 10 10 10 10 10 10 10 10 10 10 10 10 10 10
11 23 2 2 3 10 10 10 10 10 10 10 10 10 10 10 10 10 10 10 10 10 10 10 10
11 24 2 2 3 10 10 10 10 10 10 10 10 10 10 10 10 10 10 10 10 10 10 10 10 10
11 25 2 2 3 10 10 10 10 10 10 10 10 10 10 10 10 10 10 10 10 10 10 10 10 10 10
11 26 2 2 3 10 10 10 10 10 10 10 10 10 10 10 10 10 10 10 10 10 10 10 10 10 10 10
11 27 2 2 3 10 10 10 10 10 10 10 10 10 10 10 10 10 10 10 10 10 10 10 10 10 10 10 10
11 28 2 2 3 10 10 10 10 10 10 10 10 10 10 10 10 10 10 10 10 10 10 10 10 10 10 10 10 10
11 29 2 2 3 10 10 10 10 10 10 10 10 10 10 10 10 10 10 10 10 10 10 10 10 10 10 10 10 10 10
11 30 2 2 3 10 10 10 10 10 10 10 10 10 10 10 10 10 10 10 10 10 10 10 10 10 10 10 10 10 10 10
11 31 2 2 3 10 10 10 10 10 10 10 10 10 10 10 10 10 10 10 10 10 10 10 10 10 10 10 10 10 10 10 10
11 32 2 2 3 10 10 10 10 10 10 10 10 10 10 10 10 10 10 10 10 10 10 10 10 10 10 10 10 10 10 10 10 10
11 33 2 2 3 10 10 10 10 10 10 10 10 10 10 10 10 10 10 10 10 10 10 10 10 10 10 10 10 10 10 10 10 10 10
11 34 2 2 3 10 10 10 10 10 10 10 10 10 10 10 10 10 10 10 10 10 10 10 10 10 10 10 10 10 10 10 10 10 10 10
11 35 2 2 3 10 10 10 10 10 10 10 10 10 10 10 10 10 10 10 10 10 10 10 10 10 10 10 10 10 10 10 10 10 10 10 10
11 36 2 2 3 10 10 10 10 10 10 10 10 10 10 10 10 10 10 10 10 10 10 10 10 10 10 10 10 10 10 10 10 10 10 10 10 10
11 37 2 2 3 10 10 10 10 10 10 10 10 10 10 10 10 10 10 10 10 10 10 10 10 10 10 10 10 10 10 10 10 10 10 10 10 10 10
11 38 2 2 3 10 10 10 10 10 10 10 10 10 10 10 10 10 10 10 10 10 10 10 10 10 10 10 10 10 10 10 10 10 10 10 10 10 10 10
11 39 2 2 3 10 10 10 10 10 10 10 10 10 10 10 10 10 10 10 10 10 10 10 10 10 10 10 10 10 10 10 10 10 10 10 10 10 10 10 10
11 40 2 2 3 10 10 10 10 10 10 10 10 10 10 10 10 10 10 10 10 10 10 10 10 10 10 10 10 10 10 10 10 10 10 10 10 10 10 10 10 10
11 3 2 2 4
11 4 2 2 4 10
11 5 2 2 4 10 10
11 6 2 2 4 10 10 10
11 7 2 2 4 10 10 10 10
11 8 2 2 4 10 10 10 10 10
11 9 2 2 4 10 10 10 10 10 10
11 10 2 2 4 10 10 10 10 10 10 10
11 11 2 2 4 10 10 10 10 10 10 10 10
11 12 2 2 4 10 10 10 10 10 10 10 10 10
11 13 2 2 4 10 10 10 10 10 10 10 10 10 10
11 14 2 2 4 10 10 10 10 10 10 10 10 10 10 10
11 15 2 2 4 10 10 10 10 10 10 10 10 10 10 10 10
11 16 2 2 4 10 10 10 10 10 10 10 10 10 10 10 10 10
11 17 2 2 4 10 10 10 10 10 10 10 10 10 10 10 10 10 10
11 18 2 2 4 10 10 10 10 10 10 10 10 10 10 10 10 10 10 10
11 19 2 2 4 10 10 10 10 10 10 10 10 10 10 10 10 10 10 10 10
11 20 2 2 4 10 10 10 10 10 10 10 10 10 10 10 10 10 10 10 10 10
11 21 2 2 4 10 10 10 10 10 10 10 10 10 10 10 10 10 10 10 10 10 10
11 22 2 2 4 10 10 10 10 10 10 10 10 10 10 10 10 10 10 10 10 10 10 10
11 23 2 2 4 10 10 10 10 10 10 10 10 10 10 10 10 10 10 10 10 10 10 10 10
11 24 2 2 4 10 10 10 10 10 10 10 10 10 10 10 10 10 10 10 10 10 10 10 10 10
11 25 2 2 4 10 10 10 10 10 10 10 10 10 10 10 10 10 10 10 10 10 10 10 10 10 10
11 26 2 2 4 10 10 10 10 10 10 10 10 10 10 10 10 10 10 10 10 10 10 10 10 10 10 10
11 27 2 2 4 10 10 10 10 10 10 10 10 10 10 10 10 10 10 10 10 10 10 10 10 10 10 10 10
11 28 2 2 4 10 10 10 10 10 10 10 10 10 10 10 10 10 10 10 10 10 10 10 10 10 10 10 10 10
11 29 2 2 4 10 10 10 10 10 10 10 10 10 10 10 10 10 10 10 10 10 10 10 10 10 10 10 10 10 10
11 30 2 2 4 10 10 10 10 10 10 10 10 10 10 10 10 10 10 10 10 10 10 10 10 10 10 10 10 10 10 10
11 31 2 2 4 10 10 10 10 10 10 10 10 10 10 10 10 10 10 10 10 10 10 10 10 10 10 10 10 10 10 10 10
11 32 2 2 4 10 10 10 10 10 10 10 10 10 10 10 10 10 10 10 10 10 10 10 10 10 10 10 10 10 10 10 10 10
11 33 2 2 4 10 10 10 10 10 10 10 10 10 10 10 10 10 10 10 10 10 10 10 10 10 10 10 10 10 10 10 10 10 10
11 34 2 2 4 10 10 10 10 10 10 10 10 10 10 10 10 10 10 10 10 10 10 10 10 10 10 10 10 10 10 10 10 10 10 10
11 35 2 2 4 10 10 10 10 10 10 10 10 10 10 10 10 10 10 10 10 10 10 10 10 10 10 10 10 10 10 10 10 10 10 10 10
11 36 2 2 4 10 10 10 10 10 10 10 10 10 10 10 10 10 10 10 10 10 10 10 10 10 10 10 10 10 10 10 10 10 10 10 10 10
11 37 2 2 4 10 10 10 10 10 10 10 10 10 10 10 10 10 10 10 10 10 10 10 10 10 10 10 10 10 10 10 10 10 10 10 10 10 10
11 38 2 2 4 10 10 10 10 10 10 10 10 10 10 10 10 10 10 10 10 10 10 10 10 10 10 10 10 10 10 10 10 10 10 10 10 10 10 10
11 39 2 2 4 10 10 10 10 10 10 10 10 10 10 10 10 10 10 10 10 10 10 10 10 10 10 10 10 10 10 10 10 10 10 10 10 10 10 10 10
11 40 2 2 4 10 10 10 10 10 10 10 10 10 10 10 10 10 10 10 10 10 10 10 10 10 10 10 10 10 10 10 10 10 10 10 10 10 10 10 10 10
11 3 2 2 5
11 4 2 2 5 10
11 5 2 2 5 10 10
11 6 2 2 5 10 10 10
11 7 2 2 5 10 10 10 10
11 8 2 2 5 10 10 10 10 10
11 9 2 2 5 10 10 10 10 10 10
11 10 2 2 5 10 10 10 10 10 10 10
11 11 2 2 5 10 10 10 10 10 10 10 10
11 12 2 2 5 10 10 10 10 10 10 10 10 10
11 13 2 2 5 10 10 10 10 10 10 10 10 10 10
11 14 2 2 5 10 10 10 10 10 10 10 10 10 10 10
11 15 2 2 5 10 10 10 10 10 10 10 10 10 10 10 10
11 16 2 2 5 10 10 10 10 10 10 10 10 10 10 10 10 10
11 17 2 2 5 10 10 10 10 10 10 10 10 10 10 10 10 10 10
11 18 2 2 5 10 10 10 10 10 10 10 10 10 10 10 10 10 10 10
11 19 2 2 5 10 10 10 10 10 10 10 10 10 10 10 10 10 10 10 10
11 20 2 2 5 10 10 10 10 10 10 10 10 10 10 10 10 10 10 10 10 10
11 21 2 2 5 10 10 10 10 10 10 10 10 10 10 10 10 10 10 10 10 10 10
11 22 2 2 5 10 10 10 10 10 10 10 10 10 10 10 10 10 10 10 10 10 10 10
11 23 2 2 5 10 10 10 10 10 10 10 10 10 10 10 10 10 10 10 10 10 10 10 10
11 24 2 2 5 10 10 10 10 10 10 10 10 10 10 10 10 10 10 10 10 10 10 10 10 10
11 25 2 2 5 10 10 10 10 10 10 10 10 10 10 10 10 10 10 10 10 10 10 10 10 10 10
11 26 2 2 5 10 10 10 10 10 10 10 10 10 10 10 10 10 10 10 10 10 10 10 10 10 10 10
11 27 2 2 5 10 10 10 10 10 10 10 10 10 10 10 10 10 10 10 10 10 10 10 10 10 10 10 10
11 28 2 2 5 10 10 10 10 10 10 10 10 10 10 10 10 10 10 10 10 10 10 10 10 10 10 10 10 10
11 29 2 2 5 10 10 10 10 10 10 10 10 10 10 10 10 10 10 10 10 10 10 10 10 10 10 10 10 10 10
11 30 2 2 5 10 10 10 10 10 10 10 10 10 10 10 10 10 10 10 10 10 10 10 10 10 10 10 10 10 10 10
11 31 2 2 5 10 10 10 10 10 10 10 10 10 10 10 10 10 10 10 10 10 10 10 10 10 10 10 10 10 10 10 10
11 32 2 2 5 10 10 10 10 10 10 10 10 10 10 10 10 10 10 10 10 10 10 10 10 10 10 10 10 10 10 10 10 10
11 33 2 2 5 10 10 10 10 10 10 10 10 10 10 10 10 10 10 10 10 10 10 10 10 10 10 10 10 10 10 10 10 10 10
11 34 2 2 5 10 10 10 10 10 10 10 10 10 10 10 10 10 10 10 10 10 10 10 10 10 10 10 10 10 10 10 10 10 10 10
11 35 2 2 5 10 10 10 10 10 10 10 10 10 10 10 10 10 10 10 10 10 10 10 10 10 10 10 10 10 10 10 10 10 10 10 10
11 36 2 2 5 10 10 10 10 10 10 10 10 10 10 10 10 10 10 10 10 10 10 10 10 10 10 10 10 10 10 10 10 10 10 10 10 10
11 37 2 2 5 10 10 10 10 10 10 10 10 10 10 10 10 10 10 10 10 10 10 10 10 10 10 10 10 10 10 10 10 10 10 10 10 10 10
11 38 2 2 5 10 10 10 10 10 10 10 10 10 10 10 10 10 10 10 10 10 10 10 10 10 10 10 10 10 10 10 10 10 10 10 10 10 10 10
11 39 2 2 5 10 10 10 10 10 10 10 10 10 10 10 10 10 10 10 10 10 10 10 10 10 10 10 10 10 10 10 10 10 10 10 10 10 10 10 10
11 40 2 2 5 10 10 10 10 10 10 10 10 10 10 10 10 10 10 10 10 10 10 10 10 10 10 10 10 10 10 10 10 10 10 10 10 10 10 10 10 10
11 3 2 2 6
11 4 2 2 6 10
11 5 2 2 6 10 10
11 6 2 2 6 10 10 10
11 7 2 2 6 10 10 10 10
11 8 2 2 6 10 10 10 10 10
11 9 2 2 6 10 10 10 10 10 10
11 10 2 2 6 10 10 10 10 10 10 10
11 11 2 2 6 10 10 10 10 10 10 10 10
11 12 2 2 6 10 10 10 10 10 10 10 10 10
11 13 2 2 6 10 10 10 10 10 10 10 10 10 10
11 14 2 2 6 10 10 10 10 10 10 10 10 10 10 10
11 15 2 2 6 10 10 10 10 10 10 10 10 10 10 10 10
11 16 2 2 6 10 10 10 10 10 10 10 10 10 10 10 10 10
11 17 2 2 6 10 10 10 10 10 10 10 10 10 10 10 10 10 10
11 18 2 2 6 10 10 10 10 10 10 10 10 10 10 10 10 10 10 10
11 19 2 2 6 10 10 10 10 10 10 10 10 10 10 10 10 10 10 10 10
11 20 2 2 6 10 10 10 10 10 10 10 10 10 10 10 10 10 10 10 10 10
11 21 2 2 6 10 10 10 10 10 10 10 10 10 10 10 10 10 10 10 10 10 10
11 22 2 2 6 10 10 10 10 10 10 10 10 10 10 10 10 10 10 10 10 10 10 10
11 23 2 2 6 10 10 10 10 10 10 10 10 10 10 10 10 10 10 10 10 10 10 10 10
11 24 2 2 6 10 10 10 10 10 10 10 10 10 10 10 10 10 10 10 10 10 10 10 10 10
11 25 2 2 6 10 10 10 10 10 10 10 10 10 10 10 10 10 10 10 10 10 10 10 10 10 10
11 26 2 2 6 10 10 10 10 10 10 10 10 10 10 10 10 10 10 10 10 10 10 10 10 10 10 10
11 27 2 2 6 10 10 10 10 10 10 10 10 10 10 10 10 10 10 10 10 10 10 10 10 10 10 10 10
11 28 2 2 6 10 10 10 10 10 10 10 10 10 10 10 10 10 10 10 10 10 10 10 10 10 10 10 10 10
11 29 2 2 6 10 10 10 10 10 10 10 10 10 10 10 10 10 10 10 10 10 10 10 10 10 10 10 10 10 10
11 30 2 2 6 10 10 10 10 10 10 10 10 10 10 10 10 10 10 10 10 10 10 10 10 10 10 10 10 10 10 10
11 31 2 2 6 10 10 10 10 10 10 10 10 10 10 10 10 10 10 10 10 10 10 10 10 10 10 10 10 10 10 10 10
11 32 2 2 6 10 10 10 10 10 10 10 10 10 10 10 10 10 10 10 10 10 10 10 10 10 10 10 10 10 10 10 10 10
11 33 2 2 6 10 10 10 10 10 10 10 10 10 10 10 10 10 10 10 10 10 10 10 10 10 10 10 10 10 10 10 10 10 10
11 34 2 2 6 10 10 10 10 10 10 10 10 10 10 10 10 10 10 10 10 10 10 10 10 10 10 10 10 10 10 10 10 10 10 10
11 35 2 2 6 10 10 10 10 10 10 10 10 10 10 10 10 10 10 10 10 10 10 10 10 10 10 10 10 10 10 10 10 10 10 10 10
11 36 2 2 6 10 10 10 10 10 10 10 10 10 10 10 10 10 10 10 10 10 10 10 10 10 10 10 10 10 10 10 10 10 10 10 10 10
11 37 2 2 6 10 10 10 10 10 10 10 10 10 10 10 10 10 10 10 10 10 10 10 10 10 10 10 10 10 10 10 10 10 10 10 10 10 10
11 38 2 2 6 10 10 10 10 10 10 10 10 10 10 10 10 10 10 10 10 10 10 10 10 10 10 10 10 10 10 10 10 10 10 10 10 10 10 10
11 39 2 2 6 10 10 10 10 10 10 10 10 10 10 10 10 10 10 10 10 10 10 10 10 10 10 10 10 10 10 10 10 10 10 10 10 10 10 10 10
11 40 2 2 6 10 10 10 10 10 10 10 10 10 10 10 10 10 10 10 10 10 10 10 10 10 10 10 10 10 10 10 10 10 10 10 10 10 10 10 10 10
11 3 2 2 7
11 4 2 2 7 10
11 5 2 2 7 10 10
11 6 2 2 7 10 10 10
11 7 2 2 7 10 10 10 10
11 8 2 2 7 10 10 10 10 10
11 9 2 2 7 10 10 10 10 10 10
11 10 2 2 7 10 10 10 10 10 10 10
11 11 2 2 7 10 10 10 10 10 10 10 10
11 12 2 2 7 10 10 10 10 10 10 10 10 10
11 13 2 2 7 10 10 10 10 10 10 10 10 10 10
11 14 2 2 7 10 10 10 10 10 10 10 10 10 10 10
11 15 2 2 7 10 10 10 10 10 10 10 10 10 10 10 10
11 16 2 2 7 10 10 10 10 10 10 10 10 10 10 10 10 10
11 17 2 2 7 10 10 10 10 10 10 10 10 10 10 10 10 10 10
11 18 2 2 7 10 10 10 10 10 10 10 10 10 10 10 10 10 10 10
11 19 2 2 7 10 10 10 10 10 10 10 10 10 10 10 10 10 10 10 10
11 20 2 2 7 10 10 10 10 10 10 10 10 10 10 10 10 10 10 10 10 10
11 21 2 2 7 10 10 10 10 10 10 10 10 10 10 10 10 10 10 10 10 10 10
11 22 2 2 7 10 10 10 10 10 10 10 10 10 10 10 10 10 10 10 10 10 10 10
11 23 2 2 7 10 10 10 10 10 10 10 10 10 10 10 10 10 10 10 10 10 10 10 10
11 24 2 2 7 10 10 10 10 10 10 10 10 10 10 10 10 10 10 10 10 10 10 10 10 10
11 25 2 2 7 10 10 10 10 10 10 10 10 10 10 10 10 10 10 10 10 10 10 10 10 10 10
11 26 2 2 7 10 10 10 10 10 10 10 10 10 10 10 10 10 10 10 10 10 10 10 10 10 10 10
11 27 2 2 7 10 10 10 10 10 10 10 10 10 10 10 10 10 10 10 10 10 10 10 10 10 10 10 10
11 28 2 2 7 10 10 10 10 10 10 10 10 10 10 10 10 10 10 10 10 10 10 10 10 10 10 10 10 10
11 29 2 2 7 10 10 10 10 10 10 10 10 10 10 10 10 10 10 10 10 10 10 10 10 10 10 10 10 10 10
11 30 2 2 7 10 10 10 10 10 10 10 10 10 10 10 10 10 10 10 10 10 10 10 10 10 10 10 10 10 10 10
11 31 2 2 7 10 10 10 10 10 10 10 10 10 10 10 10 10 10 10 10 10 10 10 10 10 10 10 10 10 10 10 10
11 32 2 2 7 10 10 10 10 10 10 10 10 10 10 10 10 10 10 10 10 10 10 10 10 10 10 10 10 10 10 10 10 10
11 33 2 2 7 10 10 10 10 10 10 10 10 10 10 10 10 10 10 10 10 10 10 10 10 10 10 10 10 10 10 10 10 10 10
11 34 2 2 7 10 10 10 10 10 10 10 10 10 10 10 10 10 10 10 10 10 10 10 10 10 10 10 10 10 10 10 10 10 10 10
11 35 2 2 7 10 10 10 10 10 10 10 10 10 10 10 10 10 10 10 10 10 10 10 10 10 10 10 10 10 10 10 10 10 10 10 10
11 36 2 2 7 10 10 10 10 10 10 10 10 10 10 10 10 10 10 10 10 10 10 10 10 10 10 10 10 10 10 10 10 10 10 10 10 10
11 37 2 2 7 10 10 10 10 10 10 10 10 10 10 10 10 10 10 10 10 10 10 10 10 10 10 10 10 10 10 10 10 10 10 10 10 10 10
11 38 2 2 7 10 10 10 10 10 10 10 10 10 10 10 10 10 10 10 10 10 10 10 10 10 10 10 10 10 10 10 10 10 10 10 10 10 10 10
11 39 2 2 7 10 10 10 10 10 10 10 10 10 10 10 10 10 10 10 10 10 10 10 10 10 10 10 10 10 10 10 10 10 10 10 10 10 10 10 10
11 40 2 2 7 10 10 10 10 10 10 10 10 10 10 10 10 10 10 10 10 10 10 10 10 10 10 10 10 10 10 10 10 10 10 10 10 10 10 10 10 10
11 3 2 2 8
11 4 2 2 8 10
11 5 2 2 8 10 10
11 6 2 2 8 10 10 10
11 7 2 2 8 10 10 10 10
11 8 2 2 8 10 10 10 10 10
11 9 2 2 8 10 10 10 10 10 10
11 10 2 2 8 10 10 10 10 10 10 10
11 11 2 2 8 10 10 10 10 10 10 10 10
11 12 2 2 8 10 10 10 10 10 10 10 10 10
11 13 2 2 8 10 10 10 10 10 10 10 10 10 10
11 14 2 2 8 10 10 10 10 10 10 10 10 10 10 10
11 15 2 2 8 10 10 10 10 10 10 10 10 10 10 10 10
11 16 2 2 8 10 10 10 10 10 10 10 10 10 10 10 10 10
11 17 2 2 8 10 10 10 10 10 10 10 10 10 10 10 10 10 10
11 18 2 2 8 10 10 10 10 10 10 10 10 10 10 10 10 10 10 10
11 19 2 2 8 10 10 10 10 10 10 10 10 10 10 10 10 10 10 10 10
11 20 2 2 8 10 10 10 10 10 10 10 10 10 10 10 10 10 10 10 10 10
11 21 2 2 8 10 10 10 10 10 10 10 10 10 10 10 10 10 10 10 10 10 10
11 22 2 2 8 10 10 10 10 10 10 10 10 10 10 10 10 10 10 10 10 10 10 10
11 23 2 2 8 10 10 10 10 10 10 10 10 10 10 10 10 10 10 10 10 10 10 10 10
11 24 2 2 8 10 10 10 10 10 10 10 10 10 10 10 10 10 10 10 10 10 10 10 10 10
11 25 2 2 8 10 10 10 10 10 10 10 10 10 10 10 10 10 10 10 10 10 10 10 10 10 10
11 26 2 2 8 10 10 10 10 10 10 10 10 10 10 10 10 10 10 10 10 10 10 10 10 10 10 10
11 27 2 2 8 10 10 10 10 10 10 10 10 10 10 10 10 10 10 10 10 10 10 10 10 10 10 10 10
11 28 2 2 8 10 10 10 10 10 10 10 10 10 10 10 10 10 10 10 10 10 10 10 10 10 10 10 10 10
11 29 2 2 8 10 10 10 10 10 10 10 10 10 10 10 10 10 10 10 10 10 10 10 10 10 10 10 10 10 10
11 30 2 2 8 10 10 10 10 10 10 10 10 10 10 10 10 10 10 10 10 10 10 10 10 10 10 10 10 10 10 10
11 31 2 2 8 10 10 10 10 10 10 10 10 10 10 10 10 10 10 10 10 10 10 10 10 10 10 10 10 10 10 10 10
11 32 2 2 8 10 10 10 10 10 10 10 10 10 10 10 10 10 10 10 10 10 10 10 10 10 10 10 10 10 10 10 10 10
11 33 2 2 8 10 10 10 10 10 10 10 10 10 10 10 10 10 10 10 10 10 10 10 10 10 10 10 10 10 10 10 10 10 10
11 34 2 2 8 10 10 10 10 10 10 10 10 10 10 10 10 10 10 10 10 10 10 10 10 10 10 10 10 10 10 10 10 10 10 10
11 35 2 2 8 10 10 10 10 10 10 10 10 10 10 10 10 10 10 10 10 10 10 10 10 10 10 10 10 10 10 10 10 10 10 10 10
11 36 2 2 8 10 10 10 10 10 10 10 10 10 10 10 10 10 10 10 10 10 10 10 10 10 10 10 10 10 10 10 10 10 10 10 10 10
11 37 2 2 8 10 10 10 10 10 10 10 10 10 10 10 10 10 10 10 10 10 10 10 10 10 10 10 10 10 10 10 10 10 10 10 10 10 10
11 38 2 2 8 10 10 10 10 10 10 10 10 10 10 10 10 10 10 10 10 10 10 10 10 10 10 10 10 10 10 10 10 10 10 10 10 10 10 10
11 39 2 2 8 10 10 10 10 10 10 10 10 10 10 10 10 10 10 10 10 10 10 10 10 10 10 10 10 10 10 10 10 10 10 10 10 10 10 10 10
11 40 2 2 8 10 10 10 10 10 10 10 10 10 10 10 10 10 10 10 10 10 10 10 10 10 10 10 10 10 10 10 10 10 10 10 10 10 10 10 10 10
11 3 2 2 9
11 4 2 2 9 10
11 5 2 2 9 10 10
11 6 2 2 9 10 10 10
11 7 2 2 9 10 10 10 10
11 8 2 2 9 10 10 10 10 10
11 9 2 2 9 10 10 10 10 10 10
11 10 2 2 9 10 10 10 10 10 10 10
11 11 2 2 9 10 10 10 10 10 10 10 10
11 12 2 2 9 10 10 10 10 10 10 10 10 10
11 13 2 2 9 10 10 10 10 10 10 10 10 10 10
11 14 2 2 9 10 10 10 10 10 10 10 10 10 10 10
11 15 2 2 9 10 10 10 10 10 10 10 10 10 10 10 10
11 16 2 2 9 10 10 10 10 10 10 10 10 10 10 10 10 10
11 17 2 2 9 10 10 10 10 10 10 10 10 10 10 10 10 10 10
11 18 2 2 9 10 10 10 10 10 10 10 10 10 10 10 10 10 10 10
11 19 2 2 9 10 10 10 10 10 10 10 10 10 10 10 10 10 10 10 10
11 20 2 2 9 10 10 10 10 10 10 10 10 10 10 10 10 10 10 10 10 10
11 21 2 2 9 10 10 10 10 10 10 10 10 10 10 10 10 10 10 10 10 10 10
11 22 2 2 9 10 10 10 10 10 10 10 10 10 10 10 10 10 10 10 10 10 10 10
11 23 2 2 9 10 10 10 10 10 10 10 10 10 10 10 10 10 10 10 10 10 10 10 10
11 24 2 2 9 10 10 10 10 10 10 10 10 10 10 10 10 10 10 10 10 10 10 10 10 10
11 25 2 2 9 10 10 10 10 10 10 10 10 10 10 10 10 10 10 10 10 10 10 10 10 10 10
11 26 2 2 9 10 10 10 10 10 10 10 10 10 10 10 10 10 10 10 10 10 10 10 10 10 10 10
11 27 2 2 9 10 10 10 10 10 10 10 10 10 10 10 10 10 10 10 10 10 10 10 10 10 10 10 10
11 28 2 2 9 10 10 10 10 10 10 10 10 10 10 10 10 10 10 10 10 10 10 10 10 10 10 10 10 10
11 29 2 2 9 10 10 10 10 10 10 10 10 10 10 10 10 10 10 10 10 10 10 10 10 10 10 10 10 10 10
11 30 2 2 9 10 10 10 10 10 10 10 10 10 10 10 10 10 10 10 10 10 10 10 10 10 10 10 10 10 10 10
11 31 2 2 9 10 10 10 10 10 10 10 10 10 10 10 10 10 10 10 10 10 10 10 10 10 10 10 10 10 10 10 10
11 32 2 2 9 10 10 10 10 10 10 10 10 10 10 10 10 10 10 10 10 10 10 10 10 10 10 10 10 10 10 10 10 10
11 33 2 2 9 10 10 10 10 10 10 10 10 10 10 10 10 10 10 10 10 10 10 10 10 10 10 10 10 10 10 10 10 10 10
11 34 2 2 9 10 10 10 10 10 10 10 10 10 10 10 10 10 10 10 10 10 10 10 10 10 10 10 10 10 10 10 10 10 10 10
11 35 2 2 9 10 10 10 10 10 10 10 10 10 10 10 10 10 10 10 10 10 10 10 10 10 10 10 10 10 10 10 10 10 10 10 10
11 36 2 2 9 10 10 10 10 10 10 10 10 10 10 10 10 10 10 10 10 10 10 10 10 10 10 10 10 10 10 10 10 10 10 10 10 10
11 37 2 2 9 10 10 10 10 10 10 10 10 10 10 10 10 10 10 10 10 10 10 10 10 10 10 10 10 10 10 10 10 10 10 10 10 10 10
11 38 2 2 9 10 10 10 10 10 10 10 10 10 10 10 10 10 10 10 10 10 10 10 10 10 10 10 10 10 10 10 10 10 10 10 10 10 10 10
11 39 2 2 9 10 10 10 10 10 10 10 10 10 10 10 10 10 10 10 10 10 10 10 10 10 10 10 10 10 10 10 10 10 10 10 10 10 10 10 10
11 40 2 2 9 10 10 10 10 10 10 10 10 10 10 10 10 10 10 10 10 10 10 10 10 10 10 10 10 10 10 10 10 10 10 10 10 10 10 10 10 10
11 3 2 3 3
11 4 2 3 3 10
11 5 2 3 3 10 10
11 6 2 3 3 10 10 10
11 7 2 3 3 10 10 10 10
11 8 2 3 3 10 10 10 10 10
11 9 2 3 3 10 10 10 10 10 10
11 10 2 3 3 10 10 10 10 10 10 10
11 11 2 3 3 10 10 10 10 10 10 10 10
11 12 2 3 3 10 10 10 10 10 10 10 10 10
11 13 2 3 3 10 10 10 10 10 10 10 10 10 10
11 14 2 3 3 10 10 10 10 10 10 10 10 10 10 10
11 15 2 3 3 10 10 10 10 10 10 10 10 10 10 10 10
11 16 2 3 3 10 10 10 10 10 10 10 10 10 10 10 10 10
11 17 2 3 3 10 10 10 10 10 10 10 10 10 10 10 10 10 10
11 18 2 3 3 10 10 10 10 10 10 10 10 10 10 10 10 10 10 10
11 19 2 3 3 10 10 10 10 10 10 10 10 10 10 10 10 10 10 10 10
11 20 2 3 3 10 10 10 10 10 10 10 10 10 10 10 10 10 10 10 10 10
11 21 2 3 3 10 10 10 10 10 10 10 10 10 10 10 10 10 10 10 10 10 10
11 22 2 3 3 10 10 10 10 10 10 10 10 10 10 10 10 10 10 10 10 10 10 10
11 23 2 3 3 10 10 10 10 10 10 10 10 10 10 10 10 10 10 10 10 10 10 10 10
11 24 2 3 3 10 10 10 10 10 10 10 10 10 10 10 10 10 10 10 10 10 10 10 10 10
11 25 2 3 3 10 10 10 10 10 10 10 10 10 10 10 10 10 10 10 10 10 10 10 10 10 10
11 26 2 3 3 10 10 10 10 10 10 10 10 10 10 10 10 10 10 10 10 10 10 10 10 10 10 10
11 27 2 3 3 10 10 10 10 10 10 10 10 10 10 10 10 10 10 10 10 10 10 10 10 10 10 10 10
11 28 2 3 3 10 10 10 10 10 10 10 10 10 10 10 10 10 10 10 10 10 10 10 10 10 10 10 10 10
11 29 2 3 3 10 10 10 10 10 10 10 10 10 10 10 10 10 10 10 10 10 10 10 10 10 10 10 10 10 10
11 30 2 3 3 10 10 10 10 10 10 10 10 10 10 10 10 10 10 10 10 10 10 10 10 10 10 10 10 10 10 10
11 31 2 3 3 10 10 10 10 10 10 10 10 10 10 10 10 10 10 10 10 10 10 10 10 10 10 10 10 10 10 10 10
11 32 2 3 3 10 10 10 10 10 10 10 10 10 10 10 10 10 10 10 10 10 10 10 10 10 10 10 10 10 10 10 10 10
11 33 2 3 3 10 10 10 10 10 10 10 10 10 10 10 10 10 10 10 10 10 10 10 10 10 10 10 10 10 10 10 10 10 10
11 34 2 3 3 10 10 10 10 10 10 10 10 10 10 10 10 10 10 10 10 10 10 10 10 10 10 10 10 10 10 10 10 10 10 10
11 35 2 3 3 10 10 10 10 10 10 10 10 10 10 10 10 10 10 10 10 10 10 10 10 10 10 10 10 10 10 10 10 10 10 10 10
11 36 2 3 3 10 10 10 10 10 10 10 10 10 10 10 10 10 10 10 10 10 10 10 10 10 10 10 10 10 10 10 10 10 10 10 10 10
11 37 2 3 3 10 10 10 10 10 10 10 10 10 10 10 10 10 10 10 10 10 10 10 10 10 10 10 10 10 10 10 10 10 10 10 10 10 10
11 38 2 3 3 10 10 10 10 10 10 10 10 10 10 10 10 10 10 10 10 10 10 10 10 10 10 10 10 10 10 10 10 10 10 10 10 10 10 10
11 39 2 3 3 10 10 10 10 10 10 10 10 10 10 10 10 10 10 10 10 10 10 10 10 10 10 10 10 10 10 10 10 10 10 10 10 10 10 10 10
11 40 2 3 3 10 10 10 10 10 10 10 10 10 10 10 10 10 10 10 10 10 10 10 10 10 10 10 10 10 10 10 10 10 10 10 10 10 10 10 10 10
11 3 2 3 4
11 4 2 3 4 10
11 5 2 3 4 10 10
11 6 2 3 4 10 10 10
11 7 2 3 4 10 10 10 10
11 8 2 3 4 10 10 10 10 10
11 9 2 3 4 10 10 10 10 10 10
11 10 2 3 4 10 10 10 10 10 10 10
11 11 2 3 4 10 10 10 10 10 10 10 10
11 12 2 3 4 10 10 10 10 10 10 10 10 10
11 13 2 3 4 10 10 10 10 10 10 10 10 10 10
11 14 2 3 4 10 10 10 10 10 10 10 10 10 10 10
11 15 2 3 4 10 10 10 10 10 10 10 10 10 10 10 10
11 16 2 3 4 10 10 10 10 10 10 10 10 10 10 10 10 10
11 17 2 3 4 10 10 10 10 10 10 10 10 10 10 10 10 10 10
11 18 2 3 4 10 10 10 10 10 10 10 10 10 10 10 10 10 10 10
11 19 2 3 4 10 10 10 10 10 10 10 10 10 10 10 10 10 10 10 10
11 20 2 3 4 10 10 10 10 10 10 10 10 10 10 10 10 10 10 10 10 10
11 21 2 3 4 10 10 10 10 10 10 10 10 10 10 10 10 10 10 10 10 10 10
11 22 2 3 4 10 10 10 10 10 10 10 10 10 10 10 10 10 10 10 10 10 10 10
11 23 2 3 4 10 10 10 10 10 10 10 10 10 10 10 10 10 10 10 10 10 10 10 10
11 24 2 3 4 10 10 10 10 10 10 10 10 10 10 10 10 10 10 10 10 10 10 10 10 10
11 25 2 3 4 10 10 10 10 10 10 10 10 10 10 10 10 10 10 10 10 10 10 10 10 10 10
11 26 2 3 4 10 10 10 10 10 10 10 10 10 10 10 10 10 10 10 10 10 10 10 10 10 10 10
11 27 2 3 4 10 10 10 10 10 10 10 10 10 10 10 10 10 10 10 10 10 10 10 10 10 10 10 10
11 28 2 3 4 10 10 10 10 10 10 10 10 10 10 10 10 10 10 10 10 10 10 10 10 10 10 10 10 10
11 29 2 3 4 10 10 10 10 10 10 10 10 10 10 10 10 10 10 10 10 10 10 10 10 10 10 10 10 10 10
11 30 2 3 4 10 10 10 10 10 10 10 10 10 10 10 10 10 10 10 10 10 10 10 10 10 10 10 10 10 10 10
11 31 2 3 4 10 10 10 10 10 10 10 10 10 10 10 10 10 10 10 10 10 10 10 10 10 10 10 10 10 10 10 10
11 32 2 3 4 10 10 10 10 10 10 10 10 10 10 10 10 10 10 10 10 10 10 10 10 10 10 10 10 10 10 10 10 10
11 33 2 3 4 10 10 10 10 10 10 10 10 10 10 10 10 10 10 10 10 10 10 10 10 10 10 10 10 10 10 10 10 10 10
11 34 2 3 4 10 10 10 10 10 10 10 10 10 10 10 10 10 10 10 10 10 10 10 10 10 10 10 10 10 10 10 10 10 10 10
11 35 2 3 4 10 10 10 10 10 10 10 10 10 10 10 10 10 10 10 10 10 10 10 10 10 10 10 10 10 10 10 10 10 10 10 10
11 36 2 3 4 10 10 10 10 10 10 10 10 10 10 10 10 10 10 10 10 10 10 10 10 10 10 10 10 10 10 10 10 10 10 10 10 10
11 37 2 3 4 10 10 10 10 10 10 10 10 10 10 10 10 10 10 10 10 10 10 10 10 10 10 10 10 10 10 10 10 10 10 10 10 10 10
11 38 2 3 4 10 10 10 10 10 10 10 10 10 10 10 10 10 10 10 10 10 10 10 10 10 10 10 10 10 10 10 10 10 10 10 10 10 10 10
11 39 2 3 4 10 10 10 10 10 10 10 10 10 10 10 10 10 10 10 10 10 10 10 10 10 10 10 10 10 10 10 10 10 10 10 10 10 10 10 10
11 40 2 3 4 10 10 10 10 10 10 10 10 10 10 10 10 10 10 10 10 10 10 10 10 10 10 10 10 10 10 10 10 10 10 10 10 10 10 10 10 10
11 3 2 3 5
11 4 2 3 5 10
11 5 2 3 5 10 10
11 6 2 3 5 10 10 10
11 7 2 3 5 10 10 10 10
11 8 2 3 5 10 10 10 10 10
11 9 2 3 5 10 10 10 10 10 10
11 10 2 3 5 10 10 10 10 10 10 10
11 11 2 3 5 10 10 10 10 10 10 10 10
11 12 2 3 5 10 10 10 10 10 10 10 10 10
11 13 2 3 5 10 10 10 10 10 10 10 10 10 10
11 14 2 3 5 10 10 10 10 10 10 10 10 10 10 10
11 15 2 3 5 10 10 10 10 10 10 10 10 10 10 10 10
11 16 2 3 5 10 10 10 10 10 10 10 10 10 10 10 10 10
11 17 2 3 5 10 10 10 10 10 10 10 10 10 10 10 10 10 10
11 18 2 3 5 10 10 10 10 10 10 10 10 10 10 10 10 10 10 10
11 19 2 3 5 10 10 10 10 10 10 10 10 10 10 10 10 10 10 10 10
11 20 2 3 5 10 10 10 10 10 10 10 10 10 10 10 10 10 10 10 10 10
11 21 2 3 5 10 10 10 10 10 10 10 10 10 10 10 10 10 10 10 10 10 10
11 22 2 3 5 10 10 10 10 10 10 10 10 10 10 10 10 10 10 10 10 10 10 10
11 23 2 3 5 10 10 10 10 10 10 10 10 10 10 10 10 10 10 10 10 10 10 10 10
11 24 2 3 5 10 10 10 10 10 10 10 10 10 10 10 10 10 10 10 10 10 10 10 10 10
11 25 2 3 5 10 10 10 10 10 10 10 10 10 10 10 10 10 10 10 10 10 10 10 10 10 10
11 26 2 3 5 10 10 10 10 10 10 10 10 10 10 10 10 10 10 10 10 10 10 10 10 10 10 10
11 27 2 3 5 10 10 10 10 10 10 10 10 10 10 10 10 10 10 10 10 10 10 10 10 10 10 10 10
11 28 2 3 5 10 10 10 10 10 10 10 10 10 10 10 10 10 10 10 10 10 10 10 10 10 10 10 10 10
11 29 2 3 5 10 10 10 10 10 10 10 10 10 10 10 10 10 10 10 10 10 10 10 10 10 10 10 10 10 10
11 30 2 3 5 10 10 10 10 10 10 10 10 10 10 10 10 10 10 10 10 10 10 10 10 10 10 10 10 10 10 10
11 31 2 3 5 10 10 10 10 10 10 10 10 10 10 10 10 10 10 10 10 10 10 10 10 10 10 10 10 10 10 10 10
11 32 2 3 5 10 10 10 10 10 10 10 10 10 10 10 10 10 10 10 10 10 10 10 10 10 10 10 10 10 10 10 10 10
11 33 2 3 5 10 10 10 10 10 10 10 10 10 10 10 10 10 10 10 10 10 10 10 10 10 10 10 10 10 10 10 10 10 10
11 34 2 3 5 10 10 10 10 10 10 10 10 10 10 10 10 10 10 10 10 10 10 10 10 10 10 10 10 10 10 10 10 10 10 10
11 35 2 3 5 10 10 10 10 10 10 10 10 10 10 10 10 10 10 10 10 10 10 10 10 10 10 10 10 10 10 10 10 10 10 10 10
11 36 2 3 5 10 10 10 10 10 10 10 10 10 10 10 10 10 10 10 10 10 10 10 10 10 10 10 10 10 10 10 10 10 10 10 10 10
11 37 2 3 5 10 10 10 10 10 10 10 10 10 10 10 10 10 10 10 10 10 10 10 10 10 10 10 10 10 10 10 10 10 10 10 10 10 10
11 38 2 3 5 10 10 10 10 10 10 10 10 10 10 10 10 10 10 10 10 10 10 10 10 10 10 10 10 10 10 10 10 10 10 10 10 10 10 10
11 39 2 3 5 10 10 10 10 10 10 10 10 10 10 10 10 10 10 10 10 10 10 10 10 10 10 10 10 10 10 10 10 10 10 10 10 10 10 10 10
11 40 2 3 5 10 10 10 10 10 10 10 10 10 10 10 10 10 10 10 10 10 10 10 10 10 10 10 10 10 10 10 10 10 10 10 10 10 10 10 10 10
11 3 2 3 6
11 4 2 3 6 10
11 5 2 3 6 10 10
11 6 2 3 6 10 10 10
11 7 2 3 6 10 10 10 10
11 8 2 3 6 10 10 10 10 10
11 9 2 3 6 10 10 10 10 10 10
11 10 2 3 6 10 10 10 10 10 10 10
11 11 2 3 6 10 10 10 10 10 10 10 10
11 12 2 3 6 10 10 10 10 10 10 10 10 10
11 13 2 3 6 10 10 10 10 10 10 10 10 10 10
11 14 2 3 6 10 10 10 10 10 10 10 10 10 10 10
11 15 2 3 6 10 10 10 10 10 10 10 10 10 10 10 10
11 16 2 3 6 10 10 10 10 10 10 10 10 10 10 10 10 10
11 17 2 3 6 10 10 10 10 10 10 10 10 10 10 10 10 10 10
11 18 2 3 6 10 10 10 10 10 10 10 10 10 10 10 10 10 10 10
11 19 2 3 6 10 10 10 10 10 10 10 10 10 10 10 10 10 10 10 10
11 20 2 3 6 10 10 10 10 10 10 10 10 10 10 10 10 10 10 10 10 10
11 21 2 3 6 10 10 10 10 10 10 10 10 10 10 10 10 10 10 10 10 10 10
11 22 2 3 6 10 10 10 10 10 10 10 10 10 10 10 10 10 10 10 10 10 10 10
11 23 2 3 6 10 10 10 10 10 10 10 10 10 10 10 10 10 10 10 10 10 10 10 10
11 24 2 3 6 10 10 10 10 10 10 10 10 10 10 10 10 10 10 10 10 10 10 10 10 10
11 25 2 3 6 10 10 10 10 10 10 10 10 10 10 10 10 10 10 10 10 10 10 10 10 10 10
11 26 2 3 6 10 10 10 10 10 10 10 10 10 10 10 10 10 10 10 10 10 10 10 10 10 10 10
11 27 2 3 6 10 10 10 10 10 10 10 10 10 10 10 10 10 10 10 10 10 10 10 10 10 10 10 10
11 28 2 3 6 10 10 10 10 10 10 10 10 10 10 10 10 10 10 10 10 10 10 10 10 10 10 10 10 10
11 29 2 3 6 10 10 10 10 10 10 10 10 10 10 10 10 10 10 10 10 10 10 10 10 10 10 10 10 10 10
11 30 2 3 6 10 10 10 10 10 10 10 10 10 10 10 10 10 10 10 10 10 10 10 10 10 10 10 10 10 10 10
11 31 2 3 6 10 10 10 10 10 10 10 10 10 10 10 10 10 10 10 10 10 10 10 10 10 10 10 10 10 10 10 10
11 32 2 3 6 10 10 10 10 10 10 10 10 10 10 10 10 10 10 10 10 10 10 10 10 10 10 10 10 10 10 10 10 10
11 33 2 3 6 10 10 10 10 10 10 10 10 10 10 10 10 10 10 10 10 10 10 10 10 10 10 10 10 10 10 10 10 10 10
11 34 2 3 6 10 10 10 10 10 10 10 10 10 10 10 10 10 10 10 10 10 10 10 10 10 10 10 10 10 10 10 10 10 10 10
11 35 2 3 6 10 10 10 10 10 10 10 10 10 10 10 10 10 10 10 10 10 10 10 10 10 10 10 10 10 10 10 10 10 10 10 10
11 36 2 3 6 10 10 10 10 10 10 10 10 10 10 10 10 10 10 10 10 10 10 10 10 10 10 10 10 10 10 10 10 10 10 10 10 10
11 37 2 3 6 10 10 10 10 10 10 10 10 10 10 10 10 10 10 10 10 10 10 10 10 10 10 10 10 10 10 10 10 10 10 10 10 10 10
11 38 2 3 6 10 10 10 10 10 10 10 10 10 10 10 10 10 10 10 10 10 10 10 10 10 10 10 10 10 10 10 10 10 10 10 10 10 10 10
11 39 2 3 6 10 10 10 10 10 10 10 10 10 10 10 10 10 10 10 10 10 10 10 10 10 10 10 10 10 10 10 10 10 10 10 10 10 10 10 10
11 40 2 3 6 10 10 10 10 10 10 10 10 10 10 10 10 10 10 10 10 10 10 10 10 10 10 10 10 10 10 10 10 10 10 10 10 10 10 10 10 10
11 3 2 3 7
11 4 2 3 7 10
11 5 2 3 7 10 10
11 6 2 3 7 10 10 10
11 7 2 3 7 10 10 10 10
11 8 2 3 7 10 10 10 10 10
11 9 2 3 7 10 10 10 10 10 10
11 10 2 3 7 10 10 10 10 10 10 10
11 11 2 3 7 10 10 10 10 10 10 10 10
11 12 2 3 7 10 10 10 10 10 10 10 10 10
11 13 2 3 7 10 10 10 10 10 10 10 10 10 10
11 14 2 3 7 10 10 10 10 10 10 10 10 10 10 10
11 15 2 3 7 10 10 10 10 10 10 10 10 10 10 10 10
11 16 2 3 7 10 10 10 10 10 10 10 10 10 10 10 10 10
11 17 2 3 7 10 10 10 10 10 10 10 10 10 10 10 10 10 10
11 18 2 3 7 10 10 10 10 10 10 10 10 10 10 10 10 10 10 10
11 19 2 3 7 10 10 10 10 10 10 10 10 10 10 10 10 10 10 10 10
11 20 2 3 7 10 10 10 10 10 10 10 10 10 10 10 10 10 10 10 10 10
11 21 2 3 7 10 10 10 10 10 10 10 10 10 10 10 10 10 10 10 10 10 10
11 22 2 3 7 10 10 10 10 10 10 10 10 10 10 10 10 10 10 10 10 10 10 10
11 23 2 3 7 10 10 10 10 10 10 10 10 10 10 10 10 10 10 10 10 10 10 10 10
11 24 2 3 7 10 10 10 10 10 10 10 10 10 10 10 10 10 10 10 10 10 10 10 10 10
11 25 2 3 7 10 10 10 10 10 10 10 10 10 10 10 10 10 10 10 10 10 10 10 10 10 10
11 26 2 3 7 10 10 10 10 10 10 10 10 10 10 10 10 10 10 10 10 10 10 10 10 10 10 10
11 27 2 3 7 10 10 10 10 10 10 10 10 10 10 10 10 10 10 10 10 10 10 10 10 10 10 10 10
11 28 2 3 7 10 10 10 10 10 10 10 10 10 10 10 10 10 10 10 10 10 10 10 10 10 10 10 10 10
11 29 2 3 7 10 10 10 10 10 10 10 10 10 10 10 10 10 10 10 10 10 10 10 10 10 10 10 10 10 10
11 30 2 3 7 10 10 10 10 10 10 10 10 10 10 10 10 10 10 10 10 10 10 10 10 10 10 10 10 10 10 10
11 31 2 3 7 10 10 10 10 10 10 10 10 10 10 10 10 10 10 10 10 10 10 10 10 10 10 10 10 10 10 10 10
11 32 2 3 7 10 10 10 10 10 10 10 10 10 10 10 10 10 10 10 10 10 10 10 10 10 10 10 10 10 10 10 10 10
11 33 2 3 7 10 10 10 10 10 10 10 10 10 10 10 10 10 10 10 10 10 10 10 10 10 10 10 10 10 10 10 10 10 10
11 34 2 3 7 10 10 10 10 10 10 10 10 10 10 10 10 10 10 10 10 10 10 10 10 10 10 10 10 10 10 10 10 10 10 10
11 35 2 3 7 10 10 10 10 10 10 10 10 10 10 10 10 10 10 10 10 10 10 10 10 10 10 10 10 10 10 10 10 10 10 10 10
11 36 2 3 7 10 10 10 10 10 10 10 10 10 10 10 10 10 10 10 10 10 10 10 10 10 10 10 10 10 10 10 10 10 10 10 10 10
11 37 2 3 7 10 10 10 10 10 10 10 10 10 10 10 10 10 10 10 10 10 10 10 10 10 10 10 10 10 10 10 10 10 10 10 10 10 10
11 38 2 3 7 10 10 10 10 10 10 10 10 10 10 10 10 10 10 10 10 10 10 10 10 10 10 10 10 10 10 10 10 10 10 10 10 10 10 10
11 39 2 3 7 10 10 10 10 10 10 10 10 10 10 10 10 10 10 10 10 10 10 10 10 10 10 10 10 10 10 10 10 10 10 10 10 10 10 10 10
11 40 2 3 7 10 10 10 10 10 10 10 10 10 10 10 10 10 10 10 10 10 10 10 10 10 10 10 10 10 10 10 10 10 10 10 10 10 10 10 10 10
11 3 2 3 8
11 4 2 3 8 10
11 5 2 3 8 10 10
11 6 2 3 8 10 10 10
11 7 2 3 8 10 10 10 10
11 8 2 3 8 10 10 10 10 10
11 9 2 3 8 10 10 10 10 10 10
11 10 2 3 8 10 10 10 10 10 10 10
11 11 2 3 8 10 10 10 10 10 10 10 10
11 12 2 3 8 10 10 10 10 10 10 10 10 10
11 13 2 3 8 10 10 10 10 10 10 10 10 10 10
11 14 2 3 8 10 10 10 10 10 10 10 10 10 10 10
11 15 2 3 8 10 10 10 10 10 10 10 10 10 10 10 10
11 16 2 3 8 10 10 10 10 10 10 10 10 10 10 10 10 10
11 17 2 3 8 10 10 10 10 10 10 10 10 10 10 10 10 10 10
11 18 2 3 8 10 10 10 10 10 10 10 10 10 10 10 10 10 10 10
11 19 2 3 8 10 10 10 10 10 10 10 10 10 10 10 10 10 10 10 10
11 20 2 3 8 10 10 10 10 10 10 10 10 10 10 10 10 10 10 10 10 10
11 21 2 3 8 10 10 10 10 10 10 10 10 10 10 10 10 10 10 10 10 10 10
11 22 2 3 8 10 10 10 10 10 10 10 10 10 10 10 10 10 10 10 10 10 10 10
11 23 2 3 8 10 10 10 10 10 10 10 10 10 10 10 10 10 10 10 10 10 10 10 10
11 24 2 3 8 10 10 10 10 10 10 10 10 10 10 10 10 10 10 10 10 10 10 10 10 10
11 25 2 3 8 10 10 10 10 10 10 10 10 10 10 10 10 10 10 10 10 10 10 10 10 10 10
11 26 2 3 8 10 10 10 10 10 10 10 10 10 10 10 10 10 10 10 10 10 10 10 10 10 10 10
11 27 2 3 8 10 10 10 10 10 10 10 10 10 10 10 10 10 10 10 10 10 10 10 10 10 10 10 10
11 28 2 3 8 10 10 10 10 10 10 10 10 10 10 10 10 10 10 10 10 10 10 10 10 10 10 10 10 10
11 29 2 3 8 10 10 10 10 10 10 10 10 10 10 10 10 10 10 10 10 10 10 10 10 10 10 10 10 10 10
11 30 2 3 8 10 10 10 10 10 10 10 10 10 10 10 10 10 10 10 10 10 10 10 10 10 10 10 10 10 10 10
11 31 2 3 8 10 10 10 10 10 10 10 10 10 10 10 10 10 10 10 10 10 10 10 10 10 10 10 10 10 10 10 10
11 32 2 3 8 10 10 10 10 10 10 10 10 10 10 10 10 10 10 10 10 10 10 10 10 10 10 10 10 10 10 10 10 10
11 33 2 3 8 10 10 10 10 10 10 10 10 10 10 10 10 10 10 10 10 10 10 10 10 10 10 10 10 10 10 10 10 10 10
11 34 2 3 8 10 10 10 10 10 10 10 10 10 10 10 10 10 10 10 10 10 10 10 10 10 10 10 10 10 10 10 10 10 10 10
11 35 2 3 8 10 10 10 10 10 10 10 10 10 10 10 10 10 10 10 10 10 10 10 10 10 10 10 10 10 10 10 10 10 10 10 10
11 36 2 3 8 10 10 10 10 10 10 10 10 10 10 10 10 10 10 10 10 10 10 10 10 10 10 10 10 10 10 10 10 10 10 10 10 10
11 37 2 3 8 10 10 10 10 10 10 10 10 10 10 10 10 10 10 10 10 10 10 10 10 10 10 10 10 10 10 10 10 10 10 10 10 10 10
11 38 2 3 8 10 10 10 10 10 10 10 10 10 10 10 10 10 10 10 10 10 10 10 10 10 10 10 10 10 10 10 10 10 10 10 10 10 10 10
11 39 2 3 8 10 10 10 10 10 10 10 10 10 10 10 10 10 10 10 10 10 10 10 10 10 10 10 10 10 10 10 10 10 10 10 10 10 10 10 10
11 40 2 3 8 10 10 10 10 10 10 10 10 10 10 10 10 10 10 10 10 10 10 10 10 10 10 10 10 10 10 10 10 10 10 10 10 10 10 10 10 10
11 3 2 3 9
11 4 2 3 9 10
11 5 2 3 9 10 10
11 6 2 3 9 10 10 10
11 7 2 3 9 10 10 10 10
11 8 2 3 9 10 10 10 10 10
11 9 2 3 9 10 10 10 10 10 10
11 10 2 3 9 10 10 10 10 10 10 10
11 11 2 3 9 10 10 10 10 10 10 10 10
11 12 2 3 9 10 10 10 10 10 10 10 10 10
11 13 2 3 9 10 10 10 10 10 10 10 10 10 10
11 14 2 3 9 10 10 10 10 10 10 10 10 10 10 10
11 15 2 3 9 10 10 10 10 10 10 10 10 10 10 10 10
11 16 2 3 9 10 10 10 10 10 10 10 10 10 10 10 10 10
11 17 2 3 9 10 10 10 10 10 10 10 10 10 10 10 10 10 10
11 18 2 3 9 10 10 10 10 10 10 10 10 10 10 10 10 10 10 10
11 19 2 3 9 10 10 10 10 10 10 10 10 10 10 10 10 10 10 10 10
11 20 2 3 9 10 10 10 10 10 10 10 10 10 10 10 10 10 10 10 10 10
11 21 2 3 9 10 10 10 10 10 10 10 10 10 10 10 10 10 10 10 10 10 10
11 22 2 3 9 10 10 10 10 10 10 10 10 10 10 10 10 10 10 10 10 10 10 10
11 23 2 3 9 10 10 10 10 10 10 10 10 10 10 10 10 10 10 10 10 10 10 10 10
11 24 2 3 9 10 10 10 10 10 10 10 10 10 10 10 10 10 10 10 10 10 10 10 10 10
11 25 2 3 9 10 10 10 10 10 10 10 10 10 10 10 10 10 10 10 10 10 10 10 10 10 10
11 26 2 3 9 10 10 10 10 10 10 10 10 10 10 10 10 10 10 10 10 10 10 10 10 10 10 10
11 27 2 3 9 10 10 10 10 10 10 10 10 10 10 10 10 10 10 10 10 10 10 10 10 10 10 10 10
11 28 2 3 9 10 10 10 10 10 10 10 10 10 10 10 10 10 10 10 10 10 10 10 10 10 10 10 10 10
11 29 2 3 9 10 10 10 10 10 10 10 10 10 10 10 10 10 10 10 10 10 10 10 10 10 10 10 10 10 10
11 30 2 3 9 10 10 10 10 10 10 10 10 10 10 10 10 10 10 10 10 10 10 10 10 10 10 10 10 10 10 10
11 31 2 3 9 10 10 10 10 10 10 10 10 10 10 10 10 10 10 10 10 10 10 10 10 10 10 10 10 10 10 10 10
11 32 2 3 9 10 10 10 10 10 10 10 10 10 10 10 10 10 10 10 10 10 10 10 10 10 10 10 10 10 10 10 10 10
11 33 2 3 9 10 10 10 10 10 10 10 10 10 10 10 10 10 10 10 10 10 10 10 10 10 10 10 10 10 10 10 10 10 10
11 34 2 3 9 10 10 10 10 10 10 10 10 10 10 10 10 10 10 10 10 10 10 10 10 10 10 10 10 10 10 10 10 10 10 10
11 35 2 3 9 10 10 10 10 10 10 10 10 10 10 10 10 10 10 10 10 10 10 10 10 10 10 10 10 10 10 10 10 10 10 10 10
11 36 2 3 9 10 10 10 10 10 10 10 10 10 10 10 10 10 10 10 10 10 10 10 10 10 10 10 10 10 10 10 10 10 10 10 10 10
11 37 2 3 9 10 10 10 10 10 10 10 10 10 10 10 10 10 10 10 10 10 10 10 10 10 10 10 10 10 10 10 10 10 10 10 10 10 10
11 38 2 3 9 10 10 10 10 10 10 10 10 10 10 10 10 10 10 10 10 10 10 10 10 10 10 10 10 10 10 10 10 10 10 10 10 10 10 10
11 39 2 3 9 10 10 10 10 10 10 10 10 10 10 10 10 10 10 10 10 10 10 10 10 10 10 10 10 10 10 10 10 10 10 10 10 10 10 10 10
11 40 2 3 9 10 10 10 10 10 10 10 10 10 10 10 10 10 10 10 10 10 10 10 10 10 10 10 10 10 10 10 10 10 10 10 10 10 10 10 10 10
11 3 2 4 4
11 4 2 4 4 10
11 5 2 4 4 10 10
11 6 2 4 4 10 10 10
11 7 2 4 4 10 10 10 10
11 8 2 4 4 10 10 10 10 10
11 9 2 4 4 10 10 10 10 10 10
11 10 2 4 4 10 10 10 10 10 10 10
11 11 2 4 4 10 10 10 10 10 10 10 10
11 12 2 4 4 10 10 10 10 10 10 10 10 10
11 13 2 4 4 10 10 10 10 10 10 10 10 10 10
11 14 2 4 4 10 10 10 10 10 10 10 10 10 10 10
11 15 2 4 4 10 10 10 10 10 10 10 10 10 10 10 10
11 16 2 4 4 10 10 10 10 10 10 10 10 10 10 10 10 10
11 17 2 4 4 10 10 10 10 10 10 10 10 10 10 10 10 10 10
11 18 2 4 4 10 10 10 10 10 10 10 10 10 10 10 10 10 10 10
11 19 2 4 4 10 10 10 10 10 10 10 10 10 10 10 10 10 10 10 10
11 20 2 4 4 10 10 10 10 10 10 10 10 10 10 10 10 10 10 10 10 10
11 21 2 4 4 10 10 10 10 10 10 10 10 10 10 10 10 10 10 10 10 10 10
11 22 2 4 4 10 10 10 10 10 10 10 10 10 10 10 10 10 10 10 10 10 10 10
11 23 2 4 4 10 10 10 10 10 10 10 10 10 10 10 10 10 10 10 10 10 10 10 10
11 24 2 4 4 10 10 10 10 10 10 10 10 10 10 10 10 10 10 10 10 10 10 10 10 10
11 25 2 4 4 10 10 10 10 10 10 10 10 10 10 10 10 10 10 10 10 10 10 10 10 10 10
11 26 2 4 4 10 10 10 10 10 10 10 10 10 10 10 10 10 10 10 10 10 10 10 10 10 10 10
11 27 2 4 4 10 10 10 10 10 10 10 10 10 10 10 10 10 10 10 10 10 10 10 10 10 10 10 10
11 28 2 4 4 10 10 10 10 10 10 10 10 10 10 10 10 10 10 10 10 10 10 10 10 10 10 10 10 10
11 29 2 4 4 10 10 10 10 10 10 10 10 10 10 10 10 10 10 10 10 10 10 10 10 10 10 10 10 10 10
11 30 2 4 4 10 10 10 10 10 10 10 10 10 10 10 10 10 10 10 10 10 10 10 10 10 10 10 10 10 10 10
11 31 2 4 4 10 10 10 10 10 10 10 10 10 10 10 10 10 10 10 10 10 10 10 10 10 10 10 10 10 10 10 10
11 32 2 4 4 10 10 10 10 10 10 10 10 10 10 10 10 10 10 10 10 10 10 10 10 10 10 10 10 10 10 10 10 10
11 33 2 4 4 10 10 10 10 10 10 10 10 10 10 10 10 10 10 10 10 10 10 10 10 10 10 10 10 10 10 10 10 10 10
11 34 2 4 4 10 10 10 10 10 10 10 10 10 10 10 10 10 10 10 10 10 10 10 10 10 10 10 10 10 10 10 10 10 10 10
11 35 2 4 4 10 10 10 10 10 10 10 10 10 10 10 10 10 10 10 10 10 10 10 10 10 10 10 10 10 10 10 10 10 10 10 10
11 36 2 4 4 10 10 10 10 10 10 10 10 10 10 10 10 10 10 10 10 10 10 10 10 10 10 10 10 10 10 10 10 10 10 10 10 10
11 37 2 4 4 10 10 10 10 10 10 10 10 10 10 10 10 10 10 10 10 10 10 10 10 10 10 10 10 10 10 10 10 10 10 10 10 10 10
11 38 2 4 4 10 10 10 10 10 10 10 10 10 10 10 10 10 10 10 10 10 10 10 10 10 10 10 10 10 10 10 10 10 10 10 10 10 10 10
11 39 2 4 4 10 10 10 10 10 10 10 10 10 10 10 10 10 10 10 10 10 10 10 10 10 10 10 10 10 10 10 10 10 10 10 10 10 10 10 10
11 40 2 4 4 10 10 10 10 10 10 10 10 10 10 10 10 10 10 10 10 10 10 10 10 10 10 10 10 10 10 10 10 10 10 10 10 10 10 10 10 10
11 3 2 4 5
11 4 2 4 5 10
11 5 2 4 5 10 10
11 6 2 4 5 10 10 10
11 7 2 4 5 10 10 10 10
11 8 2 4 5 10 10 10 10 10
11 9 2 4 5 10 10 10 10 10 10
11 10 2 4 5 10 10 10 10 10 10 10
11 11 2 4 5 10 10 10 10 10 10 10 10
11 12 2 4 5 10 10 10 10 10 10 10 10 10
11 13 2 4 5 10 10 10 10 10 10 10 10 10 10
11 14 2 4 5 10 10 10 10 10 10 10 10 10 10 10
11 15 2 4 5 10 10 10 10 10 10 10 10 10 10 10 10
11 16 2 4 5 10 10 10 10 10 10 10 10 10 10 10 10 10
11 17 2 4 5 10 10 10 10 10 10 10 10 10 10 10 10 10 10
11 18 2 4 5 10 10 10 10 10 10 10 10 10 10 10 10 10 10 10
11 19 2 4 5 10 10 10 10 10 10 10 10 10 10 10 10 10 10 10 10
11 20 2 4 5 10 10 10 10 10 10 10 10 10 10 10 10 10 10 10 10 10
11 21 2 4 5 10 10 10 10 10 10 10 10 10 10 10 10 10 10 10 10 10 10
11 22 2 4 5 10 10 10 10 10 10 10 10 10 10 10 10 10 10 10 10 10 10 10
11 23 2 4 5 10 10 10 10 10 10 10 10 10 10 10 10 10 10 10 10 10 10 10 10
11 24 2 4 5 10 10 10 10 10 10 10 10 10 10 10 10 10 10 10 10 10 10 10 10 10
11 25 2 4 5 10 10 10 10 10 10 10 10 10 10 10 10 10 10 10 10 10 10 10 10 10 10
11 26 2 4 5 10 10 10 10 10 10 10 10 10 10 10 10 10 10 10 10 10 10 10 10 10 10 10
11 27 2 4 5 10 10 10 10 10 10 10 10 10 10 10 10 10 10 10 10 10 10 10 10 10 10 10 10
11 28 2 4 5 10 10 10 10 10 10 10 10 10 10 10 10 10 10 10 10 10 10 10 10 10 10 10 10 10
11 29 2 4 5 10 10 10 10 10 10 10 10 10 10 10 10 10 10 10 10 10 10 10 10 10 10 10 10 10 10
11 30 2 4 5 10 10 10 10 10 10 10 10 10 10 10 10 10 10 10 10 10 10 10 10 10 10 10 10 10 10 10
11 31 2 4 5 10 10 10 10 10 10 10 10 10 10 10 10 10 10 10 10 10 10 10 10 10 10 10 10 10 10 10 10
11 32 2 4 5 10 10 10 10 10 10 10 10 10 10 10 10 10 10 10 10 10 10 10 10 10 10 10 10 10 10 10 10 10
11 33 2 4 5 10 10 10 10 10 10 10 10 10 10 10 10 10 10 10 10 10 10 10 10 10 10 10 10 10 10 10 10 10 10
11 34 2 4 5 10 10 10 10 10 10 10 10 10 10 10 10 10 10 10 10 10 10 10 10 10 10 10 10 10 10 10 10 10 10 10
11 35 2 4 5 10 10 10 10 10 10 10 10 10 10 10 10 10 10 10 10 10 10 10 10 10 10 10 10 10 10 10 10 10 10 10 10
11 36 2 4 5 10 10 10 10 10 10 10 10 10 10 10 10 10 10 10 10 10 10 10 10 10 10 10 10 10 10 10 10 10 10 10 10 10
11 37 2 4 5 10 10 10 10 10 10 10 10 10 10 10 10 10 10 10 10 10 10 10 10 10 10 10 10 10 10 10 10 10 10 10 10 10 10
11 38 2 4 5 10 10 10 10 10 10 10 10 10 10 10 10 10 10 10 10 10 10 10 10 10 10 10 10 10 10 10 10 10 10 10 10 10 10 10
11 39 2 4 5 10 10 10 10 10 10 10 10 10 10 10 10 10 10 10 10 10 10 10 10 10 10 10 10 10 10 10 10 10 10 10 10 10 10 10 10
11 40 2 4 5 10 10 10 10 10 10 10 10 10 10 10 10 10 10 10 10 10 10 10 10 10 10 10 10 10 10 10 10 10 10 10 10 10 10 10 10 10
11 3 2 4 6
11 4 2 4 6 10
11 5 2 4 6 10 10
11 6 2 4 6 10 10 10
11 7 2 4 6 10 10 10 10
11 8 2 4 6 10 10 10 10 10
11 9 2 4 6 10 10 10 10 10 10
11 10 2 4 6 10 10 10 10 10 10 10
11 11 2 4 6 10 10 10 10 10 10 10 10
11 12 2 4 6 10 10 10 10 10 10 10 10 10
11 13 2 4 6 10 10 10 10 10 10 10 10 10 10
11 14 2 4 6 10 10 10 10 10 10 10 10 10 10 10
11 15 2 4 6 10 10 10 10 10 10 10 10 10 10 10 10
11 16 2 4 6 10 10 10 10 10 10 10 10 10 10 10 10 10
11 17 2 4 6 10 10 10 10 10 10 10 10 10 10 10 10 10 10
11 18 2 4 6 10 10 10 10 10 10 10 10 10 10 10 10 10 10 10
11 19 2 4 6 10 10 10 10 10 10 10 10 10 10 10 10 10 10 10 10
11 20 2 4 6 10 10 10 10 10 10 10 10 10 10 10 10 10 10 10 10 10
11 21 2 4 6 10 10 10 10 10 10 10 10 10 10 10 10 10 10 10 10 10 10
11 22 2 4 6 10 10 10 10 10 10 10 10 10 10 10 10 10 10 10 10 10 10 10
11 23 2 4 6 10 10 10 10 10 10 10 10 10 10 10 10 10 10 10 10 10 10 10 10
11 24 2 4 6 10 10 10 10 10 10 10 10 10 10 10 10 10 10 10 10 10 10 10 10 10
11 25 2 4 6 10 10 10 10 10 10 10 10 10 10 10 10 10 10 10 10 10 10 10 10 10 10
11 26 2 4 6 10 10 10 10 10 10 10 10 10 10 10 10 10 10 10 10 10 10 10 10 10 10 10
11 27 2 4 6 10 10 10 10 10 10 10 10 10 10 10 10 10 10 10 10 10 10 10 10 10 10 10 10
11 28 2 4 6 10 10 10 10 10 10 10 10 10 10 10 10 10 10 10 10 10 10 10 10 10 10 10 10 10
11 29 2 4 6 10 10 10 10 10 10 10 10 10 10 10 10 10 10 10 10 10 10 10 10 10 10 10 10 10 10
11 30 2 4 6 10 10 10 10 10 10 10 10 10 10 10 10 10 10 10 10 10 10 10 10 10 10 10 10 10 10 10
11 31 2 4 6 10 10 10 10 10 10 10 10 10 10 10 10 10 10 10 10 10 10 10 10 10 10 10 10 10 10 10 10
11 32 2 4 6 10 10 10 10 10 10 10 10 10 10 10 10 10 10 10 10 10 10 10 10 10 10 10 10 10 10 10 10 10
11 33 2 4 6 10 10 10 10 10 10 10 10 10 10 10 10 10 10 10 10 10 10 10 10 10 10 10 10 10 10 10 10 10 10
11 34 2 4 6 10 10 10 10 10 10 10 10 10 10 10 10 10 10 10 10 10 10 10 10 10 10 10 10 10 10 10 10 10 10 10
11 35 2 4 6 10 10 10 10 10 10 10 10 10 10 10 10 10 10 10 10 10 10 10 10 10 10 10 10 10 10 10 10 10 10 10 10
11 36 2 4 6 10 10 10 10 10 10 10 10 10 10 10 10 10 10 10 10 10 10 10 10 10 10 10 10 10 10 10 10 10 10 10 10 10
11 37 2 4 6 10 10 10 10 10 10 10 10 10 10 10 10 10 10 10 10 10 10 10 10 10 10 10 10 10 10 10 10 10 10 10 10 10 10
11 38 2 4 6 10 10 10 10 10 10 10 10 10 10 10 10 10 10 10 10 10 10 10 10 10 10 10 10 10 10 10 10 10 10 10 10 10 10 10
11 39 2 4 6 10 10 10 10 10 10 10 10 10 10 10 10 10 10 10 10 10 10 10 10 10 10 10 10 10 10 10 10 10 10 10 10 10 10 10 10
11 40 2 4 6 10 10 10 10 10 10 10 10 10 10 10 10 10 10 10 10 10 10 10 10 10 10 10 10 10 10 10 10 10 10 10 10 10 10 10 10 10
11 3 2 4 7
11 4 2 4 7 10
11 5 2 4 7 10 10
11 6 2 4 7 10 10 10
11 7 2 4 7 10 10 10 10
11 8 2 4 7 10 10 10 10 10
11 9 2 4 7 10 10 10 10 10 10
11 10 2 4 7 10 10 10 10 10 10 10
11 11 2 4 7 10 10 10 10 10 10 10 10
11 12 2 4 7 10 10 10 10 10 10 10 10 10
11 13 2 4 7 10 10 10 10 10 10 10 10 10 10
11 14 2 4 7 10 10 10 10 10 10 10 10 10 10 10
11 15 2 4 7 10 10 10 10 10 10 10 10 10 10 10 10
11 16 2 4 7 10 10 10 10 10 10 10 10 10 10 10 10 10
11 17 2 4 7 10 10 10 10 10 10 10 10 10 10 10 10 10 10
11 18 2 4 7 10 10 10 10 10 10 10 10 10 10 10 10 10 10 10
11 19 2 4 7 10 10 10 10 10 10 10 10 10 10 10 10 10 10 10 10
11 20 2 4 7 10 10 10 10 10 10 10 10 10 10 10 10 10 10 10 10 10
11 21 2 4 7 10 10 10 10 10 10 10 10 10 10 10 10 10 10 10 10 10 10
11 22 2 4 7 10 10 10 10 10 10 10 10 10 10 10 10 10 10 10 10 10 10 10
11 23 2 4 7 10 10 10 10 10 10 10 10 10 10 10 10 10 10 10 10 10 10 10 10
11 24 2 4 7 10 10 10 10 10 10 10 10 10 10 10 10 10 10 10 10 10 10 10 10 10
11 25 2 4 7 10 10 10 10 10 10 10 10 10 10 10 10 10 10 10 10 10 10 10 10 10 10
11 26 2 4 7 10 10 10 10 10 10 10 10 10 10 10 10 10 10 10 10 10 10 10 10 10 10 10
11 27 2 4 7 10 10 10 10 10 10 10 10 10 10 10 10 10 10 10 10 10 10 10 10 10 10 10 10
11 28 2 4 7 10 10 10 10 10 10 10 10 10 10 10 10 10 10 10 10 10 10 10 10 10 10 10 10 10
11 29 2 4 7 10 10 10 10 10 10 10 10 10 10 10 10 10 10 10 10 10 10 10 10 10 10 10 10 10 10
11 30 2 4 7 10 10 10 10 10 10 10 10 10 10 10 10 10 10 10 10 10 10 10 10 10 10 10 10 10 10 10
11 31 2 4 7 10 10 10 10 10 10 10 10 10 10 10 10 10 10 10 10 10 10 10 10 10 10 10 10 10 10 10 10
11 32 2 4 7 10 10 10 10 10 10 10 10 10 10 10 10 10 10 10 10 10 10 10 10 10 10 10 10 10 10 10 10 10
11 33 2 4 7 10 10 10 10 10 10 10 10 10 10 10 10 10 10 10 10 10 10 10 10 10 10 10 10 10 10 10 10 10 10
11 34 2 4 7 10 10 10 10 10 10 10 10 10 10 10 10 10 10 10 10 10 10 10 10 10 10 10 10 10 10 10 10 10 10 10
11 35 2 4 7 10 10 10 10 10 10 10 10 10 10 10 10 10 10 10 10 10 10 10 10 10 10 10 10 10 10 10 10 10 10 10 10
11 36 2 4 7 10 10 10 10 10 10 10 10 10 10 10 10 10 10 10 10 10 10 10 10 10 10 10 10 10 10 10 10 10 10 10 10 10
11 37 2 4 7 10 10 10 10 10 10 10 10 10 10 10 10 10 10 10 10 10 10 10 10 10 10 10 10 10 10 10 10 10 10 10 10 10 10
11 38 2 4 7 10 10 10 10 10 10 10 10 10 10 10 10 10 10 10 10 10 10 10 10 10 10 10 10 10 10 10 10 10 10 10 10 10 10 10
11 39 2 4 7 10 10 10 10 10 10 10 10 10 10 10 10 10 10 10 10 10 10 10 10 10 10 10 10 10 10 10 10 10 10 10 10 10 10 10 10
11 40 2 4 7 10 10 10 10 10 10 10 10 10 10 10 10 10 10 10 10 10 10 10 10 10 10 10 10 10 10 10 10 10 10 10 10 10 10 10 10 10
11 3 2 4 8
11 4 2 4 8 10
11 5 2 4 8 10 10
11 6 2 4 8 10 10 10
11 7 2 4 8 10 10 10 10
11 8 2 4 8 10 10 10 10 10
11 9 2 4 8 10 10 10 10 10 10
11 10 2 4 8 10 10 10 10 10 10 10
11 11 2 4 8 10 10 10 10 10 10 10 10
11 12 2 4 8 10 10 10 10 10 10 10 10 10
11 13 2 4 8 10 10 10 10 10 10 10 10 10 10
11 14 2 4 8 10 10 10 10 10 10 10 10 10 10 10
11 15 2 4 8 10 10 10 10 10 10 10 10 10 10 10 10
11 16 2 4 8 10 10 10 10 10 10 10 10 10 10 10 10 10
11 17 2 4 8 10 10 10 10 10 10 10 10 10 10 10 10 10 10
11 18 2 4 8 10 10 10 10 10 10 10 10 10 10 10 10 10 10 10
11 19 2 4 8 10 10 10 10 10 10 10 10 10 10 10 10 10 10 10 10
11 20 2 4 8 10 10 10 10 10 10 10 10 10 10 10 10 10 10 10 10 10
11 21 2 4 8 10 10 10 10 10 10 10 10 10 10 10 10 10 10 10 10 10 10
11 22 2 4 8 10 10 10 10 10 10 10 10 10 10 10 10 10 10 10 10 10 10 10
11 23 2 4 8 10 10 10 10 10 10 10 10 10 10 10 10 10 10 10 10 10 10 10 10
11 24 2 4 8 10 10 10 10 10 10 10 10 10 10 10 10 10 10 10 10 10 10 10 10 10
11 25 2 4 8 10 10 10 10 10 10 10 10 10 10 10 10 10 10 10 10 10 10 10 10 10 10
11 26 2 4 8 10 10 10 10 10 10 10 10 10 10 10 10 10 10 10 10 10 10 10 10 10 10 10
11 27 2 4 8 10 10 10 10 10 10 10 10 10 10 10 10 10 10 10 10 10 10 10 10 10 10 10 10
11 28 2 4 8 10 10 10 10 10 10 10 10 10 10 10 10 10 10 10 10 10 10 10 10 10 10 10 10 10
11 29 2 4 8 10 10 10 10 10 10 10 10 10 10 10 10 10 10 10 10 10 10 10 10 10 10 10 10 10 10
11 30 2 4 8 10 10 10 10 10 10 10 10 10 10 10 10 10 10 10 10 10 10 10 10 10 10 10 10 10 10 10
11 31 2 4 8 10 10 10 10 10 10 10 10 10 10 10 10 10 10 10 10 10 10 10 10 10 10 10 10 10 10 10 10
11 32 2 4 8 10 10 10 10 10 10 10 10 10 10 10 10 10 10 10 10 10 10 10 10 10 10 10 10 10 10 10 10 10
11 33 2 4 8 10 10 10 10 10 10 10 10 10 10 10 10 10 10 10 10 10 10 10 10 10 10 10 10 10 10 10 10 10 10
11 34 2 4 8 10 10 10 10 10 10 10 10 10 10 10 10 10 10 10 10 10 10 10 10 10 10 10 10 10 10 10 10 10 10 10
11 35 2 4 8 10 10 10 10 10 10 10 10 10 10 10 10 10 10 10 10 10 10 10 10 10 10 10 10 10 10 10 10 10 10 10 10
11 36 2 4 8 10 10 10 10 10 10 10 10 10 10 10 10 10 10 10 10 10 10 10 10 10 10 10 10 10 10 10 10 10 10 10 10 10
11 37 2 4 8 10 10 10 10 10 10 10 10 10 10 10 10 10 10 10 10 10 10 10 10 10 10 10 10 10 10 10 10 10 10 10 10 10 10
11 38 2 4 8 10 10 10 10 10 10 10 10 10 10 10 10 10 10 10 10 10 10 10 10 10 10 10 10 10 10 10 10 10 10 10 10 10 10 10
11 39 2 4 8 10 10 10 10 10 10 10 10 10 10 10 10 10 10 10 10 10 10 10 10 10 10 10 10 10 10 10 10 10 10 10 10 10 10 10 10
11 40 2 4 8 10 10 10 10 10 10 10 10 10 10 10 10 10 10 10 10 10 10 10 10 10 10 10 10 10 10 10 10 10 10 10 10 10 10 10 10 10
11 3 2 4 9
11 4 2 4 9 10
11 5 2 4 9 10 10
11 6 2 4 9 10 10 10
11 7 2 4 9 10 10 10 10
11 8 2 4 9 10 10 10 10 10
11 9 2 4 9 10 10 10 10 10 10
11 10 2 4 9 10 10 10 10 10 10 10
11 11 2 4 9 10 10 10 10 10 10 10 10
11 12 2 4 9 10 10 10 10 10 10 10 10 10
11 13 2 4 9 10 10 10 10 10 10 10 10 10 10
11 14 2 4 9 10 10 10 10 10 10 10 10 10 10 10
11 15 2 4 9 10 10 10 10 10 10 10 10 10 10 10 10
11 16 2 4 9 10 10 10 10 10 10 10 10 10 10 10 10 10
11 17 2 4 9 10 10 10 10 10 10 10 10 10 10 10 10 10 10
11 18 2 4 9 10 10 10 10 10 10 10 10 10 10 10 10 10 10 10
11 19 2 4 9 10 10 10 10 10 10 10 10 10 10 10 10 10 10 10 10
11 20 2 4 9 10 10 10 10 10 10 10 10 10 10 10 10 10 10 10 10 10
11 21 2 4 9 10 10 10 10 10 10 10 10 10 10 10 10 10 10 10 10 10 10
11 22 2 4 9 10 10 10 10 10 10 10 10 10 10 10 10 10 10 10 10 10 10 10
11 23 2 4 9 10 10 10 10 10 10 10 10 10 10 10 10 10 10 10 10 10 10 10 10
11 24 2 4 9 10 10 10 10 10 10 10 10 10 10 10 10 10 10 10 10 10 10 10 10 10
11 25 2 4 9 10 10 10 10 10 10 10 10 10 10 10 10 10 10 10 10 10 10 10 10 10 10
11 26 2 4 9 10 10 10 10 10 10 10 10 10 10 10 10 10 10 10 10 10 10 10 10 10 10 10
11 27 2 4 9 10 10 10 10 10 10 10 10 10 10 10 10 10 10 10 10 10 10 10 10 10 10 10 10
11 28 2 4 9 10 10 10 10 10 10 10 10 10 10 10 10 10 10 10 10 10 10 10 10 10 10 10 10 10
11 29 2 4 9 10 10 10 10 10 10 10 10 10 10 10 10 10 10 10 10 10 10 10 10 10 10 10 10 10 10
11 30 2 4 9 10 10 10 10 10 10 10 10 10 10 10 10 10 10 10 10 10 10 10 10 10 10 10 10 10 10 10
11 31 2 4 9 10 10 10 10 10 10 10 10 10 10 10 10 10 10 10 10 10 10 10 10 10 10 10 10 10 10 10 10
11 32 2 4 9 10 10 10 10 10 10 10 10 10 10 10 10 10 10 10 10 10 10 10 10 10 10 10 10 10 10 10 10 10
11 33 2 4 9 10 10 10 10 10 10 10 10 10 10 10 10 10 10 10 10 10 10 10 10 10 10 10 10 10 10 10 10 10 10
11 34 2 4 9 10 10 10 10 10 10 10 10 10 10 10 10 10 10 10 10 10 10 10 10 10 10 10 10 10 10 10 10 10 10 10
11 35 2 4 9 10 10 10 10 10 10 10 10 10 10 10 10 10 10 10 10 10 10 10 10 10 10 10 10 10 10 10 10 10 10 10 10
11 36 2 4 9 10 10 10 10 10 10 10 10 10 10 10 10 10 10 10 10 10 10 10 10 10 10 10 10 10 10 10 10 10 10 10 10 10
11 37 2 4 9 10 10 10 10 10 10 10 10 10 10 10 10 10 10 10 10 10 10 10 10 10 10 10 10 10 10 10 10 10 10 10 10 10 10
11 38 2 4 9 10 10 10 10 10 10 10 10 10 10 10 10 10 10 10 10 10 10 10 10 10 10 10 10 10 10 10 10 10 10 10 10 10 10 10
11 39 2 4 9 10 10 10 10 10 10 10 10 10 10 10 10 10 10 10 10 10 10 10 10 10 10 10 10 10 10 10 10 10 10 10 10 10 10 10 10
11 40 2 4 9 10 10 10 10 10 10 10 10 10 10 10 10 10 10 10 10 10 10 10 10 10 10 10 10 10 10 10 10 10 10 10 10 10 10 10 10 10
11 3 2 5 5
11 4 2 5 5 10
11 5 2 5 5 10 10
11 6 2 5 5 10 10 10
11 7 2 5 5 10 10 10 10
11 8 2 5 5 10 10 10 10 10
11 9 2 5 5 10 10 10 10 10 10
11 10 2 5 5 10 10 10 10 10 10 10
11 11 2 5 5 10 10 10 10 10 10 10 10
11 12 2 5 5 10 10 10 10 10 10 10 10 10
11 13 2 5 5 10 10 10 10 10 10 10 10 10 10
11 14 2 5 5 10 10 10 10 10 10 10 10 10 10 10
11 15 2 5 5 10 10 10 10 10 10 10 10 10 10 10 10
11 16 2 5 5 10 10 10 10 10 10 10 10 10 10 10 10 10
11 17 2 5 5 10 10 10 10 10 10 10 10 10 10 10 10 10 10
11 18 2 5 5 10 10 10 10 10 10 10 10 10 10 10 10 10 10 10
11 19 2 5 5 10 10 10 10 10 10 10 10 10 10 10 10 10 10 10 10
11 20 2 5 5 10 10 10 10 10 10 10 10 10 10 10 10 10 10 10 10 10
11 21 2 5 5 10 10 10 10 10 10 10 10 10 10 10 10 10 10 10 10 10 10
11 22 2 5 5 10 10 10 10 10 10 10 10 10 10 10 10 10 10 10 10 10 10 10
11 23 2 5 5 10 10 10 10 10 10 10 10 10 10 10 10 10 10 10 10 10 10 10 10
11 24 2 5 5 10 10 10 10 10 10 10 10 10 10 10 10 10 10 10 10 10 10 10 10 10
11 25 2 5 5 10 10 10 10 10 10 10 10 10 10 10 10 10 10 10 10 10 10 10 10 10 10
11 26 2 5 5 10 10 10 10 10 10 10 10 10 10 10 10 10 10 10 10 10 10 10 10 10 10 10
11 27 2 5 5 10 10 10 10 10 10 10 10 10 10 10 10 10 10 10 10 10 10 10 10 10 10 10 10
11 28 2 5 5 10 10 10 10 10 10 10 10 10 10 10 10 10 10 10 10 10 10 10 10 10 10 10 10 10
11 29 2 5 5 10 10 10 10 10 10 10 10 10 10 10 10 10 10 10 10 10 10 10 10 10 10 10 10 10 10
11 30 2 5 5 10 10 10 10 10 10 10 10 10 10 10 10 10 10 10 10 10 10 10 10 10 10 10 10 10 10 10
11 31 2 5 5 10 10 10 10 10 10 10 10 10 10 10 10 10 10 10 10 10 10 10 10 10 10 10 10 10 10 10 10
11 32 2 5 5 10 10 10 10 10 10 10 10 10 10 10 10 10 10 10 10 10 10 10 10 10 10 10 10 10 10 10 10 10
11 33 2 5 5 10 10 10 10 10 10 10 10 10 10 10 10 10 10 10 10 10 10 10 10 10 10 10 10 10 10 10 10 10 10
11 34 2 5 5 10 10 10 10 10 10 10 10 10 10 10 10 10 10 10 10 10 10 10 10 10 10 10 10 10 10 10 10 10 10 10
11 35 2 5 5 10 10 10 10 10 10 10 10 10 10 10 10 10 10 10 10 10 10 10 10 10 10 10 10 10 10 10 10 10 10 10 10
11 36 2 5 5 10 10 10 10 10 10 10 10 10 10 10 10 10 10 10 10 10 10 10 10 10 10 10 10 10 10 10 10 10 10 10 10 10
11 37 2 5 5 10 10 10 10 10 10 10 10 10 10 10 10 10 10 10 10 10 10 10 10 10 10 10 10 10 10 10 10 10 10 10 10 10 10
11 38 2 5 5 10 10 10 10 10 10 10 10 10 10 10 10 10 10 10 10 10 10 10 10 10 10 10 10 10 10 10 10 10 10 10 10 10 10 10
11 39 2 5 5 10 10 10 10 10 10 10 10 10 10 10 10 10 10 10 10 10 10 10 10 10 10 10 10 10 10 10 10 10 10 10 10 10 10 10 10
11 40 2 5 5 10 10 10 10 10 10 10 10 10 10 10 10 10 10 10 10 10 10 10 10 10 10 10 10 10 10 10 10 10 10 10 10 10 10 10 10 10
11 3 2 5 6
11 4 2 5 6 10
11 5 2 5 6 10 10
11 6 2 5 6 10 10 10
11 7 2 5 6 10 10 10 10
11 8 2 5 6 10 10 10 10 10
11 9 2 5 6 10 10 10 10 10 10
11 10 2 5 6 10 10 10 10 10 10 10
11 11 2 5 6 10 10 10 10 10 10 10 10
11 12 2 5 6 10 10 10 10 10 10 10 10 10
11 13 2 5 6 10 10 10 10 10 10 10 10 10 10
11 14 2 5 6 10 10 10 10 10 10 10 10 10 10 10
11 15 2 5 6 10 10 10 10 10 10 10 10 10 10 10 10
11 16 2 5 6 10 10 10 10 10 10 10 10 10 10 10 10 10
11 17 2 5 6 10 10 10 10 10 10 10 10 10 10 10 10 10 10
11 18 2 5 6 10 10 10 10 10 10 10 10 10 10 10 10 10 10 10
11 19 2 5 6 10 10 10 10 10 10 10 10 10 10 10 10 10 10 10 10
11 20 2 5 6 10 10 10 10 10 10 10 10 10 10 10 10 10 10 10 10 10
11 21 2 5 6 10 10 10 10 10 10 10 10 10 10 10 10 10 10 10 10 10 10
11 22 2 5 6 10 10 10 10 10 10 10 10 10 10 10 10 10 10 10 10 10 10 10
11 23 2 5 6 10 10 10 10 10 10 10 10 10 10 10 10 10 10 10 10 10 10 10 10
11 24 2 5 6 10 10 10 10 10 10 10 10 10 10 10 10 10 10 10 10 10 10 10 10 10
11 25 2 5 6 10 10 10 10 10 10 10 10 10 10 10 10 10 10 10 10 10 10 10 10 10 10
11 26 2 5 6 10 10 10 10 10 10 10 10 10 10 10 10 10 10 10 10 10 10 10 10 10 10 10
11 27 2 5 6 10 10 10 10 10 10 10 10 10 10 10 10 10 10 10 10 10 10 10 10 10 10 10 10
11 28 2 5 6 10 10 10 10 10 10 10 10 10 10 10 10 10 10 10 10 10 10 10 10 10 10 10 10 10
11 29 2 5 6 10 10 10 10 10 10 10 10 10 10 10 10 10 10 10 10 10 10 10 10 10 10 10 10 10 10
11 30 2 5 6 10 10 10 10 10 10 10 10 10 10 10 10 10 10 10 10 10 10 10 10 10 10 10 10 10 10 10
11 31 2 5 6 10 10 10 10 10 10 10 10 10 10 10 10 10 10 10 10 10 10 10 10 10 10 10 10 10 10 10 10
11 32 2 5 6 10 10 10 10 10 10 10 10 10 10 10 10 10 10 10 10 10 10 10 10 10 10 10 10 10 10 10 10 10
11 33 2 5 6 10 10 10 10 10 10 10 10 10 10 10 10 10 10 10 10 10 10 10 10 10 10 10 10 10 10 10 10 10 10
11 34 2 5 6 10 10 10 10 10 10 10 10 10 10 10 10 10 10 10 10 10 10 10 10 10 10 10 10 10 10 10 10 10 10 10
11 35 2 5 6 10 10 10 10 10 10 10 10 10 10 10 10 10 10 10 10 10 10 10 10 10 10 10 10 10 10 10 10 10 10 10 10
11 36 2 5 6 10 10 10 10 10 10 10 10 10 10 10 10 10 10 10 10 10 10 10 10 10 10 10 10 10 10 10 10 10 10 10 10 10
11 37 2 5 6 10 10 10 10 10 10 10 10 10 10 10 10 10 10 10 10 10 10 10 10 10 10 10 10 10 10 10 10 10 10 10 10 10 10
11 38 2 5 6 10 10 10 10 10 10 10 10 10 10 10 10 10 10 10 10 10 10 10 10 10 10 10 10 10 10 10 10 10 10 10 10 10 10 10
11 39 2 5 6 10 10 10 10 10 10 10 10 10 10 10 10 10 10 10 10 10 10 10 10 10 10 10 10 10 10 10 10 10 10 10 10 10 10 10 10
11 40 2 5 6 10 10 10 10 10 10 10 10 10 10 10 10 10 10 10 10 10 10 10 10 10 10 10 10 10 10 10 10 10 10 10 10 10 10 10 10 10
11 3 2 5 7
11 4 2 5 7 10
11 5 2 5 7 10 10
11 6 2 5 7 10 10 10
11 7 2 5 7 10 10 10 10
11 8 2 5 7 10 10 10 10 10
11 9 2 5 7 10 10 10 10 10 10
11 10 2 5 7 10 10 10 10 10 10 10
11 11 2 5 7 10 10 10 10 10 10 10 10
11 12 2 5 7 10 10 10 10 10 10 10 10 10
11 13 2 5 7 10 10 10 10 10 10 10 10 10 10
11 14 2 5 7 10 10 10 10 10 10 10 10 10 10 10
11 15 2 5 7 10 10 10 10 10 10 10 10 10 10 10 10
11 16 2 5 7 10 10 10 10 10 10 10 10 10 10 10 10 10
11 17 2 5 7 10 10 10 10 10 10 10 10 10 10 10 10 10 10
11 18 2 5 7 10 10 10 10 10 10 10 10 10 10 10 10 10 10 10
11 19 2 5 7 10 10 10 10 10 10 10 10 10 10 10 10 10 10 10 10
11 20 2 5 7 10 10 10 10 10 10 10 10 10 10 10 10 10 10 10 10 10
11 21 2 5 7 10 10 10 10 10 10 10 10 10 10 10 10 10 10 10 10 10 10
11 22 2 5 7 10 10 10 10 10 10 10 10 10 10 10 10 10 10 10 10 10 10 10
11 23 2 5 7 10 10 10 10 10 10 10 10 10 10 10 10 10 10 10 10 10 10 10 10
11 24 2 5 7 10 10 10 10 10 10 10 10 10 10 10 10 10 10 10 10 10 10 10 10 10
11 25 2 5 7 10 10 10 10 10 10 10 10 10 10 10 10 10 10 10 10 10 10 10 10 10 10
11 26 2 5 7 10 10 10 10 10 10 10 10 10 10 10 10 10 10 10 10 10 10 10 10 10 10 10
11 27 2 5 7 10 10 10 10 10 10 10 10 10 10 10 10 10 10 10 10 10 10 10 10 10 10 10 10
11 28 2 5 7 10 10 10 10 10 10 10 10 10 10 10 10 10 10 10 10 10 10 10 10 10 10 10 10 10
11 29 2 5 7 10 10 10 10 10 10 10 10 10 10 10 10 10 10 10 10 10 10 10 10 10 10 10 10 10 10
11 30 2 5 7 10 10 10 10 10 10 10 10 10 10 10 10 10 10 10 10 10 10 10 10 10 10 10 10 10 10 10
11 31 2 5 7 10 10 10 10 10 10 10 10 10 10 10 10 10 10 10 10 10 10 10 10 10 10 10 10 10 10 10 10
11 32 2 5 7 10 10 10 10 10 10 10 10 10 10 10 10 10 10 10 10 10 10 10 10 10 10 10 10 10 10 10 10 10
11 33 2 5 7 10 10 10 10 10 10 10 10 10 10 10 10 10 10 10 10 10 10 10 10 10 10 10 10 10 10 10 10 10 10
11 34 2 5 7 10 10 10 10 10 10 10 10 10 10 10 10 10 10 10 10 10 10 10 10 10 10 10 10 10 10 10 10 10 10 10
11 35 2 5 7 10 10 10 10 10 10 10 10 10 10 10 10 10 10 10 10 10 10 10 10 10 10 10 10 10 10 10 10 10 10 10 10
11 36 2 5 7 10 10 10 10 10 10 10 10 10 10 10 10 10 10 10 10 10 10 10 10 10 10 10 10 10 10 10 10 10 10 10 10 10
11 37 2 5 7 10 10 10 10 10 10 10 10 10 10 10 10 10 10 10 10 10 10 10 10 10 10 10 10 10 10 10 10 10 10 10 10 10 10
11 38 2 5 7 10 10 10 10 10 10 10 10 10 10 10 10 10 10 10 10 10 10 10 10 10 10 10 10 10 10 10 10 10 10 10 10 10 10 10
11 39 2 5 7 10 10 10 10 10 10 10 10 10 10 10 10 10 10 10 10 10 10 10 10 10 10 10 10 10 10 10 10 10 10 10 10 10 10 10 10
11 40 2 5 7 10 10 10 10 10 10 10 10 10 10 10 10 10 10 10 10 10 10 10 10 10 10 10 10 10 10 10 10 10 10 10 10 10 10 10 10 10
11 3 2 5 8
11 4 2 5 8 10
11 5 2 5 8 10 10
11 6 2 5 8 10 10 10
11 7 2 5 8 10 10 10 10
11 8 2 5 8 10 10 10 10 10
11 9 2 5 8 10 10 10 10 10 10
11 10 2 5 8 10 10 10 10 10 10 10
11 11 2 5 8 10 10 10 10 10 10 10 10
11 12 2 5 8 10 10 10 10 10 10 10 10 10
11 13 2 5 8 10 10 10 10 10 10 10 10 10 10
11 14 2 5 8 10 10 10 10 10 10 10 10 10 10 10
11 15 2 5 8 10 10 10 10 10 10 10 10 10 10 10 10
11 16 2 5 8 10 10 10 10 10 10 10 10 10 10 10 10 10
11 17 2 5 8 10 10 10 10 10 10 10 10 10 10 10 10 10 10
11 18 2 5 8 10 10 10 10 10 10 10 10 10 10 10 10 10 10 10
11 19 2 5 8 10 10 10 10 10 10 10 10 10 10 10 10 10 10 10 10
11 20 2 5 8 10 10 10 10 10 10 10 10 10 10 10 10 10 10 10 10 10
11 21 2 5 8 10 10 10 10 10 10 10 10 10 10 10 10 10 10 10 10 10 10
11 22 2 5 8 10 10 10 10 10 10 10 10 10 10 10 10 10 10 10 10 10 10 10
11 23 2 5 8 10 10 10 10 10 10 10 10 10 10 10 10 10 10 10 10 10 10 10 10
11 24 2 5 8 10 10 10 10 10 10 10 10 10 10 10 10 10 10 10 10 10 10 10 10 10
11 25 2 5 8 10 10 10 10 10 10 10 10 10 10 10 10 10 10 10 10 10 10 10 10 10 10
11 26 2 5 8 10 10 10 10 10 10 10 10 10 10 10 10 10 10 10 10 10 10 10 10 10 10 10
11 27 2 5 8 10 10 10 10 10 10 10 10 10 10 10 10 10 10 10 10 10 10 10 10 10 10 10 10
11 28 2 5 8 10 10 10 10 10 10 10 10 10 10 10 10 10 10 10 10 10 10 10 10 10 10 10 10 10
11 29 2 5 8 10 10 10 10 10 10 10 10 10 10 10 10 10 10 10 10 10 10 10 10 10 10 10 10 10 10
11 30 2 5 8 10 10 10 10 10 10 10 10 10 10 10 10 10 10 10 10 10 10 10 10 10 10 10 10 10 10 10
11 31 2 5 8 10 10 10 10 10 10 10 10 10 10 10 10 10 10 10 10 10 10 10 10 10 10 10 10 10 10 10 10
11 32 2 5 8 10 10 10 10 10 10 10 10 10 10 10 10 10 10 10 10 10 10 10 10 10 10 10 10 10 10 10 10 10
11 33 2 5 8 10 10 10 10 10 10 10 10 10 10 10 10 10 10 10 10 10 10 10 10 10 10 10 10 10 10 10 10 10 10
11 34 2 5 8 10 10 10 10 10 10 10 10 10 10 10 10 10 10 10 10 10 10 10 10 10 10 10 10 10 10 10 10 10 10 10
11 35 2 5 8 10 10 10 10 10 10 10 10 10 10 10 10 10 10 10 10 10 10 10 10 10 10 10 10 10 10 10 10 10 10 10 10
11 36 2 5 8 10 10 10 10 10 10 10 10 10 10 10 10 10 10 10 10 10 10 10 10 10 10 10 10 10 10 10 10 10 10 10 10 10
11 37 2 5 8 10 10 10 10 10 10 10 10 10 10 10 10 10 10 10 10 10 10 10 10 10 10 10 10 10 10 10 10 10 10 10 10 10 10
11 38 2 5 8 10 10 10 10 10 10 10 10 10 10 10 10 10 10 10 10 10 10 10 10 10 10 10 10 10 10 10 10 10 10 10 10 10 10 10
11 39 2 5 8 10 10 10 10 10 10 10 10 10 10 10 10 10 10 10 10 10 10 10 10 10 10 10 10 10 10 10 10 10 10 10 10 10 10 10 10
11 40 2 5 8 10 10 10 10 10 10 10 10 10 10 10 10 10 10 10 10 10 10 10 10 10 10 10 10 10 10 10 10 10 10 10 10 10 10 10 10 10
11 3 2 5 9
11 4 2 5 9 10
11 5 2 5 9 10 10
11 6 2 5 9 10 10 10
11 7 2 5 9 10 10 10 10
11 8 2 5 9 10 10 10 10 10
11 9 2 5 9 10 10 10 10 10 10
11 10 2 5 9 10 10 10 10 10 10 10
11 11 2 5 9 10 10 10 10 10 10 10 10
11 12 2 5 9 10 10 10 10 10 10 10 10 10
11 13 2 5 9 10 10 10 10 10 10 10 10 10 10
11 14 2 5 9 10 10 10 10 10 10 10 10 10 10 10
11 15 2 5 9 10 10 10 10 10 10 10 10 10 10 10 10
11 16 2 5 9 10 10 10 10 10 10 10 10 10 10 10 10 10
11 17 2 5 9 10 10 10 10 10 10 10 10 10 10 10 10 10 10
11 18 2 5 9 10 10 10 10 10 10 10 10 10 10 10 10 10 10 10
11 19 2 5 9 10 10 10 10 10 10 10 10 10 10 10 10 10 10 10 10
11 20 2 5 9 10 10 10 10 10 10 10 10 10 10 10 10 10 10 10 10 10
11 21 2 5 9 10 10 10 10 10 10 10 10 10 10 10 10 10 10 10 10 10 10
11 22 2 5 9 10 10 10 10 10 10 10 10 10 10 10 10 10 10 10 10 10 10 10
11 23 2 5 9 10 10 10 10 10 10 10 10 10 10 10 10 10 10 10 10 10 10 10 10
11 24 2 5 9 10 10 10 10 10 10 10 10 10 10 10 10 10 10 10 10 10 10 10 10 10
11 25 2 5 9 10 10 10 10 10 10 10 10 10 10 10 10 10 10 10 10 10 10 10 10 10 10
11 26 2 5 9 10 10 10 10 10 10 10 10 10 10 10 10 10 10 10 10 10 10 10 10 10 10 10
11 27 2 5 9 10 10 10 10 10 10 10 10 10 10 10 10 10 10 10 10 10 10 10 10 10 10 10 10
11 28 2 5 9 10 10 10 10 10 10 10 10 10 10 10 10 10 10 10 10 10 10 10 10 10 10 10 10 10
11 29 2 5 9 10 10 10 10 10 10 10 10 10 10 10 10 10 10 10 10 10 10 10 10 10 10 10 10 10 10
11 30 2 5 9 10 10 10 10 10 10 10 10 10 10 10 10 10 10 10 10 10 10 10 10 10 10 10 10 10 10 10
11 31 2 5 9 10 10 10 10 10 10 10 10 10 10 10 10 10 10 10 10 10 10 10 10 10 10 10 10 10 10 10 10
11 32 2 5 9 10 10 10 10 10 10 10 10 10 10 10 10 10 10 10 10 10 10 10 10 10 10 10 10 10 10 10 10 10
11 33 2 5 9 10 10 10 10 10 10 10 10 10 10 10 10 10 10 10 10 10 10 10 10 10 10 10 10 10 10 10 10 10 10
11 34 2 5 9 10 10 10 10 10 10 10 10 10 10 10 10 10 10 10 10 10 10 10 10 10 10 10 10 10 10 10 10 10 10 10
11 35 2 5 9 10 10 10 10 10 10 10 10 10 10 10 10 10 10 10 10 10 10 10 10 10 10 10 10 10 10 10 10 10 10 10 10
11 36 2 5 9 10 10 10 10 10 10 10 10 10 10 10 10 10 10 10 10 10 10 10 10 10 10 10 10 10 10 10 10 10 10 10 10 10
11 37 2 5 9 10 10 10 10 10 10 10 10 10 10 10 10 10 10 10 10 10 10 10 10 10 10 10 10 10 10 10 10 10 10 10 10 10 10
11 38 2 5 9 10 10 10 10 10 10 10 10 10 10 10 10 10 10 10 10 10 10 10 10 10 10 10 10 10 10 10 10 10 10 10 10 10 10 10
11 39 2 5 9 10 10 10 10 10 10 10 10 10 10 10 10 10 10 10 10 10 10 10 10 10 10 10 10 10 10 10 10 10 10 10 10 10 10 10 10
11 40 2 5 9 10 10 10 10 10 10 10 10 10 10 10 10 10 10 10 10 10 10 10 10 10 10 10 10 10 10 10 10 10 10 10 10 10 10 10 10 10
11 3 2 6 6
11 4 2 6 6 10
11 5 2 6 6 10 10
11 6 2 6 6 10 10 10
11 7 2 6 6 10 10 10 10
11 8 2 6 6 10 10 10 10 10
11 9 2 6 6 10 10 10 10 10 10
11 10 2 6 6 10 10 10 10 10 10 10
11 11 2 6 6 10 10 10 10 10 10 10 10
11 12 2 6 6 10 10 10 10 10 10 10 10 10
11 13 2 6 6 10 10 10 10 10 10 10 10 10 10
11 14 2 6 6 10 10 10 10 10 10 10 10 10 10 10
11 15 2 6 6 10 10 10 10 10 10 10 10 10 10 10 10
11 16 2 6 6 10 10 10 10 10 10 10 10 10 10 10 10 10
11 17 2 6 6 10 10 10 10 10 10 10 10 10 10 10 10 10 10
11 18 2 6 6 10 10 10 10 10 10 10 10 10 10 10 10 10 10 10
11 19 2 6 6 10 10 10 10 10 10 10 10 10 10 10 10 10 10 10 10
11 20 2 6 6 10 10 10 10 10 10 10 10 10 10 10 10 10 10 10 10 10
11 21 2 6 6 10 10 10 10 10 10 10 10 10 10 10 10 10 10 10 10 10 10
11 22 2 6 6 10 10 10 10 10 10 10 10 10 10 10 10 10 10 10 10 10 10 10
11 23 2 6 6 10 10 10 10 10 10 10 10 10 10 10 10 10 10 10 10 10 10 10 10
11 24 2 6 6 10 10 10 10 10 10 10 10 10 10 10 10 10 10 10 10 10 10 10 10 10
11 25 2 6 6 10 10 10 10 10 10 10 10 10 10 10 10 10 10 10 10 10 10 10 10 10 10
11 26 2 6 6 10 10 10 10 10 10 10 10 10 10 10 10 10 10 10 10 10 10 10 10 10 10 10
11 27 2 6 6 10 10 10 10 10 10 10 10 10 10 10 10 10 10 10 10 10 10 10 10 10 10 10 10
11 28 2 6 6 10 10 10 10 10 10 10 10 10 10 10 10 10 10 10 10 10 10 10 10 10 10 10 10 10
11 29 2 6 6 10 10 10 10 10 10 10 10 10 10 10 10 10 10 10 10 10 10 10 10 10 10 10 10 10 10
11 30 2 6 6 10 10 10 10 10 10 10 10 10 10 10 10 10 10 10 10 10 10 10 10 10 10 10 10 10 10 10
11 31 2 6 6 10 10 10 10 10 10 10 10 10 10 10 10 10 10 10 10 10 10 10 10 10 10 10 10 10 10 10 10
11 32 2 6 6 10 10 10 10 10 10 10 10 10 10 10 10 10 10 10 10 10 10 10 10 10 10 10 10 10 10 10 10 10
11 33 2 6 6 10 10 10 10 10 10 10 10 10 10 10 10 10 10 10 10 10 10 10 10 10 10 10 10 10 10 10 10 10 10
11 34 2 6 6 10 10 10 10 10 10 10 10 10 10 10 10 10 10 10 10 10 10 10 10 10 10 10 10 10 10 10 10 10 10 10
11 35 2 6 6 10 10 10 10 10 10 10 10 10 10 10 10 10 10 10 10 10 10 10 10 10 10 10 10 10 10 10 10 10 10 10 10
11 36 2 6 6 10 10 10 10 10 10 10 10 10 10 10 10 10 10 10 10 10 10 10 10 10 10 10 10 10 10 10 10 10 10 10 10 10
11 37 2 6 6 10 10 10 10 10 10 10 10 10 10 10 10 10 10 10 10 10 10 10 10 10 10 10 10 10 10 10 10 10 10 10 10 10 10
11 38 2 6 6 10 10 10 10 10 10 10 10 10 10 10 10 10 10 10 10 10 10 10 10 10 10 10 10 10 10 10 10 10 10 10 10 10 10 10
11 39 2 6 6 10 10 10 10 10 10 10 10 10 10 10 10 10 10 10 10 10 10 10 10 10 10 10 10 10 10 10 10 10 10 10 10 10 10 10 10
11 40 2 6 6 10 10 10 10 10 10 10 10 10 10 10 10 10 10 10 10 10 10 10 10 10 10 10 10 10 10 10 10 10 10 10 10 10 10 10 10 10
11 3 2 6 7
11 4 2 6 7 10
11 5 2 6 7 10 10
11 6 2 6 7 10 10 10
11 7 2 6 7 10 10 10 10
11 8 2 6 7 10 10 10 10 10
11 9 2 6 7 10 10 10 10 10 10
11 10 2 6 7 10 10 10 10 10 10 10
11 11 2 6 7 10 10 10 10 10 10 10 10
11 12 2 6 7 10 10 10 10 10 10 10 10 10
11 13 2 6 7 10 10 10 10 10 10 10 10 10 10
11 14 2 6 7 10 10 10 10 10 10 10 10 10 10 10
11 15 2 6 7 10 10 10 10 10 10 10 10 10 10 10 10
11 16 2 6 7 10 10 10 10 10 10 10 10 10 10 10 10 10
11 17 2 6 7 10 10 10 10 10 10 10 10 10 10 10 10 10 10
11 18 2 6 7 10 10 10 10 10 10 10 10 10 10 10 10 10 10 10
11 19 2 6 7 10 10 10 10 10 10 10 10 10 10 10 10 10 10 10 10
11 20 2 6 7 10 10 10 10 10 10 10 10 10 10 10 10 10 10 10 10 10
11 21 2 6 7 10 10 10 10 10 10 10 10 10 10 10 10 10 10 10 10 10 10
11 22 2 6 7 10 10 10 10 10 10 10 10 10 10 10 10 10 10 10 10 10 10 10
11 23 2 6 7 10 10 10 10 10 10 10 10 10 10 10 10 10 10 10 10 10 10 10 10
11 24 2 6 7 10 10 10 10 10 10 10 10 10 10 10 10 10 10 10 10 10 10 10 10 10
11 25 2 6 7 10 10 10 10 10 10 10 10 10 10 10 10 10 10 10 10 10 10 10 10 10 10
11 26 2 6 7 10 10 10 10 10 10 10 10 10 10 10 10 10 10 10 10 10 10 10 10 10 10 10
11 27 2 6 7 10 10 10 10 10 10 10 10 10 10 10 10 10 10 10 10 10 10 10 10 10 10 10 10
11 28 2 6 7 10 10 10 10 10 10 10 10 10 10 10 10 10 10 10 10 10 10 10 10 10 10 10 10 10
11 29 2 6 7 10 10 10 10 10 10 10 10 10 10 10 10 10 10 10 10 10 10 10 10 10 10 10 10 10 10
11 30 2 6 7 10 10 10 10 10 10 10 10 10 10 10 10 10 10 10 10 10 10 10 10 10 10 10 10 10 10 10
11 31 2 6 7 10 10 10 10 10 10 10 10 10 10 10 10 10 10 10 10 10 10 10 10 10 10 10 10 10 10 10 10
11 32 2 6 7 10 10 10 10 10 10 10 10 10 10 10 10 10 10 10 10 10 10 10 10 10 10 10 10 10 10 10 10 10
11 33 2 6 7 10 10 10 10 10 10 10 10 10 10 10 10 10 10 10 10 10 10 10 10 10 10 10 10 10 10 10 10 10 10
11 34 2 6 7 10 10 10 10 10 10 10 10 10 10 10 10 10 10 10 10 10 10 10 10 10 10 10 10 10 10 10 10 10 10 10
11 35 2 6 7 10 10 10 10 10 10 10 10 10 10 10 10 10 10 10 10 10 10 10 10 10 10 10 10 10 10 10 10 10 10 10 10
11 36 2 6 7 10 10 10 10 10 10 10 10 10 10 10 10 10 10 10 10 10 10 10 10 10 10 10 10 10 10 10 10 10 10 10 10 10
11 37 2 6 7 10 10 10 10 10 10 10 10 10 10 10 10 10 10 10 10 10 10 10 10 10 10 10 10 10 10 10 10 10 10 10 10 10 10
11 38 2 6 7 10 10 10 10 10 10 10 10 10 10 10 10 10 10 10 10 10 10 10 10 10 10 10 10 10 10 10 10 10 10 10 10 10 10 10
11 39 2 6 7 10 10 10 10 10 10 10 10 10 10 10 10 10 10 10 10 10 10 10 10 10 10 10 10 10 10 10 10 10 10 10 10 10 10 10 10
11 40 2 6 7 10 10 10 10 10 10 10 10 10 10 10 10 10 10 10 10 10 10 10 10 10 10 10 10 10 10 10 10 10 10 10 10 10 10 10 10 10
11 3 2 6 8
11 4 2 6 8 10
11 5 2 6 8 10 10
11 6 2 6 8 10 10 10
11 7 2 6 8 10 10 10 10
11 8 2 6 8 10 10 10 10 10
11 9 2 6 8 10 10 10 10 10 10
11 10 2 6 8 10 10 10 10 10 10 10
11 11 2 6 8 10 10 10 10 10 10 10 10
11 12 2 6 8 10 10 10 10 10 10 10 10 10
11 13 2 6 8 10 10 10 10 10 10 10 10 10 10
11 14 2 6 8 10 10 10 10 10 10 10 10 10 10 10
11 15 2 6 8 10 10 10 10 10 10 10 10 10 10 10 10
11 16 2 6 8 10 10 10 10 10 10 10 10 10 10 10 10 10
11 17 2 6 8 10 10 10 10 10 10 10 10 10 10 10 10 10 10
11 18 2 6 8 10 10 10 10 10 10 10 10 10 10 10 10 10 10 10
11 19 2 6 8 10 10 10 10 10 10 10 10 10 10 10 10 10 10 10 10
11 20 2 6 8 10 10 10 10 10 10 10 10 10 10 10 10 10 10 10 10 10
11 21 2 6 8 10 10 10 10 10 10 10 10 10 10 10 10 10 10 10 10 10 10
11 22 2 6 8 10 10 10 10 10 10 10 10 10 10 10 10 10 10 10 10 10 10 10
11 23 2 6 8 10 10 10 10 10 10 10 10 10 10 10 10 10 10 10 10 10 10 10 10
11 24 2 6 8 10 10 10 10 10 10 10 10 10 10 10 10 10 10 10 10 10 10 10 10 10
11 25 2 6 8 10 10 10 10 10 10 10 10 10 10 10 10 10 10 10 10 10 10 10 10 10 10
11 26 2 6 8 10 10 10 10 10 10 10 10 10 10 10 10 10 10 10 10 10 10 10 10 10 10 10
11 27 2 6 8 10 10 10 10 10 10 10 10 10 10 10 10 10 10 10 10 10 10 10 10 10 10 10 10
11 28 2 6 8 10 10 10 10 10 10 10 10 10 10 10 10 10 10 10 10 10 10 10 10 10 10 10 10 10
11 29 2 6 8 10 10 10 10 10 10 10 10 10 10 10 10 10 10 10 10 10 10 10 10 10 10 10 10 10 10
11 30 2 6 8 10 10 10 10 10 10 10 10 10 10 10 10 10 10 10 10 10 10 10 10 10 10 10 10 10 10 10
11 31 2 6 8 10 10 10 10 10 10 10 10 10 10 10 10 10 10 10 10 10 10 10 10 10 10 10 10 10 10 10 10
11 32 2 6 8 10 10 10 10 10 10 10 10 10 10 10 10 10 10 10 10 10 10 10 10 10 10 10 10 10 10 10 10 10
11 33 2 6 8 10 10 10 10 10 10 10 10 10 10 10 10 10 10 10 10 10 10 10 10 10 10 10 10 10 10 10 10 10 10
11 34 2 6 8 10 10 10 10 10 10 10 10 10 10 10 10 10 10 10 10 10 10 10 10 10 10 10 10 10 10 10 10 10 10 10
11 35 2 6 8 10 10 10 10 10 10 10 10 10 10 10 10 10 10 10 10 10 10 10 10 10 10 10 10 10 10 10 10 10 10 10 10
11 36 2 6 8 10 10 10 10 10 10 10 10 10 10 10 10 10 10 10 10 10 10 10 10 10 10 10 10 10 10 10 10 10 10 10 10 10
11 37 2 6 8 10 10 10 10 10 10 10 10 10 10 10 10 10 10 10 10 10 10 10 10 10 10 10 10 10 10 10 10 10 10 10 10 10 10
11 38 2 6 8 10 10 10 10 10 10 10 10 10 10 10 10 10 10 10 10 10 10 10 10 10 10 10 10 10 10 10 10 10 10 10 10 10 10 10
11 39 2 6 8 10 10 10 10 10 10 10 10 10 10 10 10 10 10 10 10 10 10 10 10 10 10 10 10 10 10 10 10 10 10 10 10 10 10 10 10
11 40 2 6 8 10 10 10 10 10 10 10 10 10 10 10 10 10 10 10 10 10 10 10 10 10 10 10 10 10 10 10 10 10 10 10 10 10 10 10 10 10
11 3 2 6 9
11 4 2 6 9 10
11 5 2 6 9 10 10
11 6 2 6 9 10 10 10
11 7 2 6 9 10 10 10 10
11 8 2 6 9 10 10 10 10 10
11 9 2 6 9 10 10 10 10 10 10
11 10 2 6 9 10 10 10 10 10 10 10
11 11 2 6 9 10 10 10 10 10 10 10 10
11 12 2 6 9 10 10 10 10 10 10 10 10 10
11 13 2 6 9 10 10 10 10 10 10 10 10 10 10
11 14 2 6 9 10 10 10 10 10 10 10 10 10 10 10
11 15 2 6 9 10 10 10 10 10 10 10 10 10 10 10 10
11 16 2 6 9 10 10 10 10 10 10 10 10 10 10 10 10 10
11 17 2 6 9 10 10 10 10 10 10 10 10 10 10 10 10 10 10
11 18 2 6 9 10 10 10 10 10 10 10 10 10 10 10 10 10 10 10
11 19 2 6 9 10 10 10 10 10 10 10 10 10 10 10 10 10 10 10 10
11 20 2 6 9 10 10 10 10 10 10 10 10 10 10 10 10 10 10 10 10 10
11 21 2 6 9 10 10 10 10 10 10 10 10 10 10 10 10 10 10 10 10 10 10
11 22 2 6 9 10 10 10 10 10 10 10 10 10 10 10 10 10 10 10 10 10 10 10
11 23 2 6 9 10 10 10 10 10 10 10 10 10 10 10 10 10 10 10 10 10 10 10 10
11 24 2 6 9 10 10 10 10 10 10 10 10 10 10 10 10 10 10 10 10 10 10 10 10 10
11 25 2 6 9 10 10 10 10 10 10 10 10 10 10 10 10 10 10 10 10 10 10 10 10 10 10
11 26 2 6 9 10 10 10 10 10 10 10 10 10 10 10 10 10 10 10 10 10 10 10 10 10 10 10
11 27 2 6 9 10 10 10 10 10 10 10 10 10 10 10 10 10 10 10 10 10 10 10 10 10 10 10 10
11 28 2 6 9 10 10 10 10 10 10 10 10 10 10 10 10 10 10 10 10 10 10 10 10 10 10 10 10 10
11 29 2 6 9 10 10 10 10 10 10 10 10 10 10 10 10 10 10 10 10 10 10 10 10 10 10 10 10 10 10
11 30 2 6 9 10 10 10 10 10 10 10 10 10 10 10 10 10 10 10 10 10 10 10 10 10 10 10 10 10 10 10
11 31 2 6 9 10 10 10 10 10 10 10 10 10 10 10 10 10 10 10 10 10 10 10 10 10 10 10 10 10 10 10 10
11 32 2 6 9 10 10 10 10 10 10 10 10 10 10 10 10 10 10 10 10 10 10 10 10 10 10 10 10 10 10 10 10 10
11 33 2 6 9 10 10 10 10 10 10 10 10 10 10 10 10 10 10 10 10 10 10 10 10 10 10 10 10 10 10 10 10 10 10
11 34 2 6 9 10 10 10 10 10 10 10 10 10 10 10 10 10 10 10 10 10 10 10 10 10 10 10 10 10 10 10 10 10 10 10
11 35 2 6 9 10 10 10 10 10 10 10 10 10 10 10 10 10 10 10 10 10 10 10 10 10 10 10 10 10 10 10 10 10 10 10 10
11 36 2 6 9 10 10 10 10 10 10 10 10 10 10 10 10 10 10 10 10 10 10 10 10 10 10 10 10 10 10 10 10 10 10 10 10 10
11 37 2 6 9 10 10 10 10 10 10 10 10 10 10 10 10 10 10 10 10 10 10 10 10 10 10 10 10 10 10 10 10 10 10 10 10 10 10
11 38 2 6 9 10 10 10 10 10 10 10 10 10 10 10 10 10 10 10 10 10 10 10 10 10 10 10 10 10 10 10 10 10 10 10 10 10 10 10
11 39 2 6 9 10 10 10 10 10 10 10 10 10 10 10 10 10 10 10 10 10 10 10 10 10 10 10 10 10 10 10 10 10 10 10 10 10 10 10 10
11 40 2 6 9 10 10 10 10 10 10 10 10 10 10 10 10 10 10 10 10 10 10 10 10 10 10 10 10 10 10 10 10 10 10 10 10 10 10 10 10 10
11 3 2 7 7
11 4 2 7 7 10
11 5 2 7 7 10 10
11 6 2 7 7 10 10 10
11 7 2 7 7 10 10 10 10
11 8 2 7 7 10 10 10 10 10
11 9 2 7 7 10 10 10 10 10 10
11 10 2 7 7 10 10 10 10 10 10 10
11 11 2 7 7 10 10 10 10 10 10 10 10
11 12 2 7 7 10 10 10 10 10 10 10 10 10
11 13 2 7 7 10 10 10 10 10 10 10 10 10 10
11 14 2 7 7 10 10 10 10 10 10 10 10 10 10 10
11 15 2 7 7 10 10 10 10 10 10 10 10 10 10 10 10
11 16 2 7 7 10 10 10 10 10 10 10 10 10 10 10 10 10
11 17 2 7 7 10 10 10 10 10 10 10 10 10 10 10 10 10 10
11 18 2 7 7 10 10 10 10 10 10 10 10 10 10 10 10 10 10 10
11 19 2 7 7 10 10 10 10 10 10 10 10 10 10 10 10 10 10 10 10
11 20 2 7 7 10 10 10 10 10 10 10 10 10 10 10 10 10 10 10 10 10
11 21 2 7 7 10 10 10 10 10 10 10 10 10 10 10 10 10 10 10 10 10 10
11 22 2 7 7 10 10 10 10 10 10 10 10 10 10 10 10 10 10 10 10 10 10 10
11 23 2 7 7 10 10 10 10 10 10 10 10 10 10 10 10 10 10 10 10 10 10 10 10
11 24 2 7 7 10 10 10 10 10 10 10 10 10 10 10 10 10 10 10 10 10 10 10 10 10
11 25 2 7 7 10 10 10 10 10 10 10 10 10 10 10 10 10 10 10 10 10 10 10 10 10 10
11 26 2 7 7 10 10 10 10 10 10 10 10 10 10 10 10 10 10 10 10 10 10 10 10 10 10 10
11 27 2 7 7 10 10 10 10 10 10 10 10 10 10 10 10 10 10 10 10 10 10 10 10 10 10 10 10
11 28 2 7 7 10 10 10 10 10 10 10 10 10 10 10 10 10 10 10 10 10 10 10 10 10 10 10 10 10
11 29 2 7 7 10 10 10 10 10 10 10 10 10 10 10 10 10 10 10 10 10 10 10 10 10 10 10 10 10 10
11 30 2 7 7 10 10 10 10 10 10 10 10 10 10 10 10 10 10 10 10 10 10 10 10 10 10 10 10 10 10 10
11 31 2 7 7 10 10 10 10 10 10 10 10 10 10 10 10 10 10 10 10 10 10 10 10 10 10 10 10 10 10 10 10
11 32 2 7 7 10 10 10 10 10 10 10 10 10 10 10 10 10 10 10 10 10 10 10 10 10 10 10 10 10 10 10 10 10
11 33 2 7 7 10 10 10 10 10 10 10 10 10 10 10 10 10 10 10 10 10 10 10 10 10 10 10 10 10 10 10 10 10 10
11 34 2 7 7 10 10 10 10 10 10 10 10 10 10 10 10 10 10 10 10 10 10 10 10 10 10 10 10 10 10 10 10 10 10 10
11 35 2 7 7 10 10 10 10 10 10 10 10 10 10 10 10 10 10 10 10 10 10 10 10 10 10 10 10 10 10 10 10 10 10 10 10
11 36 2 7 7 10 10 10 10 10 10 10 10 10 10 10 10 10 10 10 10 10 10 10 10 10 10 10 10 10 10 10 10 10 10 10 10 10
11 37 2 7 7 10 10 10 10 10 10 10 10 10 10 10 10 10 10 10 10 10 10 10 10 10 10 10 10 10 10 10 10 10 10 10 10 10 10
11 38 2 7 7 10 10 10 10 10 10 10 10 10 10 10 10 10 10 10 10 10 10 10 10 10 10 10 10 10 10 10 10 10 10 10 10 10 10 10
11 39 2 7 7 10 10 10 10 10 10 10 10 10 10 10 10 10 10 10 10 10 10 10 10 10 10 10 10 10 10 10 10 10 10 10 10 10 10 10 10
11 40 2 7 7 10 10 10 10 10 10 10 10 10 10 10 10 10 10 10 10 10 10 10 10 10 10 10 10 10 10 10 10 10 10 10 10 10 10 10 10 10
11 3 2 7 8
11 4 2 7 8 10
11 5 2 7 8 10 10
11 6 2 7 8 10 10 10
11 7 2 7 8 10 10 10 10
11 8 2 7 8 10 10 10 10 10
11 9 2 7 8 10 10 10 10 10 10
11 10 2 7 8 10 10 10 10 10 10 10
11 11 2 7 8 10 10 10 10 10 10 10 10
11 12 2 7 8 10 10 10 10 10 10 10 10 10
11 13 2 7 8 10 10 10 10 10 10 10 10 10 10
11 14 2 7 8 10 10 10 10 10 10 10 10 10 10 10
11 15 2 7 8 10 10 10 10 10 10 10 10 10 10 10 10
11 16 2 7 8 10 10 10 10 10 10 10 10 10 10 10 10 10
11 17 2 7 8 10 10 10 10 10 10 10 10 10 10 10 10 10 10
11 18 2 7 8 10 10 10 10 10 10 10 10 10 10 10 10 10 10 10
11 19 2 7 8 10 10 10 10 10 10 10 10 10 10 10 10 10 10 10 10
11 20 2 7 8 10 10 10 10 10 10 10 10 10 10 10 10 10 10 10 10 10
11 21 2 7 8 10 10 10 10 10 10 10 10 10 10 10 10 10 10 10 10 10 10
11 22 2 7 8 10 10 10 10 10 10 10 10 10 10 10 10 10 10 10 10 10 10 10
11 23 2 7 8 10 10 10 10 10 10 10 10 10 10 10 10 10 10 10 10 10 10 10 10
11 24 2 7 8 10 10 10 10 10 10 10 10 10 10 10 10 10 10 10 10 10 10 10 10 10
11 25 2 7 8 10 10 10 10 10 10 10 10 10 10 10 10 10 10 10 10 10 10 10 10 10 10
11 26 2 7 8 10 10 10 10 10 10 10 10 10 10 10 10 10 10 10 10 10 10 10 10 10 10 10
11 27 2 7 8 10 10 10 10 10 10 10 10 10 10 10 10 10 10 10 10 10 10 10 10 10 10 10 10
11 28 2 7 8 10 10 10 10 10 10 10 10 10 10 10 10 10 10 10 10 10 10 10 10 10 10 10 10 10
11 29 2 7 8 10 10 10 10 10 10 10 10 10 10 10 10 10 10 10 10 10 10 10 10 10 10 10 10 10 10
11 30 2 7 8 10 10 10 10 10 10 10 10 10 10 10 10 10 10 10 10 10 10 10 10 10 10 10 10 10 10 10
11 31 2 7 8 10 10 10 10 10 10 10 10 10 10 10 10 10 10 10 10 10 10 10 10 10 10 10 10 10 10 10 10
11 32 2 7 8 10 10 10 10 10 10 10 10 10 10 10 10 10 10 10 10 10 10 10 10 10 10 10 10 10 10 10 10 10
11 33 2 7 8 10 10 10 10 10 10 10 10 10 10 10 10 10 10 10 10 10 10 10 10 10 10 10 10 10 10 10 10 10 10
11 34 2 7 8 10 10 10 10 10 10 10 10 10 10 10 10 10 10 10 10 10 10 10 10 10 10 10 10 10 10 10 10 10 10 10
11 35 2 7 8 10 10 10 10 10 10 10 10 10 10 10 10 10 10 10 10 10 10 10 10 10 10 10 10 10 10 10 10 10 10 10 10
11 36 2 7 8 10 10 10 10 10 10 10 10 10 10 10 10 10 10 10 10 10 10 10 10 10 10 10 10 10 10 10 10 10 10 10 10 10
11 37 2 7 8 10 10 10 10 10 10 10 10 10 10 10 10 10 10 10 10 10 10 10 10 10 10 10 10 10 10 10 10 10 10 10 10 10 10
11 38 2 7 8 10 10 10 10 10 10 10 10 10 10 10 10 10 10 10 10 10 10 10 10 10 10 10 10 10 10 10 10 10 10 10 10 10 10 10
11 39 2 7 8 10 10 10 10 10 10 10 10 10 10 10 10 10 10 10 10 10 10 10 10 10 10 10 10 10 10 10 10 10 10 10 10 10 10 10 10
11 40 2 7 8 10 10 10 10 10 10 10 10 10 10 10 10 10 10 10 10 10 10 10 10 10 10 10 10 10 10 10 10 10 10 10 10 10 10 10 10 10
11 3 2 7 9
11 4 2 7 9 10
11 5 2 7 9 10 10
11 6 2 7 9 10 10 10
11 7 2 7 9 10 10 10 10
11 8 2 7 9 10 10 10 10 10
11 9 2 7 9 10 10 10 10 10 10
11 10 2 7 9 10 10 10 10 10 10 10
11 11 2 7 9 10 10 10 10 10 10 10 10
11 12 2 7 9 10 10 10 10 10 10 10 10 10
11 13 2 7 9 10 10 10 10 10 10 10 10 10 10
11 14 2 7 9 10 10 10 10 10 10 10 10 10 10 10
11 15 2 7 9 10 10 10 10 10 10 10 10 10 10 10 10
11 16 2 7 9 10 10 10 10 10 10 10 10 10 10 10 10 10
11 17 2 7 9 10 10 10 10 10 10 10 10 10 10 10 10 10 10
11 18 2 7 9 10 10 10 10 10 10 10 10 10 10 10 10 10 10 10
11 19 2 7 9 10 10 10 10 10 10 10 10 10 10 10 10 10 10 10 10
11 20 2 7 9 10 10 10 10 10 10 10 10 10 10 10 10 10 10 10 10 10
11 21 2 7 9 10 10 10 10 10 10 10 10 10 10 10 10 10 10 10 10 10 10
11 22 2 7 9 10 10 10 10 10 10 10 10 10 10 10 10 10 10 10 10 10 10 10
11 23 2 7 9 10 10 10 10 10 10 10 10 10 10 10 10 10 10 10 10 10 10 10 10
11 24 2 7 9 10 10 10 10 10 10 10 10 10 10 10 10 10 10 10 10 10 10 10 10 10
11 25 2 7 9 10 10 10 10 10 10 10 10 10 10 10 10 10 10 10 10 10 10 10 10 10 10
11 26 2 7 9 10 10 10 10 10 10 10 10 10 10 10 10 10 10 10 10 10 10 10 10 10 10 10
11 27 2 7 9 10 10 10 10 10 10 10 10 10 10 10 10 10 10 10 10 10 10 10 10 10 10 10 10
11 28 2 7 9 10 10 10 10 10 10 10 10 10 10 10 10 10 10 10 10 10 10 10 10 10 10 10 10 10
11 29 2 7 9 10 10 10 10 10 10 10 10 10 10 10 10 10 10 10 10 10 10 10 10 10 10 10 10 10 10
11 30 2 7 9 10 10 10 10 10 10 10 10 10 10 10 10 10 10 10 10 10 10 10 10 10 10 10 10 10 10 10
11 31 2 7 9 10 10 10 10 10 10 10 10 10 10 10 10 10 10 10 10 10 10 10 10 10 10 10 10 10 10 10 10
11 32 2 7 9 10 10 10 10 10 10 10 10 10 10 10 10 10 10 10 10 10 10 10 10 10 10 10 10 10 10 10 10 10
11 33 2 7 9 10 10 10 10 10 10 10 10 10 10 10 10 10 10 10 10 10 10 10 10 10 10 10 10 10 10 10 10 10 10
11 34 2 7 9 10 10 10 10 10 10 10 10 10 10 10 10 10 10 10 10 10 10 10 10 10 10 10 10 10 10 10 10 10 10 10
11 35 2 7 9 10 10 10 10 10 10 10 10 10 10 10 10 10 10 10 10 10 10 10 10 10 10 10 10 10 10 10 10 10 10 10 10
11 36 2 7 9 10 10 10 10 10 10 10 10 10 10 10 10 10 10 10 10 10 10 10 10 10 10 10 10 10 10 10 10 10 10 10 10 10
11 37 2 7 9 10 10 10 10 10 10 10 10 10 10 10 10 10 10 10 10 10 10 10 10 10 10 10 10 10 10 10 10 10 10 10 10 10 10
11 38 2 7 9 10 10 10 10 10 10 10 10 10 10 10 10 10 10 10 10 10 10 10 10 10 10 10 10 10 10 10 10 10 10 10 10 10 10 10
11 39 2 7 9 10 10 10 10 10 10 10 10 10 10 10 10 10 10 10 10 10 10 10 10 10 10 10 10 10 10 10 10 10 10 10 10 10 10 10 10
11 40 2 7 9 10 10 10 10 10 10 10 10 10 10 10 10 10 10 10 10 10 10 10 10 10 10 10 10 10 10 10 10 10 10 10 10 10 10 10 10 10
11 3 2 8 8
11 4 2 8 8 10
11 5 2 8 8 10 10
11 6 2 8 8 10 10 10
11 7 2 8 8 10 10 10 10
11 8 2 8 8 10 10 10 10 10
11 9 2 8 8 10 10 10 10 10 10
11 10 2 8 8 10 10 10 10 10 10 10
11 11 2 8 8 10 10 10 10 10 10 10 10
11 12 2 8 8 10 10 10 10 10 10 10 10 10
11 13 2 8 8 10 10 10 10 10 10 10 10 10 10
11 14 2 8 8 10 10 10 10 10 10 10 10 10 10 10
11 15 2 8 8 10 10 10 10 10 10 10 10 10 10 10 10
11 16 2 8 8 10 10 10 10 10 10 10 10 10 10 10 10 10
11 17 2 8 8 10 10 10 10 10 10 10 10 10 10 10 10 10 10
11 18 2 8 8 10 10 10 10 10 10 10 10 10 10 10 10 10 10 10
11 19 2 8 8 10 10 10 10 10 10 10 10 10 10 10 10 10 10 10 10
11 20 2 8 8 10 10 10 10 10 10 10 10 10 10 10 10 10 10 10 10 10
11 21 2 8 8 10 10 10 10 10 10 10 10 10 10 10 10 10 10 10 10 10 10
11 22 2 8 8 10 10 10 10 10 10 10 10 10 10 10 10 10 10 10 10 10 10 10
11 23 2 8 8 10 10 10 10 10 10 10 10 10 10 10 10 10 10 10 10 10 10 10 10
11 24 2 8 8 10 10 10 10 10 10 10 10 10 10 10 10 10 10 10 10 10 10 10 10 10
11 25 2 8 8 10 10 10 10 10 10 10 10 10 10 10 10 10 10 10 10 10 10 10 10 10 10
11 26 2 8 8 10 10 10 10 10 10 10 10 10 10 10 10 10 10 10 10 10 10 10 10 10 10 10
11 27 2 8 8 10 10 10 10 10 10 10 10 10 10 10 10 10 10 10 10 10 10 10 10 10 10 10 10
11 28 2 8 8 10 10 10 10 10 10 10 10 10 10 10 10 10 10 10 10 10 10 10 10 10 10 10 10 10
11 29 2 8 8 10 10 10 10 10 10 10 10 10 10 10 10 10 10 10 10 10 10 10 10 10 10 10 10 10 10
11 30 2 8 8 10 10 10 10 10 10 10 10 10 10 10 10 10 10 10 10 10 10 10 10 10 10 10 10 10 10 10
11 31 2 8 8 10 10 10 10 10 10 10 10 10 10 10 10 10 10 10 10 10 10 10 10 10 10 10 10 10 10 10 10
11 32 2 8 8 10 10 10 10 10 10 10 10 10 10 10 10 10 10 10 10 10 10 10 10 10 10 10 10 10 10 10 10 10
11 33 2 8 8 10 10 10 10 10 10 10 10 10 10 10 10 10 10 10 10 10 10 10 10 10 10 10 10 10 10 10 10 10 10
11 34 2 8 8 10 10 10 10 10 10 10 10 10 10 10 10 10 10 10 10 10 10 10 10 10 10 10 10 10 10 10 10 10 10 10
11 35 2 8 8 10 10 10 10 10 10 10 10 10 10 10 10 10 10 10 10 10 10 10 10 10 10 10 10 10 10 10 10 10 10 10 10
11 36 2 8 8 10 10 10 10 10 10 10 10 10 10 10 10 10 10 10 10 10 10 10 10 10 10 10 10 10 10 10 10 10 10 10 10 10
11 37 2 8 8 10 10 10 10 10 10 10 10 10 10 10 10 10 10 10 10 10 10 10 10 10 10 10 10 10 10 10 10 10 10 10 10 10 10
11 38 2 8 8 10 10 10 10 10 10 10 10 10 10 10 10 10 10 10 10 10 10 10 10 10 10 10 10 10 10 10 10 10 10 10 10 10 10 10
11 39 2 8 8 10 10 10 10 10 10 10 10 10 10 10 10 10 10 10 10 10 10 10 10 10 10 10 10 10 10 10 10 10 10 10 10 10 10 10 10
11 40 2 8 8 10 10 10 10 10 10 10 10 10 10 10 10 10 10 10 10 10 10 10 10 10 10 10 10 10 10 10 10 10 10 10 10 10 10 10 10 10
11 3 2 8 9
11 4 2 8 9 10
11 5 2 8 9 10 10
11 6 2 8 9 10 10 10
11 7 2 8 9 10 10 10 10
11 8 2 8 9 10 10 10 10 10
11 9 2 8 9 10 10 10 10 10 10
11 10 2 8 9 10 10 10 10 10 10 10
11 11 2 8 9 10 10 10 10 10 10 10 10
11 12 2 8 9 10 10 10 10 10 10 10 10 10
11 13 2 8 9 10 10 10 10 10 10 10 10 10 10
11 14 2 8 9 10 10 10 10 10 10 10 10 10 10 10
11 15 2 8 9 10 10 10 10 10 10 10 10 10 10 10 10
11 16 2 8 9 10 10 10 10 10 10 10 10 10 10 10 10 10
11 17 2 8 9 10 10 10 10 10 10 10 10 10 10 10 10 10 10
11 18 2 8 9 10 10 10 10 10 10 10 10 10 10 10 10 10 10 10
11 19 2 8 9 10 10 10 10 10 10 10 10 10 10 10 10 10 10 10 10
11 20 2 8 9 10 10 10 10 10 10 10 10 10 10 10 10 10 10 10 10 10
11 21 2 8 9 10 10 10 10 10 10 10 10 10 10 10 10 10 10 10 10 10 10
11 22 2 8 9 10 10 10 10 10 10 10 10 10 10 10 10 10 10 10 10 10 10 10
11 23 2 8 9 10 10 10 10 10 10 10 10 10 10 10 10 10 10 10 10 10 10 10 10
11 24 2 8 9 10 10 10 10 10 10 10 10 10 10 10 10 10 10 10 10 10 10 10 10 10
11 25 2 8 9 10 10 10 10 10 10 10 10 10 10 10 10 10 10 10 10 10 10 10 10 10 10
11 26 2 8 9 10 10 10 10 10 10 10 10 10 10 10 10 10 10 10 10 10 10 10 10 10 10 10
11 27 2 8 9 10 10 10 10 10 10 10 10 10 10 10 10 10 10 10 10 10 10 10 10 10 10 10 10
11 28 2 8 9 10 10 10 10 10 10 10 10 10 10 10 10 10 10 10 10 10 10 10 10 10 10 10 10 10
11 29 2 8 9 10 10 10 10 10 10 10 10 10 10 10 10 10 10 10 10 10 10 10 10 10 10 10 10 10 10
11 30 2 8 9 10 10 10 10 10 10 10 10 10 10 10 10 10 10 10 10 10 10 10 10 10 10 10 10 10 10 10
11 31 2 8 9 10 10 10 10 10 10 10 10 10 10 10 10 10 10 10 10 10 10 10 10 10 10 10 10 10 10 10 10
11 32 2 8 9 10 10 10 10 10 10 10 10 10 10 10 10 10 10 10 10 10 10 10 10 10 10 10 10 10 10 10 10 10
11 33 2 8 9 10 10 10 10 10 10 10 10 10 10 10 10 10 10 10 10 10 10 10 10 10 10 10 10 10 10 10 10 10 10
11 34 2 8 9 10 10 10 10 10 10 10 10 10 10 10 10 10 10 10 10 10 10 10 10 10 10 10 10 10 10 10 10 10 10 10
11 35 2 8 9 10 10 10 10 10 10 10 10 10 10 10 10 10 10 10 10 10 10 10 10 10 10 10 10 10 10 10 10 10 10 10 10
11 36 2 8 9 10 10 10 10 10 10 10 10 10 10 10 10 10 10 10 10 10 10 10 10 10 10 10 10 10 10 10 10 10 10 10 10 10
11 37 2 8 9 10 10 10 10 10 10 10 10 10 10 10 10 10 10 10 10 10 10 10 10 10 10 10 10 10 10 10 10 10 10 10 10 10 10
11 38 2 8 9 10 10 10 10 10 10 10 10 10 10 10 10 10 10 10 10 10 10 10 10 10 10 10 10 10 10 10 10 10 10 10 10 10 10 10
11 39 2 8 9 10 10 10 10 10 10 10 10 10 10 10 10 10 10 10 10 10 10 10 10 10 10 10 10 10 10 10 10 10 10 10 10 10 10 10 10
11 40 2 8 9 10 10 10 10 10 10 10 10 10 10 10 10 10 10 10 10 10 10 10 10 10 10 10 10 10 10 10 10 10 10 10 10 10 10 10 10 10
11 3 2 9 9
11 4 2 9 9 10
11 5 2 9 9 10 10
11 6 2 9 9 10 10 10
11 7 2 9 9 10 10 10 10
11 8 2 9 9 10 10 10 10 10
11 9 2 9 9 10 10 10 10 10 10
11 10 2 9 9 10 10 10 10 10 10 10
11 11 2 9 9 10 10 10 10 10 10 10 10
11 12 2 9 9 10 10 10 10 10 10 10 10 10
11 13 2 9 9 10 10 10 10 10 10 10 10 10 10
11 14 2 9 9 10 10 10 10 10 10 10 10 10 10 10
11 15 2 9 9 10 10 10 10 10 10 10 10 10 10 10 10
11 16 2 9 9 10 10 10 10 10 10 10 10 10 10 10 10 10
11 17 2 9 9 10 10 10 10 10 10 10 10 10 10 10 10 10 10
11 18 2 9 9 10 10 10 10 10 10 10 10 10 10 10 10 10 10 10
11 19 2 9 9 10 10 10 10 10 10 10 10 10 10 10 10 10 10 10 10
11 20 2 9 9 10 10 10 10 10 10 10 10 10 10 10 10 10 10 10 10 10
11 21 2 9 9 10 10 10 10 10 10 10 10 10 10 10 10 10 10 10 10 10 10
11 22 2 9 9 10 10 10 10 10 10 10 10 10 10 10 10 10 10 10 10 10 10 10
11 23 2 9 9 10 10 10 10 10 10 10 10 10 10 10 10 10 10 10 10 10 10 10 10
11 24 2 9 9 10 10 10 10 10 10 10 10 10 10 10 10 10 10 10 10 10 10 10 10 10
11 25 2 9 9 10 10 10 10 10 10 10 10 10 10 10 10 10 10 10 10 10 10 10 10 10 10
11 26 2 9 9 10 10 10 10 10 10 10 10 10 10 10 10 10 10 10 10 10 10 10 10 10 10 10
11 27 2 9 9 10 10 10 10 10 10 10 10 10 10 10 10 10 10 10 10 10 10 10 10 10 10 10 10
11 28 2 9 9 10 10 10 10 10 10 10 10 10 10 10 10 10 10 10 10 10 10 10 10 10 10 10 10 10
11 29 2 9 9 10 10 10 10 10 10 10 10 10 10 10 10 10 10 10 10 10 10 10 10 10 10 10 10 10 10
11 30 2 9 9 10 10 10 10 10 10 10 10 10 10 10 10 10 10 10 10 10 10 10 10 10 10 10 10 10 10 10
11 31 2 9 9 10 10 10 10 10 10 10 10 10 10 10 10 10 10 10 10 10 10 10 10 10 10 10 10 10 10 10 10
11 32 2 9 9 10 10 10 10 10 10 10 10 10 10 10 10 10 10 10 10 10 10 10 10 10 10 10 10 10 10 10 10 10
11 33 2 9 9 10 10 10 10 10 10 10 10 10 10 10 10 10 10 10 10 10 10 10 10 10 10 10 10 10 10 10 10 10 10
11 34 2 9 9 10 10 10 10 10 10 10 10 10 10 10 10 10 10 10 10 10 10 10 10 10 10 10 10 10 10 10 10 10 10 10
11 35 2 9 9 10 10 10 10 10 10 10 10 10 10 10 10 10 10 10 10 10 10 10 10 10 10 10 10 10 10 10 10 10 10 10 10
11 36 2 9 9 10 10 10 10 10 10 10 10 10 10 10 10 10 10 10 10 10 10 10 10 10 10 10 10 10 10 10 10 10 10 10 10 10
11 37 2 9 9 10 10 10 10 10 10 10 10 10 10 10 10 10 10 10 10 10 10 10 10 10 10 10 10 10 10 10 10 10 10 10 10 10 10
11 38 2 9 9 10 10 10 10 10 10 10 10 10 10 10 10 10 10 10 10 10 10 10 10 10 10 10 10 10 10 10 10 10 10 10 10 10 10 10
11 39 2 9 9 10 10 10 10 10 10 10 10 10 10 10 10 10 10 10 10 10 10 10 10 10 10 10 10 10 10 10 10 10 10 10 10 10 10 10 10
11 40 2 9 9 10 10 10 10 10 10 10 10 10 10 10 10 10 10 10 10 10 10 10 10 10 10 10 10 10 10 10 10 10 10 10 10 10 10 10 10 10
11 3 3 3 3
11 4 3 3 3 10
11 5 3 3 3 10 10
11 6 3 3 3 10 10 10
11 7 3 3 3 10 10 10 10
11 8 3 3 3 10 10 10 10 10
11 9 3 3 3 10 10 10 10 10 10
11 10 3 3 3 10 10 10 10 10 10 10
11 11 3 3 3 10 10 10 10 10 10 10 10
11 12 3 3 3 10 10 10 10 10 10 10 10 10
11 13 3 3 3 10 10 10 10 10 10 10 10 10 10
11 14 3 3 3 10 10 10 10 10 10 10 10 10 10 10
11 15 3 3 3 10 10 10 10 10 10 10 10 10 10 10 10
11 16 3 3 3 10 10 10 10 10 10 10 10 10 10 10 10 10
11 17 3 3 3 10 10 10 10 10 10 10 10 10 10 10 10 10 10
11 18 3 3 3 10 10 10 10 10 10 10 10 10 10 10 10 10 10 10
11 19 3 3 3 10 10 10 10 10 10 10 10 10 10 10 10 10 10 10 10
11 20 3 3 3 10 10 10 10 10 10 10 10 10 10 10 10 10 10 10 10 10
11 21 3 3 3 10 10 10 10 10 10 10 10 10 10 10 10 10 10 10 10 10 10
11 22 3 3 3 10 10 10 10 10 10 10 10 10 10 10 10 10 10 10 10 10 10 10
11 23 3 3 3 10 10 10 10 10 10 10 10 10 10 10 10 10 10 10 10 10 10 10 10
11 24 3 3 3 10 10 10 10 10 10 10 10 10 10 10 10 10 10 10 10 10 10 10 10 10
11 25 3 3 3 10 10 10 10 10 10 10 10 10 10 10 10 10 10 10 10 10 10 10 10 10 10
11 26 3 3 3 10 10 10 10 10 10 10 10 10 10 10 10 10 10 10 10 10 10 10 10 10 10 10
11 27 3 3 3 10 10 10 10 10 10 10 10 10 10 10 10 10 10 10 10 10 10 10 10 10 10 10 10
11 28 3 3 3 10 10 10 10 10 10 10 10 10 10 10 10 10 10 10 10 10 10 10 10 10 10 10 10 10
11 29 3 3 3 10 10 10 10 10 10 10 10 10 10 10 10 10 10 10 10 10 10 10 10 10 10 10 10 10 10
11 30 3 3 3 10 10 10 10 10 10 10 10 10 10 10 10 10 10 10 10 10 10 10 10 10 10 10 10 10 10 10
11 31 3 3 3 10 10 10 10 10 10 10 10 10 10 10 10 10 10 10 10 10 10 10 10 10 10 10 10 10 10 10 10
11 32 3 3 3 10 10 10 10 10 10 10 10 10 10 10 10 10 10 10 10 10 10 10 10 10 10 10 10 10 10 10 10 10
11 33 3 3 3 10 10 10 10 10 10 10 10 10 10 10 10 10 10 10 10 10 10 10 10 10 10 10 10 10 10 10 10 10 10
11 34 3 3 3 10 10 10 10 10 10 10 10 10 10 10 10 10 10 10 10 10 10 10 10 10 10 10 10 10 10 10 10 10 10 10
11 35 3 3 3 10 10 10 10 10 10 10 10 10 10 10 10 10 10 10 10 10 10 10 10 10 10 10 10 10 10 10 10 10 10 10 10
11 36 3 3 3 10 10 10 10 10 10 10 10 10 10 10 10 10 10 10 10 10 10 10 10 10 10 10 10 10 10 10 10 10 10 10 10 10
11 37 3 3 3 10 10 10 10 10 10 10 10 10 10 10 10 10 10 10 10 10 10 10 10 10 10 10 10 10 10 10 10 10 10 10 10 10 10
11 38 3 3 3 10 10 10 10 10 10 10 10 10 10 10 10 10 10 10 10 10 10 10 10 10 10 10 10 10 10 10 10 10 10 10 10 10 10 10
11 39 3 3 3 10 10 10 10 10 10 10 10 10 10 10 10 10 10 10 10 10 10 10 10 10 10 10 10 10 10 10 10 10 10 10 10 10 10 10 10
11 40 3 3 3 10 10 10 10 10 10 10 10 10 10 10 10 10 10 10 10 10 10 10 10 10 10 10 10 10 10 10 10 10 10 10 10 10 10 10 10 10
11 3 3 3 4
11 4 3 3 4 10
11 5 3 3 4 10 10
11 6 3 3 4 10 10 10
11 7 3 3 4 10 10 10 10
11 8 3 3 4 10 10 10 10 10
11 9 3 3 4 10 10 10 10 10 10
11 10 3 3 4 10 10 10 10 10 10 10
11 11 3 3 4 10 10 10 10 10 10 10 10
11 12 3 3 4 10 10 10 10 10 10 10 10 10
11 13 3 3 4 10 10 10 10 10 10 10 10 10 10
11 14 3 3 4 10 10 10 10 10 10 10 10 10 10 10
11 15 3 3 4 10 10 10 10 10 10 10 10 10 10 10 10
11 16 3 3 4 10 10 10 10 10 10 10 10 10 10 10 10 10
11 17 3 3 4 10 10 10 10 10 10 10 10 10 10 10 10 10 10
11 18 3 3 4 10 10 10 10 10 10 10 10 10 10 10 10 10 10 10
11 19 3 3 4 10 10 10 10 10 10 10 10 10 10 10 10 10 10 10 10
11 20 3 3 4 10 10 10 10 10 10 10 10 10 10 10 10 10 10 10 10 10
11 21 3 3 4 10 10 10 10 10 10 10 10 10 10 10 10 10 10 10 10 10 10
11 22 3 3 4 10 10 10 10 10 10 10 10 10 10 10 10 10 10 10 10 10 10 10
11 23 3 3 4 10 10 10 10 10 10 10 10 10 10 10 10 10 10 10 10 10 10 10 10
11 24 3 3 4 10 10 10 10 10 10 10 10 10 10 10 10 10 10 10 10 10 10 10 10 10
11 25 3 3 4 10 10 10 10 10 10 10 10 10 10 10 10 10 10 10 10 10 10 10 10 10 10
11 26 3 3 4 10 10 10 10 10 10 10 10 10 10 10 10 10 10 10 10 10 10 10 10 10 10 10
11 27 3 3 4 10 10 10 10 10 10 10 10 10 10 10 10 10 10 10 10 10 10 10 10 10 10 10 10
11 28 3 3 4 10 10 10 10 10 10 10 10 10 10 10 10 10 10 10 10 10 10 10 10 10 10 10 10 10
11 29 3 3 4 10 10 10 10 10 10 10 10 10 10 10 10 10 10 10 10 10 10 10 10 10 10 10 10 10 10
11 30 3 3 4 10 10 10 10 10 10 10 10 10 10 10 10 10 10 10 10 10 10 10 10 10 10 10 10 10 10 10
11 31 3 3 4 10 10 10 10 10 10 10 10 10 10 10 10 10 10 10 10 10 10 10 10 10 10 10 10 10 10 10 10
11 32 3 3 4 10 10 10 10 10 10 10 10 10 10 10 10 10 10 10 10 10 10 10 10 10 10 10 10 10 10 10 10 10
11 33 3 3 4 10 10 10 10 10 10 10 10 10 10 10 10 10 10 10 10 10 10 10 10 10 10 10 10 10 10 10 10 10 10
11 34 3 3 4 10 10 10 10 10 10 10 10 10 10 10 10 10 10 10 10 10 10 10 10 10 10 10 10 10 10 10 10 10 10 10
11 35 3 3 4 10 10 10 10 10 10 10 10 10 10 10 10 10 10 10 10 10 10 10 10 10 10 10 10 10 10 10 10 10 10 10 10
11 36 3 3 4 10 10 10 10 10 10 10 10 10 10 10 10 10 10 10 10 10 10 10 10 10 10 10 10 10 10 10 10 10 10 10 10 10
11 37 3 3 4 10 10 10 10 10 10 10 10 10 10 10 10 10 10 10 10 10 10 10 10 10 10 10 10 10 10 10 10 10 10 10 10 10 10
11 38 3 3 4 10 10 10 10 10 10 10 10 10 10 10 10 10 10 10 10 10 10 10 10 10 10 10 10 10 10 10 10 10 10 10 10 10 10 10
11 39 3 3 4 10 10 10 10 10 10 10 10 10 10 10 10 10 10 10 10 10 10 10 10 10 10 10 10 10 10 10 10 10 10 10 10 10 10 10 10
11 40 3 3 4 10 10 10 10 10 10 10 10 10 10 10 10 10 10 10 10 10 10 10 10 10 10 10 10 10 10 10 10 10 10 10 10 10 10 10 10 10
11 3 3 3 5
11 4 3 3 5 10
11 5 3 3 5 10 10
11 6 3 3 5 10 10 10
11 7 3 3 5 10 10 10 10
11 8 3 3 5 10 10 10 10 10
11 9 3 3 5 10 10 10 10 10 10
11 10 3 3 5 10 10 10 10 10 10 10
11 11 3 3 5 10 10 10 10 10 10 10 10
11 12 3 3 5 10 10 10 10 10 10 10 10 10
11 13 3 3 5 10 10 10 10 10 10 10 10 10 10
11 14 3 3 5 10 10 10 10 10 10 10 10 10 10 10
11 15 3 3 5 10 10 10 10 10 10 10 10 10 10 10 10
11 16 3 3 5 10 10 10 10 10 10 10 10 10 10 10 10 10
11 17 3 3 5 10 10 10 10 10 10 10 10 10 10 10 10 10 10
11 18 3 3 5 10 10 10 10 10 10 10 10 10 10 10 10 10 10 10
11 19 3 3 5 10 10 10 10 10 10 10 10 10 10 10 10 10 10 10 10
11 20 3 3 5 10 10 10 10 10 10 10 10 10 10 10 10 10 10 10 10 10
11 21 3 3 5 10 10 10 10 10 10 10 10 10 10 10 10 10 10 10 10 10 10
11 22 3 3 5 10 10 10 10 10 10 10 10 10 10 10 10 10 10 10 10 10 10 10
11 23 3 3 5 10 10 10 10 10 10 10 10 10 10 10 10 10 10 10 10 10 10 10 10
11 24 3 3 5 10 10 10 10 10 10 10 10 10 10 10 10 10 10 10 10 10 10 10 10 10
11 25 3 3 5 10 10 10 10 10 10 10 10 10 10 10 10 10 10 10 10 10 10 10 10 10 10
11 26 3 3 5 10 10 10 10 10 10 10 10 10 10 10 10 10 10 10 10 10 10 10 10 10 10 10
11 27 3 3 5 10 10 10 10 10 10 10 10 10 10 10 10 10 10 10 10 10 10 10 10 10 10 10 10
11 28 3 3 5 10 10 10 10 10 10 10 10 10 10 10 10 10 10 10 10 10 10 10 10 10 10 10 10 10
11 29 3 3 5 10 10 10 10 10 10 10 10 10 10 10 10 10 10 10 10 10 10 10 10 10 10 10 10 10 10
11 30 3 3 5 10 10 10 10 10 10 10 10 10 10 10 10 10 10 10 10 10 10 10 10 10 10 10 10 10 10 10
11 31 3 3 5 10 10 10 10 10 10 10 10 10 10 10 10 10 10 10 10 10 10 10 10 10 10 10 10 10 10 10 10
11 32 3 3 5 10 10 10 10 10 10 10 10 10 10 10 10 10 10 10 10 10 10 10 10 10 10 10 10 10 10 10 10 10
11 33 3 3 5 10 10 10 10 10 10 10 10 10 10 10 10 10 10 10 10 10 10 10 10 10 10 10 10 10 10 10 10 10 10
11 34 3 3 5 10 10 10 10 10 10 10 10 10 10 10 10 10 10 10 10 10 10 10 10 10 10 10 10 10 10 10 10 10 10 10
11 35 3 3 5 10 10 10 10 10 10 10 10 10 10 10 10 10 10 10 10 10 10 10 10 10 10 10 10 10 10 10 10 10 10 10 10
11 36 3 3 5 10 10 10 10 10 10 10 10 10 10 10 10 10 10 10 10 10 10 10 10 10 10 10 10 10 10 10 10 10 10 10 10 10
11 37 3 3 5 10 10 10 10 10 10 10 10 10 10 10 10 10 10 10 10 10 10 10 10 10 10 10 10 10 10 10 10 10 10 10 10 10 10
11 38 3 3 5 10 10 10 10 10 10 10 10 10 10 10 10 10 10 10 10 10 10 10 10 10 10 10 10 10 10 10 10 10 10 10 10 10 10 10
11 39 3 3 5 10 10 10 10 10 10 10 10 10 10 10 10 10 10 10 10 10 10 10 10 10 10 10 10 10 10 10 10 10 10 10 10 10 10 10 10
11 40 3 3 5 10 10 10 10 10 10 10 10 10 10 10 10 10 10 10 10 10 10 10 10 10 10 10 10 10 10 10 10 10 10 10 10 10 10 10 10 10
11 3 3 3 6
11 4 3 3 6 10
11 5 3 3 6 10 10
11 6 3 3 6 10 10 10
11 7 3 3 6 10 10 10 10
11 8 3 3 6 10 10 10 10 10
11 9 3 3 6 10 10 10 10 10 10
11 10 3 3 6 10 10 10 10 10 10 10
11 11 3 3 6 10 10 10 10 10 10 10 10
11 12 3 3 6 10 10 10 10 10 10 10 10 10
11 13 3 3 6 10 10 10 10 10 10 10 10 10 10
11 14 3 3 6 10 10 10 10 10 10 10 10 10 10 10
11 15 3 3 6 10 10 10 10 10 10 10 10 10 10 10 10
11 16 3 3 6 10 10 10 10 10 10 10 10 10 10 10 10 10
11 17 3 3 6 10 10 10 10 10 10 10 10 10 10 10 10 10 10
11 18 3 3 6 10 10 10 10 10 10 10 10 10 10 10 10 10 10 10
11 19 3 3 6 10 10 10 10 10 10 10 10 10 10 10 10 10 10 10 10
11 20 3 3 6 10 10 10 10 10 10 10 10 10 10 10 10 10 10 10 10 10
11 21 3 3 6 10 10 10 10 10 10 10 10 10 10 10 10 10 10 10 10 10 10
11 22 3 3 6 10 10 10 10 10 10 10 10 10 10 10 10 10 10 10 10 10 10 10
11 23 3 3 6 10 10 10 10 10 10 10 10 10 10 10 10 10 10 10 10 10 10 10 10
11 24 3 3 6 10 10 10 10 10 10 10 10 10 10 10 10 10 10 10 10 10 10 10 10 10
11 25 3 3 6 10 10 10 10 10 10 10 10 10 10 10 10 10 10 10 10 10 10 10 10 10 10
11 26 3 3 6 10 10 10 10 10 10 10 10 10 10 10 10 10 10 10 10 10 10 10 10 10 10 10
11 27 3 3 6 10 10 10 10 10 10 10 10 10 10 10 10 10 10 10 10 10 10 10 10 10 10 10 10
11 28 3 3 6 10 10 10 10 10 10 10 10 10 10 10 10 10 10 10 10 10 10 10 10 10 10 10 10 10
11 29 3 3 6 10 10 10 10 10 10 10 10 10 10 10 10 10 10 10 10 10 10 10 10 10 10 10 10 10 10
11 30 3 3 6 10 10 10 10 10 10 10 10 10 10 10 10 10 10 10 10 10 10 10 10 10 10 10 10 10 10 10
11 31 3 3 6 10 10 10 10 10 10 10 10 10 10 10 10 10 10 10 10 10 10 10 10 10 10 10 10 10 10 10 10
11 32 3 3 6 10 10 10 10 10 10 10 10 10 10 10 10 10 10 10 10 10 10 10 10 10 10 10 10 10 10 10 10 10
11 33 3 3 6 10 10 10 10 10 10 10 10 10 10 10 10 10 10 10 10 10 10 10 10 10 10 10 10 10 10 10 10 10 10
11 34 3 3 6 10 10 10 10 10 10 10 10 10 10 10 10 10 10 10 10 10 10 10 10 10 10 10 10 10 10 10 10 10 10 10
11 35 3 3 6 10 10 10 10 10 10 10 10 10 10 10 10 10 10 10 10 10 10 10 10 10 10 10 10 10 10 10 10 10 10 10 10
11 36 3 3 6 10 10 10 10 10 10 10 10 10 10 10 10 10 10 10 10 10 10 10 10 10 10 10 10 10 10 10 10 10 10 10 10 10
11 37 3 3 6 10 10 10 10 10 10 10 10 10 10 10 10 10 10 10 10 10 10 10 10 10 10 10 10 10 10 10 10 10 10 10 10 10 10
11 38 3 3 6 10 10 10 10 10 10 10 10 10 10 10 10 10 10 10 10 10 10 10 10 10 10 10 10 10 10 10 10 10 10 10 10 10 10 10
11 39 3 3 6 10 10 10 10 10 10 10 10 10 10 10 10 10 10 10 10 10 10 10 10 10 10 10 10 10 10 10 10 10 10 10 10 10 10 10 10
11 40 3 3 6 10 10 10 10 10 10 10 10 10 10 10 10 10 10 10 10 10 10 10 10 10 10 10 10 10 10 10 10 10 10 10 10 10 10 10 10 10
11 3 3 3 7
11 4 3 3 7 10
11 5 3 3 7 10 10
11 6 3 3 7 10 10 10
11 7 3 3 7 10 10 10 10
11 8 3 3 7 10 10 10 10 10
11 9 3 3 7 10 10 10 10 10 10
11 10 3 3 7 10 10 10 10 10 10 10
11 11 3 3 7 10 10 10 10 10 10 10 10
11 12 3 3 7 10 10 10 10 10 10 10 10 10
11 13 3 3 7 10 10 10 10 10 10 10 10 10 10
11 14 3 3 7 10 10 10 10 10 10 10 10 10 10 10
11 15 3 3 7 10 10 10 10 10 10 10 10 10 10 10 10
11 16 3 3 7 10 10 10 10 10 10 10 10 10 10 10 10 10
11 17 3 3 7 10 10 10 10 10 10 10 10 10 10 10 10 10 10
11 18 3 3 7 10 10 10 10 10 10 10 10 10 10 10 10 10 10 10
11 19 3 3 7 10 10 10 10 10 10 10 10 10 10 10 10 10 10 10 10
11 20 3 3 7 10 10 10 10 10 10 10 10 10 10 10 10 10 10 10 10 10
11 21 3 3 7 10 10 10 10 10 10 10 10 10 10 10 10 10 10 10 10 10 10
11 22 3 3 7 10 10 10 10 10 10 10 10 10 10 10 10 10 10 10 10 10 10 10
11 23 3 3 7 10 10 10 10 10 10 10 10 10 10 10 10 10 10 10 10 10 10 10 10
11 24 3 3 7 10 10 10 10 10 10 10 10 10 10 10 10 10 10 10 10 10 10 10 10 10
11 25 3 3 7 10 10 10 10 10 10 10 10 10 10 10 10 10 10 10 10 10 10 10 10 10 10
11 26 3 3 7 10 10 10 10 10 10 10 10 10 10 10 10 10 10 10 10 10 10 10 10 10 10 10
11 27 3 3 7 10 10 10 10 10 10 10 10 10 10 10 10 10 10 10 10 10 10 10 10 10 10 10 10
11 28 3 3 7 10 10 10 10 10 10 10 10 10 10 10 10 10 10 10 10 10 10 10 10 10 10 10 10 10
11 29 3 3 7 10 10 10 10 10 10 10 10 10 10 10 10 10 10 10 10 10 10 10 10 10 10 10 10 10 10
11 30 3 3 7 10 10 10 10 10 10 10 10 10 10 10 10 10 10 10 10 10 10 10 10 10 10 10 10 10 10 10
11 31 3 3 7 10 10 10 10 10 10 10 10 10 10 10 10 10 10 10 10 10 10 10 10 10 10 10 10 10 10 10 10
11 32 3 3 7 10 10 10 10 10 10 10 10 10 10 10 10 10 10 10 10 10 10 10 10 10 10 10 10 10 10 10 10 10
11 33 3 3 7 10 10 10 10 10 10 10 10 10 10 10 10 10 10 10 10 10 10 10 10 10 10 10 10 10 10 10 10 10 10
11 34 3 3 7 10 10 10 10 10 10 10 10 10 10 10 10 10 10 10 10 10 10 10 10 10 10 10 10 10 10 10 10 10 10 10
11 35 3 3 7 10 10 10 10 10 10 10 10 10 10 10 10 10 10 10 10 10 10 10 10 10 10 10 10 10 10 10 10 10 10 10 10
11 36 3 3 7 10 10 10 10 10 10 10 10 10 10 10 10 10 10 10 10 10 10 10 10 10 10 10 10 10 10 10 10 10 10 10 10 10
11 37 3 3 7 10 10 10 10 10 10 10 10 10 10 10 10 10 10 10 10 10 10 10 10 10 10 10 10 10 10 10 10 10 10 10 10 10 10
11 38 3 3 7 10 10 10 10 10 10 10 10 10 10 10 10 10 10 10 10 10 10 10 10 10 10 10 10 10 10 10 10 10 10 10 10 10 10 10
11 39 3 3 7 10 10 10 10 10 10 10 10 10 10 10 10 10 10 10 10 10 10 10 10 10 10 10 10 10 10 10 10 10 10 10 10 10 10 10 10
11 40 3 3 7 10 10 10 10 10 10 10 10 10 10 10 10 10 10 10 10 10 10 10 10 10 10 10 10 10 10 10 10 10 10 10 10 10 10 10 10 10
11 3 3 3 8
11 4 3 3 8 10
11 5 3 3 8 10 10
11 6 3 3 8 10 10 10
11 7 3 3 8 10 10 10 10
11 8 3 3 8 10 10 10 10 10
11 9 3 3 8 10 10 10 10 10 10
11 10 3 3 8 10 10 10 10 10 10 10
11 11 3 3 8 10 10 10 10 10 10 10 10
11 12 3 3 8 10 10 10 10 10 10 10 10 10
11 13 3 3 8 10 10 10 10 10 10 10 10 10 10
11 14 3 3 8 10 10 10 10 10 10 10 10 10 10 10
11 15 3 3 8 10 10 10 10 10 10 10 10 10 10 10 10
11 16 3 3 8 10 10 10 10 10 10 10 10 10 10 10 10 10
11 17 3 3 8 10 10 10 10 10 10 10 10 10 10 10 10 10 10
11 18 3 3 8 10 10 10 10 10 10 10 10 10 10 10 10 10 10 10
11 19 3 3 8 10 10 10 10 10 10 10 10 10 10 10 10 10 10 10 10
11 20 3 3 8 10 10 10 10 10 10 10 10 10 10 10 10 10 10 10 10 10
11 21 3 3 8 10 10 10 10 10 10 10 10 10 10 10 10 10 10 10 10 10 10
11 22 3 3 8 10 10 10 10 10 10 10 10 10 10 10 10 10 10 10 10 10 10 10
11 23 3 3 8 10 10 10 10 10 10 10 10 10 10 10 10 10 10 10 10 10 10 10 10
11 24 3 3 8 10 10 10 10 10 10 10 10 10 10 10 10 10 10 10 10 10 10 10 10 10
11 25 3 3 8 10 10 10 10 10 10 10 10 10 10 10 10 10 10 10 10 10 10 10 10 10 10
11 26 3 3 8 10 10 10 10 10 10 10 10 10 10 10 10 10 10 10 10 10 10 10 10 10 10 10
11 27 3 3 8 10 10 10 10 10 10 10 10 10 10 10 10 10 10 10 10 10 10 10 10 10 10 10 10
11 28 3 3 8 10 10 10 10 10 10 10 10 10 10 10 10 10 10 10 10 10 10 10 10 10 10 10 10 10
11 29 3 3 8 10 10 10 10 10 10 10 10 10 10 10 10 10 10 10 10 10 10 10 10 10 10 10 10 10 10
11 30 3 3 8 10 10 10 10 10 10 10 10 10 10 10 10 10 10 10 10 10 10 10 10 10 10 10 10 10 10 10
11 31 3 3 8 10 10 10 10 10 10 10 10 10 10 10 10 10 10 10 10 10 10 10 10 10 10 10 10 10 10 10 10
11 32 3 3 8 10 10 10 10 10 10 10 10 10 10 10 10 10 10 10 10 10 10 10 10 10 10 10 10 10 10 10 10 10
11 33 3 3 8 10 10 10 10 10 10 10 10 10 10 10 10 10 10 10 10 10 10 10 10 10 10 10 10 10 10 10 10 10 10
11 34 3 3 8 10 10 10 10 10 10 10 10 10 10 10 10 10 10 10 10 10 10 10 10 10 10 10 10 10 10 10 10 10 10 10
11 35 3 3 8 10 10 10 10 10 10 10 10 10 10 10 10 10 10 10 10 10 10 10 10 10 10 10 10 10 10 10 10 10 10 10 10
11 36 3 3 8 10 10 10 10 10 10 10 10 10 10 10 10 10 10 10 10 10 10 10 10 10 10 10 10 10 10 10 10 10 10 10 10 10
11 37 3 3 8 10 10 10 10 10 10 10 10 10 10 10 10 10 10 10 10 10 10 10 10 10 10 10 10 10 10 10 10 10 10 10 10 10 10
11 38 3 3 8 10 10 10 10 10 10 10 10 10 10 10 10 10 10 10 10 10 10 10 10 10 10 10 10 10 10 10 10 10 10 10 10 10 10 10
11 39 3 3 8 10 10 10 10 10 10 10 10 10 10 10 10 10 10 10 10 10 10 10 10 10 10 10 10 10 10 10 10 10 10 10 10 10 10 10 10
11 40 3 3 8 10 10 10 10 10 10 10 10 10 10 10 10 10 10 10 10 10 10 10 10 10 10 10 10 10 10 10 10 10 10 10 10 10 10 10 10 10
11 3 3 3 9
11 4 3 3 9 10
11 5 3 3 9 10 10
11 6 3 3 9 10 10 10
11 7 3 3 9 10 10 10 10
11 8 3 3 9 10 10 10 10 10
11 9 3 3 9 10 10 10 10 10 10
11 10 3 3 9 10 10 10 10 10 10 10
11 11 3 3 9 10 10 10 10 10 10 10 10
11 12 3 3 9 10 10 10 10 10 10 10 10 10
11 13 3 3 9 10 10 10 10 10 10 10 10 10 10
11 14 3 3 9 10 10 10 10 10 10 10 10 10 10 10
11 15 3 3 9 10 10 10 10 10 10 10 10 10 10 10 10
11 16 3 3 9 10 10 10 10 10 10 10 10 10 10 10 10 10
11 17 3 3 9 10 10 10 10 10 10 10 10 10 10 10 10 10 10
11 18 3 3 9 10 10 10 10 10 10 10 10 10 10 10 10 10 10 10
11 19 3 3 9 10 10 10 10 10 10 10 10 10 10 10 10 10 10 10 10
11 20 3 3 9 10 10 10 10 10 10 10 10 10 10 10 10 10 10 10 10 10
11 21 3 3 9 10 10 10 10 10 10 10 10 10 10 10 10 10 10 10 10 10 10
11 22 3 3 9 10 10 10 10 10 10 10 10 10 10 10 10 10 10 10 10 10 10 10
11 23 3 3 9 10 10 10 10 10 10 10 10 10 10 10 10 10 10 10 10 10 10 10 10
11 24 3 3 9 10 10 10 10 10 10 10 10 10 10 10 10 10 10 10 10 10 10 10 10 10
11 25 3 3 9 10 10 10 10 10 10 10 10 10 10 10 10 10 10 10 10 10 10 10 10 10 10
11 26 3 3 9 10 10 10 10 10 10 10 10 10 10 10 10 10 10 10 10 10 10 10 10 10 10 10
11 27 3 3 9 10 10 10 10 10 10 10 10 10 10 10 10 10 10 10 10 10 10 10 10 10 10 10 10
11 28 3 3 9 10 10 10 10 10 10 10 10 10 10 10 10 10 10 10 10 10 10 10 10 10 10 10 10 10
11 29 3 3 9 10 10 10 10 10 10 10 10 10 10 10 10 10 10 10 10 10 10 10 10 10 10 10 10 10 10
11 30 3 3 9 10 10 10 10 10 10 10 10 10 10 10 10 10 10 10 10 10 10 10 10 10 10 10 10 10 10 10
11 31 3 3 9 10 10 10 10 10 10 10 10 10 10 10 10 10 10 10 10 10 10 10 10 10 10 10 10 10 10 10 10
11 32 3 3 9 10 10 10 10 10 10 10 10 10 10 10 10 10 10 10 10 10 10 10 10 10 10 10 10 10 10 10 10 10
11 33 3 3 9 10 10 10 10 10 10 10 10 10 10 10 10 10 10 10 10 10 10 10 10 10 10 10 10 10 10 10 10 10 10
11 34 3 3 9 10 10 10 10 10 10 10 10 10 10 10 10 10 10 10 10 10 10 10 10 10 10 10 10 10 10 10 10 10 10 10
11 35 3 3 9 10 10 10 10 10 10 10 10 10 10 10 10 10 10 10 10 10 10 10 10 10 10 10 10 10 10 10 10 10 10 10 10
11 36 3 3 9 10 10 10 10 10 10 10 10 10 10 10 10 10 10 10 10 10 10 10 10 10 10 10 10 10 10 10 10 10 10 10 10 10
11 37 3 3 9 10 10 10 10 10 10 10 10 10 10 10 10 10 10 10 10 10 10 10 10 10 10 10 10 10 10 10 10 10 10 10 10 10 10
11 38 3 3 9 10 10 10 10 10 10 10 10 10 10 10 10 10 10 10 10 10 10 10 10 10 10 10 10 10 10 10 10 10 10 10 10 10 10 10
11 39 3 3 9 10 10 10 10 10 10 10 10 10 10 10 10 10 10 10 10 10 10 10 10 10 10 10 10 10 10 10 10 10 10 10 10 10 10 10 10
11 40 3 3 9 10 10 10 10 10 10 10 10 10 10 10 10 10 10 10 10 10 10 10 10 10 10 10 10 10 10 10 10 10 10 10 10 10 10 10 10 10
11 3 3 4 4
11 4 3 4 4 10
11 5 3 4 4 10 10
11 6 3 4 4 10 10 10
11 7 3 4 4 10 10 10 10
11 8 3 4 4 10 10 10 10 10
11 9 3 4 4 10 10 10 10 10 10
11 10 3 4 4 10 10 10 10 10 10 10
11 11 3 4 4 10 10 10 10 10 10 10 10
11 12 3 4 4 10 10 10 10 10 10 10 10 10
11 13 3 4 4 10 10 10 10 10 10 10 10 10 10
11 14 3 4 4 10 10 10 10 10 10 10 10 10 10 10
11 15 3 4 4 10 10 10 10 10 10 10 10 10 10 10 10
11 16 3 4 4 10 10 10 10 10 10 10 10 10 10 10 10 10
11 17 3 4 4 10 10 10 10 10 10 10 10 10 10 10 10 10 10
11 18 3 4 4 10 10 10 10 10 10 10 10 10 10 10 10 10 10 10
11 19 3 4 4 10 10 10 10 10 10 10 10 10 10 10 10 10 10 10 10
11 20 3 4 4 10 10 10 10 10 10 10 10 10 10 10 10 10 10 10 10 10
11 21 3 4 4 10 10 10 10 10 10 10 10 10 10 10 10 10 10 10 10 10 10
11 22 3 4 4 10 10 10 10 10 10 10 10 10 10 10 10 10 10 10 10 10 10 10
11 23 3 4 4 10 10 10 10 10 10 10 10 10 10 10 10 10 10 10 10 10 10 10 10
11 24 3 4 4 10 10 10 10 10 10 10 10 10 10 10 10 10 10 10 10 10 10 10 10 10
11 25 3 4 4 10 10 10 10 10 10 10 10 10 10 10 10 10 10 10 10 10 10 10 10 10 10
11 26 3 4 4 10 10 10 10 10 10 10 10 10 10 10 10 10 10 10 10 10 10 10 10 10 10 10
11 27 3 4 4 10 10 10 10 10 10 10 10 10 10 10 10 10 10 10 10 10 10 10 10 10 10 10 10
11 28 3 4 4 10 10 10 10 10 10 10 10 10 10 10 10 10 10 10 10 10 10 10 10 10 10 10 10 10
11 29 3 4 4 10 10 10 10 10 10 10 10 10 10 10 10 10 10 10 10 10 10 10 10 10 10 10 10 10 10
11 30 3 4 4 10 10 10 10 10 10 10 10 10 10 10 10 10 10 10 10 10 10 10 10 10 10 10 10 10 10 10
11 31 3 4 4 10 10 10 10 10 10 10 10 10 10 10 10 10 10 10 10 10 10 10 10 10 10 10 10 10 10 10 10
11 32 3 4 4 10 10 10 10 10 10 10 10 10 10 10 10 10 10 10 10 10 10 10 10 10 10 10 10 10 10 10 10 10
11 33 3 4 4 10 10 10 10 10 10 10 10 10 10 10 10 10 10 10 10 10 10 10 10 10 10 10 10 10 10 10 10 10 10
11 34 3 4 4 10 10 10 10 10 10 10 10 10 10 10 10 10 10 10 10 10 10 10 10 10 10 10 10 10 10 10 10 10 10 10
11 35 3 4 4 10 10 10 10 10 10 10 10 10 10 10 10 10 10 10 10 10 10 10 10 10 10 10 10 10 10 10 10 10 10 10 10
11 36 3 4 4 10 10 10 10 10 10 10 10 10 10 10 10 10 10 10 10 10 10 10 10 10 10 10 10 10 10 10 10 10 10 10 10 10
11 37 3 4 4 10 10 10 10 10 10 10 10 10 10 10 10 10 10 10 10 10 10 10 10 10 10 10 10 10 10 10 10 10 10 10 10 10 10
11 38 3 4 4 10 10 10 10 10 10 10 10 10 10 10 10 10 10 10 10 10 10 10 10 10 10 10 10 10 10 10 10 10 10 10 10 10 10 10
11 39 3 4 4 10 10 10 10 10 10 10 10 10 10 10 10 10 10 10 10 10 10 10 10 10 10 10 10 10 10 10 10 10 10 10 10 10 10 10 10
11 40 3 4 4 10 10 10 10 10 10 10 10 10 10 10 10 10 10 10 10 10 10 10 10 10 10 10 10 10 10 10 10 10 10 10 10 10 10 10 10 10
11 3 3 4 5
11 4 3 4 5 10
11 5 3 4 5 10 10
11 6 3 4 5 10 10 10
11 7 3 4 5 10 10 10 10
11 8 3 4 5 10 10 10 10 10
11 9 3 4 5 10 10 10 10 10 10
11 10 3 4 5 10 10 10 10 10 10 10
11 11 3 4 5 10 10 10 10 10 10 10 10
11 12 3 4 5 10 10 10 10 10 10 10 10 10
11 13 3 4 5 10 10 10 10 10 10 10 10 10 10
11 14 3 4 5 10 10 10 10 10 10 10 10 10 10 10
11 15 3 4 5 10 10 10 10 10 10 10 10 10 10 10 10
11 16 3 4 5 10 10 10 10 10 10 10 10 10 10 10 10 10
11 17 3 4 5 10 10 10 10 10 10 10 10 10 10 10 10 10 10
11 18 3 4 5 10 10 10 10 10 10 10 10 10 10 10 10 10 10 10
11 19 3 4 5 10 10 10 10 10 10 10 10 10 10 10 10 10 10 10 10
11 20 3 4 5 10 10 10 10 10 10 10 10 10 10 10 10 10 10 10 10 10
11 21 3 4 5 10 10 10 10 10 10 10 10 10 10 10 10 10 10 10 10 10 10
11 22 3 4 5 10 10 10 10 10 10 10 10 10 10 10 10 10 10 10 10 10 10 10
11 23 3 4 5 10 10 10 10 10 10 10 10 10 10 10 10 10 10 10 10 10 10 10 10
11 24 3 4 5 10 10 10 10 10 10 10 10 10 10 10 10 10 10 10 10 10 10 10 10 10
11 25 3 4 5 10 10 10 10 10 10 10 10 10 10 10 10 10 10 10 10 10 10 10 10 10 10
11 26 3 4 5 10 10 10 10 10 10 10 10 10 10 10 10 10 10 10 10 10 10 10 10 10 10 10
11 27 3 4 5 10 10 10 10 10 10 10 10 10 10 10 10 10 10 10 10 10 10 10 10 10 10 10 10
11 28 3 4 5 10 10 10 10 10 10 10 10 10 10 10 10 10 10 10 10 10 10 10 10 10 10 10 10 10
11 29 3 4 5 10 10 10 10 10 10 10 10 10 10 10 10 10 10 10 10 10 10 10 10 10 10 10 10 10 10
11 30 3 4 5 10 10 10 10 10 10 10 10 10 10 10 10 10 10 10 10 10 10 10 10 10 10 10 10 10 10 10
11 31 3 4 5 10 10 10 10 10 10 10 10 10 10 10 10 10 10 10 10 10 10 10 10 10 10 10 10 10 10 10 10
11 32 3 4 5 10 10 10 10 10 10 10 10 10 10 10 10 10 10 10 10 10 10 10 10 10 10 10 10 10 10 10 10 10
11 33 3 4 5 10 10 10 10 10 10 10 10 10 10 10 10 10 10 10 10 10 10 10 10 10 10 10 10 10 10 10 10 10 10
11 34 3 4 5 10 10 10 10 10 10 10 10 10 10 10 10 10 10 10 10 10 10 10 10 10 10 10 10 10 10 10 10 10 10 10
11 35 3 4 5 10 10 10 10 10 10 10 10 10 10 10 10 10 10 10 10 10 10 10 10 10 10 10 10 10 10 10 10 10 10 10 10
11 36 3 4 5 10 10 10 10 10 10 10 10 10 10 10 10 10 10 10 10 10 10 10 10 10 10 10 10 10 10 10 10 10 10 10 10 10
11 37 3 4 5 10 10 10 10 10 10 10 10 10 10 10 10 10 10 10 10 10 10 10 10 10 10 10 10 10 10 10 10 10 10 10 10 10 10
11 38 3 4 5 10 10 10 10 10 10 10 10 10 10 10 10 10 10 10 10 10 10 10 10 10 10 10 10 10 10 10 10 10 10 10 10 10 10 10
11 39 3 4 5 10 10 10 10 10 10 10 10 10 10 10 10 10 10 10 10 10 10 10 10 10 10 10 10 10 10 10 10 10 10 10 10 10 10 10 10
11 40 3 4 5 10 10 10 10 10 10 10 10 10 10 10 10 10 10 10 10 10 10 10 10 10 10 10 10 10 10 10 10 10 10 10 10 10 10 10 10 10
11 3 3 4 6
11 4 3 4 6 10
11 5 3 4 6 10 10
11 6 3 4 6 10 10 10
11 7 3 4 6 10 10 10 10
11 8 3 4 6 10 10 10 10 10
11 9 3 4 6 10 10 10 10 10 10
11 10 3 4 6 10 10 10 10 10 10 10
11 11 3 4 6 10 10 10 10 10 10 10 10
11 12 3 4 6 10 10 10 10 10 10 10 10 10
11 13 3 4 6 10 10 10 10 10 10 10 10 10 10
11 14 3 4 6 10 10 10 10 10 10 10 10 10 10 10
11 15 3 4 6 10 10 10 10 10 10 10 10 10 10 10 10
11 16 3 4 6 10 10 10 10 10 10 10 10 10 10 10 10 10
11 17 3 4 6 10 10 10 10 10 10 10 10 10 10 10 10 10 10
11 18 3 4 6 10 10 10 10 10 10 10 10 10 10 10 10 10 10 10
11 19 3 4 6 10 10 10 10 10 10 10 10 10 10 10 10 10 10 10 10
11 20 3 4 6 10 10 10 10 10 10 10 10 10 10 10 10 10 10 10 10 10
11 21 3 4 6 10 10 10 10 10 10 10 10 10 10 10 10 10 10 10 10 10 10
11 22 3 4 6 10 10 10 10 10 10 10 10 10 10 10 10 10 10 10 10 10 10 10
11 23 3 4 6 10 10 10 10 10 10 10 10 10 10 10 10 10 10 10 10 10 10 10 10
11 24 3 4 6 10 10 10 10 10 10 10 10 10 10 10 10 10 10 10 10 10 10 10 10 10
11 25 3 4 6 10 10 10 10 10 10 10 10 10 10 10 10 10 10 10 10 10 10 10 10 10 10
11 26 3 4 6 10 10 10 10 10 10 10 10 10 10 10 10 10 10 10 10 10 10 10 10 10 10 10
11 27 3 4 6 10 10 10 10 10 10 10 10 10 10 10 10 10 10 10 10 10 10 10 10 10 10 10 10
11 28 3 4 6 10 10 10 10 10 10 10 10 10 10 10 10 10 10 10 10 10 10 10 10 10 10 10 10 10
11 29 3 4 6 10 10 10 10 10 10 10 10 10 10 10 10 10 10 10 10 10 10 10 10 10 10 10 10 10 10
11 30 3 4 6 10 10 10 10 10 10 10 10 10 10 10 10 10 10 10 10 10 10 10 10 10 10 10 10 10 10 10
11 31 3 4 6 10 10 10 10 10 10 10 10 10 10 10 10 10 10 10 10 10 10 10 10 10 10 10 10 10 10 10 10
11 32 3 4 6 10 10 10 10 10 10 10 10 10 10 10 10 10 10 10 10 10 10 10 10 10 10 10 10 10 10 10 10 10
11 33 3 4 6 10 10 10 10 10 10 10 10 10 10 10 10 10 10 10 10 10 10 10 10 10 10 10 10 10 10 10 10 10 10
11 34 3 4 6 10 10 10 10 10 10 10 10 10 10 10 10 10 10 10 10 10 10 10 10 10 10 10 10 10 10 10 10 10 10 10
11 35 3 4 6 10 10 10 10 10 10 10 10 10 10 10 10 10 10 10 10 10 10 10 10 10 10 10 10 10 10 10 10 10 10 10 10
11 36 3 4 6 10 10 10 10 10 10 10 10 10 10 10 10 10 10 10 10 10 10 10 10 10 10 10 10 10 10 10 10 10 10 10 10 10
11 37 3 4 6 10 10 10 10 10 10 10 10 10 10 10 10 10 10 10 10 10 10 10 10 10 10 10 10 10 10 10 10 10 10 10 10 10 10
11 38 3 4 6 10 10 10 10 10 10 10 10 10 10 10 10 10 10 10 10 10 10 10 10 10 10 10 10 10 10 10 10 10 10 10 10 10 10 10
11 39 3 4 6 10 10 10 10 10 10 10 10 10 10 10 10 10 10 10 10 10 10 10 10 10 10 10 10 10 10 10 10 10 10 10 10 10 10 10 10
11 40 3 4 6 10 10 10 10 10 10 10 10 10 10 10 10 10 10 10 10 10 10 10 10 10 10 10 10 10 10 10 10 10 10 10 10 10 10 10 10 10
11 3 3 4 7
11 4 3 4 7 10
11 5 3 4 7 10 10
11 6 3 4 7 10 10 10
11 7 3 4 7 10 10 10 10
11 8 3 4 7 10 10 10 10 10
11 9 3 4 7 10 10 10 10 10 10
11 10 3 4 7 10 10 10 10 10 10 10
11 11 3 4 7 10 10 10 10 10 10 10 10
11 12 3 4 7 10 10 10 10 10 10 10 10 10
11 13 3 4 7 10 10 10 10 10 10 10 10 10 10
11 14 3 4 7 10 10 10 10 10 10 10 10 10 10 10
11 15 3 4 7 10 10 10 10 10 10 10 10 10 10 10 10
11 16 3 4 7 10 10 10 10 10 10 10 10 10 10 10 10 10
11 17 3 4 7 10 10 10 10 10 10 10 10 10 10 10 10 10 10
11 18 3 4 7 10 10 10 10 10 10 10 10 10 10 10 10 10 10 10
11 19 3 4 7 10 10 10 10 10 10 10 10 10 10 10 10 10 10 10 10
11 20 3 4 7 10 10 10 10 10 10 10 10 10 10 10 10 10 10 10 10 10
11 21 3 4 7 10 10 10 10 10 10 10 10 10 10 10 10 10 10 10 10 10 10
11 22 3 4 7 10 10 10 10 10 10 10 10 10 10 10 10 10 10 10 10 10 10 10
11 23 3 4 7 10 10 10 10 10 10 10 10 10 10 10 10 10 10 10 10 10 10 10 10
11 24 3 4 7 10 10 10 10 10 10 10 10 10 10 10 10 10 10 10 10 10 10 10 10 10
11 25 3 4 7 10 10 10 10 10 10 10 10 10 10 10 10 10 10 10 10 10 10 10 10 10 10
11 26 3 4 7 10 10 10 10 10 10 10 10 10 10 10 10 10 10 10 10 10 10 10 10 10 10 10
11 27 3 4 7 10 10 10 10 10 10 10 10 10 10 10 10 10 10 10 10 10 10 10 10 10 10 10 10
11 28 3 4 7 10 10 10 10 10 10 10 10 10 10 10 10 10 10 10 10 10 10 10 10 10 10 10 10 10
11 29 3 4 7 10 10 10 10 10 10 10 10 10 10 10 10 10 10 10 10 10 10 10 10 10 10 10 10 10 10
11 30 3 4 7 10 10 10 10 10 10 10 10 10 10 10 10 10 10 10 10 10 10 10 10 10 10 10 10 10 10 10
11 31 3 4 7 10 10 10 10 10 10 10 10 10 10 10 10 10 10 10 10 10 10 10 10 10 10 10 10 10 10 10 10
11 32 3 4 7 10 10 10 10 10 10 10 10 10 10 10 10 10 10 10 10 10 10 10 10 10 10 10 10 10 10 10 10 10
11 33 3 4 7 10 10 10 10 10 10 10 10 10 10 10 10 10 10 10 10 10 10 10 10 10 10 10 10 10 10 10 10 10 10
11 34 3 4 7 10 10 10 10 10 10 10 10 10 10 10 10 10 10 10 10 10 10 10 10 10 10 10 10 10 10 10 10 10 10 10
11 35 3 4 7 10 10 10 10 10 10 10 10 10 10 10 10 10 10 10 10 10 10 10 10 10 10 10 10 10 10 10 10 10 10 10 10
11 36 3 4 7 10 10 10 10 10 10 10 10 10 10 10 10 10 10 10 10 10 10 10 10 10 10 10 10 10 10 10 10 10 10 10 10 10
11 37 3 4 7 10 10 10 10 10 10 10 10 10 10 10 10 10 10 10 10 10 10 10 10 10 10 10 10 10 10 10 10 10 10 10 10 10 10
11 38 3 4 7 10 10 10 10 10 10 10 10 10 10 10 10 10 10 10 10 10 10 10 10 10 10 10 10 10 10 10 10 10 10 10 10 10 10 10
11 39 3 4 7 10 10 10 10 10 10 10 10 10 10 10 10 10 10 10 10 10 10 10 10 10 10 10 10 10 10 10 10 10 10 10 10 10 10 10 10
11 40 3 4 7 10 10 10 10 10 10 10 10 10 10 10 10 10 10 10 10 10 10 10 10 10 10 10 10 10 10 10 10 10 10 10 10 10 10 10 10 10
11 3 3 4 8
11 4 3 4 8 10
11 5 3 4 8 10 10
11 6 3 4 8 10 10 10
11 7 3 4 8 10 10 10 10
11 8 3 4 8 10 10 10 10 10
11 9 3 4 8 10 10 10 10 10 10
11 10 3 4 8 10 10 10 10 10 10 10
11 11 3 4 8 10 10 10 10 10 10 10 10
11 12 3 4 8 10 10 10 10 10 10 10 10 10
11 13 3 4 8 10 10 10 10 10 10 10 10 10 10
11 14 3 4 8 10 10 10 10 10 10 10 10 10 10 10
11 15 3 4 8 10 10 10 10 10 10 10 10 10 10 10 10
11 16 3 4 8 10 10 10 10 10 10 10 10 10 10 10 10 10
11 17 3 4 8 10 10 10 10 10 10 10 10 10 10 10 10 10 10
11 18 3 4 8 10 10 10 10 10 10 10 10 10 10 10 10 10 10 10
11 19 3 4 8 10 10 10 10 10 10 10 10 10 10 10 10 10 10 10 10
11 20 3 4 8 10 10 10 10 10 10 10 10 10 10 10 10 10 10 10 10 10
11 21 3 4 8 10 10 10 10 10 10 10 10 10 10 10 10 10 10 10 10 10 10
11 22 3 4 8 10 10 10 10 10 10 10 10 10 10 10 10 10 10 10 10 10 10 10
11 23 3 4 8 10 10 10 10 10 10 10 10 10 10 10 10 10 10 10 10 10 10 10 10
11 24 3 4 8 10 10 10 10 10 10 10 10 10 10 10 10 10 10 10 10 10 10 10 10 10
11 25 3 4 8 10 10 10 10 10 10 10 10 10 10 10 10 10 10 10 10 10 10 10 10 10 10
11 26 3 4 8 10 10 10 10 10 10 10 10 10 10 10 10 10 10 10 10 10 10 10 10 10 10 10
11 27 3 4 8 10 10 10 10 10 10 10 10 10 10 10 10 10 10 10 10 10 10 10 10 10 10 10 10
11 28 3 4 8 10 10 10 10 10 10 10 10 10 10 10 10 10 10 10 10 10 10 10 10 10 10 10 10 10
11 29 3 4 8 10 10 10 10 10 10 10 10 10 10 10 10 10 10 10 10 10 10 10 10 10 10 10 10 10 10
11 30 3 4 8 10 10 10 10 10 10 10 10 10 10 10 10 10 10 10 10 10 10 10 10 10 10 10 10 10 10 10
11 31 3 4 8 10 10 10 10 10 10 10 10 10 10 10 10 10 10 10 10 10 10 10 10 10 10 10 10 10 10 10 10
11 32 3 4 8 10 10 10 10 10 10 10 10 10 10 10 10 10 10 10 10 10 10 10 10 10 10 10 10 10 10 10 10 10
11 33 3 4 8 10 10 10 10 10 10 10 10 10 10 10 10 10 10 10 10 10 10 10 10 10 10 10 10 10 10 10 10 10 10
11 34 3 4 8 10 10 10 10 10 10 10 10 10 10 10 10 10 10 10 10 10 10 10 10 10 10 10 10 10 10 10 10 10 10 10
11 35 3 4 8 10 10 10 10 10 10 10 10 10 10 10 10 10 10 10 10 10 10 10 10 10 10 10 10 10 10 10 10 10 10 10 10
11 36 3 4 8 10 10 10 10 10 10 10 10 10 10 10 10 10 10 10 10 10 10 10 10 10 10 10 10 10 10 10 10 10 10 10 10 10
11 37 3 4 8 10 10 10 10 10 10 10 10 10 10 10 10 10 10 10 10 10 10 10 10 10 10 10 10 10 10 10 10 10 10 10 10 10 10
11 38 3 4 8 10 10 10 10 10 10 10 10 10 10 10 10 10 10 10 10 10 10 10 10 10 10 10 10 10 10 10 10 10 10 10 10 10 10 10
11 39 3 4 8 10 10 10 10 10 10 10 10 10 10 10 10 10 10 10 10 10 10 10 10 10 10 10 10 10 10 10 10 10 10 10 10 10 10 10 10
11 40 3 4 8 10 10 10 10 10 10 10 10 10 10 10 10 10 10 10 10 10 10 10 10 10 10 10 10 10 10 10 10 10 10 10 10 10 10 10 10 10
11 3 3 4 9
11 4 3 4 9 10
11 5 3 4 9 10 10
11 6 3 4 9 10 10 10
11 7 3 4 9 10 10 10 10
11 8 3 4 9 10 10 10 10 10
11 9 3 4 9 10 10 10 10 10 10
11 10 3 4 9 10 10 10 10 10 10 10
11 11 3 4 9 10 10 10 10 10 10 10 10
11 12 3 4 9 10 10 10 10 10 10 10 10 10
11 13 3 4 9 10 10 10 10 10 10 10 10 10 10
11 14 3 4 9 10 10 10 10 10 10 10 10 10 10 10
11 15 3 4 9 10 10 10 10 10 10 10 10 10 10 10 10
11 16 3 4 9 10 10 10 10 10 10 10 10 10 10 10 10 10
11 17 3 4 9 10 10 10 10 10 10 10 10 10 10 10 10 10 10
11 18 3 4 9 10 10 10 10 10 10 10 10 10 10 10 10 10 10 10
11 19 3 4 9 10 10 10 10 10 10 10 10 10 10 10 10 10 10 10 10
11 20 3 4 9 10 10 10 10 10 10 10 10 10 10 10 10 10 10 10 10 10
11 21 3 4 9 10 10 10 10 10 10 10 10 10 10 10 10 10 10 10 10 10 10
11 22 3 4 9 10 10 10 10 10 10 10 10 10 10 10 10 10 10 10 10 10 10 10
11 23 3 4 9 10 10 10 10 10 10 10 10 10 10 10 10 10 10 10 10 10 10 10 10
11 24 3 4 9 10 10 10 10 10 10 10 10 10 10 10 10 10 10 10 10 10 10 10 10 10
11 25 3 4 9 10 10 10 10 10 10 10 10 10 10 10 10 10 10 10 10 10 10 10 10 10 10
11 26 3 4 9 10 10 10 10 10 10 10 10 10 10 10 10 10 10 10 10 10 10 10 10 10 10 10
11 27 3 4 9 10 10 10 10 10 10 10 10 10 10 10 10 10 10 10 10 10 10 10 10 10 10 10 10
11 28 3 4 9 10 10 10 10 10 10 10 10 10 10 10 10 10 10 10 10 10 10 10 10 10 10 10 10 10
11 29 3 4 9 10 10 10 10 10 10 10 10 10 10 10 10 10 10 10 10 10 10 10 10 10 10 10 10 10 10
11 30 3 4 9 10 10 10 10 10 10 10 10 10 10 10 10 10 10 10 10 10 10 10 10 10 10 10 10 10 10 10
11 31 3 4 9 10 10 10 10 10 10 10 10 10 10 10 10 10 10 10 10 10 10 10 10 10 10 10 10 10 10 10 10
11 32 3 4 9 10 10 10 10 10 10 10 10 10 10 10 10 10 10 10 10 10 10 10 10 10 10 10 10 10 10 10 10 10
11 33 3 4 9 10 10 10 10 10 10 10 10 10 10 10 10 10 10 10 10 10 10 10 10 10 10 10 10 10 10 10 10 10 10
11 34 3 4 9 10 10 10 10 10 10 10 10 10 10 10 10 10 10 10 10 10 10 10 10 10 10 10 10 10 10 10 10 10 10 10
11 35 3 4 9 10 10 10 10 10 10 10 10 10 10 10 10 10 10 10 10 10 10 10 10 10 10 10 10 10 10 10 10 10 10 10 10
11 36 3 4 9 10 10 10 10 10 10 10 10 10 10 10 10 10 10 10 10 10 10 10 10 10 10 10 10 10 10 10 10 10 10 10 10 10
11 37 3 4 9 10 10 10 10 10 10 10 10 10 10 10 10 10 10 10 10 10 10 10 10 10 10 10 10 10 10 10 10 10 10 10 10 10 10
11 38 3 4 9 10 10 10 10 10 10 10 10 10 10 10 10 10 10 10 10 10 10 10 10 10 10 10 10 10 10 10 10 10 10 10 10 10 10 10
11 39 3 4 9 10 10 10 10 10 10 10 10 10 10 10 10 10 10 10 10 10 10 10 10 10 10 10 10 10 10 10 10 10 10 10 10 10 10 10 10
11 40 3 4 9 10 10 10 10 10 10 10 10 10 10 10 10 10 10 10 10 10 10 10 10 10 10 10 10 10 10 10 10 10 10 10 10 10 10 10 10 10
11 3 3 5 5
11 4 3 5 5 10
11 5 3 5 5 10 10
11 6 3 5 5 10 10 10
11 7 3 5 5 10 10 10 10
11 8 3 5 5 10 10 10 10 10
11 9 3 5 5 10 10 10 10 10 10
11 10 3 5 5 10 10 10 10 10 10 10
11 11 3 5 5 10 10 10 10 10 10 10 10
11 12 3 5 5 10 10 10 10 10 10 10 10 10
11 13 3 5 5 10 10 10 10 10 10 10 10 10 10
11 14 3 5 5 10 10 10 10 10 10 10 10 10 10 10
11 15 3 5 5 10 10 10 10 10 10 10 10 10 10 10 10
11 16 3 5 5 10 10 10 10 10 10 10 10 10 10 10 10 10
11 17 3 5 5 10 10 10 10 10 10 10 10 10 10 10 10 10 10
11 18 3 5 5 10 10 10 10 10 10 10 10 10 10 10 10 10 10 10
11 19 3 5 5 10 10 10 10 10 10 10 10 10 10 10 10 10 10 10 10
11 20 3 5 5 10 10 10 10 10 10 10 10 10 10 10 10 10 10 10 10 10
11 21 3 5 5 10 10 10 10 10 10 10 10 10 10 10 10 10 10 10 10 10 10
11 22 3 5 5 10 10 10 10 10 10 10 10 10 10 10 10 10 10 10 10 10 10 10
11 23 3 5 5 10 10 10 10 10 10 10 10 10 10 10 10 10 10 10 10 10 10 10 10
11 24 3 5 5 10 10 10 10 10 10 10 10 10 10 10 10 10 10 10 10 10 10 10 10 10
11 25 3 5 5 10 10 10 10 10 10 10 10 10 10 10 10 10 10 10 10 10 10 10 10 10 10
11 26 3 5 5 10 10 10 10 10 10 10 10 10 10 10 10 10 10 10 10 10 10 10 10 10 10 10
11 27 3 5 5 10 10 10 10 10 10 10 10 10 10 10 10 10 10 10 10 10 10 10 10 10 10 10 10
11 28 3 5 5 10 10 10 10 10 10 10 10 10 10 10 10 10 10 10 10 10 10 10 10 10 10 10 10 10
11 29 3 5 5 10 10 10 10 10 10 10 10 10 10 10 10 10 10 10 10 10 10 10 10 10 10 10 10 10 10
11 30 3 5 5 10 10 10 10 10 10 10 10 10 10 10 10 10 10 10 10 10 10 10 10 10 10 10 10 10 10 10
11 31 3 5 5 10 10 10 10 10 10 10 10 10 10 10 10 10 10 10 10 10 10 10 10 10 10 10 10 10 10 10 10
11 32 3 5 5 10 10 10 10 10 10 10 10 10 10 10 10 10 10 10 10 10 10 10 10 10 10 10 10 10 10 10 10 10
11 33 3 5 5 10 10 10 10 10 10 10 10 10 10 10 10 10 10 10 10 10 10 10 10 10 10 10 10 10 10 10 10 10 10
11 34 3 5 5 10 10 10 10 10 10 10 10 10 10 10 10 10 10 10 10 10 10 10 10 10 10 10 10 10 10 10 10 10 10 10
11 35 3 5 5 10 10 10 10 10 10 10 10 10 10 10 10 10 10 10 10 10 10 10 10 10 10 10 10 10 10 10 10 10 10 10 10
11 36 3 5 5 10 10 10 10 10 10 10 10 10 10 10 10 10 10 10 10 10 10 10 10 10 10 10 10 10 10 10 10 10 10 10 10 10
11 37 3 5 5 10 10 10 10 10 10 10 10 10 10 10 10 10 10 10 10 10 10 10 10 10 10 10 10 10 10 10 10 10 10 10 10 10 10
11 38 3 5 5 10 10 10 10 10 10 10 10 10 10 10 10 10 10 10 10 10 10 10 10 10 10 10 10 10 10 10 10 10 10 10 10 10 10 10
11 39 3 5 5 10 10 10 10 10 10 10 10 10 10 10 10 10 10 10 10 10 10 10 10 10 10 10 10 10 10 10 10 10 10 10 10 10 10 10 10
11 40 3 5 5 10 10 10 10 10 10 10 10 10 10 10 10 10 10 10 10 10 10 10 10 10 10 10 10 10 10 10 10 10 10 10 10 10 10 10 10 10
11 3 3 5 6
11 4 3 5 6 10
11 5 3 5 6 10 10
11 6 3 5 6 10 10 10
11 7 3 5 6 10 10 10 10
11 8 3 5 6 10 10 10 10 10
11 9 3 5 6 10 10 10 10 10 10
11 10 3 5 6 10 10 10 10 10 10 10
11 11 3 5 6 10 10 10 10 10 10 10 10
11 12 3 5 6 10 10 10 10 10 10 10 10 10
11 13 3 5 6 10 10 10 10 10 10 10 10 10 10
11 14 3 5 6 10 10 10 10 10 10 10 10 10 10 10
11 15 3 5 6 10 10 10 10 10 10 10 10 10 10 10 10
11 16 3 5 6 10 10 10 10 10 10 10 10 10 10 10 10 10
11 17 3 5 6 10 10 10 10 10 10 10 10 10 10 10 10 10 10
11 18 3 5 6 10 10 10 10 10 10 10 10 10 10 10 10 10 10 10
11 19 3 5 6 10 10 10 10 10 10 10 10 10 10 10 10 10 10 10 10
11 20 3 5 6 10 10 10 10 10 10 10 10 10 10 10 10 10 10 10 10 10
11 21 3 5 6 10 10 10 10 10 10 10 10 10 10 10 10 10 10 10 10 10 10
11 22 3 5 6 10 10 10 10 10 10 10 10 10 10 10 10 10 10 10 10 10 10 10
11 23 3 5 6 10 10 10 10 10 10 10 10 10 10 10 10 10 10 10 10 10 10 10 10
11 24 3 5 6 10 10 10 10 10 10 10 10 10 10 10 10 10 10 10 10 10 10 10 10 10
11 25 3 5 6 10 10 10 10 10 10 10 10 10 10 10 10 10 10 10 10 10 10 10 10 10 10
11 26 3 5 6 10 10 10 10 10 10 10 10 10 10 10 10 10 10 10 10 10 10 10 10 10 10 10
11 27 3 5 6 10 10 10 10 10 10 10 10 10 10 10 10 10 10 10 10 10 10 10 10 10 10 10 10
11 28 3 5 6 10 10 10 10 10 10 10 10 10 10 10 10 10 10 10 10 10 10 10 10 10 10 10 10 10
11 29 3 5 6 10 10 10 10 10 10 10 10 10 10 10 10 10 10 10 10 10 10 10 10 10 10 10 10 10 10
11 30 3 5 6 10 10 10 10 10 10 10 10 10 10 10 10 10 10 10 10 10 10 10 10 10 10 10 10 10 10 10
11 31 3 5 6 10 10 10 10 10 10 10 10 10 10 10 10 10 10 10 10 10 10 10 10 10 10 10 10 10 10 10 10
11 32 3 5 6 10 10 10 10 10 10 10 10 10 10 10 10 10 10 10 10 10 10 10 10 10 10 10 10 10 10 10 10 10
11 33 3 5 6 10 10 10 10 10 10 10 10 10 10 10 10 10 10 10 10 10 10 10 10 10 10 10 10 10 10 10 10 10 10
11 34 3 5 6 10 10 10 10 10 10 10 10 10 10 10 10 10 10 10 10 10 10 10 10 10 10 10 10 10 10 10 10 10 10 10
11 35 3 5 6 10 10 10 10 10 10 10 10 10 10 10 10 10 10 10 10 10 10 10 10 10 10 10 10 10 10 10 10 10 10 10 10
11 36 3 5 6 10 10 10 10 10 10 10 10 10 10 10 10 10 10 10 10 10 10 10 10 10 10 10 10 10 10 10 10 10 10 10 10 10
11 37 3 5 6 10 10 10 10 10 10 10 10 10 10 10 10 10 10 10 10 10 10 10 10 10 10 10 10 10 10 10 10 10 10 10 10 10 10
11 38 3 5 6 10 10 10 10 10 10 10 10 10 10 10 10 10 10 10 10 10 10 10 10 10 10 10 10 10 10 10 10 10 10 10 10 10 10 10
11 39 3 5 6 10 10 10 10 10 10 10 10 10 10 10 10 10 10 10 10 10 10 10 10 10 10 10 10 10 10 10 10 10 10 10 10 10 10 10 10
11 40 3 5 6 10 10 10 10 10 10 10 10 10 10 10 10 10 10 10 10 10 10 10 10 10 10 10 10 10 10 10 10 10 10 10 10 10 10 10 10 10
11 3 3 5 7
11 4 3 5 7 10
11 5 3 5 7 10 10
11 6 3 5 7 10 10 10
11 7 3 5 7 10 10 10 10
11 8 3 5 7 10 10 10 10 10
11 9 3 5 7 10 10 10 10 10 10
11 10 3 5 7 10 10 10 10 10 10 10
11 11 3 5 7 10 10 10 10 10 10 10 10
11 12 3 5 7 10 10 10 10 10 10 10 10 10
11 13 3 5 7 10 10 10 10 10 10 10 10 10 10
11 14 3 5 7 10 10 10 10 10 10 10 10 10 10 10
11 15 3 5 7 10 10 10 10 10 10 10 10 10 10 10 10
11 16 3 5 7 10 10 10 10 10 10 10 10 10 10 10 10 10
11 17 3 5 7 10 10 10 10 10 10 10 10 10 10 10 10 10 10
11 18 3 5 7 10 10 10 10 10 10 10 10 10 10 10 10 10 10 10
11 19 3 5 7 10 10 10 10 10 10 10 10 10 10 10 10 10 10 10 10
11 20 3 5 7 10 10 10 10 10 10 10 10 10 10 10 10 10 10 10 10 10
11 21 3 5 7 10 10 10 10 10 10 10 10 10 10 10 10 10 10 10 10 10 10
11 22 3 5 7 10 10 10 10 10 10 10 10 10 10 10 10 10 10 10 10 10 10 10
11 23 3 5 7 10 10 10 10 10 10 10 10 10 10 10 10 10 10 10 10 10 10 10 10
11 24 3 5 7 10 10 10 10 10 10 10 10 10 10 10 10 10 10 10 10 10 10 10 10 10
11 25 3 5 7 10 10 10 10 10 10 10 10 10 10 10 10 10 10 10 10 10 10 10 10 10 10
11 26 3 5 7 10 10 10 10 10 10 10 10 10 10 10 10 10 10 10 10 10 10 10 10 10 10 10
11 27 3 5 7 10 10 10 10 10 10 10 10 10 10 10 10 10 10 10 10 10 10 10 10 10 10 10 10
11 28 3 5 7 10 10 10 10 10 10 10 10 10 10 10 10 10 10 10 10 10 10 10 10 10 10 10 10 10
11 29 3 5 7 10 10 10 10 10 10 10 10 10 10 10 10 10 10 10 10 10 10 10 10 10 10 10 10 10 10
11 30 3 5 7 10 10 10 10 10 10 10 10 10 10 10 10 10 10 10 10 10 10 10 10 10 10 10 10 10 10 10
11 31 3 5 7 10 10 10 10 10 10 10 10 10 10 10 10 10 10 10 10 10 10 10 10 10 10 10 10 10 10 10 10
11 32 3 5 7 10 10 10 10 10 10 10 10 10 10 10 10 10 10 10 10 10 10 10 10 10 10 10 10 10 10 10 10 10
11 33 3 5 7 10 10 10 10 10 10 10 10 10 10 10 10 10 10 10 10 10 10 10 10 10 10 10 10 10 10 10 10 10 10
11 34 3 5 7 10 10 10 10 10 10 10 10 10 10 10 10 10 10 10 10 10 10 10 10 10 10 10 10 10 10 10 10 10 10 10
11 35 3 5 7 10 10 10 10 10 10 10 10 10 10 10 10 10 10 10 10 10 10 10 10 10 10 10 10 10 10 10 10 10 10 10 10
11 36 3 5 7 10 10 10 10 10 10 10 10 10 10 10 10 10 10 10 10 10 10 10 10 10 10 10 10 10 10 10 10 10 10 10 10 10
11 37 3 5 7 10 10 10 10 10 10 10 10 10 10 10 10 10 10 10 10 10 10 10 10 10 10 10 10 10 10 10 10 10 10 10 10 10 10
11 38 3 5 7 10 10 10 10 10 10 10 10 10 10 10 10 10 10 10 10 10 10 10 10 10 10 10 10 10 10 10 10 10 10 10 10 10 10 10
11 39 3 5 7 10 10 10 10 10 10 10 10 10 10 10 10 10 10 10 10 10 10 10 10 10 10 10 10 10 10 10 10 10 10 10 10 10 10 10 10
11 40 3 5 7 10 10 10 10 10 10 10 10 10 10 10 10 10 10 10 10 10 10 10 10 10 10 10 10 10 10 10 10 10 10 10 10 10 10 10 10 10
11 3 3 5 8
11 4 3 5 8 10
11 5 3 5 8 10 10
11 6 3 5 8 10 10 10
11 7 3 5 8 10 10 10 10
11 8 3 5 8 10 10 10 10 10
11 9 3 5 8 10 10 10 10 10 10
11 10 3 5 8 10 10 10 10 10 10 10
11 11 3 5 8 10 10 10 10 10 10 10 10
11 12 3 5 8 10 10 10 10 10 10 10 10 10
11 13 3 5 8 10 10 10 10 10 10 10 10 10 10
11 14 3 5 8 10 10 10 10 10 10 10 10 10 10 10
11 15 3 5 8 10 10 10 10 10 10 10 10 10 10 10 10
11 16 3 5 8 10 10 10 10 10 10 10 10 10 10 10 10 10
11 17 3 5 8 10 10 10 10 10 10 10 10 10 10 10 10 10 10
11 18 3 5 8 10 10 10 10 10 10 10 10 10 10 10 10 10 10 10
11 19 3 5 8 10 10 10 10 10 10 10 10 10 10 10 10 10 10 10 10
11 20 3 5 8 10 10 10 10 10 10 10 10 10 10 10 10 10 10 10 10 10
11 21 3 5 8 10 10 10 10 10 10 10 10 10 10 10 10 10 10 10 10 10 10
11 22 3 5 8 10 10 10 10 10 10 10 10 10 10 10 10 10 10 10 10 10 10 10
11 23 3 5 8 10 10 10 10 10 10 10 10 10 10 10 10 10 10 10 10 10 10 10 10
11 24 3 5 8 10 10 10 10 10 10 10 10 10 10 10 10 10 10 10 10 10 10 10 10 10
11 25 3 5 8 10 10 10 10 10 10 10 10 10 10 10 10 10 10 10 10 10 10 10 10 10 10
11 26 3 5 8 10 10 10 10 10 10 10 10 10 10 10 10 10 10 10 10 10 10 10 10 10 10 10
11 27 3 5 8 10 10 10 10 10 10 10 10 10 10 10 10 10 10 10 10 10 10 10 10 10 10 10 10
11 28 3 5 8 10 10 10 10 10 10 10 10 10 10 10 10 10 10 10 10 10 10 10 10 10 10 10 10 10
11 29 3 5 8 10 10 10 10 10 10 10 10 10 10 10 10 10 10 10 10 10 10 10 10 10 10 10 10 10 10
11 30 3 5 8 10 10 10 10 10 10 10 10 10 10 10 10 10 10 10 10 10 10 10 10 10 10 10 10 10 10 10
11 31 3 5 8 10 10 10 10 10 10 10 10 10 10 10 10 10 10 10 10 10 10 10 10 10 10 10 10 10 10 10 10
11 32 3 5 8 10 10 10 10 10 10 10 10 10 10 10 10 10 10 10 10 10 10 10 10 10 10 10 10 10 10 10 10 10
11 33 3 5 8 10 10 10 10 10 10 10 10 10 10 10 10 10 10 10 10 10 10 10 10 10 10 10 10 10 10 10 10 10 10
11 34 3 5 8 10 10 10 10 10 10 10 10 10 10 10 10 10 10 10 10 10 10 10 10 10 10 10 10 10 10 10 10 10 10 10
11 35 3 5 8 10 10 10 10 10 10 10 10 10 10 10 10 10 10 10 10 10 10 10 10 10 10 10 10 10 10 10 10 10 10 10 10
11 36 3 5 8 10 10 10 10 10 10 10 10 10 10 10 10 10 10 10 10 10 10 10 10 10 10 10 10 10 10 10 10 10 10 10 10 10
11 37 3 5 8 10 10 10 10 10 10 10 10 10 10 10 10 10 10 10 10 10 10 10 10 10 10 10 10 10 10 10 10 10 10 10 10 10 10
11 38 3 5 8 10 10 10 10 10 10 10 10 10 10 10 10 10 10 10 10 10 10 10 10 10 10 10 10 10 10 10 10 10 10 10 10 10 10 10
11 39 3 5 8 10 10 10 10 10 10 10 10 10 10 10 10 10 10 10 10 10 10 10 10 10 10 10 10 10 10 10 10 10 10 10 10 10 10 10 10
11 40 3 5 8 10 10 10 10 10 10 10 10 10 10 10 10 10 10 10 10 10 10 10 10 10 10 10 10 10 10 10 10 10 10 10 10 10 10 10 10 10
11 3 3 5 9
11 4 3 5 9 10
11 5 3 5 9 10 10
11 6 3 5 9 10 10 10
11 7 3 5 9 10 10 10 10
11 8 3 5 9 10 10 10 10 10
11 9 3 5 9 10 10 10 10 10 10
11 10 3 5 9 10 10 10 10 10 10 10
11 11 3 5 9 10 10 10 10 10 10 10 10
11 12 3 5 9 10 10 10 10 10 10 10 10 10
11 13 3 5 9 10 10 10 10 10 10 10 10 10 10
11 14 3 5 9 10 10 10 10 10 10 10 10 10 10 10
11 15 3 5 9 10 10 10 10 10 10 10 10 10 10 10 10
11 16 3 5 9 10 10 10 10 10 10 10 10 10 10 10 10 10
11 17 3 5 9 10 10 10 10 10 10 10 10 10 10 10 10 10 10
11 18 3 5 9 10 10 10 10 10 10 10 10 10 10 10 10 10 10 10
11 19 3 5 9 10 10 10 10 10 10 10 10 10 10 10 10 10 10 10 10
11 20 3 5 9 10 10 10 10 10 10 10 10 10 10 10 10 10 10 10 10 10
11 21 3 5 9 10 10 10 10 10 10 10 10 10 10 10 10 10 10 10 10 10 10
11 22 3 5 9 10 10 10 10 10 10 10 10 10 10 10 10 10 10 10 10 10 10 10
11 23 3 5 9 10 10 10 10 10 10 10 10 10 10 10 10 10 10 10 10 10 10 10 10
11 24 3 5 9 10 10 10 10 10 10 10 10 10 10 10 10 10 10 10 10 10 10 10 10 10
11 25 3 5 9 10 10 10 10 10 10 10 10 10 10 10 10 10 10 10 10 10 10 10 10 10 10
11 26 3 5 9 10 10 10 10 10 10 10 10 10 10 10 10 10 10 10 10 10 10 10 10 10 10 10
11 27 3 5 9 10 10 10 10 10 10 10 10 10 10 10 10 10 10 10 10 10 10 10 10 10 10 10 10
11 28 3 5 9 10 10 10 10 10 10 10 10 10 10 10 10 10 10 10 10 10 10 10 10 10 10 10 10 10
11 29 3 5 9 10 10 10 10 10 10 10 10 10 10 10 10 10 10 10 10 10 10 10 10 10 10 10 10 10 10
11 30 3 5 9 10 10 10 10 10 10 10 10 10 10 10 10 10 10 10 10 10 10 10 10 10 10 10 10 10 10 10
11 31 3 5 9 10 10 10 10 10 10 10 10 10 10 10 10 10 10 10 10 10 10 10 10 10 10 10 10 10 10 10 10
11 32 3 5 9 10 10 10 10 10 10 10 10 10 10 10 10 10 10 10 10 10 10 10 10 10 10 10 10 10 10 10 10 10
11 33 3 5 9 10 10 10 10 10 10 10 10 10 10 10 10 10 10 10 10 10 10 10 10 10 10 10 10 10 10 10 10 10 10
11 34 3 5 9 10 10 10 10 10 10 10 10 10 10 10 10 10 10 10 10 10 10 10 10 10 10 10 10 10 10 10 10 10 10 10
11 35 3 5 9 10 10 10 10 10 10 10 10 10 10 10 10 10 10 10 10 10 10 10 10 10 10 10 10 10 10 10 10 10 10 10 10
11 36 3 5 9 10 10 10 10 10 10 10 10 10 10 10 10 10 10 10 10 10 10 10 10 10 10 10 10 10 10 10 10 10 10 10 10 10
11 37 3 5 9 10 10 10 10 10 10 10 10 10 10 10 10 10 10 10 10 10 10 10 10 10 10 10 10 10 10 10 10 10 10 10 10 10 10
11 38 3 5 9 10 10 10 10 10 10 10 10 10 10 10 10 10 10 10 10 10 10 10 10 10 10 10 10 10 10 10 10 10 10 10 10 10 10 10
11 39 3 5 9 10 10 10 10 10 10 10 10 10 10 10 10 10 10 10 10 10 10 10 10 10 10 10 10 10 10 10 10 10 10 10 10 10 10 10 10
11 40 3 5 9 10 10 10 10 10 10 10 10 10 10 10 10 10 10 10 10 10 10 10 10 10 10 10 10 10 10 10 10 10 10 10 10 10 10 10 10 10
11 3 3 6 6
11 4 3 6 6 10
11 5 3 6 6 10 10
11 6 3 6 6 10 10 10
11 7 3 6 6 10 10 10 10
11 8 3 6 6 10 10 10 10 10
11 9 3 6 6 10 10 10 10 10 10
11 10 3 6 6 10 10 10 10 10 10 10
11 11 3 6 6 10 10 10 10 10 10 10 10
11 12 3 6 6 10 10 10 10 10 10 10 10 10
11 13 3 6 6 10 10 10 10 10 10 10 10 10 10
11 14 3 6 6 10 10 10 10 10 10 10 10 10 10 10
11 15 3 6 6 10 10 10 10 10 10 10 10 10 10 10 10
11 16 3 6 6 10 10 10 10 10 10 10 10 10 10 10 10 10
11 17 3 6 6 10 10 10 10 10 10 10 10 10 10 10 10 10 10
11 18 3 6 6 10 10 10 10 10 10 10 10 10 10 10 10 10 10 10
11 19 3 6 6 10 10 10 10 10 10 10 10 10 10 10 10 10 10 10 10
11 20 3 6 6 10 10 10 10 10 10 10 10 10 10 10 10 10 10 10 10 10
11 21 3 6 6 10 10 10 10 10 10 10 10 10 10 10 10 10 10 10 10 10 10
11 22 3 6 6 10 10 10 10 10 10 10 10 10 10 10 10 10 10 10 10 10 10 10
11 23 3 6 6 10 10 10 10 10 10 10 10 10 10 10 10 10 10 10 10 10 10 10 10
11 24 3 6 6 10 10 10 10 10 10 10 10 10 10 10 10 10 10 10 10 10 10 10 10 10
11 25 3 6 6 10 10 10 10 10 10 10 10 10 10 10 10 10 10 10 10 10 10 10 10 10 10
11 26 3 6 6 10 10 10 10 10 10 10 10 10 10 10 10 10 10 10 10 10 10 10 10 10 10 10
11 27 3 6 6 10 10 10 10 10 10 10 10 10 10 10 10 10 10 10 10 10 10 10 10 10 10 10 10
11 28 3 6 6 10 10 10 10 10 10 10 10 10 10 10 10 10 10 10 10 10 10 10 10 10 10 10 10 10
11 29 3 6 6 10 10 10 10 10 10 10 10 10 10 10 10 10 10 10 10 10 10 10 10 10 10 10 10 10 10
11 30 3 6 6 10 10 10 10 10 10 10 10 10 10 10 10 10 10 10 10 10 10 10 10 10 10 10 10 10 10 10
11 31 3 6 6 10 10 10 10 10 10 10 10 10 10 10 10 10 10 10 10 10 10 10 10 10 10 10 10 10 10 10 10
11 32 3 6 6 10 10 10 10 10 10 10 10 10 10 10 10 10 10 10 10 10 10 10 10 10 10 10 10 10 10 10 10 10
11 33 3 6 6 10 10 10 10 10 10 10 10 10 10 10 10 10 10 10 10 10 10 10 10 10 10 10 10 10 10 10 10 10 10
11 34 3 6 6 10 10 10 10 10 10 10 10 10 10 10 10 10 10 10 10 10 10 10 10 10 10 10 10 10 10 10 10 10 10 10
11 35 3 6 6 10 10 10 10 10 10 10 10 10 10 10 10 10 10 10 10 10 10 10 10 10 10 10 10 10 10 10 10 10 10 10 10
11 36 3 6 6 10 10 10 10 10 10 10 10 10 10 10 10 10 10 10 10 10 10 10 10 10 10 10 10 10 10 10 10 10 10 10 10 10
11 37 3 6 6 10 10 10 10 10 10 10 10 10 10 10 10 10 10 10 10 10 10 10 10 10 10 10 10 10 10 10 10 10 10 10 10 10 10
11 38 3 6 6 10 10 10 10 10 10 10 10 10 10 10 10 10 10 10 10 10 10 10 10 10 10 10 10 10 10 10 10 10 10 10 10 10 10 10
11 39 3 6 6 10 10 10 10 10 10 10 10 10 10 10 10 10 10 10 10 10 10 10 10 10 10 10 10 10 10 10 10 10 10 10 10 10 10 10 10
11 40 3 6 6 10 10 10 10 10 10 10 10 10 10 10 10 10 10 10 10 10 10 10 10 10 10 10 10 10 10 10 10 10 10 10 10 10 10 10 10 10
11 3 3 6 7
11 4 3 6 7 10
11 5 3 6 7 10 10
11 6 3 6 7 10 10 10
11 7 3 6 7 10 10 10 10
11 8 3 6 7 10 10 10 10 10
11 9 3 6 7 10 10 10 10 10 10
11 10 3 6 7 10 10 10 10 10 10 10
11 11 3 6 7 10 10 10 10 10 10 10 10
11 12 3 6 7 10 10 10 10 10 10 10 10 10
11 13 3 6 7 10 10 10 10 10 10 10 10 10 10
11 14 3 6 7 10 10 10 10 10 10 10 10 10 10 10
11 15 3 6 7 10 10 10 10 10 10 10 10 10 10 10 10
11 16 3 6 7 10 10 10 10 10 10 10 10 10 10 10 10 10
11 17 3 6 7 10 10 10 10 10 10 10 10 10 10 10 10 10 10
11 18 3 6 7 10 10 10 10 10 10 10 10 10 10 10 10 10 10 10
11 19 3 6 7 10 10 10 10 10 10 10 10 10 10 10 10 10 10 10 10
11 20 3 6 7 10 10 10 10 10 10 10 10 10 10 10 10 10 10 10 10 10
11 21 3 6 7 10 10 10 10 10 10 10 10 10 10 10 10 10 10 10 10 10 10
11 22 3 6 7 10 10 10 10 10 10 10 10 10 10 10 10 10 10 10 10 10 10 10
11 23 3 6 7 10 10 10 10 10 10 10 10 10 10 10 10 10 10 10 10 10 10 10 10
11 24 3 6 7 10 10 10 10 10 10 10 10 10 10 10 10 10 10 10 10 10 10 10 10 10
11 25 3 6 7 10 10 10 10 10 10 10 10 10 10 10 10 10 10 10 10 10 10 10 10 10 10
11 26 3 6 7 10 10 10 10 10 10 10 10 10 10 10 10 10 10 10 10 10 10 10 10 10 10 10
11 27 3 6 7 10 10 10 10 10 10 10 10 10 10 10 10 10 10 10 10 10 10 10 10 10 10 10 10
11 28 3 6 7 10 10 10 10 10 10 10 10 10 10 10 10 10 10 10 10 10 10 10 10 10 10 10 10 10
11 29 3 6 7 10 10 10 10 10 10 10 10 10 10 10 10 10 10 10 10 10 10 10 10 10 10 10 10 10 10
11 30 3 6 7 10 10 10 10 10 10 10 10 10 10 10 10 10 10 10 10 10 10 10 10 10 10 10 10 10 10 10
11 31 3 6 7 10 10 10 10 10 10 10 10 10 10 10 10 10 10 10 10 10 10 10 10 10 10 10 10 10 10 10 10
11 32 3 6 7 10 10 10 10 10 10 10 10 10 10 10 10 10 10 10 10 10 10 10 10 10 10 10 10 10 10 10 10 10
11 33 3 6 7 10 10 10 10 10 10 10 10 10 10 10 10 10 10 10 10 10 10 10 10 10 10 10 10 10 10 10 10 10 10
11 34 3 6 7 10 10 10 10 10 10 10 10 10 10 10 10 10 10 10 10 10 10 10 10 10 10 10 10 10 10 10 10 10 10 10
11 35 3 6 7 10 10 10 10 10 10 10 10 10 10 10 10 10 10 10 10 10 10 10 10 10 10 10 10 10 10 10 10 10 10 10 10
11 36 3 6 7 10 10 10 10 10 10 10 10 10 10 10 10 10 10 10 10 10 10 10 10 10 10 10 10 10 10 10 10 10 10 10 10 10
11 37 3 6 7 10 10 10 10 10 10 10 10 10 10 10 10 10 10 10 10 10 10 10 10 10 10 10 10 10 10 10 10 10 10 10 10 10 10
11 38 3 6 7 10 10 10 10 10 10 10 10 10 10 10 10 10 10 10 10 10 10 10 10 10 10 10 10 10 10 10 10 10 10 10 10 10 10 10
11 39 3 6 7 10 10 10 10 10 10 10 10 10 10 10 10 10 10 10 10 10 10 10 10 10 10 10 10 10 10 10 10 10 10 10 10 10 10 10 10
11 40 3 6 7 10 10 10 10 10 10 10 10 10 10 10 10 10 10 10 10 10 10 10 10 10 10 10 10 10 10 10 10 10 10 10 10 10 10 10 10 10
11 3 3 6 8
11 4 3 6 8 10
11 5 3 6 8 10 10
11 6 3 6 8 10 10 10
11 7 3 6 8 10 10 10 10
11 8 3 6 8 10 10 10 10 10
11 9 3 6 8 10 10 10 10 10 10
11 10 3 6 8 10 10 10 10 10 10 10
11 11 3 6 8 10 10 10 10 10 10 10 10
11 12 3 6 8 10 10 10 10 10 10 10 10 10
11 13 3 6 8 10 10 10 10 10 10 10 10 10 10
11 14 3 6 8 10 10 10 10 10 10 10 10 10 10 10
11 15 3 6 8 10 10 10 10 10 10 10 10 10 10 10 10
11 16 3 6 8 10 10 10 10 10 10 10 10 10 10 10 10 10
11 17 3 6 8 10 10 10 10 10 10 10 10 10 10 10 10 10 10
11 18 3 6 8 10 10 10 10 10 10 10 10 10 10 10 10 10 10 10
11 19 3 6 8 10 10 10 10 10 10 10 10 10 10 10 10 10 10 10 10
11 20 3 6 8 10 10 10 10 10 10 10 10 10 10 10 10 10 10 10 10 10
11 21 3 6 8 10 10 10 10 10 10 10 10 10 10 10 10 10 10 10 10 10 10
11 22 3 6 8 10 10 10 10 10 10 10 10 10 10 10 10 10 10 10 10 10 10 10
11 23 3 6 8 10 10 10 10 10 10 10 10 10 10 10 10 10 10 10 10 10 10 10 10
11 24 3 6 8 10 10 10 10 10 10 10 10 10 10 10 10 10 10 10 10 10 10 10 10 10
11 25 3 6 8 10 10 10 10 10 10 10 10 10 10 10 10 10 10 10 10 10 10 10 10 10 10
11 26 3 6 8 10 10 10 10 10 10 10 10 10 10 10 10 10 10 10 10 10 10 10 10 10 10 10
11 27 3 6 8 10 10 10 10 10 10 10 10 10 10 10 10 10 10 10 10 10 10 10 10 10 10 10 10
11 28 3 6 8 10 10 10 10 10 10 10 10 10 10 10 10 10 10 10 10 10 10 10 10 10 10 10 10 10
11 29 3 6 8 10 10 10 10 10 10 10 10 10 10 10 10 10 10 10 10 10 10 10 10 10 10 10 10 10 10
11 30 3 6 8 10 10 10 10 10 10 10 10 10 10 10 10 10 10 10 10 10 10 10 10 10 10 10 10 10 10 10
11 31 3 6 8 10 10 10 10 10 10 10 10 10 10 10 10 10 10 10 10 10 10 10 10 10 10 10 10 10 10 10 10
11 32 3 6 8 10 10 10 10 10 10 10 10 10 10 10 10 10 10 10 10 10 10 10 10 10 10 10 10 10 10 10 10 10
11 33 3 6 8 10 10 10 10 10 10 10 10 10 10 10 10 10 10 10 10 10 10 10 10 10 10 10 10 10 10 10 10 10 10
11 34 3 6 8 10 10 10 10 10 10 10 10 10 10 10 10 10 10 10 10 10 10 10 10 10 10 10 10 10 10 10 10 10 10 10
11 35 3 6 8 10 10 10 10 10 10 10 10 10 10 10 10 10 10 10 10 10 10 10 10 10 10 10 10 10 10 10 10 10 10 10 10
11 36 3 6 8 10 10 10 10 10 10 10 10 10 10 10 10 10 10 10 10 10 10 10 10 10 10 10 10 10 10 10 10 10 10 10 10 10
11 37 3 6 8 10 10 10 10 10 10 10 10 10 10 10 10 10 10 10 10 10 10 10 10 10 10 10 10 10 10 10 10 10 10 10 10 10 10
11 38 3 6 8 10 10 10 10 10 10 10 10 10 10 10 10 10 10 10 10 10 10 10 10 10 10 10 10 10 10 10 10 10 10 10 10 10 10 10
11 39 3 6 8 10 10 10 10 10 10 10 10 10 10 10 10 10 10 10 10 10 10 10 10 10 10 10 10 10 10 10 10 10 10 10 10 10 10 10 10
11 40 3 6 8 10 10 10 10 10 10 10 10 10 10 10 10 10 10 10 10 10 10 10 10 10 10 10 10 10 10 10 10 10 10 10 10 10 10 10 10 10
11 3 3 6 9
11 4 3 6 9 10
11 5 3 6 9 10 10
11 6 3 6 9 10 10 10
11 7 3 6 9 10 10 10 10
11 8 3 6 9 10 10 10 10 10
11 9 3 6 9 10 10 10 10 10 10
11 10 3 6 9 10 10 10 10 10 10 10
11 11 3 6 9 10 10 10 10 10 10 10 10
11 12 3 6 9 10 10 10 10 10 10 10 10 10
11 13 3 6 9 10 10 10 10 10 10 10 10 10 10
11 14 3 6 9 10 10 10 10 10 10 10 10 10 10 10
11 15 3 6 9 10 10 10 10 10 10 10 10 10 10 10 10
11 16 3 6 9 10 10 10 10 10 10 10 10 10 10 10 10 10
11 17 3 6 9 10 10 10 10 10 10 10 10 10 10 10 10 10 10
11 18 3 6 9 10 10 10 10 10 10 10 10 10 10 10 10 10 10 10
11 19 3 6 9 10 10 10 10 10 10 10 10 10 10 10 10 10 10 10 10
11 20 3 6 9 10 10 10 10 10 10 10 10 10 10 10 10 10 10 10 10 10
11 21 3 6 9 10 10 10 10 10 10 10 10 10 10 10 10 10 10 10 10 10 10
11 22 3 6 9 10 10 10 10 10 10 10 10 10 10 10 10 10 10 10 10 10 10 10
11 23 3 6 9 10 10 10 10 10 10 10 10 10 10 10 10 10 10 10 10 10 10 10 10
11 24 3 6 9 10 10 10 10 10 10 10 10 10 10 10 10 10 10 10 10 10 10 10 10 10
11 25 3 6 9 10 10 10 10 10 10 10 10 10 10 10 10 10 10 10 10 10 10 10 10 10 10
11 26 3 6 9 10 10 10 10 10 10 10 10 10 10 10 10 10 10 10 10 10 10 10 10 10 10 10
11 27 3 6 9 10 10 10 10 10 10 10 10 10 10 10 10 10 10 10 10 10 10 10 10 10 10 10 10
11 28 3 6 9 10 10 10 10 10 10 10 10 10 10 10 10 10 10 10 10 10 10 10 10 10 10 10 10 10
11 29 3 6 9 10 10 10 10 10 10 10 10 10 10 10 10 10 10 10 10 10 10 10 10 10 10 10 10 10 10
11 30 3 6 9 10 10 10 10 10 10 10 10 10 10 10 10 10 10 10 10 10 10 10 10 10 10 10 10 10 10 10
11 31 3 6 9 10 10 10 10 10 10 10 10 10 10 10 10 10 10 10 10 10 10 10 10 10 10 10 10 10 10 10 10
11 32 3 6 9 10 10 10 10 10 10 10 10 10 10 10 10 10 10 10 10 10 10 10 10 10 10 10 10 10 10 10 10 10
11 33 3 6 9 10 10 10 10 10 10 10 10 10 10 10 10 10 10 10 10 10 10 10 10 10 10 10 10 10 10 10 10 10 10
11 34 3 6 9 10 10 10 10 10 10 10 10 10 10 10 10 10 10 10 10 10 10 10 10 10 10 10 10 10 10 10 10 10 10 10
11 35 3 6 9 10 10 10 10 10 10 10 10 10 10 10 10 10 10 10 10 10 10 10 10 10 10 10 10 10 10 10 10 10 10 10 10
11 36 3 6 9 10 10 10 10 10 10 10 10 10 10 10 10 10 10 10 10 10 10 10 10 10 10 10 10 10 10 10 10 10 10 10 10 10
11 37 3 6 9 10 10 10 10 10 10 10 10 10 10 10 10 10 10 10 10 10 10 10 10 10 10 10 10 10 10 10 10 10 10 10 10 10 10
11 38 3 6 9 10 10 10 10 10 10 10 10 10 10 10 10 10 10 10 10 10 10 10 10 10 10 10 10 10 10 10 10 10 10 10 10 10 10 10
11 39 3 6 9 10 10 10 10 10 10 10 10 10 10 10 10 10 10 10 10 10 10 10 10 10 10 10 10 10 10 10 10 10 10 10 10 10 10 10 10
11 40 3 6 9 10 10 10 10 10 10 10 10 10 10 10 10 10 10 10 10 10 10 10 10 10 10 10 10 10 10 10 10 10 10 10 10 10 10 10 10 10
11 3 3 7 7
11 4 3 7 7 10
11 5 3 7 7 10 10
11 6 3 7 7 10 10 10
11 7 3 7 7 10 10 10 10
11 8 3 7 7 10 10 10 10 10
11 9 3 7 7 10 10 10 10 10 10
11 10 3 7 7 10 10 10 10 10 10 10
11 11 3 7 7 10 10 10 10 10 10 10 10
11 12 3 7 7 10 10 10 10 10 10 10 10 10
11 13 3 7 7 10 10 10 10 10 10 10 10 10 10
11 14 3 7 7 10 10 10 10 10 10 10 10 10 10 10
11 15 3 7 7 10 10 10 10 10 10 10 10 10 10 10 10
11 16 3 7 7 10 10 10 10 10 10 10 10 10 10 10 10 10
11 17 3 7 7 10 10 10 10 10 10 10 10 10 10 10 10 10 10
11 18 3 7 7 10 10 10 10 10 10 10 10 10 10 10 10 10 10 10
11 19 3 7 7 10 10 10 10 10 10 10 10 10 10 10 10 10 10 10 10
11 20 3 7 7 10 10 10 10 10 10 10 10 10 10 10 10 10 10 10 10 10
11 21 3 7 7 10 10 10 10 10 10 10 10 10 10 10 10 10 10 10 10 10 10
11 22 3 7 7 10 10 10 10 10 10 10 10 10 10 10 10 10 10 10 10 10 10 10
11 23 3 7 7 10 10 10 10 10 10 10 10 10 10 10 10 10 10 10 10 10 10 10 10
11 24 3 7 7 10 10 10 10 10 10 10 10 10 10 10 10 10 10 10 10 10 10 10 10 10
11 25 3 7 7 10 10 10 10 10 10 10 10 10 10 10 10 10 10 10 10 10 10 10 10 10 10
11 26 3 7 7 10 10 10 10 10 10 10 10 10 10 10 10 10 10 10 10 10 10 10 10 10 10 10
11 27 3 7 7 10 10 10 10 10 10 10 10 10 10 10 10 10 10 10 10 10 10 10 10 10 10 10 10
11 28 3 7 7 10 10 10 10 10 10 10 10 10 10 10 10 10 10 10 10 10 10 10 10 10 10 10 10 10
11 29 3 7 7 10 10 10 10 10 10 10 10 10 10 10 10 10 10 10 10 10 10 10 10 10 10 10 10 10 10
11 30 3 7 7 10 10 10 10 10 10 10 10 10 10 10 10 10 10 10 10 10 10 10 10 10 10 10 10 10 10 10
11 31 3 7 7 10 10 10 10 10 10 10 10 10 10 10 10 10 10 10 10 10 10 10 10 10 10 10 10 10 10 10 10
11 32 3 7 7 10 10 10 10 10 10 10 10 10 10 10 10 10 10 10 10 10 10 10 10 10 10 10 10 10 10 10 10 10
11 33 3 7 7 10 10 10 10 10 10 10 10 10 10 10 10 10 10 10 10 10 10 10 10 10 10 10 10 10 10 10 10 10 10
11 34 3 7 7 10 10 10 10 10 10 10 10 10 10 10 10 10 10 10 10 10 10 10 10 10 10 10 10 10 10 10 10 10 10 10
11 35 3 7 7 10 10 10 10 10 10 10 10 10 10 10 10 10 10 10 10 10 10 10 10 10 10 10 10 10 10 10 10 10 10 10 10
11 36 3 7 7 10 10 10 10 10 10 10 10 10 10 10 10 10 10 10 10 10 10 10 10 10 10 10 10 10 10 10 10 10 10 10 10 10
11 37 3 7 7 10 10 10 10 10 10 10 10 10 10 10 10 10 10 10 10 10 10 10 10 10 10 10 10 10 10 10 10 10 10 10 10 10 10
11 38 3 7 7 10 10 10 10 10 10 10 10 10 10 10 10 10 10 10 10 10 10 10 10 10 10 10 10 10 10 10 10 10 10 10 10 10 10 10
11 39 3 7 7 10 10 10 10 10 10 10 10 10 10 10 10 10 10 10 10 10 10 10 10 10 10 10 10 10 10 10 10 10 10 10 10 10 10 10 10
11 40 3 7 7 10 10 10 10 10 10 10 10 10 10 10 10 10 10 10 10 10 10 10 10 10 10 10 10 10 10 10 10 10 10 10 10 10 10 10 10 10
11 3 3 7 8
11 4 3 7 8 10
11 5 3 7 8 10 10
11 6 3 7 8 10 10 10
11 7 3 7 8 10 10 10 10
11 8 3 7 8 10 10 10 10 10
11 9 3 7 8 10 10 10 10 10 10
11 10 3 7 8 10 10 10 10 10 10 10
11 11 3 7 8 10 10 10 10 10 10 10 10
11 12 3 7 8 10 10 10 10 10 10 10 10 10
11 13 3 7 8 10 10 10 10 10 10 10 10 10 10
11 14 3 7 8 10 10 10 10 10 10 10 10 10 10 10
11 15 3 7 8 10 10 10 10 10 10 10 10 10 10 10 10
11 16 3 7 8 10 10 10 10 10 10 10 10 10 10 10 10 10
11 17 3 7 8 10 10 10 10 10 10 10 10 10 10 10 10 10 10
11 18 3 7 8 10 10 10 10 10 10 10 10 10 10 10 10 10 10 10
11 19 3 7 8 10 10 10 10 10 10 10 10 10 10 10 10 10 10 10 10
11 20 3 7 8 10 10 10 10 10 10 10 10 10 10 10 10 10 10 10 10 10
11 21 3 7 8 10 10 10 10 10 10 10 10 10 10 10 10 10 10 10 10 10 10
11 22 3 7 8 10 10 10 10 10 10 10 10 10 10 10 10 10 10 10 10 10 10 10
11 23 3 7 8 10 10 10 10 10 10 10 10 10 10 10 10 10 10 10 10 10 10 10 10
11 24 3 7 8 10 10 10 10 10 10 10 10 10 10 10 10 10 10 10 10 10 10 10 10 10
11 25 3 7 8 10 10 10 10 10 10 10 10 10 10 10 10 10 10 10 10 10 10 10 10 10 10
11 26 3 7 8 10 10 10 10 10 10 10 10 10 10 10 10 10 10 10 10 10 10 10 10 10 10 10
11 27 3 7 8 10 10 10 10 10 10 10 10 10 10 10 10 10 10 10 10 10 10 10 10 10 10 10 10
11 28 3 7 8 10 10 10 10 10 10 10 10 10 10 10 10 10 10 10 10 10 10 10 10 10 10 10 10 10
11 29 3 7 8 10 10 10 10 10 10 10 10 10 10 10 10 10 10 10 10 10 10 10 10 10 10 10 10 10 10
11 30 3 7 8 10 10 10 10 10 10 10 10 10 10 10 10 10 10 10 10 10 10 10 10 10 10 10 10 10 10 10
11 31 3 7 8 10 10 10 10 10 10 10 10 10 10 10 10 10 10 10 10 10 10 10 10 10 10 10 10 10 10 10 10
11 32 3 7 8 10 10 10 10 10 10 10 10 10 10 10 10 10 10 10 10 10 10 10 10 10 10 10 10 10 10 10 10 10
11 33 3 7 8 10 10 10 10 10 10 10 10 10 10 10 10 10 10 10 10 10 10 10 10 10 10 10 10 10 10 10 10 10 10
11 34 3 7 8 10 10 10 10 10 10 10 10 10 10 10 10 10 10 10 10 10 10 10 10 10 10 10 10 10 10 10 10 10 10 10
11 35 3 7 8 10 10 10 10 10 10 10 10 10 10 10 10 10 10 10 10 10 10 10 10 10 10 10 10 10 10 10 10 10 10 10 10
11 36 3 7 8 10 10 10 10 10 10 10 10 10 10 10 10 10 10 10 10 10 10 10 10 10 10 10 10 10 10 10 10 10 10 10 10 10
11 37 3 7 8 10 10 10 10 10 10 10 10 10 10 10 10 10 10 10 10 10 10 10 10 10 10 10 10 10 10 10 10 10 10 10 10 10 10
11 38 3 7 8 10 10 10 10 10 10 10 10 10 10 10 10 10 10 10 10 10 10 10 10 10 10 10 10 10 10 10 10 10 10 10 10 10 10 10
11 39 3 7 8 10 10 10 10 10 10 10 10 10 10 10 10 10 10 10 10 10 10 10 10 10 10 10 10 10 10 10 10 10 10 10 10 10 10 10 10
11 40 3 7 8 10 10 10 10 10 10 10 10 10 10 10 10 10 10 10 10 10 10 10 10 10 10 10 10 10 10 10 10 10 10 10 10 10 10 10 10 10
11 3 3 7 9
11 4 3 7 9 10
11 5 3 7 9 10 10
11 6 3 7 9 10 10 10
11 7 3 7 9 10 10 10 10
11 8 3 7 9 10 10 10 10 10
11 9 3 7 9 10 10 10 10 10 10
11 10 3 7 9 10 10 10 10 10 10 10
11 11 3 7 9 10 10 10 10 10 10 10 10
11 12 3 7 9 10 10 10 10 10 10 10 10 10
11 13 3 7 9 10 10 10 10 10 10 10 10 10 10
11 14 3 7 9 10 10 10 10 10 10 10 10 10 10 10
11 15 3 7 9 10 10 10 10 10 10 10 10 10 10 10 10
11 16 3 7 9 10 10 10 10 10 10 10 10 10 10 10 10 10
11 17 3 7 9 10 10 10 10 10 10 10 10 10 10 10 10 10 10
11 18 3 7 9 10 10 10 10 10 10 10 10 10 10 10 10 10 10 10
11 19 3 7 9 10 10 10 10 10 10 10 10 10 10 10 10 10 10 10 10
11 20 3 7 9 10 10 10 10 10 10 10 10 10 10 10 10 10 10 10 10 10
11 21 3 7 9 10 10 10 10 10 10 10 10 10 10 10 10 10 10 10 10 10 10
11 22 3 7 9 10 10 10 10 10 10 10 10 10 10 10 10 10 10 10 10 10 10 10
11 23 3 7 9 10 10 10 10 10 10 10 10 10 10 10 10 10 10 10 10 10 10 10 10
11 24 3 7 9 10 10 10 10 10 10 10 10 10 10 10 10 10 10 10 10 10 10 10 10 10
11 25 3 7 9 10 10 10 10 10 10 10 10 10 10 10 10 10 10 10 10 10 10 10 10 10 10
11 26 3 7 9 10 10 10 10 10 10 10 10 10 10 10 10 10 10 10 10 10 10 10 10 10 10 10
11 27 3 7 9 10 10 10 10 10 10 10 10 10 10 10 10 10 10 10 10 10 10 10 10 10 10 10 10
11 28 3 7 9 10 10 10 10 10 10 10 10 10 10 10 10 10 10 10 10 10 10 10 10 10 10 10 10 10
11 29 3 7 9 10 10 10 10 10 10 10 10 10 10 10 10 10 10 10 10 10 10 10 10 10 10 10 10 10 10
11 30 3 7 9 10 10 10 10 10 10 10 10 10 10 10 10 10 10 10 10 10 10 10 10 10 10 10 10 10 10 10
11 31 3 7 9 10 10 10 10 10 10 10 10 10 10 10 10 10 10 10 10 10 10 10 10 10 10 10 10 10 10 10 10
11 32 3 7 9 10 10 10 10 10 10 10 10 10 10 10 10 10 10 10 10 10 10 10 10 10 10 10 10 10 10 10 10 10
11 33 3 7 9 10 10 10 10 10 10 10 10 10 10 10 10 10 10 10 10 10 10 10 10 10 10 10 10 10 10 10 10 10 10
11 34 3 7 9 10 10 10 10 10 10 10 10 10 10 10 10 10 10 10 10 10 10 10 10 10 10 10 10 10 10 10 10 10 10 10
11 35 3 7 9 10 10 10 10 10 10 10 10 10 10 10 10 10 10 10 10 10 10 10 10 10 10 10 10 10 10 10 10 10 10 10 10
11 36 3 7 9 10 10 10 10 10 10 10 10 10 10 10 10 10 10 10 10 10 10 10 10 10 10 10 10 10 10 10 10 10 10 10 10 10
11 37 3 7 9 10 10 10 10 10 10 10 10 10 10 10 10 10 10 10 10 10 10 10 10 10 10 10 10 10 10 10 10 10 10 10 10 10 10
11 38 3 7 9 10 10 10 10 10 10 10 10 10 10 10 10 10 10 10 10 10 10 10 10 10 10 10 10 10 10 10 10 10 10 10 10 10 10 10
11 39 3 7 9 10 10 10 10 10 10 10 10 10 10 10 10 10 10 10 10 10 10 10 10 10 10 10 10 10 10 10 10 10 10 10 10 10 10 10 10
11 40 3 7 9 10 10 10 10 10 10 10 10 10 10 10 10 10 10 10 10 10 10 10 10 10 10 10 10 10 10 10 10 10 10 10 10 10 10 10 10 10
11 3 3 8 8
11 4 3 8 8 10
11 5 3 8 8 10 10
11 6 3 8 8 10 10 10
11 7 3 8 8 10 10 10 10
11 8 3 8 8 10 10 10 10 10
11 9 3 8 8 10 10 10 10 10 10
11 10 3 8 8 10 10 10 10 10 10 10
11 11 3 8 8 10 10 10 10 10 10 10 10
11 12 3 8 8 10 10 10 10 10 10 10 10 10
11 13 3 8 8 10 10 10 10 10 10 10 10 10 10
11 14 3 8 8 10 10 10 10 10 10 10 10 10 10 10
11 15 3 8 8 10 10 10 10 10 10 10 10 10 10 10 10
11 16 3 8 8 10 10 10 10 10 10 10 10 10 10 10 10 10
11 17 3 8 8 10 10 10 10 10 10 10 10 10 10 10 10 10 10
11 18 3 8 8 10 10 10 10 10 10 10 10 10 10 10 10 10 10 10
11 19 3 8 8 10 10 10 10 10 10 10 10 10 10 10 10 10 10 10 10
11 20 3 8 8 10 10 10 10 10 10 10 10 10 10 10 10 10 10 10 10 10
11 21 3 8 8 10 10 10 10 10 10 10 10 10 10 10 10 10 10 10 10 10 10
11 22 3 8 8 10 10 10 10 10 10 10 10 10 10 10 10 10 10 10 10 10 10 10
11 23 3 8 8 10 10 10 10 10 10 10 10 10 10 10 10 10 10 10 10 10 10 10 10
11 24 3 8 8 10 10 10 10 10 10 10 10 10 10 10 10 10 10 10 10 10 10 10 10 10
11 25 3 8 8 10 10 10 10 10 10 10 10 10 10 10 10 10 10 10 10 10 10 10 10 10 10
11 26 3 8 8 10 10 10 10 10 10 10 10 10 10 10 10 10 10 10 10 10 10 10 10 10 10 10
11 27 3 8 8 10 10 10 10 10 10 10 10 10 10 10 10 10 10 10 10 10 10 10 10 10 10 10 10
11 28 3 8 8 10 10 10 10 10 10 10 10 10 10 10 10 10 10 10 10 10 10 10 10 10 10 10 10 10
11 29 3 8 8 10 10 10 10 10 10 10 10 10 10 10 10 10 10 10 10 10 10 10 10 10 10 10 10 10 10
11 30 3 8 8 10 10 10 10 10 10 10 10 10 10 10 10 10 10 10 10 10 10 10 10 10 10 10 10 10 10 10
11 31 3 8 8 10 10 10 10 10 10 10 10 10 10 10 10 10 10 10 10 10 10 10 10 10 10 10 10 10 10 10 10
11 32 3 8 8 10 10 10 10 10 10 10 10 10 10 10 10 10 10 10 10 10 10 10 10 10 10 10 10 10 10 10 10 10
11 33 3 8 8 10 10 10 10 10 10 10 10 10 10 10 10 10 10 10 10 10 10 10 10 10 10 10 10 10 10 10 10 10 10
11 34 3 8 8 10 10 10 10 10 10 10 10 10 10 10 10 10 10 10 10 10 10 10 10 10 10 10 10 10 10 10 10 10 10 10
11 35 3 8 8 10 10 10 10 10 10 10 10 10 10 10 10 10 10 10 10 10 10 10 10 10 10 10 10 10 10 10 10 10 10 10 10
11 36 3 8 8 10 10 10 10 10 10 10 10 10 10 10 10 10 10 10 10 10 10 10 10 10 10 10 10 10 10 10 10 10 10 10 10 10
11 37 3 8 8 10 10 10 10 10 10 10 10 10 10 10 10 10 10 10 10 10 10 10 10 10 10 10 10 10 10 10 10 10 10 10 10 10 10
11 38 3 8 8 10 10 10 10 10 10 10 10 10 10 10 10 10 10 10 10 10 10 10 10 10 10 10 10 10 10 10 10 10 10 10 10 10 10 10
11 39 3 8 8 10 10 10 10 10 10 10 10 10 10 10 10 10 10 10 10 10 10 10 10 10 10 10 10 10 10 10 10 10 10 10 10 10 10 10 10
11 40 3 8 8 10 10 10 10 10 10 10 10 10 10 10 10 10 10 10 10 10 10 10 10 10 10 10 10 10 10 10 10 10 10 10 10 10 10 10 10 10
11 3 3 8 9
11 4 3 8 9 10
11 5 3 8 9 10 10
11 6 3 8 9 10 10 10
11 7 3 8 9 10 10 10 10
11 8 3 8 9 10 10 10 10 10
11 9 3 8 9 10 10 10 10 10 10
11 10 3 8 9 10 10 10 10 10 10 10
11 11 3 8 9 10 10 10 10 10 10 10 10
11 12 3 8 9 10 10 10 10 10 10 10 10 10
11 13 3 8 9 10 10 10 10 10 10 10 10 10 10
11 14 3 8 9 10 10 10 10 10 10 10 10 10 10 10
11 15 3 8 9 10 10 10 10 10 10 10 10 10 10 10 10
11 16 3 8 9 10 10 10 10 10 10 10 10 10 10 10 10 10
11 17 3 8 9 10 10 10 10 10 10 10 10 10 10 10 10 10 10
11 18 3 8 9 10 10 10 10 10 10 10 10 10 10 10 10 10 10 10
11 19 3 8 9 10 10 10 10 10 10 10 10 10 10 10 10 10 10 10 10
11 20 3 8 9 10 10 10 10 10 10 10 10 10 10 10 10 10 10 10 10 10
11 21 3 8 9 10 10 10 10 10 10 10 10 10 10 10 10 10 10 10 10 10 10
11 22 3 8 9 10 10 10 10 10 10 10 10 10 10 10 10 10 10 10 10 10 10 10
11 23 3 8 9 10 10 10 10 10 10 10 10 10 10 10 10 10 10 10 10 10 10 10 10
11 24 3 8 9 10 10 10 10 10 10 10 10 10 10 10 10 10 10 10 10 10 10 10 10 10
11 25 3 8 9 10 10 10 10 10 10 10 10 10 10 10 10 10 10 10 10 10 10 10 10 10 10
11 26 3 8 9 10 10 10 10 10 10 10 10 10 10 10 10 10 10 10 10 10 10 10 10 10 10 10
11 27 3 8 9 10 10 10 10 10 10 10 10 10 10 10 10 10 10 10 10 10 10 10 10 10 10 10 10
11 28 3 8 9 10 10 10 10 10 10 10 10 10 10 10 10 10 10 10 10 10 10 10 10 10 10 10 10 10
11 29 3 8 9 10 10 10 10 10 10 10 10 10 10 10 10 10 10 10 10 10 10 10 10 10 10 10 10 10 10
11 30 3 8 9 10 10 10 10 10 10 10 10 10 10 10 10 10 10 10 10 10 10 10 10 10 10 10 10 10 10 10
11 31 3 8 9 10 10 10 10 10 10 10 10 10 10 10 10 10 10 10 10 10 10 10 10 10 10 10 10 10 10 10 10
11 32 3 8 9 10 10 10 10 10 10 10 10 10 10 10 10 10 10 10 10 10 10 10 10 10 10 10 10 10 10 10 10 10
11 33 3 8 9 10 10 10 10 10 10 10 10 10 10 10 10 10 10 10 10 10 10 10 10 10 10 10 10 10 10 10 10 10 10
11 34 3 8 9 10 10 10 10 10 10 10 10 10 10 10 10 10 10 10 10 10 10 10 10 10 10 10 10 10 10 10 10 10 10 10
11 35 3 8 9 10 10 10 10 10 10 10 10 10 10 10 10 10 10 10 10 10 10 10 10 10 10 10 10 10 10 10 10 10 10 10 10
11 36 3 8 9 10 10 10 10 10 10 10 10 10 10 10 10 10 10 10 10 10 10 10 10 10 10 10 10 10 10 10 10 10 10 10 10 10
11 37 3 8 9 10 10 10 10 10 10 10 10 10 10 10 10 10 10 10 10 10 10 10 10 10 10 10 10 10 10 10 10 10 10 10 10 10 10
11 38 3 8 9 10 10 10 10 10 10 10 10 10 10 10 10 10 10 10 10 10 10 10 10 10 10 10 10 10 10 10 10 10 10 10 10 10 10 10
11 39 3 8 9 10 10 10 10 10 10 10 10 10 10 10 10 10 10 10 10 10 10 10 10 10 10 10 10 10 10 10 10 10 10 10 10 10 10 10 10
11 40 3 8 9 10 10 10 10 10 10 10 10 10 10 10 10 10 10 10 10 10 10 10 10 10 10 10 10 10 10 10 10 10 10 10 10 10 10 10 10 10
11 3 3 9 9
11 4 3 9 9 10
11 5 3 9 9 10 10
11 6 3 9 9 10 10 10
11 7 3 9 9 10 10 10 10
11 8 3 9 9 10 10 10 10 10
11 9 3 9 9 10 10 10 10 10 10
11 10 3 9 9 10 10 10 10 10 10 10
11 11 3 9 9 10 10 10 10 10 10 10 10
11 12 3 9 9 10 10 10 10 10 10 10 10 10
11 13 3 9 9 10 10 10 10 10 10 10 10 10 10
11 14 3 9 9 10 10 10 10 10 10 10 10 10 10 10
11 15 3 9 9 10 10 10 10 10 10 10 10 10 10 10 10
11 16 3 9 9 10 10 10 10 10 10 10 10 10 10 10 10 10
11 17 3 9 9 10 10 10 10 10 10 10 10 10 10 10 10 10 10
11 18 3 9 9 10 10 10 10 10 10 10 10 10 10 10 10 10 10 10
11 19 3 9 9 10 10 10 10 10 10 10 10 10 10 10 10 10 10 10 10
11 20 3 9 9 10 10 10 10 10 10 10 10 10 10 10 10 10 10 10 10 10
11 21 3 9 9 10 10 10 10 10 10 10 10 10 10 10 10 10 10 10 10 10 10
11 22 3 9 9 10 10 10 10 10 10 10 10 10 10 10 10 10 10 10 10 10 10 10
11 23 3 9 9 10 10 10 10 10 10 10 10 10 10 10 10 10 10 10 10 10 10 10 10
11 24 3 9 9 10 10 10 10 10 10 10 10 10 10 10 10 10 10 10 10 10 10 10 10 10
11 25 3 9 9 10 10 10 10 10 10 10 10 10 10 10 10 10 10 10 10 10 10 10 10 10 10
11 26 3 9 9 10 10 10 10 10 10 10 10 10 10 10 10 10 10 10 10 10 10 10 10 10 10 10
11 27 3 9 9 10 10 10 10 10 10 10 10 10 10 10 10 10 10 10 10 10 10 10 10 10 10 10 10
11 28 3 9 9 10 10 10 10 10 10 10 10 10 10 10 10 10 10 10 10 10 10 10 10 10 10 10 10 10
11 29 3 9 9 10 10 10 10 10 10 10 10 10 10 10 10 10 10 10 10 10 10 10 10 10 10 10 10 10 10
11 30 3 9 9 10 10 10 10 10 10 10 10 10 10 10 10 10 10 10 10 10 10 10 10 10 10 10 10 10 10 10
11 31 3 9 9 10 10 10 10 10 10 10 10 10 10 10 10 10 10 10 10 10 10 10 10 10 10 10 10 10 10 10 10
11 32 3 9 9 10 10 10 10 10 10 10 10 10 10 10 10 10 10 10 10 10 10 10 10 10 10 10 10 10 10 10 10 10
11 33 3 9 9 10 10 10 10 10 10 10 10 10 10 10 10 10 10 10 10 10 10 10 10 10 10 10 10 10 10 10 10 10 10
11 34 3 9 9 10 10 10 10 10 10 10 10 10 10 10 10 10 10 10 10 10 10 10 10 10 10 10 10 10 10 10 10 10 10 10
11 35 3 9 9 10 10 10 10 10 10 10 10 10 10 10 10 10 10 10 10 10 10 10 10 10 10 10 10 10 10 10 10 10 10 10 10
11 36 3 9 9 10 10 10 10 10 10 10 10 10 10 10 10 10 10 10 10 10 10 10 10 10 10 10 10 10 10 10 10 10 10 10 10 10
11 37 3 9 9 10 10 10 10 10 10 10 10 10 10 10 10 10 10 10 10 10 10 10 10 10 10 10 10 10 10 10 10 10 10 10 10 10 10
11 38 3 9 9 10 10 10 10 10 10 10 10 10 10 10 10 10 10 10 10 10 10 10 10 10 10 10 10 10 10 10 10 10 10 10 10 10 10 10
11 39 3 9 9 10 10 10 10 10 10 10 10 10 10 10 10 10 10 10 10 10 10 10 10 10 10 10 10 10 10 10 10 10 10 10 10 10 10 10 10
11 40 3 9 9 10 10 10 10 10 10 10 10 10 10 10 10 10 10 10 10 10 10 10 10 10 10 10 10 10 10 10 10 10 10 10 10 10 10 10 10 10
11 3 4 4 4
11 4 4 4 4 10
11 5 4 4 4 10 10
11 6 4 4 4 10 10 10
11 7 4 4 4 10 10 10 10
11 8 4 4 4 10 10 10 10 10
11 9 4 4 4 10 10 10 10 10 10
11 10 4 4 4 10 10 10 10 10 10 10
11 11 4 4 4 10 10 10 10 10 10 10 10
11 12 4 4 4 10 10 10 10 10 10 10 10 10
11 13 4 4 4 10 10 10 10 10 10 10 10 10 10
11 14 4 4 4 10 10 10 10 10 10 10 10 10 10 10
11 15 4 4 4 10 10 10 10 10 10 10 10 10 10 10 10
11 16 4 4 4 10 10 10 10 10 10 10 10 10 10 10 10 10
11 17 4 4 4 10 10 10 10 10 10 10 10 10 10 10 10 10 10
11 18 4 4 4 10 10 10 10 10 10 10 10 10 10 10 10 10 10 10
11 19 4 4 4 10 10 10 10 10 10 10 10 10 10 10 10 10 10 10 10
11 20 4 4 4 10 10 10 10 10 10 10 10 10 10 10 10 10 10 10 10 10
11 21 4 4 4 10 10 10 10 10 10 10 10 10 10 10 10 10 10 10 10 10 10
11 22 4 4 4 10 10 10 10 10 10 10 10 10 10 10 10 10 10 10 10 10 10 10
11 23 4 4 4 10 10 10 10 10 10 10 10 10 10 10 10 10 10 10 10 10 10 10 10
11 24 4 4 4 10 10 10 10 10 10 10 10 10 10 10 10 10 10 10 10 10 10 10 10 10
11 25 4 4 4 10 10 10 10 10 10 10 10 10 10 10 10 10 10 10 10 10 10 10 10 10 10
11 26 4 4 4 10 10 10 10 10 10 10 10 10 10 10 10 10 10 10 10 10 10 10 10 10 10 10
11 27 4 4 4 10 10 10 10 10 10 10 10 10 10 10 10 10 10 10 10 10 10 10 10 10 10 10 10
11 28 4 4 4 10 10 10 10 10 10 10 10 10 10 10 10 10 10 10 10 10 10 10 10 10 10 10 10 10
11 29 4 4 4 10 10 10 10 10 10 10 10 10 10 10 10 10 10 10 10 10 10 10 10 10 10 10 10 10 10
11 30 4 4 4 10 10 10 10 10 10 10 10 10 10 10 10 10 10 10 10 10 10 10 10 10 10 10 10 10 10 10
11 31 4 4 4 10 10 10 10 10 10 10 10 10 10 10 10 10 10 10 10 10 10 10 10 10 10 10 10 10 10 10 10
11 32 4 4 4 10 10 10 10 10 10 10 10 10 10 10 10 10 10 10 10 10 10 10 10 10 10 10 10 10 10 10 10 10
11 33 4 4 4 10 10 10 10 10 10 10 10 10 10 10 10 10 10 10 10 10 10 10 10 10 10 10 10 10 10 10 10 10 10
11 34 4 4 4 10 10 10 10 10 10 10 10 10 10 10 10 10 10 10 10 10 10 10 10 10 10 10 10 10 10 10 10 10 10 10
11 35 4 4 4 10 10 10 10 10 10 10 10 10 10 10 10 10 10 10 10 10 10 10 10 10 10 10 10 10 10 10 10 10 10 10 10
11 36 4 4 4 10 10 10 10 10 10 10 10 10 10 10 10 10 10 10 10 10 10 10 10 10 10 10 10 10 10 10 10 10 10 10 10 10
11 37 4 4 4 10 10 10 10 10 10 10 10 10 10 10 10 10 10 10 10 10 10 10 10 10 10 10 10 10 10 10 10 10 10 10 10 10 10
11 38 4 4 4 10 10 10 10 10 10 10 10 10 10 10 10 10 10 10 10 10 10 10 10 10 10 10 10 10 10 10 10 10 10 10 10 10 10 10
11 39 4 4 4 10 10 10 10 10 10 10 10 10 10 10 10 10 10 10 10 10 10 10 10 10 10 10 10 10 10 10 10 10 10 10 10 10 10 10 10
11 40 4 4 4 10 10 10 10 10 10 10 10 10 10 10 10 10 10 10 10 10 10 10 10 10 10 10 10 10 10 10 10 10 10 10 10 10 10 10 10 10
11 3 4 4 5
11 4 4 4 5 10
11 5 4 4 5 10 10
11 6 4 4 5 10 10 10
11 7 4 4 5 10 10 10 10
11 8 4 4 5 10 10 10 10 10
11 9 4 4 5 10 10 10 10 10 10
11 10 4 4 5 10 10 10 10 10 10 10
11 11 4 4 5 10 10 10 10 10 10 10 10
11 12 4 4 5 10 10 10 10 10 10 10 10 10
11 13 4 4 5 10 10 10 10 10 10 10 10 10 10
11 14 4 4 5 10 10 10 10 10 10 10 10 10 10 10
11 15 4 4 5 10 10 10 10 10 10 10 10 10 10 10 10
11 16 4 4 5 10 10 10 10 10 10 10 10 10 10 10 10 10
11 17 4 4 5 10 10 10 10 10 10 10 10 10 10 10 10 10 10
11 18 4 4 5 10 10 10 10 10 10 10 10 10 10 10 10 10 10 10
11 19 4 4 5 10 10 10 10 10 10 10 10 10 10 10 10 10 10 10 10
11 20 4 4 5 10 10 10 10 10 10 10 10 10 10 10 10 10 10 10 10 10
11 21 4 4 5 10 10 10 10 10 10 10 10 10 10 10 10 10 10 10 10 10 10
11 22 4 4 5 10 10 10 10 10 10 10 10 10 10 10 10 10 10 10 10 10 10 10
11 23 4 4 5 10 10 10 10 10 10 10 10 10 10 10 10 10 10 10 10 10 10 10 10
11 24 4 4 5 10 10 10 10 10 10 10 10 10 10 10 10 10 10 10 10 10 10 10 10 10
11 25 4 4 5 10 10 10 10 10 10 10 10 10 10 10 10 10 10 10 10 10 10 10 10 10 10
11 26 4 4 5 10 10 10 10 10 10 10 10 10 10 10 10 10 10 10 10 10 10 10 10 10 10 10
11 27 4 4 5 10 10 10 10 10 10 10 10 10 10 10 10 10 10 10 10 10 10 10 10 10 10 10 10
11 28 4 4 5 10 10 10 10 10 10 10 10 10 10 10 10 10 10 10 10 10 10 10 10 10 10 10 10 10
11 29 4 4 5 10 10 10 10 10 10 10 10 10 10 10 10 10 10 10 10 10 10 10 10 10 10 10 10 10 10
11 30 4 4 5 10 10 10 10 10 10 10 10 10 10 10 10 10 10 10 10 10 10 10 10 10 10 10 10 10 10 10
11 31 4 4 5 10 10 10 10 10 10 10 10 10 10 10 10 10 10 10 10 10 10 10 10 10 10 10 10 10 10 10 10
11 32 4 4 5 10 10 10 10 10 10 10 10 10 10 10 10 10 10 10 10 10 10 10 10 10 10 10 10 10 10 10 10 10
11 33 4 4 5 10 10 10 10 10 10 10 10 10 10 10 10 10 10 10 10 10 10 10 10 10 10 10 10 10 10 10 10 10 10
11 34 4 4 5 10 10 10 10 10 10 10 10 10 10 10 10 10 10 10 10 10 10 10 10 10 10 10 10 10 10 10 10 10 10 10
11 35 4 4 5 10 10 10 10 10 10 10 10 10 10 10 10 10 10 10 10 10 10 10 10 10 10 10 10 10 10 10 10 10 10 10 10
11 36 4 4 5 10 10 10 10 10 10 10 10 10 10 10 10 10 10 10 10 10 10 10 10 10 10 10 10 10 10 10 10 10 10 10 10 10
11 37 4 4 5 10 10 10 10 10 10 10 10 10 10 10 10 10 10 10 10 10 10 10 10 10 10 10 10 10 10 10 10 10 10 10 10 10 10
11 38 4 4 5 10 10 10 10 10 10 10 10 10 10 10 10 10 10 10 10 10 10 10 10 10 10 10 10 10 10 10 10 10 10 10 10 10 10 10
11 39 4 4 5 10 10 10 10 10 10 10 10 10 10 10 10 10 10 10 10 10 10 10 10 10 10 10 10 10 10 10 10 10 10 10 10 10 10 10 10
11 40 4 4 5 10 10 10 10 10 10 10 10 10 10 10 10 10 10 10 10 10 10 10 10 10 10 10 10 10 10 10 10 10 10 10 10 10 10 10 10 10
11 3 4 4 6
11 4 4 4 6 10
11 5 4 4 6 10 10
11 6 4 4 6 10 10 10
11 7 4 4 6 10 10 10 10
11 8 4 4 6 10 10 10 10 10
11 9 4 4 6 10 10 10 10 10 10
11 10 4 4 6 10 10 10 10 10 10 10
11 11 4 4 6 10 10 10 10 10 10 10 10
11 12 4 4 6 10 10 10 10 10 10 10 10 10
11 13 4 4 6 10 10 10 10 10 10 10 10 10 10
11 14 4 4 6 10 10 10 10 10 10 10 10 10 10 10
11 15 4 4 6 10 10 10 10 10 10 10 10 10 10 10 10
11 16 4 4 6 10 10 10 10 10 10 10 10 10 10 10 10 10
11 17 4 4 6 10 10 10 10 10 10 10 10 10 10 10 10 10 10
11 18 4 4 6 10 10 10 10 10 10 10 10 10 10 10 10 10 10 10
11 19 4 4 6 10 10 10 10 10 10 10 10 10 10 10 10 10 10 10 10
11 20 4 4 6 10 10 10 10 10 10 10 10 10 10 10 10 10 10 10 10 10
11 21 4 4 6 10 10 10 10 10 10 10 10 10 10 10 10 10 10 10 10 10 10
11 22 4 4 6 10 10 10 10 10 10 10 10 10 10 10 10 10 10 10 10 10 10 10
11 23 4 4 6 10 10 10 10 10 10 10 10 10 10 10 10 10 10 10 10 10 10 10 10
11 24 4 4 6 10 10 10 10 10 10 10 10 10 10 10 10 10 10 10 10 10 10 10 10 10
11 25 4 4 6 10 10 10 10 10 10 10 10 10 10 10 10 10 10 10 10 10 10 10 10 10 10
11 26 4 4 6 10 10 10 10 10 10 10 10 10 10 10 10 10 10 10 10 10 10 10 10 10 10 10
11 27 4 4 6 10 10 10 10 10 10 10 10 10 10 10 10 10 10 10 10 10 10 10 10 10 10 10 10
11 28 4 4 6 10 10 10 10 10 10 10 10 10 10 10 10 10 10 10 10 10 10 10 10 10 10 10 10 10
11 29 4 4 6 10 10 10 10 10 10 10 10 10 10 10 10 10 10 10 10 10 10 10 10 10 10 10 10 10 10
11 30 4 4 6 10 10 10 10 10 10 10 10 10 10 10 10 10 10 10 10 10 10 10 10 10 10 10 10 10 10 10
11 31 4 4 6 10 10 10 10 10 10 10 10 10 10 10 10 10 10 10 10 10 10 10 10 10 10 10 10 10 10 10 10
11 32 4 4 6 10 10 10 10 10 10 10 10 10 10 10 10 10 10 10 10 10 10 10 10 10 10 10 10 10 10 10 10 10
11 33 4 4 6 10 10 10 10 10 10 10 10 10 10 10 10 10 10 10 10 10 10 10 10 10 10 10 10 10 10 10 10 10 10
11 34 4 4 6 10 10 10 10 10 10 10 10 10 10 10 10 10 10 10 10 10 10 10 10 10 10 10 10 10 10 10 10 10 10 10
11 35 4 4 6 10 10 10 10 10 10 10 10 10 10 10 10 10 10 10 10 10 10 10 10 10 10 10 10 10 10 10 10 10 10 10 10
11 36 4 4 6 10 10 10 10 10 10 10 10 10 10 10 10 10 10 10 10 10 10 10 10 10 10 10 10 10 10 10 10 10 10 10 10 10
11 37 4 4 6 10 10 10 10 10 10 10 10 10 10 10 10 10 10 10 10 10 10 10 10 10 10 10 10 10 10 10 10 10 10 10 10 10 10
11 38 4 4 6 10 10 10 10 10 10 10 10 10 10 10 10 10 10 10 10 10 10 10 10 10 10 10 10 10 10 10 10 10 10 10 10 10 10 10
11 39 4 4 6 10 10 10 10 10 10 10 10 10 10 10 10 10 10 10 10 10 10 10 10 10 10 10 10 10 10 10 10 10 10 10 10 10 10 10 10
11 40 4 4 6 10 10 10 10 10 10 10 10 10 10 10 10 10 10 10 10 10 10 10 10 10 10 10 10 10 10 10 10 10 10 10 10 10 10 10 10 10
11 3 4 4 7
11 4 4 4 7 10
11 5 4 4 7 10 10
11 6 4 4 7 10 10 10
11 7 4 4 7 10 10 10 10
11 8 4 4 7 10 10 10 10 10
11 9 4 4 7 10 10 10 10 10 10
11 10 4 4 7 10 10 10 10 10 10 10
11 11 4 4 7 10 10 10 10 10 10 10 10
11 12 4 4 7 10 10 10 10 10 10 10 10 10
11 13 4 4 7 10 10 10 10 10 10 10 10 10 10
11 14 4 4 7 10 10 10 10 10 10 10 10 10 10 10
11 15 4 4 7 10 10 10 10 10 10 10 10 10 10 10 10
11 16 4 4 7 10 10 10 10 10 10 10 10 10 10 10 10 10
11 17 4 4 7 10 10 10 10 10 10 10 10 10 10 10 10 10 10
11 18 4 4 7 10 10 10 10 10 10 10 10 10 10 10 10 10 10 10
11 19 4 4 7 10 10 10 10 10 10 10 10 10 10 10 10 10 10 10 10
11 20 4 4 7 10 10 10 10 10 10 10 10 10 10 10 10 10 10 10 10 10
11 21 4 4 7 10 10 10 10 10 10 10 10 10 10 10 10 10 10 10 10 10 10
11 22 4 4 7 10 10 10 10 10 10 10 10 10 10 10 10 10 10 10 10 10 10 10
11 23 4 4 7 10 10 10 10 10 10 10 10 10 10 10 10 10 10 10 10 10 10 10 10
11 24 4 4 7 10 10 10 10 10 10 10 10 10 10 10 10 10 10 10 10 10 10 10 10 10
11 25 4 4 7 10 10 10 10 10 10 10 10 10 10 10 10 10 10 10 10 10 10 10 10 10 10
11 26 4 4 7 10 10 10 10 10 10 10 10 10 10 10 10 10 10 10 10 10 10 10 10 10 10 10
11 27 4 4 7 10 10 10 10 10 10 10 10 10 10 10 10 10 10 10 10 10 10 10 10 10 10 10 10
11 28 4 4 7 10 10 10 10 10 10 10 10 10 10 10 10 10 10 10 10 10 10 10 10 10 10 10 10 10
11 29 4 4 7 10 10 10 10 10 10 10 10 10 10 10 10 10 10 10 10 10 10 10 10 10 10 10 10 10 10
11 30 4 4 7 10 10 10 10 10 10 10 10 10 10 10 10 10 10 10 10 10 10 10 10 10 10 10 10 10 10 10
11 31 4 4 7 10 10 10 10 10 10 10 10 10 10 10 10 10 10 10 10 10 10 10 10 10 10 10 10 10 10 10 10
11 32 4 4 7 10 10 10 10 10 10 10 10 10 10 10 10 10 10 10 10 10 10 10 10 10 10 10 10 10 10 10 10 10
11 33 4 4 7 10 10 10 10 10 10 10 10 10 10 10 10 10 10 10 10 10 10 10 10 10 10 10 10 10 10 10 10 10 10
11 34 4 4 7 10 10 10 10 10 10 10 10 10 10 10 10 10 10 10 10 10 10 10 10 10 10 10 10 10 10 10 10 10 10 10
11 35 4 4 7 10 10 10 10 10 10 10 10 10 10 10 10 10 10 10 10 10 10 10 10 10 10 10 10 10 10 10 10 10 10 10 10
11 36 4 4 7 10 10 10 10 10 10 10 10 10 10 10 10 10 10 10 10 10 10 10 10 10 10 10 10 10 10 10 10 10 10 10 10 10
11 37 4 4 7 10 10 10 10 10 10 10 10 10 10 10 10 10 10 10 10 10 10 10 10 10 10 10 10 10 10 10 10 10 10 10 10 10 10
11 38 4 4 7 10 10 10 10 10 10 10 10 10 10 10 10 10 10 10 10 10 10 10 10 10 10 10 10 10 10 10 10 10 10 10 10 10 10 10
11 39 4 4 7 10 10 10 10 10 10 10 10 10 10 10 10 10 10 10 10 10 10 10 10 10 10 10 10 10 10 10 10 10 10 10 10 10 10 10 10
11 40 4 4 7 10 10 10 10 10 10 10 10 10 10 10 10 10 10 10 10 10 10 10 10 10 10 10 10 10 10 10 10 10 10 10 10 10 10 10 10 10
11 3 4 4 8
11 4 4 4 8 10
11 5 4 4 8 10 10
11 6 4 4 8 10 10 10
11 7 4 4 8 10 10 10 10
11 8 4 4 8 10 10 10 10 10
11 9 4 4 8 10 10 10 10 10 10
11 10 4 4 8 10 10 10 10 10 10 10
11 11 4 4 8 10 10 10 10 10 10 10 10
11 12 4 4 8 10 10 10 10 10 10 10 10 10
11 13 4 4 8 10 10 10 10 10 10 10 10 10 10
11 14 4 4 8 10 10 10 10 10 10 10 10 10 10 10
11 15 4 4 8 10 10 10 10 10 10 10 10 10 10 10 10
11 16 4 4 8 10 10 10 10 10 10 10 10 10 10 10 10 10
11 17 4 4 8 10 10 10 10 10 10 10 10 10 10 10 10 10 10
11 18 4 4 8 10 10 10 10 10 10 10 10 10 10 10 10 10 10 10
11 19 4 4 8 10 10 10 10 10 10 10 10 10 10 10 10 10 10 10 10
11 20 4 4 8 10 10 10 10 10 10 10 10 10 10 10 10 10 10 10 10 10
11 21 4 4 8 10 10 10 10 10 10 10 10 10 10 10 10 10 10 10 10 10 10
11 22 4 4 8 10 10 10 10 10 10 10 10 10 10 10 10 10 10 10 10 10 10 10
11 23 4 4 8 10 10 10 10 10 10 10 10 10 10 10 10 10 10 10 10 10 10 10 10
11 24 4 4 8 10 10 10 10 10 10 10 10 10 10 10 10 10 10 10 10 10 10 10 10 10
11 25 4 4 8 10 10 10 10 10 10 10 10 10 10 10 10 10 10 10 10 10 10 10 10 10 10
11 26 4 4 8 10 10 10 10 10 10 10 10 10 10 10 10 10 10 10 10 10 10 10 10 10 10 10
11 27 4 4 8 10 10 10 10 10 10 10 10 10 10 10 10 10 10 10 10 10 10 10 10 10 10 10 10
11 28 4 4 8 10 10 10 10 10 10 10 10 10 10 10 10 10 10 10 10 10 10 10 10 10 10 10 10 10
11 29 4 4 8 10 10 10 10 10 10 10 10 10 10 10 10 10 10 10 10 10 10 10 10 10 10 10 10 10 10
11 30 4 4 8 10 10 10 10 10 10 10 10 10 10 10 10 10 10 10 10 10 10 10 10 10 10 10 10 10 10 10
11 31 4 4 8 10 10 10 10 10 10 10 10 10 10 10 10 10 10 10 10 10 10 10 10 10 10 10 10 10 10 10 10
11 32 4 4 8 10 10 10 10 10 10 10 10 10 10 10 10 10 10 10 10 10 10 10 10 10 10 10 10 10 10 10 10 10
11 33 4 4 8 10 10 10 10 10 10 10 10 10 10 10 10 10 10 10 10 10 10 10 10 10 10 10 10 10 10 10 10 10 10
11 34 4 4 8 10 10 10 10 10 10 10 10 10 10 10 10 10 10 10 10 10 10 10 10 10 10 10 10 10 10 10 10 10 10 10
11 35 4 4 8 10 10 10 10 10 10 10 10 10 10 10 10 10 10 10 10 10 10 10 10 10 10 10 10 10 10 10 10 10 10 10 10
11 36 4 4 8 10 10 10 10 10 10 10 10 10 10 10 10 10 10 10 10 10 10 10 10 10 10 10 10 10 10 10 10 10 10 10 10 10
11 37 4 4 8 10 10 10 10 10 10 10 10 10 10 10 10 10 10 10 10 10 10 10 10 10 10 10 10 10 10 10 10 10 10 10 10 10 10
11 38 4 4 8 10 10 10 10 10 10 10 10 10 10 10 10 10 10 10 10 10 10 10 10 10 10 10 10 10 10 10 10 10 10 10 10 10 10 10
11 39 4 4 8 10 10 10 10 10 10 10 10 10 10 10 10 10 10 10 10 10 10 10 10 10 10 10 10 10 10 10 10 10 10 10 10 10 10 10 10
11 40 4 4 8 10 10 10 10 10 10 10 10 10 10 10 10 10 10 10 10 10 10 10 10 10 10 10 10 10 10 10 10 10 10 10 10 10 10 10 10 10
11 3 4 4 9
11 4 4 4 9 10
11 5 4 4 9 10 10
11 6 4 4 9 10 10 10
11 7 4 4 9 10 10 10 10
11 8 4 4 9 10 10 10 10 10
11 9 4 4 9 10 10 10 10 10 10
11 10 4 4 9 10 10 10 10 10 10 10
11 11 4 4 9 10 10 10 10 10 10 10 10
11 12 4 4 9 10 10 10 10 10 10 10 10 10
11 13 4 4 9 10 10 10 10 10 10 10 10 10 10
11 14 4 4 9 10 10 10 10 10 10 10 10 10 10 10
11 15 4 4 9 10 10 10 10 10 10 10 10 10 10 10 10
11 16 4 4 9 10 10 10 10 10 10 10 10 10 10 10 10 10
11 17 4 4 9 10 10 10 10 10 10 10 10 10 10 10 10 10 10
11 18 4 4 9 10 10 10 10 10 10 10 10 10 10 10 10 10 10 10
11 19 4 4 9 10 10 10 10 10 10 10 10 10 10 10 10 10 10 10 10
11 20 4 4 9 10 10 10 10 10 10 10 10 10 10 10 10 10 10 10 10 10
11 21 4 4 9 10 10 10 10 10 10 10 10 10 10 10 10 10 10 10 10 10 10
11 22 4 4 9 10 10 10 10 10 10 10 10 10 10 10 10 10 10 10 10 10 10 10
11 23 4 4 9 10 10 10 10 10 10 10 10 10 10 10 10 10 10 10 10 10 10 10 10
11 24 4 4 9 10 10 10 10 10 10 10 10 10 10 10 10 10 10 10 10 10 10 10 10 10
11 25 4 4 9 10 10 10 10 10 10 10 10 10 10 10 10 10 10 10 10 10 10 10 10 10 10
11 26 4 4 9 10 10 10 10 10 10 10 10 10 10 10 10 10 10 10 10 10 10 10 10 10 10 10
11 27 4 4 9 10 10 10 10 10 10 10 10 10 10 10 10 10 10 10 10 10 10 10 10 10 10 10 10
11 28 4 4 9 10 10 10 10 10 10 10 10 10 10 10 10 10 10 10 10 10 10 10 10 10 10 10 10 10
11 29 4 4 9 10 10 10 10 10 10 10 10 10 10 10 10 10 10 10 10 10 10 10 10 10 10 10 10 10 10
11 30 4 4 9 10 10 10 10 10 10 10 10 10 10 10 10 10 10 10 10 10 10 10 10 10 10 10 10 10 10 10
11 31 4 4 9 10 10 10 10 10 10 10 10 10 10 10 10 10 10 10 10 10 10 10 10 10 10 10 10 10 10 10 10
11 32 4 4 9 10 10 10 10 10 10 10 10 10 10 10 10 10 10 10 10 10 10 10 10 10 10 10 10 10 10 10 10 10
11 33 4 4 9 10 10 10 10 10 10 10 10 10 10 10 10 10 10 10 10 10 10 10 10 10 10 10 10 10 10 10 10 10 10
11 34 4 4 9 10 10 10 10 10 10 10 10 10 10 10 10 10 10 10 10 10 10 10 10 10 10 10 10 10 10 10 10 10 10 10
11 35 4 4 9 10 10 10 10 10 10 10 10 10 10 10 10 10 10 10 10 10 10 10 10 10 10 10 10 10 10 10 10 10 10 10 10
11 36 4 4 9 10 10 10 10 10 10 10 10 10 10 10 10 10 10 10 10 10 10 10 10 10 10 10 10 10 10 10 10 10 10 10 10 10
11 37 4 4 9 10 10 10 10 10 10 10 10 10 10 10 10 10 10 10 10 10 10 10 10 10 10 10 10 10 10 10 10 10 10 10 10 10 10
11 38 4 4 9 10 10 10 10 10 10 10 10 10 10 10 10 10 10 10 10 10 10 10 10 10 10 10 10 10 10 10 10 10 10 10 10 10 10 10
11 39 4 4 9 10 10 10 10 10 10 10 10 10 10 10 10 10 10 10 10 10 10 10 10 10 10 10 10 10 10 10 10 10 10 10 10 10 10 10 10
11 40 4 4 9 10 10 10 10 10 10 10 10 10 10 10 10 10 10 10 10 10 10 10 10 10 10 10 10 10 10 10 10 10 10 10 10 10 10 10 10 10
11 3 4 5 5
11 4 4 5 5 10
11 5 4 5 5 10 10
11 6 4 5 5 10 10 10
11 7 4 5 5 10 10 10 10
11 8 4 5 5 10 10 10 10 10
11 9 4 5 5 10 10 10 10 10 10
11 10 4 5 5 10 10 10 10 10 10 10
11 11 4 5 5 10 10 10 10 10 10 10 10
11 12 4 5 5 10 10 10 10 10 10 10 10 10
11 13 4 5 5 10 10 10 10 10 10 10 10 10 10
11 14 4 5 5 10 10 10 10 10 10 10 10 10 10 10
11 15 4 5 5 10 10 10 10 10 10 10 10 10 10 10 10
11 16 4 5 5 10 10 10 10 10 10 10 10 10 10 10 10 10
11 17 4 5 5 10 10 10 10 10 10 10 10 10 10 10 10 10 10
11 18 4 5 5 10 10 10 10 10 10 10 10 10 10 10 10 10 10 10
11 19 4 5 5 10 10 10 10 10 10 10 10 10 10 10 10 10 10 10 10
11 20 4 5 5 10 10 10 10 10 10 10 10 10 10 10 10 10 10 10 10 10
11 21 4 5 5 10 10 10 10 10 10 10 10 10 10 10 10 10 10 10 10 10 10
11 22 4 5 5 10 10 10 10 10 10 10 10 10 10 10 10 10 10 10 10 10 10 10
11 23 4 5 5 10 10 10 10 10 10 10 10 10 10 10 10 10 10 10 10 10 10 10 10
11 24 4 5 5 10 10 10 10 10 10 10 10 10 10 10 10 10 10 10 10 10 10 10 10 10
11 25 4 5 5 10 10 10 10 10 10 10 10 10 10 10 10 10 10 10 10 10 10 10 10 10 10
11 26 4 5 5 10 10 10 10 10 10 10 10 10 10 10 10 10 10 10 10 10 10 10 10 10 10 10
11 27 4 5 5 10 10 10 10 10 10 10 10 10 10 10 10 10 10 10 10 10 10 10 10 10 10 10 10
11 28 4 5 5 10 10 10 10 10 10 10 10 10 10 10 10 10 10 10 10 10 10 10 10 10 10 10 10 10
11 29 4 5 5 10 10 10 10 10 10 10 10 10 10 10 10 10 10 10 10 10 10 10 10 10 10 10 10 10 10
11 30 4 5 5 10 10 10 10 10 10 10 10 10 10 10 10 10 10 10 10 10 10 10 10 10 10 10 10 10 10 10
11 31 4 5 5 10 10 10 10 10 10 10 10 10 10 10 10 10 10 10 10 10 10 10 10 10 10 10 10 10 10 10 10
11 32 4 5 5 10 10 10 10 10 10 10 10 10 10 10 10 10 10 10 10 10 10 10 10 10 10 10 10 10 10 10 10 10
11 33 4 5 5 10 10 10 10 10 10 10 10 10 10 10 10 10 10 10 10 10 10 10 10 10 10 10 10 10 10 10 10 10 10
11 34 4 5 5 10 10 10 10 10 10 10 10 10 10 10 10 10 10 10 10 10 10 10 10 10 10 10 10 10 10 10 10 10 10 10
11 35 4 5 5 10 10 10 10 10 10 10 10 10 10 10 10 10 10 10 10 10 10 10 10 10 10 10 10 10 10 10 10 10 10 10 10
11 36 4 5 5 10 10 10 10 10 10 10 10 10 10 10 10 10 10 10 10 10 10 10 10 10 10 10 10 10 10 10 10 10 10 10 10 10
11 37 4 5 5 10 10 10 10 10 10 10 10 10 10 10 10 10 10 10 10 10 10 10 10 10 10 10 10 10 10 10 10 10 10 10 10 10 10
11 38 4 5 5 10 10 10 10 10 10 10 10 10 10 10 10 10 10 10 10 10 10 10 10 10 10 10 10 10 10 10 10 10 10 10 10 10 10 10
11 39 4 5 5 10 10 10 10 10 10 10 10 10 10 10 10 10 10 10 10 10 10 10 10 10 10 10 10 10 10 10 10 10 10 10 10 10 10 10 10
11 40 4 5 5 10 10 10 10 10 10 10 10 10 10 10 10 10 10 10 10 10 10 10 10 10 10 10 10 10 10 10 10 10 10 10 10 10 10 10 10 10
11 3 4 5 6
11 4 4 5 6 10
11 5 4 5 6 10 10
11 6 4 5 6 10 10 10
11 7 4 5 6 10 10 10 10
11 8 4 5 6 10 10 10 10 10
11 9 4 5 6 10 10 10 10 10 10
11 10 4 5 6 10 10 10 10 10 10 10
11 11 4 5 6 10 10 10 10 10 10 10 10
11 12 4 5 6 10 10 10 10 10 10 10 10 10
11 13 4 5 6 10 10 10 10 10 10 10 10 10 10
11 14 4 5 6 10 10 10 10 10 10 10 10 10 10 10
11 15 4 5 6 10 10 10 10 10 10 10 10 10 10 10 10
11 16 4 5 6 10 10 10 10 10 10 10 10 10 10 10 10 10
11 17 4 5 6 10 10 10 10 10 10 10 10 10 10 10 10 10 10
11 18 4 5 6 10 10 10 10 10 10 10 10 10 10 10 10 10 10 10
11 19 4 5 6 10 10 10 10 10 10 10 10 10 10 10 10 10 10 10 10
11 20 4 5 6 10 10 10 10 10 10 10 10 10 10 10 10 10 10 10 10 10
11 21 4 5 6 10 10 10 10 10 10 10 10 10 10 10 10 10 10 10 10 10 10
11 22 4 5 6 10 10 10 10 10 10 10 10 10 10 10 10 10 10 10 10 10 10 10
11 23 4 5 6 10 10 10 10 10 10 10 10 10 10 10 10 10 10 10 10 10 10 10 10
11 24 4 5 6 10 10 10 10 10 10 10 10 10 10 10 10 10 10 10 10 10 10 10 10 10
11 25 4 5 6 10 10 10 10 10 10 10 10 10 10 10 10 10 10 10 10 10 10 10 10 10 10
11 26 4 5 6 10 10 10 10 10 10 10 10 10 10 10 10 10 10 10 10 10 10 10 10 10 10 10
11 27 4 5 6 10 10 10 10 10 10 10 10 10 10 10 10 10 10 10 10 10 10 10 10 10 10 10 10
11 28 4 5 6 10 10 10 10 10 10 10 10 10 10 10 10 10 10 10 10 10 10 10 10 10 10 10 10 10
11 29 4 5 6 10 10 10 10 10 10 10 10 10 10 10 10 10 10 10 10 10 10 10 10 10 10 10 10 10 10
11 30 4 5 6 10 10 10 10 10 10 10 10 10 10 10 10 10 10 10 10 10 10 10 10 10 10 10 10 10 10 10
11 31 4 5 6 10 10 10 10 10 10 10 10 10 10 10 10 10 10 10 10 10 10 10 10 10 10 10 10 10 10 10 10
11 32 4 5 6 10 10 10 10 10 10 10 10 10 10 10 10 10 10 10 10 10 10 10 10 10 10 10 10 10 10 10 10 10
11 33 4 5 6 10 10 10 10 10 10 10 10 10 10 10 10 10 10 10 10 10 10 10 10 10 10 10 10 10 10 10 10 10 10
11 34 4 5 6 10 10 10 10 10 10 10 10 10 10 10 10 10 10 10 10 10 10 10 10 10 10 10 10 10 10 10 10 10 10 10
11 35 4 5 6 10 10 10 10 10 10 10 10 10 10 10 10 10 10 10 10 10 10 10 10 10 10 10 10 10 10 10 10 10 10 10 10
11 36 4 5 6 10 10 10 10 10 10 10 10 10 10 10 10 10 10 10 10 10 10 10 10 10 10 10 10 10 10 10 10 10 10 10 10 10
11 37 4 5 6 10 10 10 10 10 10 10 10 10 10 10 10 10 10 10 10 10 10 10 10 10 10 10 10 10 10 10 10 10 10 10 10 10 10
11 38 4 5 6 10 10 10 10 10 10 10 10 10 10 10 10 10 10 10 10 10 10 10 10 10 10 10 10 10 10 10 10 10 10 10 10 10 10 10
11 39 4 5 6 10 10 10 10 10 10 10 10 10 10 10 10 10 10 10 10 10 10 10 10 10 10 10 10 10 10 10 10 10 10 10 10 10 10 10 10
11 40 4 5 6 10 10 10 10 10 10 10 10 10 10 10 10 10 10 10 10 10 10 10 10 10 10 10 10 10 10 10 10 10 10 10 10 10 10 10 10 10
11 3 4 5 7
11 4 4 5 7 10
11 5 4 5 7 10 10
11 6 4 5 7 10 10 10
11 7 4 5 7 10 10 10 10
11 8 4 5 7 10 10 10 10 10
11 9 4 5 7 10 10 10 10 10 10
11 10 4 5 7 10 10 10 10 10 10 10
11 11 4 5 7 10 10 10 10 10 10 10 10
11 12 4 5 7 10 10 10 10 10 10 10 10 10
11 13 4 5 7 10 10 10 10 10 10 10 10 10 10
11 14 4 5 7 10 10 10 10 10 10 10 10 10 10 10
11 15 4 5 7 10 10 10 10 10 10 10 10 10 10 10 10
11 16 4 5 7 10 10 10 10 10 10 10 10 10 10 10 10 10
11 17 4 5 7 10 10 10 10 10 10 10 10 10 10 10 10 10 10
11 18 4 5 7 10 10 10 10 10 10 10 10 10 10 10 10 10 10 10
11 19 4 5 7 10 10 10 10 10 10 10 10 10 10 10 10 10 10 10 10
11 20 4 5 7 10 10 10 10 10 10 10 10 10 10 10 10 10 10 10 10 10
11 21 4 5 7 10 10 10 10 10 10 10 10 10 10 10 10 10 10 10 10 10 10
11 22 4 5 7 10 10 10 10 10 10 10 10 10 10 10 10 10 10 10 10 10 10 10
11 23 4 5 7 10 10 10 10 10 10 10 10 10 10 10 10 10 10 10 10 10 10 10 10
11 24 4 5 7 10 10 10 10 10 10 10 10 10 10 10 10 10 10 10 10 10 10 10 10 10
11 25 4 5 7 10 10 10 10 10 10 10 10 10 10 10 10 10 10 10 10 10 10 10 10 10 10
11 26 4 5 7 10 10 10 10 10 10 10 10 10 10 10 10 10 10 10 10 10 10 10 10 10 10 10
11 27 4 5 7 10 10 10 10 10 10 10 10 10 10 10 10 10 10 10 10 10 10 10 10 10 10 10 10
11 28 4 5 7 10 10 10 10 10 10 10 10 10 10 10 10 10 10 10 10 10 10 10 10 10 10 10 10 10
11 29 4 5 7 10 10 10 10 10 10 10 10 10 10 10 10 10 10 10 10 10 10 10 10 10 10 10 10 10 10
11 30 4 5 7 10 10 10 10 10 10 10 10 10 10 10 10 10 10 10 10 10 10 10 10 10 10 10 10 10 10 10
11 31 4 5 7 10 10 10 10 10 10 10 10 10 10 10 10 10 10 10 10 10 10 10 10 10 10 10 10 10 10 10 10
11 32 4 5 7 10 10 10 10 10 10 10 10 10 10 10 10 10 10 10 10 10 10 10 10 10 10 10 10 10 10 10 10 10
11 33 4 5 7 10 10 10 10 10 10 10 10 10 10 10 10 10 10 10 10 10 10 10 10 10 10 10 10 10 10 10 10 10 10
11 34 4 5 7 10 10 10 10 10 10 10 10 10 10 10 10 10 10 10 10 10 10 10 10 10 10 10 10 10 10 10 10 10 10 10
11 35 4 5 7 10 10 10 10 10 10 10 10 10 10 10 10 10 10 10 10 10 10 10 10 10 10 10 10 10 10 10 10 10 10 10 10
11 36 4 5 7 10 10 10 10 10 10 10 10 10 10 10 10 10 10 10 10 10 10 10 10 10 10 10 10 10 10 10 10 10 10 10 10 10
11 37 4 5 7 10 10 10 10 10 10 10 10 10 10 10 10 10 10 10 10 10 10 10 10 10 10 10 10 10 10 10 10 10 10 10 10 10 10
11 38 4 5 7 10 10 10 10 10 10 10 10 10 10 10 10 10 10 10 10 10 10 10 10 10 10 10 10 10 10 10 10 10 10 10 10 10 10 10
11 39 4 5 7 10 10 10 10 10 10 10 10 10 10 10 10 10 10 10 10 10 10 10 10 10 10 10 10 10 10 10 10 10 10 10 10 10 10 10 10
11 40 4 5 7 10 10 10 10 10 10 10 10 10 10 10 10 10 10 10 10 10 10 10 10 10 10 10 10 10 10 10 10 10 10 10 10 10 10 10 10 10
11 3 4 5 8
11 4 4 5 8 10
11 5 4 5 8 10 10
11 6 4 5 8 10 10 10
11 7 4 5 8 10 10 10 10
11 8 4 5 8 10 10 10 10 10
11 9 4 5 8 10 10 10 10 10 10
11 10 4 5 8 10 10 10 10 10 10 10
11 11 4 5 8 10 10 10 10 10 10 10 10
11 12 4 5 8 10 10 10 10 10 10 10 10 10
11 13 4 5 8 10 10 10 10 10 10 10 10 10 10
11 14 4 5 8 10 10 10 10 10 10 10 10 10 10 10
11 15 4 5 8 10 10 10 10 10 10 10 10 10 10 10 10
11 16 4 5 8 10 10 10 10 10 10 10 10 10 10 10 10 10
11 17 4 5 8 10 10 10 10 10 10 10 10 10 10 10 10 10 10
11 18 4 5 8 10 10 10 10 10 10 10 10 10 10 10 10 10 10 10
11 19 4 5 8 10 10 10 10 10 10 10 10 10 10 10 10 10 10 10 10
11 20 4 5 8 10 10 10 10 10 10 10 10 10 10 10 10 10 10 10 10 10
11 21 4 5 8 10 10 10 10 10 10 10 10 10 10 10 10 10 10 10 10 10 10
11 22 4 5 8 10 10 10 10 10 10 10 10 10 10 10 10 10 10 10 10 10 10 10
11 23 4 5 8 10 10 10 10 10 10 10 10 10 10 10 10 10 10 10 10 10 10 10 10
11 24 4 5 8 10 10 10 10 10 10 10 10 10 10 10 10 10 10 10 10 10 10 10 10 10
11 25 4 5 8 10 10 10 10 10 10 10 10 10 10 10 10 10 10 10 10 10 10 10 10 10 10
11 26 4 5 8 10 10 10 10 10 10 10 10 10 10 10 10 10 10 10 10 10 10 10 10 10 10 10
11 27 4 5 8 10 10 10 10 10 10 10 10 10 10 10 10 10 10 10 10 10 10 10 10 10 10 10 10
11 28 4 5 8 10 10 10 10 10 10 10 10 10 10 10 10 10 10 10 10 10 10 10 10 10 10 10 10 10
11 29 4 5 8 10 10 10 10 10 10 10 10 10 10 10 10 10 10 10 10 10 10 10 10 10 10 10 10 10 10
11 30 4 5 8 10 10 10 10 10 10 10 10 10 10 10 10 10 10 10 10 10 10 10 10 10 10 10 10 10 10 10
11 31 4 5 8 10 10 10 10 10 10 10 10 10 10 10 10 10 10 10 10 10 10 10 10 10 10 10 10 10 10 10 10
11 32 4 5 8 10 10 10 10 10 10 10 10 10 10 10 10 10 10 10 10 10 10 10 10 10 10 10 10 10 10 10 10 10
11 33 4 5 8 10 10 10 10 10 10 10 10 10 10 10 10 10 10 10 10 10 10 10 10 10 10 10 10 10 10 10 10 10 10
11 34 4 5 8 10 10 10 10 10 10 10 10 10 10 10 10 10 10 10 10 10 10 10 10 10 10 10 10 10 10 10 10 10 10 10
11 35 4 5 8 10 10 10 10 10 10 10 10 10 10 10 10 10 10 10 10 10 10 10 10 10 10 10 10 10 10 10 10 10 10 10 10
11 36 4 5 8 10 10 10 10 10 10 10 10 10 10 10 10 10 10 10 10 10 10 10 10 10 10 10 10 10 10 10 10 10 10 10 10 10
11 37 4 5 8 10 10 10 10 10 10 10 10 10 10 10 10 10 10 10 10 10 10 10 10 10 10 10 10 10 10 10 10 10 10 10 10 10 10
11 38 4 5 8 10 10 10 10 10 10 10 10 10 10 10 10 10 10 10 10 10 10 10 10 10 10 10 10 10 10 10 10 10 10 10 10 10 10 10
11 39 4 5 8 10 10 10 10 10 10 10 10 10 10 10 10 10 10 10 10 10 10 10 10 10 10 10 10 10 10 10 10 10 10 10 10 10 10 10 10
11 40 4 5 8 10 10 10 10 10 10 10 10 10 10 10 10 10 10 10 10 10 10 10 10 10 10 10 10 10 10 10 10 10 10 10 10 10 10 10 10 10
11 3 4 5 9
11 4 4 5 9 10
11 5 4 5 9 10 10
11 6 4 5 9 10 10 10
11 7 4 5 9 10 10 10 10
11 8 4 5 9 10 10 10 10 10
11 9 4 5 9 10 10 10 10 10 10
11 10 4 5 9 10 10 10 10 10 10 10
11 11 4 5 9 10 10 10 10 10 10 10 10
11 12 4 5 9 10 10 10 10 10 10 10 10 10
11 13 4 5 9 10 10 10 10 10 10 10 10 10 10
11 14 4 5 9 10 10 10 10 10 10 10 10 10 10 10
11 15 4 5 9 10 10 10 10 10 10 10 10 10 10 10 10
11 16 4 5 9 10 10 10 10 10 10 10 10 10 10 10 10 10
11 17 4 5 9 10 10 10 10 10 10 10 10 10 10 10 10 10 10
11 18 4 5 9 10 10 10 10 10 10 10 10 10 10 10 10 10 10 10
11 19 4 5 9 10 10 10 10 10 10 10 10 10 10 10 10 10 10 10 10
11 20 4 5 9 10 10 10 10 10 10 10 10 10 10 10 10 10 10 10 10 10
11 21 4 5 9 10 10 10 10 10 10 10 10 10 10 10 10 10 10 10 10 10 10
11 22 4 5 9 10 10 10 10 10 10 10 10 10 10 10 10 10 10 10 10 10 10 10
11 23 4 5 9 10 10 10 10 10 10 10 10 10 10 10 10 10 10 10 10 10 10 10 10
11 24 4 5 9 10 10 10 10 10 10 10 10 10 10 10 10 10 10 10 10 10 10 10 10 10
11 25 4 5 9 10 10 10 10 10 10 10 10 10 10 10 10 10 10 10 10 10 10 10 10 10 10
11 26 4 5 9 10 10 10 10 10 10 10 10 10 10 10 10 10 10 10 10 10 10 10 10 10 10 10
11 27 4 5 9 10 10 10 10 10 10 10 10 10 10 10 10 10 10 10 10 10 10 10 10 10 10 10 10
11 28 4 5 9 10 10 10 10 10 10 10 10 10 10 10 10 10 10 10 10 10 10 10 10 10 10 10 10 10
11 29 4 5 9 10 10 10 10 10 10 10 10 10 10 10 10 10 10 10 10 10 10 10 10 10 10 10 10 10 10
11 30 4 5 9 10 10 10 10 10 10 10 10 10 10 10 10 10 10 10 10 10 10 10 10 10 10 10 10 10 10 10
11 31 4 5 9 10 10 10 10 10 10 10 10 10 10 10 10 10 10 10 10 10 10 10 10 10 10 10 10 10 10 10 10
11 32 4 5 9 10 10 10 10 10 10 10 10 10 10 10 10 10 10 10 10 10 10 10 10 10 10 10 10 10 10 10 10 10
11 33 4 5 9 10 10 10 10 10 10 10 10 10 10 10 10 10 10 10 10 10 10 10 10 10 10 10 10 10 10 10 10 10 10
11 34 4 5 9 10 10 10 10 10 10 10 10 10 10 10 10 10 10 10 10 10 10 10 10 10 10 10 10 10 10 10 10 10 10 10
11 35 4 5 9 10 10 10 10 10 10 10 10 10 10 10 10 10 10 10 10 10 10 10 10 10 10 10 10 10 10 10 10 10 10 10 10
11 36 4 5 9 10 10 10 10 10 10 10 10 10 10 10 10 10 10 10 10 10 10 10 10 10 10 10 10 10 10 10 10 10 10 10 10 10
11 37 4 5 9 10 10 10 10 10 10 10 10 10 10 10 10 10 10 10 10 10 10 10 10 10 10 10 10 10 10 10 10 10 10 10 10 10 10
11 38 4 5 9 10 10 10 10 10 10 10 10 10 10 10 10 10 10 10 10 10 10 10 10 10 10 10 10 10 10 10 10 10 10 10 10 10 10 10
11 39 4 5 9 10 10 10 10 10 10 10 10 10 10 10 10 10 10 10 10 10 10 10 10 10 10 10 10 10 10 10 10 10 10 10 10 10 10 10 10
11 40 4 5 9 10 10 10 10 10 10 10 10 10 10 10 10 10 10 10 10 10 10 10 10 10 10 10 10 10 10 10 10 10 10 10 10 10 10 10 10 10
11 3 4 6 6
11 4 4 6 6 10
11 5 4 6 6 10 10
11 6 4 6 6 10 10 10
11 7 4 6 6 10 10 10 10
11 8 4 6 6 10 10 10 10 10
11 9 4 6 6 10 10 10 10 10 10
11 10 4 6 6 10 10 10 10 10 10 10
11 11 4 6 6 10 10 10 10 10 10 10 10
11 12 4 6 6 10 10 10 10 10 10 10 10 10
11 13 4 6 6 10 10 10 10 10 10 10 10 10 10
11 14 4 6 6 10 10 10 10 10 10 10 10 10 10 10
11 15 4 6 6 10 10 10 10 10 10 10 10 10 10 10 10
11 16 4 6 6 10 10 10 10 10 10 10 10 10 10 10 10 10
11 17 4 6 6 10 10 10 10 10 10 10 10 10 10 10 10 10 10
11 18 4 6 6 10 10 10 10 10 10 10 10 10 10 10 10 10 10 10
11 19 4 6 6 10 10 10 10 10 10 10 10 10 10 10 10 10 10 10 10
11 20 4 6 6 10 10 10 10 10 10 10 10 10 10 10 10 10 10 10 10 10
11 21 4 6 6 10 10 10 10 10 10 10 10 10 10 10 10 10 10 10 10 10 10
11 22 4 6 6 10 10 10 10 10 10 10 10 10 10 10 10 10 10 10 10 10 10 10
11 23 4 6 6 10 10 10 10 10 10 10 10 10 10 10 10 10 10 10 10 10 10 10 10
11 24 4 6 6 10 10 10 10 10 10 10 10 10 10 10 10 10 10 10 10 10 10 10 10 10
11 25 4 6 6 10 10 10 10 10 10 10 10 10 10 10 10 10 10 10 10 10 10 10 10 10 10
11 26 4 6 6 10 10 10 10 10 10 10 10 10 10 10 10 10 10 10 10 10 10 10 10 10 10 10
11 27 4 6 6 10 10 10 10 10 10 10 10 10 10 10 10 10 10 10 10 10 10 10 10 10 10 10 10
11 28 4 6 6 10 10 10 10 10 10 10 10 10 10 10 10 10 10 10 10 10 10 10 10 10 10 10 10 10
11 29 4 6 6 10 10 10 10 10 10 10 10 10 10 10 10 10 10 10 10 10 10 10 10 10 10 10 10 10 10
11 30 4 6 6 10 10 10 10 10 10 10 10 10 10 10 10 10 10 10 10 10 10 10 10 10 10 10 10 10 10 10
11 31 4 6 6 10 10 10 10 10 10 10 10 10 10 10 10 10 10 10 10 10 10 10 10 10 10 10 10 10 10 10 10
11 32 4 6 6 10 10 10 10 10 10 10 10 10 10 10 10 10 10 10 10 10 10 10 10 10 10 10 10 10 10 10 10 10
11 33 4 6 6 10 10 10 10 10 10 10 10 10 10 10 10 10 10 10 10 10 10 10 10 10 10 10 10 10 10 10 10 10 10
11 34 4 6 6 10 10 10 10 10 10 10 10 10 10 10 10 10 10 10 10 10 10 10 10 10 10 10 10 10 10 10 10 10 10 10
11 35 4 6 6 10 10 10 10 10 10 10 10 10 10 10 10 10 10 10 10 10 10 10 10 10 10 10 10 10 10 10 10 10 10 10 10
11 36 4 6 6 10 10 10 10 10 10 10 10 10 10 10 10 10 10 10 10 10 10 10 10 10 10 10 10 10 10 10 10 10 10 10 10 10
11 37 4 6 6 10 10 10 10 10 10 10 10 10 10 10 10 10 10 10 10 10 10 10 10 10 10 10 10 10 10 10 10 10 10 10 10 10 10
11 38 4 6 6 10 10 10 10 10 10 10 10 10 10 10 10 10 10 10 10 10 10 10 10 10 10 10 10 10 10 10 10 10 10 10 10 10 10 10
11 39 4 6 6 10 10 10 10 10 10 10 10 10 10 10 10 10 10 10 10 10 10 10 10 10 10 10 10 10 10 10 10 10 10 10 10 10 10 10 10
11 40 4 6 6 10 10 10 10 10 10 10 10 10 10 10 10 10 10 10 10 10 10 10 10 10 10 10 10 10 10 10 10 10 10 10 10 10 10 10 10 10
11 3 4 6 7
11 4 4 6 7 10
11 5 4 6 7 10 10
11 6 4 6 7 10 10 10
11 7 4 6 7 10 10 10 10
11 8 4 6 7 10 10 10 10 10
11 9 4 6 7 10 10 10 10 10 10
11 10 4 6 7 10 10 10 10 10 10 10
11 11 4 6 7 10 10 10 10 10 10 10 10
11 12 4 6 7 10 10 10 10 10 10 10 10 10
11 13 4 6 7 10 10 10 10 10 10 10 10 10 10
11 14 4 6 7 10 10 10 10 10 10 10 10 10 10 10
11 15 4 6 7 10 10 10 10 10 10 10 10 10 10 10 10
11 16 4 6 7 10 10 10 10 10 10 10 10 10 10 10 10 10
11 17 4 6 7 10 10 10 10 10 10 10 10 10 10 10 10 10 10
11 18 4 6 7 10 10 10 10 10 10 10 10 10 10 10 10 10 10 10
11 19 4 6 7 10 10 10 10 10 10 10 10 10 10 10 10 10 10 10 10
11 20 4 6 7 10 10 10 10 10 10 10 10 10 10 10 10 10 10 10 10 10
11 21 4 6 7 10 10 10 10 10 10 10 10 10 10 10 10 10 10 10 10 10 10
11 22 4 6 7 10 10 10 10 10 10 10 10 10 10 10 10 10 10 10 10 10 10 10
11 23 4 6 7 10 10 10 10 10 10 10 10 10 10 10 10 10 10 10 10 10 10 10 10
11 24 4 6 7 10 10 10 10 10 10 10 10 10 10 10 10 10 10 10 10 10 10 10 10 10
11 25 4 6 7 10 10 10 10 10 10 10 10 10 10 10 10 10 10 10 10 10 10 10 10 10 10
11 26 4 6 7 10 10 10 10 10 10 10 10 10 10 10 10 10 10 10 10 10 10 10 10 10 10 10
11 27 4 6 7 10 10 10 10 10 10 10 10 10 10 10 10 10 10 10 10 10 10 10 10 10 10 10 10
11 28 4 6 7 10 10 10 10 10 10 10 10 10 10 10 10 10 10 10 10 10 10 10 10 10 10 10 10 10
11 29 4 6 7 10 10 10 10 10 10 10 10 10 10 10 10 10 10 10 10 10 10 10 10 10 10 10 10 10 10
11 30 4 6 7 10 10 10 10 10 10 10 10 10 10 10 10 10 10 10 10 10 10 10 10 10 10 10 10 10 10 10
11 31 4 6 7 10 10 10 10 10 10 10 10 10 10 10 10 10 10 10 10 10 10 10 10 10 10 10 10 10 10 10 10
11 32 4 6 7 10 10 10 10 10 10 10 10 10 10 10 10 10 10 10 10 10 10 10 10 10 10 10 10 10 10 10 10 10
11 33 4 6 7 10 10 10 10 10 10 10 10 10 10 10 10 10 10 10 10 10 10 10 10 10 10 10 10 10 10 10 10 10 10
11 34 4 6 7 10 10 10 10 10 10 10 10 10 10 10 10 10 10 10 10 10 10 10 10 10 10 10 10 10 10 10 10 10 10 10
11 35 4 6 7 10 10 10 10 10 10 10 10 10 10 10 10 10 10 10 10 10 10 10 10 10 10 10 10 10 10 10 10 10 10 10 10
11 36 4 6 7 10 10 10 10 10 10 10 10 10 10 10 10 10 10 10 10 10 10 10 10 10 10 10 10 10 10 10 10 10 10 10 10 10
11 37 4 6 7 10 10 10 10 10 10 10 10 10 10 10 10 10 10 10 10 10 10 10 10 10 10 10 10 10 10 10 10 10 10 10 10 10 10
11 38 4 6 7 10 10 10 10 10 10 10 10 10 10 10 10 10 10 10 10 10 10 10 10 10 10 10 10 10 10 10 10 10 10 10 10 10 10 10
11 39 4 6 7 10 10 10 10 10 10 10 10 10 10 10 10 10 10 10 10 10 10 10 10 10 10 10 10 10 10 10 10 10 10 10 10 10 10 10 10
11 40 4 6 7 10 10 10 10 10 10 10 10 10 10 10 10 10 10 10 10 10 10 10 10 10 10 10 10 10 10 10 10 10 10 10 10 10 10 10 10 10
11 3 4 6 8
11 4 4 6 8 10
11 5 4 6 8 10 10
11 6 4 6 8 10 10 10
11 7 4 6 8 10 10 10 10
11 8 4 6 8 10 10 10 10 10
11 9 4 6 8 10 10 10 10 10 10
11 10 4 6 8 10 10 10 10 10 10 10
11 11 4 6 8 10 10 10 10 10 10 10 10
11 12 4 6 8 10 10 10 10 10 10 10 10 10
11 13 4 6 8 10 10 10 10 10 10 10 10 10 10
11 14 4 6 8 10 10 10 10 10 10 10 10 10 10 10
11 15 4 6 8 10 10 10 10 10 10 10 10 10 10 10 10
11 16 4 6 8 10 10 10 10 10 10 10 10 10 10 10 10 10
11 17 4 6 8 10 10 10 10 10 10 10 10 10 10 10 10 10 10
11 18 4 6 8 10 10 10 10 10 10 10 10 10 10 10 10 10 10 10
11 19 4 6 8 10 10 10 10 10 10 10 10 10 10 10 10 10 10 10 10
11 20 4 6 8 10 10 10 10 10 10 10 10 10 10 10 10 10 10 10 10 10
11 21 4 6 8 10 10 10 10 10 10 10 10 10 10 10 10 10 10 10 10 10 10
11 22 4 6 8 10 10 10 10 10 10 10 10 10 10 10 10 10 10 10 10 10 10 10
11 23 4 6 8 10 10 10 10 10 10 10 10 10 10 10 10 10 10 10 10 10 10 10 10
11 24 4 6 8 10 10 10 10 10 10 10 10 10 10 10 10 10 10 10 10 10 10 10 10 10
11 25 4 6 8 10 10 10 10 10 10 10 10 10 10 10 10 10 10 10 10 10 10 10 10 10 10
11 26 4 6 8 10 10 10 10 10 10 10 10 10 10 10 10 10 10 10 10 10 10 10 10 10 10 10
11 27 4 6 8 10 10 10 10 10 10 10 10 10 10 10 10 10 10 10 10 10 10 10 10 10 10 10 10
11 28 4 6 8 10 10 10 10 10 10 10 10 10 10 10 10 10 10 10 10 10 10 10 10 10 10 10 10 10
11 29 4 6 8 10 10 10 10 10 10 10 10 10 10 10 10 10 10 10 10 10 10 10 10 10 10 10 10 10 10
11 30 4 6 8 10 10 10 10 10 10 10 10 10 10 10 10 10 10 10 10 10 10 10 10 10 10 10 10 10 10 10
11 31 4 6 8 10 10 10 10 10 10 10 10 10 10 10 10 10 10 10 10 10 10 10 10 10 10 10 10 10 10 10 10
11 32 4 6 8 10 10 10 10 10 10 10 10 10 10 10 10 10 10 10 10 10 10 10 10 10 10 10 10 10 10 10 10 10
11 33 4 6 8 10 10 10 10 10 10 10 10 10 10 10 10 10 10 10 10 10 10 10 10 10 10 10 10 10 10 10 10 10 10
11 34 4 6 8 10 10 10 10 10 10 10 10 10 10 10 10 10 10 10 10 10 10 10 10 10 10 10 10 10 10 10 10 10 10 10
11 35 4 6 8 10 10 10 10 10 10 10 10 10 10 10 10 10 10 10 10 10 10 10 10 10 10 10 10 10 10 10 10 10 10 10 10
11 36 4 6 8 10 10 10 10 10 10 10 10 10 10 10 10 10 10 10 10 10 10 10 10 10 10 10 10 10 10 10 10 10 10 10 10 10
11 37 4 6 8 10 10 10 10 10 10 10 10 10 10 10 10 10 10 10 10 10 10 10 10 10 10 10 10 10 10 10 10 10 10 10 10 10 10
11 38 4 6 8 10 10 10 10 10 10 10 10 10 10 10 10 10 10 10 10 10 10 10 10 10 10 10 10 10 10 10 10 10 10 10 10 10 10 10
11 39 4 6 8 10 10 10 10 10 10 10 10 10 10 10 10 10 10 10 10 10 10 10 10 10 10 10 10 10 10 10 10 10 10 10 10 10 10 10 10
11 40 4 6 8 10 10 10 10 10 10 10 10 10 10 10 10 10 10 10 10 10 10 10 10 10 10 10 10 10 10 10 10 10 10 10 10 10 10 10 10 10
11 3 4 6 9
11 4 4 6 9 10
11 5 4 6 9 10 10
11 6 4 6 9 10 10 10
11 7 4 6 9 10 10 10 10
11 8 4 6 9 10 10 10 10 10
11 9 4 6 9 10 10 10 10 10 10
11 10 4 6 9 10 10 10 10 10 10 10
11 11 4 6 9 10 10 10 10 10 10 10 10
11 12 4 6 9 10 10 10 10 10 10 10 10 10
11 13 4 6 9 10 10 10 10 10 10 10 10 10 10
11 14 4 6 9 10 10 10 10 10 10 10 10 10 10 10
11 15 4 6 9 10 10 10 10 10 10 10 10 10 10 10 10
11 16 4 6 9 10 10 10 10 10 10 10 10 10 10 10 10 10
11 17 4 6 9 10 10 10 10 10 10 10 10 10 10 10 10 10 10
11 18 4 6 9 10 10 10 10 10 10 10 10 10 10 10 10 10 10 10
11 19 4 6 9 10 10 10 10 10 10 10 10 10 10 10 10 10 10 10 10
11 20 4 6 9 10 10 10 10 10 10 10 10 10 10 10 10 10 10 10 10 10
11 21 4 6 9 10 10 10 10 10 10 10 10 10 10 10 10 10 10 10 10 10 10
11 22 4 6 9 10 10 10 10 10 10 10 10 10 10 10 10 10 10 10 10 10 10 10
11 23 4 6 9 10 10 10 10 10 10 10 10 10 10 10 10 10 10 10 10 10 10 10 10
11 24 4 6 9 10 10 10 10 10 10 10 10 10 10 10 10 10 10 10 10 10 10 10 10 10
11 25 4 6 9 10 10 10 10 10 10 10 10 10 10 10 10 10 10 10 10 10 10 10 10 10 10
11 26 4 6 9 10 10 10 10 10 10 10 10 10 10 10 10 10 10 10 10 10 10 10 10 10 10 10
11 27 4 6 9 10 10 10 10 10 10 10 10 10 10 10 10 10 10 10 10 10 10 10 10 10 10 10 10
11 28 4 6 9 10 10 10 10 10 10 10 10 10 10 10 10 10 10 10 10 10 10 10 10 10 10 10 10 10
11 29 4 6 9 10 10 10 10 10 10 10 10 10 10 10 10 10 10 10 10 10 10 10 10 10 10 10 10 10 10
11 30 4 6 9 10 10 10 10 10 10 10 10 10 10 10 10 10 10 10 10 10 10 10 10 10 10 10 10 10 10 10
11 31 4 6 9 10 10 10 10 10 10 10 10 10 10 10 10 10 10 10 10 10 10 10 10 10 10 10 10 10 10 10 10
11 32 4 6 9 10 10 10 10 10 10 10 10 10 10 10 10 10 10 10 10 10 10 10 10 10 10 10 10 10 10 10 10 10
11 33 4 6 9 10 10 10 10 10 10 10 10 10 10 10 10 10 10 10 10 10 10 10 10 10 10 10 10 10 10 10 10 10 10
11 34 4 6 9 10 10 10 10 10 10 10 10 10 10 10 10 10 10 10 10 10 10 10 10 10 10 10 10 10 10 10 10 10 10 10
11 35 4 6 9 10 10 10 10 10 10 10 10 10 10 10 10 10 10 10 10 10 10 10 10 10 10 10 10 10 10 10 10 10 10 10 10
11 36 4 6 9 10 10 10 10 10 10 10 10 10 10 10 10 10 10 10 10 10 10 10 10 10 10 10 10 10 10 10 10 10 10 10 10 10
11 37 4 6 9 10 10 10 10 10 10 10 10 10 10 10 10 10 10 10 10 10 10 10 10 10 10 10 10 10 10 10 10 10 10 10 10 10 10
11 38 4 6 9 10 10 10 10 10 10 10 10 10 10 10 10 10 10 10 10 10 10 10 10 10 10 10 10 10 10 10 10 10 10 10 10 10 10 10
11 39 4 6 9 10 10 10 10 10 10 10 10 10 10 10 10 10 10 10 10 10 10 10 10 10 10 10 10 10 10 10 10 10 10 10 10 10 10 10 10
11 40 4 6 9 10 10 10 10 10 10 10 10 10 10 10 10 10 10 10 10 10 10 10 10 10 10 10 10 10 10 10 10 10 10 10 10 10 10 10 10 10
11 3 4 7 7
11 4 4 7 7 10
11 5 4 7 7 10 10
11 6 4 7 7 10 10 10
11 7 4 7 7 10 10 10 10
11 8 4 7 7 10 10 10 10 10
11 9 4 7 7 10 10 10 10 10 10
11 10 4 7 7 10 10 10 10 10 10 10
11 11 4 7 7 10 10 10 10 10 10 10 10
11 12 4 7 7 10 10 10 10 10 10 10 10 10
11 13 4 7 7 10 10 10 10 10 10 10 10 10 10
11 14 4 7 7 10 10 10 10 10 10 10 10 10 10 10
11 15 4 7 7 10 10 10 10 10 10 10 10 10 10 10 10
11 16 4 7 7 10 10 10 10 10 10 10 10 10 10 10 10 10
11 17 4 7 7 10 10 10 10 10 10 10 10 10 10 10 10 10 10
11 18 4 7 7 10 10 10 10 10 10 10 10 10 10 10 10 10 10 10
11 19 4 7 7 10 10 10 10 10 10 10 10 10 10 10 10 10 10 10 10
11 20 4 7 7 10 10 10 10 10 10 10 10 10 10 10 10 10 10 10 10 10
11 21 4 7 7 10 10 10 10 10 10 10 10 10 10 10 10 10 10 10 10 10 10
11 22 4 7 7 10 10 10 10 10 10 10 10 10 10 10 10 10 10 10 10 10 10 10
11 23 4 7 7 10 10 10 10 10 10 10 10 10 10 10 10 10 10 10 10 10 10 10 10
11 24 4 7 7 10 10 10 10 10 10 10 10 10 10 10 10 10 10 10 10 10 10 10 10 10
11 25 4 7 7 10 10 10 10 10 10 10 10 10 10 10 10 10 10 10 10 10 10 10 10 10 10
11 26 4 7 7 10 10 10 10 10 10 10 10 10 10 10 10 10 10 10 10 10 10 10 10 10 10 10
11 27 4 7 7 10 10 10 10 10 10 10 10 10 10 10 10 10 10 10 10 10 10 10 10 10 10 10 10
11 28 4 7 7 10 10 10 10 10 10 10 10 10 10 10 10 10 10 10 10 10 10 10 10 10 10 10 10 10
11 29 4 7 7 10 10 10 10 10 10 10 10 10 10 10 10 10 10 10 10 10 10 10 10 10 10 10 10 10 10
11 30 4 7 7 10 10 10 10 10 10 10 10 10 10 10 10 10 10 10 10 10 10 10 10 10 10 10 10 10 10 10
11 31 4 7 7 10 10 10 10 10 10 10 10 10 10 10 10 10 10 10 10 10 10 10 10 10 10 10 10 10 10 10 10
11 32 4 7 7 10 10 10 10 10 10 10 10 10 10 10 10 10 10 10 10 10 10 10 10 10 10 10 10 10 10 10 10 10
11 33 4 7 7 10 10 10 10 10 10 10 10 10 10 10 10 10 10 10 10 10 10 10 10 10 10 10 10 10 10 10 10 10 10
11 34 4 7 7 10 10 10 10 10 10 10 10 10 10 10 10 10 10 10 10 10 10 10 10 10 10 10 10 10 10 10 10 10 10 10
11 35 4 7 7 10 10 10 10 10 10 10 10 10 10 10 10 10 10 10 10 10 10 10 10 10 10 10 10 10 10 10 10 10 10 10 10
11 36 4 7 7 10 10 10 10 10 10 10 10 10 10 10 10 10 10 10 10 10 10 10 10 10 10 10 10 10 10 10 10 10 10 10 10 10
11 37 4 7 7 10 10 10 10 10 10 10 10 10 10 10 10 10 10 10 10 10 10 10 10 10 10 10 10 10 10 10 10 10 10 10 10 10 10
11 38 4 7 7 10 10 10 10 10 10 10 10 10 10 10 10 10 10 10 10 10 10 10 10 10 10 10 10 10 10 10 10 10 10 10 10 10 10 10
11 39 4 7 7 10 10 10 10 10 10 10 10 10 10 10 10 10 10 10 10 10 10 10 10 10 10 10 10 10 10 10 10 10 10 10 10 10 10 10 10
11 40 4 7 7 10 10 10 10 10 10 10 10 10 10 10 10 10 10 10 10 10 10 10 10 10 10 10 10 10 10 10 10 10 10 10 10 10 10 10 10 10
11 3 4 7 8
11 4 4 7 8 10
11 5 4 7 8 10 10
11 6 4 7 8 10 10 10
11 7 4 7 8 10 10 10 10
11 8 4 7 8 10 10 10 10 10
11 9 4 7 8 10 10 10 10 10 10
11 10 4 7 8 10 10 10 10 10 10 10
11 11 4 7 8 10 10 10 10 10 10 10 10
11 12 4 7 8 10 10 10 10 10 10 10 10 10
11 13 4 7 8 10 10 10 10 10 10 10 10 10 10
11 14 4 7 8 10 10 10 10 10 10 10 10 10 10 10
11 15 4 7 8 10 10 10 10 10 10 10 10 10 10 10 10
11 16 4 7 8 10 10 10 10 10 10 10 10 10 10 10 10 10
11 17 4 7 8 10 10 10 10 10 10 10 10 10 10 10 10 10 10
11 18 4 7 8 10 10 10 10 10 10 10 10 10 10 10 10 10 10 10
11 19 4 7 8 10 10 10 10 10 10 10 10 10 10 10 10 10 10 10 10
11 20 4 7 8 10 10 10 10 10 10 10 10 10 10 10 10 10 10 10 10 10
11 21 4 7 8 10 10 10 10 10 10 10 10 10 10 10 10 10 10 10 10 10 10
11 22 4 7 8 10 10 10 10 10 10 10 10 10 10 10 10 10 10 10 10 10 10 10
11 23 4 7 8 10 10 10 10 10 10 10 10 10 10 10 10 10 10 10 10 10 10 10 10
11 24 4 7 8 10 10 10 10 10 10 10 10 10 10 10 10 10 10 10 10 10 10 10 10 10
11 25 4 7 8 10 10 10 10 10 10 10 10 10 10 10 10 10 10 10 10 10 10 10 10 10 10
11 26 4 7 8 10 10 10 10 10 10 10 10 10 10 10 10 10 10 10 10 10 10 10 10 10 10 10
11 27 4 7 8 10 10 10 10 10 10 10 10 10 10 10 10 10 10 10 10 10 10 10 10 10 10 10 10
11 28 4 7 8 10 10 10 10 10 10 10 10 10 10 10 10 10 10 10 10 10 10 10 10 10 10 10 10 10
11 29 4 7 8 10 10 10 10 10 10 10 10 10 10 10 10 10 10 10 10 10 10 10 10 10 10 10 10 10 10
11 30 4 7 8 10 10 10 10 10 10 10 10 10 10 10 10 10 10 10 10 10 10 10 10 10 10 10 10 10 10 10
11 31 4 7 8 10 10 10 10 10 10 10 10 10 10 10 10 10 10 10 10 10 10 10 10 10 10 10 10 10 10 10 10
11 32 4 7 8 10 10 10 10 10 10 10 10 10 10 10 10 10 10 10 10 10 10 10 10 10 10 10 10 10 10 10 10 10
11 33 4 7 8 10 10 10 10 10 10 10 10 10 10 10 10 10 10 10 10 10 10 10 10 10 10 10 10 10 10 10 10 10 10
11 34 4 7 8 10 10 10 10 10 10 10 10 10 10 10 10 10 10 10 10 10 10 10 10 10 10 10 10 10 10 10 10 10 10 10
11 35 4 7 8 10 10 10 10 10 10 10 10 10 10 10 10 10 10 10 10 10 10 10 10 10 10 10 10 10 10 10 10 10 10 10 10
11 36 4 7 8 10 10 10 10 10 10 10 10 10 10 10 10 10 10 10 10 10 10 10 10 10 10 10 10 10 10 10 10 10 10 10 10 10
11 37 4 7 8 10 10 10 10 10 10 10 10 10 10 10 10 10 10 10 10 10 10 10 10 10 10 10 10 10 10 10 10 10 10 10 10 10 10
11 38 4 7 8 10 10 10 10 10 10 10 10 10 10 10 10 10 10 10 10 10 10 10 10 10 10 10 10 10 10 10 10 10 10 10 10 10 10 10
11 39 4 7 8 10 10 10 10 10 10 10 10 10 10 10 10 10 10 10 10 10 10 10 10 10 10 10 10 10 10 10 10 10 10 10 10 10 10 10 10
11 40 4 7 8 10 10 10 10 10 10 10 10 10 10 10 10 10 10 10 10 10 10 10 10 10 10 10 10 10 10 10 10 10 10 10 10 10 10 10 10 10
11 3 4 7 9
11 4 4 7 9 10
11 5 4 7 9 10 10
11 6 4 7 9 10 10 10
11 7 4 7 9 10 10 10 10
11 8 4 7 9 10 10 10 10 10
11 9 4 7 9 10 10 10 10 10 10
11 10 4 7 9 10 10 10 10 10 10 10
11 11 4 7 9 10 10 10 10 10 10 10 10
11 12 4 7 9 10 10 10 10 10 10 10 10 10
11 13 4 7 9 10 10 10 10 10 10 10 10 10 10
11 14 4 7 9 10 10 10 10 10 10 10 10 10 10 10
11 15 4 7 9 10 10 10 10 10 10 10 10 10 10 10 10
11 16 4 7 9 10 10 10 10 10 10 10 10 10 10 10 10 10
11 17 4 7 9 10 10 10 10 10 10 10 10 10 10 10 10 10 10
11 18 4 7 9 10 10 10 10 10 10 10 10 10 10 10 10 10 10 10
11 19 4 7 9 10 10 10 10 10 10 10 10 10 10 10 10 10 10 10 10
11 20 4 7 9 10 10 10 10 10 10 10 10 10 10 10 10 10 10 10 10 10
11 21 4 7 9 10 10 10 10 10 10 10 10 10 10 10 10 10 10 10 10 10 10
11 22 4 7 9 10 10 10 10 10 10 10 10 10 10 10 10 10 10 10 10 10 10 10
11 23 4 7 9 10 10 10 10 10 10 10 10 10 10 10 10 10 10 10 10 10 10 10 10
11 24 4 7 9 10 10 10 10 10 10 10 10 10 10 10 10 10 10 10 10 10 10 10 10 10
11 25 4 7 9 10 10 10 10 10 10 10 10 10 10 10 10 10 10 10 10 10 10 10 10 10 10
11 26 4 7 9 10 10 10 10 10 10 10 10 10 10 10 10 10 10 10 10 10 10 10 10 10 10 10
11 27 4 7 9 10 10 10 10 10 10 10 10 10 10 10 10 10 10 10 10 10 10 10 10 10 10 10 10
11 28 4 7 9 10 10 10 10 10 10 10 10 10 10 10 10 10 10 10 10 10 10 10 10 10 10 10 10 10
11 29 4 7 9 10 10 10 10 10 10 10 10 10 10 10 10 10 10 10 10 10 10 10 10 10 10 10 10 10 10
11 30 4 7 9 10 10 10 10 10 10 10 10 10 10 10 10 10 10 10 10 10 10 10 10 10 10 10 10 10 10 10
11 31 4 7 9 10 10 10 10 10 10 10 10 10 10 10 10 10 10 10 10 10 10 10 10 10 10 10 10 10 10 10 10
11 32 4 7 9 10 10 10 10 10 10 10 10 10 10 10 10 10 10 10 10 10 10 10 10 10 10 10 10 10 10 10 10 10
11 33 4 7 9 10 10 10 10 10 10 10 10 10 10 10 10 10 10 10 10 10 10 10 10 10 10 10 10 10 10 10 10 10 10
11 34 4 7 9 10 10 10 10 10 10 10 10 10 10 10 10 10 10 10 10 10 10 10 10 10 10 10 10 10 10 10 10 10 10 10
11 35 4 7 9 10 10 10 10 10 10 10 10 10 10 10 10 10 10 10 10 10 10 10 10 10 10 10 10 10 10 10 10 10 10 10 10
11 36 4 7 9 10 10 10 10 10 10 10 10 10 10 10 10 10 10 10 10 10 10 10 10 10 10 10 10 10 10 10 10 10 10 10 10 10
11 37 4 7 9 10 10 10 10 10 10 10 10 10 10 10 10 10 10 10 10 10 10 10 10 10 10 10 10 10 10 10 10 10 10 10 10 10 10
11 38 4 7 9 10 10 10 10 10 10 10 10 10 10 10 10 10 10 10 10 10 10 10 10 10 10 10 10 10 10 10 10 10 10 10 10 10 10 10
11 39 4 7 9 10 10 10 10 10 10 10 10 10 10 10 10 10 10 10 10 10 10 10 10 10 10 10 10 10 10 10 10 10 10 10 10 10 10 10 10
11 40 4 7 9 10 10 10 10 10 10 10 10 10 10 10 10 10 10 10 10 10 10 10 10 10 10 10 10 10 10 10 10 10 10 10 10 10 10 10 10 10
11 3 4 8 8
11 4 4 8 8 10
11 5 4 8 8 10 10
11 6 4 8 8 10 10 10
11 7 4 8 8 10 10 10 10
11 8 4 8 8 10 10 10 10 10
11 9 4 8 8 10 10 10 10 10 10
11 10 4 8 8 10 10 10 10 10 10 10
11 11 4 8 8 10 10 10 10 10 10 10 10
11 12 4 8 8 10 10 10 10 10 10 10 10 10
11 13 4 8 8 10 10 10 10 10 10 10 10 10 10
11 14 4 8 8 10 10 10 10 10 10 10 10 10 10 10
11 15 4 8 8 10 10 10 10 10 10 10 10 10 10 10 10
11 16 4 8 8 10 10 10 10 10 10 10 10 10 10 10 10 10
11 17 4 8 8 10 10 10 10 10 10 10 10 10 10 10 10 10 10
11 18 4 8 8 10 10 10 10 10 10 10 10 10 10 10 10 10 10 10
11 19 4 8 8 10 10 10 10 10 10 10 10 10 10 10 10 10 10 10 10
11 20 4 8 8 10 10 10 10 10 10 10 10 10 10 10 10 10 10 10 10 10
11 21 4 8 8 10 10 10 10 10 10 10 10 10 10 10 10 10 10 10 10 10 10
11 22 4 8 8 10 10 10 10 10 10 10 10 10 10 10 10 10 10 10 10 10 10 10
11 23 4 8 8 10 10 10 10 10 10 10 10 10 10 10 10 10 10 10 10 10 10 10 10
11 24 4 8 8 10 10 10 10 10 10 10 10 10 10 10 10 10 10 10 10 10 10 10 10 10
11 25 4 8 8 10 10 10 10 10 10 10 10 10 10 10 10 10 10 10 10 10 10 10 10 10 10
11 26 4 8 8 10 10 10 10 10 10 10 10 10 10 10 10 10 10 10 10 10 10 10 10 10 10 10
11 27 4 8 8 10 10 10 10 10 10 10 10 10 10 10 10 10 10 10 10 10 10 10 10 10 10 10 10
11 28 4 8 8 10 10 10 10 10 10 10 10 10 10 10 10 10 10 10 10 10 10 10 10 10 10 10 10 10
11 29 4 8 8 10 10 10 10 10 10 10 10 10 10 10 10 10 10 10 10 10 10 10 10 10 10 10 10 10 10
11 30 4 8 8 10 10 10 10 10 10 10 10 10 10 10 10 10 10 10 10 10 10 10 10 10 10 10 10 10 10 10
11 31 4 8 8 10 10 10 10 10 10 10 10 10 10 10 10 10 10 10 10 10 10 10 10 10 10 10 10 10 10 10 10
11 32 4 8 8 10 10 10 10 10 10 10 10 10 10 10 10 10 10 10 10 10 10 10 10 10 10 10 10 10 10 10 10 10
11 33 4 8 8 10 10 10 10 10 10 10 10 10 10 10 10 10 10 10 10 10 10 10 10 10 10 10 10 10 10 10 10 10 10
11 34 4 8 8 10 10 10 10 10 10 10 10 10 10 10 10 10 10 10 10 10 10 10 10 10 10 10 10 10 10 10 10 10 10 10
11 35 4 8 8 10 10 10 10 10 10 10 10 10 10 10 10 10 10 10 10 10 10 10 10 10 10 10 10 10 10 10 10 10 10 10 10
11 36 4 8 8 10 10 10 10 10 10 10 10 10 10 10 10 10 10 10 10 10 10 10 10 10 10 10 10 10 10 10 10 10 10 10 10 10
11 37 4 8 8 10 10 10 10 10 10 10 10 10 10 10 10 10 10 10 10 10 10 10 10 10 10 10 10 10 10 10 10 10 10 10 10 10 10
11 38 4 8 8 10 10 10 10 10 10 10 10 10 10 10 10 10 10 10 10 10 10 10 10 10 10 10 10 10 10 10 10 10 10 10 10 10 10 10
11 39 4 8 8 10 10 10 10 10 10 10 10 10 10 10 10 10 10 10 10 10 10 10 10 10 10 10 10 10 10 10 10 10 10 10 10 10 10 10 10
11 40 4 8 8 10 10 10 10 10 10 10 10 10 10 10 10 10 10 10 10 10 10 10 10 10 10 10 10 10 10 10 10 10 10 10 10 10 10 10 10 10
11 3 4 8 9
11 4 4 8 9 10
11 5 4 8 9 10 10
11 6 4 8 9 10 10 10
11 7 4 8 9 10 10 10 10
11 8 4 8 9 10 10 10 10 10
11 9 4 8 9 10 10 10 10 10 10
11 10 4 8 9 10 10 10 10 10 10 10
11 11 4 8 9 10 10 10 10 10 10 10 10
11 12 4 8 9 10 10 10 10 10 10 10 10 10
11 13 4 8 9 10 10 10 10 10 10 10 10 10 10
11 14 4 8 9 10 10 10 10 10 10 10 10 10 10 10
11 15 4 8 9 10 10 10 10 10 10 10 10 10 10 10 10
11 16 4 8 9 10 10 10 10 10 10 10 10 10 10 10 10 10
11 17 4 8 9 10 10 10 10 10 10 10 10 10 10 10 10 10 10
11 18 4 8 9 10 10 10 10 10 10 10 10 10 10 10 10 10 10 10
11 19 4 8 9 10 10 10 10 10 10 10 10 10 10 10 10 10 10 10 10
11 20 4 8 9 10 10 10 10 10 10 10 10 10 10 10 10 10 10 10 10 10
11 21 4 8 9 10 10 10 10 10 10 10 10 10 10 10 10 10 10 10 10 10 10
11 22 4 8 9 10 10 10 10 10 10 10 10 10 10 10 10 10 10 10 10 10 10 10
11 23 4 8 9 10 10 10 10 10 10 10 10 10 10 10 10 10 10 10 10 10 10 10 10
11 24 4 8 9 10 10 10 10 10 10 10 10 10 10 10 10 10 10 10 10 10 10 10 10 10
11 25 4 8 9 10 10 10 10 10 10 10 10 10 10 10 10 10 10 10 10 10 10 10 10 10 10
11 26 4 8 9 10 10 10 10 10 10 10 10 10 10 10 10 10 10 10 10 10 10 10 10 10 10 10
11 27 4 8 9 10 10 10 10 10 10 10 10 10 10 10 10 10 10 10 10 10 10 10 10 10 10 10 10
11 28 4 8 9 10 10 10 10 10 10 10 10 10 10 10 10 10 10 10 10 10 10 10 10 10 10 10 10 10
11 29 4 8 9 10 10 10 10 10 10 10 10 10 10 10 10 10 10 10 10 10 10 10 10 10 10 10 10 10 10
11 30 4 8 9 10 10 10 10 10 10 10 10 10 10 10 10 10 10 10 10 10 10 10 10 10 10 10 10 10 10 10
11 31 4 8 9 10 10 10 10 10 10 10 10 10 10 10 10 10 10 10 10 10 10 10 10 10 10 10 10 10 10 10 10
11 32 4 8 9 10 10 10 10 10 10 10 10 10 10 10 10 10 10 10 10 10 10 10 10 10 10 10 10 10 10 10 10 10
11 33 4 8 9 10 10 10 10 10 10 10 10 10 10 10 10 10 10 10 10 10 10 10 10 10 10 10 10 10 10 10 10 10 10
11 34 4 8 9 10 10 10 10 10 10 10 10 10 10 10 10 10 10 10 10 10 10 10 10 10 10 10 10 10 10 10 10 10 10 10
11 35 4 8 9 10 10 10 10 10 10 10 10 10 10 10 10 10 10 10 10 10 10 10 10 10 10 10 10 10 10 10 10 10 10 10 10
11 36 4 8 9 10 10 10 10 10 10 10 10 10 10 10 10 10 10 10 10 10 10 10 10 10 10 10 10 10 10 10 10 10 10 10 10 10
11 37 4 8 9 10 10 10 10 10 10 10 10 10 10 10 10 10 10 10 10 10 10 10 10 10 10 10 10 10 10 10 10 10 10 10 10 10 10
11 38 4 8 9 10 10 10 10 10 10 10 10 10 10 10 10 10 10 10 10 10 10 10 10 10 10 10 10 10 10 10 10 10 10 10 10 10 10 10
11 39 4 8 9 10 10 10 10 10 10 10 10 10 10 10 10 10 10 10 10 10 10 10 10 10 10 10 10 10 10 10 10 10 10 10 10 10 10 10 10
11 40 4 8 9 10 10 10 10 10 10 10 10 10 10 10 10 10 10 10 10 10 10 10 10 10 10 10 10 10 10 10 10 10 10 10 10 10 10 10 10 10
11 3 4 9 9
11 4 4 9 9 10
11 5 4 9 9 10 10
11 6 4 9 9 10 10 10
11 7 4 9 9 10 10 10 10
11 8 4 9 9 10 10 10 10 10
11 9 4 9 9 10 10 10 10 10 10
11 10 4 9 9 10 10 10 10 10 10 10
11 11 4 9 9 10 10 10 10 10 10 10 10
11 12 4 9 9 10 10 10 10 10 10 10 10 10
11 13 4 9 9 10 10 10 10 10 10 10 10 10 10
11 14 4 9 9 10 10 10 10 10 10 10 10 10 10 10
11 15 4 9 9 10 10 10 10 10 10 10 10 10 10 10 10
11 16 4 9 9 10 10 10 10 10 10 10 10 10 10 10 10 10
11 17 4 9 9 10 10 10 10 10 10 10 10 10 10 10 10 10 10
11 18 4 9 9 10 10 10 10 10 10 10 10 10 10 10 10 10 10 10
11 19 4 9 9 10 10 10 10 10 10 10 10 10 10 10 10 10 10 10 10
11 20 4 9 9 10 10 10 10 10 10 10 10 10 10 10 10 10 10 10 10 10
11 21 4 9 9 10 10 10 10 10 10 10 10 10 10 10 10 10 10 10 10 10 10
11 22 4 9 9 10 10 10 10 10 10 10 10 10 10 10 10 10 10 10 10 10 10 10
11 23 4 9 9 10 10 10 10 10 10 10 10 10 10 10 10 10 10 10 10 10 10 10 10
11 24 4 9 9 10 10 10 10 10 10 10 10 10 10 10 10 10 10 10 10 10 10 10 10 10
11 25 4 9 9 10 10 10 10 10 10 10 10 10 10 10 10 10 10 10 10 10 10 10 10 10 10
11 26 4 9 9 10 10 10 10 10 10 10 10 10 10 10 10 10 10 10 10 10 10 10 10 10 10 10
11 27 4 9 9 10 10 10 10 10 10 10 10 10 10 10 10 10 10 10 10 10 10 10 10 10 10 10 10
11 28 4 9 9 10 10 10 10 10 10 10 10 10 10 10 10 10 10 10 10 10 10 10 10 10 10 10 10 10
11 29 4 9 9 10 10 10 10 10 10 10 10 10 10 10 10 10 10 10 10 10 10 10 10 10 10 10 10 10 10
11 30 4 9 9 10 10 10 10 10 10 10 10 10 10 10 10 10 10 10 10 10 10 10 10 10 10 10 10 10 10 10
11 31 4 9 9 10 10 10 10 10 10 10 10 10 10 10 10 10 10 10 10 10 10 10 10 10 10 10 10 10 10 10 10
11 32 4 9 9 10 10 10 10 10 10 10 10 10 10 10 10 10 10 10 10 10 10 10 10 10 10 10 10 10 10 10 10 10
11 33 4 9 9 10 10 10 10 10 10 10 10 10 10 10 10 10 10 10 10 10 10 10 10 10 10 10 10 10 10 10 10 10 10
11 34 4 9 9 10 10 10 10 10 10 10 10 10 10 10 10 10 10 10 10 10 10 10 10 10 10 10 10 10 10 10 10 10 10 10
11 35 4 9 9 10 10 10 10 10 10 10 10 10 10 10 10 10 10 10 10 10 10 10 10 10 10 10 10 10 10 10 10 10 10 10 10
11 36 4 9 9 10 10 10 10 10 10 10 10 10 10 10 10 10 10 10 10 10 10 10 10 10 10 10 10 10 10 10 10 10 10 10 10 10
11 37 4 9 9 10 10 10 10 10 10 10 10 10 10 10 10 10 10 10 10 10 10 10 10 10 10 10 10 10 10 10 10 10 10 10 10 10 10
11 38 4 9 9 10 10 10 10 10 10 10 10 10 10 10 10 10 10 10 10 10 10 10 10 10 10 10 10 10 10 10 10 10 10 10 10 10 10 10
11 39 4 9 9 10 10 10 10 10 10 10 10 10 10 10 10 10 10 10 10 10 10 10 10 10 10 10 10 10 10 10 10 10 10 10 10 10 10 10 10
11 40 4 9 9 10 10 10 10 10 10 10 10 10 10 10 10 10 10 10 10 10 10 10 10 10 10 10 10 10 10 10 10 10 10 10 10 10 10 10 10 10
11 3 5 5 5
11 4 5 5 5 10
11 5 5 5 5 10 10
11 6 5 5 5 10 10 10
11 7 5 5 5 10 10 10 10
11 8 5 5 5 10 10 10 10 10
11 9 5 5 5 10 10 10 10 10 10
11 10 5 5 5 10 10 10 10 10 10 10
11 11 5 5 5 10 10 10 10 10 10 10 10
11 12 5 5 5 10 10 10 10 10 10 10 10 10
11 13 5 5 5 10 10 10 10 10 10 10 10 10 10
11 14 5 5 5 10 10 10 10 10 10 10 10 10 10 10
11 15 5 5 5 10 10 10 10 10 10 10 10 10 10 10 10
11 16 5 5 5 10 10 10 10 10 10 10 10 10 10 10 10 10
11 17 5 5 5 10 10 10 10 10 10 10 10 10 10 10 10 10 10
11 18 5 5 5 10 10 10 10 10 10 10 10 10 10 10 10 10 10 10
11 19 5 5 5 10 10 10 10 10 10 10 10 10 10 10 10 10 10 10 10
11 20 5 5 5 10 10 10 10 10 10 10 10 10 10 10 10 10 10 10 10 10
11 21 5 5 5 10 10 10 10 10 10 10 10 10 10 10 10 10 10 10 10 10 10
11 22 5 5 5 10 10 10 10 10 10 10 10 10 10 10 10 10 10 10 10 10 10 10
11 23 5 5 5 10 10 10 10 10 10 10 10 10 10 10 10 10 10 10 10 10 10 10 10
11 24 5 5 5 10 10 10 10 10 10 10 10 10 10 10 10 10 10 10 10 10 10 10 10 10
11 25 5 5 5 10 10 10 10 10 10 10 10 10 10 10 10 10 10 10 10 10 10 10 10 10 10
11 26 5 5 5 10 10 10 10 10 10 10 10 10 10 10 10 10 10 10 10 10 10 10 10 10 10 10
11 27 5 5 5 10 10 10 10 10 10 10 10 10 10 10 10 10 10 10 10 10 10 10 10 10 10 10 10
11 28 5 5 5 10 10 10 10 10 10 10 10 10 10 10 10 10 10 10 10 10 10 10 10 10 10 10 10 10
11 29 5 5 5 10 10 10 10 10 10 10 10 10 10 10 10 10 10 10 10 10 10 10 10 10 10 10 10 10 10
11 30 5 5 5 10 10 10 10 10 10 10 10 10 10 10 10 10 10 10 10 10 10 10 10 10 10 10 10 10 10 10
11 31 5 5 5 10 10 10 10 10 10 10 10 10 10 10 10 10 10 10 10 10 10 10 10 10 10 10 10 10 10 10 10
11 32 5 5 5 10 10 10 10 10 10 10 10 10 10 10 10 10 10 10 10 10 10 10 10 10 10 10 10 10 10 10 10 10
11 33 5 5 5 10 10 10 10 10 10 10 10 10 10 10 10 10 10 10 10 10 10 10 10 10 10 10 10 10 10 10 10 10 10
11 34 5 5 5 10 10 10 10 10 10 10 10 10 10 10 10 10 10 10 10 10 10 10 10 10 10 10 10 10 10 10 10 10 10 10
11 35 5 5 5 10 10 10 10 10 10 10 10 10 10 10 10 10 10 10 10 10 10 10 10 10 10 10 10 10 10 10 10 10 10 10 10
11 36 5 5 5 10 10 10 10 10 10 10 10 10 10 10 10 10 10 10 10 10 10 10 10 10 10 10 10 10 10 10 10 10 10 10 10 10
11 37 5 5 5 10 10 10 10 10 10 10 10 10 10 10 10 10 10 10 10 10 10 10 10 10 10 10 10 10 10 10 10 10 10 10 10 10 10
11 38 5 5 5 10 10 10 10 10 10 10 10 10 10 10 10 10 10 10 10 10 10 10 10 10 10 10 10 10 10 10 10 10 10 10 10 10 10 10
11 39 5 5 5 10 10 10 10 10 10 10 10 10 10 10 10 10 10 10 10 10 10 10 10 10 10 10 10 10 10 10 10 10 10 10 10 10 10 10 10
11 40 5 5 5 10 10 10 10 10 10 10 10 10 10 10 10 10 10 10 10 10 10 10 10 10 10 10 10 10 10 10 10 10 10 10 10 10 10 10 10 10
11 3 5 5 6
11 4 5 5 6 10
11 5 5 5 6 10 10
11 6 5 5 6 10 10 10
11 7 5 5 6 10 10 10 10
11 8 5 5 6 10 10 10 10 10
11 9 5 5 6 10 10 10 10 10 10
11 10 5 5 6 10 10 10 10 10 10 10
11 11 5 5 6 10 10 10 10 10 10 10 10
11 12 5 5 6 10 10 10 10 10 10 10 10 10
11 13 5 5 6 10 10 10 10 10 10 10 10 10 10
11 14 5 5 6 10 10 10 10 10 10 10 10 10 10 10
11 15 5 5 6 10 10 10 10 10 10 10 10 10 10 10 10
11 16 5 5 6 10 10 10 10 10 10 10 10 10 10 10 10 10
11 17 5 5 6 10 10 10 10 10 10 10 10 10 10 10 10 10 10
11 18 5 5 6 10 10 10 10 10 10 10 10 10 10 10 10 10 10 10
11 19 5 5 6 10 10 10 10 10 10 10 10 10 10 10 10 10 10 10 10
11 20 5 5 6 10 10 10 10 10 10 10 10 10 10 10 10 10 10 10 10 10
11 21 5 5 6 10 10 10 10 10 10 10 10 10 10 10 10 10 10 10 10 10 10
11 22 5 5 6 10 10 10 10 10 10 10 10 10 10 10 10 10 10 10 10 10 10 10
11 23 5 5 6 10 10 10 10 10 10 10 10 10 10 10 10 10 10 10 10 10 10 10 10
11 24 5 5 6 10 10 10 10 10 10 10 10 10 10 10 10 10 10 10 10 10 10 10 10 10
11 25 5 5 6 10 10 10 10 10 10 10 10 10 10 10 10 10 10 10 10 10 10 10 10 10 10
11 26 5 5 6 10 10 10 10 10 10 10 10 10 10 10 10 10 10 10 10 10 10 10 10 10 10 10
11 27 5 5 6 10 10 10 10 10 10 10 10 10 10 10 10 10 10 10 10 10 10 10 10 10 10 10 10
11 28 5 5 6 10 10 10 10 10 10 10 10 10 10 10 10 10 10 10 10 10 10 10 10 10 10 10 10 10
11 29 5 5 6 10 10 10 10 10 10 10 10 10 10 10 10 10 10 10 10 10 10 10 10 10 10 10 10 10 10
11 30 5 5 6 10 10 10 10 10 10 10 10 10 10 10 10 10 10 10 10 10 10 10 10 10 10 10 10 10 10 10
11 31 5 5 6 10 10 10 10 10 10 10 10 10 10 10 10 10 10 10 10 10 10 10 10 10 10 10 10 10 10 10 10
11 32 5 5 6 10 10 10 10 10 10 10 10 10 10 10 10 10 10 10 10 10 10 10 10 10 10 10 10 10 10 10 10 10
11 33 5 5 6 10 10 10 10 10 10 10 10 10 10 10 10 10 10 10 10 10 10 10 10 10 10 10 10 10 10 10 10 10 10
11 34 5 5 6 10 10 10 10 10 10 10 10 10 10 10 10 10 10 10 10 10 10 10 10 10 10 10 10 10 10 10 10 10 10 10
11 35 5 5 6 10 10 10 10 10 10 10 10 10 10 10 10 10 10 10 10 10 10 10 10 10 10 10 10 10 10 10 10 10 10 10 10
11 36 5 5 6 10 10 10 10 10 10 10 10 10 10 10 10 10 10 10 10 10 10 10 10 10 10 10 10 10 10 10 10 10 10 10 10 10
11 37 5 5 6 10 10 10 10 10 10 10 10 10 10 10 10 10 10 10 10 10 10 10 10 10 10 10 10 10 10 10 10 10 10 10 10 10 10
11 38 5 5 6 10 10 10 10 10 10 10 10 10 10 10 10 10 10 10 10 10 10 10 10 10 10 10 10 10 10 10 10 10 10 10 10 10 10 10
11 39 5 5 6 10 10 10 10 10 10 10 10 10 10 10 10 10 10 10 10 10 10 10 10 10 10 10 10 10 10 10 10 10 10 10 10 10 10 10 10
11 40 5 5 6 10 10 10 10 10 10 10 10 10 10 10 10 10 10 10 10 10 10 10 10 10 10 10 10 10 10 10 10 10 10 10 10 10 10 10 10 10
11 3 5 5 7
11 4 5 5 7 10
11 5 5 5 7 10 10
11 6 5 5 7 10 10 10
11 7 5 5 7 10 10 10 10
11 8 5 5 7 10 10 10 10 10
11 9 5 5 7 10 10 10 10 10 10
11 10 5 5 7 10 10 10 10 10 10 10
11 11 5 5 7 10 10 10 10 10 10 10 10
11 12 5 5 7 10 10 10 10 10 10 10 10 10
11 13 5 5 7 10 10 10 10 10 10 10 10 10 10
11 14 5 5 7 10 10 10 10 10 10 10 10 10 10 10
11 15 5 5 7 10 10 10 10 10 10 10 10 10 10 10 10
11 16 5 5 7 10 10 10 10 10 10 10 10 10 10 10 10 10
11 17 5 5 7 10 10 10 10 10 10 10 10 10 10 10 10 10 10
11 18 5 5 7 10 10 10 10 10 10 10 10 10 10 10 10 10 10 10
11 19 5 5 7 10 10 10 10 10 10 10 10 10 10 10 10 10 10 10 10
11 20 5 5 7 10 10 10 10 10 10 10 10 10 10 10 10 10 10 10 10 10
11 21 5 5 7 10 10 10 10 10 10 10 10 10 10 10 10 10 10 10 10 10 10
11 22 5 5 7 10 10 10 10 10 10 10 10 10 10 10 10 10 10 10 10 10 10 10
11 23 5 5 7 10 10 10 10 10 10 10 10 10 10 10 10 10 10 10 10 10 10 10 10
11 24 5 5 7 10 10 10 10 10 10 10 10 10 10 10 10 10 10 10 10 10 10 10 10 10
11 25 5 5 7 10 10 10 10 10 10 10 10 10 10 10 10 10 10 10 10 10 10 10 10 10 10
11 26 5 5 7 10 10 10 10 10 10 10 10 10 10 10 10 10 10 10 10 10 10 10 10 10 10 10
11 27 5 5 7 10 10 10 10 10 10 10 10 10 10 10 10 10 10 10 10 10 10 10 10 10 10 10 10
11 28 5 5 7 10 10 10 10 10 10 10 10 10 10 10 10 10 10 10 10 10 10 10 10 10 10 10 10 10
11 29 5 5 7 10 10 10 10 10 10 10 10 10 10 10 10 10 10 10 10 10 10 10 10 10 10 10 10 10 10
11 30 5 5 7 10 10 10 10 10 10 10 10 10 10 10 10 10 10 10 10 10 10 10 10 10 10 10 10 10 10 10
11 31 5 5 7 10 10 10 10 10 10 10 10 10 10 10 10 10 10 10 10 10 10 10 10 10 10 10 10 10 10 10 10
11 32 5 5 7 10 10 10 10 10 10 10 10 10 10 10 10 10 10 10 10 10 10 10 10 10 10 10 10 10 10 10 10 10
11 33 5 5 7 10 10 10 10 10 10 10 10 10 10 10 10 10 10 10 10 10 10 10 10 10 10 10 10 10 10 10 10 10 10
11 34 5 5 7 10 10 10 10 10 10 10 10 10 10 10 10 10 10 10 10 10 10 10 10 10 10 10 10 10 10 10 10 10 10 10
11 35 5 5 7 10 10 10 10 10 10 10 10 10 10 10 10 10 10 10 10 10 10 10 10 10 10 10 10 10 10 10 10 10 10 10 10
11 36 5 5 7 10 10 10 10 10 10 10 10 10 10 10 10 10 10 10 10 10 10 10 10 10 10 10 10 10 10 10 10 10 10 10 10 10
11 37 5 5 7 10 10 10 10 10 10 10 10 10 10 10 10 10 10 10 10 10 10 10 10 10 10 10 10 10 10 10 10 10 10 10 10 10 10
11 38 5 5 7 10 10 10 10 10 10 10 10 10 10 10 10 10 10 10 10 10 10 10 10 10 10 10 10 10 10 10 10 10 10 10 10 10 10 10
11 39 5 5 7 10 10 10 10 10 10 10 10 10 10 10 10 10 10 10 10 10 10 10 10 10 10 10 10 10 10 10 10 10 10 10 10 10 10 10 10
11 40 5 5 7 10 10 10 10 10 10 10 10 10 10 10 10 10 10 10 10 10 10 10 10 10 10 10 10 10 10 10 10 10 10 10 10 10 10 10 10 10
11 3 5 5 8
11 4 5 5 8 10
11 5 5 5 8 10 10
11 6 5 5 8 10 10 10
11 7 5 5 8 10 10 10 10
11 8 5 5 8 10 10 10 10 10
11 9 5 5 8 10 10 10 10 10 10
11 10 5 5 8 10 10 10 10 10 10 10
11 11 5 5 8 10 10 10 10 10 10 10 10
11 12 5 5 8 10 10 10 10 10 10 10 10 10
11 13 5 5 8 10 10 10 10 10 10 10 10 10 10
11 14 5 5 8 10 10 10 10 10 10 10 10 10 10 10
11 15 5 5 8 10 10 10 10 10 10 10 10 10 10 10 10
11 16 5 5 8 10 10 10 10 10 10 10 10 10 10 10 10 10
11 17 5 5 8 10 10 10 10 10 10 10 10 10 10 10 10 10 10
11 18 5 5 8 10 10 10 10 10 10 10 10 10 10 10 10 10 10 10
11 19 5 5 8 10 10 10 10 10 10 10 10 10 10 10 10 10 10 10 10
11 20 5 5 8 10 10 10 10 10 10 10 10 10 10 10 10 10 10 10 10 10
11 21 5 5 8 10 10 10 10 10 10 10 10 10 10 10 10 10 10 10 10 10 10
11 22 5 5 8 10 10 10 10 10 10 10 10 10 10 10 10 10 10 10 10 10 10 10
11 23 5 5 8 10 10 10 10 10 10 10 10 10 10 10 10 10 10 10 10 10 10 10 10
11 24 5 5 8 10 10 10 10 10 10 10 10 10 10 10 10 10 10 10 10 10 10 10 10 10
11 25 5 5 8 10 10 10 10 10 10 10 10 10 10 10 10 10 10 10 10 10 10 10 10 10 10
11 26 5 5 8 10 10 10 10 10 10 10 10 10 10 10 10 10 10 10 10 10 10 10 10 10 10 10
11 27 5 5 8 10 10 10 10 10 10 10 10 10 10 10 10 10 10 10 10 10 10 10 10 10 10 10 10
11 28 5 5 8 10 10 10 10 10 10 10 10 10 10 10 10 10 10 10 10 10 10 10 10 10 10 10 10 10
11 29 5 5 8 10 10 10 10 10 10 10 10 10 10 10 10 10 10 10 10 10 10 10 10 10 10 10 10 10 10
11 30 5 5 8 10 10 10 10 10 10 10 10 10 10 10 10 10 10 10 10 10 10 10 10 10 10 10 10 10 10 10
11 31 5 5 8 10 10 10 10 10 10 10 10 10 10 10 10 10 10 10 10 10 10 10 10 10 10 10 10 10 10 10 10
11 32 5 5 8 10 10 10 10 10 10 10 10 10 10 10 10 10 10 10 10 10 10 10 10 10 10 10 10 10 10 10 10 10
11 33 5 5 8 10 10 10 10 10 10 10 10 10 10 10 10 10 10 10 10 10 10 10 10 10 10 10 10 10 10 10 10 10 10
11 34 5 5 8 10 10 10 10 10 10 10 10 10 10 10 10 10 10 10 10 10 10 10 10 10 10 10 10 10 10 10 10 10 10 10
11 35 5 5 8 10 10 10 10 10 10 10 10 10 10 10 10 10 10 10 10 10 10 10 10 10 10 10 10 10 10 10 10 10 10 10 10
11 36 5 5 8 10 10 10 10 10 10 10 10 10 10 10 10 10 10 10 10 10 10 10 10 10 10 10 10 10 10 10 10 10 10 10 10 10
11 37 5 5 8 10 10 10 10 10 10 10 10 10 10 10 10 10 10 10 10 10 10 10 10 10 10 10 10 10 10 10 10 10 10 10 10 10 10
11 38 5 5 8 10 10 10 10 10 10 10 10 10 10 10 10 10 10 10 10 10 10 10 10 10 10 10 10 10 10 10 10 10 10 10 10 10 10 10
11 39 5 5 8 10 10 10 10 10 10 10 10 10 10 10 10 10 10 10 10 10 10 10 10 10 10 10 10 10 10 10 10 10 10 10 10 10 10 10 10
11 40 5 5 8 10 10 10 10 10 10 10 10 10 10 10 10 10 10 10 10 10 10 10 10 10 10 10 10 10 10 10 10 10 10 10 10 10 10 10 10 10
11 3 5 5 9
11 4 5 5 9 10
11 5 5 5 9 10 10
11 6 5 5 9 10 10 10
11 7 5 5 9 10 10 10 10
11 8 5 5 9 10 10 10 10 10
11 9 5 5 9 10 10 10 10 10 10
11 10 5 5 9 10 10 10 10 10 10 10
11 11 5 5 9 10 10 10 10 10 10 10 10
11 12 5 5 9 10 10 10 10 10 10 10 10 10
11 13 5 5 9 10 10 10 10 10 10 10 10 10 10
11 14 5 5 9 10 10 10 10 10 10 10 10 10 10 10
11 15 5 5 9 10 10 10 10 10 10 10 10 10 10 10 10
11 16 5 5 9 10 10 10 10 10 10 10 10 10 10 10 10 10
11 17 5 5 9 10 10 10 10 10 10 10 10 10 10 10 10 10 10
11 18 5 5 9 10 10 10 10 10 10 10 10 10 10 10 10 10 10 10
11 19 5 5 9 10 10 10 10 10 10 10 10 10 10 10 10 10 10 10 10
11 20 5 5 9 10 10 10 10 10 10 10 10 10 10 10 10 10 10 10 10 10
11 21 5 5 9 10 10 10 10 10 10 10 10 10 10 10 10 10 10 10 10 10 10
11 22 5 5 9 10 10 10 10 10 10 10 10 10 10 10 10 10 10 10 10 10 10 10
11 23 5 5 9 10 10 10 10 10 10 10 10 10 10 10 10 10 10 10 10 10 10 10 10
11 24 5 5 9 10 10 10 10 10 10 10 10 10 10 10 10 10 10 10 10 10 10 10 10 10
11 25 5 5 9 10 10 10 10 10 10 10 10 10 10 10 10 10 10 10 10 10 10 10 10 10 10
11 26 5 5 9 10 10 10 10 10 10 10 10 10 10 10 10 10 10 10 10 10 10 10 10 10 10 10
11 27 5 5 9 10 10 10 10 10 10 10 10 10 10 10 10 10 10 10 10 10 10 10 10 10 10 10 10
11 28 5 5 9 10 10 10 10 10 10 10 10 10 10 10 10 10 10 10 10 10 10 10 10 10 10 10 10 10
11 29 5 5 9 10 10 10 10 10 10 10 10 10 10 10 10 10 10 10 10 10 10 10 10 10 10 10 10 10 10
11 30 5 5 9 10 10 10 10 10 10 10 10 10 10 10 10 10 10 10 10 10 10 10 10 10 10 10 10 10 10 10
11 31 5 5 9 10 10 10 10 10 10 10 10 10 10 10 10 10 10 10 10 10 10 10 10 10 10 10 10 10 10 10 10
11 32 5 5 9 10 10 10 10 10 10 10 10 10 10 10 10 10 10 10 10 10 10 10 10 10 10 10 10 10 10 10 10 10
11 33 5 5 9 10 10 10 10 10 10 10 10 10 10 10 10 10 10 10 10 10 10 10 10 10 10 10 10 10 10 10 10 10 10
11 34 5 5 9 10 10 10 10 10 10 10 10 10 10 10 10 10 10 10 10 10 10 10 10 10 10 10 10 10 10 10 10 10 10 10
11 35 5 5 9 10 10 10 10 10 10 10 10 10 10 10 10 10 10 10 10 10 10 10 10 10 10 10 10 10 10 10 10 10 10 10 10
11 36 5 5 9 10 10 10 10 10 10 10 10 10 10 10 10 10 10 10 10 10 10 10 10 10 10 10 10 10 10 10 10 10 10 10 10 10
11 37 5 5 9 10 10 10 10 10 10 10 10 10 10 10 10 10 10 10 10 10 10 10 10 10 10 10 10 10 10 10 10 10 10 10 10 10 10
11 38 5 5 9 10 10 10 10 10 10 10 10 10 10 10 10 10 10 10 10 10 10 10 10 10 10 10 10 10 10 10 10 10 10 10 10 10 10 10
11 39 5 5 9 10 10 10 10 10 10 10 10 10 10 10 10 10 10 10 10 10 10 10 10 10 10 10 10 10 10 10 10 10 10 10 10 10 10 10 10
11 40 5 5 9 10 10 10 10 10 10 10 10 10 10 10 10 10 10 10 10 10 10 10 10 10 10 10 10 10 10 10 10 10 10 10 10 10 10 10 10 10
11 3 5 6 6
11 4 5 6 6 10
11 5 5 6 6 10 10
11 6 5 6 6 10 10 10
11 7 5 6 6 10 10 10 10
11 8 5 6 6 10 10 10 10 10
11 9 5 6 6 10 10 10 10 10 10
11 10 5 6 6 10 10 10 10 10 10 10
11 11 5 6 6 10 10 10 10 10 10 10 10
11 12 5 6 6 10 10 10 10 10 10 10 10 10
11 13 5 6 6 10 10 10 10 10 10 10 10 10 10
11 14 5 6 6 10 10 10 10 10 10 10 10 10 10 10
11 15 5 6 6 10 10 10 10 10 10 10 10 10 10 10 10
11 16 5 6 6 10 10 10 10 10 10 10 10 10 10 10 10 10
11 17 5 6 6 10 10 10 10 10 10 10 10 10 10 10 10 10 10
11 18 5 6 6 10 10 10 10 10 10 10 10 10 10 10 10 10 10 10
11 19 5 6 6 10 10 10 10 10 10 10 10 10 10 10 10 10 10 10 10
11 20 5 6 6 10 10 10 10 10 10 10 10 10 10 10 10 10 10 10 10 10
11 21 5 6 6 10 10 10 10 10 10 10 10 10 10 10 10 10 10 10 10 10 10
11 22 5 6 6 10 10 10 10 10 10 10 10 10 10 10 10 10 10 10 10 10 10 10
11 23 5 6 6 10 10 10 10 10 10 10 10 10 10 10 10 10 10 10 10 10 10 10 10
11 24 5 6 6 10 10 10 10 10 10 10 10 10 10 10 10 10 10 10 10 10 10 10 10 10
11 25 5 6 6 10 10 10 10 10 10 10 10 10 10 10 10 10 10 10 10 10 10 10 10 10 10
11 26 5 6 6 10 10 10 10 10 10 10 10 10 10 10 10 10 10 10 10 10 10 10 10 10 10 10
11 27 5 6 6 10 10 10 10 10 10 10 10 10 10 10 10 10 10 10 10 10 10 10 10 10 10 10 10
11 28 5 6 6 10 10 10 10 10 10 10 10 10 10 10 10 10 10 10 10 10 10 10 10 10 10 10 10 10
11 29 5 6 6 10 10 10 10 10 10 10 10 10 10 10 10 10 10 10 10 10 10 10 10 10 10 10 10 10 10
11 30 5 6 6 10 10 10 10 10 10 10 10 10 10 10 10 10 10 10 10 10 10 10 10 10 10 10 10 10 10 10
11 31 5 6 6 10 10 10 10 10 10 10 10 10 10 10 10 10 10 10 10 10 10 10 10 10 10 10 10 10 10 10 10
11 32 5 6 6 10 10 10 10 10 10 10 10 10 10 10 10 10 10 10 10 10 10 10 10 10 10 10 10 10 10 10 10 10
11 33 5 6 6 10 10 10 10 10 10 10 10 10 10 10 10 10 10 10 10 10 10 10 10 10 10 10 10 10 10 10 10 10 10
11 34 5 6 6 10 10 10 10 10 10 10 10 10 10 10 10 10 10 10 10 10 10 10 10 10 10 10 10 10 10 10 10 10 10 10
11 35 5 6 6 10 10 10 10 10 10 10 10 10 10 10 10 10 10 10 10 10 10 10 10 10 10 10 10 10 10 10 10 10 10 10 10
11 36 5 6 6 10 10 10 10 10 10 10 10 10 10 10 10 10 10 10 10 10 10 10 10 10 10 10 10 10 10 10 10 10 10 10 10 10
11 37 5 6 6 10 10 10 10 10 10 10 10 10 10 10 10 10 10 10 10 10 10 10 10 10 10 10 10 10 10 10 10 10 10 10 10 10 10
11 38 5 6 6 10 10 10 10 10 10 10 10 10 10 10 10 10 10 10 10 10 10 10 10 10 10 10 10 10 10 10 10 10 10 10 10 10 10 10
11 39 5 6 6 10 10 10 10 10 10 10 10 10 10 10 10 10 10 10 10 10 10 10 10 10 10 10 10 10 10 10 10 10 10 10 10 10 10 10 10
11 40 5 6 6 10 10 10 10 10 10 10 10 10 10 10 10 10 10 10 10 10 10 10 10 10 10 10 10 10 10 10 10 10 10 10 10 10 10 10 10 10
11 3 5 6 7
11 4 5 6 7 10
11 5 5 6 7 10 10
11 6 5 6 7 10 10 10
11 7 5 6 7 10 10 10 10
11 8 5 6 7 10 10 10 10 10
11 9 5 6 7 10 10 10 10 10 10
11 10 5 6 7 10 10 10 10 10 10 10
11 11 5 6 7 10 10 10 10 10 10 10 10
11 12 5 6 7 10 10 10 10 10 10 10 10 10
11 13 5 6 7 10 10 10 10 10 10 10 10 10 10
11 14 5 6 7 10 10 10 10 10 10 10 10 10 10 10
11 15 5 6 7 10 10 10 10 10 10 10 10 10 10 10 10
11 16 5 6 7 10 10 10 10 10 10 10 10 10 10 10 10 10
11 17 5 6 7 10 10 10 10 10 10 10 10 10 10 10 10 10 10
11 18 5 6 7 10 10 10 10 10 10 10 10 10 10 10 10 10 10 10
11 19 5 6 7 10 10 10 10 10 10 10 10 10 10 10 10 10 10 10 10
11 20 5 6 7 10 10 10 10 10 10 10 10 10 10 10 10 10 10 10 10 10
11 21 5 6 7 10 10 10 10 10 10 10 10 10 10 10 10 10 10 10 10 10 10
11 22 5 6 7 10 10 10 10 10 10 10 10 10 10 10 10 10 10 10 10 10 10 10
11 23 5 6 7 10 10 10 10 10 10 10 10 10 10 10 10 10 10 10 10 10 10 10 10
11 24 5 6 7 10 10 10 10 10 10 10 10 10 10 10 10 10 10 10 10 10 10 10 10 10
11 25 5 6 7 10 10 10 10 10 10 10 10 10 10 10 10 10 10 10 10 10 10 10 10 10 10
11 26 5 6 7 10 10 10 10 10 10 10 10 10 10 10 10 10 10 10 10 10 10 10 10 10 10 10
11 27 5 6 7 10 10 10 10 10 10 10 10 10 10 10 10 10 10 10 10 10 10 10 10 10 10 10 10
11 28 5 6 7 10 10 10 10 10 10 10 10 10 10 10 10 10 10 10 10 10 10 10 10 10 10 10 10 10
11 29 5 6 7 10 10 10 10 10 10 10 10 10 10 10 10 10 10 10 10 10 10 10 10 10 10 10 10 10 10
11 30 5 6 7 10 10 10 10 10 10 10 10 10 10 10 10 10 10 10 10 10 10 10 10 10 10 10 10 10 10 10
11 31 5 6 7 10 10 10 10 10 10 10 10 10 10 10 10 10 10 10 10 10 10 10 10 10 10 10 10 10 10 10 10
11 32 5 6 7 10 10 10 10 10 10 10 10 10 10 10 10 10 10 10 10 10 10 10 10 10 10 10 10 10 10 10 10 10
11 33 5 6 7 10 10 10 10 10 10 10 10 10 10 10 10 10 10 10 10 10 10 10 10 10 10 10 10 10 10 10 10 10 10
11 34 5 6 7 10 10 10 10 10 10 10 10 10 10 10 10 10 10 10 10 10 10 10 10 10 10 10 10 10 10 10 10 10 10 10
11 35 5 6 7 10 10 10 10 10 10 10 10 10 10 10 10 10 10 10 10 10 10 10 10 10 10 10 10 10 10 10 10 10 10 10 10
11 36 5 6 7 10 10 10 10 10 10 10 10 10 10 10 10 10 10 10 10 10 10 10 10 10 10 10 10 10 10 10 10 10 10 10 10 10
11 37 5 6 7 10 10 10 10 10 10 10 10 10 10 10 10 10 10 10 10 10 10 10 10 10 10 10 10 10 10 10 10 10 10 10 10 10 10
11 38 5 6 7 10 10 10 10 10 10 10 10 10 10 10 10 10 10 10 10 10 10 10 10 10 10 10 10 10 10 10 10 10 10 10 10 10 10 10
11 39 5 6 7 10 10 10 10 10 10 10 10 10 10 10 10 10 10 10 10 10 10 10 10 10 10 10 10 10 10 10 10 10 10 10 10 10 10 10 10
11 40 5 6 7 10 10 10 10 10 10 10 10 10 10 10 10 10 10 10 10 10 10 10 10 10 10 10 10 10 10 10 10 10 10 10 10 10 10 10 10 10
11 3 5 6 8
11 4 5 6 8 10
11 5 5 6 8 10 10
11 6 5 6 8 10 10 10
11 7 5 6 8 10 10 10 10
11 8 5 6 8 10 10 10 10 10
11 9 5 6 8 10 10 10 10 10 10
11 10 5 6 8 10 10 10 10 10 10 10
11 11 5 6 8 10 10 10 10 10 10 10 10
11 12 5 6 8 10 10 10 10 10 10 10 10 10
11 13 5 6 8 10 10 10 10 10 10 10 10 10 10
11 14 5 6 8 10 10 10 10 10 10 10 10 10 10 10
11 15 5 6 8 10 10 10 10 10 10 10 10 10 10 10 10
11 16 5 6 8 10 10 10 10 10 10 10 10 10 10 10 10 10
11 17 5 6 8 10 10 10 10 10 10 10 10 10 10 10 10 10 10
11 18 5 6 8 10 10 10 10 10 10 10 10 10 10 10 10 10 10 10
11 19 5 6 8 10 10 10 10 10 10 10 10 10 10 10 10 10 10 10 10
11 20 5 6 8 10 10 10 10 10 10 10 10 10 10 10 10 10 10 10 10 10
11 21 5 6 8 10 10 10 10 10 10 10 10 10 10 10 10 10 10 10 10 10 10
11 22 5 6 8 10 10 10 10 10 10 10 10 10 10 10 10 10 10 10 10 10 10 10
11 23 5 6 8 10 10 10 10 10 10 10 10 10 10 10 10 10 10 10 10 10 10 10 10
11 24 5 6 8 10 10 10 10 10 10 10 10 10 10 10 10 10 10 10 10 10 10 10 10 10
11 25 5 6 8 10 10 10 10 10 10 10 10 10 10 10 10 10 10 10 10 10 10 10 10 10 10
11 26 5 6 8 10 10 10 10 10 10 10 10 10 10 10 10 10 10 10 10 10 10 10 10 10 10 10
11 27 5 6 8 10 10 10 10 10 10 10 10 10 10 10 10 10 10 10 10 10 10 10 10 10 10 10 10
11 28 5 6 8 10 10 10 10 10 10 10 10 10 10 10 10 10 10 10 10 10 10 10 10 10 10 10 10 10
11 29 5 6 8 10 10 10 10 10 10 10 10 10 10 10 10 10 10 10 10 10 10 10 10 10 10 10 10 10 10
11 30 5 6 8 10 10 10 10 10 10 10 10 10 10 10 10 10 10 10 10 10 10 10 10 10 10 10 10 10 10 10
11 31 5 6 8 10 10 10 10 10 10 10 10 10 10 10 10 10 10 10 10 10 10 10 10 10 10 10 10 10 10 10 10
11 32 5 6 8 10 10 10 10 10 10 10 10 10 10 10 10 10 10 10 10 10 10 10 10 10 10 10 10 10 10 10 10 10
11 33 5 6 8 10 10 10 10 10 10 10 10 10 10 10 10 10 10 10 10 10 10 10 10 10 10 10 10 10 10 10 10 10 10
11 34 5 6 8 10 10 10 10 10 10 10 10 10 10 10 10 10 10 10 10 10 10 10 10 10 10 10 10 10 10 10 10 10 10 10
11 35 5 6 8 10 10 10 10 10 10 10 10 10 10 10 10 10 10 10 10 10 10 10 10 10 10 10 10 10 10 10 10 10 10 10 10
11 36 5 6 8 10 10 10 10 10 10 10 10 10 10 10 10 10 10 10 10 10 10 10 10 10 10 10 10 10 10 10 10 10 10 10 10 10
11 37 5 6 8 10 10 10 10 10 10 10 10 10 10 10 10 10 10 10 10 10 10 10 10 10 10 10 10 10 10 10 10 10 10 10 10 10 10
11 38 5 6 8 10 10 10 10 10 10 10 10 10 10 10 10 10 10 10 10 10 10 10 10 10 10 10 10 10 10 10 10 10 10 10 10 10 10 10
11 39 5 6 8 10 10 10 10 10 10 10 10 10 10 10 10 10 10 10 10 10 10 10 10 10 10 10 10 10 10 10 10 10 10 10 10 10 10 10 10
11 40 5 6 8 10 10 10 10 10 10 10 10 10 10 10 10 10 10 10 10 10 10 10 10 10 10 10 10 10 10 10 10 10 10 10 10 10 10 10 10 10
11 3 5 6 9
11 4 5 6 9 10
11 5 5 6 9 10 10
11 6 5 6 9 10 10 10
11 7 5 6 9 10 10 10 10
11 8 5 6 9 10 10 10 10 10
11 9 5 6 9 10 10 10 10 10 10
11 10 5 6 9 10 10 10 10 10 10 10
11 11 5 6 9 10 10 10 10 10 10 10 10
11 12 5 6 9 10 10 10 10 10 10 10 10 10
11 13 5 6 9 10 10 10 10 10 10 10 10 10 10
11 14 5 6 9 10 10 10 10 10 10 10 10 10 10 10
11 15 5 6 9 10 10 10 10 10 10 10 10 10 10 10 10
11 16 5 6 9 10 10 10 10 10 10 10 10 10 10 10 10 10
11 17 5 6 9 10 10 10 10 10 10 10 10 10 10 10 10 10 10
11 18 5 6 9 10 10 10 10 10 10 10 10 10 10 10 10 10 10 10
11 19 5 6 9 10 10 10 10 10 10 10 10 10 10 10 10 10 10 10 10
11 20 5 6 9 10 10 10 10 10 10 10 10 10 10 10 10 10 10 10 10 10
11 21 5 6 9 10 10 10 10 10 10 10 10 10 10 10 10 10 10 10 10 10 10
11 22 5 6 9 10 10 10 10 10 10 10 10 10 10 10 10 10 10 10 10 10 10 10
11 23 5 6 9 10 10 10 10 10 10 10 10 10 10 10 10 10 10 10 10 10 10 10 10
11 24 5 6 9 10 10 10 10 10 10 10 10 10 10 10 10 10 10 10 10 10 10 10 10 10
11 25 5 6 9 10 10 10 10 10 10 10 10 10 10 10 10 10 10 10 10 10 10 10 10 10 10
11 26 5 6 9 10 10 10 10 10 10 10 10 10 10 10 10 10 10 10 10 10 10 10 10 10 10 10
11 27 5 6 9 10 10 10 10 10 10 10 10 10 10 10 10 10 10 10 10 10 10 10 10 10 10 10 10
11 28 5 6 9 10 10 10 10 10 10 10 10 10 10 10 10 10 10 10 10 10 10 10 10 10 10 10 10 10
11 29 5 6 9 10 10 10 10 10 10 10 10 10 10 10 10 10 10 10 10 10 10 10 10 10 10 10 10 10 10
11 30 5 6 9 10 10 10 10 10 10 10 10 10 10 10 10 10 10 10 10 10 10 10 10 10 10 10 10 10 10 10
11 31 5 6 9 10 10 10 10 10 10 10 10 10 10 10 10 10 10 10 10 10 10 10 10 10 10 10 10 10 10 10 10
11 32 5 6 9 10 10 10 10 10 10 10 10 10 10 10 10 10 10 10 10 10 10 10 10 10 10 10 10 10 10 10 10 10
11 33 5 6 9 10 10 10 10 10 10 10 10 10 10 10 10 10 10 10 10 10 10 10 10 10 10 10 10 10 10 10 10 10 10
11 34 5 6 9 10 10 10 10 10 10 10 10 10 10 10 10 10 10 10 10 10 10 10 10 10 10 10 10 10 10 10 10 10 10 10
11 35 5 6 9 10 10 10 10 10 10 10 10 10 10 10 10 10 10 10 10 10 10 10 10 10 10 10 10 10 10 10 10 10 10 10 10
11 36 5 6 9 10 10 10 10 10 10 10 10 10 10 10 10 10 10 10 10 10 10 10 10 10 10 10 10 10 10 10 10 10 10 10 10 10
11 37 5 6 9 10 10 10 10 10 10 10 10 10 10 10 10 10 10 10 10 10 10 10 10 10 10 10 10 10 10 10 10 10 10 10 10 10 10
11 38 5 6 9 10 10 10 10 10 10 10 10 10 10 10 10 10 10 10 10 10 10 10 10 10 10 10 10 10 10 10 10 10 10 10 10 10 10 10
11 39 5 6 9 10 10 10 10 10 10 10 10 10 10 10 10 10 10 10 10 10 10 10 10 10 10 10 10 10 10 10 10 10 10 10 10 10 10 10 10
11 40 5 6 9 10 10 10 10 10 10 10 10 10 10 10 10 10 10 10 10 10 10 10 10 10 10 10 10 10 10 10 10 10 10 10 10 10 10 10 10 10
11 3 5 7 7
11 4 5 7 7 10
11 5 5 7 7 10 10
11 6 5 7 7 10 10 10
11 7 5 7 7 10 10 10 10
11 8 5 7 7 10 10 10 10 10
11 9 5 7 7 10 10 10 10 10 10
11 10 5 7 7 10 10 10 10 10 10 10
11 11 5 7 7 10 10 10 10 10 10 10 10
11 12 5 7 7 10 10 10 10 10 10 10 10 10
11 13 5 7 7 10 10 10 10 10 10 10 10 10 10
11 14 5 7 7 10 10 10 10 10 10 10 10 10 10 10
11 15 5 7 7 10 10 10 10 10 10 10 10 10 10 10 10
11 16 5 7 7 10 10 10 10 10 10 10 10 10 10 10 10 10
11 17 5 7 7 10 10 10 10 10 10 10 10 10 10 10 10 10 10
11 18 5 7 7 10 10 10 10 10 10 10 10 10 10 10 10 10 10 10
11 19 5 7 7 10 10 10 10 10 10 10 10 10 10 10 10 10 10 10 10
11 20 5 7 7 10 10 10 10 10 10 10 10 10 10 10 10 10 10 10 10 10
11 21 5 7 7 10 10 10 10 10 10 10 10 10 10 10 10 10 10 10 10 10 10
11 22 5 7 7 10 10 10 10 10 10 10 10 10 10 10 10 10 10 10 10 10 10 10
11 23 5 7 7 10 10 10 10 10 10 10 10 10 10 10 10 10 10 10 10 10 10 10 10
11 24 5 7 7 10 10 10 10 10 10 10 10 10 10 10 10 10 10 10 10 10 10 10 10 10
11 25 5 7 7 10 10 10 10 10 10 10 10 10 10 10 10 10 10 10 10 10 10 10 10 10 10
11 26 5 7 7 10 10 10 10 10 10 10 10 10 10 10 10 10 10 10 10 10 10 10 10 10 10 10
11 27 5 7 7 10 10 10 10 10 10 10 10 10 10 10 10 10 10 10 10 10 10 10 10 10 10 10 10
11 28 5 7 7 10 10 10 10 10 10 10 10 10 10 10 10 10 10 10 10 10 10 10 10 10 10 10 10 10
11 29 5 7 7 10 10 10 10 10 10 10 10 10 10 10 10 10 10 10 10 10 10 10 10 10 10 10 10 10 10
11 30 5 7 7 10 10 10 10 10 10 10 10 10 10 10 10 10 10 10 10 10 10 10 10 10 10 10 10 10 10 10
11 31 5 7 7 10 10 10 10 10 10 10 10 10 10 10 10 10 10 10 10 10 10 10 10 10 10 10 10 10 10 10 10
11 32 5 7 7 10 10 10 10 10 10 10 10 10 10 10 10 10 10 10 10 10 10 10 10 10 10 10 10 10 10 10 10 10
11 33 5 7 7 10 10 10 10 10 10 10 10 10 10 10 10 10 10 10 10 10 10 10 10 10 10 10 10 10 10 10 10 10 10
11 34 5 7 7 10 10 10 10 10 10 10 10 10 10 10 10 10 10 10 10 10 10 10 10 10 10 10 10 10 10 10 10 10 10 10
11 35 5 7 7 10 10 10 10 10 10 10 10 10 10 10 10 10 10 10 10 10 10 10 10 10 10 10 10 10 10 10 10 10 10 10 10
11 36 5 7 7 10 10 10 10 10 10 10 10 10 10 10 10 10 10 10 10 10 10 10 10 10 10 10 10 10 10 10 10 10 10 10 10 10
11 37 5 7 7 10 10 10 10 10 10 10 10 10 10 10 10 10 10 10 10 10 10 10 10 10 10 10 10 10 10 10 10 10 10 10 10 10 10
11 38 5 7 7 10 10 10 10 10 10 10 10 10 10 10 10 10 10 10 10 10 10 10 10 10 10 10 10 10 10 10 10 10 10 10 10 10 10 10
11 39 5 7 7 10 10 10 10 10 10 10 10 10 10 10 10 10 10 10 10 10 10 10 10 10 10 10 10 10 10 10 10 10 10 10 10 10 10 10 10
11 40 5 7 7 10 10 10 10 10 10 10 10 10 10 10 10 10 10 10 10 10 10 10 10 10 10 10 10 10 10 10 10 10 10 10 10 10 10 10 10 10
11 3 5 7 8
11 4 5 7 8 10
11 5 5 7 8 10 10
11 6 5 7 8 10 10 10
11 7 5 7 8 10 10 10 10
11 8 5 7 8 10 10 10 10 10
11 9 5 7 8 10 10 10 10 10 10
11 10 5 7 8 10 10 10 10 10 10 10
11 11 5 7 8 10 10 10 10 10 10 10 10
11 12 5 7 8 10 10 10 10 10 10 10 10 10
11 13 5 7 8 10 10 10 10 10 10 10 10 10 10
11 14 5 7 8 10 10 10 10 10 10 10 10 10 10 10
11 15 5 7 8 10 10 10 10 10 10 10 10 10 10 10 10
11 16 5 7 8 10 10 10 10 10 10 10 10 10 10 10 10 10
11 17 5 7 8 10 10 10 10 10 10 10 10 10 10 10 10 10 10
11 18 5 7 8 10 10 10 10 10 10 10 10 10 10 10 10 10 10 10
11 19 5 7 8 10 10 10 10 10 10 10 10 10 10 10 10 10 10 10 10
11 20 5 7 8 10 10 10 10 10 10 10 10 10 10 10 10 10 10 10 10 10
11 21 5 7 8 10 10 10 10 10 10 10 10 10 10 10 10 10 10 10 10 10 10
11 22 5 7 8 10 10 10 10 10 10 10 10 10 10 10 10 10 10 10 10 10 10 10
11 23 5 7 8 10 10 10 10 10 10 10 10 10 10 10 10 10 10 10 10 10 10 10 10
11 24 5 7 8 10 10 10 10 10 10 10 10 10 10 10 10 10 10 10 10 10 10 10 10 10
11 25 5 7 8 10 10 10 10 10 10 10 10 10 10 10 10 10 10 10 10 10 10 10 10 10 10
11 26 5 7 8 10 10 10 10 10 10 10 10 10 10 10 10 10 10 10 10 10 10 10 10 10 10 10
11 27 5 7 8 10 10 10 10 10 10 10 10 10 10 10 10 10 10 10 10 10 10 10 10 10 10 10 10
11 28 5 7 8 10 10 10 10 10 10 10 10 10 10 10 10 10 10 10 10 10 10 10 10 10 10 10 10 10
11 29 5 7 8 10 10 10 10 10 10 10 10 10 10 10 10 10 10 10 10 10 10 10 10 10 10 10 10 10 10
11 30 5 7 8 10 10 10 10 10 10 10 10 10 10 10 10 10 10 10 10 10 10 10 10 10 10 10 10 10 10 10
11 31 5 7 8 10 10 10 10 10 10 10 10 10 10 10 10 10 10 10 10 10 10 10 10 10 10 10 10 10 10 10 10
11 32 5 7 8 10 10 10 10 10 10 10 10 10 10 10 10 10 10 10 10 10 10 10 10 10 10 10 10 10 10 10 10 10
11 33 5 7 8 10 10 10 10 10 10 10 10 10 10 10 10 10 10 10 10 10 10 10 10 10 10 10 10 10 10 10 10 10 10
11 34 5 7 8 10 10 10 10 10 10 10 10 10 10 10 10 10 10 10 10 10 10 10 10 10 10 10 10 10 10 10 10 10 10 10
11 35 5 7 8 10 10 10 10 10 10 10 10 10 10 10 10 10 10 10 10 10 10 10 10 10 10 10 10 10 10 10 10 10 10 10 10
11 36 5 7 8 10 10 10 10 10 10 10 10 10 10 10 10 10 10 10 10 10 10 10 10 10 10 10 10 10 10 10 10 10 10 10 10 10
11 37 5 7 8 10 10 10 10 10 10 10 10 10 10 10 10 10 10 10 10 10 10 10 10 10 10 10 10 10 10 10 10 10 10 10 10 10 10
11 38 5 7 8 10 10 10 10 10 10 10 10 10 10 10 10 10 10 10 10 10 10 10 10 10 10 10 10 10 10 10 10 10 10 10 10 10 10 10
11 39 5 7 8 10 10 10 10 10 10 10 10 10 10 10 10 10 10 10 10 10 10 10 10 10 10 10 10 10 10 10 10 10 10 10 10 10 10 10 10
11 40 5 7 8 10 10 10 10 10 10 10 10 10 10 10 10 10 10 10 10 10 10 10 10 10 10 10 10 10 10 10 10 10 10 10 10 10 10 10 10 10
11 3 5 7 9
11 4 5 7 9 10
11 5 5 7 9 10 10
11 6 5 7 9 10 10 10
11 7 5 7 9 10 10 10 10
11 8 5 7 9 10 10 10 10 10
11 9 5 7 9 10 10 10 10 10 10
11 10 5 7 9 10 10 10 10 10 10 10
11 11 5 7 9 10 10 10 10 10 10 10 10
11 12 5 7 9 10 10 10 10 10 10 10 10 10
11 13 5 7 9 10 10 10 10 10 10 10 10 10 10
11 14 5 7 9 10 10 10 10 10 10 10 10 10 10 10
11 15 5 7 9 10 10 10 10 10 10 10 10 10 10 10 10
11 16 5 7 9 10 10 10 10 10 10 10 10 10 10 10 10 10
11 17 5 7 9 10 10 10 10 10 10 10 10 10 10 10 10 10 10
11 18 5 7 9 10 10 10 10 10 10 10 10 10 10 10 10 10 10 10
11 19 5 7 9 10 10 10 10 10 10 10 10 10 10 10 10 10 10 10 10
11 20 5 7 9 10 10 10 10 10 10 10 10 10 10 10 10 10 10 10 10 10
11 21 5 7 9 10 10 10 10 10 10 10 10 10 10 10 10 10 10 10 10 10 10
11 22 5 7 9 10 10 10 10 10 10 10 10 10 10 10 10 10 10 10 10 10 10 10
11 23 5 7 9 10 10 10 10 10 10 10 10 10 10 10 10 10 10 10 10 10 10 10 10
11 24 5 7 9 10 10 10 10 10 10 10 10 10 10 10 10 10 10 10 10 10 10 10 10 10
11 25 5 7 9 10 10 10 10 10 10 10 10 10 10 10 10 10 10 10 10 10 10 10 10 10 10
11 26 5 7 9 10 10 10 10 10 10 10 10 10 10 10 10 10 10 10 10 10 10 10 10 10 10 10
11 27 5 7 9 10 10 10 10 10 10 10 10 10 10 10 10 10 10 10 10 10 10 10 10 10 10 10 10
11 28 5 7 9 10 10 10 10 10 10 10 10 10 10 10 10 10 10 10 10 10 10 10 10 10 10 10 10 10
11 29 5 7 9 10 10 10 10 10 10 10 10 10 10 10 10 10 10 10 10 10 10 10 10 10 10 10 10 10 10
11 30 5 7 9 10 10 10 10 10 10 10 10 10 10 10 10 10 10 10 10 10 10 10 10 10 10 10 10 10 10 10
11 31 5 7 9 10 10 10 10 10 10 10 10 10 10 10 10 10 10 10 10 10 10 10 10 10 10 10 10 10 10 10 10
11 32 5 7 9 10 10 10 10 10 10 10 10 10 10 10 10 10 10 10 10 10 10 10 10 10 10 10 10 10 10 10 10 10
11 33 5 7 9 10 10 10 10 10 10 10 10 10 10 10 10 10 10 10 10 10 10 10 10 10 10 10 10 10 10 10 10 10 10
11 34 5 7 9 10 10 10 10 10 10 10 10 10 10 10 10 10 10 10 10 10 10 10 10 10 10 10 10 10 10 10 10 10 10 10
11 35 5 7 9 10 10 10 10 10 10 10 10 10 10 10 10 10 10 10 10 10 10 10 10 10 10 10 10 10 10 10 10 10 10 10 10
11 36 5 7 9 10 10 10 10 10 10 10 10 10 10 10 10 10 10 10 10 10 10 10 10 10 10 10 10 10 10 10 10 10 10 10 10 10
11 37 5 7 9 10 10 10 10 10 10 10 10 10 10 10 10 10 10 10 10 10 10 10 10 10 10 10 10 10 10 10 10 10 10 10 10 10 10
11 38 5 7 9 10 10 10 10 10 10 10 10 10 10 10 10 10 10 10 10 10 10 10 10 10 10 10 10 10 10 10 10 10 10 10 10 10 10 10
11 39 5 7 9 10 10 10 10 10 10 10 10 10 10 10 10 10 10 10 10 10 10 10 10 10 10 10 10 10 10 10 10 10 10 10 10 10 10 10 10
11 40 5 7 9 10 10 10 10 10 10 10 10 10 10 10 10 10 10 10 10 10 10 10 10 10 10 10 10 10 10 10 10 10 10 10 10 10 10 10 10 10
11 3 5 8 8
11 4 5 8 8 10
11 5 5 8 8 10 10
11 6 5 8 8 10 10 10
11 7 5 8 8 10 10 10 10
11 8 5 8 8 10 10 10 10 10
11 9 5 8 8 10 10 10 10 10 10
11 10 5 8 8 10 10 10 10 10 10 10
11 11 5 8 8 10 10 10 10 10 10 10 10
11 12 5 8 8 10 10 10 10 10 10 10 10 10
11 13 5 8 8 10 10 10 10 10 10 10 10 10 10
11 14 5 8 8 10 10 10 10 10 10 10 10 10 10 10
11 15 5 8 8 10 10 10 10 10 10 10 10 10 10 10 10
11 16 5 8 8 10 10 10 10 10 10 10 10 10 10 10 10 10
11 17 5 8 8 10 10 10 10 10 10 10 10 10 10 10 10 10 10
11 18 5 8 8 10 10 10 10 10 10 10 10 10 10 10 10 10 10 10
11 19 5 8 8 10 10 10 10 10 10 10 10 10 10 10 10 10 10 10 10
11 20 5 8 8 10 10 10 10 10 10 10 10 10 10 10 10 10 10 10 10 10
11 21 5 8 8 10 10 10 10 10 10 10 10 10 10 10 10 10 10 10 10 10 10
11 22 5 8 8 10 10 10 10 10 10 10 10 10 10 10 10 10 10 10 10 10 10 10
11 23 5 8 8 10 10 10 10 10 10 10 10 10 10 10 10 10 10 10 10 10 10 10 10
11 24 5 8 8 10 10 10 10 10 10 10 10 10 10 10 10 10 10 10 10 10 10 10 10 10
11 25 5 8 8 10 10 10 10 10 10 10 10 10 10 10 10 10 10 10 10 10 10 10 10 10 10
11 26 5 8 8 10 10 10 10 10 10 10 10 10 10 10 10 10 10 10 10 10 10 10 10 10 10 10
11 27 5 8 8 10 10 10 10 10 10 10 10 10 10 10 10 10 10 10 10 10 10 10 10 10 10 10 10
11 28 5 8 8 10 10 10 10 10 10 10 10 10 10 10 10 10 10 10 10 10 10 10 10 10 10 10 10 10
11 29 5 8 8 10 10 10 10 10 10 10 10 10 10 10 10 10 10 10 10 10 10 10 10 10 10 10 10 10 10
11 30 5 8 8 10 10 10 10 10 10 10 10 10 10 10 10 10 10 10 10 10 10 10 10 10 10 10 10 10 10 10
11 31 5 8 8 10 10 10 10 10 10 10 10 10 10 10 10 10 10 10 10 10 10 10 10 10 10 10 10 10 10 10 10
11 32 5 8 8 10 10 10 10 10 10 10 10 10 10 10 10 10 10 10 10 10 10 10 10 10 10 10 10 10 10 10 10 10
11 33 5 8 8 10 10 10 10 10 10 10 10 10 10 10 10 10 10 10 10 10 10 10 10 10 10 10 10 10 10 10 10 10 10
11 34 5 8 8 10 10 10 10 10 10 10 10 10 10 10 10 10 10 10 10 10 10 10 10 10 10 10 10 10 10 10 10 10 10 10
11 35 5 8 8 10 10 10 10 10 10 10 10 10 10 10 10 10 10 10 10 10 10 10 10 10 10 10 10 10 10 10 10 10 10 10 10
11 36 5 8 8 10 10 10 10 10 10 10 10 10 10 10 10 10 10 10 10 10 10 10 10 10 10 10 10 10 10 10 10 10 10 10 10 10
11 37 5 8 8 10 10 10 10 10 10 10 10 10 10 10 10 10 10 10 10 10 10 10 10 10 10 10 10 10 10 10 10 10 10 10 10 10 10
11 38 5 8 8 10 10 10 10 10 10 10 10 10 10 10 10 10 10 10 10 10 10 10 10 10 10 10 10 10 10 10 10 10 10 10 10 10 10 10
11 39 5 8 8 10 10 10 10 10 10 10 10 10 10 10 10 10 10 10 10 10 10 10 10 10 10 10 10 10 10 10 10 10 10 10 10 10 10 10 10
11 40 5 8 8 10 10 10 10 10 10 10 10 10 10 10 10 10 10 10 10 10 10 10 10 10 10 10 10 10 10 10 10 10 10 10 10 10 10 10 10 10
11 3 5 8 9
11 4 5 8 9 10
11 5 5 8 9 10 10
11 6 5 8 9 10 10 10
11 7 5 8 9 10 10 10 10
11 8 5 8 9 10 10 10 10 10
11 9 5 8 9 10 10 10 10 10 10
11 10 5 8 9 10 10 10 10 10 10 10
11 11 5 8 9 10 10 10 10 10 10 10 10
11 12 5 8 9 10 10 10 10 10 10 10 10 10
11 13 5 8 9 10 10 10 10 10 10 10 10 10 10
11 14 5 8 9 10 10 10 10 10 10 10 10 10 10 10
11 15 5 8 9 10 10 10 10 10 10 10 10 10 10 10 10
11 16 5 8 9 10 10 10 10 10 10 10 10 10 10 10 10 10
11 17 5 8 9 10 10 10 10 10 10 10 10 10 10 10 10 10 10
11 18 5 8 9 10 10 10 10 10 10 10 10 10 10 10 10 10 10 10
11 19 5 8 9 10 10 10 10 10 10 10 10 10 10 10 10 10 10 10 10
11 20 5 8 9 10 10 10 10 10 10 10 10 10 10 10 10 10 10 10 10 10
11 21 5 8 9 10 10 10 10 10 10 10 10 10 10 10 10 10 10 10 10 10 10
11 22 5 8 9 10 10 10 10 10 10 10 10 10 10 10 10 10 10 10 10 10 10 10
11 23 5 8 9 10 10 10 10 10 10 10 10 10 10 10 10 10 10 10 10 10 10 10 10
11 24 5 8 9 10 10 10 10 10 10 10 10 10 10 10 10 10 10 10 10 10 10 10 10 10
11 25 5 8 9 10 10 10 10 10 10 10 10 10 10 10 10 10 10 10 10 10 10 10 10 10 10
11 26 5 8 9 10 10 10 10 10 10 10 10 10 10 10 10 10 10 10 10 10 10 10 10 10 10 10
11 27 5 8 9 10 10 10 10 10 10 10 10 10 10 10 10 10 10 10 10 10 10 10 10 10 10 10 10
11 28 5 8 9 10 10 10 10 10 10 10 10 10 10 10 10 10 10 10 10 10 10 10 10 10 10 10 10 10
11 29 5 8 9 10 10 10 10 10 10 10 10 10 10 10 10 10 10 10 10 10 10 10 10 10 10 10 10 10 10
11 30 5 8 9 10 10 10 10 10 10 10 10 10 10 10 10 10 10 10 10 10 10 10 10 10 10 10 10 10 10 10
11 31 5 8 9 10 10 10 10 10 10 10 10 10 10 10 10 10 10 10 10 10 10 10 10 10 10 10 10 10 10 10 10
11 32 5 8 9 10 10 10 10 10 10 10 10 10 10 10 10 10 10 10 10 10 10 10 10 10 10 10 10 10 10 10 10 10
11 33 5 8 9 10 10 10 10 10 10 10 10 10 10 10 10 10 10 10 10 10 10 10 10 10 10 10 10 10 10 10 10 10 10
11 34 5 8 9 10 10 10 10 10 10 10 10 10 10 10 10 10 10 10 10 10 10 10 10 10 10 10 10 10 10 10 10 10 10 10
11 35 5 8 9 10 10 10 10 10 10 10 10 10 10 10 10 10 10 10 10 10 10 10 10 10 10 10 10 10 10 10 10 10 10 10 10
11 36 5 8 9 10 10 10 10 10 10 10 10 10 10 10 10 10 10 10 10 10 10 10 10 10 10 10 10 10 10 10 10 10 10 10 10 10
11 37 5 8 9 10 10 10 10 10 10 10 10 10 10 10 10 10 10 10 10 10 10 10 10 10 10 10 10 10 10 10 10 10 10 10 10 10 10
11 38 5 8 9 10 10 10 10 10 10 10 10 10 10 10 10 10 10 10 10 10 10 10 10 10 10 10 10 10 10 10 10 10 10 10 10 10 10 10
11 39 5 8 9 10 10 10 10 10 10 10 10 10 10 10 10 10 10 10 10 10 10 10 10 10 10 10 10 10 10 10 10 10 10 10 10 10 10 10 10
11 40 5 8 9 10 10 10 10 10 10 10 10 10 10 10 10 10 10 10 10 10 10 10 10 10 10 10 10 10 10 10 10 10 10 10 10 10 10 10 10 10
11 3 5 9 9
11 4 5 9 9 10
11 5 5 9 9 10 10
11 6 5 9 9 10 10 10
11 7 5 9 9 10 10 10 10
11 8 5 9 9 10 10 10 10 10
11 9 5 9 9 10 10 10 10 10 10
11 10 5 9 9 10 10 10 10 10 10 10
11 11 5 9 9 10 10 10 10 10 10 10 10
11 12 5 9 9 10 10 10 10 10 10 10 10 10
11 13 5 9 9 10 10 10 10 10 10 10 10 10 10
11 14 5 9 9 10 10 10 10 10 10 10 10 10 10 10
11 15 5 9 9 10 10 10 10 10 10 10 10 10 10 10 10
11 16 5 9 9 10 10 10 10 10 10 10 10 10 10 10 10 10
11 17 5 9 9 10 10 10 10 10 10 10 10 10 10 10 10 10 10
11 18 5 9 9 10 10 10 10 10 10 10 10 10 10 10 10 10 10 10
11 19 5 9 9 10 10 10 10 10 10 10 10 10 10 10 10 10 10 10 10
11 20 5 9 9 10 10 10 10 10 10 10 10 10 10 10 10 10 10 10 10 10
11 21 5 9 9 10 10 10 10 10 10 10 10 10 10 10 10 10 10 10 10 10 10
11 22 5 9 9 10 10 10 10 10 10 10 10 10 10 10 10 10 10 10 10 10 10 10
11 23 5 9 9 10 10 10 10 10 10 10 10 10 10 10 10 10 10 10 10 10 10 10 10
11 24 5 9 9 10 10 10 10 10 10 10 10 10 10 10 10 10 10 10 10 10 10 10 10 10
11 25 5 9 9 10 10 10 10 10 10 10 10 10 10 10 10 10 10 10 10 10 10 10 10 10 10
11 26 5 9 9 10 10 10 10 10 10 10 10 10 10 10 10 10 10 10 10 10 10 10 10 10 10 10
11 27 5 9 9 10 10 10 10 10 10 10 10 10 10 10 10 10 10 10 10 10 10 10 10 10 10 10 10
11 28 5 9 9 10 10 10 10 10 10 10 10 10 10 10 10 10 10 10 10 10 10 10 10 10 10 10 10 10
11 29 5 9 9 10 10 10 10 10 10 10 10 10 10 10 10 10 10 10 10 10 10 10 10 10 10 10 10 10 10
11 30 5 9 9 10 10 10 10 10 10 10 10 10 10 10 10 10 10 10 10 10 10 10 10 10 10 10 10 10 10 10
11 31 5 9 9 10 10 10 10 10 10 10 10 10 10 10 10 10 10 10 10 10 10 10 10 10 10 10 10 10 10 10 10
11 32 5 9 9 10 10 10 10 10 10 10 10 10 10 10 10 10 10 10 10 10 10 10 10 10 10 10 10 10 10 10 10 10
11 33 5 9 9 10 10 10 10 10 10 10 10 10 10 10 10 10 10 10 10 10 10 10 10 10 10 10 10 10 10 10 10 10 10
11 34 5 9 9 10 10 10 10 10 10 10 10 10 10 10 10 10 10 10 10 10 10 10 10 10 10 10 10 10 10 10 10 10 10 10
11 35 5 9 9 10 10 10 10 10 10 10 10 10 10 10 10 10 10 10 10 10 10 10 10 10 10 10 10 10 10 10 10 10 10 10 10
11 36 5 9 9 10 10 10 10 10 10 10 10 10 10 10 10 10 10 10 10 10 10 10 10 10 10 10 10 10 10 10 10 10 10 10 10 10
11 37 5 9 9 10 10 10 10 10 10 10 10 10 10 10 10 10 10 10 10 10 10 10 10 10 10 10 10 10 10 10 10 10 10 10 10 10 10
11 38 5 9 9 10 10 10 10 10 10 10 10 10 10 10 10 10 10 10 10 10 10 10 10 10 10 10 10 10 10 10 10 10 10 10 10 10 10 10
11 39 5 9 9 10 10 10 10 10 10 10 10 10 10 10 10 10 10 10 10 10 10 10 10 10 10 10 10 10 10 10 10 10 10 10 10 10 10 10 10
11 40 5 9 9 10 10 10 10 10 10 10 10 10 10 10 10 10 10 10 10 10 10 10 10 10 10 10 10 10 10 10 10 10 10 10 10 10 10 10 10 10
11 3 6 6 6
11 4 6 6 6 10
11 5 6 6 6 10 10
11 6 6 6 6 10 10 10
11 7 6 6 6 10 10 10 10
11 8 6 6 6 10 10 10 10 10
11 9 6 6 6 10 10 10 10 10 10
11 10 6 6 6 10 10 10 10 10 10 10
11 11 6 6 6 10 10 10 10 10 10 10 10
11 12 6 6 6 10 10 10 10 10 10 10 10 10
11 13 6 6 6 10 10 10 10 10 10 10 10 10 10
11 14 6 6 6 10 10 10 10 10 10 10 10 10 10 10
11 15 6 6 6 10 10 10 10 10 10 10 10 10 10 10 10
11 16 6 6 6 10 10 10 10 10 10 10 10 10 10 10 10 10
11 17 6 6 6 10 10 10 10 10 10 10 10 10 10 10 10 10 10
11 18 6 6 6 10 10 10 10 10 10 10 10 10 10 10 10 10 10 10
11 19 6 6 6 10 10 10 10 10 10 10 10 10 10 10 10 10 10 10 10
11 20 6 6 6 10 10 10 10 10 10 10 10 10 10 10 10 10 10 10 10 10
11 21 6 6 6 10 10 10 10 10 10 10 10 10 10 10 10 10 10 10 10 10 10
11 22 6 6 6 10 10 10 10 10 10 10 10 10 10 10 10 10 10 10 10 10 10 10
11 23 6 6 6 10 10 10 10 10 10 10 10 10 10 10 10 10 10 10 10 10 10 10 10
11 24 6 6 6 10 10 10 10 10 10 10 10 10 10 10 10 10 10 10 10 10 10 10 10 10
11 25 6 6 6 10 10 10 10 10 10 10 10 10 10 10 10 10 10 10 10 10 10 10 10 10 10
11 26 6 6 6 10 10 10 10 10 10 10 10 10 10 10 10 10 10 10 10 10 10 10 10 10 10 10
11 27 6 6 6 10 10 10 10 10 10 10 10 10 10 10 10 10 10 10 10 10 10 10 10 10 10 10 10
11 28 6 6 6 10 10 10 10 10 10 10 10 10 10 10 10 10 10 10 10 10 10 10 10 10 10 10 10 10
11 29 6 6 6 10 10 10 10 10 10 10 10 10 10 10 10 10 10 10 10 10 10 10 10 10 10 10 10 10 10
11 30 6 6 6 10 10 10 10 10 10 10 10 10 10 10 10 10 10 10 10 10 10 10 10 10 10 10 10 10 10 10
11 31 6 6 6 10 10 10 10 10 10 10 10 10 10 10 10 10 10 10 10 10 10 10 10 10 10 10 10 10 10 10 10
11 32 6 6 6 10 10 10 10 10 10 10 10 10 10 10 10 10 10 10 10 10 10 10 10 10 10 10 10 10 10 10 10 10
11 33 6 6 6 10 10 10 10 10 10 10 10 10 10 10 10 10 10 10 10 10 10 10 10 10 10 10 10 10 10 10 10 10 10
11 34 6 6 6 10 10 10 10 10 10 10 10 10 10 10 10 10 10 10 10 10 10 10 10 10 10 10 10 10 10 10 10 10 10 10
11 35 6 6 6 10 10 10 10 10 10 10 10 10 10 10 10 10 10 10 10 10 10 10 10 10 10 10 10 10 10 10 10 10 10 10 10
11 36 6 6 6 10 10 10 10 10 10 10 10 10 10 10 10 10 10 10 10 10 10 10 10 10 10 10 10 10 10 10 10 10 10 10 10 10
11 37 6 6 6 10 10 10 10 10 10 10 10 10 10 10 10 10 10 10 10 10 10 10 10 10 10 10 10 10 10 10 10 10 10 10 10 10 10
11 38 6 6 6 10 10 10 10 10 10 10 10 10 10 10 10 10 10 10 10 10 10 10 10 10 10 10 10 10 10 10 10 10 10 10 10 10 10 10
11 39 6 6 6 10 10 10 10 10 10 10 10 10 10 10 10 10 10 10 10 10 10 10 10 10 10 10 10 10 10 10 10 10 10 10 10 10 10 10 10
11 40 6 6 6 10 10 10 10 10 10 10 10 10 10 10 10 10 10 10 10 10 10 10 10 10 10 10 10 10 10 10 10 10 10 10 10 10 10 10 10 10
11 3 6 6 7
11 4 6 6 7 10
11 5 6 6 7 10 10
11 6 6 6 7 10 10 10
11 7 6 6 7 10 10 10 10
11 8 6 6 7 10 10 10 10 10
11 9 6 6 7 10 10 10 10 10 10
11 10 6 6 7 10 10 10 10 10 10 10
11 11 6 6 7 10 10 10 10 10 10 10 10
11 12 6 6 7 10 10 10 10 10 10 10 10 10
11 13 6 6 7 10 10 10 10 10 10 10 10 10 10
11 14 6 6 7 10 10 10 10 10 10 10 10 10 10 10
11 15 6 6 7 10 10 10 10 10 10 10 10 10 10 10 10
11 16 6 6 7 10 10 10 10 10 10 10 10 10 10 10 10 10
11 17 6 6 7 10 10 10 10 10 10 10 10 10 10 10 10 10 10
11 18 6 6 7 10 10 10 10 10 10 10 10 10 10 10 10 10 10 10
11 19 6 6 7 10 10 10 10 10 10 10 10 10 10 10 10 10 10 10 10
11 20 6 6 7 10 10 10 10 10 10 10 10 10 10 10 10 10 10 10 10 10
11 21 6 6 7 10 10 10 10 10 10 10 10 10 10 10 10 10 10 10 10 10 10
11 22 6 6 7 10 10 10 10 10 10 10 10 10 10 10 10 10 10 10 10 10 10 10
11 23 6 6 7 10 10 10 10 10 10 10 10 10 10 10 10 10 10 10 10 10 10 10 10
11 24 6 6 7 10 10 10 10 10 10 10 10 10 10 10 10 10 10 10 10 10 10 10 10 10
11 25 6 6 7 10 10 10 10 10 10 10 10 10 10 10 10 10 10 10 10 10 10 10 10 10 10
11 26 6 6 7 10 10 10 10 10 10 10 10 10 10 10 10 10 10 10 10 10 10 10 10 10 10 10
11 27 6 6 7 10 10 10 10 10 10 10 10 10 10 10 10 10 10 10 10 10 10 10 10 10 10 10 10
11 28 6 6 7 10 10 10 10 10 10 10 10 10 10 10 10 10 10 10 10 10 10 10 10 10 10 10 10 10
11 29 6 6 7 10 10 10 10 10 10 10 10 10 10 10 10 10 10 10 10 10 10 10 10 10 10 10 10 10 10
11 30 6 6 7 10 10 10 10 10 10 10 10 10 10 10 10 10 10 10 10 10 10 10 10 10 10 10 10 10 10 10
11 31 6 6 7 10 10 10 10 10 10 10 10 10 10 10 10 10 10 10 10 10 10 10 10 10 10 10 10 10 10 10 10
11 32 6 6 7 10 10 10 10 10 10 10 10 10 10 10 10 10 10 10 10 10 10 10 10 10 10 10 10 10 10 10 10 10
11 33 6 6 7 10 10 10 10 10 10 10 10 10 10 10 10 10 10 10 10 10 10 10 10 10 10 10 10 10 10 10 10 10 10
11 34 6 6 7 10 10 10 10 10 10 10 10 10 10 10 10 10 10 10 10 10 10 10 10 10 10 10 10 10 10 10 10 10 10 10
11 35 6 6 7 10 10 10 10 10 10 10 10 10 10 10 10 10 10 10 10 10 10 10 10 10 10 10 10 10 10 10 10 10 10 10 10
11 36 6 6 7 10 10 10 10 10 10 10 10 10 10 10 10 10 10 10 10 10 10 10 10 10 10 10 10 10 10 10 10 10 10 10 10 10
11 37 6 6 7 10 10 10 10 10 10 10 10 10 10 10 10 10 10 10 10 10 10 10 10 10 10 10 10 10 10 10 10 10 10 10 10 10 10
11 38 6 6 7 10 10 10 10 10 10 10 10 10 10 10 10 10 10 10 10 10 10 10 10 10 10 10 10 10 10 10 10 10 10 10 10 10 10 10
11 39 6 6 7 10 10 10 10 10 10 10 10 10 10 10 10 10 10 10 10 10 10 10 10 10 10 10 10 10 10 10 10 10 10 10 10 10 10 10 10
11 40 6 6 7 10 10 10 10 10 10 10 10 10 10 10 10 10 10 10 10 10 10 10 10 10 10 10 10 10 10 10 10 10 10 10 10 10 10 10 10 10
11 3 6 6 8
11 4 6 6 8 10
11 5 6 6 8 10 10
11 6 6 6 8 10 10 10
11 7 6 6 8 10 10 10 10
11 8 6 6 8 10 10 10 10 10
11 9 6 6 8 10 10 10 10 10 10
11 10 6 6 8 10 10 10 10 10 10 10
11 11 6 6 8 10 10 10 10 10 10 10 10
11 12 6 6 8 10 10 10 10 10 10 10 10 10
11 13 6 6 8 10 10 10 10 10 10 10 10 10 10
11 14 6 6 8 10 10 10 10 10 10 10 10 10 10 10
11 15 6 6 8 10 10 10 10 10 10 10 10 10 10 10 10
11 16 6 6 8 10 10 10 10 10 10 10 10 10 10 10 10 10
11 17 6 6 8 10 10 10 10 10 10 10 10 10 10 10 10 10 10
11 18 6 6 8 10 10 10 10 10 10 10 10 10 10 10 10 10 10 10
11 19 6 6 8 10 10 10 10 10 10 10 10 10 10 10 10 10 10 10 10
11 20 6 6 8 10 10 10 10 10 10 10 10 10 10 10 10 10 10 10 10 10
11 21 6 6 8 10 10 10 10 10 10 10 10 10 10 10 10 10 10 10 10 10 10
11 22 6 6 8 10 10 10 10 10 10 10 10 10 10 10 10 10 10 10 10 10 10 10
11 23 6 6 8 10 10 10 10 10 10 10 10 10 10 10 10 10 10 10 10 10 10 10 10
11 24 6 6 8 10 10 10 10 10 10 10 10 10 10 10 10 10 10 10 10 10 10 10 10 10
11 25 6 6 8 10 10 10 10 10 10 10 10 10 10 10 10 10 10 10 10 10 10 10 10 10 10
11 26 6 6 8 10 10 10 10 10 10 10 10 10 10 10 10 10 10 10 10 10 10 10 10 10 10 10
11 27 6 6 8 10 10 10 10 10 10 10 10 10 10 10 10 10 10 10 10 10 10 10 10 10 10 10 10
11 28 6 6 8 10 10 10 10 10 10 10 10 10 10 10 10 10 10 10 10 10 10 10 10 10 10 10 10 10
11 29 6 6 8 10 10 10 10 10 10 10 10 10 10 10 10 10 10 10 10 10 10 10 10 10 10 10 10 10 10
11 30 6 6 8 10 10 10 10 10 10 10 10 10 10 10 10 10 10 10 10 10 10 10 10 10 10 10 10 10 10 10
11 31 6 6 8 10 10 10 10 10 10 10 10 10 10 10 10 10 10 10 10 10 10 10 10 10 10 10 10 10 10 10 10
11 32 6 6 8 10 10 10 10 10 10 10 10 10 10 10 10 10 10 10 10 10 10 10 10 10 10 10 10 10 10 10 10 10
11 33 6 6 8 10 10 10 10 10 10 10 10 10 10 10 10 10 10 10 10 10 10 10 10 10 10 10 10 10 10 10 10 10 10
11 34 6 6 8 10 10 10 10 10 10 10 10 10 10 10 10 10 10 10 10 10 10 10 10 10 10 10 10 10 10 10 10 10 10 10
11 35 6 6 8 10 10 10 10 10 10 10 10 10 10 10 10 10 10 10 10 10 10 10 10 10 10 10 10 10 10 10 10 10 10 10 10
11 36 6 6 8 10 10 10 10 10 10 10 10 10 10 10 10 10 10 10 10 10 10 10 10 10 10 10 10 10 10 10 10 10 10 10 10 10
11 37 6 6 8 10 10 10 10 10 10 10 10 10 10 10 10 10 10 10 10 10 10 10 10 10 10 10 10 10 10 10 10 10 10 10 10 10 10
11 38 6 6 8 10 10 10 10 10 10 10 10 10 10 10 10 10 10 10 10 10 10 10 10 10 10 10 10 10 10 10 10 10 10 10 10 10 10 10
11 39 6 6 8 10 10 10 10 10 10 10 10 10 10 10 10 10 10 10 10 10 10 10 10 10 10 10 10 10 10 10 10 10 10 10 10 10 10 10 10
11 40 6 6 8 10 10 10 10 10 10 10 10 10 10 10 10 10 10 10 10 10 10 10 10 10 10 10 10 10 10 10 10 10 10 10 10 10 10 10 10 10
11 3 6 6 9
11 4 6 6 9 10
11 5 6 6 9 10 10
11 6 6 6 9 10 10 10
11 7 6 6 9 10 10 10 10
11 8 6 6 9 10 10 10 10 10
11 9 6 6 9 10 10 10 10 10 10
11 10 6 6 9 10 10 10 10 10 10 10
11 11 6 6 9 10 10 10 10 10 10 10 10
11 12 6 6 9 10 10 10 10 10 10 10 10 10
11 13 6 6 9 10 10 10 10 10 10 10 10 10 10
11 14 6 6 9 10 10 10 10 10 10 10 10 10 10 10
11 15 6 6 9 10 10 10 10 10 10 10 10 10 10 10 10
11 16 6 6 9 10 10 10 10 10 10 10 10 10 10 10 10 10
11 17 6 6 9 10 10 10 10 10 10 10 10 10 10 10 10 10 10
11 18 6 6 9 10 10 10 10 10 10 10 10 10 10 10 10 10 10 10
11 19 6 6 9 10 10 10 10 10 10 10 10 10 10 10 10 10 10 10 10
11 20 6 6 9 10 10 10 10 10 10 10 10 10 10 10 10 10 10 10 10 10
11 21 6 6 9 10 10 10 10 10 10 10 10 10 10 10 10 10 10 10 10 10 10
11 22 6 6 9 10 10 10 10 10 10 10 10 10 10 10 10 10 10 10 10 10 10 10
11 23 6 6 9 10 10 10 10 10 10 10 10 10 10 10 10 10 10 10 10 10 10 10 10
11 24 6 6 9 10 10 10 10 10 10 10 10 10 10 10 10 10 10 10 10 10 10 10 10 10
11 25 6 6 9 10 10 10 10 10 10 10 10 10 10 10 10 10 10 10 10 10 10 10 10 10 10
11 26 6 6 9 10 10 10 10 10 10 10 10 10 10 10 10 10 10 10 10 10 10 10 10 10 10 10
11 27 6 6 9 10 10 10 10 10 10 10 10 10 10 10 10 10 10 10 10 10 10 10 10 10 10 10 10
11 28 6 6 9 10 10 10 10 10 10 10 10 10 10 10 10 10 10 10 10 10 10 10 10 10 10 10 10 10
11 29 6 6 9 10 10 10 10 10 10 10 10 10 10 10 10 10 10 10 10 10 10 10 10 10 10 10 10 10 10
11 30 6 6 9 10 10 10 10 10 10 10 10 10 10 10 10 10 10 10 10 10 10 10 10 10 10 10 10 10 10 10
11 31 6 6 9 10 10 10 10 10 10 10 10 10 10 10 10 10 10 10 10 10 10 10 10 10 10 10 10 10 10 10 10
11 32 6 6 9 10 10 10 10 10 10 10 10 10 10 10 10 10 10 10 10 10 10 10 10 10 10 10 10 10 10 10 10 10
11 33 6 6 9 10 10 10 10 10 10 10 10 10 10 10 10 10 10 10 10 10 10 10 10 10 10 10 10 10 10 10 10 10 10
11 34 6 6 9 10 10 10 10 10 10 10 10 10 10 10 10 10 10 10 10 10 10 10 10 10 10 10 10 10 10 10 10 10 10 10
11 35 6 6 9 10 10 10 10 10 10 10 10 10 10 10 10 10 10 10 10 10 10 10 10 10 10 10 10 10 10 10 10 10 10 10 10
11 36 6 6 9 10 10 10 10 10 10 10 10 10 10 10 10 10 10 10 10 10 10 10 10 10 10 10 10 10 10 10 10 10 10 10 10 10
11 37 6 6 9 10 10 10 10 10 10 10 10 10 10 10 10 10 10 10 10 10 10 10 10 10 10 10 10 10 10 10 10 10 10 10 10 10 10
11 38 6 6 9 10 10 10 10 10 10 10 10 10 10 10 10 10 10 10 10 10 10 10 10 10 10 10 10 10 10 10 10 10 10 10 10 10 10 10
11 39 6 6 9 10 10 10 10 10 10 10 10 10 10 10 10 10 10 10 10 10 10 10 10 10 10 10 10 10 10 10 10 10 10 10 10 10 10 10 10
11 40 6 6 9 10 10 10 10 10 10 10 10 10 10 10 10 10 10 10 10 10 10 10 10 10 10 10 10 10 10 10 10 10 10 10 10 10 10 10 10 10
11 3 6 7 7
11 4 6 7 7 10
11 5 6 7 7 10 10
11 6 6 7 7 10 10 10
11 7 6 7 7 10 10 10 10
11 8 6 7 7 10 10 10 10 10
11 9 6 7 7 10 10 10 10 10 10
11 10 6 7 7 10 10 10 10 10 10 10
11 11 6 7 7 10 10 10 10 10 10 10 10
11 12 6 7 7 10 10 10 10 10 10 10 10 10
11 13 6 7 7 10 10 10 10 10 10 10 10 10 10
11 14 6 7 7 10 10 10 10 10 10 10 10 10 10 10
11 15 6 7 7 10 10 10 10 10 10 10 10 10 10 10 10
11 16 6 7 7 10 10 10 10 10 10 10 10 10 10 10 10 10
11 17 6 7 7 10 10 10 10 10 10 10 10 10 10 10 10 10 10
11 18 6 7 7 10 10 10 10 10 10 10 10 10 10 10 10 10 10 10
11 19 6 7 7 10 10 10 10 10 10 10 10 10 10 10 10 10 10 10 10
11 20 6 7 7 10 10 10 10 10 10 10 10 10 10 10 10 10 10 10 10 10
11 21 6 7 7 10 10 10 10 10 10 10 10 10 10 10 10 10 10 10 10 10 10
11 22 6 7 7 10 10 10 10 10 10 10 10 10 10 10 10 10 10 10 10 10 10 10
11 23 6 7 7 10 10 10 10 10 10 10 10 10 10 10 10 10 10 10 10 10 10 10 10
11 24 6 7 7 10 10 10 10 10 10 10 10 10 10 10 10 10 10 10 10 10 10 10 10 10
11 25 6 7 7 10 10 10 10 10 10 10 10 10 10 10 10 10 10 10 10 10 10 10 10 10 10
11 26 6 7 7 10 10 10 10 10 10 10 10 10 10 10 10 10 10 10 10 10 10 10 10 10 10 10
11 27 6 7 7 10 10 10 10 10 10 10 10 10 10 10 10 10 10 10 10 10 10 10 10 10 10 10 10
11 28 6 7 7 10 10 10 10 10 10 10 10 10 10 10 10 10 10 10 10 10 10 10 10 10 10 10 10 10
11 29 6 7 7 10 10 10 10 10 10 10 10 10 10 10 10 10 10 10 10 10 10 10 10 10 10 10 10 10 10
11 30 6 7 7 10 10 10 10 10 10 10 10 10 10 10 10 10 10 10 10 10 10 10 10 10 10 10 10 10 10 10
11 31 6 7 7 10 10 10 10 10 10 10 10 10 10 10 10 10 10 10 10 10 10 10 10 10 10 10 10 10 10 10 10
11 32 6 7 7 10 10 10 10 10 10 10 10 10 10 10 10 10 10 10 10 10 10 10 10 10 10 10 10 10 10 10 10 10
11 33 6 7 7 10 10 10 10 10 10 10 10 10 10 10 10 10 10 10 10 10 10 10 10 10 10 10 10 10 10 10 10 10 10
11 34 6 7 7 10 10 10 10 10 10 10 10 10 10 10 10 10 10 10 10 10 10 10 10 10 10 10 10 10 10 10 10 10 10 10
11 35 6 7 7 10 10 10 10 10 10 10 10 10 10 10 10 10 10 10 10 10 10 10 10 10 10 10 10 10 10 10 10 10 10 10 10
11 36 6 7 7 10 10 10 10 10 10 10 10 10 10 10 10 10 10 10 10 10 10 10 10 10 10 10 10 10 10 10 10 10 10 10 10 10
11 37 6 7 7 10 10 10 10 10 10 10 10 10 10 10 10 10 10 10 10 10 10 10 10 10 10 10 10 10 10 10 10 10 10 10 10 10 10
11 38 6 7 7 10 10 10 10 10 10 10 10 10 10 10 10 10 10 10 10 10 10 10 10 10 10 10 10 10 10 10 10 10 10 10 10 10 10 10
11 39 6 7 7 10 10 10 10 10 10 10 10 10 10 10 10 10 10 10 10 10 10 10 10 10 10 10 10 10 10 10 10 10 10 10 10 10 10 10 10
11 40 6 7 7 10 10 10 10 10 10 10 10 10 10 10 10 10 10 10 10 10 10 10 10 10 10 10 10 10 10 10 10 10 10 10 10 10 10 10 10 10
11 3 6 7 8
11 4 6 7 8 10
11 5 6 7 8 10 10
11 6 6 7 8 10 10 10
11 7 6 7 8 10 10 10 10
11 8 6 7 8 10 10 10 10 10
11 9 6 7 8 10 10 10 10 10 10
11 10 6 7 8 10 10 10 10 10 10 10
11 11 6 7 8 10 10 10 10 10 10 10 10
11 12 6 7 8 10 10 10 10 10 10 10 10 10
11 13 6 7 8 10 10 10 10 10 10 10 10 10 10
11 14 6 7 8 10 10 10 10 10 10 10 10 10 10 10
11 15 6 7 8 10 10 10 10 10 10 10 10 10 10 10 10
11 16 6 7 8 10 10 10 10 10 10 10 10 10 10 10 10 10
11 17 6 7 8 10 10 10 10 10 10 10 10 10 10 10 10 10 10
11 18 6 7 8 10 10 10 10 10 10 10 10 10 10 10 10 10 10 10
11 19 6 7 8 10 10 10 10 10 10 10 10 10 10 10 10 10 10 10 10
11 20 6 7 8 10 10 10 10 10 10 10 10 10 10 10 10 10 10 10 10 10
11 21 6 7 8 10 10 10 10 10 10 10 10 10 10 10 10 10 10 10 10 10 10
11 22 6 7 8 10 10 10 10 10 10 10 10 10 10 10 10 10 10 10 10 10 10 10
11 23 6 7 8 10 10 10 10 10 10 10 10 10 10 10 10 10 10 10 10 10 10 10 10
11 24 6 7 8 10 10 10 10 10 10 10 10 10 10 10 10 10 10 10 10 10 10 10 10 10
11 25 6 7 8 10 10 10 10 10 10 10 10 10 10 10 10 10 10 10 10 10 10 10 10 10 10
11 26 6 7 8 10 10 10 10 10 10 10 10 10 10 10 10 10 10 10 10 10 10 10 10 10 10 10
11 27 6 7 8 10 10 10 10 10 10 10 10 10 10 10 10 10 10 10 10 10 10 10 10 10 10 10 10
11 28 6 7 8 10 10 10 10 10 10 10 10 10 10 10 10 10 10 10 10 10 10 10 10 10 10 10 10 10
11 29 6 7 8 10 10 10 10 10 10 10 10 10 10 10 10 10 10 10 10 10 10 10 10 10 10 10 10 10 10
11 30 6 7 8 10 10 10 10 10 10 10 10 10 10 10 10 10 10 10 10 10 10 10 10 10 10 10 10 10 10 10
11 31 6 7 8 10 10 10 10 10 10 10 10 10 10 10 10 10 10 10 10 10 10 10 10 10 10 10 10 10 10 10 10
11 32 6 7 8 10 10 10 10 10 10 10 10 10 10 10 10 10 10 10 10 10 10 10 10 10 10 10 10 10 10 10 10 10
11 33 6 7 8 10 10 10 10 10 10 10 10 10 10 10 10 10 10 10 10 10 10 10 10 10 10 10 10 10 10 10 10 10 10
11 34 6 7 8 10 10 10 10 10 10 10 10 10 10 10 10 10 10 10 10 10 10 10 10 10 10 10 10 10 10 10 10 10 10 10
11 35 6 7 8 10 10 10 10 10 10 10 10 10 10 10 10 10 10 10 10 10 10 10 10 10 10 10 10 10 10 10 10 10 10 10 10
11 36 6 7 8 10 10 10 10 10 10 10 10 10 10 10 10 10 10 10 10 10 10 10 10 10 10 10 10 10 10 10 10 10 10 10 10 10
11 37 6 7 8 10 10 10 10 10 10 10 10 10 10 10 10 10 10 10 10 10 10 10 10 10 10 10 10 10 10 10 10 10 10 10 10 10 10
11 38 6 7 8 10 10 10 10 10 10 10 10 10 10 10 10 10 10 10 10 10 10 10 10 10 10 10 10 10 10 10 10 10 10 10 10 10 10 10
11 39 6 7 8 10 10 10 10 10 10 10 10 10 10 10 10 10 10 10 10 10 10 10 10 10 10 10 10 10 10 10 10 10 10 10 10 10 10 10 10
11 40 6 7 8 10 10 10 10 10 10 10 10 10 10 10 10 10 10 10 10 10 10 10 10 10 10 10 10 10 10 10 10 10 10 10 10 10 10 10 10 10
11 3 6 7 9
11 4 6 7 9 10
11 5 6 7 9 10 10
11 6 6 7 9 10 10 10
11 7 6 7 9 10 10 10 10
11 8 6 7 9 10 10 10 10 10
11 9 6 7 9 10 10 10 10 10 10
11 10 6 7 9 10 10 10 10 10 10 10
11 11 6 7 9 10 10 10 10 10 10 10 10
11 12 6 7 9 10 10 10 10 10 10 10 10 10
11 13 6 7 9 10 10 10 10 10 10 10 10 10 10
11 14 6 7 9 10 10 10 10 10 10 10 10 10 10 10
11 15 6 7 9 10 10 10 10 10 10 10 10 10 10 10 10
11 16 6 7 9 10 10 10 10 10 10 10 10 10 10 10 10 10
11 17 6 7 9 10 10 10 10 10 10 10 10 10 10 10 10 10 10
11 18 6 7 9 10 10 10 10 10 10 10 10 10 10 10 10 10 10 10
11 19 6 7 9 10 10 10 10 10 10 10 10 10 10 10 10 10 10 10 10
11 20 6 7 9 10 10 10 10 10 10 10 10 10 10 10 10 10 10 10 10 10
11 21 6 7 9 10 10 10 10 10 10 10 10 10 10 10 10 10 10 10 10 10 10
11 22 6 7 9 10 10 10 10 10 10 10 10 10 10 10 10 10 10 10 10 10 10 10
11 23 6 7 9 10 10 10 10 10 10 10 10 10 10 10 10 10 10 10 10 10 10 10 10
11 24 6 7 9 10 10 10 10 10 10 10 10 10 10 10 10 10 10 10 10 10 10 10 10 10
11 25 6 7 9 10 10 10 10 10 10 10 10 10 10 10 10 10 10 10 10 10 10 10 10 10 10
11 26 6 7 9 10 10 10 10 10 10 10 10 10 10 10 10 10 10 10 10 10 10 10 10 10 10 10
11 27 6 7 9 10 10 10 10 10 10 10 10 10 10 10 10 10 10 10 10 10 10 10 10 10 10 10 10
11 28 6 7 9 10 10 10 10 10 10 10 10 10 10 10 10 10 10 10 10 10 10 10 10 10 10 10 10 10
11 29 6 7 9 10 10 10 10 10 10 10 10 10 10 10 10 10 10 10 10 10 10 10 10 10 10 10 10 10 10
11 30 6 7 9 10 10 10 10 10 10 10 10 10 10 10 10 10 10 10 10 10 10 10 10 10 10 10 10 10 10 10
11 31 6 7 9 10 10 10 10 10 10 10 10 10 10 10 10 10 10 10 10 10 10 10 10 10 10 10 10 10 10 10 10
11 32 6 7 9 10 10 10 10 10 10 10 10 10 10 10 10 10 10 10 10 10 10 10 10 10 10 10 10 10 10 10 10 10
11 33 6 7 9 10 10 10 10 10 10 10 10 10 10 10 10 10 10 10 10 10 10 10 10 10 10 10 10 10 10 10 10 10 10
11 34 6 7 9 10 10 10 10 10 10 10 10 10 10 10 10 10 10 10 10 10 10 10 10 10 10 10 10 10 10 10 10 10 10 10
11 35 6 7 9 10 10 10 10 10 10 10 10 10 10 10 10 10 10 10 10 10 10 10 10 10 10 10 10 10 10 10 10 10 10 10 10
11 36 6 7 9 10 10 10 10 10 10 10 10 10 10 10 10 10 10 10 10 10 10 10 10 10 10 10 10 10 10 10 10 10 10 10 10 10
11 37 6 7 9 10 10 10 10 10 10 10 10 10 10 10 10 10 10 10 10 10 10 10 10 10 10 10 10 10 10 10 10 10 10 10 10 10 10
11 38 6 7 9 10 10 10 10 10 10 10 10 10 10 10 10 10 10 10 10 10 10 10 10 10 10 10 10 10 10 10 10 10 10 10 10 10 10 10
11 39 6 7 9 10 10 10 10 10 10 10 10 10 10 10 10 10 10 10 10 10 10 10 10 10 10 10 10 10 10 10 10 10 10 10 10 10 10 10 10
11 40 6 7 9 10 10 10 10 10 10 10 10 10 10 10 10 10 10 10 10 10 10 10 10 10 10 10 10 10 10 10 10 10 10 10 10 10 10 10 10 10
11 3 6 8 8
11 4 6 8 8 10
11 5 6 8 8 10 10
11 6 6 8 8 10 10 10
11 7 6 8 8 10 10 10 10
11 8 6 8 8 10 10 10 10 10
11 9 6 8 8 10 10 10 10 10 10
11 10 6 8 8 10 10 10 10 10 10 10
11 11 6 8 8 10 10 10 10 10 10 10 10
11 12 6 8 8 10 10 10 10 10 10 10 10 10
11 13 6 8 8 10 10 10 10 10 10 10 10 10 10
11 14 6 8 8 10 10 10 10 10 10 10 10 10 10 10
11 15 6 8 8 10 10 10 10 10 10 10 10 10 10 10 10
11 16 6 8 8 10 10 10 10 10 10 10 10 10 10 10 10 10
11 17 6 8 8 10 10 10 10 10 10 10 10 10 10 10 10 10 10
11 18 6 8 8 10 10 10 10 10 10 10 10 10 10 10 10 10 10 10
11 19 6 8 8 10 10 10 10 10 10 10 10 10 10 10 10 10 10 10 10
11 20 6 8 8 10 10 10 10 10 10 10 10 10 10 10 10 10 10 10 10 10
11 21 6 8 8 10 10 10 10 10 10 10 10 10 10 10 10 10 10 10 10 10 10
11 22 6 8 8 10 10 10 10 10 10 10 10 10 10 10 10 10 10 10 10 10 10 10
11 23 6 8 8 10 10 10 10 10 10 10 10 10 10 10 10 10 10 10 10 10 10 10 10
11 24 6 8 8 10 10 10 10 10 10 10 10 10 10 10 10 10 10 10 10 10 10 10 10 10
11 25 6 8 8 10 10 10 10 10 10 10 10 10 10 10 10 10 10 10 10 10 10 10 10 10 10
11 26 6 8 8 10 10 10 10 10 10 10 10 10 10 10 10 10 10 10 10 10 10 10 10 10 10 10
11 27 6 8 8 10 10 10 10 10 10 10 10 10 10 10 10 10 10 10 10 10 10 10 10 10 10 10 10
11 28 6 8 8 10 10 10 10 10 10 10 10 10 10 10 10 10 10 10 10 10 10 10 10 10 10 10 10 10
11 29 6 8 8 10 10 10 10 10 10 10 10 10 10 10 10 10 10 10 10 10 10 10 10 10 10 10 10 10 10
11 30 6 8 8 10 10 10 10 10 10 10 10 10 10 10 10 10 10 10 10 10 10 10 10 10 10 10 10 10 10 10
11 31 6 8 8 10 10 10 10 10 10 10 10 10 10 10 10 10 10 10 10 10 10 10 10 10 10 10 10 10 10 10 10
11 32 6 8 8 10 10 10 10 10 10 10 10 10 10 10 10 10 10 10 10 10 10 10 10 10 10 10 10 10 10 10 10 10
11 33 6 8 8 10 10 10 10 10 10 10 10 10 10 10 10 10 10 10 10 10 10 10 10 10 10 10 10 10 10 10 10 10 10
11 34 6 8 8 10 10 10 10 10 10 10 10 10 10 10 10 10 10 10 10 10 10 10 10 10 10 10 10 10 10 10 10 10 10 10
11 35 6 8 8 10 10 10 10 10 10 10 10 10 10 10 10 10 10 10 10 10 10 10 10 10 10 10 10 10 10 10 10 10 10 10 10
11 36 6 8 8 10 10 10 10 10 10 10 10 10 10 10 10 10 10 10 10 10 10 10 10 10 10 10 10 10 10 10 10 10 10 10 10 10
11 37 6 8 8 10 10 10 10 10 10 10 10 10 10 10 10 10 10 10 10 10 10 10 10 10 10 10 10 10 10 10 10 10 10 10 10 10 10
11 38 6 8 8 10 10 10 10 10 10 10 10 10 10 10 10 10 10 10 10 10 10 10 10 10 10 10 10 10 10 10 10 10 10 10 10 10 10 10
11 39 6 8 8 10 10 10 10 10 10 10 10 10 10 10 10 10 10 10 10 10 10 10 10 10 10 10 10 10 10 10 10 10 10 10 10 10 10 10 10
11 40 6 8 8 10 10 10 10 10 10 10 10 10 10 10 10 10 10 10 10 10 10 10 10 10 10 10 10 10 10 10 10 10 10 10 10 10 10 10 10 10
11 3 6 8 9
11 4 6 8 9 10
11 5 6 8 9 10 10
11 6 6 8 9 10 10 10
11 7 6 8 9 10 10 10 10
11 8 6 8 9 10 10 10 10 10
11 9 6 8 9 10 10 10 10 10 10
11 10 6 8 9 10 10 10 10 10 10 10
11 11 6 8 9 10 10 10 10 10 10 10 10
11 12 6 8 9 10 10 10 10 10 10 10 10 10
11 13 6 8 9 10 10 10 10 10 10 10 10 10 10
11 14 6 8 9 10 10 10 10 10 10 10 10 10 10 10
11 15 6 8 9 10 10 10 10 10 10 10 10 10 10 10 10
11 16 6 8 9 10 10 10 10 10 10 10 10 10 10 10 10 10
11 17 6 8 9 10 10 10 10 10 10 10 10 10 10 10 10 10 10
11 18 6 8 9 10 10 10 10 10 10 10 10 10 10 10 10 10 10 10
11 19 6 8 9 10 10 10 10 10 10 10 10 10 10 10 10 10 10 10 10
11 20 6 8 9 10 10 10 10 10 10 10 10 10 10 10 10 10 10 10 10 10
11 21 6 8 9 10 10 10 10 10 10 10 10 10 10 10 10 10 10 10 10 10 10
11 22 6 8 9 10 10 10 10 10 10 10 10 10 10 10 10 10 10 10 10 10 10 10
11 23 6 8 9 10 10 10 10 10 10 10 10 10 10 10 10 10 10 10 10 10 10 10 10
11 24 6 8 9 10 10 10 10 10 10 10 10 10 10 10 10 10 10 10 10 10 10 10 10 10
11 25 6 8 9 10 10 10 10 10 10 10 10 10 10 10 10 10 10 10 10 10 10 10 10 10 10
11 26 6 8 9 10 10 10 10 10 10 10 10 10 10 10 10 10 10 10 10 10 10 10 10 10 10 10
11 27 6 8 9 10 10 10 10 10 10 10 10 10 10 10 10 10 10 10 10 10 10 10 10 10 10 10 10
11 28 6 8 9 10 10 10 10 10 10 10 10 10 10 10 10 10 10 10 10 10 10 10 10 10 10 10 10 10
11 29 6 8 9 10 10 10 10 10 10 10 10 10 10 10 10 10 10 10 10 10 10 10 10 10 10 10 10 10 10
11 30 6 8 9 10 10 10 10 10 10 10 10 10 10 10 10 10 10 10 10 10 10 10 10 10 10 10 10 10 10 10
11 31 6 8 9 10 10 10 10 10 10 10 10 10 10 10 10 10 10 10 10 10 10 10 10 10 10 10 10 10 10 10 10
11 32 6 8 9 10 10 10 10 10 10 10 10 10 10 10 10 10 10 10 10 10 10 10 10 10 10 10 10 10 10 10 10 10
11 33 6 8 9 10 10 10 10 10 10 10 10 10 10 10 10 10 10 10 10 10 10 10 10 10 10 10 10 10 10 10 10 10 10
11 34 6 8 9 10 10 10 10 10 10 10 10 10 10 10 10 10 10 10 10 10 10 10 10 10 10 10 10 10 10 10 10 10 10 10
11 35 6 8 9 10 10 10 10 10 10 10 10 10 10 10 10 10 10 10 10 10 10 10 10 10 10 10 10 10 10 10 10 10 10 10 10
11 36 6 8 9 10 10 10 10 10 10 10 10 10 10 10 10 10 10 10 10 10 10 10 10 10 10 10 10 10 10 10 10 10 10 10 10 10
11 37 6 8 9 10 10 10 10 10 10 10 10 10 10 10 10 10 10 10 10 10 10 10 10 10 10 10 10 10 10 10 10 10 10 10 10 10 10
11 38 6 8 9 10 10 10 10 10 10 10 10 10 10 10 10 10 10 10 10 10 10 10 10 10 10 10 10 10 10 10 10 10 10 10 10 10 10 10
11 39 6 8 9 10 10 10 10 10 10 10 10 10 10 10 10 10 10 10 10 10 10 10 10 10 10 10 10 10 10 10 10 10 10 10 10 10 10 10 10
11 40 6 8 9 10 10 10 10 10 10 10 10 10 10 10 10 10 10 10 10 10 10 10 10 10 10 10 10 10 10 10 10 10 10 10 10 10 10 10 10 10
11 3 6 9 9
11 4 6 9 9 10
11 5 6 9 9 10 10
11 6 6 9 9 10 10 10
11 7 6 9 9 10 10 10 10
11 8 6 9 9 10 10 10 10 10
11 9 6 9 9 10 10 10 10 10 10
11 10 6 9 9 10 10 10 10 10 10 10
11 11 6 9 9 10 10 10 10 10 10 10 10
11 12 6 9 9 10 10 10 10 10 10 10 10 10
11 13 6 9 9 10 10 10 10 10 10 10 10 10 10
11 14 6 9 9 10 10 10 10 10 10 10 10 10 10 10
11 15 6 9 9 10 10 10 10 10 10 10 10 10 10 10 10
11 16 6 9 9 10 10 10 10 10 10 10 10 10 10 10 10 10
11 17 6 9 9 10 10 10 10 10 10 10 10 10 10 10 10 10 10
11 18 6 9 9 10 10 10 10 10 10 10 10 10 10 10 10 10 10 10
11 19 6 9 9 10 10 10 10 10 10 10 10 10 10 10 10 10 10 10 10
11 20 6 9 9 10 10 10 10 10 10 10 10 10 10 10 10 10 10 10 10 10
11 21 6 9 9 10 10 10 10 10 10 10 10 10 10 10 10 10 10 10 10 10 10
11 22 6 9 9 10 10 10 10 10 10 10 10 10 10 10 10 10 10 10 10 10 10 10
11 23 6 9 9 10 10 10 10 10 10 10 10 10 10 10 10 10 10 10 10 10 10 10 10
11 24 6 9 9 10 10 10 10 10 10 10 10 10 10 10 10 10 10 10 10 10 10 10 10 10
11 25 6 9 9 10 10 10 10 10 10 10 10 10 10 10 10 10 10 10 10 10 10 10 10 10 10
11 26 6 9 9 10 10 10 10 10 10 10 10 10 10 10 10 10 10 10 10 10 10 10 10 10 10 10
11 27 6 9 9 10 10 10 10 10 10 10 10 10 10 10 10 10 10 10 10 10 10 10 10 10 10 10 10
11 28 6 9 9 10 10 10 10 10 10 10 10 10 10 10 10 10 10 10 10 10 10 10 10 10 10 10 10 10
11 29 6 9 9 10 10 10 10 10 10 10 10 10 10 10 10 10 10 10 10 10 10 10 10 10 10 10 10 10 10
11 30 6 9 9 10 10 10 10 10 10 10 10 10 10 10 10 10 10 10 10 10 10 10 10 10 10 10 10 10 10 10
11 31 6 9 9 10 10 10 10 10 10 10 10 10 10 10 10 10 10 10 10 10 10 10 10 10 10 10 10 10 10 10 10
11 32 6 9 9 10 10 10 10 10 10 10 10 10 10 10 10 10 10 10 10 10 10 10 10 10 10 10 10 10 10 10 10 10
11 33 6 9 9 10 10 10 10 10 10 10 10 10 10 10 10 10 10 10 10 10 10 10 10 10 10 10 10 10 10 10 10 10 10
11 34 6 9 9 10 10 10 10 10 10 10 10 10 10 10 10 10 10 10 10 10 10 10 10 10 10 10 10 10 10 10 10 10 10 10
11 35 6 9 9 10 10 10 10 10 10 10 10 10 10 10 10 10 10 10 10 10 10 10 10 10 10 10 10 10 10 10 10 10 10 10 10
11 36 6 9 9 10 10 10 10 10 10 10 10 10 10 10 10 10 10 10 10 10 10 10 10 10 10 10 10 10 10 10 10 10 10 10 10 10
11 37 6 9 9 10 10 10 10 10 10 10 10 10 10 10 10 10 10 10 10 10 10 10 10 10 10 10 10 10 10 10 10 10 10 10 10 10 10
11 38 6 9 9 10 10 10 10 10 10 10 10 10 10 10 10 10 10 10 10 10 10 10 10 10 10 10 10 10 10 10 10 10 10 10 10 10 10 10
11 39 6 9 9 10 10 10 10 10 10 10 10 10 10 10 10 10 10 10 10 10 10 10 10 10 10 10 10 10 10 10 10 10 10 10 10 10 10 10 10
11 40 6 9 9 10 10 10 10 10 10 10 10 10 10 10 10 10 10 10 10 10 10 10 10 10 10 10 10 10 10 10 10 10 10 10 10 10 10 10 10 10
11 3 7 7 7
11 4 7 7 7 10
11 5 7 7 7 10 10
11 6 7 7 7 10 10 10
11 7 7 7 7 10 10 10 10
11 8 7 7 7 10 10 10 10 10
11 9 7 7 7 10 10 10 10 10 10
11 10 7 7 7 10 10 10 10 10 10 10
11 11 7 7 7 10 10 10 10 10 10 10 10
11 12 7 7 7 10 10 10 10 10 10 10 10 10
11 13 7 7 7 10 10 10 10 10 10 10 10 10 10
11 14 7 7 7 10 10 10 10 10 10 10 10 10 10 10
11 15 7 7 7 10 10 10 10 10 10 10 10 10 10 10 10
11 16 7 7 7 10 10 10 10 10 10 10 10 10 10 10 10 10
11 17 7 7 7 10 10 10 10 10 10 10 10 10 10 10 10 10 10
11 18 7 7 7 10 10 10 10 10 10 10 10 10 10 10 10 10 10 10
11 19 7 7 7 10 10 10 10 10 10 10 10 10 10 10 10 10 10 10 10
11 20 7 7 7 10 10 10 10 10 10 10 10 10 10 10 10 10 10 10 10 10
11 21 7 7 7 10 10 10 10 10 10 10 10 10 10 10 10 10 10 10 10 10 10
11 22 7 7 7 10 10 10 10 10 10 10 10 10 10 10 10 10 10 10 10 10 10 10
11 23 7 7 7 10 10 10 10 10 10 10 10 10 10 10 10 10 10 10 10 10 10 10 10
11 24 7 7 7 10 10 10 10 10 10 10 10 10 10 10 10 10 10 10 10 10 10 10 10 10
11 25 7 7 7 10 10 10 10 10 10 10 10 10 10 10 10 10 10 10 10 10 10 10 10 10 10
11 26 7 7 7 10 10 10 10 10 10 10 10 10 10 10 10 10 10 10 10 10 10 10 10 10 10 10
11 27 7 7 7 10 10 10 10 10 10 10 10 10 10 10 10 10 10 10 10 10 10 10 10 10 10 10 10
11 28 7 7 7 10 10 10 10 10 10 10 10 10 10 10 10 10 10 10 10 10 10 10 10 10 10 10 10 10
11 29 7 7 7 10 10 10 10 10 10 10 10 10 10 10 10 10 10 10 10 10 10 10 10 10 10 10 10 10 10
11 30 7 7 7 10 10 10 10 10 10 10 10 10 10 10 10 10 10 10 10 10 10 10 10 10 10 10 10 10 10 10
11 31 7 7 7 10 10 10 10 10 10 10 10 10 10 10 10 10 10 10 10 10 10 10 10 10 10 10 10 10 10 10 10
11 32 7 7 7 10 10 10 10 10 10 10 10 10 10 10 10 10 10 10 10 10 10 10 10 10 10 10 10 10 10 10 10 10
11 33 7 7 7 10 10 10 10 10 10 10 10 10 10 10 10 10 10 10 10 10 10 10 10 10 10 10 10 10 10 10 10 10 10
11 34 7 7 7 10 10 10 10 10 10 10 10 10 10 10 10 10 10 10 10 10 10 10 10 10 10 10 10 10 10 10 10 10 10 10
11 35 7 7 7 10 10 10 10 10 10 10 10 10 10 10 10 10 10 10 10 10 10 10 10 10 10 10 10 10 10 10 10 10 10 10 10
11 36 7 7 7 10 10 10 10 10 10 10 10 10 10 10 10 10 10 10 10 10 10 10 10 10 10 10 10 10 10 10 10 10 10 10 10 10
11 37 7 7 7 10 10 10 10 10 10 10 10 10 10 10 10 10 10 10 10 10 10 10 10 10 10 10 10 10 10 10 10 10 10 10 10 10 10
11 38 7 7 7 10 10 10 10 10 10 10 10 10 10 10 10 10 10 10 10 10 10 10 10 10 10 10 10 10 10 10 10 10 10 10 10 10 10 10
11 39 7 7 7 10 10 10 10 10 10 10 10 10 10 10 10 10 10 10 10 10 10 10 10 10 10 10 10 10 10 10 10 10 10 10 10 10 10 10 10
11 40 7 7 7 10 10 10 10 10 10 10 10 10 10 10 10 10 10 10 10 10 10 10 10 10 10 10 10 10 10 10 10 10 10 10 10 10 10 10 10 10
11 3 7 7 8
11 4 7 7 8 10
11 5 7 7 8 10 10
11 6 7 7 8 10 10 10
11 7 7 7 8 10 10 10 10
11 8 7 7 8 10 10 10 10 10
11 9 7 7 8 10 10 10 10 10 10
11 10 7 7 8 10 10 10 10 10 10 10
11 11 7 7 8 10 10 10 10 10 10 10 10
11 12 7 7 8 10 10 10 10 10 10 10 10 10
11 13 7 7 8 10 10 10 10 10 10 10 10 10 10
11 14 7 7 8 10 10 10 10 10 10 10 10 10 10 10
11 15 7 7 8 10 10 10 10 10 10 10 10 10 10 10 10
11 16 7 7 8 10 10 10 10 10 10 10 10 10 10 10 10 10
11 17 7 7 8 10 10 10 10 10 10 10 10 10 10 10 10 10 10
11 18 7 7 8 10 10 10 10 10 10 10 10 10 10 10 10 10 10 10
11 19 7 7 8 10 10 10 10 10 10 10 10 10 10 10 10 10 10 10 10
11 20 7 7 8 10 10 10 10 10 10 10 10 10 10 10 10 10 10 10 10 10
11 21 7 7 8 10 10 10 10 10 10 10 10 10 10 10 10 10 10 10 10 10 10
11 22 7 7 8 10 10 10 10 10 10 10 10 10 10 10 10 10 10 10 10 10 10 10
11 23 7 7 8 10 10 10 10 10 10 10 10 10 10 10 10 10 10 10 10 10 10 10 10
11 24 7 7 8 10 10 10 10 10 10 10 10 10 10 10 10 10 10 10 10 10 10 10 10 10
11 25 7 7 8 10 10 10 10 10 10 10 10 10 10 10 10 10 10 10 10 10 10 10 10 10 10
11 26 7 7 8 10 10 10 10 10 10 10 10 10 10 10 10 10 10 10 10 10 10 10 10 10 10 10
11 27 7 7 8 10 10 10 10 10 10 10 10 10 10 10 10 10 10 10 10 10 10 10 10 10 10 10 10
11 28 7 7 8 10 10 10 10 10 10 10 10 10 10 10 10 10 10 10 10 10 10 10 10 10 10 10 10 10
11 29 7 7 8 10 10 10 10 10 10 10 10 10 10 10 10 10 10 10 10 10 10 10 10 10 10 10 10 10 10
11 30 7 7 8 10 10 10 10 10 10 10 10 10 10 10 10 10 10 10 10 10 10 10 10 10 10 10 10 10 10 10
11 31 7 7 8 10 10 10 10 10 10 10 10 10 10 10 10 10 10 10 10 10 10 10 10 10 10 10 10 10 10 10 10
11 32 7 7 8 10 10 10 10 10 10 10 10 10 10 10 10 10 10 10 10 10 10 10 10 10 10 10 10 10 10 10 10 10
11 33 7 7 8 10 10 10 10 10 10 10 10 10 10 10 10 10 10 10 10 10 10 10 10 10 10 10 10 10 10 10 10 10 10
11 34 7 7 8 10 10 10 10 10 10 10 10 10 10 10 10 10 10 10 10 10 10 10 10 10 10 10 10 10 10 10 10 10 10 10
11 35 7 7 8 10 10 10 10 10 10 10 10 10 10 10 10 10 10 10 10 10 10 10 10 10 10 10 10 10 10 10 10 10 10 10 10
11 36 7 7 8 10 10 10 10 10 10 10 10 10 10 10 10 10 10 10 10 10 10 10 10 10 10 10 10 10 10 10 10 10 10 10 10 10
11 37 7 7 8 10 10 10 10 10 10 10 10 10 10 10 10 10 10 10 10 10 10 10 10 10 10 10 10 10 10 10 10 10 10 10 10 10 10
11 38 7 7 8 10 10 10 10 10 10 10 10 10 10 10 10 10 10 10 10 10 10 10 10 10 10 10 10 10 10 10 10 10 10 10 10 10 10 10
11 39 7 7 8 10 10 10 10 10 10 10 10 10 10 10 10 10 10 10 10 10 10 10 10 10 10 10 10 10 10 10 10 10 10 10 10 10 10 10 10
11 40 7 7 8 10 10 10 10 10 10 10 10 10 10 10 10 10 10 10 10 10 10 10 10 10 10 10 10 10 10 10 10 10 10 10 10 10 10 10 10 10
11 3 7 7 9
11 4 7 7 9 10
11 5 7 7 9 10 10
11 6 7 7 9 10 10 10
11 7 7 7 9 10 10 10 10
11 8 7 7 9 10 10 10 10 10
11 9 7 7 9 10 10 10 10 10 10
11 10 7 7 9 10 10 10 10 10 10 10
11 11 7 7 9 10 10 10 10 10 10 10 10
11 12 7 7 9 10 10 10 10 10 10 10 10 10
11 13 7 7 9 10 10 10 10 10 10 10 10 10 10
11 14 7 7 9 10 10 10 10 10 10 10 10 10 10 10
11 15 7 7 9 10 10 10 10 10 10 10 10 10 10 10 10
11 16 7 7 9 10 10 10 10 10 10 10 10 10 10 10 10 10
11 17 7 7 9 10 10 10 10 10 10 10 10 10 10 10 10 10 10
11 18 7 7 9 10 10 10 10 10 10 10 10 10 10 10 10 10 10 10
11 19 7 7 9 10 10 10 10 10 10 10 10 10 10 10 10 10 10 10 10
11 20 7 7 9 10 10 10 10 10 10 10 10 10 10 10 10 10 10 10 10 10
11 21 7 7 9 10 10 10 10 10 10 10 10 10 10 10 10 10 10 10 10 10 10
11 22 7 7 9 10 10 10 10 10 10 10 10 10 10 10 10 10 10 10 10 10 10 10
11 23 7 7 9 10 10 10 10 10 10 10 10 10 10 10 10 10 10 10 10 10 10 10 10
11 24 7 7 9 10 10 10 10 10 10 10 10 10 10 10 10 10 10 10 10 10 10 10 10 10
11 25 7 7 9 10 10 10 10 10 10 10 10 10 10 10 10 10 10 10 10 10 10 10 10 10 10
11 26 7 7 9 10 10 10 10 10 10 10 10 10 10 10 10 10 10 10 10 10 10 10 10 10 10 10
11 27 7 7 9 10 10 10 10 10 10 10 10 10 10 10 10 10 10 10 10 10 10 10 10 10 10 10 10
11 28 7 7 9 10 10 10 10 10 10 10 10 10 10 10 10 10 10 10 10 10 10 10 10 10 10 10 10 10
11 29 7 7 9 10 10 10 10 10 10 10 10 10 10 10 10 10 10 10 10 10 10 10 10 10 10 10 10 10 10
11 30 7 7 9 10 10 10 10 10 10 10 10 10 10 10 10 10 10 10 10 10 10 10 10 10 10 10 10 10 10 10
11 31 7 7 9 10 10 10 10 10 10 10 10 10 10 10 10 10 10 10 10 10 10 10 10 10 10 10 10 10 10 10 10
11 32 7 7 9 10 10 10 10 10 10 10 10 10 10 10 10 10 10 10 10 10 10 10 10 10 10 10 10 10 10 10 10 10
11 33 7 7 9 10 10 10 10 10 10 10 10 10 10 10 10 10 10 10 10 10 10 10 10 10 10 10 10 10 10 10 10 10 10
11 34 7 7 9 10 10 10 10 10 10 10 10 10 10 10 10 10 10 10 10 10 10 10 10 10 10 10 10 10 10 10 10 10 10 10
11 35 7 7 9 10 10 10 10 10 10 10 10 10 10 10 10 10 10 10 10 10 10 10 10 10 10 10 10 10 10 10 10 10 10 10 10
11 36 7 7 9 10 10 10 10 10 10 10 10 10 10 10 10 10 10 10 10 10 10 10 10 10 10 10 10 10 10 10 10 10 10 10 10 10
11 37 7 7 9 10 10 10 10 10 10 10 10 10 10 10 10 10 10 10 10 10 10 10 10 10 10 10 10 10 10 10 10 10 10 10 10 10 10
11 38 7 7 9 10 10 10 10 10 10 10 10 10 10 10 10 10 10 10 10 10 10 10 10 10 10 10 10 10 10 10 10 10 10 10 10 10 10 10
11 39 7 7 9 10 10 10 10 10 10 10 10 10 10 10 10 10 10 10 10 10 10 10 10 10 10 10 10 10 10 10 10 10 10 10 10 10 10 10 10
11 40 7 7 9 10 10 10 10 10 10 10 10 10 10 10 10 10 10 10 10 10 10 10 10 10 10 10 10 10 10 10 10 10 10 10 10 10 10 10 10 10
11 3 7 8 8
11 4 7 8 8 10
11 5 7 8 8 10 10
11 6 7 8 8 10 10 10
11 7 7 8 8 10 10 10 10
11 8 7 8 8 10 10 10 10 10
11 9 7 8 8 10 10 10 10 10 10
11 10 7 8 8 10 10 10 10 10 10 10
11 11 7 8 8 10 10 10 10 10 10 10 10
11 12 7 8 8 10 10 10 10 10 10 10 10 10
11 13 7 8 8 10 10 10 10 10 10 10 10 10 10
11 14 7 8 8 10 10 10 10 10 10 10 10 10 10 10
11 15 7 8 8 10 10 10 10 10 10 10 10 10 10 10 10
11 16 7 8 8 10 10 10 10 10 10 10 10 10 10 10 10 10
11 17 7 8 8 10 10 10 10 10 10 10 10 10 10 10 10 10 10
11 18 7 8 8 10 10 10 10 10 10 10 10 10 10 10 10 10 10 10
11 19 7 8 8 10 10 10 10 10 10 10 10 10 10 10 10 10 10 10 10
11 20 7 8 8 10 10 10 10 10 10 10 10 10 10 10 10 10 10 10 10 10
11 21 7 8 8 10 10 10 10 10 10 10 10 10 10 10 10 10 10 10 10 10 10
11 22 7 8 8 10 10 10 10 10 10 10 10 10 10 10 10 10 10 10 10 10 10 10
11 23 7 8 8 10 10 10 10 10 10 10 10 10 10 10 10 10 10 10 10 10 10 10 10
11 24 7 8 8 10 10 10 10 10 10 10 10 10 10 10 10 10 10 10 10 10 10 10 10 10
11 25 7 8 8 10 10 10 10 10 10 10 10 10 10 10 10 10 10 10 10 10 10 10 10 10 10
11 26 7 8 8 10 10 10 10 10 10 10 10 10 10 10 10 10 10 10 10 10 10 10 10 10 10 10
11 27 7 8 8 10 10 10 10 10 10 10 10 10 10 10 10 10 10 10 10 10 10 10 10 10 10 10 10
11 28 7 8 8 10 10 10 10 10 10 10 10 10 10 10 10 10 10 10 10 10 10 10 10 10 10 10 10 10
11 29 7 8 8 10 10 10 10 10 10 10 10 10 10 10 10 10 10 10 10 10 10 10 10 10 10 10 10 10 10
11 30 7 8 8 10 10 10 10 10 10 10 10 10 10 10 10 10 10 10 10 10 10 10 10 10 10 10 10 10 10 10
11 31 7 8 8 10 10 10 10 10 10 10 10 10 10 10 10 10 10 10 10 10 10 10 10 10 10 10 10 10 10 10 10
11 32 7 8 8 10 10 10 10 10 10 10 10 10 10 10 10 10 10 10 10 10 10 10 10 10 10 10 10 10 10 10 10 10
11 33 7 8 8 10 10 10 10 10 10 10 10 10 10 10 10 10 10 10 10 10 10 10 10 10 10 10 10 10 10 10 10 10 10
11 34 7 8 8 10 10 10 10 10 10 10 10 10 10 10 10 10 10 10 10 10 10 10 10 10 10 10 10 10 10 10 10 10 10 10
11 35 7 8 8 10 10 10 10 10 10 10 10 10 10 10 10 10 10 10 10 10 10 10 10 10 10 10 10 10 10 10 10 10 10 10 10
11 36 7 8 8 10 10 10 10 10 10 10 10 10 10 10 10 10 10 10 10 10 10 10 10 10 10 10 10 10 10 10 10 10 10 10 10 10
11 37 7 8 8 10 10 10 10 10 10 10 10 10 10 10 10 10 10 10 10 10 10 10 10 10 10 10 10 10 10 10 10 10 10 10 10 10 10
11 38 7 8 8 10 10 10 10 10 10 10 10 10 10 10 10 10 10 10 10 10 10 10 10 10 10 10 10 10 10 10 10 10 10 10 10 10 10 10
11 39 7 8 8 10 10 10 10 10 10 10 10 10 10 10 10 10 10 10 10 10 10 10 10 10 10 10 10 10 10 10 10 10 10 10 10 10 10 10 10
11 40 7 8 8 10 10 10 10 10 10 10 10 10 10 10 10 10 10 10 10 10 10 10 10 10 10 10 10 10 10 10 10 10 10 10 10 10 10 10 10 10
11 3 7 8 9
11 4 7 8 9 10
11 5 7 8 9 10 10
11 6 7 8 9 10 10 10
11 7 7 8 9 10 10 10 10
11 8 7 8 9 10 10 10 10 10
11 9 7 8 9 10 10 10 10 10 10
11 10 7 8 9 10 10 10 10 10 10 10
11 11 7 8 9 10 10 10 10 10 10 10 10
11 12 7 8 9 10 10 10 10 10 10 10 10 10
11 13 7 8 9 10 10 10 10 10 10 10 10 10 10
11 14 7 8 9 10 10 10 10 10 10 10 10 10 10 10
11 15 7 8 9 10 10 10 10 10 10 10 10 10 10 10 10
11 16 7 8 9 10 10 10 10 10 10 10 10 10 10 10 10 10
11 17 7 8 9 10 10 10 10 10 10 10 10 10 10 10 10 10 10
11 18 7 8 9 10 10 10 10 10 10 10 10 10 10 10 10 10 10 10
11 19 7 8 9 10 10 10 10 10 10 10 10 10 10 10 10 10 10 10 10
11 20 7 8 9 10 10 10 10 10 10 10 10 10 10 10 10 10 10 10 10 10
11 21 7 8 9 10 10 10 10 10 10 10 10 10 10 10 10 10 10 10 10 10 10
11 22 7 8 9 10 10 10 10 10 10 10 10 10 10 10 10 10 10 10 10 10 10 10
11 23 7 8 9 10 10 10 10 10 10 10 10 10 10 10 10 10 10 10 10 10 10 10 10
11 24 7 8 9 10 10 10 10 10 10 10 10 10 10 10 10 10 10 10 10 10 10 10 10 10
11 25 7 8 9 10 10 10 10 10 10 10 10 10 10 10 10 10 10 10 10 10 10 10 10 10 10
11 26 7 8 9 10 10 10 10 10 10 10 10 10 10 10 10 10 10 10 10 10 10 10 10 10 10 10
11 27 7 8 9 10 10 10 10 10 10 10 10 10 10 10 10 10 10 10 10 10 10 10 10 10 10 10 10
11 28 7 8 9 10 10 10 10 10 10 10 10 10 10 10 10 10 10 10 10 10 10 10 10 10 10 10 10 10
11 29 7 8 9 10 10 10 10 10 10 10 10 10 10 10 10 10 10 10 10 10 10 10 10 10 10 10 10 10 10
11 30 7 8 9 10 10 10 10 10 10 10 10 10 10 10 10 10 10 10 10 10 10 10 10 10 10 10 10 10 10 10
11 31 7 8 9 10 10 10 10 10 10 10 10 10 10 10 10 10 10 10 10 10 10 10 10 10 10 10 10 10 10 10 10
11 32 7 8 9 10 10 10 10 10 10 10 10 10 10 10 10 10 10 10 10 10 10 10 10 10 10 10 10 10 10 10 10 10
11 33 7 8 9 10 10 10 10 10 10 10 10 10 10 10 10 10 10 10 10 10 10 10 10 10 10 10 10 10 10 10 10 10 10
11 34 7 8 9 10 10 10 10 10 10 10 10 10 10 10 10 10 10 10 10 10 10 10 10 10 10 10 10 10 10 10 10 10 10 10
11 35 7 8 9 10 10 10 10 10 10 10 10 10 10 10 10 10 10 10 10 10 10 10 10 10 10 10 10 10 10 10 10 10 10 10 10
11 36 7 8 9 10 10 10 10 10 10 10 10 10 10 10 10 10 10 10 10 10 10 10 10 10 10 10 10 10 10 10 10 10 10 10 10 10
11 37 7 8 9 10 10 10 10 10 10 10 10 10 10 10 10 10 10 10 10 10 10 10 10 10 10 10 10 10 10 10 10 10 10 10 10 10 10
11 38 7 8 9 10 10 10 10 10 10 10 10 10 10 10 10 10 10 10 10 10 10 10 10 10 10 10 10 10 10 10 10 10 10 10 10 10 10 10
11 39 7 8 9 10 10 10 10 10 10 10 10 10 10 10 10 10 10 10 10 10 10 10 10 10 10 10 10 10 10 10 10 10 10 10 10 10 10 10 10
11 40 7 8 9 10 10 10 10 10 10 10 10 10 10 10 10 10 10 10 10 10 10 10 10 10 10 10 10 10 10 10 10 10 10 10 10 10 10 10 10 10
11 3 7 9 9
11 4 7 9 9 10
11 5 7 9 9 10 10
11 6 7 9 9 10 10 10
11 7 7 9 9 10 10 10 10
11 8 7 9 9 10 10 10 10 10
11 9 7 9 9 10 10 10 10 10 10
11 10 7 9 9 10 10 10 10 10 10 10
11 11 7 9 9 10 10 10 10 10 10 10 10
11 12 7 9 9 10 10 10 10 10 10 10 10 10
11 13 7 9 9 10 10 10 10 10 10 10 10 10 10
11 14 7 9 9 10 10 10 10 10 10 10 10 10 10 10
11 15 7 9 9 10 10 10 10 10 10 10 10 10 10 10 10
11 16 7 9 9 10 10 10 10 10 10 10 10 10 10 10 10 10
11 17 7 9 9 10 10 10 10 10 10 10 10 10 10 10 10 10 10
11 18 7 9 9 10 10 10 10 10 10 10 10 10 10 10 10 10 10 10
11 19 7 9 9 10 10 10 10 10 10 10 10 10 10 10 10 10 10 10 10
11 20 7 9 9 10 10 10 10 10 10 10 10 10 10 10 10 10 10 10 10 10
11 21 7 9 9 10 10 10 10 10 10 10 10 10 10 10 10 10 10 10 10 10 10
11 22 7 9 9 10 10 10 10 10 10 10 10 10 10 10 10 10 10 10 10 10 10 10
11 23 7 9 9 10 10 10 10 10 10 10 10 10 10 10 10 10 10 10 10 10 10 10 10
11 24 7 9 9 10 10 10 10 10 10 10 10 10 10 10 10 10 10 10 10 10 10 10 10 10
11 25 7 9 9 10 10 10 10 10 10 10 10 10 10 10 10 10 10 10 10 10 10 10 10 10 10
11 26 7 9 9 10 10 10 10 10 10 10 10 10 10 10 10 10 10 10 10 10 10 10 10 10 10 10
11 27 7 9 9 10 10 10 10 10 10 10 10 10 10 10 10 10 10 10 10 10 10 10 10 10 10 10 10
11 28 7 9 9 10 10 10 10 10 10 10 10 10 10 10 10 10 10 10 10 10 10 10 10 10 10 10 10 10
11 29 7 9 9 10 10 10 10 10 10 10 10 10 10 10 10 10 10 10 10 10 10 10 10 10 10 10 10 10 10
11 30 7 9 9 10 10 10 10 10 10 10 10 10 10 10 10 10 10 10 10 10 10 10 10 10 10 10 10 10 10 10
11 31 7 9 9 10 10 10 10 10 10 10 10 10 10 10 10 10 10 10 10 10 10 10 10 10 10 10 10 10 10 10 10
11 32 7 9 9 10 10 10 10 10 10 10 10 10 10 10 10 10 10 10 10 10 10 10 10 10 10 10 10 10 10 10 10 10
11 33 7 9 9 10 10 10 10 10 10 10 10 10 10 10 10 10 10 10 10 10 10 10 10 10 10 10 10 10 10 10 10 10 10
11 34 7 9 9 10 10 10 10 10 10 10 10 10 10 10 10 10 10 10 10 10 10 10 10 10 10 10 10 10 10 10 10 10 10 10
11 35 7 9 9 10 10 10 10 10 10 10 10 10 10 10 10 10 10 10 10 10 10 10 10 10 10 10 10 10 10 10 10 10 10 10 10
11 36 7 9 9 10 10 10 10 10 10 10 10 10 10 10 10 10 10 10 10 10 10 10 10 10 10 10 10 10 10 10 10 10 10 10 10 10
11 37 7 9 9 10 10 10 10 10 10 10 10 10 10 10 10 10 10 10 10 10 10 10 10 10 10 10 10 10 10 10 10 10 10 10 10 10 10
11 38 7 9 9 10 10 10 10 10 10 10 10 10 10 10 10 10 10 10 10 10 10 10 10 10 10 10 10 10 10 10 10 10 10 10 10 10 10 10
11 39 7 9 9 10 10 10 10 10 10 10 10 10 10 10 10 10 10 10 10 10 10 10 10 10 10 10 10 10 10 10 10 10 10 10 10 10 10 10 10
11 40 7 9 9 10 10 10 10 10 10 10 10 10 10 10 10 10 10 10 10 10 10 10 10 10 10 10 10 10 10 10 10 10 10 10 10 10 10 10 10 10
11 3 8 8 8
11 4 8 8 8 10
11 5 8 8 8 10 10
11 6 8 8 8 10 10 10
11 7 8 8 8 10 10 10 10
11 8 8 8 8 10 10 10 10 10
11 9 8 8 8 10 10 10 10 10 10
11 10 8 8 8 10 10 10 10 10 10 10
11 11 8 8 8 10 10 10 10 10 10 10 10
11 12 8 8 8 10 10 10 10 10 10 10 10 10
11 13 8 8 8 10 10 10 10 10 10 10 10 10 10
11 14 8 8 8 10 10 10 10 10 10 10 10 10 10 10
11 15 8 8 8 10 10 10 10 10 10 10 10 10 10 10 10
11 16 8 8 8 10 10 10 10 10 10 10 10 10 10 10 10 10
11 17 8 8 8 10 10 10 10 10 10 10 10 10 10 10 10 10 10
11 18 8 8 8 10 10 10 10 10 10 10 10 10 10 10 10 10 10 10
11 19 8 8 8 10 10 10 10 10 10 10 10 10 10 10 10 10 10 10 10
11 20 8 8 8 10 10 10 10 10 10 10 10 10 10 10 10 10 10 10 10 10
11 21 8 8 8 10 10 10 10 10 10 10 10 10 10 10 10 10 10 10 10 10 10
11 22 8 8 8 10 10 10 10 10 10 10 10 10 10 10 10 10 10 10 10 10 10 10
11 23 8 8 8 10 10 10 10 10 10 10 10 10 10 10 10 10 10 10 10 10 10 10 10
11 24 8 8 8 10 10 10 10 10 10 10 10 10 10 10 10 10 10 10 10 10 10 10 10 10
11 25 8 8 8 10 10 10 10 10 10 10 10 10 10 10 10 10 10 10 10 10 10 10 10 10 10
11 26 8 8 8 10 10 10 10 10 10 10 10 10 10 10 10 10 10 10 10 10 10 10 10 10 10 10
11 27 8 8 8 10 10 10 10 10 10 10 10 10 10 10 10 10 10 10 10 10 10 10 10 10 10 10 10
11 28 8 8 8 10 10 10 10 10 10 10 10 10 10 10 10 10 10 10 10 10 10 10 10 10 10 10 10 10
11 29 8 8 8 10 10 10 10 10 10 10 10 10 10 10 10 10 10 10 10 10 10 10 10 10 10 10 10 10 10
11 30 8 8 8 10 10 10 10 10 10 10 10 10 10 10 10 10 10 10 10 10 10 10 10 10 10 10 10 10 10 10
11 31 8 8 8 10 10 10 10 10 10 10 10 10 10 10 10 10 10 10 10 10 10 10 10 10 10 10 10 10 10 10 10
11 32 8 8 8 10 10 10 10 10 10 10 10 10 10 10 10 10 10 10 10 10 10 10 10 10 10 10 10 10 10 10 10 10
11 33 8 8 8 10 10 10 10 10 10 10 10 10 10 10 10 10 10 10 10 10 10 10 10 10 10 10 10 10 10 10 10 10 10
11 34 8 8 8 10 10 10 10 10 10 10 10 10 10 10 10 10 10 10 10 10 10 10 10 10 10 10 10 10 10 10 10 10 10 10
11 35 8 8 8 10 10 10 10 10 10 10 10 10 10 10 10 10 10 10 10 10 10 10 10 10 10 10 10 10 10 10 10 10 10 10 10
11 36 8 8 8 10 10 10 10 10 10 10 10 10 10 10 10 10 10 10 10 10 10 10 10 10 10 10 10 10 10 10 10 10 10 10 10 10
11 37 8 8 8 10 10 10 10 10 10 10 10 10 10 10 10 10 10 10 10 10 10 10 10 10 10 10 10 10 10 10 10 10 10 10 10 10 10
11 38 8 8 8 10 10 10 10 10 10 10 10 10 10 10 10 10 10 10 10 10 10 10 10 10 10 10 10 10 10 10 10 10 10 10 10 10 10 10
11 39 8 8 8 10 10 10 10 10 10 10 10 10 10 10 10 10 10 10 10 10 10 10 10 10 10 10 10 10 10 10 10 10 10 10 10 10 10 10 10
11 40 8 8 8 10 10 10 10 10 10 10 10 10 10 10 10 10 10 10 10 10 10 10 10 10 10 10 10 10 10 10 10 10 10 10 10 10 10 10 10 10
11 3 8 8 9
11 4 8 8 9 10
11 5 8 8 9 10 10
11 6 8 8 9 10 10 10
11 7 8 8 9 10 10 10 10
11 8 8 8 9 10 10 10 10 10
11 9 8 8 9 10 10 10 10 10 10
11 10 8 8 9 10 10 10 10 10 10 10
11 11 8 8 9 10 10 10 10 10 10 10 10
11 12 8 8 9 10 10 10 10 10 10 10 10 10
11 13 8 8 9 10 10 10 10 10 10 10 10 10 10
11 14 8 8 9 10 10 10 10 10 10 10 10 10 10 10
11 15 8 8 9 10 10 10 10 10 10 10 10 10 10 10 10
11 16 8 8 9 10 10 10 10 10 10 10 10 10 10 10 10 10
11 17 8 8 9 10 10 10 10 10 10 10 10 10 10 10 10 10 10
11 18 8 8 9 10 10 10 10 10 10 10 10 10 10 10 10 10 10 10
11 19 8 8 9 10 10 10 10 10 10 10 10 10 10 10 10 10 10 10 10
11 20 8 8 9 10 10 10 10 10 10 10 10 10 10 10 10 10 10 10 10 10
11 21 8 8 9 10 10 10 10 10 10 10 10 10 10 10 10 10 10 10 10 10 10
11 22 8 8 9 10 10 10 10 10 10 10 10 10 10 10 10 10 10 10 10 10 10 10
11 23 8 8 9 10 10 10 10 10 10 10 10 10 10 10 10 10 10 10 10 10 10 10 10
11 24 8 8 9 10 10 10 10 10 10 10 10 10 10 10 10 10 10 10 10 10 10 10 10 10
11 25 8 8 9 10 10 10 10 10 10 10 10 10 10 10 10 10 10 10 10 10 10 10 10 10 10
11 26 8 8 9 10 10 10 10 10 10 10 10 10 10 10 10 10 10 10 10 10 10 10 10 10 10 10
11 27 8 8 9 10 10 10 10 10 10 10 10 10 10 10 10 10 10 10 10 10 10 10 10 10 10 10 10
11 28 8 8 9 10 10 10 10 10 10 10 10 10 10 10 10 10 10 10 10 10 10 10 10 10 10 10 10 10
11 29 8 8 9 10 10 10 10 10 10 10 10 10 10 10 10 10 10 10 10 10 10 10 10 10 10 10 10 10 10
11 30 8 8 9 10 10 10 10 10 10 10 10 10 10 10 10 10 10 10 10 10 10 10 10 10 10 10 10 10 10 10
11 31 8 8 9 10 10 10 10 10 10 10 10 10 10 10 10 10 10 10 10 10 10 10 10 10 10 10 10 10 10 10 10
11 32 8 8 9 10 10 10 10 10 10 10 10 10 10 10 10 10 10 10 10 10 10 10 10 10 10 10 10 10 10 10 10 10
11 33 8 8 9 10 10 10 10 10 10 10 10 10 10 10 10 10 10 10 10 10 10 10 10 10 10 10 10 10 10 10 10 10 10
11 34 8 8 9 10 10 10 10 10 10 10 10 10 10 10 10 10 10 10 10 10 10 10 10 10 10 10 10 10 10 10 10 10 10 10
11 35 8 8 9 10 10 10 10 10 10 10 10 10 10 10 10 10 10 10 10 10 10 10 10 10 10 10 10 10 10 10 10 10 10 10 10
11 36 8 8 9 10 10 10 10 10 10 10 10 10 10 10 10 10 10 10 10 10 10 10 10 10 10 10 10 10 10 10 10 10 10 10 10 10
11 37 8 8 9 10 10 10 10 10 10 10 10 10 10 10 10 10 10 10 10 10 10 10 10 10 10 10 10 10 10 10 10 10 10 10 10 10 10
11 38 8 8 9 10 10 10 10 10 10 10 10 10 10 10 10 10 10 10 10 10 10 10 10 10 10 10 10 10 10 10 10 10 10 10 10 10 10 10
11 39 8 8 9 10 10 10 10 10 10 10 10 10 10 10 10 10 10 10 10 10 10 10 10 10 10 10 10 10 10 10 10 10 10 10 10 10 10 10 10
11 40 8 8 9 10 10 10 10 10 10 10 10 10 10 10 10 10 10 10 10 10 10 10 10 10 10 10 10 10 10 10 10 10 10 10 10 10 10 10 10 10
11 3 8 9 9
11 4 8 9 9 10
11 5 8 9 9 10 10
11 6 8 9 9 10 10 10
11 7 8 9 9 10 10 10 10
11 8 8 9 9 10 10 10 10 10
11 9 8 9 9 10 10 10 10 10 10
11 10 8 9 9 10 10 10 10 10 10 10
11 11 8 9 9 10 10 10 10 10 10 10 10
11 12 8 9 9 10 10 10 10 10 10 10 10 10
11 13 8 9 9 10 10 10 10 10 10 10 10 10 10
11 14 8 9 9 10 10 10 10 10 10 10 10 10 10 10
11 15 8 9 9 10 10 10 10 10 10 10 10 10 10 10 10
11 16 8 9 9 10 10 10 10 10 10 10 10 10 10 10 10 10
11 17 8 9 9 10 10 10 10 10 10 10 10 10 10 10 10 10 10
11 18 8 9 9 10 10 10 10 10 10 10 10 10 10 10 10 10 10 10
11 19 8 9 9 10 10 10 10 10 10 10 10 10 10 10 10 10 10 10 10
11 20 8 9 9 10 10 10 10 10 10 10 10 10 10 10 10 10 10 10 10 10
11 21 8 9 9 10 10 10 10 10 10 10 10 10 10 10 10 10 10 10 10 10 10
11 22 8 9 9 10 10 10 10 10 10 10 10 10 10 10 10 10 10 10 10 10 10 10
11 23 8 9 9 10 10 10 10 10 10 10 10 10 10 10 10 10 10 10 10 10 10 10 10
11 24 8 9 9 10 10 10 10 10 10 10 10 10 10 10 10 10 10 10 10 10 10 10 10 10
11 25 8 9 9 10 10 10 10 10 10 10 10 10 10 10 10 10 10 10 10 10 10 10 10 10 10
11 26 8 9 9 10 10 10 10 10 10 10 10 10 10 10 10 10 10 10 10 10 10 10 10 10 10 10
11 27 8 9 9 10 10 10 10 10 10 10 10 10 10 10 10 10 10 10 10 10 10 10 10 10 10 10 10
11 28 8 9 9 10 10 10 10 10 10 10 10 10 10 10 10 10 10 10 10 10 10 10 10 10 10 10 10 10
11 29 8 9 9 10 10 10 10 10 10 10 10 10 10 10 10 10 10 10 10 10 10 10 10 10 10 10 10 10 10
11 30 8 9 9 10 10 10 10 10 10 10 10 10 10 10 10 10 10 10 10 10 10 10 10 10 10 10 10 10 10 10
11 31 8 9 9 10 10 10 10 10 10 10 10 10 10 10 10 10 10 10 10 10 10 10 10 10 10 10 10 10 10 10 10
11 32 8 9 9 10 10 10 10 10 10 10 10 10 10 10 10 10 10 10 10 10 10 10 10 10 10 10 10 10 10 10 10 10
11 33 8 9 9 10 10 10 10 10 10 10 10 10 10 10 10 10 10 10 10 10 10 10 10 10 10 10 10 10 10 10 10 10 10
11 34 8 9 9 10 10 10 10 10 10 10 10 10 10 10 10 10 10 10 10 10 10 10 10 10 10 10 10 10 10 10 10 10 10 10
11 35 8 9 9 10 10 10 10 10 10 10 10 10 10 10 10 10 10 10 10 10 10 10 10 10 10 10 10 10 10 10 10 10 10 10 10
11 36 8 9 9 10 10 10 10 10 10 10 10 10 10 10 10 10 10 10 10 10 10 10 10 10 10 10 10 10 10 10 10 10 10 10 10 10
11 37 8 9 9 10 10 10 10 10 10 10 10 10 10 10 10 10 10 10 10 10 10 10 10 10 10 10 10 10 10 10 10 10 10 10 10 10 10
11 38 8 9 9 10 10 10 10 10 10 10 10 10 10 10 10 10 10 10 10 10 10 10 10 10 10 10 10 10 10 10 10 10 10 10 10 10 10 10
11 39 8 9 9 10 10 10 10 10 10 10 10 10 10 10 10 10 10 10 10 10 10 10 10 10 10 10 10 10 10 10 10 10 10 10 10 10 10 10 10
11 40 8 9 9 10 10 10 10 10 10 10 10 10 10 10 10 10 10 10 10 10 10 10 10 10 10 10 10 10 10 10 10 10 10 10 10 10 10 10 10 10
11 3 9 9 9
11 4 9 9 9 10
11 5 9 9 9 10 10
11 6 9 9 9 10 10 10
11 7 9 9 9 10 10 10 10
11 8 9 9 9 10 10 10 10 10
11 9 9 9 9 10 10 10 10 10 10
11 10 9 9 9 10 10 10 10 10 10 10
11 11 9 9 9 10 10 10 10 10 10 10 10
11 12 9 9 9 10 10 10 10 10 10 10 10 10
11 13 9 9 9 10 10 10 10 10 10 10 10 10 10
11 14 9 9 9 10 10 10 10 10 10 10 10 10 10 10
11 15 9 9 9 10 10 10 10 10 10 10 10 10 10 10 10
11 16 9 9 9 10 10 10 10 10 10 10 10 10 10 10 10 10
11 17 9 9 9 10 10 10 10 10 10 10 10 10 10 10 10 10 10
11 18 9 9 9 10 10 10 10 10 10 10 10 10 10 10 10 10 10 10
11 19 9 9 9 10 10 10 10 10 10 10 10 10 10 10 10 10 10 10 10
11 20 9 9 9 10 10 10 10 10 10 10 10 10 10 10 10 10 10 10 10 10
11 21 9 9 9 10 10 10 10 10 10 10 10 10 10 10 10 10 10 10 10 10 10
11 22 9 9 9 10 10 10 10 10 10 10 10 10 10 10 10 10 10 10 10 10 10 10
11 23 9 9 9 10 10 10 10 10 10 10 10 10 10 10 10 10 10 10 10 10 10 10 10
11 24 9 9 9 10 10 10 10 10 10 10 10 10 10 10 10 10 10 10 10 10 10 10 10 10
11 25 9 9 9 10 10 10 10 10 10 10 10 10 10 10 10 10 10 10 10 10 10 10 10 10 10
11 26 9 9 9 10 10 10 10 10 10 10 10 10 10 10 10 10 10 10 10 10 10 10 10 10 10 10
11 27 9 9 9 10 10 10 10 10 10 10 10 10 10 10 10 10 10 10 10 10 10 10 10 10 10 10 10
11 28 9 9 9 10 10 10 10 10 10 10 10 10 10 10 10 10 10 10 10 10 10 10 10 10 10 10 10 10
11 29 9 9 9 10 10 10 10 10 10 10 10 10 10 10 10 10 10 10 10 10 10 10 10 10 10 10 10 10 10
11 30 9 9 9 10 10 10 10 10 10 10 10 10 10 10 10 10 10 10 10 10 10 10 10 10 10 10 10 10 10 10
11 31 9 9 9 10 10 10 10 10 10 10 10 10 10 10 10 10 10 10 10 10 10 10 10 10 10 10 10 10 10 10 10
11 32 9 9 9 10 10 10 10 10 10 10 10 10 10 10 10 10 10 10 10 10 10 10 10 10 10 10 10 10 10 10 10 10
11 33 9 9 9 10 10 10 10 10 10 10 10 10 10 10 10 10 10 10 10 10 10 10 10 10 10 10 10 10 10 10 10 10 10
11 34 9 9 9 10 10 10 10 10 10 10 10 10 10 10 10 10 10 10 10 10 10 10 10 10 10 10 10 10 10 10 10 10 10 10
11 35 9 9 9 10 10 10 10 10 10 10 10 10 10 10 10 10 10 10 10 10 10 10 10 10 10 10 10 10 10 10 10 10 10 10 10
11 36 9 9 9 10 10 10 10 10 10 10 10 10 10 10 10 10 10 10 10 10 10 10 10 10 10 10 10 10 10 10 10 10 10 10 10 10
11 37 9 9 9 10 10 10 10 10 10 10 10 10 10 10 10 10 10 10 10 10 10 10 10 10 10 10 10 10 10 10 10 10 10 10 10 10 10
11 38 9 9 9 10 10 10 10 10 10 10 10 10 10 10 10 10 10 10 10 10 10 10 10 10 10 10 10 10 10 10 10 10 10 10 10 10 10 10
11 39 9 9 9 10 10 10 10 10 10 10 10 10 10 10 10 10 10 10 10 10 10 10 10 10 10 10 10 10 10 10 10 10 10 10 10 10 10 10 10
11 40 9 9 9 10 10 10 10 10 10 10 10 10 10 10 10 10 10 10 10 10 10 10 10 10 10 10 10 10 10 10 10 10 10 10 10 10 10 10 10 10
