9 3 2 2 2
9 4 2 2 2 8
9 5 2 2 2 8 8
9 6 2 2 2 8 8 8
9 7 2 2 2 8 8 8 8
9 8 2 2 2 8 8 8 8 8
9 9 2 2 2 8 8 8 8 8 8
9 10 2 2 2 8 8 8 8 8 8 8
9 11 2 2 2 8 8 8 8 8 8 8 8
9 12 2 2 2 8 8 8 8 8 8 8 8 8
9 13 2 2 2 8 8 8 8 8 8 8 8 8 8
9 14 2 2 2 8 8 8 8 8 8 8 8 8 8 8
9 15 2 2 2 8 8 8 8 8 8 8 8 8 8 8 8
9 16 2 2 2 8 8 8 8 8 8 8 8 8 8 8 8 8
9 17 2 2 2 8 8 8 8 8 8 8 8 8 8 8 8 8 8
9 18 2 2 2 8 8 8 8 8 8 8 8 8 8 8 8 8 8 8
9 19 2 2 2 8 8 8 8 8 8 8 8 8 8 8 8 8 8 8 8
9 20 2 2 2 8 8 8 8 8 8 8 8 8 8 8 8 8 8 8 8 8
9 21 2 2 2 8 8 8 8 8 8 8 8 8 8 8 8 8 8 8 8 8 8
9 22 2 2 2 8 8 8 8 8 8 8 8 8 8 8 8 8 8 8 8 8 8 8
9 23 2 2 2 8 8 8 8 8 8 8 8 8 8 8 8 8 8 8 8 8 8 8 8
9 24 2 2 2 8 8 8 8 8 8 8 8 8 8 8 8 8 8 8 8 8 8 8 8 8
9 25 2 2 2 8 8 8 8 8 8 8 8 8 8 8 8 8 8 8 8 8 8 8 8 8 8
9 26 2 2 2 8 8 8 8 8 8 8 8 8 8 8 8 8 8 8 8 8 8 8 8 8 8 8
9 27 2 2 2 8 8 8 8 8 8 8 8 8 8 8 8 8 8 8 8 8 8 8 8 8 8 8 8
9 28 2 2 2 8 8 8 8 8 8 8 8 8 8 8 8 8 8 8 8 8 8 8 8 8 8 8 8 8
9 29 2 2 2 8 8 8 8 8 8 8 8 8 8 8 8 8 8 8 8 8 8 8 8 8 8 8 8 8 8
9 30 2 2 2 8 8 8 8 8 8 8 8 8 8 8 8 8 8 8 8 8 8 8 8 8 8 8 8 8 8 8
9 31 2 2 2 8 8 8 8 8 8 8 8 8 8 8 8 8 8 8 8 8 8 8 8 8 8 8 8 8 8 8 8
9 32 2 2 2 8 8 8 8 8 8 8 8 8 8 8 8 8 8 8 8 8 8 8 8 8 8 8 8 8 8 8 8 8
9 33 2 2 2 8 8 8 8 8 8 8 8 8 8 8 8 8 8 8 8 8 8 8 8 8 8 8 8 8 8 8 8 8 8
9 34 2 2 2 8 8 8 8 8 8 8 8 8 8 8 8 8 8 8 8 8 8 8 8 8 8 8 8 8 8 8 8 8 8 8
9 35 2 2 2 8 8 8 8 8 8 8 8 8 8 8 8 8 8 8 8 8 8 8 8 8 8 8 8 8 8 8 8 8 8 8 8
9 36 2 2 2 8 8 8 8 8 8 8 8 8 8 8 8 8 8 8 8 8 8 8 8 8 8 8 8 8 8 8 8 8 8 8 8 8
9 37 2 2 2 8 8 8 8 8 8 8 8 8 8 8 8 8 8 8 8 8 8 8 8 8 8 8 8 8 8 8 8 8 8 8 8 8 8
9 38 2 2 2 8 8 8 8 8 8 8 8 8 8 8 8 8 8 8 8 8 8 8 8 8 8 8 8 8 8 8 8 8 8 8 8 8 8 8
9 39 2 2 2 8 8 8 8 8 8 8 8 8 8 8 8 8 8 8 8 8 8 8 8 8 8 8 8 8 8 8 8 8 8 8 8 8 8 8 8
9 40 2 2 2 8 8 8 8 8 8 8 8 8 8 8 8 8 8 8 8 8 8 8 8 8 8 8 8 8 8 8 8 8 8 8 8 8 8 8 8 8
9 3 2 2 3
9 4 2 2 3 8
9 5 2 2 3 8 8
9 6 2 2 3 8 8 8
9 7 2 2 3 8 8 8 8
9 8 2 2 3 8 8 8 8 8
9 9 2 2 3 8 8 8 8 8 8
9 10 2 2 3 8 8 8 8 8 8 8
9 11 2 2 3 8 8 8 8 8 8 8 8
9 12 2 2 3 8 8 8 8 8 8 8 8 8
9 13 2 2 3 8 8 8 8 8 8 8 8 8 8
9 14 2 2 3 8 8 8 8 8 8 8 8 8 8 8
9 15 2 2 3 8 8 8 8 8 8 8 8 8 8 8 8
9 16 2 2 3 8 8 8 8 8 8 8 8 8 8 8 8 8
9 17 2 2 3 8 8 8 8 8 8 8 8 8 8 8 8 8 8
9 18 2 2 3 8 8 8 8 8 8 8 8 8 8 8 8 8 8 8
9 19 2 2 3 8 8 8 8 8 8 8 8 8 8 8 8 8 8 8 8
9 20 2 2 3 8 8 8 8 8 8 8 8 8 8 8 8 8 8 8 8 8
9 21 2 2 3 8 8 8 8 8 8 8 8 8 8 8 8 8 8 8 8 8 8
9 22 2 2 3 8 8 8 8 8 8 8 8 8 8 8 8 8 8 8 8 8 8 8
9 23 2 2 3 8 8 8 8 8 8 8 8 8 8 8 8 8 8 8 8 8 8 8 8
9 24 2 2 3 8 8 8 8 8 8 8 8 8 8 8 8 8 8 8 8 8 8 8 8 8
9 25 2 2 3 8 8 8 8 8 8 8 8 8 8 8 8 8 8 8 8 8 8 8 8 8 8
9 26 2 2 3 8 8 8 8 8 8 8 8 8 8 8 8 8 8 8 8 8 8 8 8 8 8 8
9 27 2 2 3 8 8 8 8 8 8 8 8 8 8 8 8 8 8 8 8 8 8 8 8 8 8 8 8
9 28 2 2 3 8 8 8 8 8 8 8 8 8 8 8 8 8 8 8 8 8 8 8 8 8 8 8 8 8
9 29 2 2 3 8 8 8 8 8 8 8 8 8 8 8 8 8 8 8 8 8 8 8 8 8 8 8 8 8 8
9 30 2 2 3 8 8 8 8 8 8 8 8 8 8 8 8 8 8 8 8 8 8 8 8 8 8 8 8 8 8 8
9 31 2 2 3 8 8 8 8 8 8 8 8 8 8 8 8 8 8 8 8 8 8 8 8 8 8 8 8 8 8 8 8
9 32 2 2 3 8 8 8 8 8 8 8 8 8 8 8 8 8 8 8 8 8 8 8 8 8 8 8 8 8 8 8 8 8
9 33 2 2 3 8 8 8 8 8 8 8 8 8 8 8 8 8 8 8 8 8 8 8 8 8 8 8 8 8 8 8 8 8 8
9 34 2 2 3 8 8 8 8 8 8 8 8 8 8 8 8 8 8 8 8 8 8 8 8 8 8 8 8 8 8 8 8 8 8 8
9 35 2 2 3 8 8 8 8 8 8 8 8 8 8 8 8 8 8 8 8 8 8 8 8 8 8 8 8 8 8 8 8 8 8 8 8
9 36 2 2 3 8 8 8 8 8 8 8 8 8 8 8 8 8 8 8 8 8 8 8 8 8 8 8 8 8 8 8 8 8 8 8 8 8
9 37 2 2 3 8 8 8 8 8 8 8 8 8 8 8 8 8 8 8 8 8 8 8 8 8 8 8 8 8 8 8 8 8 8 8 8 8 8
9 38 2 2 3 8 8 8 8 8 8 8 8 8 8 8 8 8 8 8 8 8 8 8 8 8 8 8 8 8 8 8 8 8 8 8 8 8 8 8
9 39 2 2 3 8 8 8 8 8 8 8 8 8 8 8 8 8 8 8 8 8 8 8 8 8 8 8 8 8 8 8 8 8 8 8 8 8 8 8 8
9 40 2 2 3 8 8 8 8 8 8 8 8 8 8 8 8 8 8 8 8 8 8 8 8 8 8 8 8 8 8 8 8 8 8 8 8 8 8 8 8 8
9 3 2 2 4
9 4 2 2 4 8
9 5 2 2 4 8 8
9 6 2 2 4 8 8 8
9 7 2 2 4 8 8 8 8
9 8 2 2 4 8 8 8 8 8
9 9 2 2 4 8 8 8 8 8 8
9 10 2 2 4 8 8 8 8 8 8 8
9 11 2 2 4 8 8 8 8 8 8 8 8
9 12 2 2 4 8 8 8 8 8 8 8 8 8
9 13 2 2 4 8 8 8 8 8 8 8 8 8 8
9 14 2 2 4 8 8 8 8 8 8 8 8 8 8 8
9 15 2 2 4 8 8 8 8 8 8 8 8 8 8 8 8
9 16 2 2 4 8 8 8 8 8 8 8 8 8 8 8 8 8
9 17 2 2 4 8 8 8 8 8 8 8 8 8 8 8 8 8 8
9 18 2 2 4 8 8 8 8 8 8 8 8 8 8 8 8 8 8 8
9 19 2 2 4 8 8 8 8 8 8 8 8 8 8 8 8 8 8 8 8
9 20 2 2 4 8 8 8 8 8 8 8 8 8 8 8 8 8 8 8 8 8
9 21 2 2 4 8 8 8 8 8 8 8 8 8 8 8 8 8 8 8 8 8 8
9 22 2 2 4 8 8 8 8 8 8 8 8 8 8 8 8 8 8 8 8 8 8 8
9 23 2 2 4 8 8 8 8 8 8 8 8 8 8 8 8 8 8 8 8 8 8 8 8
9 24 2 2 4 8 8 8 8 8 8 8 8 8 8 8 8 8 8 8 8 8 8 8 8 8
9 25 2 2 4 8 8 8 8 8 8 8 8 8 8 8 8 8 8 8 8 8 8 8 8 8 8
9 26 2 2 4 8 8 8 8 8 8 8 8 8 8 8 8 8 8 8 8 8 8 8 8 8 8 8
9 27 2 2 4 8 8 8 8 8 8 8 8 8 8 8 8 8 8 8 8 8 8 8 8 8 8 8 8
9 28 2 2 4 8 8 8 8 8 8 8 8 8 8 8 8 8 8 8 8 8 8 8 8 8 8 8 8 8
9 29 2 2 4 8 8 8 8 8 8 8 8 8 8 8 8 8 8 8 8 8 8 8 8 8 8 8 8 8 8
9 30 2 2 4 8 8 8 8 8 8 8 8 8 8 8 8 8 8 8 8 8 8 8 8 8 8 8 8 8 8 8
9 31 2 2 4 8 8 8 8 8 8 8 8 8 8 8 8 8 8 8 8 8 8 8 8 8 8 8 8 8 8 8 8
9 32 2 2 4 8 8 8 8 8 8 8 8 8 8 8 8 8 8 8 8 8 8 8 8 8 8 8 8 8 8 8 8 8
9 33 2 2 4 8 8 8 8 8 8 8 8 8 8 8 8 8 8 8 8 8 8 8 8 8 8 8 8 8 8 8 8 8 8
9 34 2 2 4 8 8 8 8 8 8 8 8 8 8 8 8 8 8 8 8 8 8 8 8 8 8 8 8 8 8 8 8 8 8 8
9 35 2 2 4 8 8 8 8 8 8 8 8 8 8 8 8 8 8 8 8 8 8 8 8 8 8 8 8 8 8 8 8 8 8 8 8
9 36 2 2 4 8 8 8 8 8 8 8 8 8 8 8 8 8 8 8 8 8 8 8 8 8 8 8 8 8 8 8 8 8 8 8 8 8
9 37 2 2 4 8 8 8 8 8 8 8 8 8 8 8 8 8 8 8 8 8 8 8 8 8 8 8 8 8 8 8 8 8 8 8 8 8 8
9 38 2 2 4 8 8 8 8 8 8 8 8 8 8 8 8 8 8 8 8 8 8 8 8 8 8 8 8 8 8 8 8 8 8 8 8 8 8 8
9 39 2 2 4 8 8 8 8 8 8 8 8 8 8 8 8 8 8 8 8 8 8 8 8 8 8 8 8 8 8 8 8 8 8 8 8 8 8 8 8
9 40 2 2 4 8 8 8 8 8 8 8 8 8 8 8 8 8 8 8 8 8 8 8 8 8 8 8 8 8 8 8 8 8 8 8 8 8 8 8 8 8
9 3 2 2 5
9 4 2 2 5 8
9 5 2 2 5 8 8
9 6 2 2 5 8 8 8
9 7 2 2 5 8 8 8 8
9 8 2 2 5 8 8 8 8 8
9 9 2 2 5 8 8 8 8 8 8
9 10 2 2 5 8 8 8 8 8 8 8
9 11 2 2 5 8 8 8 8 8 8 8 8
9 12 2 2 5 8 8 8 8 8 8 8 8 8
9 13 2 2 5 8 8 8 8 8 8 8 8 8 8
9 14 2 2 5 8 8 8 8 8 8 8 8 8 8 8
9 15 2 2 5 8 8 8 8 8 8 8 8 8 8 8 8
9 16 2 2 5 8 8 8 8 8 8 8 8 8 8 8 8 8
9 17 2 2 5 8 8 8 8 8 8 8 8 8 8 8 8 8 8
9 18 2 2 5 8 8 8 8 8 8 8 8 8 8 8 8 8 8 8
9 19 2 2 5 8 8 8 8 8 8 8 8 8 8 8 8 8 8 8 8
9 20 2 2 5 8 8 8 8 8 8 8 8 8 8 8 8 8 8 8 8 8
9 21 2 2 5 8 8 8 8 8 8 8 8 8 8 8 8 8 8 8 8 8 8
9 22 2 2 5 8 8 8 8 8 8 8 8 8 8 8 8 8 8 8 8 8 8 8
9 23 2 2 5 8 8 8 8 8 8 8 8 8 8 8 8 8 8 8 8 8 8 8 8
9 24 2 2 5 8 8 8 8 8 8 8 8 8 8 8 8 8 8 8 8 8 8 8 8 8
9 25 2 2 5 8 8 8 8 8 8 8 8 8 8 8 8 8 8 8 8 8 8 8 8 8 8
9 26 2 2 5 8 8 8 8 8 8 8 8 8 8 8 8 8 8 8 8 8 8 8 8 8 8 8
9 27 2 2 5 8 8 8 8 8 8 8 8 8 8 8 8 8 8 8 8 8 8 8 8 8 8 8 8
9 28 2 2 5 8 8 8 8 8 8 8 8 8 8 8 8 8 8 8 8 8 8 8 8 8 8 8 8 8
9 29 2 2 5 8 8 8 8 8 8 8 8 8 8 8 8 8 8 8 8 8 8 8 8 8 8 8 8 8 8
9 30 2 2 5 8 8 8 8 8 8 8 8 8 8 8 8 8 8 8 8 8 8 8 8 8 8 8 8 8 8 8
9 31 2 2 5 8 8 8 8 8 8 8 8 8 8 8 8 8 8 8 8 8 8 8 8 8 8 8 8 8 8 8 8
9 32 2 2 5 8 8 8 8 8 8 8 8 8 8 8 8 8 8 8 8 8 8 8 8 8 8 8 8 8 8 8 8 8
9 33 2 2 5 8 8 8 8 8 8 8 8 8 8 8 8 8 8 8 8 8 8 8 8 8 8 8 8 8 8 8 8 8 8
9 34 2 2 5 8 8 8 8 8 8 8 8 8 8 8 8 8 8 8 8 8 8 8 8 8 8 8 8 8 8 8 8 8 8 8
9 35 2 2 5 8 8 8 8 8 8 8 8 8 8 8 8 8 8 8 8 8 8 8 8 8 8 8 8 8 8 8 8 8 8 8 8
9 36 2 2 5 8 8 8 8 8 8 8 8 8 8 8 8 8 8 8 8 8 8 8 8 8 8 8 8 8 8 8 8 8 8 8 8 8
9 37 2 2 5 8 8 8 8 8 8 8 8 8 8 8 8 8 8 8 8 8 8 8 8 8 8 8 8 8 8 8 8 8 8 8 8 8 8
9 38 2 2 5 8 8 8 8 8 8 8 8 8 8 8 8 8 8 8 8 8 8 8 8 8 8 8 8 8 8 8 8 8 8 8 8 8 8 8
9 39 2 2 5 8 8 8 8 8 8 8 8 8 8 8 8 8 8 8 8 8 8 8 8 8 8 8 8 8 8 8 8 8 8 8 8 8 8 8 8
9 40 2 2 5 8 8 8 8 8 8 8 8 8 8 8 8 8 8 8 8 8 8 8 8 8 8 8 8 8 8 8 8 8 8 8 8 8 8 8 8 8
9 3 2 2 6
9 4 2 2 6 8
9 5 2 2 6 8 8
9 6 2 2 6 8 8 8
9 7 2 2 6 8 8 8 8
9 8 2 2 6 8 8 8 8 8
9 9 2 2 6 8 8 8 8 8 8
9 10 2 2 6 8 8 8 8 8 8 8
9 11 2 2 6 8 8 8 8 8 8 8 8
9 12 2 2 6 8 8 8 8 8 8 8 8 8
9 13 2 2 6 8 8 8 8 8 8 8 8 8 8
9 14 2 2 6 8 8 8 8 8 8 8 8 8 8 8
9 15 2 2 6 8 8 8 8 8 8 8 8 8 8 8 8
9 16 2 2 6 8 8 8 8 8 8 8 8 8 8 8 8 8
9 17 2 2 6 8 8 8 8 8 8 8 8 8 8 8 8 8 8
9 18 2 2 6 8 8 8 8 8 8 8 8 8 8 8 8 8 8 8
9 19 2 2 6 8 8 8 8 8 8 8 8 8 8 8 8 8 8 8 8
9 20 2 2 6 8 8 8 8 8 8 8 8 8 8 8 8 8 8 8 8 8
9 21 2 2 6 8 8 8 8 8 8 8 8 8 8 8 8 8 8 8 8 8 8
9 22 2 2 6 8 8 8 8 8 8 8 8 8 8 8 8 8 8 8 8 8 8 8
9 23 2 2 6 8 8 8 8 8 8 8 8 8 8 8 8 8 8 8 8 8 8 8 8
9 24 2 2 6 8 8 8 8 8 8 8 8 8 8 8 8 8 8 8 8 8 8 8 8 8
9 25 2 2 6 8 8 8 8 8 8 8 8 8 8 8 8 8 8 8 8 8 8 8 8 8 8
9 26 2 2 6 8 8 8 8 8 8 8 8 8 8 8 8 8 8 8 8 8 8 8 8 8 8 8
9 27 2 2 6 8 8 8 8 8 8 8 8 8 8 8 8 8 8 8 8 8 8 8 8 8 8 8 8
9 28 2 2 6 8 8 8 8 8 8 8 8 8 8 8 8 8 8 8 8 8 8 8 8 8 8 8 8 8
9 29 2 2 6 8 8 8 8 8 8 8 8 8 8 8 8 8 8 8 8 8 8 8 8 8 8 8 8 8 8
9 30 2 2 6 8 8 8 8 8 8 8 8 8 8 8 8 8 8 8 8 8 8 8 8 8 8 8 8 8 8 8
9 31 2 2 6 8 8 8 8 8 8 8 8 8 8 8 8 8 8 8 8 8 8 8 8 8 8 8 8 8 8 8 8
9 32 2 2 6 8 8 8 8 8 8 8 8 8 8 8 8 8 8 8 8 8 8 8 8 8 8 8 8 8 8 8 8 8
9 33 2 2 6 8 8 8 8 8 8 8 8 8 8 8 8 8 8 8 8 8 8 8 8 8 8 8 8 8 8 8 8 8 8
9 34 2 2 6 8 8 8 8 8 8 8 8 8 8 8 8 8 8 8 8 8 8 8 8 8 8 8 8 8 8 8 8 8 8 8
9 35 2 2 6 8 8 8 8 8 8 8 8 8 8 8 8 8 8 8 8 8 8 8 8 8 8 8 8 8 8 8 8 8 8 8 8
9 36 2 2 6 8 8 8 8 8 8 8 8 8 8 8 8 8 8 8 8 8 8 8 8 8 8 8 8 8 8 8 8 8 8 8 8 8
9 37 2 2 6 8 8 8 8 8 8 8 8 8 8 8 8 8 8 8 8 8 8 8 8 8 8 8 8 8 8 8 8 8 8 8 8 8 8
9 38 2 2 6 8 8 8 8 8 8 8 8 8 8 8 8 8 8 8 8 8 8 8 8 8 8 8 8 8 8 8 8 8 8 8 8 8 8 8
9 39 2 2 6 8 8 8 8 8 8 8 8 8 8 8 8 8 8 8 8 8 8 8 8 8 8 8 8 8 8 8 8 8 8 8 8 8 8 8 8
9 40 2 2 6 8 8 8 8 8 8 8 8 8 8 8 8 8 8 8 8 8 8 8 8 8 8 8 8 8 8 8 8 8 8 8 8 8 8 8 8 8
9 3 2 2 7
9 4 2 2 7 8
9 5 2 2 7 8 8
9 6 2 2 7 8 8 8
9 7 2 2 7 8 8 8 8
9 8 2 2 7 8 8 8 8 8
9 9 2 2 7 8 8 8 8 8 8
9 10 2 2 7 8 8 8 8 8 8 8
9 11 2 2 7 8 8 8 8 8 8 8 8
9 12 2 2 7 8 8 8 8 8 8 8 8 8
9 13 2 2 7 8 8 8 8 8 8 8 8 8 8
9 14 2 2 7 8 8 8 8 8 8 8 8 8 8 8
9 15 2 2 7 8 8 8 8 8 8 8 8 8 8 8 8
9 16 2 2 7 8 8 8 8 8 8 8 8 8 8 8 8 8
9 17 2 2 7 8 8 8 8 8 8 8 8 8 8 8 8 8 8
9 18 2 2 7 8 8 8 8 8 8 8 8 8 8 8 8 8 8 8
9 19 2 2 7 8 8 8 8 8 8 8 8 8 8 8 8 8 8 8 8
9 20 2 2 7 8 8 8 8 8 8 8 8 8 8 8 8 8 8 8 8 8
9 21 2 2 7 8 8 8 8 8 8 8 8 8 8 8 8 8 8 8 8 8 8
9 22 2 2 7 8 8 8 8 8 8 8 8 8 8 8 8 8 8 8 8 8 8 8
9 23 2 2 7 8 8 8 8 8 8 8 8 8 8 8 8 8 8 8 8 8 8 8 8
9 24 2 2 7 8 8 8 8 8 8 8 8 8 8 8 8 8 8 8 8 8 8 8 8 8
9 25 2 2 7 8 8 8 8 8 8 8 8 8 8 8 8 8 8 8 8 8 8 8 8 8 8
9 26 2 2 7 8 8 8 8 8 8 8 8 8 8 8 8 8 8 8 8 8 8 8 8 8 8 8
9 27 2 2 7 8 8 8 8 8 8 8 8 8 8 8 8 8 8 8 8 8 8 8 8 8 8 8 8
9 28 2 2 7 8 8 8 8 8 8 8 8 8 8 8 8 8 8 8 8 8 8 8 8 8 8 8 8 8
9 29 2 2 7 8 8 8 8 8 8 8 8 8 8 8 8 8 8 8 8 8 8 8 8 8 8 8 8 8 8
9 30 2 2 7 8 8 8 8 8 8 8 8 8 8 8 8 8 8 8 8 8 8 8 8 8 8 8 8 8 8 8
9 31 2 2 7 8 8 8 8 8 8 8 8 8 8 8 8 8 8 8 8 8 8 8 8 8 8 8 8 8 8 8 8
9 32 2 2 7 8 8 8 8 8 8 8 8 8 8 8 8 8 8 8 8 8 8 8 8 8 8 8 8 8 8 8 8 8
9 33 2 2 7 8 8 8 8 8 8 8 8 8 8 8 8 8 8 8 8 8 8 8 8 8 8 8 8 8 8 8 8 8 8
9 34 2 2 7 8 8 8 8 8 8 8 8 8 8 8 8 8 8 8 8 8 8 8 8 8 8 8 8 8 8 8 8 8 8 8
9 35 2 2 7 8 8 8 8 8 8 8 8 8 8 8 8 8 8 8 8 8 8 8 8 8 8 8 8 8 8 8 8 8 8 8 8
9 36 2 2 7 8 8 8 8 8 8 8 8 8 8 8 8 8 8 8 8 8 8 8 8 8 8 8 8 8 8 8 8 8 8 8 8 8
9 37 2 2 7 8 8 8 8 8 8 8 8 8 8 8 8 8 8 8 8 8 8 8 8 8 8 8 8 8 8 8 8 8 8 8 8 8 8
9 38 2 2 7 8 8 8 8 8 8 8 8 8 8 8 8 8 8 8 8 8 8 8 8 8 8 8 8 8 8 8 8 8 8 8 8 8 8 8
9 39 2 2 7 8 8 8 8 8 8 8 8 8 8 8 8 8 8 8 8 8 8 8 8 8 8 8 8 8 8 8 8 8 8 8 8 8 8 8 8
9 40 2 2 7 8 8 8 8 8 8 8 8 8 8 8 8 8 8 8 8 8 8 8 8 8 8 8 8 8 8 8 8 8 8 8 8 8 8 8 8 8
9 3 2 3 3
9 4 2 3 3 8
9 5 2 3 3 8 8
9 6 2 3 3 8 8 8
9 7 2 3 3 8 8 8 8
9 8 2 3 3 8 8 8 8 8
9 9 2 3 3 8 8 8 8 8 8
9 10 2 3 3 8 8 8 8 8 8 8
9 11 2 3 3 8 8 8 8 8 8 8 8
9 12 2 3 3 8 8 8 8 8 8 8 8 8
9 13 2 3 3 8 8 8 8 8 8 8 8 8 8
9 14 2 3 3 8 8 8 8 8 8 8 8 8 8 8
9 15 2 3 3 8 8 8 8 8 8 8 8 8 8 8 8
9 16 2 3 3 8 8 8 8 8 8 8 8 8 8 8 8 8
9 17 2 3 3 8 8 8 8 8 8 8 8 8 8 8 8 8 8
9 18 2 3 3 8 8 8 8 8 8 8 8 8 8 8 8 8 8 8
9 19 2 3 3 8 8 8 8 8 8 8 8 8 8 8 8 8 8 8 8
9 20 2 3 3 8 8 8 8 8 8 8 8 8 8 8 8 8 8 8 8 8
9 21 2 3 3 8 8 8 8 8 8 8 8 8 8 8 8 8 8 8 8 8 8
9 22 2 3 3 8 8 8 8 8 8 8 8 8 8 8 8 8 8 8 8 8 8 8
9 23 2 3 3 8 8 8 8 8 8 8 8 8 8 8 8 8 8 8 8 8 8 8 8
9 24 2 3 3 8 8 8 8 8 8 8 8 8 8 8 8 8 8 8 8 8 8 8 8 8
9 25 2 3 3 8 8 8 8 8 8 8 8 8 8 8 8 8 8 8 8 8 8 8 8 8 8
9 26 2 3 3 8 8 8 8 8 8 8 8 8 8 8 8 8 8 8 8 8 8 8 8 8 8 8
9 27 2 3 3 8 8 8 8 8 8 8 8 8 8 8 8 8 8 8 8 8 8 8 8 8 8 8 8
9 28 2 3 3 8 8 8 8 8 8 8 8 8 8 8 8 8 8 8 8 8 8 8 8 8 8 8 8 8
9 29 2 3 3 8 8 8 8 8 8 8 8 8 8 8 8 8 8 8 8 8 8 8 8 8 8 8 8 8 8
9 30 2 3 3 8 8 8 8 8 8 8 8 8 8 8 8 8 8 8 8 8 8 8 8 8 8 8 8 8 8 8
9 31 2 3 3 8 8 8 8 8 8 8 8 8 8 8 8 8 8 8 8 8 8 8 8 8 8 8 8 8 8 8 8
9 32 2 3 3 8 8 8 8 8 8 8 8 8 8 8 8 8 8 8 8 8 8 8 8 8 8 8 8 8 8 8 8 8
9 33 2 3 3 8 8 8 8 8 8 8 8 8 8 8 8 8 8 8 8 8 8 8 8 8 8 8 8 8 8 8 8 8 8
9 34 2 3 3 8 8 8 8 8 8 8 8 8 8 8 8 8 8 8 8 8 8 8 8 8 8 8 8 8 8 8 8 8 8 8
9 35 2 3 3 8 8 8 8 8 8 8 8 8 8 8 8 8 8 8 8 8 8 8 8 8 8 8 8 8 8 8 8 8 8 8 8
9 36 2 3 3 8 8 8 8 8 8 8 8 8 8 8 8 8 8 8 8 8 8 8 8 8 8 8 8 8 8 8 8 8 8 8 8 8
9 37 2 3 3 8 8 8 8 8 8 8 8 8 8 8 8 8 8 8 8 8 8 8 8 8 8 8 8 8 8 8 8 8 8 8 8 8 8
9 38 2 3 3 8 8 8 8 8 8 8 8 8 8 8 8 8 8 8 8 8 8 8 8 8 8 8 8 8 8 8 8 8 8 8 8 8 8 8
9 39 2 3 3 8 8 8 8 8 8 8 8 8 8 8 8 8 8 8 8 8 8 8 8 8 8 8 8 8 8 8 8 8 8 8 8 8 8 8 8
9 40 2 3 3 8 8 8 8 8 8 8 8 8 8 8 8 8 8 8 8 8 8 8 8 8 8 8 8 8 8 8 8 8 8 8 8 8 8 8 8 8
9 3 2 3 4
9 4 2 3 4 8
9 5 2 3 4 8 8
9 6 2 3 4 8 8 8
9 7 2 3 4 8 8 8 8
9 8 2 3 4 8 8 8 8 8
9 9 2 3 4 8 8 8 8 8 8
9 10 2 3 4 8 8 8 8 8 8 8
9 11 2 3 4 8 8 8 8 8 8 8 8
9 12 2 3 4 8 8 8 8 8 8 8 8 8
9 13 2 3 4 8 8 8 8 8 8 8 8 8 8
9 14 2 3 4 8 8 8 8 8 8 8 8 8 8 8
9 15 2 3 4 8 8 8 8 8 8 8 8 8 8 8 8
9 16 2 3 4 8 8 8 8 8 8 8 8 8 8 8 8 8
9 17 2 3 4 8 8 8 8 8 8 8 8 8 8 8 8 8 8
9 18 2 3 4 8 8 8 8 8 8 8 8 8 8 8 8 8 8 8
9 19 2 3 4 8 8 8 8 8 8 8 8 8 8 8 8 8 8 8 8
9 20 2 3 4 8 8 8 8 8 8 8 8 8 8 8 8 8 8 8 8 8
9 21 2 3 4 8 8 8 8 8 8 8 8 8 8 8 8 8 8 8 8 8 8
9 22 2 3 4 8 8 8 8 8 8 8 8 8 8 8 8 8 8 8 8 8 8 8
9 23 2 3 4 8 8 8 8 8 8 8 8 8 8 8 8 8 8 8 8 8 8 8 8
9 24 2 3 4 8 8 8 8 8 8 8 8 8 8 8 8 8 8 8 8 8 8 8 8 8
9 25 2 3 4 8 8 8 8 8 8 8 8 8 8 8 8 8 8 8 8 8 8 8 8 8 8
9 26 2 3 4 8 8 8 8 8 8 8 8 8 8 8 8 8 8 8 8 8 8 8 8 8 8 8
9 27 2 3 4 8 8 8 8 8 8 8 8 8 8 8 8 8 8 8 8 8 8 8 8 8 8 8 8
9 28 2 3 4 8 8 8 8 8 8 8 8 8 8 8 8 8 8 8 8 8 8 8 8 8 8 8 8 8
9 29 2 3 4 8 8 8 8 8 8 8 8 8 8 8 8 8 8 8 8 8 8 8 8 8 8 8 8 8 8
9 30 2 3 4 8 8 8 8 8 8 8 8 8 8 8 8 8 8 8 8 8 8 8 8 8 8 8 8 8 8 8
9 31 2 3 4 8 8 8 8 8 8 8 8 8 8 8 8 8 8 8 8 8 8 8 8 8 8 8 8 8 8 8 8
9 32 2 3 4 8 8 8 8 8 8 8 8 8 8 8 8 8 8 8 8 8 8 8 8 8 8 8 8 8 8 8 8 8
9 33 2 3 4 8 8 8 8 8 8 8 8 8 8 8 8 8 8 8 8 8 8 8 8 8 8 8 8 8 8 8 8 8 8
9 34 2 3 4 8 8 8 8 8 8 8 8 8 8 8 8 8 8 8 8 8 8 8 8 8 8 8 8 8 8 8 8 8 8 8
9 35 2 3 4 8 8 8 8 8 8 8 8 8 8 8 8 8 8 8 8 8 8 8 8 8 8 8 8 8 8 8 8 8 8 8 8
9 36 2 3 4 8 8 8 8 8 8 8 8 8 8 8 8 8 8 8 8 8 8 8 8 8 8 8 8 8 8 8 8 8 8 8 8 8
9 37 2 3 4 8 8 8 8 8 8 8 8 8 8 8 8 8 8 8 8 8 8 8 8 8 8 8 8 8 8 8 8 8 8 8 8 8 8
9 38 2 3 4 8 8 8 8 8 8 8 8 8 8 8 8 8 8 8 8 8 8 8 8 8 8 8 8 8 8 8 8 8 8 8 8 8 8 8
9 39 2 3 4 8 8 8 8 8 8 8 8 8 8 8 8 8 8 8 8 8 8 8 8 8 8 8 8 8 8 8 8 8 8 8 8 8 8 8 8
9 40 2 3 4 8 8 8 8 8 8 8 8 8 8 8 8 8 8 8 8 8 8 8 8 8 8 8 8 8 8 8 8 8 8 8 8 8 8 8 8 8
9 3 2 3 5
9 4 2 3 5 8
9 5 2 3 5 8 8
9 6 2 3 5 8 8 8
9 7 2 3 5 8 8 8 8
9 8 2 3 5 8 8 8 8 8
9 9 2 3 5 8 8 8 8 8 8
9 10 2 3 5 8 8 8 8 8 8 8
9 11 2 3 5 8 8 8 8 8 8 8 8
9 12 2 3 5 8 8 8 8 8 8 8 8 8
9 13 2 3 5 8 8 8 8 8 8 8 8 8 8
9 14 2 3 5 8 8 8 8 8 8 8 8 8 8 8
9 15 2 3 5 8 8 8 8 8 8 8 8 8 8 8 8
9 16 2 3 5 8 8 8 8 8 8 8 8 8 8 8 8 8
9 17 2 3 5 8 8 8 8 8 8 8 8 8 8 8 8 8 8
9 18 2 3 5 8 8 8 8 8 8 8 8 8 8 8 8 8 8 8
9 19 2 3 5 8 8 8 8 8 8 8 8 8 8 8 8 8 8 8 8
9 20 2 3 5 8 8 8 8 8 8 8 8 8 8 8 8 8 8 8 8 8
9 21 2 3 5 8 8 8 8 8 8 8 8 8 8 8 8 8 8 8 8 8 8
9 22 2 3 5 8 8 8 8 8 8 8 8 8 8 8 8 8 8 8 8 8 8 8
9 23 2 3 5 8 8 8 8 8 8 8 8 8 8 8 8 8 8 8 8 8 8 8 8
9 24 2 3 5 8 8 8 8 8 8 8 8 8 8 8 8 8 8 8 8 8 8 8 8 8
9 25 2 3 5 8 8 8 8 8 8 8 8 8 8 8 8 8 8 8 8 8 8 8 8 8 8
9 26 2 3 5 8 8 8 8 8 8 8 8 8 8 8 8 8 8 8 8 8 8 8 8 8 8 8
9 27 2 3 5 8 8 8 8 8 8 8 8 8 8 8 8 8 8 8 8 8 8 8 8 8 8 8 8
9 28 2 3 5 8 8 8 8 8 8 8 8 8 8 8 8 8 8 8 8 8 8 8 8 8 8 8 8 8
9 29 2 3 5 8 8 8 8 8 8 8 8 8 8 8 8 8 8 8 8 8 8 8 8 8 8 8 8 8 8
9 30 2 3 5 8 8 8 8 8 8 8 8 8 8 8 8 8 8 8 8 8 8 8 8 8 8 8 8 8 8 8
9 31 2 3 5 8 8 8 8 8 8 8 8 8 8 8 8 8 8 8 8 8 8 8 8 8 8 8 8 8 8 8 8
9 32 2 3 5 8 8 8 8 8 8 8 8 8 8 8 8 8 8 8 8 8 8 8 8 8 8 8 8 8 8 8 8 8
9 33 2 3 5 8 8 8 8 8 8 8 8 8 8 8 8 8 8 8 8 8 8 8 8 8 8 8 8 8 8 8 8 8 8
9 34 2 3 5 8 8 8 8 8 8 8 8 8 8 8 8 8 8 8 8 8 8 8 8 8 8 8 8 8 8 8 8 8 8 8
9 35 2 3 5 8 8 8 8 8 8 8 8 8 8 8 8 8 8 8 8 8 8 8 8 8 8 8 8 8 8 8 8 8 8 8 8
9 36 2 3 5 8 8 8 8 8 8 8 8 8 8 8 8 8 8 8 8 8 8 8 8 8 8 8 8 8 8 8 8 8 8 8 8 8
9 37 2 3 5 8 8 8 8 8 8 8 8 8 8 8 8 8 8 8 8 8 8 8 8 8 8 8 8 8 8 8 8 8 8 8 8 8 8
9 38 2 3 5 8 8 8 8 8 8 8 8 8 8 8 8 8 8 8 8 8 8 8 8 8 8 8 8 8 8 8 8 8 8 8 8 8 8 8
9 39 2 3 5 8 8 8 8 8 8 8 8 8 8 8 8 8 8 8 8 8 8 8 8 8 8 8 8 8 8 8 8 8 8 8 8 8 8 8 8
9 40 2 3 5 8 8 8 8 8 8 8 8 8 8 8 8 8 8 8 8 8 8 8 8 8 8 8 8 8 8 8 8 8 8 8 8 8 8 8 8 8
9 3 2 3 6
9 4 2 3 6 8
9 5 2 3 6 8 8
9 6 2 3 6 8 8 8
9 7 2 3 6 8 8 8 8
9 8 2 3 6 8 8 8 8 8
9 9 2 3 6 8 8 8 8 8 8
9 10 2 3 6 8 8 8 8 8 8 8
9 11 2 3 6 8 8 8 8 8 8 8 8
9 12 2 3 6 8 8 8 8 8 8 8 8 8
9 13 2 3 6 8 8 8 8 8 8 8 8 8 8
9 14 2 3 6 8 8 8 8 8 8 8 8 8 8 8
9 15 2 3 6 8 8 8 8 8 8 8 8 8 8 8 8
9 16 2 3 6 8 8 8 8 8 8 8 8 8 8 8 8 8
9 17 2 3 6 8 8 8 8 8 8 8 8 8 8 8 8 8 8
9 18 2 3 6 8 8 8 8 8 8 8 8 8 8 8 8 8 8 8
9 19 2 3 6 8 8 8 8 8 8 8 8 8 8 8 8 8 8 8 8
9 20 2 3 6 8 8 8 8 8 8 8 8 8 8 8 8 8 8 8 8 8
9 21 2 3 6 8 8 8 8 8 8 8 8 8 8 8 8 8 8 8 8 8 8
9 22 2 3 6 8 8 8 8 8 8 8 8 8 8 8 8 8 8 8 8 8 8 8
9 23 2 3 6 8 8 8 8 8 8 8 8 8 8 8 8 8 8 8 8 8 8 8 8
9 24 2 3 6 8 8 8 8 8 8 8 8 8 8 8 8 8 8 8 8 8 8 8 8 8
9 25 2 3 6 8 8 8 8 8 8 8 8 8 8 8 8 8 8 8 8 8 8 8 8 8 8
9 26 2 3 6 8 8 8 8 8 8 8 8 8 8 8 8 8 8 8 8 8 8 8 8 8 8 8
9 27 2 3 6 8 8 8 8 8 8 8 8 8 8 8 8 8 8 8 8 8 8 8 8 8 8 8 8
9 28 2 3 6 8 8 8 8 8 8 8 8 8 8 8 8 8 8 8 8 8 8 8 8 8 8 8 8 8
9 29 2 3 6 8 8 8 8 8 8 8 8 8 8 8 8 8 8 8 8 8 8 8 8 8 8 8 8 8 8
9 30 2 3 6 8 8 8 8 8 8 8 8 8 8 8 8 8 8 8 8 8 8 8 8 8 8 8 8 8 8 8
9 31 2 3 6 8 8 8 8 8 8 8 8 8 8 8 8 8 8 8 8 8 8 8 8 8 8 8 8 8 8 8 8
9 32 2 3 6 8 8 8 8 8 8 8 8 8 8 8 8 8 8 8 8 8 8 8 8 8 8 8 8 8 8 8 8 8
9 33 2 3 6 8 8 8 8 8 8 8 8 8 8 8 8 8 8 8 8 8 8 8 8 8 8 8 8 8 8 8 8 8 8
9 34 2 3 6 8 8 8 8 8 8 8 8 8 8 8 8 8 8 8 8 8 8 8 8 8 8 8 8 8 8 8 8 8 8 8
9 35 2 3 6 8 8 8 8 8 8 8 8 8 8 8 8 8 8 8 8 8 8 8 8 8 8 8 8 8 8 8 8 8 8 8 8
9 36 2 3 6 8 8 8 8 8 8 8 8 8 8 8 8 8 8 8 8 8 8 8 8 8 8 8 8 8 8 8 8 8 8 8 8 8
9 37 2 3 6 8 8 8 8 8 8 8 8 8 8 8 8 8 8 8 8 8 8 8 8 8 8 8 8 8 8 8 8 8 8 8 8 8 8
9 38 2 3 6 8 8 8 8 8 8 8 8 8 8 8 8 8 8 8 8 8 8 8 8 8 8 8 8 8 8 8 8 8 8 8 8 8 8 8
9 39 2 3 6 8 8 8 8 8 8 8 8 8 8 8 8 8 8 8 8 8 8 8 8 8 8 8 8 8 8 8 8 8 8 8 8 8 8 8 8
9 40 2 3 6 8 8 8 8 8 8 8 8 8 8 8 8 8 8 8 8 8 8 8 8 8 8 8 8 8 8 8 8 8 8 8 8 8 8 8 8 8
9 3 2 3 7
9 4 2 3 7 8
9 5 2 3 7 8 8
9 6 2 3 7 8 8 8
9 7 2 3 7 8 8 8 8
9 8 2 3 7 8 8 8 8 8
9 9 2 3 7 8 8 8 8 8 8
9 10 2 3 7 8 8 8 8 8 8 8
9 11 2 3 7 8 8 8 8 8 8 8 8
9 12 2 3 7 8 8 8 8 8 8 8 8 8
9 13 2 3 7 8 8 8 8 8 8 8 8 8 8
9 14 2 3 7 8 8 8 8 8 8 8 8 8 8 8
9 15 2 3 7 8 8 8 8 8 8 8 8 8 8 8 8
9 16 2 3 7 8 8 8 8 8 8 8 8 8 8 8 8 8
9 17 2 3 7 8 8 8 8 8 8 8 8 8 8 8 8 8 8
9 18 2 3 7 8 8 8 8 8 8 8 8 8 8 8 8 8 8 8
9 19 2 3 7 8 8 8 8 8 8 8 8 8 8 8 8 8 8 8 8
9 20 2 3 7 8 8 8 8 8 8 8 8 8 8 8 8 8 8 8 8 8
9 21 2 3 7 8 8 8 8 8 8 8 8 8 8 8 8 8 8 8 8 8 8
9 22 2 3 7 8 8 8 8 8 8 8 8 8 8 8 8 8 8 8 8 8 8 8
9 23 2 3 7 8 8 8 8 8 8 8 8 8 8 8 8 8 8 8 8 8 8 8 8
9 24 2 3 7 8 8 8 8 8 8 8 8 8 8 8 8 8 8 8 8 8 8 8 8 8
9 25 2 3 7 8 8 8 8 8 8 8 8 8 8 8 8 8 8 8 8 8 8 8 8 8 8
9 26 2 3 7 8 8 8 8 8 8 8 8 8 8 8 8 8 8 8 8 8 8 8 8 8 8 8
9 27 2 3 7 8 8 8 8 8 8 8 8 8 8 8 8 8 8 8 8 8 8 8 8 8 8 8 8
9 28 2 3 7 8 8 8 8 8 8 8 8 8 8 8 8 8 8 8 8 8 8 8 8 8 8 8 8 8
9 29 2 3 7 8 8 8 8 8 8 8 8 8 8 8 8 8 8 8 8 8 8 8 8 8 8 8 8 8 8
9 30 2 3 7 8 8 8 8 8 8 8 8 8 8 8 8 8 8 8 8 8 8 8 8 8 8 8 8 8 8 8
9 31 2 3 7 8 8 8 8 8 8 8 8 8 8 8 8 8 8 8 8 8 8 8 8 8 8 8 8 8 8 8 8
9 32 2 3 7 8 8 8 8 8 8 8 8 8 8 8 8 8 8 8 8 8 8 8 8 8 8 8 8 8 8 8 8 8
9 33 2 3 7 8 8 8 8 8 8 8 8 8 8 8 8 8 8 8 8 8 8 8 8 8 8 8 8 8 8 8 8 8 8
9 34 2 3 7 8 8 8 8 8 8 8 8 8 8 8 8 8 8 8 8 8 8 8 8 8 8 8 8 8 8 8 8 8 8 8
9 35 2 3 7 8 8 8 8 8 8 8 8 8 8 8 8 8 8 8 8 8 8 8 8 8 8 8 8 8 8 8 8 8 8 8 8
9 36 2 3 7 8 8 8 8 8 8 8 8 8 8 8 8 8 8 8 8 8 8 8 8 8 8 8 8 8 8 8 8 8 8 8 8 8
9 37 2 3 7 8 8 8 8 8 8 8 8 8 8 8 8 8 8 8 8 8 8 8 8 8 8 8 8 8 8 8 8 8 8 8 8 8 8
9 38 2 3 7 8 8 8 8 8 8 8 8 8 8 8 8 8 8 8 8 8 8 8 8 8 8 8 8 8 8 8 8 8 8 8 8 8 8 8
9 39 2 3 7 8 8 8 8 8 8 8 8 8 8 8 8 8 8 8 8 8 8 8 8 8 8 8 8 8 8 8 8 8 8 8 8 8 8 8 8
9 40 2 3 7 8 8 8 8 8 8 8 8 8 8 8 8 8 8 8 8 8 8 8 8 8 8 8 8 8 8 8 8 8 8 8 8 8 8 8 8 8
9 3 2 4 4
9 4 2 4 4 8
9 5 2 4 4 8 8
9 6 2 4 4 8 8 8
9 7 2 4 4 8 8 8 8
9 8 2 4 4 8 8 8 8 8
9 9 2 4 4 8 8 8 8 8 8
9 10 2 4 4 8 8 8 8 8 8 8
9 11 2 4 4 8 8 8 8 8 8 8 8
9 12 2 4 4 8 8 8 8 8 8 8 8 8
9 13 2 4 4 8 8 8 8 8 8 8 8 8 8
9 14 2 4 4 8 8 8 8 8 8 8 8 8 8 8
9 15 2 4 4 8 8 8 8 8 8 8 8 8 8 8 8
9 16 2 4 4 8 8 8 8 8 8 8 8 8 8 8 8 8
9 17 2 4 4 8 8 8 8 8 8 8 8 8 8 8 8 8 8
9 18 2 4 4 8 8 8 8 8 8 8 8 8 8 8 8 8 8 8
9 19 2 4 4 8 8 8 8 8 8 8 8 8 8 8 8 8 8 8 8
9 20 2 4 4 8 8 8 8 8 8 8 8 8 8 8 8 8 8 8 8 8
9 21 2 4 4 8 8 8 8 8 8 8 8 8 8 8 8 8 8 8 8 8 8
9 22 2 4 4 8 8 8 8 8 8 8 8 8 8 8 8 8 8 8 8 8 8 8
9 23 2 4 4 8 8 8 8 8 8 8 8 8 8 8 8 8 8 8 8 8 8 8 8
9 24 2 4 4 8 8 8 8 8 8 8 8 8 8 8 8 8 8 8 8 8 8 8 8 8
9 25 2 4 4 8 8 8 8 8 8 8 8 8 8 8 8 8 8 8 8 8 8 8 8 8 8
9 26 2 4 4 8 8 8 8 8 8 8 8 8 8 8 8 8 8 8 8 8 8 8 8 8 8 8
9 27 2 4 4 8 8 8 8 8 8 8 8 8 8 8 8 8 8 8 8 8 8 8 8 8 8 8 8
9 28 2 4 4 8 8 8 8 8 8 8 8 8 8 8 8 8 8 8 8 8 8 8 8 8 8 8 8 8
9 29 2 4 4 8 8 8 8 8 8 8 8 8 8 8 8 8 8 8 8 8 8 8 8 8 8 8 8 8 8
9 30 2 4 4 8 8 8 8 8 8 8 8 8 8 8 8 8 8 8 8 8 8 8 8 8 8 8 8 8 8 8
9 31 2 4 4 8 8 8 8 8 8 8 8 8 8 8 8 8 8 8 8 8 8 8 8 8 8 8 8 8 8 8 8
9 32 2 4 4 8 8 8 8 8 8 8 8 8 8 8 8 8 8 8 8 8 8 8 8 8 8 8 8 8 8 8 8 8
9 33 2 4 4 8 8 8 8 8 8 8 8 8 8 8 8 8 8 8 8 8 8 8 8 8 8 8 8 8 8 8 8 8 8
9 34 2 4 4 8 8 8 8 8 8 8 8 8 8 8 8 8 8 8 8 8 8 8 8 8 8 8 8 8 8 8 8 8 8 8
9 35 2 4 4 8 8 8 8 8 8 8 8 8 8 8 8 8 8 8 8 8 8 8 8 8 8 8 8 8 8 8 8 8 8 8 8
9 36 2 4 4 8 8 8 8 8 8 8 8 8 8 8 8 8 8 8 8 8 8 8 8 8 8 8 8 8 8 8 8 8 8 8 8 8
9 37 2 4 4 8 8 8 8 8 8 8 8 8 8 8 8 8 8 8 8 8 8 8 8 8 8 8 8 8 8 8 8 8 8 8 8 8 8
9 38 2 4 4 8 8 8 8 8 8 8 8 8 8 8 8 8 8 8 8 8 8 8 8 8 8 8 8 8 8 8 8 8 8 8 8 8 8 8
9 39 2 4 4 8 8 8 8 8 8 8 8 8 8 8 8 8 8 8 8 8 8 8 8 8 8 8 8 8 8 8 8 8 8 8 8 8 8 8 8
9 40 2 4 4 8 8 8 8 8 8 8 8 8 8 8 8 8 8 8 8 8 8 8 8 8 8 8 8 8 8 8 8 8 8 8 8 8 8 8 8 8
9 3 2 4 5
9 4 2 4 5 8
9 5 2 4 5 8 8
9 6 2 4 5 8 8 8
9 7 2 4 5 8 8 8 8
9 8 2 4 5 8 8 8 8 8
9 9 2 4 5 8 8 8 8 8 8
9 10 2 4 5 8 8 8 8 8 8 8
9 11 2 4 5 8 8 8 8 8 8 8 8
9 12 2 4 5 8 8 8 8 8 8 8 8 8
9 13 2 4 5 8 8 8 8 8 8 8 8 8 8
9 14 2 4 5 8 8 8 8 8 8 8 8 8 8 8
9 15 2 4 5 8 8 8 8 8 8 8 8 8 8 8 8
9 16 2 4 5 8 8 8 8 8 8 8 8 8 8 8 8 8
9 17 2 4 5 8 8 8 8 8 8 8 8 8 8 8 8 8 8
9 18 2 4 5 8 8 8 8 8 8 8 8 8 8 8 8 8 8 8
9 19 2 4 5 8 8 8 8 8 8 8 8 8 8 8 8 8 8 8 8
9 20 2 4 5 8 8 8 8 8 8 8 8 8 8 8 8 8 8 8 8 8
9 21 2 4 5 8 8 8 8 8 8 8 8 8 8 8 8 8 8 8 8 8 8
9 22 2 4 5 8 8 8 8 8 8 8 8 8 8 8 8 8 8 8 8 8 8 8
9 23 2 4 5 8 8 8 8 8 8 8 8 8 8 8 8 8 8 8 8 8 8 8 8
9 24 2 4 5 8 8 8 8 8 8 8 8 8 8 8 8 8 8 8 8 8 8 8 8 8
9 25 2 4 5 8 8 8 8 8 8 8 8 8 8 8 8 8 8 8 8 8 8 8 8 8 8
9 26 2 4 5 8 8 8 8 8 8 8 8 8 8 8 8 8 8 8 8 8 8 8 8 8 8 8
9 27 2 4 5 8 8 8 8 8 8 8 8 8 8 8 8 8 8 8 8 8 8 8 8 8 8 8 8
9 28 2 4 5 8 8 8 8 8 8 8 8 8 8 8 8 8 8 8 8 8 8 8 8 8 8 8 8 8
9 29 2 4 5 8 8 8 8 8 8 8 8 8 8 8 8 8 8 8 8 8 8 8 8 8 8 8 8 8 8
9 30 2 4 5 8 8 8 8 8 8 8 8 8 8 8 8 8 8 8 8 8 8 8 8 8 8 8 8 8 8 8
9 31 2 4 5 8 8 8 8 8 8 8 8 8 8 8 8 8 8 8 8 8 8 8 8 8 8 8 8 8 8 8 8
9 32 2 4 5 8 8 8 8 8 8 8 8 8 8 8 8 8 8 8 8 8 8 8 8 8 8 8 8 8 8 8 8 8
9 33 2 4 5 8 8 8 8 8 8 8 8 8 8 8 8 8 8 8 8 8 8 8 8 8 8 8 8 8 8 8 8 8 8
9 34 2 4 5 8 8 8 8 8 8 8 8 8 8 8 8 8 8 8 8 8 8 8 8 8 8 8 8 8 8 8 8 8 8 8
9 35 2 4 5 8 8 8 8 8 8 8 8 8 8 8 8 8 8 8 8 8 8 8 8 8 8 8 8 8 8 8 8 8 8 8 8
9 36 2 4 5 8 8 8 8 8 8 8 8 8 8 8 8 8 8 8 8 8 8 8 8 8 8 8 8 8 8 8 8 8 8 8 8 8
9 37 2 4 5 8 8 8 8 8 8 8 8 8 8 8 8 8 8 8 8 8 8 8 8 8 8 8 8 8 8 8 8 8 8 8 8 8 8
9 38 2 4 5 8 8 8 8 8 8 8 8 8 8 8 8 8 8 8 8 8 8 8 8 8 8 8 8 8 8 8 8 8 8 8 8 8 8 8
9 39 2 4 5 8 8 8 8 8 8 8 8 8 8 8 8 8 8 8 8 8 8 8 8 8 8 8 8 8 8 8 8 8 8 8 8 8 8 8 8
9 40 2 4 5 8 8 8 8 8 8 8 8 8 8 8 8 8 8 8 8 8 8 8 8 8 8 8 8 8 8 8 8 8 8 8 8 8 8 8 8 8
9 3 2 4 6
9 4 2 4 6 8
9 5 2 4 6 8 8
9 6 2 4 6 8 8 8
9 7 2 4 6 8 8 8 8
9 8 2 4 6 8 8 8 8 8
9 9 2 4 6 8 8 8 8 8 8
9 10 2 4 6 8 8 8 8 8 8 8
9 11 2 4 6 8 8 8 8 8 8 8 8
9 12 2 4 6 8 8 8 8 8 8 8 8 8
9 13 2 4 6 8 8 8 8 8 8 8 8 8 8
9 14 2 4 6 8 8 8 8 8 8 8 8 8 8 8
9 15 2 4 6 8 8 8 8 8 8 8 8 8 8 8 8
9 16 2 4 6 8 8 8 8 8 8 8 8 8 8 8 8 8
9 17 2 4 6 8 8 8 8 8 8 8 8 8 8 8 8 8 8
9 18 2 4 6 8 8 8 8 8 8 8 8 8 8 8 8 8 8 8
9 19 2 4 6 8 8 8 8 8 8 8 8 8 8 8 8 8 8 8 8
9 20 2 4 6 8 8 8 8 8 8 8 8 8 8 8 8 8 8 8 8 8
9 21 2 4 6 8 8 8 8 8 8 8 8 8 8 8 8 8 8 8 8 8 8
9 22 2 4 6 8 8 8 8 8 8 8 8 8 8 8 8 8 8 8 8 8 8 8
9 23 2 4 6 8 8 8 8 8 8 8 8 8 8 8 8 8 8 8 8 8 8 8 8
9 24 2 4 6 8 8 8 8 8 8 8 8 8 8 8 8 8 8 8 8 8 8 8 8 8
9 25 2 4 6 8 8 8 8 8 8 8 8 8 8 8 8 8 8 8 8 8 8 8 8 8 8
9 26 2 4 6 8 8 8 8 8 8 8 8 8 8 8 8 8 8 8 8 8 8 8 8 8 8 8
9 27 2 4 6 8 8 8 8 8 8 8 8 8 8 8 8 8 8 8 8 8 8 8 8 8 8 8 8
9 28 2 4 6 8 8 8 8 8 8 8 8 8 8 8 8 8 8 8 8 8 8 8 8 8 8 8 8 8
9 29 2 4 6 8 8 8 8 8 8 8 8 8 8 8 8 8 8 8 8 8 8 8 8 8 8 8 8 8 8
9 30 2 4 6 8 8 8 8 8 8 8 8 8 8 8 8 8 8 8 8 8 8 8 8 8 8 8 8 8 8 8
9 31 2 4 6 8 8 8 8 8 8 8 8 8 8 8 8 8 8 8 8 8 8 8 8 8 8 8 8 8 8 8 8
9 32 2 4 6 8 8 8 8 8 8 8 8 8 8 8 8 8 8 8 8 8 8 8 8 8 8 8 8 8 8 8 8 8
9 33 2 4 6 8 8 8 8 8 8 8 8 8 8 8 8 8 8 8 8 8 8 8 8 8 8 8 8 8 8 8 8 8 8
9 34 2 4 6 8 8 8 8 8 8 8 8 8 8 8 8 8 8 8 8 8 8 8 8 8 8 8 8 8 8 8 8 8 8 8
9 35 2 4 6 8 8 8 8 8 8 8 8 8 8 8 8 8 8 8 8 8 8 8 8 8 8 8 8 8 8 8 8 8 8 8 8
9 36 2 4 6 8 8 8 8 8 8 8 8 8 8 8 8 8 8 8 8 8 8 8 8 8 8 8 8 8 8 8 8 8 8 8 8 8
9 37 2 4 6 8 8 8 8 8 8 8 8 8 8 8 8 8 8 8 8 8 8 8 8 8 8 8 8 8 8 8 8 8 8 8 8 8 8
9 38 2 4 6 8 8 8 8 8 8 8 8 8 8 8 8 8 8 8 8 8 8 8 8 8 8 8 8 8 8 8 8 8 8 8 8 8 8 8
9 39 2 4 6 8 8 8 8 8 8 8 8 8 8 8 8 8 8 8 8 8 8 8 8 8 8 8 8 8 8 8 8 8 8 8 8 8 8 8 8
9 40 2 4 6 8 8 8 8 8 8 8 8 8 8 8 8 8 8 8 8 8 8 8 8 8 8 8 8 8 8 8 8 8 8 8 8 8 8 8 8 8
9 3 2 4 7
9 4 2 4 7 8
9 5 2 4 7 8 8
9 6 2 4 7 8 8 8
9 7 2 4 7 8 8 8 8
9 8 2 4 7 8 8 8 8 8
9 9 2 4 7 8 8 8 8 8 8
9 10 2 4 7 8 8 8 8 8 8 8
9 11 2 4 7 8 8 8 8 8 8 8 8
9 12 2 4 7 8 8 8 8 8 8 8 8 8
9 13 2 4 7 8 8 8 8 8 8 8 8 8 8
9 14 2 4 7 8 8 8 8 8 8 8 8 8 8 8
9 15 2 4 7 8 8 8 8 8 8 8 8 8 8 8 8
9 16 2 4 7 8 8 8 8 8 8 8 8 8 8 8 8 8
9 17 2 4 7 8 8 8 8 8 8 8 8 8 8 8 8 8 8
9 18 2 4 7 8 8 8 8 8 8 8 8 8 8 8 8 8 8 8
9 19 2 4 7 8 8 8 8 8 8 8 8 8 8 8 8 8 8 8 8
9 20 2 4 7 8 8 8 8 8 8 8 8 8 8 8 8 8 8 8 8 8
9 21 2 4 7 8 8 8 8 8 8 8 8 8 8 8 8 8 8 8 8 8 8
9 22 2 4 7 8 8 8 8 8 8 8 8 8 8 8 8 8 8 8 8 8 8 8
9 23 2 4 7 8 8 8 8 8 8 8 8 8 8 8 8 8 8 8 8 8 8 8 8
9 24 2 4 7 8 8 8 8 8 8 8 8 8 8 8 8 8 8 8 8 8 8 8 8 8
9 25 2 4 7 8 8 8 8 8 8 8 8 8 8 8 8 8 8 8 8 8 8 8 8 8 8
9 26 2 4 7 8 8 8 8 8 8 8 8 8 8 8 8 8 8 8 8 8 8 8 8 8 8 8
9 27 2 4 7 8 8 8 8 8 8 8 8 8 8 8 8 8 8 8 8 8 8 8 8 8 8 8 8
9 28 2 4 7 8 8 8 8 8 8 8 8 8 8 8 8 8 8 8 8 8 8 8 8 8 8 8 8 8
9 29 2 4 7 8 8 8 8 8 8 8 8 8 8 8 8 8 8 8 8 8 8 8 8 8 8 8 8 8 8
9 30 2 4 7 8 8 8 8 8 8 8 8 8 8 8 8 8 8 8 8 8 8 8 8 8 8 8 8 8 8 8
9 31 2 4 7 8 8 8 8 8 8 8 8 8 8 8 8 8 8 8 8 8 8 8 8 8 8 8 8 8 8 8 8
9 32 2 4 7 8 8 8 8 8 8 8 8 8 8 8 8 8 8 8 8 8 8 8 8 8 8 8 8 8 8 8 8 8
9 33 2 4 7 8 8 8 8 8 8 8 8 8 8 8 8 8 8 8 8 8 8 8 8 8 8 8 8 8 8 8 8 8 8
9 34 2 4 7 8 8 8 8 8 8 8 8 8 8 8 8 8 8 8 8 8 8 8 8 8 8 8 8 8 8 8 8 8 8 8
9 35 2 4 7 8 8 8 8 8 8 8 8 8 8 8 8 8 8 8 8 8 8 8 8 8 8 8 8 8 8 8 8 8 8 8 8
9 36 2 4 7 8 8 8 8 8 8 8 8 8 8 8 8 8 8 8 8 8 8 8 8 8 8 8 8 8 8 8 8 8 8 8 8 8
9 37 2 4 7 8 8 8 8 8 8 8 8 8 8 8 8 8 8 8 8 8 8 8 8 8 8 8 8 8 8 8 8 8 8 8 8 8 8
9 38 2 4 7 8 8 8 8 8 8 8 8 8 8 8 8 8 8 8 8 8 8 8 8 8 8 8 8 8 8 8 8 8 8 8 8 8 8 8
9 39 2 4 7 8 8 8 8 8 8 8 8 8 8 8 8 8 8 8 8 8 8 8 8 8 8 8 8 8 8 8 8 8 8 8 8 8 8 8 8
9 40 2 4 7 8 8 8 8 8 8 8 8 8 8 8 8 8 8 8 8 8 8 8 8 8 8 8 8 8 8 8 8 8 8 8 8 8 8 8 8 8
9 3 2 5 5
9 4 2 5 5 8
9 5 2 5 5 8 8
9 6 2 5 5 8 8 8
9 7 2 5 5 8 8 8 8
9 8 2 5 5 8 8 8 8 8
9 9 2 5 5 8 8 8 8 8 8
9 10 2 5 5 8 8 8 8 8 8 8
9 11 2 5 5 8 8 8 8 8 8 8 8
9 12 2 5 5 8 8 8 8 8 8 8 8 8
9 13 2 5 5 8 8 8 8 8 8 8 8 8 8
9 14 2 5 5 8 8 8 8 8 8 8 8 8 8 8
9 15 2 5 5 8 8 8 8 8 8 8 8 8 8 8 8
9 16 2 5 5 8 8 8 8 8 8 8 8 8 8 8 8 8
9 17 2 5 5 8 8 8 8 8 8 8 8 8 8 8 8 8 8
9 18 2 5 5 8 8 8 8 8 8 8 8 8 8 8 8 8 8 8
9 19 2 5 5 8 8 8 8 8 8 8 8 8 8 8 8 8 8 8 8
9 20 2 5 5 8 8 8 8 8 8 8 8 8 8 8 8 8 8 8 8 8
9 21 2 5 5 8 8 8 8 8 8 8 8 8 8 8 8 8 8 8 8 8 8
9 22 2 5 5 8 8 8 8 8 8 8 8 8 8 8 8 8 8 8 8 8 8 8
9 23 2 5 5 8 8 8 8 8 8 8 8 8 8 8 8 8 8 8 8 8 8 8 8
9 24 2 5 5 8 8 8 8 8 8 8 8 8 8 8 8 8 8 8 8 8 8 8 8 8
9 25 2 5 5 8 8 8 8 8 8 8 8 8 8 8 8 8 8 8 8 8 8 8 8 8 8
9 26 2 5 5 8 8 8 8 8 8 8 8 8 8 8 8 8 8 8 8 8 8 8 8 8 8 8
9 27 2 5 5 8 8 8 8 8 8 8 8 8 8 8 8 8 8 8 8 8 8 8 8 8 8 8 8
9 28 2 5 5 8 8 8 8 8 8 8 8 8 8 8 8 8 8 8 8 8 8 8 8 8 8 8 8 8
9 29 2 5 5 8 8 8 8 8 8 8 8 8 8 8 8 8 8 8 8 8 8 8 8 8 8 8 8 8 8
9 30 2 5 5 8 8 8 8 8 8 8 8 8 8 8 8 8 8 8 8 8 8 8 8 8 8 8 8 8 8 8
9 31 2 5 5 8 8 8 8 8 8 8 8 8 8 8 8 8 8 8 8 8 8 8 8 8 8 8 8 8 8 8 8
9 32 2 5 5 8 8 8 8 8 8 8 8 8 8 8 8 8 8 8 8 8 8 8 8 8 8 8 8 8 8 8 8 8
9 33 2 5 5 8 8 8 8 8 8 8 8 8 8 8 8 8 8 8 8 8 8 8 8 8 8 8 8 8 8 8 8 8 8
9 34 2 5 5 8 8 8 8 8 8 8 8 8 8 8 8 8 8 8 8 8 8 8 8 8 8 8 8 8 8 8 8 8 8 8
9 35 2 5 5 8 8 8 8 8 8 8 8 8 8 8 8 8 8 8 8 8 8 8 8 8 8 8 8 8 8 8 8 8 8 8 8
9 36 2 5 5 8 8 8 8 8 8 8 8 8 8 8 8 8 8 8 8 8 8 8 8 8 8 8 8 8 8 8 8 8 8 8 8 8
9 37 2 5 5 8 8 8 8 8 8 8 8 8 8 8 8 8 8 8 8 8 8 8 8 8 8 8 8 8 8 8 8 8 8 8 8 8 8
9 38 2 5 5 8 8 8 8 8 8 8 8 8 8 8 8 8 8 8 8 8 8 8 8 8 8 8 8 8 8 8 8 8 8 8 8 8 8 8
9 39 2 5 5 8 8 8 8 8 8 8 8 8 8 8 8 8 8 8 8 8 8 8 8 8 8 8 8 8 8 8 8 8 8 8 8 8 8 8 8
9 40 2 5 5 8 8 8 8 8 8 8 8 8 8 8 8 8 8 8 8 8 8 8 8 8 8 8 8 8 8 8 8 8 8 8 8 8 8 8 8 8
9 3 2 5 6
9 4 2 5 6 8
9 5 2 5 6 8 8
9 6 2 5 6 8 8 8
9 7 2 5 6 8 8 8 8
9 8 2 5 6 8 8 8 8 8
9 9 2 5 6 8 8 8 8 8 8
9 10 2 5 6 8 8 8 8 8 8 8
9 11 2 5 6 8 8 8 8 8 8 8 8
9 12 2 5 6 8 8 8 8 8 8 8 8 8
9 13 2 5 6 8 8 8 8 8 8 8 8 8 8
9 14 2 5 6 8 8 8 8 8 8 8 8 8 8 8
9 15 2 5 6 8 8 8 8 8 8 8 8 8 8 8 8
9 16 2 5 6 8 8 8 8 8 8 8 8 8 8 8 8 8
9 17 2 5 6 8 8 8 8 8 8 8 8 8 8 8 8 8 8
9 18 2 5 6 8 8 8 8 8 8 8 8 8 8 8 8 8 8 8
9 19 2 5 6 8 8 8 8 8 8 8 8 8 8 8 8 8 8 8 8
9 20 2 5 6 8 8 8 8 8 8 8 8 8 8 8 8 8 8 8 8 8
9 21 2 5 6 8 8 8 8 8 8 8 8 8 8 8 8 8 8 8 8 8 8
9 22 2 5 6 8 8 8 8 8 8 8 8 8 8 8 8 8 8 8 8 8 8 8
9 23 2 5 6 8 8 8 8 8 8 8 8 8 8 8 8 8 8 8 8 8 8 8 8
9 24 2 5 6 8 8 8 8 8 8 8 8 8 8 8 8 8 8 8 8 8 8 8 8 8
9 25 2 5 6 8 8 8 8 8 8 8 8 8 8 8 8 8 8 8 8 8 8 8 8 8 8
9 26 2 5 6 8 8 8 8 8 8 8 8 8 8 8 8 8 8 8 8 8 8 8 8 8 8 8
9 27 2 5 6 8 8 8 8 8 8 8 8 8 8 8 8 8 8 8 8 8 8 8 8 8 8 8 8
9 28 2 5 6 8 8 8 8 8 8 8 8 8 8 8 8 8 8 8 8 8 8 8 8 8 8 8 8 8
9 29 2 5 6 8 8 8 8 8 8 8 8 8 8 8 8 8 8 8 8 8 8 8 8 8 8 8 8 8 8
9 30 2 5 6 8 8 8 8 8 8 8 8 8 8 8 8 8 8 8 8 8 8 8 8 8 8 8 8 8 8 8
9 31 2 5 6 8 8 8 8 8 8 8 8 8 8 8 8 8 8 8 8 8 8 8 8 8 8 8 8 8 8 8 8
9 32 2 5 6 8 8 8 8 8 8 8 8 8 8 8 8 8 8 8 8 8 8 8 8 8 8 8 8 8 8 8 8 8
9 33 2 5 6 8 8 8 8 8 8 8 8 8 8 8 8 8 8 8 8 8 8 8 8 8 8 8 8 8 8 8 8 8 8
9 34 2 5 6 8 8 8 8 8 8 8 8 8 8 8 8 8 8 8 8 8 8 8 8 8 8 8 8 8 8 8 8 8 8 8
9 35 2 5 6 8 8 8 8 8 8 8 8 8 8 8 8 8 8 8 8 8 8 8 8 8 8 8 8 8 8 8 8 8 8 8 8
9 36 2 5 6 8 8 8 8 8 8 8 8 8 8 8 8 8 8 8 8 8 8 8 8 8 8 8 8 8 8 8 8 8 8 8 8 8
9 37 2 5 6 8 8 8 8 8 8 8 8 8 8 8 8 8 8 8 8 8 8 8 8 8 8 8 8 8 8 8 8 8 8 8 8 8 8
9 38 2 5 6 8 8 8 8 8 8 8 8 8 8 8 8 8 8 8 8 8 8 8 8 8 8 8 8 8 8 8 8 8 8 8 8 8 8 8
9 39 2 5 6 8 8 8 8 8 8 8 8 8 8 8 8 8 8 8 8 8 8 8 8 8 8 8 8 8 8 8 8 8 8 8 8 8 8 8 8
9 40 2 5 6 8 8 8 8 8 8 8 8 8 8 8 8 8 8 8 8 8 8 8 8 8 8 8 8 8 8 8 8 8 8 8 8 8 8 8 8 8
9 3 2 5 7
9 4 2 5 7 8
9 5 2 5 7 8 8
9 6 2 5 7 8 8 8
9 7 2 5 7 8 8 8 8
9 8 2 5 7 8 8 8 8 8
9 9 2 5 7 8 8 8 8 8 8
9 10 2 5 7 8 8 8 8 8 8 8
9 11 2 5 7 8 8 8 8 8 8 8 8
9 12 2 5 7 8 8 8 8 8 8 8 8 8
9 13 2 5 7 8 8 8 8 8 8 8 8 8 8
9 14 2 5 7 8 8 8 8 8 8 8 8 8 8 8
9 15 2 5 7 8 8 8 8 8 8 8 8 8 8 8 8
9 16 2 5 7 8 8 8 8 8 8 8 8 8 8 8 8 8
9 17 2 5 7 8 8 8 8 8 8 8 8 8 8 8 8 8 8
9 18 2 5 7 8 8 8 8 8 8 8 8 8 8 8 8 8 8 8
9 19 2 5 7 8 8 8 8 8 8 8 8 8 8 8 8 8 8 8 8
9 20 2 5 7 8 8 8 8 8 8 8 8 8 8 8 8 8 8 8 8 8
9 21 2 5 7 8 8 8 8 8 8 8 8 8 8 8 8 8 8 8 8 8 8
9 22 2 5 7 8 8 8 8 8 8 8 8 8 8 8 8 8 8 8 8 8 8 8
9 23 2 5 7 8 8 8 8 8 8 8 8 8 8 8 8 8 8 8 8 8 8 8 8
9 24 2 5 7 8 8 8 8 8 8 8 8 8 8 8 8 8 8 8 8 8 8 8 8 8
9 25 2 5 7 8 8 8 8 8 8 8 8 8 8 8 8 8 8 8 8 8 8 8 8 8 8
9 26 2 5 7 8 8 8 8 8 8 8 8 8 8 8 8 8 8 8 8 8 8 8 8 8 8 8
9 27 2 5 7 8 8 8 8 8 8 8 8 8 8 8 8 8 8 8 8 8 8 8 8 8 8 8 8
9 28 2 5 7 8 8 8 8 8 8 8 8 8 8 8 8 8 8 8 8 8 8 8 8 8 8 8 8 8
9 29 2 5 7 8 8 8 8 8 8 8 8 8 8 8 8 8 8 8 8 8 8 8 8 8 8 8 8 8 8
9 30 2 5 7 8 8 8 8 8 8 8 8 8 8 8 8 8 8 8 8 8 8 8 8 8 8 8 8 8 8 8
9 31 2 5 7 8 8 8 8 8 8 8 8 8 8 8 8 8 8 8 8 8 8 8 8 8 8 8 8 8 8 8 8
9 32 2 5 7 8 8 8 8 8 8 8 8 8 8 8 8 8 8 8 8 8 8 8 8 8 8 8 8 8 8 8 8 8
9 33 2 5 7 8 8 8 8 8 8 8 8 8 8 8 8 8 8 8 8 8 8 8 8 8 8 8 8 8 8 8 8 8 8
9 34 2 5 7 8 8 8 8 8 8 8 8 8 8 8 8 8 8 8 8 8 8 8 8 8 8 8 8 8 8 8 8 8 8 8
9 35 2 5 7 8 8 8 8 8 8 8 8 8 8 8 8 8 8 8 8 8 8 8 8 8 8 8 8 8 8 8 8 8 8 8 8
9 36 2 5 7 8 8 8 8 8 8 8 8 8 8 8 8 8 8 8 8 8 8 8 8 8 8 8 8 8 8 8 8 8 8 8 8 8
9 37 2 5 7 8 8 8 8 8 8 8 8 8 8 8 8 8 8 8 8 8 8 8 8 8 8 8 8 8 8 8 8 8 8 8 8 8 8
9 38 2 5 7 8 8 8 8 8 8 8 8 8 8 8 8 8 8 8 8 8 8 8 8 8 8 8 8 8 8 8 8 8 8 8 8 8 8 8
9 39 2 5 7 8 8 8 8 8 8 8 8 8 8 8 8 8 8 8 8 8 8 8 8 8 8 8 8 8 8 8 8 8 8 8 8 8 8 8 8
9 40 2 5 7 8 8 8 8 8 8 8 8 8 8 8 8 8 8 8 8 8 8 8 8 8 8 8 8 8 8 8 8 8 8 8 8 8 8 8 8 8
9 3 2 6 6
9 4 2 6 6 8
9 5 2 6 6 8 8
9 6 2 6 6 8 8 8
9 7 2 6 6 8 8 8 8
9 8 2 6 6 8 8 8 8 8
9 9 2 6 6 8 8 8 8 8 8
9 10 2 6 6 8 8 8 8 8 8 8
9 11 2 6 6 8 8 8 8 8 8 8 8
9 12 2 6 6 8 8 8 8 8 8 8 8 8
9 13 2 6 6 8 8 8 8 8 8 8 8 8 8
9 14 2 6 6 8 8 8 8 8 8 8 8 8 8 8
9 15 2 6 6 8 8 8 8 8 8 8 8 8 8 8 8
9 16 2 6 6 8 8 8 8 8 8 8 8 8 8 8 8 8
9 17 2 6 6 8 8 8 8 8 8 8 8 8 8 8 8 8 8
9 18 2 6 6 8 8 8 8 8 8 8 8 8 8 8 8 8 8 8
9 19 2 6 6 8 8 8 8 8 8 8 8 8 8 8 8 8 8 8 8
9 20 2 6 6 8 8 8 8 8 8 8 8 8 8 8 8 8 8 8 8 8
9 21 2 6 6 8 8 8 8 8 8 8 8 8 8 8 8 8 8 8 8 8 8
9 22 2 6 6 8 8 8 8 8 8 8 8 8 8 8 8 8 8 8 8 8 8 8
9 23 2 6 6 8 8 8 8 8 8 8 8 8 8 8 8 8 8 8 8 8 8 8 8
9 24 2 6 6 8 8 8 8 8 8 8 8 8 8 8 8 8 8 8 8 8 8 8 8 8
9 25 2 6 6 8 8 8 8 8 8 8 8 8 8 8 8 8 8 8 8 8 8 8 8 8 8
9 26 2 6 6 8 8 8 8 8 8 8 8 8 8 8 8 8 8 8 8 8 8 8 8 8 8 8
9 27 2 6 6 8 8 8 8 8 8 8 8 8 8 8 8 8 8 8 8 8 8 8 8 8 8 8 8
9 28 2 6 6 8 8 8 8 8 8 8 8 8 8 8 8 8 8 8 8 8 8 8 8 8 8 8 8 8
9 29 2 6 6 8 8 8 8 8 8 8 8 8 8 8 8 8 8 8 8 8 8 8 8 8 8 8 8 8 8
9 30 2 6 6 8 8 8 8 8 8 8 8 8 8 8 8 8 8 8 8 8 8 8 8 8 8 8 8 8 8 8
9 31 2 6 6 8 8 8 8 8 8 8 8 8 8 8 8 8 8 8 8 8 8 8 8 8 8 8 8 8 8 8 8
9 32 2 6 6 8 8 8 8 8 8 8 8 8 8 8 8 8 8 8 8 8 8 8 8 8 8 8 8 8 8 8 8 8
9 33 2 6 6 8 8 8 8 8 8 8 8 8 8 8 8 8 8 8 8 8 8 8 8 8 8 8 8 8 8 8 8 8 8
9 34 2 6 6 8 8 8 8 8 8 8 8 8 8 8 8 8 8 8 8 8 8 8 8 8 8 8 8 8 8 8 8 8 8 8
9 35 2 6 6 8 8 8 8 8 8 8 8 8 8 8 8 8 8 8 8 8 8 8 8 8 8 8 8 8 8 8 8 8 8 8 8
9 36 2 6 6 8 8 8 8 8 8 8 8 8 8 8 8 8 8 8 8 8 8 8 8 8 8 8 8 8 8 8 8 8 8 8 8 8
9 37 2 6 6 8 8 8 8 8 8 8 8 8 8 8 8 8 8 8 8 8 8 8 8 8 8 8 8 8 8 8 8 8 8 8 8 8 8
9 38 2 6 6 8 8 8 8 8 8 8 8 8 8 8 8 8 8 8 8 8 8 8 8 8 8 8 8 8 8 8 8 8 8 8 8 8 8 8
9 39 2 6 6 8 8 8 8 8 8 8 8 8 8 8 8 8 8 8 8 8 8 8 8 8 8 8 8 8 8 8 8 8 8 8 8 8 8 8 8
9 40 2 6 6 8 8 8 8 8 8 8 8 8 8 8 8 8 8 8 8 8 8 8 8 8 8 8 8 8 8 8 8 8 8 8 8 8 8 8 8 8
9 3 2 6 7
9 4 2 6 7 8
9 5 2 6 7 8 8
9 6 2 6 7 8 8 8
9 7 2 6 7 8 8 8 8
9 8 2 6 7 8 8 8 8 8
9 9 2 6 7 8 8 8 8 8 8
9 10 2 6 7 8 8 8 8 8 8 8
9 11 2 6 7 8 8 8 8 8 8 8 8
9 12 2 6 7 8 8 8 8 8 8 8 8 8
9 13 2 6 7 8 8 8 8 8 8 8 8 8 8
9 14 2 6 7 8 8 8 8 8 8 8 8 8 8 8
9 15 2 6 7 8 8 8 8 8 8 8 8 8 8 8 8
9 16 2 6 7 8 8 8 8 8 8 8 8 8 8 8 8 8
9 17 2 6 7 8 8 8 8 8 8 8 8 8 8 8 8 8 8
9 18 2 6 7 8 8 8 8 8 8 8 8 8 8 8 8 8 8 8
9 19 2 6 7 8 8 8 8 8 8 8 8 8 8 8 8 8 8 8 8
9 20 2 6 7 8 8 8 8 8 8 8 8 8 8 8 8 8 8 8 8 8
9 21 2 6 7 8 8 8 8 8 8 8 8 8 8 8 8 8 8 8 8 8 8
9 22 2 6 7 8 8 8 8 8 8 8 8 8 8 8 8 8 8 8 8 8 8 8
9 23 2 6 7 8 8 8 8 8 8 8 8 8 8 8 8 8 8 8 8 8 8 8 8
9 24 2 6 7 8 8 8 8 8 8 8 8 8 8 8 8 8 8 8 8 8 8 8 8 8
9 25 2 6 7 8 8 8 8 8 8 8 8 8 8 8 8 8 8 8 8 8 8 8 8 8 8
9 26 2 6 7 8 8 8 8 8 8 8 8 8 8 8 8 8 8 8 8 8 8 8 8 8 8 8
9 27 2 6 7 8 8 8 8 8 8 8 8 8 8 8 8 8 8 8 8 8 8 8 8 8 8 8 8
9 28 2 6 7 8 8 8 8 8 8 8 8 8 8 8 8 8 8 8 8 8 8 8 8 8 8 8 8 8
9 29 2 6 7 8 8 8 8 8 8 8 8 8 8 8 8 8 8 8 8 8 8 8 8 8 8 8 8 8 8
9 30 2 6 7 8 8 8 8 8 8 8 8 8 8 8 8 8 8 8 8 8 8 8 8 8 8 8 8 8 8 8
9 31 2 6 7 8 8 8 8 8 8 8 8 8 8 8 8 8 8 8 8 8 8 8 8 8 8 8 8 8 8 8 8
9 32 2 6 7 8 8 8 8 8 8 8 8 8 8 8 8 8 8 8 8 8 8 8 8 8 8 8 8 8 8 8 8 8
9 33 2 6 7 8 8 8 8 8 8 8 8 8 8 8 8 8 8 8 8 8 8 8 8 8 8 8 8 8 8 8 8 8 8
9 34 2 6 7 8 8 8 8 8 8 8 8 8 8 8 8 8 8 8 8 8 8 8 8 8 8 8 8 8 8 8 8 8 8 8
9 35 2 6 7 8 8 8 8 8 8 8 8 8 8 8 8 8 8 8 8 8 8 8 8 8 8 8 8 8 8 8 8 8 8 8 8
9 36 2 6 7 8 8 8 8 8 8 8 8 8 8 8 8 8 8 8 8 8 8 8 8 8 8 8 8 8 8 8 8 8 8 8 8 8
9 37 2 6 7 8 8 8 8 8 8 8 8 8 8 8 8 8 8 8 8 8 8 8 8 8 8 8 8 8 8 8 8 8 8 8 8 8 8
9 38 2 6 7 8 8 8 8 8 8 8 8 8 8 8 8 8 8 8 8 8 8 8 8 8 8 8 8 8 8 8 8 8 8 8 8 8 8 8
9 39 2 6 7 8 8 8 8 8 8 8 8 8 8 8 8 8 8 8 8 8 8 8 8 8 8 8 8 8 8 8 8 8 8 8 8 8 8 8 8
9 40 2 6 7 8 8 8 8 8 8 8 8 8 8 8 8 8 8 8 8 8 8 8 8 8 8 8 8 8 8 8 8 8 8 8 8 8 8 8 8 8
9 3 2 7 7
9 4 2 7 7 8
9 5 2 7 7 8 8
9 6 2 7 7 8 8 8
9 7 2 7 7 8 8 8 8
9 8 2 7 7 8 8 8 8 8
9 9 2 7 7 8 8 8 8 8 8
9 10 2 7 7 8 8 8 8 8 8 8
9 11 2 7 7 8 8 8 8 8 8 8 8
9 12 2 7 7 8 8 8 8 8 8 8 8 8
9 13 2 7 7 8 8 8 8 8 8 8 8 8 8
9 14 2 7 7 8 8 8 8 8 8 8 8 8 8 8
9 15 2 7 7 8 8 8 8 8 8 8 8 8 8 8 8
9 16 2 7 7 8 8 8 8 8 8 8 8 8 8 8 8 8
9 17 2 7 7 8 8 8 8 8 8 8 8 8 8 8 8 8 8
9 18 2 7 7 8 8 8 8 8 8 8 8 8 8 8 8 8 8 8
9 19 2 7 7 8 8 8 8 8 8 8 8 8 8 8 8 8 8 8 8
9 20 2 7 7 8 8 8 8 8 8 8 8 8 8 8 8 8 8 8 8 8
9 21 2 7 7 8 8 8 8 8 8 8 8 8 8 8 8 8 8 8 8 8 8
9 22 2 7 7 8 8 8 8 8 8 8 8 8 8 8 8 8 8 8 8 8 8 8
9 23 2 7 7 8 8 8 8 8 8 8 8 8 8 8 8 8 8 8 8 8 8 8 8
9 24 2 7 7 8 8 8 8 8 8 8 8 8 8 8 8 8 8 8 8 8 8 8 8 8
9 25 2 7 7 8 8 8 8 8 8 8 8 8 8 8 8 8 8 8 8 8 8 8 8 8 8
9 26 2 7 7 8 8 8 8 8 8 8 8 8 8 8 8 8 8 8 8 8 8 8 8 8 8 8
9 27 2 7 7 8 8 8 8 8 8 8 8 8 8 8 8 8 8 8 8 8 8 8 8 8 8 8 8
9 28 2 7 7 8 8 8 8 8 8 8 8 8 8 8 8 8 8 8 8 8 8 8 8 8 8 8 8 8
9 29 2 7 7 8 8 8 8 8 8 8 8 8 8 8 8 8 8 8 8 8 8 8 8 8 8 8 8 8 8
9 30 2 7 7 8 8 8 8 8 8 8 8 8 8 8 8 8 8 8 8 8 8 8 8 8 8 8 8 8 8 8
9 31 2 7 7 8 8 8 8 8 8 8 8 8 8 8 8 8 8 8 8 8 8 8 8 8 8 8 8 8 8 8 8
9 32 2 7 7 8 8 8 8 8 8 8 8 8 8 8 8 8 8 8 8 8 8 8 8 8 8 8 8 8 8 8 8 8
9 33 2 7 7 8 8 8 8 8 8 8 8 8 8 8 8 8 8 8 8 8 8 8 8 8 8 8 8 8 8 8 8 8 8
9 34 2 7 7 8 8 8 8 8 8 8 8 8 8 8 8 8 8 8 8 8 8 8 8 8 8 8 8 8 8 8 8 8 8 8
9 35 2 7 7 8 8 8 8 8 8 8 8 8 8 8 8 8 8 8 8 8 8 8 8 8 8 8 8 8 8 8 8 8 8 8 8
9 36 2 7 7 8 8 8 8 8 8 8 8 8 8 8 8 8 8 8 8 8 8 8 8 8 8 8 8 8 8 8 8 8 8 8 8 8
9 37 2 7 7 8 8 8 8 8 8 8 8 8 8 8 8 8 8 8 8 8 8 8 8 8 8 8 8 8 8 8 8 8 8 8 8 8 8
9 38 2 7 7 8 8 8 8 8 8 8 8 8 8 8 8 8 8 8 8 8 8 8 8 8 8 8 8 8 8 8 8 8 8 8 8 8 8 8
9 39 2 7 7 8 8 8 8 8 8 8 8 8 8 8 8 8 8 8 8 8 8 8 8 8 8 8 8 8 8 8 8 8 8 8 8 8 8 8 8
9 40 2 7 7 8 8 8 8 8 8 8 8 8 8 8 8 8 8 8 8 8 8 8 8 8 8 8 8 8 8 8 8 8 8 8 8 8 8 8 8 8
9 3 3 3 3
9 4 3 3 3 8
9 5 3 3 3 8 8
9 6 3 3 3 8 8 8
9 7 3 3 3 8 8 8 8
9 8 3 3 3 8 8 8 8 8
9 9 3 3 3 8 8 8 8 8 8
9 10 3 3 3 8 8 8 8 8 8 8
9 11 3 3 3 8 8 8 8 8 8 8 8
9 12 3 3 3 8 8 8 8 8 8 8 8 8
9 13 3 3 3 8 8 8 8 8 8 8 8 8 8
9 14 3 3 3 8 8 8 8 8 8 8 8 8 8 8
9 15 3 3 3 8 8 8 8 8 8 8 8 8 8 8 8
9 16 3 3 3 8 8 8 8 8 8 8 8 8 8 8 8 8
9 17 3 3 3 8 8 8 8 8 8 8 8 8 8 8 8 8 8
9 18 3 3 3 8 8 8 8 8 8 8 8 8 8 8 8 8 8 8
9 19 3 3 3 8 8 8 8 8 8 8 8 8 8 8 8 8 8 8 8
9 20 3 3 3 8 8 8 8 8 8 8 8 8 8 8 8 8 8 8 8 8
9 21 3 3 3 8 8 8 8 8 8 8 8 8 8 8 8 8 8 8 8 8 8
9 22 3 3 3 8 8 8 8 8 8 8 8 8 8 8 8 8 8 8 8 8 8 8
9 23 3 3 3 8 8 8 8 8 8 8 8 8 8 8 8 8 8 8 8 8 8 8 8
9 24 3 3 3 8 8 8 8 8 8 8 8 8 8 8 8 8 8 8 8 8 8 8 8 8
9 25 3 3 3 8 8 8 8 8 8 8 8 8 8 8 8 8 8 8 8 8 8 8 8 8 8
9 26 3 3 3 8 8 8 8 8 8 8 8 8 8 8 8 8 8 8 8 8 8 8 8 8 8 8
9 27 3 3 3 8 8 8 8 8 8 8 8 8 8 8 8 8 8 8 8 8 8 8 8 8 8 8 8
9 28 3 3 3 8 8 8 8 8 8 8 8 8 8 8 8 8 8 8 8 8 8 8 8 8 8 8 8 8
9 29 3 3 3 8 8 8 8 8 8 8 8 8 8 8 8 8 8 8 8 8 8 8 8 8 8 8 8 8 8
9 30 3 3 3 8 8 8 8 8 8 8 8 8 8 8 8 8 8 8 8 8 8 8 8 8 8 8 8 8 8 8
9 31 3 3 3 8 8 8 8 8 8 8 8 8 8 8 8 8 8 8 8 8 8 8 8 8 8 8 8 8 8 8 8
9 32 3 3 3 8 8 8 8 8 8 8 8 8 8 8 8 8 8 8 8 8 8 8 8 8 8 8 8 8 8 8 8 8
9 33 3 3 3 8 8 8 8 8 8 8 8 8 8 8 8 8 8 8 8 8 8 8 8 8 8 8 8 8 8 8 8 8 8
9 34 3 3 3 8 8 8 8 8 8 8 8 8 8 8 8 8 8 8 8 8 8 8 8 8 8 8 8 8 8 8 8 8 8 8
9 35 3 3 3 8 8 8 8 8 8 8 8 8 8 8 8 8 8 8 8 8 8 8 8 8 8 8 8 8 8 8 8 8 8 8 8
9 36 3 3 3 8 8 8 8 8 8 8 8 8 8 8 8 8 8 8 8 8 8 8 8 8 8 8 8 8 8 8 8 8 8 8 8 8
9 37 3 3 3 8 8 8 8 8 8 8 8 8 8 8 8 8 8 8 8 8 8 8 8 8 8 8 8 8 8 8 8 8 8 8 8 8 8
9 38 3 3 3 8 8 8 8 8 8 8 8 8 8 8 8 8 8 8 8 8 8 8 8 8 8 8 8 8 8 8 8 8 8 8 8 8 8 8
9 39 3 3 3 8 8 8 8 8 8 8 8 8 8 8 8 8 8 8 8 8 8 8 8 8 8 8 8 8 8 8 8 8 8 8 8 8 8 8 8
9 40 3 3 3 8 8 8 8 8 8 8 8 8 8 8 8 8 8 8 8 8 8 8 8 8 8 8 8 8 8 8 8 8 8 8 8 8 8 8 8 8
9 3 3 3 4
9 4 3 3 4 8
9 5 3 3 4 8 8
9 6 3 3 4 8 8 8
9 7 3 3 4 8 8 8 8
9 8 3 3 4 8 8 8 8 8
9 9 3 3 4 8 8 8 8 8 8
9 10 3 3 4 8 8 8 8 8 8 8
9 11 3 3 4 8 8 8 8 8 8 8 8
9 12 3 3 4 8 8 8 8 8 8 8 8 8
9 13 3 3 4 8 8 8 8 8 8 8 8 8 8
9 14 3 3 4 8 8 8 8 8 8 8 8 8 8 8
9 15 3 3 4 8 8 8 8 8 8 8 8 8 8 8 8
9 16 3 3 4 8 8 8 8 8 8 8 8 8 8 8 8 8
9 17 3 3 4 8 8 8 8 8 8 8 8 8 8 8 8 8 8
9 18 3 3 4 8 8 8 8 8 8 8 8 8 8 8 8 8 8 8
9 19 3 3 4 8 8 8 8 8 8 8 8 8 8 8 8 8 8 8 8
9 20 3 3 4 8 8 8 8 8 8 8 8 8 8 8 8 8 8 8 8 8
9 21 3 3 4 8 8 8 8 8 8 8 8 8 8 8 8 8 8 8 8 8 8
9 22 3 3 4 8 8 8 8 8 8 8 8 8 8 8 8 8 8 8 8 8 8 8
9 23 3 3 4 8 8 8 8 8 8 8 8 8 8 8 8 8 8 8 8 8 8 8 8
9 24 3 3 4 8 8 8 8 8 8 8 8 8 8 8 8 8 8 8 8 8 8 8 8 8
9 25 3 3 4 8 8 8 8 8 8 8 8 8 8 8 8 8 8 8 8 8 8 8 8 8 8
9 26 3 3 4 8 8 8 8 8 8 8 8 8 8 8 8 8 8 8 8 8 8 8 8 8 8 8
9 27 3 3 4 8 8 8 8 8 8 8 8 8 8 8 8 8 8 8 8 8 8 8 8 8 8 8 8
9 28 3 3 4 8 8 8 8 8 8 8 8 8 8 8 8 8 8 8 8 8 8 8 8 8 8 8 8 8
9 29 3 3 4 8 8 8 8 8 8 8 8 8 8 8 8 8 8 8 8 8 8 8 8 8 8 8 8 8 8
9 30 3 3 4 8 8 8 8 8 8 8 8 8 8 8 8 8 8 8 8 8 8 8 8 8 8 8 8 8 8 8
9 31 3 3 4 8 8 8 8 8 8 8 8 8 8 8 8 8 8 8 8 8 8 8 8 8 8 8 8 8 8 8 8
9 32 3 3 4 8 8 8 8 8 8 8 8 8 8 8 8 8 8 8 8 8 8 8 8 8 8 8 8 8 8 8 8 8
9 33 3 3 4 8 8 8 8 8 8 8 8 8 8 8 8 8 8 8 8 8 8 8 8 8 8 8 8 8 8 8 8 8 8
9 34 3 3 4 8 8 8 8 8 8 8 8 8 8 8 8 8 8 8 8 8 8 8 8 8 8 8 8 8 8 8 8 8 8 8
9 35 3 3 4 8 8 8 8 8 8 8 8 8 8 8 8 8 8 8 8 8 8 8 8 8 8 8 8 8 8 8 8 8 8 8 8
9 36 3 3 4 8 8 8 8 8 8 8 8 8 8 8 8 8 8 8 8 8 8 8 8 8 8 8 8 8 8 8 8 8 8 8 8 8
9 37 3 3 4 8 8 8 8 8 8 8 8 8 8 8 8 8 8 8 8 8 8 8 8 8 8 8 8 8 8 8 8 8 8 8 8 8 8
9 38 3 3 4 8 8 8 8 8 8 8 8 8 8 8 8 8 8 8 8 8 8 8 8 8 8 8 8 8 8 8 8 8 8 8 8 8 8 8
9 39 3 3 4 8 8 8 8 8 8 8 8 8 8 8 8 8 8 8 8 8 8 8 8 8 8 8 8 8 8 8 8 8 8 8 8 8 8 8 8
9 40 3 3 4 8 8 8 8 8 8 8 8 8 8 8 8 8 8 8 8 8 8 8 8 8 8 8 8 8 8 8 8 8 8 8 8 8 8 8 8 8
9 3 3 3 5
9 4 3 3 5 8
9 5 3 3 5 8 8
9 6 3 3 5 8 8 8
9 7 3 3 5 8 8 8 8
9 8 3 3 5 8 8 8 8 8
9 9 3 3 5 8 8 8 8 8 8
9 10 3 3 5 8 8 8 8 8 8 8
9 11 3 3 5 8 8 8 8 8 8 8 8
9 12 3 3 5 8 8 8 8 8 8 8 8 8
9 13 3 3 5 8 8 8 8 8 8 8 8 8 8
9 14 3 3 5 8 8 8 8 8 8 8 8 8 8 8
9 15 3 3 5 8 8 8 8 8 8 8 8 8 8 8 8
9 16 3 3 5 8 8 8 8 8 8 8 8 8 8 8 8 8
9 17 3 3 5 8 8 8 8 8 8 8 8 8 8 8 8 8 8
9 18 3 3 5 8 8 8 8 8 8 8 8 8 8 8 8 8 8 8
9 19 3 3 5 8 8 8 8 8 8 8 8 8 8 8 8 8 8 8 8
9 20 3 3 5 8 8 8 8 8 8 8 8 8 8 8 8 8 8 8 8 8
9 21 3 3 5 8 8 8 8 8 8 8 8 8 8 8 8 8 8 8 8 8 8
9 22 3 3 5 8 8 8 8 8 8 8 8 8 8 8 8 8 8 8 8 8 8 8
9 23 3 3 5 8 8 8 8 8 8 8 8 8 8 8 8 8 8 8 8 8 8 8 8
9 24 3 3 5 8 8 8 8 8 8 8 8 8 8 8 8 8 8 8 8 8 8 8 8 8
9 25 3 3 5 8 8 8 8 8 8 8 8 8 8 8 8 8 8 8 8 8 8 8 8 8 8
9 26 3 3 5 8 8 8 8 8 8 8 8 8 8 8 8 8 8 8 8 8 8 8 8 8 8 8
9 27 3 3 5 8 8 8 8 8 8 8 8 8 8 8 8 8 8 8 8 8 8 8 8 8 8 8 8
9 28 3 3 5 8 8 8 8 8 8 8 8 8 8 8 8 8 8 8 8 8 8 8 8 8 8 8 8 8
9 29 3 3 5 8 8 8 8 8 8 8 8 8 8 8 8 8 8 8 8 8 8 8 8 8 8 8 8 8 8
9 30 3 3 5 8 8 8 8 8 8 8 8 8 8 8 8 8 8 8 8 8 8 8 8 8 8 8 8 8 8 8
9 31 3 3 5 8 8 8 8 8 8 8 8 8 8 8 8 8 8 8 8 8 8 8 8 8 8 8 8 8 8 8 8
9 32 3 3 5 8 8 8 8 8 8 8 8 8 8 8 8 8 8 8 8 8 8 8 8 8 8 8 8 8 8 8 8 8
9 33 3 3 5 8 8 8 8 8 8 8 8 8 8 8 8 8 8 8 8 8 8 8 8 8 8 8 8 8 8 8 8 8 8
9 34 3 3 5 8 8 8 8 8 8 8 8 8 8 8 8 8 8 8 8 8 8 8 8 8 8 8 8 8 8 8 8 8 8 8
9 35 3 3 5 8 8 8 8 8 8 8 8 8 8 8 8 8 8 8 8 8 8 8 8 8 8 8 8 8 8 8 8 8 8 8 8
9 36 3 3 5 8 8 8 8 8 8 8 8 8 8 8 8 8 8 8 8 8 8 8 8 8 8 8 8 8 8 8 8 8 8 8 8 8
9 37 3 3 5 8 8 8 8 8 8 8 8 8 8 8 8 8 8 8 8 8 8 8 8 8 8 8 8 8 8 8 8 8 8 8 8 8 8
9 38 3 3 5 8 8 8 8 8 8 8 8 8 8 8 8 8 8 8 8 8 8 8 8 8 8 8 8 8 8 8 8 8 8 8 8 8 8 8
9 39 3 3 5 8 8 8 8 8 8 8 8 8 8 8 8 8 8 8 8 8 8 8 8 8 8 8 8 8 8 8 8 8 8 8 8 8 8 8 8
9 40 3 3 5 8 8 8 8 8 8 8 8 8 8 8 8 8 8 8 8 8 8 8 8 8 8 8 8 8 8 8 8 8 8 8 8 8 8 8 8 8
9 3 3 3 6
9 4 3 3 6 8
9 5 3 3 6 8 8
9 6 3 3 6 8 8 8
9 7 3 3 6 8 8 8 8
9 8 3 3 6 8 8 8 8 8
9 9 3 3 6 8 8 8 8 8 8
9 10 3 3 6 8 8 8 8 8 8 8
9 11 3 3 6 8 8 8 8 8 8 8 8
9 12 3 3 6 8 8 8 8 8 8 8 8 8
9 13 3 3 6 8 8 8 8 8 8 8 8 8 8
9 14 3 3 6 8 8 8 8 8 8 8 8 8 8 8
9 15 3 3 6 8 8 8 8 8 8 8 8 8 8 8 8
9 16 3 3 6 8 8 8 8 8 8 8 8 8 8 8 8 8
9 17 3 3 6 8 8 8 8 8 8 8 8 8 8 8 8 8 8
9 18 3 3 6 8 8 8 8 8 8 8 8 8 8 8 8 8 8 8
9 19 3 3 6 8 8 8 8 8 8 8 8 8 8 8 8 8 8 8 8
9 20 3 3 6 8 8 8 8 8 8 8 8 8 8 8 8 8 8 8 8 8
9 21 3 3 6 8 8 8 8 8 8 8 8 8 8 8 8 8 8 8 8 8 8
9 22 3 3 6 8 8 8 8 8 8 8 8 8 8 8 8 8 8 8 8 8 8 8
9 23 3 3 6 8 8 8 8 8 8 8 8 8 8 8 8 8 8 8 8 8 8 8 8
9 24 3 3 6 8 8 8 8 8 8 8 8 8 8 8 8 8 8 8 8 8 8 8 8 8
9 25 3 3 6 8 8 8 8 8 8 8 8 8 8 8 8 8 8 8 8 8 8 8 8 8 8
9 26 3 3 6 8 8 8 8 8 8 8 8 8 8 8 8 8 8 8 8 8 8 8 8 8 8 8
9 27 3 3 6 8 8 8 8 8 8 8 8 8 8 8 8 8 8 8 8 8 8 8 8 8 8 8 8
9 28 3 3 6 8 8 8 8 8 8 8 8 8 8 8 8 8 8 8 8 8 8 8 8 8 8 8 8 8
9 29 3 3 6 8 8 8 8 8 8 8 8 8 8 8 8 8 8 8 8 8 8 8 8 8 8 8 8 8 8
9 30 3 3 6 8 8 8 8 8 8 8 8 8 8 8 8 8 8 8 8 8 8 8 8 8 8 8 8 8 8 8
9 31 3 3 6 8 8 8 8 8 8 8 8 8 8 8 8 8 8 8 8 8 8 8 8 8 8 8 8 8 8 8 8
9 32 3 3 6 8 8 8 8 8 8 8 8 8 8 8 8 8 8 8 8 8 8 8 8 8 8 8 8 8 8 8 8 8
9 33 3 3 6 8 8 8 8 8 8 8 8 8 8 8 8 8 8 8 8 8 8 8 8 8 8 8 8 8 8 8 8 8 8
9 34 3 3 6 8 8 8 8 8 8 8 8 8 8 8 8 8 8 8 8 8 8 8 8 8 8 8 8 8 8 8 8 8 8 8
9 35 3 3 6 8 8 8 8 8 8 8 8 8 8 8 8 8 8 8 8 8 8 8 8 8 8 8 8 8 8 8 8 8 8 8 8
9 36 3 3 6 8 8 8 8 8 8 8 8 8 8 8 8 8 8 8 8 8 8 8 8 8 8 8 8 8 8 8 8 8 8 8 8 8
9 37 3 3 6 8 8 8 8 8 8 8 8 8 8 8 8 8 8 8 8 8 8 8 8 8 8 8 8 8 8 8 8 8 8 8 8 8 8
9 38 3 3 6 8 8 8 8 8 8 8 8 8 8 8 8 8 8 8 8 8 8 8 8 8 8 8 8 8 8 8 8 8 8 8 8 8 8 8
9 39 3 3 6 8 8 8 8 8 8 8 8 8 8 8 8 8 8 8 8 8 8 8 8 8 8 8 8 8 8 8 8 8 8 8 8 8 8 8 8
9 40 3 3 6 8 8 8 8 8 8 8 8 8 8 8 8 8 8 8 8 8 8 8 8 8 8 8 8 8 8 8 8 8 8 8 8 8 8 8 8 8
9 3 3 3 7
9 4 3 3 7 8
9 5 3 3 7 8 8
9 6 3 3 7 8 8 8
9 7 3 3 7 8 8 8 8
9 8 3 3 7 8 8 8 8 8
9 9 3 3 7 8 8 8 8 8 8
9 10 3 3 7 8 8 8 8 8 8 8
9 11 3 3 7 8 8 8 8 8 8 8 8
9 12 3 3 7 8 8 8 8 8 8 8 8 8
9 13 3 3 7 8 8 8 8 8 8 8 8 8 8
9 14 3 3 7 8 8 8 8 8 8 8 8 8 8 8
9 15 3 3 7 8 8 8 8 8 8 8 8 8 8 8 8
9 16 3 3 7 8 8 8 8 8 8 8 8 8 8 8 8 8
9 17 3 3 7 8 8 8 8 8 8 8 8 8 8 8 8 8 8
9 18 3 3 7 8 8 8 8 8 8 8 8 8 8 8 8 8 8 8
9 19 3 3 7 8 8 8 8 8 8 8 8 8 8 8 8 8 8 8 8
9 20 3 3 7 8 8 8 8 8 8 8 8 8 8 8 8 8 8 8 8 8
9 21 3 3 7 8 8 8 8 8 8 8 8 8 8 8 8 8 8 8 8 8 8
9 22 3 3 7 8 8 8 8 8 8 8 8 8 8 8 8 8 8 8 8 8 8 8
9 23 3 3 7 8 8 8 8 8 8 8 8 8 8 8 8 8 8 8 8 8 8 8 8
9 24 3 3 7 8 8 8 8 8 8 8 8 8 8 8 8 8 8 8 8 8 8 8 8 8
9 25 3 3 7 8 8 8 8 8 8 8 8 8 8 8 8 8 8 8 8 8 8 8 8 8 8
9 26 3 3 7 8 8 8 8 8 8 8 8 8 8 8 8 8 8 8 8 8 8 8 8 8 8 8
9 27 3 3 7 8 8 8 8 8 8 8 8 8 8 8 8 8 8 8 8 8 8 8 8 8 8 8 8
9 28 3 3 7 8 8 8 8 8 8 8 8 8 8 8 8 8 8 8 8 8 8 8 8 8 8 8 8 8
9 29 3 3 7 8 8 8 8 8 8 8 8 8 8 8 8 8 8 8 8 8 8 8 8 8 8 8 8 8 8
9 30 3 3 7 8 8 8 8 8 8 8 8 8 8 8 8 8 8 8 8 8 8 8 8 8 8 8 8 8 8 8
9 31 3 3 7 8 8 8 8 8 8 8 8 8 8 8 8 8 8 8 8 8 8 8 8 8 8 8 8 8 8 8 8
9 32 3 3 7 8 8 8 8 8 8 8 8 8 8 8 8 8 8 8 8 8 8 8 8 8 8 8 8 8 8 8 8 8
9 33 3 3 7 8 8 8 8 8 8 8 8 8 8 8 8 8 8 8 8 8 8 8 8 8 8 8 8 8 8 8 8 8 8
9 34 3 3 7 8 8 8 8 8 8 8 8 8 8 8 8 8 8 8 8 8 8 8 8 8 8 8 8 8 8 8 8 8 8 8
9 35 3 3 7 8 8 8 8 8 8 8 8 8 8 8 8 8 8 8 8 8 8 8 8 8 8 8 8 8 8 8 8 8 8 8 8
9 36 3 3 7 8 8 8 8 8 8 8 8 8 8 8 8 8 8 8 8 8 8 8 8 8 8 8 8 8 8 8 8 8 8 8 8 8
9 37 3 3 7 8 8 8 8 8 8 8 8 8 8 8 8 8 8 8 8 8 8 8 8 8 8 8 8 8 8 8 8 8 8 8 8 8 8
9 38 3 3 7 8 8 8 8 8 8 8 8 8 8 8 8 8 8 8 8 8 8 8 8 8 8 8 8 8 8 8 8 8 8 8 8 8 8 8
9 39 3 3 7 8 8 8 8 8 8 8 8 8 8 8 8 8 8 8 8 8 8 8 8 8 8 8 8 8 8 8 8 8 8 8 8 8 8 8 8
9 40 3 3 7 8 8 8 8 8 8 8 8 8 8 8 8 8 8 8 8 8 8 8 8 8 8 8 8 8 8 8 8 8 8 8 8 8 8 8 8 8
9 3 3 4 4
9 4 3 4 4 8
9 5 3 4 4 8 8
9 6 3 4 4 8 8 8
9 7 3 4 4 8 8 8 8
9 8 3 4 4 8 8 8 8 8
9 9 3 4 4 8 8 8 8 8 8
9 10 3 4 4 8 8 8 8 8 8 8
9 11 3 4 4 8 8 8 8 8 8 8 8
9 12 3 4 4 8 8 8 8 8 8 8 8 8
9 13 3 4 4 8 8 8 8 8 8 8 8 8 8
9 14 3 4 4 8 8 8 8 8 8 8 8 8 8 8
9 15 3 4 4 8 8 8 8 8 8 8 8 8 8 8 8
9 16 3 4 4 8 8 8 8 8 8 8 8 8 8 8 8 8
9 17 3 4 4 8 8 8 8 8 8 8 8 8 8 8 8 8 8
9 18 3 4 4 8 8 8 8 8 8 8 8 8 8 8 8 8 8 8
9 19 3 4 4 8 8 8 8 8 8 8 8 8 8 8 8 8 8 8 8
9 20 3 4 4 8 8 8 8 8 8 8 8 8 8 8 8 8 8 8 8 8
9 21 3 4 4 8 8 8 8 8 8 8 8 8 8 8 8 8 8 8 8 8 8
9 22 3 4 4 8 8 8 8 8 8 8 8 8 8 8 8 8 8 8 8 8 8 8
9 23 3 4 4 8 8 8 8 8 8 8 8 8 8 8 8 8 8 8 8 8 8 8 8
9 24 3 4 4 8 8 8 8 8 8 8 8 8 8 8 8 8 8 8 8 8 8 8 8 8
9 25 3 4 4 8 8 8 8 8 8 8 8 8 8 8 8 8 8 8 8 8 8 8 8 8 8
9 26 3 4 4 8 8 8 8 8 8 8 8 8 8 8 8 8 8 8 8 8 8 8 8 8 8 8
9 27 3 4 4 8 8 8 8 8 8 8 8 8 8 8 8 8 8 8 8 8 8 8 8 8 8 8 8
9 28 3 4 4 8 8 8 8 8 8 8 8 8 8 8 8 8 8 8 8 8 8 8 8 8 8 8 8 8
9 29 3 4 4 8 8 8 8 8 8 8 8 8 8 8 8 8 8 8 8 8 8 8 8 8 8 8 8 8 8
9 30 3 4 4 8 8 8 8 8 8 8 8 8 8 8 8 8 8 8 8 8 8 8 8 8 8 8 8 8 8 8
9 31 3 4 4 8 8 8 8 8 8 8 8 8 8 8 8 8 8 8 8 8 8 8 8 8 8 8 8 8 8 8 8
9 32 3 4 4 8 8 8 8 8 8 8 8 8 8 8 8 8 8 8 8 8 8 8 8 8 8 8 8 8 8 8 8 8
9 33 3 4 4 8 8 8 8 8 8 8 8 8 8 8 8 8 8 8 8 8 8 8 8 8 8 8 8 8 8 8 8 8 8
9 34 3 4 4 8 8 8 8 8 8 8 8 8 8 8 8 8 8 8 8 8 8 8 8 8 8 8 8 8 8 8 8 8 8 8
9 35 3 4 4 8 8 8 8 8 8 8 8 8 8 8 8 8 8 8 8 8 8 8 8 8 8 8 8 8 8 8 8 8 8 8 8
9 36 3 4 4 8 8 8 8 8 8 8 8 8 8 8 8 8 8 8 8 8 8 8 8 8 8 8 8 8 8 8 8 8 8 8 8 8
9 37 3 4 4 8 8 8 8 8 8 8 8 8 8 8 8 8 8 8 8 8 8 8 8 8 8 8 8 8 8 8 8 8 8 8 8 8 8
9 38 3 4 4 8 8 8 8 8 8 8 8 8 8 8 8 8 8 8 8 8 8 8 8 8 8 8 8 8 8 8 8 8 8 8 8 8 8 8
9 39 3 4 4 8 8 8 8 8 8 8 8 8 8 8 8 8 8 8 8 8 8 8 8 8 8 8 8 8 8 8 8 8 8 8 8 8 8 8 8
9 40 3 4 4 8 8 8 8 8 8 8 8 8 8 8 8 8 8 8 8 8 8 8 8 8 8 8 8 8 8 8 8 8 8 8 8 8 8 8 8 8
9 3 3 4 5
9 4 3 4 5 8
9 5 3 4 5 8 8
9 6 3 4 5 8 8 8
9 7 3 4 5 8 8 8 8
9 8 3 4 5 8 8 8 8 8
9 9 3 4 5 8 8 8 8 8 8
9 10 3 4 5 8 8 8 8 8 8 8
9 11 3 4 5 8 8 8 8 8 8 8 8
9 12 3 4 5 8 8 8 8 8 8 8 8 8
9 13 3 4 5 8 8 8 8 8 8 8 8 8 8
9 14 3 4 5 8 8 8 8 8 8 8 8 8 8 8
9 15 3 4 5 8 8 8 8 8 8 8 8 8 8 8 8
9 16 3 4 5 8 8 8 8 8 8 8 8 8 8 8 8 8
9 17 3 4 5 8 8 8 8 8 8 8 8 8 8 8 8 8 8
9 18 3 4 5 8 8 8 8 8 8 8 8 8 8 8 8 8 8 8
9 19 3 4 5 8 8 8 8 8 8 8 8 8 8 8 8 8 8 8 8
9 20 3 4 5 8 8 8 8 8 8 8 8 8 8 8 8 8 8 8 8 8
9 21 3 4 5 8 8 8 8 8 8 8 8 8 8 8 8 8 8 8 8 8 8
9 22 3 4 5 8 8 8 8 8 8 8 8 8 8 8 8 8 8 8 8 8 8 8
9 23 3 4 5 8 8 8 8 8 8 8 8 8 8 8 8 8 8 8 8 8 8 8 8
9 24 3 4 5 8 8 8 8 8 8 8 8 8 8 8 8 8 8 8 8 8 8 8 8 8
9 25 3 4 5 8 8 8 8 8 8 8 8 8 8 8 8 8 8 8 8 8 8 8 8 8 8
9 26 3 4 5 8 8 8 8 8 8 8 8 8 8 8 8 8 8 8 8 8 8 8 8 8 8 8
9 27 3 4 5 8 8 8 8 8 8 8 8 8 8 8 8 8 8 8 8 8 8 8 8 8 8 8 8
9 28 3 4 5 8 8 8 8 8 8 8 8 8 8 8 8 8 8 8 8 8 8 8 8 8 8 8 8 8
9 29 3 4 5 8 8 8 8 8 8 8 8 8 8 8 8 8 8 8 8 8 8 8 8 8 8 8 8 8 8
9 30 3 4 5 8 8 8 8 8 8 8 8 8 8 8 8 8 8 8 8 8 8 8 8 8 8 8 8 8 8 8
9 31 3 4 5 8 8 8 8 8 8 8 8 8 8 8 8 8 8 8 8 8 8 8 8 8 8 8 8 8 8 8 8
9 32 3 4 5 8 8 8 8 8 8 8 8 8 8 8 8 8 8 8 8 8 8 8 8 8 8 8 8 8 8 8 8 8
9 33 3 4 5 8 8 8 8 8 8 8 8 8 8 8 8 8 8 8 8 8 8 8 8 8 8 8 8 8 8 8 8 8 8
9 34 3 4 5 8 8 8 8 8 8 8 8 8 8 8 8 8 8 8 8 8 8 8 8 8 8 8 8 8 8 8 8 8 8 8
9 35 3 4 5 8 8 8 8 8 8 8 8 8 8 8 8 8 8 8 8 8 8 8 8 8 8 8 8 8 8 8 8 8 8 8 8
9 36 3 4 5 8 8 8 8 8 8 8 8 8 8 8 8 8 8 8 8 8 8 8 8 8 8 8 8 8 8 8 8 8 8 8 8 8
9 37 3 4 5 8 8 8 8 8 8 8 8 8 8 8 8 8 8 8 8 8 8 8 8 8 8 8 8 8 8 8 8 8 8 8 8 8 8
9 38 3 4 5 8 8 8 8 8 8 8 8 8 8 8 8 8 8 8 8 8 8 8 8 8 8 8 8 8 8 8 8 8 8 8 8 8 8 8
9 39 3 4 5 8 8 8 8 8 8 8 8 8 8 8 8 8 8 8 8 8 8 8 8 8 8 8 8 8 8 8 8 8 8 8 8 8 8 8 8
9 40 3 4 5 8 8 8 8 8 8 8 8 8 8 8 8 8 8 8 8 8 8 8 8 8 8 8 8 8 8 8 8 8 8 8 8 8 8 8 8 8
9 3 3 4 6
9 4 3 4 6 8
9 5 3 4 6 8 8
9 6 3 4 6 8 8 8
9 7 3 4 6 8 8 8 8
9 8 3 4 6 8 8 8 8 8
9 9 3 4 6 8 8 8 8 8 8
9 10 3 4 6 8 8 8 8 8 8 8
9 11 3 4 6 8 8 8 8 8 8 8 8
9 12 3 4 6 8 8 8 8 8 8 8 8 8
9 13 3 4 6 8 8 8 8 8 8 8 8 8 8
9 14 3 4 6 8 8 8 8 8 8 8 8 8 8 8
9 15 3 4 6 8 8 8 8 8 8 8 8 8 8 8 8
9 16 3 4 6 8 8 8 8 8 8 8 8 8 8 8 8 8
9 17 3 4 6 8 8 8 8 8 8 8 8 8 8 8 8 8 8
9 18 3 4 6 8 8 8 8 8 8 8 8 8 8 8 8 8 8 8
9 19 3 4 6 8 8 8 8 8 8 8 8 8 8 8 8 8 8 8 8
9 20 3 4 6 8 8 8 8 8 8 8 8 8 8 8 8 8 8 8 8 8
9 21 3 4 6 8 8 8 8 8 8 8 8 8 8 8 8 8 8 8 8 8 8
9 22 3 4 6 8 8 8 8 8 8 8 8 8 8 8 8 8 8 8 8 8 8 8
9 23 3 4 6 8 8 8 8 8 8 8 8 8 8 8 8 8 8 8 8 8 8 8 8
9 24 3 4 6 8 8 8 8 8 8 8 8 8 8 8 8 8 8 8 8 8 8 8 8 8
9 25 3 4 6 8 8 8 8 8 8 8 8 8 8 8 8 8 8 8 8 8 8 8 8 8 8
9 26 3 4 6 8 8 8 8 8 8 8 8 8 8 8 8 8 8 8 8 8 8 8 8 8 8 8
9 27 3 4 6 8 8 8 8 8 8 8 8 8 8 8 8 8 8 8 8 8 8 8 8 8 8 8 8
9 28 3 4 6 8 8 8 8 8 8 8 8 8 8 8 8 8 8 8 8 8 8 8 8 8 8 8 8 8
9 29 3 4 6 8 8 8 8 8 8 8 8 8 8 8 8 8 8 8 8 8 8 8 8 8 8 8 8 8 8
9 30 3 4 6 8 8 8 8 8 8 8 8 8 8 8 8 8 8 8 8 8 8 8 8 8 8 8 8 8 8 8
9 31 3 4 6 8 8 8 8 8 8 8 8 8 8 8 8 8 8 8 8 8 8 8 8 8 8 8 8 8 8 8 8
9 32 3 4 6 8 8 8 8 8 8 8 8 8 8 8 8 8 8 8 8 8 8 8 8 8 8 8 8 8 8 8 8 8
9 33 3 4 6 8 8 8 8 8 8 8 8 8 8 8 8 8 8 8 8 8 8 8 8 8 8 8 8 8 8 8 8 8 8
9 34 3 4 6 8 8 8 8 8 8 8 8 8 8 8 8 8 8 8 8 8 8 8 8 8 8 8 8 8 8 8 8 8 8 8
9 35 3 4 6 8 8 8 8 8 8 8 8 8 8 8 8 8 8 8 8 8 8 8 8 8 8 8 8 8 8 8 8 8 8 8 8
9 36 3 4 6 8 8 8 8 8 8 8 8 8 8 8 8 8 8 8 8 8 8 8 8 8 8 8 8 8 8 8 8 8 8 8 8 8
9 37 3 4 6 8 8 8 8 8 8 8 8 8 8 8 8 8 8 8 8 8 8 8 8 8 8 8 8 8 8 8 8 8 8 8 8 8 8
9 38 3 4 6 8 8 8 8 8 8 8 8 8 8 8 8 8 8 8 8 8 8 8 8 8 8 8 8 8 8 8 8 8 8 8 8 8 8 8
9 39 3 4 6 8 8 8 8 8 8 8 8 8 8 8 8 8 8 8 8 8 8 8 8 8 8 8 8 8 8 8 8 8 8 8 8 8 8 8 8
9 40 3 4 6 8 8 8 8 8 8 8 8 8 8 8 8 8 8 8 8 8 8 8 8 8 8 8 8 8 8 8 8 8 8 8 8 8 8 8 8 8
9 3 3 4 7
9 4 3 4 7 8
9 5 3 4 7 8 8
9 6 3 4 7 8 8 8
9 7 3 4 7 8 8 8 8
9 8 3 4 7 8 8 8 8 8
9 9 3 4 7 8 8 8 8 8 8
9 10 3 4 7 8 8 8 8 8 8 8
9 11 3 4 7 8 8 8 8 8 8 8 8
9 12 3 4 7 8 8 8 8 8 8 8 8 8
9 13 3 4 7 8 8 8 8 8 8 8 8 8 8
9 14 3 4 7 8 8 8 8 8 8 8 8 8 8 8
9 15 3 4 7 8 8 8 8 8 8 8 8 8 8 8 8
9 16 3 4 7 8 8 8 8 8 8 8 8 8 8 8 8 8
9 17 3 4 7 8 8 8 8 8 8 8 8 8 8 8 8 8 8
9 18 3 4 7 8 8 8 8 8 8 8 8 8 8 8 8 8 8 8
9 19 3 4 7 8 8 8 8 8 8 8 8 8 8 8 8 8 8 8 8
9 20 3 4 7 8 8 8 8 8 8 8 8 8 8 8 8 8 8 8 8 8
9 21 3 4 7 8 8 8 8 8 8 8 8 8 8 8 8 8 8 8 8 8 8
9 22 3 4 7 8 8 8 8 8 8 8 8 8 8 8 8 8 8 8 8 8 8 8
9 23 3 4 7 8 8 8 8 8 8 8 8 8 8 8 8 8 8 8 8 8 8 8 8
9 24 3 4 7 8 8 8 8 8 8 8 8 8 8 8 8 8 8 8 8 8 8 8 8 8
9 25 3 4 7 8 8 8 8 8 8 8 8 8 8 8 8 8 8 8 8 8 8 8 8 8 8
9 26 3 4 7 8 8 8 8 8 8 8 8 8 8 8 8 8 8 8 8 8 8 8 8 8 8 8
9 27 3 4 7 8 8 8 8 8 8 8 8 8 8 8 8 8 8 8 8 8 8 8 8 8 8 8 8
9 28 3 4 7 8 8 8 8 8 8 8 8 8 8 8 8 8 8 8 8 8 8 8 8 8 8 8 8 8
9 29 3 4 7 8 8 8 8 8 8 8 8 8 8 8 8 8 8 8 8 8 8 8 8 8 8 8 8 8 8
9 30 3 4 7 8 8 8 8 8 8 8 8 8 8 8 8 8 8 8 8 8 8 8 8 8 8 8 8 8 8 8
9 31 3 4 7 8 8 8 8 8 8 8 8 8 8 8 8 8 8 8 8 8 8 8 8 8 8 8 8 8 8 8 8
9 32 3 4 7 8 8 8 8 8 8 8 8 8 8 8 8 8 8 8 8 8 8 8 8 8 8 8 8 8 8 8 8 8
9 33 3 4 7 8 8 8 8 8 8 8 8 8 8 8 8 8 8 8 8 8 8 8 8 8 8 8 8 8 8 8 8 8 8
9 34 3 4 7 8 8 8 8 8 8 8 8 8 8 8 8 8 8 8 8 8 8 8 8 8 8 8 8 8 8 8 8 8 8 8
9 35 3 4 7 8 8 8 8 8 8 8 8 8 8 8 8 8 8 8 8 8 8 8 8 8 8 8 8 8 8 8 8 8 8 8 8
9 36 3 4 7 8 8 8 8 8 8 8 8 8 8 8 8 8 8 8 8 8 8 8 8 8 8 8 8 8 8 8 8 8 8 8 8 8
9 37 3 4 7 8 8 8 8 8 8 8 8 8 8 8 8 8 8 8 8 8 8 8 8 8 8 8 8 8 8 8 8 8 8 8 8 8 8
9 38 3 4 7 8 8 8 8 8 8 8 8 8 8 8 8 8 8 8 8 8 8 8 8 8 8 8 8 8 8 8 8 8 8 8 8 8 8 8
9 39 3 4 7 8 8 8 8 8 8 8 8 8 8 8 8 8 8 8 8 8 8 8 8 8 8 8 8 8 8 8 8 8 8 8 8 8 8 8 8
9 40 3 4 7 8 8 8 8 8 8 8 8 8 8 8 8 8 8 8 8 8 8 8 8 8 8 8 8 8 8 8 8 8 8 8 8 8 8 8 8 8
9 3 3 5 5
9 4 3 5 5 8
9 5 3 5 5 8 8
9 6 3 5 5 8 8 8
9 7 3 5 5 8 8 8 8
9 8 3 5 5 8 8 8 8 8
9 9 3 5 5 8 8 8 8 8 8
9 10 3 5 5 8 8 8 8 8 8 8
9 11 3 5 5 8 8 8 8 8 8 8 8
9 12 3 5 5 8 8 8 8 8 8 8 8 8
9 13 3 5 5 8 8 8 8 8 8 8 8 8 8
9 14 3 5 5 8 8 8 8 8 8 8 8 8 8 8
9 15 3 5 5 8 8 8 8 8 8 8 8 8 8 8 8
9 16 3 5 5 8 8 8 8 8 8 8 8 8 8 8 8 8
9 17 3 5 5 8 8 8 8 8 8 8 8 8 8 8 8 8 8
9 18 3 5 5 8 8 8 8 8 8 8 8 8 8 8 8 8 8 8
9 19 3 5 5 8 8 8 8 8 8 8 8 8 8 8 8 8 8 8 8
9 20 3 5 5 8 8 8 8 8 8 8 8 8 8 8 8 8 8 8 8 8
9 21 3 5 5 8 8 8 8 8 8 8 8 8 8 8 8 8 8 8 8 8 8
9 22 3 5 5 8 8 8 8 8 8 8 8 8 8 8 8 8 8 8 8 8 8 8
9 23 3 5 5 8 8 8 8 8 8 8 8 8 8 8 8 8 8 8 8 8 8 8 8
9 24 3 5 5 8 8 8 8 8 8 8 8 8 8 8 8 8 8 8 8 8 8 8 8 8
9 25 3 5 5 8 8 8 8 8 8 8 8 8 8 8 8 8 8 8 8 8 8 8 8 8 8
9 26 3 5 5 8 8 8 8 8 8 8 8 8 8 8 8 8 8 8 8 8 8 8 8 8 8 8
9 27 3 5 5 8 8 8 8 8 8 8 8 8 8 8 8 8 8 8 8 8 8 8 8 8 8 8 8
9 28 3 5 5 8 8 8 8 8 8 8 8 8 8 8 8 8 8 8 8 8 8 8 8 8 8 8 8 8
9 29 3 5 5 8 8 8 8 8 8 8 8 8 8 8 8 8 8 8 8 8 8 8 8 8 8 8 8 8 8
9 30 3 5 5 8 8 8 8 8 8 8 8 8 8 8 8 8 8 8 8 8 8 8 8 8 8 8 8 8 8 8
9 31 3 5 5 8 8 8 8 8 8 8 8 8 8 8 8 8 8 8 8 8 8 8 8 8 8 8 8 8 8 8 8
9 32 3 5 5 8 8 8 8 8 8 8 8 8 8 8 8 8 8 8 8 8 8 8 8 8 8 8 8 8 8 8 8 8
9 33 3 5 5 8 8 8 8 8 8 8 8 8 8 8 8 8 8 8 8 8 8 8 8 8 8 8 8 8 8 8 8 8 8
9 34 3 5 5 8 8 8 8 8 8 8 8 8 8 8 8 8 8 8 8 8 8 8 8 8 8 8 8 8 8 8 8 8 8 8
9 35 3 5 5 8 8 8 8 8 8 8 8 8 8 8 8 8 8 8 8 8 8 8 8 8 8 8 8 8 8 8 8 8 8 8 8
9 36 3 5 5 8 8 8 8 8 8 8 8 8 8 8 8 8 8 8 8 8 8 8 8 8 8 8 8 8 8 8 8 8 8 8 8 8
9 37 3 5 5 8 8 8 8 8 8 8 8 8 8 8 8 8 8 8 8 8 8 8 8 8 8 8 8 8 8 8 8 8 8 8 8 8 8
9 38 3 5 5 8 8 8 8 8 8 8 8 8 8 8 8 8 8 8 8 8 8 8 8 8 8 8 8 8 8 8 8 8 8 8 8 8 8 8
9 39 3 5 5 8 8 8 8 8 8 8 8 8 8 8 8 8 8 8 8 8 8 8 8 8 8 8 8 8 8 8 8 8 8 8 8 8 8 8 8
9 40 3 5 5 8 8 8 8 8 8 8 8 8 8 8 8 8 8 8 8 8 8 8 8 8 8 8 8 8 8 8 8 8 8 8 8 8 8 8 8 8
9 3 3 5 6
9 4 3 5 6 8
9 5 3 5 6 8 8
9 6 3 5 6 8 8 8
9 7 3 5 6 8 8 8 8
9 8 3 5 6 8 8 8 8 8
9 9 3 5 6 8 8 8 8 8 8
9 10 3 5 6 8 8 8 8 8 8 8
9 11 3 5 6 8 8 8 8 8 8 8 8
9 12 3 5 6 8 8 8 8 8 8 8 8 8
9 13 3 5 6 8 8 8 8 8 8 8 8 8 8
9 14 3 5 6 8 8 8 8 8 8 8 8 8 8 8
9 15 3 5 6 8 8 8 8 8 8 8 8 8 8 8 8
9 16 3 5 6 8 8 8 8 8 8 8 8 8 8 8 8 8
9 17 3 5 6 8 8 8 8 8 8 8 8 8 8 8 8 8 8
9 18 3 5 6 8 8 8 8 8 8 8 8 8 8 8 8 8 8 8
9 19 3 5 6 8 8 8 8 8 8 8 8 8 8 8 8 8 8 8 8
9 20 3 5 6 8 8 8 8 8 8 8 8 8 8 8 8 8 8 8 8 8
9 21 3 5 6 8 8 8 8 8 8 8 8 8 8 8 8 8 8 8 8 8 8
9 22 3 5 6 8 8 8 8 8 8 8 8 8 8 8 8 8 8 8 8 8 8 8
9 23 3 5 6 8 8 8 8 8 8 8 8 8 8 8 8 8 8 8 8 8 8 8 8
9 24 3 5 6 8 8 8 8 8 8 8 8 8 8 8 8 8 8 8 8 8 8 8 8 8
9 25 3 5 6 8 8 8 8 8 8 8 8 8 8 8 8 8 8 8 8 8 8 8 8 8 8
9 26 3 5 6 8 8 8 8 8 8 8 8 8 8 8 8 8 8 8 8 8 8 8 8 8 8 8
9 27 3 5 6 8 8 8 8 8 8 8 8 8 8 8 8 8 8 8 8 8 8 8 8 8 8 8 8
9 28 3 5 6 8 8 8 8 8 8 8 8 8 8 8 8 8 8 8 8 8 8 8 8 8 8 8 8 8
9 29 3 5 6 8 8 8 8 8 8 8 8 8 8 8 8 8 8 8 8 8 8 8 8 8 8 8 8 8 8
9 30 3 5 6 8 8 8 8 8 8 8 8 8 8 8 8 8 8 8 8 8 8 8 8 8 8 8 8 8 8 8
9 31 3 5 6 8 8 8 8 8 8 8 8 8 8 8 8 8 8 8 8 8 8 8 8 8 8 8 8 8 8 8 8
9 32 3 5 6 8 8 8 8 8 8 8 8 8 8 8 8 8 8 8 8 8 8 8 8 8 8 8 8 8 8 8 8 8
9 33 3 5 6 8 8 8 8 8 8 8 8 8 8 8 8 8 8 8 8 8 8 8 8 8 8 8 8 8 8 8 8 8 8
9 34 3 5 6 8 8 8 8 8 8 8 8 8 8 8 8 8 8 8 8 8 8 8 8 8 8 8 8 8 8 8 8 8 8 8
9 35 3 5 6 8 8 8 8 8 8 8 8 8 8 8 8 8 8 8 8 8 8 8 8 8 8 8 8 8 8 8 8 8 8 8 8
9 36 3 5 6 8 8 8 8 8 8 8 8 8 8 8 8 8 8 8 8 8 8 8 8 8 8 8 8 8 8 8 8 8 8 8 8 8
9 37 3 5 6 8 8 8 8 8 8 8 8 8 8 8 8 8 8 8 8 8 8 8 8 8 8 8 8 8 8 8 8 8 8 8 8 8 8
9 38 3 5 6 8 8 8 8 8 8 8 8 8 8 8 8 8 8 8 8 8 8 8 8 8 8 8 8 8 8 8 8 8 8 8 8 8 8 8
9 39 3 5 6 8 8 8 8 8 8 8 8 8 8 8 8 8 8 8 8 8 8 8 8 8 8 8 8 8 8 8 8 8 8 8 8 8 8 8 8
9 40 3 5 6 8 8 8 8 8 8 8 8 8 8 8 8 8 8 8 8 8 8 8 8 8 8 8 8 8 8 8 8 8 8 8 8 8 8 8 8 8
9 3 3 5 7
9 4 3 5 7 8
9 5 3 5 7 8 8
9 6 3 5 7 8 8 8
9 7 3 5 7 8 8 8 8
9 8 3 5 7 8 8 8 8 8
9 9 3 5 7 8 8 8 8 8 8
9 10 3 5 7 8 8 8 8 8 8 8
9 11 3 5 7 8 8 8 8 8 8 8 8
9 12 3 5 7 8 8 8 8 8 8 8 8 8
9 13 3 5 7 8 8 8 8 8 8 8 8 8 8
9 14 3 5 7 8 8 8 8 8 8 8 8 8 8 8
9 15 3 5 7 8 8 8 8 8 8 8 8 8 8 8 8
9 16 3 5 7 8 8 8 8 8 8 8 8 8 8 8 8 8
9 17 3 5 7 8 8 8 8 8 8 8 8 8 8 8 8 8 8
9 18 3 5 7 8 8 8 8 8 8 8 8 8 8 8 8 8 8 8
9 19 3 5 7 8 8 8 8 8 8 8 8 8 8 8 8 8 8 8 8
9 20 3 5 7 8 8 8 8 8 8 8 8 8 8 8 8 8 8 8 8 8
9 21 3 5 7 8 8 8 8 8 8 8 8 8 8 8 8 8 8 8 8 8 8
9 22 3 5 7 8 8 8 8 8 8 8 8 8 8 8 8 8 8 8 8 8 8 8
9 23 3 5 7 8 8 8 8 8 8 8 8 8 8 8 8 8 8 8 8 8 8 8 8
9 24 3 5 7 8 8 8 8 8 8 8 8 8 8 8 8 8 8 8 8 8 8 8 8 8
9 25 3 5 7 8 8 8 8 8 8 8 8 8 8 8 8 8 8 8 8 8 8 8 8 8 8
9 26 3 5 7 8 8 8 8 8 8 8 8 8 8 8 8 8 8 8 8 8 8 8 8 8 8 8
9 27 3 5 7 8 8 8 8 8 8 8 8 8 8 8 8 8 8 8 8 8 8 8 8 8 8 8 8
9 28 3 5 7 8 8 8 8 8 8 8 8 8 8 8 8 8 8 8 8 8 8 8 8 8 8 8 8 8
9 29 3 5 7 8 8 8 8 8 8 8 8 8 8 8 8 8 8 8 8 8 8 8 8 8 8 8 8 8 8
9 30 3 5 7 8 8 8 8 8 8 8 8 8 8 8 8 8 8 8 8 8 8 8 8 8 8 8 8 8 8 8
9 31 3 5 7 8 8 8 8 8 8 8 8 8 8 8 8 8 8 8 8 8 8 8 8 8 8 8 8 8 8 8 8
9 32 3 5 7 8 8 8 8 8 8 8 8 8 8 8 8 8 8 8 8 8 8 8 8 8 8 8 8 8 8 8 8 8
9 33 3 5 7 8 8 8 8 8 8 8 8 8 8 8 8 8 8 8 8 8 8 8 8 8 8 8 8 8 8 8 8 8 8
9 34 3 5 7 8 8 8 8 8 8 8 8 8 8 8 8 8 8 8 8 8 8 8 8 8 8 8 8 8 8 8 8 8 8 8
9 35 3 5 7 8 8 8 8 8 8 8 8 8 8 8 8 8 8 8 8 8 8 8 8 8 8 8 8 8 8 8 8 8 8 8 8
9 36 3 5 7 8 8 8 8 8 8 8 8 8 8 8 8 8 8 8 8 8 8 8 8 8 8 8 8 8 8 8 8 8 8 8 8 8
9 37 3 5 7 8 8 8 8 8 8 8 8 8 8 8 8 8 8 8 8 8 8 8 8 8 8 8 8 8 8 8 8 8 8 8 8 8 8
9 38 3 5 7 8 8 8 8 8 8 8 8 8 8 8 8 8 8 8 8 8 8 8 8 8 8 8 8 8 8 8 8 8 8 8 8 8 8 8
9 39 3 5 7 8 8 8 8 8 8 8 8 8 8 8 8 8 8 8 8 8 8 8 8 8 8 8 8 8 8 8 8 8 8 8 8 8 8 8 8
9 40 3 5 7 8 8 8 8 8 8 8 8 8 8 8 8 8 8 8 8 8 8 8 8 8 8 8 8 8 8 8 8 8 8 8 8 8 8 8 8 8
9 3 3 6 6
9 4 3 6 6 8
9 5 3 6 6 8 8
9 6 3 6 6 8 8 8
9 7 3 6 6 8 8 8 8
9 8 3 6 6 8 8 8 8 8
9 9 3 6 6 8 8 8 8 8 8
9 10 3 6 6 8 8 8 8 8 8 8
9 11 3 6 6 8 8 8 8 8 8 8 8
9 12 3 6 6 8 8 8 8 8 8 8 8 8
9 13 3 6 6 8 8 8 8 8 8 8 8 8 8
9 14 3 6 6 8 8 8 8 8 8 8 8 8 8 8
9 15 3 6 6 8 8 8 8 8 8 8 8 8 8 8 8
9 16 3 6 6 8 8 8 8 8 8 8 8 8 8 8 8 8
9 17 3 6 6 8 8 8 8 8 8 8 8 8 8 8 8 8 8
9 18 3 6 6 8 8 8 8 8 8 8 8 8 8 8 8 8 8 8
9 19 3 6 6 8 8 8 8 8 8 8 8 8 8 8 8 8 8 8 8
9 20 3 6 6 8 8 8 8 8 8 8 8 8 8 8 8 8 8 8 8 8
9 21 3 6 6 8 8 8 8 8 8 8 8 8 8 8 8 8 8 8 8 8 8
9 22 3 6 6 8 8 8 8 8 8 8 8 8 8 8 8 8 8 8 8 8 8 8
9 23 3 6 6 8 8 8 8 8 8 8 8 8 8 8 8 8 8 8 8 8 8 8 8
9 24 3 6 6 8 8 8 8 8 8 8 8 8 8 8 8 8 8 8 8 8 8 8 8 8
9 25 3 6 6 8 8 8 8 8 8 8 8 8 8 8 8 8 8 8 8 8 8 8 8 8 8
9 26 3 6 6 8 8 8 8 8 8 8 8 8 8 8 8 8 8 8 8 8 8 8 8 8 8 8
9 27 3 6 6 8 8 8 8 8 8 8 8 8 8 8 8 8 8 8 8 8 8 8 8 8 8 8 8
9 28 3 6 6 8 8 8 8 8 8 8 8 8 8 8 8 8 8 8 8 8 8 8 8 8 8 8 8 8
9 29 3 6 6 8 8 8 8 8 8 8 8 8 8 8 8 8 8 8 8 8 8 8 8 8 8 8 8 8 8
9 30 3 6 6 8 8 8 8 8 8 8 8 8 8 8 8 8 8 8 8 8 8 8 8 8 8 8 8 8 8 8
9 31 3 6 6 8 8 8 8 8 8 8 8 8 8 8 8 8 8 8 8 8 8 8 8 8 8 8 8 8 8 8 8
9 32 3 6 6 8 8 8 8 8 8 8 8 8 8 8 8 8 8 8 8 8 8 8 8 8 8 8 8 8 8 8 8 8
9 33 3 6 6 8 8 8 8 8 8 8 8 8 8 8 8 8 8 8 8 8 8 8 8 8 8 8 8 8 8 8 8 8 8
9 34 3 6 6 8 8 8 8 8 8 8 8 8 8 8 8 8 8 8 8 8 8 8 8 8 8 8 8 8 8 8 8 8 8 8
9 35 3 6 6 8 8 8 8 8 8 8 8 8 8 8 8 8 8 8 8 8 8 8 8 8 8 8 8 8 8 8 8 8 8 8 8
9 36 3 6 6 8 8 8 8 8 8 8 8 8 8 8 8 8 8 8 8 8 8 8 8 8 8 8 8 8 8 8 8 8 8 8 8 8
9 37 3 6 6 8 8 8 8 8 8 8 8 8 8 8 8 8 8 8 8 8 8 8 8 8 8 8 8 8 8 8 8 8 8 8 8 8 8
9 38 3 6 6 8 8 8 8 8 8 8 8 8 8 8 8 8 8 8 8 8 8 8 8 8 8 8 8 8 8 8 8 8 8 8 8 8 8 8
9 39 3 6 6 8 8 8 8 8 8 8 8 8 8 8 8 8 8 8 8 8 8 8 8 8 8 8 8 8 8 8 8 8 8 8 8 8 8 8 8
9 40 3 6 6 8 8 8 8 8 8 8 8 8 8 8 8 8 8 8 8 8 8 8 8 8 8 8 8 8 8 8 8 8 8 8 8 8 8 8 8 8
9 3 3 6 7
9 4 3 6 7 8
9 5 3 6 7 8 8
9 6 3 6 7 8 8 8
9 7 3 6 7 8 8 8 8
9 8 3 6 7 8 8 8 8 8
9 9 3 6 7 8 8 8 8 8 8
9 10 3 6 7 8 8 8 8 8 8 8
9 11 3 6 7 8 8 8 8 8 8 8 8
9 12 3 6 7 8 8 8 8 8 8 8 8 8
9 13 3 6 7 8 8 8 8 8 8 8 8 8 8
9 14 3 6 7 8 8 8 8 8 8 8 8 8 8 8
9 15 3 6 7 8 8 8 8 8 8 8 8 8 8 8 8
9 16 3 6 7 8 8 8 8 8 8 8 8 8 8 8 8 8
9 17 3 6 7 8 8 8 8 8 8 8 8 8 8 8 8 8 8
9 18 3 6 7 8 8 8 8 8 8 8 8 8 8 8 8 8 8 8
9 19 3 6 7 8 8 8 8 8 8 8 8 8 8 8 8 8 8 8 8
9 20 3 6 7 8 8 8 8 8 8 8 8 8 8 8 8 8 8 8 8 8
9 21 3 6 7 8 8 8 8 8 8 8 8 8 8 8 8 8 8 8 8 8 8
9 22 3 6 7 8 8 8 8 8 8 8 8 8 8 8 8 8 8 8 8 8 8 8
9 23 3 6 7 8 8 8 8 8 8 8 8 8 8 8 8 8 8 8 8 8 8 8 8
9 24 3 6 7 8 8 8 8 8 8 8 8 8 8 8 8 8 8 8 8 8 8 8 8 8
9 25 3 6 7 8 8 8 8 8 8 8 8 8 8 8 8 8 8 8 8 8 8 8 8 8 8
9 26 3 6 7 8 8 8 8 8 8 8 8 8 8 8 8 8 8 8 8 8 8 8 8 8 8 8
9 27 3 6 7 8 8 8 8 8 8 8 8 8 8 8 8 8 8 8 8 8 8 8 8 8 8 8 8
9 28 3 6 7 8 8 8 8 8 8 8 8 8 8 8 8 8 8 8 8 8 8 8 8 8 8 8 8 8
9 29 3 6 7 8 8 8 8 8 8 8 8 8 8 8 8 8 8 8 8 8 8 8 8 8 8 8 8 8 8
9 30 3 6 7 8 8 8 8 8 8 8 8 8 8 8 8 8 8 8 8 8 8 8 8 8 8 8 8 8 8 8
9 31 3 6 7 8 8 8 8 8 8 8 8 8 8 8 8 8 8 8 8 8 8 8 8 8 8 8 8 8 8 8 8
9 32 3 6 7 8 8 8 8 8 8 8 8 8 8 8 8 8 8 8 8 8 8 8 8 8 8 8 8 8 8 8 8 8
9 33 3 6 7 8 8 8 8 8 8 8 8 8 8 8 8 8 8 8 8 8 8 8 8 8 8 8 8 8 8 8 8 8 8
9 34 3 6 7 8 8 8 8 8 8 8 8 8 8 8 8 8 8 8 8 8 8 8 8 8 8 8 8 8 8 8 8 8 8 8
9 35 3 6 7 8 8 8 8 8 8 8 8 8 8 8 8 8 8 8 8 8 8 8 8 8 8 8 8 8 8 8 8 8 8 8 8
9 36 3 6 7 8 8 8 8 8 8 8 8 8 8 8 8 8 8 8 8 8 8 8 8 8 8 8 8 8 8 8 8 8 8 8 8 8
9 37 3 6 7 8 8 8 8 8 8 8 8 8 8 8 8 8 8 8 8 8 8 8 8 8 8 8 8 8 8 8 8 8 8 8 8 8 8
9 38 3 6 7 8 8 8 8 8 8 8 8 8 8 8 8 8 8 8 8 8 8 8 8 8 8 8 8 8 8 8 8 8 8 8 8 8 8 8
9 39 3 6 7 8 8 8 8 8 8 8 8 8 8 8 8 8 8 8 8 8 8 8 8 8 8 8 8 8 8 8 8 8 8 8 8 8 8 8 8
9 40 3 6 7 8 8 8 8 8 8 8 8 8 8 8 8 8 8 8 8 8 8 8 8 8 8 8 8 8 8 8 8 8 8 8 8 8 8 8 8 8
9 3 3 7 7
9 4 3 7 7 8
9 5 3 7 7 8 8
9 6 3 7 7 8 8 8
9 7 3 7 7 8 8 8 8
9 8 3 7 7 8 8 8 8 8
9 9 3 7 7 8 8 8 8 8 8
9 10 3 7 7 8 8 8 8 8 8 8
9 11 3 7 7 8 8 8 8 8 8 8 8
9 12 3 7 7 8 8 8 8 8 8 8 8 8
9 13 3 7 7 8 8 8 8 8 8 8 8 8 8
9 14 3 7 7 8 8 8 8 8 8 8 8 8 8 8
9 15 3 7 7 8 8 8 8 8 8 8 8 8 8 8 8
9 16 3 7 7 8 8 8 8 8 8 8 8 8 8 8 8 8
9 17 3 7 7 8 8 8 8 8 8 8 8 8 8 8 8 8 8
9 18 3 7 7 8 8 8 8 8 8 8 8 8 8 8 8 8 8 8
9 19 3 7 7 8 8 8 8 8 8 8 8 8 8 8 8 8 8 8 8
9 20 3 7 7 8 8 8 8 8 8 8 8 8 8 8 8 8 8 8 8 8
9 21 3 7 7 8 8 8 8 8 8 8 8 8 8 8 8 8 8 8 8 8 8
9 22 3 7 7 8 8 8 8 8 8 8 8 8 8 8 8 8 8 8 8 8 8 8
9 23 3 7 7 8 8 8 8 8 8 8 8 8 8 8 8 8 8 8 8 8 8 8 8
9 24 3 7 7 8 8 8 8 8 8 8 8 8 8 8 8 8 8 8 8 8 8 8 8 8
9 25 3 7 7 8 8 8 8 8 8 8 8 8 8 8 8 8 8 8 8 8 8 8 8 8 8
9 26 3 7 7 8 8 8 8 8 8 8 8 8 8 8 8 8 8 8 8 8 8 8 8 8 8 8
9 27 3 7 7 8 8 8 8 8 8 8 8 8 8 8 8 8 8 8 8 8 8 8 8 8 8 8 8
9 28 3 7 7 8 8 8 8 8 8 8 8 8 8 8 8 8 8 8 8 8 8 8 8 8 8 8 8 8
9 29 3 7 7 8 8 8 8 8 8 8 8 8 8 8 8 8 8 8 8 8 8 8 8 8 8 8 8 8 8
9 30 3 7 7 8 8 8 8 8 8 8 8 8 8 8 8 8 8 8 8 8 8 8 8 8 8 8 8 8 8 8
9 31 3 7 7 8 8 8 8 8 8 8 8 8 8 8 8 8 8 8 8 8 8 8 8 8 8 8 8 8 8 8 8
9 32 3 7 7 8 8 8 8 8 8 8 8 8 8 8 8 8 8 8 8 8 8 8 8 8 8 8 8 8 8 8 8 8
9 33 3 7 7 8 8 8 8 8 8 8 8 8 8 8 8 8 8 8 8 8 8 8 8 8 8 8 8 8 8 8 8 8 8
9 34 3 7 7 8 8 8 8 8 8 8 8 8 8 8 8 8 8 8 8 8 8 8 8 8 8 8 8 8 8 8 8 8 8 8
9 35 3 7 7 8 8 8 8 8 8 8 8 8 8 8 8 8 8 8 8 8 8 8 8 8 8 8 8 8 8 8 8 8 8 8 8
9 36 3 7 7 8 8 8 8 8 8 8 8 8 8 8 8 8 8 8 8 8 8 8 8 8 8 8 8 8 8 8 8 8 8 8 8 8
9 37 3 7 7 8 8 8 8 8 8 8 8 8 8 8 8 8 8 8 8 8 8 8 8 8 8 8 8 8 8 8 8 8 8 8 8 8 8
9 38 3 7 7 8 8 8 8 8 8 8 8 8 8 8 8 8 8 8 8 8 8 8 8 8 8 8 8 8 8 8 8 8 8 8 8 8 8 8
9 39 3 7 7 8 8 8 8 8 8 8 8 8 8 8 8 8 8 8 8 8 8 8 8 8 8 8 8 8 8 8 8 8 8 8 8 8 8 8 8
9 40 3 7 7 8 8 8 8 8 8 8 8 8 8 8 8 8 8 8 8 8 8 8 8 8 8 8 8 8 8 8 8 8 8 8 8 8 8 8 8 8
9 3 4 4 4
9 4 4 4 4 8
9 5 4 4 4 8 8
9 6 4 4 4 8 8 8
9 7 4 4 4 8 8 8 8
9 8 4 4 4 8 8 8 8 8
9 9 4 4 4 8 8 8 8 8 8
9 10 4 4 4 8 8 8 8 8 8 8
9 11 4 4 4 8 8 8 8 8 8 8 8
9 12 4 4 4 8 8 8 8 8 8 8 8 8
9 13 4 4 4 8 8 8 8 8 8 8 8 8 8
9 14 4 4 4 8 8 8 8 8 8 8 8 8 8 8
9 15 4 4 4 8 8 8 8 8 8 8 8 8 8 8 8
9 16 4 4 4 8 8 8 8 8 8 8 8 8 8 8 8 8
9 17 4 4 4 8 8 8 8 8 8 8 8 8 8 8 8 8 8
9 18 4 4 4 8 8 8 8 8 8 8 8 8 8 8 8 8 8 8
9 19 4 4 4 8 8 8 8 8 8 8 8 8 8 8 8 8 8 8 8
9 20 4 4 4 8 8 8 8 8 8 8 8 8 8 8 8 8 8 8 8 8
9 21 4 4 4 8 8 8 8 8 8 8 8 8 8 8 8 8 8 8 8 8 8
9 22 4 4 4 8 8 8 8 8 8 8 8 8 8 8 8 8 8 8 8 8 8 8
9 23 4 4 4 8 8 8 8 8 8 8 8 8 8 8 8 8 8 8 8 8 8 8 8
9 24 4 4 4 8 8 8 8 8 8 8 8 8 8 8 8 8 8 8 8 8 8 8 8 8
9 25 4 4 4 8 8 8 8 8 8 8 8 8 8 8 8 8 8 8 8 8 8 8 8 8 8
9 26 4 4 4 8 8 8 8 8 8 8 8 8 8 8 8 8 8 8 8 8 8 8 8 8 8 8
9 27 4 4 4 8 8 8 8 8 8 8 8 8 8 8 8 8 8 8 8 8 8 8 8 8 8 8 8
9 28 4 4 4 8 8 8 8 8 8 8 8 8 8 8 8 8 8 8 8 8 8 8 8 8 8 8 8 8
9 29 4 4 4 8 8 8 8 8 8 8 8 8 8 8 8 8 8 8 8 8 8 8 8 8 8 8 8 8 8
9 30 4 4 4 8 8 8 8 8 8 8 8 8 8 8 8 8 8 8 8 8 8 8 8 8 8 8 8 8 8 8
9 31 4 4 4 8 8 8 8 8 8 8 8 8 8 8 8 8 8 8 8 8 8 8 8 8 8 8 8 8 8 8 8
9 32 4 4 4 8 8 8 8 8 8 8 8 8 8 8 8 8 8 8 8 8 8 8 8 8 8 8 8 8 8 8 8 8
9 33 4 4 4 8 8 8 8 8 8 8 8 8 8 8 8 8 8 8 8 8 8 8 8 8 8 8 8 8 8 8 8 8 8
9 34 4 4 4 8 8 8 8 8 8 8 8 8 8 8 8 8 8 8 8 8 8 8 8 8 8 8 8 8 8 8 8 8 8 8
9 35 4 4 4 8 8 8 8 8 8 8 8 8 8 8 8 8 8 8 8 8 8 8 8 8 8 8 8 8 8 8 8 8 8 8 8
9 36 4 4 4 8 8 8 8 8 8 8 8 8 8 8 8 8 8 8 8 8 8 8 8 8 8 8 8 8 8 8 8 8 8 8 8 8
9 37 4 4 4 8 8 8 8 8 8 8 8 8 8 8 8 8 8 8 8 8 8 8 8 8 8 8 8 8 8 8 8 8 8 8 8 8 8
9 38 4 4 4 8 8 8 8 8 8 8 8 8 8 8 8 8 8 8 8 8 8 8 8 8 8 8 8 8 8 8 8 8 8 8 8 8 8 8
9 39 4 4 4 8 8 8 8 8 8 8 8 8 8 8 8 8 8 8 8 8 8 8 8 8 8 8 8 8 8 8 8 8 8 8 8 8 8 8 8
9 40 4 4 4 8 8 8 8 8 8 8 8 8 8 8 8 8 8 8 8 8 8 8 8 8 8 8 8 8 8 8 8 8 8 8 8 8 8 8 8 8
9 3 4 4 5
9 4 4 4 5 8
9 5 4 4 5 8 8
9 6 4 4 5 8 8 8
9 7 4 4 5 8 8 8 8
9 8 4 4 5 8 8 8 8 8
9 9 4 4 5 8 8 8 8 8 8
9 10 4 4 5 8 8 8 8 8 8 8
9 11 4 4 5 8 8 8 8 8 8 8 8
9 12 4 4 5 8 8 8 8 8 8 8 8 8
9 13 4 4 5 8 8 8 8 8 8 8 8 8 8
9 14 4 4 5 8 8 8 8 8 8 8 8 8 8 8
9 15 4 4 5 8 8 8 8 8 8 8 8 8 8 8 8
9 16 4 4 5 8 8 8 8 8 8 8 8 8 8 8 8 8
9 17 4 4 5 8 8 8 8 8 8 8 8 8 8 8 8 8 8
9 18 4 4 5 8 8 8 8 8 8 8 8 8 8 8 8 8 8 8
9 19 4 4 5 8 8 8 8 8 8 8 8 8 8 8 8 8 8 8 8
9 20 4 4 5 8 8 8 8 8 8 8 8 8 8 8 8 8 8 8 8 8
9 21 4 4 5 8 8 8 8 8 8 8 8 8 8 8 8 8 8 8 8 8 8
9 22 4 4 5 8 8 8 8 8 8 8 8 8 8 8 8 8 8 8 8 8 8 8
9 23 4 4 5 8 8 8 8 8 8 8 8 8 8 8 8 8 8 8 8 8 8 8 8
9 24 4 4 5 8 8 8 8 8 8 8 8 8 8 8 8 8 8 8 8 8 8 8 8 8
9 25 4 4 5 8 8 8 8 8 8 8 8 8 8 8 8 8 8 8 8 8 8 8 8 8 8
9 26 4 4 5 8 8 8 8 8 8 8 8 8 8 8 8 8 8 8 8 8 8 8 8 8 8 8
9 27 4 4 5 8 8 8 8 8 8 8 8 8 8 8 8 8 8 8 8 8 8 8 8 8 8 8 8
9 28 4 4 5 8 8 8 8 8 8 8 8 8 8 8 8 8 8 8 8 8 8 8 8 8 8 8 8 8
9 29 4 4 5 8 8 8 8 8 8 8 8 8 8 8 8 8 8 8 8 8 8 8 8 8 8 8 8 8 8
9 30 4 4 5 8 8 8 8 8 8 8 8 8 8 8 8 8 8 8 8 8 8 8 8 8 8 8 8 8 8 8
9 31 4 4 5 8 8 8 8 8 8 8 8 8 8 8 8 8 8 8 8 8 8 8 8 8 8 8 8 8 8 8 8
9 32 4 4 5 8 8 8 8 8 8 8 8 8 8 8 8 8 8 8 8 8 8 8 8 8 8 8 8 8 8 8 8 8
9 33 4 4 5 8 8 8 8 8 8 8 8 8 8 8 8 8 8 8 8 8 8 8 8 8 8 8 8 8 8 8 8 8 8
9 34 4 4 5 8 8 8 8 8 8 8 8 8 8 8 8 8 8 8 8 8 8 8 8 8 8 8 8 8 8 8 8 8 8 8
9 35 4 4 5 8 8 8 8 8 8 8 8 8 8 8 8 8 8 8 8 8 8 8 8 8 8 8 8 8 8 8 8 8 8 8 8
9 36 4 4 5 8 8 8 8 8 8 8 8 8 8 8 8 8 8 8 8 8 8 8 8 8 8 8 8 8 8 8 8 8 8 8 8 8
9 37 4 4 5 8 8 8 8 8 8 8 8 8 8 8 8 8 8 8 8 8 8 8 8 8 8 8 8 8 8 8 8 8 8 8 8 8 8
9 38 4 4 5 8 8 8 8 8 8 8 8 8 8 8 8 8 8 8 8 8 8 8 8 8 8 8 8 8 8 8 8 8 8 8 8 8 8 8
9 39 4 4 5 8 8 8 8 8 8 8 8 8 8 8 8 8 8 8 8 8 8 8 8 8 8 8 8 8 8 8 8 8 8 8 8 8 8 8 8
9 40 4 4 5 8 8 8 8 8 8 8 8 8 8 8 8 8 8 8 8 8 8 8 8 8 8 8 8 8 8 8 8 8 8 8 8 8 8 8 8 8
9 3 4 4 6
9 4 4 4 6 8
9 5 4 4 6 8 8
9 6 4 4 6 8 8 8
9 7 4 4 6 8 8 8 8
9 8 4 4 6 8 8 8 8 8
9 9 4 4 6 8 8 8 8 8 8
9 10 4 4 6 8 8 8 8 8 8 8
9 11 4 4 6 8 8 8 8 8 8 8 8
9 12 4 4 6 8 8 8 8 8 8 8 8 8
9 13 4 4 6 8 8 8 8 8 8 8 8 8 8
9 14 4 4 6 8 8 8 8 8 8 8 8 8 8 8
9 15 4 4 6 8 8 8 8 8 8 8 8 8 8 8 8
9 16 4 4 6 8 8 8 8 8 8 8 8 8 8 8 8 8
9 17 4 4 6 8 8 8 8 8 8 8 8 8 8 8 8 8 8
9 18 4 4 6 8 8 8 8 8 8 8 8 8 8 8 8 8 8 8
9 19 4 4 6 8 8 8 8 8 8 8 8 8 8 8 8 8 8 8 8
9 20 4 4 6 8 8 8 8 8 8 8 8 8 8 8 8 8 8 8 8 8
9 21 4 4 6 8 8 8 8 8 8 8 8 8 8 8 8 8 8 8 8 8 8
9 22 4 4 6 8 8 8 8 8 8 8 8 8 8 8 8 8 8 8 8 8 8 8
9 23 4 4 6 8 8 8 8 8 8 8 8 8 8 8 8 8 8 8 8 8 8 8 8
9 24 4 4 6 8 8 8 8 8 8 8 8 8 8 8 8 8 8 8 8 8 8 8 8 8
9 25 4 4 6 8 8 8 8 8 8 8 8 8 8 8 8 8 8 8 8 8 8 8 8 8 8
9 26 4 4 6 8 8 8 8 8 8 8 8 8 8 8 8 8 8 8 8 8 8 8 8 8 8 8
9 27 4 4 6 8 8 8 8 8 8 8 8 8 8 8 8 8 8 8 8 8 8 8 8 8 8 8 8
9 28 4 4 6 8 8 8 8 8 8 8 8 8 8 8 8 8 8 8 8 8 8 8 8 8 8 8 8 8
9 29 4 4 6 8 8 8 8 8 8 8 8 8 8 8 8 8 8 8 8 8 8 8 8 8 8 8 8 8 8
9 30 4 4 6 8 8 8 8 8 8 8 8 8 8 8 8 8 8 8 8 8 8 8 8 8 8 8 8 8 8 8
9 31 4 4 6 8 8 8 8 8 8 8 8 8 8 8 8 8 8 8 8 8 8 8 8 8 8 8 8 8 8 8 8
9 32 4 4 6 8 8 8 8 8 8 8 8 8 8 8 8 8 8 8 8 8 8 8 8 8 8 8 8 8 8 8 8 8
9 33 4 4 6 8 8 8 8 8 8 8 8 8 8 8 8 8 8 8 8 8 8 8 8 8 8 8 8 8 8 8 8 8 8
9 34 4 4 6 8 8 8 8 8 8 8 8 8 8 8 8 8 8 8 8 8 8 8 8 8 8 8 8 8 8 8 8 8 8 8
9 35 4 4 6 8 8 8 8 8 8 8 8 8 8 8 8 8 8 8 8 8 8 8 8 8 8 8 8 8 8 8 8 8 8 8 8
9 36 4 4 6 8 8 8 8 8 8 8 8 8 8 8 8 8 8 8 8 8 8 8 8 8 8 8 8 8 8 8 8 8 8 8 8 8
9 37 4 4 6 8 8 8 8 8 8 8 8 8 8 8 8 8 8 8 8 8 8 8 8 8 8 8 8 8 8 8 8 8 8 8 8 8 8
9 38 4 4 6 8 8 8 8 8 8 8 8 8 8 8 8 8 8 8 8 8 8 8 8 8 8 8 8 8 8 8 8 8 8 8 8 8 8 8
9 39 4 4 6 8 8 8 8 8 8 8 8 8 8 8 8 8 8 8 8 8 8 8 8 8 8 8 8 8 8 8 8 8 8 8 8 8 8 8 8
9 40 4 4 6 8 8 8 8 8 8 8 8 8 8 8 8 8 8 8 8 8 8 8 8 8 8 8 8 8 8 8 8 8 8 8 8 8 8 8 8 8
9 3 4 4 7
9 4 4 4 7 8
9 5 4 4 7 8 8
9 6 4 4 7 8 8 8
9 7 4 4 7 8 8 8 8
9 8 4 4 7 8 8 8 8 8
9 9 4 4 7 8 8 8 8 8 8
9 10 4 4 7 8 8 8 8 8 8 8
9 11 4 4 7 8 8 8 8 8 8 8 8
9 12 4 4 7 8 8 8 8 8 8 8 8 8
9 13 4 4 7 8 8 8 8 8 8 8 8 8 8
9 14 4 4 7 8 8 8 8 8 8 8 8 8 8 8
9 15 4 4 7 8 8 8 8 8 8 8 8 8 8 8 8
9 16 4 4 7 8 8 8 8 8 8 8 8 8 8 8 8 8
9 17 4 4 7 8 8 8 8 8 8 8 8 8 8 8 8 8 8
9 18 4 4 7 8 8 8 8 8 8 8 8 8 8 8 8 8 8 8
9 19 4 4 7 8 8 8 8 8 8 8 8 8 8 8 8 8 8 8 8
9 20 4 4 7 8 8 8 8 8 8 8 8 8 8 8 8 8 8 8 8 8
9 21 4 4 7 8 8 8 8 8 8 8 8 8 8 8 8 8 8 8 8 8 8
9 22 4 4 7 8 8 8 8 8 8 8 8 8 8 8 8 8 8 8 8 8 8 8
9 23 4 4 7 8 8 8 8 8 8 8 8 8 8 8 8 8 8 8 8 8 8 8 8
9 24 4 4 7 8 8 8 8 8 8 8 8 8 8 8 8 8 8 8 8 8 8 8 8 8
9 25 4 4 7 8 8 8 8 8 8 8 8 8 8 8 8 8 8 8 8 8 8 8 8 8 8
9 26 4 4 7 8 8 8 8 8 8 8 8 8 8 8 8 8 8 8 8 8 8 8 8 8 8 8
9 27 4 4 7 8 8 8 8 8 8 8 8 8 8 8 8 8 8 8 8 8 8 8 8 8 8 8 8
9 28 4 4 7 8 8 8 8 8 8 8 8 8 8 8 8 8 8 8 8 8 8 8 8 8 8 8 8 8
9 29 4 4 7 8 8 8 8 8 8 8 8 8 8 8 8 8 8 8 8 8 8 8 8 8 8 8 8 8 8
9 30 4 4 7 8 8 8 8 8 8 8 8 8 8 8 8 8 8 8 8 8 8 8 8 8 8 8 8 8 8 8
9 31 4 4 7 8 8 8 8 8 8 8 8 8 8 8 8 8 8 8 8 8 8 8 8 8 8 8 8 8 8 8 8
9 32 4 4 7 8 8 8 8 8 8 8 8 8 8 8 8 8 8 8 8 8 8 8 8 8 8 8 8 8 8 8 8 8
9 33 4 4 7 8 8 8 8 8 8 8 8 8 8 8 8 8 8 8 8 8 8 8 8 8 8 8 8 8 8 8 8 8 8
9 34 4 4 7 8 8 8 8 8 8 8 8 8 8 8 8 8 8 8 8 8 8 8 8 8 8 8 8 8 8 8 8 8 8 8
9 35 4 4 7 8 8 8 8 8 8 8 8 8 8 8 8 8 8 8 8 8 8 8 8 8 8 8 8 8 8 8 8 8 8 8 8
9 36 4 4 7 8 8 8 8 8 8 8 8 8 8 8 8 8 8 8 8 8 8 8 8 8 8 8 8 8 8 8 8 8 8 8 8 8
9 37 4 4 7 8 8 8 8 8 8 8 8 8 8 8 8 8 8 8 8 8 8 8 8 8 8 8 8 8 8 8 8 8 8 8 8 8 8
9 38 4 4 7 8 8 8 8 8 8 8 8 8 8 8 8 8 8 8 8 8 8 8 8 8 8 8 8 8 8 8 8 8 8 8 8 8 8 8
9 39 4 4 7 8 8 8 8 8 8 8 8 8 8 8 8 8 8 8 8 8 8 8 8 8 8 8 8 8 8 8 8 8 8 8 8 8 8 8 8
9 40 4 4 7 8 8 8 8 8 8 8 8 8 8 8 8 8 8 8 8 8 8 8 8 8 8 8 8 8 8 8 8 8 8 8 8 8 8 8 8 8
9 3 4 5 5
9 4 4 5 5 8
9 5 4 5 5 8 8
9 6 4 5 5 8 8 8
9 7 4 5 5 8 8 8 8
9 8 4 5 5 8 8 8 8 8
9 9 4 5 5 8 8 8 8 8 8
9 10 4 5 5 8 8 8 8 8 8 8
9 11 4 5 5 8 8 8 8 8 8 8 8
9 12 4 5 5 8 8 8 8 8 8 8 8 8
9 13 4 5 5 8 8 8 8 8 8 8 8 8 8
9 14 4 5 5 8 8 8 8 8 8 8 8 8 8 8
9 15 4 5 5 8 8 8 8 8 8 8 8 8 8 8 8
9 16 4 5 5 8 8 8 8 8 8 8 8 8 8 8 8 8
9 17 4 5 5 8 8 8 8 8 8 8 8 8 8 8 8 8 8
9 18 4 5 5 8 8 8 8 8 8 8 8 8 8 8 8 8 8 8
9 19 4 5 5 8 8 8 8 8 8 8 8 8 8 8 8 8 8 8 8
9 20 4 5 5 8 8 8 8 8 8 8 8 8 8 8 8 8 8 8 8 8
9 21 4 5 5 8 8 8 8 8 8 8 8 8 8 8 8 8 8 8 8 8 8
9 22 4 5 5 8 8 8 8 8 8 8 8 8 8 8 8 8 8 8 8 8 8 8
9 23 4 5 5 8 8 8 8 8 8 8 8 8 8 8 8 8 8 8 8 8 8 8 8
9 24 4 5 5 8 8 8 8 8 8 8 8 8 8 8 8 8 8 8 8 8 8 8 8 8
9 25 4 5 5 8 8 8 8 8 8 8 8 8 8 8 8 8 8 8 8 8 8 8 8 8 8
9 26 4 5 5 8 8 8 8 8 8 8 8 8 8 8 8 8 8 8 8 8 8 8 8 8 8 8
9 27 4 5 5 8 8 8 8 8 8 8 8 8 8 8 8 8 8 8 8 8 8 8 8 8 8 8 8
9 28 4 5 5 8 8 8 8 8 8 8 8 8 8 8 8 8 8 8 8 8 8 8 8 8 8 8 8 8
9 29 4 5 5 8 8 8 8 8 8 8 8 8 8 8 8 8 8 8 8 8 8 8 8 8 8 8 8 8 8
9 30 4 5 5 8 8 8 8 8 8 8 8 8 8 8 8 8 8 8 8 8 8 8 8 8 8 8 8 8 8 8
9 31 4 5 5 8 8 8 8 8 8 8 8 8 8 8 8 8 8 8 8 8 8 8 8 8 8 8 8 8 8 8 8
9 32 4 5 5 8 8 8 8 8 8 8 8 8 8 8 8 8 8 8 8 8 8 8 8 8 8 8 8 8 8 8 8 8
9 33 4 5 5 8 8 8 8 8 8 8 8 8 8 8 8 8 8 8 8 8 8 8 8 8 8 8 8 8 8 8 8 8 8
9 34 4 5 5 8 8 8 8 8 8 8 8 8 8 8 8 8 8 8 8 8 8 8 8 8 8 8 8 8 8 8 8 8 8 8
9 35 4 5 5 8 8 8 8 8 8 8 8 8 8 8 8 8 8 8 8 8 8 8 8 8 8 8 8 8 8 8 8 8 8 8 8
9 36 4 5 5 8 8 8 8 8 8 8 8 8 8 8 8 8 8 8 8 8 8 8 8 8 8 8 8 8 8 8 8 8 8 8 8 8
9 37 4 5 5 8 8 8 8 8 8 8 8 8 8 8 8 8 8 8 8 8 8 8 8 8 8 8 8 8 8 8 8 8 8 8 8 8 8
9 38 4 5 5 8 8 8 8 8 8 8 8 8 8 8 8 8 8 8 8 8 8 8 8 8 8 8 8 8 8 8 8 8 8 8 8 8 8 8
9 39 4 5 5 8 8 8 8 8 8 8 8 8 8 8 8 8 8 8 8 8 8 8 8 8 8 8 8 8 8 8 8 8 8 8 8 8 8 8 8
9 40 4 5 5 8 8 8 8 8 8 8 8 8 8 8 8 8 8 8 8 8 8 8 8 8 8 8 8 8 8 8 8 8 8 8 8 8 8 8 8 8
9 3 4 5 6
9 4 4 5 6 8
9 5 4 5 6 8 8
9 6 4 5 6 8 8 8
9 7 4 5 6 8 8 8 8
9 8 4 5 6 8 8 8 8 8
9 9 4 5 6 8 8 8 8 8 8
9 10 4 5 6 8 8 8 8 8 8 8
9 11 4 5 6 8 8 8 8 8 8 8 8
9 12 4 5 6 8 8 8 8 8 8 8 8 8
9 13 4 5 6 8 8 8 8 8 8 8 8 8 8
9 14 4 5 6 8 8 8 8 8 8 8 8 8 8 8
9 15 4 5 6 8 8 8 8 8 8 8 8 8 8 8 8
9 16 4 5 6 8 8 8 8 8 8 8 8 8 8 8 8 8
9 17 4 5 6 8 8 8 8 8 8 8 8 8 8 8 8 8 8
9 18 4 5 6 8 8 8 8 8 8 8 8 8 8 8 8 8 8 8
9 19 4 5 6 8 8 8 8 8 8 8 8 8 8 8 8 8 8 8 8
9 20 4 5 6 8 8 8 8 8 8 8 8 8 8 8 8 8 8 8 8 8
9 21 4 5 6 8 8 8 8 8 8 8 8 8 8 8 8 8 8 8 8 8 8
9 22 4 5 6 8 8 8 8 8 8 8 8 8 8 8 8 8 8 8 8 8 8 8
9 23 4 5 6 8 8 8 8 8 8 8 8 8 8 8 8 8 8 8 8 8 8 8 8
9 24 4 5 6 8 8 8 8 8 8 8 8 8 8 8 8 8 8 8 8 8 8 8 8 8
9 25 4 5 6 8 8 8 8 8 8 8 8 8 8 8 8 8 8 8 8 8 8 8 8 8 8
9 26 4 5 6 8 8 8 8 8 8 8 8 8 8 8 8 8 8 8 8 8 8 8 8 8 8 8
9 27 4 5 6 8 8 8 8 8 8 8 8 8 8 8 8 8 8 8 8 8 8 8 8 8 8 8 8
9 28 4 5 6 8 8 8 8 8 8 8 8 8 8 8 8 8 8 8 8 8 8 8 8 8 8 8 8 8
9 29 4 5 6 8 8 8 8 8 8 8 8 8 8 8 8 8 8 8 8 8 8 8 8 8 8 8 8 8 8
9 30 4 5 6 8 8 8 8 8 8 8 8 8 8 8 8 8 8 8 8 8 8 8 8 8 8 8 8 8 8 8
9 31 4 5 6 8 8 8 8 8 8 8 8 8 8 8 8 8 8 8 8 8 8 8 8 8 8 8 8 8 8 8 8
9 32 4 5 6 8 8 8 8 8 8 8 8 8 8 8 8 8 8 8 8 8 8 8 8 8 8 8 8 8 8 8 8 8
9 33 4 5 6 8 8 8 8 8 8 8 8 8 8 8 8 8 8 8 8 8 8 8 8 8 8 8 8 8 8 8 8 8 8
9 34 4 5 6 8 8 8 8 8 8 8 8 8 8 8 8 8 8 8 8 8 8 8 8 8 8 8 8 8 8 8 8 8 8 8
9 35 4 5 6 8 8 8 8 8 8 8 8 8 8 8 8 8 8 8 8 8 8 8 8 8 8 8 8 8 8 8 8 8 8 8 8
9 36 4 5 6 8 8 8 8 8 8 8 8 8 8 8 8 8 8 8 8 8 8 8 8 8 8 8 8 8 8 8 8 8 8 8 8 8
9 37 4 5 6 8 8 8 8 8 8 8 8 8 8 8 8 8 8 8 8 8 8 8 8 8 8 8 8 8 8 8 8 8 8 8 8 8 8
9 38 4 5 6 8 8 8 8 8 8 8 8 8 8 8 8 8 8 8 8 8 8 8 8 8 8 8 8 8 8 8 8 8 8 8 8 8 8 8
9 39 4 5 6 8 8 8 8 8 8 8 8 8 8 8 8 8 8 8 8 8 8 8 8 8 8 8 8 8 8 8 8 8 8 8 8 8 8 8 8
9 40 4 5 6 8 8 8 8 8 8 8 8 8 8 8 8 8 8 8 8 8 8 8 8 8 8 8 8 8 8 8 8 8 8 8 8 8 8 8 8 8
9 3 4 5 7
9 4 4 5 7 8
9 5 4 5 7 8 8
9 6 4 5 7 8 8 8
9 7 4 5 7 8 8 8 8
9 8 4 5 7 8 8 8 8 8
9 9 4 5 7 8 8 8 8 8 8
9 10 4 5 7 8 8 8 8 8 8 8
9 11 4 5 7 8 8 8 8 8 8 8 8
9 12 4 5 7 8 8 8 8 8 8 8 8 8
9 13 4 5 7 8 8 8 8 8 8 8 8 8 8
9 14 4 5 7 8 8 8 8 8 8 8 8 8 8 8
9 15 4 5 7 8 8 8 8 8 8 8 8 8 8 8 8
9 16 4 5 7 8 8 8 8 8 8 8 8 8 8 8 8 8
9 17 4 5 7 8 8 8 8 8 8 8 8 8 8 8 8 8 8
9 18 4 5 7 8 8 8 8 8 8 8 8 8 8 8 8 8 8 8
9 19 4 5 7 8 8 8 8 8 8 8 8 8 8 8 8 8 8 8 8
9 20 4 5 7 8 8 8 8 8 8 8 8 8 8 8 8 8 8 8 8 8
9 21 4 5 7 8 8 8 8 8 8 8 8 8 8 8 8 8 8 8 8 8 8
9 22 4 5 7 8 8 8 8 8 8 8 8 8 8 8 8 8 8 8 8 8 8 8
9 23 4 5 7 8 8 8 8 8 8 8 8 8 8 8 8 8 8 8 8 8 8 8 8
9 24 4 5 7 8 8 8 8 8 8 8 8 8 8 8 8 8 8 8 8 8 8 8 8 8
9 25 4 5 7 8 8 8 8 8 8 8 8 8 8 8 8 8 8 8 8 8 8 8 8 8 8
9 26 4 5 7 8 8 8 8 8 8 8 8 8 8 8 8 8 8 8 8 8 8 8 8 8 8 8
9 27 4 5 7 8 8 8 8 8 8 8 8 8 8 8 8 8 8 8 8 8 8 8 8 8 8 8 8
9 28 4 5 7 8 8 8 8 8 8 8 8 8 8 8 8 8 8 8 8 8 8 8 8 8 8 8 8 8
9 29 4 5 7 8 8 8 8 8 8 8 8 8 8 8 8 8 8 8 8 8 8 8 8 8 8 8 8 8 8
9 30 4 5 7 8 8 8 8 8 8 8 8 8 8 8 8 8 8 8 8 8 8 8 8 8 8 8 8 8 8 8
9 31 4 5 7 8 8 8 8 8 8 8 8 8 8 8 8 8 8 8 8 8 8 8 8 8 8 8 8 8 8 8 8
9 32 4 5 7 8 8 8 8 8 8 8 8 8 8 8 8 8 8 8 8 8 8 8 8 8 8 8 8 8 8 8 8 8
9 33 4 5 7 8 8 8 8 8 8 8 8 8 8 8 8 8 8 8 8 8 8 8 8 8 8 8 8 8 8 8 8 8 8
9 34 4 5 7 8 8 8 8 8 8 8 8 8 8 8 8 8 8 8 8 8 8 8 8 8 8 8 8 8 8 8 8 8 8 8
9 35 4 5 7 8 8 8 8 8 8 8 8 8 8 8 8 8 8 8 8 8 8 8 8 8 8 8 8 8 8 8 8 8 8 8 8
9 36 4 5 7 8 8 8 8 8 8 8 8 8 8 8 8 8 8 8 8 8 8 8 8 8 8 8 8 8 8 8 8 8 8 8 8 8
9 37 4 5 7 8 8 8 8 8 8 8 8 8 8 8 8 8 8 8 8 8 8 8 8 8 8 8 8 8 8 8 8 8 8 8 8 8 8
9 38 4 5 7 8 8 8 8 8 8 8 8 8 8 8 8 8 8 8 8 8 8 8 8 8 8 8 8 8 8 8 8 8 8 8 8 8 8 8
9 39 4 5 7 8 8 8 8 8 8 8 8 8 8 8 8 8 8 8 8 8 8 8 8 8 8 8 8 8 8 8 8 8 8 8 8 8 8 8 8
9 40 4 5 7 8 8 8 8 8 8 8 8 8 8 8 8 8 8 8 8 8 8 8 8 8 8 8 8 8 8 8 8 8 8 8 8 8 8 8 8 8
9 3 4 6 6
9 4 4 6 6 8
9 5 4 6 6 8 8
9 6 4 6 6 8 8 8
9 7 4 6 6 8 8 8 8
9 8 4 6 6 8 8 8 8 8
9 9 4 6 6 8 8 8 8 8 8
9 10 4 6 6 8 8 8 8 8 8 8
9 11 4 6 6 8 8 8 8 8 8 8 8
9 12 4 6 6 8 8 8 8 8 8 8 8 8
9 13 4 6 6 8 8 8 8 8 8 8 8 8 8
9 14 4 6 6 8 8 8 8 8 8 8 8 8 8 8
9 15 4 6 6 8 8 8 8 8 8 8 8 8 8 8 8
9 16 4 6 6 8 8 8 8 8 8 8 8 8 8 8 8 8
9 17 4 6 6 8 8 8 8 8 8 8 8 8 8 8 8 8 8
9 18 4 6 6 8 8 8 8 8 8 8 8 8 8 8 8 8 8 8
9 19 4 6 6 8 8 8 8 8 8 8 8 8 8 8 8 8 8 8 8
9 20 4 6 6 8 8 8 8 8 8 8 8 8 8 8 8 8 8 8 8 8
9 21 4 6 6 8 8 8 8 8 8 8 8 8 8 8 8 8 8 8 8 8 8
9 22 4 6 6 8 8 8 8 8 8 8 8 8 8 8 8 8 8 8 8 8 8 8
9 23 4 6 6 8 8 8 8 8 8 8 8 8 8 8 8 8 8 8 8 8 8 8 8
9 24 4 6 6 8 8 8 8 8 8 8 8 8 8 8 8 8 8 8 8 8 8 8 8 8
9 25 4 6 6 8 8 8 8 8 8 8 8 8 8 8 8 8 8 8 8 8 8 8 8 8 8
9 26 4 6 6 8 8 8 8 8 8 8 8 8 8 8 8 8 8 8 8 8 8 8 8 8 8 8
9 27 4 6 6 8 8 8 8 8 8 8 8 8 8 8 8 8 8 8 8 8 8 8 8 8 8 8 8
9 28 4 6 6 8 8 8 8 8 8 8 8 8 8 8 8 8 8 8 8 8 8 8 8 8 8 8 8 8
9 29 4 6 6 8 8 8 8 8 8 8 8 8 8 8 8 8 8 8 8 8 8 8 8 8 8 8 8 8 8
9 30 4 6 6 8 8 8 8 8 8 8 8 8 8 8 8 8 8 8 8 8 8 8 8 8 8 8 8 8 8 8
9 31 4 6 6 8 8 8 8 8 8 8 8 8 8 8 8 8 8 8 8 8 8 8 8 8 8 8 8 8 8 8 8
9 32 4 6 6 8 8 8 8 8 8 8 8 8 8 8 8 8 8 8 8 8 8 8 8 8 8 8 8 8 8 8 8 8
9 33 4 6 6 8 8 8 8 8 8 8 8 8 8 8 8 8 8 8 8 8 8 8 8 8 8 8 8 8 8 8 8 8 8
9 34 4 6 6 8 8 8 8 8 8 8 8 8 8 8 8 8 8 8 8 8 8 8 8 8 8 8 8 8 8 8 8 8 8 8
9 35 4 6 6 8 8 8 8 8 8 8 8 8 8 8 8 8 8 8 8 8 8 8 8 8 8 8 8 8 8 8 8 8 8 8 8
9 36 4 6 6 8 8 8 8 8 8 8 8 8 8 8 8 8 8 8 8 8 8 8 8 8 8 8 8 8 8 8 8 8 8 8 8 8
9 37 4 6 6 8 8 8 8 8 8 8 8 8 8 8 8 8 8 8 8 8 8 8 8 8 8 8 8 8 8 8 8 8 8 8 8 8 8
9 38 4 6 6 8 8 8 8 8 8 8 8 8 8 8 8 8 8 8 8 8 8 8 8 8 8 8 8 8 8 8 8 8 8 8 8 8 8 8
9 39 4 6 6 8 8 8 8 8 8 8 8 8 8 8 8 8 8 8 8 8 8 8 8 8 8 8 8 8 8 8 8 8 8 8 8 8 8 8 8
9 40 4 6 6 8 8 8 8 8 8 8 8 8 8 8 8 8 8 8 8 8 8 8 8 8 8 8 8 8 8 8 8 8 8 8 8 8 8 8 8 8
9 3 4 6 7
9 4 4 6 7 8
9 5 4 6 7 8 8
9 6 4 6 7 8 8 8
9 7 4 6 7 8 8 8 8
9 8 4 6 7 8 8 8 8 8
9 9 4 6 7 8 8 8 8 8 8
9 10 4 6 7 8 8 8 8 8 8 8
9 11 4 6 7 8 8 8 8 8 8 8 8
9 12 4 6 7 8 8 8 8 8 8 8 8 8
9 13 4 6 7 8 8 8 8 8 8 8 8 8 8
9 14 4 6 7 8 8 8 8 8 8 8 8 8 8 8
9 15 4 6 7 8 8 8 8 8 8 8 8 8 8 8 8
9 16 4 6 7 8 8 8 8 8 8 8 8 8 8 8 8 8
9 17 4 6 7 8 8 8 8 8 8 8 8 8 8 8 8 8 8
9 18 4 6 7 8 8 8 8 8 8 8 8 8 8 8 8 8 8 8
9 19 4 6 7 8 8 8 8 8 8 8 8 8 8 8 8 8 8 8 8
9 20 4 6 7 8 8 8 8 8 8 8 8 8 8 8 8 8 8 8 8 8
9 21 4 6 7 8 8 8 8 8 8 8 8 8 8 8 8 8 8 8 8 8 8
9 22 4 6 7 8 8 8 8 8 8 8 8 8 8 8 8 8 8 8 8 8 8 8
9 23 4 6 7 8 8 8 8 8 8 8 8 8 8 8 8 8 8 8 8 8 8 8 8
9 24 4 6 7 8 8 8 8 8 8 8 8 8 8 8 8 8 8 8 8 8 8 8 8 8
9 25 4 6 7 8 8 8 8 8 8 8 8 8 8 8 8 8 8 8 8 8 8 8 8 8 8
9 26 4 6 7 8 8 8 8 8 8 8 8 8 8 8 8 8 8 8 8 8 8 8 8 8 8 8
9 27 4 6 7 8 8 8 8 8 8 8 8 8 8 8 8 8 8 8 8 8 8 8 8 8 8 8 8
9 28 4 6 7 8 8 8 8 8 8 8 8 8 8 8 8 8 8 8 8 8 8 8 8 8 8 8 8 8
9 29 4 6 7 8 8 8 8 8 8 8 8 8 8 8 8 8 8 8 8 8 8 8 8 8 8 8 8 8 8
9 30 4 6 7 8 8 8 8 8 8 8 8 8 8 8 8 8 8 8 8 8 8 8 8 8 8 8 8 8 8 8
9 31 4 6 7 8 8 8 8 8 8 8 8 8 8 8 8 8 8 8 8 8 8 8 8 8 8 8 8 8 8 8 8
9 32 4 6 7 8 8 8 8 8 8 8 8 8 8 8 8 8 8 8 8 8 8 8 8 8 8 8 8 8 8 8 8 8
9 33 4 6 7 8 8 8 8 8 8 8 8 8 8 8 8 8 8 8 8 8 8 8 8 8 8 8 8 8 8 8 8 8 8
9 34 4 6 7 8 8 8 8 8 8 8 8 8 8 8 8 8 8 8 8 8 8 8 8 8 8 8 8 8 8 8 8 8 8 8
9 35 4 6 7 8 8 8 8 8 8 8 8 8 8 8 8 8 8 8 8 8 8 8 8 8 8 8 8 8 8 8 8 8 8 8 8
9 36 4 6 7 8 8 8 8 8 8 8 8 8 8 8 8 8 8 8 8 8 8 8 8 8 8 8 8 8 8 8 8 8 8 8 8 8
9 37 4 6 7 8 8 8 8 8 8 8 8 8 8 8 8 8 8 8 8 8 8 8 8 8 8 8 8 8 8 8 8 8 8 8 8 8 8
9 38 4 6 7 8 8 8 8 8 8 8 8 8 8 8 8 8 8 8 8 8 8 8 8 8 8 8 8 8 8 8 8 8 8 8 8 8 8 8
9 39 4 6 7 8 8 8 8 8 8 8 8 8 8 8 8 8 8 8 8 8 8 8 8 8 8 8 8 8 8 8 8 8 8 8 8 8 8 8 8
9 40 4 6 7 8 8 8 8 8 8 8 8 8 8 8 8 8 8 8 8 8 8 8 8 8 8 8 8 8 8 8 8 8 8 8 8 8 8 8 8 8
9 3 4 7 7
9 4 4 7 7 8
9 5 4 7 7 8 8
9 6 4 7 7 8 8 8
9 7 4 7 7 8 8 8 8
9 8 4 7 7 8 8 8 8 8
9 9 4 7 7 8 8 8 8 8 8
9 10 4 7 7 8 8 8 8 8 8 8
9 11 4 7 7 8 8 8 8 8 8 8 8
9 12 4 7 7 8 8 8 8 8 8 8 8 8
9 13 4 7 7 8 8 8 8 8 8 8 8 8 8
9 14 4 7 7 8 8 8 8 8 8 8 8 8 8 8
9 15 4 7 7 8 8 8 8 8 8 8 8 8 8 8 8
9 16 4 7 7 8 8 8 8 8 8 8 8 8 8 8 8 8
9 17 4 7 7 8 8 8 8 8 8 8 8 8 8 8 8 8 8
9 18 4 7 7 8 8 8 8 8 8 8 8 8 8 8 8 8 8 8
9 19 4 7 7 8 8 8 8 8 8 8 8 8 8 8 8 8 8 8 8
9 20 4 7 7 8 8 8 8 8 8 8 8 8 8 8 8 8 8 8 8 8
9 21 4 7 7 8 8 8 8 8 8 8 8 8 8 8 8 8 8 8 8 8 8
9 22 4 7 7 8 8 8 8 8 8 8 8 8 8 8 8 8 8 8 8 8 8 8
9 23 4 7 7 8 8 8 8 8 8 8 8 8 8 8 8 8 8 8 8 8 8 8 8
9 24 4 7 7 8 8 8 8 8 8 8 8 8 8 8 8 8 8 8 8 8 8 8 8 8
9 25 4 7 7 8 8 8 8 8 8 8 8 8 8 8 8 8 8 8 8 8 8 8 8 8 8
9 26 4 7 7 8 8 8 8 8 8 8 8 8 8 8 8 8 8 8 8 8 8 8 8 8 8 8
9 27 4 7 7 8 8 8 8 8 8 8 8 8 8 8 8 8 8 8 8 8 8 8 8 8 8 8 8
9 28 4 7 7 8 8 8 8 8 8 8 8 8 8 8 8 8 8 8 8 8 8 8 8 8 8 8 8 8
9 29 4 7 7 8 8 8 8 8 8 8 8 8 8 8 8 8 8 8 8 8 8 8 8 8 8 8 8 8 8
9 30 4 7 7 8 8 8 8 8 8 8 8 8 8 8 8 8 8 8 8 8 8 8 8 8 8 8 8 8 8 8
9 31 4 7 7 8 8 8 8 8 8 8 8 8 8 8 8 8 8 8 8 8 8 8 8 8 8 8 8 8 8 8 8
9 32 4 7 7 8 8 8 8 8 8 8 8 8 8 8 8 8 8 8 8 8 8 8 8 8 8 8 8 8 8 8 8 8
9 33 4 7 7 8 8 8 8 8 8 8 8 8 8 8 8 8 8 8 8 8 8 8 8 8 8 8 8 8 8 8 8 8 8
9 34 4 7 7 8 8 8 8 8 8 8 8 8 8 8 8 8 8 8 8 8 8 8 8 8 8 8 8 8 8 8 8 8 8 8
9 35 4 7 7 8 8 8 8 8 8 8 8 8 8 8 8 8 8 8 8 8 8 8 8 8 8 8 8 8 8 8 8 8 8 8 8
9 36 4 7 7 8 8 8 8 8 8 8 8 8 8 8 8 8 8 8 8 8 8 8 8 8 8 8 8 8 8 8 8 8 8 8 8 8
9 37 4 7 7 8 8 8 8 8 8 8 8 8 8 8 8 8 8 8 8 8 8 8 8 8 8 8 8 8 8 8 8 8 8 8 8 8 8
9 38 4 7 7 8 8 8 8 8 8 8 8 8 8 8 8 8 8 8 8 8 8 8 8 8 8 8 8 8 8 8 8 8 8 8 8 8 8 8
9 39 4 7 7 8 8 8 8 8 8 8 8 8 8 8 8 8 8 8 8 8 8 8 8 8 8 8 8 8 8 8 8 8 8 8 8 8 8 8 8
9 40 4 7 7 8 8 8 8 8 8 8 8 8 8 8 8 8 8 8 8 8 8 8 8 8 8 8 8 8 8 8 8 8 8 8 8 8 8 8 8 8
9 3 5 5 5
9 4 5 5 5 8
9 5 5 5 5 8 8
9 6 5 5 5 8 8 8
9 7 5 5 5 8 8 8 8
9 8 5 5 5 8 8 8 8 8
9 9 5 5 5 8 8 8 8 8 8
9 10 5 5 5 8 8 8 8 8 8 8
9 11 5 5 5 8 8 8 8 8 8 8 8
9 12 5 5 5 8 8 8 8 8 8 8 8 8
9 13 5 5 5 8 8 8 8 8 8 8 8 8 8
9 14 5 5 5 8 8 8 8 8 8 8 8 8 8 8
9 15 5 5 5 8 8 8 8 8 8 8 8 8 8 8 8
9 16 5 5 5 8 8 8 8 8 8 8 8 8 8 8 8 8
9 17 5 5 5 8 8 8 8 8 8 8 8 8 8 8 8 8 8
9 18 5 5 5 8 8 8 8 8 8 8 8 8 8 8 8 8 8 8
9 19 5 5 5 8 8 8 8 8 8 8 8 8 8 8 8 8 8 8 8
9 20 5 5 5 8 8 8 8 8 8 8 8 8 8 8 8 8 8 8 8 8
9 21 5 5 5 8 8 8 8 8 8 8 8 8 8 8 8 8 8 8 8 8 8
9 22 5 5 5 8 8 8 8 8 8 8 8 8 8 8 8 8 8 8 8 8 8 8
9 23 5 5 5 8 8 8 8 8 8 8 8 8 8 8 8 8 8 8 8 8 8 8 8
9 24 5 5 5 8 8 8 8 8 8 8 8 8 8 8 8 8 8 8 8 8 8 8 8 8
9 25 5 5 5 8 8 8 8 8 8 8 8 8 8 8 8 8 8 8 8 8 8 8 8 8 8
9 26 5 5 5 8 8 8 8 8 8 8 8 8 8 8 8 8 8 8 8 8 8 8 8 8 8 8
9 27 5 5 5 8 8 8 8 8 8 8 8 8 8 8 8 8 8 8 8 8 8 8 8 8 8 8 8
9 28 5 5 5 8 8 8 8 8 8 8 8 8 8 8 8 8 8 8 8 8 8 8 8 8 8 8 8 8
9 29 5 5 5 8 8 8 8 8 8 8 8 8 8 8 8 8 8 8 8 8 8 8 8 8 8 8 8 8 8
9 30 5 5 5 8 8 8 8 8 8 8 8 8 8 8 8 8 8 8 8 8 8 8 8 8 8 8 8 8 8 8
9 31 5 5 5 8 8 8 8 8 8 8 8 8 8 8 8 8 8 8 8 8 8 8 8 8 8 8 8 8 8 8 8
9 32 5 5 5 8 8 8 8 8 8 8 8 8 8 8 8 8 8 8 8 8 8 8 8 8 8 8 8 8 8 8 8 8
9 33 5 5 5 8 8 8 8 8 8 8 8 8 8 8 8 8 8 8 8 8 8 8 8 8 8 8 8 8 8 8 8 8 8
9 34 5 5 5 8 8 8 8 8 8 8 8 8 8 8 8 8 8 8 8 8 8 8 8 8 8 8 8 8 8 8 8 8 8 8
9 35 5 5 5 8 8 8 8 8 8 8 8 8 8 8 8 8 8 8 8 8 8 8 8 8 8 8 8 8 8 8 8 8 8 8 8
9 36 5 5 5 8 8 8 8 8 8 8 8 8 8 8 8 8 8 8 8 8 8 8 8 8 8 8 8 8 8 8 8 8 8 8 8 8
9 37 5 5 5 8 8 8 8 8 8 8 8 8 8 8 8 8 8 8 8 8 8 8 8 8 8 8 8 8 8 8 8 8 8 8 8 8 8
9 38 5 5 5 8 8 8 8 8 8 8 8 8 8 8 8 8 8 8 8 8 8 8 8 8 8 8 8 8 8 8 8 8 8 8 8 8 8 8
9 39 5 5 5 8 8 8 8 8 8 8 8 8 8 8 8 8 8 8 8 8 8 8 8 8 8 8 8 8 8 8 8 8 8 8 8 8 8 8 8
9 40 5 5 5 8 8 8 8 8 8 8 8 8 8 8 8 8 8 8 8 8 8 8 8 8 8 8 8 8 8 8 8 8 8 8 8 8 8 8 8 8
9 3 5 5 6
9 4 5 5 6 8
9 5 5 5 6 8 8
9 6 5 5 6 8 8 8
9 7 5 5 6 8 8 8 8
9 8 5 5 6 8 8 8 8 8
9 9 5 5 6 8 8 8 8 8 8
9 10 5 5 6 8 8 8 8 8 8 8
9 11 5 5 6 8 8 8 8 8 8 8 8
9 12 5 5 6 8 8 8 8 8 8 8 8 8
9 13 5 5 6 8 8 8 8 8 8 8 8 8 8
9 14 5 5 6 8 8 8 8 8 8 8 8 8 8 8
9 15 5 5 6 8 8 8 8 8 8 8 8 8 8 8 8
9 16 5 5 6 8 8 8 8 8 8 8 8 8 8 8 8 8
9 17 5 5 6 8 8 8 8 8 8 8 8 8 8 8 8 8 8
9 18 5 5 6 8 8 8 8 8 8 8 8 8 8 8 8 8 8 8
9 19 5 5 6 8 8 8 8 8 8 8 8 8 8 8 8 8 8 8 8
9 20 5 5 6 8 8 8 8 8 8 8 8 8 8 8 8 8 8 8 8 8
9 21 5 5 6 8 8 8 8 8 8 8 8 8 8 8 8 8 8 8 8 8 8
9 22 5 5 6 8 8 8 8 8 8 8 8 8 8 8 8 8 8 8 8 8 8 8
9 23 5 5 6 8 8 8 8 8 8 8 8 8 8 8 8 8 8 8 8 8 8 8 8
9 24 5 5 6 8 8 8 8 8 8 8 8 8 8 8 8 8 8 8 8 8 8 8 8 8
9 25 5 5 6 8 8 8 8 8 8 8 8 8 8 8 8 8 8 8 8 8 8 8 8 8 8
9 26 5 5 6 8 8 8 8 8 8 8 8 8 8 8 8 8 8 8 8 8 8 8 8 8 8 8
9 27 5 5 6 8 8 8 8 8 8 8 8 8 8 8 8 8 8 8 8 8 8 8 8 8 8 8 8
9 28 5 5 6 8 8 8 8 8 8 8 8 8 8 8 8 8 8 8 8 8 8 8 8 8 8 8 8 8
9 29 5 5 6 8 8 8 8 8 8 8 8 8 8 8 8 8 8 8 8 8 8 8 8 8 8 8 8 8 8
9 30 5 5 6 8 8 8 8 8 8 8 8 8 8 8 8 8 8 8 8 8 8 8 8 8 8 8 8 8 8 8
9 31 5 5 6 8 8 8 8 8 8 8 8 8 8 8 8 8 8 8 8 8 8 8 8 8 8 8 8 8 8 8 8
9 32 5 5 6 8 8 8 8 8 8 8 8 8 8 8 8 8 8 8 8 8 8 8 8 8 8 8 8 8 8 8 8 8
9 33 5 5 6 8 8 8 8 8 8 8 8 8 8 8 8 8 8 8 8 8 8 8 8 8 8 8 8 8 8 8 8 8 8
9 34 5 5 6 8 8 8 8 8 8 8 8 8 8 8 8 8 8 8 8 8 8 8 8 8 8 8 8 8 8 8 8 8 8 8
9 35 5 5 6 8 8 8 8 8 8 8 8 8 8 8 8 8 8 8 8 8 8 8 8 8 8 8 8 8 8 8 8 8 8 8 8
9 36 5 5 6 8 8 8 8 8 8 8 8 8 8 8 8 8 8 8 8 8 8 8 8 8 8 8 8 8 8 8 8 8 8 8 8 8
9 37 5 5 6 8 8 8 8 8 8 8 8 8 8 8 8 8 8 8 8 8 8 8 8 8 8 8 8 8 8 8 8 8 8 8 8 8 8
9 38 5 5 6 8 8 8 8 8 8 8 8 8 8 8 8 8 8 8 8 8 8 8 8 8 8 8 8 8 8 8 8 8 8 8 8 8 8 8
9 39 5 5 6 8 8 8 8 8 8 8 8 8 8 8 8 8 8 8 8 8 8 8 8 8 8 8 8 8 8 8 8 8 8 8 8 8 8 8 8
9 40 5 5 6 8 8 8 8 8 8 8 8 8 8 8 8 8 8 8 8 8 8 8 8 8 8 8 8 8 8 8 8 8 8 8 8 8 8 8 8 8
9 3 5 5 7
9 4 5 5 7 8
9 5 5 5 7 8 8
9 6 5 5 7 8 8 8
9 7 5 5 7 8 8 8 8
9 8 5 5 7 8 8 8 8 8
9 9 5 5 7 8 8 8 8 8 8
9 10 5 5 7 8 8 8 8 8 8 8
9 11 5 5 7 8 8 8 8 8 8 8 8
9 12 5 5 7 8 8 8 8 8 8 8 8 8
9 13 5 5 7 8 8 8 8 8 8 8 8 8 8
9 14 5 5 7 8 8 8 8 8 8 8 8 8 8 8
9 15 5 5 7 8 8 8 8 8 8 8 8 8 8 8 8
9 16 5 5 7 8 8 8 8 8 8 8 8 8 8 8 8 8
9 17 5 5 7 8 8 8 8 8 8 8 8 8 8 8 8 8 8
9 18 5 5 7 8 8 8 8 8 8 8 8 8 8 8 8 8 8 8
9 19 5 5 7 8 8 8 8 8 8 8 8 8 8 8 8 8 8 8 8
9 20 5 5 7 8 8 8 8 8 8 8 8 8 8 8 8 8 8 8 8 8
9 21 5 5 7 8 8 8 8 8 8 8 8 8 8 8 8 8 8 8 8 8 8
9 22 5 5 7 8 8 8 8 8 8 8 8 8 8 8 8 8 8 8 8 8 8 8
9 23 5 5 7 8 8 8 8 8 8 8 8 8 8 8 8 8 8 8 8 8 8 8 8
9 24 5 5 7 8 8 8 8 8 8 8 8 8 8 8 8 8 8 8 8 8 8 8 8 8
9 25 5 5 7 8 8 8 8 8 8 8 8 8 8 8 8 8 8 8 8 8 8 8 8 8 8
9 26 5 5 7 8 8 8 8 8 8 8 8 8 8 8 8 8 8 8 8 8 8 8 8 8 8 8
9 27 5 5 7 8 8 8 8 8 8 8 8 8 8 8 8 8 8 8 8 8 8 8 8 8 8 8 8
9 28 5 5 7 8 8 8 8 8 8 8 8 8 8 8 8 8 8 8 8 8 8 8 8 8 8 8 8 8
9 29 5 5 7 8 8 8 8 8 8 8 8 8 8 8 8 8 8 8 8 8 8 8 8 8 8 8 8 8 8
9 30 5 5 7 8 8 8 8 8 8 8 8 8 8 8 8 8 8 8 8 8 8 8 8 8 8 8 8 8 8 8
9 31 5 5 7 8 8 8 8 8 8 8 8 8 8 8 8 8 8 8 8 8 8 8 8 8 8 8 8 8 8 8 8
9 32 5 5 7 8 8 8 8 8 8 8 8 8 8 8 8 8 8 8 8 8 8 8 8 8 8 8 8 8 8 8 8 8
9 33 5 5 7 8 8 8 8 8 8 8 8 8 8 8 8 8 8 8 8 8 8 8 8 8 8 8 8 8 8 8 8 8 8
9 34 5 5 7 8 8 8 8 8 8 8 8 8 8 8 8 8 8 8 8 8 8 8 8 8 8 8 8 8 8 8 8 8 8 8
9 35 5 5 7 8 8 8 8 8 8 8 8 8 8 8 8 8 8 8 8 8 8 8 8 8 8 8 8 8 8 8 8 8 8 8 8
9 36 5 5 7 8 8 8 8 8 8 8 8 8 8 8 8 8 8 8 8 8 8 8 8 8 8 8 8 8 8 8 8 8 8 8 8 8
9 37 5 5 7 8 8 8 8 8 8 8 8 8 8 8 8 8 8 8 8 8 8 8 8 8 8 8 8 8 8 8 8 8 8 8 8 8 8
9 38 5 5 7 8 8 8 8 8 8 8 8 8 8 8 8 8 8 8 8 8 8 8 8 8 8 8 8 8 8 8 8 8 8 8 8 8 8 8
9 39 5 5 7 8 8 8 8 8 8 8 8 8 8 8 8 8 8 8 8 8 8 8 8 8 8 8 8 8 8 8 8 8 8 8 8 8 8 8 8
9 40 5 5 7 8 8 8 8 8 8 8 8 8 8 8 8 8 8 8 8 8 8 8 8 8 8 8 8 8 8 8 8 8 8 8 8 8 8 8 8 8
9 3 5 6 6
9 4 5 6 6 8
9 5 5 6 6 8 8
9 6 5 6 6 8 8 8
9 7 5 6 6 8 8 8 8
9 8 5 6 6 8 8 8 8 8
9 9 5 6 6 8 8 8 8 8 8
9 10 5 6 6 8 8 8 8 8 8 8
9 11 5 6 6 8 8 8 8 8 8 8 8
9 12 5 6 6 8 8 8 8 8 8 8 8 8
9 13 5 6 6 8 8 8 8 8 8 8 8 8 8
9 14 5 6 6 8 8 8 8 8 8 8 8 8 8 8
9 15 5 6 6 8 8 8 8 8 8 8 8 8 8 8 8
9 16 5 6 6 8 8 8 8 8 8 8 8 8 8 8 8 8
9 17 5 6 6 8 8 8 8 8 8 8 8 8 8 8 8 8 8
9 18 5 6 6 8 8 8 8 8 8 8 8 8 8 8 8 8 8 8
9 19 5 6 6 8 8 8 8 8 8 8 8 8 8 8 8 8 8 8 8
9 20 5 6 6 8 8 8 8 8 8 8 8 8 8 8 8 8 8 8 8 8
9 21 5 6 6 8 8 8 8 8 8 8 8 8 8 8 8 8 8 8 8 8 8
9 22 5 6 6 8 8 8 8 8 8 8 8 8 8 8 8 8 8 8 8 8 8 8
9 23 5 6 6 8 8 8 8 8 8 8 8 8 8 8 8 8 8 8 8 8 8 8 8
9 24 5 6 6 8 8 8 8 8 8 8 8 8 8 8 8 8 8 8 8 8 8 8 8 8
9 25 5 6 6 8 8 8 8 8 8 8 8 8 8 8 8 8 8 8 8 8 8 8 8 8 8
9 26 5 6 6 8 8 8 8 8 8 8 8 8 8 8 8 8 8 8 8 8 8 8 8 8 8 8
9 27 5 6 6 8 8 8 8 8 8 8 8 8 8 8 8 8 8 8 8 8 8 8 8 8 8 8 8
9 28 5 6 6 8 8 8 8 8 8 8 8 8 8 8 8 8 8 8 8 8 8 8 8 8 8 8 8 8
9 29 5 6 6 8 8 8 8 8 8 8 8 8 8 8 8 8 8 8 8 8 8 8 8 8 8 8 8 8 8
9 30 5 6 6 8 8 8 8 8 8 8 8 8 8 8 8 8 8 8 8 8 8 8 8 8 8 8 8 8 8 8
9 31 5 6 6 8 8 8 8 8 8 8 8 8 8 8 8 8 8 8 8 8 8 8 8 8 8 8 8 8 8 8 8
9 32 5 6 6 8 8 8 8 8 8 8 8 8 8 8 8 8 8 8 8 8 8 8 8 8 8 8 8 8 8 8 8 8
9 33 5 6 6 8 8 8 8 8 8 8 8 8 8 8 8 8 8 8 8 8 8 8 8 8 8 8 8 8 8 8 8 8 8
9 34 5 6 6 8 8 8 8 8 8 8 8 8 8 8 8 8 8 8 8 8 8 8 8 8 8 8 8 8 8 8 8 8 8 8
9 35 5 6 6 8 8 8 8 8 8 8 8 8 8 8 8 8 8 8 8 8 8 8 8 8 8 8 8 8 8 8 8 8 8 8 8
9 36 5 6 6 8 8 8 8 8 8 8 8 8 8 8 8 8 8 8 8 8 8 8 8 8 8 8 8 8 8 8 8 8 8 8 8 8
9 37 5 6 6 8 8 8 8 8 8 8 8 8 8 8 8 8 8 8 8 8 8 8 8 8 8 8 8 8 8 8 8 8 8 8 8 8 8
9 38 5 6 6 8 8 8 8 8 8 8 8 8 8 8 8 8 8 8 8 8 8 8 8 8 8 8 8 8 8 8 8 8 8 8 8 8 8 8
9 39 5 6 6 8 8 8 8 8 8 8 8 8 8 8 8 8 8 8 8 8 8 8 8 8 8 8 8 8 8 8 8 8 8 8 8 8 8 8 8
9 40 5 6 6 8 8 8 8 8 8 8 8 8 8 8 8 8 8 8 8 8 8 8 8 8 8 8 8 8 8 8 8 8 8 8 8 8 8 8 8 8
9 3 5 6 7
9 4 5 6 7 8
9 5 5 6 7 8 8
9 6 5 6 7 8 8 8
9 7 5 6 7 8 8 8 8
9 8 5 6 7 8 8 8 8 8
9 9 5 6 7 8 8 8 8 8 8
9 10 5 6 7 8 8 8 8 8 8 8
9 11 5 6 7 8 8 8 8 8 8 8 8
9 12 5 6 7 8 8 8 8 8 8 8 8 8
9 13 5 6 7 8 8 8 8 8 8 8 8 8 8
9 14 5 6 7 8 8 8 8 8 8 8 8 8 8 8
9 15 5 6 7 8 8 8 8 8 8 8 8 8 8 8 8
9 16 5 6 7 8 8 8 8 8 8 8 8 8 8 8 8 8
9 17 5 6 7 8 8 8 8 8 8 8 8 8 8 8 8 8 8
9 18 5 6 7 8 8 8 8 8 8 8 8 8 8 8 8 8 8 8
9 19 5 6 7 8 8 8 8 8 8 8 8 8 8 8 8 8 8 8 8
9 20 5 6 7 8 8 8 8 8 8 8 8 8 8 8 8 8 8 8 8 8
9 21 5 6 7 8 8 8 8 8 8 8 8 8 8 8 8 8 8 8 8 8 8
9 22 5 6 7 8 8 8 8 8 8 8 8 8 8 8 8 8 8 8 8 8 8 8
9 23 5 6 7 8 8 8 8 8 8 8 8 8 8 8 8 8 8 8 8 8 8 8 8
9 24 5 6 7 8 8 8 8 8 8 8 8 8 8 8 8 8 8 8 8 8 8 8 8 8
9 25 5 6 7 8 8 8 8 8 8 8 8 8 8 8 8 8 8 8 8 8 8 8 8 8 8
9 26 5 6 7 8 8 8 8 8 8 8 8 8 8 8 8 8 8 8 8 8 8 8 8 8 8 8
9 27 5 6 7 8 8 8 8 8 8 8 8 8 8 8 8 8 8 8 8 8 8 8 8 8 8 8 8
9 28 5 6 7 8 8 8 8 8 8 8 8 8 8 8 8 8 8 8 8 8 8 8 8 8 8 8 8 8
9 29 5 6 7 8 8 8 8 8 8 8 8 8 8 8 8 8 8 8 8 8 8 8 8 8 8 8 8 8 8
9 30 5 6 7 8 8 8 8 8 8 8 8 8 8 8 8 8 8 8 8 8 8 8 8 8 8 8 8 8 8 8
9 31 5 6 7 8 8 8 8 8 8 8 8 8 8 8 8 8 8 8 8 8 8 8 8 8 8 8 8 8 8 8 8
9 32 5 6 7 8 8 8 8 8 8 8 8 8 8 8 8 8 8 8 8 8 8 8 8 8 8 8 8 8 8 8 8 8
9 33 5 6 7 8 8 8 8 8 8 8 8 8 8 8 8 8 8 8 8 8 8 8 8 8 8 8 8 8 8 8 8 8 8
9 34 5 6 7 8 8 8 8 8 8 8 8 8 8 8 8 8 8 8 8 8 8 8 8 8 8 8 8 8 8 8 8 8 8 8
9 35 5 6 7 8 8 8 8 8 8 8 8 8 8 8 8 8 8 8 8 8 8 8 8 8 8 8 8 8 8 8 8 8 8 8 8
9 36 5 6 7 8 8 8 8 8 8 8 8 8 8 8 8 8 8 8 8 8 8 8 8 8 8 8 8 8 8 8 8 8 8 8 8 8
9 37 5 6 7 8 8 8 8 8 8 8 8 8 8 8 8 8 8 8 8 8 8 8 8 8 8 8 8 8 8 8 8 8 8 8 8 8 8
9 38 5 6 7 8 8 8 8 8 8 8 8 8 8 8 8 8 8 8 8 8 8 8 8 8 8 8 8 8 8 8 8 8 8 8 8 8 8 8
9 39 5 6 7 8 8 8 8 8 8 8 8 8 8 8 8 8 8 8 8 8 8 8 8 8 8 8 8 8 8 8 8 8 8 8 8 8 8 8 8
9 40 5 6 7 8 8 8 8 8 8 8 8 8 8 8 8 8 8 8 8 8 8 8 8 8 8 8 8 8 8 8 8 8 8 8 8 8 8 8 8 8
9 3 5 7 7
9 4 5 7 7 8
9 5 5 7 7 8 8
9 6 5 7 7 8 8 8
9 7 5 7 7 8 8 8 8
9 8 5 7 7 8 8 8 8 8
9 9 5 7 7 8 8 8 8 8 8
9 10 5 7 7 8 8 8 8 8 8 8
9 11 5 7 7 8 8 8 8 8 8 8 8
9 12 5 7 7 8 8 8 8 8 8 8 8 8
9 13 5 7 7 8 8 8 8 8 8 8 8 8 8
9 14 5 7 7 8 8 8 8 8 8 8 8 8 8 8
9 15 5 7 7 8 8 8 8 8 8 8 8 8 8 8 8
9 16 5 7 7 8 8 8 8 8 8 8 8 8 8 8 8 8
9 17 5 7 7 8 8 8 8 8 8 8 8 8 8 8 8 8 8
9 18 5 7 7 8 8 8 8 8 8 8 8 8 8 8 8 8 8 8
9 19 5 7 7 8 8 8 8 8 8 8 8 8 8 8 8 8 8 8 8
9 20 5 7 7 8 8 8 8 8 8 8 8 8 8 8 8 8 8 8 8 8
9 21 5 7 7 8 8 8 8 8 8 8 8 8 8 8 8 8 8 8 8 8 8
9 22 5 7 7 8 8 8 8 8 8 8 8 8 8 8 8 8 8 8 8 8 8 8
9 23 5 7 7 8 8 8 8 8 8 8 8 8 8 8 8 8 8 8 8 8 8 8 8
9 24 5 7 7 8 8 8 8 8 8 8 8 8 8 8 8 8 8 8 8 8 8 8 8 8
9 25 5 7 7 8 8 8 8 8 8 8 8 8 8 8 8 8 8 8 8 8 8 8 8 8 8
9 26 5 7 7 8 8 8 8 8 8 8 8 8 8 8 8 8 8 8 8 8 8 8 8 8 8 8
9 27 5 7 7 8 8 8 8 8 8 8 8 8 8 8 8 8 8 8 8 8 8 8 8 8 8 8 8
9 28 5 7 7 8 8 8 8 8 8 8 8 8 8 8 8 8 8 8 8 8 8 8 8 8 8 8 8 8
9 29 5 7 7 8 8 8 8 8 8 8 8 8 8 8 8 8 8 8 8 8 8 8 8 8 8 8 8 8 8
9 30 5 7 7 8 8 8 8 8 8 8 8 8 8 8 8 8 8 8 8 8 8 8 8 8 8 8 8 8 8 8
9 31 5 7 7 8 8 8 8 8 8 8 8 8 8 8 8 8 8 8 8 8 8 8 8 8 8 8 8 8 8 8 8
9 32 5 7 7 8 8 8 8 8 8 8 8 8 8 8 8 8 8 8 8 8 8 8 8 8 8 8 8 8 8 8 8 8
9 33 5 7 7 8 8 8 8 8 8 8 8 8 8 8 8 8 8 8 8 8 8 8 8 8 8 8 8 8 8 8 8 8 8
9 34 5 7 7 8 8 8 8 8 8 8 8 8 8 8 8 8 8 8 8 8 8 8 8 8 8 8 8 8 8 8 8 8 8 8
9 35 5 7 7 8 8 8 8 8 8 8 8 8 8 8 8 8 8 8 8 8 8 8 8 8 8 8 8 8 8 8 8 8 8 8 8
9 36 5 7 7 8 8 8 8 8 8 8 8 8 8 8 8 8 8 8 8 8 8 8 8 8 8 8 8 8 8 8 8 8 8 8 8 8
9 37 5 7 7 8 8 8 8 8 8 8 8 8 8 8 8 8 8 8 8 8 8 8 8 8 8 8 8 8 8 8 8 8 8 8 8 8 8
9 38 5 7 7 8 8 8 8 8 8 8 8 8 8 8 8 8 8 8 8 8 8 8 8 8 8 8 8 8 8 8 8 8 8 8 8 8 8 8
9 39 5 7 7 8 8 8 8 8 8 8 8 8 8 8 8 8 8 8 8 8 8 8 8 8 8 8 8 8 8 8 8 8 8 8 8 8 8 8 8
9 40 5 7 7 8 8 8 8 8 8 8 8 8 8 8 8 8 8 8 8 8 8 8 8 8 8 8 8 8 8 8 8 8 8 8 8 8 8 8 8 8
9 3 6 6 6
9 4 6 6 6 8
9 5 6 6 6 8 8
9 6 6 6 6 8 8 8
9 7 6 6 6 8 8 8 8
9 8 6 6 6 8 8 8 8 8
9 9 6 6 6 8 8 8 8 8 8
9 10 6 6 6 8 8 8 8 8 8 8
9 11 6 6 6 8 8 8 8 8 8 8 8
9 12 6 6 6 8 8 8 8 8 8 8 8 8
9 13 6 6 6 8 8 8 8 8 8 8 8 8 8
9 14 6 6 6 8 8 8 8 8 8 8 8 8 8 8
9 15 6 6 6 8 8 8 8 8 8 8 8 8 8 8 8
9 16 6 6 6 8 8 8 8 8 8 8 8 8 8 8 8 8
9 17 6 6 6 8 8 8 8 8 8 8 8 8 8 8 8 8 8
9 18 6 6 6 8 8 8 8 8 8 8 8 8 8 8 8 8 8 8
9 19 6 6 6 8 8 8 8 8 8 8 8 8 8 8 8 8 8 8 8
9 20 6 6 6 8 8 8 8 8 8 8 8 8 8 8 8 8 8 8 8 8
9 21 6 6 6 8 8 8 8 8 8 8 8 8 8 8 8 8 8 8 8 8 8
9 22 6 6 6 8 8 8 8 8 8 8 8 8 8 8 8 8 8 8 8 8 8 8
9 23 6 6 6 8 8 8 8 8 8 8 8 8 8 8 8 8 8 8 8 8 8 8 8
9 24 6 6 6 8 8 8 8 8 8 8 8 8 8 8 8 8 8 8 8 8 8 8 8 8
9 25 6 6 6 8 8 8 8 8 8 8 8 8 8 8 8 8 8 8 8 8 8 8 8 8 8
9 26 6 6 6 8 8 8 8 8 8 8 8 8 8 8 8 8 8 8 8 8 8 8 8 8 8 8
9 27 6 6 6 8 8 8 8 8 8 8 8 8 8 8 8 8 8 8 8 8 8 8 8 8 8 8 8
9 28 6 6 6 8 8 8 8 8 8 8 8 8 8 8 8 8 8 8 8 8 8 8 8 8 8 8 8 8
9 29 6 6 6 8 8 8 8 8 8 8 8 8 8 8 8 8 8 8 8 8 8 8 8 8 8 8 8 8 8
9 30 6 6 6 8 8 8 8 8 8 8 8 8 8 8 8 8 8 8 8 8 8 8 8 8 8 8 8 8 8 8
9 31 6 6 6 8 8 8 8 8 8 8 8 8 8 8 8 8 8 8 8 8 8 8 8 8 8 8 8 8 8 8 8
9 32 6 6 6 8 8 8 8 8 8 8 8 8 8 8 8 8 8 8 8 8 8 8 8 8 8 8 8 8 8 8 8 8
9 33 6 6 6 8 8 8 8 8 8 8 8 8 8 8 8 8 8 8 8 8 8 8 8 8 8 8 8 8 8 8 8 8 8
9 34 6 6 6 8 8 8 8 8 8 8 8 8 8 8 8 8 8 8 8 8 8 8 8 8 8 8 8 8 8 8 8 8 8 8
9 35 6 6 6 8 8 8 8 8 8 8 8 8 8 8 8 8 8 8 8 8 8 8 8 8 8 8 8 8 8 8 8 8 8 8 8
9 36 6 6 6 8 8 8 8 8 8 8 8 8 8 8 8 8 8 8 8 8 8 8 8 8 8 8 8 8 8 8 8 8 8 8 8 8
9 37 6 6 6 8 8 8 8 8 8 8 8 8 8 8 8 8 8 8 8 8 8 8 8 8 8 8 8 8 8 8 8 8 8 8 8 8 8
9 38 6 6 6 8 8 8 8 8 8 8 8 8 8 8 8 8 8 8 8 8 8 8 8 8 8 8 8 8 8 8 8 8 8 8 8 8 8 8
9 39 6 6 6 8 8 8 8 8 8 8 8 8 8 8 8 8 8 8 8 8 8 8 8 8 8 8 8 8 8 8 8 8 8 8 8 8 8 8 8
9 40 6 6 6 8 8 8 8 8 8 8 8 8 8 8 8 8 8 8 8 8 8 8 8 8 8 8 8 8 8 8 8 8 8 8 8 8 8 8 8 8
9 3 6 6 7
9 4 6 6 7 8
9 5 6 6 7 8 8
9 6 6 6 7 8 8 8
9 7 6 6 7 8 8 8 8
9 8 6 6 7 8 8 8 8 8
9 9 6 6 7 8 8 8 8 8 8
9 10 6 6 7 8 8 8 8 8 8 8
9 11 6 6 7 8 8 8 8 8 8 8 8
9 12 6 6 7 8 8 8 8 8 8 8 8 8
9 13 6 6 7 8 8 8 8 8 8 8 8 8 8
9 14 6 6 7 8 8 8 8 8 8 8 8 8 8 8
9 15 6 6 7 8 8 8 8 8 8 8 8 8 8 8 8
9 16 6 6 7 8 8 8 8 8 8 8 8 8 8 8 8 8
9 17 6 6 7 8 8 8 8 8 8 8 8 8 8 8 8 8 8
9 18 6 6 7 8 8 8 8 8 8 8 8 8 8 8 8 8 8 8
9 19 6 6 7 8 8 8 8 8 8 8 8 8 8 8 8 8 8 8 8
9 20 6 6 7 8 8 8 8 8 8 8 8 8 8 8 8 8 8 8 8 8
9 21 6 6 7 8 8 8 8 8 8 8 8 8 8 8 8 8 8 8 8 8 8
9 22 6 6 7 8 8 8 8 8 8 8 8 8 8 8 8 8 8 8 8 8 8 8
9 23 6 6 7 8 8 8 8 8 8 8 8 8 8 8 8 8 8 8 8 8 8 8 8
9 24 6 6 7 8 8 8 8 8 8 8 8 8 8 8 8 8 8 8 8 8 8 8 8 8
9 25 6 6 7 8 8 8 8 8 8 8 8 8 8 8 8 8 8 8 8 8 8 8 8 8 8
9 26 6 6 7 8 8 8 8 8 8 8 8 8 8 8 8 8 8 8 8 8 8 8 8 8 8 8
9 27 6 6 7 8 8 8 8 8 8 8 8 8 8 8 8 8 8 8 8 8 8 8 8 8 8 8 8
9 28 6 6 7 8 8 8 8 8 8 8 8 8 8 8 8 8 8 8 8 8 8 8 8 8 8 8 8 8
9 29 6 6 7 8 8 8 8 8 8 8 8 8 8 8 8 8 8 8 8 8 8 8 8 8 8 8 8 8 8
9 30 6 6 7 8 8 8 8 8 8 8 8 8 8 8 8 8 8 8 8 8 8 8 8 8 8 8 8 8 8 8
9 31 6 6 7 8 8 8 8 8 8 8 8 8 8 8 8 8 8 8 8 8 8 8 8 8 8 8 8 8 8 8 8
9 32 6 6 7 8 8 8 8 8 8 8 8 8 8 8 8 8 8 8 8 8 8 8 8 8 8 8 8 8 8 8 8 8
9 33 6 6 7 8 8 8 8 8 8 8 8 8 8 8 8 8 8 8 8 8 8 8 8 8 8 8 8 8 8 8 8 8 8
9 34 6 6 7 8 8 8 8 8 8 8 8 8 8 8 8 8 8 8 8 8 8 8 8 8 8 8 8 8 8 8 8 8 8 8
9 35 6 6 7 8 8 8 8 8 8 8 8 8 8 8 8 8 8 8 8 8 8 8 8 8 8 8 8 8 8 8 8 8 8 8 8
9 36 6 6 7 8 8 8 8 8 8 8 8 8 8 8 8 8 8 8 8 8 8 8 8 8 8 8 8 8 8 8 8 8 8 8 8 8
9 37 6 6 7 8 8 8 8 8 8 8 8 8 8 8 8 8 8 8 8 8 8 8 8 8 8 8 8 8 8 8 8 8 8 8 8 8 8
9 38 6 6 7 8 8 8 8 8 8 8 8 8 8 8 8 8 8 8 8 8 8 8 8 8 8 8 8 8 8 8 8 8 8 8 8 8 8 8
9 39 6 6 7 8 8 8 8 8 8 8 8 8 8 8 8 8 8 8 8 8 8 8 8 8 8 8 8 8 8 8 8 8 8 8 8 8 8 8 8
9 40 6 6 7 8 8 8 8 8 8 8 8 8 8 8 8 8 8 8 8 8 8 8 8 8 8 8 8 8 8 8 8 8 8 8 8 8 8 8 8 8
9 3 6 7 7
9 4 6 7 7 8
9 5 6 7 7 8 8
9 6 6 7 7 8 8 8
9 7 6 7 7 8 8 8 8
9 8 6 7 7 8 8 8 8 8
9 9 6 7 7 8 8 8 8 8 8
9 10 6 7 7 8 8 8 8 8 8 8
9 11 6 7 7 8 8 8 8 8 8 8 8
9 12 6 7 7 8 8 8 8 8 8 8 8 8
9 13 6 7 7 8 8 8 8 8 8 8 8 8 8
9 14 6 7 7 8 8 8 8 8 8 8 8 8 8 8
9 15 6 7 7 8 8 8 8 8 8 8 8 8 8 8 8
9 16 6 7 7 8 8 8 8 8 8 8 8 8 8 8 8 8
9 17 6 7 7 8 8 8 8 8 8 8 8 8 8 8 8 8 8
9 18 6 7 7 8 8 8 8 8 8 8 8 8 8 8 8 8 8 8
9 19 6 7 7 8 8 8 8 8 8 8 8 8 8 8 8 8 8 8 8
9 20 6 7 7 8 8 8 8 8 8 8 8 8 8 8 8 8 8 8 8 8
9 21 6 7 7 8 8 8 8 8 8 8 8 8 8 8 8 8 8 8 8 8 8
9 22 6 7 7 8 8 8 8 8 8 8 8 8 8 8 8 8 8 8 8 8 8 8
9 23 6 7 7 8 8 8 8 8 8 8 8 8 8 8 8 8 8 8 8 8 8 8 8
9 24 6 7 7 8 8 8 8 8 8 8 8 8 8 8 8 8 8 8 8 8 8 8 8 8
9 25 6 7 7 8 8 8 8 8 8 8 8 8 8 8 8 8 8 8 8 8 8 8 8 8 8
9 26 6 7 7 8 8 8 8 8 8 8 8 8 8 8 8 8 8 8 8 8 8 8 8 8 8 8
9 27 6 7 7 8 8 8 8 8 8 8 8 8 8 8 8 8 8 8 8 8 8 8 8 8 8 8 8
9 28 6 7 7 8 8 8 8 8 8 8 8 8 8 8 8 8 8 8 8 8 8 8 8 8 8 8 8 8
9 29 6 7 7 8 8 8 8 8 8 8 8 8 8 8 8 8 8 8 8 8 8 8 8 8 8 8 8 8 8
9 30 6 7 7 8 8 8 8 8 8 8 8 8 8 8 8 8 8 8 8 8 8 8 8 8 8 8 8 8 8 8
9 31 6 7 7 8 8 8 8 8 8 8 8 8 8 8 8 8 8 8 8 8 8 8 8 8 8 8 8 8 8 8 8
9 32 6 7 7 8 8 8 8 8 8 8 8 8 8 8 8 8 8 8 8 8 8 8 8 8 8 8 8 8 8 8 8 8
9 33 6 7 7 8 8 8 8 8 8 8 8 8 8 8 8 8 8 8 8 8 8 8 8 8 8 8 8 8 8 8 8 8 8
9 34 6 7 7 8 8 8 8 8 8 8 8 8 8 8 8 8 8 8 8 8 8 8 8 8 8 8 8 8 8 8 8 8 8 8
9 35 6 7 7 8 8 8 8 8 8 8 8 8 8 8 8 8 8 8 8 8 8 8 8 8 8 8 8 8 8 8 8 8 8 8 8
9 36 6 7 7 8 8 8 8 8 8 8 8 8 8 8 8 8 8 8 8 8 8 8 8 8 8 8 8 8 8 8 8 8 8 8 8 8
9 37 6 7 7 8 8 8 8 8 8 8 8 8 8 8 8 8 8 8 8 8 8 8 8 8 8 8 8 8 8 8 8 8 8 8 8 8 8
9 38 6 7 7 8 8 8 8 8 8 8 8 8 8 8 8 8 8 8 8 8 8 8 8 8 8 8 8 8 8 8 8 8 8 8 8 8 8 8
9 39 6 7 7 8 8 8 8 8 8 8 8 8 8 8 8 8 8 8 8 8 8 8 8 8 8 8 8 8 8 8 8 8 8 8 8 8 8 8 8
9 40 6 7 7 8 8 8 8 8 8 8 8 8 8 8 8 8 8 8 8 8 8 8 8 8 8 8 8 8 8 8 8 8 8 8 8 8 8 8 8 8
9 3 7 7 7
9 4 7 7 7 8
9 5 7 7 7 8 8
9 6 7 7 7 8 8 8
9 7 7 7 7 8 8 8 8
9 8 7 7 7 8 8 8 8 8
9 9 7 7 7 8 8 8 8 8 8
9 10 7 7 7 8 8 8 8 8 8 8
9 11 7 7 7 8 8 8 8 8 8 8 8
9 12 7 7 7 8 8 8 8 8 8 8 8 8
9 13 7 7 7 8 8 8 8 8 8 8 8 8 8
9 14 7 7 7 8 8 8 8 8 8 8 8 8 8 8
9 15 7 7 7 8 8 8 8 8 8 8 8 8 8 8 8
9 16 7 7 7 8 8 8 8 8 8 8 8 8 8 8 8 8
9 17 7 7 7 8 8 8 8 8 8 8 8 8 8 8 8 8 8
9 18 7 7 7 8 8 8 8 8 8 8 8 8 8 8 8 8 8 8
9 19 7 7 7 8 8 8 8 8 8 8 8 8 8 8 8 8 8 8 8
9 20 7 7 7 8 8 8 8 8 8 8 8 8 8 8 8 8 8 8 8 8
9 21 7 7 7 8 8 8 8 8 8 8 8 8 8 8 8 8 8 8 8 8 8
9 22 7 7 7 8 8 8 8 8 8 8 8 8 8 8 8 8 8 8 8 8 8 8
9 23 7 7 7 8 8 8 8 8 8 8 8 8 8 8 8 8 8 8 8 8 8 8 8
9 24 7 7 7 8 8 8 8 8 8 8 8 8 8 8 8 8 8 8 8 8 8 8 8 8
9 25 7 7 7 8 8 8 8 8 8 8 8 8 8 8 8 8 8 8 8 8 8 8 8 8 8
9 26 7 7 7 8 8 8 8 8 8 8 8 8 8 8 8 8 8 8 8 8 8 8 8 8 8 8
9 27 7 7 7 8 8 8 8 8 8 8 8 8 8 8 8 8 8 8 8 8 8 8 8 8 8 8 8
9 28 7 7 7 8 8 8 8 8 8 8 8 8 8 8 8 8 8 8 8 8 8 8 8 8 8 8 8 8
9 29 7 7 7 8 8 8 8 8 8 8 8 8 8 8 8 8 8 8 8 8 8 8 8 8 8 8 8 8 8
9 30 7 7 7 8 8 8 8 8 8 8 8 8 8 8 8 8 8 8 8 8 8 8 8 8 8 8 8 8 8 8
9 31 7 7 7 8 8 8 8 8 8 8 8 8 8 8 8 8 8 8 8 8 8 8 8 8 8 8 8 8 8 8 8
9 32 7 7 7 8 8 8 8 8 8 8 8 8 8 8 8 8 8 8 8 8 8 8 8 8 8 8 8 8 8 8 8 8
9 33 7 7 7 8 8 8 8 8 8 8 8 8 8 8 8 8 8 8 8 8 8 8 8 8 8 8 8 8 8 8 8 8 8
9 34 7 7 7 8 8 8 8 8 8 8 8 8 8 8 8 8 8 8 8 8 8 8 8 8 8 8 8 8 8 8 8 8 8 8
9 35 7 7 7 8 8 8 8 8 8 8 8 8 8 8 8 8 8 8 8 8 8 8 8 8 8 8 8 8 8 8 8 8 8 8 8
9 36 7 7 7 8 8 8 8 8 8 8 8 8 8 8 8 8 8 8 8 8 8 8 8 8 8 8 8 8 8 8 8 8 8 8 8 8
9 37 7 7 7 8 8 8 8 8 8 8 8 8 8 8 8 8 8 8 8 8 8 8 8 8 8 8 8 8 8 8 8 8 8 8 8 8 8
9 38 7 7 7 8 8 8 8 8 8 8 8 8 8 8 8 8 8 8 8 8 8 8 8 8 8 8 8 8 8 8 8 8 8 8 8 8 8 8
9 39 7 7 7 8 8 8 8 8 8 8 8 8 8 8 8 8 8 8 8 8 8 8 8 8 8 8 8 8 8 8 8 8 8 8 8 8 8 8 8
9 40 7 7 7 8 8 8 8 8 8 8 8 8 8 8 8 8 8 8 8 8 8 8 8 8 8 8 8 8 8 8 8 8 8 8 8 8 8 8 8 8
